run_time_sec,mode,decoded_state,player_lane,score,hits,misses,active_targets,hold_active,jaw_enabled,hand_enabled
0.0441436767578125,REPLAY,NEUTRAL,3,0,0,0,0,False,True,False
0.0923004150390625,REPLAY,NEUTRAL,3,0,0,0,0,False,True,False
0.14447021484375,REPLAY,NEUTRAL,3,0,0,0,0,False,True,False
0.192626953125,REPLAY,NEUTRAL,3,0,0,0,0,False,True,False
0.2447967529296875,REPLAY,NEUTRAL,3,0,0,0,0,False,True,False
0.2929534912109375,REPLAY,NEUTRAL,3,0,0,0,0,False,True,False
0.345123291015625,REPLAY,NEUTRAL,3,0,0,0,0,False,True,False
0.393280029296875,REPLAY,NEUTRAL,3,0,0,0,0,False,True,False
0.4454498291015625,REPLAY,NEUTRAL,3,0,0,0,0,False,True,False
0.4936065673828125,REPLAY,CLICK,3,0,0,0,0,False,True,False
0.5457763671875,REPLAY,NEUTRAL,3,0,0,0,0,False,True,False
0.59393310546875,REPLAY,NEUTRAL,3,0,0,0,0,False,True,False
0.64208984375,REPLAY,NEUTRAL,3,0,0,0,0,False,True,False
0.6942596435546875,REPLAY,NEUTRAL,3,0,0,0,0,False,True,False
0.7424163818359375,REPLAY,NEUTRAL,3,0,0,0,0,False,True,False
0.794586181640625,REPLAY,NEUTRAL,3,0,0,0,0,False,True,False
0.842742919921875,REPLAY,NEUTRAL,3,0,0,0,0,False,True,False
0.8949127197265625,REPLAY,NEUTRAL,3,0,0,0,0,False,True,False
0.9430694580078125,REPLAY,NEUTRAL,3,0,0,0,0,False,True,False
0.9952392578125,REPLAY,NEUTRAL,3,0,0,0,0,False,True,False
1.04339599609375,REPLAY,NEUTRAL,3,0,0,0,1,False,True,False
1.0955657958984375,REPLAY,NEUTRAL,3,0,0,0,1,False,True,False
1.1437225341796875,REPLAY,NEUTRAL,3,0,0,0,1,False,True,False
1.195892333984375,REPLAY,NEUTRAL,3,0,0,0,1,False,True,False
1.244049072265625,REPLAY,NEUTRAL,3,0,0,0,1,False,True,False
1.292205810546875,REPLAY,NEUTRAL,3,0,0,0,1,False,True,False
1.3443756103515625,REPLAY,NEUTRAL,3,0,0,0,1,False,True,False
1.3925323486328125,REPLAY,NEUTRAL,3,0,0,0,1,False,True,False
1.4447021484375,REPLAY,NEUTRAL,3,0,0,0,1,False,True,False
1.49285888671875,REPLAY,NEUTRAL,3,0,0,0,1,False,True,False
1.5450286865234375,REPLAY,NEUTRAL,3,0,0,0,1,False,True,False
1.5931854248046875,REPLAY,NEUTRAL,3,0,0,0,1,False,True,False
1.645355224609375,REPLAY,NEUTRAL,3,0,0,0,1,False,True,False
1.693511962890625,REPLAY,NEUTRAL,3,0,0,0,1,False,True,False
1.7456817626953125,REPLAY,NEUTRAL,3,0,0,0,1,False,True,False
1.7938385009765625,REPLAY,NEUTRAL,3,0,0,0,1,False,True,False
1.8419952392578125,REPLAY,NEUTRAL,3,0,0,0,1,False,True,False
1.8941650390625,REPLAY,NEUTRAL,3,0,0,0,1,False,True,False
1.94232177734375,REPLAY,NEUTRAL,3,0,0,0,1,False,True,False
1.9944915771484375,REPLAY,NEUTRAL,3,0,0,0,1,False,True,False
2.0426483154296875,REPLAY,NEUTRAL,3,0,0,0,2,False,True,False
2.094818115234375,REPLAY,NEUTRAL,3,0,0,0,2,False,True,False
2.142974853515625,REPLAY,NEUTRAL,3,0,0,0,2,False,True,False
2.1951446533203125,REPLAY,NEUTRAL,3,0,0,0,2,False,True,False
2.2433013916015625,REPLAY,NEUTRAL,3,0,0,0,2,False,True,False
2.29547119140625,REPLAY,NEUTRAL,3,0,0,0,2,False,True,False
2.3436279296875,REPLAY,NEUTRAL,3,0,0,0,2,False,True,False
2.3957977294921875,REPLAY,NEUTRAL,3,0,0,0,2,False,True,False
2.4439544677734375,REPLAY,NEUTRAL,3,0,0,0,2,False,True,False
2.4921112060546875,REPLAY,NEUTRAL,3,0,0,0,2,False,True,False
2.544281005859375,REPLAY,NEUTRAL,3,0,0,0,2,False,True,False
2.592437744140625,REPLAY,NEUTRAL,3,0,0,0,2,False,True,False
2.6446075439453125,REPLAY,NEUTRAL,3,0,0,0,2,False,True,False
2.6927642822265625,REPLAY,NEUTRAL,3,0,0,0,2,False,True,False
2.74493408203125,REPLAY,NEUTRAL,3,0,0,0,2,False,True,False
2.7930908203125,REPLAY,NEUTRAL,3,0,0,0,2,False,True,False
2.8452606201171875,REPLAY,NEUTRAL,3,0,0,0,2,False,True,False
2.8934173583984375,REPLAY,NEUTRAL,3,0,0,0,2,False,True,False
2.945587158203125,REPLAY,NEUTRAL,3,0,0,0,2,False,True,False
2.993743896484375,REPLAY,NEUTRAL,3,0,0,0,2,False,True,False
3.0459136962890625,REPLAY,NEUTRAL,3,0,0,0,2,False,True,False
3.0940704345703125,REPLAY,NEUTRAL,3,0,0,0,2,False,True,False
3.1422271728515625,REPLAY,NEUTRAL,3,0,0,0,2,False,True,False
3.19439697265625,REPLAY,NEUTRAL,3,0,0,0,2,False,True,False
3.2425537109375,REPLAY,NEUTRAL,3,0,0,0,2,False,True,False
3.2947235107421875,REPLAY,NEUTRAL,3,0,0,0,2,False,True,False
3.3428802490234375,REPLAY,NEUTRAL,3,0,0,0,2,False,True,False
3.395050048828125,REPLAY,NEUTRAL,3,0,0,0,3,False,True,False
3.443206787109375,REPLAY,NEUTRAL,3,0,0,0,3,False,True,False
3.4953765869140625,REPLAY,NEUTRAL,3,0,0,0,3,False,True,False
3.5435333251953125,REPLAY,NEUTRAL,3,0,0,0,3,False,True,False
3.595703125,REPLAY,NEUTRAL,3,0,0,0,3,False,True,False
3.64385986328125,REPLAY,NEUTRAL,3,0,0,0,3,False,True,False
3.6920166015625,REPLAY,NEUTRAL,3,0,0,0,3,False,True,False
3.7441864013671875,REPLAY,NEUTRAL,3,0,0,0,3,False,True,False
3.7923431396484375,REPLAY,NEUTRAL,3,0,0,0,3,False,True,False
3.844512939453125,REPLAY,NEUTRAL,3,0,0,0,3,False,True,False
3.892669677734375,REPLAY,NEUTRAL,3,0,0,0,3,False,True,False
3.9448394775390625,REPLAY,NEUTRAL,3,0,0,0,3,False,True,False
3.9929962158203125,REPLAY,NEUTRAL,3,0,0,0,3,False,True,False
4.045166015625,REPLAY,NEUTRAL,3,0,0,0,3,False,True,False
4.09332275390625,REPLAY,NEUTRAL,3,0,0,0,3,False,True,False
4.1454925537109375,REPLAY,NEUTRAL,3,0,0,0,4,False,True,False
4.1936492919921875,REPLAY,NEUTRAL,3,0,0,0,4,False,True,False
4.245819091796875,REPLAY,NEUTRAL,3,0,0,0,4,False,True,False
4.293975830078125,REPLAY,NEUTRAL,3,0,0,0,4,False,True,False
4.342132568359375,REPLAY,NEUTRAL,3,1,1,0,3,False,True,False
4.3943023681640625,REPLAY,NEUTRAL,3,1,1,0,3,False,True,False
4.4424591064453125,REPLAY,NEUTRAL,3,1,1,0,3,False,True,False
4.49462890625,REPLAY,NEUTRAL,3,1,1,0,3,False,True,False
4.54278564453125,REPLAY,NEUTRAL,3,1,1,0,3,False,True,False
4.5949554443359375,REPLAY,NEUTRAL,3,1,1,0,3,False,True,False
4.6431121826171875,REPLAY,NEUTRAL,3,1,1,0,3,False,True,False
4.695281982421875,REPLAY,NEUTRAL,3,1,1,0,3,False,True,False
4.743438720703125,REPLAY,NEUTRAL,3,1,1,0,3,False,True,False
4.7956085205078125,REPLAY,NEUTRAL,3,1,1,0,3,False,True,False
4.8437652587890625,REPLAY,NEUTRAL,3,2,2,0,2,False,True,False
4.89593505859375,REPLAY,NEUTRAL,3,2,2,0,2,False,True,False
4.944091796875,REPLAY,NEUTRAL,3,2,2,0,2,False,True,False
4.99224853515625,REPLAY,NEUTRAL,3,2,2,0,2,False,True,False
5.0444183349609375,REPLAY,NEUTRAL,3,2,2,0,2,False,True,False
5.0925750732421875,REPLAY,NEUTRAL,3,2,2,0,2,False,True,False
5.144744873046875,REPLAY,NEUTRAL,3,2,2,0,2,False,True,False
5.192901611328125,REPLAY,NEUTRAL,3,2,2,0,2,False,True,False
5.2450714111328125,REPLAY,NEUTRAL,3,2,2,0,2,False,True,False
5.2932281494140625,REPLAY,NEUTRAL,3,2,2,0,2,False,True,False
5.34539794921875,REPLAY,NEUTRAL,3,2,2,0,2,False,True,False
5.3935546875,REPLAY,NEUTRAL,3,2,2,0,2,False,True,False
5.4457244873046875,REPLAY,NEUTRAL,3,2,2,0,3,False,True,False
5.4938812255859375,REPLAY,NEUTRAL,3,2,2,0,3,False,True,False
5.5420379638671875,REPLAY,NEUTRAL,3,2,2,0,3,False,True,False
5.594207763671875,REPLAY,NEUTRAL,3,2,2,0,3,False,True,False
5.642364501953125,REPLAY,NEUTRAL,3,2,2,0,3,False,True,False
5.6945343017578125,REPLAY,NEUTRAL,3,2,2,0,3,False,True,False
5.7426910400390625,REPLAY,NEUTRAL,3,2,2,0,3,False,True,False
5.79486083984375,REPLAY,NEUTRAL,3,2,2,0,3,False,True,False
5.843017578125,REPLAY,NEUTRAL,3,2,2,0,3,False,True,False
5.8951873779296875,REPLAY,NEUTRAL,3,2,2,0,3,False,True,False
5.9433441162109375,REPLAY,NEUTRAL,3,2,2,0,3,False,True,False
5.995513916015625,REPLAY,NEUTRAL,3,2,2,0,3,False,True,False
6.043670654296875,REPLAY,NEUTRAL,3,2,2,0,3,False,True,False
6.0958404541015625,REPLAY,NEUTRAL,3,2,2,0,3,False,True,False
6.1439971923828125,REPLAY,NEUTRAL,3,2,2,0,3,False,True,False
6.1921539306640625,REPLAY,NEUTRAL,3,2,2,0,3,False,True,False
6.24432373046875,REPLAY,NEUTRAL,3,2,2,0,3,False,True,False
6.29248046875,REPLAY,NEUTRAL,3,2,2,0,3,False,True,False
6.3446502685546875,REPLAY,NEUTRAL,3,2,2,0,3,False,True,False
6.3928070068359375,REPLAY,NEUTRAL,3,2,2,0,3,False,True,False
6.444976806640625,REPLAY,NEUTRAL,3,2,2,0,3,False,True,False
6.493133544921875,REPLAY,NEUTRAL,3,2,2,0,3,False,True,False
6.5453033447265625,REPLAY,NEUTRAL,3,2,2,0,3,False,True,False
6.5934600830078125,REPLAY,NEUTRAL,3,2,2,1,2,False,True,False
6.6456298828125,REPLAY,NEUTRAL,3,2,2,1,2,False,True,False
6.69378662109375,REPLAY,NEUTRAL,3,2,2,1,2,False,True,False
6.7459564208984375,REPLAY,NEUTRAL,3,2,2,1,2,False,True,False
6.7941131591796875,REPLAY,NEUTRAL,3,2,2,1,2,False,True,False
6.8422698974609375,REPLAY,NEUTRAL,3,2,2,1,3,False,True,False
6.894439697265625,REPLAY,NEUTRAL,3,2,2,1,3,False,True,False
6.942596435546875,REPLAY,NEUTRAL,3,2,2,1,3,False,True,False
6.9947662353515625,REPLAY,NEUTRAL,3,2,2,1,3,False,True,False
7.0429229736328125,REPLAY,NEUTRAL,3,2,2,1,3,False,True,False
7.0950927734375,REPLAY,NEUTRAL,3,2,2,1,3,False,True,False
7.14324951171875,REPLAY,NEUTRAL,3,2,2,1,3,False,True,False
7.1954193115234375,REPLAY,NEUTRAL,3,2,2,1,3,False,True,False
7.2435760498046875,REPLAY,NEUTRAL,3,3,3,1,2,False,True,False
7.295745849609375,REPLAY,NEUTRAL,3,3,3,1,2,False,True,False
7.343902587890625,REPLAY,NEUTRAL,3,3,3,1,2,False,True,False
7.392059326171875,REPLAY,NEUTRAL,3,3,3,1,2,False,True,False
7.4442291259765625,REPLAY,NEUTRAL,3,3,3,1,2,False,True,False
7.4923858642578125,REPLAY,NEUTRAL,3,3,3,1,2,False,True,False
7.5445556640625,REPLAY,NEUTRAL,3,3,3,1,2,False,True,False
7.59271240234375,REPLAY,NEUTRAL,3,3,3,1,2,False,True,False
7.6448822021484375,REPLAY,NEUTRAL,3,3,3,1,2,False,True,False
7.6930389404296875,REPLAY,NEUTRAL,3,3,3,1,2,False,True,False
7.745208740234375,REPLAY,NEUTRAL,3,3,3,1,2,False,True,False
7.793365478515625,REPLAY,NEUTRAL,3,3,3,1,2,False,True,False
7.8455352783203125,REPLAY,NEUTRAL,3,3,3,1,3,False,True,False
7.8936920166015625,REPLAY,NEUTRAL,3,3,3,1,3,False,True,False
7.94586181640625,REPLAY,NEUTRAL,3,3,3,1,3,False,True,False
7.9940185546875,REPLAY,NEUTRAL,3,3,3,1,3,False,True,False
8.04217529296875,REPLAY,NEUTRAL,3,3,3,1,3,False,True,False
8.094345092773438,REPLAY,NEUTRAL,3,3,3,1,3,False,True,False
8.142501831054688,REPLAY,NEUTRAL,3,3,3,1,3,False,True,False
8.194671630859375,REPLAY,NEUTRAL,3,3,3,1,3,False,True,False
8.242828369140625,REPLAY,NEUTRAL,3,4,4,1,2,False,True,False
8.294998168945312,REPLAY,NEUTRAL,3,4,4,1,2,False,True,False
8.343154907226562,REPLAY,NEUTRAL,3,4,4,1,2,False,True,False
8.39532470703125,REPLAY,NEUTRAL,3,4,4,1,2,False,True,False
8.4434814453125,REPLAY,NEUTRAL,3,4,4,1,2,False,True,False
8.495651245117188,REPLAY,NEUTRAL,3,4,4,1,2,False,True,False
8.543807983398438,REPLAY,NEUTRAL,3,4,4,1,2,False,True,False
8.595977783203125,REPLAY,NEUTRAL,3,4,4,1,2,False,True,False
8.644134521484375,REPLAY,NEUTRAL,3,4,4,1,2,False,True,False
8.692291259765625,REPLAY,NEUTRAL,3,4,4,1,2,False,True,False
8.744461059570312,REPLAY,NEUTRAL,3,4,4,1,2,False,True,False
8.792617797851562,REPLAY,NEUTRAL,3,4,4,1,2,False,True,False
8.84478759765625,REPLAY,NEUTRAL,3,4,4,1,2,False,True,False
8.8929443359375,REPLAY,NEUTRAL,3,4,4,1,2,False,True,False
8.945114135742188,REPLAY,NEUTRAL,3,4,4,1,2,False,True,False
8.993270874023438,REPLAY,NEUTRAL,3,4,4,1,2,False,True,False
9.045440673828125,REPLAY,NEUTRAL,3,4,4,1,2,False,True,False
9.093597412109375,REPLAY,NEUTRAL,3,4,4,1,2,False,True,False
9.145767211914062,REPLAY,NEUTRAL,3,4,4,1,2,False,True,False
9.193923950195312,REPLAY,NEUTRAL,3,4,4,1,3,False,True,False
9.242080688476562,REPLAY,NEUTRAL,3,4,4,1,3,False,True,False
9.29425048828125,REPLAY,NEUTRAL,3,4,4,1,3,False,True,False
9.3424072265625,REPLAY,NEUTRAL,3,4,4,1,3,False,True,False
9.394577026367188,REPLAY,NEUTRAL,3,4,4,1,3,False,True,False
9.442733764648438,REPLAY,NEUTRAL,3,4,4,1,3,False,True,False
9.494903564453125,REPLAY,NEUTRAL,3,4,4,1,3,False,True,False
9.543060302734375,REPLAY,NEUTRAL,3,4,4,1,3,False,True,False
9.595230102539062,REPLAY,NEUTRAL,3,4,4,1,3,False,True,False
9.643386840820312,REPLAY,NEUTRAL,3,4,4,1,3,False,True,False
9.695556640625,REPLAY,NEUTRAL,3,4,4,1,3,False,True,False
9.74371337890625,REPLAY,NEUTRAL,3,4,4,1,3,False,True,False
9.795883178710938,REPLAY,NEUTRAL,3,5,5,1,2,False,True,False
9.844039916992188,REPLAY,NEUTRAL,3,5,5,1,2,False,True,False
9.892196655273438,REPLAY,NEUTRAL,3,5,5,1,2,False,True,False
9.944366455078125,REPLAY,NEUTRAL,3,5,5,1,2,False,True,False
9.992523193359375,REPLAY,NEUTRAL,3,5,5,1,2,False,True,False
10.044692993164062,REPLAY,NEUTRAL,3,5,5,1,2,False,True,False
10.092849731445312,REPLAY,NEUTRAL,3,5,5,1,2,False,True,False
10.14501953125,REPLAY,NEUTRAL,3,5,5,1,2,False,True,False
10.19317626953125,REPLAY,NEUTRAL,3,5,5,1,2,False,True,False
10.245346069335938,REPLAY,NEUTRAL,3,5,5,1,2,False,True,False
10.293502807617188,REPLAY,NEUTRAL,3,5,5,1,2,False,True,False
10.345672607421875,REPLAY,NEUTRAL,3,5,5,1,2,False,True,False
10.393829345703125,REPLAY,NEUTRAL,3,5,5,1,2,False,True,False
10.441986083984375,REPLAY,NEUTRAL,3,5,5,1,2,False,True,False
10.494155883789062,REPLAY,NEUTRAL,3,5,5,1,2,False,True,False
10.542312622070312,REPLAY,NEUTRAL,3,5,5,1,2,False,True,False
10.594482421875,REPLAY,NEUTRAL,3,5,5,1,2,False,True,False
10.64263916015625,REPLAY,NEUTRAL,3,5,5,1,2,False,True,False
10.694808959960938,REPLAY,NEUTRAL,3,5,5,1,2,False,True,False
10.742965698242188,REPLAY,NEUTRAL,3,5,5,1,2,False,True,False
10.795135498046875,REPLAY,NEUTRAL,3,5,5,1,2,False,True,False
10.843292236328125,REPLAY,NEUTRAL,3,5,5,1,3,False,True,False
10.895462036132812,REPLAY,NEUTRAL,3,5,5,2,2,False,True,False
10.943618774414062,REPLAY,NEUTRAL,3,5,5,2,2,False,True,False
10.99578857421875,REPLAY,NEUTRAL,3,5,5,2,2,False,True,False
11.0439453125,REPLAY,NEUTRAL,3,5,5,2,2,False,True,False
11.09210205078125,REPLAY,NEUTRAL,3,5,5,2,2,False,True,False
11.144271850585938,REPLAY,NEUTRAL,3,5,5,2,2,False,True,False
11.192428588867188,REPLAY,NEUTRAL,3,5,5,2,2,False,True,False
11.244598388671875,REPLAY,NEUTRAL,3,5,5,2,2,False,True,False
11.292755126953125,REPLAY,NEUTRAL,3,5,5,2,2,False,True,False
11.344924926757812,REPLAY,NEUTRAL,3,5,5,2,2,False,True,False
11.393081665039062,REPLAY,NEUTRAL,3,5,5,2,2,False,True,False
11.44525146484375,REPLAY,NEUTRAL,3,5,5,2,2,False,True,False
11.493408203125,REPLAY,NEUTRAL,3,5,5,2,2,False,True,False
11.545578002929688,REPLAY,NEUTRAL,3,5,5,2,2,False,True,False
11.593734741210938,REPLAY,NEUTRAL,3,5,5,2,2,False,True,False
11.645904541015625,REPLAY,NEUTRAL,3,5,5,2,3,False,True,False
11.694061279296875,REPLAY,NEUTRAL,3,5,5,2,3,False,True,False
11.742218017578125,REPLAY,NEUTRAL,3,5,5,2,3,False,True,False
11.794387817382812,REPLAY,NEUTRAL,3,5,5,2,3,False,True,False
11.842544555664062,REPLAY,NEUTRAL,3,5,5,2,3,False,True,False
11.89471435546875,REPLAY,NEUTRAL,3,5,5,2,3,False,True,False
11.94287109375,REPLAY,NEUTRAL,3,5,5,2,3,False,True,False
11.995040893554688,REPLAY,NEUTRAL,3,5,5,2,3,False,True,False
12.043197631835938,REPLAY,NEUTRAL,3,5,5,2,3,False,True,False
12.095367431640625,REPLAY,NEUTRAL,3,5,5,2,3,False,True,False
12.143524169921875,REPLAY,NEUTRAL,3,5,5,2,3,False,True,False
12.195693969726562,REPLAY,NEUTRAL,3,5,5,2,3,False,True,False
12.243850708007812,REPLAY,NEUTRAL,3,5,5,2,3,False,True,False
12.292007446289062,REPLAY,NEUTRAL,3,5,5,2,3,False,True,False
12.34417724609375,REPLAY,NEUTRAL,3,5,5,2,3,False,True,False
12.392333984375,REPLAY,NEUTRAL,3,6,6,2,2,False,True,False
12.444503784179688,REPLAY,NEUTRAL,3,6,6,2,3,False,True,False
12.492660522460938,REPLAY,NEUTRAL,3,6,6,2,3,False,True,False
12.544830322265625,REPLAY,NEUTRAL,3,6,6,2,3,False,True,False
12.592987060546875,REPLAY,NEUTRAL,3,6,6,2,3,False,True,False
12.645156860351562,REPLAY,NEUTRAL,3,6,6,2,3,False,True,False
12.693313598632812,REPLAY,NEUTRAL,3,6,6,2,3,False,True,False
12.7454833984375,REPLAY,NEUTRAL,3,6,6,2,3,False,True,False
12.79364013671875,REPLAY,NEUTRAL,3,6,6,2,3,False,True,False
12.845809936523438,REPLAY,NEUTRAL,3,6,6,2,3,False,True,False
12.893966674804688,REPLAY,NEUTRAL,3,6,6,2,3,False,True,False
12.942123413085938,REPLAY,NEUTRAL,3,6,6,2,3,False,True,False
12.994293212890625,REPLAY,NEUTRAL,3,6,6,2,3,False,True,False
13.042449951171875,REPLAY,NEUTRAL,3,6,6,2,3,False,True,False
13.094619750976562,REPLAY,NEUTRAL,3,6,6,2,3,False,True,False
13.142776489257812,REPLAY,NEUTRAL,3,6,6,2,3,False,True,False
13.1949462890625,REPLAY,NEUTRAL,3,6,6,2,3,False,True,False
13.24310302734375,REPLAY,NEUTRAL,3,6,6,2,3,False,True,False
13.295272827148438,REPLAY,NEUTRAL,3,6,6,2,3,False,True,False
13.343429565429688,REPLAY,NEUTRAL,3,6,6,2,3,False,True,False
13.395599365234375,REPLAY,NEUTRAL,3,6,6,2,3,False,True,False
13.443756103515625,REPLAY,NEUTRAL,3,6,6,2,3,False,True,False
13.495925903320312,REPLAY,NEUTRAL,3,6,6,2,3,False,True,False
13.544082641601562,REPLAY,NEUTRAL,3,6,6,2,3,False,True,False
13.592239379882812,REPLAY,NEUTRAL,3,6,6,2,3,False,True,False
13.6444091796875,REPLAY,NEUTRAL,3,6,6,2,3,False,True,False
13.69256591796875,REPLAY,NEUTRAL,3,6,6,2,3,False,True,False
13.744735717773438,REPLAY,NEUTRAL,3,6,6,2,3,False,True,False
13.792892456054688,REPLAY,NEUTRAL,3,6,6,2,3,False,True,False
13.845062255859375,REPLAY,NEUTRAL,3,6,6,2,3,False,True,False
13.893218994140625,REPLAY,NEUTRAL,3,6,6,2,3,False,True,False
13.945388793945312,REPLAY,NEUTRAL,3,6,6,2,3,False,True,False
13.993545532226562,REPLAY,NEUTRAL,3,6,6,2,3,False,True,False
14.04571533203125,REPLAY,NEUTRAL,3,6,6,2,4,False,True,False
14.0938720703125,REPLAY,NEUTRAL,3,7,7,2,3,False,True,False
14.14202880859375,REPLAY,NEUTRAL,3,7,7,2,3,False,True,False
14.194198608398438,REPLAY,NEUTRAL,3,7,7,2,3,False,True,False
14.242355346679688,REPLAY,NEUTRAL,3,7,7,2,3,False,True,False
14.294525146484375,REPLAY,NEUTRAL,3,7,7,2,3,False,True,False
14.342681884765625,REPLAY,NEUTRAL,3,7,7,2,3,False,True,False
14.394851684570312,REPLAY,NEUTRAL,3,7,7,2,3,False,True,False
14.443008422851562,REPLAY,NEUTRAL,3,7,7,2,3,False,True,False
14.49517822265625,REPLAY,NEUTRAL,3,7,7,2,3,False,True,False
14.5433349609375,REPLAY,NEUTRAL,3,7,7,2,3,False,True,False
14.595504760742188,REPLAY,NEUTRAL,3,7,7,2,3,False,True,False
14.643661499023438,REPLAY,NEUTRAL,3,7,7,2,3,False,True,False
14.695831298828125,REPLAY,NEUTRAL,3,7,7,2,3,False,True,False
14.743988037109375,REPLAY,NEUTRAL,3,7,7,2,3,False,True,False
14.792144775390625,REPLAY,NEUTRAL,3,7,7,2,3,False,True,False
14.844314575195312,REPLAY,NEUTRAL,3,7,7,2,3,False,True,False
14.892471313476562,REPLAY,NEUTRAL,3,7,7,2,3,False,True,False
14.94464111328125,REPLAY,NEUTRAL,3,7,7,2,3,False,True,False
14.9927978515625,REPLAY,NEUTRAL,3,7,7,2,3,False,True,False
15.044967651367188,REPLAY,NEUTRAL,3,7,7,2,3,False,True,False
15.093124389648438,REPLAY,NEUTRAL,3,7,7,3,2,False,True,False
15.145294189453125,REPLAY,NEUTRAL,3,7,7,3,2,False,True,False
15.193450927734375,REPLAY,NEUTRAL,3,7,7,3,2,False,True,False
15.245620727539062,REPLAY,NEUTRAL,3,7,7,3,2,False,True,False
15.293777465820312,REPLAY,NEUTRAL,3,7,7,3,2,False,True,False
15.345947265625,REPLAY,NEUTRAL,3,7,7,3,3,False,True,False
15.39410400390625,REPLAY,NEUTRAL,3,7,7,3,3,False,True,False
15.4422607421875,REPLAY,NEUTRAL,3,7,7,3,3,False,True,False
15.494430541992188,REPLAY,NEUTRAL,3,7,7,3,3,False,True,False
15.542587280273438,REPLAY,NEUTRAL,3,7,7,3,3,False,True,False
15.594757080078125,REPLAY,NEUTRAL,3,7,7,3,3,False,True,False
15.642913818359375,REPLAY,NEUTRAL,3,8,8,3,2,False,True,False
15.695083618164062,REPLAY,NEUTRAL,3,8,8,3,2,False,True,False
15.743240356445312,REPLAY,NEUTRAL,3,8,8,3,2,False,True,False
15.79541015625,REPLAY,NEUTRAL,3,8,8,3,2,False,True,False
15.84356689453125,REPLAY,NEUTRAL,3,8,8,3,2,False,True,False
15.895736694335938,REPLAY,NEUTRAL,3,8,8,3,2,False,True,False
15.943893432617188,REPLAY,NEUTRAL,3,8,8,3,2,False,True,False
15.992050170898438,REPLAY,NEUTRAL,3,8,8,3,2,False,True,False
16.044219970703125,REPLAY,NEUTRAL,3,8,8,3,2,False,True,False
16.092376708984375,REPLAY,NEUTRAL,3,8,8,3,2,False,True,False
16.144546508789062,REPLAY,NEUTRAL,3,8,8,3,2,False,True,False
16.192703247070312,REPLAY,NEUTRAL,3,8,8,3,2,False,True,False
16.244873046875,REPLAY,NEUTRAL,3,8,8,3,2,False,True,False
16.29302978515625,REPLAY,NEUTRAL,3,8,8,3,2,False,True,False
16.345199584960938,REPLAY,NEUTRAL,3,8,8,3,2,False,True,False
16.393356323242188,REPLAY,NEUTRAL,3,8,8,3,2,False,True,False
16.445526123046875,REPLAY,NEUTRAL,3,8,8,3,2,False,True,False
16.493682861328125,REPLAY,NEUTRAL,3,8,8,3,2,False,True,False
16.545852661132812,REPLAY,NEUTRAL,3,8,8,3,2,False,True,False
16.594009399414062,REPLAY,NEUTRAL,3,8,8,3,2,False,True,False
16.642166137695312,REPLAY,NEUTRAL,3,8,8,3,2,False,True,False
16.6943359375,REPLAY,NEUTRAL,3,8,8,3,2,False,True,False
16.74249267578125,REPLAY,NEUTRAL,3,8,8,3,3,False,True,False
16.794662475585938,REPLAY,NEUTRAL,3,8,8,3,3,False,True,False
16.842819213867188,REPLAY,NEUTRAL,3,8,8,3,3,False,True,False
16.894989013671875,REPLAY,NEUTRAL,3,8,8,3,3,False,True,False
16.943145751953125,REPLAY,NEUTRAL,3,8,8,3,3,False,True,False
16.995315551757812,REPLAY,NEUTRAL,3,8,8,3,3,False,True,False
17.043472290039062,REPLAY,NEUTRAL,3,8,8,3,3,False,True,False
17.09564208984375,REPLAY,NEUTRAL,3,8,8,3,3,False,True,False
17.143798828125,REPLAY,NEUTRAL,3,9,9,3,2,False,True,False
17.195968627929688,REPLAY,NEUTRAL,3,9,9,3,2,False,True,False
17.244125366210938,REPLAY,NEUTRAL,3,9,9,3,2,False,True,False
17.292282104492188,REPLAY,NEUTRAL,3,9,9,3,2,False,True,False
17.344451904296875,REPLAY,NEUTRAL,3,9,9,3,2,False,True,False
17.392608642578125,REPLAY,NEUTRAL,3,9,9,3,2,False,True,False
17.444778442382812,REPLAY,NEUTRAL,3,9,9,3,2,False,True,False
17.492935180664062,REPLAY,NEUTRAL,3,9,9,3,2,False,True,False
17.54510498046875,REPLAY,NEUTRAL,3,9,9,3,2,False,True,False
17.59326171875,REPLAY,NEUTRAL,3,9,9,3,2,False,True,False
17.645431518554688,REPLAY,NEUTRAL,3,9,9,3,2,False,True,False
17.693588256835938,REPLAY,NEUTRAL,3,9,9,3,2,False,True,False
17.745758056640625,REPLAY,NEUTRAL,3,9,9,3,3,False,True,False
17.793914794921875,REPLAY,NEUTRAL,3,9,9,3,3,False,True,False
17.842071533203125,REPLAY,NEUTRAL,3,9,9,3,3,False,True,False
17.894241333007812,REPLAY,NEUTRAL,3,9,9,3,3,False,True,False
17.942398071289062,REPLAY,NEUTRAL,3,9,9,3,3,False,True,False
17.99456787109375,REPLAY,NEUTRAL,3,9,9,3,3,False,True,False
18.042724609375,REPLAY,NEUTRAL,3,9,9,3,3,False,True,False
18.094894409179688,REPLAY,NEUTRAL,3,9,9,3,3,False,True,False
18.143051147460938,REPLAY,NEUTRAL,3,9,9,3,3,False,True,False
18.195220947265625,REPLAY,NEUTRAL,3,9,9,3,3,False,True,False
18.243377685546875,REPLAY,NEUTRAL,3,9,9,3,3,False,True,False
18.295547485351562,REPLAY,NEUTRAL,3,9,9,3,3,False,True,False
18.343704223632812,REPLAY,NEUTRAL,3,9,9,3,3,False,True,False
18.3958740234375,REPLAY,NEUTRAL,3,9,9,3,3,False,True,False
18.44403076171875,REPLAY,NEUTRAL,3,9,9,3,3,False,True,False
18.4921875,REPLAY,NEUTRAL,3,9,9,3,3,False,True,False
18.544357299804688,REPLAY,NEUTRAL,3,9,9,4,2,False,True,False
18.592514038085938,REPLAY,NEUTRAL,3,9,9,4,3,False,True,False
18.644683837890625,REPLAY,NEUTRAL,3,9,9,4,3,False,True,False
18.692840576171875,REPLAY,NEUTRAL,3,9,9,4,3,False,True,False
18.745010375976562,REPLAY,NEUTRAL,3,9,9,4,3,False,True,False
18.793167114257812,REPLAY,NEUTRAL,3,9,9,4,3,False,True,False
18.8453369140625,REPLAY,NEUTRAL,3,9,9,4,3,False,True,False
18.89349365234375,REPLAY,NEUTRAL,3,9,9,4,3,False,True,False
18.945663452148438,REPLAY,NEUTRAL,3,9,9,4,3,False,True,False
18.993820190429688,REPLAY,NEUTRAL,3,9,9,4,3,False,True,False
19.041976928710938,REPLAY,NEUTRAL,3,9,9,4,3,False,True,False
19.094146728515625,REPLAY,NEUTRAL,3,9,9,4,3,False,True,False
19.142303466796875,REPLAY,NEUTRAL,3,9,9,4,3,False,True,False
19.194473266601562,REPLAY,NEUTRAL,3,9,9,4,3,False,True,False
19.242630004882812,REPLAY,NEUTRAL,3,9,9,4,3,False,True,False
19.2947998046875,REPLAY,NEUTRAL,3,9,9,4,3,False,True,False
19.34295654296875,REPLAY,NEUTRAL,3,9,9,4,3,False,True,False
19.395126342773438,REPLAY,NEUTRAL,3,9,9,4,3,False,True,False
19.443283081054688,REPLAY,NEUTRAL,3,9,9,4,3,False,True,False
19.495452880859375,REPLAY,NEUTRAL,3,9,9,4,3,False,True,False
19.543609619140625,REPLAY,NEUTRAL,3,9,9,4,3,False,True,False
19.595779418945312,REPLAY,NEUTRAL,3,9,9,4,3,False,True,False
19.643936157226562,REPLAY,NEUTRAL,3,9,9,4,4,False,True,False
19.692092895507812,REPLAY,NEUTRAL,3,9,9,4,4,False,True,False
19.7442626953125,REPLAY,NEUTRAL,3,9,9,4,4,False,True,False
19.79241943359375,REPLAY,NEUTRAL,3,9,9,4,4,False,True,False
19.844589233398438,REPLAY,NEUTRAL,3,9,9,4,4,False,True,False
19.892745971679688,REPLAY,NEUTRAL,3,10,10,4,3,False,True,False
19.944915771484375,REPLAY,NEUTRAL,3,10,10,4,3,False,True,False
19.993072509765625,REPLAY,NEUTRAL,3,10,10,4,3,False,True,False
20.045242309570312,REPLAY,NEUTRAL,3,10,10,4,3,False,True,False
20.093399047851562,REPLAY,NEUTRAL,3,10,10,4,3,False,True,False
20.14556884765625,REPLAY,NEUTRAL,3,10,10,4,3,False,True,False
20.1937255859375,REPLAY,NEUTRAL,3,10,10,4,3,False,True,False
20.245895385742188,REPLAY,NEUTRAL,3,10,10,4,3,False,True,False
20.294052124023438,REPLAY,NEUTRAL,3,10,10,4,3,False,True,False
20.342208862304688,REPLAY,NEUTRAL,3,10,10,4,3,False,True,False
20.394378662109375,REPLAY,NEUTRAL,3,10,10,4,3,False,True,False
20.442535400390625,REPLAY,NEUTRAL,3,10,10,4,3,False,True,False
20.494705200195312,REPLAY,NEUTRAL,3,10,10,4,3,False,True,False
20.542861938476562,REPLAY,NEUTRAL,3,10,10,4,3,False,True,False
20.59503173828125,REPLAY,NEUTRAL,3,10,10,4,3,False,True,False
20.6431884765625,REPLAY,NEUTRAL,3,10,10,4,4,False,True,False
20.695358276367188,REPLAY,NEUTRAL,3,10,10,4,4,False,True,False
20.743515014648438,REPLAY,NEUTRAL,3,10,10,4,4,False,True,False
20.795684814453125,REPLAY,NEUTRAL,3,10,10,4,4,False,True,False
20.843841552734375,REPLAY,NEUTRAL,3,11,11,4,3,False,True,False
20.891998291015625,REPLAY,NEUTRAL,3,11,11,4,3,False,True,False
20.944168090820312,REPLAY,NEUTRAL,3,11,11,4,3,False,True,False
20.992324829101562,REPLAY,NEUTRAL,3,11,11,4,3,False,True,False
21.04449462890625,REPLAY,NEUTRAL,3,11,11,4,3,False,True,False
21.0926513671875,REPLAY,NEUTRAL,3,11,11,4,3,False,True,False
21.144821166992188,REPLAY,NEUTRAL,3,11,11,4,3,False,True,False
21.192977905273438,REPLAY,NEUTRAL,3,11,11,4,3,False,True,False
21.245147705078125,REPLAY,NEUTRAL,3,11,11,4,3,False,True,False
21.293304443359375,REPLAY,NEUTRAL,3,11,11,4,3,False,True,False
21.345474243164062,REPLAY,NEUTRAL,3,11,11,4,3,False,True,False
21.393630981445312,REPLAY,NEUTRAL,3,11,11,4,3,False,True,False
21.44580078125,REPLAY,NEUTRAL,3,12,12,4,2,False,True,False
21.49395751953125,REPLAY,NEUTRAL,3,12,12,4,2,False,True,False
21.5421142578125,REPLAY,NEUTRAL,3,12,12,4,2,False,True,False
21.594284057617188,REPLAY,NEUTRAL,3,12,12,4,2,False,True,False
21.642440795898438,REPLAY,NEUTRAL,3,12,12,4,2,False,True,False
21.694610595703125,REPLAY,NEUTRAL,3,12,12,4,2,False,True,False
21.742767333984375,REPLAY,NEUTRAL,3,12,12,4,2,False,True,False
21.794937133789062,REPLAY,NEUTRAL,3,12,12,4,2,False,True,False
21.843093872070312,REPLAY,NEUTRAL,3,12,12,4,2,False,True,False
21.895263671875,REPLAY,NEUTRAL,3,12,12,4,2,False,True,False
21.94342041015625,REPLAY,NEUTRAL,3,12,12,4,2,False,True,False
21.995590209960938,REPLAY,NEUTRAL,3,12,12,4,3,False,True,False
22.043746948242188,REPLAY,NEUTRAL,3,12,12,4,3,False,True,False
22.095916748046875,REPLAY,NEUTRAL,3,12,12,4,3,False,True,False
22.144073486328125,REPLAY,NEUTRAL,3,12,12,4,3,False,True,False
22.192230224609375,REPLAY,NEUTRAL,3,12,12,4,3,False,True,False
22.244400024414062,REPLAY,NEUTRAL,3,12,12,4,3,False,True,False
22.292556762695312,REPLAY,NEUTRAL,3,12,12,4,3,False,True,False
22.3447265625,REPLAY,NEUTRAL,3,12,12,4,3,False,True,False
22.39288330078125,REPLAY,NEUTRAL,3,12,12,4,3,False,True,False
22.445053100585938,REPLAY,NEUTRAL,3,12,12,4,3,False,True,False
22.493209838867188,REPLAY,NEUTRAL,3,12,12,4,3,False,True,False
22.545379638671875,REPLAY,NEUTRAL,3,12,12,4,3,False,True,False
22.593536376953125,REPLAY,NEUTRAL,3,12,12,4,3,False,True,False
22.645706176757812,REPLAY,NEUTRAL,3,12,12,4,3,False,True,False
22.693862915039062,REPLAY,NEUTRAL,3,12,12,4,3,False,True,False
22.742019653320312,REPLAY,NEUTRAL,3,12,12,4,3,False,True,False
22.794189453125,REPLAY,NEUTRAL,3,13,13,4,2,False,True,False
22.84234619140625,REPLAY,NEUTRAL,3,13,13,4,2,False,True,False
22.894515991210938,REPLAY,NEUTRAL,3,13,13,4,2,False,True,False
22.942672729492188,REPLAY,NEUTRAL,3,13,13,4,2,False,True,False
22.994842529296875,REPLAY,NEUTRAL,3,13,13,4,2,False,True,False
23.042999267578125,REPLAY,NEUTRAL,3,13,13,4,2,False,True,False
23.095169067382812,REPLAY,NEUTRAL,3,13,13,4,2,False,True,False
23.143325805664062,REPLAY,NEUTRAL,3,13,13,4,3,False,True,False
23.19549560546875,REPLAY,NEUTRAL,3,13,13,4,3,False,True,False
23.24365234375,REPLAY,NEUTRAL,3,13,13,4,3,False,True,False
23.295822143554688,REPLAY,NEUTRAL,3,13,13,4,3,False,True,False
23.343978881835938,REPLAY,NEUTRAL,3,13,13,4,3,False,True,False
23.392135620117188,REPLAY,NEUTRAL,3,13,13,4,3,False,True,False
23.444305419921875,REPLAY,NEUTRAL,3,13,13,4,3,False,True,False
23.492462158203125,REPLAY,NEUTRAL,3,13,13,4,3,False,True,False
23.544631958007812,REPLAY,NEUTRAL,3,13,13,4,3,False,True,False
23.592788696289062,REPLAY,NEUTRAL,3,13,13,4,3,False,True,False
23.64495849609375,REPLAY,NEUTRAL,3,13,13,4,3,False,True,False
23.693115234375,REPLAY,NEUTRAL,3,13,13,4,3,False,True,False
23.745285034179688,REPLAY,NEUTRAL,3,13,13,4,3,False,True,False
23.793441772460938,REPLAY,NEUTRAL,3,13,13,4,3,False,True,False
23.845611572265625,REPLAY,NEUTRAL,3,13,13,4,3,False,True,False
23.893768310546875,REPLAY,NEUTRAL,3,13,13,4,3,False,True,False
23.945938110351562,REPLAY,NEUTRAL,3,13,13,4,3,False,True,False
23.994094848632812,REPLAY,NEUTRAL,3,13,13,4,3,False,True,False
24.042251586914062,REPLAY,NEUTRAL,3,13,13,4,3,False,True,False
24.09442138671875,REPLAY,NEUTRAL,3,13,13,4,3,False,True,False
24.142578125,REPLAY,NEUTRAL,3,13,13,4,3,False,True,False
24.194747924804688,REPLAY,NEUTRAL,3,13,13,4,3,False,True,False
24.242904663085938,REPLAY,NEUTRAL,3,13,13,5,2,False,True,False
24.295074462890625,REPLAY,NEUTRAL,3,13,13,5,2,False,True,False
24.343231201171875,REPLAY,NEUTRAL,3,13,13,5,2,False,True,False
24.395401000976562,REPLAY,NEUTRAL,3,13,13,5,2,False,True,False
24.443557739257812,REPLAY,NEUTRAL,3,13,13,5,2,False,True,False
24.4957275390625,REPLAY,NEUTRAL,3,13,13,5,3,False,True,False
24.54388427734375,REPLAY,NEUTRAL,3,13,13,5,3,False,True,False
24.592041015625,REPLAY,NEUTRAL,3,13,13,5,3,False,True,False
24.644210815429688,REPLAY,NEUTRAL,3,13,13,5,3,False,True,False
24.692367553710938,REPLAY,NEUTRAL,3,13,13,5,3,False,True,False
24.744537353515625,REPLAY,NEUTRAL,3,13,13,5,3,False,True,False
24.792694091796875,REPLAY,NEUTRAL,3,13,13,5,3,False,True,False
24.844863891601562,REPLAY,NEUTRAL,3,13,13,5,3,False,True,False
24.893020629882812,REPLAY,NEUTRAL,3,13,13,5,3,False,True,False
24.9451904296875,REPLAY,NEUTRAL,3,13,13,5,3,False,True,False
24.99334716796875,REPLAY,NEUTRAL,3,13,13,5,3,False,True,False
25.045516967773438,REPLAY,NEUTRAL,3,13,13,5,3,False,True,False
25.093673706054688,REPLAY,NEUTRAL,3,14,14,5,2,False,True,False
25.145843505859375,REPLAY,NEUTRAL,3,14,14,5,2,False,True,False
25.194000244140625,REPLAY,NEUTRAL,3,14,14,5,2,False,True,False
25.242156982421875,REPLAY,NEUTRAL,3,14,14,5,2,False,True,False
25.294326782226562,REPLAY,NEUTRAL,3,14,14,5,2,False,True,False
25.342483520507812,REPLAY,NEUTRAL,3,14,14,5,2,False,True,False
25.3946533203125,REPLAY,NEUTRAL,3,14,14,5,2,False,True,False
25.44281005859375,REPLAY,NEUTRAL,3,14,14,5,2,False,True,False
25.494979858398438,REPLAY,NEUTRAL,3,14,14,5,2,False,True,False
25.543136596679688,REPLAY,NEUTRAL,3,14,14,5,2,False,True,False
25.595306396484375,REPLAY,NEUTRAL,3,14,14,5,2,False,True,False
25.643463134765625,REPLAY,NEUTRAL,3,14,14,5,2,False,True,False
25.695632934570312,REPLAY,NEUTRAL,3,14,14,5,2,False,True,False
25.743789672851562,REPLAY,NEUTRAL,3,14,14,5,2,False,True,False
25.79595947265625,REPLAY,NEUTRAL,3,14,14,5,2,False,True,False
25.8441162109375,REPLAY,NEUTRAL,3,15,15,5,1,False,True,False
25.89227294921875,REPLAY,NEUTRAL,3,15,15,5,1,False,True,False
25.944442749023438,REPLAY,NEUTRAL,3,15,15,5,2,False,True,False
25.992599487304688,REPLAY,NEUTRAL,3,15,15,5,2,False,True,False
26.044769287109375,REPLAY,NEUTRAL,3,15,15,5,2,False,True,False
26.092926025390625,REPLAY,NEUTRAL,3,15,15,5,2,False,True,False
26.145095825195312,REPLAY,NEUTRAL,3,15,15,5,2,False,True,False
26.193252563476562,REPLAY,NEUTRAL,3,15,15,5,2,False,True,False
26.24542236328125,REPLAY,NEUTRAL,3,15,15,5,2,False,True,False
26.2935791015625,REPLAY,NEUTRAL,3,15,15,5,2,False,True,False
26.345748901367188,REPLAY,NEUTRAL,3,15,15,5,2,False,True,False
26.393905639648438,REPLAY,NEUTRAL,3,15,15,5,2,False,True,False
26.442062377929688,REPLAY,NEUTRAL,3,15,15,5,2,False,True,False
26.494232177734375,REPLAY,NEUTRAL,3,15,15,5,2,False,True,False
26.542388916015625,REPLAY,NEUTRAL,3,15,15,5,2,False,True,False
26.594558715820312,REPLAY,NEUTRAL,3,15,15,5,2,False,True,False
26.642715454101562,REPLAY,NEUTRAL,3,15,15,5,2,False,True,False
26.69488525390625,REPLAY,NEUTRAL,3,15,15,5,2,False,True,False
26.7430419921875,REPLAY,NEUTRAL,3,15,15,5,2,False,True,False
26.795211791992188,REPLAY,NEUTRAL,3,15,15,5,2,False,True,False
26.843368530273438,REPLAY,NEUTRAL,3,15,15,5,2,False,True,False
26.895538330078125,REPLAY,NEUTRAL,3,15,15,5,2,False,True,False
26.943695068359375,REPLAY,NEUTRAL,3,15,15,5,2,False,True,False
26.995864868164062,REPLAY,NEUTRAL,3,15,15,5,2,False,True,False
27.044021606445312,REPLAY,NEUTRAL,3,15,15,5,2,False,True,False
27.092178344726562,REPLAY,NEUTRAL,3,15,15,5,2,False,True,False
27.14434814453125,REPLAY,NEUTRAL,3,15,15,5,2,False,True,False
27.1925048828125,REPLAY,NEUTRAL,3,15,15,5,2,False,True,False
27.244674682617188,REPLAY,NEUTRAL,3,15,15,5,2,False,True,False
27.292831420898438,REPLAY,NEUTRAL,3,15,15,5,2,False,True,False
27.345001220703125,REPLAY,NEUTRAL,3,15,15,5,2,False,True,False
27.393157958984375,REPLAY,NEUTRAL,3,15,15,5,2,False,True,False
27.445327758789062,REPLAY,NEUTRAL,3,15,15,5,3,False,True,False
27.493484497070312,REPLAY,NEUTRAL,3,15,15,5,3,False,True,False
27.545654296875,REPLAY,NEUTRAL,3,16,16,5,2,False,True,False
27.59381103515625,REPLAY,NEUTRAL,3,16,16,5,2,False,True,False
27.645980834960938,REPLAY,NEUTRAL,3,16,16,5,2,False,True,False
27.694137573242188,REPLAY,NEUTRAL,3,16,16,5,2,False,True,False
27.742294311523438,REPLAY,NEUTRAL,3,16,16,5,2,False,True,False
27.794464111328125,REPLAY,NEUTRAL,3,16,16,5,2,False,True,False
27.842620849609375,REPLAY,NEUTRAL,3,16,16,5,2,False,True,False
27.894790649414062,REPLAY,NEUTRAL,3,16,16,5,2,False,True,False
27.942947387695312,REPLAY,NEUTRAL,3,16,16,5,2,False,True,False
27.9951171875,REPLAY,NEUTRAL,3,16,16,5,2,False,True,False
28.04327392578125,REPLAY,NEUTRAL,3,16,16,5,2,False,True,False
28.095443725585938,REPLAY,NEUTRAL,3,16,16,5,2,False,True,False
28.143600463867188,REPLAY,NEUTRAL,3,16,16,5,2,False,True,False
28.195770263671875,REPLAY,NEUTRAL,3,16,16,5,2,False,True,False
28.243927001953125,REPLAY,NEUTRAL,3,16,16,5,2,False,True,False
28.292083740234375,REPLAY,NEUTRAL,3,16,16,5,2,False,True,False
28.344253540039062,REPLAY,NEUTRAL,3,16,16,5,2,False,True,False
28.392410278320312,REPLAY,NEUTRAL,3,16,16,5,2,False,True,False
28.444580078125,REPLAY,NEUTRAL,3,16,16,5,2,False,True,False
28.49273681640625,REPLAY,NEUTRAL,3,16,16,5,2,False,True,False
28.544906616210938,REPLAY,NEUTRAL,3,16,16,5,2,False,True,False
28.593063354492188,REPLAY,NEUTRAL,3,16,16,5,2,False,True,False
28.645233154296875,REPLAY,NEUTRAL,3,16,16,5,2,False,True,False
28.693389892578125,REPLAY,NEUTRAL,3,17,17,5,1,False,True,False
28.745559692382812,REPLAY,NEUTRAL,3,17,17,5,1,False,True,False
28.793716430664062,REPLAY,NEUTRAL,3,17,17,5,1,False,True,False
28.84588623046875,REPLAY,NEUTRAL,3,17,17,5,1,False,True,False
28.89404296875,REPLAY,NEUTRAL,3,17,17,5,1,False,True,False
28.94219970703125,REPLAY,NEUTRAL,3,17,17,5,1,False,True,False
28.994369506835938,REPLAY,NEUTRAL,3,17,17,5,2,False,True,False
29.042526245117188,REPLAY,NEUTRAL,3,17,17,5,2,False,True,False
29.094696044921875,REPLAY,NEUTRAL,3,17,17,5,2,False,True,False
29.142852783203125,REPLAY,NEUTRAL,3,17,17,5,2,False,True,False
29.195022583007812,REPLAY,NEUTRAL,3,17,17,5,2,False,True,False
29.243179321289062,REPLAY,NEUTRAL,3,17,17,5,2,False,True,False
29.29534912109375,REPLAY,NEUTRAL,3,17,17,5,2,False,True,False
29.343505859375,REPLAY,NEUTRAL,3,17,17,5,2,False,True,False
29.395675659179688,REPLAY,NEUTRAL,3,17,17,5,2,False,True,False
29.443832397460938,REPLAY,NEUTRAL,3,17,17,5,2,False,True,False
29.491989135742188,REPLAY,NEUTRAL,3,17,17,5,2,False,True,False
29.544158935546875,REPLAY,NEUTRAL,3,17,17,5,2,False,True,False
29.592315673828125,REPLAY,NEUTRAL,3,17,17,5,2,False,True,False
29.644485473632812,REPLAY,NEUTRAL,3,17,17,5,2,False,True,False
29.692642211914062,REPLAY,NEUTRAL,3,17,17,5,2,False,True,False
29.74481201171875,REPLAY,NEUTRAL,3,17,17,5,2,False,True,False
29.79296875,REPLAY,NEUTRAL,3,17,17,5,2,False,True,False
29.845138549804688,REPLAY,NEUTRAL,3,17,17,5,2,False,True,False
29.893295288085938,REPLAY,NEUTRAL,3,17,17,5,2,False,True,False
29.945465087890625,REPLAY,NEUTRAL,3,17,17,5,3,False,True,False
29.993621826171875,REPLAY,NEUTRAL,3,17,17,5,3,False,True,False
30.045791625976562,REPLAY,NEUTRAL,3,17,17,5,3,False,True,False
30.093948364257812,REPLAY,NEUTRAL,3,17,17,5,3,False,True,False
30.142105102539062,REPLAY,NEUTRAL,3,17,17,5,3,False,True,False
30.19427490234375,REPLAY,NEUTRAL,3,17,17,5,3,False,True,False
30.242431640625,REPLAY,NEUTRAL,3,17,17,5,3,False,True,False
30.294601440429688,REPLAY,NEUTRAL,3,17,17,5,3,False,True,False
30.342758178710938,REPLAY,NEUTRAL,3,17,17,5,3,False,True,False
30.394927978515625,REPLAY,NEUTRAL,3,17,17,5,3,False,True,False
30.443084716796875,REPLAY,NEUTRAL,3,17,17,5,3,False,True,False
30.495254516601562,REPLAY,NEUTRAL,3,17,17,5,3,False,True,False
30.543411254882812,REPLAY,NEUTRAL,3,17,17,5,3,False,True,False
30.5955810546875,REPLAY,NEUTRAL,3,17,17,5,3,False,True,False
30.64373779296875,REPLAY,NEUTRAL,3,17,17,5,3,False,True,False
30.695907592773438,REPLAY,NEUTRAL,3,18,18,5,2,False,True,False
30.744064331054688,REPLAY,NEUTRAL,3,18,18,5,2,False,True,False
30.792221069335938,REPLAY,NEUTRAL,3,18,18,5,2,False,True,False
30.844390869140625,REPLAY,NEUTRAL,3,18,18,5,2,False,True,False
30.892547607421875,REPLAY,NEUTRAL,3,18,18,5,2,False,True,False
30.944717407226562,REPLAY,NEUTRAL,3,18,18,5,2,False,True,False
30.992874145507812,REPLAY,NEUTRAL,3,18,18,5,2,False,True,False
31.0450439453125,REPLAY,NEUTRAL,3,18,18,5,2,False,True,False
31.09320068359375,REPLAY,NEUTRAL,3,18,18,5,2,False,True,False
31.145370483398438,REPLAY,NEUTRAL,3,18,18,5,2,False,True,False
31.193527221679688,REPLAY,NEUTRAL,3,18,18,5,2,False,True,False
31.245697021484375,REPLAY,NEUTRAL,3,18,18,5,3,False,True,False
31.293853759765625,REPLAY,NEUTRAL,3,18,18,5,3,False,True,False
31.342010498046875,REPLAY,NEUTRAL,3,18,18,5,3,False,True,False
31.394180297851562,REPLAY,NEUTRAL,3,18,18,5,3,False,True,False
31.442337036132812,REPLAY,NEUTRAL,3,18,18,5,3,False,True,False
31.4945068359375,REPLAY,NEUTRAL,3,18,18,5,3,False,True,False
31.54266357421875,REPLAY,NEUTRAL,3,18,18,5,3,False,True,False
31.594833374023438,REPLAY,NEUTRAL,3,18,18,5,3,False,True,False
31.642990112304688,REPLAY,NEUTRAL,3,18,18,5,3,False,True,False
31.695159912109375,REPLAY,NEUTRAL,3,18,18,5,3,False,True,False
31.743316650390625,REPLAY,NEUTRAL,3,18,18,5,3,False,True,False
31.795486450195312,REPLAY,NEUTRAL,3,19,19,5,2,False,True,False
31.843643188476562,REPLAY,NEUTRAL,3,19,19,5,2,False,True,False
31.89581298828125,REPLAY,NEUTRAL,3,19,19,5,2,False,True,False
31.9439697265625,REPLAY,NEUTRAL,3,19,19,5,2,False,True,False
31.99212646484375,REPLAY,NEUTRAL,3,19,19,5,2,False,True,False
32.04429626464844,REPLAY,NEUTRAL,3,19,19,5,2,False,True,False
32.09245300292969,REPLAY,NEUTRAL,3,19,19,5,2,False,True,False
32.144622802734375,REPLAY,NEUTRAL,3,19,19,5,2,False,True,False
32.192779541015625,REPLAY,NEUTRAL,3,19,19,5,2,False,True,False
32.24494934082031,REPLAY,NEUTRAL,3,19,19,5,2,False,True,False
32.29310607910156,REPLAY,NEUTRAL,3,19,19,5,2,False,True,False
32.34527587890625,REPLAY,NEUTRAL,3,19,19,5,2,False,True,False
32.3934326171875,REPLAY,NEUTRAL,3,19,19,5,2,False,True,False
32.44560241699219,REPLAY,NEUTRAL,3,19,19,5,2,False,True,False
32.49375915527344,REPLAY,NEUTRAL,3,19,19,5,2,False,True,False
32.545928955078125,REPLAY,NEUTRAL,3,19,19,5,2,False,True,False
32.594085693359375,REPLAY,NEUTRAL,3,19,19,5,2,False,True,False
32.642242431640625,REPLAY,NEUTRAL,3,20,20,5,1,False,True,False
32.69441223144531,REPLAY,NEUTRAL,3,20,20,5,2,False,True,False
32.74256896972656,REPLAY,NEUTRAL,3,20,20,5,2,False,True,False
32.79473876953125,REPLAY,NEUTRAL,3,20,20,5,2,False,True,False
32.8428955078125,REPLAY,NEUTRAL,3,20,20,5,2,False,True,False
32.89506530761719,REPLAY,NEUTRAL,3,20,20,5,2,False,True,False
32.94322204589844,REPLAY,NEUTRAL,3,20,20,5,2,False,True,False
32.995391845703125,REPLAY,NEUTRAL,3,20,20,5,2,False,True,False
33.043548583984375,REPLAY,NEUTRAL,3,20,20,5,2,False,True,False
33.09571838378906,REPLAY,NEUTRAL,3,20,20,5,2,False,True,False
33.14387512207031,REPLAY,NEUTRAL,3,20,20,5,2,False,True,False
33.19203186035156,REPLAY,NEUTRAL,3,20,20,5,2,False,True,False
33.24420166015625,REPLAY,NEUTRAL,3,20,20,5,2,False,True,False
33.2923583984375,REPLAY,NEUTRAL,3,20,20,5,2,False,True,False
33.34452819824219,REPLAY,NEUTRAL,3,20,20,5,2,False,True,False
33.39268493652344,REPLAY,NEUTRAL,3,20,20,5,2,False,True,False
33.444854736328125,REPLAY,NEUTRAL,3,20,20,5,2,False,True,False
33.493011474609375,REPLAY,NEUTRAL,3,20,20,5,2,False,True,False
33.54518127441406,REPLAY,NEUTRAL,3,20,20,5,2,False,True,False
33.59333801269531,REPLAY,NEUTRAL,3,20,20,5,2,False,True,False
33.6455078125,REPLAY,NEUTRAL,3,20,20,5,2,False,True,False
33.69366455078125,REPLAY,NEUTRAL,3,20,20,5,2,False,True,False
33.74583435058594,REPLAY,NEUTRAL,3,20,20,5,2,False,True,False
33.79399108886719,REPLAY,NEUTRAL,3,20,20,5,2,False,True,False
33.84214782714844,REPLAY,NEUTRAL,3,20,20,5,3,False,True,False
33.894317626953125,REPLAY,NEUTRAL,3,20,20,5,3,False,True,False
33.942474365234375,REPLAY,NEUTRAL,3,20,20,5,3,False,True,False
33.99464416503906,REPLAY,NEUTRAL,3,20,20,5,3,False,True,False
34.04280090332031,REPLAY,NEUTRAL,3,20,20,5,3,False,True,False
34.094970703125,REPLAY,NEUTRAL,3,20,20,5,3,False,True,False
34.14312744140625,REPLAY,NEUTRAL,3,20,20,5,3,False,True,False
34.19529724121094,REPLAY,NEUTRAL,3,20,20,5,3,False,True,False
34.24345397949219,REPLAY,NEUTRAL,3,20,20,5,3,False,True,False
34.295623779296875,REPLAY,NEUTRAL,3,20,20,5,3,False,True,False
34.343780517578125,REPLAY,NEUTRAL,3,20,20,5,3,False,True,False
34.39595031738281,REPLAY,NEUTRAL,3,20,20,5,3,False,True,False
34.44410705566406,REPLAY,NEUTRAL,3,21,21,5,2,False,True,False
34.49226379394531,REPLAY,NEUTRAL,3,21,21,5,2,False,True,False
34.54443359375,REPLAY,NEUTRAL,3,21,21,5,2,False,True,False
34.59259033203125,REPLAY,NEUTRAL,3,21,21,5,2,False,True,False
34.64476013183594,REPLAY,NEUTRAL,3,21,21,5,2,False,True,False
34.69291687011719,REPLAY,NEUTRAL,3,21,21,5,2,False,True,False
34.745086669921875,REPLAY,NEUTRAL,3,21,21,5,2,False,True,False
34.793243408203125,REPLAY,NEUTRAL,3,21,21,5,2,False,True,False
34.84541320800781,REPLAY,NEUTRAL,3,21,21,5,2,False,True,False
34.89356994628906,REPLAY,NEUTRAL,3,21,21,5,2,False,True,False
34.94573974609375,REPLAY,NEUTRAL,3,21,21,5,2,False,True,False
34.993896484375,REPLAY,NEUTRAL,3,21,21,5,2,False,True,False
35.04205322265625,REPLAY,NEUTRAL,3,21,21,5,2,False,True,False
35.09422302246094,REPLAY,NEUTRAL,3,21,21,5,2,False,True,False
35.14237976074219,REPLAY,NEUTRAL,3,21,21,5,2,False,True,False
35.194549560546875,REPLAY,NEUTRAL,3,21,21,5,2,False,True,False
35.242706298828125,REPLAY,NEUTRAL,3,21,21,5,2,False,True,False
35.29487609863281,REPLAY,NEUTRAL,3,21,21,5,2,False,True,False
35.34303283691406,REPLAY,NEUTRAL,3,21,21,5,2,False,True,False
35.39520263671875,REPLAY,NEUTRAL,3,21,21,5,2,False,True,False
35.443359375,REPLAY,NEUTRAL,3,21,21,5,3,False,True,False
35.49552917480469,REPLAY,NEUTRAL,3,22,22,5,2,False,True,False
35.54368591308594,REPLAY,NEUTRAL,3,22,22,5,2,False,True,False
35.595855712890625,REPLAY,NEUTRAL,3,22,22,5,2,False,True,False
35.644012451171875,REPLAY,NEUTRAL,3,22,22,5,2,False,True,False
35.692169189453125,REPLAY,NEUTRAL,3,22,22,5,2,False,True,False
35.74433898925781,REPLAY,NEUTRAL,3,22,22,5,2,False,True,False
35.79249572753906,REPLAY,NEUTRAL,3,22,22,5,2,False,True,False
35.84466552734375,REPLAY,NEUTRAL,3,22,22,5,2,False,True,False
35.892822265625,REPLAY,NEUTRAL,3,22,22,5,2,False,True,False
35.94499206542969,REPLAY,NEUTRAL,3,22,22,5,2,False,True,False
35.99314880371094,REPLAY,NEUTRAL,3,22,22,5,2,False,True,False
36.045318603515625,REPLAY,NEUTRAL,3,22,22,5,2,False,True,False
36.093475341796875,REPLAY,NEUTRAL,3,22,22,5,2,False,True,False
36.14564514160156,REPLAY,NEUTRAL,3,22,22,5,2,False,True,False
36.19380187988281,REPLAY,NEUTRAL,3,22,22,5,2,False,True,False
36.2459716796875,REPLAY,NEUTRAL,3,22,22,5,2,False,True,False
36.29412841796875,REPLAY,NEUTRAL,3,22,22,5,2,False,True,False
36.34228515625,REPLAY,NEUTRAL,3,22,22,5,2,False,True,False
36.39445495605469,REPLAY,NEUTRAL,3,22,22,5,2,False,True,False
36.44261169433594,REPLAY,NEUTRAL,3,22,22,5,2,False,True,False
36.494781494140625,REPLAY,NEUTRAL,3,22,22,5,2,False,True,False
36.542938232421875,REPLAY,NEUTRAL,3,22,22,5,2,False,True,False
36.59510803222656,REPLAY,NEUTRAL,3,22,22,5,2,False,True,False
36.64326477050781,REPLAY,NEUTRAL,3,22,22,5,2,False,True,False
36.6954345703125,REPLAY,NEUTRAL,3,22,22,5,2,False,True,False
36.74359130859375,REPLAY,NEUTRAL,3,22,22,5,2,False,True,False
36.79576110839844,REPLAY,NEUTRAL,3,22,22,5,2,False,True,False
36.84391784667969,REPLAY,NEUTRAL,3,22,22,5,2,False,True,False
36.89207458496094,REPLAY,NEUTRAL,3,23,23,5,2,False,True,False
36.944244384765625,REPLAY,NEUTRAL,3,23,23,5,2,False,True,False
36.992401123046875,REPLAY,NEUTRAL,3,23,23,5,2,False,True,False
37.04457092285156,REPLAY,NEUTRAL,3,23,23,5,2,False,True,False
37.09272766113281,REPLAY,NEUTRAL,3,23,23,5,2,False,True,False
37.1448974609375,REPLAY,NEUTRAL,3,23,23,5,2,False,True,False
37.19305419921875,REPLAY,NEUTRAL,3,23,23,5,2,False,True,False
37.24522399902344,REPLAY,NEUTRAL,3,23,23,5,2,False,True,False
37.29338073730469,REPLAY,NEUTRAL,3,23,23,5,2,False,True,False
37.345550537109375,REPLAY,NEUTRAL,3,23,23,5,2,False,True,False
37.393707275390625,REPLAY,NEUTRAL,3,23,23,5,2,False,True,False
37.44587707519531,REPLAY,NEUTRAL,3,23,23,5,2,False,True,False
37.49403381347656,REPLAY,NEUTRAL,3,23,23,5,2,False,True,False
37.54219055175781,REPLAY,NEUTRAL,3,23,23,5,2,False,True,False
37.5943603515625,REPLAY,NEUTRAL,3,23,23,5,2,False,True,False
37.64251708984375,REPLAY,NEUTRAL,3,23,23,5,2,False,True,False
37.69468688964844,REPLAY,NEUTRAL,3,23,23,5,2,False,True,False
37.74284362792969,REPLAY,NEUTRAL,3,23,23,5,2,False,True,False
37.795013427734375,REPLAY,NEUTRAL,3,23,23,5,2,False,True,False
37.843170166015625,REPLAY,NEUTRAL,3,23,23,5,2,False,True,False
37.89533996582031,REPLAY,NEUTRAL,3,23,23,5,2,False,True,False
37.94349670410156,REPLAY,NEUTRAL,3,23,23,5,2,False,True,False
37.99566650390625,REPLAY,NEUTRAL,3,23,23,5,2,False,True,False
38.0438232421875,REPLAY,NEUTRAL,3,23,23,5,2,False,True,False
38.09197998046875,REPLAY,NEUTRAL,3,23,23,5,2,False,True,False
38.14414978027344,REPLAY,NEUTRAL,3,23,23,5,2,False,True,False
38.19230651855469,REPLAY,NEUTRAL,3,23,23,5,2,False,True,False
38.244476318359375,REPLAY,NEUTRAL,3,23,23,5,2,False,True,False
38.292633056640625,REPLAY,NEUTRAL,3,23,23,5,2,False,True,False
38.34480285644531,REPLAY,NEUTRAL,3,23,23,5,3,False,True,False
38.39295959472656,REPLAY,NEUTRAL,3,24,24,5,2,False,True,False
38.44512939453125,REPLAY,NEUTRAL,3,24,24,5,2,False,True,False
38.4932861328125,REPLAY,NEUTRAL,3,24,24,5,2,False,True,False
38.54545593261719,REPLAY,NEUTRAL,3,24,24,5,2,False,True,False
38.59361267089844,REPLAY,NEUTRAL,3,24,24,5,2,False,True,False
38.645782470703125,REPLAY,NEUTRAL,3,24,24,5,2,False,True,False
38.693939208984375,REPLAY,NEUTRAL,3,24,24,5,2,False,True,False
38.742095947265625,REPLAY,NEUTRAL,3,24,24,5,2,False,True,False
38.79426574707031,REPLAY,NEUTRAL,3,24,24,5,2,False,True,False
38.84242248535156,REPLAY,NEUTRAL,3,24,24,5,2,False,True,False
38.89459228515625,REPLAY,NEUTRAL,3,24,24,5,2,False,True,False
38.9427490234375,REPLAY,NEUTRAL,3,24,24,5,2,False,True,False
38.99491882324219,REPLAY,NEUTRAL,3,24,24,5,2,False,True,False
39.04307556152344,REPLAY,NEUTRAL,3,24,24,5,2,False,True,False
39.095245361328125,REPLAY,NEUTRAL,3,24,24,5,2,False,True,False
39.143402099609375,REPLAY,NEUTRAL,3,24,24,5,2,False,True,False
39.19557189941406,REPLAY,NEUTRAL,3,24,24,5,2,False,True,False
39.24372863769531,REPLAY,NEUTRAL,3,24,24,5,2,False,True,False
39.2958984375,REPLAY,NEUTRAL,3,24,24,5,2,False,True,False
39.34405517578125,REPLAY,NEUTRAL,3,24,24,5,2,False,True,False
39.3922119140625,REPLAY,NEUTRAL,3,24,24,5,2,False,True,False
39.44438171386719,REPLAY,NEUTRAL,3,24,24,5,3,False,True,False
39.49253845214844,REPLAY,NEUTRAL,3,24,24,5,3,False,True,False
39.544708251953125,REPLAY,NEUTRAL,3,24,24,5,3,False,True,False
39.592864990234375,REPLAY,NEUTRAL,3,24,24,5,3,False,True,False
39.64503479003906,REPLAY,NEUTRAL,3,24,24,5,3,False,True,False
39.69319152832031,REPLAY,NEUTRAL,3,24,24,5,3,False,True,False
39.745361328125,REPLAY,NEUTRAL,3,24,24,5,3,False,True,False
39.79351806640625,REPLAY,NEUTRAL,3,24,24,5,3,False,True,False
39.84568786621094,REPLAY,NEUTRAL,3,24,24,5,3,False,True,False
39.89384460449219,REPLAY,NEUTRAL,3,24,24,5,3,False,True,False
39.94200134277344,REPLAY,NEUTRAL,3,24,24,5,3,False,True,False
39.994171142578125,REPLAY,NEUTRAL,3,24,24,5,3,False,True,False
40.042327880859375,REPLAY,NEUTRAL,3,24,24,5,3,False,True,False
40.09449768066406,REPLAY,NEUTRAL,3,24,24,6,2,False,True,False
40.14265441894531,REPLAY,NEUTRAL,3,24,24,6,2,False,True,False
40.19482421875,REPLAY,NEUTRAL,3,24,24,6,2,False,True,False
40.24298095703125,REPLAY,NEUTRAL,3,24,24,6,2,False,True,False
40.29515075683594,REPLAY,NEUTRAL,3,24,24,6,2,False,True,False
40.34330749511719,REPLAY,NEUTRAL,3,24,24,6,2,False,True,False
40.395477294921875,REPLAY,NEUTRAL,3,24,24,6,2,False,True,False
40.443634033203125,REPLAY,NEUTRAL,3,24,24,6,2,False,True,False
40.49580383300781,REPLAY,NEUTRAL,3,24,24,6,2,False,True,False
40.54396057128906,REPLAY,NEUTRAL,3,24,24,6,2,False,True,False
40.59211730957031,REPLAY,NEUTRAL,3,24,24,6,2,False,True,False
40.644287109375,REPLAY,NEUTRAL,3,24,24,6,2,False,True,False
40.69244384765625,REPLAY,NEUTRAL,3,24,24,6,3,False,True,False
40.74461364746094,REPLAY,NEUTRAL,3,24,24,6,3,False,True,False
40.79277038574219,REPLAY,NEUTRAL,3,24,24,6,3,False,True,False
40.844940185546875,REPLAY,NEUTRAL,3,24,24,6,3,False,True,False
40.893096923828125,REPLAY,NEUTRAL,3,24,24,6,3,False,True,False
40.94526672363281,REPLAY,NEUTRAL,3,24,24,6,3,False,True,False
40.99342346191406,REPLAY,NEUTRAL,3,24,24,6,3,False,True,False
41.04559326171875,REPLAY,NEUTRAL,3,24,24,6,3,False,True,False
41.09375,REPLAY,NEUTRAL,3,24,24,6,3,False,True,False
41.14591979980469,REPLAY,NEUTRAL,3,24,24,6,3,False,True,False
41.19407653808594,REPLAY,NEUTRAL,3,24,24,6,3,False,True,False
41.24223327636719,REPLAY,NEUTRAL,3,24,24,6,3,False,True,False
41.294403076171875,REPLAY,NEUTRAL,3,24,24,6,3,False,True,False
41.342559814453125,REPLAY,NEUTRAL,3,24,24,6,3,False,True,False
41.39472961425781,REPLAY,NEUTRAL,3,24,24,6,3,False,True,False
41.44288635253906,REPLAY,NEUTRAL,3,24,24,6,3,False,True,False
41.49505615234375,REPLAY,NEUTRAL,3,24,24,6,3,False,True,False
41.543212890625,REPLAY,NEUTRAL,3,24,24,6,3,False,True,False
41.59538269042969,REPLAY,NEUTRAL,3,25,25,6,2,False,True,False
41.64353942871094,REPLAY,NEUTRAL,3,25,25,6,2,False,True,False
41.695709228515625,REPLAY,NEUTRAL,3,25,25,6,2,False,True,False
41.743865966796875,REPLAY,NEUTRAL,3,25,25,6,2,False,True,False
41.792022705078125,REPLAY,NEUTRAL,3,25,25,6,2,False,True,False
41.84419250488281,REPLAY,NEUTRAL,3,25,25,6,2,False,True,False
41.89234924316406,REPLAY,NEUTRAL,3,25,25,6,2,False,True,False
41.94451904296875,REPLAY,NEUTRAL,3,25,25,6,2,False,True,False
41.99267578125,REPLAY,NEUTRAL,3,25,25,6,2,False,True,False
42.04484558105469,REPLAY,NEUTRAL,3,25,25,6,3,False,True,False
42.09300231933594,REPLAY,NEUTRAL,3,25,25,6,3,False,True,False
42.145172119140625,REPLAY,NEUTRAL,3,25,25,6,3,False,True,False
42.193328857421875,REPLAY,NEUTRAL,3,25,25,6,3,False,True,False
42.24549865722656,REPLAY,NEUTRAL,3,25,25,6,3,False,True,False
42.29365539550781,REPLAY,NEUTRAL,3,25,25,6,3,False,True,False
42.3458251953125,REPLAY,NEUTRAL,3,25,25,6,3,False,True,False
42.39398193359375,REPLAY,NEUTRAL,3,25,25,6,3,False,True,False
42.442138671875,REPLAY,NEUTRAL,3,25,25,6,3,False,True,False
42.49430847167969,REPLAY,NEUTRAL,3,25,25,6,3,False,True,False
42.54246520996094,REPLAY,NEUTRAL,3,25,25,6,3,False,True,False
42.594635009765625,REPLAY,NEUTRAL,3,25,25,6,3,False,True,False
42.642791748046875,REPLAY,NEUTRAL,3,25,25,6,3,False,True,False
42.69496154785156,REPLAY,NEUTRAL,3,25,25,6,3,False,True,False
42.74311828613281,REPLAY,NEUTRAL,3,25,25,6,3,False,True,False
42.7952880859375,REPLAY,NEUTRAL,3,25,25,6,3,False,True,False
42.84344482421875,REPLAY,NEUTRAL,3,25,25,6,3,False,True,False
42.89561462402344,REPLAY,NEUTRAL,3,25,25,7,2,False,True,False
42.94377136230469,REPLAY,NEUTRAL,3,25,25,7,2,False,True,False
42.995941162109375,REPLAY,NEUTRAL,3,25,25,7,2,False,True,False
43.044097900390625,REPLAY,NEUTRAL,3,25,25,7,2,False,True,False
43.092254638671875,REPLAY,NEUTRAL,3,25,25,7,2,False,True,False
43.14442443847656,REPLAY,NEUTRAL,3,25,25,7,2,False,True,False
43.19258117675781,REPLAY,NEUTRAL,3,25,25,7,2,False,True,False
43.2447509765625,REPLAY,NEUTRAL,3,25,25,7,2,False,True,False
43.29290771484375,REPLAY,NEUTRAL,3,25,25,7,2,False,True,False
43.34507751464844,REPLAY,NEUTRAL,3,25,25,7,2,False,True,False
43.39323425292969,REPLAY,NEUTRAL,3,25,25,7,3,False,True,False
43.445404052734375,REPLAY,NEUTRAL,3,25,25,7,3,False,True,False
43.493560791015625,REPLAY,NEUTRAL,3,25,25,7,3,False,True,False
43.54573059082031,REPLAY,NEUTRAL,3,25,25,7,3,False,True,False
43.59388732910156,REPLAY,NEUTRAL,3,25,25,7,3,False,True,False
43.64204406738281,REPLAY,NEUTRAL,3,25,25,7,3,False,True,False
43.6942138671875,REPLAY,NEUTRAL,3,25,25,7,3,False,True,False
43.74237060546875,REPLAY,NEUTRAL,3,25,25,7,3,False,True,False
43.79454040527344,REPLAY,NEUTRAL,3,25,25,8,2,False,True,False
43.84269714355469,REPLAY,NEUTRAL,3,25,25,8,2,False,True,False
43.894866943359375,REPLAY,NEUTRAL,3,25,25,8,2,False,True,False
43.943023681640625,REPLAY,NEUTRAL,3,25,25,8,2,False,True,False
43.99519348144531,REPLAY,NEUTRAL,3,25,25,8,2,False,True,False
44.04335021972656,REPLAY,NEUTRAL,3,25,25,8,2,False,True,False
44.09552001953125,REPLAY,NEUTRAL,3,25,25,8,2,False,True,False
44.1436767578125,REPLAY,NEUTRAL,3,25,25,8,2,False,True,False
44.19584655761719,REPLAY,NEUTRAL,3,25,25,8,2,False,True,False
44.24400329589844,REPLAY,NEUTRAL,3,25,25,8,2,False,True,False
44.29216003417969,REPLAY,NEUTRAL,3,25,25,8,2,False,True,False
44.344329833984375,REPLAY,NEUTRAL,3,25,25,8,2,False,True,False
44.392486572265625,REPLAY,NEUTRAL,3,25,25,8,2,False,True,False
44.44465637207031,REPLAY,NEUTRAL,3,25,25,8,2,False,True,False
44.49281311035156,REPLAY,NEUTRAL,3,25,25,8,2,False,True,False
44.54498291015625,REPLAY,NEUTRAL,3,25,25,8,3,False,True,False
44.5931396484375,REPLAY,NEUTRAL,3,25,25,8,3,False,True,False
44.64530944824219,REPLAY,NEUTRAL,3,25,25,8,3,False,True,False
44.69346618652344,REPLAY,NEUTRAL,3,25,25,8,3,False,True,False
44.745635986328125,REPLAY,NEUTRAL,3,25,25,8,3,False,True,False
44.793792724609375,REPLAY,NEUTRAL,3,25,25,8,3,False,True,False
44.84596252441406,REPLAY,NEUTRAL,3,25,25,8,3,False,True,False
44.89411926269531,REPLAY,NEUTRAL,3,25,25,8,3,False,True,False
44.94227600097656,REPLAY,NEUTRAL,3,25,25,8,3,False,True,False
44.99444580078125,REPLAY,NEUTRAL,3,25,25,8,3,False,True,False
45.0426025390625,REPLAY,NEUTRAL,3,25,25,8,3,False,True,False
45.09477233886719,REPLAY,NEUTRAL,3,25,25,8,3,False,True,False
45.14292907714844,REPLAY,NEUTRAL,3,26,26,8,2,False,True,False
45.195098876953125,REPLAY,NEUTRAL,3,26,26,8,2,False,True,False
45.243255615234375,REPLAY,NEUTRAL,3,26,26,8,2,False,True,False
45.29542541503906,REPLAY,NEUTRAL,3,26,26,8,2,False,True,False
45.34358215332031,REPLAY,NEUTRAL,3,26,26,8,2,False,True,False
45.395751953125,REPLAY,NEUTRAL,3,26,26,8,2,False,True,False
45.44390869140625,REPLAY,NEUTRAL,3,26,26,8,2,False,True,False
45.4920654296875,REPLAY,NEUTRAL,3,26,26,8,2,False,True,False
45.54423522949219,REPLAY,NEUTRAL,3,26,26,8,2,False,True,False
45.59239196777344,REPLAY,NEUTRAL,3,26,26,8,2,False,True,False
45.644561767578125,REPLAY,NEUTRAL,3,26,26,8,2,False,True,False
45.692718505859375,REPLAY,NEUTRAL,3,26,26,8,2,False,True,False
45.74488830566406,REPLAY,NEUTRAL,3,26,26,8,3,False,True,False
45.79304504394531,REPLAY,CLICK,3,28,27,8,2,False,True,False
45.84521484375,REPLAY,NEUTRAL,3,28,27,8,2,False,True,False
45.89337158203125,REPLAY,NEUTRAL,3,28,27,8,2,False,True,False
45.94554138183594,REPLAY,NEUTRAL,3,28,27,8,2,False,True,False
45.99369812011719,REPLAY,NEUTRAL,3,28,27,8,2,False,True,False
46.045867919921875,REPLAY,NEUTRAL,3,28,27,8,2,False,True,False
46.094024658203125,REPLAY,NEUTRAL,3,28,27,8,2,False,True,False
46.142181396484375,REPLAY,NEUTRAL,3,28,27,8,2,False,True,False
46.19435119628906,REPLAY,NEUTRAL,3,28,27,8,2,False,True,False
46.24250793457031,REPLAY,CLICK + HOLD,3,28,27,8,2,True,True,False
46.294677734375,REPLAY,CLICK + HOLD,3,28,27,8,2,True,True,False
46.34283447265625,REPLAY,CLICK + HOLD,3,28,27,8,2,True,True,False
46.39500427246094,REPLAY,CLICK + HOLD,3,28,27,8,2,True,True,False
46.44316101074219,REPLAY,CLICK + HOLD,3,28,27,8,2,True,True,False
46.495330810546875,REPLAY,CLICK + HOLD,3,28,27,8,2,True,True,False
46.543487548828125,REPLAY,CLICK + HOLD,3,29,28,8,1,True,True,False
46.59565734863281,REPLAY,CLICK + HOLD,3,29,28,8,1,True,True,False
46.64381408691406,REPLAY,CLICK + HOLD,3,29,28,8,1,True,True,False
46.69598388671875,REPLAY,CLICK + HOLD,3,29,28,8,1,True,True,False
46.744140625,REPLAY,CLICK + HOLD,3,29,28,8,1,True,True,False
46.79229736328125,REPLAY,CLICK + HOLD,3,29,28,8,1,True,True,False
46.84446716308594,REPLAY,CLICK + HOLD,3,29,28,8,1,True,True,False
46.89262390136719,REPLAY,CLICK + HOLD,3,29,28,8,1,True,True,False
46.944793701171875,REPLAY,CLICK + HOLD,3,29,28,8,1,True,True,False
46.992950439453125,REPLAY,CLICK + HOLD,3,29,28,8,1,True,True,False
47.04512023925781,REPLAY,CLICK + HOLD,3,29,28,8,1,True,True,False
47.09327697753906,REPLAY,CLICK + HOLD,3,29,28,8,1,True,True,False
47.14544677734375,REPLAY,CLICK + HOLD,3,29,28,8,1,True,True,False
47.193603515625,REPLAY,CLICK + HOLD,3,29,28,8,1,True,True,False
47.24577331542969,REPLAY,CLICK + HOLD,3,29,28,8,1,True,True,False
47.29393005371094,REPLAY,CLICK + HOLD,3,29,28,8,2,True,True,False
47.34208679199219,REPLAY,CLICK + HOLD,3,29,28,8,2,True,True,False
47.394256591796875,REPLAY,CLICK + HOLD,3,29,28,8,2,True,True,False
47.442413330078125,REPLAY,CLICK + HOLD,3,29,28,8,2,True,True,False
47.49458312988281,REPLAY,CLICK + HOLD,3,29,28,8,2,True,True,False
47.54273986816406,REPLAY,CLICK + HOLD,3,29,28,8,2,True,True,False
47.59490966796875,REPLAY,CLICK + HOLD,3,29,28,8,2,True,True,False
47.64306640625,REPLAY,CLICK + HOLD,3,29,28,8,2,True,True,False
47.69523620605469,REPLAY,CLICK + HOLD,3,29,28,8,2,True,True,False
47.74339294433594,REPLAY,CLICK + HOLD,3,29,28,8,2,True,True,False
47.795562744140625,REPLAY,CLICK + HOLD,3,29,28,8,2,True,True,False
47.843719482421875,REPLAY,CLICK + HOLD,3,29,28,8,2,True,True,False
47.89588928222656,REPLAY,CLICK + HOLD,3,29,28,8,2,True,True,False
47.94404602050781,REPLAY,CLICK + HOLD,3,29,28,8,2,True,True,False
47.99220275878906,REPLAY,CLICK + HOLD,3,29,28,9,1,True,True,False
48.04437255859375,REPLAY,CLICK + HOLD,3,29,28,9,1,True,True,False
48.092529296875,REPLAY,CLICK + HOLD,3,29,28,9,1,True,True,False
48.14469909667969,REPLAY,CLICK + HOLD,3,30,29,9,0,True,True,False
48.19285583496094,REPLAY,CLICK + HOLD,3,30,29,9,0,True,True,False
48.245025634765625,REPLAY,CLICK + HOLD,3,30,29,9,0,True,True,False
48.293182373046875,REPLAY,CLICK + HOLD,3,30,29,9,0,True,True,False
48.34535217285156,REPLAY,CLICK + HOLD,3,30,29,9,0,True,True,False
48.39350891113281,REPLAY,CLICK + HOLD,3,30,29,9,0,True,True,False
48.4456787109375,REPLAY,CLICK + HOLD,3,30,29,9,0,True,True,False
48.49383544921875,REPLAY,CLICK + HOLD,3,30,29,9,0,True,True,False
48.5419921875,REPLAY,CLICK + HOLD,3,30,29,9,0,True,True,False
48.59416198730469,REPLAY,CLICK + HOLD,3,30,29,9,1,True,True,False
48.64231872558594,REPLAY,CLICK + HOLD,3,30,29,9,1,True,True,False
48.694488525390625,REPLAY,CLICK + HOLD,3,30,29,9,1,True,True,False
48.742645263671875,REPLAY,CLICK + HOLD,3,30,29,9,1,True,True,False
48.79481506347656,REPLAY,CLICK + HOLD,3,30,29,9,1,True,True,False
48.84297180175781,REPLAY,CLICK + HOLD,3,30,29,9,1,True,True,False
48.8951416015625,REPLAY,CLICK + HOLD,3,30,29,9,1,True,True,False
48.94329833984375,REPLAY,CLICK + HOLD,3,30,29,9,1,True,True,False
48.99546813964844,REPLAY,CLICK + HOLD,3,30,29,9,1,True,True,False
49.04362487792969,REPLAY,CLICK + HOLD,3,30,29,9,1,True,True,False
49.095794677734375,REPLAY,CLICK + HOLD,3,30,29,9,1,True,True,False
49.143951416015625,REPLAY,CLICK + HOLD,3,30,29,9,1,True,True,False
49.192108154296875,REPLAY,CLICK + HOLD,3,30,29,9,1,True,True,False
49.24427795410156,REPLAY,CLICK + HOLD,3,30,29,9,1,True,True,False
49.29243469238281,REPLAY,CLICK + HOLD,3,30,29,9,1,True,True,False
49.3446044921875,REPLAY,CLICK + HOLD,3,30,29,9,1,True,True,False
49.39276123046875,REPLAY,CLICK + HOLD,3,30,29,9,1,True,True,False
49.44493103027344,REPLAY,CLICK + HOLD,3,31,30,9,0,True,True,False
49.49308776855469,REPLAY,CLICK + HOLD,3,31,30,9,0,True,True,False
49.545257568359375,REPLAY,CLICK + HOLD,3,31,30,9,0,True,True,False
49.593414306640625,REPLAY,CLICK + HOLD,3,31,30,9,0,True,True,False
49.64558410644531,REPLAY,CLICK + HOLD,3,31,30,9,0,True,True,False
49.69374084472656,REPLAY,CLICK + HOLD,3,31,30,9,0,True,True,False
49.74591064453125,REPLAY,CLICK + HOLD,3,31,30,9,0,True,True,False
49.7940673828125,REPLAY,CLICK + HOLD,3,31,30,9,1,True,True,False
49.84222412109375,REPLAY,CLICK + HOLD,3,31,30,9,1,True,True,False
49.89439392089844,REPLAY,CLICK + HOLD,3,31,30,9,1,True,True,False
49.94255065917969,REPLAY,CLICK + HOLD,3,31,30,9,1,True,True,False
49.994720458984375,REPLAY,CLICK + HOLD,3,31,30,9,1,True,True,False
50.042877197265625,REPLAY,CLICK + HOLD,3,31,30,9,1,True,True,False
50.09504699707031,REPLAY,CLICK + HOLD,3,31,30,9,1,True,True,False
50.14320373535156,REPLAY,CLICK + HOLD,3,31,30,9,1,True,True,False
50.19537353515625,REPLAY,CLICK + HOLD,3,31,30,9,1,True,True,False
50.2435302734375,REPLAY,CLICK + HOLD,3,31,30,9,1,True,True,False
50.29570007324219,REPLAY,CLICK + HOLD,3,31,30,9,1,True,True,False
50.34385681152344,REPLAY,CLICK + HOLD,3,31,30,9,1,True,True,False
50.39201354980469,REPLAY,CLICK + HOLD,3,31,30,9,1,True,True,False
50.444183349609375,REPLAY,CLICK + HOLD,3,31,30,9,1,True,True,False
50.492340087890625,REPLAY,CLICK + HOLD,3,31,30,9,1,True,True,False
50.54450988769531,REPLAY,CLICK + HOLD,3,31,30,9,1,True,True,False
50.59266662597656,REPLAY,CLICK + HOLD,3,31,30,9,1,True,True,False
50.64483642578125,REPLAY,CLICK + HOLD,3,31,30,9,1,True,True,False
50.6929931640625,REPLAY,CLICK + HOLD,3,31,30,9,1,True,True,False
50.74516296386719,REPLAY,CLICK + HOLD,3,31,30,9,1,True,True,False
50.79331970214844,REPLAY,CLICK + HOLD,3,31,30,9,1,True,True,False
50.845489501953125,REPLAY,CLICK + HOLD,3,31,30,9,1,True,True,False
50.893646240234375,REPLAY,CLICK + HOLD,3,31,30,9,1,True,True,False
50.94581604003906,REPLAY,CLICK + HOLD,3,31,30,9,1,True,True,False
50.99397277832031,REPLAY,CLICK + HOLD,3,31,30,9,1,True,True,False
51.04212951660156,REPLAY,CLICK + HOLD,3,31,30,9,1,True,True,False
51.09429931640625,REPLAY,CLICK + HOLD,3,31,30,9,2,True,True,False
51.1424560546875,REPLAY,CLICK + HOLD,3,31,30,9,2,True,True,False
51.19462585449219,REPLAY,CLICK + HOLD,3,31,30,9,2,True,True,False
51.24278259277344,REPLAY,CLICK + HOLD,3,31,30,9,2,True,True,False
51.294952392578125,REPLAY,CLICK + HOLD,3,31,30,9,2,True,True,False
51.343109130859375,REPLAY,CLICK + HOLD,3,31,30,9,2,True,True,False
51.39527893066406,REPLAY,CLICK + HOLD,3,31,30,9,2,True,True,False
51.44343566894531,REPLAY,CLICK + HOLD,3,31,30,9,2,True,True,False
51.49560546875,REPLAY,CLICK + HOLD,3,31,30,9,2,True,True,False
51.54376220703125,REPLAY,CLICK + HOLD,3,31,30,9,2,True,True,False
51.59593200683594,REPLAY,CLICK + HOLD,3,31,30,9,2,True,True,False
51.64408874511719,REPLAY,CLICK + HOLD,3,31,30,9,2,True,True,False
51.69224548339844,REPLAY,CLICK + HOLD,3,31,30,9,2,True,True,False
51.744415283203125,REPLAY,CLICK + HOLD,3,31,30,9,2,True,True,False
51.792572021484375,REPLAY,CLICK + HOLD,3,31,30,9,2,True,True,False
51.84474182128906,REPLAY,CLICK + HOLD,3,31,30,9,2,True,True,False
51.89289855957031,REPLAY,CLICK + HOLD,3,31,30,9,2,True,True,False
51.945068359375,REPLAY,CLICK + HOLD,3,31,30,9,2,True,True,False
51.99322509765625,REPLAY,CLICK + HOLD,3,31,30,9,2,True,True,False
52.04539489746094,REPLAY,CLICK + HOLD,3,31,30,9,2,True,True,False
52.09355163574219,REPLAY,CLICK + HOLD,3,32,31,9,1,True,True,False
52.145721435546875,REPLAY,CLICK + HOLD,3,32,31,9,1,True,True,False
52.193878173828125,REPLAY,CLICK + HOLD,3,32,31,9,2,True,True,False
52.242034912109375,REPLAY,CLICK + HOLD,3,32,31,9,2,True,True,False
52.29420471191406,REPLAY,CLICK + HOLD,3,32,31,9,2,True,True,False
52.34236145019531,REPLAY,CLICK + HOLD,3,32,31,9,2,True,True,False
52.39453125,REPLAY,CLICK + HOLD,3,32,31,9,2,True,True,False
52.44268798828125,REPLAY,CLICK + HOLD,3,32,31,9,2,True,True,False
52.49485778808594,REPLAY,CLICK + HOLD,3,32,31,9,2,True,True,False
52.54301452636719,REPLAY,CLICK + HOLD,3,32,31,9,2,True,True,False
52.595184326171875,REPLAY,CLICK + HOLD,3,32,31,9,2,True,True,False
52.643341064453125,REPLAY,CLICK + HOLD,3,32,31,9,2,True,True,False
52.69551086425781,REPLAY,CLICK + HOLD,3,32,31,9,2,True,True,False
52.74366760253906,REPLAY,CLICK + HOLD,3,32,31,9,2,True,True,False
52.79583740234375,REPLAY,CLICK + HOLD,3,32,31,10,1,True,True,False
52.843994140625,REPLAY,CLICK + HOLD,3,32,31,10,1,True,True,False
52.89215087890625,REPLAY,CLICK + HOLD,3,32,31,10,1,True,True,False
52.94432067871094,REPLAY,CLICK + HOLD,3,32,31,10,1,True,True,False
52.99247741699219,REPLAY,CLICK + HOLD,3,32,31,10,2,True,True,False
53.044647216796875,REPLAY,CLICK + HOLD,3,32,31,10,2,True,True,False
53.092803955078125,REPLAY,CLICK + HOLD,3,32,31,10,2,True,True,False
53.14497375488281,REPLAY,CLICK + HOLD,3,32,31,10,2,True,True,False
53.19313049316406,REPLAY,CLICK + HOLD,3,32,31,10,2,True,True,False
53.24530029296875,REPLAY,CLICK + HOLD,3,32,31,10,2,True,True,False
53.29345703125,REPLAY,CLICK + HOLD,3,32,31,10,2,True,True,False
53.34562683105469,REPLAY,CLICK + HOLD,3,32,31,10,2,True,True,False
53.39378356933594,REPLAY,CLICK + HOLD,3,32,31,10,2,True,True,False
53.445953369140625,REPLAY,CLICK + HOLD,3,32,31,10,2,True,True,False
53.494110107421875,REPLAY,CLICK + HOLD,3,32,31,10,2,True,True,False
53.542266845703125,REPLAY,CLICK + HOLD,3,32,31,10,2,True,True,False
53.59443664550781,REPLAY,CLICK + HOLD,3,32,31,10,2,True,True,False
53.64259338378906,REPLAY,CLICK + HOLD,3,32,31,10,2,True,True,False
53.69476318359375,REPLAY,CLICK + HOLD,3,32,31,10,2,True,True,False
53.742919921875,REPLAY,CLICK + HOLD,3,32,31,10,2,True,True,False
53.79508972167969,REPLAY,CLICK + HOLD,3,32,31,10,2,True,True,False
53.84324645996094,REPLAY,CLICK + HOLD,3,32,31,10,2,True,True,False
53.895416259765625,REPLAY,CLICK + HOLD,3,32,31,10,2,True,True,False
53.943572998046875,REPLAY,CLICK + HOLD,3,32,31,10,2,True,True,False
53.99574279785156,REPLAY,CLICK + HOLD,3,32,31,10,2,True,True,False
54.04389953613281,REPLAY,CLICK + HOLD,3,32,31,10,2,True,True,False
54.09205627441406,REPLAY,CLICK + HOLD,3,32,31,10,2,True,True,False
54.14422607421875,REPLAY,CLICK + HOLD,3,32,31,10,2,True,True,False
54.1923828125,REPLAY,CLICK + HOLD,3,32,31,10,3,True,True,False
54.24455261230469,REPLAY,CLICK + HOLD,3,32,31,10,3,True,True,False
54.29270935058594,REPLAY,CLICK + HOLD,3,32,31,10,3,True,True,False
54.344879150390625,REPLAY,CLICK + HOLD,3,32,31,10,3,True,True,False
54.393035888671875,REPLAY,CLICK + HOLD,3,32,31,10,3,True,True,False
54.44520568847656,REPLAY,CLICK + HOLD,3,32,31,10,3,True,True,False
54.49336242675781,REPLAY,CLICK + HOLD,3,32,31,10,3,True,True,False
54.5455322265625,REPLAY,CLICK + HOLD,3,32,31,10,3,True,True,False
54.59368896484375,REPLAY,CLICK + HOLD,3,32,31,10,3,True,True,False
54.64585876464844,REPLAY,CLICK + HOLD,3,32,31,10,3,True,True,False
54.69401550292969,REPLAY,CLICK + HOLD,3,32,31,10,3,True,True,False
54.74217224121094,REPLAY,CLICK + HOLD,3,32,31,10,3,True,True,False
54.794342041015625,REPLAY,CLICK + HOLD,3,32,31,10,3,True,True,False
54.842498779296875,REPLAY,CLICK + HOLD,3,32,31,10,3,True,True,False
54.89466857910156,REPLAY,NEUTRAL,3,32,31,10,3,False,True,False
54.94282531738281,REPLAY,NEUTRAL,3,32,31,10,3,False,True,False
54.9949951171875,REPLAY,NEUTRAL,3,32,31,10,3,False,True,False
55.04315185546875,REPLAY,NEUTRAL,3,32,31,10,3,False,True,False
55.09532165527344,REPLAY,NEUTRAL,3,32,31,10,3,False,True,False
55.14347839355469,REPLAY,NEUTRAL,3,32,31,10,3,False,True,False
55.195648193359375,REPLAY,NEUTRAL,3,32,31,10,3,False,True,False
55.243804931640625,REPLAY,NEUTRAL,3,32,31,10,3,False,True,False
55.29597473144531,REPLAY,NEUTRAL,3,32,31,10,3,False,True,False
55.34413146972656,REPLAY,NEUTRAL,3,32,31,10,3,False,True,False
55.39228820800781,REPLAY,NEUTRAL,3,32,31,10,3,False,True,False
55.4444580078125,REPLAY,NEUTRAL,3,32,31,10,3,False,True,False
55.49261474609375,REPLAY,NEUTRAL,3,32,31,10,3,False,True,False
55.54478454589844,REPLAY,NEUTRAL,3,32,31,10,3,False,True,False
55.59294128417969,REPLAY,NEUTRAL,3,32,31,11,3,False,True,False
55.645111083984375,REPLAY,NEUTRAL,3,32,31,11,3,False,True,False
55.693267822265625,REPLAY,NEUTRAL,3,32,31,11,3,False,True,False
55.74543762207031,REPLAY,NEUTRAL,3,32,31,11,3,False,True,False
55.79359436035156,REPLAY,NEUTRAL,3,32,31,11,3,False,True,False
55.84576416015625,REPLAY,NEUTRAL,3,32,31,11,3,False,True,False
55.8939208984375,REPLAY,NEUTRAL,3,32,31,11,3,False,True,False
55.94207763671875,REPLAY,NEUTRAL,3,32,31,11,3,False,True,False
55.99424743652344,REPLAY,NEUTRAL,3,32,31,11,3,False,True,False
56.04240417480469,REPLAY,NEUTRAL,3,32,31,11,3,False,True,False
56.094573974609375,REPLAY,NEUTRAL,3,32,31,11,3,False,True,False
56.142730712890625,REPLAY,NEUTRAL,3,32,31,11,3,False,True,False
56.19490051269531,REPLAY,NEUTRAL,3,32,31,11,3,False,True,False
56.24305725097656,REPLAY,NEUTRAL,3,32,31,11,3,False,True,False
56.29522705078125,REPLAY,NEUTRAL,3,32,31,11,3,False,True,False
56.3433837890625,REPLAY,NEUTRAL,3,32,31,11,3,False,True,False
56.39555358886719,REPLAY,NEUTRAL,3,32,31,11,3,False,True,False
56.44371032714844,REPLAY,NEUTRAL,3,32,31,11,3,False,True,False
56.495880126953125,REPLAY,NEUTRAL,3,32,31,11,3,False,True,False
56.544036865234375,REPLAY,NEUTRAL,3,32,31,11,3,False,True,False
56.592193603515625,REPLAY,NEUTRAL,3,32,31,12,2,False,True,False
56.64436340332031,REPLAY,NEUTRAL,3,32,31,12,2,False,True,False
56.69252014160156,REPLAY,NEUTRAL,3,32,31,12,2,False,True,False
56.74468994140625,REPLAY,NEUTRAL,3,32,31,12,2,False,True,False
56.7928466796875,REPLAY,NEUTRAL,3,32,31,12,2,False,True,False
56.84501647949219,REPLAY,NEUTRAL,3,32,31,12,3,False,True,False
56.89317321777344,REPLAY,NEUTRAL,3,32,31,12,3,False,True,False
56.945343017578125,REPLAY,NEUTRAL,3,33,32,12,2,False,True,False
56.993499755859375,REPLAY,NEUTRAL,3,33,32,12,2,False,True,False
57.04566955566406,REPLAY,NEUTRAL,3,33,32,12,2,False,True,False
57.09382629394531,REPLAY,NEUTRAL,3,33,32,12,2,False,True,False
57.14198303222656,REPLAY,NEUTRAL,3,33,32,12,2,False,True,False
57.19415283203125,REPLAY,NEUTRAL,3,33,32,12,2,False,True,False
57.2423095703125,REPLAY,NEUTRAL,3,33,32,12,2,False,True,False
57.29447937011719,REPLAY,NEUTRAL,3,33,32,12,2,False,True,False
57.34263610839844,REPLAY,NEUTRAL,3,33,32,12,2,False,True,False
57.394805908203125,REPLAY,NEUTRAL,3,33,32,12,2,False,True,False
57.442962646484375,REPLAY,NEUTRAL,3,33,32,12,2,False,True,False
57.49513244628906,REPLAY,NEUTRAL,3,33,32,12,2,False,True,False
57.54328918457031,REPLAY,NEUTRAL,3,33,32,12,2,False,True,False
57.595458984375,REPLAY,NEUTRAL,3,33,32,12,2,False,True,False
57.64361572265625,REPLAY,NEUTRAL,3,33,32,12,2,False,True,False
57.69578552246094,REPLAY,NEUTRAL,3,33,32,12,2,False,True,False
57.74394226074219,REPLAY,NEUTRAL,3,33,32,12,2,False,True,False
57.79209899902344,REPLAY,NEUTRAL,3,33,32,12,2,False,True,False
57.844268798828125,REPLAY,NEUTRAL,3,33,32,12,2,False,True,False
57.892425537109375,REPLAY,NEUTRAL,3,33,32,12,2,False,True,False
57.94459533691406,REPLAY,NEUTRAL,3,33,32,12,2,False,True,False
57.99275207519531,REPLAY,NEUTRAL,3,33,32,12,3,False,True,False
58.044921875,REPLAY,NEUTRAL,3,33,32,12,3,False,True,False
58.09307861328125,REPLAY,NEUTRAL,3,33,32,12,3,False,True,False
58.14524841308594,REPLAY,NEUTRAL,3,33,32,12,3,False,True,False
58.19340515136719,REPLAY,NEUTRAL,3,33,32,12,3,False,True,False
58.245574951171875,REPLAY,NEUTRAL,3,33,32,12,3,False,True,False
58.293731689453125,REPLAY,NEUTRAL,3,33,32,12,3,False,True,False
58.34590148925781,REPLAY,NEUTRAL,3,33,32,12,3,False,True,False
58.39405822753906,REPLAY,NEUTRAL,3,33,32,12,3,False,True,False
58.44221496582031,REPLAY,NEUTRAL,3,33,32,12,3,False,True,False
58.494384765625,REPLAY,NEUTRAL,3,33,32,12,3,False,True,False
58.54254150390625,REPLAY,NEUTRAL,3,34,33,12,2,False,True,False
58.59471130371094,REPLAY,NEUTRAL,3,34,33,12,2,False,True,False
58.64286804199219,REPLAY,NEUTRAL,3,34,33,12,2,False,True,False
58.695037841796875,REPLAY,NEUTRAL,3,34,33,12,2,False,True,False
58.743194580078125,REPLAY,NEUTRAL,3,34,33,12,2,False,True,False
58.79536437988281,REPLAY,NEUTRAL,3,34,33,12,2,False,True,False
58.84352111816406,REPLAY,NEUTRAL,3,34,33,12,2,False,True,False
58.89569091796875,REPLAY,NEUTRAL,3,34,33,12,2,False,True,False
58.94384765625,REPLAY,NEUTRAL,3,34,33,12,2,False,True,False
58.99200439453125,REPLAY,NEUTRAL,3,34,33,12,2,False,True,False
59.04417419433594,REPLAY,NEUTRAL,3,34,33,12,2,False,True,False
59.09233093261719,REPLAY,NEUTRAL,3,34,33,12,2,False,True,False
59.144500732421875,REPLAY,NEUTRAL,3,34,33,12,2,False,True,False
59.192657470703125,REPLAY,NEUTRAL,3,34,33,12,2,False,True,False
59.24482727050781,REPLAY,NEUTRAL,3,34,33,12,2,False,True,False
59.29298400878906,REPLAY,NEUTRAL,3,34,33,12,2,False,True,False
59.34515380859375,REPLAY,NEUTRAL,3,34,33,12,2,False,True,False
59.393310546875,REPLAY,NEUTRAL,3,34,33,12,3,False,True,False
59.44548034667969,REPLAY,NEUTRAL,3,34,33,12,3,False,True,False
59.49363708496094,REPLAY,NEUTRAL,3,34,33,12,3,False,True,False
59.545806884765625,REPLAY,NEUTRAL,3,35,34,12,2,False,True,False
59.593963623046875,REPLAY,NEUTRAL,3,35,34,12,2,False,True,False
59.642120361328125,REPLAY,NEUTRAL,3,35,34,12,2,False,True,False
59.69429016113281,REPLAY,NEUTRAL,3,35,34,12,2,False,True,False
59.74244689941406,REPLAY,NEUTRAL,3,35,34,12,2,False,True,False
59.79461669921875,REPLAY,NEUTRAL,3,35,34,12,2,False,True,False
59.8427734375,REPLAY,NEUTRAL,3,35,34,12,2,False,True,False
59.89494323730469,REPLAY,NEUTRAL,3,35,34,12,2,False,True,False
59.94309997558594,REPLAY,NEUTRAL,3,35,34,12,2,False,True,False
59.995269775390625,REPLAY,NEUTRAL,3,35,34,12,2,False,True,False
60.043426513671875,REPLAY,NEUTRAL,3,35,34,12,2,False,True,False
60.09559631347656,REPLAY,NEUTRAL,3,35,34,12,2,False,True,False
60.14375305175781,REPLAY,NEUTRAL,3,35,34,12,2,False,True,False
60.1959228515625,REPLAY,NEUTRAL,3,35,34,12,2,False,True,False
60.24407958984375,REPLAY,CLICK,3,37,35,12,1,False,True,False
60.292236328125,REPLAY,NEUTRAL,3,37,35,12,1,False,True,False
60.34440612792969,REPLAY,NEUTRAL,3,37,35,12,1,False,True,False
60.39256286621094,REPLAY,NEUTRAL,3,37,35,12,1,False,True,False
60.444732666015625,REPLAY,NEUTRAL,3,37,35,12,1,False,True,False
60.492889404296875,REPLAY,NEUTRAL,3,37,35,12,1,False,True,False
60.54505920410156,REPLAY,NEUTRAL,3,37,35,12,1,False,True,False
60.59321594238281,REPLAY,NEUTRAL,3,37,35,12,1,False,True,False
60.6453857421875,REPLAY,NEUTRAL,3,37,35,12,1,False,True,False
60.69354248046875,REPLAY,NEUTRAL,3,37,35,12,1,False,True,False
60.74571228027344,REPLAY,CLICK,3,39,36,12,0,False,True,False
60.79386901855469,REPLAY,NEUTRAL,3,39,36,12,0,False,True,False
60.84202575683594,REPLAY,NEUTRAL,3,39,36,12,0,False,True,False
60.894195556640625,REPLAY,NEUTRAL,3,39,36,12,0,False,True,False
60.942352294921875,REPLAY,NEUTRAL,3,39,36,12,0,False,True,False
60.99452209472656,REPLAY,NEUTRAL,3,39,36,12,0,False,True,False
61.04267883300781,REPLAY,NEUTRAL,3,39,36,12,1,False,True,False
61.0948486328125,REPLAY,NEUTRAL,3,39,36,12,1,False,True,False
61.14300537109375,REPLAY,NEUTRAL,3,39,36,12,1,False,True,False
61.19517517089844,REPLAY,NEUTRAL,3,39,36,12,1,False,True,False
61.24333190917969,REPLAY,NEUTRAL,3,39,36,12,1,False,True,False
61.295501708984375,REPLAY,NEUTRAL,3,39,36,12,1,False,True,False
61.343658447265625,REPLAY,CLICK,3,41,37,12,0,False,True,False
61.39582824707031,REPLAY,NEUTRAL,3,41,37,12,0,False,True,False
61.44398498535156,REPLAY,NEUTRAL,3,41,37,12,0,False,True,False
61.49214172363281,REPLAY,NEUTRAL,3,41,37,12,0,False,True,False
61.5443115234375,REPLAY,NEUTRAL,3,41,37,12,0,False,True,False
61.59246826171875,REPLAY,NEUTRAL,3,41,37,12,0,False,True,False
61.64463806152344,REPLAY,NEUTRAL,3,41,37,12,0,False,True,False
61.69279479980469,REPLAY,NEUTRAL,3,41,37,12,0,False,True,False
61.744964599609375,REPLAY,NEUTRAL,3,41,37,12,0,False,True,False
61.793121337890625,REPLAY,NEUTRAL,3,41,37,12,0,False,True,False
61.84529113769531,REPLAY,NEUTRAL,3,41,37,12,0,False,True,False
61.89344787597656,REPLAY,NEUTRAL,3,41,37,12,0,False,True,False
61.94561767578125,REPLAY,CLICK,3,41,37,12,0,False,True,False
61.9937744140625,REPLAY,NEUTRAL,3,41,37,12,0,False,True,False
62.04594421386719,REPLAY,NEUTRAL,3,41,37,12,0,False,True,False
62.09410095214844,REPLAY,NEUTRAL,3,41,37,12,0,False,True,False
62.14225769042969,REPLAY,NEUTRAL,3,41,37,12,0,False,True,False
62.194427490234375,REPLAY,NEUTRAL,3,41,37,12,0,False,True,False
62.242584228515625,REPLAY,NEUTRAL,3,41,37,12,1,False,True,False
62.29475402832031,REPLAY,NEUTRAL,3,41,37,12,1,False,True,False
62.34291076660156,REPLAY,NEUTRAL,3,41,37,12,1,False,True,False
62.39508056640625,REPLAY,NEUTRAL,3,41,37,12,1,False,True,False
62.4432373046875,REPLAY,NEUTRAL,3,41,37,12,1,False,True,False
62.49540710449219,REPLAY,NEUTRAL,3,41,37,12,1,False,True,False
62.54356384277344,REPLAY,CLICK,3,43,38,12,0,False,True,False
62.595733642578125,REPLAY,NEUTRAL,3,43,38,12,0,False,True,False
62.643890380859375,REPLAY,NEUTRAL,3,43,38,12,0,False,True,False
62.692047119140625,REPLAY,NEUTRAL,3,43,38,12,0,False,True,False
62.74421691894531,REPLAY,NEUTRAL,3,43,38,12,0,False,True,False
62.79237365722656,REPLAY,NEUTRAL,3,43,38,12,0,False,True,False
62.84454345703125,REPLAY,NEUTRAL,3,43,38,12,0,False,True,False
62.8927001953125,REPLAY,NEUTRAL,3,43,38,12,0,False,True,False
62.94486999511719,REPLAY,NEUTRAL,3,43,38,12,0,False,True,False
62.99302673339844,REPLAY,NEUTRAL,3,43,38,12,0,False,True,False
63.045196533203125,REPLAY,NEUTRAL,3,43,38,12,0,False,True,False
63.093353271484375,REPLAY,NEUTRAL,3,43,38,12,0,False,True,False
63.14552307128906,REPLAY,CLICK,3,43,38,12,0,False,True,False
63.19367980957031,REPLAY,NEUTRAL,3,43,38,12,0,False,True,False
63.245849609375,REPLAY,NEUTRAL,3,43,38,12,0,False,True,False
63.29400634765625,REPLAY,NEUTRAL,3,43,38,12,1,False,True,False
63.3421630859375,REPLAY,NEUTRAL,3,43,38,12,1,False,True,False
63.39433288574219,REPLAY,NEUTRAL,3,43,38,12,1,False,True,False
63.44248962402344,REPLAY,NEUTRAL,3,43,38,12,1,False,True,False
63.494659423828125,REPLAY,NEUTRAL,3,43,38,12,1,False,True,False
63.542816162109375,REPLAY,NEUTRAL,3,43,38,12,1,False,True,False
63.59498596191406,REPLAY,NEUTRAL,3,43,38,12,1,False,True,False
63.64314270019531,REPLAY,NEUTRAL,3,43,38,12,1,False,True,False
63.6953125,REPLAY,NEUTRAL,3,43,38,12,1,False,True,False
63.74346923828125,REPLAY,CLICK,3,45,39,12,0,False,True,False
63.79563903808594,REPLAY,NEUTRAL,3,45,39,12,0,False,True,False
63.84379577636719,REPLAY,NEUTRAL,3,45,39,12,0,False,True,False
63.895965576171875,REPLAY,NEUTRAL,3,45,39,12,0,False,True,False
63.944122314453125,REPLAY,NEUTRAL,3,45,39,12,0,False,True,False
63.992279052734375,REPLAY,NEUTRAL,3,45,39,12,0,False,True,False
64.04444885253906,REPLAY,NEUTRAL,3,45,39,12,0,False,True,False
64.09260559082031,REPLAY,NEUTRAL,3,45,39,12,0,False,True,False
64.144775390625,REPLAY,NEUTRAL,3,45,39,12,0,False,True,False
64.19293212890625,REPLAY,NEUTRAL,3,45,39,12,0,False,True,False
64.24510192871094,REPLAY,NEUTRAL,3,45,39,12,1,False,True,False
64.29325866699219,REPLAY,NEUTRAL,3,45,39,12,1,False,True,False
64.34542846679688,REPLAY,CLICK,3,47,40,12,0,False,True,False
64.39358520507812,REPLAY,NEUTRAL,3,47,40,12,0,False,True,False
64.44575500488281,REPLAY,NEUTRAL,3,47,40,12,0,False,True,False
64.49391174316406,REPLAY,NEUTRAL,3,47,40,12,0,False,True,False
64.54206848144531,REPLAY,NEUTRAL,3,47,40,12,0,False,True,False
64.59423828125,REPLAY,NEUTRAL,3,47,40,12,0,False,True,False
64.64239501953125,REPLAY,NEUTRAL,3,47,40,12,0,False,True,False
64.69456481933594,REPLAY,NEUTRAL,3,47,40,12,0,False,True,False
64.74272155761719,REPLAY,NEUTRAL,3,47,40,12,0,False,True,False
64.79489135742188,REPLAY,NEUTRAL,3,47,40,12,0,False,True,False
64.84304809570312,REPLAY,NEUTRAL,3,47,40,12,0,False,True,False
64.89521789550781,REPLAY,CLICK,3,47,40,12,0,False,True,False
64.94337463378906,REPLAY,NEUTRAL,3,47,40,12,0,False,True,False
64.99554443359375,REPLAY,NEUTRAL,3,47,40,12,0,False,True,False
65.043701171875,REPLAY,NEUTRAL,3,47,40,12,0,False,True,False
65.09587097167969,REPLAY,NEUTRAL,3,47,40,12,0,False,True,False
65.14402770996094,REPLAY,NEUTRAL,3,47,40,12,0,False,True,False
65.19218444824219,REPLAY,NEUTRAL,3,47,40,12,1,False,True,False
65.24435424804688,REPLAY,NEUTRAL,3,47,40,12,1,False,True,False
65.29251098632812,REPLAY,NEUTRAL,3,47,40,12,1,False,True,False
65.34468078613281,REPLAY,NEUTRAL,3,47,40,12,1,False,True,False
65.39283752441406,REPLAY,NEUTRAL,3,47,40,12,1,False,True,False
65.44500732421875,REPLAY,CLICK,3,47,40,12,1,False,True,False
65.4931640625,REPLAY,NEUTRAL,3,47,40,12,1,False,True,False
65.54533386230469,REPLAY,NEUTRAL,3,47,40,12,1,False,True,False
65.59349060058594,REPLAY,NEUTRAL,3,47,40,12,1,False,True,False
65.64566040039062,REPLAY,NEUTRAL,3,47,40,12,1,False,True,False
65.69381713867188,REPLAY,NEUTRAL,3,47,40,12,1,False,True,False
65.74598693847656,REPLAY,NEUTRAL,3,47,40,12,1,False,True,False
65.79414367675781,REPLAY,NEUTRAL,3,47,40,12,1,False,True,False
65.84230041503906,REPLAY,NEUTRAL,3,47,40,12,1,False,True,False
65.89447021484375,REPLAY,NEUTRAL,3,47,40,12,1,False,True,False
65.942626953125,REPLAY,NEUTRAL,3,47,40,12,1,False,True,False
65.99479675292969,REPLAY,NEUTRAL,3,47,40,12,1,False,True,False
66.04295349121094,REPLAY,NEUTRAL,3,47,40,12,1,False,True,False
66.09512329101562,REPLAY,NEUTRAL,3,47,40,12,1,False,True,False
66.14328002929688,REPLAY,NEUTRAL,3,47,40,12,1,False,True,False
66.19544982910156,REPLAY,NEUTRAL,3,47,40,12,1,False,True,False
66.24360656738281,REPLAY,NEUTRAL,3,47,40,12,1,False,True,False
66.2957763671875,REPLAY,NEUTRAL,3,47,40,12,1,False,True,False
66.34393310546875,REPLAY,NEUTRAL,3,47,40,12,1,False,True,False
66.39208984375,REPLAY,NEUTRAL,3,47,40,12,1,False,True,False
66.44425964355469,REPLAY,NEUTRAL,3,47,40,12,2,False,True,False
66.49241638183594,REPLAY,NEUTRAL,3,47,40,12,2,False,True,False
66.54458618164062,REPLAY,NEUTRAL,3,47,40,12,2,False,True,False
66.59274291992188,REPLAY,CLICK,3,49,41,12,1,False,True,False
66.64491271972656,REPLAY,NEUTRAL,3,49,41,12,1,False,True,False
66.69306945800781,REPLAY,NEUTRAL,3,49,41,12,1,False,True,False
66.7452392578125,REPLAY,NEUTRAL,3,49,41,12,1,False,True,False
66.79339599609375,REPLAY,NEUTRAL,3,49,41,12,1,False,True,False
66.84556579589844,REPLAY,NEUTRAL,3,49,41,12,1,False,True,False
66.89372253417969,REPLAY,NEUTRAL,3,49,41,12,1,False,True,False
66.94589233398438,REPLAY,NEUTRAL,3,49,41,12,1,False,True,False
66.99404907226562,REPLAY,NEUTRAL,3,49,41,12,1,False,True,False
67.04220581054688,REPLAY,NEUTRAL,3,49,41,12,1,False,True,False
67.09437561035156,REPLAY,NEUTRAL,3,49,41,12,1,False,True,False
67.14253234863281,REPLAY,NEUTRAL,3,49,41,12,1,False,True,False
67.1947021484375,REPLAY,NEUTRAL,3,49,41,12,1,False,True,False
67.24285888671875,REPLAY,NEUTRAL,3,49,41,12,1,False,True,False
67.29502868652344,REPLAY,NEUTRAL,3,49,41,12,1,False,True,False
67.34318542480469,REPLAY,NEUTRAL,3,49,41,12,1,False,True,False
67.39535522460938,REPLAY,CLICK,3,49,41,12,1,False,True,False
67.44351196289062,REPLAY,NEUTRAL,3,49,41,12,1,False,True,False
67.49568176269531,REPLAY,NEUTRAL,3,49,41,12,1,False,True,False
67.54383850097656,REPLAY,NEUTRAL,3,49,41,12,1,False,True,False
67.59199523925781,REPLAY,NEUTRAL,3,49,41,12,1,False,True,False
67.6441650390625,REPLAY,NEUTRAL,3,49,41,12,2,False,True,False
67.69232177734375,REPLAY,NEUTRAL,3,49,41,12,2,False,True,False
67.74449157714844,REPLAY,NEUTRAL,3,49,41,12,2,False,True,False
67.79264831542969,REPLAY,NEUTRAL,3,49,41,12,2,False,True,False
67.84481811523438,REPLAY,NEUTRAL,3,49,41,12,2,False,True,False
67.89297485351562,REPLAY,NEUTRAL,3,49,41,12,2,False,True,False
67.94514465332031,REPLAY,NEUTRAL,3,49,41,12,2,False,True,False
67.99330139160156,REPLAY,NEUTRAL,3,49,41,12,2,False,True,False
68.04547119140625,REPLAY,NEUTRAL,3,49,41,12,2,False,True,False
68.0936279296875,REPLAY,NEUTRAL,3,49,41,12,2,False,True,False
68.14579772949219,REPLAY,CLICK,3,49,41,12,2,False,True,False
68.19395446777344,REPLAY,NEUTRAL,3,49,41,12,2,False,True,False
68.24211120605469,REPLAY,NEUTRAL,3,49,41,12,2,False,True,False
68.29428100585938,REPLAY,NEUTRAL,3,49,41,12,2,False,True,False
68.34243774414062,REPLAY,NEUTRAL,3,49,41,12,2,False,True,False
68.39460754394531,REPLAY,NEUTRAL,3,49,41,12,2,False,True,False
68.44276428222656,REPLAY,NEUTRAL,3,49,41,12,2,False,True,False
68.49493408203125,REPLAY,NEUTRAL,3,49,41,12,2,False,True,False
68.5430908203125,REPLAY,NEUTRAL,3,49,41,12,2,False,True,False
68.59526062011719,REPLAY,NEUTRAL,3,49,41,13,1,False,True,False
68.64341735839844,REPLAY,NEUTRAL,3,49,41,13,2,False,True,False
68.69558715820312,REPLAY,NEUTRAL,3,49,41,13,2,False,True,False
68.74374389648438,REPLAY,NEUTRAL,3,49,41,13,2,False,True,False
68.79591369628906,REPLAY,NEUTRAL,3,49,41,13,2,False,True,False
68.84407043457031,REPLAY,NEUTRAL,3,49,41,13,2,False,True,False
68.89222717285156,REPLAY,NEUTRAL,3,49,41,13,2,False,True,False
68.94439697265625,REPLAY,NEUTRAL,3,49,41,13,2,False,True,False
68.9925537109375,REPLAY,NEUTRAL,3,49,41,13,2,False,True,False
69.04472351074219,REPLAY,NEUTRAL,3,49,41,13,2,False,True,False
69.09288024902344,REPLAY,NEUTRAL,3,49,41,13,2,False,True,False
69.14505004882812,REPLAY,NEUTRAL,3,49,41,13,2,False,True,False
69.19320678710938,REPLAY,NEUTRAL,3,49,41,13,2,False,True,False
69.24537658691406,REPLAY,NEUTRAL,3,49,41,13,2,False,True,False
69.29353332519531,REPLAY,NEUTRAL,3,49,41,13,2,False,True,False
69.345703125,REPLAY,NEUTRAL,3,49,41,13,2,False,True,False
69.39385986328125,REPLAY,NEUTRAL,3,49,41,13,2,False,True,False
69.4420166015625,REPLAY,NEUTRAL,3,49,41,13,2,False,True,False
69.49418640136719,REPLAY,NEUTRAL,3,49,41,13,3,False,True,False
69.54234313964844,REPLAY,NEUTRAL,3,49,41,13,3,False,True,False
69.59451293945312,REPLAY,NEUTRAL,3,49,41,13,3,False,True,False
69.64266967773438,REPLAY,NEUTRAL,3,49,41,13,3,False,True,False
69.69483947753906,REPLAY,NEUTRAL,3,49,41,13,3,False,True,False
69.74299621582031,REPLAY,NEUTRAL,3,49,41,13,3,False,True,False
69.795166015625,REPLAY,NEUTRAL,3,49,41,13,3,False,True,False
69.84332275390625,REPLAY,NEUTRAL,3,49,41,13,3,False,True,False
69.89549255371094,REPLAY,NEUTRAL,3,49,41,13,3,False,True,False
69.94364929199219,REPLAY,NEUTRAL,3,49,41,13,3,False,True,False
69.99581909179688,REPLAY,NEUTRAL,3,49,41,13,3,False,True,False
70.04397583007812,REPLAY,NEUTRAL,3,49,41,13,3,False,True,False
70.09213256835938,REPLAY,NEUTRAL,3,49,41,13,3,False,True,False
70.14430236816406,REPLAY,NEUTRAL,3,49,41,13,3,False,True,False
70.19245910644531,REPLAY,NEUTRAL,3,49,41,13,3,False,True,False
70.24462890625,REPLAY,NEUTRAL,3,49,41,13,3,False,True,False
70.29278564453125,REPLAY,NEUTRAL,3,49,41,13,3,False,True,False
70.34495544433594,REPLAY,NEUTRAL,3,49,41,13,3,False,True,False
70.39311218261719,REPLAY,NEUTRAL,3,49,41,13,3,False,True,False
70.44528198242188,REPLAY,NEUTRAL,3,49,41,13,3,False,True,False
70.49343872070312,REPLAY,NEUTRAL,3,49,41,13,3,False,True,False
70.54560852050781,REPLAY,NEUTRAL,3,49,41,13,3,False,True,False
70.59376525878906,REPLAY,NEUTRAL,3,49,41,13,4,False,True,False
70.64593505859375,REPLAY,NEUTRAL,3,49,41,13,4,False,True,False
70.694091796875,REPLAY,NEUTRAL,3,49,41,13,4,False,True,False
70.74224853515625,REPLAY,NEUTRAL,3,49,41,13,4,False,True,False
70.79441833496094,REPLAY,NEUTRAL,3,49,41,13,4,False,True,False
70.84257507324219,REPLAY,NEUTRAL,3,49,41,14,3,False,True,False
70.89474487304688,REPLAY,NEUTRAL,3,49,41,14,3,False,True,False
70.94290161132812,REPLAY,NEUTRAL,3,49,41,14,3,False,True,False
70.99507141113281,REPLAY,NEUTRAL,3,49,41,14,3,False,True,False
71.04322814941406,REPLAY,NEUTRAL,3,49,41,14,3,False,True,False
71.09539794921875,REPLAY,NEUTRAL,3,49,41,14,3,False,True,False
71.1435546875,REPLAY,NEUTRAL,3,49,41,14,3,False,True,False
71.19572448730469,REPLAY,NEUTRAL,3,49,41,14,3,False,True,False
71.24388122558594,REPLAY,NEUTRAL,3,49,41,14,3,False,True,False
71.29203796386719,REPLAY,NEUTRAL,3,49,41,14,3,False,True,False
71.34420776367188,REPLAY,NEUTRAL,3,49,41,14,3,False,True,False
71.39236450195312,REPLAY,NEUTRAL,3,49,41,14,3,False,True,False
71.44453430175781,REPLAY,NEUTRAL,3,49,41,14,3,False,True,False
71.49269104003906,REPLAY,NEUTRAL,3,49,41,14,3,False,True,False
71.54486083984375,REPLAY,NEUTRAL,3,49,41,14,3,False,True,False
71.593017578125,REPLAY,NEUTRAL,3,49,41,14,3,False,True,False
71.64518737792969,REPLAY,NEUTRAL,3,50,42,14,2,False,True,False
71.69334411621094,REPLAY,NEUTRAL,3,50,42,14,2,False,True,False
71.74551391601562,REPLAY,NEUTRAL,3,50,42,14,2,False,True,False
71.79367065429688,REPLAY,NEUTRAL,3,50,42,14,2,False,True,False
71.84584045410156,REPLAY,NEUTRAL,3,50,42,14,2,False,True,False
71.89399719238281,REPLAY,NEUTRAL,3,50,42,14,2,False,True,False
71.94215393066406,REPLAY,NEUTRAL,3,50,42,14,2,False,True,False
71.99432373046875,REPLAY,NEUTRAL,3,50,42,14,2,False,True,False
72.04248046875,REPLAY,NEUTRAL,3,50,42,14,2,False,True,False
72.09465026855469,REPLAY,NEUTRAL,3,50,42,14,2,False,True,False
72.14280700683594,REPLAY,NEUTRAL,3,50,42,14,2,False,True,False
72.19497680664062,REPLAY,NEUTRAL,3,50,42,14,2,False,True,False
72.24313354492188,REPLAY,NEUTRAL,3,50,42,14,3,False,True,False
72.29530334472656,REPLAY,NEUTRAL,3,50,42,14,3,False,True,False
72.34346008300781,REPLAY,NEUTRAL,3,50,42,14,3,False,True,False
72.3956298828125,REPLAY,NEUTRAL,3,50,42,14,3,False,True,False
72.44378662109375,REPLAY,NEUTRAL,3,50,42,14,3,False,True,False
72.49595642089844,REPLAY,NEUTRAL,3,50,42,14,3,False,True,False
72.54411315917969,REPLAY,NEUTRAL,3,51,43,14,2,False,True,False
72.59226989746094,REPLAY,NEUTRAL,3,51,43,14,2,False,True,False
72.64443969726562,REPLAY,NEUTRAL,3,51,43,14,2,False,True,False
72.69259643554688,REPLAY,NEUTRAL,3,51,43,14,2,False,True,False
72.74476623535156,REPLAY,NEUTRAL,3,51,43,14,2,False,True,False
72.79292297363281,REPLAY,NEUTRAL,3,51,43,14,2,False,True,False
72.8450927734375,REPLAY,NEUTRAL,3,51,43,14,2,False,True,False
72.89324951171875,REPLAY,NEUTRAL,3,51,43,14,2,False,True,False
72.94541931152344,REPLAY,NEUTRAL,3,51,43,14,2,False,True,False
72.99357604980469,REPLAY,NEUTRAL,3,51,43,14,2,False,True,False
73.04574584960938,REPLAY,NEUTRAL,3,51,43,14,2,False,True,False
73.09390258789062,REPLAY,NEUTRAL,3,51,43,14,2,False,True,False
73.14205932617188,REPLAY,NEUTRAL,3,51,43,14,2,False,True,False
73.19422912597656,REPLAY,NEUTRAL,3,51,43,14,2,False,True,False
73.24238586425781,REPLAY,NEUTRAL,3,51,43,14,2,False,True,False
73.2945556640625,REPLAY,NEUTRAL,3,51,43,14,3,False,True,False
73.34271240234375,REPLAY,NEUTRAL,3,51,43,14,3,False,True,False
73.39488220214844,REPLAY,NEUTRAL,3,51,43,14,3,False,True,False
73.44303894042969,REPLAY,NEUTRAL,3,51,43,14,3,False,True,False
73.49520874023438,REPLAY,NEUTRAL,3,51,43,14,3,False,True,False
73.54336547851562,REPLAY,NEUTRAL,3,51,43,14,3,False,True,False
73.59553527832031,REPLAY,NEUTRAL,3,51,43,14,3,False,True,False
73.64369201660156,REPLAY,NEUTRAL,3,51,43,14,3,False,True,False
73.69586181640625,REPLAY,NEUTRAL,3,51,43,14,3,False,True,False
73.7440185546875,REPLAY,NEUTRAL,3,51,43,15,2,False,True,False
73.79217529296875,REPLAY,NEUTRAL,3,51,43,15,2,False,True,False
73.84434509277344,REPLAY,NEUTRAL,3,51,43,15,2,False,True,False
73.89250183105469,REPLAY,NEUTRAL,3,51,43,15,2,False,True,False
73.94467163085938,REPLAY,NEUTRAL,3,51,43,15,2,False,True,False
73.99282836914062,REPLAY,NEUTRAL,3,51,43,15,2,False,True,False
74.04499816894531,REPLAY,NEUTRAL,3,51,43,15,2,False,True,False
74.09315490722656,REPLAY,NEUTRAL,3,51,43,15,2,False,True,False
74.14532470703125,REPLAY,NEUTRAL,3,51,43,15,2,False,True,False
74.1934814453125,REPLAY,NEUTRAL,3,51,43,15,2,False,True,False
74.24565124511719,REPLAY,NEUTRAL,3,51,43,15,2,False,True,False
74.29380798339844,REPLAY,NEUTRAL,3,51,43,15,2,False,True,False
74.34597778320312,REPLAY,NEUTRAL,3,51,43,15,2,False,True,False
74.39413452148438,REPLAY,NEUTRAL,3,51,43,15,2,False,True,False
74.44229125976562,REPLAY,NEUTRAL,3,51,43,15,2,False,True,False
74.49446105957031,REPLAY,NEUTRAL,3,51,43,15,3,False,True,False
74.54261779785156,REPLAY,NEUTRAL,3,51,43,15,3,False,True,False
74.59478759765625,REPLAY,NEUTRAL,3,51,43,15,3,False,True,False
74.6429443359375,REPLAY,NEUTRAL,3,51,43,15,3,False,True,False
74.69511413574219,REPLAY,NEUTRAL,3,51,43,15,3,False,True,False
74.74327087402344,REPLAY,NEUTRAL,3,51,43,15,3,False,True,False
74.79544067382812,REPLAY,NEUTRAL,3,51,43,15,3,False,True,False
74.84359741210938,REPLAY,NEUTRAL,3,51,43,15,3,False,True,False
74.89576721191406,REPLAY,NEUTRAL,3,51,43,15,3,False,True,False
74.94392395019531,REPLAY,NEUTRAL,3,51,43,15,3,False,True,False
74.99208068847656,REPLAY,NEUTRAL,3,51,43,15,3,False,True,False
75.04425048828125,REPLAY,NEUTRAL,3,51,43,15,3,False,True,False
75.0924072265625,REPLAY,NEUTRAL,3,51,43,15,3,False,True,False
75.14457702636719,REPLAY,NEUTRAL,3,51,43,15,3,False,True,False
75.19273376464844,REPLAY,NEUTRAL,3,51,43,15,3,False,True,False
75.24490356445312,REPLAY,NEUTRAL,3,52,44,15,2,False,True,False
75.29306030273438,REPLAY,NEUTRAL,3,52,44,15,2,False,True,False
75.34523010253906,REPLAY,NEUTRAL,3,52,44,15,2,False,True,False
75.39338684082031,REPLAY,NEUTRAL,3,52,44,15,2,False,True,False
75.445556640625,REPLAY,NEUTRAL,3,52,44,15,2,False,True,False
75.49371337890625,REPLAY,NEUTRAL,3,52,44,15,2,False,True,False
75.54588317871094,REPLAY,NEUTRAL,3,52,44,15,2,False,True,False
75.59403991699219,REPLAY,NEUTRAL,3,52,44,15,2,False,True,False
75.64219665527344,REPLAY,NEUTRAL,3,52,44,15,2,False,True,False
75.69436645507812,REPLAY,NEUTRAL,3,52,44,15,3,False,True,False
75.74252319335938,REPLAY,NEUTRAL,3,52,44,15,3,False,True,False
75.79469299316406,REPLAY,NEUTRAL,3,52,44,15,3,False,True,False
75.84284973144531,REPLAY,NEUTRAL,3,52,44,15,3,False,True,False
75.89501953125,REPLAY,NEUTRAL,3,52,44,15,3,False,True,False
75.94317626953125,REPLAY,NEUTRAL,3,52,44,15,3,False,True,False
75.99534606933594,REPLAY,NEUTRAL,3,52,44,15,3,False,True,False
76.04350280761719,REPLAY,NEUTRAL,3,52,44,15,3,False,True,False
76.09567260742188,REPLAY,NEUTRAL,3,52,44,15,3,False,True,False
76.14382934570312,REPLAY,NEUTRAL,3,52,44,15,3,False,True,False
76.19198608398438,REPLAY,NEUTRAL,3,52,44,15,3,False,True,False
76.24415588378906,REPLAY,NEUTRAL,3,52,44,15,3,False,True,False
76.29231262207031,REPLAY,NEUTRAL,3,52,44,15,3,False,True,False
76.344482421875,REPLAY,NEUTRAL,3,52,44,15,3,False,True,False
76.39263916015625,REPLAY,NEUTRAL,3,52,44,15,3,False,True,False
76.44480895996094,REPLAY,NEUTRAL,3,52,44,15,3,False,True,False
76.49296569824219,REPLAY,NEUTRAL,3,52,44,15,3,False,True,False
76.54513549804688,REPLAY,NEUTRAL,3,52,44,15,3,False,True,False
76.59329223632812,REPLAY,NEUTRAL,3,52,44,15,3,False,True,False
76.64546203613281,REPLAY,NEUTRAL,3,52,44,15,3,False,True,False
76.69361877441406,REPLAY,NEUTRAL,3,52,44,15,3,False,True,False
76.74578857421875,REPLAY,NEUTRAL,3,52,44,15,3,False,True,False
76.7939453125,REPLAY,NEUTRAL,3,52,44,16,2,False,True,False
76.84210205078125,REPLAY,NEUTRAL,3,52,44,16,2,False,True,False
76.89427185058594,REPLAY,NEUTRAL,3,52,44,16,2,False,True,False
76.94242858886719,REPLAY,NEUTRAL,3,52,44,16,2,False,True,False
76.99459838867188,REPLAY,NEUTRAL,3,52,44,16,2,False,True,False
77.04275512695312,REPLAY,NEUTRAL,3,52,44,16,2,False,True,False
77.09492492675781,REPLAY,NEUTRAL,3,52,44,16,2,False,True,False
77.14308166503906,REPLAY,NEUTRAL,3,52,44,16,2,False,True,False
77.19525146484375,REPLAY,NEUTRAL,3,52,44,16,3,False,True,False
77.243408203125,REPLAY,NEUTRAL,3,52,44,16,3,False,True,False
77.29557800292969,REPLAY,NEUTRAL,3,52,44,16,3,False,True,False
77.34373474121094,REPLAY,NEUTRAL,3,52,44,16,3,False,True,False
77.39590454101562,REPLAY,NEUTRAL,3,52,44,16,3,False,True,False
77.44406127929688,REPLAY,NEUTRAL,3,52,44,16,3,False,True,False
77.49221801757812,REPLAY,NEUTRAL,3,52,44,16,3,False,True,False
77.54438781738281,REPLAY,NEUTRAL,3,52,44,16,3,False,True,False
77.59254455566406,REPLAY,NEUTRAL,3,52,44,16,3,False,True,False
77.64471435546875,REPLAY,NEUTRAL,3,53,45,16,2,False,True,False
77.69287109375,REPLAY,NEUTRAL,3,53,45,16,2,False,True,False
77.74504089355469,REPLAY,NEUTRAL,3,53,45,16,2,False,True,False
77.79319763183594,REPLAY,NEUTRAL,3,53,45,16,2,False,True,False
77.84536743164062,REPLAY,NEUTRAL,3,53,45,16,2,False,True,False
77.89352416992188,REPLAY,NEUTRAL,3,53,45,16,2,False,True,False
77.94569396972656,REPLAY,NEUTRAL,3,53,45,16,2,False,True,False
77.99385070800781,REPLAY,NEUTRAL,3,53,45,16,2,False,True,False
78.04200744628906,REPLAY,NEUTRAL,3,53,45,16,2,False,True,False
78.09417724609375,REPLAY,NEUTRAL,3,53,45,16,2,False,True,False
78.142333984375,REPLAY,NEUTRAL,3,53,45,16,2,False,True,False
78.19450378417969,REPLAY,NEUTRAL,3,53,45,16,2,False,True,False
78.24266052246094,REPLAY,NEUTRAL,3,53,45,16,2,False,True,False
78.29483032226562,REPLAY,NEUTRAL,3,53,45,16,2,False,True,False
78.34298706054688,REPLAY,NEUTRAL,3,53,45,16,2,False,True,False
78.39515686035156,REPLAY,NEUTRAL,3,53,45,16,2,False,True,False
78.44331359863281,REPLAY,NEUTRAL,3,53,45,16,2,False,True,False
78.4954833984375,REPLAY,NEUTRAL,3,53,45,16,2,False,True,False
78.54364013671875,REPLAY,NEUTRAL,3,53,45,16,2,False,True,False
78.59580993652344,REPLAY,NEUTRAL,3,53,45,16,2,False,True,False
78.64396667480469,REPLAY,NEUTRAL,3,53,45,16,2,False,True,False
78.69212341308594,REPLAY,NEUTRAL,3,53,45,16,2,False,True,False
78.74429321289062,REPLAY,NEUTRAL,3,53,45,16,2,False,True,False
78.79244995117188,REPLAY,NEUTRAL,3,53,45,16,2,False,True,False
78.84461975097656,REPLAY,NEUTRAL,3,53,45,16,3,False,True,False
78.89277648925781,REPLAY,NEUTRAL,3,53,45,16,3,False,True,False
78.9449462890625,REPLAY,NEUTRAL,3,53,45,16,3,False,True,False
78.99310302734375,REPLAY,NEUTRAL,3,53,45,17,2,False,True,False
79.04527282714844,REPLAY,NEUTRAL,3,53,45,17,2,False,True,False
79.09342956542969,REPLAY,NEUTRAL,3,53,45,17,2,False,True,False
79.14559936523438,REPLAY,NEUTRAL,3,53,45,17,2,False,True,False
79.19375610351562,REPLAY,NEUTRAL,3,53,45,17,2,False,True,False
79.24592590332031,REPLAY,NEUTRAL,3,53,45,17,2,False,True,False
79.29408264160156,REPLAY,NEUTRAL,3,53,45,17,2,False,True,False
79.34223937988281,REPLAY,NEUTRAL,3,53,45,17,2,False,True,False
79.3944091796875,REPLAY,NEUTRAL,3,53,45,17,2,False,True,False
79.44256591796875,REPLAY,NEUTRAL,3,53,45,17,2,False,True,False
79.49473571777344,REPLAY,NEUTRAL,3,53,45,17,2,False,True,False
79.54289245605469,REPLAY,NEUTRAL,3,53,45,17,2,False,True,False
79.59506225585938,REPLAY,NEUTRAL,3,53,45,17,2,False,True,False
79.64321899414062,REPLAY,NEUTRAL,3,53,45,17,2,False,True,False
79.69538879394531,REPLAY,NEUTRAL,3,53,45,17,2,False,True,False
79.74354553222656,REPLAY,NEUTRAL,3,53,45,17,2,False,True,False
79.79571533203125,REPLAY,NEUTRAL,3,53,45,17,2,False,True,False
79.8438720703125,REPLAY,NEUTRAL,3,53,45,17,2,False,True,False
79.89202880859375,REPLAY,NEUTRAL,3,53,45,17,2,False,True,False
79.94419860839844,REPLAY,NEUTRAL,3,53,45,17,2,False,True,False
79.99235534667969,REPLAY,NEUTRAL,3,53,45,17,2,False,True,False
80.04452514648438,REPLAY,NEUTRAL,3,53,45,17,2,False,True,False
80.09268188476562,REPLAY,NEUTRAL,3,53,45,17,2,False,True,False
80.14485168457031,REPLAY,NEUTRAL,3,53,45,17,2,False,True,False
80.19300842285156,REPLAY,NEUTRAL,3,53,45,17,2,False,True,False
80.24517822265625,REPLAY,NEUTRAL,3,53,45,17,2,False,True,False
80.2933349609375,REPLAY,NEUTRAL,3,53,45,17,2,False,True,False
80.34550476074219,REPLAY,NEUTRAL,3,53,45,17,3,False,True,False
80.39366149902344,REPLAY,NEUTRAL,3,53,45,17,3,False,True,False
80.44583129882812,REPLAY,NEUTRAL,3,54,46,17,2,False,True,False
80.49398803710938,REPLAY,NEUTRAL,3,54,46,17,2,False,True,False
80.54214477539062,REPLAY,NEUTRAL,3,54,46,17,2,False,True,False
80.59431457519531,REPLAY,NEUTRAL,3,54,46,17,2,False,True,False
80.64247131347656,REPLAY,NEUTRAL,3,54,46,17,2,False,True,False
80.69464111328125,REPLAY,NEUTRAL,3,54,46,17,2,False,True,False
80.7427978515625,REPLAY,NEUTRAL,3,54,46,17,2,False,True,False
80.79496765136719,REPLAY,NEUTRAL,3,54,46,17,2,False,True,False
80.84312438964844,REPLAY,NEUTRAL,3,54,46,17,2,False,True,False
80.89529418945312,REPLAY,NEUTRAL,3,54,46,17,2,False,True,False
80.94345092773438,REPLAY,NEUTRAL,3,54,46,17,2,False,True,False
80.99562072753906,REPLAY,NEUTRAL,3,54,46,17,2,False,True,False
81.04377746582031,REPLAY,NEUTRAL,3,54,46,17,2,False,True,False
81.095947265625,REPLAY,NEUTRAL,3,54,46,17,2,False,True,False
81.14410400390625,REPLAY,NEUTRAL,3,54,46,17,2,False,True,False
81.1922607421875,REPLAY,NEUTRAL,3,54,46,17,2,False,True,False
81.24443054199219,REPLAY,NEUTRAL,3,54,46,17,2,False,True,False
81.29258728027344,REPLAY,NEUTRAL,3,54,46,17,3,False,True,False
81.34475708007812,REPLAY,NEUTRAL,3,54,46,17,3,False,True,False
81.39291381835938,REPLAY,NEUTRAL,3,54,46,17,3,False,True,False
81.44508361816406,REPLAY,NEUTRAL,3,54,46,17,3,False,True,False
81.49324035644531,REPLAY,NEUTRAL,3,54,46,17,3,False,True,False
81.54541015625,REPLAY,NEUTRAL,3,54,46,17,3,False,True,False
81.59356689453125,REPLAY,NEUTRAL,3,54,46,17,3,False,True,False
81.64573669433594,REPLAY,NEUTRAL,3,54,46,17,3,False,True,False
81.69389343261719,REPLAY,NEUTRAL,3,54,46,17,3,False,True,False
81.74205017089844,REPLAY,NEUTRAL,3,54,46,17,3,False,True,False
81.79421997070312,REPLAY,NEUTRAL,3,54,46,17,3,False,True,False
81.84237670898438,REPLAY,NEUTRAL,3,54,46,18,2,False,True,False
81.89454650878906,REPLAY,NEUTRAL,3,54,46,18,2,False,True,False
81.94270324707031,REPLAY,NEUTRAL,3,54,46,18,2,False,True,False
81.994873046875,REPLAY,NEUTRAL,3,54,46,18,2,False,True,False
82.04302978515625,REPLAY,NEUTRAL,3,54,46,18,2,False,True,False
82.09519958496094,REPLAY,NEUTRAL,3,54,46,18,2,False,True,False
82.14335632324219,REPLAY,NEUTRAL,3,54,46,18,2,False,True,False
82.19552612304688,REPLAY,NEUTRAL,3,54,46,18,2,False,True,False
82.24368286132812,REPLAY,NEUTRAL,3,54,46,18,2,False,True,False
82.29585266113281,REPLAY,NEUTRAL,3,54,46,18,2,False,True,False
82.34400939941406,REPLAY,NEUTRAL,3,54,46,18,2,False,True,False
82.39216613769531,REPLAY,NEUTRAL,3,54,46,18,3,False,True,False
82.4443359375,REPLAY,NEUTRAL,3,54,46,18,3,False,True,False
82.49249267578125,REPLAY,NEUTRAL,3,54,46,18,3,False,True,False
82.54466247558594,REPLAY,NEUTRAL,3,54,46,18,3,False,True,False
82.59281921386719,REPLAY,NEUTRAL,3,54,46,18,3,False,True,False
82.64498901367188,REPLAY,NEUTRAL,3,54,46,18,3,False,True,False
82.69314575195312,REPLAY,NEUTRAL,3,54,46,18,3,False,True,False
82.74531555175781,REPLAY,NEUTRAL,3,54,46,18,3,False,True,False
82.79347229003906,REPLAY,NEUTRAL,3,54,46,18,3,False,True,False
82.84564208984375,REPLAY,NEUTRAL,3,54,46,18,3,False,True,False
82.893798828125,REPLAY,NEUTRAL,3,54,46,18,3,False,True,False
82.94596862792969,REPLAY,NEUTRAL,3,54,46,18,3,False,True,False
82.99412536621094,REPLAY,NEUTRAL,3,54,46,18,3,False,True,False
83.04228210449219,REPLAY,NEUTRAL,3,54,46,18,3,False,True,False
83.09445190429688,REPLAY,NEUTRAL,3,54,46,18,3,False,True,False
83.14260864257812,REPLAY,NEUTRAL,3,54,46,18,3,False,True,False
83.19477844238281,REPLAY,NEUTRAL,3,54,46,18,3,False,True,False
83.24293518066406,REPLAY,NEUTRAL,3,54,46,18,3,False,True,False
83.29510498046875,REPLAY,NEUTRAL,3,55,47,18,2,False,True,False
83.34326171875,REPLAY,NEUTRAL,3,55,47,18,2,False,True,False
83.39543151855469,REPLAY,NEUTRAL,3,55,47,18,2,False,True,False
83.44358825683594,REPLAY,NEUTRAL,3,55,47,18,2,False,True,False
83.49575805664062,REPLAY,NEUTRAL,3,55,47,18,2,False,True,False
83.54391479492188,REPLAY,NEUTRAL,3,55,47,18,2,False,True,False
83.59207153320312,REPLAY,NEUTRAL,3,55,47,18,2,False,True,False
83.64424133300781,REPLAY,NEUTRAL,3,55,47,18,2,False,True,False
83.69239807128906,REPLAY,NEUTRAL,3,55,47,18,2,False,True,False
83.74456787109375,REPLAY,NEUTRAL,3,55,47,18,2,False,True,False
83.792724609375,REPLAY,NEUTRAL,3,55,47,18,2,False,True,False
83.84489440917969,REPLAY,NEUTRAL,3,55,47,18,3,False,True,False
83.89305114746094,REPLAY,NEUTRAL,3,55,47,18,3,False,True,False
83.94522094726562,REPLAY,NEUTRAL,3,55,47,18,3,False,True,False
83.99337768554688,REPLAY,NEUTRAL,3,55,47,18,3,False,True,False
84.04554748535156,REPLAY,NEUTRAL,3,55,47,18,3,False,True,False
84.09370422363281,REPLAY,NEUTRAL,3,55,47,18,3,False,True,False
84.1458740234375,REPLAY,NEUTRAL,3,55,47,18,3,False,True,False
84.19403076171875,REPLAY,NEUTRAL,3,55,47,18,3,False,True,False
84.2421875,REPLAY,NEUTRAL,3,55,47,18,3,False,True,False
84.29435729980469,REPLAY,NEUTRAL,3,55,47,18,3,False,True,False
84.34251403808594,REPLAY,NEUTRAL,3,55,47,18,3,False,True,False
84.39468383789062,REPLAY,NEUTRAL,3,55,47,18,3,False,True,False
84.44284057617188,REPLAY,NEUTRAL,3,55,47,18,3,False,True,False
84.49501037597656,REPLAY,NEUTRAL,3,55,47,18,3,False,True,False
84.54316711425781,REPLAY,NEUTRAL,3,56,48,18,2,False,True,False
84.5953369140625,REPLAY,NEUTRAL,3,56,48,18,2,False,True,False
84.64349365234375,REPLAY,NEUTRAL,3,56,48,18,2,False,True,False
84.69566345214844,REPLAY,NEUTRAL,3,56,48,18,2,False,True,False
84.74382019042969,REPLAY,NEUTRAL,3,56,48,18,2,False,True,False
84.79197692871094,REPLAY,NEUTRAL,3,56,48,18,2,False,True,False
84.84414672851562,REPLAY,NEUTRAL,3,56,48,18,2,False,True,False
84.89230346679688,REPLAY,NEUTRAL,3,56,48,18,2,False,True,False
84.94447326660156,REPLAY,CLICK,3,58,49,18,1,False,True,False
84.99263000488281,REPLAY,NEUTRAL,3,58,49,18,1,False,True,False
85.0447998046875,REPLAY,NEUTRAL,3,58,49,18,1,False,True,False
85.09295654296875,REPLAY,NEUTRAL,3,58,49,18,1,False,True,False
85.14512634277344,REPLAY,NEUTRAL,3,58,49,18,1,False,True,False
85.19328308105469,REPLAY,NEUTRAL,3,58,49,18,1,False,True,False
85.24545288085938,REPLAY,CLICK + HOLD,3,58,49,18,2,True,True,False
85.29360961914062,REPLAY,CLICK + HOLD,3,58,49,18,2,True,True,False
85.34577941894531,REPLAY,CLICK + HOLD,3,58,49,18,2,True,True,False
85.39393615722656,REPLAY,CLICK + HOLD,3,58,49,19,1,True,True,False
85.44209289550781,REPLAY,CLICK + HOLD,3,58,49,19,1,True,True,False
85.4942626953125,REPLAY,CLICK + HOLD,3,58,49,19,1,True,True,False
85.54241943359375,REPLAY,CLICK + HOLD,3,58,49,19,1,True,True,False
85.59458923339844,REPLAY,CLICK + HOLD,3,58,49,19,1,True,True,False
85.64274597167969,REPLAY,CLICK + HOLD,3,58,49,19,1,True,True,False
85.69491577148438,REPLAY,CLICK + HOLD,3,58,49,19,1,True,True,False
85.74307250976562,REPLAY,CLICK + HOLD,3,58,49,19,1,True,True,False
85.79524230957031,REPLAY,CLICK + HOLD,3,58,49,19,1,True,True,False
85.84339904785156,REPLAY,CLICK + HOLD,3,58,49,19,1,True,True,False
85.89556884765625,REPLAY,CLICK + HOLD,3,58,49,19,1,True,True,False
85.9437255859375,REPLAY,CLICK + HOLD,3,58,49,19,1,True,True,False
85.99589538574219,REPLAY,CLICK + HOLD,3,58,49,19,1,True,True,False
86.04405212402344,REPLAY,CLICK + HOLD,3,58,49,19,1,True,True,False
86.09220886230469,REPLAY,CLICK + HOLD,3,58,49,19,1,True,True,False
86.14437866210938,REPLAY,CLICK + HOLD,3,58,49,19,2,True,True,False
86.19253540039062,REPLAY,CLICK + HOLD,3,58,49,19,2,True,True,False
86.24470520019531,REPLAY,CLICK + HOLD,3,58,49,19,2,True,True,False
86.29286193847656,REPLAY,CLICK + HOLD,3,58,49,19,2,True,True,False
86.34503173828125,REPLAY,CLICK + HOLD,3,58,49,19,2,True,True,False
86.3931884765625,REPLAY,CLICK + HOLD,3,58,49,19,2,True,True,False
86.44535827636719,REPLAY,CLICK + HOLD,3,58,49,19,2,True,True,False
86.49351501464844,REPLAY,CLICK + HOLD,3,58,49,19,2,True,True,False
86.54568481445312,REPLAY,CLICK + HOLD,3,58,49,19,2,True,True,False
86.59384155273438,REPLAY,CLICK + HOLD,3,58,49,19,2,True,True,False
86.64199829101562,REPLAY,CLICK + HOLD,3,58,49,19,2,True,True,False
86.69416809082031,REPLAY,CLICK + HOLD,3,58,49,19,2,True,True,False
86.74232482910156,REPLAY,CLICK + HOLD,3,58,49,19,2,True,True,False
86.79449462890625,REPLAY,CLICK + HOLD,3,58,49,19,2,True,True,False
86.8426513671875,REPLAY,CLICK + HOLD,3,58,49,19,2,True,True,False
86.89482116699219,REPLAY,CLICK + HOLD,3,58,49,19,2,True,True,False
86.94297790527344,REPLAY,CLICK + HOLD,3,59,50,19,1,True,True,False
86.99514770507812,REPLAY,CLICK + HOLD,3,59,50,19,1,True,True,False
87.04330444335938,REPLAY,CLICK + HOLD,3,59,50,19,1,True,True,False
87.09547424316406,REPLAY,CLICK + HOLD,3,59,50,19,1,True,True,False
87.14363098144531,REPLAY,CLICK + HOLD,3,59,50,19,1,True,True,False
87.19580078125,REPLAY,CLICK + HOLD,3,59,50,19,1,True,True,False
87.24395751953125,REPLAY,CLICK + HOLD,3,59,50,19,1,True,True,False
87.2921142578125,REPLAY,CLICK + HOLD,3,59,50,19,1,True,True,False
87.34428405761719,REPLAY,CLICK + HOLD,3,59,50,19,1,True,True,False
87.39244079589844,REPLAY,CLICK + HOLD,3,59,50,19,1,True,True,False
87.44461059570312,REPLAY,CLICK + HOLD,3,59,50,19,2,True,True,False
87.49276733398438,REPLAY,CLICK + HOLD,3,59,50,19,2,True,True,False
87.54493713378906,REPLAY,CLICK + HOLD,3,59,50,19,2,True,True,False
87.59309387207031,REPLAY,CLICK + HOLD,3,59,50,19,2,True,True,False
87.645263671875,REPLAY,CLICK + HOLD,3,59,50,19,2,True,True,False
87.69342041015625,REPLAY,CLICK + HOLD,3,59,50,19,2,True,True,False
87.74559020996094,REPLAY,CLICK + HOLD,3,59,50,19,2,True,True,False
87.79374694824219,REPLAY,CLICK + HOLD,3,59,50,19,2,True,True,False
87.84591674804688,REPLAY,CLICK + HOLD,3,59,50,19,2,True,True,False
87.89407348632812,REPLAY,CLICK + HOLD,3,59,50,19,2,True,True,False
87.94223022460938,REPLAY,CLICK + HOLD,3,59,50,19,2,True,True,False
87.99440002441406,REPLAY,CLICK + HOLD,3,59,50,19,2,True,True,False
88.04255676269531,REPLAY,CLICK + HOLD,3,59,50,19,2,True,True,False
88.0947265625,REPLAY,CLICK + HOLD,3,59,50,19,2,True,True,False
88.14288330078125,REPLAY,CLICK + HOLD,3,59,50,19,2,True,True,False
88.19505310058594,REPLAY,CLICK + HOLD,3,59,50,19,2,True,True,False
88.24320983886719,REPLAY,CLICK + HOLD,3,59,50,19,3,True,True,False
88.29537963867188,REPLAY,CLICK + HOLD,3,60,51,19,2,True,True,False
88.34353637695312,REPLAY,CLICK + HOLD,3,60,51,20,1,True,True,False
88.39570617675781,REPLAY,CLICK + HOLD,3,60,51,20,1,True,True,False
88.44386291503906,REPLAY,CLICK + HOLD,3,60,51,20,1,True,True,False
88.49201965332031,REPLAY,CLICK + HOLD,3,60,51,20,1,True,True,False
88.544189453125,REPLAY,CLICK + HOLD,3,60,51,20,1,True,True,False
88.59234619140625,REPLAY,CLICK + HOLD,3,60,51,20,1,True,True,False
88.64451599121094,REPLAY,CLICK + HOLD,3,60,51,20,1,True,True,False
88.69267272949219,REPLAY,CLICK + HOLD,3,60,51,20,1,True,True,False
88.74484252929688,REPLAY,CLICK + HOLD,3,60,51,20,1,True,True,False
88.79299926757812,REPLAY,CLICK + HOLD,3,60,51,20,1,True,True,False
88.84516906738281,REPLAY,CLICK + HOLD,3,60,51,20,1,True,True,False
88.89332580566406,REPLAY,CLICK + HOLD,3,60,51,20,1,True,True,False
88.94549560546875,REPLAY,CLICK + HOLD,3,60,51,20,1,True,True,False
88.99365234375,REPLAY,CLICK + HOLD,3,60,51,20,1,True,True,False
89.04582214355469,REPLAY,CLICK + HOLD,3,60,51,20,1,True,True,False
89.09397888183594,REPLAY,CLICK + HOLD,3,60,51,20,1,True,True,False
89.14213562011719,REPLAY,CLICK + HOLD,3,61,52,20,0,True,True,False
89.19430541992188,REPLAY,CLICK + HOLD,3,61,52,20,0,True,True,False
89.24246215820312,REPLAY,CLICK + HOLD,3,61,52,20,0,True,True,False
89.29463195800781,REPLAY,CLICK + HOLD,3,61,52,20,0,True,True,False
89.34278869628906,REPLAY,CLICK + HOLD,3,61,52,20,0,True,True,False
89.39495849609375,REPLAY,CLICK + HOLD,3,61,52,20,0,True,True,False
89.443115234375,REPLAY,CLICK + HOLD,3,61,52,20,0,True,True,False
89.49528503417969,REPLAY,CLICK + HOLD,3,61,52,20,0,True,True,False
89.54344177246094,REPLAY,CLICK + HOLD,3,61,52,20,0,True,True,False
89.59561157226562,REPLAY,CLICK + HOLD,3,61,52,20,0,True,True,False
89.64376831054688,REPLAY,CLICK + HOLD,3,61,52,20,0,True,True,False
89.69593811035156,REPLAY,CLICK + HOLD,3,61,52,20,0,True,True,False
89.74409484863281,REPLAY,CLICK + HOLD,3,61,52,20,1,True,True,False
89.79225158691406,REPLAY,CLICK + HOLD,3,61,52,20,1,True,True,False
89.84442138671875,REPLAY,CLICK + HOLD,3,61,52,20,1,True,True,False
89.892578125,REPLAY,CLICK + HOLD,3,61,52,20,1,True,True,False
89.94474792480469,REPLAY,CLICK + HOLD,3,61,52,20,1,True,True,False
89.99290466308594,REPLAY,CLICK + HOLD,3,61,52,20,1,True,True,False
90.04507446289062,REPLAY,CLICK + HOLD,3,61,52,20,1,True,True,False
90.09323120117188,REPLAY,CLICK + HOLD,3,61,52,20,1,True,True,False
90.14540100097656,REPLAY,CLICK + HOLD,3,61,52,20,1,True,True,False
90.19355773925781,REPLAY,CLICK + HOLD,3,61,52,20,1,True,True,False
90.2457275390625,REPLAY,CLICK + HOLD,3,61,52,20,1,True,True,False
90.29388427734375,REPLAY,CLICK + HOLD,3,61,52,20,1,True,True,False
90.342041015625,REPLAY,CLICK + HOLD,3,61,52,20,1,True,True,False
90.39421081542969,REPLAY,CLICK + HOLD,3,61,52,20,1,True,True,False
90.44236755371094,REPLAY,CLICK + HOLD,3,61,52,20,1,True,True,False
90.49453735351562,REPLAY,CLICK + HOLD,3,61,52,20,1,True,True,False
90.54269409179688,REPLAY,CLICK + HOLD,3,62,53,20,1,True,True,False
90.59486389160156,REPLAY,CLICK + HOLD,3,62,53,20,1,True,True,False
90.64302062988281,REPLAY,CLICK + HOLD,3,62,53,20,1,True,True,False
90.6951904296875,REPLAY,CLICK + HOLD,3,62,53,20,1,True,True,False
90.74334716796875,REPLAY,CLICK + HOLD,3,62,53,20,1,True,True,False
90.79551696777344,REPLAY,CLICK + HOLD,3,62,53,20,1,True,True,False
90.84367370605469,REPLAY,CLICK + HOLD,3,62,53,20,1,True,True,False
90.89584350585938,REPLAY,CLICK + HOLD,3,62,53,20,1,True,True,False
90.94400024414062,REPLAY,CLICK + HOLD,3,62,53,20,1,True,True,False
90.99215698242188,REPLAY,CLICK + HOLD,3,62,53,20,1,True,True,False
91.04432678222656,REPLAY,CLICK + HOLD,3,62,53,20,1,True,True,False
91.09248352050781,REPLAY,CLICK + HOLD,3,62,53,20,1,True,True,False
91.1446533203125,REPLAY,CLICK + HOLD,3,62,53,20,1,True,True,False
91.19281005859375,REPLAY,CLICK + HOLD,3,62,53,20,1,True,True,False
91.24497985839844,REPLAY,CLICK + HOLD,3,62,53,20,1,True,True,False
91.29313659667969,REPLAY,CLICK + HOLD,3,62,53,20,1,True,True,False
91.34530639648438,REPLAY,CLICK + HOLD,3,62,53,20,1,True,True,False
91.39346313476562,REPLAY,CLICK + HOLD,3,62,53,20,1,True,True,False
91.44563293457031,REPLAY,CLICK + HOLD,3,63,54,20,0,True,True,False
91.49378967285156,REPLAY,CLICK + HOLD,3,63,54,20,0,True,True,False
91.54595947265625,REPLAY,CLICK + HOLD,3,63,54,20,0,True,True,False
91.5941162109375,REPLAY,CLICK + HOLD,3,63,54,20,0,True,True,False
91.64227294921875,REPLAY,CLICK + HOLD,3,63,54,20,0,True,True,False
91.69444274902344,REPLAY,CLICK + HOLD,3,63,54,20,0,True,True,False
91.74259948730469,REPLAY,CLICK + HOLD,3,63,54,20,0,True,True,False
91.79476928710938,REPLAY,CLICK + HOLD,3,63,54,20,0,True,True,False
91.84292602539062,REPLAY,CLICK + HOLD,3,63,54,20,0,True,True,False
91.89509582519531,REPLAY,CLICK + HOLD,3,63,54,20,0,True,True,False
91.94325256347656,REPLAY,CLICK + HOLD,3,63,54,20,1,True,True,False
91.99542236328125,REPLAY,CLICK + HOLD,3,63,54,20,1,True,True,False
92.0435791015625,REPLAY,CLICK + HOLD,3,63,54,20,1,True,True,False
92.09574890136719,REPLAY,CLICK + HOLD,3,63,54,20,1,True,True,False
92.14390563964844,REPLAY,CLICK + HOLD,3,63,54,20,1,True,True,False
92.19206237792969,REPLAY,CLICK + HOLD,3,63,54,20,1,True,True,False
92.24423217773438,REPLAY,CLICK + HOLD,3,63,54,20,1,True,True,False
92.29238891601562,REPLAY,CLICK + HOLD,3,63,54,20,1,True,True,False
92.34455871582031,REPLAY,CLICK + HOLD,3,63,54,20,1,True,True,False
92.39271545410156,REPLAY,CLICK + HOLD,3,63,54,20,1,True,True,False
92.44488525390625,REPLAY,CLICK + HOLD,3,63,54,20,1,True,True,False
92.4930419921875,REPLAY,CLICK + HOLD,3,63,54,20,1,True,True,False
92.54521179199219,REPLAY,CLICK + HOLD,3,63,54,20,1,True,True,False
92.59336853027344,REPLAY,CLICK + HOLD,3,63,54,20,1,True,True,False
92.64553833007812,REPLAY,CLICK + HOLD,3,63,54,20,1,True,True,False
92.69369506835938,REPLAY,CLICK + HOLD,3,63,54,20,1,True,True,False
92.74586486816406,REPLAY,CLICK + HOLD,3,63,54,20,1,True,True,False
92.79402160644531,REPLAY,CLICK + HOLD,3,63,54,20,1,True,True,False
92.84217834472656,REPLAY,CLICK + HOLD,3,63,54,20,1,True,True,False
92.89434814453125,REPLAY,CLICK + HOLD,3,63,54,20,1,True,True,False
92.9425048828125,REPLAY,CLICK + HOLD,3,64,55,20,0,True,True,False
92.99467468261719,REPLAY,CLICK + HOLD,3,64,55,20,0,True,True,False
93.04283142089844,REPLAY,CLICK + HOLD,3,64,55,20,0,True,True,False
93.09500122070312,REPLAY,CLICK + HOLD,3,64,55,20,0,True,True,False
93.14315795898438,REPLAY,CLICK + HOLD,3,64,55,20,0,True,True,False
93.19532775878906,REPLAY,CLICK + HOLD,3,64,55,20,0,True,True,False
93.24348449707031,REPLAY,CLICK + HOLD,3,64,55,20,0,True,True,False
93.295654296875,REPLAY,CLICK + HOLD,3,64,55,20,0,True,True,False
93.34381103515625,REPLAY,CLICK + HOLD,3,64,55,20,0,True,True,False
93.39598083496094,REPLAY,CLICK + HOLD,3,64,55,20,0,True,True,False
93.44413757324219,REPLAY,CLICK + HOLD,3,64,55,20,0,True,True,False
93.49229431152344,REPLAY,CLICK + HOLD,3,64,55,20,1,True,True,False
93.54446411132812,REPLAY,CLICK + HOLD,3,64,55,20,1,True,True,False
93.59262084960938,REPLAY,NEUTRAL,3,64,55,20,1,False,True,False
93.64479064941406,REPLAY,NEUTRAL,3,64,55,20,1,False,True,False
93.69294738769531,REPLAY,NEUTRAL,3,64,55,20,1,False,True,False
93.7451171875,REPLAY,NEUTRAL,3,64,55,20,1,False,True,False
93.79327392578125,REPLAY,NEUTRAL,3,64,55,20,1,False,True,False
93.84544372558594,REPLAY,NEUTRAL,3,64,55,20,1,False,True,False
93.89360046386719,REPLAY,NEUTRAL,3,64,55,20,1,False,True,False
93.94577026367188,REPLAY,NEUTRAL,3,64,55,20,1,False,True,False
93.99392700195312,REPLAY,NEUTRAL,3,64,55,20,1,False,True,False
94.04208374023438,REPLAY,NEUTRAL,3,64,55,20,1,False,True,False
94.09425354003906,REPLAY,NEUTRAL,3,64,55,20,1,False,True,False
94.14241027832031,REPLAY,NEUTRAL,3,64,55,20,1,False,True,False
94.194580078125,REPLAY,NEUTRAL,3,64,55,20,1,False,True,False
94.24273681640625,REPLAY,NEUTRAL,3,64,55,20,1,False,True,False
94.29490661621094,REPLAY,NEUTRAL,3,64,55,20,1,False,True,False
94.34306335449219,REPLAY,NEUTRAL,3,64,55,20,1,False,True,False
94.39523315429688,REPLAY,NEUTRAL,3,64,55,20,1,False,True,False
94.44338989257812,REPLAY,NEUTRAL,3,64,55,20,1,False,True,False
94.49555969238281,REPLAY,NEUTRAL,3,64,55,20,1,False,True,False
94.54371643066406,REPLAY,NEUTRAL,3,64,55,20,1,False,True,False
94.59588623046875,REPLAY,NEUTRAL,3,64,55,20,1,False,True,False
94.64404296875,REPLAY,NEUTRAL,3,64,55,20,1,False,True,False
94.69219970703125,REPLAY,NEUTRAL,3,64,55,20,1,False,True,False
94.74436950683594,REPLAY,NEUTRAL,3,64,55,20,1,False,True,False
94.79252624511719,REPLAY,NEUTRAL,3,64,55,20,2,False,True,False
94.84469604492188,REPLAY,NEUTRAL,3,64,55,20,2,False,True,False
94.89285278320312,REPLAY,NEUTRAL,3,64,55,20,2,False,True,False
94.94502258300781,REPLAY,NEUTRAL,3,64,55,20,2,False,True,False
94.99317932128906,REPLAY,NEUTRAL,3,64,55,20,2,False,True,False
95.04534912109375,REPLAY,NEUTRAL,3,64,55,20,2,False,True,False
95.093505859375,REPLAY,NEUTRAL,3,64,55,20,2,False,True,False
95.14567565917969,REPLAY,NEUTRAL,3,64,55,20,2,False,True,False
95.19383239746094,REPLAY,NEUTRAL,3,64,55,20,2,False,True,False
95.24198913574219,REPLAY,NEUTRAL,3,64,55,20,2,False,True,False
95.29415893554688,REPLAY,NEUTRAL,3,64,55,20,2,False,True,False
95.34231567382812,REPLAY,NEUTRAL,3,64,55,20,2,False,True,False
95.39448547363281,REPLAY,NEUTRAL,3,64,55,20,2,False,True,False
95.44264221191406,REPLAY,NEUTRAL,3,64,55,20,2,False,True,False
95.49481201171875,REPLAY,NEUTRAL,3,64,55,20,2,False,True,False
95.54296875,REPLAY,NEUTRAL,3,64,55,20,2,False,True,False
95.59513854980469,REPLAY,NEUTRAL,3,64,55,20,2,False,True,False
95.64329528808594,REPLAY,NEUTRAL,3,64,55,20,2,False,True,False
95.69546508789062,REPLAY,NEUTRAL,3,64,55,20,2,False,True,False
95.74362182617188,REPLAY,NEUTRAL,3,64,55,20,2,False,True,False
95.79579162597656,REPLAY,NEUTRAL,3,64,55,20,2,False,True,False
95.84394836425781,REPLAY,NEUTRAL,3,64,55,20,2,False,True,False
95.89210510253906,REPLAY,NEUTRAL,3,64,55,20,2,False,True,False
95.94427490234375,REPLAY,NEUTRAL,3,64,55,20,2,False,True,False
95.992431640625,REPLAY,NEUTRAL,3,64,55,20,3,False,True,False
96.04460144042969,REPLAY,NEUTRAL,3,64,55,20,3,False,True,False
96.09275817871094,REPLAY,NEUTRAL,3,64,55,20,3,False,True,False
96.14492797851562,REPLAY,NEUTRAL,3,64,55,20,3,False,True,False
96.19308471679688,REPLAY,NEUTRAL,3,64,55,20,3,False,True,False
96.24525451660156,REPLAY,NEUTRAL,3,64,55,20,3,False,True,False
96.29341125488281,REPLAY,NEUTRAL,3,64,55,20,3,False,True,False
96.3455810546875,REPLAY,NEUTRAL,3,64,55,20,3,False,True,False
96.39373779296875,REPLAY,NEUTRAL,3,65,56,20,2,False,True,False
96.44590759277344,REPLAY,NEUTRAL,3,65,56,20,2,False,True,False
96.49406433105469,REPLAY,NEUTRAL,3,65,56,20,2,False,True,False
96.54222106933594,REPLAY,NEUTRAL,3,65,56,20,2,False,True,False
96.59439086914062,REPLAY,NEUTRAL,3,65,56,20,2,False,True,False
96.64254760742188,REPLAY,NEUTRAL,3,65,56,20,2,False,True,False
96.69471740722656,REPLAY,NEUTRAL,3,65,56,20,2,False,True,False
96.74287414550781,REPLAY,NEUTRAL,3,65,56,20,2,False,True,False
96.7950439453125,REPLAY,NEUTRAL,3,65,56,20,2,False,True,False
96.84320068359375,REPLAY,NEUTRAL,3,65,56,20,2,False,True,False
96.89537048339844,REPLAY,NEUTRAL,3,65,56,20,2,False,True,False
96.94352722167969,REPLAY,NEUTRAL,3,65,56,20,2,False,True,False
96.99569702148438,REPLAY,NEUTRAL,3,65,56,20,2,False,True,False
97.04385375976562,REPLAY,NEUTRAL,3,65,56,20,3,False,True,False
97.09201049804688,REPLAY,NEUTRAL,3,65,56,20,3,False,True,False
97.14418029785156,REPLAY,NEUTRAL,3,65,56,20,3,False,True,False
97.19233703613281,REPLAY,NEUTRAL,3,65,56,20,3,False,True,False
97.2445068359375,REPLAY,NEUTRAL,3,65,56,20,3,False,True,False
97.29266357421875,REPLAY,NEUTRAL,3,65,56,20,3,False,True,False
97.34483337402344,REPLAY,NEUTRAL,3,65,56,20,3,False,True,False
97.39299011230469,REPLAY,NEUTRAL,3,65,56,20,3,False,True,False
97.44515991210938,REPLAY,NEUTRAL,3,65,56,20,3,False,True,False
97.49331665039062,REPLAY,NEUTRAL,3,65,56,20,3,False,True,False
97.54548645019531,REPLAY,NEUTRAL,3,65,56,20,3,False,True,False
97.59364318847656,REPLAY,NEUTRAL,3,65,56,20,3,False,True,False
97.64581298828125,REPLAY,NEUTRAL,3,65,56,20,3,False,True,False
97.6939697265625,REPLAY,NEUTRAL,3,66,57,20,2,False,True,False
97.74212646484375,REPLAY,NEUTRAL,3,66,57,20,2,False,True,False
97.79429626464844,REPLAY,NEUTRAL,3,66,57,20,2,False,True,False
97.84245300292969,REPLAY,NEUTRAL,3,66,57,20,2,False,True,False
97.89462280273438,REPLAY,NEUTRAL,3,66,57,20,2,False,True,False
97.94277954101562,REPLAY,NEUTRAL,3,66,57,20,2,False,True,False
97.99494934082031,REPLAY,NEUTRAL,3,66,57,20,2,False,True,False
98.04310607910156,REPLAY,NEUTRAL,3,66,57,20,2,False,True,False
98.09527587890625,REPLAY,NEUTRAL,3,66,57,20,2,False,True,False
98.1434326171875,REPLAY,NEUTRAL,3,66,57,20,2,False,True,False
98.19560241699219,REPLAY,NEUTRAL,3,66,57,20,2,False,True,False
98.24375915527344,REPLAY,NEUTRAL,3,66,57,20,2,False,True,False
98.29592895507812,REPLAY,NEUTRAL,3,66,57,20,2,False,True,False
98.34408569335938,REPLAY,NEUTRAL,3,66,57,20,3,False,True,False
98.39224243164062,REPLAY,NEUTRAL,3,66,57,20,3,False,True,False
98.44441223144531,REPLAY,NEUTRAL,3,66,57,20,3,False,True,False
98.49256896972656,REPLAY,NEUTRAL,3,66,57,20,3,False,True,False
98.54473876953125,REPLAY,NEUTRAL,3,66,57,20,3,False,True,False
98.5928955078125,REPLAY,NEUTRAL,3,66,57,20,3,False,True,False
98.64506530761719,REPLAY,NEUTRAL,3,66,57,20,3,False,True,False
98.69322204589844,REPLAY,NEUTRAL,3,66,57,20,3,False,True,False
98.74539184570312,REPLAY,NEUTRAL,3,66,57,20,3,False,True,False
98.79354858398438,REPLAY,NEUTRAL,3,66,57,20,3,False,True,False
98.84571838378906,REPLAY,NEUTRAL,3,66,57,20,3,False,True,False
98.89387512207031,REPLAY,NEUTRAL,3,66,57,20,3,False,True,False
98.94203186035156,REPLAY,NEUTRAL,3,66,57,20,3,False,True,False
98.99420166015625,REPLAY,NEUTRAL,3,66,57,20,3,False,True,False
99.0423583984375,REPLAY,NEUTRAL,3,66,57,20,3,False,True,False
99.09452819824219,REPLAY,NEUTRAL,3,66,57,20,3,False,True,False
99.14268493652344,REPLAY,NEUTRAL,3,66,57,21,2,False,True,False
99.19485473632812,REPLAY,NEUTRAL,3,66,57,21,2,False,True,False
99.24301147460938,REPLAY,NEUTRAL,3,66,57,21,2,False,True,False
99.29518127441406,REPLAY,CLICK,3,68,58,21,1,False,True,False
99.34333801269531,REPLAY,NEUTRAL,3,68,58,21,1,False,True,False
99.3955078125,REPLAY,NEUTRAL,3,68,58,21,1,False,True,False
99.44366455078125,REPLAY,NEUTRAL,3,68,58,21,1,False,True,False
99.49583435058594,REPLAY,NEUTRAL,3,68,58,21,1,False,True,False
99.54399108886719,REPLAY,NEUTRAL,3,68,58,21,1,False,True,False
99.59214782714844,REPLAY,NEUTRAL,3,68,58,21,1,False,True,False
99.64431762695312,REPLAY,NEUTRAL,3,68,58,21,1,False,True,False
99.69247436523438,REPLAY,NEUTRAL,3,68,58,21,1,False,True,False
99.74464416503906,REPLAY,NEUTRAL,3,68,58,21,1,False,True,False
99.79280090332031,REPLAY,NEUTRAL,3,68,58,21,1,False,True,False
99.844970703125,REPLAY,NEUTRAL,3,68,58,21,1,False,True,False
99.89312744140625,REPLAY,NEUTRAL,3,68,58,21,1,False,True,False
99.94529724121094,REPLAY,CLICK,3,70,59,21,1,False,True,False
99.99345397949219,REPLAY,NEUTRAL,3,70,59,21,1,False,True,False
100.04562377929688,REPLAY,NEUTRAL,3,70,59,21,1,False,True,False
100.09378051757812,REPLAY,NEUTRAL,3,70,59,21,1,False,True,False
100.14595031738281,REPLAY,NEUTRAL,3,70,59,21,1,False,True,False
100.19410705566406,REPLAY,NEUTRAL,3,70,59,21,1,False,True,False
100.24226379394531,REPLAY,NEUTRAL,3,70,59,21,1,False,True,False
100.29443359375,REPLAY,NEUTRAL,3,70,59,21,1,False,True,False
100.34259033203125,REPLAY,NEUTRAL,3,70,59,21,1,False,True,False
100.39476013183594,REPLAY,CLICK,3,72,60,21,0,False,True,False
100.44291687011719,REPLAY,NEUTRAL,3,72,60,21,0,False,True,False
100.49508666992188,REPLAY,NEUTRAL,3,72,60,21,0,False,True,False
100.54324340820312,REPLAY,NEUTRAL,3,72,60,21,0,False,True,False
100.59541320800781,REPLAY,NEUTRAL,3,72,60,21,0,False,True,False
100.64356994628906,REPLAY,NEUTRAL,3,72,60,21,0,False,True,False
100.69573974609375,REPLAY,NEUTRAL,3,72,60,21,0,False,True,False
100.743896484375,REPLAY,NEUTRAL,3,72,60,21,0,False,True,False
100.79205322265625,REPLAY,NEUTRAL,3,72,60,21,0,False,True,False
100.84422302246094,REPLAY,NEUTRAL,3,72,60,21,0,False,True,False
100.89237976074219,REPLAY,NEUTRAL,3,72,60,21,0,False,True,False
100.94454956054688,REPLAY,NEUTRAL,3,72,60,21,0,False,True,False
100.99270629882812,REPLAY,CLICK,3,72,60,21,0,False,True,False
101.04487609863281,REPLAY,NEUTRAL,3,72,60,21,0,False,True,False
101.09303283691406,REPLAY,NEUTRAL,3,72,60,21,0,False,True,False
101.14520263671875,REPLAY,NEUTRAL,3,72,60,21,0,False,True,False
101.193359375,REPLAY,NEUTRAL,3,72,60,21,1,False,True,False
101.24552917480469,REPLAY,NEUTRAL,3,72,60,21,1,False,True,False
101.29368591308594,REPLAY,NEUTRAL,3,72,60,21,1,False,True,False
101.34585571289062,REPLAY,NEUTRAL,3,72,60,21,1,False,True,False
101.39401245117188,REPLAY,NEUTRAL,3,72,60,21,1,False,True,False
101.44216918945312,REPLAY,NEUTRAL,3,72,60,21,1,False,True,False
101.49433898925781,REPLAY,NEUTRAL,3,72,60,21,1,False,True,False
101.54249572753906,REPLAY,NEUTRAL,3,72,60,21,1,False,True,False
101.59466552734375,REPLAY,CLICK,3,74,61,21,0,False,True,False
101.642822265625,REPLAY,NEUTRAL,3,74,61,21,0,False,True,False
101.69499206542969,REPLAY,NEUTRAL,3,74,61,21,0,False,True,False
101.74314880371094,REPLAY,NEUTRAL,3,74,61,21,0,False,True,False
101.79531860351562,REPLAY,NEUTRAL,3,74,61,21,0,False,True,False
101.84347534179688,REPLAY,NEUTRAL,3,74,61,21,0,False,True,False
101.89564514160156,REPLAY,NEUTRAL,3,74,61,21,0,False,True,False
101.94380187988281,REPLAY,NEUTRAL,3,74,61,21,0,False,True,False
101.9959716796875,REPLAY,NEUTRAL,3,74,61,21,0,False,True,False
102.04412841796875,REPLAY,NEUTRAL,3,74,61,21,0,False,True,False
102.09228515625,REPLAY,NEUTRAL,3,74,61,21,0,False,True,False
102.14445495605469,REPLAY,CLICK,3,74,61,21,0,False,True,False
102.19261169433594,REPLAY,NEUTRAL,3,74,61,21,0,False,True,False
102.24478149414062,REPLAY,NEUTRAL,3,74,61,21,0,False,True,False
102.29293823242188,REPLAY,NEUTRAL,3,74,61,21,0,False,True,False
102.34510803222656,REPLAY,NEUTRAL,3,74,61,21,0,False,True,False
102.39326477050781,REPLAY,NEUTRAL,3,74,61,21,0,False,True,False
102.4454345703125,REPLAY,NEUTRAL,3,74,61,21,1,False,True,False
102.49359130859375,REPLAY,NEUTRAL,3,74,61,21,1,False,True,False
102.54576110839844,REPLAY,NEUTRAL,3,74,61,21,1,False,True,False
102.59391784667969,REPLAY,NEUTRAL,3,74,61,21,1,False,True,False
102.64207458496094,REPLAY,NEUTRAL,3,74,61,21,1,False,True,False
102.69424438476562,REPLAY,CLICK,3,76,62,21,0,False,True,False
102.74240112304688,REPLAY,NEUTRAL,3,76,62,21,0,False,True,False
102.79457092285156,REPLAY,NEUTRAL,3,76,62,21,0,False,True,False
102.84272766113281,REPLAY,NEUTRAL,3,76,62,21,0,False,True,False
102.8948974609375,REPLAY,NEUTRAL,3,76,62,21,0,False,True,False
102.94305419921875,REPLAY,NEUTRAL,3,76,62,21,0,False,True,False
102.99522399902344,REPLAY,NEUTRAL,3,76,62,21,0,False,True,False
103.04338073730469,REPLAY,NEUTRAL,3,76,62,21,0,False,True,False
103.09555053710938,REPLAY,NEUTRAL,3,76,62,21,0,False,True,False
103.14370727539062,REPLAY,NEUTRAL,3,76,62,21,0,False,True,False
103.19587707519531,REPLAY,NEUTRAL,3,76,62,21,0,False,True,False
103.24403381347656,REPLAY,CLICK,3,76,62,21,1,False,True,False
103.29219055175781,REPLAY,NEUTRAL,3,76,62,21,1,False,True,False
103.3443603515625,REPLAY,NEUTRAL,3,76,62,21,1,False,True,False
103.39251708984375,REPLAY,NEUTRAL,3,76,62,21,1,False,True,False
103.44468688964844,REPLAY,NEUTRAL,3,76,62,21,1,False,True,False
103.49284362792969,REPLAY,NEUTRAL,3,76,62,21,1,False,True,False
103.54501342773438,REPLAY,NEUTRAL,3,76,62,21,1,False,True,False
103.59317016601562,REPLAY,NEUTRAL,3,76,62,21,1,False,True,False
103.64533996582031,REPLAY,NEUTRAL,3,76,62,21,1,False,True,False
103.69349670410156,REPLAY,NEUTRAL,3,76,62,21,1,False,True,False
103.74566650390625,REPLAY,NEUTRAL,3,76,62,21,1,False,True,False
103.7938232421875,REPLAY,NEUTRAL,3,76,62,21,1,False,True,False
103.84197998046875,REPLAY,CLICK,3,78,63,21,0,False,True,False
103.89414978027344,REPLAY,NEUTRAL,3,78,63,21,0,False,True,False
103.94230651855469,REPLAY,NEUTRAL,3,78,63,21,0,False,True,False
103.99447631835938,REPLAY,NEUTRAL,3,78,63,21,0,False,True,False
104.04263305664062,REPLAY,NEUTRAL,3,78,63,21,0,False,True,False
104.09480285644531,REPLAY,NEUTRAL,3,78,63,21,0,False,True,False
104.14295959472656,REPLAY,NEUTRAL,3,78,63,21,0,False,True,False
104.19512939453125,REPLAY,NEUTRAL,3,78,63,21,0,False,True,False
104.2432861328125,REPLAY,NEUTRAL,3,78,63,21,0,False,True,False
104.29545593261719,REPLAY,NEUTRAL,3,78,63,21,0,False,True,False
104.34361267089844,REPLAY,NEUTRAL,3,78,63,21,0,False,True,False
104.39578247070312,REPLAY,CLICK,3,78,63,21,1,False,True,False
104.44393920898438,REPLAY,NEUTRAL,3,78,63,21,1,False,True,False
104.49209594726562,REPLAY,NEUTRAL,3,78,63,21,1,False,True,False
104.54426574707031,REPLAY,NEUTRAL,3,78,63,21,1,False,True,False
104.59242248535156,REPLAY,NEUTRAL,3,78,63,21,1,False,True,False
104.64459228515625,REPLAY,NEUTRAL,3,78,63,21,1,False,True,False
104.6927490234375,REPLAY,NEUTRAL,3,78,63,21,1,False,True,False
104.74491882324219,REPLAY,NEUTRAL,3,78,63,21,1,False,True,False
104.79307556152344,REPLAY,NEUTRAL,3,78,63,21,1,False,True,False
104.84524536132812,REPLAY,NEUTRAL,3,78,63,21,1,False,True,False
104.89340209960938,REPLAY,NEUTRAL,3,78,63,21,1,False,True,False
104.94557189941406,REPLAY,CLICK,3,80,64,21,0,False,True,False
104.99372863769531,REPLAY,NEUTRAL,3,80,64,21,0,False,True,False
105.0458984375,REPLAY,NEUTRAL,3,80,64,21,0,False,True,False
105.09405517578125,REPLAY,NEUTRAL,3,80,64,21,0,False,True,False
105.1422119140625,REPLAY,NEUTRAL,3,80,64,21,0,False,True,False
105.19438171386719,REPLAY,NEUTRAL,3,80,64,21,0,False,True,False
105.24253845214844,REPLAY,NEUTRAL,3,80,64,21,0,False,True,False
105.29470825195312,REPLAY,NEUTRAL,3,80,64,21,0,False,True,False
105.34286499023438,REPLAY,NEUTRAL,3,80,64,21,0,False,True,False
105.39503479003906,REPLAY,NEUTRAL,3,80,64,21,0,False,True,False
105.44319152832031,REPLAY,NEUTRAL,3,80,64,21,0,False,True,False
105.495361328125,REPLAY,CLICK,3,80,64,21,0,False,True,False
105.54351806640625,REPLAY,NEUTRAL,3,80,64,21,0,False,True,False
105.59568786621094,REPLAY,NEUTRAL,3,80,64,21,0,False,True,False
105.64384460449219,REPLAY,NEUTRAL,3,80,64,21,0,False,True,False
105.69200134277344,REPLAY,NEUTRAL,3,80,64,21,0,False,True,False
105.74417114257812,REPLAY,NEUTRAL,3,80,64,21,0,False,True,False
105.79232788085938,REPLAY,NEUTRAL,3,80,64,21,0,False,True,False
105.84449768066406,REPLAY,NEUTRAL,3,80,64,21,0,False,True,False
105.89265441894531,REPLAY,NEUTRAL,3,80,64,21,0,False,True,False
105.94482421875,REPLAY,NEUTRAL,3,80,64,21,0,False,True,False
105.99298095703125,REPLAY,NEUTRAL,3,80,64,21,1,False,True,False
106.04515075683594,REPLAY,CLICK,3,80,64,21,1,False,True,False
106.09330749511719,REPLAY,NEUTRAL,3,80,64,21,1,False,True,False
106.14547729492188,REPLAY,NEUTRAL,3,80,64,21,1,False,True,False
106.19363403320312,REPLAY,NEUTRAL,3,80,64,21,1,False,True,False
106.24580383300781,REPLAY,NEUTRAL,3,80,64,21,1,False,True,False
106.29396057128906,REPLAY,NEUTRAL,3,80,64,21,1,False,True,False
106.34211730957031,REPLAY,NEUTRAL,3,80,64,21,1,False,True,False
106.394287109375,REPLAY,NEUTRAL,3,80,64,21,1,False,True,False
106.44244384765625,REPLAY,NEUTRAL,3,80,64,21,1,False,True,False
106.49461364746094,REPLAY,NEUTRAL,3,80,64,21,1,False,True,False
106.54277038574219,REPLAY,NEUTRAL,3,80,64,21,1,False,True,False
106.59494018554688,REPLAY,CLICK,3,80,64,21,1,False,True,False
106.64309692382812,REPLAY,NEUTRAL,3,80,64,21,1,False,True,False
106.69526672363281,REPLAY,NEUTRAL,3,80,64,21,1,False,True,False
106.74342346191406,REPLAY,NEUTRAL,3,80,64,21,1,False,True,False
106.79559326171875,REPLAY,NEUTRAL,3,80,64,21,1,False,True,False
106.84375,REPLAY,NEUTRAL,3,80,64,21,1,False,True,False
106.89591979980469,REPLAY,NEUTRAL,3,80,64,21,1,False,True,False
106.94407653808594,REPLAY,NEUTRAL,3,80,64,21,1,False,True,False
106.99223327636719,REPLAY,NEUTRAL,3,80,64,21,1,False,True,False
107.04440307617188,REPLAY,NEUTRAL,3,80,64,21,1,False,True,False
107.09255981445312,REPLAY,NEUTRAL,3,80,64,21,1,False,True,False
107.14472961425781,REPLAY,NEUTRAL,3,80,64,21,1,False,True,False
107.19288635253906,REPLAY,CLICK,3,80,64,21,1,False,True,False
107.24505615234375,REPLAY,NEUTRAL,3,80,64,21,1,False,True,False
107.293212890625,REPLAY,NEUTRAL,3,80,64,21,1,False,True,False
107.34538269042969,REPLAY,NEUTRAL,3,80,64,21,1,False,True,False
107.39353942871094,REPLAY,NEUTRAL,3,80,64,21,1,False,True,False
107.44570922851562,REPLAY,NEUTRAL,3,80,64,21,1,False,True,False
107.49386596679688,REPLAY,NEUTRAL,3,80,64,21,2,False,True,False
107.54202270507812,REPLAY,NEUTRAL,3,80,64,21,2,False,True,False
107.59419250488281,REPLAY,NEUTRAL,3,80,64,21,2,False,True,False
107.64234924316406,REPLAY,NEUTRAL,3,80,64,21,2,False,True,False
107.69451904296875,REPLAY,NEUTRAL,3,80,64,21,2,False,True,False
107.74267578125,REPLAY,NEUTRAL,3,80,64,21,2,False,True,False
107.79484558105469,REPLAY,NEUTRAL,3,80,64,21,2,False,True,False
107.84300231933594,REPLAY,NEUTRAL,3,80,64,21,2,False,True,False
107.89517211914062,REPLAY,NEUTRAL,3,80,64,21,2,False,True,False
107.94332885742188,REPLAY,NEUTRAL,3,80,64,21,2,False,True,False
107.99549865722656,REPLAY,NEUTRAL,3,80,64,21,2,False,True,False
108.04365539550781,REPLAY,NEUTRAL,3,80,64,21,2,False,True,False
108.0958251953125,REPLAY,NEUTRAL,3,80,64,21,2,False,True,False
108.14398193359375,REPLAY,NEUTRAL,3,80,64,21,2,False,True,False
108.192138671875,REPLAY,NEUTRAL,3,80,64,21,2,False,True,False
108.24430847167969,REPLAY,NEUTRAL,3,80,64,21,2,False,True,False
108.29246520996094,REPLAY,NEUTRAL,3,80,64,21,2,False,True,False
108.34463500976562,REPLAY,NEUTRAL,3,80,64,21,2,False,True,False
108.39279174804688,REPLAY,NEUTRAL,3,80,64,21,2,False,True,False
108.44496154785156,REPLAY,NEUTRAL,3,80,64,21,2,False,True,False
108.49311828613281,REPLAY,NEUTRAL,3,80,64,21,2,False,True,False
108.5452880859375,REPLAY,NEUTRAL,3,80,64,21,2,False,True,False
108.59344482421875,REPLAY,NEUTRAL,3,80,64,21,2,False,True,False
108.64561462402344,REPLAY,NEUTRAL,3,80,64,21,2,False,True,False
108.69377136230469,REPLAY,NEUTRAL,3,80,64,21,2,False,True,False
108.74594116210938,REPLAY,NEUTRAL,3,80,64,21,2,False,True,False
108.79409790039062,REPLAY,NEUTRAL,3,80,64,21,2,False,True,False
108.84225463867188,REPLAY,NEUTRAL,3,80,64,21,2,False,True,False
108.89442443847656,REPLAY,NEUTRAL,3,80,64,21,2,False,True,False
108.94258117675781,REPLAY,NEUTRAL,3,80,64,21,2,False,True,False
108.9947509765625,REPLAY,NEUTRAL,3,80,64,21,2,False,True,False
109.04290771484375,REPLAY,NEUTRAL,3,80,64,21,2,False,True,False
109.09507751464844,REPLAY,NEUTRAL,3,80,64,21,3,False,True,False
109.14323425292969,REPLAY,NEUTRAL,3,80,64,21,3,False,True,False
109.19540405273438,REPLAY,NEUTRAL,3,80,64,21,3,False,True,False
109.24356079101562,REPLAY,NEUTRAL,3,80,64,21,3,False,True,False
109.29573059082031,REPLAY,NEUTRAL,3,80,64,21,3,False,True,False
109.34388732910156,REPLAY,NEUTRAL,3,80,64,21,3,False,True,False
109.39204406738281,REPLAY,NEUTRAL,3,80,64,21,3,False,True,False
109.4442138671875,REPLAY,NEUTRAL,3,80,64,21,3,False,True,False
109.49237060546875,REPLAY,NEUTRAL,3,80,64,21,3,False,True,False
109.54454040527344,REPLAY,NEUTRAL,3,80,64,21,3,False,True,False
109.59269714355469,REPLAY,NEUTRAL,3,80,64,21,3,False,True,False
109.64486694335938,REPLAY,NEUTRAL,3,80,64,21,3,False,True,False
109.69302368164062,REPLAY,NEUTRAL,3,80,64,22,2,False,True,False
109.74519348144531,REPLAY,NEUTRAL,3,80,64,22,2,False,True,False
109.79335021972656,REPLAY,NEUTRAL,3,80,64,22,2,False,True,False
109.84552001953125,REPLAY,NEUTRAL,3,80,64,22,2,False,True,False
109.8936767578125,REPLAY,NEUTRAL,3,80,64,22,2,False,True,False
109.94584655761719,REPLAY,NEUTRAL,3,80,64,22,3,False,True,False
109.99400329589844,REPLAY,NEUTRAL,3,80,64,22,3,False,True,False
110.04216003417969,REPLAY,NEUTRAL,3,80,64,22,3,False,True,False
110.09432983398438,REPLAY,NEUTRAL,3,80,64,22,3,False,True,False
110.14248657226562,REPLAY,NEUTRAL,3,80,64,22,3,False,True,False
110.19465637207031,REPLAY,NEUTRAL,3,80,64,22,3,False,True,False
110.24281311035156,REPLAY,NEUTRAL,3,80,64,22,3,False,True,False
110.29498291015625,REPLAY,NEUTRAL,3,80,64,22,3,False,True,False
110.3431396484375,REPLAY,NEUTRAL,3,81,65,22,2,False,True,False
110.39530944824219,REPLAY,NEUTRAL,3,81,65,22,2,False,True,False
110.44346618652344,REPLAY,NEUTRAL,3,81,65,22,2,False,True,False
110.49563598632812,REPLAY,NEUTRAL,3,81,65,22,2,False,True,False
110.54379272460938,REPLAY,NEUTRAL,3,81,65,22,2,False,True,False
110.59596252441406,REPLAY,NEUTRAL,3,81,65,22,2,False,True,False
110.64411926269531,REPLAY,NEUTRAL,3,81,65,22,2,False,True,False
110.69227600097656,REPLAY,NEUTRAL,3,81,65,22,2,False,True,False
110.74444580078125,REPLAY,NEUTRAL,3,81,65,22,2,False,True,False
110.7926025390625,REPLAY,NEUTRAL,3,81,65,22,2,False,True,False
110.84477233886719,REPLAY,NEUTRAL,3,81,65,22,2,False,True,False
110.89292907714844,REPLAY,NEUTRAL,3,81,65,22,2,False,True,False
110.94509887695312,REPLAY,NEUTRAL,3,81,65,22,2,False,True,False
110.99325561523438,REPLAY,NEUTRAL,3,81,65,22,2,False,True,False
111.04542541503906,REPLAY,NEUTRAL,3,81,65,22,2,False,True,False
111.09358215332031,REPLAY,NEUTRAL,3,81,65,22,2,False,True,False
111.145751953125,REPLAY,NEUTRAL,3,81,65,22,2,False,True,False
111.19390869140625,REPLAY,NEUTRAL,3,81,65,22,2,False,True,False
111.2420654296875,REPLAY,NEUTRAL,3,81,65,22,3,False,True,False
111.29423522949219,REPLAY,NEUTRAL,3,81,65,22,3,False,True,False
111.34239196777344,REPLAY,NEUTRAL,3,81,65,22,3,False,True,False
111.39456176757812,REPLAY,NEUTRAL,3,81,65,22,3,False,True,False
111.44271850585938,REPLAY,NEUTRAL,3,81,65,22,3,False,True,False
111.49488830566406,REPLAY,NEUTRAL,3,81,65,22,3,False,True,False
111.54304504394531,REPLAY,NEUTRAL,3,81,65,22,3,False,True,False
111.59521484375,REPLAY,NEUTRAL,3,81,65,22,3,False,True,False
111.64337158203125,REPLAY,NEUTRAL,3,81,65,22,3,False,True,False
111.69554138183594,REPLAY,NEUTRAL,3,81,65,22,3,False,True,False
111.74369812011719,REPLAY,NEUTRAL,3,81,65,22,3,False,True,False
111.79586791992188,REPLAY,NEUTRAL,3,81,65,22,3,False,True,False
111.84402465820312,REPLAY,NEUTRAL,3,81,65,22,3,False,True,False
111.89218139648438,REPLAY,NEUTRAL,3,81,65,22,3,False,True,False
111.94435119628906,REPLAY,NEUTRAL,3,81,65,22,3,False,True,False
111.99250793457031,REPLAY,NEUTRAL,3,81,65,22,3,False,True,False
112.044677734375,REPLAY,NEUTRAL,3,81,65,22,3,False,True,False
112.09283447265625,REPLAY,NEUTRAL,3,81,65,22,3,False,True,False
112.14500427246094,REPLAY,NEUTRAL,3,81,65,22,3,False,True,False
112.19316101074219,REPLAY,NEUTRAL,3,81,65,22,3,False,True,False
112.24533081054688,REPLAY,NEUTRAL,3,81,65,22,3,False,True,False
112.29348754882812,REPLAY,NEUTRAL,3,82,66,22,2,False,True,False
112.34565734863281,REPLAY,NEUTRAL,3,82,66,22,2,False,True,False
112.39381408691406,REPLAY,NEUTRAL,3,82,66,22,2,False,True,False
112.44598388671875,REPLAY,NEUTRAL,3,82,66,22,2,False,True,False
112.494140625,REPLAY,NEUTRAL,3,82,66,22,2,False,True,False
112.54229736328125,REPLAY,NEUTRAL,3,82,66,22,2,False,True,False
112.59446716308594,REPLAY,NEUTRAL,3,82,66,22,2,False,True,False
112.64262390136719,REPLAY,NEUTRAL,3,82,66,22,2,False,True,False
112.69479370117188,REPLAY,NEUTRAL,3,82,66,22,2,False,True,False
112.74295043945312,REPLAY,NEUTRAL,3,82,66,22,3,False,True,False
112.79512023925781,REPLAY,NEUTRAL,3,82,66,22,3,False,True,False
112.84327697753906,REPLAY,NEUTRAL,3,82,66,22,3,False,True,False
112.89544677734375,REPLAY,NEUTRAL,3,82,66,22,3,False,True,False
112.943603515625,REPLAY,NEUTRAL,3,82,66,22,3,False,True,False
112.99577331542969,REPLAY,NEUTRAL,3,82,66,22,3,False,True,False
113.04393005371094,REPLAY,NEUTRAL,3,83,67,22,2,False,True,False
113.09208679199219,REPLAY,NEUTRAL,3,83,67,22,2,False,True,False
113.14425659179688,REPLAY,NEUTRAL,3,83,67,22,2,False,True,False
113.19241333007812,REPLAY,NEUTRAL,3,83,67,22,2,False,True,False
113.24458312988281,REPLAY,NEUTRAL,3,83,67,22,2,False,True,False
113.29273986816406,REPLAY,NEUTRAL,3,83,67,22,2,False,True,False
113.34490966796875,REPLAY,NEUTRAL,3,83,67,22,2,False,True,False
113.39306640625,REPLAY,NEUTRAL,3,83,67,22,2,False,True,False
113.44523620605469,REPLAY,NEUTRAL,3,83,67,22,2,False,True,False
113.49339294433594,REPLAY,NEUTRAL,3,83,67,22,2,False,True,False
113.54556274414062,REPLAY,NEUTRAL,3,83,67,22,2,False,True,False
113.59371948242188,REPLAY,NEUTRAL,3,83,67,22,2,False,True,False
113.64588928222656,REPLAY,NEUTRAL,3,83,67,22,2,False,True,False
113.69404602050781,REPLAY,NEUTRAL,3,83,67,22,2,False,True,False
113.74220275878906,REPLAY,NEUTRAL,3,83,67,22,2,False,True,False
113.79437255859375,REPLAY,NEUTRAL,3,83,67,22,2,False,True,False
113.842529296875,REPLAY,NEUTRAL,3,83,67,22,2,False,True,False
113.89469909667969,REPLAY,NEUTRAL,3,83,67,22,2,False,True,False
113.94285583496094,REPLAY,NEUTRAL,3,83,67,22,2,False,True,False
113.99502563476562,REPLAY,NEUTRAL,3,83,67,22,2,False,True,False
114.04318237304688,REPLAY,NEUTRAL,3,83,67,22,2,False,True,False
114.09535217285156,REPLAY,NEUTRAL,3,83,67,22,2,False,True,False
114.14350891113281,REPLAY,NEUTRAL,3,83,67,22,2,False,True,False
114.1956787109375,REPLAY,NEUTRAL,3,83,67,22,2,False,True,False
114.24383544921875,REPLAY,NEUTRAL,3,83,67,22,2,False,True,False
114.2919921875,REPLAY,NEUTRAL,3,83,67,22,2,False,True,False
114.34416198730469,REPLAY,NEUTRAL,3,83,67,22,3,False,True,False
114.39231872558594,REPLAY,NEUTRAL,3,83,67,23,2,False,True,False
114.44448852539062,REPLAY,NEUTRAL,3,83,67,23,2,False,True,False
114.49264526367188,REPLAY,NEUTRAL,3,83,67,23,2,False,True,False
114.54481506347656,REPLAY,NEUTRAL,3,83,67,23,2,False,True,False
114.59297180175781,REPLAY,NEUTRAL,3,83,67,23,2,False,True,False
114.6451416015625,REPLAY,NEUTRAL,3,83,67,23,2,False,True,False
114.69329833984375,REPLAY,NEUTRAL,3,83,67,23,2,False,True,False
114.74546813964844,REPLAY,NEUTRAL,3,83,67,23,2,False,True,False
114.79362487792969,REPLAY,NEUTRAL,3,83,67,23,2,False,True,False
114.84579467773438,REPLAY,NEUTRAL,3,83,67,23,2,False,True,False
114.89395141601562,REPLAY,NEUTRAL,3,83,67,23,2,False,True,False
114.94210815429688,REPLAY,NEUTRAL,3,83,67,23,2,False,True,False
114.99427795410156,REPLAY,NEUTRAL,3,83,67,23,2,False,True,False
115.04243469238281,REPLAY,NEUTRAL,3,83,67,23,2,False,True,False
115.0946044921875,REPLAY,NEUTRAL,3,83,67,23,2,False,True,False
115.14276123046875,REPLAY,NEUTRAL,3,83,67,23,2,False,True,False
115.19493103027344,REPLAY,NEUTRAL,3,83,67,23,2,False,True,False
115.24308776855469,REPLAY,NEUTRAL,3,83,67,23,2,False,True,False
115.29525756835938,REPLAY,NEUTRAL,3,83,67,23,2,False,True,False
115.34341430664062,REPLAY,NEUTRAL,3,83,67,23,2,False,True,False
115.39558410644531,REPLAY,NEUTRAL,3,83,67,23,2,False,True,False
115.44374084472656,REPLAY,NEUTRAL,3,83,67,23,2,False,True,False
115.49591064453125,REPLAY,NEUTRAL,3,83,67,23,2,False,True,False
115.5440673828125,REPLAY,NEUTRAL,3,83,67,23,2,False,True,False
115.59222412109375,REPLAY,NEUTRAL,3,83,67,23,2,False,True,False
115.64439392089844,REPLAY,NEUTRAL,3,83,67,23,2,False,True,False
115.69255065917969,REPLAY,NEUTRAL,3,83,67,23,2,False,True,False
115.74472045898438,REPLAY,NEUTRAL,3,83,67,23,2,False,True,False
115.79287719726562,REPLAY,NEUTRAL,3,83,67,23,3,False,True,False
115.84504699707031,REPLAY,NEUTRAL,3,84,68,23,2,False,True,False
115.89320373535156,REPLAY,NEUTRAL,3,84,68,23,2,False,True,False
115.94537353515625,REPLAY,NEUTRAL,3,84,68,23,2,False,True,False
115.9935302734375,REPLAY,NEUTRAL,3,84,68,23,2,False,True,False
116.04570007324219,REPLAY,NEUTRAL,3,84,68,23,2,False,True,False
116.09385681152344,REPLAY,NEUTRAL,3,84,68,23,2,False,True,False
116.14201354980469,REPLAY,NEUTRAL,3,84,68,23,2,False,True,False
116.19418334960938,REPLAY,NEUTRAL,3,84,68,23,2,False,True,False
116.24234008789062,REPLAY,NEUTRAL,3,84,68,23,2,False,True,False
116.29450988769531,REPLAY,NEUTRAL,3,84,68,23,2,False,True,False
116.34266662597656,REPLAY,NEUTRAL,3,84,68,23,2,False,True,False
116.39483642578125,REPLAY,NEUTRAL,3,84,68,23,2,False,True,False
116.4429931640625,REPLAY,NEUTRAL,3,84,68,23,2,False,True,False
116.49516296386719,REPLAY,NEUTRAL,3,84,68,23,2,False,True,False
116.54331970214844,REPLAY,NEUTRAL,3,84,68,23,2,False,True,False
116.59548950195312,REPLAY,NEUTRAL,3,84,68,23,2,False,True,False
116.64364624023438,REPLAY,NEUTRAL,3,84,68,23,2,False,True,False
116.69581604003906,REPLAY,NEUTRAL,3,84,68,23,3,False,True,False
116.74397277832031,REPLAY,NEUTRAL,3,84,68,23,3,False,True,False
116.79212951660156,REPLAY,NEUTRAL,3,84,68,23,3,False,True,False
116.84429931640625,REPLAY,NEUTRAL,3,84,68,23,3,False,True,False
116.8924560546875,REPLAY,NEUTRAL,3,84,68,23,3,False,True,False
116.94462585449219,REPLAY,NEUTRAL,3,84,68,23,3,False,True,False
116.99278259277344,REPLAY,NEUTRAL,3,84,68,23,3,False,True,False
117.04495239257812,REPLAY,NEUTRAL,3,84,68,23,3,False,True,False
117.09310913085938,REPLAY,NEUTRAL,3,84,68,23,3,False,True,False
117.14527893066406,REPLAY,NEUTRAL,3,84,68,23,3,False,True,False
117.19343566894531,REPLAY,NEUTRAL,3,85,69,23,2,False,True,False
117.24560546875,REPLAY,NEUTRAL,3,85,69,23,2,False,True,False
117.29376220703125,REPLAY,NEUTRAL,3,85,69,23,2,False,True,False
117.34593200683594,REPLAY,NEUTRAL,3,85,69,23,2,False,True,False
117.39408874511719,REPLAY,NEUTRAL,3,85,69,23,2,False,True,False
117.44224548339844,REPLAY,NEUTRAL,3,85,69,23,2,False,True,False
117.49441528320312,REPLAY,NEUTRAL,3,85,69,23,2,False,True,False
117.54257202148438,REPLAY,NEUTRAL,3,85,69,23,2,False,True,False
117.59474182128906,REPLAY,NEUTRAL,3,85,69,23,2,False,True,False
117.64289855957031,REPLAY,NEUTRAL,3,85,69,23,2,False,True,False
117.695068359375,REPLAY,NEUTRAL,3,85,69,23,2,False,True,False
117.74322509765625,REPLAY,NEUTRAL,3,85,69,23,2,False,True,False
117.79539489746094,REPLAY,NEUTRAL,3,85,69,23,2,False,True,False
117.84355163574219,REPLAY,NEUTRAL,3,85,69,23,2,False,True,False
117.89572143554688,REPLAY,NEUTRAL,3,85,69,23,2,False,True,False
117.94387817382812,REPLAY,NEUTRAL,3,85,69,23,3,False,True,False
117.99203491210938,REPLAY,NEUTRAL,3,85,69,23,3,False,True,False
118.04420471191406,REPLAY,NEUTRAL,3,85,69,23,3,False,True,False
118.09236145019531,REPLAY,NEUTRAL,3,85,69,23,3,False,True,False
118.14453125,REPLAY,NEUTRAL,3,85,69,23,3,False,True,False
118.19268798828125,REPLAY,NEUTRAL,3,85,69,23,3,False,True,False
118.24485778808594,REPLAY,NEUTRAL,3,85,69,23,3,False,True,False
118.29301452636719,REPLAY,NEUTRAL,3,85,69,23,3,False,True,False
118.34518432617188,REPLAY,NEUTRAL,3,85,69,23,3,False,True,False
118.39334106445312,REPLAY,NEUTRAL,3,85,69,23,3,False,True,False
118.44551086425781,REPLAY,NEUTRAL,3,85,69,23,3,False,True,False
118.49366760253906,REPLAY,NEUTRAL,3,85,69,23,3,False,True,False
118.54583740234375,REPLAY,NEUTRAL,3,85,69,23,3,False,True,False
118.593994140625,REPLAY,NEUTRAL,3,85,69,23,3,False,True,False
118.64215087890625,REPLAY,NEUTRAL,3,85,69,23,3,False,True,False
118.69432067871094,REPLAY,NEUTRAL,3,85,69,23,3,False,True,False
118.74247741699219,REPLAY,NEUTRAL,3,85,69,23,4,False,True,False
118.79464721679688,REPLAY,NEUTRAL,3,85,69,23,4,False,True,False
118.84280395507812,REPLAY,NEUTRAL,3,86,70,23,3,False,True,False
118.89497375488281,REPLAY,NEUTRAL,3,86,70,23,3,False,True,False
118.94313049316406,REPLAY,NEUTRAL,3,86,70,23,3,False,True,False
118.99530029296875,REPLAY,NEUTRAL,3,86,70,23,3,False,True,False
119.04345703125,REPLAY,NEUTRAL,3,86,70,23,3,False,True,False
119.09562683105469,REPLAY,NEUTRAL,3,86,70,23,3,False,True,False
119.14378356933594,REPLAY,NEUTRAL,3,86,70,23,3,False,True,False
119.19595336914062,REPLAY,NEUTRAL,3,86,70,23,3,False,True,False
119.24411010742188,REPLAY,NEUTRAL,3,86,70,23,3,False,True,False
119.29226684570312,REPLAY,NEUTRAL,3,86,70,23,3,False,True,False
119.34443664550781,REPLAY,NEUTRAL,3,86,70,23,3,False,True,False
119.39259338378906,REPLAY,NEUTRAL,3,86,70,23,3,False,True,False
119.44476318359375,REPLAY,NEUTRAL,3,86,70,23,3,False,True,False
119.492919921875,REPLAY,NEUTRAL,3,86,70,23,3,False,True,False
119.54508972167969,REPLAY,NEUTRAL,3,86,70,23,3,False,True,False
119.59324645996094,REPLAY,NEUTRAL,3,86,70,23,3,False,True,False
119.64541625976562,REPLAY,NEUTRAL,3,86,70,23,3,False,True,False
119.69357299804688,REPLAY,NEUTRAL,3,86,70,23,3,False,True,False
119.74574279785156,REPLAY,NEUTRAL,3,86,70,23,3,False,True,False
119.79389953613281,REPLAY,NEUTRAL,3,86,70,24,2,False,True,False
119.84205627441406,REPLAY,NEUTRAL,3,86,70,24,2,False,True,False
119.89422607421875,REPLAY,NEUTRAL,3,86,70,24,2,False,True,False
119.9423828125,REPLAY,NEUTRAL,3,86,70,24,2,False,True,False
119.99455261230469,REPLAY,NEUTRAL,3,86,70,24,2,False,True,False
120.04270935058594,REPLAY,NEUTRAL,3,86,70,24,2,False,True,False
120.09487915039062,REPLAY,NEUTRAL,3,86,70,24,2,False,True,False
120.14303588867188,REPLAY,NEUTRAL,3,86,70,24,2,False,True,False
120.19520568847656,REPLAY,NEUTRAL,3,86,70,24,2,False,True,False
120.24336242675781,REPLAY,NEUTRAL,3,86,70,24,3,False,True,False
120.2955322265625,REPLAY,NEUTRAL,3,86,70,24,3,False,True,False
120.34368896484375,REPLAY,NEUTRAL,3,86,70,24,3,False,True,False
120.39585876464844,REPLAY,NEUTRAL,3,86,70,24,3,False,True,False
120.44401550292969,REPLAY,NEUTRAL,3,86,70,24,3,False,True,False
120.49217224121094,REPLAY,NEUTRAL,3,86,70,24,3,False,True,False
120.54434204101562,REPLAY,NEUTRAL,3,86,70,24,3,False,True,False
120.59249877929688,REPLAY,NEUTRAL,3,86,70,24,3,False,True,False
120.64466857910156,REPLAY,NEUTRAL,3,86,70,24,3,False,True,False
120.69282531738281,REPLAY,NEUTRAL,3,86,70,24,3,False,True,False
120.7449951171875,REPLAY,NEUTRAL,3,86,70,24,3,False,True,False
120.79315185546875,REPLAY,NEUTRAL,3,86,70,24,3,False,True,False
120.84532165527344,REPLAY,NEUTRAL,3,86,70,24,3,False,True,False
120.89347839355469,REPLAY,NEUTRAL,3,86,70,24,3,False,True,False
120.94564819335938,REPLAY,NEUTRAL,3,86,70,24,3,False,True,False
120.99380493164062,REPLAY,NEUTRAL,3,86,70,24,3,False,True,False
121.04597473144531,REPLAY,NEUTRAL,3,86,70,24,3,False,True,False
121.09413146972656,REPLAY,NEUTRAL,3,86,70,24,4,False,True,False
121.14228820800781,REPLAY,NEUTRAL,3,86,70,24,4,False,True,False
121.1944580078125,REPLAY,NEUTRAL,3,86,70,24,4,False,True,False
121.24261474609375,REPLAY,NEUTRAL,3,87,71,24,3,False,True,False
121.29478454589844,REPLAY,NEUTRAL,3,87,71,24,3,False,True,False
121.34294128417969,REPLAY,NEUTRAL,3,87,71,24,3,False,True,False
121.39511108398438,REPLAY,NEUTRAL,3,87,71,24,3,False,True,False
121.44326782226562,REPLAY,NEUTRAL,3,87,71,24,3,False,True,False
121.49543762207031,REPLAY,NEUTRAL,3,87,71,24,3,False,True,False
121.54359436035156,REPLAY,NEUTRAL,3,87,71,24,3,False,True,False
121.59576416015625,REPLAY,NEUTRAL,3,87,71,24,3,False,True,False
121.6439208984375,REPLAY,NEUTRAL,3,87,71,24,3,False,True,False
121.69207763671875,REPLAY,NEUTRAL,3,87,71,24,3,False,True,False
121.74424743652344,REPLAY,NEUTRAL,3,87,71,24,3,False,True,False
121.79240417480469,REPLAY,NEUTRAL,3,87,71,24,3,False,True,False
121.84457397460938,REPLAY,NEUTRAL,3,87,71,24,3,False,True,False
121.89273071289062,REPLAY,NEUTRAL,3,87,71,24,3,False,True,False
121.94490051269531,REPLAY,NEUTRAL,3,87,71,24,3,False,True,False
121.99305725097656,REPLAY,NEUTRAL,3,87,71,25,2,False,True,False
122.04522705078125,REPLAY,NEUTRAL,3,87,71,25,2,False,True,False
122.0933837890625,REPLAY,NEUTRAL,3,87,71,25,2,False,True,False
122.14555358886719,REPLAY,NEUTRAL,3,87,71,25,2,False,True,False
122.19371032714844,REPLAY,NEUTRAL,3,87,71,25,2,False,True,False
122.24588012695312,REPLAY,NEUTRAL,3,87,71,25,2,False,True,False
122.29403686523438,REPLAY,NEUTRAL,3,87,71,25,2,False,True,False
122.34219360351562,REPLAY,NEUTRAL,3,87,71,25,2,False,True,False
122.39436340332031,REPLAY,NEUTRAL,3,87,71,25,2,False,True,False
122.44252014160156,REPLAY,NEUTRAL,3,87,71,25,2,False,True,False
122.49468994140625,REPLAY,NEUTRAL,3,87,71,25,2,False,True,False
122.5428466796875,REPLAY,NEUTRAL,3,87,71,25,2,False,True,False
122.59501647949219,REPLAY,NEUTRAL,3,87,71,25,3,False,True,False
122.64317321777344,REPLAY,NEUTRAL,3,87,71,25,3,False,True,False
122.69534301757812,REPLAY,NEUTRAL,3,87,71,25,3,False,True,False
122.74349975585938,REPLAY,NEUTRAL,3,87,71,25,3,False,True,False
122.79566955566406,REPLAY,NEUTRAL,3,87,71,25,3,False,True,False
122.84382629394531,REPLAY,NEUTRAL,3,87,71,25,3,False,True,False
122.89198303222656,REPLAY,NEUTRAL,3,87,71,25,3,False,True,False
122.94415283203125,REPLAY,NEUTRAL,3,87,71,25,3,False,True,False
122.9923095703125,REPLAY,NEUTRAL,3,87,71,25,3,False,True,False
123.04447937011719,REPLAY,NEUTRAL,3,87,71,25,3,False,True,False
123.09263610839844,REPLAY,NEUTRAL,3,87,71,25,3,False,True,False
123.14480590820312,REPLAY,NEUTRAL,3,87,71,25,3,False,True,False
123.19296264648438,REPLAY,NEUTRAL,3,87,71,25,3,False,True,False
123.24513244628906,REPLAY,NEUTRAL,3,87,71,25,3,False,True,False
123.29328918457031,REPLAY,NEUTRAL,3,87,71,25,3,False,True,False
123.345458984375,REPLAY,NEUTRAL,3,87,71,25,3,False,True,False
123.39361572265625,REPLAY,NEUTRAL,3,87,71,25,3,False,True,False
123.44578552246094,REPLAY,NEUTRAL,3,88,72,25,2,False,True,False
123.49394226074219,REPLAY,NEUTRAL,3,88,72,25,2,False,True,False
123.54209899902344,REPLAY,NEUTRAL,3,88,72,25,3,False,True,False
123.59426879882812,REPLAY,NEUTRAL,3,88,72,25,3,False,True,False
123.64242553710938,REPLAY,NEUTRAL,3,88,72,25,3,False,True,False
123.69459533691406,REPLAY,NEUTRAL,3,88,72,25,3,False,True,False
123.74275207519531,REPLAY,NEUTRAL,3,88,72,25,3,False,True,False
123.794921875,REPLAY,NEUTRAL,3,89,73,25,2,False,True,False
123.84307861328125,REPLAY,NEUTRAL,3,89,73,25,2,False,True,False
123.89524841308594,REPLAY,NEUTRAL,3,89,73,25,2,False,True,False
123.94340515136719,REPLAY,NEUTRAL,3,89,73,25,2,False,True,False
123.99557495117188,REPLAY,NEUTRAL,3,89,73,25,2,False,True,False
124.04373168945312,REPLAY,NEUTRAL,3,89,73,25,2,False,True,False
124.09590148925781,REPLAY,NEUTRAL,3,89,73,25,2,False,True,False
124.14405822753906,REPLAY,CLICK,3,91,74,25,1,False,True,False
124.19221496582031,REPLAY,NEUTRAL,3,91,74,25,1,False,True,False
124.244384765625,REPLAY,NEUTRAL,3,91,74,25,1,False,True,False
124.29254150390625,REPLAY,NEUTRAL,3,91,74,25,1,False,True,False
124.34471130371094,REPLAY,NEUTRAL,3,91,74,25,1,False,True,False
124.39286804199219,REPLAY,NEUTRAL,3,91,74,25,1,False,True,False
124.44503784179688,REPLAY,NEUTRAL,3,91,74,25,1,False,True,False
124.49319458007812,REPLAY,NEUTRAL,3,91,74,25,1,False,True,False
124.54536437988281,REPLAY,NEUTRAL,3,91,74,25,1,False,True,False
124.59352111816406,REPLAY,CLICK + HOLD,3,91,74,25,1,True,True,False
124.64569091796875,REPLAY,CLICK + HOLD,3,91,74,25,1,True,True,False
124.69384765625,REPLAY,CLICK + HOLD,3,91,74,25,1,True,True,False
124.74200439453125,REPLAY,CLICK + HOLD,3,91,74,25,1,True,True,False
124.79417419433594,REPLAY,CLICK + HOLD,3,91,74,25,1,True,True,False
124.84233093261719,REPLAY,CLICK + HOLD,3,91,74,25,1,True,True,False
124.89450073242188,REPLAY,CLICK + HOLD,3,91,74,25,1,True,True,False
124.94265747070312,REPLAY,CLICK + HOLD,3,91,74,25,1,True,True,False
124.99482727050781,REPLAY,CLICK + HOLD,3,91,74,25,1,True,True,False
125.04298400878906,REPLAY,CLICK + HOLD,3,91,74,25,1,True,True,False
125.09515380859375,REPLAY,CLICK + HOLD,3,91,74,25,2,True,True,False
125.143310546875,REPLAY,CLICK + HOLD,3,91,74,25,2,True,True,False
125.19548034667969,REPLAY,CLICK + HOLD,3,91,74,25,2,True,True,False
125.24363708496094,REPLAY,CLICK + HOLD,3,91,74,25,2,True,True,False
125.29580688476562,REPLAY,CLICK + HOLD,3,91,74,25,2,True,True,False
125.34396362304688,REPLAY,CLICK + HOLD,3,91,74,25,2,True,True,False
125.39212036132812,REPLAY,CLICK + HOLD,3,91,74,25,2,True,True,False
125.44429016113281,REPLAY,CLICK + HOLD,3,91,74,25,2,True,True,False
125.49244689941406,REPLAY,CLICK + HOLD,3,91,74,25,2,True,True,False
125.54461669921875,REPLAY,CLICK + HOLD,3,91,74,25,2,True,True,False
125.5927734375,REPLAY,CLICK + HOLD,3,91,74,25,2,True,True,False
125.64494323730469,REPLAY,CLICK + HOLD,3,91,74,25,2,True,True,False
125.69309997558594,REPLAY,CLICK + HOLD,3,91,74,25,2,True,True,False
125.74526977539062,REPLAY,CLICK + HOLD,3,91,74,25,2,True,True,False
125.79342651367188,REPLAY,CLICK + HOLD,3,91,74,25,2,True,True,False
125.84559631347656,REPLAY,CLICK + HOLD,3,91,74,25,2,True,True,False
125.89375305175781,REPLAY,CLICK + HOLD,3,91,74,25,2,True,True,False
125.9459228515625,REPLAY,CLICK + HOLD,3,92,75,25,1,True,True,False
125.99407958984375,REPLAY,CLICK + HOLD,3,92,75,25,2,True,True,False
126.042236328125,REPLAY,CLICK + HOLD,3,92,75,25,2,True,True,False
126.09440612792969,REPLAY,CLICK + HOLD,3,92,75,26,1,True,True,False
126.14256286621094,REPLAY,CLICK + HOLD,3,92,75,26,1,True,True,False
126.19473266601562,REPLAY,CLICK + HOLD,3,92,75,26,1,True,True,False
126.24288940429688,REPLAY,CLICK + HOLD,3,92,75,26,1,True,True,False
126.29505920410156,REPLAY,CLICK + HOLD,3,92,75,26,1,True,True,False
126.34321594238281,REPLAY,CLICK + HOLD,3,92,75,26,1,True,True,False
126.3953857421875,REPLAY,CLICK + HOLD,3,92,75,26,1,True,True,False
126.44354248046875,REPLAY,CLICK + HOLD,3,92,75,26,1,True,True,False
126.49571228027344,REPLAY,CLICK + HOLD,3,92,75,26,1,True,True,False
126.54386901855469,REPLAY,CLICK + HOLD,3,92,75,26,1,True,True,False
126.59202575683594,REPLAY,CLICK + HOLD,3,92,75,26,1,True,True,False
126.64419555664062,REPLAY,CLICK + HOLD,3,92,75,26,1,True,True,False
126.69235229492188,REPLAY,CLICK + HOLD,3,92,75,26,1,True,True,False
126.74452209472656,REPLAY,CLICK + HOLD,3,92,75,26,1,True,True,False
126.79267883300781,REPLAY,CLICK + HOLD,3,92,75,26,1,True,True,False
126.8448486328125,REPLAY,CLICK + HOLD,3,92,75,26,1,True,True,False
126.89300537109375,REPLAY,CLICK + HOLD,3,92,75,26,1,True,True,False
126.94517517089844,REPLAY,CLICK + HOLD,3,92,75,26,1,True,True,False
126.99333190917969,REPLAY,CLICK + HOLD,3,92,75,26,1,True,True,False
127.04550170898438,REPLAY,CLICK + HOLD,3,92,75,26,1,True,True,False
127.09365844726562,REPLAY,CLICK + HOLD,3,92,75,26,1,True,True,False
127.14582824707031,REPLAY,CLICK + HOLD,3,92,75,26,1,True,True,False
127.19398498535156,REPLAY,CLICK + HOLD,3,92,75,26,1,True,True,False
127.24214172363281,REPLAY,CLICK + HOLD,3,92,75,26,1,True,True,False
127.2943115234375,REPLAY,CLICK + HOLD,3,92,75,26,1,True,True,False
127.34246826171875,REPLAY,CLICK + HOLD,3,92,75,26,1,True,True,False
127.39463806152344,REPLAY,CLICK + HOLD,3,92,75,26,1,True,True,False
127.44279479980469,REPLAY,CLICK + HOLD,3,92,75,26,2,True,True,False
127.49496459960938,REPLAY,CLICK + HOLD,3,92,75,26,2,True,True,False
127.54312133789062,REPLAY,CLICK + HOLD,3,92,75,26,2,True,True,False
127.59529113769531,REPLAY,CLICK + HOLD,3,92,75,26,2,True,True,False
127.64344787597656,REPLAY,CLICK + HOLD,3,92,75,26,2,True,True,False
127.69561767578125,REPLAY,CLICK + HOLD,3,92,75,26,2,True,True,False
127.7437744140625,REPLAY,CLICK + HOLD,3,92,75,26,2,True,True,False
127.79594421386719,REPLAY,CLICK + HOLD,3,92,75,26,2,True,True,False
127.84410095214844,REPLAY,CLICK + HOLD,3,92,75,26,2,True,True,False
127.89225769042969,REPLAY,CLICK + HOLD,3,92,75,26,2,True,True,False
127.94442749023438,REPLAY,CLICK + HOLD,3,92,75,26,2,True,True,False
127.99258422851562,REPLAY,CLICK + HOLD,3,92,75,26,2,True,True,False
128.0447540283203,REPLAY,CLICK + HOLD,3,92,75,26,2,True,True,False
128.09291076660156,REPLAY,CLICK + HOLD,3,92,75,26,2,True,True,False
128.14508056640625,REPLAY,CLICK + HOLD,3,92,75,26,2,True,True,False
128.1932373046875,REPLAY,CLICK + HOLD,3,92,75,26,2,True,True,False
128.2454071044922,REPLAY,CLICK + HOLD,3,92,75,26,2,True,True,False
128.29356384277344,REPLAY,CLICK + HOLD,3,92,75,26,2,True,True,False
128.34573364257812,REPLAY,CLICK + HOLD,3,93,76,26,2,True,True,False
128.39389038085938,REPLAY,CLICK + HOLD,3,93,76,26,2,True,True,False
128.44204711914062,REPLAY,CLICK + HOLD,3,93,76,26,2,True,True,False
128.4942169189453,REPLAY,CLICK + HOLD,3,93,76,26,2,True,True,False
128.54237365722656,REPLAY,CLICK + HOLD,3,93,76,26,2,True,True,False
128.59454345703125,REPLAY,CLICK + HOLD,3,93,76,26,2,True,True,False
128.6427001953125,REPLAY,CLICK + HOLD,3,93,76,26,2,True,True,False
128.6948699951172,REPLAY,CLICK + HOLD,3,93,76,26,2,True,True,False
128.74302673339844,REPLAY,CLICK + HOLD,3,93,76,26,2,True,True,False
128.79519653320312,REPLAY,CLICK + HOLD,3,93,76,26,2,True,True,False
128.84335327148438,REPLAY,CLICK + HOLD,3,93,76,26,2,True,True,False
128.89552307128906,REPLAY,CLICK + HOLD,3,93,76,26,2,True,True,False
128.9436798095703,REPLAY,CLICK + HOLD,3,93,76,26,2,True,True,False
128.995849609375,REPLAY,CLICK + HOLD,3,93,76,26,2,True,True,False
129.04400634765625,REPLAY,CLICK + HOLD,3,93,76,26,2,True,True,False
129.0921630859375,REPLAY,CLICK + HOLD,3,93,76,26,2,True,True,False
129.1443328857422,REPLAY,CLICK + HOLD,3,93,76,26,2,True,True,False
129.19248962402344,REPLAY,CLICK + HOLD,3,93,76,26,2,True,True,False
129.24465942382812,REPLAY,CLICK + HOLD,3,93,76,26,2,True,True,False
129.29281616210938,REPLAY,CLICK + HOLD,3,93,76,26,2,True,True,False
129.34498596191406,REPLAY,CLICK + HOLD,3,93,76,26,2,True,True,False
129.3931427001953,REPLAY,CLICK + HOLD,3,93,76,26,2,True,True,False
129.4453125,REPLAY,CLICK + HOLD,3,93,76,26,2,True,True,False
129.49346923828125,REPLAY,CLICK + HOLD,3,93,76,26,2,True,True,False
129.54563903808594,REPLAY,CLICK + HOLD,3,93,76,27,1,True,True,False
129.5937957763672,REPLAY,CLICK + HOLD,3,93,76,27,1,True,True,False
129.64596557617188,REPLAY,CLICK + HOLD,3,93,76,27,1,True,True,False
129.69412231445312,REPLAY,CLICK + HOLD,3,93,76,27,1,True,True,False
129.74227905273438,REPLAY,CLICK + HOLD,3,93,76,27,1,True,True,False
129.79444885253906,REPLAY,CLICK + HOLD,3,93,76,27,1,True,True,False
129.8426055908203,REPLAY,CLICK + HOLD,3,93,76,27,2,True,True,False
129.894775390625,REPLAY,CLICK + HOLD,3,93,76,27,2,True,True,False
129.94293212890625,REPLAY,CLICK + HOLD,3,93,76,27,2,True,True,False
129.99510192871094,REPLAY,CLICK + HOLD,3,93,76,27,2,True,True,False
130.0432586669922,REPLAY,CLICK + HOLD,3,93,76,27,2,True,True,False
130.09542846679688,REPLAY,CLICK + HOLD,3,93,76,27,2,True,True,False
130.14358520507812,REPLAY,CLICK + HOLD,3,93,76,27,2,True,True,False
130.1957550048828,REPLAY,CLICK + HOLD,3,93,76,27,2,True,True,False
130.24391174316406,REPLAY,CLICK + HOLD,3,93,76,27,2,True,True,False
130.2920684814453,REPLAY,CLICK + HOLD,3,93,76,27,2,True,True,False
130.34423828125,REPLAY,CLICK + HOLD,3,93,76,27,2,True,True,False
130.39239501953125,REPLAY,CLICK + HOLD,3,93,76,27,2,True,True,False
130.44456481933594,REPLAY,CLICK + HOLD,3,93,76,27,2,True,True,False
130.4927215576172,REPLAY,CLICK + HOLD,3,93,76,27,2,True,True,False
130.54489135742188,REPLAY,CLICK + HOLD,3,93,76,27,2,True,True,False
130.59304809570312,REPLAY,CLICK + HOLD,3,93,76,27,2,True,True,False
130.6452178955078,REPLAY,CLICK + HOLD,3,93,76,27,2,True,True,False
130.69337463378906,REPLAY,CLICK + HOLD,3,93,76,27,2,True,True,False
130.74554443359375,REPLAY,CLICK + HOLD,3,93,76,27,3,True,True,False
130.793701171875,REPLAY,CLICK + HOLD,3,93,76,27,3,True,True,False
130.8458709716797,REPLAY,CLICK + HOLD,3,93,76,27,3,True,True,False
130.89402770996094,REPLAY,CLICK + HOLD,3,93,76,27,3,True,True,False
130.9421844482422,REPLAY,CLICK + HOLD,3,93,76,27,3,True,True,False
130.99435424804688,REPLAY,CLICK + HOLD,3,93,76,27,3,True,True,False
131.04251098632812,REPLAY,CLICK + HOLD,3,93,76,27,3,True,True,False
131.0946807861328,REPLAY,CLICK + HOLD,3,93,76,27,3,True,True,False
131.14283752441406,REPLAY,CLICK + HOLD,3,93,76,27,3,True,True,False
131.19500732421875,REPLAY,CLICK + HOLD,3,93,76,27,3,True,True,False
131.2431640625,REPLAY,CLICK + HOLD,3,93,76,27,3,True,True,False
131.2953338623047,REPLAY,CLICK + HOLD,3,93,76,27,3,True,True,False
131.34349060058594,REPLAY,CLICK + HOLD,3,93,76,28,2,True,True,False
131.39566040039062,REPLAY,CLICK + HOLD,3,93,76,28,2,True,True,False
131.44381713867188,REPLAY,CLICK + HOLD,3,93,76,28,2,True,True,False
131.49598693847656,REPLAY,CLICK + HOLD,3,93,76,28,2,True,True,False
131.5441436767578,REPLAY,CLICK + HOLD,3,93,76,28,2,True,True,False
131.59230041503906,REPLAY,CLICK + HOLD,3,94,77,28,1,True,True,False
131.64447021484375,REPLAY,CLICK + HOLD,3,94,77,28,1,True,True,False
131.692626953125,REPLAY,CLICK + HOLD,3,94,77,28,1,True,True,False
131.7447967529297,REPLAY,CLICK + HOLD,3,94,77,28,1,True,True,False
131.79295349121094,REPLAY,CLICK + HOLD,3,94,77,28,1,True,True,False
131.84512329101562,REPLAY,CLICK + HOLD,3,94,77,28,1,True,True,False
131.89328002929688,REPLAY,CLICK + HOLD,3,94,77,28,1,True,True,False
131.94544982910156,REPLAY,CLICK + HOLD,3,94,77,28,1,True,True,False
131.9936065673828,REPLAY,CLICK + HOLD,3,94,77,28,1,True,True,False
132.0457763671875,REPLAY,CLICK + HOLD,3,94,77,28,1,True,True,False
132.09393310546875,REPLAY,CLICK + HOLD,3,94,77,28,1,True,True,False
132.14208984375,REPLAY,CLICK + HOLD,3,94,77,28,1,True,True,False
132.1942596435547,REPLAY,CLICK + HOLD,3,94,77,28,1,True,True,False
132.24241638183594,REPLAY,CLICK + HOLD,3,94,77,28,2,True,True,False
132.29458618164062,REPLAY,CLICK + HOLD,3,94,77,28,2,True,True,False
132.34274291992188,REPLAY,CLICK + HOLD,3,94,77,28,2,True,True,False
132.39491271972656,REPLAY,CLICK + HOLD,3,94,77,28,2,True,True,False
132.4430694580078,REPLAY,CLICK + HOLD,3,94,77,28,2,True,True,False
132.4952392578125,REPLAY,CLICK + HOLD,3,94,77,28,2,True,True,False
132.54339599609375,REPLAY,CLICK + HOLD,3,94,77,28,2,True,True,False
132.59556579589844,REPLAY,CLICK + HOLD,3,94,77,28,2,True,True,False
132.6437225341797,REPLAY,CLICK + HOLD,3,94,77,28,2,True,True,False
132.69589233398438,REPLAY,CLICK + HOLD,3,94,77,28,2,True,True,False
132.74404907226562,REPLAY,CLICK + HOLD,3,94,77,28,2,True,True,False
132.79220581054688,REPLAY,CLICK + HOLD,3,94,77,28,2,True,True,False
132.84437561035156,REPLAY,CLICK + HOLD,3,94,77,28,2,True,True,False
132.8925323486328,REPLAY,CLICK + HOLD,3,94,77,28,2,True,True,False
132.9447021484375,REPLAY,CLICK + HOLD,3,94,77,28,2,True,True,False
132.99285888671875,REPLAY,CLICK + HOLD,3,94,77,28,2,True,True,False
133.04502868652344,REPLAY,CLICK + HOLD,3,94,77,28,2,True,True,False
133.0931854248047,REPLAY,CLICK + HOLD,3,95,78,28,1,True,True,False
133.14535522460938,REPLAY,CLICK + HOLD,3,95,78,28,1,True,True,False
133.19351196289062,REPLAY,CLICK + HOLD,3,95,78,28,1,True,True,False
133.2456817626953,REPLAY,CLICK + HOLD,3,95,78,28,1,True,True,False
133.29383850097656,REPLAY,CLICK + HOLD,3,95,78,29,0,True,True,False
133.3419952392578,REPLAY,CLICK + HOLD,3,95,78,29,0,True,True,False
133.3941650390625,REPLAY,CLICK + HOLD,3,95,78,29,0,True,True,False
133.44232177734375,REPLAY,CLICK + HOLD,3,95,78,29,1,True,True,False
133.49449157714844,REPLAY,CLICK + HOLD,3,95,78,29,1,True,True,False
133.5426483154297,REPLAY,CLICK + HOLD,3,95,78,29,1,True,True,False
133.59481811523438,REPLAY,CLICK + HOLD,3,95,78,29,1,True,True,False
133.64297485351562,REPLAY,CLICK + HOLD,3,95,78,29,1,True,True,False
133.6951446533203,REPLAY,CLICK + HOLD,3,95,78,29,1,True,True,False
133.74330139160156,REPLAY,CLICK + HOLD,3,95,78,29,1,True,True,False
133.79547119140625,REPLAY,CLICK + HOLD,3,95,78,29,1,True,True,False
133.8436279296875,REPLAY,CLICK + HOLD,3,95,78,29,1,True,True,False
133.8957977294922,REPLAY,CLICK + HOLD,3,95,78,29,1,True,True,False
133.94395446777344,REPLAY,CLICK + HOLD,3,95,78,29,1,True,True,False
133.9921112060547,REPLAY,CLICK + HOLD,3,95,78,29,1,True,True,False
134.04428100585938,REPLAY,CLICK + HOLD,3,95,78,29,1,True,True,False
134.09243774414062,REPLAY,CLICK + HOLD,3,95,78,29,1,True,True,False
134.1446075439453,REPLAY,CLICK + HOLD,3,95,78,29,1,True,True,False
134.19276428222656,REPLAY,CLICK + HOLD,3,95,78,29,1,True,True,False
134.24493408203125,REPLAY,CLICK + HOLD,3,95,78,29,1,True,True,False
134.2930908203125,REPLAY,NEUTRAL,3,95,78,29,1,False,True,False
134.3452606201172,REPLAY,NEUTRAL,3,95,78,29,1,False,True,False
134.39341735839844,REPLAY,NEUTRAL,3,95,78,29,2,False,True,False
134.44558715820312,REPLAY,NEUTRAL,3,95,78,29,2,False,True,False
134.49374389648438,REPLAY,NEUTRAL,3,95,78,29,2,False,True,False
134.54591369628906,REPLAY,NEUTRAL,3,95,78,29,2,False,True,False
134.5940704345703,REPLAY,NEUTRAL,3,95,78,29,2,False,True,False
134.64222717285156,REPLAY,NEUTRAL,3,95,78,29,2,False,True,False
134.69439697265625,REPLAY,NEUTRAL,3,95,78,29,2,False,True,False
134.7425537109375,REPLAY,NEUTRAL,3,95,78,29,2,False,True,False
134.7947235107422,REPLAY,NEUTRAL,3,95,78,29,2,False,True,False
134.84288024902344,REPLAY,NEUTRAL,3,95,78,29,2,False,True,False
134.89505004882812,REPLAY,NEUTRAL,3,95,78,29,2,False,True,False
134.94320678710938,REPLAY,NEUTRAL,3,95,78,29,2,False,True,False
134.99537658691406,REPLAY,NEUTRAL,3,95,78,29,2,False,True,False
135.0435333251953,REPLAY,NEUTRAL,3,95,78,29,2,False,True,False
135.095703125,REPLAY,NEUTRAL,3,95,78,29,2,False,True,False
135.14385986328125,REPLAY,NEUTRAL,3,95,78,29,2,False,True,False
135.1920166015625,REPLAY,NEUTRAL,3,95,78,29,2,False,True,False
135.2441864013672,REPLAY,NEUTRAL,3,95,78,29,2,False,True,False
135.29234313964844,REPLAY,NEUTRAL,3,95,78,29,2,False,True,False
135.34451293945312,REPLAY,NEUTRAL,3,95,78,29,2,False,True,False
135.39266967773438,REPLAY,NEUTRAL,3,95,78,29,2,False,True,False
135.44483947753906,REPLAY,NEUTRAL,3,95,78,29,3,False,True,False
135.4929962158203,REPLAY,NEUTRAL,3,95,78,29,3,False,True,False
135.545166015625,REPLAY,NEUTRAL,3,95,78,29,3,False,True,False
135.59332275390625,REPLAY,NEUTRAL,3,95,78,29,3,False,True,False
135.64549255371094,REPLAY,NEUTRAL,3,95,78,29,3,False,True,False
135.6936492919922,REPLAY,NEUTRAL,3,95,78,29,3,False,True,False
135.74581909179688,REPLAY,NEUTRAL,3,95,78,29,3,False,True,False
135.79397583007812,REPLAY,NEUTRAL,3,95,78,29,3,False,True,False
135.84213256835938,REPLAY,NEUTRAL,3,95,78,29,3,False,True,False
135.89430236816406,REPLAY,NEUTRAL,3,95,78,29,3,False,True,False
135.9424591064453,REPLAY,NEUTRAL,3,95,78,29,3,False,True,False
135.99462890625,REPLAY,NEUTRAL,3,95,78,29,3,False,True,False
136.04278564453125,REPLAY,NEUTRAL,3,95,78,29,3,False,True,False
136.09495544433594,REPLAY,NEUTRAL,3,95,78,29,3,False,True,False
136.1431121826172,REPLAY,NEUTRAL,3,95,78,29,3,False,True,False
136.19528198242188,REPLAY,NEUTRAL,3,96,79,29,2,False,True,False
136.24343872070312,REPLAY,NEUTRAL,3,96,79,29,2,False,True,False
136.2956085205078,REPLAY,NEUTRAL,3,96,79,29,2,False,True,False
136.34376525878906,REPLAY,NEUTRAL,3,96,79,29,2,False,True,False
136.39593505859375,REPLAY,NEUTRAL,3,96,79,29,2,False,True,False
136.444091796875,REPLAY,NEUTRAL,3,96,79,29,2,False,True,False
136.49224853515625,REPLAY,NEUTRAL,3,96,79,29,2,False,True,False
136.54441833496094,REPLAY,NEUTRAL,3,96,79,29,2,False,True,False
136.5925750732422,REPLAY,NEUTRAL,3,96,79,29,2,False,True,False
136.64474487304688,REPLAY,NEUTRAL,3,96,79,29,2,False,True,False
136.69290161132812,REPLAY,NEUTRAL,3,96,79,29,2,False,True,False
136.7450714111328,REPLAY,NEUTRAL,3,96,79,29,3,False,True,False
136.79322814941406,REPLAY,NEUTRAL,3,96,79,29,3,False,True,False
136.84539794921875,REPLAY,NEUTRAL,3,96,79,29,3,False,True,False
136.8935546875,REPLAY,NEUTRAL,3,96,79,29,3,False,True,False
136.9457244873047,REPLAY,NEUTRAL,3,96,79,29,3,False,True,False
136.99388122558594,REPLAY,NEUTRAL,3,96,79,29,3,False,True,False
137.0420379638672,REPLAY,NEUTRAL,3,96,79,29,3,False,True,False
137.09420776367188,REPLAY,NEUTRAL,3,96,79,29,3,False,True,False
137.14236450195312,REPLAY,NEUTRAL,3,96,79,29,3,False,True,False
137.1945343017578,REPLAY,NEUTRAL,3,96,79,29,3,False,True,False
137.24269104003906,REPLAY,NEUTRAL,3,96,79,29,3,False,True,False
137.29486083984375,REPLAY,NEUTRAL,3,96,79,29,3,False,True,False
137.343017578125,REPLAY,NEUTRAL,3,96,79,29,3,False,True,False
137.3951873779297,REPLAY,NEUTRAL,3,96,79,29,3,False,True,False
137.44334411621094,REPLAY,NEUTRAL,3,96,79,29,3,False,True,False
137.49551391601562,REPLAY,NEUTRAL,3,96,79,29,3,False,True,False
137.54367065429688,REPLAY,NEUTRAL,3,97,80,29,2,False,True,False
137.59584045410156,REPLAY,NEUTRAL,3,97,80,29,2,False,True,False
137.6439971923828,REPLAY,NEUTRAL,3,97,80,29,2,False,True,False
137.69215393066406,REPLAY,NEUTRAL,3,97,80,29,2,False,True,False
137.74432373046875,REPLAY,NEUTRAL,3,97,80,29,2,False,True,False
137.79248046875,REPLAY,NEUTRAL,3,97,80,29,2,False,True,False
137.8446502685547,REPLAY,NEUTRAL,3,97,80,29,2,False,True,False
137.89280700683594,REPLAY,NEUTRAL,3,97,80,29,2,False,True,False
137.94497680664062,REPLAY,NEUTRAL,3,97,80,29,2,False,True,False
137.99313354492188,REPLAY,NEUTRAL,3,97,80,29,3,False,True,False
138.04530334472656,REPLAY,NEUTRAL,3,97,80,29,3,False,True,False
138.0934600830078,REPLAY,NEUTRAL,3,97,80,29,3,False,True,False
138.1456298828125,REPLAY,NEUTRAL,3,97,80,29,3,False,True,False
138.19378662109375,REPLAY,NEUTRAL,3,97,80,29,3,False,True,False
138.24595642089844,REPLAY,NEUTRAL,3,97,80,29,3,False,True,False
138.2941131591797,REPLAY,NEUTRAL,3,97,80,29,3,False,True,False
138.34226989746094,REPLAY,NEUTRAL,3,97,80,29,3,False,True,False
138.39443969726562,REPLAY,NEUTRAL,3,97,80,29,3,False,True,False
138.44259643554688,REPLAY,NEUTRAL,3,97,80,29,3,False,True,False
138.49476623535156,REPLAY,NEUTRAL,3,97,80,29,3,False,True,False
138.5429229736328,REPLAY,NEUTRAL,3,97,80,29,3,False,True,False
138.5950927734375,REPLAY,NEUTRAL,3,97,80,29,3,False,True,False
138.64324951171875,REPLAY,NEUTRAL,3,97,80,29,3,False,True,False
138.69541931152344,REPLAY,NEUTRAL,3,97,80,29,3,False,True,False
138.7435760498047,REPLAY,NEUTRAL,3,97,80,29,3,False,True,False
138.79574584960938,REPLAY,CLICK,3,99,81,29,2,False,True,False
138.84390258789062,REPLAY,NEUTRAL,3,99,81,29,2,False,True,False
138.89205932617188,REPLAY,NEUTRAL,3,99,81,30,1,False,True,False
138.94422912597656,REPLAY,NEUTRAL,3,99,81,30,2,False,True,False
138.9923858642578,REPLAY,NEUTRAL,3,99,81,30,2,False,True,False
139.0445556640625,REPLAY,NEUTRAL,3,99,81,30,2,False,True,False
139.09271240234375,REPLAY,NEUTRAL,3,99,81,30,2,False,True,False
139.14488220214844,REPLAY,NEUTRAL,3,99,81,30,2,False,True,False
139.1930389404297,REPLAY,NEUTRAL,3,99,81,30,2,False,True,False
139.24520874023438,REPLAY,NEUTRAL,3,99,81,30,2,False,True,False
139.29336547851562,REPLAY,NEUTRAL,3,99,81,30,2,False,True,False
139.3455352783203,REPLAY,CLICK,3,101,82,30,1,False,True,False
139.39369201660156,REPLAY,NEUTRAL,3,101,82,30,1,False,True,False
139.44586181640625,REPLAY,NEUTRAL,3,101,82,30,1,False,True,False
139.4940185546875,REPLAY,NEUTRAL,3,101,82,30,1,False,True,False
139.54217529296875,REPLAY,NEUTRAL,3,101,82,30,1,False,True,False
139.59434509277344,REPLAY,NEUTRAL,3,101,82,30,1,False,True,False
139.6425018310547,REPLAY,NEUTRAL,3,101,82,30,1,False,True,False
139.69467163085938,REPLAY,NEUTRAL,3,101,82,30,1,False,True,False
139.74282836914062,REPLAY,NEUTRAL,3,101,82,30,2,False,True,False
139.7949981689453,REPLAY,NEUTRAL,3,101,82,30,2,False,True,False
139.84315490722656,REPLAY,NEUTRAL,3,101,82,30,2,False,True,False
139.89532470703125,REPLAY,NEUTRAL,3,101,82,30,2,False,True,False
139.9434814453125,REPLAY,CLICK,3,103,83,30,1,False,True,False
139.9956512451172,REPLAY,NEUTRAL,3,103,83,30,1,False,True,False
140.04380798339844,REPLAY,NEUTRAL,3,103,83,30,1,False,True,False
140.09597778320312,REPLAY,NEUTRAL,3,103,83,30,1,False,True,False
140.14413452148438,REPLAY,NEUTRAL,3,103,83,30,1,False,True,False
140.19229125976562,REPLAY,NEUTRAL,3,103,83,30,1,False,True,False
140.2444610595703,REPLAY,NEUTRAL,3,103,83,30,1,False,True,False
140.29261779785156,REPLAY,NEUTRAL,3,103,83,30,1,False,True,False
140.34478759765625,REPLAY,NEUTRAL,3,103,83,30,1,False,True,False
140.3929443359375,REPLAY,NEUTRAL,3,103,83,30,1,False,True,False
140.4451141357422,REPLAY,CLICK,3,103,83,30,1,False,True,False
140.49327087402344,REPLAY,NEUTRAL,3,103,83,30,1,False,True,False
140.54544067382812,REPLAY,NEUTRAL,3,103,83,30,1,False,True,False
140.59359741210938,REPLAY,NEUTRAL,3,103,83,30,1,False,True,False
140.64576721191406,REPLAY,NEUTRAL,3,103,83,30,1,False,True,False
140.6939239501953,REPLAY,NEUTRAL,3,103,83,30,1,False,True,False
140.74208068847656,REPLAY,NEUTRAL,3,103,83,30,1,False,True,False
140.79425048828125,REPLAY,NEUTRAL,3,103,83,30,1,False,True,False
140.8424072265625,REPLAY,NEUTRAL,3,103,83,30,1,False,True,False
140.8945770263672,REPLAY,NEUTRAL,3,103,83,30,1,False,True,False
140.94273376464844,REPLAY,NEUTRAL,3,103,83,30,1,False,True,False
140.99490356445312,REPLAY,NEUTRAL,3,103,83,31,0,False,True,False
141.04306030273438,REPLAY,NEUTRAL,3,103,83,31,0,False,True,False
141.09523010253906,REPLAY,NEUTRAL,3,103,83,31,0,False,True,False
141.1433868408203,REPLAY,NEUTRAL,3,103,83,31,0,False,True,False
141.195556640625,REPLAY,CLICK,3,103,83,31,1,False,True,False
141.24371337890625,REPLAY,NEUTRAL,3,103,83,31,1,False,True,False
141.29588317871094,REPLAY,NEUTRAL,3,103,83,31,1,False,True,False
141.3440399169922,REPLAY,NEUTRAL,3,103,83,31,1,False,True,False
141.39219665527344,REPLAY,NEUTRAL,3,103,83,31,1,False,True,False
141.44436645507812,REPLAY,NEUTRAL,3,103,83,31,1,False,True,False
141.49252319335938,REPLAY,NEUTRAL,3,103,83,31,1,False,True,False
141.54469299316406,REPLAY,NEUTRAL,3,103,83,31,1,False,True,False
141.5928497314453,REPLAY,NEUTRAL,3,103,83,31,1,False,True,False
141.64501953125,REPLAY,NEUTRAL,3,103,83,31,1,False,True,False
141.69317626953125,REPLAY,NEUTRAL,3,103,83,31,1,False,True,False
141.74534606933594,REPLAY,NEUTRAL,3,103,83,31,1,False,True,False
141.7935028076172,REPLAY,CLICK,3,105,84,31,0,False,True,False
141.84567260742188,REPLAY,NEUTRAL,3,105,84,31,0,False,True,False
141.89382934570312,REPLAY,NEUTRAL,3,105,84,31,0,False,True,False
141.94198608398438,REPLAY,NEUTRAL,3,105,84,31,0,False,True,False
141.99415588378906,REPLAY,NEUTRAL,3,105,84,31,0,False,True,False
142.0423126220703,REPLAY,NEUTRAL,3,105,84,31,1,False,True,False
142.094482421875,REPLAY,NEUTRAL,3,105,84,31,1,False,True,False
142.14263916015625,REPLAY,NEUTRAL,3,105,84,31,1,False,True,False
142.19480895996094,REPLAY,NEUTRAL,3,105,84,31,1,False,True,False
142.2429656982422,REPLAY,NEUTRAL,3,105,84,31,1,False,True,False
142.29513549804688,REPLAY,NEUTRAL,3,105,84,31,1,False,True,False
142.34329223632812,REPLAY,NEUTRAL,3,105,84,31,1,False,True,False
142.3954620361328,REPLAY,NEUTRAL,3,105,84,31,1,False,True,False
142.44361877441406,REPLAY,CLICK,3,105,84,31,1,False,True,False
142.49578857421875,REPLAY,NEUTRAL,3,105,84,31,1,False,True,False
142.5439453125,REPLAY,NEUTRAL,3,105,84,31,1,False,True,False
142.59210205078125,REPLAY,NEUTRAL,3,105,84,31,1,False,True,False
142.64427185058594,REPLAY,NEUTRAL,3,105,84,31,1,False,True,False
142.6924285888672,REPLAY,NEUTRAL,3,105,84,31,1,False,True,False
142.74459838867188,REPLAY,NEUTRAL,3,105,84,31,1,False,True,False
142.79275512695312,REPLAY,NEUTRAL,3,105,84,31,1,False,True,False
142.8449249267578,REPLAY,NEUTRAL,3,105,84,31,1,False,True,False
142.89308166503906,REPLAY,NEUTRAL,3,105,84,31,1,False,True,False
142.94525146484375,REPLAY,NEUTRAL,3,105,84,31,1,False,True,False
142.993408203125,REPLAY,NEUTRAL,3,105,84,31,1,False,True,False
143.0455780029297,REPLAY,NEUTRAL,3,105,84,31,1,False,True,False
143.09373474121094,REPLAY,CLICK,3,105,84,31,1,False,True,False
143.14590454101562,REPLAY,NEUTRAL,3,105,84,31,1,False,True,False
143.19406127929688,REPLAY,NEUTRAL,3,105,84,31,1,False,True,False
143.24221801757812,REPLAY,NEUTRAL,3,105,84,31,1,False,True,False
143.2943878173828,REPLAY,NEUTRAL,3,105,84,31,1,False,True,False
143.34254455566406,REPLAY,NEUTRAL,3,105,84,31,1,False,True,False
143.39471435546875,REPLAY,NEUTRAL,3,105,84,31,1,False,True,False
143.44287109375,REPLAY,NEUTRAL,3,105,84,31,2,False,True,False
143.4950408935547,REPLAY,CLICK + HOLD,3,105,84,31,2,True,True,False
143.54319763183594,REPLAY,CLICK + HOLD,3,105,84,31,2,True,True,False
143.59536743164062,REPLAY,CLICK + HOLD,3,105,84,31,2,True,True,False
143.64352416992188,REPLAY,CLICK + HOLD,3,105,84,31,2,True,True,False
143.69569396972656,REPLAY,CLICK + HOLD,3,105,84,31,2,True,True,False
143.7438507080078,REPLAY,CLICK + HOLD,3,105,84,31,2,True,True,False
143.79200744628906,REPLAY,CLICK + HOLD,3,105,84,31,2,True,True,False
143.84417724609375,REPLAY,CLICK + HOLD,3,105,84,31,2,True,True,False
143.892333984375,REPLAY,CLICK + HOLD,3,105,84,31,2,True,True,False
143.9445037841797,REPLAY,CLICK + HOLD,3,105,84,31,2,True,True,False
143.99266052246094,REPLAY,CLICK + HOLD,3,105,84,31,2,True,True,False
144.04483032226562,REPLAY,CLICK + HOLD,3,105,84,31,2,True,True,False
144.09298706054688,REPLAY,CLICK + HOLD,3,105,84,31,2,True,True,False
144.14515686035156,REPLAY,CLICK + HOLD,3,105,84,31,2,True,True,False
144.1933135986328,REPLAY,CLICK + HOLD,3,105,84,31,2,True,True,False
144.2454833984375,REPLAY,CLICK + HOLD,3,106,85,31,1,True,True,False
144.29364013671875,REPLAY,CLICK + HOLD,3,106,85,31,1,True,True,False
144.34580993652344,REPLAY,CLICK + HOLD,3,106,85,31,1,True,True,False
144.3939666748047,REPLAY,NEUTRAL,3,106,85,31,1,False,True,False
144.44212341308594,REPLAY,NEUTRAL,3,106,85,31,1,False,True,False
144.49429321289062,REPLAY,CLICK,3,106,85,31,1,False,True,False
144.54244995117188,REPLAY,NEUTRAL,3,106,85,31,1,False,True,False
144.59461975097656,REPLAY,NEUTRAL,3,106,85,31,1,False,True,False
144.6427764892578,REPLAY,NEUTRAL,3,106,85,31,1,False,True,False
144.6949462890625,REPLAY,NEUTRAL,3,106,85,31,2,False,True,False
144.74310302734375,REPLAY,NEUTRAL,3,106,85,31,2,False,True,False
144.79527282714844,REPLAY,NEUTRAL,3,106,85,31,2,False,True,False
144.8434295654297,REPLAY,NEUTRAL,3,106,85,31,2,False,True,False
144.89559936523438,REPLAY,NEUTRAL,3,106,85,31,2,False,True,False
144.94375610351562,REPLAY,NEUTRAL,3,106,85,31,2,False,True,False
144.9959259033203,REPLAY,NEUTRAL,3,106,85,31,2,False,True,False
145.04408264160156,REPLAY,NEUTRAL,3,106,85,31,2,False,True,False
145.0922393798828,REPLAY,NEUTRAL,3,106,85,31,2,False,True,False
145.1444091796875,REPLAY,CLICK,3,106,85,31,2,False,True,False
145.19256591796875,REPLAY,NEUTRAL,3,106,85,31,2,False,True,False
145.24473571777344,REPLAY,NEUTRAL,3,106,85,31,2,False,True,False
145.2928924560547,REPLAY,NEUTRAL,3,106,85,31,2,False,True,False
145.34506225585938,REPLAY,NEUTRAL,3,106,85,31,2,False,True,False
145.39321899414062,REPLAY,NEUTRAL,3,106,85,31,2,False,True,False
145.4453887939453,REPLAY,NEUTRAL,3,106,85,31,2,False,True,False
145.49354553222656,REPLAY,CLICK + HOLD,3,106,85,32,1,True,True,False
145.54571533203125,REPLAY,CLICK + HOLD,3,106,85,32,1,True,True,False
145.5938720703125,REPLAY,CLICK + HOLD,3,106,85,32,2,True,True,False
145.64202880859375,REPLAY,CLICK + HOLD,3,106,85,32,2,True,True,False
145.69419860839844,REPLAY,CLICK + HOLD,3,106,85,32,2,True,True,False
145.7423553466797,REPLAY,CLICK + HOLD,3,106,85,32,2,True,True,False
145.79452514648438,REPLAY,CLICK + HOLD,3,106,85,32,2,True,True,False
145.84268188476562,REPLAY,CLICK + HOLD,3,106,85,32,2,True,True,False
145.8948516845703,REPLAY,CLICK + HOLD,3,106,85,32,2,True,True,False
145.94300842285156,REPLAY,CLICK + HOLD,3,106,85,32,2,True,True,False
145.99517822265625,REPLAY,CLICK + HOLD,3,106,85,32,2,True,True,False
146.0433349609375,REPLAY,CLICK + HOLD,3,106,85,32,2,True,True,False
146.0955047607422,REPLAY,CLICK + HOLD,3,106,85,32,2,True,True,False
146.14366149902344,REPLAY,CLICK + HOLD,3,106,85,32,2,True,True,False
146.19583129882812,REPLAY,CLICK + HOLD,3,106,85,32,2,True,True,False
146.24398803710938,REPLAY,CLICK + HOLD,3,106,85,32,2,True,True,False
146.29214477539062,REPLAY,NEUTRAL,3,106,85,32,2,False,True,False
146.3443145751953,REPLAY,NEUTRAL,3,106,85,32,2,False,True,False
146.39247131347656,REPLAY,NEUTRAL,3,106,85,32,2,False,True,False
146.44464111328125,REPLAY,CLICK,3,108,86,32,1,False,True,False
146.4927978515625,REPLAY,NEUTRAL,3,108,86,32,1,False,True,False
146.5449676513672,REPLAY,NEUTRAL,3,108,86,32,1,False,True,False
146.59312438964844,REPLAY,NEUTRAL,3,108,86,32,1,False,True,False
146.64529418945312,REPLAY,NEUTRAL,3,108,86,32,1,False,True,False
146.69345092773438,REPLAY,NEUTRAL,3,108,86,32,1,False,True,False
146.74562072753906,REPLAY,NEUTRAL,3,108,86,32,1,False,True,False
146.7937774658203,REPLAY,NEUTRAL,3,108,86,32,1,False,True,False
146.845947265625,REPLAY,CLICK + HOLD,3,108,86,32,1,True,True,False
146.89410400390625,REPLAY,CLICK + HOLD,3,108,86,32,1,True,True,False
146.9422607421875,REPLAY,CLICK + HOLD,3,108,86,32,1,True,True,False
146.9944305419922,REPLAY,CLICK + HOLD,3,108,86,32,1,True,True,False
147.04258728027344,REPLAY,CLICK + HOLD,3,108,86,32,1,True,True,False
147.09475708007812,REPLAY,CLICK + HOLD,3,108,86,32,1,True,True,False
147.14291381835938,REPLAY,CLICK + HOLD,3,108,86,32,1,True,True,False
147.19508361816406,REPLAY,CLICK + HOLD,3,108,86,32,2,True,True,False
147.2432403564453,REPLAY,CLICK + HOLD,3,108,86,32,2,True,True,False
147.29541015625,REPLAY,CLICK + HOLD,3,108,86,32,2,True,True,False
147.34356689453125,REPLAY,CLICK + HOLD,3,108,86,32,2,True,True,False
147.39573669433594,REPLAY,CLICK + HOLD,3,108,86,32,2,True,True,False
147.4438934326172,REPLAY,CLICK + HOLD,3,108,86,32,2,True,True,False
147.49205017089844,REPLAY,CLICK + HOLD,3,108,86,32,2,True,True,False
147.54421997070312,REPLAY,CLICK + HOLD,3,108,86,32,2,True,True,False
147.59237670898438,REPLAY,CLICK + HOLD,3,108,86,32,2,True,True,False
147.64454650878906,REPLAY,CLICK + HOLD,3,108,86,32,2,True,True,False
147.6927032470703,REPLAY,CLICK + HOLD,3,108,86,32,2,True,True,False
147.744873046875,REPLAY,CLICK + HOLD,3,108,86,32,2,True,True,False
147.79302978515625,REPLAY,CLICK + HOLD,3,108,86,33,1,True,True,False
147.84519958496094,REPLAY,CLICK + HOLD,3,108,86,33,1,True,True,False
147.8933563232422,REPLAY,CLICK + HOLD,3,108,86,33,1,True,True,False
147.94552612304688,REPLAY,CLICK + HOLD,3,108,86,33,1,True,True,False
147.99368286132812,REPLAY,CLICK + HOLD,3,108,86,33,1,True,True,False
148.0458526611328,REPLAY,CLICK + HOLD,3,109,87,33,1,True,True,False
148.09400939941406,REPLAY,CLICK + HOLD,3,109,87,33,1,True,True,False
148.1421661376953,REPLAY,CLICK + HOLD,3,109,87,33,1,True,True,False
148.1943359375,REPLAY,CLICK + HOLD,3,109,87,33,1,True,True,False
148.24249267578125,REPLAY,CLICK + HOLD,3,109,87,33,1,True,True,False
148.29466247558594,REPLAY,CLICK + HOLD,3,109,87,33,1,True,True,False
148.3428192138672,REPLAY,NEUTRAL,3,109,87,33,1,False,True,False
148.39498901367188,REPLAY,NEUTRAL,3,109,87,33,1,False,True,False
148.44314575195312,REPLAY,NEUTRAL,3,109,87,33,1,False,True,False
148.4953155517578,REPLAY,NEUTRAL,3,109,87,33,1,False,True,False
148.54347229003906,REPLAY,NEUTRAL,3,109,87,33,1,False,True,False
148.59564208984375,REPLAY,NEUTRAL,3,109,87,33,1,False,True,False
148.643798828125,REPLAY,NEUTRAL,3,109,87,33,1,False,True,False
148.6959686279297,REPLAY,NEUTRAL,3,109,87,33,1,False,True,False
148.74412536621094,REPLAY,NEUTRAL,3,109,87,33,1,False,True,False
148.7922821044922,REPLAY,NEUTRAL,3,109,87,33,1,False,True,False
148.84445190429688,REPLAY,NEUTRAL,3,109,87,33,1,False,True,False
148.89260864257812,REPLAY,NEUTRAL,3,109,87,33,1,False,True,False
148.9447784423828,REPLAY,NEUTRAL,3,109,87,33,1,False,True,False
148.99293518066406,REPLAY,NEUTRAL,3,109,87,33,1,False,True,False
149.04510498046875,REPLAY,NEUTRAL,3,109,87,33,1,False,True,False
149.09326171875,REPLAY,NEUTRAL,3,109,87,33,1,False,True,False
149.1454315185547,REPLAY,NEUTRAL,3,109,87,33,1,False,True,False
149.19358825683594,REPLAY,NEUTRAL,3,109,87,33,2,False,True,False
149.24575805664062,REPLAY,NEUTRAL,3,109,87,33,2,False,True,False
149.29391479492188,REPLAY,NEUTRAL,3,109,87,33,2,False,True,False
149.34207153320312,REPLAY,NEUTRAL,3,109,87,33,2,False,True,False
149.3942413330078,REPLAY,NEUTRAL,3,109,87,33,2,False,True,False
149.44239807128906,REPLAY,NEUTRAL,3,109,87,33,2,False,True,False
149.49456787109375,REPLAY,NEUTRAL,3,109,87,33,2,False,True,False
149.542724609375,REPLAY,NEUTRAL,3,109,87,33,2,False,True,False
149.5948944091797,REPLAY,NEUTRAL,3,109,87,33,2,False,True,False
149.64305114746094,REPLAY,NEUTRAL,3,109,87,33,2,False,True,False
149.69522094726562,REPLAY,NEUTRAL,3,109,87,33,2,False,True,False
149.74337768554688,REPLAY,NEUTRAL,3,109,87,33,2,False,True,False
149.79554748535156,REPLAY,NEUTRAL,3,109,87,33,2,False,True,False
149.8437042236328,REPLAY,NEUTRAL,3,109,87,33,2,False,True,False
149.8958740234375,REPLAY,NEUTRAL,3,109,87,33,2,False,True,False
149.94403076171875,REPLAY,NEUTRAL,3,109,87,33,2,False,True,False
149.9921875,REPLAY,NEUTRAL,3,109,87,33,2,False,True,False
150.0443572998047,REPLAY,NEUTRAL,3,109,87,33,3,False,True,False
150.09251403808594,REPLAY,NEUTRAL,3,109,87,33,3,False,True,False
150.14468383789062,REPLAY,NEUTRAL,3,109,87,33,3,False,True,False
150.19284057617188,REPLAY,NEUTRAL,3,109,87,33,3,False,True,False
150.24501037597656,REPLAY,NEUTRAL,3,109,87,33,3,False,True,False
150.2931671142578,REPLAY,NEUTRAL,3,109,87,33,3,False,True,False
150.3453369140625,REPLAY,NEUTRAL,3,109,87,33,3,False,True,False
150.39349365234375,REPLAY,NEUTRAL,3,109,87,33,3,False,True,False
150.44566345214844,REPLAY,NEUTRAL,3,109,87,33,3,False,True,False
150.4938201904297,REPLAY,NEUTRAL,3,109,87,33,3,False,True,False
150.54197692871094,REPLAY,NEUTRAL,3,109,87,33,3,False,True,False
150.59414672851562,REPLAY,NEUTRAL,3,109,87,33,3,False,True,False
150.64230346679688,REPLAY,NEUTRAL,3,109,87,33,3,False,True,False
150.69447326660156,REPLAY,NEUTRAL,3,109,87,33,3,False,True,False
150.7426300048828,REPLAY,NEUTRAL,3,109,87,33,3,False,True,False
150.7947998046875,REPLAY,NEUTRAL,3,109,87,33,3,False,True,False
150.84295654296875,REPLAY,NEUTRAL,3,109,87,33,3,False,True,False
150.89512634277344,REPLAY,NEUTRAL,3,109,87,33,3,False,True,False
150.9432830810547,REPLAY,NEUTRAL,3,109,87,33,3,False,True,False
150.99545288085938,REPLAY,NEUTRAL,3,109,87,33,3,False,True,False
151.04360961914062,REPLAY,NEUTRAL,3,109,87,33,3,False,True,False
151.0957794189453,REPLAY,NEUTRAL,3,109,87,33,3,False,True,False
151.14393615722656,REPLAY,NEUTRAL,3,109,87,33,3,False,True,False
151.1920928955078,REPLAY,NEUTRAL,3,109,87,33,3,False,True,False
151.2442626953125,REPLAY,NEUTRAL,3,109,87,33,3,False,True,False
151.29241943359375,REPLAY,NEUTRAL,3,109,87,33,3,False,True,False
151.34458923339844,REPLAY,NEUTRAL,3,109,87,33,3,False,True,False
151.3927459716797,REPLAY,NEUTRAL,3,109,87,33,4,False,True,False
151.44491577148438,REPLAY,NEUTRAL,3,109,87,34,3,False,True,False
151.49307250976562,REPLAY,NEUTRAL,3,109,87,34,3,False,True,False
151.5452423095703,REPLAY,NEUTRAL,3,109,87,34,3,False,True,False
151.59339904785156,REPLAY,NEUTRAL,3,109,87,34,3,False,True,False
151.64556884765625,REPLAY,NEUTRAL,3,109,87,34,3,False,True,False
151.6937255859375,REPLAY,NEUTRAL,3,109,87,34,3,False,True,False
151.7458953857422,REPLAY,NEUTRAL,3,109,87,34,3,False,True,False
151.79405212402344,REPLAY,NEUTRAL,3,109,87,34,3,False,True,False
151.8422088623047,REPLAY,NEUTRAL,3,109,87,34,3,False,True,False
151.89437866210938,REPLAY,NEUTRAL,3,109,87,34,3,False,True,False
151.94253540039062,REPLAY,NEUTRAL,3,109,87,34,3,False,True,False
151.9947052001953,REPLAY,NEUTRAL,3,109,87,34,3,False,True,False
152.04286193847656,REPLAY,NEUTRAL,3,109,87,34,3,False,True,False
152.09503173828125,REPLAY,NEUTRAL,3,109,87,34,3,False,True,False
152.1431884765625,REPLAY,NEUTRAL,3,109,87,34,3,False,True,False
152.1953582763672,REPLAY,NEUTRAL,3,109,87,34,3,False,True,False
152.24351501464844,REPLAY,NEUTRAL,3,109,87,34,3,False,True,False
152.29568481445312,REPLAY,NEUTRAL,3,110,88,34,2,False,True,False
152.34384155273438,REPLAY,NEUTRAL,3,110,88,34,2,False,True,False
152.39199829101562,REPLAY,NEUTRAL,3,110,88,34,2,False,True,False
152.4441680908203,REPLAY,NEUTRAL,3,110,88,34,2,False,True,False
152.49232482910156,REPLAY,NEUTRAL,3,110,88,34,3,False,True,False
152.54449462890625,REPLAY,NEUTRAL,3,110,88,34,3,False,True,False
152.5926513671875,REPLAY,NEUTRAL,3,110,88,34,3,False,True,False
152.6448211669922,REPLAY,NEUTRAL,3,110,88,34,3,False,True,False
152.69297790527344,REPLAY,NEUTRAL,3,111,89,34,2,False,True,False
152.74514770507812,REPLAY,NEUTRAL,3,111,89,34,2,False,True,False
152.79330444335938,REPLAY,NEUTRAL,3,111,89,34,2,False,True,False
152.84547424316406,REPLAY,NEUTRAL,3,111,89,34,2,False,True,False
152.8936309814453,REPLAY,NEUTRAL,3,111,89,34,2,False,True,False
152.94580078125,REPLAY,NEUTRAL,3,111,89,34,2,False,True,False
152.99395751953125,REPLAY,NEUTRAL,3,111,89,34,2,False,True,False
153.0421142578125,REPLAY,NEUTRAL,3,111,89,34,2,False,True,False
153.0942840576172,REPLAY,NEUTRAL,3,111,89,34,2,False,True,False
153.14244079589844,REPLAY,NEUTRAL,3,111,89,34,2,False,True,False
153.19461059570312,REPLAY,NEUTRAL,3,111,89,34,2,False,True,False
153.24276733398438,REPLAY,NEUTRAL,3,111,89,34,2,False,True,False
153.29493713378906,REPLAY,NEUTRAL,3,111,89,34,2,False,True,False
153.3430938720703,REPLAY,NEUTRAL,3,111,89,34,2,False,True,False
153.395263671875,REPLAY,NEUTRAL,3,111,89,34,2,False,True,False
153.44342041015625,REPLAY,NEUTRAL,3,111,89,34,2,False,True,False
153.49559020996094,REPLAY,NEUTRAL,3,111,89,34,2,False,True,False
153.5437469482422,REPLAY,NEUTRAL,3,111,89,34,2,False,True,False
153.59591674804688,REPLAY,NEUTRAL,3,111,89,34,2,False,True,False
153.64407348632812,REPLAY,NEUTRAL,3,111,89,34,3,False,True,False
153.69223022460938,REPLAY,NEUTRAL,3,111,89,34,3,False,True,False
153.74440002441406,REPLAY,NEUTRAL,3,111,89,34,3,False,True,False
153.7925567626953,REPLAY,NEUTRAL,3,111,89,34,3,False,True,False
153.8447265625,REPLAY,NEUTRAL,3,111,89,34,3,False,True,False
153.89288330078125,REPLAY,NEUTRAL,3,111,89,34,3,False,True,False
153.94505310058594,REPLAY,NEUTRAL,3,111,89,34,3,False,True,False
153.9932098388672,REPLAY,NEUTRAL,3,111,89,34,3,False,True,False
154.04537963867188,REPLAY,NEUTRAL,3,111,89,34,3,False,True,False
154.09353637695312,REPLAY,NEUTRAL,3,111,89,34,3,False,True,False
154.1457061767578,REPLAY,NEUTRAL,3,111,89,34,3,False,True,False
154.19386291503906,REPLAY,NEUTRAL,3,111,89,34,3,False,True,False
154.2420196533203,REPLAY,NEUTRAL,3,111,89,34,3,False,True,False
154.294189453125,REPLAY,NEUTRAL,3,111,89,34,3,False,True,False
154.34234619140625,REPLAY,NEUTRAL,3,111,89,34,3,False,True,False
154.39451599121094,REPLAY,NEUTRAL,3,111,89,34,3,False,True,False
154.4426727294922,REPLAY,NEUTRAL,3,111,89,34,3,False,True,False
154.49484252929688,REPLAY,NEUTRAL,3,111,89,34,3,False,True,False
154.54299926757812,REPLAY,NEUTRAL,3,111,89,34,3,False,True,False
154.5951690673828,REPLAY,NEUTRAL,3,111,89,35,2,False,True,False
154.64332580566406,REPLAY,NEUTRAL,3,111,89,35,2,False,True,False
154.69549560546875,REPLAY,NEUTRAL,3,111,89,35,2,False,True,False
154.74365234375,REPLAY,NEUTRAL,3,111,89,35,2,False,True,False
154.7958221435547,REPLAY,NEUTRAL,3,111,89,35,3,False,True,False
154.84397888183594,REPLAY,NEUTRAL,3,111,89,35,3,False,True,False
154.8921356201172,REPLAY,NEUTRAL,3,111,89,35,3,False,True,False
154.94430541992188,REPLAY,NEUTRAL,3,111,89,35,3,False,True,False
154.99246215820312,REPLAY,NEUTRAL,3,111,89,35,3,False,True,False
155.0446319580078,REPLAY,NEUTRAL,3,111,89,35,3,False,True,False
155.09278869628906,REPLAY,NEUTRAL,3,111,89,35,3,False,True,False
155.14495849609375,REPLAY,NEUTRAL,3,111,89,35,3,False,True,False
155.193115234375,REPLAY,NEUTRAL,3,111,89,35,3,False,True,False
155.2452850341797,REPLAY,NEUTRAL,3,111,89,35,3,False,True,False
155.29344177246094,REPLAY,NEUTRAL,3,111,89,35,3,False,True,False
155.34561157226562,REPLAY,NEUTRAL,3,111,89,35,3,False,True,False
155.39376831054688,REPLAY,NEUTRAL,3,111,89,35,3,False,True,False
155.44593811035156,REPLAY,NEUTRAL,3,111,89,35,3,False,True,False
155.4940948486328,REPLAY,NEUTRAL,3,111,89,35,3,False,True,False
155.54225158691406,REPLAY,NEUTRAL,3,111,89,35,3,False,True,False
155.59442138671875,REPLAY,NEUTRAL,3,111,89,35,3,False,True,False
155.642578125,REPLAY,NEUTRAL,3,111,89,35,3,False,True,False
155.6947479248047,REPLAY,NEUTRAL,3,111,89,35,3,False,True,False
155.74290466308594,REPLAY,NEUTRAL,3,111,89,35,3,False,True,False
155.79507446289062,REPLAY,NEUTRAL,3,111,89,35,3,False,True,False
155.84323120117188,REPLAY,NEUTRAL,3,111,89,35,3,False,True,False
155.89540100097656,REPLAY,NEUTRAL,3,111,89,35,3,False,True,False
155.9435577392578,REPLAY,NEUTRAL,3,111,89,36,2,False,True,False
155.9957275390625,REPLAY,NEUTRAL,3,111,89,36,3,False,True,False
156.04388427734375,REPLAY,NEUTRAL,3,111,89,36,3,False,True,False
156.092041015625,REPLAY,NEUTRAL,3,111,89,36,3,False,True,False
156.1442108154297,REPLAY,NEUTRAL,3,111,89,36,3,False,True,False
156.19236755371094,REPLAY,NEUTRAL,3,111,89,36,3,False,True,False
156.24453735351562,REPLAY,NEUTRAL,3,111,89,36,3,False,True,False
156.29269409179688,REPLAY,NEUTRAL,3,111,89,36,3,False,True,False
156.34486389160156,REPLAY,NEUTRAL,3,111,89,36,3,False,True,False
156.3930206298828,REPLAY,NEUTRAL,3,111,89,36,3,False,True,False
156.4451904296875,REPLAY,NEUTRAL,3,111,89,36,3,False,True,False
156.49334716796875,REPLAY,NEUTRAL,3,112,90,36,2,False,True,False
156.54551696777344,REPLAY,NEUTRAL,3,112,90,36,2,False,True,False
156.5936737060547,REPLAY,NEUTRAL,3,112,90,36,2,False,True,False
156.64584350585938,REPLAY,NEUTRAL,3,112,90,36,2,False,True,False
156.69400024414062,REPLAY,NEUTRAL,3,112,90,36,2,False,True,False
156.74215698242188,REPLAY,NEUTRAL,3,112,90,36,2,False,True,False
156.79432678222656,REPLAY,NEUTRAL,3,112,90,36,2,False,True,False
156.8424835205078,REPLAY,NEUTRAL,3,112,90,36,2,False,True,False
156.8946533203125,REPLAY,NEUTRAL,3,112,90,36,2,False,True,False
156.94281005859375,REPLAY,NEUTRAL,3,112,90,36,2,False,True,False
156.99497985839844,REPLAY,NEUTRAL,3,112,90,36,2,False,True,False
157.0431365966797,REPLAY,NEUTRAL,3,112,90,36,2,False,True,False
157.09530639648438,REPLAY,NEUTRAL,3,112,90,36,2,False,True,False
157.14346313476562,REPLAY,NEUTRAL,3,112,90,36,2,False,True,False
157.1956329345703,REPLAY,NEUTRAL,3,112,90,36,2,False,True,False
157.24378967285156,REPLAY,NEUTRAL,3,112,90,36,2,False,True,False
157.29595947265625,REPLAY,NEUTRAL,3,112,90,36,2,False,True,False
157.3441162109375,REPLAY,NEUTRAL,3,112,90,36,3,False,True,False
157.39227294921875,REPLAY,NEUTRAL,3,112,90,36,3,False,True,False
157.44444274902344,REPLAY,NEUTRAL,3,112,90,36,3,False,True,False
157.4925994873047,REPLAY,NEUTRAL,3,112,90,36,3,False,True,False
157.54476928710938,REPLAY,NEUTRAL,3,112,90,36,3,False,True,False
157.59292602539062,REPLAY,NEUTRAL,3,112,90,36,3,False,True,False
157.6450958251953,REPLAY,NEUTRAL,3,112,90,36,3,False,True,False
157.69325256347656,REPLAY,NEUTRAL,3,112,90,36,3,False,True,False
157.74542236328125,REPLAY,NEUTRAL,3,112,90,36,3,False,True,False
157.7935791015625,REPLAY,NEUTRAL,3,112,90,36,3,False,True,False
157.8457489013672,REPLAY,NEUTRAL,3,112,90,36,3,False,True,False
157.89390563964844,REPLAY,NEUTRAL,3,112,90,36,3,False,True,False
157.9420623779297,REPLAY,NEUTRAL,3,113,91,36,2,False,True,False
157.99423217773438,REPLAY,NEUTRAL,3,113,91,36,2,False,True,False
158.04238891601562,REPLAY,NEUTRAL,3,113,91,36,2,False,True,False
158.0945587158203,REPLAY,NEUTRAL,3,113,91,36,2,False,True,False
158.14271545410156,REPLAY,NEUTRAL,3,113,91,36,2,False,True,False
158.19488525390625,REPLAY,NEUTRAL,3,113,91,36,2,False,True,False
158.2430419921875,REPLAY,NEUTRAL,3,113,91,36,2,False,True,False
158.2952117919922,REPLAY,NEUTRAL,3,113,91,36,2,False,True,False
158.34336853027344,REPLAY,NEUTRAL,3,113,91,36,2,False,True,False
158.39553833007812,REPLAY,NEUTRAL,3,113,91,36,2,False,True,False
158.44369506835938,REPLAY,NEUTRAL,3,113,91,36,2,False,True,False
158.49586486816406,REPLAY,NEUTRAL,3,113,91,36,2,False,True,False
158.5440216064453,REPLAY,NEUTRAL,3,113,91,36,2,False,True,False
158.59217834472656,REPLAY,NEUTRAL,3,113,91,36,2,False,True,False
158.64434814453125,REPLAY,NEUTRAL,3,113,91,36,3,False,True,False
158.6925048828125,REPLAY,NEUTRAL,3,113,91,36,3,False,True,False
158.7446746826172,REPLAY,NEUTRAL,3,113,91,36,3,False,True,False
158.79283142089844,REPLAY,NEUTRAL,3,113,91,36,3,False,True,False
158.84500122070312,REPLAY,NEUTRAL,3,113,91,36,3,False,True,False
158.89315795898438,REPLAY,NEUTRAL,3,113,91,36,3,False,True,False
158.94532775878906,REPLAY,NEUTRAL,3,113,91,36,3,False,True,False
158.9934844970703,REPLAY,NEUTRAL,3,113,91,36,3,False,True,False
159.045654296875,REPLAY,NEUTRAL,3,113,91,36,3,False,True,False
159.09381103515625,REPLAY,NEUTRAL,3,113,91,37,2,False,True,False
159.14598083496094,REPLAY,NEUTRAL,3,113,91,37,2,False,True,False
159.1941375732422,REPLAY,NEUTRAL,3,113,91,37,2,False,True,False
159.24229431152344,REPLAY,NEUTRAL,3,113,91,37,2,False,True,False
159.29446411132812,REPLAY,NEUTRAL,3,113,91,37,2,False,True,False
159.34262084960938,REPLAY,NEUTRAL,3,113,91,37,2,False,True,False
159.39479064941406,REPLAY,NEUTRAL,3,113,91,37,2,False,True,False
159.4429473876953,REPLAY,NEUTRAL,3,113,91,37,2,False,True,False
159.4951171875,REPLAY,NEUTRAL,3,113,91,37,2,False,True,False
159.54327392578125,REPLAY,NEUTRAL,3,113,91,37,2,False,True,False
159.59544372558594,REPLAY,NEUTRAL,3,113,91,37,3,False,True,False
159.6436004638672,REPLAY,NEUTRAL,3,113,91,37,3,False,True,False
159.69577026367188,REPLAY,NEUTRAL,3,113,91,37,3,False,True,False
159.74392700195312,REPLAY,NEUTRAL,3,113,91,37,3,False,True,False
159.79208374023438,REPLAY,NEUTRAL,3,113,91,37,3,False,True,False
159.84425354003906,REPLAY,NEUTRAL,3,113,91,37,3,False,True,False
159.8924102783203,REPLAY,NEUTRAL,3,113,91,37,3,False,True,False
159.944580078125,REPLAY,NEUTRAL,3,113,91,37,3,False,True,False
159.99273681640625,REPLAY,NEUTRAL,3,113,91,37,3,False,True,False
160.04490661621094,REPLAY,NEUTRAL,3,113,91,37,3,False,True,False
160.0930633544922,REPLAY,NEUTRAL,3,113,91,37,3,False,True,False
160.14523315429688,REPLAY,NEUTRAL,3,113,91,37,3,False,True,False
160.19338989257812,REPLAY,NEUTRAL,3,114,92,37,2,False,True,False
160.2455596923828,REPLAY,NEUTRAL,3,114,92,37,2,False,True,False
160.29371643066406,REPLAY,NEUTRAL,3,114,92,37,2,False,True,False
160.34588623046875,REPLAY,NEUTRAL,3,114,92,37,2,False,True,False
160.39404296875,REPLAY,NEUTRAL,3,114,92,37,2,False,True,False
160.44219970703125,REPLAY,NEUTRAL,3,114,92,37,2,False,True,False
160.49436950683594,REPLAY,NEUTRAL,3,114,92,37,3,False,True,False
160.5425262451172,REPLAY,NEUTRAL,3,114,92,37,3,False,True,False
160.59469604492188,REPLAY,NEUTRAL,3,114,92,37,3,False,True,False
160.64285278320312,REPLAY,NEUTRAL,3,114,92,37,3,False,True,False
160.6950225830078,REPLAY,NEUTRAL,3,114,92,37,3,False,True,False
160.74317932128906,REPLAY,NEUTRAL,3,114,92,37,3,False,True,False
160.79534912109375,REPLAY,NEUTRAL,3,114,92,37,3,False,True,False
160.843505859375,REPLAY,NEUTRAL,3,114,92,37,3,False,True,False
160.8956756591797,REPLAY,NEUTRAL,3,114,92,37,3,False,True,False
160.94383239746094,REPLAY,NEUTRAL,3,114,92,37,3,False,True,False
160.9919891357422,REPLAY,NEUTRAL,3,114,92,37,3,False,True,False
161.04415893554688,REPLAY,NEUTRAL,3,114,92,37,3,False,True,False
161.09231567382812,REPLAY,NEUTRAL,3,114,92,37,3,False,True,False
161.1444854736328,REPLAY,NEUTRAL,3,114,92,37,3,False,True,False
161.19264221191406,REPLAY,NEUTRAL,3,114,92,37,3,False,True,False
161.24481201171875,REPLAY,NEUTRAL,3,114,92,37,3,False,True,False
161.29296875,REPLAY,NEUTRAL,3,115,93,37,2,False,True,False
161.3451385498047,REPLAY,NEUTRAL,3,115,93,37,2,False,True,False
161.39329528808594,REPLAY,NEUTRAL,3,115,93,37,2,False,True,False
161.44546508789062,REPLAY,NEUTRAL,3,115,93,37,2,False,True,False
161.49362182617188,REPLAY,NEUTRAL,3,115,93,37,2,False,True,False
161.54579162597656,REPLAY,NEUTRAL,3,115,93,37,2,False,True,False
161.5939483642578,REPLAY,NEUTRAL,3,115,93,37,2,False,True,False
161.64210510253906,REPLAY,NEUTRAL,3,115,93,37,2,False,True,False
161.69427490234375,REPLAY,NEUTRAL,3,115,93,37,2,False,True,False
161.742431640625,REPLAY,NEUTRAL,3,115,93,37,2,False,True,False
161.7946014404297,REPLAY,NEUTRAL,3,115,93,37,3,False,True,False
161.84275817871094,REPLAY,NEUTRAL,3,115,93,37,3,False,True,False
161.89492797851562,REPLAY,NEUTRAL,3,115,93,37,3,False,True,False
161.94308471679688,REPLAY,NEUTRAL,3,115,93,37,3,False,True,False
161.99525451660156,REPLAY,NEUTRAL,3,115,93,37,3,False,True,False
162.0434112548828,REPLAY,NEUTRAL,3,115,93,37,3,False,True,False
162.0955810546875,REPLAY,NEUTRAL,3,115,93,37,3,False,True,False
162.14373779296875,REPLAY,NEUTRAL,3,115,93,37,3,False,True,False
162.19590759277344,REPLAY,NEUTRAL,3,115,93,37,3,False,True,False
162.2440643310547,REPLAY,NEUTRAL,3,115,93,37,3,False,True,False
162.29222106933594,REPLAY,NEUTRAL,3,115,93,37,3,False,True,False
162.34439086914062,REPLAY,NEUTRAL,3,116,94,37,2,False,True,False
162.39254760742188,REPLAY,NEUTRAL,3,116,94,37,2,False,True,False
162.44471740722656,REPLAY,NEUTRAL,3,116,94,37,2,False,True,False
162.4928741455078,REPLAY,NEUTRAL,3,116,94,37,2,False,True,False
162.5450439453125,REPLAY,NEUTRAL,3,116,94,37,2,False,True,False
162.59320068359375,REPLAY,NEUTRAL,3,116,94,37,2,False,True,False
162.64537048339844,REPLAY,NEUTRAL,3,116,94,37,2,False,True,False
162.6935272216797,REPLAY,NEUTRAL,3,116,94,37,2,False,True,False
162.74569702148438,REPLAY,NEUTRAL,3,116,94,37,2,False,True,False
162.79385375976562,REPLAY,NEUTRAL,3,116,94,37,2,False,True,False
162.84201049804688,REPLAY,NEUTRAL,3,116,94,37,2,False,True,False
162.89418029785156,REPLAY,NEUTRAL,3,116,94,37,2,False,True,False
162.9423370361328,REPLAY,NEUTRAL,3,116,94,37,2,False,True,False
162.9945068359375,REPLAY,NEUTRAL,3,116,94,37,2,False,True,False
163.04266357421875,REPLAY,NEUTRAL,3,116,94,37,2,False,True,False
163.09483337402344,REPLAY,NEUTRAL,3,116,94,37,3,False,True,False
163.1429901123047,REPLAY,NEUTRAL,3,117,95,37,2,False,True,False
163.19515991210938,REPLAY,NEUTRAL,3,117,95,37,2,False,True,False
163.24331665039062,REPLAY,NEUTRAL,3,117,95,37,2,False,True,False
163.2954864501953,REPLAY,NEUTRAL,3,117,95,37,2,False,True,False
163.34364318847656,REPLAY,NEUTRAL,3,117,95,37,2,False,True,False
163.39581298828125,REPLAY,NEUTRAL,3,117,95,37,2,False,True,False
163.4439697265625,REPLAY,NEUTRAL,3,117,95,37,2,False,True,False
163.49212646484375,REPLAY,NEUTRAL,3,117,95,37,2,False,True,False
163.54429626464844,REPLAY,CLICK,3,119,96,37,1,False,True,False
163.5924530029297,REPLAY,NEUTRAL,3,119,96,37,1,False,True,False
163.64462280273438,REPLAY,NEUTRAL,3,119,96,37,1,False,True,False
163.69277954101562,REPLAY,NEUTRAL,3,119,96,37,1,False,True,False
163.7449493408203,REPLAY,NEUTRAL,3,119,96,37,1,False,True,False
163.79310607910156,REPLAY,NEUTRAL,3,119,96,37,1,False,True,False
163.84527587890625,REPLAY,NEUTRAL,3,119,96,37,1,False,True,False
163.8934326171875,REPLAY,NEUTRAL,3,119,96,37,1,False,True,False
163.9456024169922,REPLAY,CLICK + HOLD,3,120,97,37,0,True,True,False
163.99375915527344,REPLAY,CLICK + HOLD,3,120,97,37,0,True,True,False
164.04592895507812,REPLAY,CLICK + HOLD,3,120,97,37,0,True,True,False
164.09408569335938,REPLAY,CLICK + HOLD,3,120,97,37,0,True,True,False
164.14224243164062,REPLAY,CLICK + HOLD,3,120,97,37,0,True,True,False
164.1944122314453,REPLAY,CLICK + HOLD,3,120,97,37,0,True,True,False
164.24256896972656,REPLAY,CLICK + HOLD,3,120,97,37,0,True,True,False
164.29473876953125,REPLAY,CLICK + HOLD,3,120,97,37,1,True,True,False
164.3428955078125,REPLAY,CLICK + HOLD,3,120,97,37,1,True,True,False
164.3950653076172,REPLAY,CLICK + HOLD,3,120,97,37,1,True,True,False
164.44322204589844,REPLAY,CLICK + HOLD,3,120,97,37,1,True,True,False
164.49539184570312,REPLAY,CLICK + HOLD,3,120,97,37,1,True,True,False
164.54354858398438,REPLAY,CLICK + HOLD,3,120,97,37,1,True,True,False
164.59571838378906,REPLAY,CLICK + HOLD,3,120,97,37,1,True,True,False
164.6438751220703,REPLAY,CLICK + HOLD,3,120,97,37,1,True,True,False
164.69203186035156,REPLAY,CLICK + HOLD,3,120,97,37,1,True,True,False
164.74420166015625,REPLAY,CLICK + HOLD,3,120,97,37,1,True,True,False
164.7923583984375,REPLAY,CLICK + HOLD,3,120,97,37,1,True,True,False
164.8445281982422,REPLAY,CLICK + HOLD,3,120,97,37,1,True,True,False
164.89268493652344,REPLAY,CLICK + HOLD,3,120,97,37,1,True,True,False
164.94485473632812,REPLAY,CLICK + HOLD,3,120,97,37,1,True,True,False
164.99301147460938,REPLAY,CLICK + HOLD,3,120,97,37,1,True,True,False
165.04518127441406,REPLAY,CLICK + HOLD,3,120,97,37,2,True,True,False
165.0933380126953,REPLAY,CLICK + HOLD,3,120,97,37,2,True,True,False
165.1455078125,REPLAY,CLICK + HOLD,3,121,98,37,1,True,True,False
165.19366455078125,REPLAY,CLICK + HOLD,3,121,98,37,1,True,True,False
165.24583435058594,REPLAY,CLICK + HOLD,3,121,98,37,1,True,True,False
165.2939910888672,REPLAY,CLICK + HOLD,3,121,98,37,1,True,True,False
165.34214782714844,REPLAY,CLICK + HOLD,3,121,98,37,1,True,True,False
165.39431762695312,REPLAY,CLICK + HOLD,3,121,98,37,1,True,True,False
165.44247436523438,REPLAY,CLICK + HOLD,3,121,98,37,1,True,True,False
165.49464416503906,REPLAY,CLICK + HOLD,3,121,98,37,1,True,True,False
165.5428009033203,REPLAY,CLICK + HOLD,3,121,98,37,1,True,True,False
165.594970703125,REPLAY,CLICK + HOLD,3,121,98,37,1,True,True,False
165.64312744140625,REPLAY,CLICK + HOLD,3,121,98,37,1,True,True,False
165.69529724121094,REPLAY,CLICK + HOLD,3,121,98,37,1,True,True,False
165.7434539794922,REPLAY,CLICK + HOLD,3,121,98,37,1,True,True,False
165.79562377929688,REPLAY,CLICK + HOLD,3,121,98,37,1,True,True,False
165.84378051757812,REPLAY,CLICK + HOLD,3,121,98,37,1,True,True,False
165.8959503173828,REPLAY,CLICK + HOLD,3,121,98,37,1,True,True,False
165.94410705566406,REPLAY,CLICK + HOLD,3,121,98,37,1,True,True,False
165.9922637939453,REPLAY,CLICK + HOLD,3,121,98,37,1,True,True,False
166.04443359375,REPLAY,CLICK + HOLD,3,121,98,37,1,True,True,False
166.09259033203125,REPLAY,CLICK + HOLD,3,121,98,37,1,True,True,False
166.14476013183594,REPLAY,CLICK + HOLD,3,121,98,37,1,True,True,False
166.1929168701172,REPLAY,CLICK + HOLD,3,121,98,37,1,True,True,False
166.24508666992188,REPLAY,CLICK + HOLD,3,121,98,37,1,True,True,False
166.29324340820312,REPLAY,CLICK + HOLD,3,121,98,37,1,True,True,False
166.3454132080078,REPLAY,CLICK + HOLD,3,121,98,37,1,True,True,False
166.39356994628906,REPLAY,CLICK + HOLD,3,121,98,37,1,True,True,False
166.44573974609375,REPLAY,CLICK + HOLD,3,121,98,37,1,True,True,False
166.493896484375,REPLAY,CLICK + HOLD,3,121,98,37,2,True,True,False
166.54205322265625,REPLAY,CLICK + HOLD,3,121,98,37,2,True,True,False
166.59422302246094,REPLAY,CLICK + HOLD,3,121,98,37,2,True,True,False
166.6423797607422,REPLAY,CLICK + HOLD,3,121,98,37,2,True,True,False
166.69454956054688,REPLAY,CLICK + HOLD,3,121,98,37,2,True,True,False
166.74270629882812,REPLAY,CLICK + HOLD,3,121,98,37,2,True,True,False
166.7948760986328,REPLAY,CLICK + HOLD,3,121,98,37,2,True,True,False
166.84303283691406,REPLAY,CLICK + HOLD,3,121,98,37,2,True,True,False
166.89520263671875,REPLAY,CLICK + HOLD,3,121,98,37,2,True,True,False
166.943359375,REPLAY,CLICK + HOLD,3,121,98,37,2,True,True,False
166.9955291748047,REPLAY,CLICK + HOLD,3,121,98,37,2,True,True,False
167.04368591308594,REPLAY,CLICK + HOLD,3,121,98,37,2,True,True,False
167.09585571289062,REPLAY,CLICK + HOLD,3,121,98,37,2,True,True,False
167.14401245117188,REPLAY,CLICK + HOLD,3,121,98,37,2,True,True,False
167.19216918945312,REPLAY,CLICK + HOLD,3,121,98,37,2,True,True,False
167.2443389892578,REPLAY,CLICK + HOLD,3,121,98,37,2,True,True,False
167.29249572753906,REPLAY,CLICK + HOLD,3,121,98,37,2,True,True,False
167.34466552734375,REPLAY,CLICK + HOLD,3,122,99,37,1,True,True,False
167.392822265625,REPLAY,CLICK + HOLD,3,122,99,37,1,True,True,False
167.4449920654297,REPLAY,CLICK + HOLD,3,122,99,37,1,True,True,False
167.49314880371094,REPLAY,CLICK + HOLD,3,122,99,37,1,True,True,False
167.54531860351562,REPLAY,CLICK + HOLD,3,122,99,37,1,True,True,False
167.59347534179688,REPLAY,CLICK + HOLD,3,122,99,37,1,True,True,False
167.64564514160156,REPLAY,CLICK + HOLD,3,122,99,37,1,True,True,False
167.6938018798828,REPLAY,CLICK + HOLD,3,122,99,37,1,True,True,False
167.7459716796875,REPLAY,CLICK + HOLD,3,122,99,37,1,True,True,False
167.79412841796875,REPLAY,CLICK + HOLD,3,122,99,37,1,True,True,False
167.84228515625,REPLAY,CLICK + HOLD,3,122,99,37,1,True,True,False
167.8944549560547,REPLAY,CLICK + HOLD,3,122,99,37,2,True,True,False
167.94261169433594,REPLAY,CLICK + HOLD,3,122,99,37,2,True,True,False
167.99478149414062,REPLAY,CLICK + HOLD,3,122,99,37,2,True,True,False
168.04293823242188,REPLAY,CLICK + HOLD,3,122,99,38,1,True,True,False
168.09510803222656,REPLAY,CLICK + HOLD,3,122,99,38,1,True,True,False
168.1432647705078,REPLAY,CLICK + HOLD,3,122,99,38,1,True,True,False
168.1954345703125,REPLAY,CLICK + HOLD,3,122,99,38,1,True,True,False
168.24359130859375,REPLAY,CLICK + HOLD,3,122,99,38,1,True,True,False
168.29576110839844,REPLAY,CLICK + HOLD,3,122,99,38,1,True,True,False
168.3439178466797,REPLAY,CLICK + HOLD,3,122,99,38,1,True,True,False
168.39207458496094,REPLAY,CLICK + HOLD,3,122,99,38,1,True,True,False
168.44424438476562,REPLAY,CLICK + HOLD,3,122,99,38,1,True,True,False
168.49240112304688,REPLAY,CLICK + HOLD,3,122,99,38,1,True,True,False
168.54457092285156,REPLAY,CLICK + HOLD,3,122,99,38,1,True,True,False
168.5927276611328,REPLAY,CLICK + HOLD,3,122,99,38,1,True,True,False
168.6448974609375,REPLAY,CLICK + HOLD,3,122,99,38,1,True,True,False
168.69305419921875,REPLAY,CLICK + HOLD,3,122,99,38,1,True,True,False
168.74522399902344,REPLAY,CLICK + HOLD,3,122,99,38,1,True,True,False
168.7933807373047,REPLAY,CLICK + HOLD,3,123,100,38,0,True,True,False
168.84555053710938,REPLAY,CLICK + HOLD,3,123,100,38,0,True,True,False
168.89370727539062,REPLAY,CLICK + HOLD,3,123,100,38,0,True,True,False
168.9458770751953,REPLAY,CLICK + HOLD,3,123,100,38,0,True,True,False
168.99403381347656,REPLAY,CLICK + HOLD,3,123,100,38,0,True,True,False
169.0421905517578,REPLAY,CLICK + HOLD,3,123,100,38,0,True,True,False
169.0943603515625,REPLAY,CLICK + HOLD,3,123,100,38,0,True,True,False
169.14251708984375,REPLAY,CLICK + HOLD,3,123,100,38,0,True,True,False
169.19468688964844,REPLAY,CLICK + HOLD,3,123,100,38,0,True,True,False
169.2428436279297,REPLAY,CLICK + HOLD,3,123,100,38,0,True,True,False
169.29501342773438,REPLAY,CLICK + HOLD,3,123,100,38,0,True,True,False
169.34317016601562,REPLAY,CLICK + HOLD,3,123,100,38,0,True,True,False
169.3953399658203,REPLAY,CLICK + HOLD,3,123,100,38,0,True,True,False
169.44349670410156,REPLAY,CLICK + HOLD,3,123,100,38,1,True,True,False
169.49566650390625,REPLAY,CLICK + HOLD,3,123,100,38,1,True,True,False
169.5438232421875,REPLAY,CLICK + HOLD,3,123,100,38,1,True,True,False
169.59197998046875,REPLAY,CLICK + HOLD,3,123,100,38,1,True,True,False
169.64414978027344,REPLAY,CLICK + HOLD,3,123,100,38,1,True,True,False
169.6923065185547,REPLAY,CLICK + HOLD,3,123,100,38,1,True,True,False
169.74447631835938,REPLAY,CLICK + HOLD,3,123,100,38,1,True,True,False
169.79263305664062,REPLAY,CLICK + HOLD,3,123,100,38,1,True,True,False
169.8448028564453,REPLAY,CLICK + HOLD,3,123,100,38,1,True,True,False
169.89295959472656,REPLAY,CLICK + HOLD,3,123,100,38,1,True,True,False
169.94512939453125,REPLAY,CLICK + HOLD,3,123,100,38,1,True,True,False
169.9932861328125,REPLAY,CLICK + HOLD,3,123,100,38,1,True,True,False
170.0454559326172,REPLAY,CLICK + HOLD,3,123,100,38,1,True,True,False
170.09361267089844,REPLAY,CLICK + HOLD,3,123,100,38,1,True,True,False
170.14578247070312,REPLAY,CLICK + HOLD,3,123,100,38,1,True,True,False
170.19393920898438,REPLAY,CLICK + HOLD,3,123,100,38,1,True,True,False
170.24209594726562,REPLAY,CLICK + HOLD,3,123,100,38,1,True,True,False
170.2942657470703,REPLAY,CLICK + HOLD,3,123,100,38,1,True,True,False
170.34242248535156,REPLAY,CLICK + HOLD,3,123,100,38,1,True,True,False
170.39459228515625,REPLAY,CLICK + HOLD,3,123,100,38,1,True,True,False
170.4427490234375,REPLAY,CLICK + HOLD,3,124,101,38,0,True,True,False
170.4949188232422,REPLAY,CLICK + HOLD,3,124,101,38,0,True,True,False
170.54307556152344,REPLAY,CLICK + HOLD,3,124,101,38,0,True,True,False
170.59524536132812,REPLAY,CLICK + HOLD,3,124,101,38,0,True,True,False
170.64340209960938,REPLAY,CLICK + HOLD,3,124,101,38,1,True,True,False
170.69557189941406,REPLAY,CLICK + HOLD,3,124,101,38,1,True,True,False
170.7437286376953,REPLAY,CLICK + HOLD,3,124,101,38,1,True,True,False
170.7958984375,REPLAY,CLICK + HOLD,3,124,101,38,1,True,True,False
170.84405517578125,REPLAY,CLICK + HOLD,3,124,101,38,1,True,True,False
170.8922119140625,REPLAY,CLICK + HOLD,3,124,101,38,1,True,True,False
170.9443817138672,REPLAY,CLICK + HOLD,3,124,101,38,1,True,True,False
170.99253845214844,REPLAY,CLICK + HOLD,3,124,101,38,1,True,True,False
171.04470825195312,REPLAY,CLICK + HOLD,3,124,101,38,1,True,True,False
171.09286499023438,REPLAY,CLICK + HOLD,3,124,101,38,1,True,True,False
171.14503479003906,REPLAY,CLICK + HOLD,3,124,101,38,1,True,True,False
171.1931915283203,REPLAY,CLICK + HOLD,3,124,101,38,1,True,True,False
171.245361328125,REPLAY,CLICK + HOLD,3,124,101,38,1,True,True,False
171.29351806640625,REPLAY,CLICK + HOLD,3,124,101,38,1,True,True,False
171.34568786621094,REPLAY,CLICK + HOLD,3,124,101,38,1,True,True,False
171.3938446044922,REPLAY,CLICK + HOLD,3,124,101,38,1,True,True,False
171.44200134277344,REPLAY,CLICK + HOLD,3,124,101,38,1,True,True,False
171.49417114257812,REPLAY,CLICK + HOLD,3,124,101,38,1,True,True,False
171.54232788085938,REPLAY,CLICK + HOLD,3,125,102,38,0,True,True,False
171.59449768066406,REPLAY,CLICK + HOLD,3,125,102,38,0,True,True,False
171.6426544189453,REPLAY,CLICK + HOLD,3,125,102,38,1,True,True,False
171.69482421875,REPLAY,CLICK + HOLD,3,125,102,38,1,True,True,False
171.74298095703125,REPLAY,CLICK + HOLD,3,125,102,38,1,True,True,False
171.79515075683594,REPLAY,CLICK + HOLD,3,125,102,38,1,True,True,False
171.8433074951172,REPLAY,CLICK + HOLD,3,125,102,38,1,True,True,False
171.89547729492188,REPLAY,CLICK + HOLD,3,125,102,38,1,True,True,False
171.94363403320312,REPLAY,CLICK + HOLD,3,125,102,38,1,True,True,False
171.9958038330078,REPLAY,CLICK + HOLD,3,125,102,38,1,True,True,False
172.04396057128906,REPLAY,CLICK + HOLD,3,125,102,38,1,True,True,False
172.0921173095703,REPLAY,CLICK + HOLD,3,125,102,38,1,True,True,False
172.144287109375,REPLAY,CLICK + HOLD,3,125,102,38,1,True,True,False
172.19244384765625,REPLAY,CLICK + HOLD,3,125,102,38,1,True,True,False
172.24461364746094,REPLAY,CLICK + HOLD,3,125,102,38,1,True,True,False
172.2927703857422,REPLAY,CLICK + HOLD,3,125,102,38,1,True,True,False
172.34494018554688,REPLAY,CLICK + HOLD,3,125,102,38,1,True,True,False
172.39309692382812,REPLAY,NEUTRAL,3,125,102,38,1,False,True,False
172.4452667236328,REPLAY,NEUTRAL,3,125,102,38,1,False,True,False
172.49342346191406,REPLAY,NEUTRAL,3,125,102,38,1,False,True,False
172.54559326171875,REPLAY,NEUTRAL,3,125,102,38,1,False,True,False
172.59375,REPLAY,NEUTRAL,3,125,102,38,1,False,True,False
172.6459197998047,REPLAY,NEUTRAL,3,125,102,38,1,False,True,False
172.69407653808594,REPLAY,NEUTRAL,3,125,102,38,1,False,True,False
172.7422332763672,REPLAY,NEUTRAL,3,125,102,38,1,False,True,False
172.79440307617188,REPLAY,NEUTRAL,3,125,102,38,1,False,True,False
172.84255981445312,REPLAY,NEUTRAL,3,125,102,38,1,False,True,False
172.8947296142578,REPLAY,NEUTRAL,3,125,102,38,1,False,True,False
172.94288635253906,REPLAY,NEUTRAL,3,125,102,38,1,False,True,False
172.99505615234375,REPLAY,NEUTRAL,3,125,102,38,1,False,True,False
173.043212890625,REPLAY,NEUTRAL,3,125,102,38,2,False,True,False
173.0953826904297,REPLAY,NEUTRAL,3,125,102,38,2,False,True,False
173.14353942871094,REPLAY,NEUTRAL,3,125,102,38,2,False,True,False
173.19570922851562,REPLAY,NEUTRAL,3,125,102,38,2,False,True,False
173.24386596679688,REPLAY,NEUTRAL,3,125,102,38,2,False,True,False
173.29202270507812,REPLAY,NEUTRAL,3,125,102,38,2,False,True,False
173.3441925048828,REPLAY,NEUTRAL,3,125,102,38,2,False,True,False
173.39234924316406,REPLAY,NEUTRAL,3,125,102,38,2,False,True,False
173.44451904296875,REPLAY,NEUTRAL,3,125,102,38,2,False,True,False
173.49267578125,REPLAY,NEUTRAL,3,125,102,38,2,False,True,False
173.5448455810547,REPLAY,NEUTRAL,3,125,102,38,2,False,True,False
173.59300231933594,REPLAY,NEUTRAL,3,125,102,38,2,False,True,False
173.64517211914062,REPLAY,NEUTRAL,3,125,102,38,2,False,True,False
173.69332885742188,REPLAY,NEUTRAL,3,125,102,38,2,False,True,False
173.74549865722656,REPLAY,NEUTRAL,3,125,102,38,2,False,True,False
173.7936553955078,REPLAY,NEUTRAL,3,125,102,38,2,False,True,False
173.8458251953125,REPLAY,NEUTRAL,3,125,102,38,2,False,True,False
173.89398193359375,REPLAY,NEUTRAL,3,125,102,38,2,False,True,False
173.942138671875,REPLAY,NEUTRAL,3,125,102,38,2,False,True,False
173.9943084716797,REPLAY,NEUTRAL,3,125,102,38,2,False,True,False
174.04246520996094,REPLAY,NEUTRAL,3,125,102,38,2,False,True,False
174.09463500976562,REPLAY,NEUTRAL,3,125,102,38,2,False,True,False
174.14279174804688,REPLAY,NEUTRAL,3,125,102,38,2,False,True,False
174.19496154785156,REPLAY,NEUTRAL,3,125,102,38,2,False,True,False
174.2431182861328,REPLAY,NEUTRAL,3,125,102,38,2,False,True,False
174.2952880859375,REPLAY,NEUTRAL,3,125,102,38,3,False,True,False
174.34344482421875,REPLAY,NEUTRAL,3,125,102,38,3,False,True,False
174.39561462402344,REPLAY,NEUTRAL,3,125,102,38,3,False,True,False
174.4437713623047,REPLAY,NEUTRAL,3,125,102,38,3,False,True,False
174.49594116210938,REPLAY,NEUTRAL,3,126,103,38,2,False,True,False
174.54409790039062,REPLAY,NEUTRAL,3,126,103,38,2,False,True,False
174.59225463867188,REPLAY,NEUTRAL,3,126,103,38,2,False,True,False
174.64442443847656,REPLAY,NEUTRAL,3,126,103,38,2,False,True,False
174.6925811767578,REPLAY,NEUTRAL,3,126,103,38,2,False,True,False
174.7447509765625,REPLAY,NEUTRAL,3,126,103,38,2,False,True,False
174.79290771484375,REPLAY,NEUTRAL,3,126,103,38,2,False,True,False
174.84507751464844,REPLAY,NEUTRAL,3,126,103,38,2,False,True,False
174.8932342529297,REPLAY,NEUTRAL,3,126,103,38,2,False,True,False
174.94540405273438,REPLAY,NEUTRAL,3,126,103,38,2,False,True,False
174.99356079101562,REPLAY,NEUTRAL,3,126,103,38,2,False,True,False
175.0457305908203,REPLAY,NEUTRAL,3,126,103,38,2,False,True,False
175.09388732910156,REPLAY,NEUTRAL,3,126,103,38,2,False,True,False
175.1420440673828,REPLAY,NEUTRAL,3,126,103,38,2,False,True,False
175.1942138671875,REPLAY,NEUTRAL,3,126,103,38,2,False,True,False
175.24237060546875,REPLAY,NEUTRAL,3,126,103,38,2,False,True,False
175.29454040527344,REPLAY,NEUTRAL,3,126,103,38,2,False,True,False
175.3426971435547,REPLAY,NEUTRAL,3,126,103,38,2,False,True,False
175.39486694335938,REPLAY,NEUTRAL,3,126,103,38,2,False,True,False
175.44302368164062,REPLAY,NEUTRAL,3,126,103,38,3,False,True,False
175.4951934814453,REPLAY,NEUTRAL,3,126,103,38,3,False,True,False
175.54335021972656,REPLAY,NEUTRAL,3,126,103,38,3,False,True,False
175.59552001953125,REPLAY,NEUTRAL,3,126,103,38,3,False,True,False
175.6436767578125,REPLAY,NEUTRAL,3,126,103,38,3,False,True,False
175.6958465576172,REPLAY,NEUTRAL,3,126,103,38,3,False,True,False
175.74400329589844,REPLAY,NEUTRAL,3,126,103,38,3,False,True,False
175.7921600341797,REPLAY,NEUTRAL,3,127,104,38,2,False,True,False
175.84432983398438,REPLAY,NEUTRAL,3,127,104,38,2,False,True,False
175.89248657226562,REPLAY,NEUTRAL,3,127,104,38,2,False,True,False
175.9446563720703,REPLAY,NEUTRAL,3,127,104,38,2,False,True,False
175.99281311035156,REPLAY,NEUTRAL,3,127,104,38,2,False,True,False
176.04498291015625,REPLAY,NEUTRAL,3,127,104,38,2,False,True,False
176.0931396484375,REPLAY,NEUTRAL,3,127,104,38,2,False,True,False
176.1453094482422,REPLAY,NEUTRAL,3,127,104,38,2,False,True,False
176.19346618652344,REPLAY,NEUTRAL,3,127,104,38,2,False,True,False
176.24563598632812,REPLAY,NEUTRAL,3,127,104,38,2,False,True,False
176.29379272460938,REPLAY,NEUTRAL,3,127,104,38,2,False,True,False
176.34596252441406,REPLAY,NEUTRAL,3,127,104,38,2,False,True,False
176.3941192626953,REPLAY,NEUTRAL,3,127,104,38,2,False,True,False
176.44227600097656,REPLAY,NEUTRAL,3,127,104,38,2,False,True,False
176.49444580078125,REPLAY,NEUTRAL,3,127,104,38,2,False,True,False
176.5426025390625,REPLAY,NEUTRAL,3,127,104,38,2,False,True,False
176.5947723388672,REPLAY,NEUTRAL,3,127,104,38,2,False,True,False
176.64292907714844,REPLAY,NEUTRAL,3,127,104,38,2,False,True,False
176.69509887695312,REPLAY,NEUTRAL,3,127,104,38,2,False,True,False
176.74325561523438,REPLAY,NEUTRAL,3,127,104,38,2,False,True,False
176.79542541503906,REPLAY,NEUTRAL,3,127,104,38,2,False,True,False
176.8435821533203,REPLAY,NEUTRAL,3,127,104,38,2,False,True,False
176.895751953125,REPLAY,NEUTRAL,3,127,104,38,3,False,True,False
176.94390869140625,REPLAY,NEUTRAL,3,127,104,38,3,False,True,False
176.9920654296875,REPLAY,NEUTRAL,3,127,104,38,3,False,True,False
177.0442352294922,REPLAY,NEUTRAL,3,127,104,38,3,False,True,False
177.09239196777344,REPLAY,NEUTRAL,3,127,104,38,3,False,True,False
177.14456176757812,REPLAY,NEUTRAL,3,127,104,38,3,False,True,False
177.19271850585938,REPLAY,NEUTRAL,3,127,104,38,3,False,True,False
177.24488830566406,REPLAY,NEUTRAL,3,127,104,38,3,False,True,False
177.2930450439453,REPLAY,NEUTRAL,3,127,104,38,3,False,True,False
177.34521484375,REPLAY,NEUTRAL,3,127,104,39,2,False,True,False
177.39337158203125,REPLAY,CLICK,3,129,105,39,1,False,True,False
177.44554138183594,REPLAY,NEUTRAL,3,129,105,39,1,False,True,False
177.4936981201172,REPLAY,NEUTRAL,3,129,105,39,1,False,True,False
177.54586791992188,REPLAY,NEUTRAL,3,129,105,39,1,False,True,False
177.59402465820312,REPLAY,NEUTRAL,3,129,105,39,1,False,True,False
177.64218139648438,REPLAY,NEUTRAL,3,129,105,39,1,False,True,False
177.69435119628906,REPLAY,NEUTRAL,3,129,105,39,1,False,True,False
177.7425079345703,REPLAY,NEUTRAL,3,129,105,39,1,False,True,False
177.794677734375,REPLAY,NEUTRAL,3,129,105,39,1,False,True,False
177.84283447265625,REPLAY,NEUTRAL,3,129,105,39,1,False,True,False
177.89500427246094,REPLAY,NEUTRAL,3,129,105,39,2,False,True,False
177.9431610107422,REPLAY,NEUTRAL,3,129,105,39,2,False,True,False
177.99533081054688,REPLAY,NEUTRAL,3,129,105,39,2,False,True,False
178.04348754882812,REPLAY,NEUTRAL,3,129,105,39,2,False,True,False
178.0956573486328,REPLAY,NEUTRAL,3,129,105,39,2,False,True,False
178.14381408691406,REPLAY,CLICK,3,131,106,39,1,False,True,False
178.19598388671875,REPLAY,NEUTRAL,3,131,106,39,1,False,True,False
178.244140625,REPLAY,NEUTRAL,3,131,106,39,1,False,True,False
178.29229736328125,REPLAY,NEUTRAL,3,131,106,39,1,False,True,False
178.34446716308594,REPLAY,NEUTRAL,3,131,106,39,1,False,True,False
178.3926239013672,REPLAY,NEUTRAL,3,131,106,39,1,False,True,False
178.44479370117188,REPLAY,NEUTRAL,3,131,106,39,1,False,True,False
178.49295043945312,REPLAY,NEUTRAL,3,131,106,39,1,False,True,False
178.5451202392578,REPLAY,NEUTRAL,3,131,106,39,1,False,True,False
178.59327697753906,REPLAY,NEUTRAL,3,131,106,39,1,False,True,False
178.64544677734375,REPLAY,NEUTRAL,3,131,106,40,0,False,True,False
178.693603515625,REPLAY,NEUTRAL,3,131,106,40,0,False,True,False
178.7457733154297,REPLAY,CLICK,3,131,106,40,0,False,True,False
178.79393005371094,REPLAY,NEUTRAL,3,131,106,40,0,False,True,False
178.8420867919922,REPLAY,NEUTRAL,3,131,106,40,0,False,True,False
178.89425659179688,REPLAY,NEUTRAL,3,131,106,40,1,False,True,False
178.94241333007812,REPLAY,NEUTRAL,3,131,106,40,1,False,True,False
178.9945831298828,REPLAY,NEUTRAL,3,131,106,40,1,False,True,False
179.04273986816406,REPLAY,NEUTRAL,3,131,106,40,1,False,True,False
179.09490966796875,REPLAY,NEUTRAL,3,131,106,40,1,False,True,False
179.14306640625,REPLAY,NEUTRAL,3,131,106,40,1,False,True,False
179.1952362060547,REPLAY,NEUTRAL,3,131,106,40,1,False,True,False
179.24339294433594,REPLAY,NEUTRAL,3,131,106,40,1,False,True,False
179.29556274414062,REPLAY,NEUTRAL,3,131,106,40,1,False,True,False
179.34371948242188,REPLAY,NEUTRAL,3,131,106,40,1,False,True,False
179.39588928222656,REPLAY,CLICK,3,133,107,40,0,False,True,False
179.4440460205078,REPLAY,NEUTRAL,3,133,107,40,0,False,True,False
179.49220275878906,REPLAY,NEUTRAL,3,133,107,40,0,False,True,False
179.54437255859375,REPLAY,NEUTRAL,3,133,107,40,0,False,True,False
179.592529296875,REPLAY,NEUTRAL,3,133,107,40,0,False,True,False
179.6446990966797,REPLAY,NEUTRAL,3,133,107,40,0,False,True,False
179.69285583496094,REPLAY,NEUTRAL,3,133,107,40,0,False,True,False
179.74502563476562,REPLAY,NEUTRAL,3,133,107,40,1,False,True,False
179.79318237304688,REPLAY,NEUTRAL,3,133,107,40,1,False,True,False
179.84535217285156,REPLAY,NEUTRAL,3,133,107,40,1,False,True,False
179.8935089111328,REPLAY,NEUTRAL,3,133,107,40,1,False,True,False
179.9456787109375,REPLAY,CLICK,3,135,108,40,0,False,True,False
179.99383544921875,REPLAY,NEUTRAL,3,135,108,40,0,False,True,False
180.0419921875,REPLAY,NEUTRAL,3,135,108,40,0,False,True,False
180.0941619873047,REPLAY,NEUTRAL,3,135,108,40,0,False,True,False
180.14231872558594,REPLAY,NEUTRAL,3,135,108,40,0,False,True,False
180.19448852539062,REPLAY,NEUTRAL,3,135,108,40,0,False,True,False
180.24264526367188,REPLAY,NEUTRAL,3,135,108,40,0,False,True,False
180.29481506347656,REPLAY,NEUTRAL,3,135,108,40,0,False,True,False
180.3429718017578,REPLAY,NEUTRAL,3,135,108,40,0,False,True,False
180.3951416015625,REPLAY,NEUTRAL,3,135,108,40,0,False,True,False
180.44329833984375,REPLAY,NEUTRAL,3,135,108,40,0,False,True,False
180.49546813964844,REPLAY,CLICK,3,135,108,40,0,False,True,False
180.5436248779297,REPLAY,NEUTRAL,3,135,108,40,0,False,True,False
180.59579467773438,REPLAY,NEUTRAL,3,135,108,40,0,False,True,False
180.64395141601562,REPLAY,NEUTRAL,3,135,108,40,0,False,True,False
180.69210815429688,REPLAY,NEUTRAL,3,135,108,40,0,False,True,False
180.74427795410156,REPLAY,NEUTRAL,3,135,108,40,0,False,True,False
180.7924346923828,REPLAY,NEUTRAL,3,135,108,40,0,False,True,False
180.8446044921875,REPLAY,NEUTRAL,3,135,108,40,0,False,True,False
180.89276123046875,REPLAY,NEUTRAL,3,135,108,40,0,False,True,False
180.94493103027344,REPLAY,NEUTRAL,3,135,108,40,0,False,True,False
180.9930877685547,REPLAY,NEUTRAL,3,135,108,40,0,False,True,False
181.04525756835938,REPLAY,CLICK,3,135,108,40,0,False,True,False
181.09341430664062,REPLAY,NEUTRAL,3,135,108,40,0,False,True,False
181.1455841064453,REPLAY,NEUTRAL,3,135,108,40,1,False,True,False
181.19374084472656,REPLAY,NEUTRAL,3,135,108,40,1,False,True,False
181.24591064453125,REPLAY,NEUTRAL,3,135,108,40,1,False,True,False
181.2940673828125,REPLAY,NEUTRAL,3,135,108,40,1,False,True,False
181.34222412109375,REPLAY,NEUTRAL,3,135,108,40,1,False,True,False
181.39439392089844,REPLAY,NEUTRAL,3,135,108,40,1,False,True,False
181.4425506591797,REPLAY,NEUTRAL,3,135,108,40,1,False,True,False
181.49472045898438,REPLAY,NEUTRAL,3,135,108,40,1,False,True,False
181.54287719726562,REPLAY,NEUTRAL,3,135,108,40,1,False,True,False
181.5950469970703,REPLAY,NEUTRAL,3,135,108,40,1,False,True,False
181.64320373535156,REPLAY,CLICK,3,137,109,40,0,False,True,False
181.69537353515625,REPLAY,NEUTRAL,3,137,109,40,0,False,True,False
181.7435302734375,REPLAY,NEUTRAL,3,137,109,40,0,False,True,False
181.7957000732422,REPLAY,NEUTRAL,3,137,109,40,0,False,True,False
181.84385681152344,REPLAY,NEUTRAL,3,137,109,40,0,False,True,False
181.8920135498047,REPLAY,NEUTRAL,3,137,109,40,0,False,True,False
181.94418334960938,REPLAY,NEUTRAL,3,137,109,40,0,False,True,False
181.99234008789062,REPLAY,NEUTRAL,3,137,109,40,0,False,True,False
182.0445098876953,REPLAY,NEUTRAL,3,137,109,40,0,False,True,False
182.09266662597656,REPLAY,NEUTRAL,3,137,109,40,0,False,True,False
182.14483642578125,REPLAY,CLICK,3,137,109,40,0,False,True,False
182.1929931640625,REPLAY,NEUTRAL,3,137,109,40,0,False,True,False
182.2451629638672,REPLAY,NEUTRAL,3,137,109,40,0,False,True,False
182.29331970214844,REPLAY,NEUTRAL,3,137,109,40,0,False,True,False
182.34548950195312,REPLAY,NEUTRAL,3,137,109,40,0,False,True,False
182.39364624023438,REPLAY,NEUTRAL,3,137,109,40,1,False,True,False
182.44581604003906,REPLAY,NEUTRAL,3,137,109,40,1,False,True,False
182.4939727783203,REPLAY,NEUTRAL,3,137,109,40,1,False,True,False
182.54212951660156,REPLAY,NEUTRAL,3,137,109,40,1,False,True,False
182.59429931640625,REPLAY,NEUTRAL,3,137,109,40,1,False,True,False
182.6424560546875,REPLAY,NEUTRAL,3,137,109,40,1,False,True,False
182.6946258544922,REPLAY,NEUTRAL,3,137,109,40,1,False,True,False
182.74278259277344,REPLAY,CLICK,3,139,110,40,0,False,True,False
182.79495239257812,REPLAY,NEUTRAL,3,139,110,40,0,False,True,False
182.84310913085938,REPLAY,NEUTRAL,3,139,110,40,0,False,True,False
182.89527893066406,REPLAY,NEUTRAL,3,139,110,40,0,False,True,False
182.9434356689453,REPLAY,NEUTRAL,3,139,110,40,0,False,True,False
182.99560546875,REPLAY,NEUTRAL,3,139,110,40,0,False,True,False
183.04376220703125,REPLAY,NEUTRAL,3,139,110,40,0,False,True,False
183.09593200683594,REPLAY,NEUTRAL,3,139,110,40,0,False,True,False
183.1440887451172,REPLAY,NEUTRAL,3,139,110,40,0,False,True,False
183.19224548339844,REPLAY,NEUTRAL,3,139,110,40,0,False,True,False
183.24441528320312,REPLAY,CLICK,3,139,110,40,0,False,True,False
183.29257202148438,REPLAY,NEUTRAL,3,139,110,40,0,False,True,False
183.34474182128906,REPLAY,NEUTRAL,3,139,110,40,0,False,True,False
183.3928985595703,REPLAY,NEUTRAL,3,139,110,40,0,False,True,False
183.445068359375,REPLAY,NEUTRAL,3,139,110,40,0,False,True,False
183.49322509765625,REPLAY,NEUTRAL,3,139,110,40,1,False,True,False
183.54539489746094,REPLAY,NEUTRAL,3,139,110,40,1,False,True,False
183.5935516357422,REPLAY,NEUTRAL,3,139,110,40,1,False,True,False
183.64572143554688,REPLAY,NEUTRAL,3,139,110,40,1,False,True,False
183.69387817382812,REPLAY,NEUTRAL,3,139,110,40,1,False,True,False
183.74203491210938,REPLAY,NEUTRAL,3,139,110,40,1,False,True,False
183.79420471191406,REPLAY,NEUTRAL,3,139,110,40,1,False,True,False
183.8423614501953,REPLAY,CLICK,3,139,110,40,1,False,True,False
183.89453125,REPLAY,NEUTRAL,3,139,110,40,1,False,True,False
183.94268798828125,REPLAY,NEUTRAL,3,139,110,40,1,False,True,False
183.99485778808594,REPLAY,NEUTRAL,3,139,110,40,1,False,True,False
184.0430145263672,REPLAY,NEUTRAL,3,139,110,40,1,False,True,False
184.09518432617188,REPLAY,NEUTRAL,3,139,110,40,1,False,True,False
184.14334106445312,REPLAY,NEUTRAL,3,139,110,40,1,False,True,False
184.1955108642578,REPLAY,NEUTRAL,3,139,110,40,1,False,True,False
184.24366760253906,REPLAY,NEUTRAL,3,139,110,40,1,False,True,False
184.29583740234375,REPLAY,CLICK,3,139,110,40,2,False,True,False
184.343994140625,REPLAY,NEUTRAL,3,139,110,40,2,False,True,False
184.39215087890625,REPLAY,NEUTRAL,3,139,110,40,2,False,True,False
184.44432067871094,REPLAY,NEUTRAL,3,139,110,40,2,False,True,False
184.4924774169922,REPLAY,NEUTRAL,3,139,110,40,2,False,True,False
184.54464721679688,REPLAY,NEUTRAL,3,139,110,40,2,False,True,False
184.59280395507812,REPLAY,NEUTRAL,3,139,110,40,2,False,True,False
184.6449737548828,REPLAY,NEUTRAL,3,139,110,40,2,False,True,False
184.69313049316406,REPLAY,NEUTRAL,3,139,110,40,2,False,True,False
184.74530029296875,REPLAY,CLICK + HOLD,3,139,110,40,2,True,True,False
184.79345703125,REPLAY,CLICK + HOLD,3,139,110,40,2,True,True,False
184.8456268310547,REPLAY,CLICK + HOLD,3,139,110,40,2,True,True,False
184.89378356933594,REPLAY,CLICK + HOLD,3,139,110,40,2,True,True,False
184.94595336914062,REPLAY,CLICK + HOLD,3,139,110,40,2,True,True,False
184.99411010742188,REPLAY,CLICK + HOLD,3,139,110,40,2,True,True,False
185.04226684570312,REPLAY,CLICK + HOLD,3,139,110,40,3,True,True,False
185.0944366455078,REPLAY,CLICK + HOLD,3,139,110,40,3,True,True,False
185.14259338378906,REPLAY,CLICK + HOLD,3,139,110,40,3,True,True,False
185.19476318359375,REPLAY,CLICK + HOLD,3,139,110,40,3,True,True,False
185.242919921875,REPLAY,CLICK + HOLD,3,139,110,40,3,True,True,False
185.2950897216797,REPLAY,CLICK + HOLD,3,139,110,40,3,True,True,False
185.34324645996094,REPLAY,CLICK + HOLD,3,139,110,40,3,True,True,False
185.39541625976562,REPLAY,CLICK + HOLD,3,139,110,40,3,True,True,False
185.44357299804688,REPLAY,CLICK + HOLD,3,139,110,40,3,True,True,False
185.49574279785156,REPLAY,CLICK + HOLD,3,139,110,40,3,True,True,False
185.5438995361328,REPLAY,CLICK + HOLD,3,139,110,40,3,True,True,False
185.59205627441406,REPLAY,CLICK + HOLD,3,139,110,40,3,True,True,False
185.64422607421875,REPLAY,CLICK + HOLD,3,139,110,40,3,True,True,False
185.6923828125,REPLAY,CLICK + HOLD,3,139,110,40,3,True,True,False
185.7445526123047,REPLAY,CLICK + HOLD,3,139,110,40,3,True,True,False
185.79270935058594,REPLAY,CLICK + HOLD,3,139,110,40,3,True,True,False
185.84487915039062,REPLAY,CLICK + HOLD,3,139,110,40,3,True,True,False
185.89303588867188,REPLAY,CLICK + HOLD,3,140,111,40,2,True,True,False
185.94520568847656,REPLAY,CLICK + HOLD,3,140,111,40,2,True,True,False
185.9933624267578,REPLAY,CLICK + HOLD,3,140,111,40,2,True,True,False
186.0455322265625,REPLAY,CLICK + HOLD,3,140,111,40,2,True,True,False
186.09368896484375,REPLAY,CLICK + HOLD,3,140,111,40,2,True,True,False
186.14585876464844,REPLAY,CLICK + HOLD,3,140,111,40,2,True,True,False
186.1940155029297,REPLAY,CLICK + HOLD,3,140,111,40,2,True,True,False
186.24217224121094,REPLAY,CLICK + HOLD,3,140,111,40,2,True,True,False
186.29434204101562,REPLAY,CLICK + HOLD,3,140,111,40,2,True,True,False
186.34249877929688,REPLAY,CLICK + HOLD,3,140,111,40,2,True,True,False
186.39466857910156,REPLAY,CLICK + HOLD,3,140,111,40,2,True,True,False
186.4428253173828,REPLAY,CLICK + HOLD,3,140,111,40,2,True,True,False
186.4949951171875,REPLAY,CLICK + HOLD,3,140,111,41,1,True,True,False
186.54315185546875,REPLAY,CLICK + HOLD,3,140,111,41,2,True,True,False
186.59532165527344,REPLAY,CLICK + HOLD,3,140,111,41,2,True,True,False
186.6434783935547,REPLAY,CLICK + HOLD,3,140,111,41,2,True,True,False
186.69564819335938,REPLAY,CLICK + HOLD,3,140,111,41,2,True,True,False
186.74380493164062,REPLAY,NEUTRAL,3,140,111,41,2,False,True,False
186.7959747314453,REPLAY,NEUTRAL,3,140,111,41,2,False,True,False
186.84413146972656,REPLAY,NEUTRAL,3,140,111,41,2,False,True,False
186.8922882080078,REPLAY,NEUTRAL,3,140,111,41,2,False,True,False
186.9444580078125,REPLAY,NEUTRAL,3,140,111,41,2,False,True,False
186.99261474609375,REPLAY,NEUTRAL,3,140,111,41,2,False,True,False
187.04478454589844,REPLAY,NEUTRAL,3,140,111,41,2,False,True,False
187.0929412841797,REPLAY,NEUTRAL,3,140,111,41,2,False,True,False
187.14511108398438,REPLAY,NEUTRAL,3,140,111,41,2,False,True,False
187.19326782226562,REPLAY,NEUTRAL,3,140,111,41,2,False,True,False
187.2454376220703,REPLAY,NEUTRAL,3,140,111,41,2,False,True,False
187.29359436035156,REPLAY,NEUTRAL,3,140,111,41,2,False,True,False
187.34576416015625,REPLAY,NEUTRAL,3,140,111,41,2,False,True,False
187.3939208984375,REPLAY,NEUTRAL,3,140,111,41,2,False,True,False
187.44207763671875,REPLAY,NEUTRAL,3,140,111,41,2,False,True,False
187.49424743652344,REPLAY,NEUTRAL,3,140,111,41,2,False,True,False
187.5424041748047,REPLAY,NEUTRAL,3,140,111,41,2,False,True,False
187.59457397460938,REPLAY,NEUTRAL,3,140,111,41,2,False,True,False
187.64273071289062,REPLAY,NEUTRAL,3,140,111,42,1,False,True,False
187.6949005126953,REPLAY,NEUTRAL,3,140,111,42,1,False,True,False
187.74305725097656,REPLAY,NEUTRAL,3,140,111,42,1,False,True,False
187.79522705078125,REPLAY,NEUTRAL,3,140,111,42,1,False,True,False
187.8433837890625,REPLAY,NEUTRAL,3,140,111,42,1,False,True,False
187.8955535888672,REPLAY,NEUTRAL,3,140,111,42,1,False,True,False
187.94371032714844,REPLAY,NEUTRAL,3,140,111,42,2,False,True,False
187.99588012695312,REPLAY,NEUTRAL,3,140,111,42,2,False,True,False
188.04403686523438,REPLAY,NEUTRAL,3,140,111,42,2,False,True,False
188.09219360351562,REPLAY,NEUTRAL,3,140,111,42,2,False,True,False
188.1443634033203,REPLAY,NEUTRAL,3,140,111,42,2,False,True,False
188.19252014160156,REPLAY,NEUTRAL,3,140,111,42,2,False,True,False
188.24468994140625,REPLAY,NEUTRAL,3,140,111,42,2,False,True,False
188.2928466796875,REPLAY,NEUTRAL,3,140,111,42,2,False,True,False
188.3450164794922,REPLAY,NEUTRAL,3,140,111,42,2,False,True,False
188.39317321777344,REPLAY,NEUTRAL,3,140,111,42,2,False,True,False
188.44534301757812,REPLAY,NEUTRAL,3,140,111,42,2,False,True,False
188.49349975585938,REPLAY,NEUTRAL,3,140,111,42,2,False,True,False
188.54566955566406,REPLAY,NEUTRAL,3,140,111,42,2,False,True,False
188.5938262939453,REPLAY,NEUTRAL,3,140,111,42,2,False,True,False
188.64198303222656,REPLAY,NEUTRAL,3,140,111,42,2,False,True,False
188.69415283203125,REPLAY,NEUTRAL,3,140,111,42,2,False,True,False
188.7423095703125,REPLAY,NEUTRAL,3,140,111,42,2,False,True,False
188.7944793701172,REPLAY,NEUTRAL,3,140,111,42,2,False,True,False
188.84263610839844,REPLAY,NEUTRAL,3,140,111,42,2,False,True,False
188.89480590820312,REPLAY,NEUTRAL,3,140,111,42,2,False,True,False
188.94296264648438,REPLAY,NEUTRAL,3,140,111,42,3,False,True,False
188.99513244628906,REPLAY,NEUTRAL,3,140,111,42,3,False,True,False
189.0432891845703,REPLAY,NEUTRAL,3,140,111,42,3,False,True,False
189.095458984375,REPLAY,NEUTRAL,3,140,111,42,3,False,True,False
189.14361572265625,REPLAY,NEUTRAL,3,140,111,42,3,False,True,False
189.19578552246094,REPLAY,NEUTRAL,3,140,111,42,3,False,True,False
189.2439422607422,REPLAY,NEUTRAL,3,140,111,42,3,False,True,False
189.29209899902344,REPLAY,NEUTRAL,3,140,111,42,3,False,True,False
189.34426879882812,REPLAY,NEUTRAL,3,140,111,42,3,False,True,False
189.39242553710938,REPLAY,NEUTRAL,3,140,111,42,3,False,True,False
189.44459533691406,REPLAY,NEUTRAL,3,141,112,42,2,False,True,False
189.4927520751953,REPLAY,NEUTRAL,3,141,112,42,2,False,True,False
189.544921875,REPLAY,NEUTRAL,3,141,112,42,2,False,True,False
189.59307861328125,REPLAY,NEUTRAL,3,141,112,42,2,False,True,False
189.64524841308594,REPLAY,NEUTRAL,3,141,112,42,2,False,True,False
189.6934051513672,REPLAY,NEUTRAL,3,141,112,42,2,False,True,False
189.74557495117188,REPLAY,NEUTRAL,3,141,112,42,2,False,True,False
189.79373168945312,REPLAY,NEUTRAL,3,141,112,42,2,False,True,False
189.8459014892578,REPLAY,NEUTRAL,3,141,112,42,2,False,True,False
189.89405822753906,REPLAY,NEUTRAL,3,141,112,42,2,False,True,False
189.9422149658203,REPLAY,NEUTRAL,3,141,112,42,2,False,True,False
189.994384765625,REPLAY,NEUTRAL,3,141,112,42,2,False,True,False
190.04254150390625,REPLAY,NEUTRAL,3,141,112,42,2,False,True,False
190.09471130371094,REPLAY,NEUTRAL,3,141,112,42,2,False,True,False
190.1428680419922,REPLAY,NEUTRAL,3,141,112,42,2,False,True,False
190.19503784179688,REPLAY,NEUTRAL,3,141,112,42,2,False,True,False
190.24319458007812,REPLAY,NEUTRAL,3,141,112,42,2,False,True,False
190.2953643798828,REPLAY,NEUTRAL,3,141,112,42,3,False,True,False
190.34352111816406,REPLAY,NEUTRAL,3,141,112,42,3,False,True,False
190.39569091796875,REPLAY,NEUTRAL,3,141,112,42,3,False,True,False
190.44384765625,REPLAY,NEUTRAL,3,141,112,42,3,False,True,False
190.49200439453125,REPLAY,NEUTRAL,3,141,112,42,3,False,True,False
190.54417419433594,REPLAY,NEUTRAL,3,141,112,42,3,False,True,False
190.5923309326172,REPLAY,NEUTRAL,3,141,112,42,3,False,True,False
190.64450073242188,REPLAY,NEUTRAL,3,141,112,42,3,False,True,False
190.69265747070312,REPLAY,NEUTRAL,3,141,112,42,3,False,True,False
190.7448272705078,REPLAY,NEUTRAL,3,141,112,42,3,False,True,False
190.79298400878906,REPLAY,NEUTRAL,3,141,112,42,3,False,True,False
190.84515380859375,REPLAY,NEUTRAL,3,141,112,42,3,False,True,False
190.893310546875,REPLAY,NEUTRAL,3,141,112,42,3,False,True,False
190.9454803466797,REPLAY,NEUTRAL,3,141,112,42,3,False,True,False
190.99363708496094,REPLAY,NEUTRAL,3,141,112,42,3,False,True,False
191.04580688476562,REPLAY,NEUTRAL,3,141,112,42,3,False,True,False
191.09396362304688,REPLAY,NEUTRAL,3,141,112,42,3,False,True,False
191.14212036132812,REPLAY,NEUTRAL,3,141,112,42,3,False,True,False
191.1942901611328,REPLAY,NEUTRAL,3,141,112,42,3,False,True,False
191.24244689941406,REPLAY,NEUTRAL,3,141,112,43,2,False,True,False
191.29461669921875,REPLAY,NEUTRAL,3,141,112,43,2,False,True,False
191.3427734375,REPLAY,NEUTRAL,3,141,112,43,2,False,True,False
191.3949432373047,REPLAY,NEUTRAL,3,141,112,43,2,False,True,False
191.44309997558594,REPLAY,NEUTRAL,3,141,112,43,2,False,True,False
191.49526977539062,REPLAY,NEUTRAL,3,141,112,43,3,False,True,False
191.54342651367188,REPLAY,NEUTRAL,3,141,112,43,3,False,True,False
191.59559631347656,REPLAY,NEUTRAL,3,141,112,43,3,False,True,False
191.6437530517578,REPLAY,NEUTRAL,3,141,112,43,3,False,True,False
191.6959228515625,REPLAY,NEUTRAL,3,141,112,43,3,False,True,False
191.74407958984375,REPLAY,NEUTRAL,3,141,112,43,3,False,True,False
191.792236328125,REPLAY,NEUTRAL,3,141,112,43,3,False,True,False
191.8444061279297,REPLAY,NEUTRAL,3,141,112,43,3,False,True,False
191.89256286621094,REPLAY,NEUTRAL,3,141,112,43,3,False,True,False
191.94473266601562,REPLAY,NEUTRAL,3,142,113,43,2,False,True,False
191.99288940429688,REPLAY,NEUTRAL,3,142,113,43,2,False,True,False
192.04505920410156,REPLAY,NEUTRAL,3,142,113,43,2,False,True,False
192.0932159423828,REPLAY,NEUTRAL,3,142,113,43,2,False,True,False
192.1453857421875,REPLAY,NEUTRAL,3,142,113,43,2,False,True,False
192.19354248046875,REPLAY,NEUTRAL,3,142,113,43,2,False,True,False
192.24571228027344,REPLAY,NEUTRAL,3,142,113,43,3,False,True,False
192.2938690185547,REPLAY,NEUTRAL,3,142,113,43,3,False,True,False
192.34202575683594,REPLAY,NEUTRAL,3,142,113,43,3,False,True,False
192.39419555664062,REPLAY,NEUTRAL,3,142,113,43,3,False,True,False
192.44235229492188,REPLAY,NEUTRAL,3,142,113,43,3,False,True,False
192.49452209472656,REPLAY,NEUTRAL,3,142,113,43,3,False,True,False
192.5426788330078,REPLAY,NEUTRAL,3,142,113,43,3,False,True,False
192.5948486328125,REPLAY,NEUTRAL,3,142,113,43,3,False,True,False
192.64300537109375,REPLAY,NEUTRAL,3,142,113,43,3,False,True,False
192.69517517089844,REPLAY,NEUTRAL,3,142,113,43,3,False,True,False
192.7433319091797,REPLAY,NEUTRAL,3,142,113,43,3,False,True,False
192.79550170898438,REPLAY,NEUTRAL,3,142,113,43,3,False,True,False
192.84365844726562,REPLAY,NEUTRAL,3,142,113,43,3,False,True,False
192.8958282470703,REPLAY,NEUTRAL,3,142,113,43,3,False,True,False
192.94398498535156,REPLAY,NEUTRAL,3,142,113,43,3,False,True,False
192.9921417236328,REPLAY,NEUTRAL,3,142,113,43,3,False,True,False
193.0443115234375,REPLAY,NEUTRAL,3,142,113,43,4,False,True,False
193.09246826171875,REPLAY,NEUTRAL,3,142,113,43,4,False,True,False
193.14463806152344,REPLAY,NEUTRAL,3,142,113,43,4,False,True,False
193.1927947998047,REPLAY,NEUTRAL,3,142,113,43,4,False,True,False
193.24496459960938,REPLAY,NEUTRAL,3,142,113,43,4,False,True,False
193.29312133789062,REPLAY,NEUTRAL,3,142,113,43,4,False,True,False
193.3452911376953,REPLAY,NEUTRAL,3,142,113,43,4,False,True,False
193.39344787597656,REPLAY,NEUTRAL,3,142,113,43,4,False,True,False
193.44561767578125,REPLAY,NEUTRAL,3,142,113,43,4,False,True,False
193.4937744140625,REPLAY,NEUTRAL,3,142,113,43,4,False,True,False
193.5459442138672,REPLAY,NEUTRAL,3,142,113,43,4,False,True,False
193.59410095214844,REPLAY,NEUTRAL,3,142,113,43,4,False,True,False
193.6422576904297,REPLAY,NEUTRAL,3,142,113,43,4,False,True,False
193.69442749023438,REPLAY,NEUTRAL,3,142,113,43,4,False,True,False
193.74258422851562,REPLAY,NEUTRAL,3,142,113,43,4,False,True,False
193.7947540283203,REPLAY,NEUTRAL,3,142,113,43,4,False,True,False
193.84291076660156,REPLAY,NEUTRAL,3,142,113,44,3,False,True,False
193.89508056640625,REPLAY,NEUTRAL,3,142,113,44,3,False,True,False
193.9432373046875,REPLAY,NEUTRAL,3,142,113,44,3,False,True,False
193.9954071044922,REPLAY,NEUTRAL,3,142,113,44,3,False,True,False
194.04356384277344,REPLAY,NEUTRAL,3,142,113,44,3,False,True,False
194.09573364257812,REPLAY,NEUTRAL,3,142,113,44,3,False,True,False
194.14389038085938,REPLAY,NEUTRAL,3,142,113,44,3,False,True,False
194.19204711914062,REPLAY,NEUTRAL,3,142,113,44,4,False,True,False
194.2442169189453,REPLAY,NEUTRAL,3,142,113,44,4,False,True,False
194.29237365722656,REPLAY,NEUTRAL,3,142,113,44,4,False,True,False
194.34454345703125,REPLAY,NEUTRAL,3,143,114,44,3,False,True,False
194.3927001953125,REPLAY,NEUTRAL,3,143,114,44,3,False,True,False
194.4448699951172,REPLAY,NEUTRAL,3,143,114,44,3,False,True,False
194.49302673339844,REPLAY,NEUTRAL,3,143,114,44,3,False,True,False
194.54519653320312,REPLAY,NEUTRAL,3,143,114,44,3,False,True,False
194.59335327148438,REPLAY,NEUTRAL,3,143,114,44,3,False,True,False
194.64552307128906,REPLAY,NEUTRAL,3,143,114,44,3,False,True,False
194.6936798095703,REPLAY,NEUTRAL,3,143,114,44,3,False,True,False
194.745849609375,REPLAY,NEUTRAL,3,143,114,44,3,False,True,False
194.79400634765625,REPLAY,NEUTRAL,3,143,114,44,3,False,True,False
194.8421630859375,REPLAY,NEUTRAL,3,143,114,44,3,False,True,False
194.8943328857422,REPLAY,NEUTRAL,3,143,114,44,3,False,True,False
194.94248962402344,REPLAY,NEUTRAL,3,143,114,44,3,False,True,False
194.99465942382812,REPLAY,NEUTRAL,3,143,114,44,3,False,True,False
195.04281616210938,REPLAY,NEUTRAL,3,143,114,44,3,False,True,False
195.09498596191406,REPLAY,NEUTRAL,3,143,114,44,3,False,True,False
195.1431427001953,REPLAY,NEUTRAL,3,144,115,44,3,False,True,False
195.1953125,REPLAY,NEUTRAL,3,144,115,44,3,False,True,False
195.24346923828125,REPLAY,NEUTRAL,3,144,115,44,3,False,True,False
195.29563903808594,REPLAY,NEUTRAL,3,144,115,44,3,False,True,False
195.3437957763672,REPLAY,NEUTRAL,3,144,115,44,3,False,True,False
195.39596557617188,REPLAY,NEUTRAL,3,144,115,44,3,False,True,False
195.44412231445312,REPLAY,NEUTRAL,3,144,115,44,3,False,True,False
195.49227905273438,REPLAY,NEUTRAL,3,144,115,44,3,False,True,False
195.54444885253906,REPLAY,NEUTRAL,3,144,115,44,3,False,True,False
195.5926055908203,REPLAY,NEUTRAL,3,144,115,44,3,False,True,False
195.644775390625,REPLAY,NEUTRAL,3,144,115,44,3,False,True,False
195.69293212890625,REPLAY,NEUTRAL,3,144,115,44,3,False,True,False
195.74510192871094,REPLAY,NEUTRAL,3,144,115,44,3,False,True,False
195.7932586669922,REPLAY,NEUTRAL,3,144,115,44,3,False,True,False
195.84542846679688,REPLAY,NEUTRAL,3,144,115,44,3,False,True,False
195.89358520507812,REPLAY,NEUTRAL,3,144,115,44,3,False,True,False
195.9457550048828,REPLAY,NEUTRAL,3,144,115,44,3,False,True,False
195.99391174316406,REPLAY,NEUTRAL,3,144,115,44,3,False,True,False
196.0420684814453,REPLAY,NEUTRAL,3,144,115,44,3,False,True,False
196.09423828125,REPLAY,NEUTRAL,3,144,115,44,3,False,True,False
196.14239501953125,REPLAY,NEUTRAL,3,144,115,44,3,False,True,False
196.19456481933594,REPLAY,NEUTRAL,3,144,115,44,3,False,True,False
196.2427215576172,REPLAY,NEUTRAL,3,145,116,44,3,False,True,False
196.29489135742188,REPLAY,NEUTRAL,3,145,116,44,3,False,True,False
196.34304809570312,REPLAY,NEUTRAL,3,145,116,44,3,False,True,False
196.3952178955078,REPLAY,NEUTRAL,3,145,116,44,3,False,True,False
196.44337463378906,REPLAY,NEUTRAL,3,145,116,44,3,False,True,False
196.49554443359375,REPLAY,NEUTRAL,3,145,116,44,3,False,True,False
196.543701171875,REPLAY,NEUTRAL,3,145,116,44,3,False,True,False
196.5958709716797,REPLAY,NEUTRAL,3,145,116,44,3,False,True,False
196.64402770996094,REPLAY,NEUTRAL,3,145,116,44,3,False,True,False
196.6921844482422,REPLAY,NEUTRAL,3,145,116,44,3,False,True,False
196.74435424804688,REPLAY,NEUTRAL,3,145,116,44,3,False,True,False
196.79251098632812,REPLAY,NEUTRAL,3,145,116,44,3,False,True,False
196.8446807861328,REPLAY,NEUTRAL,3,145,116,44,3,False,True,False
196.89283752441406,REPLAY,NEUTRAL,3,145,116,44,3,False,True,False
196.94500732421875,REPLAY,NEUTRAL,3,145,116,44,3,False,True,False
196.9931640625,REPLAY,NEUTRAL,3,145,116,44,3,False,True,False
197.0453338623047,REPLAY,NEUTRAL,3,145,116,44,3,False,True,False
197.09349060058594,REPLAY,NEUTRAL,3,145,116,44,3,False,True,False
197.14566040039062,REPLAY,NEUTRAL,3,145,116,44,3,False,True,False
197.19381713867188,REPLAY,NEUTRAL,3,146,117,44,2,False,True,False
197.24598693847656,REPLAY,NEUTRAL,3,146,117,44,2,False,True,False
197.2941436767578,REPLAY,NEUTRAL,3,146,117,44,2,False,True,False
197.34230041503906,REPLAY,NEUTRAL,3,146,117,44,2,False,True,False
197.39447021484375,REPLAY,NEUTRAL,3,146,117,44,2,False,True,False
197.442626953125,REPLAY,NEUTRAL,3,146,117,44,2,False,True,False
197.4947967529297,REPLAY,NEUTRAL,3,146,117,44,2,False,True,False
197.54295349121094,REPLAY,NEUTRAL,3,146,117,44,2,False,True,False
197.59512329101562,REPLAY,NEUTRAL,3,146,117,44,2,False,True,False
197.64328002929688,REPLAY,NEUTRAL,3,146,117,44,2,False,True,False
197.69544982910156,REPLAY,NEUTRAL,3,146,117,44,2,False,True,False
197.7436065673828,REPLAY,NEUTRAL,3,146,117,44,3,False,True,False
197.7957763671875,REPLAY,NEUTRAL,3,146,117,44,3,False,True,False
197.84393310546875,REPLAY,NEUTRAL,3,146,117,44,3,False,True,False
197.89208984375,REPLAY,NEUTRAL,3,146,117,44,3,False,True,False
197.9442596435547,REPLAY,NEUTRAL,3,147,118,44,2,False,True,False
197.99241638183594,REPLAY,NEUTRAL,3,147,118,44,2,False,True,False
198.04458618164062,REPLAY,NEUTRAL,3,147,118,44,2,False,True,False
198.09274291992188,REPLAY,NEUTRAL,3,147,118,44,2,False,True,False
198.14491271972656,REPLAY,NEUTRAL,3,147,118,44,2,False,True,False
198.1930694580078,REPLAY,NEUTRAL,3,147,118,44,2,False,True,False
198.2452392578125,REPLAY,NEUTRAL,3,147,118,44,2,False,True,False
198.29339599609375,REPLAY,NEUTRAL,3,147,118,44,2,False,True,False
198.34556579589844,REPLAY,NEUTRAL,3,147,118,44,2,False,True,False
198.3937225341797,REPLAY,NEUTRAL,3,147,118,44,2,False,True,False
198.44589233398438,REPLAY,NEUTRAL,3,147,118,44,2,False,True,False
198.49404907226562,REPLAY,NEUTRAL,3,147,118,44,2,False,True,False
198.54220581054688,REPLAY,NEUTRAL,3,147,118,44,3,False,True,False
198.59437561035156,REPLAY,NEUTRAL,3,147,118,44,3,False,True,False
198.6425323486328,REPLAY,NEUTRAL,3,147,118,44,3,False,True,False
198.6947021484375,REPLAY,NEUTRAL,3,147,118,44,3,False,True,False
198.74285888671875,REPLAY,NEUTRAL,3,147,118,44,3,False,True,False
198.79502868652344,REPLAY,NEUTRAL,3,147,118,44,3,False,True,False
198.8431854248047,REPLAY,NEUTRAL,3,147,118,44,3,False,True,False
198.89535522460938,REPLAY,NEUTRAL,3,147,118,44,3,False,True,False
198.94351196289062,REPLAY,NEUTRAL,3,147,118,44,3,False,True,False
198.9956817626953,REPLAY,NEUTRAL,3,147,118,44,3,False,True,False
199.04383850097656,REPLAY,NEUTRAL,3,147,118,44,3,False,True,False
199.0919952392578,REPLAY,NEUTRAL,3,147,118,44,3,False,True,False
199.1441650390625,REPLAY,NEUTRAL,3,147,118,44,3,False,True,False
199.19232177734375,REPLAY,NEUTRAL,3,147,118,44,3,False,True,False
199.24449157714844,REPLAY,NEUTRAL,3,147,118,44,3,False,True,False
199.2926483154297,REPLAY,NEUTRAL,3,147,118,44,3,False,True,False
199.34481811523438,REPLAY,NEUTRAL,3,147,118,44,3,False,True,False
199.39297485351562,REPLAY,NEUTRAL,3,147,118,44,3,False,True,False
199.4451446533203,REPLAY,NEUTRAL,3,147,118,44,3,False,True,False
199.49330139160156,REPLAY,NEUTRAL,3,147,118,44,3,False,True,False
199.54547119140625,REPLAY,NEUTRAL,3,147,118,44,3,False,True,False
199.5936279296875,REPLAY,NEUTRAL,3,147,118,45,2,False,True,False
199.6457977294922,REPLAY,NEUTRAL,3,147,118,45,2,False,True,False
199.69395446777344,REPLAY,NEUTRAL,3,147,118,45,2,False,True,False
199.7421112060547,REPLAY,NEUTRAL,3,147,118,45,2,False,True,False
199.79428100585938,REPLAY,NEUTRAL,3,147,118,45,2,False,True,False
199.84243774414062,REPLAY,NEUTRAL,3,147,118,45,2,False,True,False
199.8946075439453,REPLAY,NEUTRAL,3,147,118,45,2,False,True,False
199.94276428222656,REPLAY,NEUTRAL,3,147,118,45,2,False,True,False
199.99493408203125,REPLAY,NEUTRAL,3,147,118,45,3,False,True,False
200.0430908203125,REPLAY,NEUTRAL,3,147,118,45,3,False,True,False
200.0952606201172,REPLAY,NEUTRAL,3,147,118,45,3,False,True,False
200.14341735839844,REPLAY,NEUTRAL,3,147,118,45,3,False,True,False
200.19558715820312,REPLAY,NEUTRAL,3,147,118,45,3,False,True,False
200.24374389648438,REPLAY,NEUTRAL,3,147,118,45,3,False,True,False
200.29591369628906,REPLAY,NEUTRAL,3,147,118,45,3,False,True,False
200.3440704345703,REPLAY,NEUTRAL,3,147,118,45,3,False,True,False
200.39222717285156,REPLAY,NEUTRAL,3,147,118,45,3,False,True,False
200.44439697265625,REPLAY,NEUTRAL,3,147,118,45,3,False,True,False
200.4925537109375,REPLAY,NEUTRAL,3,147,118,45,3,False,True,False
200.5447235107422,REPLAY,NEUTRAL,3,148,119,45,2,False,True,False
200.59288024902344,REPLAY,NEUTRAL,3,148,119,45,2,False,True,False
200.64505004882812,REPLAY,NEUTRAL,3,148,119,45,2,False,True,False
200.69320678710938,REPLAY,NEUTRAL,3,148,119,45,2,False,True,False
200.74537658691406,REPLAY,NEUTRAL,3,148,119,45,2,False,True,False
200.7935333251953,REPLAY,NEUTRAL,3,148,119,45,2,False,True,False
200.845703125,REPLAY,NEUTRAL,3,148,119,45,2,False,True,False
200.89385986328125,REPLAY,NEUTRAL,3,148,119,45,2,False,True,False
200.9420166015625,REPLAY,NEUTRAL,3,148,119,45,2,False,True,False
200.9941864013672,REPLAY,NEUTRAL,3,148,119,45,2,False,True,False
201.04234313964844,REPLAY,NEUTRAL,3,148,119,45,2,False,True,False
201.09451293945312,REPLAY,NEUTRAL,3,148,119,45,2,False,True,False
201.14266967773438,REPLAY,NEUTRAL,3,148,119,45,2,False,True,False
201.19483947753906,REPLAY,NEUTRAL,3,148,119,45,2,False,True,False
201.2429962158203,REPLAY,NEUTRAL,3,148,119,45,2,False,True,False
201.295166015625,REPLAY,NEUTRAL,3,148,119,45,2,False,True,False
201.34332275390625,REPLAY,NEUTRAL,3,148,119,45,2,False,True,False
201.39549255371094,REPLAY,NEUTRAL,3,148,119,45,2,False,True,False
201.4436492919922,REPLAY,NEUTRAL,3,148,119,45,2,False,True,False
201.49581909179688,REPLAY,NEUTRAL,3,148,119,45,2,False,True,False
201.54397583007812,REPLAY,NEUTRAL,3,148,119,45,2,False,True,False
201.59213256835938,REPLAY,NEUTRAL,3,148,119,45,3,False,True,False
201.64430236816406,REPLAY,NEUTRAL,3,148,119,45,3,False,True,False
201.6924591064453,REPLAY,NEUTRAL,3,148,119,46,2,False,True,False
201.74462890625,REPLAY,NEUTRAL,3,148,119,46,2,False,True,False
201.79278564453125,REPLAY,NEUTRAL,3,148,119,46,2,False,True,False
201.84495544433594,REPLAY,NEUTRAL,3,148,119,46,2,False,True,False
201.8931121826172,REPLAY,NEUTRAL,3,148,119,46,2,False,True,False
201.94528198242188,REPLAY,NEUTRAL,3,148,119,46,2,False,True,False
201.99343872070312,REPLAY,NEUTRAL,3,148,119,46,2,False,True,False
202.0456085205078,REPLAY,NEUTRAL,3,148,119,46,2,False,True,False
202.09376525878906,REPLAY,NEUTRAL,3,148,119,46,2,False,True,False
202.14593505859375,REPLAY,NEUTRAL,3,148,119,46,2,False,True,False
202.194091796875,REPLAY,NEUTRAL,3,148,119,46,2,False,True,False
202.24224853515625,REPLAY,CLICK,3,150,120,46,1,False,True,False
202.29441833496094,REPLAY,NEUTRAL,3,150,120,46,1,False,True,False
202.3425750732422,REPLAY,NEUTRAL,3,150,120,46,1,False,True,False
202.39474487304688,REPLAY,NEUTRAL,3,150,120,46,1,False,True,False
202.44290161132812,REPLAY,NEUTRAL,3,150,120,46,1,False,True,False
202.4950714111328,REPLAY,NEUTRAL,3,150,120,46,2,False,True,False
202.54322814941406,REPLAY,NEUTRAL,3,150,120,46,2,False,True,False
202.59539794921875,REPLAY,NEUTRAL,3,150,120,46,2,False,True,False
202.6435546875,REPLAY,NEUTRAL,3,150,120,46,2,False,True,False
202.6957244873047,REPLAY,CLICK + HOLD,3,151,121,46,1,True,True,False
202.74388122558594,REPLAY,CLICK + HOLD,3,151,121,46,1,True,True,False
202.7920379638672,REPLAY,CLICK + HOLD,3,151,121,46,1,True,True,False
202.84420776367188,REPLAY,CLICK + HOLD,3,151,121,46,1,True,True,False
202.89236450195312,REPLAY,CLICK + HOLD,3,151,121,46,1,True,True,False
202.9445343017578,REPLAY,CLICK + HOLD,3,151,121,46,1,True,True,False
202.99269104003906,REPLAY,CLICK + HOLD,3,151,121,46,1,True,True,False
203.04486083984375,REPLAY,CLICK + HOLD,3,151,121,46,1,True,True,False
203.093017578125,REPLAY,CLICK + HOLD,3,151,121,46,1,True,True,False
203.1451873779297,REPLAY,CLICK + HOLD,3,151,121,46,1,True,True,False
203.19334411621094,REPLAY,CLICK + HOLD,3,151,121,46,1,True,True,False
203.24551391601562,REPLAY,CLICK + HOLD,3,151,121,46,1,True,True,False
203.29367065429688,REPLAY,CLICK + HOLD,3,151,121,46,1,True,True,False
203.34584045410156,REPLAY,CLICK + HOLD,3,152,122,46,0,True,True,False
203.3939971923828,REPLAY,CLICK + HOLD,3,152,122,46,0,True,True,False
203.44215393066406,REPLAY,CLICK + HOLD,3,152,122,46,0,True,True,False
203.49432373046875,REPLAY,CLICK + HOLD,3,152,122,46,0,True,True,False
203.54248046875,REPLAY,CLICK + HOLD,3,152,122,46,0,True,True,False
203.5946502685547,REPLAY,CLICK + HOLD,3,152,122,46,0,True,True,False
203.64280700683594,REPLAY,CLICK + HOLD,3,152,122,46,0,True,True,False
203.69497680664062,REPLAY,CLICK + HOLD,3,152,122,46,0,True,True,False
203.74313354492188,REPLAY,CLICK + HOLD,3,152,122,46,1,True,True,False
203.79530334472656,REPLAY,CLICK + HOLD,3,152,122,46,1,True,True,False
203.8434600830078,REPLAY,CLICK + HOLD,3,152,122,46,1,True,True,False
203.8956298828125,REPLAY,CLICK + HOLD,3,152,122,46,1,True,True,False
203.94378662109375,REPLAY,CLICK + HOLD,3,152,122,46,1,True,True,False
203.99595642089844,REPLAY,CLICK + HOLD,3,152,122,46,1,True,True,False
204.0441131591797,REPLAY,CLICK + HOLD,3,152,122,46,1,True,True,False
204.09226989746094,REPLAY,CLICK + HOLD,3,152,122,46,1,True,True,False
204.14443969726562,REPLAY,CLICK + HOLD,3,152,122,46,1,True,True,False
204.19259643554688,REPLAY,CLICK + HOLD,3,152,122,46,1,True,True,False
204.24476623535156,REPLAY,CLICK + HOLD,3,152,122,46,1,True,True,False
204.2929229736328,REPLAY,CLICK + HOLD,3,152,122,46,1,True,True,False
204.3450927734375,REPLAY,CLICK + HOLD,3,152,122,46,1,True,True,False
204.39324951171875,REPLAY,CLICK + HOLD,3,152,122,46,1,True,True,False
204.44541931152344,REPLAY,CLICK + HOLD,3,152,122,46,1,True,True,False
204.4935760498047,REPLAY,CLICK + HOLD,3,152,122,46,1,True,True,False
204.54574584960938,REPLAY,CLICK + HOLD,3,152,122,46,1,True,True,False
204.59390258789062,REPLAY,CLICK + HOLD,3,153,123,46,0,True,True,False
204.64205932617188,REPLAY,CLICK + HOLD,3,153,123,46,0,True,True,False
204.69422912597656,REPLAY,CLICK + HOLD,3,153,123,46,0,True,True,False
204.7423858642578,REPLAY,CLICK + HOLD,3,153,123,46,0,True,True,False
204.7945556640625,REPLAY,CLICK + HOLD,3,153,123,46,0,True,True,False
204.84271240234375,REPLAY,CLICK + HOLD,3,153,123,46,0,True,True,False
204.89488220214844,REPLAY,CLICK + HOLD,3,153,123,46,0,True,True,False
204.9430389404297,REPLAY,CLICK + HOLD,3,153,123,46,0,True,True,False
204.99520874023438,REPLAY,CLICK + HOLD,3,153,123,46,0,True,True,False
205.04336547851562,REPLAY,CLICK + HOLD,3,153,123,46,0,True,True,False
205.0955352783203,REPLAY,CLICK + HOLD,3,153,123,46,0,True,True,False
205.14369201660156,REPLAY,CLICK + HOLD,3,153,123,46,0,True,True,False
205.19586181640625,REPLAY,CLICK + HOLD,3,153,123,46,1,True,True,False
205.2440185546875,REPLAY,CLICK + HOLD,3,153,123,46,1,True,True,False
205.29217529296875,REPLAY,CLICK + HOLD,3,153,123,46,1,True,True,False
205.34434509277344,REPLAY,CLICK + HOLD,3,153,123,46,1,True,True,False
205.3925018310547,REPLAY,CLICK + HOLD,3,153,123,46,1,True,True,False
205.44467163085938,REPLAY,CLICK + HOLD,3,153,123,46,1,True,True,False
205.49282836914062,REPLAY,CLICK + HOLD,3,153,123,46,1,True,True,False
205.5449981689453,REPLAY,CLICK + HOLD,3,153,123,46,1,True,True,False
205.59315490722656,REPLAY,CLICK + HOLD,3,153,123,46,1,True,True,False
205.64532470703125,REPLAY,CLICK + HOLD,3,153,123,46,1,True,True,False
205.6934814453125,REPLAY,CLICK + HOLD,3,153,123,46,1,True,True,False
205.7456512451172,REPLAY,CLICK + HOLD,3,153,123,46,1,True,True,False
205.79380798339844,REPLAY,CLICK + HOLD,3,153,123,46,1,True,True,False
205.84597778320312,REPLAY,CLICK + HOLD,3,153,123,46,1,True,True,False
205.89413452148438,REPLAY,CLICK + HOLD,3,153,123,46,1,True,True,False
205.94229125976562,REPLAY,CLICK + HOLD,3,153,123,46,1,True,True,False
205.9944610595703,REPLAY,CLICK + HOLD,3,153,123,46,1,True,True,False
206.04261779785156,REPLAY,CLICK + HOLD,3,153,123,46,1,True,True,False
206.09478759765625,REPLAY,CLICK + HOLD,3,154,124,46,0,True,True,False
206.1429443359375,REPLAY,CLICK + HOLD,3,154,124,46,0,True,True,False
206.1951141357422,REPLAY,CLICK + HOLD,3,154,124,46,0,True,True,False
206.24327087402344,REPLAY,CLICK + HOLD,3,154,124,46,0,True,True,False
206.29544067382812,REPLAY,CLICK + HOLD,3,154,124,46,0,True,True,False
206.34359741210938,REPLAY,CLICK + HOLD,3,154,124,46,0,True,True,False
206.39576721191406,REPLAY,CLICK + HOLD,3,154,124,46,0,True,True,False
206.4439239501953,REPLAY,CLICK + HOLD,3,154,124,46,0,True,True,False
206.49208068847656,REPLAY,CLICK + HOLD,3,154,124,46,0,True,True,False
206.54425048828125,REPLAY,CLICK + HOLD,3,154,124,46,0,True,True,False
206.5924072265625,REPLAY,CLICK + HOLD,3,154,124,46,1,True,True,False
206.6445770263672,REPLAY,CLICK + HOLD,3,154,124,46,1,True,True,False
206.69273376464844,REPLAY,CLICK + HOLD,3,154,124,46,1,True,True,False
206.74490356445312,REPLAY,CLICK + HOLD,3,154,124,46,1,True,True,False
206.79306030273438,REPLAY,CLICK + HOLD,3,154,124,46,1,True,True,False
206.84523010253906,REPLAY,CLICK + HOLD,3,154,124,46,1,True,True,False
206.8933868408203,REPLAY,CLICK + HOLD,3,154,124,46,1,True,True,False
206.945556640625,REPLAY,CLICK + HOLD,3,154,124,46,1,True,True,False
206.99371337890625,REPLAY,CLICK + HOLD,3,154,124,46,1,True,True,False
207.04588317871094,REPLAY,CLICK + HOLD,3,154,124,46,1,True,True,False
207.0940399169922,REPLAY,CLICK + HOLD,3,154,124,46,1,True,True,False
207.14219665527344,REPLAY,CLICK + HOLD,3,154,124,46,1,True,True,False
207.19436645507812,REPLAY,CLICK + HOLD,3,154,124,46,1,True,True,False
207.24252319335938,REPLAY,CLICK + HOLD,3,154,124,46,1,True,True,False
207.29469299316406,REPLAY,CLICK + HOLD,3,154,124,46,1,True,True,False
207.3428497314453,REPLAY,CLICK + HOLD,3,154,124,46,1,True,True,False
207.39501953125,REPLAY,CLICK + HOLD,3,154,124,46,1,True,True,False
207.44317626953125,REPLAY,CLICK + HOLD,3,155,125,46,0,True,True,False
207.49534606933594,REPLAY,CLICK + HOLD,3,155,125,46,0,True,True,False
207.5435028076172,REPLAY,CLICK + HOLD,3,155,125,46,0,True,True,False
207.59567260742188,REPLAY,CLICK + HOLD,3,155,125,46,0,True,True,False
207.64382934570312,REPLAY,CLICK + HOLD,3,155,125,46,0,True,True,False
207.69198608398438,REPLAY,CLICK + HOLD,3,155,125,46,0,True,True,False
207.74415588378906,REPLAY,CLICK + HOLD,3,155,125,46,0,True,True,False
207.7923126220703,REPLAY,CLICK + HOLD,3,155,125,46,0,True,True,False
207.844482421875,REPLAY,CLICK + HOLD,3,155,125,46,0,True,True,False
207.89263916015625,REPLAY,CLICK + HOLD,3,155,125,46,0,True,True,False
207.94480895996094,REPLAY,CLICK + HOLD,3,155,125,46,0,True,True,False
207.9929656982422,REPLAY,CLICK + HOLD,3,155,125,46,0,True,True,False
208.04513549804688,REPLAY,CLICK + HOLD,3,155,125,46,0,True,True,False
208.09329223632812,REPLAY,CLICK + HOLD,3,155,125,46,0,True,True,False
208.1454620361328,REPLAY,CLICK + HOLD,3,155,125,46,0,True,True,False
208.19361877441406,REPLAY,CLICK + HOLD,3,155,125,46,1,True,True,False
208.24578857421875,REPLAY,CLICK + HOLD,3,155,125,46,1,True,True,False
208.2939453125,REPLAY,CLICK + HOLD,3,155,125,46,1,True,True,False
208.34210205078125,REPLAY,CLICK + HOLD,3,155,125,46,1,True,True,False
208.39427185058594,REPLAY,CLICK + HOLD,3,155,125,46,1,True,True,False
208.4424285888672,REPLAY,CLICK + HOLD,3,155,125,46,1,True,True,False
208.49459838867188,REPLAY,CLICK + HOLD,3,155,125,46,1,True,True,False
208.54275512695312,REPLAY,CLICK + HOLD,3,155,125,46,1,True,True,False
208.5949249267578,REPLAY,CLICK + HOLD,3,155,125,46,1,True,True,False
208.64308166503906,REPLAY,CLICK + HOLD,3,155,125,46,1,True,True,False
208.69525146484375,REPLAY,CLICK + HOLD,3,155,125,46,1,True,True,False
208.743408203125,REPLAY,CLICK + HOLD,3,155,125,46,1,True,True,False
208.7955780029297,REPLAY,CLICK + HOLD,3,155,125,46,1,True,True,False
208.84373474121094,REPLAY,CLICK + HOLD,3,155,125,46,1,True,True,False
208.89590454101562,REPLAY,CLICK + HOLD,3,155,125,46,1,True,True,False
208.94406127929688,REPLAY,CLICK + HOLD,3,155,125,46,1,True,True,False
208.99221801757812,REPLAY,CLICK + HOLD,3,155,125,46,1,True,True,False
209.0443878173828,REPLAY,CLICK + HOLD,3,155,125,46,1,True,True,False
209.09254455566406,REPLAY,CLICK + HOLD,3,155,125,46,1,True,True,False
209.14471435546875,REPLAY,CLICK + HOLD,3,155,125,46,1,True,True,False
209.19287109375,REPLAY,CLICK + HOLD,3,156,126,46,0,True,True,False
209.2450408935547,REPLAY,CLICK + HOLD,3,156,126,46,1,True,True,False
209.29319763183594,REPLAY,CLICK + HOLD,3,156,126,46,1,True,True,False
209.34536743164062,REPLAY,CLICK + HOLD,3,156,126,46,1,True,True,False
209.39352416992188,REPLAY,CLICK + HOLD,3,156,126,46,1,True,True,False
209.44569396972656,REPLAY,CLICK + HOLD,3,156,126,46,1,True,True,False
209.4938507080078,REPLAY,CLICK + HOLD,3,156,126,46,1,True,True,False
209.54200744628906,REPLAY,CLICK + HOLD,3,156,126,46,1,True,True,False
209.59417724609375,REPLAY,CLICK + HOLD,3,156,126,46,1,True,True,False
209.642333984375,REPLAY,CLICK + HOLD,3,156,126,46,1,True,True,False
209.6945037841797,REPLAY,CLICK + HOLD,3,156,126,46,1,True,True,False
209.74266052246094,REPLAY,CLICK + HOLD,3,156,126,46,1,True,True,False
209.79483032226562,REPLAY,CLICK + HOLD,3,156,126,46,1,True,True,False
209.84298706054688,REPLAY,CLICK + HOLD,3,156,126,46,1,True,True,False
209.89515686035156,REPLAY,CLICK + HOLD,3,156,126,46,1,True,True,False
209.9433135986328,REPLAY,CLICK + HOLD,3,156,126,46,1,True,True,False
209.9954833984375,REPLAY,CLICK + HOLD,3,156,126,46,1,True,True,False
210.04364013671875,REPLAY,CLICK + HOLD,3,157,127,46,0,True,True,False
210.09580993652344,REPLAY,CLICK + HOLD,3,157,127,46,0,True,True,False
210.1439666748047,REPLAY,CLICK + HOLD,3,157,127,46,0,True,True,False
210.19212341308594,REPLAY,CLICK + HOLD,3,157,127,46,0,True,True,False
210.24429321289062,REPLAY,CLICK + HOLD,3,157,127,46,0,True,True,False
210.29244995117188,REPLAY,CLICK + HOLD,3,157,127,46,0,True,True,False
210.34461975097656,REPLAY,CLICK + HOLD,3,157,127,46,1,True,True,False
210.3927764892578,REPLAY,CLICK + HOLD,3,157,127,46,1,True,True,False
210.4449462890625,REPLAY,CLICK + HOLD,3,157,127,46,1,True,True,False
210.49310302734375,REPLAY,CLICK + HOLD,3,157,127,46,1,True,True,False
210.54527282714844,REPLAY,CLICK + HOLD,3,157,127,46,1,True,True,False
210.5934295654297,REPLAY,CLICK + HOLD,3,157,127,46,1,True,True,False
210.64559936523438,REPLAY,CLICK + HOLD,3,157,127,46,1,True,True,False
210.69375610351562,REPLAY,CLICK + HOLD,3,157,127,46,1,True,True,False
210.7459259033203,REPLAY,CLICK + HOLD,3,157,127,46,1,True,True,False
210.79408264160156,REPLAY,CLICK + HOLD,3,157,127,46,1,True,True,False
210.8422393798828,REPLAY,CLICK + HOLD,3,157,127,46,1,True,True,False
210.8944091796875,REPLAY,CLICK + HOLD,3,157,127,46,1,True,True,False
210.94256591796875,REPLAY,CLICK + HOLD,3,157,127,46,1,True,True,False
210.99473571777344,REPLAY,CLICK + HOLD,3,157,127,46,1,True,True,False
211.0428924560547,REPLAY,CLICK + HOLD,3,157,127,46,1,True,True,False
211.09506225585938,REPLAY,CLICK + HOLD,3,157,127,46,1,True,True,False
211.14321899414062,REPLAY,CLICK + HOLD,3,157,127,46,1,True,True,False
211.1953887939453,REPLAY,CLICK + HOLD,3,157,127,46,1,True,True,False
211.24354553222656,REPLAY,CLICK + HOLD,3,157,127,46,1,True,True,False
211.29571533203125,REPLAY,NEUTRAL,3,157,127,46,1,False,True,False
211.3438720703125,REPLAY,NEUTRAL,3,157,127,46,1,False,True,False
211.39202880859375,REPLAY,NEUTRAL,3,157,127,46,1,False,True,False
211.44419860839844,REPLAY,NEUTRAL,3,157,127,46,1,False,True,False
211.4923553466797,REPLAY,NEUTRAL,3,157,127,46,1,False,True,False
211.54452514648438,REPLAY,NEUTRAL,3,157,127,46,1,False,True,False
211.59268188476562,REPLAY,NEUTRAL,3,157,127,46,1,False,True,False
211.6448516845703,REPLAY,NEUTRAL,3,157,127,46,1,False,True,False
211.69300842285156,REPLAY,NEUTRAL,3,157,127,46,1,False,True,False
211.74517822265625,REPLAY,NEUTRAL,3,157,127,46,1,False,True,False
211.7933349609375,REPLAY,NEUTRAL,3,157,127,46,1,False,True,False
211.8455047607422,REPLAY,NEUTRAL,3,157,127,46,2,False,True,False
211.89366149902344,REPLAY,NEUTRAL,3,157,127,46,2,False,True,False
211.94583129882812,REPLAY,NEUTRAL,3,157,127,46,2,False,True,False
211.99398803710938,REPLAY,NEUTRAL,3,157,127,46,2,False,True,False
212.04214477539062,REPLAY,NEUTRAL,3,157,127,46,2,False,True,False
212.0943145751953,REPLAY,NEUTRAL,3,157,127,46,2,False,True,False
212.14247131347656,REPLAY,NEUTRAL,3,157,127,46,2,False,True,False
212.19464111328125,REPLAY,NEUTRAL,3,157,127,46,2,False,True,False
212.2427978515625,REPLAY,NEUTRAL,3,157,127,46,2,False,True,False
212.2949676513672,REPLAY,NEUTRAL,3,157,127,46,2,False,True,False
212.34312438964844,REPLAY,NEUTRAL,3,157,127,46,2,False,True,False
212.39529418945312,REPLAY,NEUTRAL,3,157,127,46,2,False,True,False
212.44345092773438,REPLAY,NEUTRAL,3,157,127,46,2,False,True,False
212.49562072753906,REPLAY,NEUTRAL,3,157,127,46,2,False,True,False
212.5437774658203,REPLAY,NEUTRAL,3,157,127,46,2,False,True,False
212.595947265625,REPLAY,NEUTRAL,3,157,127,46,2,False,True,False
212.64410400390625,REPLAY,NEUTRAL,3,157,127,46,2,False,True,False
212.6922607421875,REPLAY,NEUTRAL,3,157,127,46,2,False,True,False
212.7444305419922,REPLAY,NEUTRAL,3,157,127,46,2,False,True,False
212.79258728027344,REPLAY,NEUTRAL,3,157,127,46,2,False,True,False
212.84475708007812,REPLAY,NEUTRAL,3,157,127,46,3,False,True,False
212.89291381835938,REPLAY,NEUTRAL,3,157,127,46,3,False,True,False
212.94508361816406,REPLAY,NEUTRAL,3,157,127,46,3,False,True,False
212.9932403564453,REPLAY,NEUTRAL,3,157,127,46,3,False,True,False
213.04541015625,REPLAY,NEUTRAL,3,157,127,46,3,False,True,False
213.09356689453125,REPLAY,NEUTRAL,3,157,127,46,3,False,True,False
213.14573669433594,REPLAY,NEUTRAL,3,157,127,46,3,False,True,False
213.1938934326172,REPLAY,NEUTRAL,3,157,127,46,3,False,True,False
213.24205017089844,REPLAY,NEUTRAL,3,157,127,46,3,False,True,False
213.29421997070312,REPLAY,NEUTRAL,3,157,127,46,3,False,True,False
213.34237670898438,REPLAY,NEUTRAL,3,157,127,46,3,False,True,False
213.39454650878906,REPLAY,NEUTRAL,3,157,127,46,3,False,True,False
213.4427032470703,REPLAY,NEUTRAL,3,157,127,46,3,False,True,False
213.494873046875,REPLAY,NEUTRAL,3,157,127,46,3,False,True,False
213.54302978515625,REPLAY,NEUTRAL,3,157,127,47,2,False,True,False
213.59519958496094,REPLAY,NEUTRAL,3,157,127,47,2,False,True,False
213.6433563232422,REPLAY,NEUTRAL,3,157,127,47,2,False,True,False
213.69552612304688,REPLAY,NEUTRAL,3,157,127,47,2,False,True,False
213.74368286132812,REPLAY,NEUTRAL,3,157,127,47,2,False,True,False
213.7958526611328,REPLAY,NEUTRAL,3,157,127,47,2,False,True,False
213.84400939941406,REPLAY,NEUTRAL,3,157,127,47,2,False,True,False
213.8921661376953,REPLAY,NEUTRAL,3,157,127,47,2,False,True,False
213.9443359375,REPLAY,NEUTRAL,3,157,127,47,2,False,True,False
213.99249267578125,REPLAY,NEUTRAL,3,157,127,47,2,False,True,False
214.04466247558594,REPLAY,NEUTRAL,3,157,127,47,2,False,True,False
214.0928192138672,REPLAY,NEUTRAL,3,157,127,47,2,False,True,False
214.14498901367188,REPLAY,NEUTRAL,3,157,127,47,2,False,True,False
214.19314575195312,REPLAY,NEUTRAL,3,157,127,47,2,False,True,False
214.2453155517578,REPLAY,NEUTRAL,3,157,127,47,2,False,True,False
214.29347229003906,REPLAY,NEUTRAL,3,157,127,47,2,False,True,False
214.34564208984375,REPLAY,NEUTRAL,3,157,127,47,3,False,True,False
214.393798828125,REPLAY,NEUTRAL,3,157,127,47,3,False,True,False
214.4459686279297,REPLAY,NEUTRAL,3,157,127,47,3,False,True,False
214.49412536621094,REPLAY,NEUTRAL,3,157,127,47,3,False,True,False
214.5422821044922,REPLAY,NEUTRAL,3,157,127,47,3,False,True,False
214.59445190429688,REPLAY,NEUTRAL,3,157,127,47,3,False,True,False
214.64260864257812,REPLAY,NEUTRAL,3,158,128,47,2,False,True,False
214.6947784423828,REPLAY,NEUTRAL,3,158,128,47,2,False,True,False
214.74293518066406,REPLAY,NEUTRAL,3,158,128,47,2,False,True,False
214.79510498046875,REPLAY,NEUTRAL,3,158,128,47,2,False,True,False
214.84326171875,REPLAY,NEUTRAL,3,158,128,47,2,False,True,False
214.8954315185547,REPLAY,NEUTRAL,3,158,128,47,2,False,True,False
214.94358825683594,REPLAY,NEUTRAL,3,158,128,47,2,False,True,False
214.99575805664062,REPLAY,NEUTRAL,3,158,128,47,2,False,True,False
215.04391479492188,REPLAY,NEUTRAL,3,158,128,47,2,False,True,False
215.09207153320312,REPLAY,NEUTRAL,3,158,128,47,2,False,True,False
215.1442413330078,REPLAY,NEUTRAL,3,158,128,47,2,False,True,False
215.19239807128906,REPLAY,NEUTRAL,3,158,128,47,2,False,True,False
215.24456787109375,REPLAY,NEUTRAL,3,158,128,47,2,False,True,False
215.292724609375,REPLAY,NEUTRAL,3,158,128,47,2,False,True,False
215.3448944091797,REPLAY,NEUTRAL,3,158,128,47,2,False,True,False
215.39305114746094,REPLAY,NEUTRAL,3,158,128,47,2,False,True,False
215.44522094726562,REPLAY,NEUTRAL,3,158,128,47,2,False,True,False
215.49337768554688,REPLAY,NEUTRAL,3,158,128,47,2,False,True,False
215.54554748535156,REPLAY,NEUTRAL,3,158,128,47,3,False,True,False
215.5937042236328,REPLAY,NEUTRAL,3,159,129,47,2,False,True,False
215.6458740234375,REPLAY,NEUTRAL,3,159,129,47,2,False,True,False
215.69403076171875,REPLAY,NEUTRAL,3,159,129,47,2,False,True,False
215.7421875,REPLAY,NEUTRAL,3,159,129,47,2,False,True,False
215.7943572998047,REPLAY,NEUTRAL,3,159,129,47,2,False,True,False
215.84251403808594,REPLAY,NEUTRAL,3,159,129,47,2,False,True,False
215.89468383789062,REPLAY,NEUTRAL,3,159,129,47,2,False,True,False
215.94284057617188,REPLAY,NEUTRAL,3,159,129,47,2,False,True,False
215.99501037597656,REPLAY,NEUTRAL,3,159,129,47,2,False,True,False
216.0431671142578,REPLAY,NEUTRAL,3,159,129,47,2,False,True,False
216.0953369140625,REPLAY,NEUTRAL,3,159,129,47,2,False,True,False
216.14349365234375,REPLAY,NEUTRAL,3,159,129,47,2,False,True,False
216.19566345214844,REPLAY,NEUTRAL,3,159,129,47,2,False,True,False
216.2438201904297,REPLAY,NEUTRAL,3,159,129,47,2,False,True,False
216.29197692871094,REPLAY,NEUTRAL,3,159,129,47,2,False,True,False
216.34414672851562,REPLAY,NEUTRAL,3,159,129,47,2,False,True,False
216.39230346679688,REPLAY,NEUTRAL,3,159,129,47,2,False,True,False
216.44447326660156,REPLAY,NEUTRAL,3,159,129,47,2,False,True,False
216.4926300048828,REPLAY,NEUTRAL,3,159,129,47,2,False,True,False
216.5447998046875,REPLAY,NEUTRAL,3,159,129,47,2,False,True,False
216.59295654296875,REPLAY,NEUTRAL,3,159,129,47,2,False,True,False
216.64512634277344,REPLAY,NEUTRAL,3,159,129,47,2,False,True,False
216.6932830810547,REPLAY,NEUTRAL,3,159,129,47,2,False,True,False
216.74545288085938,REPLAY,NEUTRAL,3,159,129,47,2,False,True,False
216.79360961914062,REPLAY,NEUTRAL,3,159,129,47,2,False,True,False
216.8457794189453,REPLAY,NEUTRAL,3,159,129,47,2,False,True,False
216.89393615722656,REPLAY,NEUTRAL,3,159,129,47,3,False,True,False
216.9420928955078,REPLAY,NEUTRAL,3,159,129,47,3,False,True,False
216.9942626953125,REPLAY,CLICK,3,161,130,47,2,False,True,False
217.04241943359375,REPLAY,NEUTRAL,3,161,130,47,2,False,True,False
217.09458923339844,REPLAY,NEUTRAL,3,161,130,47,2,False,True,False
217.1427459716797,REPLAY,NEUTRAL,3,161,130,47,2,False,True,False
217.19491577148438,REPLAY,NEUTRAL,3,161,130,47,2,False,True,False
217.24307250976562,REPLAY,NEUTRAL,3,161,130,47,2,False,True,False
217.2952423095703,REPLAY,NEUTRAL,3,161,130,47,2,False,True,False
217.34339904785156,REPLAY,NEUTRAL,3,161,130,47,2,False,True,False
217.39556884765625,REPLAY,NEUTRAL,3,161,130,47,2,False,True,False
217.4437255859375,REPLAY,NEUTRAL,3,161,130,47,2,False,True,False
217.4958953857422,REPLAY,NEUTRAL,3,161,130,47,2,False,True,False
217.54405212402344,REPLAY,NEUTRAL,3,161,130,47,2,False,True,False
217.5922088623047,REPLAY,NEUTRAL,3,161,130,47,2,False,True,False
217.64437866210938,REPLAY,CLICK,3,163,131,47,1,False,True,False
217.69253540039062,REPLAY,NEUTRAL,3,163,131,47,1,False,True,False
217.7447052001953,REPLAY,NEUTRAL,3,163,131,47,1,False,True,False
217.79286193847656,REPLAY,NEUTRAL,3,163,131,47,1,False,True,False
217.84503173828125,REPLAY,NEUTRAL,3,163,131,47,1,False,True,False
217.8931884765625,REPLAY,NEUTRAL,3,163,131,47,1,False,True,False
217.9453582763672,REPLAY,NEUTRAL,3,163,131,47,1,False,True,False
217.99351501464844,REPLAY,NEUTRAL,3,163,131,47,1,False,True,False
218.04568481445312,REPLAY,NEUTRAL,3,163,131,47,1,False,True,False
218.09384155273438,REPLAY,NEUTRAL,3,163,131,47,2,False,True,False
218.14199829101562,REPLAY,NEUTRAL,3,163,131,47,2,False,True,False
218.1941680908203,REPLAY,NEUTRAL,3,163,131,47,2,False,True,False
218.24232482910156,REPLAY,NEUTRAL,3,163,131,47,2,False,True,False
218.29449462890625,REPLAY,CLICK,3,165,132,47,1,False,True,False
218.3426513671875,REPLAY,NEUTRAL,3,165,132,47,1,False,True,False
218.3948211669922,REPLAY,NEUTRAL,3,165,132,47,1,False,True,False
218.44297790527344,REPLAY,NEUTRAL,3,165,132,47,1,False,True,False
218.49514770507812,REPLAY,NEUTRAL,3,165,132,47,1,False,True,False
218.54330444335938,REPLAY,NEUTRAL,3,165,132,47,1,False,True,False
218.59547424316406,REPLAY,NEUTRAL,3,165,132,47,1,False,True,False
218.6436309814453,REPLAY,NEUTRAL,3,165,132,47,1,False,True,False
218.69580078125,REPLAY,NEUTRAL,3,165,132,47,1,False,True,False
218.74395751953125,REPLAY,NEUTRAL,3,165,132,47,1,False,True,False
218.7921142578125,REPLAY,NEUTRAL,3,165,132,47,1,False,True,False
218.8442840576172,REPLAY,NEUTRAL,3,165,132,47,1,False,True,False
218.89244079589844,REPLAY,CLICK,3,167,133,47,0,False,True,False
218.94461059570312,REPLAY,NEUTRAL,3,167,133,47,0,False,True,False
218.99276733398438,REPLAY,NEUTRAL,3,167,133,47,0,False,True,False
219.04493713378906,REPLAY,NEUTRAL,3,167,133,47,0,False,True,False
219.0930938720703,REPLAY,NEUTRAL,3,167,133,47,0,False,True,False
219.145263671875,REPLAY,NEUTRAL,3,167,133,47,0,False,True,False
219.19342041015625,REPLAY,NEUTRAL,3,167,133,47,0,False,True,False
219.24559020996094,REPLAY,NEUTRAL,3,167,133,47,0,False,True,False
219.2937469482422,REPLAY,NEUTRAL,3,167,133,47,0,False,True,False
219.34591674804688,REPLAY,NEUTRAL,3,167,133,47,0,False,True,False
219.39407348632812,REPLAY,CLICK,3,167,133,47,0,False,True,False
219.44223022460938,REPLAY,NEUTRAL,3,167,133,47,0,False,True,False
219.49440002441406,REPLAY,NEUTRAL,3,167,133,47,0,False,True,False
219.5425567626953,REPLAY,NEUTRAL,3,167,133,47,0,False,True,False
219.5947265625,REPLAY,NEUTRAL,3,167,133,47,0,False,True,False
219.64288330078125,REPLAY,NEUTRAL,3,167,133,47,1,False,True,False
219.69505310058594,REPLAY,NEUTRAL,3,167,133,47,1,False,True,False
219.7432098388672,REPLAY,NEUTRAL,3,167,133,47,1,False,True,False
219.79537963867188,REPLAY,NEUTRAL,3,167,133,47,1,False,True,False
219.84353637695312,REPLAY,NEUTRAL,3,167,133,47,1,False,True,False
219.8957061767578,REPLAY,NEUTRAL,3,167,133,47,1,False,True,False
219.94386291503906,REPLAY,NEUTRAL,3,167,133,47,1,False,True,False
219.9920196533203,REPLAY,CLICK,3,169,134,47,0,False,True,False
220.044189453125,REPLAY,NEUTRAL,3,169,134,47,0,False,True,False
220.09234619140625,REPLAY,NEUTRAL,3,169,134,47,0,False,True,False
220.14451599121094,REPLAY,NEUTRAL,3,169,134,47,0,False,True,False
220.1926727294922,REPLAY,NEUTRAL,3,169,134,47,0,False,True,False
220.24484252929688,REPLAY,NEUTRAL,3,169,134,47,0,False,True,False
220.29299926757812,REPLAY,NEUTRAL,3,169,134,47,0,False,True,False
220.3451690673828,REPLAY,NEUTRAL,3,169,134,47,0,False,True,False
220.39332580566406,REPLAY,NEUTRAL,3,169,134,47,0,False,True,False
220.44549560546875,REPLAY,NEUTRAL,3,169,134,47,0,False,True,False
220.49365234375,REPLAY,NEUTRAL,3,169,134,47,0,False,True,False
220.5458221435547,REPLAY,CLICK,3,169,134,47,1,False,True,False
220.59397888183594,REPLAY,NEUTRAL,3,169,134,47,1,False,True,False
220.6421356201172,REPLAY,NEUTRAL,3,169,134,47,1,False,True,False
220.69430541992188,REPLAY,NEUTRAL,3,169,134,47,1,False,True,False
220.74246215820312,REPLAY,NEUTRAL,3,169,134,47,1,False,True,False
220.7946319580078,REPLAY,NEUTRAL,3,169,134,47,1,False,True,False
220.84278869628906,REPLAY,NEUTRAL,3,169,134,47,1,False,True,False
220.89495849609375,REPLAY,NEUTRAL,3,169,134,47,1,False,True,False
220.943115234375,REPLAY,NEUTRAL,3,169,134,47,1,False,True,False
220.9952850341797,REPLAY,NEUTRAL,3,169,134,47,1,False,True,False
221.04344177246094,REPLAY,NEUTRAL,3,169,134,47,1,False,True,False
221.09561157226562,REPLAY,NEUTRAL,3,169,134,47,1,False,True,False
221.14376831054688,REPLAY,NEUTRAL,3,169,134,47,1,False,True,False
221.19593811035156,REPLAY,CLICK,3,171,135,47,0,False,True,False
221.2440948486328,REPLAY,NEUTRAL,3,171,135,47,0,False,True,False
221.29225158691406,REPLAY,NEUTRAL,3,171,135,47,0,False,True,False
221.34442138671875,REPLAY,NEUTRAL,3,171,135,47,0,False,True,False
221.392578125,REPLAY,NEUTRAL,3,171,135,47,0,False,True,False
221.4447479248047,REPLAY,NEUTRAL,3,171,135,47,0,False,True,False
221.49290466308594,REPLAY,NEUTRAL,3,171,135,47,0,False,True,False
221.54507446289062,REPLAY,NEUTRAL,3,171,135,47,0,False,True,False
221.59323120117188,REPLAY,NEUTRAL,3,171,135,47,0,False,True,False
221.64540100097656,REPLAY,NEUTRAL,3,171,135,47,0,False,True,False
221.6935577392578,REPLAY,CLICK,3,171,135,47,0,False,True,False
221.7457275390625,REPLAY,NEUTRAL,3,171,135,47,0,False,True,False
221.79388427734375,REPLAY,NEUTRAL,3,171,135,47,0,False,True,False
221.842041015625,REPLAY,NEUTRAL,3,171,135,47,1,False,True,False
221.8942108154297,REPLAY,NEUTRAL,3,171,135,47,1,False,True,False
221.94236755371094,REPLAY,NEUTRAL,3,171,135,47,1,False,True,False
221.99453735351562,REPLAY,NEUTRAL,3,171,135,47,1,False,True,False
222.04269409179688,REPLAY,NEUTRAL,3,171,135,47,1,False,True,False
222.09486389160156,REPLAY,NEUTRAL,3,171,135,47,1,False,True,False
222.1430206298828,REPLAY,NEUTRAL,3,171,135,47,1,False,True,False
222.1951904296875,REPLAY,NEUTRAL,3,171,135,47,1,False,True,False
222.24334716796875,REPLAY,CLICK,3,171,135,47,1,False,True,False
222.29551696777344,REPLAY,NEUTRAL,3,171,135,47,1,False,True,False
222.3436737060547,REPLAY,NEUTRAL,3,171,135,47,1,False,True,False
222.39584350585938,REPLAY,NEUTRAL,3,171,135,47,1,False,True,False
222.44400024414062,REPLAY,NEUTRAL,3,171,135,47,1,False,True,False
222.49215698242188,REPLAY,NEUTRAL,3,171,135,47,1,False,True,False
222.54432678222656,REPLAY,NEUTRAL,3,171,135,47,1,False,True,False
222.5924835205078,REPLAY,NEUTRAL,3,171,135,47,1,False,True,False
222.6446533203125,REPLAY,NEUTRAL,3,171,135,47,1,False,True,False
222.69281005859375,REPLAY,NEUTRAL,3,171,135,47,1,False,True,False
222.74497985839844,REPLAY,NEUTRAL,3,171,135,47,1,False,True,False
222.7931365966797,REPLAY,NEUTRAL,3,171,135,47,1,False,True,False
222.84530639648438,REPLAY,CLICK,3,171,135,47,1,False,True,False
222.89346313476562,REPLAY,NEUTRAL,3,171,135,47,1,False,True,False
222.9456329345703,REPLAY,NEUTRAL,3,171,135,47,1,False,True,False
222.99378967285156,REPLAY,NEUTRAL,3,171,135,47,2,False,True,False
223.04595947265625,REPLAY,NEUTRAL,3,171,135,47,2,False,True,False
223.0941162109375,REPLAY,NEUTRAL,3,171,135,47,2,False,True,False
223.14227294921875,REPLAY,NEUTRAL,3,171,135,47,2,False,True,False
223.19444274902344,REPLAY,NEUTRAL,3,171,135,47,2,False,True,False
223.2425994873047,REPLAY,NEUTRAL,3,171,135,47,2,False,True,False
223.29476928710938,REPLAY,NEUTRAL,3,171,135,47,2,False,True,False
223.34292602539062,REPLAY,NEUTRAL,3,171,135,47,2,False,True,False
223.3950958251953,REPLAY,NEUTRAL,3,171,135,47,2,False,True,False
223.44325256347656,REPLAY,NEUTRAL,3,171,135,47,2,False,True,False
223.49542236328125,REPLAY,NEUTRAL,3,171,135,47,2,False,True,False
223.5435791015625,REPLAY,CLICK,3,171,135,47,2,False,True,False
223.5957489013672,REPLAY,NEUTRAL,3,171,135,47,2,False,True,False
223.64390563964844,REPLAY,NEUTRAL,3,171,135,47,2,False,True,False
223.6920623779297,REPLAY,NEUTRAL,3,171,135,47,2,False,True,False
223.74423217773438,REPLAY,NEUTRAL,3,171,135,47,2,False,True,False
223.79238891601562,REPLAY,NEUTRAL,3,171,135,47,2,False,True,False
223.8445587158203,REPLAY,NEUTRAL,3,171,135,47,2,False,True,False
223.89271545410156,REPLAY,NEUTRAL,3,171,135,47,2,False,True,False
223.94488525390625,REPLAY,NEUTRAL,3,171,135,47,3,False,True,False
223.9930419921875,REPLAY,NEUTRAL,3,171,135,47,3,False,True,False
224.0452117919922,REPLAY,NEUTRAL,3,171,135,47,3,False,True,False
224.09336853027344,REPLAY,NEUTRAL,3,171,135,47,3,False,True,False
224.14553833007812,REPLAY,CLICK,3,171,135,47,3,False,True,False
224.19369506835938,REPLAY,NEUTRAL,3,171,135,47,3,False,True,False
224.24586486816406,REPLAY,NEUTRAL,3,171,135,47,3,False,True,False
224.2940216064453,REPLAY,NEUTRAL,3,171,135,47,3,False,True,False
224.34217834472656,REPLAY,NEUTRAL,3,171,135,47,3,False,True,False
224.39434814453125,REPLAY,NEUTRAL,3,171,135,47,3,False,True,False
224.4425048828125,REPLAY,NEUTRAL,3,171,135,47,3,False,True,False
224.4946746826172,REPLAY,NEUTRAL,3,171,135,47,3,False,True,False
224.54283142089844,REPLAY,NEUTRAL,3,171,135,47,3,False,True,False
224.59500122070312,REPLAY,NEUTRAL,3,171,135,47,3,False,True,False
224.64315795898438,REPLAY,NEUTRAL,3,171,135,47,3,False,True,False
224.69532775878906,REPLAY,NEUTRAL,3,171,135,47,3,False,True,False
224.7434844970703,REPLAY,CLICK,3,171,135,47,3,False,True,False
224.795654296875,REPLAY,NEUTRAL,3,171,135,47,3,False,True,False
224.84381103515625,REPLAY,NEUTRAL,3,171,135,47,3,False,True,False
224.89598083496094,REPLAY,NEUTRAL,3,171,135,47,3,False,True,False
224.9441375732422,REPLAY,NEUTRAL,3,171,135,47,4,False,True,False
224.99229431152344,REPLAY,NEUTRAL,3,171,135,47,4,False,True,False
225.04446411132812,REPLAY,NEUTRAL,3,171,135,47,4,False,True,False
225.09262084960938,REPLAY,NEUTRAL,3,171,135,47,4,False,True,False
225.14479064941406,REPLAY,NEUTRAL,3,171,135,48,3,False,True,False
225.1929473876953,REPLAY,NEUTRAL,3,171,135,48,3,False,True,False
225.2451171875,REPLAY,NEUTRAL,3,171,135,48,3,False,True,False
225.29327392578125,REPLAY,NEUTRAL,3,171,135,48,3,False,True,False
225.34544372558594,REPLAY,NEUTRAL,3,171,135,48,3,False,True,False
225.3936004638672,REPLAY,NEUTRAL,3,171,135,48,3,False,True,False
225.44577026367188,REPLAY,NEUTRAL,3,171,135,48,3,False,True,False
225.49392700195312,REPLAY,NEUTRAL,3,171,135,48,3,False,True,False
225.54208374023438,REPLAY,NEUTRAL,3,171,135,48,3,False,True,False
225.59425354003906,REPLAY,NEUTRAL,3,171,135,48,3,False,True,False
225.6424102783203,REPLAY,NEUTRAL,3,171,135,48,3,False,True,False
225.694580078125,REPLAY,NEUTRAL,3,171,135,48,3,False,True,False
225.74273681640625,REPLAY,NEUTRAL,3,171,135,48,3,False,True,False
225.79490661621094,REPLAY,NEUTRAL,3,171,135,48,3,False,True,False
225.8430633544922,REPLAY,NEUTRAL,3,171,135,48,3,False,True,False
225.89523315429688,REPLAY,NEUTRAL,3,171,135,48,3,False,True,False
225.94338989257812,REPLAY,NEUTRAL,3,171,135,48,3,False,True,False
225.9955596923828,REPLAY,NEUTRAL,3,171,135,48,3,False,True,False
226.04371643066406,REPLAY,NEUTRAL,3,171,135,48,4,False,True,False
226.09588623046875,REPLAY,NEUTRAL,3,171,135,48,4,False,True,False
226.14404296875,REPLAY,NEUTRAL,3,171,135,48,4,False,True,False
226.19219970703125,REPLAY,NEUTRAL,3,171,135,48,4,False,True,False
226.24436950683594,REPLAY,NEUTRAL,3,171,135,48,4,False,True,False
226.2925262451172,REPLAY,NEUTRAL,3,171,135,48,4,False,True,False
226.34469604492188,REPLAY,NEUTRAL,3,171,135,48,4,False,True,False
226.39285278320312,REPLAY,NEUTRAL,3,171,135,49,3,False,True,False
226.4450225830078,REPLAY,NEUTRAL,3,171,135,49,3,False,True,False
226.49317932128906,REPLAY,NEUTRAL,3,171,135,49,3,False,True,False
226.54534912109375,REPLAY,NEUTRAL,3,171,135,49,3,False,True,False
226.593505859375,REPLAY,NEUTRAL,3,171,135,49,3,False,True,False
226.6456756591797,REPLAY,NEUTRAL,3,171,135,49,3,False,True,False
226.69383239746094,REPLAY,NEUTRAL,3,171,135,49,3,False,True,False
226.7419891357422,REPLAY,NEUTRAL,3,171,135,49,3,False,True,False
226.79415893554688,REPLAY,NEUTRAL,3,171,135,49,3,False,True,False
226.84231567382812,REPLAY,NEUTRAL,3,171,135,49,3,False,True,False
226.8944854736328,REPLAY,NEUTRAL,3,171,135,49,3,False,True,False
226.94264221191406,REPLAY,NEUTRAL,3,171,135,50,3,False,True,False
226.99481201171875,REPLAY,NEUTRAL,3,171,135,50,3,False,True,False
227.04296875,REPLAY,NEUTRAL,3,171,135,50,3,False,True,False
227.0951385498047,REPLAY,NEUTRAL,3,171,135,50,3,False,True,False
227.14329528808594,REPLAY,NEUTRAL,3,171,135,50,3,False,True,False
227.19546508789062,REPLAY,NEUTRAL,3,171,135,50,3,False,True,False
227.24362182617188,REPLAY,NEUTRAL,3,171,135,50,3,False,True,False
227.29579162597656,REPLAY,NEUTRAL,3,171,135,50,3,False,True,False
227.3439483642578,REPLAY,NEUTRAL,3,171,135,50,3,False,True,False
227.39210510253906,REPLAY,NEUTRAL,3,171,135,50,3,False,True,False
227.44427490234375,REPLAY,NEUTRAL,3,171,135,50,3,False,True,False
227.492431640625,REPLAY,NEUTRAL,3,171,135,50,3,False,True,False
227.5446014404297,REPLAY,NEUTRAL,3,171,135,50,3,False,True,False
227.59275817871094,REPLAY,NEUTRAL,3,171,135,50,3,False,True,False
227.64492797851562,REPLAY,NEUTRAL,3,171,135,50,3,False,True,False
227.69308471679688,REPLAY,NEUTRAL,3,171,135,50,3,False,True,False
227.74525451660156,REPLAY,NEUTRAL,3,171,135,50,3,False,True,False
227.7934112548828,REPLAY,NEUTRAL,3,172,136,50,2,False,True,False
227.8455810546875,REPLAY,NEUTRAL,3,172,136,50,2,False,True,False
227.89373779296875,REPLAY,NEUTRAL,3,172,136,50,2,False,True,False
227.94590759277344,REPLAY,NEUTRAL,3,172,136,50,2,False,True,False
227.9940643310547,REPLAY,NEUTRAL,3,172,136,50,3,False,True,False
228.04222106933594,REPLAY,NEUTRAL,3,172,136,50,3,False,True,False
228.09439086914062,REPLAY,NEUTRAL,3,172,136,50,3,False,True,False
228.14254760742188,REPLAY,NEUTRAL,3,172,136,50,3,False,True,False
228.19471740722656,REPLAY,NEUTRAL,3,172,136,50,3,False,True,False
228.2428741455078,REPLAY,NEUTRAL,3,172,136,50,3,False,True,False
228.2950439453125,REPLAY,NEUTRAL,3,172,136,50,3,False,True,False
228.34320068359375,REPLAY,NEUTRAL,3,172,136,50,3,False,True,False
228.39537048339844,REPLAY,NEUTRAL,3,172,136,50,3,False,True,False
228.4435272216797,REPLAY,NEUTRAL,3,172,136,50,3,False,True,False
228.49569702148438,REPLAY,NEUTRAL,3,172,136,50,3,False,True,False
228.54385375976562,REPLAY,NEUTRAL,3,172,136,50,3,False,True,False
228.59201049804688,REPLAY,NEUTRAL,3,172,136,50,3,False,True,False
228.64418029785156,REPLAY,NEUTRAL,3,172,136,50,3,False,True,False
228.6923370361328,REPLAY,NEUTRAL,3,172,136,50,3,False,True,False
228.7445068359375,REPLAY,NEUTRAL,3,173,137,50,2,False,True,False
228.79266357421875,REPLAY,NEUTRAL,3,173,137,50,2,False,True,False
228.84483337402344,REPLAY,NEUTRAL,3,173,137,50,2,False,True,False
228.8929901123047,REPLAY,NEUTRAL,3,173,137,50,2,False,True,False
228.94515991210938,REPLAY,NEUTRAL,3,173,137,50,2,False,True,False
228.99331665039062,REPLAY,NEUTRAL,3,173,137,50,2,False,True,False
229.0454864501953,REPLAY,NEUTRAL,3,173,137,50,2,False,True,False
229.09364318847656,REPLAY,NEUTRAL,3,173,137,50,2,False,True,False
229.14581298828125,REPLAY,NEUTRAL,3,173,137,50,2,False,True,False
229.1939697265625,REPLAY,NEUTRAL,3,173,137,50,2,False,True,False
229.24212646484375,REPLAY,NEUTRAL,3,173,137,50,3,False,True,False
229.29429626464844,REPLAY,NEUTRAL,3,173,137,50,3,False,True,False
229.3424530029297,REPLAY,NEUTRAL,3,173,137,50,3,False,True,False
229.39462280273438,REPLAY,NEUTRAL,3,173,137,50,3,False,True,False
229.44277954101562,REPLAY,NEUTRAL,3,173,137,50,3,False,True,False
229.4949493408203,REPLAY,NEUTRAL,3,173,137,50,3,False,True,False
229.54310607910156,REPLAY,NEUTRAL,3,173,137,50,3,False,True,False
229.59527587890625,REPLAY,NEUTRAL,3,173,137,50,3,False,True,False
229.6434326171875,REPLAY,NEUTRAL,3,173,137,50,3,False,True,False
229.6956024169922,REPLAY,NEUTRAL,3,174,138,50,2,False,True,False
229.74375915527344,REPLAY,NEUTRAL,3,174,138,50,2,False,True,False
229.79592895507812,REPLAY,NEUTRAL,3,174,138,50,2,False,True,False
229.84408569335938,REPLAY,NEUTRAL,3,174,138,50,2,False,True,False
229.89224243164062,REPLAY,NEUTRAL,3,174,138,50,2,False,True,False
229.9444122314453,REPLAY,NEUTRAL,3,174,138,50,2,False,True,False
229.99256896972656,REPLAY,NEUTRAL,3,174,138,50,2,False,True,False
230.04473876953125,REPLAY,NEUTRAL,3,174,138,50,2,False,True,False
230.0928955078125,REPLAY,NEUTRAL,3,174,138,50,2,False,True,False
230.1450653076172,REPLAY,NEUTRAL,3,174,138,50,2,False,True,False
230.19322204589844,REPLAY,NEUTRAL,3,174,138,50,3,False,True,False
230.24539184570312,REPLAY,NEUTRAL,3,174,138,50,3,False,True,False
230.29354858398438,REPLAY,NEUTRAL,3,174,138,50,3,False,True,False
230.34571838378906,REPLAY,NEUTRAL,3,174,138,50,3,False,True,False
230.3938751220703,REPLAY,NEUTRAL,3,174,138,50,3,False,True,False
230.44203186035156,REPLAY,NEUTRAL,3,174,138,50,3,False,True,False
230.49420166015625,REPLAY,NEUTRAL,3,174,138,50,3,False,True,False
230.5423583984375,REPLAY,NEUTRAL,3,174,138,50,3,False,True,False
230.5945281982422,REPLAY,NEUTRAL,3,174,138,50,3,False,True,False
230.64268493652344,REPLAY,NEUTRAL,3,174,138,50,3,False,True,False
230.69485473632812,REPLAY,NEUTRAL,3,174,138,50,3,False,True,False
230.74301147460938,REPLAY,NEUTRAL,3,174,138,50,3,False,True,False
230.79518127441406,REPLAY,NEUTRAL,3,174,138,50,3,False,True,False
230.8433380126953,REPLAY,NEUTRAL,3,174,138,50,3,False,True,False
230.8955078125,REPLAY,NEUTRAL,3,174,138,50,3,False,True,False
230.94366455078125,REPLAY,NEUTRAL,3,174,138,50,3,False,True,False
230.99583435058594,REPLAY,NEUTRAL,3,174,138,51,2,False,True,False
231.0439910888672,REPLAY,NEUTRAL,3,174,138,51,2,False,True,False
231.09214782714844,REPLAY,NEUTRAL,3,174,138,51,2,False,True,False
231.14431762695312,REPLAY,NEUTRAL,3,174,138,51,2,False,True,False
231.19247436523438,REPLAY,NEUTRAL,3,174,138,51,3,False,True,False
231.24464416503906,REPLAY,NEUTRAL,3,174,138,51,3,False,True,False
231.2928009033203,REPLAY,NEUTRAL,3,174,138,51,3,False,True,False
231.344970703125,REPLAY,NEUTRAL,3,174,138,51,3,False,True,False
231.39312744140625,REPLAY,NEUTRAL,3,174,138,51,3,False,True,False
231.44529724121094,REPLAY,NEUTRAL,3,174,138,51,3,False,True,False
231.4934539794922,REPLAY,NEUTRAL,3,174,138,51,3,False,True,False
231.54562377929688,REPLAY,NEUTRAL,3,174,138,51,3,False,True,False
231.59378051757812,REPLAY,NEUTRAL,3,174,138,51,3,False,True,False
231.6459503173828,REPLAY,NEUTRAL,3,174,138,51,3,False,True,False
231.69410705566406,REPLAY,NEUTRAL,3,174,138,51,3,False,True,False
231.7422637939453,REPLAY,NEUTRAL,3,174,138,51,3,False,True,False
231.79443359375,REPLAY,NEUTRAL,3,174,138,51,3,False,True,False
231.84259033203125,REPLAY,NEUTRAL,3,174,138,51,3,False,True,False
231.89476013183594,REPLAY,NEUTRAL,3,174,138,51,3,False,True,False
231.9429168701172,REPLAY,NEUTRAL,3,174,138,51,3,False,True,False
231.99508666992188,REPLAY,NEUTRAL,3,174,138,51,3,False,True,False
232.04324340820312,REPLAY,NEUTRAL,3,174,138,51,3,False,True,False
232.0954132080078,REPLAY,NEUTRAL,3,174,138,51,3,False,True,False
232.14356994628906,REPLAY,NEUTRAL,3,174,138,51,3,False,True,False
232.19573974609375,REPLAY,NEUTRAL,3,174,138,51,3,False,True,False
232.243896484375,REPLAY,NEUTRAL,3,174,138,51,3,False,True,False
232.29205322265625,REPLAY,NEUTRAL,3,174,138,51,3,False,True,False
232.34422302246094,REPLAY,NEUTRAL,3,174,138,51,4,False,True,False
232.3923797607422,REPLAY,NEUTRAL,3,175,139,51,3,False,True,False
232.44454956054688,REPLAY,NEUTRAL,3,175,139,51,3,False,True,False
232.49270629882812,REPLAY,NEUTRAL,3,175,139,51,3,False,True,False
232.5448760986328,REPLAY,NEUTRAL,3,175,139,51,3,False,True,False
232.59303283691406,REPLAY,NEUTRAL,3,175,139,51,3,False,True,False
232.64520263671875,REPLAY,NEUTRAL,3,175,139,51,3,False,True,False
232.693359375,REPLAY,NEUTRAL,3,175,139,51,3,False,True,False
232.7455291748047,REPLAY,NEUTRAL,3,175,139,51,3,False,True,False
232.79368591308594,REPLAY,NEUTRAL,3,175,139,51,3,False,True,False
232.84585571289062,REPLAY,NEUTRAL,3,175,139,51,3,False,True,False
232.89401245117188,REPLAY,NEUTRAL,3,175,139,51,3,False,True,False
232.94216918945312,REPLAY,NEUTRAL,3,175,139,51,3,False,True,False
232.9943389892578,REPLAY,NEUTRAL,3,175,139,51,3,False,True,False
233.04249572753906,REPLAY,NEUTRAL,3,175,139,51,3,False,True,False
233.09466552734375,REPLAY,NEUTRAL,3,176,140,51,2,False,True,False
233.142822265625,REPLAY,NEUTRAL,3,176,140,51,2,False,True,False
233.1949920654297,REPLAY,NEUTRAL,3,176,140,51,2,False,True,False
233.24314880371094,REPLAY,NEUTRAL,3,176,140,51,2,False,True,False
233.29531860351562,REPLAY,NEUTRAL,3,176,140,51,2,False,True,False
233.34347534179688,REPLAY,NEUTRAL,3,176,140,51,2,False,True,False
233.39564514160156,REPLAY,NEUTRAL,3,176,140,51,2,False,True,False
233.4438018798828,REPLAY,NEUTRAL,3,176,140,51,3,False,True,False
233.4959716796875,REPLAY,NEUTRAL,3,176,140,51,3,False,True,False
233.54412841796875,REPLAY,NEUTRAL,3,176,140,51,3,False,True,False
233.59228515625,REPLAY,NEUTRAL,3,176,140,51,3,False,True,False
233.6444549560547,REPLAY,NEUTRAL,3,176,140,51,3,False,True,False
233.69261169433594,REPLAY,NEUTRAL,3,176,140,51,3,False,True,False
233.74478149414062,REPLAY,NEUTRAL,3,176,140,51,3,False,True,False
233.79293823242188,REPLAY,NEUTRAL,3,176,140,51,3,False,True,False
233.84510803222656,REPLAY,NEUTRAL,3,176,140,51,3,False,True,False
233.8932647705078,REPLAY,NEUTRAL,3,176,140,51,3,False,True,False
233.9454345703125,REPLAY,NEUTRAL,3,176,140,51,3,False,True,False
233.99359130859375,REPLAY,NEUTRAL,3,177,141,51,2,False,True,False
234.04576110839844,REPLAY,NEUTRAL,3,177,141,51,2,False,True,False
234.0939178466797,REPLAY,NEUTRAL,3,177,141,51,2,False,True,False
234.14207458496094,REPLAY,NEUTRAL,3,177,141,51,2,False,True,False
234.19424438476562,REPLAY,NEUTRAL,3,177,141,51,2,False,True,False
234.24240112304688,REPLAY,NEUTRAL,3,177,141,51,2,False,True,False
234.29457092285156,REPLAY,NEUTRAL,3,177,141,51,2,False,True,False
234.3427276611328,REPLAY,NEUTRAL,3,177,141,51,2,False,True,False
234.3948974609375,REPLAY,NEUTRAL,3,177,141,51,2,False,True,False
234.44305419921875,REPLAY,NEUTRAL,3,177,141,51,2,False,True,False
234.49522399902344,REPLAY,NEUTRAL,3,177,141,51,2,False,True,False
234.5433807373047,REPLAY,NEUTRAL,3,177,141,51,3,False,True,False
234.59555053710938,REPLAY,NEUTRAL,3,177,141,51,3,False,True,False
234.64370727539062,REPLAY,NEUTRAL,3,177,141,51,3,False,True,False
234.6958770751953,REPLAY,NEUTRAL,3,177,141,51,3,False,True,False
234.74403381347656,REPLAY,NEUTRAL,3,177,141,51,3,False,True,False
234.7921905517578,REPLAY,NEUTRAL,3,177,141,51,3,False,True,False
234.8443603515625,REPLAY,NEUTRAL,3,177,141,51,3,False,True,False
234.89251708984375,REPLAY,NEUTRAL,3,177,141,51,3,False,True,False
234.94468688964844,REPLAY,NEUTRAL,3,177,141,51,3,False,True,False
234.9928436279297,REPLAY,NEUTRAL,3,177,141,51,3,False,True,False
235.04501342773438,REPLAY,NEUTRAL,3,177,141,51,3,False,True,False
235.09317016601562,REPLAY,NEUTRAL,3,177,141,51,3,False,True,False
235.1453399658203,REPLAY,NEUTRAL,3,177,141,51,3,False,True,False
235.19349670410156,REPLAY,NEUTRAL,3,177,141,51,3,False,True,False
235.24566650390625,REPLAY,NEUTRAL,3,177,141,51,3,False,True,False
235.2938232421875,REPLAY,NEUTRAL,3,177,141,51,3,False,True,False
235.34197998046875,REPLAY,NEUTRAL,3,177,141,51,3,False,True,False
235.39414978027344,REPLAY,NEUTRAL,3,177,141,51,3,False,True,False
235.4423065185547,REPLAY,NEUTRAL,3,178,142,51,2,False,True,False
235.49447631835938,REPLAY,NEUTRAL,3,178,142,51,2,False,True,False
235.54263305664062,REPLAY,NEUTRAL,3,178,142,51,2,False,True,False
235.5948028564453,REPLAY,NEUTRAL,3,178,142,51,2,False,True,False
235.64295959472656,REPLAY,NEUTRAL,3,178,142,51,2,False,True,False
235.69512939453125,REPLAY,NEUTRAL,3,178,142,51,2,False,True,False
235.7432861328125,REPLAY,NEUTRAL,3,178,142,51,2,False,True,False
235.7954559326172,REPLAY,NEUTRAL,3,178,142,51,2,False,True,False
235.84361267089844,REPLAY,NEUTRAL,3,178,142,51,2,False,True,False
235.89578247070312,REPLAY,NEUTRAL,3,178,142,51,2,False,True,False
235.94393920898438,REPLAY,NEUTRAL,3,178,142,51,2,False,True,False
235.99209594726562,REPLAY,NEUTRAL,3,178,142,51,2,False,True,False
236.0442657470703,REPLAY,NEUTRAL,3,178,142,51,2,False,True,False
236.09242248535156,REPLAY,NEUTRAL,3,178,142,51,2,False,True,False
236.14459228515625,REPLAY,NEUTRAL,3,178,142,51,2,False,True,False
236.1927490234375,REPLAY,NEUTRAL,3,178,142,51,3,False,True,False
236.2449188232422,REPLAY,NEUTRAL,3,178,142,51,3,False,True,False
236.29307556152344,REPLAY,NEUTRAL,3,179,143,51,2,False,True,False
236.34524536132812,REPLAY,NEUTRAL,3,179,143,51,2,False,True,False
236.39340209960938,REPLAY,NEUTRAL,3,179,143,51,2,False,True,False
236.44557189941406,REPLAY,NEUTRAL,3,179,143,51,2,False,True,False
236.4937286376953,REPLAY,NEUTRAL,3,179,143,51,2,False,True,False
236.5458984375,REPLAY,NEUTRAL,3,179,143,51,2,False,True,False
236.59405517578125,REPLAY,NEUTRAL,3,179,143,51,2,False,True,False
236.6422119140625,REPLAY,NEUTRAL,3,179,143,51,2,False,True,False
236.6943817138672,REPLAY,NEUTRAL,3,179,143,51,2,False,True,False
236.74253845214844,REPLAY,NEUTRAL,3,179,143,51,2,False,True,False
236.79470825195312,REPLAY,NEUTRAL,3,179,143,51,2,False,True,False
236.84286499023438,REPLAY,NEUTRAL,3,179,143,51,2,False,True,False
236.89503479003906,REPLAY,NEUTRAL,3,179,143,51,2,False,True,False
236.9431915283203,REPLAY,NEUTRAL,3,179,143,51,2,False,True,False
236.995361328125,REPLAY,NEUTRAL,3,179,143,51,2,False,True,False
237.04351806640625,REPLAY,NEUTRAL,3,179,143,51,2,False,True,False
237.09568786621094,REPLAY,NEUTRAL,3,179,143,51,2,False,True,False
237.1438446044922,REPLAY,NEUTRAL,3,179,143,51,2,False,True,False
237.19200134277344,REPLAY,NEUTRAL,3,179,143,51,2,False,True,False
237.24417114257812,REPLAY,NEUTRAL,3,179,143,51,2,False,True,False
237.29232788085938,REPLAY,NEUTRAL,3,179,143,51,2,False,True,False
237.34449768066406,REPLAY,NEUTRAL,3,179,143,51,3,False,True,False
237.3926544189453,REPLAY,NEUTRAL,3,179,143,51,3,False,True,False
237.44482421875,REPLAY,NEUTRAL,3,179,143,51,3,False,True,False
237.49298095703125,REPLAY,NEUTRAL,3,179,143,51,3,False,True,False
237.54515075683594,REPLAY,NEUTRAL,3,179,143,51,3,False,True,False
237.5933074951172,REPLAY,NEUTRAL,3,180,144,51,2,False,True,False
237.64547729492188,REPLAY,NEUTRAL,3,180,144,51,2,False,True,False
237.69363403320312,REPLAY,NEUTRAL,3,180,144,51,2,False,True,False
237.7458038330078,REPLAY,NEUTRAL,3,180,144,51,2,False,True,False
237.79396057128906,REPLAY,NEUTRAL,3,180,144,51,2,False,True,False
237.8421173095703,REPLAY,NEUTRAL,3,180,144,51,2,False,True,False
237.894287109375,REPLAY,NEUTRAL,3,180,144,51,2,False,True,False
237.94244384765625,REPLAY,NEUTRAL,3,180,144,51,2,False,True,False
237.99461364746094,REPLAY,NEUTRAL,3,180,144,51,2,False,True,False
238.0427703857422,REPLAY,NEUTRAL,3,180,144,51,2,False,True,False
238.09494018554688,REPLAY,NEUTRAL,3,180,144,51,2,False,True,False
238.14309692382812,REPLAY,NEUTRAL,3,180,144,51,2,False,True,False
238.1952667236328,REPLAY,NEUTRAL,3,180,144,51,2,False,True,False
238.24342346191406,REPLAY,NEUTRAL,3,180,144,51,2,False,True,False
238.29559326171875,REPLAY,NEUTRAL,3,180,144,51,2,False,True,False
238.34375,REPLAY,NEUTRAL,3,180,144,51,2,False,True,False
238.3959197998047,REPLAY,NEUTRAL,3,180,144,51,2,False,True,False
238.44407653808594,REPLAY,NEUTRAL,3,180,144,51,2,False,True,False
238.4922332763672,REPLAY,NEUTRAL,3,180,144,51,2,False,True,False
238.54440307617188,REPLAY,NEUTRAL,3,180,144,51,2,False,True,False
238.59255981445312,REPLAY,NEUTRAL,3,180,144,51,2,False,True,False
238.6447296142578,REPLAY,NEUTRAL,3,180,144,51,2,False,True,False
238.69288635253906,REPLAY,NEUTRAL,3,180,144,51,2,False,True,False
238.74505615234375,REPLAY,NEUTRAL,3,180,144,51,3,False,True,False
238.793212890625,REPLAY,NEUTRAL,3,180,144,51,3,False,True,False
238.8453826904297,REPLAY,NEUTRAL,3,180,144,51,3,False,True,False
238.89353942871094,REPLAY,NEUTRAL,3,180,144,51,3,False,True,False
238.94570922851562,REPLAY,NEUTRAL,3,180,144,51,3,False,True,False
238.99386596679688,REPLAY,NEUTRAL,3,180,144,51,3,False,True,False
239.04202270507812,REPLAY,NEUTRAL,3,180,144,51,3,False,True,False
239.0941925048828,REPLAY,NEUTRAL,3,180,144,51,3,False,True,False
239.14234924316406,REPLAY,NEUTRAL,3,180,144,51,3,False,True,False
239.19451904296875,REPLAY,NEUTRAL,3,180,144,51,3,False,True,False
239.24267578125,REPLAY,NEUTRAL,3,181,145,51,2,False,True,False
239.2948455810547,REPLAY,NEUTRAL,3,181,145,51,2,False,True,False
239.34300231933594,REPLAY,NEUTRAL,3,181,145,51,2,False,True,False
239.39517211914062,REPLAY,NEUTRAL,3,181,145,51,2,False,True,False
239.44332885742188,REPLAY,NEUTRAL,3,181,145,51,2,False,True,False
239.49549865722656,REPLAY,NEUTRAL,3,181,145,51,2,False,True,False
239.5436553955078,REPLAY,NEUTRAL,3,181,145,51,2,False,True,False
239.5958251953125,REPLAY,NEUTRAL,3,181,145,51,2,False,True,False
239.64398193359375,REPLAY,NEUTRAL,3,181,145,51,2,False,True,False
239.692138671875,REPLAY,NEUTRAL,3,181,145,51,2,False,True,False
239.7443084716797,REPLAY,NEUTRAL,3,181,145,51,2,False,True,False
239.79246520996094,REPLAY,NEUTRAL,3,181,145,51,2,False,True,False
239.84463500976562,REPLAY,NEUTRAL,3,181,145,51,2,False,True,False
239.89279174804688,REPLAY,NEUTRAL,3,181,145,51,2,False,True,False
239.94496154785156,REPLAY,NEUTRAL,3,181,145,51,2,False,True,False
239.9931182861328,REPLAY,NEUTRAL,3,181,145,51,2,False,True,False
240.0452880859375,REPLAY,NEUTRAL,3,181,145,51,2,False,True,False
240.09344482421875,REPLAY,NEUTRAL,3,181,145,51,2,False,True,False
240.14561462402344,REPLAY,NEUTRAL,3,181,145,51,2,False,True,False
240.1937713623047,REPLAY,NEUTRAL,3,181,145,51,2,False,True,False
240.24594116210938,REPLAY,NEUTRAL,3,181,145,51,2,False,True,False
240.29409790039062,REPLAY,NEUTRAL,3,181,145,51,2,False,True,False
240.34225463867188,REPLAY,NEUTRAL,3,181,145,51,3,False,True,False
240.39442443847656,REPLAY,NEUTRAL,3,181,145,51,3,False,True,False
240.4425811767578,REPLAY,NEUTRAL,3,181,145,51,3,False,True,False
240.4947509765625,REPLAY,NEUTRAL,3,182,146,51,2,False,True,False
240.54290771484375,REPLAY,NEUTRAL,3,182,146,51,2,False,True,False
240.59507751464844,REPLAY,NEUTRAL,3,182,146,51,2,False,True,False
240.6432342529297,REPLAY,NEUTRAL,3,182,146,51,2,False,True,False
240.69540405273438,REPLAY,NEUTRAL,3,182,146,51,2,False,True,False
240.74356079101562,REPLAY,NEUTRAL,3,182,146,51,2,False,True,False
240.7957305908203,REPLAY,NEUTRAL,3,182,146,51,2,False,True,False
240.84388732910156,REPLAY,NEUTRAL,3,182,146,51,2,False,True,False
240.8920440673828,REPLAY,NEUTRAL,3,182,146,51,2,False,True,False
240.9442138671875,REPLAY,NEUTRAL,3,182,146,51,2,False,True,False
240.99237060546875,REPLAY,NEUTRAL,3,182,146,51,2,False,True,False
241.04454040527344,REPLAY,NEUTRAL,3,182,146,51,2,False,True,False
241.0926971435547,REPLAY,NEUTRAL,3,182,146,51,2,False,True,False
241.14486694335938,REPLAY,CLICK,3,184,147,51,1,False,True,False
241.19302368164062,REPLAY,NEUTRAL,3,184,147,51,1,False,True,False
241.2451934814453,REPLAY,NEUTRAL,3,184,147,51,1,False,True,False
241.29335021972656,REPLAY,NEUTRAL,3,184,147,51,1,False,True,False
241.34552001953125,REPLAY,NEUTRAL,3,184,147,51,1,False,True,False
241.3936767578125,REPLAY,NEUTRAL,3,184,147,51,1,False,True,False
241.4458465576172,REPLAY,NEUTRAL,3,184,147,51,1,False,True,False
241.49400329589844,REPLAY,NEUTRAL,3,184,147,51,1,False,True,False
241.5421600341797,REPLAY,NEUTRAL,3,184,147,51,1,False,True,False
241.59432983398438,REPLAY,NEUTRAL,3,184,147,51,1,False,True,False
241.64248657226562,REPLAY,CLICK + HOLD,3,185,148,51,0,True,True,False
241.6946563720703,REPLAY,CLICK + HOLD,3,185,148,51,0,True,True,False
241.74281311035156,REPLAY,CLICK + HOLD,3,185,148,51,1,True,True,False
241.79498291015625,REPLAY,CLICK + HOLD,3,185,148,51,1,True,True,False
241.8431396484375,REPLAY,CLICK + HOLD,3,185,148,51,1,True,True,False
241.8953094482422,REPLAY,CLICK + HOLD,3,185,148,51,1,True,True,False
241.94346618652344,REPLAY,CLICK + HOLD,3,185,148,51,1,True,True,False
241.99563598632812,REPLAY,CLICK + HOLD,3,185,148,51,1,True,True,False
242.04379272460938,REPLAY,CLICK + HOLD,3,185,148,51,1,True,True,False
242.09596252441406,REPLAY,CLICK + HOLD,3,185,148,51,1,True,True,False
242.1441192626953,REPLAY,CLICK + HOLD,3,185,148,51,1,True,True,False
242.19227600097656,REPLAY,CLICK + HOLD,3,185,148,51,1,True,True,False
242.24444580078125,REPLAY,CLICK + HOLD,3,185,148,51,1,True,True,False
242.2926025390625,REPLAY,CLICK + HOLD,3,185,148,51,1,True,True,False
242.3447723388672,REPLAY,CLICK + HOLD,3,185,148,51,1,True,True,False
242.39292907714844,REPLAY,CLICK + HOLD,3,185,148,51,1,True,True,False
242.44509887695312,REPLAY,CLICK + HOLD,3,185,148,51,1,True,True,False
242.49325561523438,REPLAY,CLICK + HOLD,3,185,148,51,1,True,True,False
242.54542541503906,REPLAY,CLICK + HOLD,3,185,148,51,1,True,True,False
242.5935821533203,REPLAY,CLICK + HOLD,3,185,148,51,1,True,True,False
242.645751953125,REPLAY,CLICK + HOLD,3,186,149,51,0,True,True,False
242.69390869140625,REPLAY,CLICK + HOLD,3,186,149,51,0,True,True,False
242.7420654296875,REPLAY,CLICK + HOLD,3,186,149,51,0,True,True,False
242.7942352294922,REPLAY,CLICK + HOLD,3,186,149,51,0,True,True,False
242.84239196777344,REPLAY,CLICK + HOLD,3,186,149,51,0,True,True,False
242.89456176757812,REPLAY,CLICK + HOLD,3,186,149,51,0,True,True,False
242.94271850585938,REPLAY,CLICK + HOLD,3,186,149,51,0,True,True,False
242.99488830566406,REPLAY,CLICK + HOLD,3,186,149,51,0,True,True,False
243.0430450439453,REPLAY,CLICK + HOLD,3,186,149,51,0,True,True,False
243.09521484375,REPLAY,CLICK + HOLD,3,186,149,51,0,True,True,False
243.14337158203125,REPLAY,CLICK + HOLD,3,186,149,51,0,True,True,False
243.19554138183594,REPLAY,CLICK + HOLD,3,186,149,51,1,True,True,False
243.2436981201172,REPLAY,CLICK + HOLD,3,186,149,51,1,True,True,False
243.29586791992188,REPLAY,CLICK + HOLD,3,186,149,51,1,True,True,False
243.34402465820312,REPLAY,CLICK + HOLD,3,186,149,51,1,True,True,False
243.39218139648438,REPLAY,CLICK + HOLD,3,186,149,51,1,True,True,False
243.44435119628906,REPLAY,CLICK + HOLD,3,186,149,51,1,True,True,False
243.4925079345703,REPLAY,CLICK + HOLD,3,186,149,51,1,True,True,False
243.544677734375,REPLAY,CLICK + HOLD,3,186,149,51,1,True,True,False
243.59283447265625,REPLAY,CLICK + HOLD,3,186,149,51,1,True,True,False
243.64500427246094,REPLAY,CLICK + HOLD,3,186,149,51,1,True,True,False
243.6931610107422,REPLAY,CLICK + HOLD,3,186,149,51,1,True,True,False
243.74533081054688,REPLAY,CLICK + HOLD,3,186,149,51,1,True,True,False
243.79348754882812,REPLAY,CLICK + HOLD,3,186,149,51,1,True,True,False
243.8456573486328,REPLAY,CLICK + HOLD,3,186,149,51,1,True,True,False
243.89381408691406,REPLAY,CLICK + HOLD,3,186,149,51,1,True,True,False
243.94598388671875,REPLAY,CLICK + HOLD,3,186,149,51,1,True,True,False
243.994140625,REPLAY,CLICK + HOLD,3,187,150,51,0,True,True,False
244.04229736328125,REPLAY,CLICK + HOLD,3,187,150,51,0,True,True,False
244.09446716308594,REPLAY,CLICK + HOLD,3,187,150,51,0,True,True,False
244.1426239013672,REPLAY,CLICK + HOLD,3,187,150,51,0,True,True,False
244.19479370117188,REPLAY,CLICK + HOLD,3,187,150,51,0,True,True,False
244.24295043945312,REPLAY,CLICK + HOLD,3,187,150,51,0,True,True,False
244.2951202392578,REPLAY,CLICK + HOLD,3,187,150,51,0,True,True,False
244.34327697753906,REPLAY,CLICK + HOLD,3,187,150,51,0,True,True,False
244.39544677734375,REPLAY,CLICK + HOLD,3,187,150,51,0,True,True,False
244.443603515625,REPLAY,CLICK + HOLD,3,187,150,51,0,True,True,False
244.4957733154297,REPLAY,CLICK + HOLD,3,187,150,51,0,True,True,False
244.54393005371094,REPLAY,CLICK + HOLD,3,187,150,51,0,True,True,False
244.5920867919922,REPLAY,CLICK + HOLD,3,187,150,51,0,True,True,False
244.64425659179688,REPLAY,CLICK + HOLD,3,187,150,51,0,True,True,False
244.69241333007812,REPLAY,CLICK + HOLD,3,187,150,51,1,True,True,False
244.7445831298828,REPLAY,CLICK + HOLD,3,187,150,51,1,True,True,False
244.79273986816406,REPLAY,CLICK + HOLD,3,187,150,51,1,True,True,False
244.84490966796875,REPLAY,CLICK + HOLD,3,187,150,51,1,True,True,False
244.89306640625,REPLAY,CLICK + HOLD,3,187,150,51,1,True,True,False
244.9452362060547,REPLAY,CLICK + HOLD,3,187,150,51,1,True,True,False
244.99339294433594,REPLAY,CLICK + HOLD,3,187,150,51,1,True,True,False
245.04556274414062,REPLAY,CLICK + HOLD,3,187,150,51,1,True,True,False
245.09371948242188,REPLAY,CLICK + HOLD,3,187,150,51,1,True,True,False
245.14588928222656,REPLAY,CLICK + HOLD,3,187,150,51,1,True,True,False
245.1940460205078,REPLAY,CLICK + HOLD,3,187,150,51,1,True,True,False
245.24220275878906,REPLAY,CLICK + HOLD,3,187,150,51,1,True,True,False
245.29437255859375,REPLAY,CLICK + HOLD,3,187,150,51,1,True,True,False
245.342529296875,REPLAY,CLICK + HOLD,3,187,150,51,1,True,True,False
245.3946990966797,REPLAY,CLICK + HOLD,3,187,150,51,1,True,True,False
245.44285583496094,REPLAY,CLICK + HOLD,3,187,150,51,1,True,True,False
245.49502563476562,REPLAY,CLICK + HOLD,3,187,150,51,1,True,True,False
245.54318237304688,REPLAY,CLICK + HOLD,3,187,150,51,1,True,True,False
245.59535217285156,REPLAY,CLICK + HOLD,3,187,150,51,1,True,True,False
245.6435089111328,REPLAY,CLICK + HOLD,3,188,151,51,0,True,True,False
245.6956787109375,REPLAY,CLICK + HOLD,3,188,151,51,1,True,True,False
245.74383544921875,REPLAY,CLICK + HOLD,3,188,151,51,1,True,True,False
245.7919921875,REPLAY,CLICK + HOLD,3,188,151,51,1,True,True,False
245.8441619873047,REPLAY,CLICK + HOLD,3,188,151,51,1,True,True,False
245.89231872558594,REPLAY,CLICK + HOLD,3,188,151,51,1,True,True,False
245.94448852539062,REPLAY,CLICK + HOLD,3,188,151,51,1,True,True,False
245.99264526367188,REPLAY,CLICK + HOLD,3,188,151,51,1,True,True,False
246.04481506347656,REPLAY,CLICK + HOLD,3,188,151,51,1,True,True,False
246.0929718017578,REPLAY,CLICK + HOLD,3,188,151,51,1,True,True,False
246.1451416015625,REPLAY,CLICK + HOLD,3,188,151,51,1,True,True,False
246.19329833984375,REPLAY,CLICK + HOLD,3,188,151,51,1,True,True,False
246.24546813964844,REPLAY,CLICK + HOLD,3,188,151,51,1,True,True,False
246.2936248779297,REPLAY,CLICK + HOLD,3,188,151,51,1,True,True,False
246.34579467773438,REPLAY,CLICK + HOLD,3,188,151,51,1,True,True,False
246.39395141601562,REPLAY,CLICK + HOLD,3,188,151,51,1,True,True,False
246.44210815429688,REPLAY,CLICK + HOLD,3,188,151,51,1,True,True,False
246.49427795410156,REPLAY,CLICK + HOLD,3,188,151,51,1,True,True,False
246.5424346923828,REPLAY,CLICK + HOLD,3,188,151,51,1,True,True,False
246.5946044921875,REPLAY,CLICK + HOLD,3,188,151,51,1,True,True,False
246.64276123046875,REPLAY,CLICK + HOLD,3,188,151,51,1,True,True,False
246.69493103027344,REPLAY,CLICK + HOLD,3,188,151,51,1,True,True,False
246.7430877685547,REPLAY,CLICK + HOLD,3,188,151,51,1,True,True,False
246.79525756835938,REPLAY,CLICK + HOLD,3,188,151,51,1,True,True,False
246.84341430664062,REPLAY,CLICK + HOLD,3,188,151,51,1,True,True,False
246.8955841064453,REPLAY,CLICK + HOLD,3,188,151,51,1,True,True,False
246.94374084472656,REPLAY,CLICK + HOLD,3,188,151,51,1,True,True,False
246.99591064453125,REPLAY,CLICK + HOLD,3,188,151,51,1,True,True,False
247.0440673828125,REPLAY,CLICK + HOLD,3,188,151,51,1,True,True,False
247.09222412109375,REPLAY,CLICK + HOLD,3,188,151,51,1,True,True,False
247.14439392089844,REPLAY,CLICK + HOLD,3,188,151,51,1,True,True,False
247.1925506591797,REPLAY,CLICK + HOLD,3,188,151,51,1,True,True,False
247.24472045898438,REPLAY,CLICK + HOLD,3,188,151,51,1,True,True,False
247.29287719726562,REPLAY,CLICK + HOLD,3,188,151,51,1,True,True,False
247.3450469970703,REPLAY,CLICK + HOLD,3,188,151,51,2,True,True,False
247.39320373535156,REPLAY,CLICK + HOLD,3,188,151,51,2,True,True,False
247.44537353515625,REPLAY,CLICK + HOLD,3,188,151,51,2,True,True,False
247.4935302734375,REPLAY,CLICK + HOLD,3,188,151,51,2,True,True,False
247.5457000732422,REPLAY,CLICK + HOLD,3,188,151,51,2,True,True,False
247.59385681152344,REPLAY,CLICK + HOLD,3,188,151,51,2,True,True,False
247.6420135498047,REPLAY,CLICK + HOLD,3,188,151,51,2,True,True,False
247.69418334960938,REPLAY,CLICK + HOLD,3,188,151,51,2,True,True,False
247.74234008789062,REPLAY,CLICK + HOLD,3,188,151,51,2,True,True,False
247.7945098876953,REPLAY,CLICK + HOLD,3,188,151,51,2,True,True,False
247.84266662597656,REPLAY,CLICK + HOLD,3,188,151,51,2,True,True,False
247.89483642578125,REPLAY,CLICK + HOLD,3,188,151,51,2,True,True,False
247.9429931640625,REPLAY,CLICK + HOLD,3,188,151,51,2,True,True,False
247.9951629638672,REPLAY,CLICK + HOLD,3,188,151,51,2,True,True,False
248.04331970214844,REPLAY,CLICK + HOLD,3,188,151,51,2,True,True,False
248.09548950195312,REPLAY,CLICK + HOLD,3,188,151,51,2,True,True,False
248.14364624023438,REPLAY,CLICK + HOLD,3,188,151,51,2,True,True,False
248.19581604003906,REPLAY,CLICK + HOLD,3,189,152,51,2,True,True,False
248.2439727783203,REPLAY,CLICK + HOLD,3,189,152,51,2,True,True,False
248.29212951660156,REPLAY,CLICK + HOLD,3,189,152,51,2,True,True,False
248.34429931640625,REPLAY,CLICK + HOLD,3,189,152,51,2,True,True,False
248.3924560546875,REPLAY,CLICK + HOLD,3,189,152,51,2,True,True,False
248.4446258544922,REPLAY,CLICK + HOLD,3,189,152,51,2,True,True,False
248.49278259277344,REPLAY,CLICK + HOLD,3,189,152,51,2,True,True,False
248.54495239257812,REPLAY,CLICK + HOLD,3,189,152,51,2,True,True,False
248.59310913085938,REPLAY,CLICK + HOLD,3,189,152,51,2,True,True,False
248.64527893066406,REPLAY,CLICK + HOLD,3,189,152,51,2,True,True,False
248.6934356689453,REPLAY,CLICK + HOLD,3,189,152,51,2,True,True,False
248.74560546875,REPLAY,CLICK + HOLD,3,189,152,51,2,True,True,False
248.79376220703125,REPLAY,CLICK + HOLD,3,189,152,51,2,True,True,False
248.84593200683594,REPLAY,CLICK + HOLD,3,189,152,51,2,True,True,False
248.8940887451172,REPLAY,CLICK + HOLD,3,189,152,51,2,True,True,False
248.94224548339844,REPLAY,CLICK + HOLD,3,189,152,51,3,True,True,False
248.99441528320312,REPLAY,CLICK + HOLD,3,189,152,51,3,True,True,False
249.04257202148438,REPLAY,CLICK + HOLD,3,189,152,51,3,True,True,False
249.09474182128906,REPLAY,CLICK + HOLD,3,189,152,51,3,True,True,False
249.1428985595703,REPLAY,CLICK + HOLD,3,189,152,52,2,True,True,False
249.195068359375,REPLAY,CLICK + HOLD,3,190,153,52,1,True,True,False
249.24322509765625,REPLAY,CLICK + HOLD,3,190,153,52,1,True,True,False
249.29539489746094,REPLAY,CLICK + HOLD,3,190,153,52,1,True,True,False
249.3435516357422,REPLAY,CLICK + HOLD,3,190,153,52,1,True,True,False
249.39572143554688,REPLAY,CLICK + HOLD,3,190,153,52,1,True,True,False
249.44387817382812,REPLAY,CLICK + HOLD,3,190,153,52,1,True,True,False
249.49203491210938,REPLAY,CLICK + HOLD,3,190,153,52,1,True,True,False
249.54420471191406,REPLAY,CLICK + HOLD,3,190,153,52,1,True,True,False
249.5923614501953,REPLAY,CLICK + HOLD,3,190,153,52,1,True,True,False
249.64453125,REPLAY,CLICK + HOLD,3,190,153,52,1,True,True,False
249.69268798828125,REPLAY,CLICK + HOLD,3,190,153,52,1,True,True,False
249.74485778808594,REPLAY,CLICK + HOLD,3,190,153,52,1,True,True,False
249.7930145263672,REPLAY,CLICK + HOLD,3,190,153,52,1,True,True,False
249.84518432617188,REPLAY,CLICK + HOLD,3,191,154,52,0,True,True,False
249.89334106445312,REPLAY,CLICK + HOLD,3,191,154,52,0,True,True,False
249.9455108642578,REPLAY,CLICK + HOLD,3,191,154,52,0,True,True,False
249.99366760253906,REPLAY,NEUTRAL,3,191,154,52,0,False,True,False
250.04583740234375,REPLAY,NEUTRAL,3,191,154,52,1,False,True,False
250.093994140625,REPLAY,NEUTRAL,3,191,154,52,1,False,True,False
250.14215087890625,REPLAY,NEUTRAL,3,191,154,52,1,False,True,False
250.19432067871094,REPLAY,NEUTRAL,3,191,154,52,1,False,True,False
250.2424774169922,REPLAY,NEUTRAL,3,191,154,52,1,False,True,False
250.29464721679688,REPLAY,NEUTRAL,3,191,154,52,1,False,True,False
250.34280395507812,REPLAY,NEUTRAL,3,191,154,52,1,False,True,False
250.3949737548828,REPLAY,NEUTRAL,3,191,154,52,1,False,True,False
250.44313049316406,REPLAY,NEUTRAL,3,191,154,52,1,False,True,False
250.49530029296875,REPLAY,NEUTRAL,3,191,154,52,1,False,True,False
250.54345703125,REPLAY,NEUTRAL,3,191,154,52,1,False,True,False
250.5956268310547,REPLAY,NEUTRAL,3,191,154,52,1,False,True,False
250.64378356933594,REPLAY,NEUTRAL,3,191,154,52,1,False,True,False
250.69595336914062,REPLAY,NEUTRAL,3,191,154,52,1,False,True,False
250.74411010742188,REPLAY,NEUTRAL,3,191,154,52,1,False,True,False
250.79226684570312,REPLAY,NEUTRAL,3,191,154,52,1,False,True,False
250.8444366455078,REPLAY,NEUTRAL,3,191,154,52,1,False,True,False
250.89259338378906,REPLAY,NEUTRAL,3,191,154,52,1,False,True,False
250.94476318359375,REPLAY,NEUTRAL,3,191,154,52,1,False,True,False
250.992919921875,REPLAY,NEUTRAL,3,191,154,52,1,False,True,False
251.0450897216797,REPLAY,NEUTRAL,3,191,154,52,1,False,True,False
251.09324645996094,REPLAY,NEUTRAL,3,191,154,52,1,False,True,False
251.14541625976562,REPLAY,NEUTRAL,3,191,154,52,1,False,True,False
251.19357299804688,REPLAY,NEUTRAL,3,191,154,52,2,False,True,False
251.24574279785156,REPLAY,NEUTRAL,3,191,154,52,2,False,True,False
251.2938995361328,REPLAY,NEUTRAL,3,191,154,52,2,False,True,False
251.34205627441406,REPLAY,NEUTRAL,3,191,154,52,2,False,True,False
251.39422607421875,REPLAY,NEUTRAL,3,191,154,52,2,False,True,False
251.4423828125,REPLAY,NEUTRAL,3,191,154,52,2,False,True,False
251.4945526123047,REPLAY,NEUTRAL,3,191,154,52,2,False,True,False
251.54270935058594,REPLAY,NEUTRAL,3,191,154,52,2,False,True,False
251.59487915039062,REPLAY,NEUTRAL,3,191,154,52,2,False,True,False
251.64303588867188,REPLAY,NEUTRAL,3,191,154,52,2,False,True,False
251.69520568847656,REPLAY,NEUTRAL,3,191,154,52,2,False,True,False
251.7433624267578,REPLAY,NEUTRAL,3,191,154,52,2,False,True,False
251.7955322265625,REPLAY,NEUTRAL,3,191,154,52,2,False,True,False
251.84368896484375,REPLAY,NEUTRAL,3,191,154,52,2,False,True,False
251.89585876464844,REPLAY,NEUTRAL,3,191,154,52,2,False,True,False
251.9440155029297,REPLAY,NEUTRAL,3,191,154,52,2,False,True,False
251.99217224121094,REPLAY,NEUTRAL,3,191,154,52,2,False,True,False
252.04434204101562,REPLAY,NEUTRAL,3,191,154,52,2,False,True,False
252.09249877929688,REPLAY,NEUTRAL,3,191,154,52,2,False,True,False
252.14466857910156,REPLAY,NEUTRAL,3,191,154,52,2,False,True,False
252.1928253173828,REPLAY,NEUTRAL,3,191,154,52,2,False,True,False
252.2449951171875,REPLAY,NEUTRAL,3,191,154,52,2,False,True,False
252.29315185546875,REPLAY,NEUTRAL,3,191,154,52,2,False,True,False
252.34532165527344,REPLAY,NEUTRAL,3,191,154,52,2,False,True,False
252.3934783935547,REPLAY,NEUTRAL,3,191,154,52,2,False,True,False
252.44564819335938,REPLAY,NEUTRAL,3,191,154,52,3,False,True,False
252.49380493164062,REPLAY,NEUTRAL,3,191,154,52,3,False,True,False
252.5459747314453,REPLAY,NEUTRAL,3,191,154,52,3,False,True,False
252.59413146972656,REPLAY,NEUTRAL,3,191,154,52,3,False,True,False
252.6422882080078,REPLAY,NEUTRAL,3,191,154,52,3,False,True,False
252.6944580078125,REPLAY,NEUTRAL,3,191,154,52,3,False,True,False
252.74261474609375,REPLAY,NEUTRAL,3,191,154,52,3,False,True,False
252.79478454589844,REPLAY,NEUTRAL,3,191,154,52,3,False,True,False
252.8429412841797,REPLAY,NEUTRAL,3,191,154,52,3,False,True,False
252.89511108398438,REPLAY,NEUTRAL,3,191,154,52,3,False,True,False
252.94326782226562,REPLAY,NEUTRAL,3,191,154,52,3,False,True,False
252.9954376220703,REPLAY,NEUTRAL,3,191,154,52,3,False,True,False
253.04359436035156,REPLAY,NEUTRAL,3,191,154,53,2,False,True,False
253.09576416015625,REPLAY,NEUTRAL,3,191,154,53,2,False,True,False
253.1439208984375,REPLAY,NEUTRAL,3,191,154,53,2,False,True,False
253.19207763671875,REPLAY,NEUTRAL,3,191,154,53,2,False,True,False
253.24424743652344,REPLAY,NEUTRAL,3,191,154,53,2,False,True,False
253.2924041748047,REPLAY,NEUTRAL,3,191,154,53,2,False,True,False
253.34457397460938,REPLAY,NEUTRAL,3,191,154,53,2,False,True,False
253.39273071289062,REPLAY,NEUTRAL,3,191,154,53,2,False,True,False
253.4449005126953,REPLAY,NEUTRAL,3,191,154,53,2,False,True,False
253.49305725097656,REPLAY,NEUTRAL,3,191,154,53,2,False,True,False
253.54522705078125,REPLAY,NEUTRAL,3,191,154,53,2,False,True,False
253.5933837890625,REPLAY,NEUTRAL,3,191,154,53,2,False,True,False
253.6455535888672,REPLAY,NEUTRAL,3,191,154,53,2,False,True,False
253.69371032714844,REPLAY,NEUTRAL,3,191,154,53,2,False,True,False
253.74588012695312,REPLAY,NEUTRAL,3,191,154,53,2,False,True,False
253.79403686523438,REPLAY,NEUTRAL,3,191,154,53,2,False,True,False
253.84219360351562,REPLAY,NEUTRAL,3,191,154,53,2,False,True,False
253.8943634033203,REPLAY,NEUTRAL,3,191,154,53,2,False,True,False
253.94252014160156,REPLAY,NEUTRAL,3,191,154,53,3,False,True,False
253.99468994140625,REPLAY,NEUTRAL,3,191,154,53,3,False,True,False
254.0428466796875,REPLAY,NEUTRAL,3,191,154,53,3,False,True,False
254.0950164794922,REPLAY,NEUTRAL,3,191,154,53,3,False,True,False
254.14317321777344,REPLAY,NEUTRAL,3,192,155,53,2,False,True,False
254.19534301757812,REPLAY,NEUTRAL,3,192,155,53,2,False,True,False
254.24349975585938,REPLAY,NEUTRAL,3,192,155,53,2,False,True,False
254.29566955566406,REPLAY,NEUTRAL,3,192,155,53,2,False,True,False
254.3438262939453,REPLAY,NEUTRAL,3,192,155,53,2,False,True,False
254.39198303222656,REPLAY,NEUTRAL,3,192,155,53,2,False,True,False
254.44415283203125,REPLAY,NEUTRAL,3,192,155,53,2,False,True,False
254.4923095703125,REPLAY,NEUTRAL,3,192,155,53,2,False,True,False
254.5444793701172,REPLAY,NEUTRAL,3,192,155,53,2,False,True,False
254.59263610839844,REPLAY,NEUTRAL,3,192,155,53,2,False,True,False
254.64480590820312,REPLAY,NEUTRAL,3,192,155,53,2,False,True,False
254.69296264648438,REPLAY,NEUTRAL,3,192,155,53,2,False,True,False
254.74513244628906,REPLAY,NEUTRAL,3,192,155,53,2,False,True,False
254.7932891845703,REPLAY,NEUTRAL,3,192,155,53,3,False,True,False
254.845458984375,REPLAY,NEUTRAL,3,192,155,53,3,False,True,False
254.89361572265625,REPLAY,NEUTRAL,3,192,155,53,3,False,True,False
254.94578552246094,REPLAY,NEUTRAL,3,192,155,53,3,False,True,False
254.9939422607422,REPLAY,NEUTRAL,3,192,155,53,3,False,True,False
255.04209899902344,REPLAY,NEUTRAL,3,192,155,53,3,False,True,False
255.09426879882812,REPLAY,NEUTRAL,3,192,155,53,3,False,True,False
255.14242553710938,REPLAY,NEUTRAL,3,192,155,53,3,False,True,False
255.19459533691406,REPLAY,NEUTRAL,3,192,155,53,3,False,True,False
255.2427520751953,REPLAY,CLICK,3,194,156,53,2,False,True,False
255.294921875,REPLAY,NEUTRAL,3,194,156,53,2,False,True,False
255.34307861328125,REPLAY,NEUTRAL,3,194,156,53,2,False,True,False
255.39524841308594,REPLAY,NEUTRAL,3,194,156,53,2,False,True,False
255.4434051513672,REPLAY,NEUTRAL,3,194,156,53,2,False,True,False
255.49557495117188,REPLAY,NEUTRAL,3,194,156,53,2,False,True,False
255.54373168945312,REPLAY,NEUTRAL,3,194,156,53,2,False,True,False
255.5959014892578,REPLAY,NEUTRAL,3,194,156,53,2,False,True,False
255.64405822753906,REPLAY,NEUTRAL,3,194,156,53,2,False,True,False
255.6922149658203,REPLAY,CLICK + HOLD,3,194,156,53,2,True,True,False
255.744384765625,REPLAY,CLICK + HOLD,3,194,156,53,2,True,True,False
255.79254150390625,REPLAY,CLICK + HOLD,3,194,156,53,2,True,True,False
255.84471130371094,REPLAY,CLICK + HOLD,3,194,156,53,2,True,True,False
255.8928680419922,REPLAY,CLICK + HOLD,3,194,156,53,2,True,True,False
255.94503784179688,REPLAY,CLICK + HOLD,3,194,156,53,2,True,True,False
255.99319458007812,REPLAY,CLICK + HOLD,3,194,156,53,2,True,True,False
256.0453643798828,REPLAY,CLICK + HOLD,3,194,156,53,2,True,True,False
256.09352111816406,REPLAY,CLICK + HOLD,3,194,156,53,3,True,True,False
256.14569091796875,REPLAY,CLICK + HOLD,3,194,156,53,3,True,True,False
256.19384765625,REPLAY,CLICK + HOLD,3,194,156,53,3,True,True,False
256.24200439453125,REPLAY,CLICK + HOLD,3,194,156,53,3,True,True,False
256.29417419433594,REPLAY,CLICK + HOLD,3,194,156,53,3,True,True,False
256.3423309326172,REPLAY,CLICK + HOLD,3,194,156,53,3,True,True,False
256.3945007324219,REPLAY,CLICK + HOLD,3,194,156,53,3,True,True,False
256.4426574707031,REPLAY,CLICK + HOLD,3,194,156,53,3,True,True,False
256.4948272705078,REPLAY,CLICK + HOLD,3,194,156,53,3,True,True,False
256.54298400878906,REPLAY,CLICK + HOLD,3,194,156,53,3,True,True,False
256.59515380859375,REPLAY,CLICK + HOLD,3,194,156,53,3,True,True,False
256.643310546875,REPLAY,CLICK + HOLD,3,194,156,53,3,True,True,False
256.6954803466797,REPLAY,CLICK + HOLD,3,194,156,53,3,True,True,False
256.74363708496094,REPLAY,CLICK + HOLD,3,194,156,53,3,True,True,False
256.7958068847656,REPLAY,CLICK + HOLD,3,194,156,53,3,True,True,False
256.8439636230469,REPLAY,CLICK + HOLD,3,194,156,53,3,True,True,False
256.8921203613281,REPLAY,CLICK + HOLD,3,194,156,54,2,True,True,False
256.9442901611328,REPLAY,CLICK + HOLD,3,194,156,54,2,True,True,False
256.99244689941406,REPLAY,CLICK + HOLD,3,195,157,54,1,True,True,False
257.04461669921875,REPLAY,NEUTRAL,3,195,157,54,1,False,True,False
257.0927734375,REPLAY,NEUTRAL,3,195,157,54,1,False,True,False
257.1449432373047,REPLAY,NEUTRAL,3,195,157,54,1,False,True,False
257.19309997558594,REPLAY,NEUTRAL,3,195,157,54,1,False,True,False
257.2452697753906,REPLAY,CLICK,3,195,157,54,2,False,True,False
257.2934265136719,REPLAY,NEUTRAL,3,195,157,54,2,False,True,False
257.34559631347656,REPLAY,NEUTRAL,3,195,157,54,2,False,True,False
257.3937530517578,REPLAY,NEUTRAL,3,195,157,54,2,False,True,False
257.4459228515625,REPLAY,NEUTRAL,3,195,157,54,2,False,True,False
257.49407958984375,REPLAY,NEUTRAL,3,195,157,54,2,False,True,False
257.542236328125,REPLAY,NEUTRAL,3,195,157,54,2,False,True,False
257.5944061279297,REPLAY,NEUTRAL,3,195,157,54,2,False,True,False
257.64256286621094,REPLAY,NEUTRAL,3,195,157,54,2,False,True,False
257.6947326660156,REPLAY,CLICK + HOLD,3,195,157,54,2,True,True,False
257.7428894042969,REPLAY,CLICK + HOLD,3,195,157,54,2,True,True,False
257.79505920410156,REPLAY,CLICK + HOLD,3,195,157,54,2,True,True,False
257.8432159423828,REPLAY,CLICK + HOLD,3,195,157,54,2,True,True,False
257.8953857421875,REPLAY,CLICK + HOLD,3,195,157,54,2,True,True,False
257.94354248046875,REPLAY,CLICK + HOLD,3,195,157,54,2,True,True,False
257.99571228027344,REPLAY,NEUTRAL,3,195,157,55,1,False,True,False
258.0438690185547,REPLAY,NEUTRAL,3,195,157,55,1,False,True,False
258.09202575683594,REPLAY,NEUTRAL,3,195,157,55,1,False,True,False
258.1441955566406,REPLAY,NEUTRAL,3,195,157,55,1,False,True,False
258.1923522949219,REPLAY,CLICK,3,197,158,55,0,False,True,False
258.24452209472656,REPLAY,NEUTRAL,3,197,158,55,0,False,True,False
258.2926788330078,REPLAY,NEUTRAL,3,197,158,55,0,False,True,False
258.3448486328125,REPLAY,NEUTRAL,3,197,158,55,0,False,True,False
258.39300537109375,REPLAY,NEUTRAL,3,197,158,55,0,False,True,False
258.44517517089844,REPLAY,NEUTRAL,3,197,158,55,0,False,True,False
258.4933319091797,REPLAY,NEUTRAL,3,197,158,55,0,False,True,False
258.5455017089844,REPLAY,CLICK + HOLD,3,197,158,55,1,True,True,False
258.5936584472656,REPLAY,CLICK + HOLD,3,197,158,55,1,True,True,False
258.6458282470703,REPLAY,CLICK + HOLD,3,197,158,55,1,True,True,False
258.69398498535156,REPLAY,CLICK + HOLD,3,197,158,55,1,True,True,False
258.7421417236328,REPLAY,CLICK + HOLD,3,197,158,55,1,True,True,False
258.7943115234375,REPLAY,CLICK + HOLD,3,197,158,55,1,True,True,False
258.84246826171875,REPLAY,CLICK + HOLD,3,197,158,55,1,True,True,False
258.89463806152344,REPLAY,CLICK + HOLD,3,197,158,55,1,True,True,False
258.9427947998047,REPLAY,NEUTRAL,3,197,158,55,1,False,True,False
258.9949645996094,REPLAY,NEUTRAL,3,197,158,55,1,False,True,False
259.0431213378906,REPLAY,NEUTRAL,3,197,158,55,1,False,True,False
259.0952911376953,REPLAY,NEUTRAL,3,197,158,55,1,False,True,False
259.14344787597656,REPLAY,CLICK,3,199,159,55,0,False,True,False
259.19561767578125,REPLAY,NEUTRAL,3,199,159,55,0,False,True,False
259.2437744140625,REPLAY,NEUTRAL,3,199,159,55,0,False,True,False
259.2959442138672,REPLAY,NEUTRAL,3,199,159,55,0,False,True,False
259.34410095214844,REPLAY,NEUTRAL,3,199,159,55,0,False,True,False
259.3922576904297,REPLAY,NEUTRAL,3,199,159,55,0,False,True,False
259.4444274902344,REPLAY,NEUTRAL,3,199,159,55,0,False,True,False
259.4925842285156,REPLAY,CLICK + HOLD,3,199,159,55,0,True,True,False
259.5447540283203,REPLAY,CLICK + HOLD,3,199,159,55,0,True,True,False
259.59291076660156,REPLAY,CLICK + HOLD,3,199,159,55,0,True,True,False
259.64508056640625,REPLAY,CLICK + HOLD,3,199,159,55,0,True,True,False
259.6932373046875,REPLAY,CLICK + HOLD,3,199,159,55,0,True,True,False
259.7454071044922,REPLAY,CLICK + HOLD,3,199,159,55,0,True,True,False
259.79356384277344,REPLAY,CLICK + HOLD,3,199,159,55,0,True,True,False
259.8457336425781,REPLAY,CLICK + HOLD,3,199,159,55,0,True,True,False
259.8938903808594,REPLAY,CLICK + HOLD,3,199,159,55,0,True,True,False
259.9420471191406,REPLAY,CLICK + HOLD,3,199,159,55,0,True,True,False
259.9942169189453,REPLAY,CLICK + HOLD,3,199,159,55,0,True,True,False
260.04237365722656,REPLAY,CLICK + HOLD,3,199,159,55,0,True,True,False
260.09454345703125,REPLAY,CLICK + HOLD,3,199,159,55,0,True,True,False
260.1427001953125,REPLAY,CLICK + HOLD,3,199,159,55,0,True,True,False
260.1948699951172,REPLAY,CLICK + HOLD,3,199,159,55,1,True,True,False
260.24302673339844,REPLAY,CLICK + HOLD,3,199,159,55,1,True,True,False
260.2951965332031,REPLAY,CLICK + HOLD,3,199,159,55,1,True,True,False
260.3433532714844,REPLAY,CLICK + HOLD,3,199,159,55,1,True,True,False
260.39552307128906,REPLAY,CLICK + HOLD,3,199,159,55,1,True,True,False
260.4436798095703,REPLAY,CLICK + HOLD,3,199,159,55,1,True,True,False
260.495849609375,REPLAY,CLICK + HOLD,3,199,159,55,1,True,True,False
260.54400634765625,REPLAY,CLICK + HOLD,3,199,159,55,1,True,True,False
260.5921630859375,REPLAY,CLICK + HOLD,3,199,159,55,1,True,True,False
260.6443328857422,REPLAY,CLICK + HOLD,3,199,159,55,1,True,True,False
260.69248962402344,REPLAY,CLICK + HOLD,3,199,159,55,1,True,True,False
260.7446594238281,REPLAY,CLICK + HOLD,3,199,159,55,1,True,True,False
260.7928161621094,REPLAY,CLICK + HOLD,3,199,159,55,1,True,True,False
260.84498596191406,REPLAY,CLICK + HOLD,3,199,159,55,1,True,True,False
260.8931427001953,REPLAY,CLICK + HOLD,3,199,159,55,1,True,True,False
260.9453125,REPLAY,CLICK + HOLD,3,199,159,55,1,True,True,False
260.99346923828125,REPLAY,CLICK + HOLD,3,199,159,55,1,True,True,False
261.04563903808594,REPLAY,CLICK + HOLD,3,199,159,55,1,True,True,False
261.0937957763672,REPLAY,CLICK + HOLD,3,199,159,55,1,True,True,False
261.1459655761719,REPLAY,CLICK + HOLD,3,200,160,55,0,True,True,False
261.1941223144531,REPLAY,CLICK + HOLD,3,200,160,55,0,True,True,False
261.2422790527344,REPLAY,CLICK + HOLD,3,200,160,55,0,True,True,False
261.29444885253906,REPLAY,CLICK + HOLD,3,200,160,55,0,True,True,False
261.3426055908203,REPLAY,CLICK + HOLD,3,200,160,55,0,True,True,False
261.394775390625,REPLAY,CLICK + HOLD,3,200,160,55,0,True,True,False
261.44293212890625,REPLAY,CLICK + HOLD,3,200,160,55,0,True,True,False
261.49510192871094,REPLAY,CLICK + HOLD,3,200,160,55,1,True,True,False
261.5432586669922,REPLAY,CLICK + HOLD,3,200,160,55,1,True,True,False
261.5954284667969,REPLAY,CLICK + HOLD,3,200,160,55,1,True,True,False
261.6435852050781,REPLAY,CLICK + HOLD,3,200,160,55,1,True,True,False
261.6957550048828,REPLAY,CLICK + HOLD,3,200,160,55,1,True,True,False
261.74391174316406,REPLAY,CLICK + HOLD,3,200,160,55,1,True,True,False
261.7920684814453,REPLAY,CLICK + HOLD,3,200,160,55,1,True,True,False
261.84423828125,REPLAY,CLICK + HOLD,3,200,160,55,1,True,True,False
261.89239501953125,REPLAY,CLICK + HOLD,3,200,160,55,1,True,True,False
261.94456481933594,REPLAY,CLICK + HOLD,3,200,160,55,1,True,True,False
261.9927215576172,REPLAY,CLICK + HOLD,3,200,160,55,1,True,True,False
262.0448913574219,REPLAY,CLICK + HOLD,3,200,160,55,1,True,True,False
262.0930480957031,REPLAY,CLICK + HOLD,3,200,160,55,1,True,True,False
262.1452178955078,REPLAY,CLICK + HOLD,3,200,160,55,1,True,True,False
262.19337463378906,REPLAY,CLICK + HOLD,3,200,160,55,1,True,True,False
262.24554443359375,REPLAY,CLICK + HOLD,3,200,160,55,1,True,True,False
262.293701171875,REPLAY,CLICK + HOLD,3,200,160,55,1,True,True,False
262.3458709716797,REPLAY,CLICK + HOLD,3,200,160,55,2,True,True,False
262.39402770996094,REPLAY,CLICK + HOLD,3,200,160,55,2,True,True,False
262.4421844482422,REPLAY,CLICK + HOLD,3,201,161,55,1,True,True,False
262.4943542480469,REPLAY,CLICK + HOLD,3,201,161,55,1,True,True,False
262.5425109863281,REPLAY,CLICK + HOLD,3,201,161,55,1,True,True,False
262.5946807861328,REPLAY,CLICK + HOLD,3,201,161,55,1,True,True,False
262.64283752441406,REPLAY,CLICK + HOLD,3,201,161,55,1,True,True,False
262.69500732421875,REPLAY,CLICK + HOLD,3,201,161,55,1,True,True,False
262.7431640625,REPLAY,CLICK + HOLD,3,201,161,55,1,True,True,False
262.7953338623047,REPLAY,CLICK + HOLD,3,201,161,55,1,True,True,False
262.84349060058594,REPLAY,CLICK + HOLD,3,201,161,55,1,True,True,False
262.8956604003906,REPLAY,CLICK + HOLD,3,201,161,55,1,True,True,False
262.9438171386719,REPLAY,CLICK + HOLD,3,201,161,55,1,True,True,False
262.99598693847656,REPLAY,CLICK + HOLD,3,201,161,55,1,True,True,False
263.0441436767578,REPLAY,CLICK + HOLD,3,201,161,55,1,True,True,False
263.09230041503906,REPLAY,CLICK + HOLD,3,201,161,55,1,True,True,False
263.14447021484375,REPLAY,CLICK + HOLD,3,201,161,55,1,True,True,False
263.192626953125,REPLAY,CLICK + HOLD,3,201,161,55,1,True,True,False
263.2447967529297,REPLAY,CLICK + HOLD,3,202,162,55,0,True,True,False
263.29295349121094,REPLAY,CLICK + HOLD,3,202,162,55,0,True,True,False
263.3451232910156,REPLAY,CLICK + HOLD,3,202,162,55,0,True,True,False
263.3932800292969,REPLAY,CLICK + HOLD,3,202,162,55,0,True,True,False
263.44544982910156,REPLAY,CLICK + HOLD,3,202,162,55,0,True,True,False
263.4936065673828,REPLAY,CLICK + HOLD,3,202,162,55,0,True,True,False
263.5457763671875,REPLAY,CLICK + HOLD,3,202,162,55,0,True,True,False
263.59393310546875,REPLAY,CLICK + HOLD,3,202,162,55,1,True,True,False
263.64208984375,REPLAY,CLICK + HOLD,3,202,162,55,1,True,True,False
263.6942596435547,REPLAY,CLICK + HOLD,3,202,162,55,1,True,True,False
263.74241638183594,REPLAY,CLICK + HOLD,3,202,162,55,1,True,True,False
263.7945861816406,REPLAY,CLICK + HOLD,3,202,162,55,1,True,True,False
263.8427429199219,REPLAY,CLICK + HOLD,3,202,162,55,1,True,True,False
263.89491271972656,REPLAY,CLICK + HOLD,3,202,162,55,1,True,True,False
263.9430694580078,REPLAY,NEUTRAL,3,202,162,55,1,False,True,False
263.9952392578125,REPLAY,NEUTRAL,3,202,162,55,1,False,True,False
264.04339599609375,REPLAY,NEUTRAL,3,202,162,55,1,False,True,False
264.09556579589844,REPLAY,NEUTRAL,3,202,162,55,1,False,True,False
264.1437225341797,REPLAY,NEUTRAL,3,202,162,55,1,False,True,False
264.1958923339844,REPLAY,NEUTRAL,3,202,162,55,1,False,True,False
264.2440490722656,REPLAY,NEUTRAL,3,202,162,55,1,False,True,False
264.2922058105469,REPLAY,NEUTRAL,3,202,162,55,1,False,True,False
264.34437561035156,REPLAY,NEUTRAL,3,202,162,55,1,False,True,False
264.3925323486328,REPLAY,NEUTRAL,3,202,162,55,1,False,True,False
264.4447021484375,REPLAY,NEUTRAL,3,202,162,55,1,False,True,False
264.49285888671875,REPLAY,NEUTRAL,3,202,162,55,1,False,True,False
264.54502868652344,REPLAY,NEUTRAL,3,202,162,55,1,False,True,False
264.5931854248047,REPLAY,NEUTRAL,3,202,162,55,1,False,True,False
264.6453552246094,REPLAY,NEUTRAL,3,202,162,55,1,False,True,False
264.6935119628906,REPLAY,NEUTRAL,3,202,162,55,1,False,True,False
264.7456817626953,REPLAY,NEUTRAL,3,202,162,55,1,False,True,False
264.79383850097656,REPLAY,NEUTRAL,3,202,162,55,1,False,True,False
264.8419952392578,REPLAY,NEUTRAL,3,202,162,55,1,False,True,False
264.8941650390625,REPLAY,NEUTRAL,3,202,162,55,1,False,True,False
264.94232177734375,REPLAY,NEUTRAL,3,202,162,55,1,False,True,False
264.99449157714844,REPLAY,NEUTRAL,3,202,162,55,2,False,True,False
265.0426483154297,REPLAY,NEUTRAL,3,202,162,55,2,False,True,False
265.0948181152344,REPLAY,NEUTRAL,3,202,162,55,2,False,True,False
265.1429748535156,REPLAY,NEUTRAL,3,202,162,55,2,False,True,False
265.1951446533203,REPLAY,NEUTRAL,3,202,162,55,2,False,True,False
265.24330139160156,REPLAY,NEUTRAL,3,202,162,55,2,False,True,False
265.29547119140625,REPLAY,NEUTRAL,3,202,162,55,2,False,True,False
265.3436279296875,REPLAY,NEUTRAL,3,202,162,55,2,False,True,False
265.3957977294922,REPLAY,NEUTRAL,3,202,162,55,2,False,True,False
265.44395446777344,REPLAY,NEUTRAL,3,202,162,55,2,False,True,False
265.4921112060547,REPLAY,NEUTRAL,3,202,162,55,2,False,True,False
265.5442810058594,REPLAY,NEUTRAL,3,202,162,55,2,False,True,False
265.5924377441406,REPLAY,NEUTRAL,3,202,162,55,2,False,True,False
265.6446075439453,REPLAY,NEUTRAL,3,202,162,55,2,False,True,False
265.69276428222656,REPLAY,NEUTRAL,3,202,162,55,2,False,True,False
265.74493408203125,REPLAY,NEUTRAL,3,202,162,55,2,False,True,False
265.7930908203125,REPLAY,NEUTRAL,3,202,162,55,2,False,True,False
265.8452606201172,REPLAY,NEUTRAL,3,202,162,55,2,False,True,False
265.89341735839844,REPLAY,NEUTRAL,3,202,162,55,2,False,True,False
265.9455871582031,REPLAY,NEUTRAL,3,202,162,55,3,False,True,False
265.9937438964844,REPLAY,NEUTRAL,3,202,162,55,3,False,True,False
266.04591369628906,REPLAY,NEUTRAL,3,202,162,55,3,False,True,False
266.0940704345703,REPLAY,NEUTRAL,3,202,162,55,3,False,True,False
266.14222717285156,REPLAY,NEUTRAL,3,202,162,55,3,False,True,False
266.19439697265625,REPLAY,NEUTRAL,3,202,162,55,3,False,True,False
266.2425537109375,REPLAY,NEUTRAL,3,202,162,55,3,False,True,False
266.2947235107422,REPLAY,NEUTRAL,3,202,162,55,3,False,True,False
266.34288024902344,REPLAY,NEUTRAL,3,202,162,55,3,False,True,False
266.3950500488281,REPLAY,NEUTRAL,3,202,162,55,3,False,True,False
266.4432067871094,REPLAY,NEUTRAL,3,202,162,55,3,False,True,False
266.49537658691406,REPLAY,NEUTRAL,3,202,162,55,3,False,True,False
266.5435333251953,REPLAY,NEUTRAL,3,202,162,55,3,False,True,False
266.595703125,REPLAY,NEUTRAL,3,202,162,55,3,False,True,False
266.64385986328125,REPLAY,NEUTRAL,3,202,162,55,3,False,True,False
266.6920166015625,REPLAY,NEUTRAL,3,202,162,55,3,False,True,False
266.7441864013672,REPLAY,NEUTRAL,3,203,163,55,2,False,True,False
266.79234313964844,REPLAY,NEUTRAL,3,203,163,55,2,False,True,False
266.8445129394531,REPLAY,NEUTRAL,3,203,163,55,2,False,True,False
266.8926696777344,REPLAY,NEUTRAL,3,203,163,55,2,False,True,False
266.94483947753906,REPLAY,NEUTRAL,3,203,163,55,2,False,True,False
266.9929962158203,REPLAY,NEUTRAL,3,203,163,55,2,False,True,False
267.045166015625,REPLAY,NEUTRAL,3,203,163,55,2,False,True,False
267.09332275390625,REPLAY,NEUTRAL,3,203,163,55,2,False,True,False
267.14549255371094,REPLAY,NEUTRAL,3,203,163,55,2,False,True,False
267.1936492919922,REPLAY,NEUTRAL,3,203,163,55,2,False,True,False
267.2458190917969,REPLAY,NEUTRAL,3,203,163,55,3,False,True,False
267.2939758300781,REPLAY,NEUTRAL,3,203,163,55,3,False,True,False
267.3421325683594,REPLAY,NEUTRAL,3,203,163,55,3,False,True,False
267.39430236816406,REPLAY,NEUTRAL,3,203,163,55,3,False,True,False
267.4424591064453,REPLAY,NEUTRAL,3,203,163,55,3,False,True,False
267.49462890625,REPLAY,NEUTRAL,3,203,163,55,3,False,True,False
267.54278564453125,REPLAY,NEUTRAL,3,203,163,55,3,False,True,False
267.59495544433594,REPLAY,NEUTRAL,3,203,163,55,3,False,True,False
267.6431121826172,REPLAY,NEUTRAL,3,203,163,55,3,False,True,False
267.6952819824219,REPLAY,NEUTRAL,3,203,163,55,3,False,True,False
267.7434387207031,REPLAY,NEUTRAL,3,203,163,55,3,False,True,False
267.7956085205078,REPLAY,NEUTRAL,3,203,163,55,3,False,True,False
267.84376525878906,REPLAY,NEUTRAL,3,203,163,55,3,False,True,False
267.89593505859375,REPLAY,NEUTRAL,3,203,163,55,3,False,True,False
267.944091796875,REPLAY,NEUTRAL,3,203,163,55,3,False,True,False
267.99224853515625,REPLAY,NEUTRAL,3,203,163,55,3,False,True,False
268.04441833496094,REPLAY,NEUTRAL,3,203,163,55,3,False,True,False
268.0925750732422,REPLAY,NEUTRAL,3,203,163,55,3,False,True,False
268.1447448730469,REPLAY,NEUTRAL,3,203,163,55,3,False,True,False
268.1929016113281,REPLAY,NEUTRAL,3,203,163,55,3,False,True,False
268.2450714111328,REPLAY,NEUTRAL,3,204,164,55,2,False,True,False
268.29322814941406,REPLAY,NEUTRAL,3,204,164,55,2,False,True,False
268.34539794921875,REPLAY,NEUTRAL,3,204,164,55,2,False,True,False
268.3935546875,REPLAY,NEUTRAL,3,204,164,55,2,False,True,False
268.4457244873047,REPLAY,NEUTRAL,3,204,164,55,2,False,True,False
268.49388122558594,REPLAY,NEUTRAL,3,204,164,55,3,False,True,False
268.5420379638672,REPLAY,NEUTRAL,3,204,164,55,3,False,True,False
268.5942077636719,REPLAY,NEUTRAL,3,204,164,55,3,False,True,False
268.6423645019531,REPLAY,NEUTRAL,3,204,164,55,3,False,True,False
268.6945343017578,REPLAY,NEUTRAL,3,205,165,55,2,False,True,False
268.74269104003906,REPLAY,NEUTRAL,3,205,165,55,2,False,True,False
268.79486083984375,REPLAY,NEUTRAL,3,205,165,55,2,False,True,False
268.843017578125,REPLAY,NEUTRAL,3,205,165,55,2,False,True,False
268.8951873779297,REPLAY,NEUTRAL,3,205,165,55,2,False,True,False
268.94334411621094,REPLAY,NEUTRAL,3,205,165,55,2,False,True,False
268.9955139160156,REPLAY,NEUTRAL,3,205,165,55,2,False,True,False
269.0436706542969,REPLAY,NEUTRAL,3,205,165,55,2,False,True,False
269.09584045410156,REPLAY,NEUTRAL,3,205,165,55,2,False,True,False
269.1439971923828,REPLAY,NEUTRAL,3,205,165,55,2,False,True,False
269.19215393066406,REPLAY,NEUTRAL,3,205,165,55,2,False,True,False
269.24432373046875,REPLAY,NEUTRAL,3,205,165,55,2,False,True,False
269.29248046875,REPLAY,NEUTRAL,3,205,165,55,2,False,True,False
269.3446502685547,REPLAY,NEUTRAL,3,205,165,55,2,False,True,False
269.39280700683594,REPLAY,NEUTRAL,3,205,165,55,2,False,True,False
269.4449768066406,REPLAY,NEUTRAL,3,205,165,55,2,False,True,False
269.4931335449219,REPLAY,NEUTRAL,3,205,165,55,2,False,True,False
269.54530334472656,REPLAY,NEUTRAL,3,205,165,55,2,False,True,False
269.5934600830078,REPLAY,NEUTRAL,3,205,165,55,2,False,True,False
269.6456298828125,REPLAY,NEUTRAL,3,205,165,55,2,False,True,False
269.69378662109375,REPLAY,NEUTRAL,3,205,165,55,2,False,True,False
269.74595642089844,REPLAY,NEUTRAL,3,205,165,55,2,False,True,False
269.7941131591797,REPLAY,NEUTRAL,3,205,165,55,2,False,True,False
269.84226989746094,REPLAY,NEUTRAL,3,205,165,55,2,False,True,False
269.8944396972656,REPLAY,NEUTRAL,3,205,165,55,2,False,True,False
269.9425964355469,REPLAY,NEUTRAL,3,205,165,55,2,False,True,False
269.99476623535156,REPLAY,NEUTRAL,3,205,165,55,3,False,True,False
270.0429229736328,REPLAY,NEUTRAL,3,205,165,55,3,False,True,False
270.0950927734375,REPLAY,NEUTRAL,3,205,165,55,3,False,True,False
270.14324951171875,REPLAY,NEUTRAL,3,205,165,55,3,False,True,False
270.19541931152344,REPLAY,NEUTRAL,3,205,165,55,3,False,True,False
270.2435760498047,REPLAY,NEUTRAL,3,205,165,55,3,False,True,False
270.2957458496094,REPLAY,NEUTRAL,3,205,165,55,3,False,True,False
270.3439025878906,REPLAY,NEUTRAL,3,205,165,55,3,False,True,False
270.3920593261719,REPLAY,NEUTRAL,3,205,165,55,3,False,True,False
270.44422912597656,REPLAY,NEUTRAL,3,205,165,55,3,False,True,False
270.4923858642578,REPLAY,NEUTRAL,3,205,165,55,3,False,True,False
270.5445556640625,REPLAY,NEUTRAL,3,205,165,55,3,False,True,False
270.59271240234375,REPLAY,NEUTRAL,3,205,165,56,2,False,True,False
270.64488220214844,REPLAY,NEUTRAL,3,205,165,56,2,False,True,False
270.6930389404297,REPLAY,NEUTRAL,3,205,165,56,2,False,True,False
270.7452087402344,REPLAY,NEUTRAL,3,205,165,56,2,False,True,False
270.7933654785156,REPLAY,NEUTRAL,3,205,165,56,2,False,True,False
270.8455352783203,REPLAY,NEUTRAL,3,205,165,56,2,False,True,False
270.89369201660156,REPLAY,NEUTRAL,3,205,165,56,2,False,True,False
270.94586181640625,REPLAY,NEUTRAL,3,205,165,56,2,False,True,False
270.9940185546875,REPLAY,NEUTRAL,3,205,165,56,3,False,True,False
271.04217529296875,REPLAY,NEUTRAL,3,205,165,56,3,False,True,False
271.09434509277344,REPLAY,NEUTRAL,3,205,165,56,3,False,True,False
271.1425018310547,REPLAY,NEUTRAL,3,205,165,56,3,False,True,False
271.1946716308594,REPLAY,NEUTRAL,3,206,166,56,2,False,True,False
271.2428283691406,REPLAY,NEUTRAL,3,206,166,56,2,False,True,False
271.2949981689453,REPLAY,NEUTRAL,3,206,166,56,2,False,True,False
271.34315490722656,REPLAY,NEUTRAL,3,206,166,56,2,False,True,False
271.39532470703125,REPLAY,NEUTRAL,3,206,166,56,2,False,True,False
271.4434814453125,REPLAY,NEUTRAL,3,206,166,56,2,False,True,False
271.4956512451172,REPLAY,NEUTRAL,3,206,166,56,2,False,True,False
271.54380798339844,REPLAY,NEUTRAL,3,206,166,56,2,False,True,False
271.5959777832031,REPLAY,NEUTRAL,3,206,166,56,2,False,True,False
271.6441345214844,REPLAY,NEUTRAL,3,206,166,56,2,False,True,False
271.6922912597656,REPLAY,NEUTRAL,3,206,166,56,2,False,True,False
271.7444610595703,REPLAY,NEUTRAL,3,206,166,56,2,False,True,False
271.79261779785156,REPLAY,NEUTRAL,3,206,166,56,2,False,True,False
271.84478759765625,REPLAY,NEUTRAL,3,206,166,56,2,False,True,False
271.8929443359375,REPLAY,NEUTRAL,3,206,166,56,2,False,True,False
271.9451141357422,REPLAY,NEUTRAL,3,206,166,56,2,False,True,False
271.99327087402344,REPLAY,NEUTRAL,3,206,166,56,2,False,True,False
272.0454406738281,REPLAY,NEUTRAL,3,206,166,56,2,False,True,False
272.0935974121094,REPLAY,NEUTRAL,3,206,166,56,2,False,True,False
272.14576721191406,REPLAY,NEUTRAL,3,206,166,56,3,False,True,False
272.1939239501953,REPLAY,NEUTRAL,3,206,166,56,3,False,True,False
272.24208068847656,REPLAY,NEUTRAL,3,206,166,56,3,False,True,False
272.29425048828125,REPLAY,NEUTRAL,3,206,166,56,3,False,True,False
272.3424072265625,REPLAY,NEUTRAL,3,206,166,56,3,False,True,False
272.3945770263672,REPLAY,NEUTRAL,3,206,166,56,3,False,True,False
272.44273376464844,REPLAY,NEUTRAL,3,206,166,56,3,False,True,False
272.4949035644531,REPLAY,NEUTRAL,3,206,166,56,3,False,True,False
272.5430603027344,REPLAY,NEUTRAL,3,206,166,56,3,False,True,False
272.59523010253906,REPLAY,NEUTRAL,3,206,166,56,3,False,True,False
272.6433868408203,REPLAY,NEUTRAL,3,206,166,56,3,False,True,False
272.695556640625,REPLAY,NEUTRAL,3,206,166,56,3,False,True,False
272.74371337890625,REPLAY,NEUTRAL,3,206,166,56,3,False,True,False
272.79588317871094,REPLAY,NEUTRAL,3,206,166,56,3,False,True,False
272.8440399169922,REPLAY,NEUTRAL,3,206,166,56,3,False,True,False
272.89219665527344,REPLAY,NEUTRAL,3,206,166,56,3,False,True,False
272.9443664550781,REPLAY,NEUTRAL,3,206,166,56,3,False,True,False
272.9925231933594,REPLAY,NEUTRAL,3,206,166,56,3,False,True,False
273.04469299316406,REPLAY,NEUTRAL,3,206,166,56,3,False,True,False
273.0928497314453,REPLAY,NEUTRAL,3,206,166,56,3,False,True,False
273.14501953125,REPLAY,NEUTRAL,3,207,167,56,2,False,True,False
273.19317626953125,REPLAY,NEUTRAL,3,207,167,56,2,False,True,False
273.24534606933594,REPLAY,NEUTRAL,3,207,167,56,3,False,True,False
273.2935028076172,REPLAY,NEUTRAL,3,207,167,56,3,False,True,False
273.3456726074219,REPLAY,NEUTRAL,3,207,167,56,3,False,True,False
273.3938293457031,REPLAY,NEUTRAL,3,207,167,56,3,False,True,False
273.4419860839844,REPLAY,NEUTRAL,3,207,167,56,3,False,True,False
273.49415588378906,REPLAY,NEUTRAL,3,207,167,56,3,False,True,False
273.5423126220703,REPLAY,NEUTRAL,3,207,167,56,3,False,True,False
273.594482421875,REPLAY,NEUTRAL,3,207,167,56,3,False,True,False
273.64263916015625,REPLAY,NEUTRAL,3,207,167,56,3,False,True,False
273.69480895996094,REPLAY,NEUTRAL,3,207,167,56,3,False,True,False
273.7429656982422,REPLAY,NEUTRAL,3,207,167,56,3,False,True,False
273.7951354980469,REPLAY,NEUTRAL,3,207,167,56,3,False,True,False
273.8432922363281,REPLAY,NEUTRAL,3,207,167,56,3,False,True,False
273.8954620361328,REPLAY,NEUTRAL,3,207,167,56,3,False,True,False
273.94361877441406,REPLAY,NEUTRAL,3,207,167,56,3,False,True,False
273.99578857421875,REPLAY,NEUTRAL,3,207,167,57,2,False,True,False
274.0439453125,REPLAY,NEUTRAL,3,207,167,57,2,False,True,False
274.09210205078125,REPLAY,NEUTRAL,3,207,167,57,2,False,True,False
274.14427185058594,REPLAY,NEUTRAL,3,207,167,57,2,False,True,False
274.1924285888672,REPLAY,NEUTRAL,3,207,167,57,2,False,True,False
274.2445983886719,REPLAY,NEUTRAL,3,207,167,57,2,False,True,False
274.2927551269531,REPLAY,NEUTRAL,3,207,167,57,2,False,True,False
274.3449249267578,REPLAY,NEUTRAL,3,207,167,57,2,False,True,False
274.39308166503906,REPLAY,NEUTRAL,3,207,167,57,3,False,True,False
274.44525146484375,REPLAY,NEUTRAL,3,207,167,57,3,False,True,False
274.493408203125,REPLAY,NEUTRAL,3,207,167,57,3,False,True,False
274.5455780029297,REPLAY,NEUTRAL,3,207,167,57,3,False,True,False
274.59373474121094,REPLAY,NEUTRAL,3,207,167,57,3,False,True,False
274.6459045410156,REPLAY,NEUTRAL,3,207,167,57,3,False,True,False
274.6940612792969,REPLAY,NEUTRAL,3,207,167,57,3,False,True,False
274.7422180175781,REPLAY,NEUTRAL,3,207,167,57,3,False,True,False
274.7943878173828,REPLAY,NEUTRAL,3,207,167,57,3,False,True,False
274.84254455566406,REPLAY,NEUTRAL,3,207,167,57,3,False,True,False
274.89471435546875,REPLAY,NEUTRAL,3,207,167,57,3,False,True,False
274.94287109375,REPLAY,NEUTRAL,3,207,167,57,3,False,True,False
274.9950408935547,REPLAY,NEUTRAL,3,207,167,57,3,False,True,False
275.04319763183594,REPLAY,NEUTRAL,3,207,167,57,3,False,True,False
275.0953674316406,REPLAY,NEUTRAL,3,207,167,57,3,False,True,False
275.1435241699219,REPLAY,NEUTRAL,3,207,167,57,3,False,True,False
275.19569396972656,REPLAY,NEUTRAL,3,208,168,57,2,False,True,False
275.2438507080078,REPLAY,NEUTRAL,3,208,168,57,2,False,True,False
275.29200744628906,REPLAY,NEUTRAL,3,208,168,57,2,False,True,False
275.34417724609375,REPLAY,NEUTRAL,3,208,168,57,2,False,True,False
275.392333984375,REPLAY,NEUTRAL,3,208,168,57,2,False,True,False
275.4445037841797,REPLAY,NEUTRAL,3,208,168,57,2,False,True,False
275.49266052246094,REPLAY,NEUTRAL,3,208,168,57,2,False,True,False
275.5448303222656,REPLAY,NEUTRAL,3,208,168,57,2,False,True,False
275.5929870605469,REPLAY,NEUTRAL,3,208,168,57,2,False,True,False
275.64515686035156,REPLAY,NEUTRAL,3,208,168,57,2,False,True,False
275.6933135986328,REPLAY,NEUTRAL,3,208,168,57,2,False,True,False
275.7454833984375,REPLAY,NEUTRAL,3,208,168,57,2,False,True,False
275.79364013671875,REPLAY,NEUTRAL,3,208,168,57,3,False,True,False
275.84580993652344,REPLAY,NEUTRAL,3,208,168,57,3,False,True,False
275.8939666748047,REPLAY,NEUTRAL,3,208,168,57,3,False,True,False
275.94212341308594,REPLAY,NEUTRAL,3,208,168,57,3,False,True,False
275.9942932128906,REPLAY,NEUTRAL,3,208,168,57,3,False,True,False
276.0424499511719,REPLAY,NEUTRAL,3,208,168,57,3,False,True,False
276.09461975097656,REPLAY,NEUTRAL,3,208,168,57,3,False,True,False
276.1427764892578,REPLAY,NEUTRAL,3,209,169,57,2,False,True,False
276.1949462890625,REPLAY,NEUTRAL,3,209,169,57,2,False,True,False
276.24310302734375,REPLAY,NEUTRAL,3,209,169,57,2,False,True,False
276.29527282714844,REPLAY,NEUTRAL,3,209,169,57,2,False,True,False
276.3434295654297,REPLAY,NEUTRAL,3,209,169,57,2,False,True,False
276.3955993652344,REPLAY,NEUTRAL,3,209,169,57,2,False,True,False
276.4437561035156,REPLAY,NEUTRAL,3,209,169,57,2,False,True,False
276.4959259033203,REPLAY,NEUTRAL,3,209,169,57,2,False,True,False
276.54408264160156,REPLAY,NEUTRAL,3,209,169,57,2,False,True,False
276.5922393798828,REPLAY,NEUTRAL,3,209,169,57,2,False,True,False
276.6444091796875,REPLAY,NEUTRAL,3,209,169,57,2,False,True,False
276.69256591796875,REPLAY,NEUTRAL,3,209,169,57,2,False,True,False
276.74473571777344,REPLAY,NEUTRAL,3,209,169,57,2,False,True,False
276.7928924560547,REPLAY,NEUTRAL,3,209,169,57,3,False,True,False
276.8450622558594,REPLAY,NEUTRAL,3,209,169,57,3,False,True,False
276.8932189941406,REPLAY,NEUTRAL,3,209,169,57,3,False,True,False
276.9453887939453,REPLAY,NEUTRAL,3,209,169,57,3,False,True,False
276.99354553222656,REPLAY,NEUTRAL,3,209,169,57,3,False,True,False
277.04571533203125,REPLAY,NEUTRAL,3,209,169,57,3,False,True,False
277.0938720703125,REPLAY,NEUTRAL,3,210,170,57,2,False,True,False
277.14202880859375,REPLAY,NEUTRAL,3,210,170,57,2,False,True,False
277.19419860839844,REPLAY,NEUTRAL,3,210,170,57,2,False,True,False
277.2423553466797,REPLAY,NEUTRAL,3,210,170,57,2,False,True,False
277.2945251464844,REPLAY,NEUTRAL,3,210,170,57,2,False,True,False
277.3426818847656,REPLAY,NEUTRAL,3,210,170,57,2,False,True,False
277.3948516845703,REPLAY,NEUTRAL,3,210,170,57,2,False,True,False
277.44300842285156,REPLAY,NEUTRAL,3,210,170,57,2,False,True,False
277.49517822265625,REPLAY,NEUTRAL,3,210,170,57,2,False,True,False
277.5433349609375,REPLAY,NEUTRAL,3,210,170,57,2,False,True,False
277.5955047607422,REPLAY,NEUTRAL,3,210,170,57,2,False,True,False
277.64366149902344,REPLAY,NEUTRAL,3,210,170,57,2,False,True,False
277.6958312988281,REPLAY,NEUTRAL,3,210,170,57,2,False,True,False
277.7439880371094,REPLAY,NEUTRAL,3,210,170,57,2,False,True,False
277.7921447753906,REPLAY,NEUTRAL,3,210,170,57,2,False,True,False
277.8443145751953,REPLAY,NEUTRAL,3,210,170,57,2,False,True,False
277.89247131347656,REPLAY,NEUTRAL,3,210,170,57,2,False,True,False
277.94464111328125,REPLAY,NEUTRAL,3,210,170,57,2,False,True,False
277.9927978515625,REPLAY,NEUTRAL,3,210,170,57,2,False,True,False
278.0449676513672,REPLAY,NEUTRAL,3,210,170,57,3,False,True,False
278.09312438964844,REPLAY,NEUTRAL,3,210,170,57,3,False,True,False
278.1452941894531,REPLAY,NEUTRAL,3,210,170,57,3,False,True,False
278.1934509277344,REPLAY,NEUTRAL,3,210,170,57,3,False,True,False
278.24562072753906,REPLAY,NEUTRAL,3,210,170,57,3,False,True,False
278.2937774658203,REPLAY,NEUTRAL,3,210,170,57,3,False,True,False
278.345947265625,REPLAY,NEUTRAL,3,210,170,57,3,False,True,False
278.39410400390625,REPLAY,NEUTRAL,3,210,170,57,3,False,True,False
278.4422607421875,REPLAY,NEUTRAL,3,210,170,57,3,False,True,False
278.4944305419922,REPLAY,NEUTRAL,3,210,170,57,3,False,True,False
278.54258728027344,REPLAY,NEUTRAL,3,210,170,57,3,False,True,False
278.5947570800781,REPLAY,NEUTRAL,3,210,170,57,3,False,True,False
278.6429138183594,REPLAY,NEUTRAL,3,210,170,57,3,False,True,False
278.69508361816406,REPLAY,NEUTRAL,3,210,170,57,3,False,True,False
278.7432403564453,REPLAY,NEUTRAL,3,210,170,57,3,False,True,False
278.79541015625,REPLAY,NEUTRAL,3,210,170,57,3,False,True,False
278.84356689453125,REPLAY,NEUTRAL,3,210,170,57,3,False,True,False
278.89573669433594,REPLAY,NEUTRAL,3,210,170,57,3,False,True,False
278.9438934326172,REPLAY,NEUTRAL,3,210,170,57,3,False,True,False
278.99205017089844,REPLAY,NEUTRAL,3,210,170,57,3,False,True,False
279.0442199707031,REPLAY,NEUTRAL,3,210,170,57,3,False,True,False
279.0923767089844,REPLAY,NEUTRAL,3,211,171,57,2,False,True,False
279.14454650878906,REPLAY,NEUTRAL,3,211,171,57,2,False,True,False
279.1927032470703,REPLAY,NEUTRAL,3,211,171,57,2,False,True,False
279.244873046875,REPLAY,NEUTRAL,3,211,171,57,2,False,True,False
279.29302978515625,REPLAY,NEUTRAL,3,211,171,57,2,False,True,False
279.34519958496094,REPLAY,NEUTRAL,3,211,171,57,2,False,True,False
279.3933563232422,REPLAY,NEUTRAL,3,211,171,57,2,False,True,False
279.4455261230469,REPLAY,NEUTRAL,3,211,171,57,2,False,True,False
279.4936828613281,REPLAY,NEUTRAL,3,212,172,57,1,False,True,False
279.5458526611328,REPLAY,NEUTRAL,3,212,172,57,2,False,True,False
279.59400939941406,REPLAY,NEUTRAL,3,212,172,57,2,False,True,False
279.6421661376953,REPLAY,NEUTRAL,3,212,172,57,2,False,True,False
279.6943359375,REPLAY,NEUTRAL,3,212,172,57,2,False,True,False
279.74249267578125,REPLAY,NEUTRAL,3,212,172,57,2,False,True,False
279.79466247558594,REPLAY,CLICK,3,214,173,57,1,False,True,False
279.8428192138672,REPLAY,NEUTRAL,3,214,173,57,1,False,True,False
279.8949890136719,REPLAY,NEUTRAL,3,214,173,57,1,False,True,False
279.9431457519531,REPLAY,NEUTRAL,3,214,173,57,1,False,True,False
279.9953155517578,REPLAY,NEUTRAL,3,214,173,57,1,False,True,False
280.04347229003906,REPLAY,NEUTRAL,3,214,173,57,1,False,True,False
280.09564208984375,REPLAY,NEUTRAL,3,214,173,57,1,False,True,False
280.143798828125,REPLAY,NEUTRAL,3,214,173,57,1,False,True,False
280.1959686279297,REPLAY,CLICK + HOLD,3,214,173,57,1,True,True,False
280.24412536621094,REPLAY,CLICK + HOLD,3,214,173,57,1,True,True,False
280.2922821044922,REPLAY,CLICK + HOLD,3,214,173,57,1,True,True,False
280.3444519042969,REPLAY,CLICK + HOLD,3,214,173,57,1,True,True,False
280.3926086425781,REPLAY,CLICK + HOLD,3,215,174,57,0,True,True,False
280.4447784423828,REPLAY,CLICK + HOLD,3,215,174,57,1,True,True,False
280.49293518066406,REPLAY,CLICK + HOLD,3,215,174,57,1,True,True,False
280.54510498046875,REPLAY,CLICK + HOLD,3,215,174,57,1,True,True,False
280.59326171875,REPLAY,CLICK + HOLD,3,215,174,57,1,True,True,False
280.6454315185547,REPLAY,CLICK + HOLD,3,215,174,57,1,True,True,False
280.69358825683594,REPLAY,CLICK + HOLD,3,215,174,57,1,True,True,False
280.7457580566406,REPLAY,CLICK + HOLD,3,215,174,57,1,True,True,False
280.7939147949219,REPLAY,CLICK + HOLD,3,215,174,57,1,True,True,False
280.8420715332031,REPLAY,CLICK + HOLD,3,215,174,57,1,True,True,False
280.8942413330078,REPLAY,CLICK + HOLD,3,215,174,57,1,True,True,False
280.94239807128906,REPLAY,CLICK + HOLD,3,215,174,57,1,True,True,False
280.99456787109375,REPLAY,CLICK + HOLD,3,215,174,57,1,True,True,False
281.042724609375,REPLAY,CLICK + HOLD,3,215,174,57,1,True,True,False
281.0948944091797,REPLAY,CLICK + HOLD,3,215,174,57,1,True,True,False
281.14305114746094,REPLAY,CLICK + HOLD,3,215,174,57,1,True,True,False
281.1952209472656,REPLAY,CLICK + HOLD,3,215,174,57,1,True,True,False
281.2433776855469,REPLAY,CLICK + HOLD,3,215,174,57,1,True,True,False
281.29554748535156,REPLAY,CLICK + HOLD,3,215,174,57,1,True,True,False
281.3437042236328,REPLAY,CLICK + HOLD,3,216,175,57,0,True,True,False
281.3958740234375,REPLAY,CLICK + HOLD,3,216,175,57,0,True,True,False
281.44403076171875,REPLAY,CLICK + HOLD,3,216,175,57,1,True,True,False
281.4921875,REPLAY,CLICK + HOLD,3,216,175,57,1,True,True,False
281.5443572998047,REPLAY,CLICK + HOLD,3,216,175,57,1,True,True,False
281.59251403808594,REPLAY,CLICK + HOLD,3,216,175,57,1,True,True,False
281.6446838378906,REPLAY,CLICK + HOLD,3,216,175,57,1,True,True,False
281.6928405761719,REPLAY,CLICK + HOLD,3,216,175,57,1,True,True,False
281.74501037597656,REPLAY,CLICK + HOLD,3,216,175,57,1,True,True,False
281.7931671142578,REPLAY,CLICK + HOLD,3,216,175,57,1,True,True,False
281.8453369140625,REPLAY,CLICK + HOLD,3,216,175,57,1,True,True,False
281.89349365234375,REPLAY,CLICK + HOLD,3,216,175,57,1,True,True,False
281.94566345214844,REPLAY,CLICK + HOLD,3,216,175,57,1,True,True,False
281.9938201904297,REPLAY,CLICK + HOLD,3,216,175,57,1,True,True,False
282.04197692871094,REPLAY,CLICK + HOLD,3,216,175,57,1,True,True,False
282.0941467285156,REPLAY,CLICK + HOLD,3,216,175,57,1,True,True,False
282.1423034667969,REPLAY,CLICK + HOLD,3,216,175,57,1,True,True,False
282.19447326660156,REPLAY,CLICK + HOLD,3,216,175,57,1,True,True,False
282.2426300048828,REPLAY,CLICK + HOLD,3,216,175,57,1,True,True,False
282.2947998046875,REPLAY,CLICK + HOLD,3,216,175,57,1,True,True,False
282.34295654296875,REPLAY,CLICK + HOLD,3,217,176,57,0,True,True,False
282.39512634277344,REPLAY,CLICK + HOLD,3,217,176,57,0,True,True,False
282.4432830810547,REPLAY,CLICK + HOLD,3,217,176,57,0,True,True,False
282.4954528808594,REPLAY,CLICK + HOLD,3,217,176,57,0,True,True,False
282.5436096191406,REPLAY,CLICK + HOLD,3,217,176,57,0,True,True,False
282.5957794189453,REPLAY,CLICK + HOLD,3,217,176,57,0,True,True,False
282.64393615722656,REPLAY,CLICK + HOLD,3,217,176,57,1,True,True,False
282.6920928955078,REPLAY,CLICK + HOLD,3,217,176,57,1,True,True,False
282.7442626953125,REPLAY,CLICK + HOLD,3,217,176,57,1,True,True,False
282.79241943359375,REPLAY,CLICK + HOLD,3,217,176,57,1,True,True,False
282.84458923339844,REPLAY,CLICK + HOLD,3,217,176,57,1,True,True,False
282.8927459716797,REPLAY,CLICK + HOLD,3,217,176,57,1,True,True,False
282.9449157714844,REPLAY,CLICK + HOLD,3,217,176,57,1,True,True,False
282.9930725097656,REPLAY,CLICK + HOLD,3,217,176,57,1,True,True,False
283.0452423095703,REPLAY,CLICK + HOLD,3,217,176,57,1,True,True,False
283.09339904785156,REPLAY,CLICK + HOLD,3,217,176,57,1,True,True,False
283.14556884765625,REPLAY,CLICK + HOLD,3,217,176,57,1,True,True,False
283.1937255859375,REPLAY,CLICK + HOLD,3,217,176,57,1,True,True,False
283.2458953857422,REPLAY,CLICK + HOLD,3,217,176,57,1,True,True,False
283.29405212402344,REPLAY,CLICK + HOLD,3,217,176,57,1,True,True,False
283.3422088623047,REPLAY,CLICK + HOLD,3,217,176,57,1,True,True,False
283.3943786621094,REPLAY,CLICK + HOLD,3,217,176,57,1,True,True,False
283.4425354003906,REPLAY,CLICK + HOLD,3,217,176,57,1,True,True,False
283.4947052001953,REPLAY,CLICK + HOLD,3,217,176,57,1,True,True,False
283.54286193847656,REPLAY,CLICK + HOLD,3,217,176,57,1,True,True,False
283.59503173828125,REPLAY,CLICK + HOLD,3,218,177,57,0,True,True,False
283.6431884765625,REPLAY,CLICK + HOLD,3,218,177,57,0,True,True,False
283.6953582763672,REPLAY,CLICK + HOLD,3,218,177,57,1,True,True,False
283.74351501464844,REPLAY,CLICK + HOLD,3,218,177,57,1,True,True,False
283.7956848144531,REPLAY,CLICK + HOLD,3,218,177,57,1,True,True,False
283.8438415527344,REPLAY,CLICK + HOLD,3,218,177,57,1,True,True,False
283.8919982910156,REPLAY,CLICK + HOLD,3,218,177,57,1,True,True,False
283.9441680908203,REPLAY,CLICK + HOLD,3,218,177,57,1,True,True,False
283.99232482910156,REPLAY,CLICK + HOLD,3,218,177,57,1,True,True,False
284.04449462890625,REPLAY,CLICK + HOLD,3,218,177,57,1,True,True,False
284.0926513671875,REPLAY,CLICK + HOLD,3,218,177,57,1,True,True,False
284.1448211669922,REPLAY,CLICK + HOLD,3,218,177,57,1,True,True,False
284.19297790527344,REPLAY,CLICK + HOLD,3,218,177,57,1,True,True,False
284.2451477050781,REPLAY,CLICK + HOLD,3,218,177,57,1,True,True,False
284.2933044433594,REPLAY,CLICK + HOLD,3,218,177,57,1,True,True,False
284.34547424316406,REPLAY,CLICK + HOLD,3,218,177,57,1,True,True,False
284.3936309814453,REPLAY,CLICK + HOLD,3,218,177,57,1,True,True,False
284.44580078125,REPLAY,CLICK + HOLD,3,218,177,57,1,True,True,False
284.49395751953125,REPLAY,CLICK + HOLD,3,218,177,57,1,True,True,False
284.5421142578125,REPLAY,CLICK + HOLD,3,219,178,57,0,True,True,False
284.5942840576172,REPLAY,CLICK + HOLD,3,219,178,57,0,True,True,False
284.64244079589844,REPLAY,CLICK + HOLD,3,219,178,57,0,True,True,False
284.6946105957031,REPLAY,CLICK + HOLD,3,219,178,57,0,True,True,False
284.7427673339844,REPLAY,CLICK + HOLD,3,219,178,57,1,True,True,False
284.79493713378906,REPLAY,CLICK + HOLD,3,219,178,57,1,True,True,False
284.8430938720703,REPLAY,CLICK + HOLD,3,219,178,57,1,True,True,False
284.895263671875,REPLAY,CLICK + HOLD,3,219,178,57,1,True,True,False
284.94342041015625,REPLAY,CLICK + HOLD,3,219,178,57,1,True,True,False
284.99559020996094,REPLAY,CLICK + HOLD,3,219,178,57,1,True,True,False
285.0437469482422,REPLAY,CLICK + HOLD,3,219,178,57,1,True,True,False
285.0959167480469,REPLAY,CLICK + HOLD,3,219,178,57,1,True,True,False
285.1440734863281,REPLAY,CLICK + HOLD,3,219,178,57,1,True,True,False
285.1922302246094,REPLAY,CLICK + HOLD,3,219,178,57,1,True,True,False
285.24440002441406,REPLAY,CLICK + HOLD,3,219,178,57,1,True,True,False
285.2925567626953,REPLAY,CLICK + HOLD,3,219,178,57,1,True,True,False
285.3447265625,REPLAY,CLICK + HOLD,3,219,178,57,1,True,True,False
285.39288330078125,REPLAY,CLICK + HOLD,3,219,178,57,1,True,True,False
285.44505310058594,REPLAY,CLICK + HOLD,3,219,178,57,1,True,True,False
285.4932098388672,REPLAY,CLICK + HOLD,3,219,178,57,1,True,True,False
285.5453796386719,REPLAY,CLICK + HOLD,3,219,178,57,1,True,True,False
285.5935363769531,REPLAY,CLICK + HOLD,3,219,178,57,1,True,True,False
285.6457061767578,REPLAY,CLICK + HOLD,3,219,178,57,1,True,True,False
285.69386291503906,REPLAY,CLICK + HOLD,3,220,179,57,0,True,True,False
285.7420196533203,REPLAY,CLICK + HOLD,3,220,179,57,0,True,True,False
285.794189453125,REPLAY,CLICK + HOLD,3,220,179,57,0,True,True,False
285.84234619140625,REPLAY,CLICK + HOLD,3,220,179,57,0,True,True,False
285.89451599121094,REPLAY,CLICK + HOLD,3,220,179,57,0,True,True,False
285.9426727294922,REPLAY,CLICK + HOLD,3,220,179,57,0,True,True,False
285.9948425292969,REPLAY,CLICK + HOLD,3,220,179,57,0,True,True,False
286.0429992675781,REPLAY,CLICK + HOLD,3,220,179,57,0,True,True,False
286.0951690673828,REPLAY,CLICK + HOLD,3,220,179,57,0,True,True,False
286.14332580566406,REPLAY,CLICK + HOLD,3,220,179,57,0,True,True,False
286.19549560546875,REPLAY,CLICK + HOLD,3,220,179,57,0,True,True,False
286.24365234375,REPLAY,CLICK + HOLD,3,220,179,57,0,True,True,False
286.2958221435547,REPLAY,CLICK + HOLD,3,220,179,57,0,True,True,False
286.34397888183594,REPLAY,CLICK + HOLD,3,220,179,57,1,True,True,False
286.3921356201172,REPLAY,CLICK + HOLD,3,220,179,57,1,True,True,False
286.4443054199219,REPLAY,CLICK + HOLD,3,220,179,57,1,True,True,False
286.4924621582031,REPLAY,CLICK + HOLD,3,220,179,57,1,True,True,False
286.5446319580078,REPLAY,CLICK + HOLD,3,220,179,57,1,True,True,False
286.59278869628906,REPLAY,CLICK + HOLD,3,220,179,57,1,True,True,False
286.64495849609375,REPLAY,CLICK + HOLD,3,220,179,57,1,True,True,False
286.693115234375,REPLAY,CLICK + HOLD,3,220,179,57,1,True,True,False
286.7452850341797,REPLAY,CLICK + HOLD,3,220,179,57,1,True,True,False
286.79344177246094,REPLAY,CLICK + HOLD,3,220,179,57,1,True,True,False
286.8456115722656,REPLAY,CLICK + HOLD,3,220,179,57,1,True,True,False
286.8937683105469,REPLAY,CLICK + HOLD,3,220,179,57,1,True,True,False
286.94593811035156,REPLAY,CLICK + HOLD,3,220,179,57,1,True,True,False
286.9940948486328,REPLAY,CLICK + HOLD,3,220,179,57,1,True,True,False
287.04225158691406,REPLAY,CLICK + HOLD,3,220,179,57,1,True,True,False
287.09442138671875,REPLAY,CLICK + HOLD,3,220,179,57,1,True,True,False
287.142578125,REPLAY,CLICK + HOLD,3,220,179,57,1,True,True,False
287.1947479248047,REPLAY,CLICK + HOLD,3,220,179,57,2,True,True,False
287.24290466308594,REPLAY,CLICK + HOLD,3,220,179,57,2,True,True,False
287.2950744628906,REPLAY,CLICK + HOLD,3,220,179,57,2,True,True,False
287.3432312011719,REPLAY,CLICK + HOLD,3,220,179,57,2,True,True,False
287.39540100097656,REPLAY,CLICK + HOLD,3,220,179,57,2,True,True,False
287.4435577392578,REPLAY,CLICK + HOLD,3,220,179,57,2,True,True,False
287.4957275390625,REPLAY,CLICK + HOLD,3,220,179,57,2,True,True,False
287.54388427734375,REPLAY,CLICK + HOLD,3,220,179,57,2,True,True,False
287.592041015625,REPLAY,CLICK + HOLD,3,220,179,57,2,True,True,False
287.6442108154297,REPLAY,CLICK + HOLD,3,220,179,57,2,True,True,False
287.69236755371094,REPLAY,CLICK + HOLD,3,220,179,57,2,True,True,False
287.7445373535156,REPLAY,CLICK + HOLD,3,220,179,57,2,True,True,False
287.7926940917969,REPLAY,CLICK + HOLD,3,220,179,57,2,True,True,False
287.84486389160156,REPLAY,CLICK + HOLD,3,220,179,57,2,True,True,False
287.8930206298828,REPLAY,CLICK + HOLD,3,220,179,57,2,True,True,False
287.9451904296875,REPLAY,CLICK + HOLD,3,220,179,57,2,True,True,False
287.99334716796875,REPLAY,CLICK + HOLD,3,220,179,57,2,True,True,False
288.04551696777344,REPLAY,NEUTRAL,3,220,179,57,2,False,True,False
288.0936737060547,REPLAY,NEUTRAL,3,220,179,57,2,False,True,False
288.1458435058594,REPLAY,NEUTRAL,3,220,179,57,2,False,True,False
288.1940002441406,REPLAY,NEUTRAL,3,220,179,57,2,False,True,False
288.2421569824219,REPLAY,NEUTRAL,3,220,179,57,2,False,True,False
288.29432678222656,REPLAY,NEUTRAL,3,220,179,57,2,False,True,False
288.3424835205078,REPLAY,NEUTRAL,3,220,179,57,2,False,True,False
288.3946533203125,REPLAY,NEUTRAL,3,220,179,57,2,False,True,False
288.44281005859375,REPLAY,NEUTRAL,3,220,179,57,2,False,True,False
288.49497985839844,REPLAY,NEUTRAL,3,220,179,57,2,False,True,False
288.5431365966797,REPLAY,NEUTRAL,3,220,179,57,2,False,True,False
288.5953063964844,REPLAY,NEUTRAL,3,220,179,57,3,False,True,False
288.6434631347656,REPLAY,NEUTRAL,3,220,179,57,3,False,True,False
288.6956329345703,REPLAY,NEUTRAL,3,220,179,57,3,False,True,False
288.74378967285156,REPLAY,NEUTRAL,3,220,179,57,3,False,True,False
288.79595947265625,REPLAY,NEUTRAL,3,220,179,57,3,False,True,False
288.8441162109375,REPLAY,NEUTRAL,3,220,179,57,3,False,True,False
288.89227294921875,REPLAY,NEUTRAL,3,220,179,57,3,False,True,False
288.94444274902344,REPLAY,NEUTRAL,3,220,179,57,3,False,True,False
288.9925994873047,REPLAY,NEUTRAL,3,220,179,57,3,False,True,False
289.0447692871094,REPLAY,NEUTRAL,3,220,179,57,3,False,True,False
289.0929260253906,REPLAY,NEUTRAL,3,220,179,57,3,False,True,False
289.1450958251953,REPLAY,NEUTRAL,3,220,179,57,3,False,True,False
289.19325256347656,REPLAY,NEUTRAL,3,220,179,57,3,False,True,False
289.24542236328125,REPLAY,NEUTRAL,3,220,179,57,3,False,True,False
289.2935791015625,REPLAY,NEUTRAL,3,220,179,57,3,False,True,False
289.3457489013672,REPLAY,NEUTRAL,3,220,179,57,3,False,True,False
289.39390563964844,REPLAY,NEUTRAL,3,220,179,57,3,False,True,False
289.4420623779297,REPLAY,NEUTRAL,3,220,179,57,3,False,True,False
289.4942321777344,REPLAY,NEUTRAL,3,220,179,57,3,False,True,False
289.5423889160156,REPLAY,NEUTRAL,3,220,179,57,3,False,True,False
289.5945587158203,REPLAY,NEUTRAL,3,220,179,57,3,False,True,False
289.64271545410156,REPLAY,NEUTRAL,3,220,179,57,3,False,True,False
289.69488525390625,REPLAY,NEUTRAL,3,220,179,57,3,False,True,False
289.7430419921875,REPLAY,NEUTRAL,3,220,179,57,3,False,True,False
289.7952117919922,REPLAY,NEUTRAL,3,220,179,57,3,False,True,False
289.84336853027344,REPLAY,NEUTRAL,3,220,179,57,3,False,True,False
289.8955383300781,REPLAY,NEUTRAL,3,220,179,57,3,False,True,False
289.9436950683594,REPLAY,NEUTRAL,3,220,179,57,4,False,True,False
289.99586486816406,REPLAY,NEUTRAL,3,220,179,58,3,False,True,False
290.0440216064453,REPLAY,NEUTRAL,3,220,179,58,3,False,True,False
290.09217834472656,REPLAY,NEUTRAL,3,220,179,58,3,False,True,False
290.14434814453125,REPLAY,NEUTRAL,3,220,179,58,3,False,True,False
290.1925048828125,REPLAY,NEUTRAL,3,220,179,58,3,False,True,False
290.2446746826172,REPLAY,NEUTRAL,3,220,179,58,3,False,True,False
290.29283142089844,REPLAY,NEUTRAL,3,220,179,58,3,False,True,False
290.3450012207031,REPLAY,NEUTRAL,3,220,179,58,3,False,True,False
290.3931579589844,REPLAY,NEUTRAL,3,221,180,58,2,False,True,False
290.44532775878906,REPLAY,NEUTRAL,3,221,180,58,2,False,True,False
290.4934844970703,REPLAY,NEUTRAL,3,221,180,58,2,False,True,False
290.545654296875,REPLAY,NEUTRAL,3,221,180,58,2,False,True,False
290.59381103515625,REPLAY,NEUTRAL,3,221,180,58,2,False,True,False
290.64598083496094,REPLAY,NEUTRAL,3,221,180,58,2,False,True,False
290.6941375732422,REPLAY,NEUTRAL,3,221,180,58,2,False,True,False
290.74229431152344,REPLAY,NEUTRAL,3,221,180,58,2,False,True,False
290.7944641113281,REPLAY,NEUTRAL,3,221,180,58,2,False,True,False
290.8426208496094,REPLAY,NEUTRAL,3,221,180,58,2,False,True,False
290.89479064941406,REPLAY,NEUTRAL,3,221,180,58,3,False,True,False
290.9429473876953,REPLAY,NEUTRAL,3,221,180,58,3,False,True,False
290.9951171875,REPLAY,NEUTRAL,3,221,180,58,3,False,True,False
291.04327392578125,REPLAY,NEUTRAL,3,221,180,58,3,False,True,False
291.09544372558594,REPLAY,NEUTRAL,3,221,180,58,3,False,True,False
291.1436004638672,REPLAY,NEUTRAL,3,221,180,58,3,False,True,False
291.1957702636719,REPLAY,NEUTRAL,3,221,180,58,3,False,True,False
291.2439270019531,REPLAY,NEUTRAL,3,221,180,58,3,False,True,False
291.2920837402344,REPLAY,NEUTRAL,3,221,180,58,3,False,True,False
291.34425354003906,REPLAY,NEUTRAL,3,221,180,58,3,False,True,False
291.3924102783203,REPLAY,NEUTRAL,3,221,180,58,3,False,True,False
291.444580078125,REPLAY,NEUTRAL,3,221,180,58,3,False,True,False
291.49273681640625,REPLAY,NEUTRAL,3,221,180,58,3,False,True,False
291.54490661621094,REPLAY,NEUTRAL,3,221,180,59,2,False,True,False
291.5930633544922,REPLAY,NEUTRAL,3,221,180,59,2,False,True,False
291.6452331542969,REPLAY,NEUTRAL,3,221,180,59,2,False,True,False
291.6933898925781,REPLAY,NEUTRAL,3,221,180,59,2,False,True,False
291.7455596923828,REPLAY,NEUTRAL,3,221,180,59,2,False,True,False
291.79371643066406,REPLAY,NEUTRAL,3,221,180,59,2,False,True,False
291.84588623046875,REPLAY,NEUTRAL,3,221,180,59,2,False,True,False
291.89404296875,REPLAY,NEUTRAL,3,221,180,59,2,False,True,False
291.94219970703125,REPLAY,NEUTRAL,3,221,180,59,2,False,True,False
291.99436950683594,REPLAY,NEUTRAL,3,221,180,59,2,False,True,False
292.0425262451172,REPLAY,NEUTRAL,3,221,180,59,2,False,True,False
292.0946960449219,REPLAY,NEUTRAL,3,221,180,59,2,False,True,False
292.1428527832031,REPLAY,NEUTRAL,3,221,180,59,2,False,True,False
292.1950225830078,REPLAY,NEUTRAL,3,221,180,59,3,False,True,False
292.24317932128906,REPLAY,NEUTRAL,3,221,180,59,3,False,True,False
292.29534912109375,REPLAY,NEUTRAL,3,221,180,59,3,False,True,False
292.343505859375,REPLAY,NEUTRAL,3,221,180,59,3,False,True,False
292.3956756591797,REPLAY,NEUTRAL,3,221,180,59,3,False,True,False
292.44383239746094,REPLAY,NEUTRAL,3,221,180,59,3,False,True,False
292.4919891357422,REPLAY,NEUTRAL,3,221,180,59,3,False,True,False
292.5441589355469,REPLAY,NEUTRAL,3,221,180,59,3,False,True,False
292.5923156738281,REPLAY,NEUTRAL,3,221,180,59,3,False,True,False
292.6444854736328,REPLAY,NEUTRAL,3,221,180,59,3,False,True,False
292.69264221191406,REPLAY,NEUTRAL,3,221,180,59,3,False,True,False
292.74481201171875,REPLAY,NEUTRAL,3,221,180,59,3,False,True,False
292.79296875,REPLAY,NEUTRAL,3,221,180,59,3,False,True,False
292.8451385498047,REPLAY,CLICK,3,223,181,59,2,False,True,False
292.89329528808594,REPLAY,NEUTRAL,3,223,181,59,2,False,True,False
292.9454650878906,REPLAY,NEUTRAL,3,223,181,59,2,False,True,False
292.9936218261719,REPLAY,NEUTRAL,3,223,181,59,2,False,True,False
293.04579162597656,REPLAY,NEUTRAL,3,223,181,59,3,False,True,False
293.0939483642578,REPLAY,NEUTRAL,3,223,181,59,3,False,True,False
293.14210510253906,REPLAY,NEUTRAL,3,223,181,59,3,False,True,False
293.19427490234375,REPLAY,NEUTRAL,3,223,181,59,3,False,True,False
293.242431640625,REPLAY,NEUTRAL,3,223,181,59,3,False,True,False
293.2946014404297,REPLAY,NEUTRAL,3,223,181,59,3,False,True,False
293.34275817871094,REPLAY,NEUTRAL,3,223,181,59,3,False,True,False
293.3949279785156,REPLAY,NEUTRAL,3,223,181,59,3,False,True,False
293.4430847167969,REPLAY,NEUTRAL,3,223,181,59,3,False,True,False
293.49525451660156,REPLAY,NEUTRAL,3,223,181,59,3,False,True,False
293.5434112548828,REPLAY,NEUTRAL,3,223,181,59,3,False,True,False
293.5955810546875,REPLAY,NEUTRAL,3,223,181,59,3,False,True,False
293.64373779296875,REPLAY,NEUTRAL,3,223,181,59,3,False,True,False
293.69590759277344,REPLAY,CLICK,3,225,182,59,2,False,True,False
293.7440643310547,REPLAY,NEUTRAL,3,225,182,59,2,False,True,False
293.79222106933594,REPLAY,NEUTRAL,3,225,182,59,2,False,True,False
293.8443908691406,REPLAY,NEUTRAL,3,225,182,59,2,False,True,False
293.8925476074219,REPLAY,NEUTRAL,3,225,182,59,2,False,True,False
293.94471740722656,REPLAY,NEUTRAL,3,225,182,59,2,False,True,False
293.9928741455078,REPLAY,CLICK + HOLD,3,226,183,59,1,True,True,False
294.0450439453125,REPLAY,CLICK + HOLD,3,226,183,59,1,True,True,False
294.09320068359375,REPLAY,CLICK + HOLD,3,226,183,59,1,True,True,False
294.14537048339844,REPLAY,CLICK + HOLD,3,226,183,59,1,True,True,False
294.1935272216797,REPLAY,CLICK + HOLD,3,226,183,59,1,True,True,False
294.2456970214844,REPLAY,CLICK + HOLD,3,226,183,59,2,True,True,False
294.2938537597656,REPLAY,NEUTRAL,3,226,183,59,2,False,True,False
294.3420104980469,REPLAY,NEUTRAL,3,226,183,59,2,False,True,False
294.39418029785156,REPLAY,NEUTRAL,3,226,183,59,2,False,True,False
294.4423370361328,REPLAY,NEUTRAL,3,226,183,59,2,False,True,False
294.4945068359375,REPLAY,CLICK,3,228,184,59,1,False,True,False
294.54266357421875,REPLAY,NEUTRAL,3,228,184,59,1,False,True,False
294.59483337402344,REPLAY,NEUTRAL,3,228,184,59,1,False,True,False
294.6429901123047,REPLAY,NEUTRAL,3,228,184,59,1,False,True,False
294.6951599121094,REPLAY,NEUTRAL,3,228,184,59,1,False,True,False
294.7433166503906,REPLAY,NEUTRAL,3,228,184,59,1,False,True,False
294.7954864501953,REPLAY,NEUTRAL,3,228,184,59,1,False,True,False
294.84364318847656,REPLAY,NEUTRAL,3,228,184,59,1,False,True,False
294.89581298828125,REPLAY,NEUTRAL,3,228,184,59,1,False,True,False
294.9439697265625,REPLAY,NEUTRAL,3,228,184,59,1,False,True,False
294.99212646484375,REPLAY,NEUTRAL,3,228,184,59,1,False,True,False
295.04429626464844,REPLAY,NEUTRAL,3,228,184,59,1,False,True,False
295.0924530029297,REPLAY,NEUTRAL,3,228,184,59,1,False,True,False
295.1446228027344,REPLAY,NEUTRAL,3,228,184,59,1,False,True,False
295.1927795410156,REPLAY,NEUTRAL,3,228,184,59,1,False,True,False
295.2449493408203,REPLAY,NEUTRAL,3,228,184,59,1,False,True,False
295.29310607910156,REPLAY,NEUTRAL,3,228,184,59,1,False,True,False
295.34527587890625,REPLAY,CLICK,3,228,184,59,1,False,True,False
295.3934326171875,REPLAY,NEUTRAL,3,228,184,59,1,False,True,False
295.4456024169922,REPLAY,NEUTRAL,3,228,184,59,1,False,True,False
295.49375915527344,REPLAY,NEUTRAL,3,228,184,59,1,False,True,False
295.5459289550781,REPLAY,NEUTRAL,3,228,184,59,1,False,True,False
295.5940856933594,REPLAY,NEUTRAL,3,228,184,59,1,False,True,False
295.6422424316406,REPLAY,NEUTRAL,3,228,184,60,0,False,True,False
295.6944122314453,REPLAY,NEUTRAL,3,228,184,60,1,False,True,False
295.74256896972656,REPLAY,NEUTRAL,3,228,184,60,1,False,True,False
295.79473876953125,REPLAY,NEUTRAL,3,228,184,60,1,False,True,False
295.8428955078125,REPLAY,NEUTRAL,3,228,184,60,1,False,True,False
295.8950653076172,REPLAY,NEUTRAL,3,228,184,60,1,False,True,False
295.94322204589844,REPLAY,NEUTRAL,3,228,184,60,1,False,True,False
295.9953918457031,REPLAY,NEUTRAL,3,228,184,60,1,False,True,False
296.0435485839844,REPLAY,NEUTRAL,3,228,184,60,1,False,True,False
296.09571838378906,REPLAY,NEUTRAL,3,228,184,60,1,False,True,False
296.1438751220703,REPLAY,NEUTRAL,3,228,184,60,1,False,True,False
296.19203186035156,REPLAY,CLICK,3,228,184,60,1,False,True,False
296.24420166015625,REPLAY,NEUTRAL,3,228,184,60,1,False,True,False
296.2923583984375,REPLAY,NEUTRAL,3,228,184,60,1,False,True,False
296.3445281982422,REPLAY,NEUTRAL,3,228,184,60,1,False,True,False
296.39268493652344,REPLAY,CLICK + HOLD,3,228,184,60,1,True,True,False
296.4448547363281,REPLAY,CLICK + HOLD,3,228,184,60,1,True,True,False
296.4930114746094,REPLAY,CLICK + HOLD,3,228,184,60,1,True,True,False
296.54518127441406,REPLAY,CLICK + HOLD,3,228,184,60,1,True,True,False
296.5933380126953,REPLAY,CLICK + HOLD,3,228,184,60,1,True,True,False
296.6455078125,REPLAY,CLICK + HOLD,3,228,184,60,1,True,True,False
296.69366455078125,REPLAY,CLICK + HOLD,3,228,184,60,1,True,True,False
296.74583435058594,REPLAY,CLICK + HOLD,3,228,184,60,1,True,True,False
296.7939910888672,REPLAY,CLICK + HOLD,3,228,184,60,1,True,True,False
296.84214782714844,REPLAY,CLICK + HOLD,3,228,184,60,1,True,True,False
296.8943176269531,REPLAY,CLICK + HOLD,3,228,184,60,1,True,True,False
296.9424743652344,REPLAY,CLICK + HOLD,3,228,184,60,2,True,True,False
296.99464416503906,REPLAY,CLICK + HOLD,3,228,184,60,2,True,True,False
297.0428009033203,REPLAY,CLICK + HOLD,3,228,184,60,2,True,True,False
297.094970703125,REPLAY,CLICK + HOLD,3,228,184,60,2,True,True,False
297.14312744140625,REPLAY,CLICK + HOLD,3,228,184,60,2,True,True,False
297.19529724121094,REPLAY,CLICK + HOLD,3,228,184,60,2,True,True,False
297.2434539794922,REPLAY,CLICK + HOLD,3,228,184,60,2,True,True,False
297.2956237792969,REPLAY,CLICK + HOLD,3,228,184,60,2,True,True,False
297.3437805175781,REPLAY,CLICK + HOLD,3,228,184,60,2,True,True,False
297.3959503173828,REPLAY,CLICK + HOLD,3,228,184,60,2,True,True,False
297.44410705566406,REPLAY,CLICK + HOLD,3,228,184,60,2,True,True,False
297.4922637939453,REPLAY,CLICK + HOLD,3,228,184,60,2,True,True,False
297.54443359375,REPLAY,CLICK + HOLD,3,228,184,60,2,True,True,False
297.59259033203125,REPLAY,CLICK + HOLD,3,228,184,60,2,True,True,False
297.64476013183594,REPLAY,CLICK + HOLD,3,228,184,60,2,True,True,False
297.6929168701172,REPLAY,CLICK + HOLD,3,228,184,60,2,True,True,False
297.7450866699219,REPLAY,CLICK + HOLD,3,229,185,60,1,True,True,False
297.7932434082031,REPLAY,CLICK + HOLD,3,229,185,60,1,True,True,False
297.8454132080078,REPLAY,CLICK + HOLD,3,229,185,60,1,True,True,False
297.89356994628906,REPLAY,CLICK + HOLD,3,229,185,60,1,True,True,False
297.94573974609375,REPLAY,CLICK + HOLD,3,229,185,60,1,True,True,False
297.993896484375,REPLAY,CLICK + HOLD,3,229,185,60,1,True,True,False
298.04205322265625,REPLAY,CLICK + HOLD,3,229,185,60,1,True,True,False
298.09422302246094,REPLAY,CLICK + HOLD,3,229,185,60,1,True,True,False
298.1423797607422,REPLAY,CLICK + HOLD,3,229,185,60,1,True,True,False
298.1945495605469,REPLAY,CLICK + HOLD,3,229,185,60,1,True,True,False
298.2427062988281,REPLAY,CLICK + HOLD,3,229,185,60,1,True,True,False
298.2948760986328,REPLAY,CLICK + HOLD,3,229,185,60,1,True,True,False
298.34303283691406,REPLAY,CLICK + HOLD,3,229,185,60,1,True,True,False
298.39520263671875,REPLAY,CLICK + HOLD,3,229,185,60,1,True,True,False
298.443359375,REPLAY,NEUTRAL,3,229,185,60,1,False,True,False
298.4955291748047,REPLAY,NEUTRAL,3,229,185,60,1,False,True,False
298.54368591308594,REPLAY,NEUTRAL,3,229,185,60,2,False,True,False
298.5958557128906,REPLAY,NEUTRAL,3,229,185,60,2,False,True,False
298.6440124511719,REPLAY,CLICK,3,231,186,60,1,False,True,False
298.6921691894531,REPLAY,NEUTRAL,3,231,186,60,1,False,True,False
298.7443389892578,REPLAY,NEUTRAL,3,231,186,60,1,False,True,False
298.79249572753906,REPLAY,NEUTRAL,3,231,186,60,1,False,True,False
298.84466552734375,REPLAY,NEUTRAL,3,231,186,60,1,False,True,False
298.892822265625,REPLAY,NEUTRAL,3,231,186,60,1,False,True,False
298.9449920654297,REPLAY,NEUTRAL,3,231,186,61,0,False,True,False
298.99314880371094,REPLAY,NEUTRAL,3,231,186,61,0,False,True,False
299.0453186035156,REPLAY,NEUTRAL,3,231,186,61,0,False,True,False
299.0934753417969,REPLAY,NEUTRAL,3,231,186,61,0,False,True,False
299.14564514160156,REPLAY,NEUTRAL,3,231,186,61,0,False,True,False
299.1938018798828,REPLAY,NEUTRAL,3,231,186,61,0,False,True,False
299.2459716796875,REPLAY,NEUTRAL,3,231,186,61,0,False,True,False
299.29412841796875,REPLAY,NEUTRAL,3,231,186,61,0,False,True,False
299.34228515625,REPLAY,NEUTRAL,3,231,186,61,0,False,True,False
299.3944549560547,REPLAY,NEUTRAL,3,231,186,61,0,False,True,False
299.44261169433594,REPLAY,CLICK,3,231,186,61,0,False,True,False
299.4947814941406,REPLAY,NEUTRAL,3,231,186,61,0,False,True,False
299.5429382324219,REPLAY,NEUTRAL,3,231,186,61,0,False,True,False
299.59510803222656,REPLAY,NEUTRAL,3,231,186,61,0,False,True,False
299.6432647705078,REPLAY,NEUTRAL,3,231,186,61,0,False,True,False
299.6954345703125,REPLAY,NEUTRAL,3,231,186,61,0,False,True,False
299.74359130859375,REPLAY,CLICK + HOLD,3,231,186,61,0,True,True,False
299.79576110839844,REPLAY,CLICK + HOLD,3,231,186,61,0,True,True,False
299.8439178466797,REPLAY,CLICK + HOLD,3,231,186,61,0,True,True,False
299.89207458496094,REPLAY,CLICK + HOLD,3,231,186,61,0,True,True,False
299.9442443847656,REPLAY,CLICK + HOLD,3,231,186,61,0,True,True,False
299.9924011230469,REPLAY,CLICK + HOLD,3,231,186,61,0,True,True,False
300.04457092285156,REPLAY,CLICK + HOLD,3,231,186,61,1,True,True,False
300.0927276611328,REPLAY,CLICK + HOLD,3,231,186,61,1,True,True,False
300.1448974609375,REPLAY,CLICK + HOLD,3,231,186,61,1,True,True,False
300.19305419921875,REPLAY,CLICK + HOLD,3,231,186,61,1,True,True,False
300.24522399902344,REPLAY,CLICK + HOLD,3,231,186,61,1,True,True,False
300.2933807373047,REPLAY,CLICK + HOLD,3,231,186,61,1,True,True,False
300.3455505371094,REPLAY,CLICK + HOLD,3,231,186,61,1,True,True,False
300.3937072753906,REPLAY,CLICK + HOLD,3,231,186,61,1,True,True,False
300.4458770751953,REPLAY,CLICK + HOLD,3,231,186,61,1,True,True,False
300.49403381347656,REPLAY,CLICK + HOLD,3,231,186,61,1,True,True,False
300.5421905517578,REPLAY,CLICK + HOLD,3,231,186,61,1,True,True,False
300.5943603515625,REPLAY,CLICK + HOLD,3,231,186,61,1,True,True,False
300.64251708984375,REPLAY,CLICK + HOLD,3,231,186,61,1,True,True,False
300.69468688964844,REPLAY,CLICK + HOLD,3,231,186,61,1,True,True,False
300.7428436279297,REPLAY,CLICK + HOLD,3,231,186,61,1,True,True,False
300.7950134277344,REPLAY,CLICK + HOLD,3,231,186,61,1,True,True,False
300.8431701660156,REPLAY,CLICK + HOLD,3,231,186,61,1,True,True,False
300.8953399658203,REPLAY,CLICK + HOLD,3,232,187,61,0,True,True,False
300.94349670410156,REPLAY,CLICK + HOLD,3,232,187,61,0,True,True,False
300.99566650390625,REPLAY,CLICK + HOLD,3,232,187,61,0,True,True,False
301.0438232421875,REPLAY,CLICK + HOLD,3,232,187,61,0,True,True,False
301.09197998046875,REPLAY,CLICK + HOLD,3,232,187,61,0,True,True,False
301.14414978027344,REPLAY,CLICK + HOLD,3,232,187,61,0,True,True,False
301.1923065185547,REPLAY,CLICK + HOLD,3,232,187,61,0,True,True,False
301.2444763183594,REPLAY,CLICK + HOLD,3,232,187,61,1,True,True,False
301.2926330566406,REPLAY,CLICK + HOLD,3,232,187,61,1,True,True,False
301.3448028564453,REPLAY,CLICK + HOLD,3,232,187,61,1,True,True,False
301.39295959472656,REPLAY,NEUTRAL,3,232,187,61,1,False,True,False
301.44512939453125,REPLAY,NEUTRAL,3,232,187,61,1,False,True,False
301.4932861328125,REPLAY,NEUTRAL,3,232,187,61,1,False,True,False
301.5454559326172,REPLAY,NEUTRAL,3,232,187,61,1,False,True,False
301.59361267089844,REPLAY,NEUTRAL,3,232,187,61,1,False,True,False
301.6457824707031,REPLAY,NEUTRAL,3,232,187,61,1,False,True,False
301.6939392089844,REPLAY,NEUTRAL,3,232,187,61,1,False,True,False
301.7420959472656,REPLAY,NEUTRAL,3,232,187,61,1,False,True,False
301.7942657470703,REPLAY,NEUTRAL,3,232,187,61,1,False,True,False
301.84242248535156,REPLAY,NEUTRAL,3,232,187,61,1,False,True,False
301.89459228515625,REPLAY,NEUTRAL,3,232,187,61,1,False,True,False
301.9427490234375,REPLAY,NEUTRAL,3,232,187,61,1,False,True,False
301.9949188232422,REPLAY,NEUTRAL,3,232,187,61,1,False,True,False
302.04307556152344,REPLAY,NEUTRAL,3,232,187,61,1,False,True,False
302.0952453613281,REPLAY,NEUTRAL,3,232,187,61,1,False,True,False
302.1434020996094,REPLAY,NEUTRAL,3,232,187,61,1,False,True,False
302.19557189941406,REPLAY,NEUTRAL,3,232,187,61,1,False,True,False
302.2437286376953,REPLAY,NEUTRAL,3,232,187,61,1,False,True,False
302.2958984375,REPLAY,NEUTRAL,3,232,187,61,1,False,True,False
302.34405517578125,REPLAY,NEUTRAL,3,232,187,61,1,False,True,False
302.3922119140625,REPLAY,NEUTRAL,3,232,187,61,1,False,True,False
302.4443817138672,REPLAY,NEUTRAL,3,232,187,61,1,False,True,False
302.49253845214844,REPLAY,NEUTRAL,3,232,187,61,1,False,True,False
302.5447082519531,REPLAY,NEUTRAL,3,232,187,61,1,False,True,False
302.5928649902344,REPLAY,NEUTRAL,3,232,187,61,1,False,True,False
302.64503479003906,REPLAY,NEUTRAL,3,232,187,61,1,False,True,False
302.6931915283203,REPLAY,NEUTRAL,3,232,187,61,1,False,True,False
302.745361328125,REPLAY,NEUTRAL,3,232,187,61,1,False,True,False
302.79351806640625,REPLAY,NEUTRAL,3,232,187,61,1,False,True,False
302.84568786621094,REPLAY,NEUTRAL,3,232,187,61,2,False,True,False
302.8938446044922,REPLAY,NEUTRAL,3,232,187,61,2,False,True,False
302.94200134277344,REPLAY,NEUTRAL,3,232,187,61,2,False,True,False
302.9941711425781,REPLAY,NEUTRAL,3,232,187,61,2,False,True,False
303.0423278808594,REPLAY,NEUTRAL,3,232,187,61,2,False,True,False
303.09449768066406,REPLAY,NEUTRAL,3,232,187,61,2,False,True,False
303.1426544189453,REPLAY,NEUTRAL,3,232,187,61,2,False,True,False
303.19482421875,REPLAY,NEUTRAL,3,232,187,61,2,False,True,False
303.24298095703125,REPLAY,NEUTRAL,3,232,187,61,2,False,True,False
303.29515075683594,REPLAY,NEUTRAL,3,232,187,61,2,False,True,False
303.3433074951172,REPLAY,NEUTRAL,3,232,187,61,2,False,True,False
303.3954772949219,REPLAY,NEUTRAL,3,232,187,61,2,False,True,False
303.4436340332031,REPLAY,NEUTRAL,3,232,187,61,2,False,True,False
303.4958038330078,REPLAY,NEUTRAL,3,232,187,61,2,False,True,False
303.54396057128906,REPLAY,NEUTRAL,3,232,187,61,2,False,True,False
303.5921173095703,REPLAY,NEUTRAL,3,232,187,61,2,False,True,False
303.644287109375,REPLAY,NEUTRAL,3,232,187,61,2,False,True,False
303.69244384765625,REPLAY,NEUTRAL,3,232,187,61,2,False,True,False
303.74461364746094,REPLAY,NEUTRAL,3,232,187,61,2,False,True,False
303.7927703857422,REPLAY,NEUTRAL,3,232,187,61,2,False,True,False
303.8449401855469,REPLAY,NEUTRAL,3,232,187,61,2,False,True,False
303.8930969238281,REPLAY,NEUTRAL,3,232,187,61,2,False,True,False
303.9452667236328,REPLAY,NEUTRAL,3,232,187,61,3,False,True,False
303.99342346191406,REPLAY,NEUTRAL,3,233,188,61,2,False,True,False
304.04559326171875,REPLAY,NEUTRAL,3,233,188,61,2,False,True,False
304.09375,REPLAY,NEUTRAL,3,233,188,61,2,False,True,False
304.1459197998047,REPLAY,NEUTRAL,3,233,188,61,2,False,True,False
304.19407653808594,REPLAY,NEUTRAL,3,233,188,61,2,False,True,False
304.2422332763672,REPLAY,NEUTRAL,3,233,188,61,2,False,True,False
304.2944030761719,REPLAY,NEUTRAL,3,233,188,61,2,False,True,False
304.3425598144531,REPLAY,NEUTRAL,3,233,188,61,2,False,True,False
304.3947296142578,REPLAY,NEUTRAL,3,233,188,61,2,False,True,False
304.44288635253906,REPLAY,NEUTRAL,3,233,188,61,2,False,True,False
304.49505615234375,REPLAY,NEUTRAL,3,233,188,61,2,False,True,False
304.543212890625,REPLAY,NEUTRAL,3,233,188,61,2,False,True,False
304.5953826904297,REPLAY,NEUTRAL,3,233,188,61,2,False,True,False
304.64353942871094,REPLAY,NEUTRAL,3,233,188,61,2,False,True,False
304.6957092285156,REPLAY,NEUTRAL,3,233,188,61,2,False,True,False
304.7438659667969,REPLAY,NEUTRAL,3,233,188,61,2,False,True,False
304.7920227050781,REPLAY,NEUTRAL,3,233,188,61,2,False,True,False
304.8441925048828,REPLAY,NEUTRAL,3,233,188,61,3,False,True,False
304.89234924316406,REPLAY,NEUTRAL,3,233,188,61,3,False,True,False
304.94451904296875,REPLAY,NEUTRAL,3,233,188,61,3,False,True,False
304.99267578125,REPLAY,NEUTRAL,3,233,188,61,3,False,True,False
305.0448455810547,REPLAY,NEUTRAL,3,233,188,61,3,False,True,False
305.09300231933594,REPLAY,NEUTRAL,3,233,188,61,3,False,True,False
305.1451721191406,REPLAY,NEUTRAL,3,233,188,61,3,False,True,False
305.1933288574219,REPLAY,NEUTRAL,3,233,188,61,3,False,True,False
305.24549865722656,REPLAY,NEUTRAL,3,233,188,61,3,False,True,False
305.2936553955078,REPLAY,NEUTRAL,3,233,188,61,3,False,True,False
305.3458251953125,REPLAY,NEUTRAL,3,233,188,61,3,False,True,False
305.39398193359375,REPLAY,NEUTRAL,3,233,188,61,3,False,True,False
305.442138671875,REPLAY,NEUTRAL,3,233,188,61,3,False,True,False
305.4943084716797,REPLAY,NEUTRAL,3,233,188,61,3,False,True,False
305.54246520996094,REPLAY,NEUTRAL,3,233,188,61,3,False,True,False
305.5946350097656,REPLAY,NEUTRAL,3,233,188,61,3,False,True,False
305.6427917480469,REPLAY,NEUTRAL,3,233,188,61,3,False,True,False
305.69496154785156,REPLAY,NEUTRAL,3,233,188,61,3,False,True,False
305.7431182861328,REPLAY,NEUTRAL,3,234,189,61,2,False,True,False
305.7952880859375,REPLAY,NEUTRAL,3,234,189,61,2,False,True,False
305.84344482421875,REPLAY,NEUTRAL,3,234,189,61,2,False,True,False
305.89561462402344,REPLAY,NEUTRAL,3,234,189,61,2,False,True,False
305.9437713623047,REPLAY,NEUTRAL,3,234,189,61,2,False,True,False
305.9959411621094,REPLAY,NEUTRAL,3,234,189,61,2,False,True,False
306.0440979003906,REPLAY,NEUTRAL,3,234,189,61,2,False,True,False
306.0922546386719,REPLAY,NEUTRAL,3,234,189,61,2,False,True,False
306.14442443847656,REPLAY,NEUTRAL,3,234,189,61,2,False,True,False
306.1925811767578,REPLAY,NEUTRAL,3,234,189,61,2,False,True,False
306.2447509765625,REPLAY,NEUTRAL,3,234,189,61,2,False,True,False
306.29290771484375,REPLAY,NEUTRAL,3,234,189,61,2,False,True,False
306.34507751464844,REPLAY,NEUTRAL,3,234,189,61,3,False,True,False
306.3932342529297,REPLAY,NEUTRAL,3,234,189,61,3,False,True,False
306.4454040527344,REPLAY,NEUTRAL,3,234,189,61,3,False,True,False
306.4935607910156,REPLAY,NEUTRAL,3,234,189,61,3,False,True,False
306.5457305908203,REPLAY,NEUTRAL,3,234,189,61,3,False,True,False
306.59388732910156,REPLAY,NEUTRAL,3,234,189,61,3,False,True,False
306.6420440673828,REPLAY,NEUTRAL,3,234,189,61,3,False,True,False
306.6942138671875,REPLAY,NEUTRAL,3,234,189,61,3,False,True,False
306.74237060546875,REPLAY,NEUTRAL,3,234,189,61,3,False,True,False
306.79454040527344,REPLAY,NEUTRAL,3,234,189,61,3,False,True,False
306.8426971435547,REPLAY,NEUTRAL,3,234,189,61,3,False,True,False
306.8948669433594,REPLAY,NEUTRAL,3,234,189,61,3,False,True,False
306.9430236816406,REPLAY,NEUTRAL,3,234,189,61,3,False,True,False
306.9951934814453,REPLAY,NEUTRAL,3,234,189,61,3,False,True,False
307.04335021972656,REPLAY,NEUTRAL,3,234,189,62,2,False,True,False
307.09552001953125,REPLAY,NEUTRAL,3,234,189,62,2,False,True,False
307.1436767578125,REPLAY,NEUTRAL,3,234,189,62,2,False,True,False
307.1958465576172,REPLAY,NEUTRAL,3,234,189,62,2,False,True,False
307.24400329589844,REPLAY,NEUTRAL,3,234,189,62,2,False,True,False
307.2921600341797,REPLAY,NEUTRAL,3,234,189,62,2,False,True,False
307.3443298339844,REPLAY,NEUTRAL,3,234,189,62,3,False,True,False
307.3924865722656,REPLAY,NEUTRAL,3,234,189,62,3,False,True,False
307.4446563720703,REPLAY,NEUTRAL,3,234,189,62,3,False,True,False
307.49281311035156,REPLAY,NEUTRAL,3,234,189,62,3,False,True,False
307.54498291015625,REPLAY,NEUTRAL,3,234,189,62,3,False,True,False
307.5931396484375,REPLAY,NEUTRAL,3,235,190,62,2,False,True,False
307.6453094482422,REPLAY,NEUTRAL,3,235,190,62,2,False,True,False
307.69346618652344,REPLAY,NEUTRAL,3,235,190,62,2,False,True,False
307.7456359863281,REPLAY,NEUTRAL,3,235,190,62,2,False,True,False
307.7937927246094,REPLAY,NEUTRAL,3,235,190,62,2,False,True,False
307.84596252441406,REPLAY,NEUTRAL,3,235,190,62,2,False,True,False
307.8941192626953,REPLAY,NEUTRAL,3,235,190,62,2,False,True,False
307.94227600097656,REPLAY,NEUTRAL,3,235,190,62,2,False,True,False
307.99444580078125,REPLAY,NEUTRAL,3,235,190,62,2,False,True,False
308.0426025390625,REPLAY,NEUTRAL,3,235,190,62,2,False,True,False
308.0947723388672,REPLAY,NEUTRAL,3,235,190,62,2,False,True,False
308.14292907714844,REPLAY,NEUTRAL,3,235,190,62,2,False,True,False
308.1950988769531,REPLAY,NEUTRAL,3,235,190,62,2,False,True,False
308.2432556152344,REPLAY,NEUTRAL,3,235,190,62,2,False,True,False
308.29542541503906,REPLAY,NEUTRAL,3,235,190,62,2,False,True,False
308.3435821533203,REPLAY,NEUTRAL,3,235,190,62,2,False,True,False
308.395751953125,REPLAY,NEUTRAL,3,235,190,62,2,False,True,False
308.44390869140625,REPLAY,NEUTRAL,3,235,190,62,2,False,True,False
308.4920654296875,REPLAY,NEUTRAL,3,235,190,62,2,False,True,False
308.5442352294922,REPLAY,NEUTRAL,3,235,190,62,2,False,True,False
308.59239196777344,REPLAY,NEUTRAL,3,235,190,62,2,False,True,False
308.6445617675781,REPLAY,NEUTRAL,3,235,190,62,2,False,True,False
308.6927185058594,REPLAY,NEUTRAL,3,235,190,62,2,False,True,False
308.74488830566406,REPLAY,NEUTRAL,3,235,190,62,2,False,True,False
308.7930450439453,REPLAY,NEUTRAL,3,235,190,62,2,False,True,False
308.84521484375,REPLAY,NEUTRAL,3,235,190,62,3,False,True,False
308.89337158203125,REPLAY,NEUTRAL,3,235,190,62,3,False,True,False
308.94554138183594,REPLAY,NEUTRAL,3,235,190,62,3,False,True,False
308.9936981201172,REPLAY,NEUTRAL,3,235,190,62,3,False,True,False
309.0458679199219,REPLAY,NEUTRAL,3,235,190,62,3,False,True,False
309.0940246582031,REPLAY,NEUTRAL,3,236,191,62,2,False,True,False
309.1421813964844,REPLAY,NEUTRAL,3,236,191,62,2,False,True,False
309.19435119628906,REPLAY,NEUTRAL,3,236,191,62,2,False,True,False
309.2425079345703,REPLAY,NEUTRAL,3,236,191,62,2,False,True,False
309.294677734375,REPLAY,NEUTRAL,3,236,191,62,2,False,True,False
309.34283447265625,REPLAY,NEUTRAL,3,236,191,62,2,False,True,False
309.39500427246094,REPLAY,NEUTRAL,3,236,191,62,2,False,True,False
309.4431610107422,REPLAY,NEUTRAL,3,236,191,62,2,False,True,False
309.4953308105469,REPLAY,NEUTRAL,3,236,191,62,2,False,True,False
309.5434875488281,REPLAY,NEUTRAL,3,236,191,62,2,False,True,False
309.5956573486328,REPLAY,NEUTRAL,3,236,191,62,2,False,True,False
309.64381408691406,REPLAY,NEUTRAL,3,236,191,62,2,False,True,False
309.69598388671875,REPLAY,NEUTRAL,3,236,191,62,2,False,True,False
309.744140625,REPLAY,NEUTRAL,3,236,191,62,2,False,True,False
309.79229736328125,REPLAY,NEUTRAL,3,236,191,62,2,False,True,False
309.84446716308594,REPLAY,NEUTRAL,3,236,191,62,2,False,True,False
309.8926239013672,REPLAY,NEUTRAL,3,236,191,62,2,False,True,False
309.9447937011719,REPLAY,NEUTRAL,3,236,191,62,2,False,True,False
309.9929504394531,REPLAY,NEUTRAL,3,236,191,62,2,False,True,False
310.0451202392578,REPLAY,NEUTRAL,3,236,191,62,2,False,True,False
310.09327697753906,REPLAY,NEUTRAL,3,236,191,62,2,False,True,False
310.14544677734375,REPLAY,NEUTRAL,3,237,192,62,1,False,True,False
310.193603515625,REPLAY,NEUTRAL,3,237,192,62,1,False,True,False
310.2457733154297,REPLAY,NEUTRAL,3,237,192,62,1,False,True,False
310.29393005371094,REPLAY,NEUTRAL,3,237,192,62,1,False,True,False
310.3420867919922,REPLAY,NEUTRAL,3,237,192,62,1,False,True,False
310.3942565917969,REPLAY,NEUTRAL,3,237,192,62,2,False,True,False
310.4424133300781,REPLAY,NEUTRAL,3,237,192,62,2,False,True,False
310.4945831298828,REPLAY,NEUTRAL,3,237,192,62,2,False,True,False
310.54273986816406,REPLAY,NEUTRAL,3,237,192,62,2,False,True,False
310.59490966796875,REPLAY,NEUTRAL,3,237,192,62,2,False,True,False
310.64306640625,REPLAY,NEUTRAL,3,237,192,62,2,False,True,False
310.6952362060547,REPLAY,NEUTRAL,3,237,192,62,2,False,True,False
310.74339294433594,REPLAY,NEUTRAL,3,237,192,62,2,False,True,False
310.7955627441406,REPLAY,NEUTRAL,3,237,192,62,2,False,True,False
310.8437194824219,REPLAY,NEUTRAL,3,237,192,62,2,False,True,False
310.89588928222656,REPLAY,NEUTRAL,3,237,192,62,2,False,True,False
310.9440460205078,REPLAY,NEUTRAL,3,237,192,62,2,False,True,False
310.99220275878906,REPLAY,NEUTRAL,3,237,192,62,2,False,True,False
311.04437255859375,REPLAY,NEUTRAL,3,237,192,62,2,False,True,False
311.092529296875,REPLAY,NEUTRAL,3,237,192,62,2,False,True,False
311.1446990966797,REPLAY,NEUTRAL,3,237,192,62,2,False,True,False
311.19285583496094,REPLAY,NEUTRAL,3,237,192,62,2,False,True,False
311.2450256347656,REPLAY,NEUTRAL,3,237,192,62,2,False,True,False
311.2931823730469,REPLAY,NEUTRAL,3,237,192,62,2,False,True,False
311.34535217285156,REPLAY,NEUTRAL,3,237,192,62,2,False,True,False
311.3935089111328,REPLAY,NEUTRAL,3,237,192,62,2,False,True,False
311.4456787109375,REPLAY,NEUTRAL,3,237,192,62,3,False,True,False
311.49383544921875,REPLAY,NEUTRAL,3,237,192,62,3,False,True,False
311.5419921875,REPLAY,NEUTRAL,3,237,192,62,3,False,True,False
311.5941619873047,REPLAY,NEUTRAL,3,237,192,62,3,False,True,False
311.64231872558594,REPLAY,NEUTRAL,3,237,192,62,3,False,True,False
311.6944885253906,REPLAY,NEUTRAL,3,238,193,62,2,False,True,False
311.7426452636719,REPLAY,NEUTRAL,3,238,193,62,2,False,True,False
311.79481506347656,REPLAY,NEUTRAL,3,238,193,62,2,False,True,False
311.8429718017578,REPLAY,NEUTRAL,3,238,193,62,2,False,True,False
311.8951416015625,REPLAY,NEUTRAL,3,238,193,62,2,False,True,False
311.94329833984375,REPLAY,NEUTRAL,3,238,193,62,2,False,True,False
311.99546813964844,REPLAY,NEUTRAL,3,238,193,62,2,False,True,False
312.0436248779297,REPLAY,NEUTRAL,3,238,193,62,2,False,True,False
312.0957946777344,REPLAY,NEUTRAL,3,238,193,62,2,False,True,False
312.1439514160156,REPLAY,NEUTRAL,3,238,193,62,2,False,True,False
312.1921081542969,REPLAY,NEUTRAL,3,238,193,62,2,False,True,False
312.24427795410156,REPLAY,NEUTRAL,3,238,193,62,2,False,True,False
312.2924346923828,REPLAY,NEUTRAL,3,238,193,62,2,False,True,False
312.3446044921875,REPLAY,NEUTRAL,3,238,193,62,2,False,True,False
312.39276123046875,REPLAY,NEUTRAL,3,238,193,62,2,False,True,False
312.44493103027344,REPLAY,NEUTRAL,3,238,193,62,3,False,True,False
312.4930877685547,REPLAY,NEUTRAL,3,238,193,62,3,False,True,False
312.5452575683594,REPLAY,NEUTRAL,3,238,193,62,3,False,True,False
312.5934143066406,REPLAY,NEUTRAL,3,238,193,62,3,False,True,False
312.6455841064453,REPLAY,NEUTRAL,3,238,193,62,3,False,True,False
312.69374084472656,REPLAY,NEUTRAL,3,238,193,62,3,False,True,False
312.74591064453125,REPLAY,NEUTRAL,3,238,193,62,3,False,True,False
312.7940673828125,REPLAY,NEUTRAL,3,238,193,62,3,False,True,False
312.84222412109375,REPLAY,NEUTRAL,3,238,193,62,3,False,True,False
312.89439392089844,REPLAY,NEUTRAL,3,238,193,62,3,False,True,False
312.9425506591797,REPLAY,NEUTRAL,3,238,193,62,3,False,True,False
312.9947204589844,REPLAY,NEUTRAL,3,238,193,62,3,False,True,False
313.0428771972656,REPLAY,NEUTRAL,3,238,193,62,3,False,True,False
313.0950469970703,REPLAY,NEUTRAL,3,238,193,62,3,False,True,False
313.14320373535156,REPLAY,NEUTRAL,3,238,193,62,3,False,True,False
313.19537353515625,REPLAY,NEUTRAL,3,238,193,62,3,False,True,False
313.2435302734375,REPLAY,NEUTRAL,3,238,193,62,3,False,True,False
313.2957000732422,REPLAY,NEUTRAL,3,238,193,62,3,False,True,False
313.34385681152344,REPLAY,NEUTRAL,3,239,194,62,2,False,True,False
313.3920135498047,REPLAY,NEUTRAL,3,239,194,62,2,False,True,False
313.4441833496094,REPLAY,NEUTRAL,3,239,194,62,2,False,True,False
313.4923400878906,REPLAY,NEUTRAL,3,239,194,62,2,False,True,False
313.5445098876953,REPLAY,NEUTRAL,3,239,194,62,2,False,True,False
313.59266662597656,REPLAY,NEUTRAL,3,239,194,62,2,False,True,False
313.64483642578125,REPLAY,NEUTRAL,3,239,194,62,2,False,True,False
313.6929931640625,REPLAY,NEUTRAL,3,239,194,62,2,False,True,False
313.7451629638672,REPLAY,NEUTRAL,3,239,194,62,3,False,True,False
313.79331970214844,REPLAY,NEUTRAL,3,239,194,62,3,False,True,False
313.8454895019531,REPLAY,NEUTRAL,3,239,194,62,3,False,True,False
313.8936462402344,REPLAY,NEUTRAL,3,239,194,62,3,False,True,False
313.94581604003906,REPLAY,NEUTRAL,3,239,194,62,3,False,True,False
313.9939727783203,REPLAY,NEUTRAL,3,239,194,62,3,False,True,False
314.04212951660156,REPLAY,NEUTRAL,3,239,194,62,3,False,True,False
314.09429931640625,REPLAY,NEUTRAL,3,239,194,62,3,False,True,False
314.1424560546875,REPLAY,NEUTRAL,3,239,194,62,3,False,True,False
314.1946258544922,REPLAY,NEUTRAL,3,239,194,62,3,False,True,False
314.24278259277344,REPLAY,NEUTRAL,3,239,194,62,3,False,True,False
314.2949523925781,REPLAY,NEUTRAL,3,239,194,62,3,False,True,False
314.3431091308594,REPLAY,NEUTRAL,3,239,194,62,3,False,True,False
314.39527893066406,REPLAY,NEUTRAL,3,240,195,62,2,False,True,False
314.4434356689453,REPLAY,NEUTRAL,3,240,195,62,2,False,True,False
314.49560546875,REPLAY,NEUTRAL,3,240,195,62,2,False,True,False
314.54376220703125,REPLAY,NEUTRAL,3,240,195,62,3,False,True,False
314.59593200683594,REPLAY,NEUTRAL,3,240,195,62,3,False,True,False
314.6440887451172,REPLAY,NEUTRAL,3,240,195,62,3,False,True,False
314.69224548339844,REPLAY,NEUTRAL,3,240,195,62,3,False,True,False
314.7444152832031,REPLAY,NEUTRAL,3,240,195,62,3,False,True,False
314.7925720214844,REPLAY,NEUTRAL,3,240,195,62,3,False,True,False
314.84474182128906,REPLAY,NEUTRAL,3,240,195,62,3,False,True,False
314.8928985595703,REPLAY,NEUTRAL,3,240,195,62,3,False,True,False
314.945068359375,REPLAY,NEUTRAL,3,240,195,62,3,False,True,False
314.99322509765625,REPLAY,NEUTRAL,3,240,195,62,3,False,True,False
315.04539489746094,REPLAY,NEUTRAL,3,240,195,62,3,False,True,False
315.0935516357422,REPLAY,NEUTRAL,3,240,195,62,3,False,True,False
315.1457214355469,REPLAY,NEUTRAL,3,240,195,62,3,False,True,False
315.1938781738281,REPLAY,NEUTRAL,3,240,195,62,3,False,True,False
315.2420349121094,REPLAY,NEUTRAL,3,241,196,62,2,False,True,False
315.29420471191406,REPLAY,NEUTRAL,3,241,196,62,2,False,True,False
315.3423614501953,REPLAY,NEUTRAL,3,241,196,62,2,False,True,False
315.39453125,REPLAY,NEUTRAL,3,241,196,62,2,False,True,False
315.44268798828125,REPLAY,NEUTRAL,3,241,196,62,2,False,True,False
315.49485778808594,REPLAY,NEUTRAL,3,241,196,62,2,False,True,False
315.5430145263672,REPLAY,NEUTRAL,3,241,196,62,2,False,True,False
315.5951843261719,REPLAY,NEUTRAL,3,241,196,62,3,False,True,False
315.6433410644531,REPLAY,NEUTRAL,3,241,196,62,3,False,True,False
315.6955108642578,REPLAY,NEUTRAL,3,241,196,62,3,False,True,False
315.74366760253906,REPLAY,NEUTRAL,3,241,196,62,3,False,True,False
315.79583740234375,REPLAY,NEUTRAL,3,241,196,62,3,False,True,False
315.843994140625,REPLAY,NEUTRAL,3,241,196,62,3,False,True,False
315.89215087890625,REPLAY,NEUTRAL,3,241,196,62,3,False,True,False
315.94432067871094,REPLAY,NEUTRAL,3,241,196,62,3,False,True,False
315.9924774169922,REPLAY,NEUTRAL,3,241,196,62,3,False,True,False
316.0446472167969,REPLAY,NEUTRAL,3,241,196,62,3,False,True,False
316.0928039550781,REPLAY,NEUTRAL,3,241,196,62,3,False,True,False
316.1449737548828,REPLAY,NEUTRAL,3,241,196,62,3,False,True,False
316.19313049316406,REPLAY,NEUTRAL,3,241,196,62,3,False,True,False
316.24530029296875,REPLAY,NEUTRAL,3,241,196,62,3,False,True,False
316.29345703125,REPLAY,NEUTRAL,3,241,196,62,3,False,True,False
316.3456268310547,REPLAY,NEUTRAL,3,241,196,62,3,False,True,False
316.39378356933594,REPLAY,NEUTRAL,3,241,196,62,3,False,True,False
316.4459533691406,REPLAY,NEUTRAL,3,241,196,62,3,False,True,False
316.4941101074219,REPLAY,NEUTRAL,3,242,197,62,2,False,True,False
316.5422668457031,REPLAY,CLICK,3,242,197,62,2,False,True,False
316.5944366455078,REPLAY,NEUTRAL,3,242,197,62,2,False,True,False
316.64259338378906,REPLAY,NEUTRAL,3,242,197,62,2,False,True,False
316.69476318359375,REPLAY,NEUTRAL,3,242,197,62,2,False,True,False
316.742919921875,REPLAY,NEUTRAL,3,242,197,62,2,False,True,False
316.7950897216797,REPLAY,NEUTRAL,3,242,197,62,2,False,True,False
316.84324645996094,REPLAY,NEUTRAL,3,242,197,62,2,False,True,False
316.8954162597656,REPLAY,NEUTRAL,3,242,197,62,2,False,True,False
316.9435729980469,REPLAY,NEUTRAL,3,242,197,62,2,False,True,False
316.99574279785156,REPLAY,CLICK + HOLD,3,242,197,62,2,True,True,False
317.0438995361328,REPLAY,CLICK + HOLD,3,242,197,62,2,True,True,False
317.09205627441406,REPLAY,CLICK + HOLD,3,242,197,62,2,True,True,False
317.14422607421875,REPLAY,CLICK + HOLD,3,242,197,62,2,True,True,False
317.1923828125,REPLAY,CLICK + HOLD,3,242,197,62,2,True,True,False
317.2445526123047,REPLAY,CLICK + HOLD,3,242,197,62,3,True,True,False
317.29270935058594,REPLAY,CLICK + HOLD,3,242,197,62,3,True,True,False
317.3448791503906,REPLAY,CLICK + HOLD,3,242,197,62,3,True,True,False
317.3930358886719,REPLAY,CLICK + HOLD,3,242,197,62,3,True,True,False
317.44520568847656,REPLAY,CLICK + HOLD,3,242,197,62,3,True,True,False
317.4933624267578,REPLAY,CLICK + HOLD,3,242,197,62,3,True,True,False
317.5455322265625,REPLAY,CLICK + HOLD,3,242,197,63,2,True,True,False
317.59368896484375,REPLAY,CLICK + HOLD,3,242,197,63,2,True,True,False
317.64585876464844,REPLAY,CLICK + HOLD,3,242,197,63,2,True,True,False
317.6940155029297,REPLAY,CLICK + HOLD,3,242,197,63,2,True,True,False
317.74217224121094,REPLAY,CLICK + HOLD,3,242,197,63,2,True,True,False
317.7943420410156,REPLAY,CLICK + HOLD,3,242,197,63,2,True,True,False
317.8424987792969,REPLAY,CLICK + HOLD,3,242,197,63,2,True,True,False
317.89466857910156,REPLAY,CLICK + HOLD,3,242,197,63,2,True,True,False
317.9428253173828,REPLAY,CLICK + HOLD,3,242,197,63,2,True,True,False
317.9949951171875,REPLAY,CLICK + HOLD,3,242,197,63,2,True,True,False
318.04315185546875,REPLAY,CLICK + HOLD,3,242,197,63,2,True,True,False
318.09532165527344,REPLAY,CLICK + HOLD,3,242,197,63,2,True,True,False
318.1434783935547,REPLAY,CLICK + HOLD,3,242,197,63,2,True,True,False
318.1956481933594,REPLAY,CLICK + HOLD,3,242,197,63,2,True,True,False
318.2438049316406,REPLAY,CLICK + HOLD,3,243,198,63,1,True,True,False
318.2959747314453,REPLAY,CLICK + HOLD,3,243,198,63,1,True,True,False
318.34413146972656,REPLAY,CLICK + HOLD,3,243,198,63,1,True,True,False
318.3922882080078,REPLAY,CLICK + HOLD,3,243,198,63,1,True,True,False
318.4444580078125,REPLAY,CLICK + HOLD,3,243,198,63,2,True,True,False
318.49261474609375,REPLAY,CLICK + HOLD,3,243,198,63,2,True,True,False
318.54478454589844,REPLAY,CLICK + HOLD,3,243,198,63,2,True,True,False
318.5929412841797,REPLAY,CLICK + HOLD,3,243,198,63,2,True,True,False
318.6451110839844,REPLAY,CLICK + HOLD,3,243,198,64,1,True,True,False
318.6932678222656,REPLAY,CLICK + HOLD,3,243,198,64,1,True,True,False
318.7454376220703,REPLAY,CLICK + HOLD,3,243,198,64,1,True,True,False
318.79359436035156,REPLAY,CLICK + HOLD,3,243,198,64,1,True,True,False
318.84576416015625,REPLAY,CLICK + HOLD,3,243,198,64,1,True,True,False
318.8939208984375,REPLAY,CLICK + HOLD,3,243,198,64,1,True,True,False
318.94207763671875,REPLAY,CLICK + HOLD,3,243,198,64,1,True,True,False
318.99424743652344,REPLAY,CLICK + HOLD,3,243,198,64,1,True,True,False
319.0424041748047,REPLAY,CLICK + HOLD,3,243,198,64,1,True,True,False
319.0945739746094,REPLAY,CLICK + HOLD,3,243,198,64,1,True,True,False
319.1427307128906,REPLAY,CLICK + HOLD,3,243,198,64,1,True,True,False
319.1949005126953,REPLAY,CLICK + HOLD,3,243,198,64,1,True,True,False
319.24305725097656,REPLAY,CLICK + HOLD,3,243,198,64,1,True,True,False
319.29522705078125,REPLAY,CLICK + HOLD,3,244,199,64,0,True,True,False
319.3433837890625,REPLAY,CLICK + HOLD,3,244,199,64,0,True,True,False
319.3955535888672,REPLAY,CLICK + HOLD,3,244,199,64,0,True,True,False
319.44371032714844,REPLAY,CLICK + HOLD,3,244,199,64,0,True,True,False
319.4958801269531,REPLAY,CLICK + HOLD,3,244,199,64,0,True,True,False
319.5440368652344,REPLAY,CLICK + HOLD,3,244,199,64,0,True,True,False
319.5921936035156,REPLAY,CLICK + HOLD,3,244,199,64,0,True,True,False
319.6443634033203,REPLAY,CLICK + HOLD,3,244,199,64,0,True,True,False
319.69252014160156,REPLAY,CLICK + HOLD,3,244,199,64,0,True,True,False
319.74468994140625,REPLAY,CLICK + HOLD,3,244,199,64,0,True,True,False
319.7928466796875,REPLAY,CLICK + HOLD,3,244,199,64,0,True,True,False
319.8450164794922,REPLAY,CLICK + HOLD,3,244,199,64,0,True,True,False
319.89317321777344,REPLAY,CLICK + HOLD,3,244,199,64,0,True,True,False
319.9453430175781,REPLAY,CLICK + HOLD,3,244,199,64,0,True,True,False
319.9934997558594,REPLAY,CLICK + HOLD,3,244,199,64,1,True,True,False
320.04566955566406,REPLAY,CLICK + HOLD,3,244,199,64,1,True,True,False
320.0938262939453,REPLAY,CLICK + HOLD,3,244,199,64,1,True,True,False
320.14198303222656,REPLAY,CLICK + HOLD,3,244,199,64,1,True,True,False
320.19415283203125,REPLAY,CLICK + HOLD,3,244,199,64,1,True,True,False
320.2423095703125,REPLAY,CLICK + HOLD,3,244,199,64,1,True,True,False
320.2944793701172,REPLAY,CLICK + HOLD,3,244,199,64,1,True,True,False
320.34263610839844,REPLAY,CLICK + HOLD,3,244,199,64,1,True,True,False
320.3948059082031,REPLAY,CLICK + HOLD,3,244,199,64,1,True,True,False
320.4429626464844,REPLAY,CLICK + HOLD,3,244,199,64,1,True,True,False
320.49513244628906,REPLAY,CLICK + HOLD,3,244,199,64,1,True,True,False
320.5432891845703,REPLAY,CLICK + HOLD,3,244,199,64,1,True,True,False
320.595458984375,REPLAY,CLICK + HOLD,3,244,199,64,1,True,True,False
320.64361572265625,REPLAY,CLICK + HOLD,3,244,199,64,1,True,True,False
320.69578552246094,REPLAY,CLICK + HOLD,3,244,199,64,1,True,True,False
320.7439422607422,REPLAY,CLICK + HOLD,3,244,199,64,1,True,True,False
320.79209899902344,REPLAY,CLICK + HOLD,3,244,199,64,1,True,True,False
320.8442687988281,REPLAY,CLICK + HOLD,3,244,199,64,1,True,True,False
320.8924255371094,REPLAY,CLICK + HOLD,3,245,200,64,0,True,True,False
320.94459533691406,REPLAY,CLICK + HOLD,3,245,200,64,0,True,True,False
320.9927520751953,REPLAY,CLICK + HOLD,3,245,200,64,0,True,True,False
321.044921875,REPLAY,CLICK + HOLD,3,245,200,64,0,True,True,False
321.09307861328125,REPLAY,CLICK + HOLD,3,245,200,64,0,True,True,False
321.14524841308594,REPLAY,CLICK + HOLD,3,245,200,64,1,True,True,False
321.1934051513672,REPLAY,CLICK + HOLD,3,245,200,64,1,True,True,False
321.2455749511719,REPLAY,CLICK + HOLD,3,245,200,64,1,True,True,False
321.2937316894531,REPLAY,CLICK + HOLD,3,245,200,64,1,True,True,False
321.3459014892578,REPLAY,CLICK + HOLD,3,245,200,64,1,True,True,False
321.39405822753906,REPLAY,CLICK + HOLD,3,245,200,64,1,True,True,False
321.4422149658203,REPLAY,CLICK + HOLD,3,245,200,64,1,True,True,False
321.494384765625,REPLAY,CLICK + HOLD,3,245,200,64,1,True,True,False
321.54254150390625,REPLAY,CLICK + HOLD,3,245,200,64,1,True,True,False
321.59471130371094,REPLAY,CLICK + HOLD,3,245,200,64,1,True,True,False
321.6428680419922,REPLAY,CLICK + HOLD,3,245,200,64,1,True,True,False
321.6950378417969,REPLAY,CLICK + HOLD,3,245,200,64,1,True,True,False
321.7431945800781,REPLAY,CLICK + HOLD,3,245,200,64,1,True,True,False
321.7953643798828,REPLAY,CLICK + HOLD,3,245,200,64,1,True,True,False
321.84352111816406,REPLAY,CLICK + HOLD,3,245,200,64,1,True,True,False
321.89569091796875,REPLAY,CLICK + HOLD,3,245,200,64,1,True,True,False
321.94384765625,REPLAY,CLICK + HOLD,3,245,200,64,1,True,True,False
321.99200439453125,REPLAY,CLICK + HOLD,3,246,201,64,0,True,True,False
322.04417419433594,REPLAY,CLICK + HOLD,3,246,201,64,0,True,True,False
322.0923309326172,REPLAY,CLICK + HOLD,3,246,201,64,0,True,True,False
322.1445007324219,REPLAY,CLICK + HOLD,3,246,201,64,0,True,True,False
322.1926574707031,REPLAY,CLICK + HOLD,3,246,201,64,0,True,True,False
322.2448272705078,REPLAY,CLICK + HOLD,3,246,201,64,0,True,True,False
322.29298400878906,REPLAY,CLICK + HOLD,3,246,201,64,0,True,True,False
322.34515380859375,REPLAY,CLICK + HOLD,3,246,201,64,0,True,True,False
322.393310546875,REPLAY,CLICK + HOLD,3,246,201,64,0,True,True,False
322.4454803466797,REPLAY,CLICK + HOLD,3,246,201,64,0,True,True,False
322.49363708496094,REPLAY,CLICK + HOLD,3,246,201,64,0,True,True,False
322.5458068847656,REPLAY,CLICK + HOLD,3,246,201,64,0,True,True,False
322.5939636230469,REPLAY,CLICK + HOLD,3,246,201,64,0,True,True,False
322.6421203613281,REPLAY,CLICK + HOLD,3,246,201,64,0,True,True,False
322.6942901611328,REPLAY,CLICK + HOLD,3,246,201,64,0,True,True,False
322.74244689941406,REPLAY,CLICK + HOLD,3,246,201,64,0,True,True,False
322.79461669921875,REPLAY,CLICK + HOLD,3,246,201,64,1,True,True,False
322.8427734375,REPLAY,CLICK + HOLD,3,246,201,64,1,True,True,False
322.8949432373047,REPLAY,CLICK + HOLD,3,246,201,64,1,True,True,False
322.94309997558594,REPLAY,CLICK + HOLD,3,246,201,64,1,True,True,False
322.9952697753906,REPLAY,CLICK + HOLD,3,246,201,64,1,True,True,False
323.0434265136719,REPLAY,CLICK + HOLD,3,246,201,64,1,True,True,False
323.09559631347656,REPLAY,CLICK + HOLD,3,246,201,64,1,True,True,False
323.1437530517578,REPLAY,CLICK + HOLD,3,246,201,64,1,True,True,False
323.1959228515625,REPLAY,CLICK + HOLD,3,246,201,64,1,True,True,False
323.24407958984375,REPLAY,CLICK + HOLD,3,246,201,64,1,True,True,False
323.292236328125,REPLAY,CLICK + HOLD,3,246,201,64,1,True,True,False
323.3444061279297,REPLAY,CLICK + HOLD,3,246,201,64,1,True,True,False
323.39256286621094,REPLAY,CLICK + HOLD,3,246,201,64,1,True,True,False
323.4447326660156,REPLAY,CLICK + HOLD,3,246,201,64,1,True,True,False
323.4928894042969,REPLAY,CLICK + HOLD,3,246,201,64,1,True,True,False
323.54505920410156,REPLAY,CLICK + HOLD,3,246,201,64,1,True,True,False
323.5932159423828,REPLAY,CLICK + HOLD,3,246,201,64,1,True,True,False
323.6453857421875,REPLAY,CLICK + HOLD,3,247,202,64,0,True,True,False
323.69354248046875,REPLAY,CLICK + HOLD,3,247,202,64,0,True,True,False
323.74571228027344,REPLAY,CLICK + HOLD,3,247,202,64,1,True,True,False
323.7938690185547,REPLAY,CLICK + HOLD,3,247,202,64,1,True,True,False
323.84202575683594,REPLAY,CLICK + HOLD,3,247,202,64,1,True,True,False
323.8941955566406,REPLAY,CLICK + HOLD,3,247,202,64,1,True,True,False
323.9423522949219,REPLAY,CLICK + HOLD,3,247,202,64,1,True,True,False
323.99452209472656,REPLAY,CLICK + HOLD,3,247,202,64,1,True,True,False
324.0426788330078,REPLAY,CLICK + HOLD,3,247,202,64,1,True,True,False
324.0948486328125,REPLAY,CLICK + HOLD,3,247,202,64,1,True,True,False
324.14300537109375,REPLAY,CLICK + HOLD,3,247,202,64,1,True,True,False
324.19517517089844,REPLAY,CLICK + HOLD,3,247,202,64,1,True,True,False
324.2433319091797,REPLAY,CLICK + HOLD,3,247,202,64,1,True,True,False
324.2955017089844,REPLAY,CLICK + HOLD,3,247,202,64,1,True,True,False
324.3436584472656,REPLAY,CLICK + HOLD,3,247,202,64,1,True,True,False
324.3958282470703,REPLAY,CLICK + HOLD,3,247,202,64,1,True,True,False
324.44398498535156,REPLAY,CLICK + HOLD,3,247,202,64,1,True,True,False
324.4921417236328,REPLAY,CLICK + HOLD,3,247,202,64,1,True,True,False
324.5443115234375,REPLAY,CLICK + HOLD,3,247,202,64,1,True,True,False
324.59246826171875,REPLAY,CLICK + HOLD,3,247,202,64,2,True,True,False
324.64463806152344,REPLAY,CLICK + HOLD,3,248,203,64,1,True,True,False
324.6927947998047,REPLAY,CLICK + HOLD,3,248,203,64,1,True,True,False
324.7449645996094,REPLAY,NEUTRAL,3,248,203,64,1,False,True,False
324.7931213378906,REPLAY,NEUTRAL,3,248,203,64,1,False,True,False
324.8452911376953,REPLAY,NEUTRAL,3,248,203,64,1,False,True,False
324.89344787597656,REPLAY,NEUTRAL,3,248,203,64,1,False,True,False
324.94561767578125,REPLAY,NEUTRAL,3,248,203,64,1,False,True,False
324.9937744140625,REPLAY,NEUTRAL,3,248,203,64,1,False,True,False
325.0459442138672,REPLAY,NEUTRAL,3,248,203,64,1,False,True,False
325.09410095214844,REPLAY,NEUTRAL,3,248,203,64,1,False,True,False
325.1422576904297,REPLAY,NEUTRAL,3,248,203,64,1,False,True,False
325.1944274902344,REPLAY,NEUTRAL,3,248,203,64,1,False,True,False
325.2425842285156,REPLAY,NEUTRAL,3,248,203,64,1,False,True,False
325.2947540283203,REPLAY,NEUTRAL,3,248,203,64,1,False,True,False
325.34291076660156,REPLAY,NEUTRAL,3,248,203,64,1,False,True,False
325.39508056640625,REPLAY,NEUTRAL,3,248,203,64,1,False,True,False
325.4432373046875,REPLAY,NEUTRAL,3,248,203,64,1,False,True,False
325.4954071044922,REPLAY,NEUTRAL,3,248,203,64,1,False,True,False
325.54356384277344,REPLAY,NEUTRAL,3,248,203,64,1,False,True,False
325.5957336425781,REPLAY,NEUTRAL,3,248,203,64,1,False,True,False
325.6438903808594,REPLAY,NEUTRAL,3,248,203,64,1,False,True,False
325.6920471191406,REPLAY,NEUTRAL,3,248,203,64,1,False,True,False
325.7442169189453,REPLAY,NEUTRAL,3,248,203,64,1,False,True,False
325.79237365722656,REPLAY,NEUTRAL,3,248,203,64,2,False,True,False
325.84454345703125,REPLAY,NEUTRAL,3,248,203,64,2,False,True,False
325.8927001953125,REPLAY,NEUTRAL,3,248,203,64,2,False,True,False
325.9448699951172,REPLAY,NEUTRAL,3,248,203,64,2,False,True,False
325.99302673339844,REPLAY,NEUTRAL,3,248,203,64,2,False,True,False
326.0451965332031,REPLAY,NEUTRAL,3,248,203,64,2,False,True,False
326.0933532714844,REPLAY,NEUTRAL,3,248,203,64,2,False,True,False
326.14552307128906,REPLAY,NEUTRAL,3,248,203,64,2,False,True,False
326.1936798095703,REPLAY,NEUTRAL,3,248,203,64,2,False,True,False
326.245849609375,REPLAY,NEUTRAL,3,248,203,64,2,False,True,False
326.29400634765625,REPLAY,NEUTRAL,3,248,203,64,2,False,True,False
326.3421630859375,REPLAY,NEUTRAL,3,248,203,64,2,False,True,False
326.3943328857422,REPLAY,NEUTRAL,3,248,203,64,2,False,True,False
326.44248962402344,REPLAY,NEUTRAL,3,248,203,64,2,False,True,False
326.4946594238281,REPLAY,NEUTRAL,3,248,203,64,2,False,True,False
326.5428161621094,REPLAY,NEUTRAL,3,248,203,64,2,False,True,False
326.59498596191406,REPLAY,NEUTRAL,3,248,203,64,2,False,True,False
326.6431427001953,REPLAY,NEUTRAL,3,248,203,64,2,False,True,False
326.6953125,REPLAY,NEUTRAL,3,248,203,64,2,False,True,False
326.74346923828125,REPLAY,NEUTRAL,3,248,203,64,2,False,True,False
326.79563903808594,REPLAY,NEUTRAL,3,248,203,64,2,False,True,False
326.8437957763672,REPLAY,NEUTRAL,3,248,203,64,2,False,True,False
326.8959655761719,REPLAY,NEUTRAL,3,248,203,64,2,False,True,False
326.9441223144531,REPLAY,NEUTRAL,3,248,203,64,2,False,True,False
326.9922790527344,REPLAY,NEUTRAL,3,248,203,64,2,False,True,False
327.04444885253906,REPLAY,NEUTRAL,3,248,203,64,2,False,True,False
327.0926055908203,REPLAY,NEUTRAL,3,248,203,64,2,False,True,False
327.144775390625,REPLAY,NEUTRAL,3,248,203,64,2,False,True,False
327.19293212890625,REPLAY,NEUTRAL,3,248,203,64,2,False,True,False
327.24510192871094,REPLAY,NEUTRAL,3,248,203,64,3,False,True,False
327.2932586669922,REPLAY,NEUTRAL,3,248,203,64,3,False,True,False
327.3454284667969,REPLAY,NEUTRAL,3,248,203,64,3,False,True,False
327.3935852050781,REPLAY,NEUTRAL,3,248,203,64,3,False,True,False
327.4457550048828,REPLAY,NEUTRAL,3,249,204,64,2,False,True,False
327.49391174316406,REPLAY,NEUTRAL,3,249,204,64,2,False,True,False
327.5420684814453,REPLAY,NEUTRAL,3,249,204,64,2,False,True,False
327.59423828125,REPLAY,NEUTRAL,3,249,204,64,2,False,True,False
327.64239501953125,REPLAY,NEUTRAL,3,249,204,64,2,False,True,False
327.69456481933594,REPLAY,NEUTRAL,3,249,204,64,2,False,True,False
327.7427215576172,REPLAY,NEUTRAL,3,249,204,64,2,False,True,False
327.7948913574219,REPLAY,NEUTRAL,3,249,204,64,2,False,True,False
327.8430480957031,REPLAY,NEUTRAL,3,249,204,64,2,False,True,False
327.8952178955078,REPLAY,NEUTRAL,3,249,204,64,2,False,True,False
327.94337463378906,REPLAY,NEUTRAL,3,249,204,64,2,False,True,False
327.99554443359375,REPLAY,NEUTRAL,3,249,204,64,2,False,True,False
328.043701171875,REPLAY,NEUTRAL,3,249,204,64,2,False,True,False
328.0958709716797,REPLAY,NEUTRAL,3,249,204,64,2,False,True,False
328.14402770996094,REPLAY,NEUTRAL,3,249,204,64,2,False,True,False
328.1921844482422,REPLAY,NEUTRAL,3,249,204,64,3,False,True,False
328.2443542480469,REPLAY,NEUTRAL,3,249,204,64,3,False,True,False
328.2925109863281,REPLAY,NEUTRAL,3,249,204,64,3,False,True,False
328.3446807861328,REPLAY,NEUTRAL,3,249,204,64,3,False,True,False
328.39283752441406,REPLAY,NEUTRAL,3,249,204,64,3,False,True,False
328.44500732421875,REPLAY,NEUTRAL,3,249,204,64,3,False,True,False
328.4931640625,REPLAY,NEUTRAL,3,249,204,64,3,False,True,False
328.5453338623047,REPLAY,NEUTRAL,3,249,204,64,3,False,True,False
328.59349060058594,REPLAY,NEUTRAL,3,249,204,64,3,False,True,False
328.6456604003906,REPLAY,NEUTRAL,3,249,204,64,3,False,True,False
328.6938171386719,REPLAY,NEUTRAL,3,249,204,64,3,False,True,False
328.74598693847656,REPLAY,NEUTRAL,3,249,204,64,3,False,True,False
328.7941436767578,REPLAY,NEUTRAL,3,249,204,64,3,False,True,False
328.84230041503906,REPLAY,NEUTRAL,3,249,204,64,3,False,True,False
328.89447021484375,REPLAY,NEUTRAL,3,249,204,65,2,False,True,False
328.942626953125,REPLAY,NEUTRAL,3,249,204,65,2,False,True,False
328.9947967529297,REPLAY,NEUTRAL,3,249,204,65,2,False,True,False
329.04295349121094,REPLAY,NEUTRAL,3,249,204,65,2,False,True,False
329.0951232910156,REPLAY,NEUTRAL,3,249,204,65,2,False,True,False
329.1432800292969,REPLAY,NEUTRAL,3,249,204,65,3,False,True,False
329.19544982910156,REPLAY,NEUTRAL,3,249,204,65,3,False,True,False
329.2436065673828,REPLAY,NEUTRAL,3,249,204,65,3,False,True,False
329.2957763671875,REPLAY,NEUTRAL,3,249,204,65,3,False,True,False
329.34393310546875,REPLAY,NEUTRAL,3,249,204,65,3,False,True,False
329.39208984375,REPLAY,NEUTRAL,3,249,204,65,3,False,True,False
329.4442596435547,REPLAY,NEUTRAL,3,249,204,65,3,False,True,False
329.49241638183594,REPLAY,NEUTRAL,3,249,204,65,3,False,True,False
329.5445861816406,REPLAY,NEUTRAL,3,249,204,65,3,False,True,False
329.5927429199219,REPLAY,NEUTRAL,3,249,204,65,3,False,True,False
329.64491271972656,REPLAY,NEUTRAL,3,249,204,65,3,False,True,False
329.6930694580078,REPLAY,CLICK,3,251,205,65,2,False,True,False
329.7452392578125,REPLAY,NEUTRAL,3,251,205,65,2,False,True,False
329.79339599609375,REPLAY,NEUTRAL,3,251,205,65,2,False,True,False
329.84556579589844,REPLAY,NEUTRAL,3,251,205,65,2,False,True,False
329.8937225341797,REPLAY,NEUTRAL,3,251,205,65,2,False,True,False
329.9458923339844,REPLAY,NEUTRAL,3,251,205,65,2,False,True,False
329.9940490722656,REPLAY,NEUTRAL,3,251,205,65,2,False,True,False
330.0422058105469,REPLAY,NEUTRAL,3,251,205,65,2,False,True,False
330.09437561035156,REPLAY,NEUTRAL,3,251,205,65,2,False,True,False
330.1425323486328,REPLAY,NEUTRAL,3,251,205,65,2,False,True,False
330.1947021484375,REPLAY,NEUTRAL,3,251,205,65,2,False,True,False
330.24285888671875,REPLAY,NEUTRAL,3,251,205,65,2,False,True,False
330.29502868652344,REPLAY,NEUTRAL,3,251,205,65,2,False,True,False
330.3431854248047,REPLAY,CLICK,3,253,206,65,1,False,True,False
330.3953552246094,REPLAY,NEUTRAL,3,253,206,65,1,False,True,False
330.4435119628906,REPLAY,NEUTRAL,3,253,206,66,0,False,True,False
330.4956817626953,REPLAY,NEUTRAL,3,253,206,66,0,False,True,False
330.54383850097656,REPLAY,NEUTRAL,3,253,206,66,0,False,True,False
330.5919952392578,REPLAY,NEUTRAL,3,253,206,66,1,False,True,False
330.6441650390625,REPLAY,NEUTRAL,3,253,206,66,1,False,True,False
330.69232177734375,REPLAY,NEUTRAL,3,253,206,66,1,False,True,False
330.74449157714844,REPLAY,NEUTRAL,3,253,206,66,1,False,True,False
330.7926483154297,REPLAY,NEUTRAL,3,253,206,66,1,False,True,False
330.8448181152344,REPLAY,NEUTRAL,3,253,206,66,1,False,True,False
330.8929748535156,REPLAY,NEUTRAL,3,253,206,66,1,False,True,False
330.9451446533203,REPLAY,CLICK,3,253,206,66,1,False,True,False
330.99330139160156,REPLAY,NEUTRAL,3,253,206,66,1,False,True,False
331.04547119140625,REPLAY,NEUTRAL,3,253,206,66,1,False,True,False
331.0936279296875,REPLAY,NEUTRAL,3,253,206,66,1,False,True,False
331.1457977294922,REPLAY,NEUTRAL,3,253,206,66,1,False,True,False
331.19395446777344,REPLAY,NEUTRAL,3,253,206,66,1,False,True,False
331.2421112060547,REPLAY,NEUTRAL,3,253,206,66,1,False,True,False
331.2942810058594,REPLAY,NEUTRAL,3,253,206,66,1,False,True,False
331.3424377441406,REPLAY,NEUTRAL,3,253,206,66,1,False,True,False
331.3946075439453,REPLAY,NEUTRAL,3,253,206,66,1,False,True,False
331.44276428222656,REPLAY,NEUTRAL,3,253,206,66,1,False,True,False
331.49493408203125,REPLAY,NEUTRAL,3,253,206,66,1,False,True,False
331.5430908203125,REPLAY,NEUTRAL,3,253,206,66,1,False,True,False
331.5952606201172,REPLAY,CLICK,3,253,206,66,1,False,True,False
331.64341735839844,REPLAY,NEUTRAL,3,253,206,66,1,False,True,False
331.6955871582031,REPLAY,NEUTRAL,3,253,206,66,1,False,True,False
331.7437438964844,REPLAY,NEUTRAL,3,253,206,66,1,False,True,False
331.79591369628906,REPLAY,NEUTRAL,3,253,206,66,1,False,True,False
331.8440704345703,REPLAY,NEUTRAL,3,253,206,66,1,False,True,False
331.89222717285156,REPLAY,NEUTRAL,3,253,206,66,1,False,True,False
331.94439697265625,REPLAY,NEUTRAL,3,253,206,66,1,False,True,False
331.9925537109375,REPLAY,NEUTRAL,3,253,206,66,2,False,True,False
332.0447235107422,REPLAY,NEUTRAL,3,253,206,66,2,False,True,False
332.09288024902344,REPLAY,NEUTRAL,3,253,206,66,2,False,True,False
332.1450500488281,REPLAY,NEUTRAL,3,253,206,66,2,False,True,False
332.1932067871094,REPLAY,CLICK,3,253,206,66,2,False,True,False
332.24537658691406,REPLAY,NEUTRAL,3,253,206,66,2,False,True,False
332.2935333251953,REPLAY,NEUTRAL,3,253,206,66,2,False,True,False
332.345703125,REPLAY,NEUTRAL,3,253,206,66,2,False,True,False
332.39385986328125,REPLAY,NEUTRAL,3,253,206,66,2,False,True,False
332.4420166015625,REPLAY,NEUTRAL,3,253,206,66,2,False,True,False
332.4941864013672,REPLAY,NEUTRAL,3,253,206,66,2,False,True,False
332.54234313964844,REPLAY,NEUTRAL,3,253,206,66,2,False,True,False
332.5945129394531,REPLAY,NEUTRAL,3,253,206,66,2,False,True,False
332.6426696777344,REPLAY,NEUTRAL,3,253,206,66,2,False,True,False
332.69483947753906,REPLAY,NEUTRAL,3,253,206,66,2,False,True,False
332.7429962158203,REPLAY,NEUTRAL,3,253,206,66,2,False,True,False
332.795166015625,REPLAY,CLICK,3,253,206,66,3,False,True,False
332.84332275390625,REPLAY,NEUTRAL,3,253,206,66,3,False,True,False
332.89549255371094,REPLAY,NEUTRAL,3,253,206,66,3,False,True,False
332.9436492919922,REPLAY,NEUTRAL,3,253,206,66,3,False,True,False
332.9958190917969,REPLAY,NEUTRAL,3,253,206,66,3,False,True,False
333.0439758300781,REPLAY,NEUTRAL,3,253,206,66,3,False,True,False
333.0921325683594,REPLAY,NEUTRAL,3,253,206,66,3,False,True,False
333.14430236816406,REPLAY,NEUTRAL,3,253,206,66,3,False,True,False
333.1924591064453,REPLAY,NEUTRAL,3,253,206,66,3,False,True,False
333.24462890625,REPLAY,NEUTRAL,3,253,206,66,3,False,True,False
333.29278564453125,REPLAY,NEUTRAL,3,253,206,66,3,False,True,False
333.34495544433594,REPLAY,NEUTRAL,3,253,206,66,3,False,True,False
333.3931121826172,REPLAY,NEUTRAL,3,253,206,66,3,False,True,False
333.4452819824219,REPLAY,NEUTRAL,3,253,206,66,3,False,True,False
333.4934387207031,REPLAY,CLICK,3,255,207,66,2,False,True,False
333.5456085205078,REPLAY,NEUTRAL,3,255,207,66,2,False,True,False
333.59376525878906,REPLAY,NEUTRAL,3,255,207,66,2,False,True,False
333.64593505859375,REPLAY,NEUTRAL,3,255,207,66,2,False,True,False
333.694091796875,REPLAY,NEUTRAL,3,255,207,66,2,False,True,False
333.74224853515625,REPLAY,NEUTRAL,3,255,207,66,3,False,True,False
333.79441833496094,REPLAY,NEUTRAL,3,255,207,66,3,False,True,False
333.8425750732422,REPLAY,NEUTRAL,3,255,207,66,3,False,True,False
333.8947448730469,REPLAY,NEUTRAL,3,255,207,67,2,False,True,False
333.9429016113281,REPLAY,NEUTRAL,3,255,207,67,2,False,True,False
333.9950714111328,REPLAY,NEUTRAL,3,255,207,67,2,False,True,False
334.04322814941406,REPLAY,NEUTRAL,3,255,207,67,2,False,True,False
334.09539794921875,REPLAY,CLICK,3,257,208,67,1,False,True,False
334.1435546875,REPLAY,NEUTRAL,3,257,208,67,1,False,True,False
334.1957244873047,REPLAY,NEUTRAL,3,257,208,67,1,False,True,False
334.24388122558594,REPLAY,NEUTRAL,3,257,208,67,1,False,True,False
334.2920379638672,REPLAY,NEUTRAL,3,257,208,67,1,False,True,False
334.3442077636719,REPLAY,NEUTRAL,3,257,208,67,1,False,True,False
334.3923645019531,REPLAY,NEUTRAL,3,257,208,67,1,False,True,False
334.4445343017578,REPLAY,NEUTRAL,3,257,208,67,1,False,True,False
334.49269104003906,REPLAY,NEUTRAL,3,257,208,67,1,False,True,False
334.54486083984375,REPLAY,NEUTRAL,3,257,208,67,1,False,True,False
334.593017578125,REPLAY,NEUTRAL,3,257,208,67,1,False,True,False
334.6451873779297,REPLAY,NEUTRAL,3,257,208,67,2,False,True,False
334.69334411621094,REPLAY,NEUTRAL,3,257,208,67,2,False,True,False
334.7455139160156,REPLAY,CLICK,3,259,209,67,1,False,True,False
334.7936706542969,REPLAY,NEUTRAL,3,259,209,67,1,False,True,False
334.84584045410156,REPLAY,NEUTRAL,3,259,209,67,1,False,True,False
334.8939971923828,REPLAY,NEUTRAL,3,259,209,67,1,False,True,False
334.94215393066406,REPLAY,NEUTRAL,3,259,209,67,1,False,True,False
334.99432373046875,REPLAY,NEUTRAL,3,259,209,67,1,False,True,False
335.04248046875,REPLAY,NEUTRAL,3,259,209,67,1,False,True,False
335.0946502685547,REPLAY,NEUTRAL,3,259,209,67,1,False,True,False
335.14280700683594,REPLAY,NEUTRAL,3,259,209,67,1,False,True,False
335.1949768066406,REPLAY,NEUTRAL,3,259,209,67,1,False,True,False
335.2431335449219,REPLAY,NEUTRAL,3,259,209,67,1,False,True,False
335.29530334472656,REPLAY,NEUTRAL,3,259,209,67,1,False,True,False
335.3434600830078,REPLAY,NEUTRAL,3,259,209,67,1,False,True,False
335.3956298828125,REPLAY,NEUTRAL,3,259,209,68,0,False,True,False
335.44378662109375,REPLAY,CLICK,3,259,209,68,0,False,True,False
335.49595642089844,REPLAY,NEUTRAL,3,259,209,68,0,False,True,False
335.5441131591797,REPLAY,NEUTRAL,3,259,209,68,0,False,True,False
335.59226989746094,REPLAY,NEUTRAL,3,259,209,68,0,False,True,False
335.6444396972656,REPLAY,NEUTRAL,3,259,209,68,0,False,True,False
335.6925964355469,REPLAY,NEUTRAL,3,259,209,68,0,False,True,False
335.74476623535156,REPLAY,NEUTRAL,3,259,209,68,1,False,True,False
335.7929229736328,REPLAY,NEUTRAL,3,259,209,68,1,False,True,False
335.8450927734375,REPLAY,NEUTRAL,3,259,209,68,1,False,True,False
335.89324951171875,REPLAY,NEUTRAL,3,259,209,68,1,False,True,False
335.94541931152344,REPLAY,NEUTRAL,3,259,209,68,1,False,True,False
335.9935760498047,REPLAY,NEUTRAL,3,259,209,68,1,False,True,False
336.0457458496094,REPLAY,CLICK,3,261,210,68,0,False,True,False
336.0939025878906,REPLAY,NEUTRAL,3,261,210,68,0,False,True,False
336.1420593261719,REPLAY,NEUTRAL,3,261,210,68,0,False,True,False
336.19422912597656,REPLAY,NEUTRAL,3,261,210,68,0,False,True,False
336.2423858642578,REPLAY,NEUTRAL,3,261,210,68,0,False,True,False
336.2945556640625,REPLAY,NEUTRAL,3,261,210,68,0,False,True,False
336.34271240234375,REPLAY,NEUTRAL,3,261,210,68,0,False,True,False
336.39488220214844,REPLAY,NEUTRAL,3,261,210,68,0,False,True,False
336.4430389404297,REPLAY,NEUTRAL,3,261,210,68,0,False,True,False
336.4952087402344,REPLAY,NEUTRAL,3,261,210,68,0,False,True,False
336.5433654785156,REPLAY,NEUTRAL,3,261,210,68,0,False,True,False
336.5955352783203,REPLAY,NEUTRAL,3,261,210,68,0,False,True,False
336.64369201660156,REPLAY,NEUTRAL,3,261,210,68,0,False,True,False
336.69586181640625,REPLAY,CLICK,3,261,210,68,0,False,True,False
336.7440185546875,REPLAY,NEUTRAL,3,261,210,68,0,False,True,False
336.79217529296875,REPLAY,NEUTRAL,3,261,210,68,0,False,True,False
336.84434509277344,REPLAY,NEUTRAL,3,261,210,68,0,False,True,False
336.8925018310547,REPLAY,NEUTRAL,3,261,210,68,0,False,True,False
336.9446716308594,REPLAY,NEUTRAL,3,261,210,68,0,False,True,False
336.9928283691406,REPLAY,NEUTRAL,3,261,210,68,0,False,True,False
337.0449981689453,REPLAY,NEUTRAL,3,261,210,68,1,False,True,False
337.09315490722656,REPLAY,NEUTRAL,3,261,210,68,1,False,True,False
337.14532470703125,REPLAY,NEUTRAL,3,261,210,68,1,False,True,False
337.1934814453125,REPLAY,NEUTRAL,3,261,210,68,1,False,True,False
337.2456512451172,REPLAY,NEUTRAL,3,261,210,68,1,False,True,False
337.29380798339844,REPLAY,NEUTRAL,3,261,210,68,1,False,True,False
337.3459777832031,REPLAY,NEUTRAL,3,261,210,68,1,False,True,False
337.3941345214844,REPLAY,NEUTRAL,3,261,210,68,1,False,True,False
337.4422912597656,REPLAY,NEUTRAL,3,261,210,68,1,False,True,False
337.4944610595703,REPLAY,NEUTRAL,3,261,210,68,1,False,True,False
337.54261779785156,REPLAY,NEUTRAL,3,261,210,68,1,False,True,False
337.59478759765625,REPLAY,NEUTRAL,3,261,210,68,1,False,True,False
337.6429443359375,REPLAY,CLICK + HOLD,3,261,210,68,1,True,True,False
337.6951141357422,REPLAY,CLICK + HOLD,3,261,210,68,1,True,True,False
337.74327087402344,REPLAY,CLICK + HOLD,3,261,210,68,1,True,True,False
337.7954406738281,REPLAY,CLICK + HOLD,3,261,210,68,1,True,True,False
337.8435974121094,REPLAY,CLICK + HOLD,3,261,210,68,1,True,True,False
337.89576721191406,REPLAY,CLICK + HOLD,3,262,211,68,0,True,True,False
337.9439239501953,REPLAY,CLICK + HOLD,3,262,211,68,0,True,True,False
337.99208068847656,REPLAY,CLICK + HOLD,3,262,211,68,0,True,True,False
338.04425048828125,REPLAY,CLICK + HOLD,3,262,211,68,0,True,True,False
338.0924072265625,REPLAY,CLICK + HOLD,3,262,211,68,0,True,True,False
338.1445770263672,REPLAY,CLICK + HOLD,3,262,211,68,0,True,True,False
338.19273376464844,REPLAY,CLICK + HOLD,3,262,211,68,1,True,True,False
338.2449035644531,REPLAY,CLICK + HOLD,3,262,211,68,1,True,True,False
338.2930603027344,REPLAY,CLICK + HOLD,3,262,211,68,1,True,True,False
338.34523010253906,REPLAY,CLICK + HOLD,3,262,211,68,1,True,True,False
338.3933868408203,REPLAY,CLICK + HOLD,3,262,211,68,1,True,True,False
338.445556640625,REPLAY,CLICK + HOLD,3,262,211,68,1,True,True,False
338.49371337890625,REPLAY,CLICK + HOLD,3,262,211,68,1,True,True,False
338.54588317871094,REPLAY,CLICK + HOLD,3,262,211,68,1,True,True,False
338.5940399169922,REPLAY,NEUTRAL,3,262,211,68,1,False,True,False
338.64219665527344,REPLAY,NEUTRAL,3,262,211,68,1,False,True,False
338.6943664550781,REPLAY,NEUTRAL,3,262,211,68,1,False,True,False
338.7425231933594,REPLAY,NEUTRAL,3,262,211,68,1,False,True,False
338.79469299316406,REPLAY,NEUTRAL,3,262,211,68,1,False,True,False
338.8428497314453,REPLAY,NEUTRAL,3,262,211,68,1,False,True,False
338.89501953125,REPLAY,NEUTRAL,3,262,211,68,1,False,True,False
338.94317626953125,REPLAY,NEUTRAL,3,262,211,68,1,False,True,False
338.99534606933594,REPLAY,NEUTRAL,3,262,211,68,1,False,True,False
339.0435028076172,REPLAY,NEUTRAL,3,262,211,68,1,False,True,False
339.0956726074219,REPLAY,NEUTRAL,3,262,211,68,1,False,True,False
339.1438293457031,REPLAY,NEUTRAL,3,262,211,68,1,False,True,False
339.1919860839844,REPLAY,NEUTRAL,3,262,211,68,1,False,True,False
339.24415588378906,REPLAY,NEUTRAL,3,262,211,68,1,False,True,False
339.2923126220703,REPLAY,NEUTRAL,3,262,211,68,1,False,True,False
339.344482421875,REPLAY,NEUTRAL,3,262,211,68,2,False,True,False
339.39263916015625,REPLAY,NEUTRAL,3,262,211,68,2,False,True,False
339.44480895996094,REPLAY,NEUTRAL,3,262,211,68,2,False,True,False
339.4929656982422,REPLAY,NEUTRAL,3,262,211,68,2,False,True,False
339.5451354980469,REPLAY,NEUTRAL,3,262,211,68,2,False,True,False
339.5932922363281,REPLAY,NEUTRAL,3,262,211,68,2,False,True,False
339.6454620361328,REPLAY,NEUTRAL,3,262,211,68,2,False,True,False
339.69361877441406,REPLAY,NEUTRAL,3,262,211,68,2,False,True,False
339.74578857421875,REPLAY,NEUTRAL,3,262,211,68,2,False,True,False
339.7939453125,REPLAY,NEUTRAL,3,262,211,68,2,False,True,False
339.84210205078125,REPLAY,NEUTRAL,3,262,211,68,2,False,True,False
339.89427185058594,REPLAY,NEUTRAL,3,262,211,68,2,False,True,False
339.9424285888672,REPLAY,NEUTRAL,3,262,211,68,2,False,True,False
339.9945983886719,REPLAY,NEUTRAL,3,262,211,68,2,False,True,False
340.0427551269531,REPLAY,NEUTRAL,3,262,211,68,2,False,True,False
340.0949249267578,REPLAY,NEUTRAL,3,262,211,68,2,False,True,False
340.14308166503906,REPLAY,NEUTRAL,3,262,211,68,2,False,True,False
340.19525146484375,REPLAY,NEUTRAL,3,262,211,68,3,False,True,False
340.243408203125,REPLAY,NEUTRAL,3,262,211,68,3,False,True,False
340.2955780029297,REPLAY,NEUTRAL,3,262,211,68,3,False,True,False
340.34373474121094,REPLAY,NEUTRAL,3,262,211,68,3,False,True,False
340.3959045410156,REPLAY,NEUTRAL,3,262,211,68,3,False,True,False
340.4440612792969,REPLAY,NEUTRAL,3,262,211,68,3,False,True,False
340.4922180175781,REPLAY,NEUTRAL,3,262,211,68,3,False,True,False
340.5443878173828,REPLAY,NEUTRAL,3,262,211,68,3,False,True,False
340.59254455566406,REPLAY,NEUTRAL,3,262,211,68,3,False,True,False
340.64471435546875,REPLAY,NEUTRAL,3,262,211,68,3,False,True,False
340.69287109375,REPLAY,NEUTRAL,3,262,211,68,3,False,True,False
340.7450408935547,REPLAY,NEUTRAL,3,262,211,68,3,False,True,False
340.79319763183594,REPLAY,NEUTRAL,3,262,211,68,3,False,True,False
340.8453674316406,REPLAY,NEUTRAL,3,262,211,68,3,False,True,False
340.8935241699219,REPLAY,NEUTRAL,3,263,212,68,2,False,True,False
340.94569396972656,REPLAY,NEUTRAL,3,263,212,68,2,False,True,False
340.9938507080078,REPLAY,NEUTRAL,3,263,212,68,2,False,True,False
341.04200744628906,REPLAY,NEUTRAL,3,263,212,68,2,False,True,False
341.09417724609375,REPLAY,NEUTRAL,3,263,212,68,2,False,True,False
341.142333984375,REPLAY,NEUTRAL,3,263,212,68,2,False,True,False
341.1945037841797,REPLAY,NEUTRAL,3,263,212,68,2,False,True,False
341.24266052246094,REPLAY,NEUTRAL,3,263,212,68,2,False,True,False
341.2948303222656,REPLAY,NEUTRAL,3,263,212,68,2,False,True,False
341.3429870605469,REPLAY,NEUTRAL,3,263,212,68,2,False,True,False
341.39515686035156,REPLAY,NEUTRAL,3,263,212,68,2,False,True,False
341.4433135986328,REPLAY,NEUTRAL,3,263,212,68,2,False,True,False
341.4954833984375,REPLAY,NEUTRAL,3,263,212,68,2,False,True,False
341.54364013671875,REPLAY,NEUTRAL,3,263,212,68,2,False,True,False
341.59580993652344,REPLAY,NEUTRAL,3,263,212,68,2,False,True,False
341.6439666748047,REPLAY,NEUTRAL,3,263,212,68,2,False,True,False
341.69212341308594,REPLAY,NEUTRAL,3,263,212,68,2,False,True,False
341.7442932128906,REPLAY,NEUTRAL,3,263,212,68,2,False,True,False
341.7924499511719,REPLAY,NEUTRAL,3,263,212,68,3,False,True,False
341.84461975097656,REPLAY,NEUTRAL,3,263,212,68,3,False,True,False
341.8927764892578,REPLAY,NEUTRAL,3,263,212,68,3,False,True,False
341.9449462890625,REPLAY,NEUTRAL,3,263,212,68,3,False,True,False
341.99310302734375,REPLAY,NEUTRAL,3,263,212,68,3,False,True,False
342.04527282714844,REPLAY,NEUTRAL,3,263,212,68,3,False,True,False
342.0934295654297,REPLAY,NEUTRAL,3,263,212,68,3,False,True,False
342.1455993652344,REPLAY,NEUTRAL,3,263,212,68,3,False,True,False
342.1937561035156,REPLAY,NEUTRAL,3,263,212,68,3,False,True,False
342.2459259033203,REPLAY,NEUTRAL,3,264,213,68,2,False,True,False
342.29408264160156,REPLAY,NEUTRAL,3,264,213,68,2,False,True,False
342.3422393798828,REPLAY,NEUTRAL,3,264,213,68,2,False,True,False
342.3944091796875,REPLAY,NEUTRAL,3,264,213,68,2,False,True,False
342.44256591796875,REPLAY,NEUTRAL,3,264,213,68,2,False,True,False
342.49473571777344,REPLAY,NEUTRAL,3,264,213,68,2,False,True,False
342.5428924560547,REPLAY,NEUTRAL,3,264,213,68,2,False,True,False
342.5950622558594,REPLAY,NEUTRAL,3,264,213,68,2,False,True,False
342.6432189941406,REPLAY,NEUTRAL,3,264,213,68,2,False,True,False
342.6953887939453,REPLAY,NEUTRAL,3,264,213,68,2,False,True,False
342.74354553222656,REPLAY,NEUTRAL,3,264,213,68,2,False,True,False
342.79571533203125,REPLAY,NEUTRAL,3,264,213,68,3,False,True,False
342.8438720703125,REPLAY,NEUTRAL,3,264,213,68,3,False,True,False
342.89202880859375,REPLAY,NEUTRAL,3,264,213,68,3,False,True,False
342.94419860839844,REPLAY,NEUTRAL,3,264,213,68,3,False,True,False
342.9923553466797,REPLAY,NEUTRAL,3,264,213,68,3,False,True,False
343.0445251464844,REPLAY,NEUTRAL,3,264,213,68,3,False,True,False
343.0926818847656,REPLAY,NEUTRAL,3,264,213,68,3,False,True,False
343.1448516845703,REPLAY,NEUTRAL,3,264,213,68,3,False,True,False
343.19300842285156,REPLAY,NEUTRAL,3,264,213,68,3,False,True,False
343.24517822265625,REPLAY,NEUTRAL,3,264,213,68,3,False,True,False
343.2933349609375,REPLAY,NEUTRAL,3,264,213,68,3,False,True,False
343.3455047607422,REPLAY,NEUTRAL,3,264,213,68,3,False,True,False
343.39366149902344,REPLAY,NEUTRAL,3,264,213,68,3,False,True,False
343.4458312988281,REPLAY,NEUTRAL,3,264,213,68,3,False,True,False
343.4939880371094,REPLAY,NEUTRAL,3,264,213,68,3,False,True,False
343.5421447753906,REPLAY,NEUTRAL,3,264,213,68,3,False,True,False
343.5943145751953,REPLAY,NEUTRAL,3,264,213,69,2,False,True,False
343.64247131347656,REPLAY,NEUTRAL,3,264,213,69,2,False,True,False
343.69464111328125,REPLAY,NEUTRAL,3,264,213,69,2,False,True,False
343.7427978515625,REPLAY,NEUTRAL,3,264,213,69,2,False,True,False
343.7949676513672,REPLAY,NEUTRAL,3,264,213,69,3,False,True,False
343.84312438964844,REPLAY,NEUTRAL,3,264,213,69,3,False,True,False
343.8952941894531,REPLAY,NEUTRAL,3,264,213,69,3,False,True,False
343.9434509277344,REPLAY,NEUTRAL,3,264,213,69,3,False,True,False
343.99562072753906,REPLAY,NEUTRAL,3,264,213,69,3,False,True,False
344.0437774658203,REPLAY,NEUTRAL,3,264,213,69,3,False,True,False
344.095947265625,REPLAY,NEUTRAL,3,264,213,69,3,False,True,False
344.14410400390625,REPLAY,NEUTRAL,3,264,213,69,3,False,True,False
344.1922607421875,REPLAY,NEUTRAL,3,264,213,69,3,False,True,False
344.2444305419922,REPLAY,NEUTRAL,3,264,213,69,3,False,True,False
344.29258728027344,REPLAY,NEUTRAL,3,264,213,69,3,False,True,False
344.3447570800781,REPLAY,NEUTRAL,3,264,213,69,3,False,True,False
344.3929138183594,REPLAY,NEUTRAL,3,264,213,69,3,False,True,False
344.44508361816406,REPLAY,NEUTRAL,3,264,213,69,3,False,True,False
344.4932403564453,REPLAY,NEUTRAL,3,264,213,69,3,False,True,False
344.54541015625,REPLAY,NEUTRAL,3,264,213,69,3,False,True,False
344.59356689453125,REPLAY,NEUTRAL,3,264,213,69,3,False,True,False
344.64573669433594,REPLAY,NEUTRAL,3,264,213,69,3,False,True,False
344.6938934326172,REPLAY,NEUTRAL,3,264,213,69,3,False,True,False
344.74205017089844,REPLAY,NEUTRAL,3,265,214,69,2,False,True,False
344.7942199707031,REPLAY,NEUTRAL,3,265,214,69,2,False,True,False
344.8423767089844,REPLAY,NEUTRAL,3,265,214,69,2,False,True,False
344.89454650878906,REPLAY,NEUTRAL,3,265,214,69,2,False,True,False
344.9427032470703,REPLAY,NEUTRAL,3,265,214,69,2,False,True,False
344.994873046875,REPLAY,NEUTRAL,3,265,214,69,2,False,True,False
345.04302978515625,REPLAY,NEUTRAL,3,265,214,69,2,False,True,False
345.09519958496094,REPLAY,NEUTRAL,3,265,214,69,2,False,True,False
345.1433563232422,REPLAY,NEUTRAL,3,265,214,69,2,False,True,False
345.1955261230469,REPLAY,NEUTRAL,3,265,214,69,2,False,True,False
345.2436828613281,REPLAY,NEUTRAL,3,265,214,69,2,False,True,False
345.2958526611328,REPLAY,NEUTRAL,3,265,214,69,2,False,True,False
345.34400939941406,REPLAY,NEUTRAL,3,265,214,69,2,False,True,False
345.3921661376953,REPLAY,NEUTRAL,3,265,214,69,3,False,True,False
345.4443359375,REPLAY,NEUTRAL,3,265,214,69,3,False,True,False
345.49249267578125,REPLAY,NEUTRAL,3,265,214,69,3,False,True,False
345.54466247558594,REPLAY,NEUTRAL,3,265,214,69,3,False,True,False
345.5928192138672,REPLAY,NEUTRAL,3,265,214,69,3,False,True,False
345.6449890136719,REPLAY,NEUTRAL,3,265,214,69,3,False,True,False
345.6931457519531,REPLAY,NEUTRAL,3,265,214,69,3,False,True,False
345.7453155517578,REPLAY,NEUTRAL,3,265,214,69,3,False,True,False
345.79347229003906,REPLAY,NEUTRAL,3,265,214,69,3,False,True,False
345.84564208984375,REPLAY,NEUTRAL,3,265,214,69,3,False,True,False
345.893798828125,REPLAY,NEUTRAL,3,265,214,69,3,False,True,False
345.9459686279297,REPLAY,NEUTRAL,3,265,214,69,3,False,True,False
345.99412536621094,REPLAY,NEUTRAL,3,265,214,69,3,False,True,False
346.0422821044922,REPLAY,NEUTRAL,3,265,214,69,3,False,True,False
346.0944519042969,REPLAY,NEUTRAL,3,265,214,70,2,False,True,False
346.1426086425781,REPLAY,NEUTRAL,3,265,214,70,2,False,True,False
346.1947784423828,REPLAY,NEUTRAL,3,265,214,70,2,False,True,False
346.24293518066406,REPLAY,NEUTRAL,3,265,214,70,2,False,True,False
346.29510498046875,REPLAY,NEUTRAL,3,265,214,70,2,False,True,False
346.34326171875,REPLAY,NEUTRAL,3,265,214,70,2,False,True,False
346.3954315185547,REPLAY,NEUTRAL,3,265,214,70,2,False,True,False
346.44358825683594,REPLAY,NEUTRAL,3,265,214,70,2,False,True,False
346.4957580566406,REPLAY,NEUTRAL,3,265,214,70,2,False,True,False
346.5439147949219,REPLAY,NEUTRAL,3,265,214,70,2,False,True,False
346.5920715332031,REPLAY,NEUTRAL,3,265,214,70,2,False,True,False
346.6442413330078,REPLAY,NEUTRAL,3,265,214,70,2,False,True,False
346.69239807128906,REPLAY,NEUTRAL,3,266,215,70,1,False,True,False
346.74456787109375,REPLAY,NEUTRAL,3,266,215,70,2,False,True,False
346.792724609375,REPLAY,NEUTRAL,3,266,215,70,2,False,True,False
346.8448944091797,REPLAY,NEUTRAL,3,266,215,70,2,False,True,False
346.89305114746094,REPLAY,NEUTRAL,3,266,215,70,2,False,True,False
346.9452209472656,REPLAY,NEUTRAL,3,266,215,70,2,False,True,False
346.9933776855469,REPLAY,NEUTRAL,3,266,215,70,2,False,True,False
347.04554748535156,REPLAY,NEUTRAL,3,266,215,70,2,False,True,False
347.0937042236328,REPLAY,NEUTRAL,3,266,215,70,2,False,True,False
347.1458740234375,REPLAY,NEUTRAL,3,266,215,70,2,False,True,False
347.19403076171875,REPLAY,NEUTRAL,3,266,215,70,2,False,True,False
347.2421875,REPLAY,NEUTRAL,3,266,215,70,2,False,True,False
347.2943572998047,REPLAY,NEUTRAL,3,266,215,70,2,False,True,False
347.34251403808594,REPLAY,NEUTRAL,3,266,215,70,2,False,True,False
347.3946838378906,REPLAY,NEUTRAL,3,266,215,70,2,False,True,False
347.4428405761719,REPLAY,NEUTRAL,3,266,215,70,2,False,True,False
347.49501037597656,REPLAY,NEUTRAL,3,266,215,70,2,False,True,False
347.5431671142578,REPLAY,NEUTRAL,3,266,215,70,2,False,True,False
347.5953369140625,REPLAY,NEUTRAL,3,266,215,70,2,False,True,False
347.64349365234375,REPLAY,NEUTRAL,3,266,215,70,2,False,True,False
347.69566345214844,REPLAY,NEUTRAL,3,266,215,70,2,False,True,False
347.7438201904297,REPLAY,NEUTRAL,3,266,215,70,2,False,True,False
347.79197692871094,REPLAY,NEUTRAL,3,266,215,70,2,False,True,False
347.8441467285156,REPLAY,NEUTRAL,3,266,215,70,2,False,True,False
347.8923034667969,REPLAY,NEUTRAL,3,266,215,70,2,False,True,False
347.94447326660156,REPLAY,NEUTRAL,3,266,215,70,2,False,True,False
347.9926300048828,REPLAY,NEUTRAL,3,266,215,70,2,False,True,False
348.0447998046875,REPLAY,NEUTRAL,3,267,216,70,1,False,True,False
348.09295654296875,REPLAY,NEUTRAL,3,267,216,70,1,False,True,False
348.14512634277344,REPLAY,NEUTRAL,3,267,216,70,2,False,True,False
348.1932830810547,REPLAY,NEUTRAL,3,267,216,70,2,False,True,False
348.2454528808594,REPLAY,NEUTRAL,3,267,216,70,2,False,True,False
348.2936096191406,REPLAY,NEUTRAL,3,267,216,70,2,False,True,False
348.3457794189453,REPLAY,NEUTRAL,3,267,216,70,2,False,True,False
348.39393615722656,REPLAY,NEUTRAL,3,267,216,70,2,False,True,False
348.4420928955078,REPLAY,NEUTRAL,3,267,216,70,2,False,True,False
348.4942626953125,REPLAY,NEUTRAL,3,267,216,70,2,False,True,False
348.54241943359375,REPLAY,NEUTRAL,3,267,216,70,2,False,True,False
348.59458923339844,REPLAY,NEUTRAL,3,267,216,70,2,False,True,False
348.6427459716797,REPLAY,NEUTRAL,3,267,216,70,2,False,True,False
348.6949157714844,REPLAY,NEUTRAL,3,267,216,70,2,False,True,False
348.7430725097656,REPLAY,NEUTRAL,3,267,216,70,2,False,True,False
348.7952423095703,REPLAY,NEUTRAL,3,267,216,70,2,False,True,False
348.84339904785156,REPLAY,NEUTRAL,3,267,216,70,2,False,True,False
348.89556884765625,REPLAY,NEUTRAL,3,267,216,70,2,False,True,False
348.9437255859375,REPLAY,NEUTRAL,3,267,216,70,2,False,True,False
348.9958953857422,REPLAY,NEUTRAL,3,267,216,70,2,False,True,False
349.04405212402344,REPLAY,NEUTRAL,3,267,216,70,2,False,True,False
349.0922088623047,REPLAY,NEUTRAL,3,267,216,70,2,False,True,False
349.1443786621094,REPLAY,NEUTRAL,3,267,216,70,2,False,True,False
349.1925354003906,REPLAY,NEUTRAL,3,267,216,70,2,False,True,False
349.2447052001953,REPLAY,NEUTRAL,3,267,216,70,2,False,True,False
349.29286193847656,REPLAY,NEUTRAL,3,267,216,70,2,False,True,False
349.34503173828125,REPLAY,NEUTRAL,3,267,216,70,2,False,True,False
349.3931884765625,REPLAY,NEUTRAL,3,267,216,70,2,False,True,False
349.4453582763672,REPLAY,NEUTRAL,3,267,216,70,2,False,True,False
349.49351501464844,REPLAY,NEUTRAL,3,267,216,70,2,False,True,False
349.5456848144531,REPLAY,NEUTRAL,3,267,216,70,3,False,True,False
349.5938415527344,REPLAY,NEUTRAL,3,267,216,70,3,False,True,False
349.6419982910156,REPLAY,NEUTRAL,3,268,217,70,2,False,True,False
349.6941680908203,REPLAY,NEUTRAL,3,268,217,70,2,False,True,False
349.74232482910156,REPLAY,NEUTRAL,3,268,217,70,2,False,True,False
349.79449462890625,REPLAY,NEUTRAL,3,268,217,70,2,False,True,False
349.8426513671875,REPLAY,NEUTRAL,3,268,217,70,2,False,True,False
349.8948211669922,REPLAY,NEUTRAL,3,268,217,70,2,False,True,False
349.94297790527344,REPLAY,NEUTRAL,3,268,217,70,2,False,True,False
349.9951477050781,REPLAY,NEUTRAL,3,268,217,70,2,False,True,False
350.0433044433594,REPLAY,NEUTRAL,3,268,217,70,2,False,True,False
350.09547424316406,REPLAY,NEUTRAL,3,268,217,70,2,False,True,False
350.1436309814453,REPLAY,NEUTRAL,3,268,217,70,2,False,True,False
350.19580078125,REPLAY,NEUTRAL,3,268,217,70,2,False,True,False
350.24395751953125,REPLAY,NEUTRAL,3,268,217,70,2,False,True,False
350.2921142578125,REPLAY,NEUTRAL,3,268,217,70,2,False,True,False
350.3442840576172,REPLAY,NEUTRAL,3,268,217,70,2,False,True,False
350.39244079589844,REPLAY,NEUTRAL,3,268,217,70,2,False,True,False
350.4446105957031,REPLAY,NEUTRAL,3,268,217,70,2,False,True,False
350.4927673339844,REPLAY,NEUTRAL,3,268,217,70,3,False,True,False
350.54493713378906,REPLAY,NEUTRAL,3,268,217,70,3,False,True,False
350.5930938720703,REPLAY,NEUTRAL,3,268,217,70,3,False,True,False
350.645263671875,REPLAY,NEUTRAL,3,268,217,70,3,False,True,False
350.69342041015625,REPLAY,NEUTRAL,3,268,217,70,3,False,True,False
350.74559020996094,REPLAY,NEUTRAL,3,268,217,70,3,False,True,False
350.7937469482422,REPLAY,NEUTRAL,3,268,217,70,3,False,True,False
350.8459167480469,REPLAY,NEUTRAL,3,268,217,70,3,False,True,False
350.8940734863281,REPLAY,NEUTRAL,3,268,217,70,3,False,True,False
350.9422302246094,REPLAY,NEUTRAL,3,268,217,70,3,False,True,False
350.99440002441406,REPLAY,NEUTRAL,3,268,217,70,3,False,True,False
351.0425567626953,REPLAY,NEUTRAL,3,268,217,70,3,False,True,False
351.0947265625,REPLAY,NEUTRAL,3,268,217,70,3,False,True,False
351.14288330078125,REPLAY,NEUTRAL,3,268,217,71,2,False,True,False
351.19505310058594,REPLAY,NEUTRAL,3,268,217,71,2,False,True,False
351.2432098388672,REPLAY,NEUTRAL,3,268,217,71,2,False,True,False
351.2953796386719,REPLAY,NEUTRAL,3,268,217,71,2,False,True,False
351.3435363769531,REPLAY,NEUTRAL,3,268,217,71,2,False,True,False
351.3957061767578,REPLAY,NEUTRAL,3,268,217,71,2,False,True,False
351.44386291503906,REPLAY,NEUTRAL,3,268,217,71,2,False,True,False
351.4920196533203,REPLAY,NEUTRAL,3,268,217,71,2,False,True,False
351.544189453125,REPLAY,NEUTRAL,3,268,217,71,2,False,True,False
351.59234619140625,REPLAY,NEUTRAL,3,268,217,71,2,False,True,False
351.64451599121094,REPLAY,NEUTRAL,3,268,217,71,2,False,True,False
351.6926727294922,REPLAY,NEUTRAL,3,268,217,71,2,False,True,False
351.7448425292969,REPLAY,NEUTRAL,3,268,217,71,2,False,True,False
351.7929992675781,REPLAY,NEUTRAL,3,268,217,71,3,False,True,False
351.8451690673828,REPLAY,NEUTRAL,3,268,217,71,3,False,True,False
351.89332580566406,REPLAY,NEUTRAL,3,268,217,71,3,False,True,False
351.94549560546875,REPLAY,NEUTRAL,3,268,217,71,3,False,True,False
351.99365234375,REPLAY,NEUTRAL,3,268,217,71,3,False,True,False
352.0458221435547,REPLAY,NEUTRAL,3,268,217,71,3,False,True,False
352.09397888183594,REPLAY,NEUTRAL,3,268,217,71,3,False,True,False
352.1421356201172,REPLAY,NEUTRAL,3,268,217,71,3,False,True,False
352.1943054199219,REPLAY,NEUTRAL,3,268,217,71,3,False,True,False
352.2424621582031,REPLAY,NEUTRAL,3,268,217,71,3,False,True,False
352.2946319580078,REPLAY,NEUTRAL,3,268,217,71,3,False,True,False
352.34278869628906,REPLAY,NEUTRAL,3,268,217,71,3,False,True,False
352.39495849609375,REPLAY,NEUTRAL,3,268,217,71,3,False,True,False
352.443115234375,REPLAY,NEUTRAL,3,268,217,71,3,False,True,False
352.4952850341797,REPLAY,NEUTRAL,3,268,217,71,3,False,True,False
352.54344177246094,REPLAY,NEUTRAL,3,268,217,71,3,False,True,False
352.5956115722656,REPLAY,NEUTRAL,3,268,217,71,3,False,True,False
352.6437683105469,REPLAY,NEUTRAL,3,268,217,72,2,False,True,False
352.69593811035156,REPLAY,NEUTRAL,3,268,217,72,2,False,True,False
352.7440948486328,REPLAY,NEUTRAL,3,268,217,72,2,False,True,False
352.79225158691406,REPLAY,NEUTRAL,3,268,217,72,2,False,True,False
352.84442138671875,REPLAY,NEUTRAL,3,268,217,72,2,False,True,False
352.892578125,REPLAY,NEUTRAL,3,268,217,72,2,False,True,False
352.9447479248047,REPLAY,NEUTRAL,3,268,217,72,2,False,True,False
352.99290466308594,REPLAY,NEUTRAL,3,268,217,72,2,False,True,False
353.0450744628906,REPLAY,NEUTRAL,3,268,217,72,2,False,True,False
353.0932312011719,REPLAY,NEUTRAL,3,268,217,72,2,False,True,False
353.14540100097656,REPLAY,NEUTRAL,3,268,217,72,3,False,True,False
353.1935577392578,REPLAY,NEUTRAL,3,268,217,72,3,False,True,False
353.2457275390625,REPLAY,NEUTRAL,3,268,217,72,3,False,True,False
353.29388427734375,REPLAY,NEUTRAL,3,268,217,72,3,False,True,False
353.342041015625,REPLAY,NEUTRAL,3,268,217,72,3,False,True,False
353.3942108154297,REPLAY,NEUTRAL,3,268,217,72,3,False,True,False
353.44236755371094,REPLAY,NEUTRAL,3,268,217,72,3,False,True,False
353.4945373535156,REPLAY,CLICK,3,270,218,72,2,False,True,False
353.5426940917969,REPLAY,NEUTRAL,3,270,218,72,2,False,True,False
353.59486389160156,REPLAY,NEUTRAL,3,270,218,72,2,False,True,False
353.6430206298828,REPLAY,NEUTRAL,3,270,218,72,2,False,True,False
353.6951904296875,REPLAY,NEUTRAL,3,270,218,73,1,False,True,False
353.74334716796875,REPLAY,NEUTRAL,3,270,218,73,1,False,True,False
353.79551696777344,REPLAY,NEUTRAL,3,270,218,73,1,False,True,False
353.8436737060547,REPLAY,NEUTRAL,3,270,218,73,1,False,True,False
353.8958435058594,REPLAY,CLICK + HOLD,3,270,218,73,1,True,True,False
353.9440002441406,REPLAY,CLICK + HOLD,3,270,218,73,1,True,True,False
353.9921569824219,REPLAY,CLICK + HOLD,3,270,218,73,1,True,True,False
354.04432678222656,REPLAY,CLICK + HOLD,3,270,218,73,1,True,True,False
354.0924835205078,REPLAY,CLICK + HOLD,3,270,218,73,1,True,True,False
354.1446533203125,REPLAY,CLICK + HOLD,3,270,218,73,1,True,True,False
354.19281005859375,REPLAY,CLICK + HOLD,3,270,218,73,1,True,True,False
354.24497985839844,REPLAY,CLICK + HOLD,3,270,218,73,1,True,True,False
354.2931365966797,REPLAY,CLICK + HOLD,3,270,218,73,1,True,True,False
354.3453063964844,REPLAY,CLICK + HOLD,3,270,218,73,1,True,True,False
354.3934631347656,REPLAY,CLICK + HOLD,3,270,218,73,1,True,True,False
354.4456329345703,REPLAY,CLICK + HOLD,3,270,218,73,2,True,True,False
354.49378967285156,REPLAY,CLICK + HOLD,3,270,218,73,2,True,True,False
354.54595947265625,REPLAY,CLICK + HOLD,3,270,218,73,2,True,True,False
354.5941162109375,REPLAY,CLICK + HOLD,3,270,218,73,2,True,True,False
354.64227294921875,REPLAY,CLICK + HOLD,3,270,218,73,2,True,True,False
354.69444274902344,REPLAY,CLICK + HOLD,3,270,218,73,2,True,True,False
354.7425994873047,REPLAY,CLICK + HOLD,3,270,218,73,2,True,True,False
354.7947692871094,REPLAY,CLICK + HOLD,3,270,218,73,2,True,True,False
354.8429260253906,REPLAY,CLICK + HOLD,3,270,218,73,2,True,True,False
354.8950958251953,REPLAY,CLICK + HOLD,3,270,218,73,2,True,True,False
354.94325256347656,REPLAY,CLICK + HOLD,3,270,218,73,2,True,True,False
354.99542236328125,REPLAY,CLICK + HOLD,3,270,218,73,2,True,True,False
355.0435791015625,REPLAY,CLICK + HOLD,3,270,218,73,2,True,True,False
355.0957489013672,REPLAY,CLICK + HOLD,3,270,218,73,2,True,True,False
355.14390563964844,REPLAY,CLICK + HOLD,3,270,218,73,2,True,True,False
355.1920623779297,REPLAY,CLICK + HOLD,3,270,218,73,2,True,True,False
355.2442321777344,REPLAY,CLICK + HOLD,3,270,218,73,3,True,True,False
355.2923889160156,REPLAY,CLICK + HOLD,3,271,219,73,2,True,True,False
355.3445587158203,REPLAY,CLICK + HOLD,3,271,219,73,2,True,True,False
355.39271545410156,REPLAY,CLICK + HOLD,3,271,219,73,2,True,True,False
355.44488525390625,REPLAY,CLICK + HOLD,3,271,219,73,2,True,True,False
355.4930419921875,REPLAY,CLICK + HOLD,3,271,219,73,2,True,True,False
355.5452117919922,REPLAY,CLICK + HOLD,3,271,219,73,2,True,True,False
355.59336853027344,REPLAY,CLICK + HOLD,3,271,219,73,2,True,True,False
355.6455383300781,REPLAY,CLICK + HOLD,3,271,219,73,2,True,True,False
355.6936950683594,REPLAY,CLICK + HOLD,3,271,219,73,2,True,True,False
355.74586486816406,REPLAY,CLICK + HOLD,3,271,219,73,2,True,True,False
355.7940216064453,REPLAY,CLICK + HOLD,3,271,219,73,2,True,True,False
355.84217834472656,REPLAY,CLICK + HOLD,3,271,219,73,2,True,True,False
355.89434814453125,REPLAY,CLICK + HOLD,3,271,219,73,2,True,True,False
355.9425048828125,REPLAY,CLICK + HOLD,3,271,219,73,2,True,True,False
355.9946746826172,REPLAY,CLICK + HOLD,3,271,219,73,2,True,True,False
356.04283142089844,REPLAY,CLICK + HOLD,3,271,219,73,2,True,True,False
356.0950012207031,REPLAY,CLICK + HOLD,3,271,219,73,2,True,True,False
356.1431579589844,REPLAY,CLICK + HOLD,3,271,219,73,2,True,True,False
356.19532775878906,REPLAY,CLICK + HOLD,3,271,219,73,2,True,True,False
356.2434844970703,REPLAY,CLICK + HOLD,3,272,220,73,1,True,True,False
356.295654296875,REPLAY,CLICK + HOLD,3,272,220,73,1,True,True,False
356.34381103515625,REPLAY,CLICK + HOLD,3,272,220,73,1,True,True,False
356.39598083496094,REPLAY,CLICK + HOLD,3,272,220,73,1,True,True,False
356.4441375732422,REPLAY,CLICK + HOLD,3,272,220,73,1,True,True,False
356.49229431152344,REPLAY,CLICK + HOLD,3,272,220,73,1,True,True,False
356.5444641113281,REPLAY,CLICK + HOLD,3,272,220,73,1,True,True,False
356.5926208496094,REPLAY,CLICK + HOLD,3,272,220,73,1,True,True,False
356.64479064941406,REPLAY,CLICK + HOLD,3,272,220,73,1,True,True,False
356.6929473876953,REPLAY,CLICK + HOLD,3,272,220,73,1,True,True,False
356.7451171875,REPLAY,CLICK + HOLD,3,272,220,74,0,True,True,False
356.79327392578125,REPLAY,CLICK + HOLD,3,272,220,74,0,True,True,False
356.84544372558594,REPLAY,CLICK + HOLD,3,272,220,74,1,True,True,False
356.8936004638672,REPLAY,CLICK + HOLD,3,272,220,74,1,True,True,False
356.9457702636719,REPLAY,CLICK + HOLD,3,272,220,74,1,True,True,False
356.9939270019531,REPLAY,CLICK + HOLD,3,272,220,74,1,True,True,False
357.0420837402344,REPLAY,CLICK + HOLD,3,272,220,74,1,True,True,False
357.09425354003906,REPLAY,CLICK + HOLD,3,272,220,74,1,True,True,False
357.1424102783203,REPLAY,CLICK + HOLD,3,272,220,74,1,True,True,False
357.194580078125,REPLAY,CLICK + HOLD,3,272,220,74,1,True,True,False
357.24273681640625,REPLAY,CLICK + HOLD,3,272,220,74,1,True,True,False
357.29490661621094,REPLAY,CLICK + HOLD,3,272,220,74,1,True,True,False
357.3430633544922,REPLAY,CLICK + HOLD,3,272,220,74,1,True,True,False
357.3952331542969,REPLAY,CLICK + HOLD,3,272,220,74,1,True,True,False
357.4433898925781,REPLAY,CLICK + HOLD,3,272,220,74,1,True,True,False
357.4955596923828,REPLAY,CLICK + HOLD,3,272,220,74,1,True,True,False
357.54371643066406,REPLAY,CLICK + HOLD,3,272,220,74,1,True,True,False
357.59588623046875,REPLAY,CLICK + HOLD,3,272,220,74,1,True,True,False
357.64404296875,REPLAY,CLICK + HOLD,3,272,220,74,1,True,True,False
357.69219970703125,REPLAY,CLICK + HOLD,3,272,220,74,1,True,True,False
357.74436950683594,REPLAY,CLICK + HOLD,3,273,221,74,1,True,True,False
357.7925262451172,REPLAY,CLICK + HOLD,3,273,221,74,1,True,True,False
357.8446960449219,REPLAY,CLICK + HOLD,3,273,221,74,1,True,True,False
357.8928527832031,REPLAY,CLICK + HOLD,3,273,221,74,1,True,True,False
357.9450225830078,REPLAY,CLICK + HOLD,3,273,221,74,1,True,True,False
357.99317932128906,REPLAY,CLICK + HOLD,3,273,221,74,1,True,True,False
358.04534912109375,REPLAY,CLICK + HOLD,3,273,221,74,1,True,True,False
358.093505859375,REPLAY,NEUTRAL,3,273,221,74,1,False,True,False
358.1456756591797,REPLAY,NEUTRAL,3,273,221,74,1,False,True,False
358.19383239746094,REPLAY,NEUTRAL,3,273,221,74,1,False,True,False
358.2419891357422,REPLAY,NEUTRAL,3,273,221,74,1,False,True,False
358.2941589355469,REPLAY,NEUTRAL,3,273,221,74,1,False,True,False
358.3423156738281,REPLAY,NEUTRAL,3,273,221,74,1,False,True,False
358.3944854736328,REPLAY,NEUTRAL,3,273,221,74,1,False,True,False
358.44264221191406,REPLAY,NEUTRAL,3,273,221,74,1,False,True,False
358.49481201171875,REPLAY,NEUTRAL,3,273,221,74,1,False,True,False
358.54296875,REPLAY,NEUTRAL,3,273,221,74,1,False,True,False
358.5951385498047,REPLAY,NEUTRAL,3,273,221,74,1,False,True,False
358.64329528808594,REPLAY,NEUTRAL,3,273,221,74,1,False,True,False
358.6954650878906,REPLAY,NEUTRAL,3,273,221,74,1,False,True,False
358.7436218261719,REPLAY,NEUTRAL,3,273,221,74,1,False,True,False
358.79579162597656,REPLAY,NEUTRAL,3,273,221,74,1,False,True,False
358.8439483642578,REPLAY,NEUTRAL,3,273,221,74,1,False,True,False
358.89210510253906,REPLAY,NEUTRAL,3,273,221,74,1,False,True,False
358.94427490234375,REPLAY,NEUTRAL,3,273,221,74,1,False,True,False
358.992431640625,REPLAY,NEUTRAL,3,273,221,74,1,False,True,False
359.0446014404297,REPLAY,NEUTRAL,3,273,221,74,1,False,True,False
359.09275817871094,REPLAY,NEUTRAL,3,273,221,74,1,False,True,False
359.1449279785156,REPLAY,NEUTRAL,3,273,221,74,1,False,True,False
359.1930847167969,REPLAY,NEUTRAL,3,273,221,74,1,False,True,False
359.24525451660156,REPLAY,NEUTRAL,3,273,221,74,1,False,True,False
359.2934112548828,REPLAY,NEUTRAL,3,273,221,74,1,False,True,False
359.3455810546875,REPLAY,NEUTRAL,3,273,221,74,2,False,True,False
359.39373779296875,REPLAY,NEUTRAL,3,273,221,74,2,False,True,False
359.44590759277344,REPLAY,NEUTRAL,3,273,221,74,2,False,True,False
359.4940643310547,REPLAY,NEUTRAL,3,273,221,74,2,False,True,False
359.54222106933594,REPLAY,NEUTRAL,3,273,221,74,2,False,True,False
359.5943908691406,REPLAY,NEUTRAL,3,273,221,74,2,False,True,False
359.6425476074219,REPLAY,NEUTRAL,3,273,221,74,2,False,True,False
359.69471740722656,REPLAY,NEUTRAL,3,273,221,74,2,False,True,False
359.7428741455078,REPLAY,NEUTRAL,3,273,221,74,2,False,True,False
359.7950439453125,REPLAY,NEUTRAL,3,273,221,74,2,False,True,False
359.84320068359375,REPLAY,NEUTRAL,3,273,221,74,2,False,True,False
359.89537048339844,REPLAY,NEUTRAL,3,273,221,74,2,False,True,False
359.9435272216797,REPLAY,NEUTRAL,3,273,221,74,2,False,True,False
359.9956970214844,REPLAY,NEUTRAL,3,273,221,74,2,False,True,False
360.0438537597656,REPLAY,NEUTRAL,3,273,221,74,2,False,True,False
360.0920104980469,REPLAY,NEUTRAL,3,273,221,74,2,False,True,False
360.14418029785156,REPLAY,NEUTRAL,3,273,221,74,2,False,True,False
360.1923370361328,REPLAY,NEUTRAL,3,273,221,74,2,False,True,False
360.2445068359375,REPLAY,NEUTRAL,3,273,221,74,2,False,True,False
360.29266357421875,REPLAY,NEUTRAL,3,273,221,74,2,False,True,False
360.34483337402344,REPLAY,NEUTRAL,3,273,221,74,2,False,True,False
360.3929901123047,REPLAY,NEUTRAL,3,273,221,74,2,False,True,False
360.4451599121094,REPLAY,NEUTRAL,3,273,221,74,2,False,True,False
360.4933166503906,REPLAY,NEUTRAL,3,273,221,74,2,False,True,False
360.5454864501953,REPLAY,NEUTRAL,3,273,221,74,2,False,True,False
360.59364318847656,REPLAY,NEUTRAL,3,273,221,74,2,False,True,False
360.64581298828125,REPLAY,NEUTRAL,3,273,221,74,2,False,True,False
360.6939697265625,REPLAY,NEUTRAL,3,273,221,74,2,False,True,False
360.74212646484375,REPLAY,NEUTRAL,3,273,221,74,2,False,True,False
360.79429626464844,REPLAY,NEUTRAL,3,273,221,74,2,False,True,False
360.8424530029297,REPLAY,NEUTRAL,3,273,221,74,2,False,True,False
360.8946228027344,REPLAY,NEUTRAL,3,273,221,74,2,False,True,False
360.9427795410156,REPLAY,NEUTRAL,3,273,221,74,3,False,True,False
360.9949493408203,REPLAY,NEUTRAL,3,273,221,75,2,False,True,False
361.04310607910156,REPLAY,NEUTRAL,3,273,221,75,2,False,True,False
361.09527587890625,REPLAY,NEUTRAL,3,273,221,75,2,False,True,False
361.1434326171875,REPLAY,NEUTRAL,3,273,221,75,2,False,True,False
361.1956024169922,REPLAY,NEUTRAL,3,273,221,75,2,False,True,False
361.24375915527344,REPLAY,NEUTRAL,3,273,221,75,2,False,True,False
361.2959289550781,REPLAY,NEUTRAL,3,273,221,75,2,False,True,False
361.3440856933594,REPLAY,NEUTRAL,3,273,221,75,2,False,True,False
361.3922424316406,REPLAY,NEUTRAL,3,273,221,75,2,False,True,False
361.4444122314453,REPLAY,NEUTRAL,3,273,221,75,2,False,True,False
361.49256896972656,REPLAY,NEUTRAL,3,273,221,75,2,False,True,False
361.54473876953125,REPLAY,NEUTRAL,3,273,221,75,2,False,True,False
361.5928955078125,REPLAY,NEUTRAL,3,273,221,75,2,False,True,False
361.6450653076172,REPLAY,NEUTRAL,3,273,221,75,2,False,True,False
361.69322204589844,REPLAY,NEUTRAL,3,273,221,75,2,False,True,False
361.7453918457031,REPLAY,NEUTRAL,3,273,221,75,2,False,True,False
361.7935485839844,REPLAY,NEUTRAL,3,273,221,75,2,False,True,False
361.84571838378906,REPLAY,NEUTRAL,3,273,221,75,2,False,True,False
361.8938751220703,REPLAY,NEUTRAL,3,273,221,75,2,False,True,False
361.94203186035156,REPLAY,NEUTRAL,3,273,221,75,2,False,True,False
361.99420166015625,REPLAY,NEUTRAL,3,273,221,75,3,False,True,False
362.0423583984375,REPLAY,NEUTRAL,3,273,221,75,3,False,True,False
362.0945281982422,REPLAY,NEUTRAL,3,273,221,75,3,False,True,False
362.14268493652344,REPLAY,NEUTRAL,3,273,221,75,3,False,True,False
362.1948547363281,REPLAY,NEUTRAL,3,273,221,75,3,False,True,False
362.2430114746094,REPLAY,NEUTRAL,3,273,221,75,3,False,True,False
362.29518127441406,REPLAY,NEUTRAL,3,273,221,75,3,False,True,False
362.3433380126953,REPLAY,NEUTRAL,3,273,221,76,2,False,True,False
362.3955078125,REPLAY,NEUTRAL,3,273,221,76,2,False,True,False
362.44366455078125,REPLAY,NEUTRAL,3,273,221,76,2,False,True,False
362.49583435058594,REPLAY,NEUTRAL,3,273,221,76,2,False,True,False
362.5439910888672,REPLAY,NEUTRAL,3,273,221,76,2,False,True,False
362.59214782714844,REPLAY,NEUTRAL,3,273,221,76,2,False,True,False
362.6443176269531,REPLAY,NEUTRAL,3,273,221,76,2,False,True,False
362.6924743652344,REPLAY,NEUTRAL,3,273,221,76,2,False,True,False
362.74464416503906,REPLAY,NEUTRAL,3,273,221,76,2,False,True,False
362.7928009033203,REPLAY,NEUTRAL,3,273,221,76,2,False,True,False
362.844970703125,REPLAY,NEUTRAL,3,273,221,76,3,False,True,False
362.89312744140625,REPLAY,NEUTRAL,3,273,221,76,3,False,True,False
362.94529724121094,REPLAY,NEUTRAL,3,273,221,76,3,False,True,False
362.9934539794922,REPLAY,NEUTRAL,3,273,221,76,3,False,True,False
363.0456237792969,REPLAY,NEUTRAL,3,273,221,76,3,False,True,False
363.0937805175781,REPLAY,NEUTRAL,3,273,221,76,3,False,True,False
363.1459503173828,REPLAY,NEUTRAL,3,273,221,76,3,False,True,False
363.19410705566406,REPLAY,NEUTRAL,3,273,221,76,3,False,True,False
363.2422637939453,REPLAY,NEUTRAL,3,273,221,76,3,False,True,False
363.29443359375,REPLAY,NEUTRAL,3,273,221,76,3,False,True,False
363.34259033203125,REPLAY,NEUTRAL,3,273,221,76,3,False,True,False
363.39476013183594,REPLAY,NEUTRAL,3,273,221,76,3,False,True,False
363.4429168701172,REPLAY,NEUTRAL,3,273,221,76,3,False,True,False
363.4950866699219,REPLAY,NEUTRAL,3,273,221,76,3,False,True,False
363.5432434082031,REPLAY,NEUTRAL,3,273,221,76,3,False,True,False
363.5954132080078,REPLAY,NEUTRAL,3,273,221,76,3,False,True,False
363.64356994628906,REPLAY,NEUTRAL,3,273,221,76,3,False,True,False
363.69573974609375,REPLAY,NEUTRAL,3,273,221,76,3,False,True,False
363.743896484375,REPLAY,NEUTRAL,3,273,221,76,3,False,True,False
363.79205322265625,REPLAY,NEUTRAL,3,273,221,76,3,False,True,False
363.84422302246094,REPLAY,NEUTRAL,3,273,221,76,3,False,True,False
363.8923797607422,REPLAY,NEUTRAL,3,273,221,76,3,False,True,False
363.9445495605469,REPLAY,NEUTRAL,3,273,221,76,3,False,True,False
363.9927062988281,REPLAY,NEUTRAL,3,273,221,76,3,False,True,False
364.0448760986328,REPLAY,NEUTRAL,3,273,221,77,2,False,True,False
364.09303283691406,REPLAY,NEUTRAL,3,273,221,77,2,False,True,False
364.14520263671875,REPLAY,NEUTRAL,3,273,221,77,2,False,True,False
364.193359375,REPLAY,NEUTRAL,3,273,221,77,3,False,True,False
364.2455291748047,REPLAY,NEUTRAL,3,273,221,77,3,False,True,False
364.29368591308594,REPLAY,NEUTRAL,3,273,221,77,3,False,True,False
364.3458557128906,REPLAY,NEUTRAL,3,273,221,77,3,False,True,False
364.3940124511719,REPLAY,NEUTRAL,3,273,221,77,3,False,True,False
364.4421691894531,REPLAY,NEUTRAL,3,273,221,77,3,False,True,False
364.4943389892578,REPLAY,NEUTRAL,3,273,221,77,3,False,True,False
364.54249572753906,REPLAY,NEUTRAL,3,273,221,77,3,False,True,False
364.59466552734375,REPLAY,NEUTRAL,3,273,221,77,3,False,True,False
364.642822265625,REPLAY,NEUTRAL,3,274,222,77,2,False,True,False
364.6949920654297,REPLAY,NEUTRAL,3,274,222,77,2,False,True,False
364.74314880371094,REPLAY,NEUTRAL,3,274,222,77,2,False,True,False
364.7953186035156,REPLAY,NEUTRAL,3,274,222,77,2,False,True,False
364.8434753417969,REPLAY,NEUTRAL,3,274,222,77,2,False,True,False
364.89564514160156,REPLAY,NEUTRAL,3,274,222,77,2,False,True,False
364.9438018798828,REPLAY,NEUTRAL,3,274,222,77,2,False,True,False
364.9959716796875,REPLAY,NEUTRAL,3,274,222,77,2,False,True,False
365.04412841796875,REPLAY,NEUTRAL,3,274,222,77,2,False,True,False
365.09228515625,REPLAY,NEUTRAL,3,274,222,77,2,False,True,False
365.1444549560547,REPLAY,NEUTRAL,3,274,222,77,2,False,True,False
365.19261169433594,REPLAY,NEUTRAL,3,274,222,77,2,False,True,False
365.2447814941406,REPLAY,NEUTRAL,3,274,222,77,2,False,True,False
365.2929382324219,REPLAY,NEUTRAL,3,274,222,77,2,False,True,False
365.34510803222656,REPLAY,NEUTRAL,3,274,222,77,2,False,True,False
365.3932647705078,REPLAY,NEUTRAL,3,274,222,77,2,False,True,False
365.4454345703125,REPLAY,NEUTRAL,3,274,222,77,3,False,True,False
365.49359130859375,REPLAY,NEUTRAL,3,274,222,77,3,False,True,False
365.54576110839844,REPLAY,NEUTRAL,3,274,222,77,3,False,True,False
365.5939178466797,REPLAY,NEUTRAL,3,274,222,77,3,False,True,False
365.64207458496094,REPLAY,NEUTRAL,3,274,222,77,3,False,True,False
365.6942443847656,REPLAY,NEUTRAL,3,274,222,77,3,False,True,False
365.7424011230469,REPLAY,NEUTRAL,3,274,222,77,3,False,True,False
365.79457092285156,REPLAY,NEUTRAL,3,274,222,77,3,False,True,False
365.8427276611328,REPLAY,NEUTRAL,3,274,222,77,3,False,True,False
365.8948974609375,REPLAY,NEUTRAL,3,274,222,77,3,False,True,False
365.94305419921875,REPLAY,NEUTRAL,3,274,222,77,3,False,True,False
365.99522399902344,REPLAY,NEUTRAL,3,274,222,78,2,False,True,False
366.0433807373047,REPLAY,NEUTRAL,3,274,222,78,2,False,True,False
366.0955505371094,REPLAY,NEUTRAL,3,274,222,78,2,False,True,False
366.1437072753906,REPLAY,NEUTRAL,3,274,222,78,2,False,True,False
366.1958770751953,REPLAY,NEUTRAL,3,274,222,78,2,False,True,False
366.24403381347656,REPLAY,NEUTRAL,3,274,222,78,2,False,True,False
366.2921905517578,REPLAY,NEUTRAL,3,274,222,78,2,False,True,False
366.3443603515625,REPLAY,NEUTRAL,3,274,222,78,2,False,True,False
366.39251708984375,REPLAY,NEUTRAL,3,274,222,78,2,False,True,False
366.44468688964844,REPLAY,NEUTRAL,3,274,222,78,3,False,True,False
366.4928436279297,REPLAY,NEUTRAL,3,274,222,78,3,False,True,False
366.5450134277344,REPLAY,NEUTRAL,3,274,222,78,3,False,True,False
366.5931701660156,REPLAY,NEUTRAL,3,274,222,78,3,False,True,False
366.6453399658203,REPLAY,NEUTRAL,3,274,222,78,3,False,True,False
366.69349670410156,REPLAY,NEUTRAL,3,274,222,78,3,False,True,False
366.74566650390625,REPLAY,NEUTRAL,3,274,222,78,3,False,True,False
366.7938232421875,REPLAY,NEUTRAL,3,274,222,78,3,False,True,False
366.84197998046875,REPLAY,NEUTRAL,3,274,222,78,3,False,True,False
366.89414978027344,REPLAY,NEUTRAL,3,274,222,78,3,False,True,False
366.9423065185547,REPLAY,NEUTRAL,3,275,223,78,2,False,True,False
366.9944763183594,REPLAY,NEUTRAL,3,275,223,78,2,False,True,False
367.0426330566406,REPLAY,NEUTRAL,3,275,223,78,2,False,True,False
367.0948028564453,REPLAY,NEUTRAL,3,275,223,78,2,False,True,False
367.14295959472656,REPLAY,NEUTRAL,3,275,223,78,2,False,True,False
367.19512939453125,REPLAY,NEUTRAL,3,275,223,78,2,False,True,False
367.2432861328125,REPLAY,NEUTRAL,3,275,223,78,2,False,True,False
367.2954559326172,REPLAY,NEUTRAL,3,275,223,78,2,False,True,False
367.34361267089844,REPLAY,NEUTRAL,3,275,223,78,2,False,True,False
367.3957824707031,REPLAY,NEUTRAL,3,275,223,78,2,False,True,False
367.4439392089844,REPLAY,NEUTRAL,3,275,223,78,2,False,True,False
367.4920959472656,REPLAY,NEUTRAL,3,275,223,78,2,False,True,False
367.5442657470703,REPLAY,NEUTRAL,3,275,223,78,2,False,True,False
367.59242248535156,REPLAY,NEUTRAL,3,275,223,78,2,False,True,False
367.64459228515625,REPLAY,NEUTRAL,3,275,223,78,2,False,True,False
367.6927490234375,REPLAY,NEUTRAL,3,275,223,78,2,False,True,False
367.7449188232422,REPLAY,NEUTRAL,3,275,223,78,2,False,True,False
367.79307556152344,REPLAY,NEUTRAL,3,275,223,78,2,False,True,False
367.8452453613281,REPLAY,NEUTRAL,3,275,223,78,2,False,True,False
367.8934020996094,REPLAY,NEUTRAL,3,275,223,78,3,False,True,False
367.94557189941406,REPLAY,NEUTRAL,3,275,223,78,3,False,True,False
367.9937286376953,REPLAY,NEUTRAL,3,275,223,78,3,False,True,False
368.0458984375,REPLAY,NEUTRAL,3,275,223,78,3,False,True,False
368.09405517578125,REPLAY,NEUTRAL,3,275,223,78,3,False,True,False
368.1422119140625,REPLAY,NEUTRAL,3,275,223,78,3,False,True,False
368.1943817138672,REPLAY,NEUTRAL,3,275,223,78,3,False,True,False
368.24253845214844,REPLAY,NEUTRAL,3,275,223,78,3,False,True,False
368.2947082519531,REPLAY,NEUTRAL,3,275,223,78,3,False,True,False
368.3428649902344,REPLAY,CLICK,3,277,224,78,2,False,True,False
368.39503479003906,REPLAY,NEUTRAL,3,277,224,78,2,False,True,False
368.4431915283203,REPLAY,NEUTRAL,3,277,224,78,2,False,True,False
368.495361328125,REPLAY,NEUTRAL,3,277,224,78,2,False,True,False
368.54351806640625,REPLAY,NEUTRAL,3,277,224,78,2,False,True,False
368.59568786621094,REPLAY,NEUTRAL,3,277,224,78,2,False,True,False
368.6438446044922,REPLAY,NEUTRAL,3,277,224,78,2,False,True,False
368.69200134277344,REPLAY,NEUTRAL,3,277,224,78,2,False,True,False
368.7441711425781,REPLAY,NEUTRAL,3,277,224,78,2,False,True,False
368.7923278808594,REPLAY,NEUTRAL,3,277,224,78,2,False,True,False
368.84449768066406,REPLAY,NEUTRAL,3,277,224,78,2,False,True,False
368.8926544189453,REPLAY,NEUTRAL,3,277,224,78,2,False,True,False
368.94482421875,REPLAY,NEUTRAL,3,277,224,78,2,False,True,False
368.99298095703125,REPLAY,NEUTRAL,3,277,224,78,2,False,True,False
369.04515075683594,REPLAY,NEUTRAL,3,277,224,78,2,False,True,False
369.0933074951172,REPLAY,CLICK,3,279,225,78,1,False,True,False
369.1454772949219,REPLAY,NEUTRAL,3,279,225,78,1,False,True,False
369.1936340332031,REPLAY,NEUTRAL,3,279,225,78,2,False,True,False
369.2458038330078,REPLAY,NEUTRAL,3,279,225,78,2,False,True,False
369.29396057128906,REPLAY,NEUTRAL,3,279,225,78,2,False,True,False
369.3421173095703,REPLAY,NEUTRAL,3,279,225,78,2,False,True,False
369.394287109375,REPLAY,NEUTRAL,3,279,225,78,2,False,True,False
369.44244384765625,REPLAY,NEUTRAL,3,279,225,78,2,False,True,False
369.49461364746094,REPLAY,NEUTRAL,3,279,225,78,2,False,True,False
369.5427703857422,REPLAY,NEUTRAL,3,279,225,78,2,False,True,False
369.5949401855469,REPLAY,NEUTRAL,3,279,225,78,2,False,True,False
369.6430969238281,REPLAY,NEUTRAL,3,279,225,78,2,False,True,False
369.6952667236328,REPLAY,NEUTRAL,3,279,225,78,2,False,True,False
369.74342346191406,REPLAY,CLICK,3,281,226,78,1,False,True,False
369.79559326171875,REPLAY,NEUTRAL,3,281,226,78,1,False,True,False
369.84375,REPLAY,NEUTRAL,3,281,226,78,1,False,True,False
369.8959197998047,REPLAY,NEUTRAL,3,281,226,78,1,False,True,False
369.94407653808594,REPLAY,NEUTRAL,3,281,226,78,1,False,True,False
369.9922332763672,REPLAY,NEUTRAL,3,281,226,78,1,False,True,False
370.0444030761719,REPLAY,NEUTRAL,3,281,226,78,1,False,True,False
370.0925598144531,REPLAY,NEUTRAL,3,281,226,78,1,False,True,False
370.1447296142578,REPLAY,NEUTRAL,3,281,226,78,1,False,True,False
370.19288635253906,REPLAY,NEUTRAL,3,281,226,78,1,False,True,False
370.24505615234375,REPLAY,NEUTRAL,3,281,226,78,1,False,True,False
370.293212890625,REPLAY,NEUTRAL,3,281,226,78,1,False,True,False
370.3453826904297,REPLAY,NEUTRAL,3,281,226,78,1,False,True,False
370.39353942871094,REPLAY,CLICK,3,283,227,78,1,False,True,False
370.4457092285156,REPLAY,NEUTRAL,3,283,227,78,1,False,True,False
370.4938659667969,REPLAY,NEUTRAL,3,283,227,78,1,False,True,False
370.5420227050781,REPLAY,NEUTRAL,3,283,227,78,1,False,True,False
370.5941925048828,REPLAY,NEUTRAL,3,283,227,78,1,False,True,False
370.64234924316406,REPLAY,NEUTRAL,3,283,227,78,1,False,True,False
370.69451904296875,REPLAY,NEUTRAL,3,283,227,78,1,False,True,False
370.74267578125,REPLAY,NEUTRAL,3,283,227,78,1,False,True,False
370.7948455810547,REPLAY,NEUTRAL,3,283,227,78,1,False,True,False
370.84300231933594,REPLAY,NEUTRAL,3,283,227,78,1,False,True,False
370.8951721191406,REPLAY,NEUTRAL,3,283,227,78,1,False,True,False
370.9433288574219,REPLAY,NEUTRAL,3,283,227,78,1,False,True,False
370.99549865722656,REPLAY,CLICK,3,285,228,78,0,False,True,False
371.0436553955078,REPLAY,NEUTRAL,3,285,228,78,0,False,True,False
371.0958251953125,REPLAY,NEUTRAL,3,285,228,78,0,False,True,False
371.14398193359375,REPLAY,NEUTRAL,3,285,228,78,0,False,True,False
371.192138671875,REPLAY,NEUTRAL,3,285,228,78,0,False,True,False
371.2443084716797,REPLAY,NEUTRAL,3,285,228,78,0,False,True,False
371.29246520996094,REPLAY,NEUTRAL,3,285,228,78,0,False,True,False
371.3446350097656,REPLAY,NEUTRAL,3,285,228,78,0,False,True,False
371.3927917480469,REPLAY,NEUTRAL,3,285,228,78,1,False,True,False
371.44496154785156,REPLAY,NEUTRAL,3,285,228,78,1,False,True,False
371.4931182861328,REPLAY,NEUTRAL,3,285,228,78,1,False,True,False
371.5452880859375,REPLAY,NEUTRAL,3,285,228,78,1,False,True,False
371.59344482421875,REPLAY,CLICK,3,287,229,78,0,False,True,False
371.64561462402344,REPLAY,NEUTRAL,3,287,229,78,0,False,True,False
371.6937713623047,REPLAY,NEUTRAL,3,287,229,78,0,False,True,False
371.7459411621094,REPLAY,NEUTRAL,3,287,229,78,0,False,True,False
371.7940979003906,REPLAY,NEUTRAL,3,287,229,78,0,False,True,False
371.8422546386719,REPLAY,NEUTRAL,3,287,229,78,0,False,True,False
371.89442443847656,REPLAY,NEUTRAL,3,287,229,78,0,False,True,False
371.9425811767578,REPLAY,NEUTRAL,3,287,229,78,0,False,True,False
371.9947509765625,REPLAY,NEUTRAL,3,287,229,78,0,False,True,False
372.04290771484375,REPLAY,NEUTRAL,3,287,229,78,0,False,True,False
372.09507751464844,REPLAY,NEUTRAL,3,287,229,78,0,False,True,False
372.1432342529297,REPLAY,NEUTRAL,3,287,229,78,0,False,True,False
372.1954040527344,REPLAY,NEUTRAL,3,287,229,78,0,False,True,False
372.2435607910156,REPLAY,CLICK,3,287,229,78,0,False,True,False
372.2957305908203,REPLAY,NEUTRAL,3,287,229,78,0,False,True,False
372.34388732910156,REPLAY,NEUTRAL,3,287,229,78,0,False,True,False
372.3920440673828,REPLAY,NEUTRAL,3,287,229,78,0,False,True,False
372.4442138671875,REPLAY,NEUTRAL,3,287,229,78,0,False,True,False
372.49237060546875,REPLAY,NEUTRAL,3,287,229,78,0,False,True,False
372.54454040527344,REPLAY,NEUTRAL,3,287,229,78,0,False,True,False
372.5926971435547,REPLAY,NEUTRAL,3,287,229,78,0,False,True,False
372.6448669433594,REPLAY,NEUTRAL,3,287,229,78,0,False,True,False
372.6930236816406,REPLAY,NEUTRAL,3,287,229,78,0,False,True,False
372.7451934814453,REPLAY,NEUTRAL,3,287,229,78,1,False,True,False
372.79335021972656,REPLAY,NEUTRAL,3,287,229,78,1,False,True,False
372.84552001953125,REPLAY,CLICK,3,289,230,78,0,False,True,False
372.8936767578125,REPLAY,NEUTRAL,3,289,230,78,0,False,True,False
372.9458465576172,REPLAY,NEUTRAL,3,289,230,78,0,False,True,False
372.99400329589844,REPLAY,NEUTRAL,3,289,230,78,0,False,True,False
373.0421600341797,REPLAY,NEUTRAL,3,289,230,78,0,False,True,False
373.0943298339844,REPLAY,NEUTRAL,3,289,230,78,0,False,True,False
373.1424865722656,REPLAY,NEUTRAL,3,289,230,78,0,False,True,False
373.1946563720703,REPLAY,NEUTRAL,3,289,230,78,0,False,True,False
373.24281311035156,REPLAY,NEUTRAL,3,289,230,78,0,False,True,False
373.29498291015625,REPLAY,NEUTRAL,3,289,230,78,0,False,True,False
373.3431396484375,REPLAY,NEUTRAL,3,289,230,78,0,False,True,False
373.3953094482422,REPLAY,CLICK,3,289,230,78,0,False,True,False
373.44346618652344,REPLAY,NEUTRAL,3,289,230,78,0,False,True,False
373.4956359863281,REPLAY,NEUTRAL,3,289,230,78,0,False,True,False
373.5437927246094,REPLAY,NEUTRAL,3,289,230,78,0,False,True,False
373.59596252441406,REPLAY,NEUTRAL,3,289,230,78,0,False,True,False
373.6441192626953,REPLAY,NEUTRAL,3,289,230,78,0,False,True,False
373.69227600097656,REPLAY,NEUTRAL,3,289,230,78,0,False,True,False
373.74444580078125,REPLAY,NEUTRAL,3,289,230,78,0,False,True,False
373.7926025390625,REPLAY,NEUTRAL,3,289,230,78,0,False,True,False
373.8447723388672,REPLAY,NEUTRAL,3,289,230,78,0,False,True,False
373.89292907714844,REPLAY,NEUTRAL,3,289,230,78,0,False,True,False
373.9450988769531,REPLAY,CLICK,3,289,230,78,0,False,True,False
373.9932556152344,REPLAY,NEUTRAL,3,289,230,78,0,False,True,False
374.04542541503906,REPLAY,NEUTRAL,3,289,230,78,0,False,True,False
374.0935821533203,REPLAY,NEUTRAL,3,289,230,78,1,False,True,False
374.145751953125,REPLAY,NEUTRAL,3,289,230,78,1,False,True,False
374.19390869140625,REPLAY,NEUTRAL,3,289,230,78,1,False,True,False
374.2420654296875,REPLAY,NEUTRAL,3,289,230,78,1,False,True,False
374.2942352294922,REPLAY,NEUTRAL,3,289,230,78,1,False,True,False
374.34239196777344,REPLAY,NEUTRAL,3,289,230,78,1,False,True,False
374.3945617675781,REPLAY,NEUTRAL,3,289,230,78,1,False,True,False
374.4427185058594,REPLAY,NEUTRAL,3,289,230,78,1,False,True,False
374.49488830566406,REPLAY,NEUTRAL,3,289,230,78,1,False,True,False
374.5430450439453,REPLAY,NEUTRAL,3,289,230,78,1,False,True,False
374.59521484375,REPLAY,CLICK,3,291,231,78,0,False,True,False
374.64337158203125,REPLAY,NEUTRAL,3,291,231,78,0,False,True,False
374.69554138183594,REPLAY,NEUTRAL,3,291,231,78,0,False,True,False
374.7436981201172,REPLAY,NEUTRAL,3,291,231,78,0,False,True,False
374.7958679199219,REPLAY,NEUTRAL,3,291,231,78,0,False,True,False
374.8440246582031,REPLAY,NEUTRAL,3,291,231,78,1,False,True,False
374.8921813964844,REPLAY,NEUTRAL,3,291,231,78,1,False,True,False
374.94435119628906,REPLAY,NEUTRAL,3,291,231,78,1,False,True,False
374.9925079345703,REPLAY,NEUTRAL,3,291,231,78,1,False,True,False
375.044677734375,REPLAY,NEUTRAL,3,291,231,78,1,False,True,False
375.09283447265625,REPLAY,NEUTRAL,3,291,231,78,1,False,True,False
375.14500427246094,REPLAY,NEUTRAL,3,291,231,78,1,False,True,False
375.1931610107422,REPLAY,CLICK,3,291,231,78,1,False,True,False
375.2453308105469,REPLAY,NEUTRAL,3,291,231,78,1,False,True,False
375.2934875488281,REPLAY,NEUTRAL,3,291,231,78,1,False,True,False
375.3456573486328,REPLAY,NEUTRAL,3,291,231,78,1,False,True,False
375.39381408691406,REPLAY,NEUTRAL,3,291,231,78,1,False,True,False
375.44598388671875,REPLAY,NEUTRAL,3,291,231,78,1,False,True,False
375.494140625,REPLAY,NEUTRAL,3,291,231,78,1,False,True,False
375.54229736328125,REPLAY,NEUTRAL,3,291,231,78,1,False,True,False
375.59446716308594,REPLAY,NEUTRAL,3,291,231,78,1,False,True,False
375.6426239013672,REPLAY,NEUTRAL,3,291,231,78,1,False,True,False
375.6947937011719,REPLAY,NEUTRAL,3,291,231,78,1,False,True,False
375.7429504394531,REPLAY,NEUTRAL,3,291,231,78,1,False,True,False
375.7951202392578,REPLAY,CLICK,3,291,231,78,1,False,True,False
375.84327697753906,REPLAY,NEUTRAL,3,291,231,78,1,False,True,False
375.89544677734375,REPLAY,NEUTRAL,3,291,231,78,1,False,True,False
375.943603515625,REPLAY,NEUTRAL,3,291,231,78,1,False,True,False
375.9957733154297,REPLAY,NEUTRAL,3,291,231,78,1,False,True,False
376.04393005371094,REPLAY,NEUTRAL,3,291,231,78,1,False,True,False
376.0920867919922,REPLAY,NEUTRAL,3,291,231,78,1,False,True,False
376.1442565917969,REPLAY,NEUTRAL,3,291,231,78,1,False,True,False
376.1924133300781,REPLAY,NEUTRAL,3,291,231,78,1,False,True,False
376.2445831298828,REPLAY,CLICK,3,291,231,78,1,False,True,False
376.29273986816406,REPLAY,NEUTRAL,3,291,231,78,1,False,True,False
376.34490966796875,REPLAY,NEUTRAL,3,291,231,78,1,False,True,False
376.39306640625,REPLAY,NEUTRAL,3,291,231,78,2,False,True,False
376.4452362060547,REPLAY,NEUTRAL,3,291,231,78,2,False,True,False
376.49339294433594,REPLAY,NEUTRAL,3,291,231,78,2,False,True,False
376.5455627441406,REPLAY,NEUTRAL,3,291,231,78,2,False,True,False
376.5937194824219,REPLAY,NEUTRAL,3,291,231,78,2,False,True,False
376.64588928222656,REPLAY,NEUTRAL,3,291,231,78,2,False,True,False
376.6940460205078,REPLAY,NEUTRAL,3,291,231,78,2,False,True,False
376.74220275878906,REPLAY,NEUTRAL,3,291,231,78,2,False,True,False
376.79437255859375,REPLAY,NEUTRAL,3,291,231,78,2,False,True,False
376.842529296875,REPLAY,NEUTRAL,3,291,231,78,2,False,True,False
376.8946990966797,REPLAY,CLICK,3,293,232,78,1,False,True,False
376.94285583496094,REPLAY,NEUTRAL,3,293,232,78,1,False,True,False
376.9950256347656,REPLAY,NEUTRAL,3,293,232,78,1,False,True,False
377.0431823730469,REPLAY,NEUTRAL,3,293,232,78,1,False,True,False
377.09535217285156,REPLAY,NEUTRAL,3,293,232,78,1,False,True,False
377.1435089111328,REPLAY,NEUTRAL,3,293,232,78,1,False,True,False
377.1956787109375,REPLAY,NEUTRAL,3,293,232,78,1,False,True,False
377.24383544921875,REPLAY,NEUTRAL,3,293,232,78,1,False,True,False
377.2919921875,REPLAY,NEUTRAL,3,293,232,78,1,False,True,False
377.3441619873047,REPLAY,NEUTRAL,3,293,232,78,1,False,True,False
377.39231872558594,REPLAY,NEUTRAL,3,293,232,78,1,False,True,False
377.4444885253906,REPLAY,NEUTRAL,3,293,232,78,1,False,True,False
377.4926452636719,REPLAY,NEUTRAL,3,293,232,78,1,False,True,False
377.54481506347656,REPLAY,NEUTRAL,3,293,232,78,1,False,True,False
377.5929718017578,REPLAY,NEUTRAL,3,293,232,78,1,False,True,False
377.6451416015625,REPLAY,NEUTRAL,3,293,232,78,1,False,True,False
377.69329833984375,REPLAY,NEUTRAL,3,293,232,78,1,False,True,False
377.74546813964844,REPLAY,NEUTRAL,3,293,232,78,2,False,True,False
377.7936248779297,REPLAY,NEUTRAL,3,293,232,78,2,False,True,False
377.8457946777344,REPLAY,NEUTRAL,3,293,232,78,2,False,True,False
377.8939514160156,REPLAY,NEUTRAL,3,293,232,78,2,False,True,False
377.9421081542969,REPLAY,NEUTRAL,3,293,232,78,2,False,True,False
377.99427795410156,REPLAY,NEUTRAL,3,293,232,78,2,False,True,False
378.0424346923828,REPLAY,NEUTRAL,3,293,232,78,2,False,True,False
378.0946044921875,REPLAY,NEUTRAL,3,293,232,78,2,False,True,False
378.14276123046875,REPLAY,NEUTRAL,3,293,232,78,2,False,True,False
378.19493103027344,REPLAY,NEUTRAL,3,293,232,78,2,False,True,False
378.2430877685547,REPLAY,NEUTRAL,3,293,232,78,2,False,True,False
378.2952575683594,REPLAY,NEUTRAL,3,293,232,78,2,False,True,False
378.3434143066406,REPLAY,NEUTRAL,3,293,232,78,2,False,True,False
378.3955841064453,REPLAY,NEUTRAL,3,293,232,78,2,False,True,False
378.44374084472656,REPLAY,NEUTRAL,3,293,232,79,1,False,True,False
378.49591064453125,REPLAY,NEUTRAL,3,293,232,79,1,False,True,False
378.5440673828125,REPLAY,NEUTRAL,3,293,232,79,1,False,True,False
378.59222412109375,REPLAY,NEUTRAL,3,293,232,79,1,False,True,False
378.64439392089844,REPLAY,NEUTRAL,3,293,232,79,1,False,True,False
378.6925506591797,REPLAY,NEUTRAL,3,293,232,79,1,False,True,False
378.7447204589844,REPLAY,NEUTRAL,3,293,232,79,1,False,True,False
378.7928771972656,REPLAY,NEUTRAL,3,293,232,79,1,False,True,False
378.8450469970703,REPLAY,NEUTRAL,3,293,232,79,1,False,True,False
378.89320373535156,REPLAY,NEUTRAL,3,293,232,79,1,False,True,False
378.94537353515625,REPLAY,NEUTRAL,3,293,232,79,1,False,True,False
378.9935302734375,REPLAY,NEUTRAL,3,293,232,79,1,False,True,False
379.0457000732422,REPLAY,NEUTRAL,3,293,232,79,1,False,True,False
379.09385681152344,REPLAY,NEUTRAL,3,293,232,79,1,False,True,False
379.1420135498047,REPLAY,NEUTRAL,3,293,232,79,1,False,True,False
379.1941833496094,REPLAY,NEUTRAL,3,293,232,79,2,False,True,False
379.2423400878906,REPLAY,NEUTRAL,3,293,232,79,2,False,True,False
379.2945098876953,REPLAY,NEUTRAL,3,293,232,79,2,False,True,False
379.34266662597656,REPLAY,NEUTRAL,3,293,232,79,2,False,True,False
379.39483642578125,REPLAY,NEUTRAL,3,293,232,79,2,False,True,False
379.4429931640625,REPLAY,NEUTRAL,3,293,232,79,2,False,True,False
379.4951629638672,REPLAY,NEUTRAL,3,293,232,79,2,False,True,False
379.54331970214844,REPLAY,NEUTRAL,3,293,232,79,2,False,True,False
379.5954895019531,REPLAY,NEUTRAL,3,293,232,79,2,False,True,False
379.6436462402344,REPLAY,NEUTRAL,3,293,232,79,2,False,True,False
379.69581604003906,REPLAY,NEUTRAL,3,293,232,79,2,False,True,False
379.7439727783203,REPLAY,NEUTRAL,3,293,232,79,2,False,True,False
379.79212951660156,REPLAY,NEUTRAL,3,293,232,79,2,False,True,False
379.84429931640625,REPLAY,NEUTRAL,3,293,232,79,2,False,True,False
379.8924560546875,REPLAY,NEUTRAL,3,293,232,79,2,False,True,False
379.9446258544922,REPLAY,NEUTRAL,3,293,232,79,2,False,True,False
379.99278259277344,REPLAY,NEUTRAL,3,293,232,79,3,False,True,False
380.0449523925781,REPLAY,NEUTRAL,3,293,232,79,3,False,True,False
380.0931091308594,REPLAY,NEUTRAL,3,293,232,79,3,False,True,False
380.14527893066406,REPLAY,NEUTRAL,3,293,232,79,3,False,True,False
380.1934356689453,REPLAY,NEUTRAL,3,293,232,79,3,False,True,False
380.24560546875,REPLAY,NEUTRAL,3,293,232,79,3,False,True,False
380.29376220703125,REPLAY,NEUTRAL,3,293,232,79,3,False,True,False
380.34593200683594,REPLAY,NEUTRAL,3,293,232,79,3,False,True,False
380.3940887451172,REPLAY,NEUTRAL,3,293,232,79,3,False,True,False
380.44224548339844,REPLAY,NEUTRAL,3,293,232,79,3,False,True,False
380.4944152832031,REPLAY,NEUTRAL,3,293,232,79,3,False,True,False
380.5425720214844,REPLAY,NEUTRAL,3,293,232,79,3,False,True,False
380.59474182128906,REPLAY,NEUTRAL,3,293,232,79,3,False,True,False
380.6428985595703,REPLAY,NEUTRAL,3,293,232,79,3,False,True,False
380.695068359375,REPLAY,NEUTRAL,3,293,232,79,3,False,True,False
380.74322509765625,REPLAY,NEUTRAL,3,293,232,79,3,False,True,False
380.79539489746094,REPLAY,NEUTRAL,3,293,232,79,3,False,True,False
380.8435516357422,REPLAY,NEUTRAL,3,293,232,79,3,False,True,False
380.8957214355469,REPLAY,NEUTRAL,3,293,232,79,3,False,True,False
380.9438781738281,REPLAY,NEUTRAL,3,293,232,79,3,False,True,False
380.9920349121094,REPLAY,NEUTRAL,3,293,232,79,3,False,True,False
381.04420471191406,REPLAY,NEUTRAL,3,293,232,79,3,False,True,False
381.0923614501953,REPLAY,NEUTRAL,3,293,232,80,2,False,True,False
381.14453125,REPLAY,NEUTRAL,3,293,232,80,2,False,True,False
381.19268798828125,REPLAY,NEUTRAL,3,293,232,80,2,False,True,False
381.24485778808594,REPLAY,NEUTRAL,3,293,232,80,2,False,True,False
381.2930145263672,REPLAY,NEUTRAL,3,293,232,80,2,False,True,False
381.3451843261719,REPLAY,NEUTRAL,3,293,232,80,2,False,True,False
381.3933410644531,REPLAY,NEUTRAL,3,293,232,80,2,False,True,False
381.4455108642578,REPLAY,NEUTRAL,3,293,232,80,2,False,True,False
381.49366760253906,REPLAY,NEUTRAL,3,293,232,80,2,False,True,False
381.54583740234375,REPLAY,NEUTRAL,3,293,232,80,2,False,True,False
381.593994140625,REPLAY,NEUTRAL,3,293,232,80,2,False,True,False
381.64215087890625,REPLAY,NEUTRAL,3,293,232,80,3,False,True,False
381.69432067871094,REPLAY,NEUTRAL,3,293,232,80,3,False,True,False
381.7424774169922,REPLAY,NEUTRAL,3,293,232,80,3,False,True,False
381.7946472167969,REPLAY,NEUTRAL,3,293,232,80,3,False,True,False
381.8428039550781,REPLAY,NEUTRAL,3,293,232,80,3,False,True,False
381.8949737548828,REPLAY,NEUTRAL,3,293,232,80,3,False,True,False
381.94313049316406,REPLAY,NEUTRAL,3,293,232,80,3,False,True,False
381.99530029296875,REPLAY,NEUTRAL,3,293,232,80,3,False,True,False
382.04345703125,REPLAY,NEUTRAL,3,293,232,80,3,False,True,False
382.0956268310547,REPLAY,NEUTRAL,3,293,232,80,3,False,True,False
382.14378356933594,REPLAY,NEUTRAL,3,293,232,80,3,False,True,False
382.1959533691406,REPLAY,NEUTRAL,3,294,233,80,2,False,True,False
382.2441101074219,REPLAY,NEUTRAL,3,294,233,80,2,False,True,False
382.2922668457031,REPLAY,NEUTRAL,3,294,233,80,2,False,True,False
382.3444366455078,REPLAY,NEUTRAL,3,294,233,80,2,False,True,False
382.39259338378906,REPLAY,NEUTRAL,3,294,233,80,2,False,True,False
382.44476318359375,REPLAY,NEUTRAL,3,294,233,80,2,False,True,False
382.492919921875,REPLAY,NEUTRAL,3,294,233,80,2,False,True,False
382.5450897216797,REPLAY,NEUTRAL,3,294,233,80,2,False,True,False
382.59324645996094,REPLAY,NEUTRAL,3,294,233,80,2,False,True,False
382.6454162597656,REPLAY,NEUTRAL,3,294,233,80,2,False,True,False
382.6935729980469,REPLAY,NEUTRAL,3,294,233,80,2,False,True,False
382.74574279785156,REPLAY,NEUTRAL,3,294,233,80,2,False,True,False
382.7938995361328,REPLAY,NEUTRAL,3,294,233,80,3,False,True,False
382.84205627441406,REPLAY,NEUTRAL,3,294,233,80,3,False,True,False
382.89422607421875,REPLAY,NEUTRAL,3,294,233,80,3,False,True,False
382.9423828125,REPLAY,NEUTRAL,3,294,233,80,3,False,True,False
382.9945526123047,REPLAY,NEUTRAL,3,295,234,80,2,False,True,False
383.04270935058594,REPLAY,NEUTRAL,3,295,234,80,2,False,True,False
383.0948791503906,REPLAY,NEUTRAL,3,295,234,80,2,False,True,False
383.1430358886719,REPLAY,NEUTRAL,3,295,234,80,2,False,True,False
383.19520568847656,REPLAY,NEUTRAL,3,295,234,80,2,False,True,False
383.2433624267578,REPLAY,NEUTRAL,3,295,234,80,2,False,True,False
383.2955322265625,REPLAY,NEUTRAL,3,295,234,80,2,False,True,False
383.34368896484375,REPLAY,NEUTRAL,3,295,234,80,2,False,True,False
383.39585876464844,REPLAY,NEUTRAL,3,295,234,80,2,False,True,False
383.4440155029297,REPLAY,NEUTRAL,3,295,234,80,2,False,True,False
383.49217224121094,REPLAY,NEUTRAL,3,295,234,80,2,False,True,False
383.5443420410156,REPLAY,NEUTRAL,3,295,234,80,2,False,True,False
383.5924987792969,REPLAY,NEUTRAL,3,295,234,80,2,False,True,False
383.64466857910156,REPLAY,NEUTRAL,3,295,234,80,2,False,True,False
383.6928253173828,REPLAY,NEUTRAL,3,295,234,80,2,False,True,False
383.7449951171875,REPLAY,NEUTRAL,3,295,234,80,2,False,True,False
383.79315185546875,REPLAY,NEUTRAL,3,295,234,80,2,False,True,False
383.84532165527344,REPLAY,NEUTRAL,3,295,234,80,2,False,True,False
383.8934783935547,REPLAY,NEUTRAL,3,295,234,80,2,False,True,False
383.9456481933594,REPLAY,NEUTRAL,3,295,234,80,2,False,True,False
383.9938049316406,REPLAY,NEUTRAL,3,295,234,80,2,False,True,False
384.0459747314453,REPLAY,NEUTRAL,3,295,234,80,2,False,True,False
384.09413146972656,REPLAY,NEUTRAL,3,295,234,80,2,False,True,False
384.1422882080078,REPLAY,NEUTRAL,3,295,234,80,2,False,True,False
384.1944580078125,REPLAY,NEUTRAL,3,295,234,80,2,False,True,False
384.24261474609375,REPLAY,NEUTRAL,3,295,234,80,2,False,True,False
384.29478454589844,REPLAY,NEUTRAL,3,295,234,80,2,False,True,False
384.3429412841797,REPLAY,NEUTRAL,3,295,234,80,2,False,True,False
384.3951110839844,REPLAY,NEUTRAL,3,295,234,80,3,False,True,False
384.4432678222656,REPLAY,NEUTRAL,3,295,234,80,3,False,True,False
384.4954376220703,REPLAY,NEUTRAL,3,295,234,80,3,False,True,False
384.54359436035156,REPLAY,NEUTRAL,3,295,234,80,3,False,True,False
384.59576416015625,REPLAY,NEUTRAL,3,295,234,80,3,False,True,False
384.6439208984375,REPLAY,NEUTRAL,3,295,234,80,3,False,True,False
384.69207763671875,REPLAY,NEUTRAL,3,296,235,80,2,False,True,False
384.74424743652344,REPLAY,NEUTRAL,3,296,235,80,2,False,True,False
384.7924041748047,REPLAY,NEUTRAL,3,296,235,80,2,False,True,False
384.8445739746094,REPLAY,NEUTRAL,3,296,235,80,2,False,True,False
384.8927307128906,REPLAY,NEUTRAL,3,296,235,80,2,False,True,False
384.9449005126953,REPLAY,NEUTRAL,3,296,235,80,2,False,True,False
384.99305725097656,REPLAY,NEUTRAL,3,296,235,80,2,False,True,False
385.04522705078125,REPLAY,NEUTRAL,3,296,235,80,2,False,True,False
385.0933837890625,REPLAY,NEUTRAL,3,296,235,80,2,False,True,False
385.1455535888672,REPLAY,NEUTRAL,3,296,235,80,2,False,True,False
385.19371032714844,REPLAY,NEUTRAL,3,296,235,80,2,False,True,False
385.2458801269531,REPLAY,NEUTRAL,3,296,235,80,2,False,True,False
385.2940368652344,REPLAY,NEUTRAL,3,296,235,80,2,False,True,False
385.3421936035156,REPLAY,NEUTRAL,3,296,235,80,2,False,True,False
385.3943634033203,REPLAY,NEUTRAL,3,296,235,80,2,False,True,False
385.44252014160156,REPLAY,NEUTRAL,3,296,235,80,2,False,True,False
385.49468994140625,REPLAY,NEUTRAL,3,296,235,80,2,False,True,False
385.5428466796875,REPLAY,NEUTRAL,3,296,235,80,2,False,True,False
385.5950164794922,REPLAY,NEUTRAL,3,296,235,80,2,False,True,False
385.64317321777344,REPLAY,NEUTRAL,3,296,235,80,2,False,True,False
385.6953430175781,REPLAY,NEUTRAL,3,296,235,80,2,False,True,False
385.7434997558594,REPLAY,NEUTRAL,3,296,235,80,3,False,True,False
385.79566955566406,REPLAY,NEUTRAL,3,296,235,80,3,False,True,False
385.8438262939453,REPLAY,NEUTRAL,3,296,235,80,3,False,True,False
385.89198303222656,REPLAY,NEUTRAL,3,296,235,80,3,False,True,False
385.94415283203125,REPLAY,NEUTRAL,3,296,235,80,3,False,True,False
385.9923095703125,REPLAY,NEUTRAL,3,296,235,80,3,False,True,False
386.0444793701172,REPLAY,NEUTRAL,3,296,235,80,3,False,True,False
386.09263610839844,REPLAY,NEUTRAL,3,296,235,80,3,False,True,False
386.1448059082031,REPLAY,NEUTRAL,3,296,235,80,3,False,True,False
386.1929626464844,REPLAY,NEUTRAL,3,296,235,81,2,False,True,False
386.24513244628906,REPLAY,NEUTRAL,3,296,235,81,2,False,True,False
386.2932891845703,REPLAY,NEUTRAL,3,296,235,81,2,False,True,False
386.345458984375,REPLAY,NEUTRAL,3,296,235,81,2,False,True,False
386.39361572265625,REPLAY,NEUTRAL,3,296,235,81,2,False,True,False
386.44578552246094,REPLAY,NEUTRAL,3,296,235,81,2,False,True,False
386.4939422607422,REPLAY,NEUTRAL,3,296,235,81,2,False,True,False
386.54209899902344,REPLAY,NEUTRAL,3,296,235,81,2,False,True,False
386.5942687988281,REPLAY,NEUTRAL,3,296,235,81,2,False,True,False
386.6424255371094,REPLAY,NEUTRAL,3,296,235,81,2,False,True,False
386.69459533691406,REPLAY,NEUTRAL,3,296,235,81,2,False,True,False
386.7427520751953,REPLAY,NEUTRAL,3,296,235,81,2,False,True,False
386.794921875,REPLAY,NEUTRAL,3,296,235,81,2,False,True,False
386.84307861328125,REPLAY,NEUTRAL,3,296,235,81,2,False,True,False
386.89524841308594,REPLAY,NEUTRAL,3,296,235,81,2,False,True,False
386.9434051513672,REPLAY,NEUTRAL,3,296,235,81,2,False,True,False
386.9955749511719,REPLAY,NEUTRAL,3,296,235,81,2,False,True,False
387.0437316894531,REPLAY,NEUTRAL,3,296,235,81,2,False,True,False
387.0959014892578,REPLAY,NEUTRAL,3,297,236,81,1,False,True,False
387.14405822753906,REPLAY,NEUTRAL,3,297,236,81,1,False,True,False
387.1922149658203,REPLAY,NEUTRAL,3,297,236,81,1,False,True,False
387.244384765625,REPLAY,NEUTRAL,3,297,236,81,1,False,True,False
387.29254150390625,REPLAY,NEUTRAL,3,297,236,81,1,False,True,False
387.34471130371094,REPLAY,NEUTRAL,3,297,236,81,2,False,True,False
387.3928680419922,REPLAY,NEUTRAL,3,297,236,81,2,False,True,False
387.4450378417969,REPLAY,NEUTRAL,3,297,236,81,2,False,True,False
387.4931945800781,REPLAY,NEUTRAL,3,297,236,81,2,False,True,False
387.5453643798828,REPLAY,NEUTRAL,3,297,236,81,2,False,True,False
387.59352111816406,REPLAY,NEUTRAL,3,297,236,81,2,False,True,False
387.64569091796875,REPLAY,NEUTRAL,3,297,236,81,2,False,True,False
387.69384765625,REPLAY,NEUTRAL,3,297,236,81,2,False,True,False
387.74200439453125,REPLAY,NEUTRAL,3,297,236,81,2,False,True,False
387.79417419433594,REPLAY,NEUTRAL,3,297,236,81,2,False,True,False
387.8423309326172,REPLAY,NEUTRAL,3,297,236,81,2,False,True,False
387.8945007324219,REPLAY,NEUTRAL,3,297,236,81,2,False,True,False
387.9426574707031,REPLAY,NEUTRAL,3,297,236,81,2,False,True,False
387.9948272705078,REPLAY,NEUTRAL,3,297,236,81,2,False,True,False
388.04298400878906,REPLAY,NEUTRAL,3,297,236,81,2,False,True,False
388.09515380859375,REPLAY,NEUTRAL,3,297,236,81,2,False,True,False
388.143310546875,REPLAY,NEUTRAL,3,297,236,81,2,False,True,False
388.1954803466797,REPLAY,NEUTRAL,3,297,236,81,2,False,True,False
388.24363708496094,REPLAY,NEUTRAL,3,297,236,81,2,False,True,False
388.2958068847656,REPLAY,NEUTRAL,3,297,236,81,2,False,True,False
388.3439636230469,REPLAY,NEUTRAL,3,297,236,81,2,False,True,False
388.3921203613281,REPLAY,NEUTRAL,3,297,236,81,2,False,True,False
388.4442901611328,REPLAY,NEUTRAL,3,297,236,81,2,False,True,False
388.49244689941406,REPLAY,NEUTRAL,3,297,236,81,2,False,True,False
388.54461669921875,REPLAY,NEUTRAL,3,297,236,81,2,False,True,False
388.5927734375,REPLAY,NEUTRAL,3,297,236,81,2,False,True,False
388.6449432373047,REPLAY,NEUTRAL,3,297,236,81,2,False,True,False
388.69309997558594,REPLAY,NEUTRAL,3,297,236,81,3,False,True,False
388.7452697753906,REPLAY,NEUTRAL,3,297,236,81,3,False,True,False
388.7934265136719,REPLAY,NEUTRAL,3,297,236,81,3,False,True,False
388.84559631347656,REPLAY,NEUTRAL,3,298,237,81,2,False,True,False
388.8937530517578,REPLAY,NEUTRAL,3,298,237,81,2,False,True,False
388.9459228515625,REPLAY,NEUTRAL,3,298,237,81,2,False,True,False
388.99407958984375,REPLAY,NEUTRAL,3,298,237,81,2,False,True,False
389.042236328125,REPLAY,NEUTRAL,3,298,237,81,2,False,True,False
389.0944061279297,REPLAY,NEUTRAL,3,298,237,81,2,False,True,False
389.14256286621094,REPLAY,NEUTRAL,3,298,237,81,2,False,True,False
389.1947326660156,REPLAY,NEUTRAL,3,298,237,81,2,False,True,False
389.2428894042969,REPLAY,NEUTRAL,3,298,237,81,2,False,True,False
389.29505920410156,REPLAY,NEUTRAL,3,298,237,81,2,False,True,False
389.3432159423828,REPLAY,NEUTRAL,3,298,237,81,2,False,True,False
389.3953857421875,REPLAY,NEUTRAL,3,298,237,81,2,False,True,False
389.44354248046875,REPLAY,NEUTRAL,3,298,237,81,2,False,True,False
389.49571228027344,REPLAY,NEUTRAL,3,298,237,81,3,False,True,False
389.5438690185547,REPLAY,NEUTRAL,3,298,237,81,3,False,True,False
389.59202575683594,REPLAY,NEUTRAL,3,298,237,81,3,False,True,False
389.6441955566406,REPLAY,NEUTRAL,3,298,237,81,3,False,True,False
389.6923522949219,REPLAY,NEUTRAL,3,298,237,81,3,False,True,False
389.74452209472656,REPLAY,NEUTRAL,3,298,237,81,3,False,True,False
389.7926788330078,REPLAY,NEUTRAL,3,298,237,81,3,False,True,False
389.8448486328125,REPLAY,NEUTRAL,3,298,237,81,3,False,True,False
389.89300537109375,REPLAY,NEUTRAL,3,298,237,81,3,False,True,False
389.94517517089844,REPLAY,NEUTRAL,3,298,237,81,3,False,True,False
389.9933319091797,REPLAY,NEUTRAL,3,298,237,81,3,False,True,False
390.0455017089844,REPLAY,NEUTRAL,3,298,237,81,3,False,True,False
390.0936584472656,REPLAY,NEUTRAL,3,298,237,81,3,False,True,False
390.1458282470703,REPLAY,NEUTRAL,3,298,237,81,3,False,True,False
390.19398498535156,REPLAY,NEUTRAL,3,298,237,81,3,False,True,False
390.2421417236328,REPLAY,NEUTRAL,3,298,237,81,3,False,True,False
390.2943115234375,REPLAY,NEUTRAL,3,298,237,81,3,False,True,False
390.34246826171875,REPLAY,NEUTRAL,3,298,237,81,3,False,True,False
390.39463806152344,REPLAY,NEUTRAL,3,298,237,81,3,False,True,False
390.4427947998047,REPLAY,NEUTRAL,3,298,237,81,3,False,True,False
390.4949645996094,REPLAY,NEUTRAL,3,298,237,81,3,False,True,False
390.5431213378906,REPLAY,NEUTRAL,3,298,237,81,3,False,True,False
390.5952911376953,REPLAY,NEUTRAL,3,298,237,81,3,False,True,False
390.64344787597656,REPLAY,NEUTRAL,3,298,237,82,2,False,True,False
390.69561767578125,REPLAY,NEUTRAL,3,298,237,82,2,False,True,False
390.7437744140625,REPLAY,NEUTRAL,3,298,237,82,2,False,True,False
390.7959442138672,REPLAY,NEUTRAL,3,298,237,82,2,False,True,False
390.84410095214844,REPLAY,NEUTRAL,3,298,237,82,2,False,True,False
390.8922576904297,REPLAY,NEUTRAL,3,298,237,82,2,False,True,False
390.9444274902344,REPLAY,NEUTRAL,3,298,237,82,3,False,True,False
390.9925842285156,REPLAY,NEUTRAL,3,298,237,82,3,False,True,False
391.0447540283203,REPLAY,NEUTRAL,3,298,237,82,3,False,True,False
391.09291076660156,REPLAY,NEUTRAL,3,298,237,82,3,False,True,False
391.14508056640625,REPLAY,NEUTRAL,3,298,237,82,3,False,True,False
391.1932373046875,REPLAY,NEUTRAL,3,298,237,82,3,False,True,False
391.2454071044922,REPLAY,NEUTRAL,3,298,237,82,3,False,True,False
391.29356384277344,REPLAY,NEUTRAL,3,298,237,82,3,False,True,False
391.3457336425781,REPLAY,NEUTRAL,3,298,237,82,3,False,True,False
391.3938903808594,REPLAY,NEUTRAL,3,298,237,82,3,False,True,False
391.4420471191406,REPLAY,NEUTRAL,3,298,237,82,3,False,True,False
391.4942169189453,REPLAY,NEUTRAL,3,298,237,82,3,False,True,False
391.54237365722656,REPLAY,NEUTRAL,3,298,237,82,3,False,True,False
391.59454345703125,REPLAY,NEUTRAL,3,299,238,82,2,False,True,False
391.6427001953125,REPLAY,NEUTRAL,3,299,238,82,2,False,True,False
391.6948699951172,REPLAY,NEUTRAL,3,299,238,82,2,False,True,False
391.74302673339844,REPLAY,NEUTRAL,3,299,238,82,2,False,True,False
391.7951965332031,REPLAY,NEUTRAL,3,299,238,82,2,False,True,False
391.8433532714844,REPLAY,NEUTRAL,3,299,238,82,2,False,True,False
391.89552307128906,REPLAY,NEUTRAL,3,299,238,82,2,False,True,False
391.9436798095703,REPLAY,NEUTRAL,3,299,238,82,2,False,True,False
391.995849609375,REPLAY,NEUTRAL,3,299,238,82,2,False,True,False
392.04400634765625,REPLAY,NEUTRAL,3,299,238,82,2,False,True,False
392.0921630859375,REPLAY,NEUTRAL,3,299,238,82,2,False,True,False
392.1443328857422,REPLAY,NEUTRAL,3,299,238,82,2,False,True,False
392.19248962402344,REPLAY,NEUTRAL,3,299,238,82,3,False,True,False
392.2446594238281,REPLAY,NEUTRAL,3,299,238,82,3,False,True,False
392.2928161621094,REPLAY,CLICK,3,301,239,82,2,False,True,False
392.34498596191406,REPLAY,NEUTRAL,3,301,239,82,2,False,True,False
392.3931427001953,REPLAY,NEUTRAL,3,301,239,82,2,False,True,False
392.4453125,REPLAY,NEUTRAL,3,301,239,83,1,False,True,False
392.49346923828125,REPLAY,NEUTRAL,3,301,239,83,1,False,True,False
392.54563903808594,REPLAY,NEUTRAL,3,301,239,83,1,False,True,False
392.5937957763672,REPLAY,NEUTRAL,3,301,239,83,1,False,True,False
392.6459655761719,REPLAY,CLICK + HOLD,3,301,239,83,1,True,True,False
392.6941223144531,REPLAY,CLICK + HOLD,3,301,239,83,1,True,True,False
392.7422790527344,REPLAY,CLICK + HOLD,3,301,239,83,1,True,True,False
392.79444885253906,REPLAY,CLICK + HOLD,3,301,239,83,1,True,True,False
392.8426055908203,REPLAY,CLICK + HOLD,3,301,239,83,1,True,True,False
392.894775390625,REPLAY,CLICK + HOLD,3,301,239,83,1,True,True,False
392.94293212890625,REPLAY,CLICK + HOLD,3,301,239,83,1,True,True,False
392.99510192871094,REPLAY,CLICK + HOLD,3,301,239,83,1,True,True,False
393.0432586669922,REPLAY,CLICK + HOLD,3,302,240,83,0,True,True,False
393.0954284667969,REPLAY,CLICK + HOLD,3,302,240,83,0,True,True,False
393.1435852050781,REPLAY,CLICK + HOLD,3,302,240,83,1,True,True,False
393.1957550048828,REPLAY,CLICK + HOLD,3,302,240,83,1,True,True,False
393.24391174316406,REPLAY,CLICK + HOLD,3,302,240,83,1,True,True,False
393.2920684814453,REPLAY,CLICK + HOLD,3,302,240,83,1,True,True,False
393.34423828125,REPLAY,CLICK + HOLD,3,302,240,83,1,True,True,False
393.39239501953125,REPLAY,CLICK + HOLD,3,302,240,83,1,True,True,False
393.44456481933594,REPLAY,CLICK + HOLD,3,302,240,83,1,True,True,False
393.4927215576172,REPLAY,CLICK + HOLD,3,302,240,83,1,True,True,False
393.5448913574219,REPLAY,CLICK + HOLD,3,302,240,83,1,True,True,False
393.5930480957031,REPLAY,CLICK + HOLD,3,302,240,83,1,True,True,False
393.6452178955078,REPLAY,CLICK + HOLD,3,302,240,83,1,True,True,False
393.69337463378906,REPLAY,CLICK + HOLD,3,302,240,83,1,True,True,False
393.74554443359375,REPLAY,CLICK + HOLD,3,302,240,83,1,True,True,False
393.793701171875,REPLAY,CLICK + HOLD,3,302,240,83,1,True,True,False
393.8458709716797,REPLAY,CLICK + HOLD,3,302,240,83,1,True,True,False
393.89402770996094,REPLAY,CLICK + HOLD,3,302,240,83,2,True,True,False
393.9421844482422,REPLAY,CLICK + HOLD,3,302,240,83,2,True,True,False
393.9943542480469,REPLAY,CLICK + HOLD,3,302,240,83,2,True,True,False
394.0425109863281,REPLAY,CLICK + HOLD,3,302,240,83,2,True,True,False
394.0946807861328,REPLAY,CLICK + HOLD,3,302,240,83,2,True,True,False
394.14283752441406,REPLAY,CLICK + HOLD,3,302,240,83,2,True,True,False
394.19500732421875,REPLAY,CLICK + HOLD,3,302,240,83,2,True,True,False
394.2431640625,REPLAY,CLICK + HOLD,3,302,240,83,2,True,True,False
394.2953338623047,REPLAY,CLICK + HOLD,3,302,240,83,2,True,True,False
394.34349060058594,REPLAY,CLICK + HOLD,3,302,240,83,2,True,True,False
394.3956604003906,REPLAY,CLICK + HOLD,3,302,240,83,2,True,True,False
394.4438171386719,REPLAY,CLICK + HOLD,3,302,240,83,2,True,True,False
394.49598693847656,REPLAY,CLICK + HOLD,3,302,240,83,2,True,True,False
394.5441436767578,REPLAY,CLICK + HOLD,3,302,240,83,2,True,True,False
394.59230041503906,REPLAY,CLICK + HOLD,3,302,240,83,2,True,True,False
394.64447021484375,REPLAY,CLICK + HOLD,3,302,240,83,2,True,True,False
394.692626953125,REPLAY,CLICK + HOLD,3,302,240,83,2,True,True,False
394.7447967529297,REPLAY,CLICK + HOLD,3,302,240,83,2,True,True,False
394.79295349121094,REPLAY,CLICK + HOLD,3,302,240,83,2,True,True,False
394.8451232910156,REPLAY,CLICK + HOLD,3,302,240,83,2,True,True,False
394.8932800292969,REPLAY,CLICK + HOLD,3,302,240,83,2,True,True,False
394.94544982910156,REPLAY,CLICK + HOLD,3,302,240,83,2,True,True,False
394.9936065673828,REPLAY,CLICK + HOLD,3,302,240,83,2,True,True,False
395.0457763671875,REPLAY,CLICK + HOLD,3,302,240,83,2,True,True,False
395.09393310546875,REPLAY,CLICK + HOLD,3,302,240,83,2,True,True,False
395.14208984375,REPLAY,CLICK + HOLD,3,302,240,83,3,True,True,False
395.1942596435547,REPLAY,CLICK + HOLD,3,302,240,83,3,True,True,False
395.24241638183594,REPLAY,CLICK + HOLD,3,302,240,83,3,True,True,False
395.2945861816406,REPLAY,CLICK + HOLD,3,302,240,83,3,True,True,False
395.3427429199219,REPLAY,CLICK + HOLD,3,302,240,83,3,True,True,False
395.39491271972656,REPLAY,CLICK + HOLD,3,302,240,83,3,True,True,False
395.4430694580078,REPLAY,CLICK + HOLD,3,302,240,83,3,True,True,False
395.4952392578125,REPLAY,CLICK + HOLD,3,302,240,83,3,True,True,False
395.54339599609375,REPLAY,CLICK + HOLD,3,302,240,83,3,True,True,False
395.59556579589844,REPLAY,CLICK + HOLD,3,302,240,83,3,True,True,False
395.6437225341797,REPLAY,CLICK + HOLD,3,302,240,83,3,True,True,False
395.6958923339844,REPLAY,CLICK + HOLD,3,302,240,83,3,True,True,False
395.7440490722656,REPLAY,CLICK + HOLD,3,302,240,83,3,True,True,False
395.7922058105469,REPLAY,CLICK + HOLD,3,302,240,83,3,True,True,False
395.84437561035156,REPLAY,CLICK + HOLD,3,302,240,83,3,True,True,False
395.8925323486328,REPLAY,CLICK + HOLD,3,302,240,83,4,True,True,False
395.9447021484375,REPLAY,CLICK + HOLD,3,302,240,83,4,True,True,False
395.99285888671875,REPLAY,CLICK + HOLD,3,302,240,83,4,True,True,False
396.04502868652344,REPLAY,CLICK + HOLD,3,302,240,83,4,True,True,False
396.0931854248047,REPLAY,CLICK + HOLD,3,302,240,83,4,True,True,False
396.1453552246094,REPLAY,CLICK + HOLD,3,302,240,84,3,True,True,False
396.1935119628906,REPLAY,CLICK + HOLD,3,302,240,84,3,True,True,False
396.2456817626953,REPLAY,CLICK + HOLD,3,302,240,84,3,True,True,False
396.29383850097656,REPLAY,CLICK + HOLD,3,302,240,84,3,True,True,False
396.3419952392578,REPLAY,CLICK + HOLD,3,302,240,84,3,True,True,False
396.3941650390625,REPLAY,CLICK + HOLD,3,302,240,84,3,True,True,False
396.44232177734375,REPLAY,CLICK + HOLD,3,302,240,84,3,True,True,False
396.49449157714844,REPLAY,CLICK + HOLD,3,302,240,84,3,True,True,False
396.5426483154297,REPLAY,CLICK + HOLD,3,302,240,84,3,True,True,False
396.5948181152344,REPLAY,CLICK + HOLD,3,302,240,84,3,True,True,False
396.6429748535156,REPLAY,CLICK + HOLD,3,302,240,84,3,True,True,False
396.6951446533203,REPLAY,CLICK + HOLD,3,302,240,84,3,True,True,False
396.74330139160156,REPLAY,CLICK + HOLD,3,303,241,84,2,True,True,False
396.79547119140625,REPLAY,CLICK + HOLD,3,303,241,84,2,True,True,False
396.8436279296875,REPLAY,CLICK + HOLD,3,303,241,85,2,True,True,False
396.8957977294922,REPLAY,CLICK + HOLD,3,303,241,85,2,True,True,False
396.94395446777344,REPLAY,CLICK + HOLD,3,303,241,85,2,True,True,False
396.9921112060547,REPLAY,CLICK + HOLD,3,303,241,85,2,True,True,False
397.0442810058594,REPLAY,CLICK + HOLD,3,303,241,85,2,True,True,False
397.0924377441406,REPLAY,CLICK + HOLD,3,303,241,85,2,True,True,False
397.1446075439453,REPLAY,CLICK + HOLD,3,303,241,85,2,True,True,False
397.19276428222656,REPLAY,CLICK + HOLD,3,303,241,85,2,True,True,False
397.24493408203125,REPLAY,CLICK + HOLD,3,303,241,85,2,True,True,False
397.2930908203125,REPLAY,CLICK + HOLD,3,303,241,85,2,True,True,False
397.3452606201172,REPLAY,CLICK + HOLD,3,303,241,85,2,True,True,False
397.39341735839844,REPLAY,CLICK + HOLD,3,303,241,85,2,True,True,False
397.4455871582031,REPLAY,CLICK + HOLD,3,303,241,85,2,True,True,False
397.4937438964844,REPLAY,CLICK + HOLD,3,303,241,85,2,True,True,False
397.54591369628906,REPLAY,CLICK + HOLD,3,303,241,85,2,True,True,False
397.5940704345703,REPLAY,CLICK + HOLD,3,303,241,85,2,True,True,False
397.64222717285156,REPLAY,CLICK + HOLD,3,303,241,85,3,True,True,False
397.69439697265625,REPLAY,CLICK + HOLD,3,303,241,85,3,True,True,False
397.7425537109375,REPLAY,CLICK + HOLD,3,303,241,85,3,True,True,False
397.7947235107422,REPLAY,CLICK + HOLD,3,304,242,85,2,True,True,False
397.84288024902344,REPLAY,CLICK + HOLD,3,304,242,85,2,True,True,False
397.8950500488281,REPLAY,CLICK + HOLD,3,304,242,85,2,True,True,False
397.9432067871094,REPLAY,CLICK + HOLD,3,304,242,85,2,True,True,False
397.99537658691406,REPLAY,CLICK + HOLD,3,304,242,85,2,True,True,False
398.0435333251953,REPLAY,CLICK + HOLD,3,304,242,85,2,True,True,False
398.095703125,REPLAY,CLICK + HOLD,3,304,242,85,2,True,True,False
398.14385986328125,REPLAY,CLICK + HOLD,3,304,242,85,2,True,True,False
398.1920166015625,REPLAY,CLICK + HOLD,3,304,242,85,2,True,True,False
398.2441864013672,REPLAY,CLICK + HOLD,3,304,242,85,2,True,True,False
398.29234313964844,REPLAY,CLICK + HOLD,3,304,242,86,1,True,True,False
398.3445129394531,REPLAY,CLICK + HOLD,3,304,242,86,1,True,True,False
398.3926696777344,REPLAY,CLICK + HOLD,3,304,242,86,1,True,True,False
398.44483947753906,REPLAY,CLICK + HOLD,3,304,242,86,2,True,True,False
398.4929962158203,REPLAY,CLICK + HOLD,3,304,242,86,2,True,True,False
398.545166015625,REPLAY,CLICK + HOLD,3,304,242,86,2,True,True,False
398.59332275390625,REPLAY,CLICK + HOLD,3,304,242,86,2,True,True,False
398.64549255371094,REPLAY,CLICK + HOLD,3,304,242,86,2,True,True,False
398.6936492919922,REPLAY,CLICK + HOLD,3,304,242,86,2,True,True,False
398.7458190917969,REPLAY,CLICK + HOLD,3,304,242,86,2,True,True,False
398.7939758300781,REPLAY,CLICK + HOLD,3,304,242,86,2,True,True,False
398.8421325683594,REPLAY,CLICK + HOLD,3,304,242,86,2,True,True,False
398.89430236816406,REPLAY,CLICK + HOLD,3,304,242,86,2,True,True,False
398.9424591064453,REPLAY,CLICK + HOLD,3,304,242,86,2,True,True,False
398.99462890625,REPLAY,CLICK + HOLD,3,304,242,86,2,True,True,False
399.04278564453125,REPLAY,CLICK + HOLD,3,304,242,86,2,True,True,False
399.09495544433594,REPLAY,CLICK + HOLD,3,304,242,86,2,True,True,False
399.1431121826172,REPLAY,CLICK + HOLD,3,304,242,86,2,True,True,False
399.1952819824219,REPLAY,CLICK + HOLD,3,304,242,86,2,True,True,False
399.2434387207031,REPLAY,CLICK + HOLD,3,304,242,86,2,True,True,False
399.2956085205078,REPLAY,CLICK + HOLD,3,304,242,86,2,True,True,False
399.34376525878906,REPLAY,CLICK + HOLD,3,304,242,86,2,True,True,False
399.39593505859375,REPLAY,CLICK + HOLD,3,305,243,86,1,True,True,False
399.444091796875,REPLAY,CLICK + HOLD,3,305,243,86,1,True,True,False
399.49224853515625,REPLAY,CLICK + HOLD,3,305,243,86,1,True,True,False
399.54441833496094,REPLAY,CLICK + HOLD,3,305,243,86,1,True,True,False
399.5925750732422,REPLAY,CLICK + HOLD,3,305,243,86,1,True,True,False
399.6447448730469,REPLAY,CLICK + HOLD,3,305,243,86,1,True,True,False
399.6929016113281,REPLAY,CLICK + HOLD,3,305,243,86,1,True,True,False
399.7450714111328,REPLAY,CLICK + HOLD,3,305,243,86,2,True,True,False
399.79322814941406,REPLAY,CLICK + HOLD,3,305,243,86,2,True,True,False
399.84539794921875,REPLAY,CLICK + HOLD,3,305,243,86,2,True,True,False
399.8935546875,REPLAY,CLICK + HOLD,3,305,243,86,2,True,True,False
399.9457244873047,REPLAY,CLICK + HOLD,3,305,243,86,2,True,True,False
399.99388122558594,REPLAY,CLICK + HOLD,3,305,243,86,2,True,True,False
400.0420379638672,REPLAY,CLICK + HOLD,3,305,243,86,2,True,True,False
400.0942077636719,REPLAY,CLICK + HOLD,3,305,243,86,2,True,True,False
400.1423645019531,REPLAY,CLICK + HOLD,3,305,243,86,2,True,True,False
400.1945343017578,REPLAY,CLICK + HOLD,3,305,243,86,2,True,True,False
400.24269104003906,REPLAY,CLICK + HOLD,3,305,243,86,2,True,True,False
400.29486083984375,REPLAY,CLICK + HOLD,3,305,243,86,2,True,True,False
400.343017578125,REPLAY,CLICK + HOLD,3,305,243,86,2,True,True,False
400.3951873779297,REPLAY,CLICK + HOLD,3,305,243,86,2,True,True,False
400.44334411621094,REPLAY,CLICK + HOLD,3,305,243,86,2,True,True,False
400.4955139160156,REPLAY,CLICK + HOLD,3,305,243,86,2,True,True,False
400.5436706542969,REPLAY,CLICK + HOLD,3,305,243,86,2,True,True,False
400.59584045410156,REPLAY,CLICK + HOLD,3,305,243,86,2,True,True,False
400.6439971923828,REPLAY,CLICK + HOLD,3,305,243,86,2,True,True,False
400.69215393066406,REPLAY,CLICK + HOLD,3,306,244,86,1,True,True,False
400.74432373046875,REPLAY,CLICK + HOLD,3,306,244,86,1,True,True,False
400.79248046875,REPLAY,CLICK + HOLD,3,306,244,86,1,True,True,False
400.8446502685547,REPLAY,CLICK + HOLD,3,306,244,86,1,True,True,False
400.89280700683594,REPLAY,CLICK + HOLD,3,306,244,86,1,True,True,False
400.9449768066406,REPLAY,CLICK + HOLD,3,306,244,86,1,True,True,False
400.9931335449219,REPLAY,CLICK + HOLD,3,306,244,86,1,True,True,False
401.04530334472656,REPLAY,NEUTRAL,3,306,244,86,2,False,True,False
401.0934600830078,REPLAY,NEUTRAL,3,306,244,86,2,False,True,False
401.1456298828125,REPLAY,NEUTRAL,3,306,244,86,2,False,True,False
401.19378662109375,REPLAY,NEUTRAL,3,306,244,86,2,False,True,False
401.24595642089844,REPLAY,NEUTRAL,3,306,244,87,1,False,True,False
401.2941131591797,REPLAY,NEUTRAL,3,306,244,87,1,False,True,False
401.34226989746094,REPLAY,NEUTRAL,3,306,244,87,1,False,True,False
401.3944396972656,REPLAY,NEUTRAL,3,306,244,87,1,False,True,False
401.4425964355469,REPLAY,NEUTRAL,3,306,244,87,1,False,True,False
401.49476623535156,REPLAY,NEUTRAL,3,306,244,87,1,False,True,False
401.5429229736328,REPLAY,NEUTRAL,3,306,244,87,1,False,True,False
401.5950927734375,REPLAY,NEUTRAL,3,306,244,87,1,False,True,False
401.64324951171875,REPLAY,NEUTRAL,3,306,244,87,1,False,True,False
401.69541931152344,REPLAY,NEUTRAL,3,306,244,87,1,False,True,False
401.7435760498047,REPLAY,NEUTRAL,3,306,244,87,1,False,True,False
401.7957458496094,REPLAY,NEUTRAL,3,306,244,87,1,False,True,False
401.8439025878906,REPLAY,NEUTRAL,3,306,244,87,1,False,True,False
401.8920593261719,REPLAY,NEUTRAL,3,306,244,87,1,False,True,False
401.94422912597656,REPLAY,NEUTRAL,3,306,244,87,1,False,True,False
401.9923858642578,REPLAY,NEUTRAL,3,306,244,87,1,False,True,False
402.0445556640625,REPLAY,NEUTRAL,3,306,244,87,1,False,True,False
402.09271240234375,REPLAY,NEUTRAL,3,306,244,87,2,False,True,False
402.14488220214844,REPLAY,NEUTRAL,3,306,244,87,2,False,True,False
402.1930389404297,REPLAY,NEUTRAL,3,306,244,87,2,False,True,False
402.2452087402344,REPLAY,NEUTRAL,3,306,244,87,2,False,True,False
402.2933654785156,REPLAY,NEUTRAL,3,306,244,87,2,False,True,False
402.3455352783203,REPLAY,NEUTRAL,3,306,244,87,2,False,True,False
402.39369201660156,REPLAY,NEUTRAL,3,306,244,87,2,False,True,False
402.44586181640625,REPLAY,NEUTRAL,3,306,244,87,2,False,True,False
402.4940185546875,REPLAY,NEUTRAL,3,306,244,87,2,False,True,False
402.54217529296875,REPLAY,NEUTRAL,3,306,244,87,2,False,True,False
402.59434509277344,REPLAY,NEUTRAL,3,306,244,87,2,False,True,False
402.6425018310547,REPLAY,NEUTRAL,3,306,244,87,2,False,True,False
402.6946716308594,REPLAY,NEUTRAL,3,306,244,87,2,False,True,False
402.7428283691406,REPLAY,NEUTRAL,3,306,244,87,2,False,True,False
402.7949981689453,REPLAY,NEUTRAL,3,306,244,87,2,False,True,False
402.84315490722656,REPLAY,NEUTRAL,3,306,244,87,2,False,True,False
402.89532470703125,REPLAY,NEUTRAL,3,306,244,87,2,False,True,False
402.9434814453125,REPLAY,NEUTRAL,3,306,244,87,2,False,True,False
402.9956512451172,REPLAY,NEUTRAL,3,306,244,87,2,False,True,False
403.04380798339844,REPLAY,NEUTRAL,3,306,244,87,2,False,True,False
403.0959777832031,REPLAY,NEUTRAL,3,306,244,87,2,False,True,False
403.1441345214844,REPLAY,NEUTRAL,3,306,244,87,2,False,True,False
403.1922912597656,REPLAY,NEUTRAL,3,306,244,87,2,False,True,False
403.2444610595703,REPLAY,NEUTRAL,3,306,244,87,2,False,True,False
403.29261779785156,REPLAY,NEUTRAL,3,306,244,87,2,False,True,False
403.34478759765625,REPLAY,NEUTRAL,3,306,244,87,2,False,True,False
403.3929443359375,REPLAY,NEUTRAL,3,306,244,87,2,False,True,False
403.4451141357422,REPLAY,NEUTRAL,3,306,244,87,2,False,True,False
403.49327087402344,REPLAY,NEUTRAL,3,306,244,87,2,False,True,False
403.5454406738281,REPLAY,NEUTRAL,3,306,244,87,2,False,True,False
403.5935974121094,REPLAY,NEUTRAL,3,306,244,87,2,False,True,False
403.64576721191406,REPLAY,NEUTRAL,3,306,244,87,2,False,True,False
403.6939239501953,REPLAY,NEUTRAL,3,306,244,87,2,False,True,False
403.74208068847656,REPLAY,NEUTRAL,3,306,244,87,3,False,True,False
403.79425048828125,REPLAY,NEUTRAL,3,306,244,87,3,False,True,False
403.8424072265625,REPLAY,NEUTRAL,3,306,244,87,3,False,True,False
403.8945770263672,REPLAY,NEUTRAL,3,306,244,87,3,False,True,False
403.94273376464844,REPLAY,NEUTRAL,3,306,244,87,3,False,True,False
403.9949035644531,REPLAY,NEUTRAL,3,306,244,87,3,False,True,False
404.0430603027344,REPLAY,NEUTRAL,3,306,244,87,3,False,True,False
404.09523010253906,REPLAY,NEUTRAL,3,306,244,87,3,False,True,False
404.1433868408203,REPLAY,NEUTRAL,3,306,244,87,3,False,True,False
404.195556640625,REPLAY,NEUTRAL,3,306,244,88,2,False,True,False
404.24371337890625,REPLAY,NEUTRAL,3,306,244,88,2,False,True,False
404.29588317871094,REPLAY,NEUTRAL,3,306,244,88,2,False,True,False
404.3440399169922,REPLAY,NEUTRAL,3,306,244,88,2,False,True,False
404.39219665527344,REPLAY,NEUTRAL,3,306,244,88,2,False,True,False
404.4443664550781,REPLAY,NEUTRAL,3,306,244,88,2,False,True,False
404.4925231933594,REPLAY,NEUTRAL,3,306,244,88,2,False,True,False
404.54469299316406,REPLAY,NEUTRAL,3,306,244,88,2,False,True,False
404.5928497314453,REPLAY,NEUTRAL,3,306,244,88,2,False,True,False
404.64501953125,REPLAY,NEUTRAL,3,306,244,88,2,False,True,False
404.69317626953125,REPLAY,NEUTRAL,3,306,244,88,2,False,True,False
404.74534606933594,REPLAY,NEUTRAL,3,306,244,88,2,False,True,False
404.7935028076172,REPLAY,NEUTRAL,3,306,244,88,2,False,True,False
404.8456726074219,REPLAY,NEUTRAL,3,306,244,88,2,False,True,False
404.8938293457031,REPLAY,NEUTRAL,3,306,244,88,3,False,True,False
404.9419860839844,REPLAY,NEUTRAL,3,306,244,88,3,False,True,False
404.99415588378906,REPLAY,NEUTRAL,3,306,244,88,3,False,True,False
405.0423126220703,REPLAY,NEUTRAL,3,306,244,88,3,False,True,False
405.094482421875,REPLAY,NEUTRAL,3,306,244,88,3,False,True,False
405.14263916015625,REPLAY,NEUTRAL,3,306,244,88,3,False,True,False
405.19480895996094,REPLAY,NEUTRAL,3,306,244,88,3,False,True,False
405.2429656982422,REPLAY,NEUTRAL,3,306,244,88,3,False,True,False
405.2951354980469,REPLAY,NEUTRAL,3,306,244,88,3,False,True,False
405.3432922363281,REPLAY,NEUTRAL,3,306,244,88,3,False,True,False
405.3954620361328,REPLAY,NEUTRAL,3,307,245,88,2,False,True,False
405.44361877441406,REPLAY,NEUTRAL,3,307,245,88,2,False,True,False
405.49578857421875,REPLAY,NEUTRAL,3,307,245,88,2,False,True,False
405.5439453125,REPLAY,NEUTRAL,3,307,245,88,2,False,True,False
405.59210205078125,REPLAY,NEUTRAL,3,307,245,88,2,False,True,False
405.64427185058594,REPLAY,NEUTRAL,3,307,245,88,2,False,True,False
405.6924285888672,REPLAY,NEUTRAL,3,307,245,88,2,False,True,False
405.7445983886719,REPLAY,NEUTRAL,3,307,245,88,2,False,True,False
405.7927551269531,REPLAY,NEUTRAL,3,307,245,88,2,False,True,False
405.8449249267578,REPLAY,NEUTRAL,3,307,245,88,2,False,True,False
405.89308166503906,REPLAY,NEUTRAL,3,307,245,88,2,False,True,False
405.94525146484375,REPLAY,NEUTRAL,3,307,245,88,3,False,True,False
405.993408203125,REPLAY,NEUTRAL,3,307,245,88,3,False,True,False
406.0455780029297,REPLAY,CLICK,3,309,246,88,2,False,True,False
406.09373474121094,REPLAY,NEUTRAL,3,309,246,88,2,False,True,False
406.1459045410156,REPLAY,NEUTRAL,3,309,246,88,2,False,True,False
406.1940612792969,REPLAY,NEUTRAL,3,309,246,88,2,False,True,False
406.2422180175781,REPLAY,NEUTRAL,3,309,246,88,2,False,True,False
406.2943878173828,REPLAY,NEUTRAL,3,309,246,88,2,False,True,False
406.34254455566406,REPLAY,NEUTRAL,3,309,246,88,2,False,True,False
406.39471435546875,REPLAY,NEUTRAL,3,309,246,88,2,False,True,False
406.44287109375,REPLAY,NEUTRAL,3,309,246,88,2,False,True,False
406.4950408935547,REPLAY,NEUTRAL,3,309,246,88,2,False,True,False
406.54319763183594,REPLAY,NEUTRAL,3,309,246,88,2,False,True,False
406.5953674316406,REPLAY,NEUTRAL,3,309,246,88,2,False,True,False
406.6435241699219,REPLAY,NEUTRAL,3,309,246,88,2,False,True,False
406.69569396972656,REPLAY,NEUTRAL,3,309,246,88,2,False,True,False
406.7438507080078,REPLAY,CLICK,3,311,247,88,1,False,True,False
406.79200744628906,REPLAY,NEUTRAL,3,311,247,88,1,False,True,False
406.84417724609375,REPLAY,NEUTRAL,3,311,247,88,1,False,True,False
406.892333984375,REPLAY,NEUTRAL,3,311,247,88,1,False,True,False
406.9445037841797,REPLAY,NEUTRAL,3,311,247,88,1,False,True,False
406.99266052246094,REPLAY,NEUTRAL,3,311,247,88,1,False,True,False
407.0448303222656,REPLAY,NEUTRAL,3,311,247,88,1,False,True,False
407.0929870605469,REPLAY,NEUTRAL,3,311,247,88,1,False,True,False
407.14515686035156,REPLAY,NEUTRAL,3,311,247,88,1,False,True,False
407.1933135986328,REPLAY,NEUTRAL,3,311,247,88,1,False,True,False
407.2454833984375,REPLAY,NEUTRAL,3,311,247,88,2,False,True,False
407.29364013671875,REPLAY,NEUTRAL,3,311,247,88,2,False,True,False
407.34580993652344,REPLAY,CLICK,3,313,248,88,1,False,True,False
407.3939666748047,REPLAY,NEUTRAL,3,313,248,88,1,False,True,False
407.44212341308594,REPLAY,NEUTRAL,3,313,248,88,1,False,True,False
407.4942932128906,REPLAY,NEUTRAL,3,313,248,88,1,False,True,False
407.5424499511719,REPLAY,NEUTRAL,3,313,248,88,1,False,True,False
407.59461975097656,REPLAY,NEUTRAL,3,313,248,88,1,False,True,False
407.6427764892578,REPLAY,NEUTRAL,3,313,248,88,1,False,True,False
407.6949462890625,REPLAY,NEUTRAL,3,313,248,88,1,False,True,False
407.74310302734375,REPLAY,NEUTRAL,3,313,248,88,1,False,True,False
407.79527282714844,REPLAY,NEUTRAL,3,313,248,88,1,False,True,False
407.8434295654297,REPLAY,NEUTRAL,3,313,248,88,1,False,True,False
407.8955993652344,REPLAY,NEUTRAL,3,313,248,89,0,False,True,False
407.9437561035156,REPLAY,NEUTRAL,3,313,248,89,0,False,True,False
407.9959259033203,REPLAY,CLICK,3,313,248,89,0,False,True,False
408.04408264160156,REPLAY,NEUTRAL,3,313,248,89,0,False,True,False
408.0922393798828,REPLAY,NEUTRAL,3,313,248,89,0,False,True,False
408.1444091796875,REPLAY,NEUTRAL,3,313,248,89,0,False,True,False
408.19256591796875,REPLAY,NEUTRAL,3,313,248,89,0,False,True,False
408.24473571777344,REPLAY,NEUTRAL,3,313,248,89,0,False,True,False
408.2928924560547,REPLAY,NEUTRAL,3,313,248,89,0,False,True,False
408.3450622558594,REPLAY,NEUTRAL,3,313,248,89,1,False,True,False
408.3932189941406,REPLAY,NEUTRAL,3,313,248,89,1,False,True,False
408.4453887939453,REPLAY,NEUTRAL,3,313,248,89,1,False,True,False
408.49354553222656,REPLAY,NEUTRAL,3,313,248,89,1,False,True,False
408.54571533203125,REPLAY,NEUTRAL,3,313,248,89,1,False,True,False
408.5938720703125,REPLAY,CLICK,3,315,249,89,0,False,True,False
408.64202880859375,REPLAY,NEUTRAL,3,315,249,89,0,False,True,False
408.69419860839844,REPLAY,NEUTRAL,3,315,249,89,0,False,True,False
408.7423553466797,REPLAY,NEUTRAL,3,315,249,89,0,False,True,False
408.7945251464844,REPLAY,NEUTRAL,3,315,249,89,0,False,True,False
408.8426818847656,REPLAY,NEUTRAL,3,315,249,89,0,False,True,False
408.8948516845703,REPLAY,NEUTRAL,3,315,249,89,0,False,True,False
408.94300842285156,REPLAY,NEUTRAL,3,315,249,89,0,False,True,False
408.99517822265625,REPLAY,NEUTRAL,3,315,249,89,0,False,True,False
409.0433349609375,REPLAY,NEUTRAL,3,315,249,89,0,False,True,False
409.0955047607422,REPLAY,NEUTRAL,3,315,249,89,0,False,True,False
409.14366149902344,REPLAY,NEUTRAL,3,315,249,89,0,False,True,False
409.1958312988281,REPLAY,CLICK,3,315,249,89,0,False,True,False
409.2439880371094,REPLAY,NEUTRAL,3,315,249,89,0,False,True,False
409.2921447753906,REPLAY,NEUTRAL,3,315,249,89,0,False,True,False
409.3443145751953,REPLAY,NEUTRAL,3,315,249,89,0,False,True,False
409.39247131347656,REPLAY,NEUTRAL,3,315,249,89,0,False,True,False
409.44464111328125,REPLAY,NEUTRAL,3,315,249,89,0,False,True,False
409.4927978515625,REPLAY,NEUTRAL,3,315,249,89,0,False,True,False
409.5449676513672,REPLAY,NEUTRAL,3,315,249,89,1,False,True,False
409.59312438964844,REPLAY,NEUTRAL,3,315,249,89,1,False,True,False
409.6452941894531,REPLAY,NEUTRAL,3,315,249,89,1,False,True,False
409.6934509277344,REPLAY,NEUTRAL,3,315,249,89,1,False,True,False
409.74562072753906,REPLAY,CLICK,3,317,250,89,0,False,True,False
409.7937774658203,REPLAY,NEUTRAL,3,317,250,89,0,False,True,False
409.845947265625,REPLAY,NEUTRAL,3,317,250,89,0,False,True,False
409.89410400390625,REPLAY,NEUTRAL,3,317,250,89,0,False,True,False
409.9422607421875,REPLAY,NEUTRAL,3,317,250,89,0,False,True,False
409.9944305419922,REPLAY,NEUTRAL,3,317,250,89,0,False,True,False
410.04258728027344,REPLAY,NEUTRAL,3,317,250,89,0,False,True,False
410.0947570800781,REPLAY,NEUTRAL,3,317,250,89,0,False,True,False
410.1429138183594,REPLAY,NEUTRAL,3,317,250,89,0,False,True,False
410.19508361816406,REPLAY,NEUTRAL,3,317,250,89,0,False,True,False
410.2432403564453,REPLAY,NEUTRAL,3,317,250,89,0,False,True,False
410.29541015625,REPLAY,NEUTRAL,3,317,250,89,0,False,True,False
410.34356689453125,REPLAY,CLICK,3,317,250,89,0,False,True,False
410.39573669433594,REPLAY,NEUTRAL,3,317,250,89,0,False,True,False
410.4438934326172,REPLAY,NEUTRAL,3,317,250,89,1,False,True,False
410.49205017089844,REPLAY,NEUTRAL,3,317,250,89,1,False,True,False
410.5442199707031,REPLAY,NEUTRAL,3,317,250,89,1,False,True,False
410.5923767089844,REPLAY,NEUTRAL,3,317,250,89,1,False,True,False
410.64454650878906,REPLAY,NEUTRAL,3,317,250,89,1,False,True,False
410.6927032470703,REPLAY,NEUTRAL,3,317,250,89,1,False,True,False
410.744873046875,REPLAY,NEUTRAL,3,317,250,89,1,False,True,False
410.79302978515625,REPLAY,NEUTRAL,3,317,250,89,1,False,True,False
410.84519958496094,REPLAY,NEUTRAL,3,317,250,89,1,False,True,False
410.8933563232422,REPLAY,NEUTRAL,3,317,250,89,1,False,True,False
410.9455261230469,REPLAY,CLICK,3,319,251,89,0,False,True,False
410.9936828613281,REPLAY,NEUTRAL,3,319,251,89,0,False,True,False
411.0458526611328,REPLAY,NEUTRAL,3,319,251,89,0,False,True,False
411.09400939941406,REPLAY,NEUTRAL,3,319,251,89,0,False,True,False
411.1421661376953,REPLAY,NEUTRAL,3,319,251,89,0,False,True,False
411.1943359375,REPLAY,NEUTRAL,3,319,251,89,0,False,True,False
411.24249267578125,REPLAY,NEUTRAL,3,319,251,89,0,False,True,False
411.29466247558594,REPLAY,NEUTRAL,3,319,251,89,0,False,True,False
411.3428192138672,REPLAY,NEUTRAL,3,319,251,89,0,False,True,False
411.3949890136719,REPLAY,NEUTRAL,3,319,251,89,0,False,True,False
411.4431457519531,REPLAY,NEUTRAL,3,319,251,89,0,False,True,False
411.4953155517578,REPLAY,NEUTRAL,3,319,251,89,0,False,True,False
411.54347229003906,REPLAY,CLICK,3,319,251,89,0,False,True,False
411.59564208984375,REPLAY,NEUTRAL,3,319,251,89,0,False,True,False
411.643798828125,REPLAY,NEUTRAL,3,319,251,89,1,False,True,False
411.6959686279297,REPLAY,NEUTRAL,3,319,251,89,1,False,True,False
411.74412536621094,REPLAY,NEUTRAL,3,319,251,89,1,False,True,False
411.7922821044922,REPLAY,NEUTRAL,3,319,251,89,1,False,True,False
411.8444519042969,REPLAY,NEUTRAL,3,319,251,89,1,False,True,False
411.8926086425781,REPLAY,NEUTRAL,3,319,251,89,1,False,True,False
411.9447784423828,REPLAY,NEUTRAL,3,319,251,89,1,False,True,False
411.99293518066406,REPLAY,NEUTRAL,3,319,251,89,1,False,True,False
412.04510498046875,REPLAY,NEUTRAL,3,319,251,89,1,False,True,False
412.09326171875,REPLAY,NEUTRAL,3,319,251,89,1,False,True,False
412.1454315185547,REPLAY,NEUTRAL,3,319,251,89,1,False,True,False
412.19358825683594,REPLAY,CLICK,3,321,252,89,0,False,True,False
412.2457580566406,REPLAY,NEUTRAL,3,321,252,89,0,False,True,False
412.2939147949219,REPLAY,NEUTRAL,3,321,252,89,0,False,True,False
412.3420715332031,REPLAY,NEUTRAL,3,321,252,89,0,False,True,False
412.3942413330078,REPLAY,NEUTRAL,3,321,252,89,0,False,True,False
412.44239807128906,REPLAY,NEUTRAL,3,321,252,89,0,False,True,False
412.49456787109375,REPLAY,NEUTRAL,3,321,252,89,0,False,True,False
412.542724609375,REPLAY,NEUTRAL,3,321,252,89,0,False,True,False
412.5948944091797,REPLAY,NEUTRAL,3,321,252,89,0,False,True,False
412.64305114746094,REPLAY,NEUTRAL,3,321,252,89,1,False,True,False
412.6952209472656,REPLAY,NEUTRAL,3,321,252,89,1,False,True,False
412.7433776855469,REPLAY,NEUTRAL,3,321,252,89,1,False,True,False
412.79554748535156,REPLAY,CLICK,3,323,253,89,0,False,True,False
412.8437042236328,REPLAY,NEUTRAL,3,323,253,89,0,False,True,False
412.8958740234375,REPLAY,NEUTRAL,3,323,253,89,0,False,True,False
412.94403076171875,REPLAY,NEUTRAL,3,323,253,89,0,False,True,False
412.9921875,REPLAY,NEUTRAL,3,323,253,89,0,False,True,False
413.0443572998047,REPLAY,NEUTRAL,3,323,253,89,0,False,True,False
413.09251403808594,REPLAY,NEUTRAL,3,323,253,89,0,False,True,False
413.1446838378906,REPLAY,NEUTRAL,3,323,253,89,0,False,True,False
413.1928405761719,REPLAY,NEUTRAL,3,323,253,89,0,False,True,False
413.24501037597656,REPLAY,NEUTRAL,3,323,253,89,0,False,True,False
413.2931671142578,REPLAY,NEUTRAL,3,323,253,89,0,False,True,False
413.3453369140625,REPLAY,NEUTRAL,3,323,253,89,0,False,True,False
413.39349365234375,REPLAY,CLICK,3,323,253,89,0,False,True,False
413.44566345214844,REPLAY,NEUTRAL,3,323,253,89,0,False,True,False
413.4938201904297,REPLAY,NEUTRAL,3,323,253,89,0,False,True,False
413.54197692871094,REPLAY,NEUTRAL,3,323,253,89,0,False,True,False
413.5941467285156,REPLAY,NEUTRAL,3,323,253,89,0,False,True,False
413.6423034667969,REPLAY,NEUTRAL,3,323,253,89,0,False,True,False
413.69447326660156,REPLAY,NEUTRAL,3,323,253,89,0,False,True,False
413.7426300048828,REPLAY,NEUTRAL,3,323,253,89,1,False,True,False
413.7947998046875,REPLAY,NEUTRAL,3,323,253,89,1,False,True,False
413.84295654296875,REPLAY,NEUTRAL,3,323,253,89,1,False,True,False
413.89512634277344,REPLAY,NEUTRAL,3,323,253,89,1,False,True,False
413.9432830810547,REPLAY,NEUTRAL,3,323,253,89,1,False,True,False
413.9954528808594,REPLAY,CLICK,3,325,254,89,0,False,True,False
414.0436096191406,REPLAY,NEUTRAL,3,325,254,89,0,False,True,False
414.0957794189453,REPLAY,NEUTRAL,3,325,254,89,0,False,True,False
414.14393615722656,REPLAY,NEUTRAL,3,325,254,89,0,False,True,False
414.1920928955078,REPLAY,NEUTRAL,3,325,254,89,0,False,True,False
414.2442626953125,REPLAY,NEUTRAL,3,325,254,89,0,False,True,False
414.29241943359375,REPLAY,NEUTRAL,3,325,254,89,0,False,True,False
414.34458923339844,REPLAY,NEUTRAL,3,325,254,89,0,False,True,False
414.3927459716797,REPLAY,NEUTRAL,3,325,254,89,0,False,True,False
414.4449157714844,REPLAY,NEUTRAL,3,325,254,89,0,False,True,False
414.4930725097656,REPLAY,NEUTRAL,3,325,254,89,0,False,True,False
414.5452423095703,REPLAY,NEUTRAL,3,325,254,89,0,False,True,False
414.59339904785156,REPLAY,NEUTRAL,3,325,254,89,0,False,True,False
414.64556884765625,REPLAY,NEUTRAL,3,325,254,89,0,False,True,False
414.6937255859375,REPLAY,NEUTRAL,3,325,254,89,0,False,True,False
414.7458953857422,REPLAY,NEUTRAL,3,325,254,89,0,False,True,False
414.79405212402344,REPLAY,NEUTRAL,3,325,254,89,0,False,True,False
414.8422088623047,REPLAY,NEUTRAL,3,325,254,89,0,False,True,False
414.8943786621094,REPLAY,NEUTRAL,3,325,254,89,0,False,True,False
414.9425354003906,REPLAY,NEUTRAL,3,325,254,89,0,False,True,False
414.9947052001953,REPLAY,NEUTRAL,3,325,254,89,0,False,True,False
415.04286193847656,REPLAY,NEUTRAL,3,325,254,89,0,False,True,False
415.09503173828125,REPLAY,NEUTRAL,3,325,254,89,1,False,True,False
415.1431884765625,REPLAY,NEUTRAL,3,325,254,89,1,False,True,False
415.1953582763672,REPLAY,NEUTRAL,3,325,254,89,1,False,True,False
415.24351501464844,REPLAY,NEUTRAL,3,325,254,89,1,False,True,False
415.2956848144531,REPLAY,NEUTRAL,3,325,254,89,1,False,True,False
415.3438415527344,REPLAY,NEUTRAL,3,325,254,89,1,False,True,False
415.3919982910156,REPLAY,NEUTRAL,3,325,254,89,1,False,True,False
415.4441680908203,REPLAY,NEUTRAL,3,325,254,89,1,False,True,False
415.49232482910156,REPLAY,NEUTRAL,3,325,254,89,1,False,True,False
415.54449462890625,REPLAY,NEUTRAL,3,325,254,89,1,False,True,False
415.5926513671875,REPLAY,NEUTRAL,3,325,254,89,1,False,True,False
415.6448211669922,REPLAY,NEUTRAL,3,325,254,89,1,False,True,False
415.69297790527344,REPLAY,NEUTRAL,3,325,254,89,1,False,True,False
415.7451477050781,REPLAY,NEUTRAL,3,325,254,89,1,False,True,False
415.7933044433594,REPLAY,NEUTRAL,3,325,254,89,1,False,True,False
415.84547424316406,REPLAY,NEUTRAL,3,325,254,89,1,False,True,False
415.8936309814453,REPLAY,NEUTRAL,3,325,254,89,1,False,True,False
415.94580078125,REPLAY,NEUTRAL,3,325,254,89,1,False,True,False
415.99395751953125,REPLAY,NEUTRAL,3,325,254,89,1,False,True,False
416.0421142578125,REPLAY,NEUTRAL,3,325,254,89,1,False,True,False
416.0942840576172,REPLAY,NEUTRAL,3,325,254,89,1,False,True,False
416.14244079589844,REPLAY,NEUTRAL,3,325,254,89,1,False,True,False
416.1946105957031,REPLAY,NEUTRAL,3,325,254,89,1,False,True,False
416.2427673339844,REPLAY,NEUTRAL,3,325,254,89,1,False,True,False
416.29493713378906,REPLAY,NEUTRAL,3,325,254,89,1,False,True,False
416.3430938720703,REPLAY,NEUTRAL,3,325,254,89,1,False,True,False
416.395263671875,REPLAY,NEUTRAL,3,325,254,89,1,False,True,False
416.44342041015625,REPLAY,NEUTRAL,3,325,254,89,1,False,True,False
416.49559020996094,REPLAY,NEUTRAL,3,325,254,89,1,False,True,False
416.5437469482422,REPLAY,NEUTRAL,3,325,254,89,1,False,True,False
416.5959167480469,REPLAY,NEUTRAL,3,325,254,89,1,False,True,False
416.6440734863281,REPLAY,NEUTRAL,3,325,254,89,1,False,True,False
416.6922302246094,REPLAY,NEUTRAL,3,325,254,89,2,False,True,False
416.74440002441406,REPLAY,NEUTRAL,3,325,254,89,2,False,True,False
416.7925567626953,REPLAY,NEUTRAL,3,325,254,89,2,False,True,False
416.8447265625,REPLAY,NEUTRAL,3,325,254,89,2,False,True,False
416.89288330078125,REPLAY,NEUTRAL,3,325,254,89,2,False,True,False
416.94505310058594,REPLAY,NEUTRAL,3,325,254,89,2,False,True,False
416.9932098388672,REPLAY,NEUTRAL,3,325,254,89,2,False,True,False
417.0453796386719,REPLAY,NEUTRAL,3,325,254,89,2,False,True,False
417.0935363769531,REPLAY,NEUTRAL,3,325,254,89,2,False,True,False
417.1457061767578,REPLAY,NEUTRAL,3,325,254,89,2,False,True,False
417.19386291503906,REPLAY,NEUTRAL,3,325,254,89,2,False,True,False
417.2420196533203,REPLAY,NEUTRAL,3,325,254,89,2,False,True,False
417.294189453125,REPLAY,NEUTRAL,3,325,254,89,2,False,True,False
417.34234619140625,REPLAY,NEUTRAL,3,325,254,89,2,False,True,False
417.39451599121094,REPLAY,NEUTRAL,3,325,254,89,2,False,True,False
417.4426727294922,REPLAY,NEUTRAL,3,325,254,89,2,False,True,False
417.4948425292969,REPLAY,NEUTRAL,3,325,254,89,3,False,True,False
417.5429992675781,REPLAY,NEUTRAL,3,325,254,89,3,False,True,False
417.5951690673828,REPLAY,NEUTRAL,3,325,254,89,3,False,True,False
417.64332580566406,REPLAY,NEUTRAL,3,325,254,89,3,False,True,False
417.69549560546875,REPLAY,NEUTRAL,3,325,254,89,3,False,True,False
417.74365234375,REPLAY,NEUTRAL,3,325,254,89,3,False,True,False
417.7958221435547,REPLAY,NEUTRAL,3,325,254,89,3,False,True,False
417.84397888183594,REPLAY,NEUTRAL,3,325,254,89,3,False,True,False
417.8921356201172,REPLAY,NEUTRAL,3,325,254,89,3,False,True,False
417.9443054199219,REPLAY,NEUTRAL,3,325,254,89,3,False,True,False
417.9924621582031,REPLAY,NEUTRAL,3,325,254,89,3,False,True,False
418.0446319580078,REPLAY,NEUTRAL,3,325,254,89,3,False,True,False
418.09278869628906,REPLAY,NEUTRAL,3,325,254,89,3,False,True,False
418.14495849609375,REPLAY,NEUTRAL,3,325,254,89,3,False,True,False
418.193115234375,REPLAY,NEUTRAL,3,325,254,89,3,False,True,False
418.2452850341797,REPLAY,NEUTRAL,3,325,254,89,3,False,True,False
418.29344177246094,REPLAY,NEUTRAL,3,326,255,89,2,False,True,False
418.3456115722656,REPLAY,NEUTRAL,3,326,255,89,2,False,True,False
418.3937683105469,REPLAY,NEUTRAL,3,326,255,89,2,False,True,False
418.44593811035156,REPLAY,NEUTRAL,3,326,255,89,2,False,True,False
418.4940948486328,REPLAY,NEUTRAL,3,326,255,89,2,False,True,False
418.54225158691406,REPLAY,NEUTRAL,3,326,255,89,2,False,True,False
418.59442138671875,REPLAY,NEUTRAL,3,326,255,89,2,False,True,False
418.642578125,REPLAY,NEUTRAL,3,326,255,89,2,False,True,False
418.6947479248047,REPLAY,NEUTRAL,3,326,255,89,2,False,True,False
418.74290466308594,REPLAY,NEUTRAL,3,326,255,89,2,False,True,False
418.7950744628906,REPLAY,NEUTRAL,3,326,255,89,2,False,True,False
418.8432312011719,REPLAY,NEUTRAL,3,326,255,89,2,False,True,False
418.89540100097656,REPLAY,NEUTRAL,3,326,255,89,2,False,True,False
418.9435577392578,REPLAY,NEUTRAL,3,326,255,89,2,False,True,False
418.9957275390625,REPLAY,NEUTRAL,3,326,255,89,3,False,True,False
419.04388427734375,REPLAY,NEUTRAL,3,326,255,89,3,False,True,False
419.092041015625,REPLAY,NEUTRAL,3,326,255,89,3,False,True,False
419.1442108154297,REPLAY,NEUTRAL,3,326,255,89,3,False,True,False
419.19236755371094,REPLAY,NEUTRAL,3,326,255,89,3,False,True,False
419.2445373535156,REPLAY,NEUTRAL,3,326,255,89,3,False,True,False
419.2926940917969,REPLAY,NEUTRAL,3,326,255,89,3,False,True,False
419.34486389160156,REPLAY,NEUTRAL,3,326,255,89,3,False,True,False
419.3930206298828,REPLAY,NEUTRAL,3,326,255,89,3,False,True,False
419.4451904296875,REPLAY,NEUTRAL,3,327,256,89,2,False,True,False
419.49334716796875,REPLAY,NEUTRAL,3,327,256,89,2,False,True,False
419.54551696777344,REPLAY,NEUTRAL,3,327,256,89,2,False,True,False
419.5936737060547,REPLAY,NEUTRAL,3,327,256,89,2,False,True,False
419.6458435058594,REPLAY,NEUTRAL,3,327,256,89,2,False,True,False
419.6940002441406,REPLAY,NEUTRAL,3,327,256,89,2,False,True,False
419.7421569824219,REPLAY,NEUTRAL,3,327,256,89,2,False,True,False
419.79432678222656,REPLAY,NEUTRAL,3,327,256,89,2,False,True,False
419.8424835205078,REPLAY,NEUTRAL,3,327,256,89,2,False,True,False
419.8946533203125,REPLAY,NEUTRAL,3,327,256,89,2,False,True,False
419.94281005859375,REPLAY,NEUTRAL,3,327,256,89,2,False,True,False
419.99497985839844,REPLAY,NEUTRAL,3,327,256,89,2,False,True,False
420.0431365966797,REPLAY,NEUTRAL,3,327,256,89,2,False,True,False
420.0953063964844,REPLAY,NEUTRAL,3,327,256,89,2,False,True,False
420.1434631347656,REPLAY,NEUTRAL,3,327,256,89,2,False,True,False
420.1956329345703,REPLAY,NEUTRAL,3,327,256,89,2,False,True,False
420.24378967285156,REPLAY,NEUTRAL,3,327,256,89,3,False,True,False
420.29595947265625,REPLAY,NEUTRAL,3,328,257,89,2,False,True,False
420.3441162109375,REPLAY,NEUTRAL,3,328,257,89,2,False,True,False
420.39227294921875,REPLAY,NEUTRAL,3,328,257,89,2,False,True,False
420.44444274902344,REPLAY,NEUTRAL,3,328,257,89,2,False,True,False
420.4925994873047,REPLAY,NEUTRAL,3,328,257,89,2,False,True,False
420.5447692871094,REPLAY,NEUTRAL,3,328,257,89,2,False,True,False
420.5929260253906,REPLAY,NEUTRAL,3,328,257,89,2,False,True,False
420.6450958251953,REPLAY,NEUTRAL,3,328,257,89,2,False,True,False
420.69325256347656,REPLAY,NEUTRAL,3,328,257,89,2,False,True,False
420.74542236328125,REPLAY,NEUTRAL,3,328,257,89,2,False,True,False
420.7935791015625,REPLAY,NEUTRAL,3,328,257,89,2,False,True,False
420.8457489013672,REPLAY,NEUTRAL,3,328,257,89,2,False,True,False
420.89390563964844,REPLAY,NEUTRAL,3,328,257,89,2,False,True,False
420.9420623779297,REPLAY,NEUTRAL,3,328,257,89,2,False,True,False
420.9942321777344,REPLAY,NEUTRAL,3,328,257,89,2,False,True,False
421.0423889160156,REPLAY,NEUTRAL,3,328,257,89,2,False,True,False
421.0945587158203,REPLAY,NEUTRAL,3,328,257,89,2,False,True,False
421.14271545410156,REPLAY,NEUTRAL,3,328,257,89,2,False,True,False
421.19488525390625,REPLAY,NEUTRAL,3,328,257,89,2,False,True,False
421.23902893066406,REPLAY,NEUTRAL,3,328,257,89,2,False,True,False
