family,filename,file_path,parsed_date,session_rank,split_role,coarse_label,coarse_segment_index,event_id,event_index_within_segment,event_source,state_label,start_sample,end_sample,start_time_sec,end_time_sec,duration_sec,peak_sample,peak_height,peak_prominence
jaw,HR-2-27-26-(01).csv,/Users/yanivnaggar/Desktop/Spring 2026/IS/OPENBCI_runs/Yaniv/HR-2-27-26-(01).csv,2026-02-27,1,train,HOLD,1,0,0,hold_marker_edges,ONSET,11363,11412,45.58687233924866,45.783453941345215,0.2005934715270996,,,
jaw,HR-2-27-26-(01).csv,/Users/yanivnaggar/Desktop/Spring 2026/IS/OPENBCI_runs/Yaniv/HR-2-27-26-(01).csv,2026-02-27,1,train,HOLD,1,0,0,hold_marker_edges,ACTIVE,11413,13356,45.78746581077576,53.58252811431885,7.799074172973633,,,
jaw,HR-2-27-26-(01).csv,/Users/yanivnaggar/Desktop/Spring 2026/IS/OPENBCI_runs/Yaniv/HR-2-27-26-(01).csv,2026-02-27,1,train,HOLD,1,0,0,hold_marker_edges,OFFSET,13357,13406,53.58653998374939,53.78312158584595,0.2005934715270996,,,
jaw,HR-2-27-26-(01).csv,/Users/yanivnaggar/Desktop/Spring 2026/IS/OPENBCI_runs/Yaniv/HR-2-27-26-(01).csv,2026-02-27,1,train,REPEATED,3,1,0,repeated_peaks,ONSET,14938,14965,59.92930555343628,60.03762602806091,0.11233234405517578,14986.0,1.0560387055725784,0.8246333962517713
jaw,HR-2-27-26-(01).csv,/Users/yanivnaggar/Desktop/Spring 2026/IS/OPENBCI_runs/Yaniv/HR-2-27-26-(01).csv,2026-02-27,1,train,REPEATED,3,1,0,repeated_peaks,ACTIVE,14966,15002,60.041637897491455,60.18606519699097,0.1484391689300537,14986.0,1.0560387055725784,0.8246333962517713
jaw,HR-2-27-26-(01).csv,/Users/yanivnaggar/Desktop/Spring 2026/IS/OPENBCI_runs/Yaniv/HR-2-27-26-(01).csv,2026-02-27,1,train,REPEATED,3,1,0,repeated_peaks,OFFSET,15003,15031,60.19007706642151,60.302409410476685,0.11634421348571777,14986.0,1.0560387055725784,0.8246333962517713
jaw,HR-2-27-26-(01).csv,/Users/yanivnaggar/Desktop/Spring 2026/IS/OPENBCI_runs/Yaniv/HR-2-27-26-(01).csv,2026-02-27,1,train,REPEATED,3,2,1,repeated_peaks,ONSET,15078,15110,60.49096727371216,60.6193470954895,0.13239169120788574,15136.0,0.7981642935937255,0.4970379355788309
jaw,HR-2-27-26-(01).csv,/Users/yanivnaggar/Desktop/Spring 2026/IS/OPENBCI_runs/Yaniv/HR-2-27-26-(01).csv,2026-02-27,1,train,REPEATED,3,2,1,repeated_peaks,ACTIVE,15111,15147,60.623358964920044,60.767786264419556,0.1484391689300537,15136.0,0.7981642935937255,0.4970379355788309
jaw,HR-2-27-26-(01).csv,/Users/yanivnaggar/Desktop/Spring 2026/IS/OPENBCI_runs/Yaniv/HR-2-27-26-(01).csv,2026-02-27,1,train,REPEATED,3,2,1,repeated_peaks,OFFSET,15148,15181,60.7717981338501,60.90418982505798,0.13640356063842773,15136.0,0.7981642935937255,0.4970379355788309
jaw,HR-2-27-26-(01).csv,/Users/yanivnaggar/Desktop/Spring 2026/IS/OPENBCI_runs/Yaniv/HR-2-27-26-(01).csv,2026-02-27,1,train,REPEATED,3,3,2,repeated_peaks,ONSET,15210,15254,61.0205340385437,61.19705629348755,0.18053412437438965,15271.0,1.343514091208499,1.075188460569785
jaw,HR-2-27-26-(01).csv,/Users/yanivnaggar/Desktop/Spring 2026/IS/OPENBCI_runs/Yaniv/HR-2-27-26-(01).csv,2026-02-27,1,train,REPEATED,3,3,2,repeated_peaks,ACTIVE,15255,15300,61.20106816291809,61.38160228729248,0.18454599380493164,15271.0,1.343514091208499,1.075188460569785
jaw,HR-2-27-26-(01).csv,/Users/yanivnaggar/Desktop/Spring 2026/IS/OPENBCI_runs/Yaniv/HR-2-27-26-(01).csv,2026-02-27,1,train,REPEATED,3,3,2,repeated_peaks,OFFSET,15301,15345,61.38561415672302,61.56213641166687,0.18053412437438965,15271.0,1.343514091208499,1.075188460569785
jaw,HR-2-27-26-(01).csv,/Users/yanivnaggar/Desktop/Spring 2026/IS/OPENBCI_runs/Yaniv/HR-2-27-26-(01).csv,2026-02-27,1,train,REPEATED,3,4,3,repeated_peaks,ONSET,15348,15391,61.574172019958496,61.7466824054718,0.17652225494384766,15422.0,1.1292151700510575,0.7970869758266492
jaw,HR-2-27-26-(01).csv,/Users/yanivnaggar/Desktop/Spring 2026/IS/OPENBCI_runs/Yaniv/HR-2-27-26-(01).csv,2026-02-27,1,train,REPEATED,3,4,3,repeated_peaks,ACTIVE,15392,15437,61.750694274902344,61.93122839927673,0.18454599380493164,15422.0,1.1292151700510575,0.7970869758266492
jaw,HR-2-27-26-(01).csv,/Users/yanivnaggar/Desktop/Spring 2026/IS/OPENBCI_runs/Yaniv/HR-2-27-26-(01).csv,2026-02-27,1,train,REPEATED,3,4,3,repeated_peaks,OFFSET,15438,15481,61.935240268707275,62.10775065422058,0.17652225494384766,15422.0,1.1292151700510575,0.7970869758266492
jaw,HR-2-27-26-(01).csv,/Users/yanivnaggar/Desktop/Spring 2026/IS/OPENBCI_runs/Yaniv/HR-2-27-26-(01).csv,2026-02-27,1,train,REPEATED,3,5,4,repeated_peaks,ONSET,15495,15541,62.16391682624817,62.3484628200531,0.18855786323547363,15567.0,1.163507408622478,0.8535780623974064
jaw,HR-2-27-26-(01).csv,/Users/yanivnaggar/Desktop/Spring 2026/IS/OPENBCI_runs/Yaniv/HR-2-27-26-(01).csv,2026-02-27,1,train,REPEATED,3,5,4,repeated_peaks,ACTIVE,15542,15590,62.35247468948364,62.545044422149665,0.19658160209655762,15567.0,1.163507408622478,0.8535780623974064
jaw,HR-2-27-26-(01).csv,/Users/yanivnaggar/Desktop/Spring 2026/IS/OPENBCI_runs/Yaniv/HR-2-27-26-(01).csv,2026-02-27,1,train,REPEATED,3,5,4,repeated_peaks,OFFSET,15591,15637,62.54905629158021,62.73360228538514,0.18855786323547363,15567.0,1.163507408622478,0.8535780623974064
jaw,HR-2-27-26-(01).csv,/Users/yanivnaggar/Desktop/Spring 2026/IS/OPENBCI_runs/Yaniv/HR-2-27-26-(01).csv,2026-02-27,1,train,REPEATED,3,6,5,repeated_peaks,ONSET,15668,15711,62.85797023773194,63.030480623245246,0.17652225494384766,15728.0,1.0280453870702257,0.6755199289159999
jaw,HR-2-27-26-(01).csv,/Users/yanivnaggar/Desktop/Spring 2026/IS/OPENBCI_runs/Yaniv/HR-2-27-26-(01).csv,2026-02-27,1,train,REPEATED,3,6,5,repeated_peaks,ACTIVE,15712,15756,63.03449249267579,63.211014747619636,0.18053412437438965,15728.0,1.0280453870702257,0.6755199289159999
jaw,HR-2-27-26-(01).csv,/Users/yanivnaggar/Desktop/Spring 2026/IS/OPENBCI_runs/Yaniv/HR-2-27-26-(01).csv,2026-02-27,1,train,REPEATED,3,6,5,repeated_peaks,OFFSET,15757,15800,63.21502661705018,63.387537002563484,0.17652225494384766,15728.0,1.0280453870702257,0.6755199289159999
jaw,HR-2-27-26-(01).csv,/Users/yanivnaggar/Desktop/Spring 2026/IS/OPENBCI_runs/Yaniv/HR-2-27-26-(01).csv,2026-02-27,1,train,REPEATED,3,7,6,repeated_peaks,ONSET,15802,15849,63.39556074142457,63.58411860466004,0.19256973266601562,15875.0,1.268988174834116,0.9548954401472625
jaw,HR-2-27-26-(01).csv,/Users/yanivnaggar/Desktop/Spring 2026/IS/OPENBCI_runs/Yaniv/HR-2-27-26-(01).csv,2026-02-27,1,train,REPEATED,3,7,6,repeated_peaks,ACTIVE,15850,15899,63.58813047409058,63.78471207618714,0.2005934715270996,15875.0,1.268988174834116,0.9548954401472625
jaw,HR-2-27-26-(01).csv,/Users/yanivnaggar/Desktop/Spring 2026/IS/OPENBCI_runs/Yaniv/HR-2-27-26-(01).csv,2026-02-27,1,train,REPEATED,3,7,6,repeated_peaks,OFFSET,15900,15947,63.78872394561768,63.97728180885316,0.19256973266601562,15875.0,1.268988174834116,0.9548954401472625
jaw,HR-2-27-26-(01).csv,/Users/yanivnaggar/Desktop/Spring 2026/IS/OPENBCI_runs/Yaniv/HR-2-27-26-(01).csv,2026-02-27,1,train,REPEATED,3,8,7,repeated_peaks,ONSET,15970,16018,64.06955480575562,64.26212453842163,0.19658160209655762,16039.0,1.3121578739753283,1.0085849865265377
jaw,HR-2-27-26-(01).csv,/Users/yanivnaggar/Desktop/Spring 2026/IS/OPENBCI_runs/Yaniv/HR-2-27-26-(01).csv,2026-02-27,1,train,REPEATED,3,8,7,repeated_peaks,ACTIVE,16019,16068,64.26613640785217,64.46271800994873,0.2005934715270996,16039.0,1.3121578739753283,1.0085849865265377
jaw,HR-2-27-26-(01).csv,/Users/yanivnaggar/Desktop/Spring 2026/IS/OPENBCI_runs/Yaniv/HR-2-27-26-(01).csv,2026-02-27,1,train,REPEATED,3,8,7,repeated_peaks,OFFSET,16069,16117,64.46672987937927,64.65929961204529,0.19658160209655762,16039.0,1.3121578739753283,1.0085849865265377
jaw,HR-2-27-26-(01).csv,/Users/yanivnaggar/Desktop/Spring 2026/IS/OPENBCI_runs/Yaniv/HR-2-27-26-(01).csv,2026-02-27,1,train,REPEATED,3,9,8,repeated_peaks,ONSET,16119,16167,64.66732335090637,64.85989308357239,0.19658160209655762,16197.0,1.133324085278789,0.7910513644962224
jaw,HR-2-27-26-(01).csv,/Users/yanivnaggar/Desktop/Spring 2026/IS/OPENBCI_runs/Yaniv/HR-2-27-26-(01).csv,2026-02-27,1,train,REPEATED,3,9,8,repeated_peaks,ACTIVE,16168,16216,64.86390495300293,65.05647468566895,0.19658160209655762,16197.0,1.133324085278789,0.7910513644962224
jaw,HR-2-27-26-(01).csv,/Users/yanivnaggar/Desktop/Spring 2026/IS/OPENBCI_runs/Yaniv/HR-2-27-26-(01).csv,2026-02-27,1,train,REPEATED,3,9,8,repeated_peaks,OFFSET,16217,16265,65.06048655509949,65.2530562877655,0.19658160209655762,16197.0,1.133324085278789,0.7910513644962224
jaw,HR-2-27-26-(01).csv,/Users/yanivnaggar/Desktop/Spring 2026/IS/OPENBCI_runs/Yaniv/HR-2-27-26-(01).csv,2026-02-27,1,train,REPEATED,3,10,9,repeated_peaks,ONSET,16281,16322,65.31724619865417,65.4817328453064,0.16849851608276367,16350.0,0.9488150350759154,0.63074042684363
jaw,HR-2-27-26-(01).csv,/Users/yanivnaggar/Desktop/Spring 2026/IS/OPENBCI_runs/Yaniv/HR-2-27-26-(01).csv,2026-02-27,1,train,REPEATED,3,10,9,repeated_peaks,ACTIVE,16323,16366,65.48574471473694,65.65825510025024,0.17652225494384766,16350.0,0.9488150350759154,0.63074042684363
jaw,HR-2-27-26-(01).csv,/Users/yanivnaggar/Desktop/Spring 2026/IS/OPENBCI_runs/Yaniv/HR-2-27-26-(01).csv,2026-02-27,1,train,REPEATED,3,10,9,repeated_peaks,OFFSET,16367,16408,65.66226696968079,65.82675361633301,0.16849851608276367,16350.0,0.9488150350759154,0.63074042684363
jaw,HR-2-27-26-(01).csv,/Users/yanivnaggar/Desktop/Spring 2026/IS/OPENBCI_runs/Yaniv/HR-2-27-26-(01).csv,2026-02-27,1,train,REPEATED,3,11,10,repeated_peaks,ONSET,16424,16464,65.89094352722168,66.05141830444336,0.16448664665222168,16485.0,1.3090962377387045,1.0179392838181456
jaw,HR-2-27-26-(01).csv,/Users/yanivnaggar/Desktop/Spring 2026/IS/OPENBCI_runs/Yaniv/HR-2-27-26-(01).csv,2026-02-27,1,train,REPEATED,3,11,10,repeated_peaks,ACTIVE,16465,16505,66.0554301738739,66.21590495109558,0.16448664665222168,16485.0,1.3090962377387045,1.0179392838181456
jaw,HR-2-27-26-(01).csv,/Users/yanivnaggar/Desktop/Spring 2026/IS/OPENBCI_runs/Yaniv/HR-2-27-26-(01).csv,2026-02-27,1,train,REPEATED,3,11,10,repeated_peaks,OFFSET,16506,16546,66.21991682052612,66.3803915977478,0.16448664665222168,16485.0,1.3090962377387045,1.0179392838181456
jaw,HR-2-27-26-(01).csv,/Users/yanivnaggar/Desktop/Spring 2026/IS/OPENBCI_runs/Yaniv/HR-2-27-26-(01).csv,2026-02-27,1,train,REPEATED,3,12,11,repeated_peaks,ONSET,16574,16613,66.49272394180298,66.64918684959412,0.1604747772216797,16634.0,1.115349134623146,0.838742575974075
jaw,HR-2-27-26-(01).csv,/Users/yanivnaggar/Desktop/Spring 2026/IS/OPENBCI_runs/Yaniv/HR-2-27-26-(01).csv,2026-02-27,1,train,REPEATED,3,12,11,repeated_peaks,ACTIVE,16614,16653,66.65319871902466,66.8096616268158,0.1604747772216797,16634.0,1.115349134623146,0.838742575974075
jaw,HR-2-27-26-(01).csv,/Users/yanivnaggar/Desktop/Spring 2026/IS/OPENBCI_runs/Yaniv/HR-2-27-26-(01).csv,2026-02-27,1,train,REPEATED,3,12,11,repeated_peaks,OFFSET,16654,16693,66.81367349624634,66.97013640403748,0.1604747772216797,16634.0,1.115349134623146,0.838742575974075
jaw,HR-2-27-26-(01).csv,/Users/yanivnaggar/Desktop/Spring 2026/IS/OPENBCI_runs/Yaniv/HR-2-27-26-(01).csv,2026-02-27,1,train,HOLD,5,13,0,hold_marker_edges,ONSET,20727,20776,83.15401768684387,83.35059928894043,0.2005934715270996,,,
jaw,HR-2-27-26-(01).csv,/Users/yanivnaggar/Desktop/Spring 2026/IS/OPENBCI_runs/Yaniv/HR-2-27-26-(01).csv,2026-02-27,1,train,HOLD,5,13,0,hold_marker_edges,ACTIVE,20777,22778,83.35461115837097,91.3823618888855,8.031762599945068,,,
jaw,HR-2-27-26-(01).csv,/Users/yanivnaggar/Desktop/Spring 2026/IS/OPENBCI_runs/Yaniv/HR-2-27-26-(01).csv,2026-02-27,1,train,HOLD,5,13,0,hold_marker_edges,OFFSET,22779,22828,91.38637375831604,91.5829553604126,0.2005934715270996,,,
jaw,HR-2-27-26-(01).csv,/Users/yanivnaggar/Desktop/Spring 2026/IS/OPENBCI_runs/Yaniv/HR-2-27-26-(01).csv,2026-02-27,1,train,REPEATED,7,14,0,repeated_peaks,ONSET,24389,24419,97.84548354148865,97.96583962440491,0.12436795234680177,24434.0,1.090977706621591,0.9168037037615133
jaw,HR-2-27-26-(01).csv,/Users/yanivnaggar/Desktop/Spring 2026/IS/OPENBCI_runs/Yaniv/HR-2-27-26-(01).csv,2026-02-27,1,train,REPEATED,7,14,0,repeated_peaks,ACTIVE,24420,24456,97.96985149383545,98.11427879333496,0.1484391689300537,24434.0,1.090977706621591,0.9168037037615133
jaw,HR-2-27-26-(01).csv,/Users/yanivnaggar/Desktop/Spring 2026/IS/OPENBCI_runs/Yaniv/HR-2-27-26-(01).csv,2026-02-27,1,train,REPEATED,7,14,0,repeated_peaks,OFFSET,24457,24487,98.1182906627655,98.23864674568176,0.12436795234680177,24434.0,1.090977706621591,0.9168037037615133
jaw,HR-2-27-26-(01).csv,/Users/yanivnaggar/Desktop/Spring 2026/IS/OPENBCI_runs/Yaniv/HR-2-27-26-(01).csv,2026-02-27,1,train,REPEATED,7,15,1,repeated_peaks,ONSET,24546,24585,98.47534704208374,98.63180994987488,0.1604747772216797,24593.0,1.129634017529952,0.7925654433641729
jaw,HR-2-27-26-(01).csv,/Users/yanivnaggar/Desktop/Spring 2026/IS/OPENBCI_runs/Yaniv/HR-2-27-26-(01).csv,2026-02-27,1,train,REPEATED,7,15,1,repeated_peaks,ACTIVE,24586,24625,98.63582181930542,98.79228472709656,0.1604747772216797,24593.0,1.129634017529952,0.7925654433641729
jaw,HR-2-27-26-(01).csv,/Users/yanivnaggar/Desktop/Spring 2026/IS/OPENBCI_runs/Yaniv/HR-2-27-26-(01).csv,2026-02-27,1,train,REPEATED,7,15,1,repeated_peaks,OFFSET,24626,24665,98.7962965965271,98.95275950431824,0.1604747772216797,24593.0,1.129634017529952,0.7925654433641729
jaw,HR-2-27-26-(01).csv,/Users/yanivnaggar/Desktop/Spring 2026/IS/OPENBCI_runs/Yaniv/HR-2-27-26-(01).csv,2026-02-27,1,train,REPEATED,7,16,2,repeated_peaks,ONSET,24667,24709,98.96078324317932,99.12928175926208,0.17251038551330566,24739.0,1.2716977417598694,1.057153066148129
jaw,HR-2-27-26-(01).csv,/Users/yanivnaggar/Desktop/Spring 2026/IS/OPENBCI_runs/Yaniv/HR-2-27-26-(01).csv,2026-02-27,1,train,REPEATED,7,16,2,repeated_peaks,ACTIVE,24710,24753,99.13329362869263,99.30580401420593,0.17652225494384766,24739.0,1.2716977417598694,1.057153066148129
jaw,HR-2-27-26-(01).csv,/Users/yanivnaggar/Desktop/Spring 2026/IS/OPENBCI_runs/Yaniv/HR-2-27-26-(01).csv,2026-02-27,1,train,REPEATED,7,16,2,repeated_peaks,OFFSET,24754,24796,99.30981588363647,99.47831439971924,0.17251038551330566,24739.0,1.2716977417598694,1.057153066148129
jaw,HR-2-27-26-(01).csv,/Users/yanivnaggar/Desktop/Spring 2026/IS/OPENBCI_runs/Yaniv/HR-2-27-26-(01).csv,2026-02-27,1,train,REPEATED,7,17,3,repeated_peaks,ONSET,24835,24876,99.63477730751038,99.7992639541626,0.16849851608276367,24905.0,1.201426567031302,0.9782555910369801
jaw,HR-2-27-26-(01).csv,/Users/yanivnaggar/Desktop/Spring 2026/IS/OPENBCI_runs/Yaniv/HR-2-27-26-(01).csv,2026-02-27,1,train,REPEATED,7,17,3,repeated_peaks,ACTIVE,24877,24919,99.80327582359314,99.9717743396759,0.17251038551330566,24905.0,1.201426567031302,0.9782555910369801
jaw,HR-2-27-26-(01).csv,/Users/yanivnaggar/Desktop/Spring 2026/IS/OPENBCI_runs/Yaniv/HR-2-27-26-(01).csv,2026-02-27,1,train,REPEATED,7,17,3,repeated_peaks,OFFSET,24920,24961,99.97578620910645,100.14027285575867,0.16849851608276367,24905.0,1.201426567031302,0.9782555910369801
jaw,HR-2-27-26-(01).csv,/Users/yanivnaggar/Desktop/Spring 2026/IS/OPENBCI_runs/Yaniv/HR-2-27-26-(01).csv,2026-02-27,1,train,REPEATED,7,18,4,repeated_peaks,ONSET,25009,25042,100.33284258842468,100.46523427963257,0.13640356063842773,25057.0,1.1660669572548952,0.9279199995918554
jaw,HR-2-27-26-(01).csv,/Users/yanivnaggar/Desktop/Spring 2026/IS/OPENBCI_runs/Yaniv/HR-2-27-26-(01).csv,2026-02-27,1,train,REPEATED,7,18,4,repeated_peaks,ACTIVE,25043,25079,100.46924614906311,100.61367344856262,0.1484391689300537,25057.0,1.1660669572548952,0.9279199995918554
jaw,HR-2-27-26-(01).csv,/Users/yanivnaggar/Desktop/Spring 2026/IS/OPENBCI_runs/Yaniv/HR-2-27-26-(01).csv,2026-02-27,1,train,REPEATED,7,18,4,repeated_peaks,OFFSET,25080,25114,100.61768531799316,100.75408887863159,0.14041543006896973,25057.0,1.1660669572548952,0.9279199995918554
jaw,HR-2-27-26-(01).csv,/Users/yanivnaggar/Desktop/Spring 2026/IS/OPENBCI_runs/Yaniv/HR-2-27-26-(01).csv,2026-02-27,1,train,REPEATED,7,19,5,repeated_peaks,ONSET,25172,25208,100.98677730560303,101.13120460510254,0.1484391689300537,25233.0,1.1741890157101613,0.8677546484597842
jaw,HR-2-27-26-(01).csv,/Users/yanivnaggar/Desktop/Spring 2026/IS/OPENBCI_runs/Yaniv/HR-2-27-26-(01).csv,2026-02-27,1,train,REPEATED,7,19,5,repeated_peaks,ACTIVE,25209,25246,101.13521647453308,101.28365564346313,0.1524510383605957,25233.0,1.1741890157101613,0.8677546484597842
jaw,HR-2-27-26-(01).csv,/Users/yanivnaggar/Desktop/Spring 2026/IS/OPENBCI_runs/Yaniv/HR-2-27-26-(01).csv,2026-02-27,1,train,REPEATED,7,19,5,repeated_peaks,OFFSET,25247,25283,101.28766751289368,101.43209481239319,0.1484391689300537,25233.0,1.1741890157101613,0.8677546484597842
jaw,HR-2-27-26-(01).csv,/Users/yanivnaggar/Desktop/Spring 2026/IS/OPENBCI_runs/Yaniv/HR-2-27-26-(01).csv,2026-02-27,1,train,REPEATED,7,20,6,repeated_peaks,ONSET,25313,25362,101.55245089530945,101.749032497406,0.2005934715270996,25391.0,1.1534636190709822,0.8116369831058592
jaw,HR-2-27-26-(01).csv,/Users/yanivnaggar/Desktop/Spring 2026/IS/OPENBCI_runs/Yaniv/HR-2-27-26-(01).csv,2026-02-27,1,train,REPEATED,7,20,6,repeated_peaks,ACTIVE,25363,25420,101.75304436683655,101.98172092437744,0.23268842697143555,25391.0,1.1534636190709822,0.8116369831058592
jaw,HR-2-27-26-(01).csv,/Users/yanivnaggar/Desktop/Spring 2026/IS/OPENBCI_runs/Yaniv/HR-2-27-26-(01).csv,2026-02-27,1,train,REPEATED,7,20,6,repeated_peaks,OFFSET,25421,25470,101.98573279380798,102.18231439590454,0.2005934715270996,25391.0,1.1534636190709822,0.8116369831058592
jaw,HR-2-27-26-(01).csv,/Users/yanivnaggar/Desktop/Spring 2026/IS/OPENBCI_runs/Yaniv/HR-2-27-26-(01).csv,2026-02-27,1,train,REPEATED,7,21,7,repeated_peaks,ONSET,25472,25521,102.19033813476562,102.38691973686218,0.2005934715270996,25552.0,1.2591436549126072,0.9185985047727177
jaw,HR-2-27-26-(01).csv,/Users/yanivnaggar/Desktop/Spring 2026/IS/OPENBCI_runs/Yaniv/HR-2-27-26-(01).csv,2026-02-27,1,train,REPEATED,7,21,7,repeated_peaks,ACTIVE,25522,25577,102.39093160629272,102.61158442497253,0.22466468811035156,25552.0,1.2591436549126072,0.9185985047727177
jaw,HR-2-27-26-(01).csv,/Users/yanivnaggar/Desktop/Spring 2026/IS/OPENBCI_runs/Yaniv/HR-2-27-26-(01).csv,2026-02-27,1,train,REPEATED,7,21,7,repeated_peaks,OFFSET,25578,25627,102.61559629440308,102.81217789649963,0.2005934715270996,25552.0,1.2591436549126072,0.9185985047727177
jaw,HR-2-27-26-(01).csv,/Users/yanivnaggar/Desktop/Spring 2026/IS/OPENBCI_runs/Yaniv/HR-2-27-26-(01).csv,2026-02-27,1,train,REPEATED,7,22,8,repeated_peaks,ONSET,25629,25678,102.82020163536072,103.01678323745728,0.2005934715270996,25704.0,1.5403721064414537,1.2943613293815015
jaw,HR-2-27-26-(01).csv,/Users/yanivnaggar/Desktop/Spring 2026/IS/OPENBCI_runs/Yaniv/HR-2-27-26-(01).csv,2026-02-27,1,train,REPEATED,7,22,8,repeated_peaks,ACTIVE,25679,25736,103.02079510688782,103.24947166442871,0.23268842697143555,25704.0,1.5403721064414537,1.2943613293815015
jaw,HR-2-27-26-(01).csv,/Users/yanivnaggar/Desktop/Spring 2026/IS/OPENBCI_runs/Yaniv/HR-2-27-26-(01).csv,2026-02-27,1,train,REPEATED,7,22,8,repeated_peaks,OFFSET,25737,25786,103.25348353385925,103.45006513595581,0.2005934715270996,25704.0,1.5403721064414537,1.2943613293815015
jaw,HR-2-27-26-(01).csv,/Users/yanivnaggar/Desktop/Spring 2026/IS/OPENBCI_runs/Yaniv/HR-2-27-26-(01).csv,2026-02-27,1,train,REPEATED,7,23,9,repeated_peaks,ONSET,25788,25837,103.4580888748169,103.65467047691345,0.2005934715270996,25871.0,1.4128542532654211,1.0469632424707416
jaw,HR-2-27-26-(01).csv,/Users/yanivnaggar/Desktop/Spring 2026/IS/OPENBCI_runs/Yaniv/HR-2-27-26-(01).csv,2026-02-27,1,train,REPEATED,7,23,9,repeated_peaks,ACTIVE,25838,25904,103.658682346344,103.92346572875977,0.2687952518463135,25871.0,1.4128542532654211,1.0469632424707416
jaw,HR-2-27-26-(01).csv,/Users/yanivnaggar/Desktop/Spring 2026/IS/OPENBCI_runs/Yaniv/HR-2-27-26-(01).csv,2026-02-27,1,train,REPEATED,7,23,9,repeated_peaks,OFFSET,25905,25954,103.92747759819031,104.12405920028687,0.2005934715270996,25871.0,1.4128542532654211,1.0469632424707416
jaw,HR-2-27-26-(01).csv,/Users/yanivnaggar/Desktop/Spring 2026/IS/OPENBCI_runs/Yaniv/HR-2-27-26-(01).csv,2026-02-27,1,train,REPEATED,7,24,10,repeated_peaks,ONSET,25956,26001,104.13208293914795,104.31261706352234,0.18454599380493164,26040.0,1.2404587510636669,0.893086575307178
jaw,HR-2-27-26-(01).csv,/Users/yanivnaggar/Desktop/Spring 2026/IS/OPENBCI_runs/Yaniv/HR-2-27-26-(01).csv,2026-02-27,1,train,REPEATED,7,24,10,repeated_peaks,ACTIVE,26002,26047,104.31662893295288,104.49716305732727,0.18454599380493164,26040.0,1.2404587510636669,0.893086575307178
jaw,HR-2-27-26-(01).csv,/Users/yanivnaggar/Desktop/Spring 2026/IS/OPENBCI_runs/Yaniv/HR-2-27-26-(01).csv,2026-02-27,1,train,REPEATED,7,24,10,repeated_peaks,OFFSET,26048,26093,104.50117492675781,104.6817090511322,0.18454599380493164,26040.0,1.2404587510636669,0.893086575307178
jaw,HR-2-27-26-(01).csv,/Users/yanivnaggar/Desktop/Spring 2026/IS/OPENBCI_runs/Yaniv/HR-2-27-26-(01).csv,2026-02-27,1,train,REPEATED,7,25,11,repeated_peaks,ONSET,26133,26168,104.84218382835388,104.98259925842285,0.14442729949951172,26193.0,1.1224734663522893,0.7424939931756805
jaw,HR-2-27-26-(01).csv,/Users/yanivnaggar/Desktop/Spring 2026/IS/OPENBCI_runs/Yaniv/HR-2-27-26-(01).csv,2026-02-27,1,train,REPEATED,7,25,11,repeated_peaks,ACTIVE,26169,26205,104.9866111278534,105.1310384273529,0.1484391689300537,26193.0,1.1224734663522893,0.7424939931756805
jaw,HR-2-27-26-(01).csv,/Users/yanivnaggar/Desktop/Spring 2026/IS/OPENBCI_runs/Yaniv/HR-2-27-26-(01).csv,2026-02-27,1,train,REPEATED,7,25,11,repeated_peaks,OFFSET,26206,26241,105.13505029678345,105.27546572685242,0.14442729949951172,26193.0,1.1224734663522893,0.7424939931756805
jaw,HR-2-27-26-(01).csv,/Users/yanivnaggar/Desktop/Spring 2026/IS/OPENBCI_runs/Yaniv/HR-2-27-26-(01).csv,2026-02-27,1,train,HOLD,9,26,0,hold_marker_edges,ONSET,30106,30155,120.78134107589722,120.97792267799377,0.2005934715270996,,,
jaw,HR-2-27-26-(01).csv,/Users/yanivnaggar/Desktop/Spring 2026/IS/OPENBCI_runs/Yaniv/HR-2-27-26-(01).csv,2026-02-27,1,train,HOLD,9,26,0,hold_marker_edges,ACTIVE,30156,32086,120.98193454742432,128.72484254837036,7.746919870376587,,,
jaw,HR-2-27-26-(01).csv,/Users/yanivnaggar/Desktop/Spring 2026/IS/OPENBCI_runs/Yaniv/HR-2-27-26-(01).csv,2026-02-27,1,train,HOLD,9,26,0,hold_marker_edges,OFFSET,32087,32136,128.7288544178009,128.92543601989746,0.2005934715270996,,,
jaw,HR-2-27-26-(01).csv,/Users/yanivnaggar/Desktop/Spring 2026/IS/OPENBCI_runs/Yaniv/HR-2-27-26-(01).csv,2026-02-27,1,train,REPEATED,11,27,0,repeated_peaks,ONSET,33530,33569,134.517982006073,134.67444491386414,0.1604747772216797,33580.0,1.3330519348193477,1.0773227855591123
jaw,HR-2-27-26-(01).csv,/Users/yanivnaggar/Desktop/Spring 2026/IS/OPENBCI_runs/Yaniv/HR-2-27-26-(01).csv,2026-02-27,1,train,REPEATED,11,27,0,repeated_peaks,ACTIVE,33570,33609,134.67845678329468,134.83491969108582,0.1604747772216797,33580.0,1.3330519348193477,1.0773227855591123
jaw,HR-2-27-26-(01).csv,/Users/yanivnaggar/Desktop/Spring 2026/IS/OPENBCI_runs/Yaniv/HR-2-27-26-(01).csv,2026-02-27,1,train,REPEATED,11,27,0,repeated_peaks,OFFSET,33610,33649,134.83893156051636,134.9953944683075,0.1604747772216797,33580.0,1.3330519348193477,1.0773227855591123
jaw,HR-2-27-26-(01).csv,/Users/yanivnaggar/Desktop/Spring 2026/IS/OPENBCI_runs/Yaniv/HR-2-27-26-(01).csv,2026-02-27,1,train,REPEATED,11,28,1,repeated_peaks,ONSET,33651,33692,135.00341820716858,135.1679048538208,0.16849851608276367,33721.0,1.0480623801253723,0.6942648283317921
jaw,HR-2-27-26-(01).csv,/Users/yanivnaggar/Desktop/Spring 2026/IS/OPENBCI_runs/Yaniv/HR-2-27-26-(01).csv,2026-02-27,1,train,REPEATED,11,28,1,repeated_peaks,ACTIVE,33693,33735,135.17191672325134,135.3404152393341,0.17251038551330566,33721.0,1.0480623801253723,0.6942648283317921
jaw,HR-2-27-26-(01).csv,/Users/yanivnaggar/Desktop/Spring 2026/IS/OPENBCI_runs/Yaniv/HR-2-27-26-(01).csv,2026-02-27,1,train,REPEATED,11,28,1,repeated_peaks,OFFSET,33736,33777,135.34442710876465,135.50891375541687,0.16849851608276367,33721.0,1.0480623801253723,0.6942648283317921
jaw,HR-2-27-26-(01).csv,/Users/yanivnaggar/Desktop/Spring 2026/IS/OPENBCI_runs/Yaniv/HR-2-27-26-(01).csv,2026-02-27,1,train,REPEATED,11,29,2,repeated_peaks,ONSET,33815,33851,135.66136479377747,135.80579209327698,0.1484391689300537,33872.0,1.261203477700129,1.0024215760332833
jaw,HR-2-27-26-(01).csv,/Users/yanivnaggar/Desktop/Spring 2026/IS/OPENBCI_runs/Yaniv/HR-2-27-26-(01).csv,2026-02-27,1,train,REPEATED,11,29,2,repeated_peaks,ACTIVE,33852,33890,135.80980396270752,135.96225500106812,0.1564629077911377,33872.0,1.261203477700129,1.0024215760332833
jaw,HR-2-27-26-(01).csv,/Users/yanivnaggar/Desktop/Spring 2026/IS/OPENBCI_runs/Yaniv/HR-2-27-26-(01).csv,2026-02-27,1,train,REPEATED,11,29,2,repeated_peaks,OFFSET,33891,33927,135.96626687049866,136.11069416999817,0.1484391689300537,33872.0,1.261203477700129,1.0024215760332833
jaw,HR-2-27-26-(01).csv,/Users/yanivnaggar/Desktop/Spring 2026/IS/OPENBCI_runs/Yaniv/HR-2-27-26-(01).csv,2026-02-27,1,train,REPEATED,11,30,3,repeated_peaks,ONSET,33964,34009,136.25913333892822,136.4396674633026,0.18454599380493164,34027.0,1.0286638368832672,0.7363230992903804
jaw,HR-2-27-26-(01).csv,/Users/yanivnaggar/Desktop/Spring 2026/IS/OPENBCI_runs/Yaniv/HR-2-27-26-(01).csv,2026-02-27,1,train,REPEATED,11,30,3,repeated_peaks,ACTIVE,34010,34055,136.44367933273315,136.62421345710754,0.18454599380493164,34027.0,1.0286638368832672,0.7363230992903804
jaw,HR-2-27-26-(01).csv,/Users/yanivnaggar/Desktop/Spring 2026/IS/OPENBCI_runs/Yaniv/HR-2-27-26-(01).csv,2026-02-27,1,train,REPEATED,11,30,3,repeated_peaks,OFFSET,34056,34101,136.6282253265381,136.80875945091248,0.18454599380493164,34027.0,1.0286638368832672,0.7363230992903804
jaw,HR-2-27-26-(01).csv,/Users/yanivnaggar/Desktop/Spring 2026/IS/OPENBCI_runs/Yaniv/HR-2-27-26-(01).csv,2026-02-27,1,train,REPEATED,11,31,4,repeated_peaks,ONSET,34160,34199,137.04545974731445,137.2019226551056,0.1604747772216797,34220.0,1.041270334468325,0.7721390046893933
jaw,HR-2-27-26-(01).csv,/Users/yanivnaggar/Desktop/Spring 2026/IS/OPENBCI_runs/Yaniv/HR-2-27-26-(01).csv,2026-02-27,1,train,REPEATED,11,31,4,repeated_peaks,ACTIVE,34200,34239,137.20593452453613,137.36239743232727,0.1604747772216797,34220.0,1.041270334468325,0.7721390046893933
jaw,HR-2-27-26-(01).csv,/Users/yanivnaggar/Desktop/Spring 2026/IS/OPENBCI_runs/Yaniv/HR-2-27-26-(01).csv,2026-02-27,1,train,REPEATED,11,31,4,repeated_peaks,OFFSET,34240,34279,137.3664093017578,137.52287220954895,0.1604747772216797,34220.0,1.041270334468325,0.7721390046893933
jaw,HR-2-27-26-(01).csv,/Users/yanivnaggar/Desktop/Spring 2026/IS/OPENBCI_runs/Yaniv/HR-2-27-26-(01).csv,2026-02-27,1,train,REPEATED,11,32,5,repeated_peaks,ONSET,34320,34360,137.68735885620117,137.84783363342285,0.16448664665222168,34383.0,1.186117012224481,0.9083704348994062
jaw,HR-2-27-26-(01).csv,/Users/yanivnaggar/Desktop/Spring 2026/IS/OPENBCI_runs/Yaniv/HR-2-27-26-(01).csv,2026-02-27,1,train,REPEATED,11,32,5,repeated_peaks,ACTIVE,34361,34403,137.8518455028534,138.02034401893616,0.17251038551330566,34383.0,1.186117012224481,0.9083704348994062
jaw,HR-2-27-26-(01).csv,/Users/yanivnaggar/Desktop/Spring 2026/IS/OPENBCI_runs/Yaniv/HR-2-27-26-(01).csv,2026-02-27,1,train,REPEATED,11,32,5,repeated_peaks,OFFSET,34404,34444,138.0243558883667,138.18483066558838,0.16448664665222168,34383.0,1.186117012224481,0.9083704348994062
jaw,HR-2-27-26-(01).csv,/Users/yanivnaggar/Desktop/Spring 2026/IS/OPENBCI_runs/Yaniv/HR-2-27-26-(01).csv,2026-02-27,1,train,REPEATED,11,33,6,repeated_peaks,ONSET,34475,34524,138.30919861793518,138.50578022003174,0.2005934715270996,34553.0,1.46914855026797,1.2457211770594196
jaw,HR-2-27-26-(01).csv,/Users/yanivnaggar/Desktop/Spring 2026/IS/OPENBCI_runs/Yaniv/HR-2-27-26-(01).csv,2026-02-27,1,train,REPEATED,11,33,6,repeated_peaks,ACTIVE,34525,34585,138.50979208946228,138.7505042552948,0.24472403526306155,34553.0,1.46914855026797,1.2457211770594196
jaw,HR-2-27-26-(01).csv,/Users/yanivnaggar/Desktop/Spring 2026/IS/OPENBCI_runs/Yaniv/HR-2-27-26-(01).csv,2026-02-27,1,train,REPEATED,11,33,6,repeated_peaks,OFFSET,34586,34635,138.75451612472534,138.9510977268219,0.2005934715270996,34553.0,1.46914855026797,1.2457211770594196
jaw,HR-2-27-26-(01).csv,/Users/yanivnaggar/Desktop/Spring 2026/IS/OPENBCI_runs/Yaniv/HR-2-27-26-(01).csv,2026-02-27,1,train,REPEATED,11,34,7,repeated_peaks,ONSET,34637,34681,138.95912146568298,139.13564372062683,0.18053412437438965,34719.0,1.2040065948904826,0.8376614600068744
jaw,HR-2-27-26-(01).csv,/Users/yanivnaggar/Desktop/Spring 2026/IS/OPENBCI_runs/Yaniv/HR-2-27-26-(01).csv,2026-02-27,1,train,REPEATED,11,34,7,repeated_peaks,ACTIVE,34682,34728,139.13965559005737,139.3242015838623,0.18855786323547363,34719.0,1.2040065948904826,0.8376614600068744
jaw,HR-2-27-26-(01).csv,/Users/yanivnaggar/Desktop/Spring 2026/IS/OPENBCI_runs/Yaniv/HR-2-27-26-(01).csv,2026-02-27,1,train,REPEATED,11,34,7,repeated_peaks,OFFSET,34729,34773,139.32821345329285,139.5047357082367,0.18053412437438965,34719.0,1.2040065948904826,0.8376614600068744
jaw,HR-2-27-26-(01).csv,/Users/yanivnaggar/Desktop/Spring 2026/IS/OPENBCI_runs/Yaniv/HR-2-27-26-(01).csv,2026-02-27,1,train,REPEATED,11,35,8,repeated_peaks,ONSET,34802,34851,139.6210799217224,139.81766152381897,0.2005934715270996,34877.0,1.1508512935890738,0.8508467507096633
jaw,HR-2-27-26-(01).csv,/Users/yanivnaggar/Desktop/Spring 2026/IS/OPENBCI_runs/Yaniv/HR-2-27-26-(01).csv,2026-02-27,1,train,REPEATED,11,35,8,repeated_peaks,ACTIVE,34852,34906,139.8216733932495,140.03831434249878,0.22065281867980957,34877.0,1.1508512935890738,0.8508467507096633
jaw,HR-2-27-26-(01).csv,/Users/yanivnaggar/Desktop/Spring 2026/IS/OPENBCI_runs/Yaniv/HR-2-27-26-(01).csv,2026-02-27,1,train,REPEATED,11,35,8,repeated_peaks,OFFSET,34907,34956,140.04232621192932,140.23890781402588,0.2005934715270996,34877.0,1.1508512935890738,0.8508467507096633
jaw,HR-2-27-26-(01).csv,/Users/yanivnaggar/Desktop/Spring 2026/IS/OPENBCI_runs/Yaniv/HR-2-27-26-(01).csv,2026-02-27,1,train,REPEATED,11,36,9,repeated_peaks,ONSET,34958,34999,140.24693155288696,140.41141819953918,0.16849851608276367,35038.0,1.081627082448754,0.709510538676422
jaw,HR-2-27-26-(01).csv,/Users/yanivnaggar/Desktop/Spring 2026/IS/OPENBCI_runs/Yaniv/HR-2-27-26-(01).csv,2026-02-27,1,train,REPEATED,11,36,9,repeated_peaks,ACTIVE,35000,35043,140.41543006896973,140.58794045448303,0.17652225494384766,35038.0,1.081627082448754,0.709510538676422
jaw,HR-2-27-26-(01).csv,/Users/yanivnaggar/Desktop/Spring 2026/IS/OPENBCI_runs/Yaniv/HR-2-27-26-(01).csv,2026-02-27,1,train,REPEATED,11,36,9,repeated_peaks,OFFSET,35044,35085,140.59195232391357,140.7564389705658,0.16849851608276367,35038.0,1.081627082448754,0.709510538676422
jaw,HR-2-27-26-(01).csv,/Users/yanivnaggar/Desktop/Spring 2026/IS/OPENBCI_runs/Yaniv/HR-2-27-26-(01).csv,2026-02-27,1,train,REPEATED,11,37,10,repeated_peaks,ONSET,35152,35182,141.0252342224121,141.14559030532837,0.12436795234680177,35207.0,0.6078634652017014,0.3777848609596892
jaw,HR-2-27-26-(01).csv,/Users/yanivnaggar/Desktop/Spring 2026/IS/OPENBCI_runs/Yaniv/HR-2-27-26-(01).csv,2026-02-27,1,train,REPEATED,11,37,10,repeated_peaks,ACTIVE,35183,35219,141.1496021747589,141.29402947425842,0.1484391689300537,35207.0,0.6078634652017014,0.3777848609596892
jaw,HR-2-27-26-(01).csv,/Users/yanivnaggar/Desktop/Spring 2026/IS/OPENBCI_runs/Yaniv/HR-2-27-26-(01).csv,2026-02-27,1,train,REPEATED,11,37,10,repeated_peaks,OFFSET,35220,35251,141.29804134368896,141.42240929603577,0.12837982177734375,35207.0,0.6078634652017014,0.3777848609596892
jaw,HR-2-27-26-(01).csv,/Users/yanivnaggar/Desktop/Spring 2026/IS/OPENBCI_runs/Yaniv/HR-2-27-26-(01).csv,2026-02-27,1,train,REPEATED,11,38,11,repeated_peaks,ONSET,35319,35356,141.69521641731262,141.84365558624268,0.1524510383605957,35371.0,0.8503552442325444,0.5278454206889001
jaw,HR-2-27-26-(01).csv,/Users/yanivnaggar/Desktop/Spring 2026/IS/OPENBCI_runs/Yaniv/HR-2-27-26-(01).csv,2026-02-27,1,train,REPEATED,11,38,11,repeated_peaks,ACTIVE,35357,35394,141.84766745567322,141.99610662460327,0.1524510383605957,35371.0,0.8503552442325444,0.5278454206889001
jaw,HR-2-27-26-(01).csv,/Users/yanivnaggar/Desktop/Spring 2026/IS/OPENBCI_runs/Yaniv/HR-2-27-26-(01).csv,2026-02-27,1,train,REPEATED,11,38,11,repeated_peaks,OFFSET,35395,35432,142.0001184940338,142.14855766296387,0.1524510383605957,35371.0,0.8503552442325444,0.5278454206889001
jaw,HR-2-27-26-(01).csv,/Users/yanivnaggar/Desktop/Spring 2026/IS/OPENBCI_runs/Yaniv/HR-2-27-26-(01).csv,2026-02-27,1,train,REPEATED,11,39,12,repeated_peaks,ONSET,35457,35490,142.24885439872742,142.3812460899353,0.13640356063842773,35521.0,0.7078328304448871,0.3625182255966126
jaw,HR-2-27-26-(01).csv,/Users/yanivnaggar/Desktop/Spring 2026/IS/OPENBCI_runs/Yaniv/HR-2-27-26-(01).csv,2026-02-27,1,train,REPEATED,11,39,12,repeated_peaks,ACTIVE,35491,35527,142.38525795936584,142.52968525886536,0.1484391689300537,35521.0,0.7078328304448871,0.3625182255966126
jaw,HR-2-27-26-(01).csv,/Users/yanivnaggar/Desktop/Spring 2026/IS/OPENBCI_runs/Yaniv/HR-2-27-26-(01).csv,2026-02-27,1,train,REPEATED,11,39,12,repeated_peaks,OFFSET,35528,35561,142.5336971282959,142.66608881950378,0.13640356063842773,35521.0,0.7078328304448871,0.3625182255966126
jaw,HR-2-27-26-(01).csv,/Users/yanivnaggar/Desktop/Spring 2026/IS/OPENBCI_runs/Yaniv/HR-2-27-26-(01).csv,2026-02-27,1,train,HOLD,13,40,0,hold_marker_edges,ONSET,39600,39649,158.8700294494629,159.06661105155945,0.2005934715270996,,,
jaw,HR-2-27-26-(01).csv,/Users/yanivnaggar/Desktop/Spring 2026/IS/OPENBCI_runs/Yaniv/HR-2-27-26-(01).csv,2026-02-27,1,train,HOLD,13,40,0,hold_marker_edges,ACTIVE,39650,41616,159.07062292099,166.95795822143555,7.8913471698760995,,,
jaw,HR-2-27-26-(01).csv,/Users/yanivnaggar/Desktop/Spring 2026/IS/OPENBCI_runs/Yaniv/HR-2-27-26-(01).csv,2026-02-27,1,train,HOLD,13,40,0,hold_marker_edges,OFFSET,41617,41666,166.9619700908661,167.15855169296265,0.2005934715270996,,,
jaw,HR-2-27-26-(01).csv,/Users/yanivnaggar/Desktop/Spring 2026/IS/OPENBCI_runs/Yaniv/HR-2-27-26-(01).csv,2026-02-27,1,train,REPEATED,15,41,0,repeated_peaks,ONSET,43151,43190,173.1161777973175,173.27264070510864,0.1604747772216797,43211.0,1.3183487557363323,1.0714245450730413
jaw,HR-2-27-26-(01).csv,/Users/yanivnaggar/Desktop/Spring 2026/IS/OPENBCI_runs/Yaniv/HR-2-27-26-(01).csv,2026-02-27,1,train,REPEATED,15,41,0,repeated_peaks,ACTIVE,43191,43230,173.27665257453918,173.43311548233032,0.1604747772216797,43211.0,1.3183487557363323,1.0714245450730413
jaw,HR-2-27-26-(01).csv,/Users/yanivnaggar/Desktop/Spring 2026/IS/OPENBCI_runs/Yaniv/HR-2-27-26-(01).csv,2026-02-27,1,train,REPEATED,15,41,0,repeated_peaks,OFFSET,43231,43270,173.43712735176086,173.593590259552,0.1604747772216797,43211.0,1.3183487557363323,1.0714245450730413
jaw,HR-2-27-26-(01).csv,/Users/yanivnaggar/Desktop/Spring 2026/IS/OPENBCI_runs/Yaniv/HR-2-27-26-(01).csv,2026-02-27,1,train,REPEATED,15,42,1,repeated_peaks,ONSET,43291,43340,173.67783951759338,173.87442111968994,0.2005934715270996,43364.0,1.184562896705036,0.8486103794732377
jaw,HR-2-27-26-(01).csv,/Users/yanivnaggar/Desktop/Spring 2026/IS/OPENBCI_runs/Yaniv/HR-2-27-26-(01).csv,2026-02-27,1,train,REPEATED,15,42,1,repeated_peaks,ACTIVE,43341,43393,173.87843298912048,174.08705019950867,0.21262907981872559,43364.0,1.184562896705036,0.8486103794732377
jaw,HR-2-27-26-(01).csv,/Users/yanivnaggar/Desktop/Spring 2026/IS/OPENBCI_runs/Yaniv/HR-2-27-26-(01).csv,2026-02-27,1,train,REPEATED,15,42,1,repeated_peaks,OFFSET,43394,43443,174.0910620689392,174.28764367103577,0.2005934715270996,43364.0,1.184562896705036,0.8486103794732377
jaw,HR-2-27-26-(01).csv,/Users/yanivnaggar/Desktop/Spring 2026/IS/OPENBCI_runs/Yaniv/HR-2-27-26-(01).csv,2026-02-27,1,train,REPEATED,15,43,2,repeated_peaks,ONSET,43445,43494,174.29566740989685,174.4922490119934,0.2005934715270996,43525.0,0.9637679568986905,0.5727942740849392
jaw,HR-2-27-26-(01).csv,/Users/yanivnaggar/Desktop/Spring 2026/IS/OPENBCI_runs/Yaniv/HR-2-27-26-(01).csv,2026-02-27,1,train,REPEATED,15,43,2,repeated_peaks,ACTIVE,43495,43560,174.49626088142395,174.75703239440918,0.2647833824157715,43525.0,0.9637679568986905,0.5727942740849392
jaw,HR-2-27-26-(01).csv,/Users/yanivnaggar/Desktop/Spring 2026/IS/OPENBCI_runs/Yaniv/HR-2-27-26-(01).csv,2026-02-27,1,train,REPEATED,15,43,2,repeated_peaks,OFFSET,43561,43610,174.76104426383972,174.95762586593628,0.2005934715270996,43525.0,0.9637679568986905,0.5727942740849392
jaw,HR-2-27-26-(01).csv,/Users/yanivnaggar/Desktop/Spring 2026/IS/OPENBCI_runs/Yaniv/HR-2-27-26-(01).csv,2026-02-27,1,train,REPEATED,15,44,3,repeated_peaks,ONSET,43612,43658,174.96564960479736,175.1501955986023,0.18855786323547363,43697.0,1.2489612941482042,0.9734557579993643
jaw,HR-2-27-26-(01).csv,/Users/yanivnaggar/Desktop/Spring 2026/IS/OPENBCI_runs/Yaniv/HR-2-27-26-(01).csv,2026-02-27,1,train,REPEATED,15,44,3,repeated_peaks,ACTIVE,43659,43706,175.15420746803284,175.3427653312683,0.19256973266601562,43697.0,1.2489612941482042,0.9734557579993643
jaw,HR-2-27-26-(01).csv,/Users/yanivnaggar/Desktop/Spring 2026/IS/OPENBCI_runs/Yaniv/HR-2-27-26-(01).csv,2026-02-27,1,train,REPEATED,15,44,3,repeated_peaks,OFFSET,43707,43753,175.34677720069885,175.53132319450378,0.18855786323547363,43697.0,1.2489612941482042,0.9734557579993643
jaw,HR-2-27-26-(01).csv,/Users/yanivnaggar/Desktop/Spring 2026/IS/OPENBCI_runs/Yaniv/HR-2-27-26-(01).csv,2026-02-27,1,train,REPEATED,15,45,4,repeated_peaks,ONSET,43806,43848,175.7439522743225,175.91245079040527,0.17251038551330566,43877.0,0.9878930845862359,0.7198186601091426
jaw,HR-2-27-26-(01).csv,/Users/yanivnaggar/Desktop/Spring 2026/IS/OPENBCI_runs/Yaniv/HR-2-27-26-(01).csv,2026-02-27,1,train,REPEATED,15,45,4,repeated_peaks,ACTIVE,43849,43891,175.91646265983582,176.08496117591858,0.17251038551330566,43877.0,0.9878930845862359,0.7198186601091426
jaw,HR-2-27-26-(01).csv,/Users/yanivnaggar/Desktop/Spring 2026/IS/OPENBCI_runs/Yaniv/HR-2-27-26-(01).csv,2026-02-27,1,train,REPEATED,15,45,4,repeated_peaks,OFFSET,43892,43934,176.08897304534912,176.25747156143188,0.17251038551330566,43877.0,0.9878930845862359,0.7198186601091426
jaw,HR-2-27-26-(01).csv,/Users/yanivnaggar/Desktop/Spring 2026/IS/OPENBCI_runs/Yaniv/HR-2-27-26-(01).csv,2026-02-27,1,train,REPEATED,15,46,5,repeated_peaks,ONSET,43974,44020,176.41794633865356,176.6024923324585,0.18855786323547363,44043.0,1.369671155754936,1.1721752190494772
jaw,HR-2-27-26-(01).csv,/Users/yanivnaggar/Desktop/Spring 2026/IS/OPENBCI_runs/Yaniv/HR-2-27-26-(01).csv,2026-02-27,1,train,REPEATED,15,46,5,repeated_peaks,ACTIVE,44021,44069,176.60650420188904,176.79907393455505,0.19658160209655762,44043.0,1.369671155754936,1.1721752190494772
jaw,HR-2-27-26-(01).csv,/Users/yanivnaggar/Desktop/Spring 2026/IS/OPENBCI_runs/Yaniv/HR-2-27-26-(01).csv,2026-02-27,1,train,REPEATED,15,46,5,repeated_peaks,OFFSET,44070,44116,176.8030858039856,176.98763179779053,0.18855786323547363,44043.0,1.369671155754936,1.1721752190494772
jaw,HR-2-27-26-(01).csv,/Users/yanivnaggar/Desktop/Spring 2026/IS/OPENBCI_runs/Yaniv/HR-2-27-26-(01).csv,2026-02-27,1,train,REPEATED,15,47,6,repeated_peaks,ONSET,44152,44194,177.13205909729004,177.3005576133728,0.17251038551330566,44220.0,1.0476314714635333,0.765107490827992
jaw,HR-2-27-26-(01).csv,/Users/yanivnaggar/Desktop/Spring 2026/IS/OPENBCI_runs/Yaniv/HR-2-27-26-(01).csv,2026-02-27,1,train,REPEATED,15,47,6,repeated_peaks,ACTIVE,44195,44237,177.30456948280334,177.4730679988861,0.17251038551330566,44220.0,1.0476314714635333,0.765107490827992
jaw,HR-2-27-26-(01).csv,/Users/yanivnaggar/Desktop/Spring 2026/IS/OPENBCI_runs/Yaniv/HR-2-27-26-(01).csv,2026-02-27,1,train,REPEATED,15,47,6,repeated_peaks,OFFSET,44238,44280,177.47707986831665,177.6455783843994,0.17251038551330566,44220.0,1.0476314714635333,0.765107490827992
jaw,HR-2-27-26-(01).csv,/Users/yanivnaggar/Desktop/Spring 2026/IS/OPENBCI_runs/Yaniv/HR-2-27-26-(01).csv,2026-02-27,1,train,REPEATED,15,48,7,repeated_peaks,ONSET,44339,44370,177.8822786808014,178.0066466331482,0.12837982177734375,44394.0,0.8516194813263814,0.6238406552965263
jaw,HR-2-27-26-(01).csv,/Users/yanivnaggar/Desktop/Spring 2026/IS/OPENBCI_runs/Yaniv/HR-2-27-26-(01).csv,2026-02-27,1,train,REPEATED,15,48,7,repeated_peaks,ACTIVE,44371,44407,178.01065850257874,178.15508580207825,0.1484391689300537,44394.0,0.8516194813263814,0.6238406552965263
jaw,HR-2-27-26-(01).csv,/Users/yanivnaggar/Desktop/Spring 2026/IS/OPENBCI_runs/Yaniv/HR-2-27-26-(01).csv,2026-02-27,1,train,REPEATED,15,48,7,repeated_peaks,OFFSET,44408,44440,178.1590976715088,178.28747749328613,0.13239169120788574,44394.0,0.8516194813263814,0.6238406552965263
jaw,HR-2-27-26-(01).csv,/Users/yanivnaggar/Desktop/Spring 2026/IS/OPENBCI_runs/Yaniv/HR-2-27-26-(01).csv,2026-02-27,1,train,REPEATED,15,49,8,repeated_peaks,ONSET,44509,44545,178.56429648399353,178.70872378349304,0.1484391689300537,44569.0,1.0322273700917814,0.8163014278699832
jaw,HR-2-27-26-(01).csv,/Users/yanivnaggar/Desktop/Spring 2026/IS/OPENBCI_runs/Yaniv/HR-2-27-26-(01).csv,2026-02-27,1,train,REPEATED,15,49,8,repeated_peaks,ACTIVE,44546,44584,178.71273565292358,178.86518669128418,0.1564629077911377,44569.0,1.0322273700917814,0.8163014278699832
jaw,HR-2-27-26-(01).csv,/Users/yanivnaggar/Desktop/Spring 2026/IS/OPENBCI_runs/Yaniv/HR-2-27-26-(01).csv,2026-02-27,1,train,REPEATED,15,49,8,repeated_peaks,OFFSET,44585,44621,178.86919856071472,179.01362586021423,0.1484391689300537,44569.0,1.0322273700917814,0.8163014278699832
jaw,HR-2-27-26-(01).csv,/Users/yanivnaggar/Desktop/Spring 2026/IS/OPENBCI_runs/Yaniv/HR-2-27-26-(01).csv,2026-02-27,1,train,REPEATED,15,50,9,repeated_peaks,ONSET,44686,44726,179.27439737319946,179.43487215042114,0.16448664665222168,44749.0,0.846264691034462,0.6092262531884245
jaw,HR-2-27-26-(01).csv,/Users/yanivnaggar/Desktop/Spring 2026/IS/OPENBCI_runs/Yaniv/HR-2-27-26-(01).csv,2026-02-27,1,train,REPEATED,15,50,9,repeated_peaks,ACTIVE,44727,44767,179.43888401985168,179.59935879707336,0.16448664665222168,44749.0,0.846264691034462,0.6092262531884245
jaw,HR-2-27-26-(01).csv,/Users/yanivnaggar/Desktop/Spring 2026/IS/OPENBCI_runs/Yaniv/HR-2-27-26-(01).csv,2026-02-27,1,train,REPEATED,15,50,9,repeated_peaks,OFFSET,44768,44808,179.6033706665039,179.7638454437256,0.16448664665222168,44749.0,0.846264691034462,0.6092262531884245
jaw,HR-2-27-26-(01).csv,/Users/yanivnaggar/Desktop/Spring 2026/IS/OPENBCI_runs/Yaniv/HR-2-27-26-(01).csv,2026-02-27,1,train,REPEATED,15,51,10,repeated_peaks,ONSET,44864,44899,179.98851013183594,180.1289255619049,0.14442729949951172,44917.0,1.124672287269663,0.871144821735933
jaw,HR-2-27-26-(01).csv,/Users/yanivnaggar/Desktop/Spring 2026/IS/OPENBCI_runs/Yaniv/HR-2-27-26-(01).csv,2026-02-27,1,train,REPEATED,15,51,10,repeated_peaks,ACTIVE,44900,44937,180.13293743133545,180.2813766002655,0.1524510383605957,44917.0,1.124672287269663,0.871144821735933
jaw,HR-2-27-26-(01).csv,/Users/yanivnaggar/Desktop/Spring 2026/IS/OPENBCI_runs/Yaniv/HR-2-27-26-(01).csv,2026-02-27,1,train,REPEATED,15,51,10,repeated_peaks,OFFSET,44938,44973,180.28538846969604,180.42580389976501,0.14442729949951172,44917.0,1.124672287269663,0.871144821735933
jaw,HR-2-27-26-(01).csv,/Users/yanivnaggar/Desktop/Spring 2026/IS/OPENBCI_runs/Yaniv/HR-2-27-26-(01).csv,2026-02-27,1,train,REPEATED,15,52,11,repeated_peaks,ONSET,45026,45060,180.63843297958374,180.77483654022217,0.14041543006896973,45075.0,1.055654315059163,0.777341596596727
jaw,HR-2-27-26-(01).csv,/Users/yanivnaggar/Desktop/Spring 2026/IS/OPENBCI_runs/Yaniv/HR-2-27-26-(01).csv,2026-02-27,1,train,REPEATED,15,52,11,repeated_peaks,ACTIVE,45061,45097,180.7788484096527,180.92327570915222,0.1484391689300537,45075.0,1.055654315059163,0.777341596596727
jaw,HR-2-27-26-(01).csv,/Users/yanivnaggar/Desktop/Spring 2026/IS/OPENBCI_runs/Yaniv/HR-2-27-26-(01).csv,2026-02-27,1,train,REPEATED,15,52,11,repeated_peaks,OFFSET,45098,45133,180.92728757858276,181.06770300865173,0.14442729949951172,45075.0,1.055654315059163,0.777341596596727
jaw,HR-2-27-26-(01).csv,/Users/yanivnaggar/Desktop/Spring 2026/IS/OPENBCI_runs/Yaniv/HR-2-27-26-(01).csv,2026-02-27,1,train,HOLD,17,53,0,hold_marker_edges,ONSET,49187,49236,197.33182168006897,197.52840328216553,0.2005934715270996,,,
jaw,HR-2-27-26-(01).csv,/Users/yanivnaggar/Desktop/Spring 2026/IS/OPENBCI_runs/Yaniv/HR-2-27-26-(01).csv,2026-02-27,1,train,HOLD,17,53,0,hold_marker_edges,ACTIVE,49237,51401,197.53241515159607,206.21410059928894,8.685697317123413,,,
jaw,HR-2-27-26-(01).csv,/Users/yanivnaggar/Desktop/Spring 2026/IS/OPENBCI_runs/Yaniv/HR-2-27-26-(01).csv,2026-02-27,1,train,HOLD,17,53,0,hold_marker_edges,OFFSET,51402,51451,206.21811246871948,206.41469407081604,0.2005934715270996,,,
jaw,HR-2-27-26-(01).csv,/Users/yanivnaggar/Desktop/Spring 2026/IS/OPENBCI_runs/Yaniv/HR-2-27-26-(01).csv,2026-02-27,1,train,REPEATED,19,54,0,repeated_peaks,ONSET,52949,52994,212.42447447776794,212.60500860214233,0.18454599380493164,53005.0,1.7703219171756528,1.602219096042712
jaw,HR-2-27-26-(01).csv,/Users/yanivnaggar/Desktop/Spring 2026/IS/OPENBCI_runs/Yaniv/HR-2-27-26-(01).csv,2026-02-27,1,train,REPEATED,19,54,0,repeated_peaks,ACTIVE,52995,53041,212.60902047157288,212.7935664653778,0.18855786323547363,53005.0,1.7703219171756528,1.602219096042712
jaw,HR-2-27-26-(01).csv,/Users/yanivnaggar/Desktop/Spring 2026/IS/OPENBCI_runs/Yaniv/HR-2-27-26-(01).csv,2026-02-27,1,train,REPEATED,19,54,0,repeated_peaks,OFFSET,53042,53087,212.79757833480835,212.97811245918274,0.18454599380493164,53005.0,1.7703219171756528,1.602219096042712
jaw,HR-2-27-26-(01).csv,/Users/yanivnaggar/Desktop/Spring 2026/IS/OPENBCI_runs/Yaniv/HR-2-27-26-(01).csv,2026-02-27,1,train,REPEATED,19,55,1,repeated_peaks,ONSET,53089,53136,212.98613619804382,213.1746940612793,0.19256973266601562,53171.0,1.378089829548547,1.0134964943650993
jaw,HR-2-27-26-(01).csv,/Users/yanivnaggar/Desktop/Spring 2026/IS/OPENBCI_runs/Yaniv/HR-2-27-26-(01).csv,2026-02-27,1,train,REPEATED,19,55,1,repeated_peaks,ACTIVE,53137,53184,213.17870593070984,213.3672637939453,0.19256973266601562,53171.0,1.378089829548547,1.0134964943650993
jaw,HR-2-27-26-(01).csv,/Users/yanivnaggar/Desktop/Spring 2026/IS/OPENBCI_runs/Yaniv/HR-2-27-26-(01).csv,2026-02-27,1,train,REPEATED,19,55,1,repeated_peaks,OFFSET,53185,53232,213.37127566337585,213.55983352661133,0.19256973266601562,53171.0,1.378089829548547,1.0134964943650993
jaw,HR-2-27-26-(01).csv,/Users/yanivnaggar/Desktop/Spring 2026/IS/OPENBCI_runs/Yaniv/HR-2-27-26-(01).csv,2026-02-27,1,train,REPEATED,19,56,2,repeated_peaks,ONSET,53311,53347,213.87677121162415,214.02119851112366,0.1484391689300537,53366.0,1.381190694438638,1.1439062112058627
jaw,HR-2-27-26-(01).csv,/Users/yanivnaggar/Desktop/Spring 2026/IS/OPENBCI_runs/Yaniv/HR-2-27-26-(01).csv,2026-02-27,1,train,REPEATED,19,56,2,repeated_peaks,ACTIVE,53348,53385,214.0252103805542,214.17364954948425,0.1524510383605957,53366.0,1.381190694438638,1.1439062112058627
jaw,HR-2-27-26-(01).csv,/Users/yanivnaggar/Desktop/Spring 2026/IS/OPENBCI_runs/Yaniv/HR-2-27-26-(01).csv,2026-02-27,1,train,REPEATED,19,56,2,repeated_peaks,OFFSET,53386,53422,214.1776614189148,214.3220887184143,0.1484391689300537,53366.0,1.381190694438638,1.1439062112058627
jaw,HR-2-27-26-(01).csv,/Users/yanivnaggar/Desktop/Spring 2026/IS/OPENBCI_runs/Yaniv/HR-2-27-26-(01).csv,2026-02-27,1,train,REPEATED,19,57,3,repeated_peaks,ONSET,53489,53525,214.59088397026062,214.73531126976013,0.1484391689300537,53547.0,1.1432592426951123,0.8908536046046993
jaw,HR-2-27-26-(01).csv,/Users/yanivnaggar/Desktop/Spring 2026/IS/OPENBCI_runs/Yaniv/HR-2-27-26-(01).csv,2026-02-27,1,train,REPEATED,19,57,3,repeated_peaks,ACTIVE,53526,53563,214.73932313919067,214.88776230812073,0.1524510383605957,53547.0,1.1432592426951123,0.8908536046046993
jaw,HR-2-27-26-(01).csv,/Users/yanivnaggar/Desktop/Spring 2026/IS/OPENBCI_runs/Yaniv/HR-2-27-26-(01).csv,2026-02-27,1,train,REPEATED,19,57,3,repeated_peaks,OFFSET,53564,53600,214.89177417755127,215.03620147705078,0.1484391689300537,53547.0,1.1432592426951123,0.8908536046046993
jaw,HR-2-27-26-(01).csv,/Users/yanivnaggar/Desktop/Spring 2026/IS/OPENBCI_runs/Yaniv/HR-2-27-26-(01).csv,2026-02-27,1,train,REPEATED,19,58,4,repeated_peaks,ONSET,53650,53691,215.23679494857788,215.4012815952301,0.16849851608276367,53732.0,0.9233806126266624,0.668558349861875
jaw,HR-2-27-26-(01).csv,/Users/yanivnaggar/Desktop/Spring 2026/IS/OPENBCI_runs/Yaniv/HR-2-27-26-(01).csv,2026-02-27,1,train,REPEATED,19,58,4,repeated_peaks,ACTIVE,53692,53733,215.40529346466064,215.56978011131287,0.16849851608276367,53732.0,0.9233806126266624,0.668558349861875
jaw,HR-2-27-26-(01).csv,/Users/yanivnaggar/Desktop/Spring 2026/IS/OPENBCI_runs/Yaniv/HR-2-27-26-(01).csv,2026-02-27,1,train,REPEATED,19,58,4,repeated_peaks,OFFSET,53734,53775,215.5737919807434,215.73827862739563,0.16849851608276367,53732.0,0.9233806126266624,0.668558349861875
jaw,HR-2-27-26-(01).csv,/Users/yanivnaggar/Desktop/Spring 2026/IS/OPENBCI_runs/Yaniv/HR-2-27-26-(01).csv,2026-02-27,1,train,REPEATED,19,59,5,repeated_peaks,ONSET,53816,53861,215.90276527404785,216.08329939842224,0.18454599380493164,53897.0,1.184074101179595,0.9519350019919568
jaw,HR-2-27-26-(01).csv,/Users/yanivnaggar/Desktop/Spring 2026/IS/OPENBCI_runs/Yaniv/HR-2-27-26-(01).csv,2026-02-27,1,train,REPEATED,19,59,5,repeated_peaks,ACTIVE,53862,53909,216.08731126785278,216.27586913108826,0.19256973266601562,53897.0,1.184074101179595,0.9519350019919568
jaw,HR-2-27-26-(01).csv,/Users/yanivnaggar/Desktop/Spring 2026/IS/OPENBCI_runs/Yaniv/HR-2-27-26-(01).csv,2026-02-27,1,train,REPEATED,19,59,5,repeated_peaks,OFFSET,53910,53955,216.2798810005188,216.4604151248932,0.18454599380493164,53897.0,1.184074101179595,0.9519350019919568
jaw,HR-2-27-26-(01).csv,/Users/yanivnaggar/Desktop/Spring 2026/IS/OPENBCI_runs/Yaniv/HR-2-27-26-(01).csv,2026-02-27,1,train,REPEATED,19,60,6,repeated_peaks,ONSET,54033,54068,216.77334094047546,216.91375637054443,0.14442729949951172,54087.0,1.0375597934124274,0.7669190363281273
jaw,HR-2-27-26-(01).csv,/Users/yanivnaggar/Desktop/Spring 2026/IS/OPENBCI_runs/Yaniv/HR-2-27-26-(01).csv,2026-02-27,1,train,REPEATED,19,60,6,repeated_peaks,ACTIVE,54069,54105,216.91776823997498,217.0621955394745,0.1484391689300537,54087.0,1.0375597934124274,0.7669190363281273
jaw,HR-2-27-26-(01).csv,/Users/yanivnaggar/Desktop/Spring 2026/IS/OPENBCI_runs/Yaniv/HR-2-27-26-(01).csv,2026-02-27,1,train,REPEATED,19,60,6,repeated_peaks,OFFSET,54106,54141,217.06620740890503,217.206622838974,0.14442729949951172,54087.0,1.0375597934124274,0.7669190363281273
jaw,HR-2-27-26-(01).csv,/Users/yanivnaggar/Desktop/Spring 2026/IS/OPENBCI_runs/Yaniv/HR-2-27-26-(01).csv,2026-02-27,1,train,REPEATED,19,61,7,repeated_peaks,ONSET,54213,54246,217.49547743797302,217.6278691291809,0.13640356063842773,54264.0,1.3419214478549888,1.120820133143014
jaw,HR-2-27-26-(01).csv,/Users/yanivnaggar/Desktop/Spring 2026/IS/OPENBCI_runs/Yaniv/HR-2-27-26-(01).csv,2026-02-27,1,train,REPEATED,19,61,7,repeated_peaks,ACTIVE,54247,54283,217.63188099861145,217.77630829811096,0.1484391689300537,54264.0,1.3419214478549888,1.120820133143014
jaw,HR-2-27-26-(01).csv,/Users/yanivnaggar/Desktop/Spring 2026/IS/OPENBCI_runs/Yaniv/HR-2-27-26-(01).csv,2026-02-27,1,train,REPEATED,19,61,7,repeated_peaks,OFFSET,54284,54317,217.7803201675415,217.9127118587494,0.13640356063842773,54264.0,1.3419214478549888,1.120820133143014
jaw,HR-2-27-26-(01).csv,/Users/yanivnaggar/Desktop/Spring 2026/IS/OPENBCI_runs/Yaniv/HR-2-27-26-(01).csv,2026-02-27,1,train,REPEATED,19,62,8,repeated_peaks,ONSET,54394,54426,218.22162580490112,218.35000562667847,0.13239169120788574,54442.0,0.9654765535923301,0.7031773205631031
jaw,HR-2-27-26-(01).csv,/Users/yanivnaggar/Desktop/Spring 2026/IS/OPENBCI_runs/Yaniv/HR-2-27-26-(01).csv,2026-02-27,1,train,REPEATED,19,62,8,repeated_peaks,ACTIVE,54427,54463,218.354017496109,218.49844479560852,0.1484391689300537,54442.0,0.9654765535923301,0.7031773205631031
jaw,HR-2-27-26-(01).csv,/Users/yanivnaggar/Desktop/Spring 2026/IS/OPENBCI_runs/Yaniv/HR-2-27-26-(01).csv,2026-02-27,1,train,REPEATED,19,62,8,repeated_peaks,OFFSET,54464,54496,218.50245666503906,218.6308364868164,0.13239169120788574,54442.0,0.9654765535923301,0.7031773205631031
jaw,HR-2-27-26-(01).csv,/Users/yanivnaggar/Desktop/Spring 2026/IS/OPENBCI_runs/Yaniv/HR-2-27-26-(01).csv,2026-02-27,1,train,REPEATED,19,63,9,repeated_peaks,ONSET,54564,54600,218.90364360809326,219.04807090759277,0.1484391689300537,54614.0,1.0722253333493876,0.8409887622729117
jaw,HR-2-27-26-(01).csv,/Users/yanivnaggar/Desktop/Spring 2026/IS/OPENBCI_runs/Yaniv/HR-2-27-26-(01).csv,2026-02-27,1,train,REPEATED,19,63,9,repeated_peaks,ACTIVE,54601,54637,219.05208277702332,219.19651007652283,0.1484391689300537,54614.0,1.0722253333493876,0.8409887622729117
jaw,HR-2-27-26-(01).csv,/Users/yanivnaggar/Desktop/Spring 2026/IS/OPENBCI_runs/Yaniv/HR-2-27-26-(01).csv,2026-02-27,1,train,REPEATED,19,63,9,repeated_peaks,OFFSET,54638,54674,219.20052194595337,219.34494924545288,0.1484391689300537,54614.0,1.0722253333493876,0.8409887622729117
jaw,HR-2-27-26-(01).csv,/Users/yanivnaggar/Desktop/Spring 2026/IS/OPENBCI_runs/Yaniv/HR-2-27-26-(01).csv,2026-02-27,1,train,REPEATED,19,64,10,repeated_peaks,ONSET,54744,54779,219.62578010559082,219.7661955356598,0.14442729949951172,54800.0,0.8570387545906556,0.580071227006318
jaw,HR-2-27-26-(01).csv,/Users/yanivnaggar/Desktop/Spring 2026/IS/OPENBCI_runs/Yaniv/HR-2-27-26-(01).csv,2026-02-27,1,train,REPEATED,19,64,10,repeated_peaks,ACTIVE,54780,54816,219.77020740509033,219.91463470458984,0.1484391689300537,54800.0,0.8570387545906556,0.580071227006318
jaw,HR-2-27-26-(01).csv,/Users/yanivnaggar/Desktop/Spring 2026/IS/OPENBCI_runs/Yaniv/HR-2-27-26-(01).csv,2026-02-27,1,train,REPEATED,19,64,10,repeated_peaks,OFFSET,54817,54852,219.91864657402039,220.05906200408936,0.14442729949951172,54800.0,0.8570387545906556,0.580071227006318
jaw,HR-2-27-26-(01).csv,/Users/yanivnaggar/Desktop/Spring 2026/IS/OPENBCI_runs/Yaniv/HR-2-27-26-(01).csv,2026-02-27,1,train,HOLD,21,65,0,hold_marker_edges,ONSET,59215,59264,237.56284832954407,237.75942993164062,0.2005934715270996,,,
jaw,HR-2-27-26-(01).csv,/Users/yanivnaggar/Desktop/Spring 2026/IS/OPENBCI_runs/Yaniv/HR-2-27-26-(01).csv,2026-02-27,1,train,HOLD,21,65,0,hold_marker_edges,ACTIVE,59265,61223,237.76344180107117,245.6186821460724,7.859252214431764,,,
jaw,HR-2-27-26-(01).csv,/Users/yanivnaggar/Desktop/Spring 2026/IS/OPENBCI_runs/Yaniv/HR-2-27-26-(01).csv,2026-02-27,1,train,HOLD,21,65,0,hold_marker_edges,OFFSET,61224,61273,245.62269401550293,245.8192756175995,0.2005934715270996,,,
jaw,HR-2-27-26-(01).csv,/Users/yanivnaggar/Desktop/Spring 2026/IS/OPENBCI_runs/Yaniv/HR-2-27-26-(01).csv,2026-02-27,1,train,REPEATED,23,66,0,repeated_peaks,ONSET,62845,62877,252.12593436241153,252.25431418418887,0.13239169120788574,62895.0,1.0228543761179505,0.8017549509096944
jaw,HR-2-27-26-(01).csv,/Users/yanivnaggar/Desktop/Spring 2026/IS/OPENBCI_runs/Yaniv/HR-2-27-26-(01).csv,2026-02-27,1,train,REPEATED,23,66,0,repeated_peaks,ACTIVE,62878,62914,252.2583260536194,252.40275335311892,0.1484391689300537,62895.0,1.0228543761179505,0.8017549509096944
jaw,HR-2-27-26-(01).csv,/Users/yanivnaggar/Desktop/Spring 2026/IS/OPENBCI_runs/Yaniv/HR-2-27-26-(01).csv,2026-02-27,1,train,REPEATED,23,66,0,repeated_peaks,OFFSET,62915,62947,252.40676522254947,252.5351450443268,0.13239169120788574,62895.0,1.0228543761179505,0.8017549509096944
jaw,HR-2-27-26-(01).csv,/Users/yanivnaggar/Desktop/Spring 2026/IS/OPENBCI_runs/Yaniv/HR-2-27-26-(01).csv,2026-02-27,1,train,REPEATED,23,67,1,repeated_peaks,ONSET,63005,63037,252.76783347129825,252.8962132930756,0.13239169120788574,63058.0,1.0952547642986838,0.88564425636365
jaw,HR-2-27-26-(01).csv,/Users/yanivnaggar/Desktop/Spring 2026/IS/OPENBCI_runs/Yaniv/HR-2-27-26-(01).csv,2026-02-27,1,train,REPEATED,23,67,1,repeated_peaks,ACTIVE,63038,63074,252.90022516250613,253.04465246200564,0.1484391689300537,63058.0,1.0952547642986838,0.88564425636365
jaw,HR-2-27-26-(01).csv,/Users/yanivnaggar/Desktop/Spring 2026/IS/OPENBCI_runs/Yaniv/HR-2-27-26-(01).csv,2026-02-27,1,train,REPEATED,23,67,1,repeated_peaks,OFFSET,63075,63108,253.04866433143619,253.18105602264407,0.13640356063842773,63058.0,1.0952547642986838,0.88564425636365
jaw,HR-2-27-26-(01).csv,/Users/yanivnaggar/Desktop/Spring 2026/IS/OPENBCI_runs/Yaniv/HR-2-27-26-(01).csv,2026-02-27,1,train,REPEATED,23,68,2,repeated_peaks,ONSET,63169,63203,253.42578005790713,253.56218361854556,0.14041543006896973,63224.0,1.041388293907493,0.8242110279186389
jaw,HR-2-27-26-(01).csv,/Users/yanivnaggar/Desktop/Spring 2026/IS/OPENBCI_runs/Yaniv/HR-2-27-26-(01).csv,2026-02-27,1,train,REPEATED,23,68,2,repeated_peaks,ACTIVE,63204,63240,253.5661954879761,253.71062278747561,0.1484391689300537,63224.0,1.041388293907493,0.8242110279186389
jaw,HR-2-27-26-(01).csv,/Users/yanivnaggar/Desktop/Spring 2026/IS/OPENBCI_runs/Yaniv/HR-2-27-26-(01).csv,2026-02-27,1,train,REPEATED,23,68,2,repeated_peaks,OFFSET,63241,63275,253.71463465690616,253.85103821754458,0.14041543006896973,63224.0,1.041388293907493,0.8242110279186389
jaw,HR-2-27-26-(01).csv,/Users/yanivnaggar/Desktop/Spring 2026/IS/OPENBCI_runs/Yaniv/HR-2-27-26-(01).csv,2026-02-27,1,train,REPEATED,23,69,3,repeated_peaks,ONSET,63327,63371,254.05965542793277,254.23617768287662,0.18053412437438965,63380.0,1.2550319077668484,0.9038616869974649
jaw,HR-2-27-26-(01).csv,/Users/yanivnaggar/Desktop/Spring 2026/IS/OPENBCI_runs/Yaniv/HR-2-27-26-(01).csv,2026-02-27,1,train,REPEATED,23,69,3,repeated_peaks,ACTIVE,63372,63418,254.24018955230716,254.4247355461121,0.18855786323547363,63380.0,1.2550319077668484,0.9038616869974649
jaw,HR-2-27-26-(01).csv,/Users/yanivnaggar/Desktop/Spring 2026/IS/OPENBCI_runs/Yaniv/HR-2-27-26-(01).csv,2026-02-27,1,train,REPEATED,23,69,3,repeated_peaks,OFFSET,63419,63463,254.42874741554263,254.60526967048648,0.18053412437438965,63380.0,1.2550319077668484,0.9038616869974649
jaw,HR-2-27-26-(01).csv,/Users/yanivnaggar/Desktop/Spring 2026/IS/OPENBCI_runs/Yaniv/HR-2-27-26-(01).csv,2026-02-27,1,train,REPEATED,23,70,4,repeated_peaks,ONSET,63465,63514,254.61329340934756,254.80987501144412,0.2005934715270996,63548.0,1.3684569291408608,1.1319726033431186
jaw,HR-2-27-26-(01).csv,/Users/yanivnaggar/Desktop/Spring 2026/IS/OPENBCI_runs/Yaniv/HR-2-27-26-(01).csv,2026-02-27,1,train,REPEATED,23,70,4,repeated_peaks,ACTIVE,63515,63580,254.81388688087466,255.0746583938599,0.2647833824157715,63548.0,1.3684569291408608,1.1319726033431186
jaw,HR-2-27-26-(01).csv,/Users/yanivnaggar/Desktop/Spring 2026/IS/OPENBCI_runs/Yaniv/HR-2-27-26-(01).csv,2026-02-27,1,train,REPEATED,23,70,4,repeated_peaks,OFFSET,63581,63630,255.07867026329043,255.275251865387,0.2005934715270996,63548.0,1.3684569291408608,1.1319726033431186
jaw,HR-2-27-26-(01).csv,/Users/yanivnaggar/Desktop/Spring 2026/IS/OPENBCI_runs/Yaniv/HR-2-27-26-(01).csv,2026-02-27,1,train,REPEATED,23,71,5,repeated_peaks,ONSET,63632,63680,255.28327560424808,255.4758453369141,0.19658160209655762,63714.0,1.162161720741123,0.7969431731187961
jaw,HR-2-27-26-(01).csv,/Users/yanivnaggar/Desktop/Spring 2026/IS/OPENBCI_runs/Yaniv/HR-2-27-26-(01).csv,2026-02-27,1,train,REPEATED,23,71,5,repeated_peaks,ACTIVE,63681,63730,255.47985720634463,255.6764388084412,0.2005934715270996,63714.0,1.162161720741123,0.7969431731187961
jaw,HR-2-27-26-(01).csv,/Users/yanivnaggar/Desktop/Spring 2026/IS/OPENBCI_runs/Yaniv/HR-2-27-26-(01).csv,2026-02-27,1,train,REPEATED,23,71,5,repeated_peaks,OFFSET,63731,63779,255.68045067787173,255.87302041053775,0.19658160209655762,63714.0,1.162161720741123,0.7969431731187961
jaw,HR-2-27-26-(01).csv,/Users/yanivnaggar/Desktop/Spring 2026/IS/OPENBCI_runs/Yaniv/HR-2-27-26-(01).csv,2026-02-27,1,train,REPEATED,23,72,6,repeated_peaks,ONSET,63814,63858,256.0134358406067,256.18995809555054,0.18053412437438965,63889.0,1.2001738714743615,0.9168517376607934
jaw,HR-2-27-26-(01).csv,/Users/yanivnaggar/Desktop/Spring 2026/IS/OPENBCI_runs/Yaniv/HR-2-27-26-(01).csv,2026-02-27,1,train,REPEATED,23,72,6,repeated_peaks,ACTIVE,63859,63904,256.1939699649811,256.37450408935547,0.18454599380493164,63889.0,1.2001738714743615,0.9168517376607934
jaw,HR-2-27-26-(01).csv,/Users/yanivnaggar/Desktop/Spring 2026/IS/OPENBCI_runs/Yaniv/HR-2-27-26-(01).csv,2026-02-27,1,train,REPEATED,23,72,6,repeated_peaks,OFFSET,63905,63949,256.378515958786,256.55503821372986,0.18053412437438965,63889.0,1.2001738714743615,0.9168517376607934
jaw,HR-2-27-26-(01).csv,/Users/yanivnaggar/Desktop/Spring 2026/IS/OPENBCI_runs/Yaniv/HR-2-27-26-(01).csv,2026-02-27,1,train,REPEATED,23,73,7,repeated_peaks,ONSET,63973,64022,256.65132308006287,256.8479046821594,0.2005934715270996,64056.0,1.1238185256129811,0.8143773837565982
jaw,HR-2-27-26-(01).csv,/Users/yanivnaggar/Desktop/Spring 2026/IS/OPENBCI_runs/Yaniv/HR-2-27-26-(01).csv,2026-02-27,1,train,REPEATED,23,73,7,repeated_peaks,ACTIVE,64023,64077,256.85191655158997,257.06855750083923,0.22065281867980957,64056.0,1.1238185256129811,0.8143773837565982
jaw,HR-2-27-26-(01).csv,/Users/yanivnaggar/Desktop/Spring 2026/IS/OPENBCI_runs/Yaniv/HR-2-27-26-(01).csv,2026-02-27,1,train,REPEATED,23,73,7,repeated_peaks,OFFSET,64078,64127,257.0725693702698,257.26915097236633,0.2005934715270996,64056.0,1.1238185256129811,0.8143773837565982
jaw,HR-2-27-26-(01).csv,/Users/yanivnaggar/Desktop/Spring 2026/IS/OPENBCI_runs/Yaniv/HR-2-27-26-(01).csv,2026-02-27,1,train,REPEATED,23,74,8,repeated_peaks,ONSET,64150,64188,257.3614239692688,257.5138750076294,0.1564629077911377,64216.0,0.9242347939995336,0.6063500380360975
jaw,HR-2-27-26-(01).csv,/Users/yanivnaggar/Desktop/Spring 2026/IS/OPENBCI_runs/Yaniv/HR-2-27-26-(01).csv,2026-02-27,1,train,REPEATED,23,74,8,repeated_peaks,ACTIVE,64189,64229,257.51788687705994,257.6783616542816,0.16448664665222168,64216.0,0.9242347939995336,0.6063500380360975
jaw,HR-2-27-26-(01).csv,/Users/yanivnaggar/Desktop/Spring 2026/IS/OPENBCI_runs/Yaniv/HR-2-27-26-(01).csv,2026-02-27,1,train,REPEATED,23,74,8,repeated_peaks,OFFSET,64230,64268,257.68237352371216,257.83482456207275,0.1564629077911377,64216.0,0.9242347939995336,0.6063500380360975
jaw,HR-2-27-26-(01).csv,/Users/yanivnaggar/Desktop/Spring 2026/IS/OPENBCI_runs/Yaniv/HR-2-27-26-(01).csv,2026-02-27,1,train,REPEATED,23,75,9,repeated_peaks,ONSET,64328,64374,258.0755367279053,258.2600827217102,0.18855786323547363,64402.0,1.0321999615788722,0.7484652027808674
jaw,HR-2-27-26-(01).csv,/Users/yanivnaggar/Desktop/Spring 2026/IS/OPENBCI_runs/Yaniv/HR-2-27-26-(01).csv,2026-02-27,1,train,REPEATED,23,75,9,repeated_peaks,ACTIVE,64375,64422,258.26409459114075,258.4526524543762,0.19256973266601562,64402.0,1.0321999615788722,0.7484652027808674
jaw,HR-2-27-26-(01).csv,/Users/yanivnaggar/Desktop/Spring 2026/IS/OPENBCI_runs/Yaniv/HR-2-27-26-(01).csv,2026-02-27,1,train,REPEATED,23,75,9,repeated_peaks,OFFSET,64423,64469,258.45666432380676,258.6412103176117,0.18855786323547363,64402.0,1.0321999615788722,0.7484652027808674
jaw,HR-2-27-26-(01).csv,/Users/yanivnaggar/Desktop/Spring 2026/IS/OPENBCI_runs/Yaniv/HR-2-27-26-(01).csv,2026-02-27,1,train,REPEATED,23,76,10,repeated_peaks,ONSET,64492,64536,258.73348331451416,258.910005569458,0.18053412437438965,64569.0,1.2051542068966115,0.9479006243945493
jaw,HR-2-27-26-(01).csv,/Users/yanivnaggar/Desktop/Spring 2026/IS/OPENBCI_runs/Yaniv/HR-2-27-26-(01).csv,2026-02-27,1,train,REPEATED,23,76,10,repeated_peaks,ACTIVE,64537,64582,258.91401743888855,259.09455156326294,0.18454599380493164,64569.0,1.2051542068966115,0.9479006243945493
jaw,HR-2-27-26-(01).csv,/Users/yanivnaggar/Desktop/Spring 2026/IS/OPENBCI_runs/Yaniv/HR-2-27-26-(01).csv,2026-02-27,1,train,REPEATED,23,76,10,repeated_peaks,OFFSET,64583,64627,259.0985634326935,259.27508568763733,0.18053412437438965,64569.0,1.2051542068966115,0.9479006243945493
jaw,HR-2-27-26-(01).csv,/Users/yanivnaggar/Desktop/Spring 2026/IS/OPENBCI_runs/Yaniv/HR-2-27-26-(01).csv,2026-02-27,1,train,REPEATED,23,77,11,repeated_peaks,ONSET,64690,64728,259.5278334617615,259.68028450012207,0.1564629077911377,64748.0,1.0225824830442314,0.7234191700097139
jaw,HR-2-27-26-(01).csv,/Users/yanivnaggar/Desktop/Spring 2026/IS/OPENBCI_runs/Yaniv/HR-2-27-26-(01).csv,2026-02-27,1,train,REPEATED,23,77,11,repeated_peaks,ACTIVE,64729,64767,259.6842963695526,259.8367474079132,0.1564629077911377,64748.0,1.0225824830442314,0.7234191700097139
jaw,HR-2-27-26-(01).csv,/Users/yanivnaggar/Desktop/Spring 2026/IS/OPENBCI_runs/Yaniv/HR-2-27-26-(01).csv,2026-02-27,1,train,REPEATED,23,77,11,repeated_peaks,OFFSET,64768,64806,259.84075927734375,259.99321031570435,0.1564629077911377,64748.0,1.0225824830442314,0.7234191700097139
jaw,HR-2-27-26-(01).csv,/Users/yanivnaggar/Desktop/Spring 2026/IS/OPENBCI_runs/Yaniv/HR-2-27-26-(01).csv,2026-02-27,1,train,REPEATED,23,78,12,repeated_peaks,ONSET,64832,64878,260.09751892089844,260.28206491470337,0.18855786323547363,64904.0,1.1310834456853631,0.8593537132498952
jaw,HR-2-27-26-(01).csv,/Users/yanivnaggar/Desktop/Spring 2026/IS/OPENBCI_runs/Yaniv/HR-2-27-26-(01).csv,2026-02-27,1,train,REPEATED,23,78,12,repeated_peaks,ACTIVE,64879,64927,260.2860767841339,260.4786465167999,0.19658160209655762,64904.0,1.1310834456853631,0.8593537132498952
jaw,HR-2-27-26-(01).csv,/Users/yanivnaggar/Desktop/Spring 2026/IS/OPENBCI_runs/Yaniv/HR-2-27-26-(01).csv,2026-02-27,1,train,REPEATED,23,78,12,repeated_peaks,OFFSET,64928,64974,260.48265838623047,260.6672043800354,0.18855786323547363,64904.0,1.1310834456853631,0.8593537132498952
jaw,HR-2-27-26-(01).csv,/Users/yanivnaggar/Desktop/Spring 2026/IS/OPENBCI_runs/Yaniv/HR-2-27-26-(01).csv,2026-02-27,1,train,REPEATED,25,79,0,repeated_peaks,ONSET,72754,72797,291.8795485496521,292.0520589351654,0.17652225494384766,72822.0,1.3176081765910896,1.1221253223934171
jaw,HR-2-27-26-(01).csv,/Users/yanivnaggar/Desktop/Spring 2026/IS/OPENBCI_runs/Yaniv/HR-2-27-26-(01).csv,2026-02-27,1,train,REPEATED,25,79,0,repeated_peaks,ACTIVE,72798,72842,292.05607080459595,292.2325930595398,0.18053412437438965,72822.0,1.3176081765910896,1.1221253223934171
jaw,HR-2-27-26-(01).csv,/Users/yanivnaggar/Desktop/Spring 2026/IS/OPENBCI_runs/Yaniv/HR-2-27-26-(01).csv,2026-02-27,1,train,REPEATED,25,79,0,repeated_peaks,OFFSET,72843,72886,292.23660492897034,292.40911531448364,0.17652225494384766,72822.0,1.3176081765910896,1.1221253223934171
jaw,HR-2-27-26-(01).csv,/Users/yanivnaggar/Desktop/Spring 2026/IS/OPENBCI_runs/Yaniv/HR-2-27-26-(01).csv,2026-02-27,1,train,REPEATED,25,80,1,repeated_peaks,ONSET,72957,73000,292.6939580440521,292.86646842956543,0.17652225494384766,73019.0,1.3788335373198588,1.2298064530822779
jaw,HR-2-27-26-(01).csv,/Users/yanivnaggar/Desktop/Spring 2026/IS/OPENBCI_runs/Yaniv/HR-2-27-26-(01).csv,2026-02-27,1,train,REPEATED,25,80,1,repeated_peaks,ACTIVE,73001,73045,292.870480298996,293.0470025539398,0.18053412437438965,73019.0,1.3788335373198588,1.2298064530822779
jaw,HR-2-27-26-(01).csv,/Users/yanivnaggar/Desktop/Spring 2026/IS/OPENBCI_runs/Yaniv/HR-2-27-26-(01).csv,2026-02-27,1,train,REPEATED,25,80,1,repeated_peaks,OFFSET,73046,73089,293.05101442337036,293.22352480888367,0.17652225494384766,73019.0,1.3788335373198588,1.2298064530822779
jaw,HR-2-27-26-(01).csv,/Users/yanivnaggar/Desktop/Spring 2026/IS/OPENBCI_runs/Yaniv/HR-2-27-26-(01).csv,2026-02-27,1,train,REPEATED,25,81,2,repeated_peaks,ONSET,73110,73159,293.30777406692505,293.5043556690216,0.2005934715270996,73199.0,1.247897698372759,0.9161156361198156
jaw,HR-2-27-26-(01).csv,/Users/yanivnaggar/Desktop/Spring 2026/IS/OPENBCI_runs/Yaniv/HR-2-27-26-(01).csv,2026-02-27,1,train,REPEATED,25,81,2,repeated_peaks,ACTIVE,73160,73210,293.50836753845215,293.70896100997925,0.2046053409576416,73199.0,1.247897698372759,0.9161156361198156
jaw,HR-2-27-26-(01).csv,/Users/yanivnaggar/Desktop/Spring 2026/IS/OPENBCI_runs/Yaniv/HR-2-27-26-(01).csv,2026-02-27,1,train,REPEATED,25,81,2,repeated_peaks,OFFSET,73211,73260,293.7129728794098,293.90955448150635,0.2005934715270996,73199.0,1.247897698372759,0.9161156361198156
jaw,HR-2-27-26-(01).csv,/Users/yanivnaggar/Desktop/Spring 2026/IS/OPENBCI_runs/Yaniv/HR-2-27-26-(01).csv,2026-02-27,1,train,REPEATED,25,82,3,repeated_peaks,ONSET,73329,73367,294.18637347221375,294.33882451057434,0.1564629077911377,73386.0,1.014960698788226,0.773694152862477
jaw,HR-2-27-26-(01).csv,/Users/yanivnaggar/Desktop/Spring 2026/IS/OPENBCI_runs/Yaniv/HR-2-27-26-(01).csv,2026-02-27,1,train,REPEATED,25,82,3,repeated_peaks,ACTIVE,73368,73407,294.3428363800049,294.499299287796,0.1604747772216797,73386.0,1.014960698788226,0.773694152862477
jaw,HR-2-27-26-(01).csv,/Users/yanivnaggar/Desktop/Spring 2026/IS/OPENBCI_runs/Yaniv/HR-2-27-26-(01).csv,2026-02-27,1,train,REPEATED,25,82,3,repeated_peaks,OFFSET,73408,73446,294.50331115722656,294.65576219558716,0.1564629077911377,73386.0,1.014960698788226,0.773694152862477
jaw,HR-2-27-26-(01).csv,/Users/yanivnaggar/Desktop/Spring 2026/IS/OPENBCI_runs/Yaniv/HR-2-27-26-(01).csv,2026-02-27,1,train,REPEATED,25,83,4,repeated_peaks,ONSET,73513,73553,294.9245574474335,295.08503222465515,0.16448664665222168,73574.0,1.083064137563604,0.8563302553608758
jaw,HR-2-27-26-(01).csv,/Users/yanivnaggar/Desktop/Spring 2026/IS/OPENBCI_runs/Yaniv/HR-2-27-26-(01).csv,2026-02-27,1,train,REPEATED,25,83,4,repeated_peaks,ACTIVE,73554,73594,295.0890440940857,295.2495188713074,0.16448664665222168,73574.0,1.083064137563604,0.8563302553608758
jaw,HR-2-27-26-(01).csv,/Users/yanivnaggar/Desktop/Spring 2026/IS/OPENBCI_runs/Yaniv/HR-2-27-26-(01).csv,2026-02-27,1,train,REPEATED,25,83,4,repeated_peaks,OFFSET,73595,73635,295.2535307407379,295.4140055179596,0.16448664665222168,73574.0,1.083064137563604,0.8563302553608758
jaw,HR-2-27-26-(01).csv,/Users/yanivnaggar/Desktop/Spring 2026/IS/OPENBCI_runs/Yaniv/HR-2-27-26-(01).csv,2026-02-27,1,train,REPEATED,25,84,5,repeated_peaks,ONSET,73699,73739,295.6707651615143,295.83123993873596,0.16448664665222168,73758.0,1.1738609314072586,0.8978626072554237
jaw,HR-2-27-26-(01).csv,/Users/yanivnaggar/Desktop/Spring 2026/IS/OPENBCI_runs/Yaniv/HR-2-27-26-(01).csv,2026-02-27,1,train,REPEATED,25,84,5,repeated_peaks,ACTIVE,73740,73780,295.8352518081665,295.9957265853882,0.16448664665222168,73758.0,1.1738609314072586,0.8978626072554237
jaw,HR-2-27-26-(01).csv,/Users/yanivnaggar/Desktop/Spring 2026/IS/OPENBCI_runs/Yaniv/HR-2-27-26-(01).csv,2026-02-27,1,train,REPEATED,25,84,5,repeated_peaks,OFFSET,73781,73821,295.9997384548187,296.1602132320404,0.16448664665222168,73758.0,1.1738609314072586,0.8978626072554237
jaw,HR-2-27-26-(01).csv,/Users/yanivnaggar/Desktop/Spring 2026/IS/OPENBCI_runs/Yaniv/HR-2-27-26-(01).csv,2026-02-27,1,train,REPEATED,25,85,6,repeated_peaks,ONSET,73878,73922,296.3888897895813,296.56541204452515,0.18053412437438965,73943.0,1.200094539640897,0.9190470090039948
jaw,HR-2-27-26-(01).csv,/Users/yanivnaggar/Desktop/Spring 2026/IS/OPENBCI_runs/Yaniv/HR-2-27-26-(01).csv,2026-02-27,1,train,REPEATED,25,85,6,repeated_peaks,ACTIVE,73923,73968,296.5694239139557,296.7499580383301,0.18454599380493164,73943.0,1.200094539640897,0.9190470090039948
jaw,HR-2-27-26-(01).csv,/Users/yanivnaggar/Desktop/Spring 2026/IS/OPENBCI_runs/Yaniv/HR-2-27-26-(01).csv,2026-02-27,1,train,REPEATED,25,85,6,repeated_peaks,OFFSET,73969,74013,296.7539699077606,296.93049216270447,0.18053412437438965,73943.0,1.200094539640897,0.9190470090039948
jaw,HR-2-27-26-(01).csv,/Users/yanivnaggar/Desktop/Spring 2026/IS/OPENBCI_runs/Yaniv/HR-2-27-26-(01).csv,2026-02-27,1,train,REPEATED,25,86,7,repeated_peaks,ONSET,74063,74112,297.13108563423157,297.3276672363281,0.2005934715270996,74182.0,1.0535770955672985,0.7414895195241364
jaw,HR-2-27-26-(01).csv,/Users/yanivnaggar/Desktop/Spring 2026/IS/OPENBCI_runs/Yaniv/HR-2-27-26-(01).csv,2026-02-27,1,train,REPEATED,25,86,7,repeated_peaks,ACTIVE,74113,74190,297.33167910575867,297.6405930519104,0.3129258155822754,74182.0,1.0535770955672985,0.7414895195241364
jaw,HR-2-27-26-(01).csv,/Users/yanivnaggar/Desktop/Spring 2026/IS/OPENBCI_runs/Yaniv/HR-2-27-26-(01).csv,2026-02-27,1,train,REPEATED,25,86,7,repeated_peaks,OFFSET,74191,74240,297.64460492134094,297.8411865234375,0.2005934715270996,74182.0,1.0535770955672985,0.7414895195241364
jaw,HR-2-27-26-(01).csv,/Users/yanivnaggar/Desktop/Spring 2026/IS/OPENBCI_runs/Yaniv/HR-2-27-26-(01).csv,2026-02-27,1,train,REPEATED,25,87,8,repeated_peaks,ONSET,74264,74313,297.9374713897705,298.13405299186707,0.2005934715270996,74344.0,1.0957670705627878,0.7945305980665497
jaw,HR-2-27-26-(01).csv,/Users/yanivnaggar/Desktop/Spring 2026/IS/OPENBCI_runs/Yaniv/HR-2-27-26-(01).csv,2026-02-27,1,train,REPEATED,25,87,8,repeated_peaks,ACTIVE,74314,74371,298.1380648612976,298.3667414188385,0.23268842697143555,74344.0,1.0957670705627878,0.7945305980665497
jaw,HR-2-27-26-(01).csv,/Users/yanivnaggar/Desktop/Spring 2026/IS/OPENBCI_runs/Yaniv/HR-2-27-26-(01).csv,2026-02-27,1,train,REPEATED,25,87,8,repeated_peaks,OFFSET,74372,74421,298.37075328826904,298.5673348903656,0.2005934715270996,74344.0,1.0957670705627878,0.7945305980665497
jaw,HR-2-27-26-(01).csv,/Users/yanivnaggar/Desktop/Spring 2026/IS/OPENBCI_runs/Yaniv/HR-2-27-26-(01).csv,2026-02-27,1,train,REPEATED,25,88,9,repeated_peaks,ONSET,74423,74471,298.5753586292267,298.7679283618927,0.19658160209655762,74500.0,0.616134153214121,0.2701789625288128
jaw,HR-2-27-26-(01).csv,/Users/yanivnaggar/Desktop/Spring 2026/IS/OPENBCI_runs/Yaniv/HR-2-27-26-(01).csv,2026-02-27,1,train,REPEATED,25,88,9,repeated_peaks,ACTIVE,74472,74520,298.77194023132324,298.96450996398926,0.19658160209655762,74500.0,0.616134153214121,0.2701789625288128
jaw,HR-2-27-26-(01).csv,/Users/yanivnaggar/Desktop/Spring 2026/IS/OPENBCI_runs/Yaniv/HR-2-27-26-(01).csv,2026-02-27,1,train,REPEATED,25,88,9,repeated_peaks,OFFSET,74521,74569,298.9685218334198,299.1610915660858,0.19658160209655762,74500.0,0.616134153214121,0.2701789625288128
jaw,HR-2-27-26-(01).csv,/Users/yanivnaggar/Desktop/Spring 2026/IS/OPENBCI_runs/Yaniv/HR-2-27-26-(01).csv,2026-02-27,1,train,HOLD,27,89,0,hold_marker_edges,ONSET,79589,79638,319.3006761074066,319.4972577095032,0.2005934715270996,,,
jaw,HR-2-27-26-(01).csv,/Users/yanivnaggar/Desktop/Spring 2026/IS/OPENBCI_runs/Yaniv/HR-2-27-26-(01).csv,2026-02-27,1,train,HOLD,27,89,0,hold_marker_edges,ACTIVE,79639,81819,319.5012695789337,328.24714493751526,8.749887228012085,,,
jaw,HR-2-27-26-(01).csv,/Users/yanivnaggar/Desktop/Spring 2026/IS/OPENBCI_runs/Yaniv/HR-2-27-26-(01).csv,2026-02-27,1,train,HOLD,27,89,0,hold_marker_edges,OFFSET,81820,81869,328.2511568069458,328.44773840904236,0.2005934715270996,,,
jaw,HR-2-27-26-(01).csv,/Users/yanivnaggar/Desktop/Spring 2026/IS/OPENBCI_runs/Yaniv/HR-2-27-26-(01).csv,2026-02-27,1,train,REPEATED,29,90,0,repeated_peaks,ONSET,83303,83352,334.2007591724396,334.39734077453613,0.2005934715270996,83381.0,1.83798505651743,1.6134537964789915
jaw,HR-2-27-26-(01).csv,/Users/yanivnaggar/Desktop/Spring 2026/IS/OPENBCI_runs/Yaniv/HR-2-27-26-(01).csv,2026-02-27,1,train,REPEATED,29,90,0,repeated_peaks,ACTIVE,83353,83404,334.4013526439667,334.6059579849243,0.2086172103881836,83381.0,1.83798505651743,1.6134537964789915
jaw,HR-2-27-26-(01).csv,/Users/yanivnaggar/Desktop/Spring 2026/IS/OPENBCI_runs/Yaniv/HR-2-27-26-(01).csv,2026-02-27,1,train,REPEATED,29,90,0,repeated_peaks,OFFSET,83405,83454,334.60996985435486,334.8065514564514,0.2005934715270996,83381.0,1.83798505651743,1.6134537964789915
jaw,HR-2-27-26-(01).csv,/Users/yanivnaggar/Desktop/Spring 2026/IS/OPENBCI_runs/Yaniv/HR-2-27-26-(01).csv,2026-02-27,1,train,REPEATED,29,91,1,repeated_peaks,ONSET,83505,83554,335.01115679740906,335.2077383995056,0.2005934715270996,83578.0,1.8430450771177969,1.564970160677312
jaw,HR-2-27-26-(01).csv,/Users/yanivnaggar/Desktop/Spring 2026/IS/OPENBCI_runs/Yaniv/HR-2-27-26-(01).csv,2026-02-27,1,train,REPEATED,29,91,1,repeated_peaks,ACTIVE,83555,83618,335.21175026893616,335.4644980430603,0.2567596435546875,83578.0,1.8430450771177969,1.564970160677312
jaw,HR-2-27-26-(01).csv,/Users/yanivnaggar/Desktop/Spring 2026/IS/OPENBCI_runs/Yaniv/HR-2-27-26-(01).csv,2026-02-27,1,train,REPEATED,29,91,1,repeated_peaks,OFFSET,83619,83668,335.46850991249084,335.6650915145874,0.2005934715270996,83578.0,1.8430450771177969,1.564970160677312
jaw,HR-2-27-26-(01).csv,/Users/yanivnaggar/Desktop/Spring 2026/IS/OPENBCI_runs/Yaniv/HR-2-27-26-(01).csv,2026-02-27,1,train,REPEATED,29,92,2,repeated_peaks,ONSET,83699,83748,335.7894594669342,335.98604106903076,0.2005934715270996,83770.0,1.8861215056242602,1.5260697258288816
jaw,HR-2-27-26-(01).csv,/Users/yanivnaggar/Desktop/Spring 2026/IS/OPENBCI_runs/Yaniv/HR-2-27-26-(01).csv,2026-02-27,1,train,REPEATED,29,92,2,repeated_peaks,ACTIVE,83749,83832,335.9900529384613,336.3230381011963,0.33699703216552734,83770.0,1.8861215056242602,1.5260697258288816
jaw,HR-2-27-26-(01).csv,/Users/yanivnaggar/Desktop/Spring 2026/IS/OPENBCI_runs/Yaniv/HR-2-27-26-(01).csv,2026-02-27,1,train,REPEATED,29,92,2,repeated_peaks,OFFSET,83833,83882,336.32704997062683,336.5236315727234,0.2005934715270996,83770.0,1.8861215056242602,1.5260697258288816
jaw,HR-2-27-26-(01).csv,/Users/yanivnaggar/Desktop/Spring 2026/IS/OPENBCI_runs/Yaniv/HR-2-27-26-(01).csv,2026-02-27,1,train,REPEATED,29,93,3,repeated_peaks,ONSET,83884,83933,336.5316553115845,336.72823691368103,0.2005934715270996,83996.0,2.11046965068178,1.8878839246956474
jaw,HR-2-27-26-(01).csv,/Users/yanivnaggar/Desktop/Spring 2026/IS/OPENBCI_runs/Yaniv/HR-2-27-26-(01).csv,2026-02-27,1,train,REPEATED,29,93,3,repeated_peaks,ACTIVE,83934,84027,336.7322487831116,337.105352640152,0.37711572647094727,83996.0,2.11046965068178,1.8878839246956474
jaw,HR-2-27-26-(01).csv,/Users/yanivnaggar/Desktop/Spring 2026/IS/OPENBCI_runs/Yaniv/HR-2-27-26-(01).csv,2026-02-27,1,train,REPEATED,29,93,3,repeated_peaks,OFFSET,84028,84077,337.1093645095825,337.3059461116791,0.2005934715270996,83996.0,2.11046965068178,1.8878839246956474
jaw,HR-2-27-26-(01).csv,/Users/yanivnaggar/Desktop/Spring 2026/IS/OPENBCI_runs/Yaniv/HR-2-27-26-(01).csv,2026-02-27,1,train,REPEATED,29,94,4,repeated_peaks,ONSET,84079,84128,337.31396985054016,337.5105514526367,0.2005934715270996,84161.0,1.6151094831092492,1.1763084852603127
jaw,HR-2-27-26-(01).csv,/Users/yanivnaggar/Desktop/Spring 2026/IS/OPENBCI_runs/Yaniv/HR-2-27-26-(01).csv,2026-02-27,1,train,REPEATED,29,94,4,repeated_peaks,ACTIVE,84129,84212,337.51456332206726,337.84754848480225,0.33699703216552734,84161.0,1.6151094831092492,1.1763084852603127
jaw,HR-2-27-26-(01).csv,/Users/yanivnaggar/Desktop/Spring 2026/IS/OPENBCI_runs/Yaniv/HR-2-27-26-(01).csv,2026-02-27,1,train,REPEATED,29,94,4,repeated_peaks,OFFSET,84213,84262,337.8515603542328,338.04814195632935,0.2005934715270996,84161.0,1.6151094831092492,1.1763084852603127
jaw,HR-2-27-26-(01).csv,/Users/yanivnaggar/Desktop/Spring 2026/IS/OPENBCI_runs/Yaniv/HR-2-27-26-(01).csv,2026-02-27,1,train,REPEATED,29,95,5,repeated_peaks,ONSET,84264,84313,338.05616569519043,338.252747297287,0.2005934715270996,84365.0,2.01528431945826,1.6130655739883981
jaw,HR-2-27-26-(01).csv,/Users/yanivnaggar/Desktop/Spring 2026/IS/OPENBCI_runs/Yaniv/HR-2-27-26-(01).csv,2026-02-27,1,train,REPEATED,29,95,5,repeated_peaks,ACTIVE,84314,84416,338.25675916671753,338.6659698486328,0.4132225513458252,84365.0,2.01528431945826,1.6130655739883981
jaw,HR-2-27-26-(01).csv,/Users/yanivnaggar/Desktop/Spring 2026/IS/OPENBCI_runs/Yaniv/HR-2-27-26-(01).csv,2026-02-27,1,train,REPEATED,29,95,5,repeated_peaks,OFFSET,84417,84466,338.66998171806335,338.8665633201599,0.2005934715270996,84365.0,2.01528431945826,1.6130655739883981
jaw,HR-2-27-26-(01).csv,/Users/yanivnaggar/Desktop/Spring 2026/IS/OPENBCI_runs/Yaniv/HR-2-27-26-(01).csv,2026-02-27,1,train,REPEATED,29,96,6,repeated_peaks,ONSET,84468,84517,338.874587059021,339.07116866111755,0.2005934715270996,84570.0,1.6995106098457162,1.3194447179361468
jaw,HR-2-27-26-(01).csv,/Users/yanivnaggar/Desktop/Spring 2026/IS/OPENBCI_runs/Yaniv/HR-2-27-26-(01).csv,2026-02-27,1,train,REPEATED,29,96,6,repeated_peaks,ACTIVE,84518,84592,339.0751805305481,339.3720588684082,0.3008902072906494,84570.0,1.6995106098457162,1.3194447179361468
jaw,HR-2-27-26-(01).csv,/Users/yanivnaggar/Desktop/Spring 2026/IS/OPENBCI_runs/Yaniv/HR-2-27-26-(01).csv,2026-02-27,1,train,REPEATED,29,96,6,repeated_peaks,OFFSET,84593,84642,339.37607073783875,339.5726523399353,0.2005934715270996,84570.0,1.6995106098457162,1.3194447179361468
jaw,HR-2-27-26-(01).csv,/Users/yanivnaggar/Desktop/Spring 2026/IS/OPENBCI_runs/Yaniv/HR-2-27-26-(01).csv,2026-02-27,1,train,REPEATED,29,97,7,repeated_peaks,ONSET,84664,84713,339.6609134674072,339.8574950695038,0.2005934715270996,84756.0,1.6127500520320364,1.303275420106349
jaw,HR-2-27-26-(01).csv,/Users/yanivnaggar/Desktop/Spring 2026/IS/OPENBCI_runs/Yaniv/HR-2-27-26-(01).csv,2026-02-27,1,train,REPEATED,29,97,7,repeated_peaks,ACTIVE,84714,84804,339.8615069389343,340.2225751876831,0.3650801181793213,84756.0,1.6127500520320364,1.303275420106349
jaw,HR-2-27-26-(01).csv,/Users/yanivnaggar/Desktop/Spring 2026/IS/OPENBCI_runs/Yaniv/HR-2-27-26-(01).csv,2026-02-27,1,train,REPEATED,29,97,7,repeated_peaks,OFFSET,84805,84854,340.22658705711365,340.4231686592102,0.2005934715270996,84756.0,1.6127500520320364,1.303275420106349
jaw,HR-2-27-26-(01).csv,/Users/yanivnaggar/Desktop/Spring 2026/IS/OPENBCI_runs/Yaniv/HR-2-27-26-(01).csv,2026-02-27,1,train,REPEATED,29,98,8,repeated_peaks,ONSET,84868,84917,340.4793348312378,340.67591643333435,0.2005934715270996,84954.0,1.2919180921008868,0.9602872866957552
jaw,HR-2-27-26-(01).csv,/Users/yanivnaggar/Desktop/Spring 2026/IS/OPENBCI_runs/Yaniv/HR-2-27-26-(01).csv,2026-02-27,1,train,REPEATED,29,98,8,repeated_peaks,ACTIVE,84918,84989,340.6799283027649,340.9647710323334,0.28885459899902344,84954.0,1.2919180921008868,0.9602872866957552
jaw,HR-2-27-26-(01).csv,/Users/yanivnaggar/Desktop/Spring 2026/IS/OPENBCI_runs/Yaniv/HR-2-27-26-(01).csv,2026-02-27,1,train,REPEATED,29,98,8,repeated_peaks,OFFSET,84990,85039,340.9687829017639,341.1653645038605,0.2005934715270996,84954.0,1.2919180921008868,0.9602872866957552
jaw,HR-2-27-26-(01).csv,/Users/yanivnaggar/Desktop/Spring 2026/IS/OPENBCI_runs/Yaniv/HR-2-27-26-(01).csv,2026-02-27,1,train,REPEATED,29,99,9,repeated_peaks,ONSET,85082,85128,341.3378748893738,341.5224208831787,0.18855786323547363,85145.0,1.7460589964921156,1.4828754740859318
jaw,HR-2-27-26-(01).csv,/Users/yanivnaggar/Desktop/Spring 2026/IS/OPENBCI_runs/Yaniv/HR-2-27-26-(01).csv,2026-02-27,1,train,REPEATED,29,99,9,repeated_peaks,ACTIVE,85129,85177,341.52643275260925,341.71900248527527,0.19658160209655762,85145.0,1.7460589964921156,1.4828754740859318
jaw,HR-2-27-26-(01).csv,/Users/yanivnaggar/Desktop/Spring 2026/IS/OPENBCI_runs/Yaniv/HR-2-27-26-(01).csv,2026-02-27,1,train,REPEATED,29,99,9,repeated_peaks,OFFSET,85178,85224,341.7230143547058,341.90756034851074,0.18855786323547363,85145.0,1.7460589964921156,1.4828754740859318
jaw,HR-2-27-26-(01).csv,/Users/yanivnaggar/Desktop/Spring 2026/IS/OPENBCI_runs/Yaniv/HR-2-27-26-(01).csv,2026-02-27,1,train,REPEATED,29,100,10,repeated_peaks,ONSET,85276,85319,342.1161775588989,342.28868794441223,0.17652225494384766,85348.0,1.5152180602811272,1.2597121770018158
jaw,HR-2-27-26-(01).csv,/Users/yanivnaggar/Desktop/Spring 2026/IS/OPENBCI_runs/Yaniv/HR-2-27-26-(01).csv,2026-02-27,1,train,REPEATED,29,100,10,repeated_peaks,ACTIVE,85320,85365,342.2926998138428,342.47323393821716,0.18454599380493164,85348.0,1.5152180602811272,1.2597121770018158
jaw,HR-2-27-26-(01).csv,/Users/yanivnaggar/Desktop/Spring 2026/IS/OPENBCI_runs/Yaniv/HR-2-27-26-(01).csv,2026-02-27,1,train,REPEATED,29,100,10,repeated_peaks,OFFSET,85366,85409,342.4772458076477,342.649756193161,0.17652225494384766,85348.0,1.5152180602811272,1.2597121770018158
jaw,HR-2-27-26-(01).csv,/Users/yanivnaggar/Desktop/Spring 2026/IS/OPENBCI_runs/Yaniv/HR-2-27-26-(01).csv,2026-02-27,1,train,REPEATED,29,101,11,repeated_peaks,ONSET,85478,85518,342.9265751838684,343.0870499610901,0.16448664665222168,85537.0,1.209514139258614,0.7845452394211212
jaw,HR-2-27-26-(01).csv,/Users/yanivnaggar/Desktop/Spring 2026/IS/OPENBCI_runs/Yaniv/HR-2-27-26-(01).csv,2026-02-27,1,train,REPEATED,29,101,11,repeated_peaks,ACTIVE,85519,85560,343.09106183052063,343.25554847717285,0.16849851608276367,85537.0,1.209514139258614,0.7845452394211212
jaw,HR-2-27-26-(01).csv,/Users/yanivnaggar/Desktop/Spring 2026/IS/OPENBCI_runs/Yaniv/HR-2-27-26-(01).csv,2026-02-27,1,train,REPEATED,29,101,11,repeated_peaks,OFFSET,85561,85601,343.2595603466034,343.4200351238251,0.16448664665222168,85537.0,1.209514139258614,0.7845452394211212
jaw,HR-2-27-26-(01).csv,/Users/yanivnaggar/Desktop/Spring 2026/IS/OPENBCI_runs/Yaniv/HR-2-27-26-(01).csv,2026-02-27,1,train,HOLD,31,102,0,hold_marker_edges,ONSET,89871,89920,360.5507175922394,360.74729919433594,0.2005934715270996,,,
jaw,HR-2-27-26-(01).csv,/Users/yanivnaggar/Desktop/Spring 2026/IS/OPENBCI_runs/Yaniv/HR-2-27-26-(01).csv,2026-02-27,1,train,HOLD,31,102,0,hold_marker_edges,ACTIVE,89921,91947,360.7513110637665,368.87935853004456,8.132059335708618,,,
jaw,HR-2-27-26-(01).csv,/Users/yanivnaggar/Desktop/Spring 2026/IS/OPENBCI_runs/Yaniv/HR-2-27-26-(01).csv,2026-02-27,1,train,HOLD,31,102,0,hold_marker_edges,OFFSET,91948,91997,368.8833703994751,369.07995200157166,0.2005934715270996,,,
jaw,HR-2-27-26-(01).csv,/Users/yanivnaggar/Desktop/Spring 2026/IS/OPENBCI_runs/Yaniv/HR-2-27-26-(01).csv,2026-02-27,1,train,REPEATED,33,103,0,repeated_peaks,ONSET,93607,93650,375.53906178474426,375.71157217025757,0.17652225494384766,93676.0,1.3676564914573048,1.0985987960263202
jaw,HR-2-27-26-(01).csv,/Users/yanivnaggar/Desktop/Spring 2026/IS/OPENBCI_runs/Yaniv/HR-2-27-26-(01).csv,2026-02-27,1,train,REPEATED,33,103,0,repeated_peaks,ACTIVE,93651,93696,375.7155840396881,375.8961181640625,0.18454599380493164,93676.0,1.3676564914573048,1.0985987960263202
jaw,HR-2-27-26-(01).csv,/Users/yanivnaggar/Desktop/Spring 2026/IS/OPENBCI_runs/Yaniv/HR-2-27-26-(01).csv,2026-02-27,1,train,REPEATED,33,103,0,repeated_peaks,OFFSET,93697,93740,375.90013003349304,376.07264041900635,0.17652225494384766,93676.0,1.3676564914573048,1.0985987960263202
jaw,HR-2-27-26-(01).csv,/Users/yanivnaggar/Desktop/Spring 2026/IS/OPENBCI_runs/Yaniv/HR-2-27-26-(01).csv,2026-02-27,1,train,REPEATED,33,104,1,repeated_peaks,ONSET,93785,93827,376.25317454338074,376.4216730594635,0.17251038551330566,93844.0,1.2189178424798377,0.9189695736578145
jaw,HR-2-27-26-(01).csv,/Users/yanivnaggar/Desktop/Spring 2026/IS/OPENBCI_runs/Yaniv/HR-2-27-26-(01).csv,2026-02-27,1,train,REPEATED,33,104,1,repeated_peaks,ACTIVE,93828,93870,376.42568492889404,376.5941834449768,0.17251038551330566,93844.0,1.2189178424798377,0.9189695736578145
jaw,HR-2-27-26-(01).csv,/Users/yanivnaggar/Desktop/Spring 2026/IS/OPENBCI_runs/Yaniv/HR-2-27-26-(01).csv,2026-02-27,1,train,REPEATED,33,104,1,repeated_peaks,OFFSET,93871,93913,376.59819531440735,376.7666938304901,0.17251038551330566,93844.0,1.2189178424798377,0.9189695736578145
jaw,HR-2-27-26-(01).csv,/Users/yanivnaggar/Desktop/Spring 2026/IS/OPENBCI_runs/Yaniv/HR-2-27-26-(01).csv,2026-02-27,1,train,REPEATED,33,105,2,repeated_peaks,ONSET,93953,93996,376.9271686077118,377.0996789932251,0.17652225494384766,94022.0,1.4223107771095205,1.131138991411641
jaw,HR-2-27-26-(01).csv,/Users/yanivnaggar/Desktop/Spring 2026/IS/OPENBCI_runs/Yaniv/HR-2-27-26-(01).csv,2026-02-27,1,train,REPEATED,33,105,2,repeated_peaks,ACTIVE,93997,94040,377.10369086265564,377.27620124816895,0.17652225494384766,94022.0,1.4223107771095205,1.131138991411641
jaw,HR-2-27-26-(01).csv,/Users/yanivnaggar/Desktop/Spring 2026/IS/OPENBCI_runs/Yaniv/HR-2-27-26-(01).csv,2026-02-27,1,train,REPEATED,33,105,2,repeated_peaks,OFFSET,94041,94084,377.2802131175995,377.4527235031128,0.17652225494384766,94022.0,1.4223107771095205,1.131138991411641
jaw,HR-2-27-26-(01).csv,/Users/yanivnaggar/Desktop/Spring 2026/IS/OPENBCI_runs/Yaniv/HR-2-27-26-(01).csv,2026-02-27,1,train,REPEATED,33,106,3,repeated_peaks,ONSET,94118,94164,377.5891270637512,377.77367305755615,0.18855786323547363,94192.0,1.4001601689711556,1.0990742890950904
jaw,HR-2-27-26-(01).csv,/Users/yanivnaggar/Desktop/Spring 2026/IS/OPENBCI_runs/Yaniv/HR-2-27-26-(01).csv,2026-02-27,1,train,REPEATED,33,106,3,repeated_peaks,ACTIVE,94165,94211,377.7776849269867,377.9622309207916,0.18855786323547363,94192.0,1.4001601689711556,1.0990742890950904
jaw,HR-2-27-26-(01).csv,/Users/yanivnaggar/Desktop/Spring 2026/IS/OPENBCI_runs/Yaniv/HR-2-27-26-(01).csv,2026-02-27,1,train,REPEATED,33,106,3,repeated_peaks,OFFSET,94212,94258,377.96624279022217,378.1507887840271,0.18855786323547363,94192.0,1.4001601689711556,1.0990742890950904
jaw,HR-2-27-26-(01).csv,/Users/yanivnaggar/Desktop/Spring 2026/IS/OPENBCI_runs/Yaniv/HR-2-27-26-(01).csv,2026-02-27,1,train,REPEATED,33,107,4,repeated_peaks,ONSET,94296,94340,378.3032398223877,378.47976207733154,0.18053412437438965,94369.0,1.3742605283541836,1.0680371253303453
jaw,HR-2-27-26-(01).csv,/Users/yanivnaggar/Desktop/Spring 2026/IS/OPENBCI_runs/Yaniv/HR-2-27-26-(01).csv,2026-02-27,1,train,REPEATED,33,107,4,repeated_peaks,ACTIVE,94341,94387,378.4837739467621,378.668319940567,0.18855786323547363,94369.0,1.3742605283541836,1.0680371253303453
jaw,HR-2-27-26-(01).csv,/Users/yanivnaggar/Desktop/Spring 2026/IS/OPENBCI_runs/Yaniv/HR-2-27-26-(01).csv,2026-02-27,1,train,REPEATED,33,107,4,repeated_peaks,OFFSET,94388,94432,378.67233180999756,378.8488540649414,0.18053412437438965,94369.0,1.3742605283541836,1.0680371253303453
jaw,HR-2-27-26-(01).csv,/Users/yanivnaggar/Desktop/Spring 2026/IS/OPENBCI_runs/Yaniv/HR-2-27-26-(01).csv,2026-02-27,1,train,REPEATED,33,108,5,repeated_peaks,ONSET,94482,94528,379.0494475364685,379.23399353027344,0.18855786323547363,94553.0,1.7783206778739924,1.4768868433616953
jaw,HR-2-27-26-(01).csv,/Users/yanivnaggar/Desktop/Spring 2026/IS/OPENBCI_runs/Yaniv/HR-2-27-26-(01).csv,2026-02-27,1,train,REPEATED,33,108,5,repeated_peaks,ACTIVE,94529,94575,379.238005399704,379.4225513935089,0.18855786323547363,94553.0,1.7783206778739924,1.4768868433616953
jaw,HR-2-27-26-(01).csv,/Users/yanivnaggar/Desktop/Spring 2026/IS/OPENBCI_runs/Yaniv/HR-2-27-26-(01).csv,2026-02-27,1,train,REPEATED,33,108,5,repeated_peaks,OFFSET,94576,94622,379.42656326293945,379.6111092567444,0.18855786323547363,94553.0,1.7783206778739924,1.4768868433616953
jaw,HR-2-27-26-(01).csv,/Users/yanivnaggar/Desktop/Spring 2026/IS/OPENBCI_runs/Yaniv/HR-2-27-26-(01).csv,2026-02-27,1,train,REPEATED,33,109,6,repeated_peaks,ONSET,94642,94691,379.6913466453552,379.8879282474518,0.2005934715270996,94729.0,1.5839707894734525,1.279904401440484
jaw,HR-2-27-26-(01).csv,/Users/yanivnaggar/Desktop/Spring 2026/IS/OPENBCI_runs/Yaniv/HR-2-27-26-(01).csv,2026-02-27,1,train,REPEATED,33,109,6,repeated_peaks,ACTIVE,94692,94768,379.8919401168823,380.1968421936035,0.3089139461517334,94729.0,1.5839707894734525,1.279904401440484
jaw,HR-2-27-26-(01).csv,/Users/yanivnaggar/Desktop/Spring 2026/IS/OPENBCI_runs/Yaniv/HR-2-27-26-(01).csv,2026-02-27,1,train,REPEATED,33,109,6,repeated_peaks,OFFSET,94769,94818,380.20085406303406,380.3974356651306,0.2005934715270996,94729.0,1.5839707894734525,1.279904401440484
jaw,HR-2-27-26-(01).csv,/Users/yanivnaggar/Desktop/Spring 2026/IS/OPENBCI_runs/Yaniv/HR-2-27-26-(01).csv,2026-02-27,1,train,REPEATED,33,110,7,repeated_peaks,ONSET,94820,94869,380.4054594039917,380.60204100608826,0.2005934715270996,94909.0,1.5520989290762335,1.1947443511235676
jaw,HR-2-27-26-(01).csv,/Users/yanivnaggar/Desktop/Spring 2026/IS/OPENBCI_runs/Yaniv/HR-2-27-26-(01).csv,2026-02-27,1,train,REPEATED,33,110,7,repeated_peaks,ACTIVE,94870,94941,380.6060528755188,380.8908956050873,0.28885459899902344,94909.0,1.5520989290762335,1.1947443511235676
jaw,HR-2-27-26-(01).csv,/Users/yanivnaggar/Desktop/Spring 2026/IS/OPENBCI_runs/Yaniv/HR-2-27-26-(01).csv,2026-02-27,1,train,REPEATED,33,110,7,repeated_peaks,OFFSET,94942,94991,380.8949074745178,381.0914890766144,0.2005934715270996,94909.0,1.5520989290762335,1.1947443511235676
jaw,HR-2-27-26-(01).csv,/Users/yanivnaggar/Desktop/Spring 2026/IS/OPENBCI_runs/Yaniv/HR-2-27-26-(01).csv,2026-02-27,1,train,REPEATED,33,111,8,repeated_peaks,ONSET,94993,95040,381.09951281547546,381.28807067871094,0.19256973266601562,95076.0,1.1457042437185463,0.7347643568206307
jaw,HR-2-27-26-(01).csv,/Users/yanivnaggar/Desktop/Spring 2026/IS/OPENBCI_runs/Yaniv/HR-2-27-26-(01).csv,2026-02-27,1,train,REPEATED,33,111,8,repeated_peaks,ACTIVE,95041,95088,381.2920825481415,381.48064041137695,0.19256973266601562,95076.0,1.1457042437185463,0.7347643568206307
jaw,HR-2-27-26-(01).csv,/Users/yanivnaggar/Desktop/Spring 2026/IS/OPENBCI_runs/Yaniv/HR-2-27-26-(01).csv,2026-02-27,1,train,REPEATED,33,111,8,repeated_peaks,OFFSET,95089,95136,381.4846522808075,381.67321014404297,0.19256973266601562,95076.0,1.1457042437185463,0.7347643568206307
jaw,HR-2-27-26-(01).csv,/Users/yanivnaggar/Desktop/Spring 2026/IS/OPENBCI_runs/Yaniv/HR-2-27-26-(01).csv,2026-02-27,1,train,REPEATED,33,112,9,repeated_peaks,ONSET,95152,95201,381.73740005493164,381.9339816570282,0.2005934715270996,95227.0,1.4964652119169581,1.1915543665894917
jaw,HR-2-27-26-(01).csv,/Users/yanivnaggar/Desktop/Spring 2026/IS/OPENBCI_runs/Yaniv/HR-2-27-26-(01).csv,2026-02-27,1,train,REPEATED,33,112,9,repeated_peaks,ACTIVE,95202,95266,381.93799352645874,382.1947531700134,0.2607715129852295,95227.0,1.4964652119169581,1.1915543665894917
jaw,HR-2-27-26-(01).csv,/Users/yanivnaggar/Desktop/Spring 2026/IS/OPENBCI_runs/Yaniv/HR-2-27-26-(01).csv,2026-02-27,1,train,REPEATED,33,112,9,repeated_peaks,OFFSET,95267,95316,382.19876503944397,382.3953466415405,0.2005934715270996,95227.0,1.4964652119169581,1.1915543665894917
jaw,HR-2-27-26-(01).csv,/Users/yanivnaggar/Desktop/Spring 2026/IS/OPENBCI_runs/Yaniv/HR-2-27-26-(01).csv,2026-02-27,1,train,REPEATED,33,113,10,repeated_peaks,ONSET,95318,95367,382.4033703804016,382.59995198249817,0.2005934715270996,95407.0,1.3106774245866126,0.8923617554484443
jaw,HR-2-27-26-(01).csv,/Users/yanivnaggar/Desktop/Spring 2026/IS/OPENBCI_runs/Yaniv/HR-2-27-26-(01).csv,2026-02-27,1,train,REPEATED,33,113,10,repeated_peaks,ACTIVE,95368,95433,382.6039638519287,382.86473536491394,0.2647833824157715,95407.0,1.3106774245866126,0.8923617554484443
jaw,HR-2-27-26-(01).csv,/Users/yanivnaggar/Desktop/Spring 2026/IS/OPENBCI_runs/Yaniv/HR-2-27-26-(01).csv,2026-02-27,1,train,REPEATED,33,113,10,repeated_peaks,OFFSET,95434,95483,382.8687472343445,383.06532883644104,0.2005934715270996,95407.0,1.3106774245866126,0.8923617554484443
jaw,HR-2-27-26-(01).csv,/Users/yanivnaggar/Desktop/Spring 2026/IS/OPENBCI_runs/Yaniv/HR-2-27-26-(01).csv,2026-02-27,1,train,REPEATED,33,114,11,repeated_peaks,ONSET,95495,95544,383.11347126960754,383.3100528717041,0.2005934715270996,95581.0,1.5139579892940256,1.1259989582737076
jaw,HR-2-27-26-(01).csv,/Users/yanivnaggar/Desktop/Spring 2026/IS/OPENBCI_runs/Yaniv/HR-2-27-26-(01).csv,2026-02-27,1,train,REPEATED,33,114,11,repeated_peaks,ACTIVE,95545,95627,383.31406474113464,383.6430380344391,0.33298516273498535,95581.0,1.5139579892940256,1.1259989582737076
jaw,HR-2-27-26-(01).csv,/Users/yanivnaggar/Desktop/Spring 2026/IS/OPENBCI_runs/Yaniv/HR-2-27-26-(01).csv,2026-02-27,1,train,REPEATED,33,114,11,repeated_peaks,OFFSET,95628,95677,383.64704990386963,383.8436315059662,0.2005934715270996,95581.0,1.5139579892940256,1.1259989582737076
jaw,HR-2-27-26-(01).csv,/Users/yanivnaggar/Desktop/Spring 2026/IS/OPENBCI_runs/Yaniv/HR-2-27-26-(01).csv,2026-02-27,1,train,HOLD,35,115,0,hold_marker_edges,ONSET,99673,99722,399.875061750412,400.07164335250854,0.2005934715270996,,,
jaw,HR-2-27-26-(01).csv,/Users/yanivnaggar/Desktop/Spring 2026/IS/OPENBCI_runs/Yaniv/HR-2-27-26-(01).csv,2026-02-27,1,train,HOLD,35,115,0,hold_marker_edges,ACTIVE,99723,101711,400.0756552219391,408.05125164985657,7.979608297348023,,,
jaw,HR-2-27-26-(01).csv,/Users/yanivnaggar/Desktop/Spring 2026/IS/OPENBCI_runs/Yaniv/HR-2-27-26-(01).csv,2026-02-27,1,train,HOLD,35,115,0,hold_marker_edges,OFFSET,101712,101761,408.0552635192871,408.25184512138367,0.2005934715270996,,,
jaw,HR-2-27-26-(01).csv,/Users/yanivnaggar/Desktop/Spring 2026/IS/OPENBCI_runs/Yaniv/HR-2-27-26-(01).csv,2026-02-27,1,train,REPEATED,37,116,0,repeated_peaks,ONSET,103256,103297,414.24958992004395,414.41407656669617,0.16849851608276367,103314.0,1.6958252038706576,1.4319776256125147
jaw,HR-2-27-26-(01).csv,/Users/yanivnaggar/Desktop/Spring 2026/IS/OPENBCI_runs/Yaniv/HR-2-27-26-(01).csv,2026-02-27,1,train,REPEATED,37,116,0,repeated_peaks,ACTIVE,103298,103339,414.4180884361267,414.58257508277893,0.16849851608276367,103314.0,1.6958252038706576,1.4319776256125147
jaw,HR-2-27-26-(01).csv,/Users/yanivnaggar/Desktop/Spring 2026/IS/OPENBCI_runs/Yaniv/HR-2-27-26-(01).csv,2026-02-27,1,train,REPEATED,37,116,0,repeated_peaks,OFFSET,103340,103381,414.5865869522095,414.7510735988617,0.16849851608276367,103314.0,1.6958252038706576,1.4319776256125147
jaw,HR-2-27-26-(01).csv,/Users/yanivnaggar/Desktop/Spring 2026/IS/OPENBCI_runs/Yaniv/HR-2-27-26-(01).csv,2026-02-27,1,train,REPEATED,37,117,1,repeated_peaks,ONSET,103406,103455,414.85137033462524,415.0479519367218,0.2005934715270996,103497.0,1.3641890315348462,1.0626761220072505
jaw,HR-2-27-26-(01).csv,/Users/yanivnaggar/Desktop/Spring 2026/IS/OPENBCI_runs/Yaniv/HR-2-27-26-(01).csv,2026-02-27,1,train,REPEATED,37,117,1,repeated_peaks,ACTIVE,103456,103509,415.05196380615234,415.26459288597107,0.21664094924926758,103497.0,1.3641890315348462,1.0626761220072505
jaw,HR-2-27-26-(01).csv,/Users/yanivnaggar/Desktop/Spring 2026/IS/OPENBCI_runs/Yaniv/HR-2-27-26-(01).csv,2026-02-27,1,train,REPEATED,37,117,1,repeated_peaks,OFFSET,103510,103559,415.2686047554016,415.46518635749817,0.2005934715270996,103497.0,1.3641890315348462,1.0626761220072505
jaw,HR-2-27-26-(01).csv,/Users/yanivnaggar/Desktop/Spring 2026/IS/OPENBCI_runs/Yaniv/HR-2-27-26-(01).csv,2026-02-27,1,train,REPEATED,37,118,2,repeated_peaks,ONSET,103602,103649,415.6376967430115,415.82625460624695,0.19256973266601562,103658.0,1.4571457934770584,1.131758305531193
jaw,HR-2-27-26-(01).csv,/Users/yanivnaggar/Desktop/Spring 2026/IS/OPENBCI_runs/Yaniv/HR-2-27-26-(01).csv,2026-02-27,1,train,REPEATED,37,118,2,repeated_peaks,ACTIVE,103650,103698,415.8302664756775,416.0228362083435,0.19658160209655762,103658.0,1.4571457934770584,1.131758305531193
jaw,HR-2-27-26-(01).csv,/Users/yanivnaggar/Desktop/Spring 2026/IS/OPENBCI_runs/Yaniv/HR-2-27-26-(01).csv,2026-02-27,1,train,REPEATED,37,118,2,repeated_peaks,OFFSET,103699,103746,416.02684807777405,416.2154059410095,0.19256973266601562,103658.0,1.4571457934770584,1.131758305531193
jaw,HR-2-27-26-(01).csv,/Users/yanivnaggar/Desktop/Spring 2026/IS/OPENBCI_runs/Yaniv/HR-2-27-26-(01).csv,2026-02-27,1,train,REPEATED,37,119,3,repeated_peaks,ONSET,103758,103807,416.263548374176,416.4601299762726,0.2005934715270996,103836.0,1.52760006416519,1.0986926599894369
jaw,HR-2-27-26-(01).csv,/Users/yanivnaggar/Desktop/Spring 2026/IS/OPENBCI_runs/Yaniv/HR-2-27-26-(01).csv,2026-02-27,1,train,REPEATED,37,119,3,repeated_peaks,ACTIVE,103808,103870,416.4641418457031,416.71287775039673,0.2527477741241455,103836.0,1.52760006416519,1.0986926599894369
jaw,HR-2-27-26-(01).csv,/Users/yanivnaggar/Desktop/Spring 2026/IS/OPENBCI_runs/Yaniv/HR-2-27-26-(01).csv,2026-02-27,1,train,REPEATED,37,119,3,repeated_peaks,OFFSET,103871,103920,416.71688961982727,416.9134712219238,0.2005934715270996,103836.0,1.52760006416519,1.0986926599894369
jaw,HR-2-27-26-(01).csv,/Users/yanivnaggar/Desktop/Spring 2026/IS/OPENBCI_runs/Yaniv/HR-2-27-26-(01).csv,2026-02-27,1,train,REPEATED,37,120,4,repeated_peaks,ONSET,103922,103971,416.9214949607849,417.11807656288147,0.2005934715270996,104006.0,1.7714505990502138,1.540570623533369
jaw,HR-2-27-26-(01).csv,/Users/yanivnaggar/Desktop/Spring 2026/IS/OPENBCI_runs/Yaniv/HR-2-27-26-(01).csv,2026-02-27,1,train,REPEATED,37,120,4,repeated_peaks,ACTIVE,103972,104045,417.122088432312,417.4149549007416,0.2968783378601074,104006.0,1.7714505990502138,1.540570623533369
jaw,HR-2-27-26-(01).csv,/Users/yanivnaggar/Desktop/Spring 2026/IS/OPENBCI_runs/Yaniv/HR-2-27-26-(01).csv,2026-02-27,1,train,REPEATED,37,120,4,repeated_peaks,OFFSET,104046,104095,417.4189667701721,417.6155483722687,0.2005934715270996,104006.0,1.7714505990502138,1.540570623533369
jaw,HR-2-27-26-(01).csv,/Users/yanivnaggar/Desktop/Spring 2026/IS/OPENBCI_runs/Yaniv/HR-2-27-26-(01).csv,2026-02-27,1,train,REPEATED,37,121,5,repeated_peaks,ONSET,104097,104146,417.62357211112976,417.8201537132263,0.2005934715270996,104187.0,1.5983355955320036,1.1948842237678625
jaw,HR-2-27-26-(01).csv,/Users/yanivnaggar/Desktop/Spring 2026/IS/OPENBCI_runs/Yaniv/HR-2-27-26-(01).csv,2026-02-27,1,train,REPEATED,37,121,5,repeated_peaks,ACTIVE,104147,104210,417.82416558265686,418.076913356781,0.2567596435546875,104187.0,1.5983355955320036,1.1948842237678625
jaw,HR-2-27-26-(01).csv,/Users/yanivnaggar/Desktop/Spring 2026/IS/OPENBCI_runs/Yaniv/HR-2-27-26-(01).csv,2026-02-27,1,train,REPEATED,37,121,5,repeated_peaks,OFFSET,104211,104260,418.08092522621155,418.2775068283081,0.2005934715270996,104187.0,1.5983355955320036,1.1948842237678625
jaw,HR-2-27-26-(01).csv,/Users/yanivnaggar/Desktop/Spring 2026/IS/OPENBCI_runs/Yaniv/HR-2-27-26-(01).csv,2026-02-27,1,train,REPEATED,37,122,6,repeated_peaks,ONSET,104309,104351,418.47408843040466,418.6425869464874,0.17251038551330566,104367.0,1.2066578329449704,0.906439419913087
jaw,HR-2-27-26-(01).csv,/Users/yanivnaggar/Desktop/Spring 2026/IS/OPENBCI_runs/Yaniv/HR-2-27-26-(01).csv,2026-02-27,1,train,REPEATED,37,122,6,repeated_peaks,ACTIVE,104352,104394,418.64659881591797,418.81509733200073,0.17251038551330566,104367.0,1.2066578329449704,0.906439419913087
jaw,HR-2-27-26-(01).csv,/Users/yanivnaggar/Desktop/Spring 2026/IS/OPENBCI_runs/Yaniv/HR-2-27-26-(01).csv,2026-02-27,1,train,REPEATED,37,122,6,repeated_peaks,OFFSET,104395,104437,418.8191092014313,418.98760771751404,0.17251038551330566,104367.0,1.2066578329449704,0.906439419913087
jaw,HR-2-27-26-(01).csv,/Users/yanivnaggar/Desktop/Spring 2026/IS/OPENBCI_runs/Yaniv/HR-2-27-26-(01).csv,2026-02-27,1,train,REPEATED,37,123,7,repeated_peaks,ONSET,104467,104509,419.1079638004303,419.27646231651306,0.17251038551330566,104537.0,1.3266072051502358,1.0524396734084118
jaw,HR-2-27-26-(01).csv,/Users/yanivnaggar/Desktop/Spring 2026/IS/OPENBCI_runs/Yaniv/HR-2-27-26-(01).csv,2026-02-27,1,train,REPEATED,37,123,7,repeated_peaks,ACTIVE,104510,104554,419.2804741859436,419.45699644088745,0.18053412437438965,104537.0,1.3266072051502358,1.0524396734084118
jaw,HR-2-27-26-(01).csv,/Users/yanivnaggar/Desktop/Spring 2026/IS/OPENBCI_runs/Yaniv/HR-2-27-26-(01).csv,2026-02-27,1,train,REPEATED,37,123,7,repeated_peaks,OFFSET,104555,104597,419.461008310318,419.62950682640076,0.17251038551330566,104537.0,1.3266072051502358,1.0524396734084118
jaw,HR-2-27-26-(01).csv,/Users/yanivnaggar/Desktop/Spring 2026/IS/OPENBCI_runs/Yaniv/HR-2-27-26-(01).csv,2026-02-27,1,train,REPEATED,37,124,8,repeated_peaks,ONSET,104648,104697,419.8341121673584,420.03069376945496,0.2005934715270996,104719.0,1.246494351589311,0.9065470150587513
jaw,HR-2-27-26-(01).csv,/Users/yanivnaggar/Desktop/Spring 2026/IS/OPENBCI_runs/Yaniv/HR-2-27-26-(01).csv,2026-02-27,1,train,REPEATED,37,124,8,repeated_peaks,ACTIVE,104698,104759,420.0347056388855,420.27942967414856,0.24873590469360354,104719.0,1.246494351589311,0.9065470150587513
jaw,HR-2-27-26-(01).csv,/Users/yanivnaggar/Desktop/Spring 2026/IS/OPENBCI_runs/Yaniv/HR-2-27-26-(01).csv,2026-02-27,1,train,REPEATED,37,124,8,repeated_peaks,OFFSET,104760,104809,420.2834415435791,420.48002314567566,0.2005934715270996,104719.0,1.246494351589311,0.9065470150587513
jaw,HR-2-27-26-(01).csv,/Users/yanivnaggar/Desktop/Spring 2026/IS/OPENBCI_runs/Yaniv/HR-2-27-26-(01).csv,2026-02-27,1,train,REPEATED,37,125,9,repeated_peaks,ONSET,104811,104860,420.48804688453674,420.6846284866333,0.2005934715270996,104901.0,1.5374396888105735,1.299368739036134
jaw,HR-2-27-26-(01).csv,/Users/yanivnaggar/Desktop/Spring 2026/IS/OPENBCI_runs/Yaniv/HR-2-27-26-(01).csv,2026-02-27,1,train,REPEATED,37,125,9,repeated_peaks,ACTIVE,104861,104936,420.68864035606384,420.9895305633545,0.3049020767211914,104901.0,1.5374396888105735,1.299368739036134
jaw,HR-2-27-26-(01).csv,/Users/yanivnaggar/Desktop/Spring 2026/IS/OPENBCI_runs/Yaniv/HR-2-27-26-(01).csv,2026-02-27,1,train,REPEATED,37,125,9,repeated_peaks,OFFSET,104937,104986,420.99354243278503,421.1901240348816,0.2005934715270996,104901.0,1.5374396888105735,1.299368739036134
jaw,HR-2-27-26-(01).csv,/Users/yanivnaggar/Desktop/Spring 2026/IS/OPENBCI_runs/Yaniv/HR-2-27-26-(01).csv,2026-02-27,1,train,REPEATED,37,126,10,repeated_peaks,ONSET,104988,105034,421.1981477737427,421.3826937675476,0.18855786323547363,105074.0,1.3504439512925428,1.006072904536012
jaw,HR-2-27-26-(01).csv,/Users/yanivnaggar/Desktop/Spring 2026/IS/OPENBCI_runs/Yaniv/HR-2-27-26-(01).csv,2026-02-27,1,train,REPEATED,37,126,10,repeated_peaks,ACTIVE,105035,105083,421.38670563697815,421.57927536964417,0.19658160209655762,105074.0,1.3504439512925428,1.006072904536012
jaw,HR-2-27-26-(01).csv,/Users/yanivnaggar/Desktop/Spring 2026/IS/OPENBCI_runs/Yaniv/HR-2-27-26-(01).csv,2026-02-27,1,train,REPEATED,37,126,10,repeated_peaks,OFFSET,105084,105130,421.5832872390747,421.76783323287964,0.18855786323547363,105074.0,1.3504439512925428,1.006072904536012
jaw,HR-2-27-26-(01).csv,/Users/yanivnaggar/Desktop/Spring 2026/IS/OPENBCI_runs/Yaniv/HR-2-27-26-(01).csv,2026-02-27,1,train,REPEATED,37,127,11,repeated_peaks,ONSET,105174,105215,421.9443554878235,422.1088421344757,0.16849851608276367,105229.0,0.878169685851898,0.537684959882576
jaw,HR-2-27-26-(01).csv,/Users/yanivnaggar/Desktop/Spring 2026/IS/OPENBCI_runs/Yaniv/HR-2-27-26-(01).csv,2026-02-27,1,train,REPEATED,37,127,11,repeated_peaks,ACTIVE,105216,105259,422.11285400390625,422.28536438941956,0.17652225494384766,105229.0,0.878169685851898,0.537684959882576
jaw,HR-2-27-26-(01).csv,/Users/yanivnaggar/Desktop/Spring 2026/IS/OPENBCI_runs/Yaniv/HR-2-27-26-(01).csv,2026-02-27,1,train,REPEATED,37,127,11,repeated_peaks,OFFSET,105260,105301,422.2893762588501,422.4538629055023,0.16849851608276367,105229.0,0.878169685851898,0.537684959882576
jaw,HR-2-27-26-(01).csv,/Users/yanivnaggar/Desktop/Spring 2026/IS/OPENBCI_runs/Yaniv/HR-2-27-26-(01).csv,2026-02-27,1,train,HOLD,39,128,0,hold_marker_edges,ONSET,109722,109771,440.19033765792847,440.386919260025,0.2005934715270996,,,
jaw,HR-2-27-26-(01).csv,/Users/yanivnaggar/Desktop/Spring 2026/IS/OPENBCI_runs/Yaniv/HR-2-27-26-(01).csv,2026-02-27,1,train,HOLD,39,128,0,hold_marker_edges,ACTIVE,109772,111539,440.39093112945557,447.47990441322327,7.092985153198242,,,
jaw,HR-2-27-26-(01).csv,/Users/yanivnaggar/Desktop/Spring 2026/IS/OPENBCI_runs/Yaniv/HR-2-27-26-(01).csv,2026-02-27,1,train,HOLD,39,128,0,hold_marker_edges,OFFSET,111540,111589,447.4839162826538,447.68049788475037,0.2005934715270996,,,
jaw,HR-2-27-26-(01).csv,/Users/yanivnaggar/Desktop/Spring 2026/IS/OPENBCI_runs/Yaniv/HR-2-27-26-(01).csv,2026-02-27,1,train,REPEATED,41,129,0,repeated_peaks,ONSET,113280,113314,454.4645690917969,454.6009726524353,0.14041543006896973,113332.0,1.2739178952742083,1.03019955851735
jaw,HR-2-27-26-(01).csv,/Users/yanivnaggar/Desktop/Spring 2026/IS/OPENBCI_runs/Yaniv/HR-2-27-26-(01).csv,2026-02-27,1,train,REPEATED,41,129,0,repeated_peaks,ACTIVE,113315,113351,454.60498452186584,454.74941182136536,0.1484391689300537,113332.0,1.2739178952742083,1.03019955851735
jaw,HR-2-27-26-(01).csv,/Users/yanivnaggar/Desktop/Spring 2026/IS/OPENBCI_runs/Yaniv/HR-2-27-26-(01).csv,2026-02-27,1,train,REPEATED,41,129,0,repeated_peaks,OFFSET,113352,113386,454.7534236907959,454.8898272514343,0.14041543006896973,113332.0,1.2739178952742083,1.03019955851735
jaw,HR-2-27-26-(01).csv,/Users/yanivnaggar/Desktop/Spring 2026/IS/OPENBCI_runs/Yaniv/HR-2-27-26-(01).csv,2026-02-27,1,train,REPEATED,41,130,1,repeated_peaks,ONSET,113433,113473,455.0783851146698,455.2388598918915,0.16448664665222168,113499.0,1.4299112869313337,1.256948102708684
jaw,HR-2-27-26-(01).csv,/Users/yanivnaggar/Desktop/Spring 2026/IS/OPENBCI_runs/Yaniv/HR-2-27-26-(01).csv,2026-02-27,1,train,REPEATED,41,130,1,repeated_peaks,ACTIVE,113474,113516,455.242871761322,455.4113702774048,0.17251038551330566,113499.0,1.4299112869313337,1.256948102708684
jaw,HR-2-27-26-(01).csv,/Users/yanivnaggar/Desktop/Spring 2026/IS/OPENBCI_runs/Yaniv/HR-2-27-26-(01).csv,2026-02-27,1,train,REPEATED,41,130,1,repeated_peaks,OFFSET,113517,113557,455.4153821468353,455.575856924057,0.16448664665222168,113499.0,1.4299112869313337,1.256948102708684
jaw,HR-2-27-26-(01).csv,/Users/yanivnaggar/Desktop/Spring 2026/IS/OPENBCI_runs/Yaniv/HR-2-27-26-(01).csv,2026-02-27,1,train,REPEATED,41,131,2,repeated_peaks,ONSET,113615,113651,455.80854535102844,455.95297265052795,0.1484391689300537,113671.0,1.3609343191176173,1.171105998021286
jaw,HR-2-27-26-(01).csv,/Users/yanivnaggar/Desktop/Spring 2026/IS/OPENBCI_runs/Yaniv/HR-2-27-26-(01).csv,2026-02-27,1,train,REPEATED,41,131,2,repeated_peaks,ACTIVE,113652,113689,455.9569845199585,456.10542368888855,0.1524510383605957,113671.0,1.3609343191176173,1.171105998021286
jaw,HR-2-27-26-(01).csv,/Users/yanivnaggar/Desktop/Spring 2026/IS/OPENBCI_runs/Yaniv/HR-2-27-26-(01).csv,2026-02-27,1,train,REPEATED,41,131,2,repeated_peaks,OFFSET,113690,113726,456.1094355583191,456.2538628578186,0.1484391689300537,113671.0,1.3609343191176173,1.171105998021286
jaw,HR-2-27-26-(01).csv,/Users/yanivnaggar/Desktop/Spring 2026/IS/OPENBCI_runs/Yaniv/HR-2-27-26-(01).csv,2026-02-27,1,train,REPEATED,41,132,3,repeated_peaks,ONSET,113778,113817,456.4624800682068,456.6189429759979,0.1604747772216797,113838.0,1.277729379514971,1.090981850958427
jaw,HR-2-27-26-(01).csv,/Users/yanivnaggar/Desktop/Spring 2026/IS/OPENBCI_runs/Yaniv/HR-2-27-26-(01).csv,2026-02-27,1,train,REPEATED,41,132,3,repeated_peaks,ACTIVE,113818,113857,456.62295484542847,456.7794177532196,0.1604747772216797,113838.0,1.277729379514971,1.090981850958427
jaw,HR-2-27-26-(01).csv,/Users/yanivnaggar/Desktop/Spring 2026/IS/OPENBCI_runs/Yaniv/HR-2-27-26-(01).csv,2026-02-27,1,train,REPEATED,41,132,3,repeated_peaks,OFFSET,113858,113897,456.78342962265015,456.9398925304413,0.1604747772216797,113838.0,1.277729379514971,1.090981850958427
jaw,HR-2-27-26-(01).csv,/Users/yanivnaggar/Desktop/Spring 2026/IS/OPENBCI_runs/Yaniv/HR-2-27-26-(01).csv,2026-02-27,1,train,REPEATED,41,133,4,repeated_peaks,ONSET,113953,113994,457.16455721855164,457.32904386520386,0.16849851608276367,114012.0,1.2061027820817198,0.9635768255560491
jaw,HR-2-27-26-(01).csv,/Users/yanivnaggar/Desktop/Spring 2026/IS/OPENBCI_runs/Yaniv/HR-2-27-26-(01).csv,2026-02-27,1,train,REPEATED,41,133,4,repeated_peaks,ACTIVE,113995,114038,457.3330557346344,457.5055661201477,0.17652225494384766,114012.0,1.2061027820817198,0.9635768255560491
jaw,HR-2-27-26-(01).csv,/Users/yanivnaggar/Desktop/Spring 2026/IS/OPENBCI_runs/Yaniv/HR-2-27-26-(01).csv,2026-02-27,1,train,REPEATED,41,133,4,repeated_peaks,OFFSET,114039,114080,457.50957798957825,457.67406463623047,0.16849851608276367,114012.0,1.2061027820817198,0.9635768255560491
jaw,HR-2-27-26-(01).csv,/Users/yanivnaggar/Desktop/Spring 2026/IS/OPENBCI_runs/Yaniv/HR-2-27-26-(01).csv,2026-02-27,1,train,REPEATED,41,134,5,repeated_peaks,ONSET,114131,114168,457.8786699771881,458.02710914611816,0.1524510383605957,114186.0,1.2988365891698834,1.124604051664413
jaw,HR-2-27-26-(01).csv,/Users/yanivnaggar/Desktop/Spring 2026/IS/OPENBCI_runs/Yaniv/HR-2-27-26-(01).csv,2026-02-27,1,train,REPEATED,41,134,5,repeated_peaks,ACTIVE,114169,114206,458.0311210155487,458.17956018447876,0.1524510383605957,114186.0,1.2988365891698834,1.124604051664413
jaw,HR-2-27-26-(01).csv,/Users/yanivnaggar/Desktop/Spring 2026/IS/OPENBCI_runs/Yaniv/HR-2-27-26-(01).csv,2026-02-27,1,train,REPEATED,41,134,5,repeated_peaks,OFFSET,114207,114244,458.1835720539093,458.33201122283936,0.1524510383605957,114186.0,1.2988365891698834,1.124604051664413
jaw,HR-2-27-26-(01).csv,/Users/yanivnaggar/Desktop/Spring 2026/IS/OPENBCI_runs/Yaniv/HR-2-27-26-(01).csv,2026-02-27,1,train,REPEATED,41,135,6,repeated_peaks,ONSET,114308,114345,458.58877086639404,458.7372100353241,0.1524510383605957,114367.0,1.0058852530919493,0.7888218068253547
jaw,HR-2-27-26-(01).csv,/Users/yanivnaggar/Desktop/Spring 2026/IS/OPENBCI_runs/Yaniv/HR-2-27-26-(01).csv,2026-02-27,1,train,REPEATED,41,135,6,repeated_peaks,ACTIVE,114346,114383,458.74122190475464,458.8896610736847,0.1524510383605957,114367.0,1.0058852530919493,0.7888218068253547
jaw,HR-2-27-26-(01).csv,/Users/yanivnaggar/Desktop/Spring 2026/IS/OPENBCI_runs/Yaniv/HR-2-27-26-(01).csv,2026-02-27,1,train,REPEATED,41,135,6,repeated_peaks,OFFSET,114384,114421,458.89367294311523,459.0421121120453,0.1524510383605957,114367.0,1.0058852530919493,0.7888218068253547
jaw,HR-2-27-26-(01).csv,/Users/yanivnaggar/Desktop/Spring 2026/IS/OPENBCI_runs/Yaniv/HR-2-27-26-(01).csv,2026-02-27,1,train,REPEATED,41,136,7,repeated_peaks,ONSET,114479,114515,459.2748005390167,459.41922783851624,0.1484391689300537,114537.0,0.8861583652814916,0.6491986094020297
jaw,HR-2-27-26-(01).csv,/Users/yanivnaggar/Desktop/Spring 2026/IS/OPENBCI_runs/Yaniv/HR-2-27-26-(01).csv,2026-02-27,1,train,REPEATED,41,136,7,repeated_peaks,ACTIVE,114516,114554,459.4232397079468,459.5756907463074,0.1564629077911377,114537.0,0.8861583652814916,0.6491986094020297
jaw,HR-2-27-26-(01).csv,/Users/yanivnaggar/Desktop/Spring 2026/IS/OPENBCI_runs/Yaniv/HR-2-27-26-(01).csv,2026-02-27,1,train,REPEATED,41,136,7,repeated_peaks,OFFSET,114555,114591,459.5797026157379,459.7241299152374,0.1484391689300537,114537.0,0.8861583652814916,0.6491986094020297
jaw,HR-2-27-26-(01).csv,/Users/yanivnaggar/Desktop/Spring 2026/IS/OPENBCI_runs/Yaniv/HR-2-27-26-(01).csv,2026-02-27,1,train,REPEATED,41,137,8,repeated_peaks,ONSET,114663,114699,460.01298451423645,460.15741181373596,0.1484391689300537,114717.0,1.2812272965819187,1.1006525864611705
jaw,HR-2-27-26-(01).csv,/Users/yanivnaggar/Desktop/Spring 2026/IS/OPENBCI_runs/Yaniv/HR-2-27-26-(01).csv,2026-02-27,1,train,REPEATED,41,137,8,repeated_peaks,ACTIVE,114700,114738,460.1614236831665,460.3138747215271,0.1564629077911377,114717.0,1.2812272965819187,1.1006525864611705
jaw,HR-2-27-26-(01).csv,/Users/yanivnaggar/Desktop/Spring 2026/IS/OPENBCI_runs/Yaniv/HR-2-27-26-(01).csv,2026-02-27,1,train,REPEATED,41,137,8,repeated_peaks,OFFSET,114739,114775,460.31788659095764,460.46231389045715,0.1484391689300537,114717.0,1.2812272965819187,1.1006525864611705
jaw,HR-2-27-26-(01).csv,/Users/yanivnaggar/Desktop/Spring 2026/IS/OPENBCI_runs/Yaniv/HR-2-27-26-(01).csv,2026-02-27,1,train,REPEATED,41,138,9,repeated_peaks,ONSET,114841,114877,460.7270972728729,460.87152457237244,0.1484391689300537,114901.0,1.2035852072641455,0.9823773057217414
jaw,HR-2-27-26-(01).csv,/Users/yanivnaggar/Desktop/Spring 2026/IS/OPENBCI_runs/Yaniv/HR-2-27-26-(01).csv,2026-02-27,1,train,REPEATED,41,138,9,repeated_peaks,ACTIVE,114878,114916,460.875536441803,461.0279874801636,0.1564629077911377,114901.0,1.2035852072641455,0.9823773057217414
jaw,HR-2-27-26-(01).csv,/Users/yanivnaggar/Desktop/Spring 2026/IS/OPENBCI_runs/Yaniv/HR-2-27-26-(01).csv,2026-02-27,1,train,REPEATED,41,138,9,repeated_peaks,OFFSET,114917,114953,461.0319993495941,461.1764266490936,0.1484391689300537,114901.0,1.2035852072641455,0.9823773057217414
jaw,HR-2-27-26-(01).csv,/Users/yanivnaggar/Desktop/Spring 2026/IS/OPENBCI_runs/Yaniv/HR-2-27-26-(01).csv,2026-02-27,1,train,REPEATED,41,139,10,repeated_peaks,ONSET,115016,115054,461.4291744232178,461.58162546157837,0.1564629077911377,115076.0,1.4737261347182729,1.2395871071850952
jaw,HR-2-27-26-(01).csv,/Users/yanivnaggar/Desktop/Spring 2026/IS/OPENBCI_runs/Yaniv/HR-2-27-26-(01).csv,2026-02-27,1,train,REPEATED,41,139,10,repeated_peaks,ACTIVE,115055,115093,461.5856373310089,461.7380883693695,0.1564629077911377,115076.0,1.4737261347182729,1.2395871071850952
jaw,HR-2-27-26-(01).csv,/Users/yanivnaggar/Desktop/Spring 2026/IS/OPENBCI_runs/Yaniv/HR-2-27-26-(01).csv,2026-02-27,1,train,REPEATED,41,139,10,repeated_peaks,OFFSET,115094,115132,461.74210023880005,461.89455127716064,0.1564629077911377,115076.0,1.4737261347182729,1.2395871071850952
jaw,HR-2-27-26-(01).csv,/Users/yanivnaggar/Desktop/Spring 2026/IS/OPENBCI_runs/Yaniv/HR-2-27-26-(01).csv,2026-02-27,1,train,REPEATED,41,140,11,repeated_peaks,ONSET,115206,115245,462.19142961502075,462.3478925228119,0.1604747772216797,115266.0,1.0674331338208445,0.7689651858578259
jaw,HR-2-27-26-(01).csv,/Users/yanivnaggar/Desktop/Spring 2026/IS/OPENBCI_runs/Yaniv/HR-2-27-26-(01).csv,2026-02-27,1,train,REPEATED,41,140,11,repeated_peaks,ACTIVE,115246,115287,462.35190439224243,462.51639103889465,0.16849851608276367,115266.0,1.0674331338208445,0.7689651858578259
jaw,HR-2-27-26-(01).csv,/Users/yanivnaggar/Desktop/Spring 2026/IS/OPENBCI_runs/Yaniv/HR-2-27-26-(01).csv,2026-02-27,1,train,REPEATED,41,140,11,repeated_peaks,OFFSET,115288,115327,462.5204029083252,462.67686581611633,0.1604747772216797,115266.0,1.0674331338208445,0.7689651858578259
jaw,HR-2-27-26-(01).csv,/Users/yanivnaggar/Desktop/Spring 2026/IS/OPENBCI_runs/Yaniv/HR-2-27-26-(01).csv,2026-02-27,1,train,REPEATED,41,141,12,repeated_peaks,ONSET,115347,115396,462.7571032047272,462.95368480682373,0.2005934715270996,115427.0,1.2824888190921062,0.9858792121817781
jaw,HR-2-27-26-(01).csv,/Users/yanivnaggar/Desktop/Spring 2026/IS/OPENBCI_runs/Yaniv/HR-2-27-26-(01).csv,2026-02-27,1,train,REPEATED,41,141,12,repeated_peaks,ACTIVE,115397,115446,462.9576966762543,463.15427827835083,0.2005934715270996,115427.0,1.2824888190921062,0.9858792121817781
jaw,HR-2-27-26-(01).csv,/Users/yanivnaggar/Desktop/Spring 2026/IS/OPENBCI_runs/Yaniv/HR-2-27-26-(01).csv,2026-02-27,1,train,REPEATED,41,141,12,repeated_peaks,OFFSET,115447,115496,463.1582901477814,463.35487174987793,0.2005934715270996,115427.0,1.2824888190921062,0.9858792121817781
jaw,HR-2-27-26-(01).csv,/Users/yanivnaggar/Desktop/Spring 2026/IS/OPENBCI_runs/Yaniv/HR-2-27-26-(01).csv,2026-02-27,1,train,HOLD,43,142,0,hold_marker_edges,ONSET,119531,119580,479.54276490211487,479.7393465042114,0.2005934715270996,,,
jaw,HR-2-27-26-(01).csv,/Users/yanivnaggar/Desktop/Spring 2026/IS/OPENBCI_runs/Yaniv/HR-2-27-26-(01).csv,2026-02-27,1,train,HOLD,43,142,0,hold_marker_edges,ACTIVE,119581,121677,479.74335837364197,488.152236700058,8.412890195846558,,,
jaw,HR-2-27-26-(01).csv,/Users/yanivnaggar/Desktop/Spring 2026/IS/OPENBCI_runs/Yaniv/HR-2-27-26-(01).csv,2026-02-27,1,train,HOLD,43,142,0,hold_marker_edges,OFFSET,121678,121727,488.1562485694885,488.3528301715851,0.2005934715270996,,,
jaw,HR-2-27-26-(01).csv,/Users/yanivnaggar/Desktop/Spring 2026/IS/OPENBCI_runs/Yaniv/HR-2-27-26-(01).csv,2026-02-27,1,train,REPEATED,45,143,0,repeated_peaks,ONSET,123351,123382,494.8681061267853,494.9924740791321,0.12837982177734375,123398.0,1.4045766276205232,1.1879117097350838
jaw,HR-2-27-26-(01).csv,/Users/yanivnaggar/Desktop/Spring 2026/IS/OPENBCI_runs/Yaniv/HR-2-27-26-(01).csv,2026-02-27,1,train,REPEATED,45,143,0,repeated_peaks,ACTIVE,123383,123419,494.9964859485626,495.14091324806213,0.1484391689300537,123398.0,1.4045766276205232,1.1879117097350838
jaw,HR-2-27-26-(01).csv,/Users/yanivnaggar/Desktop/Spring 2026/IS/OPENBCI_runs/Yaniv/HR-2-27-26-(01).csv,2026-02-27,1,train,REPEATED,45,143,0,repeated_peaks,OFFSET,123420,123452,495.1449251174927,495.27330493927,0.13239169120788574,123398.0,1.4045766276205232,1.1879117097350838
jaw,HR-2-27-26-(01).csv,/Users/yanivnaggar/Desktop/Spring 2026/IS/OPENBCI_runs/Yaniv/HR-2-27-26-(01).csv,2026-02-27,1,train,REPEATED,45,144,1,repeated_peaks,ONSET,123502,123536,495.4738984107971,495.61030197143555,0.14041543006896973,123559.0,1.3514961010999147,1.123152529247494
jaw,HR-2-27-26-(01).csv,/Users/yanivnaggar/Desktop/Spring 2026/IS/OPENBCI_runs/Yaniv/HR-2-27-26-(01).csv,2026-02-27,1,train,REPEATED,45,144,1,repeated_peaks,ACTIVE,123537,123573,495.6143138408661,495.7587411403656,0.1484391689300537,123559.0,1.3514961010999147,1.123152529247494
jaw,HR-2-27-26-(01).csv,/Users/yanivnaggar/Desktop/Spring 2026/IS/OPENBCI_runs/Yaniv/HR-2-27-26-(01).csv,2026-02-27,1,train,REPEATED,45,144,1,repeated_peaks,OFFSET,123574,123609,495.76275300979614,495.9031684398651,0.14442729949951172,123559.0,1.3514961010999147,1.123152529247494
jaw,HR-2-27-26-(01).csv,/Users/yanivnaggar/Desktop/Spring 2026/IS/OPENBCI_runs/Yaniv/HR-2-27-26-(01).csv,2026-02-27,1,train,REPEATED,45,145,2,repeated_peaks,ONSET,123660,123698,496.10777378082275,496.26022481918335,0.1564629077911377,123716.0,1.1656391762453786,0.8703680910256073
jaw,HR-2-27-26-(01).csv,/Users/yanivnaggar/Desktop/Spring 2026/IS/OPENBCI_runs/Yaniv/HR-2-27-26-(01).csv,2026-02-27,1,train,REPEATED,45,145,2,repeated_peaks,ACTIVE,123699,123738,496.2642366886139,496.42069959640503,0.1604747772216797,123716.0,1.1656391762453786,0.8703680910256073
jaw,HR-2-27-26-(01).csv,/Users/yanivnaggar/Desktop/Spring 2026/IS/OPENBCI_runs/Yaniv/HR-2-27-26-(01).csv,2026-02-27,1,train,REPEATED,45,145,2,repeated_peaks,OFFSET,123739,123777,496.42471146583557,496.57716250419617,0.1564629077911377,123716.0,1.1656391762453786,0.8703680910256073
jaw,HR-2-27-26-(01).csv,/Users/yanivnaggar/Desktop/Spring 2026/IS/OPENBCI_runs/Yaniv/HR-2-27-26-(01).csv,2026-02-27,1,train,REPEATED,45,146,3,repeated_peaks,ONSET,123799,123845,496.6654236316681,496.849969625473,0.18855786323547363,123881.0,1.397052556255086,1.1715826385941528
jaw,HR-2-27-26-(01).csv,/Users/yanivnaggar/Desktop/Spring 2026/IS/OPENBCI_runs/Yaniv/HR-2-27-26-(01).csv,2026-02-27,1,train,REPEATED,45,146,3,repeated_peaks,ACTIVE,123846,123893,496.85398149490356,497.04253935813904,0.19256973266601562,123881.0,1.397052556255086,1.1715826385941528
jaw,HR-2-27-26-(01).csv,/Users/yanivnaggar/Desktop/Spring 2026/IS/OPENBCI_runs/Yaniv/HR-2-27-26-(01).csv,2026-02-27,1,train,REPEATED,45,146,3,repeated_peaks,OFFSET,123894,123940,497.0465512275696,497.2310972213745,0.18855786323547363,123881.0,1.397052556255086,1.1715826385941528
jaw,HR-2-27-26-(01).csv,/Users/yanivnaggar/Desktop/Spring 2026/IS/OPENBCI_runs/Yaniv/HR-2-27-26-(01).csv,2026-02-27,1,train,REPEATED,45,147,4,repeated_peaks,ONSET,123964,124011,497.3273820877075,497.515939950943,0.19256973266601562,124041.0,1.382983003147003,1.1023964762668577
jaw,HR-2-27-26-(01).csv,/Users/yanivnaggar/Desktop/Spring 2026/IS/OPENBCI_runs/Yaniv/HR-2-27-26-(01).csv,2026-02-27,1,train,REPEATED,45,147,4,repeated_peaks,ACTIVE,124012,124059,497.51995182037354,497.708509683609,0.19256973266601562,124041.0,1.382983003147003,1.1023964762668577
jaw,HR-2-27-26-(01).csv,/Users/yanivnaggar/Desktop/Spring 2026/IS/OPENBCI_runs/Yaniv/HR-2-27-26-(01).csv,2026-02-27,1,train,REPEATED,45,147,4,repeated_peaks,OFFSET,124060,124107,497.71252155303955,497.901079416275,0.19256973266601562,124041.0,1.382983003147003,1.1023964762668577
jaw,HR-2-27-26-(01).csv,/Users/yanivnaggar/Desktop/Spring 2026/IS/OPENBCI_runs/Yaniv/HR-2-27-26-(01).csv,2026-02-27,1,train,REPEATED,45,148,5,repeated_peaks,ONSET,124109,124150,497.9091031551361,498.07358980178833,0.16849851608276367,124175.0,1.0922095144832629,0.7481593655636785
jaw,HR-2-27-26-(01).csv,/Users/yanivnaggar/Desktop/Spring 2026/IS/OPENBCI_runs/Yaniv/HR-2-27-26-(01).csv,2026-02-27,1,train,REPEATED,45,148,5,repeated_peaks,ACTIVE,124151,124193,498.0776016712189,498.24610018730164,0.17251038551330566,124175.0,1.0922095144832629,0.7481593655636785
jaw,HR-2-27-26-(01).csv,/Users/yanivnaggar/Desktop/Spring 2026/IS/OPENBCI_runs/Yaniv/HR-2-27-26-(01).csv,2026-02-27,1,train,REPEATED,45,148,5,repeated_peaks,OFFSET,124194,124235,498.2501120567322,498.4145987033844,0.16849851608276367,124175.0,1.0922095144832629,0.7481593655636785
jaw,HR-2-27-26-(01).csv,/Users/yanivnaggar/Desktop/Spring 2026/IS/OPENBCI_runs/Yaniv/HR-2-27-26-(01).csv,2026-02-27,1,train,REPEATED,45,149,6,repeated_peaks,ONSET,124279,124319,498.59112095832825,498.7515957355499,0.16448664665222168,124336.0,1.310887772933944,1.0373736302051126
jaw,HR-2-27-26-(01).csv,/Users/yanivnaggar/Desktop/Spring 2026/IS/OPENBCI_runs/Yaniv/HR-2-27-26-(01).csv,2026-02-27,1,train,REPEATED,45,149,6,repeated_peaks,ACTIVE,124320,124360,498.75560760498047,498.91608238220215,0.16448664665222168,124336.0,1.310887772933944,1.0373736302051126
jaw,HR-2-27-26-(01).csv,/Users/yanivnaggar/Desktop/Spring 2026/IS/OPENBCI_runs/Yaniv/HR-2-27-26-(01).csv,2026-02-27,1,train,REPEATED,45,149,6,repeated_peaks,OFFSET,124361,124401,498.9200942516327,499.08056902885437,0.16448664665222168,124336.0,1.310887772933944,1.0373736302051126
jaw,HR-2-27-26-(01).csv,/Users/yanivnaggar/Desktop/Spring 2026/IS/OPENBCI_runs/Yaniv/HR-2-27-26-(01).csv,2026-02-27,1,train,REPEATED,45,150,7,repeated_peaks,ONSET,124425,124472,499.1768538951874,499.36541175842285,0.19256973266601562,124495.0,1.4908666308700134,1.2014194564560166
jaw,HR-2-27-26-(01).csv,/Users/yanivnaggar/Desktop/Spring 2026/IS/OPENBCI_runs/Yaniv/HR-2-27-26-(01).csv,2026-02-27,1,train,REPEATED,45,150,7,repeated_peaks,ACTIVE,124473,124520,499.3694236278534,499.55798149108887,0.19256973266601562,124495.0,1.4908666308700134,1.2014194564560166
jaw,HR-2-27-26-(01).csv,/Users/yanivnaggar/Desktop/Spring 2026/IS/OPENBCI_runs/Yaniv/HR-2-27-26-(01).csv,2026-02-27,1,train,REPEATED,45,150,7,repeated_peaks,OFFSET,124521,124568,499.5619933605194,499.7505512237549,0.19256973266601562,124495.0,1.4908666308700134,1.2014194564560166
jaw,HR-2-27-26-(01).csv,/Users/yanivnaggar/Desktop/Spring 2026/IS/OPENBCI_runs/Yaniv/HR-2-27-26-(01).csv,2026-02-27,1,train,REPEATED,45,151,8,repeated_peaks,ONSET,124577,124624,499.78665804862976,499.97521591186523,0.19256973266601562,124657.0,1.0636997416953318,0.7308575949687586
jaw,HR-2-27-26-(01).csv,/Users/yanivnaggar/Desktop/Spring 2026/IS/OPENBCI_runs/Yaniv/HR-2-27-26-(01).csv,2026-02-27,1,train,REPEATED,45,151,8,repeated_peaks,ACTIVE,124625,124674,499.9792277812958,500.1758093833924,0.2005934715270996,124657.0,1.0636997416953318,0.7308575949687586
jaw,HR-2-27-26-(01).csv,/Users/yanivnaggar/Desktop/Spring 2026/IS/OPENBCI_runs/Yaniv/HR-2-27-26-(01).csv,2026-02-27,1,train,REPEATED,45,151,8,repeated_peaks,OFFSET,124675,124722,500.17982125282293,500.3683791160584,0.19256973266601562,124657.0,1.0636997416953318,0.7308575949687586
jaw,HR-2-27-26-(01).csv,/Users/yanivnaggar/Desktop/Spring 2026/IS/OPENBCI_runs/Yaniv/HR-2-27-26-(01).csv,2026-02-27,1,train,REPEATED,45,152,9,repeated_peaks,ONSET,124740,124788,500.44059276580816,500.6331624984742,0.19658160209655762,124821.0,1.422013987365173,1.1077115907229365
jaw,HR-2-27-26-(01).csv,/Users/yanivnaggar/Desktop/Spring 2026/IS/OPENBCI_runs/Yaniv/HR-2-27-26-(01).csv,2026-02-27,1,train,REPEATED,45,152,9,repeated_peaks,ACTIVE,124789,124838,500.6371743679047,500.8337559700013,0.2005934715270996,124821.0,1.422013987365173,1.1077115907229365
jaw,HR-2-27-26-(01).csv,/Users/yanivnaggar/Desktop/Spring 2026/IS/OPENBCI_runs/Yaniv/HR-2-27-26-(01).csv,2026-02-27,1,train,REPEATED,45,152,9,repeated_peaks,OFFSET,124839,124887,500.8377678394318,501.03033757209784,0.19658160209655762,124821.0,1.422013987365173,1.1077115907229365
jaw,HR-2-27-26-(01).csv,/Users/yanivnaggar/Desktop/Spring 2026/IS/OPENBCI_runs/Yaniv/HR-2-27-26-(01).csv,2026-02-27,1,train,REPEATED,45,153,10,repeated_peaks,ONSET,124903,124947,501.0945274829865,501.27104973793035,0.18053412437438965,124973.0,1.2157014060893996,0.9125363056545908
jaw,HR-2-27-26-(01).csv,/Users/yanivnaggar/Desktop/Spring 2026/IS/OPENBCI_runs/Yaniv/HR-2-27-26-(01).csv,2026-02-27,1,train,REPEATED,45,153,10,repeated_peaks,ACTIVE,124948,124993,501.2750616073609,501.4555957317353,0.18454599380493164,124973.0,1.2157014060893996,0.9125363056545908
jaw,HR-2-27-26-(01).csv,/Users/yanivnaggar/Desktop/Spring 2026/IS/OPENBCI_runs/Yaniv/HR-2-27-26-(01).csv,2026-02-27,1,train,REPEATED,45,153,10,repeated_peaks,OFFSET,124994,125038,501.4596076011658,501.6361298561097,0.18053412437438965,124973.0,1.2157014060893996,0.9125363056545908
jaw,HR-2-27-26-(01).csv,/Users/yanivnaggar/Desktop/Spring 2026/IS/OPENBCI_runs/Yaniv/HR-2-27-26-(01).csv,2026-02-27,1,train,REPEATED,45,154,11,repeated_peaks,ONSET,125066,125115,501.74846220016485,501.9450438022614,0.2005934715270996,125140.0,1.5292003492030655,1.1317507073829665
jaw,HR-2-27-26-(01).csv,/Users/yanivnaggar/Desktop/Spring 2026/IS/OPENBCI_runs/Yaniv/HR-2-27-26-(01).csv,2026-02-27,1,train,REPEATED,45,154,11,repeated_peaks,ACTIVE,125116,125175,501.94905567169195,502.18575596809393,0.24071216583251953,125140.0,1.5292003492030655,1.1317507073829665
jaw,HR-2-27-26-(01).csv,/Users/yanivnaggar/Desktop/Spring 2026/IS/OPENBCI_runs/Yaniv/HR-2-27-26-(01).csv,2026-02-27,1,train,REPEATED,45,154,11,repeated_peaks,OFFSET,125176,125225,502.18976783752447,502.38634943962103,0.2005934715270996,125140.0,1.5292003492030655,1.1317507073829665
jaw,HR-2-27-26-(01).csv,/Users/yanivnaggar/Desktop/Spring 2026/IS/OPENBCI_runs/Yaniv/HR-2-27-26-(01).csv,2026-02-27,1,train,REPEATED,45,155,12,repeated_peaks,ONSET,125227,125276,502.3943731784821,502.59095478057867,0.2005934715270996,125312.0,1.287029949517003,0.8536033688864662
jaw,HR-2-27-26-(01).csv,/Users/yanivnaggar/Desktop/Spring 2026/IS/OPENBCI_runs/Yaniv/HR-2-27-26-(01).csv,2026-02-27,1,train,REPEATED,45,155,12,repeated_peaks,ACTIVE,125277,125337,502.5949666500092,502.83567881584173,0.24472403526306155,125312.0,1.287029949517003,0.8536033688864662
jaw,HR-2-27-26-(01).csv,/Users/yanivnaggar/Desktop/Spring 2026/IS/OPENBCI_runs/Yaniv/HR-2-27-26-(01).csv,2026-02-27,1,train,REPEATED,45,155,12,repeated_peaks,OFFSET,125338,125387,502.8396906852723,503.03627228736883,0.2005934715270996,125312.0,1.287029949517003,0.8536033688864662
jaw,HR-2-27-26-(01).csv,/Users/yanivnaggar/Desktop/Spring 2026/IS/OPENBCI_runs/Yaniv/HR-2-27-26-(01).csv,2026-02-27,1,train,REPEATED,45,156,13,repeated_peaks,ONSET,125389,125429,503.0442960262299,503.2047708034516,0.16448664665222168,125464.0,1.5198890850701336,0.9190596677828611
jaw,HR-2-27-26-(01).csv,/Users/yanivnaggar/Desktop/Spring 2026/IS/OPENBCI_runs/Yaniv/HR-2-27-26-(01).csv,2026-02-27,1,train,REPEATED,45,156,13,repeated_peaks,ACTIVE,125430,125472,503.20878267288214,503.3772811889649,0.17251038551330566,125464.0,1.5198890850701336,0.9190596677828611
jaw,HR-2-27-26-(01).csv,/Users/yanivnaggar/Desktop/Spring 2026/IS/OPENBCI_runs/Yaniv/HR-2-27-26-(01).csv,2026-02-27,1,train,REPEATED,45,156,13,repeated_peaks,OFFSET,125473,125513,503.38129305839544,503.5417678356171,0.16448664665222168,125464.0,1.5198890850701336,0.9190596677828611
jaw,HR-3-8-26-(02).csv,/Users/yanivnaggar/Desktop/Spring 2026/IS/OPENBCI_runs/Yaniv/HR-3-8-26-(02).csv,2026-03-08,2,train,HOLD,1,0,0,hold_marker_edges,ONSET,13105,13154,52.59117126464844,52.787811279296875,0.200653076171875,,,
jaw,HR-3-8-26-(02).csv,/Users/yanivnaggar/Desktop/Spring 2026/IS/OPENBCI_runs/Yaniv/HR-3-8-26-(02).csv,2026-03-08,2,train,HOLD,1,0,0,hold_marker_edges,ACTIVE,13155,14296,52.79182434082031,57.3707275390625,4.582916259765625,,,
jaw,HR-3-8-26-(02).csv,/Users/yanivnaggar/Desktop/Spring 2026/IS/OPENBCI_runs/Yaniv/HR-3-8-26-(02).csv,2026-03-08,2,train,HOLD,1,0,0,hold_marker_edges,OFFSET,14297,14346,57.37474060058594,57.571380615234375,0.200653076171875,,,
jaw,HR-3-8-26-(02).csv,/Users/yanivnaggar/Desktop/Spring 2026/IS/OPENBCI_runs/Yaniv/HR-3-8-26-(02).csv,2026-03-08,2,train,REPEATED,3,1,0,repeated_peaks,ONSET,15510,15531,62.242584228515625,62.32685852050781,0.088287353515625,15538.0,0.9526548597003306,0.6978298304343431
jaw,HR-3-8-26-(02).csv,/Users/yanivnaggar/Desktop/Spring 2026/IS/OPENBCI_runs/Yaniv/HR-3-8-26-(02).csv,2026-03-08,2,train,REPEATED,3,1,0,repeated_peaks,ACTIVE,15532,15568,62.33087158203125,62.475341796875,0.1484832763671875,15538.0,0.9526548597003306,0.6978298304343431
jaw,HR-3-8-26-(02).csv,/Users/yanivnaggar/Desktop/Spring 2026/IS/OPENBCI_runs/Yaniv/HR-3-8-26-(02).csv,2026-03-08,2,train,REPEATED,3,1,0,repeated_peaks,OFFSET,15569,15591,62.47935485839844,62.56764221191406,0.0923004150390625,15538.0,0.9526548597003306,0.6978298304343431
jaw,HR-3-8-26-(02).csv,/Users/yanivnaggar/Desktop/Spring 2026/IS/OPENBCI_runs/Yaniv/HR-3-8-26-(02).csv,2026-03-08,2,train,REPEATED,3,2,1,repeated_peaks,ONSET,15619,15646,62.68000793457031,62.788360595703125,0.11236572265625,15665.0,0.7210120399162775,0.4571346036141536
jaw,HR-3-8-26-(02).csv,/Users/yanivnaggar/Desktop/Spring 2026/IS/OPENBCI_runs/Yaniv/HR-3-8-26-(02).csv,2026-03-08,2,train,REPEATED,3,2,1,repeated_peaks,ACTIVE,15647,15683,62.79237365722656,62.93684387207031,0.1484832763671875,15665.0,0.7210120399162775,0.4571346036141536
jaw,HR-3-8-26-(02).csv,/Users/yanivnaggar/Desktop/Spring 2026/IS/OPENBCI_runs/Yaniv/HR-3-8-26-(02).csv,2026-03-08,2,train,REPEATED,3,2,1,repeated_peaks,OFFSET,15684,15712,62.94085693359375,63.05322265625,0.1163787841796875,15665.0,0.7210120399162775,0.4571346036141536
jaw,HR-3-8-26-(02).csv,/Users/yanivnaggar/Desktop/Spring 2026/IS/OPENBCI_runs/Yaniv/HR-3-8-26-(02).csv,2026-03-08,2,train,REPEATED,3,3,2,repeated_peaks,ONSET,15749,15782,63.20170593261719,63.334136962890625,0.136444091796875,15795.0,1.3036029512766707,1.0419545349427484
jaw,HR-3-8-26-(02).csv,/Users/yanivnaggar/Desktop/Spring 2026/IS/OPENBCI_runs/Yaniv/HR-3-8-26-(02).csv,2026-03-08,2,train,REPEATED,3,3,2,repeated_peaks,ACTIVE,15783,15819,63.33815002441406,63.48262023925781,0.1484832763671875,15795.0,1.3036029512766707,1.0419545349427484
jaw,HR-3-8-26-(02).csv,/Users/yanivnaggar/Desktop/Spring 2026/IS/OPENBCI_runs/Yaniv/HR-3-8-26-(02).csv,2026-03-08,2,train,REPEATED,3,3,2,repeated_peaks,OFFSET,15820,15853,63.48663330078125,63.61906433105469,0.136444091796875,15795.0,1.3036029512766707,1.0419545349427484
jaw,HR-3-8-26-(02).csv,/Users/yanivnaggar/Desktop/Spring 2026/IS/OPENBCI_runs/Yaniv/HR-3-8-26-(02).csv,2026-03-08,2,train,REPEATED,3,4,3,repeated_peaks,ONSET,15872,15909,63.6953125,63.84379577636719,0.152496337890625,15931.0,0.9693078093963513,0.6530129084005803
jaw,HR-3-8-26-(02).csv,/Users/yanivnaggar/Desktop/Spring 2026/IS/OPENBCI_runs/Yaniv/HR-3-8-26-(02).csv,2026-03-08,2,train,REPEATED,3,4,3,repeated_peaks,ACTIVE,15910,15949,63.847808837890625,64.00431823730469,0.1605224609375,15931.0,0.9693078093963513,0.6530129084005803
jaw,HR-3-8-26-(02).csv,/Users/yanivnaggar/Desktop/Spring 2026/IS/OPENBCI_runs/Yaniv/HR-3-8-26-(02).csv,2026-03-08,2,train,REPEATED,3,4,3,repeated_peaks,OFFSET,15950,15987,64.00833129882812,64.15681457519531,0.152496337890625,15931.0,0.9693078093963513,0.6530129084005803
jaw,HR-3-8-26-(02).csv,/Users/yanivnaggar/Desktop/Spring 2026/IS/OPENBCI_runs/Yaniv/HR-3-8-26-(02).csv,2026-03-08,2,train,REPEATED,3,5,4,repeated_peaks,ONSET,15989,16025,64.16484069824219,64.30931091308594,0.1484832763671875,16046.0,0.8991902443707879,0.5554326745529308
jaw,HR-3-8-26-(02).csv,/Users/yanivnaggar/Desktop/Spring 2026/IS/OPENBCI_runs/Yaniv/HR-3-8-26-(02).csv,2026-03-08,2,train,REPEATED,3,5,4,repeated_peaks,ACTIVE,16026,16062,64.31332397460938,64.45779418945312,0.1484832763671875,16046.0,0.8991902443707879,0.5554326745529308
jaw,HR-3-8-26-(02).csv,/Users/yanivnaggar/Desktop/Spring 2026/IS/OPENBCI_runs/Yaniv/HR-3-8-26-(02).csv,2026-03-08,2,train,REPEATED,3,5,4,repeated_peaks,OFFSET,16063,16099,64.46180725097656,64.60627746582031,0.1484832763671875,16046.0,0.8991902443707879,0.5554326745529308
jaw,HR-3-8-26-(02).csv,/Users/yanivnaggar/Desktop/Spring 2026/IS/OPENBCI_runs/Yaniv/HR-3-8-26-(02).csv,2026-03-08,2,train,REPEATED,3,6,5,repeated_peaks,ONSET,16137,16164,64.75877380371094,64.86712646484375,0.11236572265625,16174.0,0.8534570098640316,0.5882965332372867
jaw,HR-3-8-26-(02).csv,/Users/yanivnaggar/Desktop/Spring 2026/IS/OPENBCI_runs/Yaniv/HR-3-8-26-(02).csv,2026-03-08,2,train,REPEATED,3,6,5,repeated_peaks,ACTIVE,16165,16201,64.87113952636719,65.01560974121094,0.1484832763671875,16174.0,0.8534570098640316,0.5882965332372867
jaw,HR-3-8-26-(02).csv,/Users/yanivnaggar/Desktop/Spring 2026/IS/OPENBCI_runs/Yaniv/HR-3-8-26-(02).csv,2026-03-08,2,train,REPEATED,3,6,5,repeated_peaks,OFFSET,16202,16230,65.01962280273438,65.13198852539062,0.1163787841796875,16174.0,0.8534570098640316,0.5882965332372867
jaw,HR-3-8-26-(02).csv,/Users/yanivnaggar/Desktop/Spring 2026/IS/OPENBCI_runs/Yaniv/HR-3-8-26-(02).csv,2026-03-08,2,train,REPEATED,3,7,6,repeated_peaks,ONSET,16259,16296,65.24836730957031,65.3968505859375,0.152496337890625,16309.0,0.8181680613421516,0.4730902563447645
jaw,HR-3-8-26-(02).csv,/Users/yanivnaggar/Desktop/Spring 2026/IS/OPENBCI_runs/Yaniv/HR-3-8-26-(02).csv,2026-03-08,2,train,REPEATED,3,7,6,repeated_peaks,ACTIVE,16297,16336,65.40086364746094,65.557373046875,0.1605224609375,16309.0,0.8181680613421516,0.4730902563447645
jaw,HR-3-8-26-(02).csv,/Users/yanivnaggar/Desktop/Spring 2026/IS/OPENBCI_runs/Yaniv/HR-3-8-26-(02).csv,2026-03-08,2,train,REPEATED,3,7,6,repeated_peaks,OFFSET,16337,16374,65.56138610839844,65.70986938476562,0.152496337890625,16309.0,0.8181680613421516,0.4730902563447645
jaw,HR-3-8-26-(02).csv,/Users/yanivnaggar/Desktop/Spring 2026/IS/OPENBCI_runs/Yaniv/HR-3-8-26-(02).csv,2026-03-08,2,train,REPEATED,3,8,7,repeated_peaks,ONSET,16376,16425,65.7178955078125,65.91453552246094,0.200653076171875,16442.0,1.0555815190149314,0.6996052880348966
jaw,HR-3-8-26-(02).csv,/Users/yanivnaggar/Desktop/Spring 2026/IS/OPENBCI_runs/Yaniv/HR-3-8-26-(02).csv,2026-03-08,2,train,REPEATED,3,8,7,repeated_peaks,ACTIVE,16426,16521,65.91854858398438,66.29978942871094,0.38525390625,16442.0,1.0555815190149314,0.6996052880348966
jaw,HR-3-8-26-(02).csv,/Users/yanivnaggar/Desktop/Spring 2026/IS/OPENBCI_runs/Yaniv/HR-3-8-26-(02).csv,2026-03-08,2,train,REPEATED,3,8,7,repeated_peaks,OFFSET,16522,16571,66.30380249023438,66.50044250488281,0.200653076171875,16442.0,1.0555815190149314,0.6996052880348966
jaw,HR-3-8-26-(02).csv,/Users/yanivnaggar/Desktop/Spring 2026/IS/OPENBCI_runs/Yaniv/HR-3-8-26-(02).csv,2026-03-08,2,train,HOLD,5,9,0,hold_marker_edges,ONSET,19685,19734,78.99711608886719,79.19375610351562,0.200653076171875,,,
jaw,HR-3-8-26-(02).csv,/Users/yanivnaggar/Desktop/Spring 2026/IS/OPENBCI_runs/Yaniv/HR-3-8-26-(02).csv,2026-03-08,2,train,HOLD,5,9,0,hold_marker_edges,ACTIVE,19735,21332,79.19776916503906,85.60662841796875,6.412872314453125,,,
jaw,HR-3-8-26-(02).csv,/Users/yanivnaggar/Desktop/Spring 2026/IS/OPENBCI_runs/Yaniv/HR-3-8-26-(02).csv,2026-03-08,2,train,HOLD,5,9,0,hold_marker_edges,OFFSET,21333,21382,85.61064147949219,85.80728149414062,0.200653076171875,,,
jaw,HR-3-8-26-(02).csv,/Users/yanivnaggar/Desktop/Spring 2026/IS/OPENBCI_runs/Yaniv/HR-3-8-26-(02).csv,2026-03-08,2,train,REPEATED,7,10,0,repeated_peaks,ONSET,22367,22386,89.76014709472656,89.83639526367188,0.08026123046875,22391.0,0.7373567350217128,0.4996367637951349
jaw,HR-3-8-26-(02).csv,/Users/yanivnaggar/Desktop/Spring 2026/IS/OPENBCI_runs/Yaniv/HR-3-8-26-(02).csv,2026-03-08,2,train,REPEATED,7,10,0,repeated_peaks,ACTIVE,22387,22423,89.84040832519531,89.98487854003906,0.1484832763671875,22391.0,0.7373567350217128,0.4996367637951349
jaw,HR-3-8-26-(02).csv,/Users/yanivnaggar/Desktop/Spring 2026/IS/OPENBCI_runs/Yaniv/HR-3-8-26-(02).csv,2026-03-08,2,train,REPEATED,7,10,0,repeated_peaks,OFFSET,22424,22443,89.9888916015625,90.06513977050781,0.08026123046875,22391.0,0.7373567350217128,0.4996367637951349
jaw,HR-3-8-26-(02).csv,/Users/yanivnaggar/Desktop/Spring 2026/IS/OPENBCI_runs/Yaniv/HR-3-8-26-(02).csv,2026-03-08,2,train,REPEATED,7,11,1,repeated_peaks,ONSET,22484,22515,90.22967529296875,90.35408020019531,0.12841796875,22538.0,0.9834116004687248,0.7541828752116851
jaw,HR-3-8-26-(02).csv,/Users/yanivnaggar/Desktop/Spring 2026/IS/OPENBCI_runs/Yaniv/HR-3-8-26-(02).csv,2026-03-08,2,train,REPEATED,7,11,1,repeated_peaks,ACTIVE,22516,22552,90.35809326171875,90.5025634765625,0.1484832763671875,22538.0,0.9834116004687248,0.7541828752116851
jaw,HR-3-8-26-(02).csv,/Users/yanivnaggar/Desktop/Spring 2026/IS/OPENBCI_runs/Yaniv/HR-3-8-26-(02).csv,2026-03-08,2,train,REPEATED,7,11,1,repeated_peaks,OFFSET,22553,22584,90.50657653808594,90.6309814453125,0.12841796875,22538.0,0.9834116004687248,0.7541828752116851
jaw,HR-3-8-26-(02).csv,/Users/yanivnaggar/Desktop/Spring 2026/IS/OPENBCI_runs/Yaniv/HR-3-8-26-(02).csv,2026-03-08,2,train,REPEATED,7,12,2,repeated_peaks,ONSET,22627,22658,90.80354309082031,90.92794799804688,0.12841796875,22682.0,1.279632986760976,1.0795489353888257
jaw,HR-3-8-26-(02).csv,/Users/yanivnaggar/Desktop/Spring 2026/IS/OPENBCI_runs/Yaniv/HR-3-8-26-(02).csv,2026-03-08,2,train,REPEATED,7,12,2,repeated_peaks,ACTIVE,22659,22695,90.93196105957031,91.07643127441406,0.1484832763671875,22682.0,1.279632986760976,1.0795489353888257
jaw,HR-3-8-26-(02).csv,/Users/yanivnaggar/Desktop/Spring 2026/IS/OPENBCI_runs/Yaniv/HR-3-8-26-(02).csv,2026-03-08,2,train,REPEATED,7,12,2,repeated_peaks,OFFSET,22696,22727,91.0804443359375,91.20484924316406,0.12841796875,22682.0,1.279632986760976,1.0795489353888257
jaw,HR-3-8-26-(02).csv,/Users/yanivnaggar/Desktop/Spring 2026/IS/OPENBCI_runs/Yaniv/HR-3-8-26-(02).csv,2026-03-08,2,train,REPEATED,7,13,3,repeated_peaks,ONSET,22770,22803,91.37741088867188,91.50984191894531,0.136444091796875,22822.0,1.0603041230412218,0.816551132095424
jaw,HR-3-8-26-(02).csv,/Users/yanivnaggar/Desktop/Spring 2026/IS/OPENBCI_runs/Yaniv/HR-3-8-26-(02).csv,2026-03-08,2,train,REPEATED,7,13,3,repeated_peaks,ACTIVE,22804,22840,91.51385498046875,91.6583251953125,0.1484832763671875,22822.0,1.0603041230412218,0.816551132095424
jaw,HR-3-8-26-(02).csv,/Users/yanivnaggar/Desktop/Spring 2026/IS/OPENBCI_runs/Yaniv/HR-3-8-26-(02).csv,2026-03-08,2,train,REPEATED,7,13,3,repeated_peaks,OFFSET,22841,22875,91.66233825683594,91.79878234863281,0.1404571533203125,22822.0,1.0603041230412218,0.816551132095424
jaw,HR-3-8-26-(02).csv,/Users/yanivnaggar/Desktop/Spring 2026/IS/OPENBCI_runs/Yaniv/HR-3-8-26-(02).csv,2026-03-08,2,train,REPEATED,7,14,4,repeated_peaks,ONSET,22908,22937,91.93121337890625,92.04759216308594,0.120391845703125,22960.0,0.8527371941554867,0.5622430626564117
jaw,HR-3-8-26-(02).csv,/Users/yanivnaggar/Desktop/Spring 2026/IS/OPENBCI_runs/Yaniv/HR-3-8-26-(02).csv,2026-03-08,2,train,REPEATED,7,14,4,repeated_peaks,ACTIVE,22938,22974,92.05160522460938,92.19607543945312,0.1484832763671875,22960.0,0.8527371941554867,0.5622430626564117
jaw,HR-3-8-26-(02).csv,/Users/yanivnaggar/Desktop/Spring 2026/IS/OPENBCI_runs/Yaniv/HR-3-8-26-(02).csv,2026-03-08,2,train,REPEATED,7,14,4,repeated_peaks,OFFSET,22975,23004,92.20008850097656,92.31646728515625,0.120391845703125,22960.0,0.8527371941554867,0.5622430626564117
jaw,HR-3-8-26-(02).csv,/Users/yanivnaggar/Desktop/Spring 2026/IS/OPENBCI_runs/Yaniv/HR-3-8-26-(02).csv,2026-03-08,2,train,REPEATED,7,15,5,repeated_peaks,ONSET,23068,23091,92.57330322265625,92.66560363769531,0.0963134765625,23107.0,0.8744750452180565,0.6581380991772154
jaw,HR-3-8-26-(02).csv,/Users/yanivnaggar/Desktop/Spring 2026/IS/OPENBCI_runs/Yaniv/HR-3-8-26-(02).csv,2026-03-08,2,train,REPEATED,7,15,5,repeated_peaks,ACTIVE,23092,23128,92.66961669921875,92.8140869140625,0.1484832763671875,23107.0,0.8744750452180565,0.6581380991772154
jaw,HR-3-8-26-(02).csv,/Users/yanivnaggar/Desktop/Spring 2026/IS/OPENBCI_runs/Yaniv/HR-3-8-26-(02).csv,2026-03-08,2,train,REPEATED,7,15,5,repeated_peaks,OFFSET,23129,23153,92.81809997558594,92.91441345214844,0.1003265380859375,23107.0,0.8744750452180565,0.6581380991772154
jaw,HR-3-8-26-(02).csv,/Users/yanivnaggar/Desktop/Spring 2026/IS/OPENBCI_runs/Yaniv/HR-3-8-26-(02).csv,2026-03-08,2,train,REPEATED,7,16,6,repeated_peaks,ONSET,23198,23230,93.09500122070312,93.22341918945312,0.1324310302734375,23247.0,0.825738077001631,0.5637464817361142
jaw,HR-3-8-26-(02).csv,/Users/yanivnaggar/Desktop/Spring 2026/IS/OPENBCI_runs/Yaniv/HR-3-8-26-(02).csv,2026-03-08,2,train,REPEATED,7,16,6,repeated_peaks,ACTIVE,23231,23267,93.22743225097656,93.37190246582031,0.1484832763671875,23247.0,0.825738077001631,0.5637464817361142
jaw,HR-3-8-26-(02).csv,/Users/yanivnaggar/Desktop/Spring 2026/IS/OPENBCI_runs/Yaniv/HR-3-8-26-(02).csv,2026-03-08,2,train,REPEATED,7,16,6,repeated_peaks,OFFSET,23268,23301,93.37591552734375,93.50834655761719,0.136444091796875,23247.0,0.825738077001631,0.5637464817361142
jaw,HR-3-8-26-(02).csv,/Users/yanivnaggar/Desktop/Spring 2026/IS/OPENBCI_runs/Yaniv/HR-3-8-26-(02).csv,2026-03-08,2,train,REPEATED,7,17,7,repeated_peaks,ONSET,23349,23375,93.70097351074219,93.80531311035156,0.1083526611328125,23405.0,1.0636727554594203,0.8205001455619082
jaw,HR-3-8-26-(02).csv,/Users/yanivnaggar/Desktop/Spring 2026/IS/OPENBCI_runs/Yaniv/HR-3-8-26-(02).csv,2026-03-08,2,train,REPEATED,7,17,7,repeated_peaks,ACTIVE,23376,23412,93.809326171875,93.95379638671875,0.1484832763671875,23405.0,1.0636727554594203,0.8205001455619082
jaw,HR-3-8-26-(02).csv,/Users/yanivnaggar/Desktop/Spring 2026/IS/OPENBCI_runs/Yaniv/HR-3-8-26-(02).csv,2026-03-08,2,train,REPEATED,7,17,7,repeated_peaks,OFFSET,23413,23440,93.95780944824219,94.066162109375,0.11236572265625,23405.0,1.0636727554594203,0.8205001455619082
jaw,HR-3-8-26-(02).csv,/Users/yanivnaggar/Desktop/Spring 2026/IS/OPENBCI_runs/Yaniv/HR-3-8-26-(02).csv,2026-03-08,2,train,REPEATED,7,18,8,repeated_peaks,ONSET,23484,23519,94.24273681640625,94.38319396972656,0.14447021484375,23540.0,0.8295717745823679,0.5052675613953064
jaw,HR-3-8-26-(02).csv,/Users/yanivnaggar/Desktop/Spring 2026/IS/OPENBCI_runs/Yaniv/HR-3-8-26-(02).csv,2026-03-08,2,train,REPEATED,7,18,8,repeated_peaks,ACTIVE,23520,23557,94.38720703125,94.53569030761719,0.152496337890625,23540.0,0.8295717745823679,0.5052675613953064
jaw,HR-3-8-26-(02).csv,/Users/yanivnaggar/Desktop/Spring 2026/IS/OPENBCI_runs/Yaniv/HR-3-8-26-(02).csv,2026-03-08,2,train,REPEATED,7,18,8,repeated_peaks,OFFSET,23558,23593,94.53970336914062,94.68016052246094,0.14447021484375,23540.0,0.8295717745823679,0.5052675613953064
jaw,HR-3-8-26-(02).csv,/Users/yanivnaggar/Desktop/Spring 2026/IS/OPENBCI_runs/Yaniv/HR-3-8-26-(02).csv,2026-03-08,2,train,REPEATED,7,19,9,repeated_peaks,ONSET,23603,23645,94.72029113769531,94.88883972167969,0.1725616455078125,23663.0,0.8488312607857101,0.4825354072132109
jaw,HR-3-8-26-(02).csv,/Users/yanivnaggar/Desktop/Spring 2026/IS/OPENBCI_runs/Yaniv/HR-3-8-26-(02).csv,2026-03-08,2,train,REPEATED,7,19,9,repeated_peaks,ACTIVE,23646,23688,94.89285278320312,95.0614013671875,0.1725616455078125,23663.0,0.8488312607857101,0.4825354072132109
jaw,HR-3-8-26-(02).csv,/Users/yanivnaggar/Desktop/Spring 2026/IS/OPENBCI_runs/Yaniv/HR-3-8-26-(02).csv,2026-03-08,2,train,REPEATED,7,19,9,repeated_peaks,OFFSET,23689,23731,95.06541442871094,95.23396301269531,0.1725616455078125,23663.0,0.8488312607857101,0.4825354072132109
jaw,HR-3-8-26-(02).csv,/Users/yanivnaggar/Desktop/Spring 2026/IS/OPENBCI_runs/Yaniv/HR-3-8-26-(02).csv,2026-03-08,2,train,REPEATED,7,20,10,repeated_peaks,ONSET,23733,23780,95.24198913574219,95.43060302734375,0.192626953125,23801.0,0.883502379685316,0.5317923126210878
jaw,HR-3-8-26-(02).csv,/Users/yanivnaggar/Desktop/Spring 2026/IS/OPENBCI_runs/Yaniv/HR-3-8-26-(02).csv,2026-03-08,2,train,REPEATED,7,20,10,repeated_peaks,ACTIVE,23781,23828,95.43461608886719,95.62322998046875,0.192626953125,23801.0,0.883502379685316,0.5317923126210878
jaw,HR-3-8-26-(02).csv,/Users/yanivnaggar/Desktop/Spring 2026/IS/OPENBCI_runs/Yaniv/HR-3-8-26-(02).csv,2026-03-08,2,train,REPEATED,7,20,10,repeated_peaks,OFFSET,23829,23876,95.62724304199219,95.81585693359375,0.192626953125,23801.0,0.883502379685316,0.5317923126210878
jaw,HR-3-8-26-(02).csv,/Users/yanivnaggar/Desktop/Spring 2026/IS/OPENBCI_runs/Yaniv/HR-3-8-26-(02).csv,2026-03-08,2,train,HOLD,9,21,0,hold_marker_edges,ONSET,26841,26890,107.71458435058594,107.91122436523438,0.200653076171875,,,
jaw,HR-3-8-26-(02).csv,/Users/yanivnaggar/Desktop/Spring 2026/IS/OPENBCI_runs/Yaniv/HR-3-8-26-(02).csv,2026-03-08,2,train,HOLD,9,21,0,hold_marker_edges,ACTIVE,26891,28139,107.91523742675781,112.92353820800781,5.0123138427734375,,,
jaw,HR-3-8-26-(02).csv,/Users/yanivnaggar/Desktop/Spring 2026/IS/OPENBCI_runs/Yaniv/HR-3-8-26-(02).csv,2026-03-08,2,train,HOLD,9,21,0,hold_marker_edges,OFFSET,28140,28189,112.92755126953125,113.12419128417969,0.200653076171875,,,
jaw,HR-3-8-26-(02).csv,/Users/yanivnaggar/Desktop/Spring 2026/IS/OPENBCI_runs/Yaniv/HR-3-8-26-(02).csv,2026-03-08,2,train,REPEATED,11,22,0,repeated_peaks,ONSET,28963,28992,116.23030090332031,116.3466796875,0.120391845703125,29007.0,1.2616834907952224,1.0433520528701332
jaw,HR-3-8-26-(02).csv,/Users/yanivnaggar/Desktop/Spring 2026/IS/OPENBCI_runs/Yaniv/HR-3-8-26-(02).csv,2026-03-08,2,train,REPEATED,11,22,0,repeated_peaks,ACTIVE,28993,29029,116.35069274902344,116.49516296386719,0.1484832763671875,29007.0,1.2616834907952224,1.0433520528701332
jaw,HR-3-8-26-(02).csv,/Users/yanivnaggar/Desktop/Spring 2026/IS/OPENBCI_runs/Yaniv/HR-3-8-26-(02).csv,2026-03-08,2,train,REPEATED,11,22,0,repeated_peaks,OFFSET,29030,29059,116.49917602539062,116.61555480957031,0.120391845703125,29007.0,1.2616834907952224,1.0433520528701332
jaw,HR-3-8-26-(02).csv,/Users/yanivnaggar/Desktop/Spring 2026/IS/OPENBCI_runs/Yaniv/HR-3-8-26-(02).csv,2026-03-08,2,train,REPEATED,11,23,1,repeated_peaks,ONSET,29118,29155,116.85232543945312,117.00080871582031,0.152496337890625,29179.0,1.1344037194373988,0.8698556722342536
jaw,HR-3-8-26-(02).csv,/Users/yanivnaggar/Desktop/Spring 2026/IS/OPENBCI_runs/Yaniv/HR-3-8-26-(02).csv,2026-03-08,2,train,REPEATED,11,23,1,repeated_peaks,ACTIVE,29156,29195,117.00482177734375,117.16133117675781,0.1605224609375,29179.0,1.1344037194373988,0.8698556722342536
jaw,HR-3-8-26-(02).csv,/Users/yanivnaggar/Desktop/Spring 2026/IS/OPENBCI_runs/Yaniv/HR-3-8-26-(02).csv,2026-03-08,2,train,REPEATED,11,23,1,repeated_peaks,OFFSET,29196,29233,117.16534423828125,117.31382751464844,0.152496337890625,29179.0,1.1344037194373988,0.8698556722342536
jaw,HR-3-8-26-(02).csv,/Users/yanivnaggar/Desktop/Spring 2026/IS/OPENBCI_runs/Yaniv/HR-3-8-26-(02).csv,2026-03-08,2,train,REPEATED,11,24,2,repeated_peaks,ONSET,29276,29308,117.48638916015625,117.61480712890625,0.1324310302734375,29333.0,0.9603396476055995,0.6883884228930521
jaw,HR-3-8-26-(02).csv,/Users/yanivnaggar/Desktop/Spring 2026/IS/OPENBCI_runs/Yaniv/HR-3-8-26-(02).csv,2026-03-08,2,train,REPEATED,11,24,2,repeated_peaks,ACTIVE,29309,29345,117.61882019042969,117.76329040527344,0.1484832763671875,29333.0,0.9603396476055995,0.6883884228930521
jaw,HR-3-8-26-(02).csv,/Users/yanivnaggar/Desktop/Spring 2026/IS/OPENBCI_runs/Yaniv/HR-3-8-26-(02).csv,2026-03-08,2,train,REPEATED,11,24,2,repeated_peaks,OFFSET,29346,29379,117.76730346679688,117.89973449707031,0.136444091796875,29333.0,0.9603396476055995,0.6883884228930521
jaw,HR-3-8-26-(02).csv,/Users/yanivnaggar/Desktop/Spring 2026/IS/OPENBCI_runs/Yaniv/HR-3-8-26-(02).csv,2026-03-08,2,train,REPEATED,11,25,3,repeated_peaks,ONSET,29444,29476,118.16058349609375,118.28900146484375,0.1324310302734375,29498.0,1.166565449704986,0.9474330485582743
jaw,HR-3-8-26-(02).csv,/Users/yanivnaggar/Desktop/Spring 2026/IS/OPENBCI_runs/Yaniv/HR-3-8-26-(02).csv,2026-03-08,2,train,REPEATED,11,25,3,repeated_peaks,ACTIVE,29477,29513,118.29301452636719,118.43748474121094,0.1484832763671875,29498.0,1.166565449704986,0.9474330485582743
jaw,HR-3-8-26-(02).csv,/Users/yanivnaggar/Desktop/Spring 2026/IS/OPENBCI_runs/Yaniv/HR-3-8-26-(02).csv,2026-03-08,2,train,REPEATED,11,25,3,repeated_peaks,OFFSET,29514,29546,118.44149780273438,118.56991577148438,0.1324310302734375,29498.0,1.166565449704986,0.9474330485582743
jaw,HR-3-8-26-(02).csv,/Users/yanivnaggar/Desktop/Spring 2026/IS/OPENBCI_runs/Yaniv/HR-3-8-26-(02).csv,2026-03-08,2,train,REPEATED,11,26,4,repeated_peaks,ONSET,29605,29638,118.80668640136719,118.93911743164062,0.136444091796875,29657.0,1.0255940785423459,0.7969564814331263
jaw,HR-3-8-26-(02).csv,/Users/yanivnaggar/Desktop/Spring 2026/IS/OPENBCI_runs/Yaniv/HR-3-8-26-(02).csv,2026-03-08,2,train,REPEATED,11,26,4,repeated_peaks,ACTIVE,29639,29675,118.94313049316406,119.08760070800781,0.1484832763671875,29657.0,1.0255940785423459,0.7969564814331263
jaw,HR-3-8-26-(02).csv,/Users/yanivnaggar/Desktop/Spring 2026/IS/OPENBCI_runs/Yaniv/HR-3-8-26-(02).csv,2026-03-08,2,train,REPEATED,11,26,4,repeated_peaks,OFFSET,29676,29710,119.09161376953125,119.22805786132812,0.1404571533203125,29657.0,1.0255940785423459,0.7969564814331263
jaw,HR-3-8-26-(02).csv,/Users/yanivnaggar/Desktop/Spring 2026/IS/OPENBCI_runs/Yaniv/HR-3-8-26-(02).csv,2026-03-08,2,train,REPEATED,11,27,5,repeated_peaks,ONSET,29746,29784,119.37252807617188,119.5250244140625,0.1565093994140625,29805.0,1.1687949989786939,0.9224651914057665
jaw,HR-3-8-26-(02).csv,/Users/yanivnaggar/Desktop/Spring 2026/IS/OPENBCI_runs/Yaniv/HR-3-8-26-(02).csv,2026-03-08,2,train,REPEATED,11,27,5,repeated_peaks,ACTIVE,29785,29824,119.52903747558594,119.685546875,0.1605224609375,29805.0,1.1687949989786939,0.9224651914057665
jaw,HR-3-8-26-(02).csv,/Users/yanivnaggar/Desktop/Spring 2026/IS/OPENBCI_runs/Yaniv/HR-3-8-26-(02).csv,2026-03-08,2,train,REPEATED,11,27,5,repeated_peaks,OFFSET,29825,29863,119.68955993652344,119.84205627441406,0.1565093994140625,29805.0,1.1687949989786939,0.9224651914057665
jaw,HR-3-8-26-(02).csv,/Users/yanivnaggar/Desktop/Spring 2026/IS/OPENBCI_runs/Yaniv/HR-3-8-26-(02).csv,2026-03-08,2,train,REPEATED,11,28,6,repeated_peaks,ONSET,29878,29918,119.90225219726562,120.06277465820312,0.1645355224609375,29943.0,0.9536912809750652,0.6471430911771415
jaw,HR-3-8-26-(02).csv,/Users/yanivnaggar/Desktop/Spring 2026/IS/OPENBCI_runs/Yaniv/HR-3-8-26-(02).csv,2026-03-08,2,train,REPEATED,11,28,6,repeated_peaks,ACTIVE,29919,29959,120.06678771972656,120.22731018066406,0.1645355224609375,29943.0,0.9536912809750652,0.6471430911771415
jaw,HR-3-8-26-(02).csv,/Users/yanivnaggar/Desktop/Spring 2026/IS/OPENBCI_runs/Yaniv/HR-3-8-26-(02).csv,2026-03-08,2,train,REPEATED,11,28,6,repeated_peaks,OFFSET,29960,30000,120.2313232421875,120.391845703125,0.1645355224609375,29943.0,0.9536912809750652,0.6471430911771415
jaw,HR-3-8-26-(02).csv,/Users/yanivnaggar/Desktop/Spring 2026/IS/OPENBCI_runs/Yaniv/HR-3-8-26-(02).csv,2026-03-08,2,train,REPEATED,11,29,7,repeated_peaks,ONSET,30026,30062,120.49618530273438,120.64065551757812,0.1484832763671875,30089.0,0.8221475558745291,0.5333995278565481
jaw,HR-3-8-26-(02).csv,/Users/yanivnaggar/Desktop/Spring 2026/IS/OPENBCI_runs/Yaniv/HR-3-8-26-(02).csv,2026-03-08,2,train,REPEATED,11,29,7,repeated_peaks,ACTIVE,30063,30100,120.64466857910156,120.79315185546875,0.152496337890625,30089.0,0.8221475558745291,0.5333995278565481
jaw,HR-3-8-26-(02).csv,/Users/yanivnaggar/Desktop/Spring 2026/IS/OPENBCI_runs/Yaniv/HR-3-8-26-(02).csv,2026-03-08,2,train,REPEATED,11,29,7,repeated_peaks,OFFSET,30101,30137,120.79716491699219,120.94163513183594,0.1484832763671875,30089.0,0.8221475558745291,0.5333995278565481
jaw,HR-3-8-26-(02).csv,/Users/yanivnaggar/Desktop/Spring 2026/IS/OPENBCI_runs/Yaniv/HR-3-8-26-(02).csv,2026-03-08,2,train,HOLD,13,30,0,hold_marker_edges,ONSET,32742,32791,131.39566040039062,131.59230041503906,0.200653076171875,,,
jaw,HR-3-8-26-(02).csv,/Users/yanivnaggar/Desktop/Spring 2026/IS/OPENBCI_runs/Yaniv/HR-3-8-26-(02).csv,2026-03-08,2,train,HOLD,13,30,0,hold_marker_edges,ACTIVE,32792,33874,131.5963134765625,135.93844604492188,4.3461456298828125,,,
jaw,HR-3-8-26-(02).csv,/Users/yanivnaggar/Desktop/Spring 2026/IS/OPENBCI_runs/Yaniv/HR-3-8-26-(02).csv,2026-03-08,2,train,HOLD,13,30,0,hold_marker_edges,OFFSET,33875,33924,135.9424591064453,136.13909912109375,0.200653076171875,,,
jaw,HR-3-8-26-(02).csv,/Users/yanivnaggar/Desktop/Spring 2026/IS/OPENBCI_runs/Yaniv/HR-3-8-26-(02).csv,2026-03-08,2,train,REPEATED,15,31,0,repeated_peaks,ONSET,34755,34783,139.4739532470703,139.58631896972656,0.1163787841796875,34798.0,0.9306744831782682,0.7103770758651224
jaw,HR-3-8-26-(02).csv,/Users/yanivnaggar/Desktop/Spring 2026/IS/OPENBCI_runs/Yaniv/HR-3-8-26-(02).csv,2026-03-08,2,train,REPEATED,15,31,0,repeated_peaks,ACTIVE,34784,34820,139.59033203125,139.73480224609375,0.1484832763671875,34798.0,0.9306744831782682,0.7103770758651224
jaw,HR-3-8-26-(02).csv,/Users/yanivnaggar/Desktop/Spring 2026/IS/OPENBCI_runs/Yaniv/HR-3-8-26-(02).csv,2026-03-08,2,train,REPEATED,15,31,0,repeated_peaks,OFFSET,34821,34849,139.7388153076172,139.85118103027344,0.1163787841796875,34798.0,0.9306744831782682,0.7103770758651224
jaw,HR-3-8-26-(02).csv,/Users/yanivnaggar/Desktop/Spring 2026/IS/OPENBCI_runs/Yaniv/HR-3-8-26-(02).csv,2026-03-08,2,train,REPEATED,15,32,1,repeated_peaks,ONSET,34906,34931,140.07992553710938,140.1802520751953,0.104339599609375,34941.0,0.8058525376476021,0.5522152654806658
jaw,HR-3-8-26-(02).csv,/Users/yanivnaggar/Desktop/Spring 2026/IS/OPENBCI_runs/Yaniv/HR-3-8-26-(02).csv,2026-03-08,2,train,REPEATED,15,32,1,repeated_peaks,ACTIVE,34932,34968,140.18426513671875,140.3287353515625,0.1484832763671875,34941.0,0.8058525376476021,0.5522152654806658
jaw,HR-3-8-26-(02).csv,/Users/yanivnaggar/Desktop/Spring 2026/IS/OPENBCI_runs/Yaniv/HR-3-8-26-(02).csv,2026-03-08,2,train,REPEATED,15,32,1,repeated_peaks,OFFSET,34969,34995,140.33274841308594,140.4370880126953,0.1083526611328125,34941.0,0.8058525376476021,0.5522152654806658
jaw,HR-3-8-26-(02).csv,/Users/yanivnaggar/Desktop/Spring 2026/IS/OPENBCI_runs/Yaniv/HR-3-8-26-(02).csv,2026-03-08,2,train,REPEATED,15,33,2,repeated_peaks,ONSET,35055,35082,140.67787170410156,140.78622436523438,0.11236572265625,35092.0,0.8121291396462413,0.5294024183863816
jaw,HR-3-8-26-(02).csv,/Users/yanivnaggar/Desktop/Spring 2026/IS/OPENBCI_runs/Yaniv/HR-3-8-26-(02).csv,2026-03-08,2,train,REPEATED,15,33,2,repeated_peaks,ACTIVE,35083,35119,140.7902374267578,140.93470764160156,0.1484832763671875,35092.0,0.8121291396462413,0.5294024183863816
jaw,HR-3-8-26-(02).csv,/Users/yanivnaggar/Desktop/Spring 2026/IS/OPENBCI_runs/Yaniv/HR-3-8-26-(02).csv,2026-03-08,2,train,REPEATED,15,33,2,repeated_peaks,OFFSET,35120,35148,140.938720703125,141.05108642578125,0.1163787841796875,35092.0,0.8121291396462413,0.5294024183863816
jaw,HR-3-8-26-(02).csv,/Users/yanivnaggar/Desktop/Spring 2026/IS/OPENBCI_runs/Yaniv/HR-3-8-26-(02).csv,2026-03-08,2,train,REPEATED,15,34,3,repeated_peaks,ONSET,35167,35199,141.12733459472656,141.25575256347656,0.1324310302734375,35215.0,0.827678650285082,0.5713476445559014
jaw,HR-3-8-26-(02).csv,/Users/yanivnaggar/Desktop/Spring 2026/IS/OPENBCI_runs/Yaniv/HR-3-8-26-(02).csv,2026-03-08,2,train,REPEATED,15,34,3,repeated_peaks,ACTIVE,35200,35236,141.259765625,141.40423583984375,0.1484832763671875,35215.0,0.827678650285082,0.5713476445559014
jaw,HR-3-8-26-(02).csv,/Users/yanivnaggar/Desktop/Spring 2026/IS/OPENBCI_runs/Yaniv/HR-3-8-26-(02).csv,2026-03-08,2,train,REPEATED,15,34,3,repeated_peaks,OFFSET,35237,35269,141.4082489013672,141.5366668701172,0.1324310302734375,35215.0,0.827678650285082,0.5713476445559014
jaw,HR-3-8-26-(02).csv,/Users/yanivnaggar/Desktop/Spring 2026/IS/OPENBCI_runs/Yaniv/HR-3-8-26-(02).csv,2026-03-08,2,train,REPEATED,15,35,4,repeated_peaks,ONSET,35314,35342,141.71725463867188,141.82962036132812,0.1163787841796875,35370.0,0.8092846071145774,0.537646478038587
jaw,HR-3-8-26-(02).csv,/Users/yanivnaggar/Desktop/Spring 2026/IS/OPENBCI_runs/Yaniv/HR-3-8-26-(02).csv,2026-03-08,2,train,REPEATED,15,35,4,repeated_peaks,ACTIVE,35343,35379,141.83363342285156,141.9781036376953,0.1484832763671875,35370.0,0.8092846071145774,0.537646478038587
jaw,HR-3-8-26-(02).csv,/Users/yanivnaggar/Desktop/Spring 2026/IS/OPENBCI_runs/Yaniv/HR-3-8-26-(02).csv,2026-03-08,2,train,REPEATED,15,35,4,repeated_peaks,OFFSET,35380,35409,141.98211669921875,142.09849548339844,0.120391845703125,35370.0,0.8092846071145774,0.537646478038587
jaw,HR-3-8-26-(02).csv,/Users/yanivnaggar/Desktop/Spring 2026/IS/OPENBCI_runs/Yaniv/HR-3-8-26-(02).csv,2026-03-08,2,train,REPEATED,15,36,5,repeated_peaks,ONSET,35463,35503,142.31520080566406,142.47572326660156,0.1645355224609375,35518.0,0.8564270993661667,0.48692144431578654
jaw,HR-3-8-26-(02).csv,/Users/yanivnaggar/Desktop/Spring 2026/IS/OPENBCI_runs/Yaniv/HR-3-8-26-(02).csv,2026-03-08,2,train,REPEATED,15,36,5,repeated_peaks,ACTIVE,35504,35545,142.479736328125,142.64427185058594,0.168548583984375,35518.0,0.8564270993661667,0.48692144431578654
jaw,HR-3-8-26-(02).csv,/Users/yanivnaggar/Desktop/Spring 2026/IS/OPENBCI_runs/Yaniv/HR-3-8-26-(02).csv,2026-03-08,2,train,REPEATED,15,36,5,repeated_peaks,OFFSET,35546,35586,142.64828491210938,142.80880737304688,0.1645355224609375,35518.0,0.8564270993661667,0.48692144431578654
jaw,HR-3-8-26-(02).csv,/Users/yanivnaggar/Desktop/Spring 2026/IS/OPENBCI_runs/Yaniv/HR-3-8-26-(02).csv,2026-03-08,2,train,REPEATED,15,37,6,repeated_peaks,ONSET,35588,35629,142.81683349609375,142.9813690185547,0.168548583984375,35657.0,0.887159120683212,0.5593340696220155
jaw,HR-3-8-26-(02).csv,/Users/yanivnaggar/Desktop/Spring 2026/IS/OPENBCI_runs/Yaniv/HR-3-8-26-(02).csv,2026-03-08,2,train,REPEATED,15,37,6,repeated_peaks,ACTIVE,35630,35672,142.98538208007812,143.1539306640625,0.1725616455078125,35657.0,0.887159120683212,0.5593340696220155
jaw,HR-3-8-26-(02).csv,/Users/yanivnaggar/Desktop/Spring 2026/IS/OPENBCI_runs/Yaniv/HR-3-8-26-(02).csv,2026-03-08,2,train,REPEATED,15,37,6,repeated_peaks,OFFSET,35673,35714,143.15794372558594,143.32247924804688,0.168548583984375,35657.0,0.887159120683212,0.5593340696220155
jaw,HR-3-8-26-(02).csv,/Users/yanivnaggar/Desktop/Spring 2026/IS/OPENBCI_runs/Yaniv/HR-3-8-26-(02).csv,2026-03-08,2,train,HOLD,17,38,0,hold_marker_edges,ONSET,38142,38191,153.06619262695312,153.26283264160156,0.200653076171875,,,
jaw,HR-3-8-26-(02).csv,/Users/yanivnaggar/Desktop/Spring 2026/IS/OPENBCI_runs/Yaniv/HR-3-8-26-(02).csv,2026-03-08,2,train,HOLD,17,38,0,hold_marker_edges,ACTIVE,38192,39263,153.266845703125,157.56483459472656,4.302001953125,,,
jaw,HR-3-8-26-(02).csv,/Users/yanivnaggar/Desktop/Spring 2026/IS/OPENBCI_runs/Yaniv/HR-3-8-26-(02).csv,2026-03-08,2,train,HOLD,17,38,0,hold_marker_edges,OFFSET,39264,39313,157.56884765625,157.76548767089844,0.200653076171875,,,
jaw,HR-3-8-26-(02).csv,/Users/yanivnaggar/Desktop/Spring 2026/IS/OPENBCI_runs/Yaniv/HR-3-8-26-(02).csv,2026-03-08,2,train,REPEATED,19,39,0,repeated_peaks,ONSET,40102,40131,160.93179321289062,161.0481719970703,0.120391845703125,40148.0,0.8485490076331798,0.6885299962630131
jaw,HR-3-8-26-(02).csv,/Users/yanivnaggar/Desktop/Spring 2026/IS/OPENBCI_runs/Yaniv/HR-3-8-26-(02).csv,2026-03-08,2,train,REPEATED,19,39,0,repeated_peaks,ACTIVE,40132,40168,161.05218505859375,161.1966552734375,0.1484832763671875,40148.0,0.8485490076331798,0.6885299962630131
jaw,HR-3-8-26-(02).csv,/Users/yanivnaggar/Desktop/Spring 2026/IS/OPENBCI_runs/Yaniv/HR-3-8-26-(02).csv,2026-03-08,2,train,REPEATED,19,39,0,repeated_peaks,OFFSET,40169,40198,161.20066833496094,161.31704711914062,0.120391845703125,40148.0,0.8485490076331798,0.6885299962630131
jaw,HR-3-8-26-(02).csv,/Users/yanivnaggar/Desktop/Spring 2026/IS/OPENBCI_runs/Yaniv/HR-3-8-26-(02).csv,2026-03-08,2,train,REPEATED,19,40,1,repeated_peaks,ONSET,40256,40271,161.5498046875,161.61000061035156,0.064208984375,40284.0,0.5061196626638998,0.25745233095850806
jaw,HR-3-8-26-(02).csv,/Users/yanivnaggar/Desktop/Spring 2026/IS/OPENBCI_runs/Yaniv/HR-3-8-26-(02).csv,2026-03-08,2,train,REPEATED,19,40,1,repeated_peaks,ACTIVE,40272,40308,161.614013671875,161.75848388671875,0.1484832763671875,40284.0,0.5061196626638998,0.25745233095850806
jaw,HR-3-8-26-(02).csv,/Users/yanivnaggar/Desktop/Spring 2026/IS/OPENBCI_runs/Yaniv/HR-3-8-26-(02).csv,2026-03-08,2,train,REPEATED,19,40,1,repeated_peaks,OFFSET,40309,40325,161.7624969482422,161.8267059326172,0.0682220458984375,40284.0,0.5061196626638998,0.25745233095850806
jaw,HR-3-8-26-(02).csv,/Users/yanivnaggar/Desktop/Spring 2026/IS/OPENBCI_runs/Yaniv/HR-3-8-26-(02).csv,2026-03-08,2,train,HOLD,21,41,0,hold_marker_edges,ONSET,43402,43451,174.17489624023438,174.3715362548828,0.200653076171875,,,
jaw,HR-3-8-26-(02).csv,/Users/yanivnaggar/Desktop/Spring 2026/IS/OPENBCI_runs/Yaniv/HR-3-8-26-(02).csv,2026-03-08,2,train,HOLD,21,41,0,hold_marker_edges,ACTIVE,43452,44478,174.37554931640625,178.49295043945312,4.1214141845703125,,,
jaw,HR-3-8-26-(02).csv,/Users/yanivnaggar/Desktop/Spring 2026/IS/OPENBCI_runs/Yaniv/HR-3-8-26-(02).csv,2026-03-08,2,train,HOLD,21,41,0,hold_marker_edges,OFFSET,44479,44528,178.49696350097656,178.693603515625,0.200653076171875,,,
jaw,HR-3-8-26-(02).csv,/Users/yanivnaggar/Desktop/Spring 2026/IS/OPENBCI_runs/Yaniv/HR-3-8-26-(02).csv,2026-03-08,2,train,REPEATED,23,42,0,repeated_peaks,ONSET,45755,45777,183.6176300048828,183.70591735839844,0.0923004150390625,45791.0,0.9651080359289436,0.7283509779994293
jaw,HR-3-8-26-(02).csv,/Users/yanivnaggar/Desktop/Spring 2026/IS/OPENBCI_runs/Yaniv/HR-3-8-26-(02).csv,2026-03-08,2,train,REPEATED,23,42,0,repeated_peaks,ACTIVE,45778,45814,183.70993041992188,183.85440063476562,0.1484832763671875,45791.0,0.9651080359289436,0.7283509779994293
jaw,HR-3-8-26-(02).csv,/Users/yanivnaggar/Desktop/Spring 2026/IS/OPENBCI_runs/Yaniv/HR-3-8-26-(02).csv,2026-03-08,2,train,REPEATED,23,42,0,repeated_peaks,OFFSET,45815,45837,183.85841369628906,183.9467010498047,0.0923004150390625,45791.0,0.9651080359289436,0.7283509779994293
jaw,HR-3-8-26-(02).csv,/Users/yanivnaggar/Desktop/Spring 2026/IS/OPENBCI_runs/Yaniv/HR-3-8-26-(02).csv,2026-03-08,2,train,REPEATED,23,43,1,repeated_peaks,ONSET,45875,45902,184.0991973876953,184.20755004882812,0.11236572265625,45923.0,0.7918614677580533,0.5538339680168807
jaw,HR-3-8-26-(02).csv,/Users/yanivnaggar/Desktop/Spring 2026/IS/OPENBCI_runs/Yaniv/HR-3-8-26-(02).csv,2026-03-08,2,train,REPEATED,23,43,1,repeated_peaks,ACTIVE,45903,45939,184.21156311035156,184.3560333251953,0.1484832763671875,45923.0,0.7918614677580533,0.5538339680168807
jaw,HR-3-8-26-(02).csv,/Users/yanivnaggar/Desktop/Spring 2026/IS/OPENBCI_runs/Yaniv/HR-3-8-26-(02).csv,2026-03-08,2,train,REPEATED,23,43,1,repeated_peaks,OFFSET,45940,45968,184.36004638671875,184.472412109375,0.1163787841796875,45923.0,0.7918614677580533,0.5538339680168807
jaw,HR-3-8-26-(02).csv,/Users/yanivnaggar/Desktop/Spring 2026/IS/OPENBCI_runs/Yaniv/HR-3-8-26-(02).csv,2026-03-08,2,train,REPEATED,23,44,2,repeated_peaks,ONSET,46007,46038,184.62892150878906,184.75332641601562,0.12841796875,46049.0,1.0978263024937158,0.855988541782014
jaw,HR-3-8-26-(02).csv,/Users/yanivnaggar/Desktop/Spring 2026/IS/OPENBCI_runs/Yaniv/HR-3-8-26-(02).csv,2026-03-08,2,train,REPEATED,23,44,2,repeated_peaks,ACTIVE,46039,46075,184.75733947753906,184.9018096923828,0.1484832763671875,46049.0,1.0978263024937158,0.855988541782014
jaw,HR-3-8-26-(02).csv,/Users/yanivnaggar/Desktop/Spring 2026/IS/OPENBCI_runs/Yaniv/HR-3-8-26-(02).csv,2026-03-08,2,train,REPEATED,23,44,2,repeated_peaks,OFFSET,46076,46108,184.90582275390625,185.03424072265625,0.1324310302734375,46049.0,1.0978263024937158,0.855988541782014
jaw,HR-3-8-26-(02).csv,/Users/yanivnaggar/Desktop/Spring 2026/IS/OPENBCI_runs/Yaniv/HR-3-8-26-(02).csv,2026-03-08,2,train,REPEATED,23,45,3,repeated_peaks,ONSET,46150,46176,185.20278930664062,185.30712890625,0.1083526611328125,46188.0,0.8430113407570887,0.5440724747706029
jaw,HR-3-8-26-(02).csv,/Users/yanivnaggar/Desktop/Spring 2026/IS/OPENBCI_runs/Yaniv/HR-3-8-26-(02).csv,2026-03-08,2,train,REPEATED,23,45,3,repeated_peaks,ACTIVE,46177,46213,185.31114196777344,185.4556121826172,0.1484832763671875,46188.0,0.8430113407570887,0.5440724747706029
jaw,HR-3-8-26-(02).csv,/Users/yanivnaggar/Desktop/Spring 2026/IS/OPENBCI_runs/Yaniv/HR-3-8-26-(02).csv,2026-03-08,2,train,REPEATED,23,45,3,repeated_peaks,OFFSET,46214,46241,185.45962524414062,185.56797790527344,0.11236572265625,46188.0,0.8430113407570887,0.5440724747706029
jaw,HR-3-8-26-(02).csv,/Users/yanivnaggar/Desktop/Spring 2026/IS/OPENBCI_runs/Yaniv/HR-3-8-26-(02).csv,2026-03-08,2,train,REPEATED,23,46,4,repeated_peaks,ONSET,46289,46322,185.76060485839844,185.89303588867188,0.136444091796875,46348.0,0.9388553000893383,0.6536252694984533
jaw,HR-3-8-26-(02).csv,/Users/yanivnaggar/Desktop/Spring 2026/IS/OPENBCI_runs/Yaniv/HR-3-8-26-(02).csv,2026-03-08,2,train,REPEATED,23,46,4,repeated_peaks,ACTIVE,46323,46359,185.8970489501953,186.04151916503906,0.1484832763671875,46348.0,0.9388553000893383,0.6536252694984533
jaw,HR-3-8-26-(02).csv,/Users/yanivnaggar/Desktop/Spring 2026/IS/OPENBCI_runs/Yaniv/HR-3-8-26-(02).csv,2026-03-08,2,train,REPEATED,23,46,4,repeated_peaks,OFFSET,46360,46394,186.0455322265625,186.18197631835938,0.1404571533203125,46348.0,0.9388553000893383,0.6536252694984533
jaw,HR-3-8-26-(02).csv,/Users/yanivnaggar/Desktop/Spring 2026/IS/OPENBCI_runs/Yaniv/HR-3-8-26-(02).csv,2026-03-08,2,train,REPEATED,23,47,5,repeated_peaks,ONSET,46426,46463,186.31039428710938,186.45887756347656,0.152496337890625,46485.0,1.0287776828568886,0.7305289842838337
jaw,HR-3-8-26-(02).csv,/Users/yanivnaggar/Desktop/Spring 2026/IS/OPENBCI_runs/Yaniv/HR-3-8-26-(02).csv,2026-03-08,2,train,REPEATED,23,47,5,repeated_peaks,ACTIVE,46464,46502,186.462890625,186.61538696289062,0.1565093994140625,46485.0,1.0287776828568886,0.7305289842838337
jaw,HR-3-8-26-(02).csv,/Users/yanivnaggar/Desktop/Spring 2026/IS/OPENBCI_runs/Yaniv/HR-3-8-26-(02).csv,2026-03-08,2,train,REPEATED,23,47,5,repeated_peaks,OFFSET,46503,46540,186.61940002441406,186.76788330078125,0.152496337890625,46485.0,1.0287776828568886,0.7305289842838337
jaw,HR-3-8-26-(02).csv,/Users/yanivnaggar/Desktop/Spring 2026/IS/OPENBCI_runs/Yaniv/HR-3-8-26-(02).csv,2026-03-08,2,train,REPEATED,23,48,6,repeated_peaks,ONSET,46563,46607,186.8601837158203,187.03675842285156,0.1805877685546875,46639.0,1.0218023040322282,0.7047966141962698
jaw,HR-3-8-26-(02).csv,/Users/yanivnaggar/Desktop/Spring 2026/IS/OPENBCI_runs/Yaniv/HR-3-8-26-(02).csv,2026-03-08,2,train,REPEATED,23,48,6,repeated_peaks,ACTIVE,46608,46652,187.040771484375,187.21734619140625,0.1805877685546875,46639.0,1.0218023040322282,0.7047966141962698
jaw,HR-3-8-26-(02).csv,/Users/yanivnaggar/Desktop/Spring 2026/IS/OPENBCI_runs/Yaniv/HR-3-8-26-(02).csv,2026-03-08,2,train,REPEATED,23,48,6,repeated_peaks,OFFSET,46653,46697,187.2213592529297,187.39793395996094,0.1805877685546875,46639.0,1.0218023040322282,0.7047966141962698
jaw,HR-3-8-26-(02).csv,/Users/yanivnaggar/Desktop/Spring 2026/IS/OPENBCI_runs/Yaniv/HR-3-8-26-(02).csv,2026-03-08,2,train,REPEATED,23,49,7,repeated_peaks,ONSET,46716,46751,187.47418212890625,187.61463928222656,0.14447021484375,46774.0,1.0086767198135498,0.6283445743090216
jaw,HR-3-8-26-(02).csv,/Users/yanivnaggar/Desktop/Spring 2026/IS/OPENBCI_runs/Yaniv/HR-3-8-26-(02).csv,2026-03-08,2,train,REPEATED,23,49,7,repeated_peaks,ACTIVE,46752,46788,187.61865234375,187.76312255859375,0.1484832763671875,46774.0,1.0086767198135498,0.6283445743090216
jaw,HR-3-8-26-(02).csv,/Users/yanivnaggar/Desktop/Spring 2026/IS/OPENBCI_runs/Yaniv/HR-3-8-26-(02).csv,2026-03-08,2,train,REPEATED,23,49,7,repeated_peaks,OFFSET,46789,46824,187.7671356201172,187.9075927734375,0.14447021484375,46774.0,1.0086767198135498,0.6283445743090216
jaw,HR-3-8-26-(02).csv,/Users/yanivnaggar/Desktop/Spring 2026/IS/OPENBCI_runs/Yaniv/HR-3-8-26-(02).csv,2026-03-08,2,train,HOLD,25,50,0,hold_marker_edges,ONSET,49134,49183,197.17776489257812,197.37440490722656,0.200653076171875,,,
jaw,HR-3-8-26-(02).csv,/Users/yanivnaggar/Desktop/Spring 2026/IS/OPENBCI_runs/Yaniv/HR-3-8-26-(02).csv,2026-03-08,2,train,HOLD,25,50,0,hold_marker_edges,ACTIVE,49184,50174,197.37841796875,201.35134887695312,3.9769439697265625,,,
jaw,HR-3-8-26-(02).csv,/Users/yanivnaggar/Desktop/Spring 2026/IS/OPENBCI_runs/Yaniv/HR-3-8-26-(02).csv,2026-03-08,2,train,HOLD,25,50,0,hold_marker_edges,OFFSET,50175,50224,201.35536193847656,201.552001953125,0.200653076171875,,,
jaw,HR-3-8-26-(02).csv,/Users/yanivnaggar/Desktop/Spring 2026/IS/OPENBCI_runs/Yaniv/HR-3-8-26-(02).csv,2026-03-08,2,train,REPEATED,27,51,0,repeated_peaks,ONSET,51349,51378,206.0666961669922,206.18307495117188,0.120391845703125,51394.0,1.1712450746416092,0.9514990405707883
jaw,HR-3-8-26-(02).csv,/Users/yanivnaggar/Desktop/Spring 2026/IS/OPENBCI_runs/Yaniv/HR-3-8-26-(02).csv,2026-03-08,2,train,REPEATED,27,51,0,repeated_peaks,ACTIVE,51379,51415,206.1870880126953,206.33155822753906,0.1484832763671875,51394.0,1.1712450746416092,0.9514990405707883
jaw,HR-3-8-26-(02).csv,/Users/yanivnaggar/Desktop/Spring 2026/IS/OPENBCI_runs/Yaniv/HR-3-8-26-(02).csv,2026-03-08,2,train,REPEATED,27,51,0,repeated_peaks,OFFSET,51416,51446,206.3355712890625,206.45596313476562,0.1244049072265625,51394.0,1.1712450746416092,0.9514990405707883
jaw,HR-3-8-26-(02).csv,/Users/yanivnaggar/Desktop/Spring 2026/IS/OPENBCI_runs/Yaniv/HR-3-8-26-(02).csv,2026-03-08,2,train,REPEATED,27,52,1,repeated_peaks,ONSET,51523,51548,206.7649688720703,206.86529541015625,0.104339599609375,51567.0,1.0139716164421055,0.790879838920431
jaw,HR-3-8-26-(02).csv,/Users/yanivnaggar/Desktop/Spring 2026/IS/OPENBCI_runs/Yaniv/HR-3-8-26-(02).csv,2026-03-08,2,train,REPEATED,27,52,1,repeated_peaks,ACTIVE,51549,51585,206.8693084716797,207.01377868652344,0.1484832763671875,51567.0,1.0139716164421055,0.790879838920431
jaw,HR-3-8-26-(02).csv,/Users/yanivnaggar/Desktop/Spring 2026/IS/OPENBCI_runs/Yaniv/HR-3-8-26-(02).csv,2026-03-08,2,train,REPEATED,27,52,1,repeated_peaks,OFFSET,51586,51611,207.01779174804688,207.1181182861328,0.104339599609375,51567.0,1.0139716164421055,0.790879838920431
jaw,HR-3-8-26-(02).csv,/Users/yanivnaggar/Desktop/Spring 2026/IS/OPENBCI_runs/Yaniv/HR-3-8-26-(02).csv,2026-03-08,2,train,REPEATED,27,53,2,repeated_peaks,ONSET,51650,51679,207.27462768554688,207.39100646972656,0.120391845703125,51706.0,1.1048260859521009,0.8809523535359265
jaw,HR-3-8-26-(02).csv,/Users/yanivnaggar/Desktop/Spring 2026/IS/OPENBCI_runs/Yaniv/HR-3-8-26-(02).csv,2026-03-08,2,train,REPEATED,27,53,2,repeated_peaks,ACTIVE,51680,51716,207.39501953125,207.53948974609375,0.1484832763671875,51706.0,1.1048260859521009,0.8809523535359265
jaw,HR-3-8-26-(02).csv,/Users/yanivnaggar/Desktop/Spring 2026/IS/OPENBCI_runs/Yaniv/HR-3-8-26-(02).csv,2026-03-08,2,train,REPEATED,27,53,2,repeated_peaks,OFFSET,51717,51746,207.5435028076172,207.65988159179688,0.120391845703125,51706.0,1.1048260859521009,0.8809523535359265
jaw,HR-3-8-26-(02).csv,/Users/yanivnaggar/Desktop/Spring 2026/IS/OPENBCI_runs/Yaniv/HR-3-8-26-(02).csv,2026-03-08,2,train,REPEATED,27,54,3,repeated_peaks,ONSET,51799,51832,207.87257385253906,208.0050048828125,0.136444091796875,51851.0,0.8490644673112709,0.6047695343443686
jaw,HR-3-8-26-(02).csv,/Users/yanivnaggar/Desktop/Spring 2026/IS/OPENBCI_runs/Yaniv/HR-3-8-26-(02).csv,2026-03-08,2,train,REPEATED,27,54,3,repeated_peaks,ACTIVE,51833,51869,208.00901794433594,208.1534881591797,0.1484832763671875,51851.0,0.8490644673112709,0.6047695343443686
jaw,HR-3-8-26-(02).csv,/Users/yanivnaggar/Desktop/Spring 2026/IS/OPENBCI_runs/Yaniv/HR-3-8-26-(02).csv,2026-03-08,2,train,REPEATED,27,54,3,repeated_peaks,OFFSET,51870,51904,208.15750122070312,208.2939453125,0.1404571533203125,51851.0,0.8490644673112709,0.6047695343443686
jaw,HR-3-8-26-(02).csv,/Users/yanivnaggar/Desktop/Spring 2026/IS/OPENBCI_runs/Yaniv/HR-3-8-26-(02).csv,2026-03-08,2,train,REPEATED,27,55,4,repeated_peaks,ONSET,51936,51961,208.42236328125,208.52268981933594,0.104339599609375,51982.0,0.7783402443830446,0.5171300923061966
jaw,HR-3-8-26-(02).csv,/Users/yanivnaggar/Desktop/Spring 2026/IS/OPENBCI_runs/Yaniv/HR-3-8-26-(02).csv,2026-03-08,2,train,REPEATED,27,55,4,repeated_peaks,ACTIVE,51962,51998,208.52670288085938,208.67117309570312,0.1484832763671875,51982.0,0.7783402443830446,0.5171300923061966
jaw,HR-3-8-26-(02).csv,/Users/yanivnaggar/Desktop/Spring 2026/IS/OPENBCI_runs/Yaniv/HR-3-8-26-(02).csv,2026-03-08,2,train,REPEATED,27,55,4,repeated_peaks,OFFSET,51999,52025,208.67518615722656,208.77952575683594,0.1083526611328125,51982.0,0.7783402443830446,0.5171300923061966
jaw,HR-3-8-26-(02).csv,/Users/yanivnaggar/Desktop/Spring 2026/IS/OPENBCI_runs/Yaniv/HR-3-8-26-(02).csv,2026-03-08,2,train,REPEATED,27,56,5,repeated_peaks,ONSET,52082,52120,209.00827026367188,209.1607666015625,0.1565093994140625,52131.0,1.0089704590861885,0.6424659219325493
jaw,HR-3-8-26-(02).csv,/Users/yanivnaggar/Desktop/Spring 2026/IS/OPENBCI_runs/Yaniv/HR-3-8-26-(02).csv,2026-03-08,2,train,REPEATED,27,56,5,repeated_peaks,ACTIVE,52121,52159,209.16477966308594,209.31727600097656,0.1565093994140625,52131.0,1.0089704590861885,0.6424659219325493
jaw,HR-3-8-26-(02).csv,/Users/yanivnaggar/Desktop/Spring 2026/IS/OPENBCI_runs/Yaniv/HR-3-8-26-(02).csv,2026-03-08,2,train,REPEATED,27,56,5,repeated_peaks,OFFSET,52160,52198,209.3212890625,209.47378540039062,0.1565093994140625,52131.0,1.0089704590861885,0.6424659219325493
jaw,HR-3-8-26-(02).csv,/Users/yanivnaggar/Desktop/Spring 2026/IS/OPENBCI_runs/Yaniv/HR-3-8-26-(02).csv,2026-03-08,2,train,REPEATED,27,57,6,repeated_peaks,ONSET,52200,52243,209.4818115234375,209.6543731689453,0.17657470703125,52267.0,1.3012757613105206,0.8648169660787145
jaw,HR-3-8-26-(02).csv,/Users/yanivnaggar/Desktop/Spring 2026/IS/OPENBCI_runs/Yaniv/HR-3-8-26-(02).csv,2026-03-08,2,train,REPEATED,27,57,6,repeated_peaks,ACTIVE,52244,52287,209.65838623046875,209.83094787597656,0.17657470703125,52267.0,1.3012757613105206,0.8648169660787145
jaw,HR-3-8-26-(02).csv,/Users/yanivnaggar/Desktop/Spring 2026/IS/OPENBCI_runs/Yaniv/HR-3-8-26-(02).csv,2026-03-08,2,train,REPEATED,27,57,6,repeated_peaks,OFFSET,52288,52331,209.8349609375,210.0075225830078,0.17657470703125,52267.0,1.3012757613105206,0.8648169660787145
jaw,HR-3-8-26-(02).csv,/Users/yanivnaggar/Desktop/Spring 2026/IS/OPENBCI_runs/Yaniv/HR-3-8-26-(02).csv,2026-03-08,2,train,REPEATED,27,58,7,repeated_peaks,ONSET,52333,52382,210.0155487060547,210.21218872070312,0.200653076171875,52398.0,1.3637346218892892,1.019114177654577
jaw,HR-3-8-26-(02).csv,/Users/yanivnaggar/Desktop/Spring 2026/IS/OPENBCI_runs/Yaniv/HR-3-8-26-(02).csv,2026-03-08,2,train,REPEATED,27,58,7,repeated_peaks,ACTIVE,52383,52440,210.21620178222656,210.4449462890625,0.232757568359375,52398.0,1.3637346218892892,1.019114177654577
jaw,HR-3-8-26-(02).csv,/Users/yanivnaggar/Desktop/Spring 2026/IS/OPENBCI_runs/Yaniv/HR-3-8-26-(02).csv,2026-03-08,2,train,REPEATED,27,58,7,repeated_peaks,OFFSET,52441,52490,210.44895935058594,210.64559936523438,0.200653076171875,52398.0,1.3637346218892892,1.019114177654577
jaw,HR-3-8-26-(02).csv,/Users/yanivnaggar/Desktop/Spring 2026/IS/OPENBCI_runs/Yaniv/HR-3-8-26-(02).csv,2026-03-08,2,train,HOLD,29,59,0,hold_marker_edges,ONSET,55801,55850,223.93284606933594,224.12948608398438,0.200653076171875,,,
jaw,HR-3-8-26-(02).csv,/Users/yanivnaggar/Desktop/Spring 2026/IS/OPENBCI_runs/Yaniv/HR-3-8-26-(02).csv,2026-03-08,2,train,HOLD,29,59,0,hold_marker_edges,ACTIVE,55851,56842,224.1334991455078,228.11044311523438,3.98095703125,,,
jaw,HR-3-8-26-(02).csv,/Users/yanivnaggar/Desktop/Spring 2026/IS/OPENBCI_runs/Yaniv/HR-3-8-26-(02).csv,2026-03-08,2,train,HOLD,29,59,0,hold_marker_edges,OFFSET,56843,56892,228.1144561767578,228.31109619140625,0.200653076171875,,,
jaw,HR-3-8-26-(02).csv,/Users/yanivnaggar/Desktop/Spring 2026/IS/OPENBCI_runs/Yaniv/HR-3-8-26-(02).csv,2026-03-08,2,train,REPEATED,31,60,0,repeated_peaks,ONSET,58072,58118,233.0465087890625,233.23110961914062,0.1886138916015625,58131.0,1.0270615450467406,0.7054720249441243
jaw,HR-3-8-26-(02).csv,/Users/yanivnaggar/Desktop/Spring 2026/IS/OPENBCI_runs/Yaniv/HR-3-8-26-(02).csv,2026-03-08,2,train,REPEATED,31,60,0,repeated_peaks,ACTIVE,58119,58167,233.23512268066406,233.42774963378906,0.1966400146484375,58131.0,1.0270615450467406,0.7054720249441243
jaw,HR-3-8-26-(02).csv,/Users/yanivnaggar/Desktop/Spring 2026/IS/OPENBCI_runs/Yaniv/HR-3-8-26-(02).csv,2026-03-08,2,train,REPEATED,31,60,0,repeated_peaks,OFFSET,58168,58214,233.4317626953125,233.61636352539062,0.1886138916015625,58131.0,1.0270615450467406,0.7054720249441243
jaw,HR-3-8-26-(02).csv,/Users/yanivnaggar/Desktop/Spring 2026/IS/OPENBCI_runs/Yaniv/HR-3-8-26-(02).csv,2026-03-08,2,train,REPEATED,31,61,1,repeated_peaks,ONSET,58238,58275,233.71267700195312,233.8611602783203,0.152496337890625,58299.0,1.0946080908733538,0.8778681606170509
jaw,HR-3-8-26-(02).csv,/Users/yanivnaggar/Desktop/Spring 2026/IS/OPENBCI_runs/Yaniv/HR-3-8-26-(02).csv,2026-03-08,2,train,REPEATED,31,61,1,repeated_peaks,ACTIVE,58276,58315,233.86517333984375,234.0216827392578,0.1605224609375,58299.0,1.0946080908733538,0.8778681606170509
jaw,HR-3-8-26-(02).csv,/Users/yanivnaggar/Desktop/Spring 2026/IS/OPENBCI_runs/Yaniv/HR-3-8-26-(02).csv,2026-03-08,2,train,REPEATED,31,61,1,repeated_peaks,OFFSET,58316,58353,234.02569580078125,234.17417907714844,0.152496337890625,58299.0,1.0946080908733538,0.8778681606170509
jaw,HR-3-8-26-(02).csv,/Users/yanivnaggar/Desktop/Spring 2026/IS/OPENBCI_runs/Yaniv/HR-3-8-26-(02).csv,2026-03-08,2,train,REPEATED,31,62,2,repeated_peaks,ONSET,58399,58428,234.35877990722656,234.47515869140625,0.120391845703125,58453.0,0.9708936203110289,0.7352793321330107
jaw,HR-3-8-26-(02).csv,/Users/yanivnaggar/Desktop/Spring 2026/IS/OPENBCI_runs/Yaniv/HR-3-8-26-(02).csv,2026-03-08,2,train,REPEATED,31,62,2,repeated_peaks,ACTIVE,58429,58465,234.4791717529297,234.62364196777344,0.1484832763671875,58453.0,0.9708936203110289,0.7352793321330107
jaw,HR-3-8-26-(02).csv,/Users/yanivnaggar/Desktop/Spring 2026/IS/OPENBCI_runs/Yaniv/HR-3-8-26-(02).csv,2026-03-08,2,train,REPEATED,31,62,2,repeated_peaks,OFFSET,58466,58496,234.62765502929688,234.748046875,0.1244049072265625,58453.0,0.9708936203110289,0.7352793321330107
jaw,HR-3-8-26-(02).csv,/Users/yanivnaggar/Desktop/Spring 2026/IS/OPENBCI_runs/Yaniv/HR-3-8-26-(02).csv,2026-03-08,2,train,REPEATED,31,63,3,repeated_peaks,ONSET,58541,58569,234.9286346435547,235.04100036621094,0.1163787841796875,58582.0,0.9895905292457117,0.7693821929944696
jaw,HR-3-8-26-(02).csv,/Users/yanivnaggar/Desktop/Spring 2026/IS/OPENBCI_runs/Yaniv/HR-3-8-26-(02).csv,2026-03-08,2,train,REPEATED,31,63,3,repeated_peaks,ACTIVE,58570,58606,235.04501342773438,235.18948364257812,0.1484832763671875,58582.0,0.9895905292457117,0.7693821929944696
jaw,HR-3-8-26-(02).csv,/Users/yanivnaggar/Desktop/Spring 2026/IS/OPENBCI_runs/Yaniv/HR-3-8-26-(02).csv,2026-03-08,2,train,REPEATED,31,63,3,repeated_peaks,OFFSET,58607,58636,235.19349670410156,235.30987548828125,0.120391845703125,58582.0,0.9895905292457117,0.7693821929944696
jaw,HR-3-8-26-(02).csv,/Users/yanivnaggar/Desktop/Spring 2026/IS/OPENBCI_runs/Yaniv/HR-3-8-26-(02).csv,2026-03-08,2,train,REPEATED,31,64,4,repeated_peaks,ONSET,58691,58721,235.5305938720703,235.65098571777344,0.1244049072265625,58744.0,1.0009365624446371,0.779766430786303
jaw,HR-3-8-26-(02).csv,/Users/yanivnaggar/Desktop/Spring 2026/IS/OPENBCI_runs/Yaniv/HR-3-8-26-(02).csv,2026-03-08,2,train,REPEATED,31,64,4,repeated_peaks,ACTIVE,58722,58758,235.65499877929688,235.79946899414062,0.1484832763671875,58744.0,1.0009365624446371,0.779766430786303
jaw,HR-3-8-26-(02).csv,/Users/yanivnaggar/Desktop/Spring 2026/IS/OPENBCI_runs/Yaniv/HR-3-8-26-(02).csv,2026-03-08,2,train,REPEATED,31,64,4,repeated_peaks,OFFSET,58759,58789,235.80348205566406,235.9238739013672,0.1244049072265625,58744.0,1.0009365624446371,0.779766430786303
jaw,HR-3-8-26-(02).csv,/Users/yanivnaggar/Desktop/Spring 2026/IS/OPENBCI_runs/Yaniv/HR-3-8-26-(02).csv,2026-03-08,2,train,REPEATED,31,65,5,repeated_peaks,ONSET,58821,58852,236.0522918701172,236.17669677734375,0.12841796875,58872.0,0.9107724422967755,0.643144077215549
jaw,HR-3-8-26-(02).csv,/Users/yanivnaggar/Desktop/Spring 2026/IS/OPENBCI_runs/Yaniv/HR-3-8-26-(02).csv,2026-03-08,2,train,REPEATED,31,65,5,repeated_peaks,ACTIVE,58853,58889,236.1807098388672,236.32518005371094,0.1484832763671875,58872.0,0.9107724422967755,0.643144077215549
jaw,HR-3-8-26-(02).csv,/Users/yanivnaggar/Desktop/Spring 2026/IS/OPENBCI_runs/Yaniv/HR-3-8-26-(02).csv,2026-03-08,2,train,REPEATED,31,65,5,repeated_peaks,OFFSET,58890,58922,236.32919311523438,236.45761108398438,0.1324310302734375,58872.0,0.9107724422967755,0.643144077215549
jaw,HR-3-8-26-(02).csv,/Users/yanivnaggar/Desktop/Spring 2026/IS/OPENBCI_runs/Yaniv/HR-3-8-26-(02).csv,2026-03-08,2,train,REPEATED,31,66,6,repeated_peaks,ONSET,58958,58993,236.60208129882812,236.74253845214844,0.14447021484375,59014.0,0.8624603409312048,0.5960572683252303
jaw,HR-3-8-26-(02).csv,/Users/yanivnaggar/Desktop/Spring 2026/IS/OPENBCI_runs/Yaniv/HR-3-8-26-(02).csv,2026-03-08,2,train,REPEATED,31,66,6,repeated_peaks,ACTIVE,58994,59030,236.74655151367188,236.89102172851562,0.1484832763671875,59014.0,0.8624603409312048,0.5960572683252303
jaw,HR-3-8-26-(02).csv,/Users/yanivnaggar/Desktop/Spring 2026/IS/OPENBCI_runs/Yaniv/HR-3-8-26-(02).csv,2026-03-08,2,train,REPEATED,31,66,6,repeated_peaks,OFFSET,59031,59066,236.89503479003906,237.03549194335938,0.14447021484375,59014.0,0.8624603409312048,0.5960572683252303
jaw,HR-3-8-26-(02).csv,/Users/yanivnaggar/Desktop/Spring 2026/IS/OPENBCI_runs/Yaniv/HR-3-8-26-(02).csv,2026-03-08,2,train,HOLD,33,67,0,hold_marker_edges,ONSET,61987,62036,248.7576446533203,248.95428466796875,0.200653076171875,,,
jaw,HR-3-8-26-(02).csv,/Users/yanivnaggar/Desktop/Spring 2026/IS/OPENBCI_runs/Yaniv/HR-3-8-26-(02).csv,2026-03-08,2,train,HOLD,33,67,0,hold_marker_edges,ACTIVE,62037,63260,248.9582977294922,253.86627197265625,4.9119873046875,,,
jaw,HR-3-8-26-(02).csv,/Users/yanivnaggar/Desktop/Spring 2026/IS/OPENBCI_runs/Yaniv/HR-3-8-26-(02).csv,2026-03-08,2,train,HOLD,33,67,0,hold_marker_edges,OFFSET,63261,63310,253.8702850341797,254.06692504882812,0.200653076171875,,,
jaw,HR-3-8-26-(02).csv,/Users/yanivnaggar/Desktop/Spring 2026/IS/OPENBCI_runs/Yaniv/HR-3-8-26-(02).csv,2026-03-08,2,train,REPEATED,35,68,0,repeated_peaks,ONSET,64560,64589,259.083251953125,259.1996307373047,0.120391845703125,64607.0,0.9441951450586279,0.6702906667660722
jaw,HR-3-8-26-(02).csv,/Users/yanivnaggar/Desktop/Spring 2026/IS/OPENBCI_runs/Yaniv/HR-3-8-26-(02).csv,2026-03-08,2,train,REPEATED,35,68,0,repeated_peaks,ACTIVE,64590,64626,259.2036437988281,259.3481140136719,0.1484832763671875,64607.0,0.9441951450586279,0.6702906667660722
jaw,HR-3-8-26-(02).csv,/Users/yanivnaggar/Desktop/Spring 2026/IS/OPENBCI_runs/Yaniv/HR-3-8-26-(02).csv,2026-03-08,2,train,REPEATED,35,68,0,repeated_peaks,OFFSET,64627,64657,259.3521270751953,259.47251892089844,0.1244049072265625,64607.0,0.9441951450586279,0.6702906667660722
jaw,HR-3-8-26-(02).csv,/Users/yanivnaggar/Desktop/Spring 2026/IS/OPENBCI_runs/Yaniv/HR-3-8-26-(02).csv,2026-03-08,2,train,REPEATED,35,69,1,repeated_peaks,ONSET,64699,64725,259.6410675048828,259.7454071044922,0.1083526611328125,64745.0,0.9545322644307345,0.7036370007741573
jaw,HR-3-8-26-(02).csv,/Users/yanivnaggar/Desktop/Spring 2026/IS/OPENBCI_runs/Yaniv/HR-3-8-26-(02).csv,2026-03-08,2,train,REPEATED,35,69,1,repeated_peaks,ACTIVE,64726,64762,259.7494201660156,259.8938903808594,0.1484832763671875,64745.0,0.9545322644307345,0.7036370007741573
jaw,HR-3-8-26-(02).csv,/Users/yanivnaggar/Desktop/Spring 2026/IS/OPENBCI_runs/Yaniv/HR-3-8-26-(02).csv,2026-03-08,2,train,REPEATED,35,69,1,repeated_peaks,OFFSET,64763,64790,259.8979034423828,260.0062561035156,0.11236572265625,64745.0,0.9545322644307345,0.7036370007741573
jaw,HR-3-8-26-(02).csv,/Users/yanivnaggar/Desktop/Spring 2026/IS/OPENBCI_runs/Yaniv/HR-3-8-26-(02).csv,2026-03-08,2,train,REPEATED,35,70,2,repeated_peaks,ONSET,64824,64860,260.1427001953125,260.28717041015625,0.1484832763671875,64878.0,1.04114657418724,0.7325998268074094
jaw,HR-3-8-26-(02).csv,/Users/yanivnaggar/Desktop/Spring 2026/IS/OPENBCI_runs/Yaniv/HR-3-8-26-(02).csv,2026-03-08,2,train,REPEATED,35,70,2,repeated_peaks,ACTIVE,64861,64899,260.2911834716797,260.4436798095703,0.1565093994140625,64878.0,1.04114657418724,0.7325998268074094
jaw,HR-3-8-26-(02).csv,/Users/yanivnaggar/Desktop/Spring 2026/IS/OPENBCI_runs/Yaniv/HR-3-8-26-(02).csv,2026-03-08,2,train,REPEATED,35,70,2,repeated_peaks,OFFSET,64900,64936,260.44769287109375,260.5921630859375,0.1484832763671875,64878.0,1.04114657418724,0.7325998268074094
jaw,HR-3-8-26-(02).csv,/Users/yanivnaggar/Desktop/Spring 2026/IS/OPENBCI_runs/Yaniv/HR-3-8-26-(02).csv,2026-03-08,2,train,REPEATED,35,71,3,repeated_peaks,ONSET,64972,65015,260.73663330078125,260.90919494628906,0.17657470703125,65027.0,0.8836604323009175,0.5047536353771733
jaw,HR-3-8-26-(02).csv,/Users/yanivnaggar/Desktop/Spring 2026/IS/OPENBCI_runs/Yaniv/HR-3-8-26-(02).csv,2026-03-08,2,train,REPEATED,35,71,3,repeated_peaks,ACTIVE,65016,65060,260.9132080078125,261.08978271484375,0.1805877685546875,65027.0,0.8836604323009175,0.5047536353771733
jaw,HR-3-8-26-(02).csv,/Users/yanivnaggar/Desktop/Spring 2026/IS/OPENBCI_runs/Yaniv/HR-3-8-26-(02).csv,2026-03-08,2,train,REPEATED,35,71,3,repeated_peaks,OFFSET,65061,65104,261.0937957763672,261.266357421875,0.17657470703125,65027.0,0.8836604323009175,0.5047536353771733
jaw,HR-3-8-26-(02).csv,/Users/yanivnaggar/Desktop/Spring 2026/IS/OPENBCI_runs/Yaniv/HR-3-8-26-(02).csv,2026-03-08,2,train,REPEATED,35,72,4,repeated_peaks,ONSET,65106,65151,261.2743835449219,261.45497131347656,0.184600830078125,65184.0,1.003419813336242,0.6948515507162745
jaw,HR-3-8-26-(02).csv,/Users/yanivnaggar/Desktop/Spring 2026/IS/OPENBCI_runs/Yaniv/HR-3-8-26-(02).csv,2026-03-08,2,train,REPEATED,35,72,4,repeated_peaks,ACTIVE,65152,65197,261.458984375,261.6395721435547,0.184600830078125,65184.0,1.003419813336242,0.6948515507162745
jaw,HR-3-8-26-(02).csv,/Users/yanivnaggar/Desktop/Spring 2026/IS/OPENBCI_runs/Yaniv/HR-3-8-26-(02).csv,2026-03-08,2,train,REPEATED,35,72,4,repeated_peaks,OFFSET,65198,65243,261.6435852050781,261.8241729736328,0.184600830078125,65184.0,1.003419813336242,0.6948515507162745
jaw,HR-3-8-26-(02).csv,/Users/yanivnaggar/Desktop/Spring 2026/IS/OPENBCI_runs/Yaniv/HR-3-8-26-(02).csv,2026-03-08,2,train,REPEATED,35,73,5,repeated_peaks,ONSET,65262,65310,261.9004211425781,262.0930480957031,0.1966400146484375,65337.0,1.1476547691238599,0.7993974795132243
jaw,HR-3-8-26-(02).csv,/Users/yanivnaggar/Desktop/Spring 2026/IS/OPENBCI_runs/Yaniv/HR-3-8-26-(02).csv,2026-03-08,2,train,REPEATED,35,73,5,repeated_peaks,ACTIVE,65311,65361,262.09706115722656,262.29771423339844,0.2046661376953125,65337.0,1.1476547691238599,0.7993974795132243
jaw,HR-3-8-26-(02).csv,/Users/yanivnaggar/Desktop/Spring 2026/IS/OPENBCI_runs/Yaniv/HR-3-8-26-(02).csv,2026-03-08,2,train,REPEATED,35,73,5,repeated_peaks,OFFSET,65362,65410,262.3017272949219,262.4943542480469,0.1966400146484375,65337.0,1.1476547691238599,0.7993974795132243
jaw,HR-3-8-26-(02).csv,/Users/yanivnaggar/Desktop/Spring 2026/IS/OPENBCI_runs/Yaniv/HR-3-8-26-(02).csv,2026-03-08,2,train,REPEATED,35,74,6,repeated_peaks,ONSET,65412,65457,262.50238037109375,262.68296813964844,0.184600830078125,65485.0,1.140926324149225,0.7430394857071785
jaw,HR-3-8-26-(02).csv,/Users/yanivnaggar/Desktop/Spring 2026/IS/OPENBCI_runs/Yaniv/HR-3-8-26-(02).csv,2026-03-08,2,train,REPEATED,35,74,6,repeated_peaks,ACTIVE,65458,65503,262.6869812011719,262.86756896972656,0.184600830078125,65485.0,1.140926324149225,0.7430394857071785
jaw,HR-3-8-26-(02).csv,/Users/yanivnaggar/Desktop/Spring 2026/IS/OPENBCI_runs/Yaniv/HR-3-8-26-(02).csv,2026-03-08,2,train,REPEATED,35,74,6,repeated_peaks,OFFSET,65504,65549,262.87158203125,263.0521697998047,0.184600830078125,65485.0,1.140926324149225,0.7430394857071785
jaw,HR-3-8-26-(02).csv,/Users/yanivnaggar/Desktop/Spring 2026/IS/OPENBCI_runs/Yaniv/HR-3-8-26-(02).csv,2026-03-08,2,train,REPEATED,35,75,7,repeated_peaks,ONSET,65551,65595,263.06019592285156,263.2367706298828,0.1805877685546875,65615.0,1.1960866698632049,0.8456158523780217
jaw,HR-3-8-26-(02).csv,/Users/yanivnaggar/Desktop/Spring 2026/IS/OPENBCI_runs/Yaniv/HR-3-8-26-(02).csv,2026-03-08,2,train,REPEATED,35,75,7,repeated_peaks,ACTIVE,65596,65640,263.24078369140625,263.4173583984375,0.1805877685546875,65615.0,1.1960866698632049,0.8456158523780217
jaw,HR-3-8-26-(02).csv,/Users/yanivnaggar/Desktop/Spring 2026/IS/OPENBCI_runs/Yaniv/HR-3-8-26-(02).csv,2026-03-08,2,train,REPEATED,35,75,7,repeated_peaks,OFFSET,65641,65685,263.42137145996094,263.5979461669922,0.1805877685546875,65615.0,1.1960866698632049,0.8456158523780217
jaw,HR-3-8-26-(02).csv,/Users/yanivnaggar/Desktop/Spring 2026/IS/OPENBCI_runs/Yaniv/HR-3-8-26-(02).csv,2026-03-08,2,train,REPEATED,35,76,8,repeated_peaks,ONSET,65687,65722,263.60597229003906,263.7464294433594,0.14447021484375,65757.0,0.8059002850833135,0.3506192254343092
jaw,HR-3-8-26-(02).csv,/Users/yanivnaggar/Desktop/Spring 2026/IS/OPENBCI_runs/Yaniv/HR-3-8-26-(02).csv,2026-03-08,2,train,REPEATED,35,76,8,repeated_peaks,ACTIVE,65723,65760,263.7504425048828,263.89892578125,0.152496337890625,65757.0,0.8059002850833135,0.3506192254343092
jaw,HR-3-8-26-(02).csv,/Users/yanivnaggar/Desktop/Spring 2026/IS/OPENBCI_runs/Yaniv/HR-3-8-26-(02).csv,2026-03-08,2,train,REPEATED,35,76,8,repeated_peaks,OFFSET,65761,65796,263.90293884277344,264.04339599609375,0.14447021484375,65757.0,0.8059002850833135,0.3506192254343092
jaw,HR-3-8-26-(02).csv,/Users/yanivnaggar/Desktop/Spring 2026/IS/OPENBCI_runs/Yaniv/HR-3-8-26-(02).csv,2026-03-08,2,train,HOLD,37,77,0,hold_marker_edges,ONSET,79300,79349,318.23577880859375,318.4324188232422,0.200653076171875,,,
jaw,HR-3-8-26-(02).csv,/Users/yanivnaggar/Desktop/Spring 2026/IS/OPENBCI_runs/Yaniv/HR-3-8-26-(02).csv,2026-03-08,2,train,HOLD,37,77,0,hold_marker_edges,ACTIVE,79350,81543,318.4364318847656,327.23707580566406,8.804656982421875,,,
jaw,HR-3-8-26-(02).csv,/Users/yanivnaggar/Desktop/Spring 2026/IS/OPENBCI_runs/Yaniv/HR-3-8-26-(02).csv,2026-03-08,2,train,HOLD,37,77,0,hold_marker_edges,OFFSET,81544,81593,327.2410888671875,327.43772888183594,0.200653076171875,,,
jaw,HR-3-8-26-(02).csv,/Users/yanivnaggar/Desktop/Spring 2026/IS/OPENBCI_runs/Yaniv/HR-3-8-26-(02).csv,2026-03-08,2,train,REPEATED,39,78,0,repeated_coarse_fallback,ONSET,82999,83048,333.08009338378906,333.2767333984375,0.200653076171875,,,
jaw,HR-3-8-26-(02).csv,/Users/yanivnaggar/Desktop/Spring 2026/IS/OPENBCI_runs/Yaniv/HR-3-8-26-(02).csv,2026-03-08,2,train,REPEATED,39,78,0,repeated_coarse_fallback,ACTIVE,83049,84923,333.28074645996094,340.8012237548828,7.5244903564453125,,,
jaw,HR-3-8-26-(02).csv,/Users/yanivnaggar/Desktop/Spring 2026/IS/OPENBCI_runs/Yaniv/HR-3-8-26-(02).csv,2026-03-08,2,train,REPEATED,39,78,0,repeated_coarse_fallback,OFFSET,84924,84973,340.80523681640625,341.0018768310547,0.200653076171875,,,
jaw,HR-3-8-26-(02).csv,/Users/yanivnaggar/Desktop/Spring 2026/IS/OPENBCI_runs/Yaniv/HR-3-8-26-(02).csv,2026-03-08,2,train,HOLD,41,79,0,hold_marker_edges,ONSET,88041,88090,353.31394958496094,353.5105895996094,0.200653076171875,,,
jaw,HR-3-8-26-(02).csv,/Users/yanivnaggar/Desktop/Spring 2026/IS/OPENBCI_runs/Yaniv/HR-3-8-26-(02).csv,2026-03-08,2,train,HOLD,41,79,0,hold_marker_edges,ACTIVE,88091,90100,353.5146026611328,361.57684326171875,8.066253662109375,,,
jaw,HR-3-8-26-(02).csv,/Users/yanivnaggar/Desktop/Spring 2026/IS/OPENBCI_runs/Yaniv/HR-3-8-26-(02).csv,2026-03-08,2,train,HOLD,41,79,0,hold_marker_edges,OFFSET,90101,90150,361.5808563232422,361.7774963378906,0.200653076171875,,,
jaw,HR-3-8-26-(02).csv,/Users/yanivnaggar/Desktop/Spring 2026/IS/OPENBCI_runs/Yaniv/HR-3-8-26-(02).csv,2026-03-08,2,train,REPEATED,43,80,0,repeated_coarse_fallback,ONSET,91498,91547,367.1871032714844,367.3837432861328,0.200653076171875,,,
jaw,HR-3-8-26-(02).csv,/Users/yanivnaggar/Desktop/Spring 2026/IS/OPENBCI_runs/Yaniv/HR-3-8-26-(02).csv,2026-03-08,2,train,REPEATED,43,80,0,repeated_coarse_fallback,ACTIVE,91548,93051,367.38775634765625,373.4193878173828,6.03564453125,,,
jaw,HR-3-8-26-(02).csv,/Users/yanivnaggar/Desktop/Spring 2026/IS/OPENBCI_runs/Yaniv/HR-3-8-26-(02).csv,2026-03-08,2,train,REPEATED,43,80,0,repeated_coarse_fallback,OFFSET,93052,93101,373.42340087890625,373.6200408935547,0.200653076171875,,,
jaw,HR-3-8-26-(02).csv,/Users/yanivnaggar/Desktop/Spring 2026/IS/OPENBCI_runs/Yaniv/HR-3-8-26-(02).csv,2026-03-08,2,train,HOLD,45,81,0,hold_marker_edges,ONSET,95145,95194,381.82273864746094,382.0193786621094,0.200653076171875,,,
jaw,HR-3-8-26-(02).csv,/Users/yanivnaggar/Desktop/Spring 2026/IS/OPENBCI_runs/Yaniv/HR-3-8-26-(02).csv,2026-03-08,2,train,HOLD,45,81,0,hold_marker_edges,ACTIVE,95195,97159,382.0233917236328,389.90504455566406,7.8856658935546875,,,
jaw,HR-3-8-26-(02).csv,/Users/yanivnaggar/Desktop/Spring 2026/IS/OPENBCI_runs/Yaniv/HR-3-8-26-(02).csv,2026-03-08,2,train,HOLD,45,81,0,hold_marker_edges,OFFSET,97160,97209,389.9090576171875,390.10569763183594,0.200653076171875,,,
jaw,HR-3-8-26-(02).csv,/Users/yanivnaggar/Desktop/Spring 2026/IS/OPENBCI_runs/Yaniv/HR-3-8-26-(02).csv,2026-03-08,2,train,REPEATED,47,82,0,repeated_coarse_fallback,ONSET,98748,98797,396.28179931640625,396.4784393310547,0.200653076171875,,,
jaw,HR-3-8-26-(02).csv,/Users/yanivnaggar/Desktop/Spring 2026/IS/OPENBCI_runs/Yaniv/HR-3-8-26-(02).csv,2026-03-08,2,train,REPEATED,47,82,0,repeated_coarse_fallback,ACTIVE,98798,100775,396.4824523925781,404.41627502441406,7.937835693359375,,,
jaw,HR-3-8-26-(02).csv,/Users/yanivnaggar/Desktop/Spring 2026/IS/OPENBCI_runs/Yaniv/HR-3-8-26-(02).csv,2026-03-08,2,train,REPEATED,47,82,0,repeated_coarse_fallback,OFFSET,100776,100825,404.4202880859375,404.61692810058594,0.200653076171875,,,
jaw,HR-3-8-26-(02).csv,/Users/yanivnaggar/Desktop/Spring 2026/IS/OPENBCI_runs/Yaniv/HR-3-8-26-(02).csv,2026-03-08,2,train,HOLD,49,83,0,hold_marker_edges,ONSET,103757,103806,416.3832244873047,416.5798645019531,0.200653076171875,,,
jaw,HR-3-8-26-(02).csv,/Users/yanivnaggar/Desktop/Spring 2026/IS/OPENBCI_runs/Yaniv/HR-3-8-26-(02).csv,2026-03-08,2,train,HOLD,49,83,0,hold_marker_edges,ACTIVE,103807,105910,416.58387756347656,425.0233459472656,8.4434814453125,,,
jaw,HR-3-8-26-(02).csv,/Users/yanivnaggar/Desktop/Spring 2026/IS/OPENBCI_runs/Yaniv/HR-3-8-26-(02).csv,2026-03-08,2,train,HOLD,49,83,0,hold_marker_edges,OFFSET,105911,105960,425.02735900878906,425.2239990234375,0.200653076171875,,,
jaw,HR-3-8-26-(02).csv,/Users/yanivnaggar/Desktop/Spring 2026/IS/OPENBCI_runs/Yaniv/HR-3-8-26-(02).csv,2026-03-08,2,train,REPEATED,51,84,0,repeated_coarse_fallback,ONSET,107021,107070,429.4818572998047,429.6784973144531,0.200653076171875,,,
jaw,HR-3-8-26-(02).csv,/Users/yanivnaggar/Desktop/Spring 2026/IS/OPENBCI_runs/Yaniv/HR-3-8-26-(02).csv,2026-03-08,2,train,REPEATED,51,84,0,repeated_coarse_fallback,ACTIVE,107071,109113,429.68251037597656,437.87718200683594,8.198684692382812,,,
jaw,HR-3-8-26-(02).csv,/Users/yanivnaggar/Desktop/Spring 2026/IS/OPENBCI_runs/Yaniv/HR-3-8-26-(02).csv,2026-03-08,2,train,REPEATED,51,84,0,repeated_coarse_fallback,OFFSET,109114,109163,437.8811950683594,438.0778350830078,0.200653076171875,,,
jaw,HR-3-8-26-(02).csv,/Users/yanivnaggar/Desktop/Spring 2026/IS/OPENBCI_runs/Yaniv/HR-3-8-26-(02).csv,2026-03-08,2,train,HOLD,53,85,0,hold_marker_edges,ONSET,111449,111498,447.25169372558594,447.4483337402344,0.200653076171875,,,
jaw,HR-3-8-26-(02).csv,/Users/yanivnaggar/Desktop/Spring 2026/IS/OPENBCI_runs/Yaniv/HR-3-8-26-(02).csv,2026-03-08,2,train,HOLD,53,85,0,hold_marker_edges,ACTIVE,111499,113575,447.4523468017578,455.78346252441406,8.335128784179688,,,
jaw,HR-3-8-26-(02).csv,/Users/yanivnaggar/Desktop/Spring 2026/IS/OPENBCI_runs/Yaniv/HR-3-8-26-(02).csv,2026-03-08,2,train,HOLD,53,85,0,hold_marker_edges,OFFSET,113576,113625,455.7874755859375,455.98411560058594,0.200653076171875,,,
jaw,HR-3-8-26-(02).csv,/Users/yanivnaggar/Desktop/Spring 2026/IS/OPENBCI_runs/Yaniv/HR-3-8-26-(02).csv,2026-03-08,2,train,REPEATED,55,86,0,repeated_coarse_fallback,ONSET,115471,115520,463.39222717285156,463.5888671875,0.200653076171875,,,
jaw,HR-3-8-26-(02).csv,/Users/yanivnaggar/Desktop/Spring 2026/IS/OPENBCI_runs/Yaniv/HR-3-8-26-(02).csv,2026-03-08,2,train,REPEATED,55,86,0,repeated_coarse_fallback,ACTIVE,115521,117436,463.59288024902344,471.27789306640625,7.68902587890625,,,
jaw,HR-3-8-26-(02).csv,/Users/yanivnaggar/Desktop/Spring 2026/IS/OPENBCI_runs/Yaniv/HR-3-8-26-(02).csv,2026-03-08,2,train,REPEATED,55,86,0,repeated_coarse_fallback,OFFSET,117437,117486,471.2819061279297,471.4785461425781,0.200653076171875,,,
jaw,HR-3-8-26-(02).csv,/Users/yanivnaggar/Desktop/Spring 2026/IS/OPENBCI_runs/Yaniv/HR-3-8-26-(02).csv,2026-03-08,2,train,HOLD,57,87,0,hold_marker_edges,ONSET,121862,121911,489.0397033691406,489.23634338378906,0.200653076171875,,,
jaw,HR-3-8-26-(02).csv,/Users/yanivnaggar/Desktop/Spring 2026/IS/OPENBCI_runs/Yaniv/HR-3-8-26-(02).csv,2026-03-08,2,train,HOLD,57,87,0,hold_marker_edges,ACTIVE,121912,124247,489.2403564453125,498.61085510253906,9.37451171875,,,
jaw,HR-3-8-26-(02).csv,/Users/yanivnaggar/Desktop/Spring 2026/IS/OPENBCI_runs/Yaniv/HR-3-8-26-(02).csv,2026-03-08,2,train,HOLD,57,87,0,hold_marker_edges,OFFSET,124248,124297,498.6148681640625,498.81150817871094,0.200653076171875,,,
jaw,HR-3-8-26-(02).csv,/Users/yanivnaggar/Desktop/Spring 2026/IS/OPENBCI_runs/Yaniv/HR-3-8-26-(02).csv,2026-03-08,2,train,REPEATED,59,88,0,repeated_coarse_fallback,ONSET,126215,126264,506.50856018066406,506.7052001953125,0.200653076171875,,,
jaw,HR-3-8-26-(02).csv,/Users/yanivnaggar/Desktop/Spring 2026/IS/OPENBCI_runs/Yaniv/HR-3-8-26-(02).csv,2026-03-08,2,train,REPEATED,59,88,0,repeated_coarse_fallback,ACTIVE,126265,128323,506.70921325683594,514.9680938720703,8.262893676757812,,,
jaw,HR-3-8-26-(02).csv,/Users/yanivnaggar/Desktop/Spring 2026/IS/OPENBCI_runs/Yaniv/HR-3-8-26-(02).csv,2026-03-08,2,train,REPEATED,59,88,0,repeated_coarse_fallback,OFFSET,128324,128373,514.9721069335938,515.1687469482422,0.200653076171875,,,
jaw,HR-3-8-26-(02).csv,/Users/yanivnaggar/Desktop/Spring 2026/IS/OPENBCI_runs/Yaniv/HR-3-8-26-(02).csv,2026-03-08,2,train,HOLD,61,89,0,hold_marker_edges,ONSET,131750,131799,528.7208557128906,528.9174957275391,0.200653076171875,,,
jaw,HR-3-8-26-(02).csv,/Users/yanivnaggar/Desktop/Spring 2026/IS/OPENBCI_runs/Yaniv/HR-3-8-26-(02).csv,2026-03-08,2,train,HOLD,61,89,0,hold_marker_edges,ACTIVE,131800,133869,528.9215087890625,537.2245330810547,8.307037353515625,,,
jaw,HR-3-8-26-(02).csv,/Users/yanivnaggar/Desktop/Spring 2026/IS/OPENBCI_runs/Yaniv/HR-3-8-26-(02).csv,2026-03-08,2,train,HOLD,61,89,0,hold_marker_edges,OFFSET,133870,133919,537.2285461425781,537.4251861572266,0.200653076171875,,,
jaw,HR-3-8-26-(02).csv,/Users/yanivnaggar/Desktop/Spring 2026/IS/OPENBCI_runs/Yaniv/HR-3-8-26-(02).csv,2026-03-08,2,train,REPEATED,63,90,0,repeated_coarse_fallback,ONSET,135018,135067,541.8355407714844,542.0321807861328,0.200653076171875,,,
jaw,HR-3-8-26-(02).csv,/Users/yanivnaggar/Desktop/Spring 2026/IS/OPENBCI_runs/Yaniv/HR-3-8-26-(02).csv,2026-03-08,2,train,REPEATED,63,90,0,repeated_coarse_fallback,ACTIVE,135068,137051,542.0361938476562,549.9940948486328,7.9619140625,,,
jaw,HR-3-8-26-(02).csv,/Users/yanivnaggar/Desktop/Spring 2026/IS/OPENBCI_runs/Yaniv/HR-3-8-26-(02).csv,2026-03-08,2,train,REPEATED,63,90,0,repeated_coarse_fallback,OFFSET,137052,137101,549.9981079101562,550.1947479248047,0.200653076171875,,,
jaw,HR-3-8-26-(02).csv,/Users/yanivnaggar/Desktop/Spring 2026/IS/OPENBCI_runs/Yaniv/HR-3-8-26-(02).csv,2026-03-08,2,train,HOLD,65,91,0,hold_marker_edges,ONSET,139175,139224,558.5178375244141,558.7144775390625,0.200653076171875,,,
jaw,HR-3-8-26-(02).csv,/Users/yanivnaggar/Desktop/Spring 2026/IS/OPENBCI_runs/Yaniv/HR-3-8-26-(02).csv,2026-03-08,2,train,HOLD,65,91,0,hold_marker_edges,ACTIVE,139225,141270,558.7184906005859,566.9252014160156,8.210723876953125,,,
jaw,HR-3-8-26-(02).csv,/Users/yanivnaggar/Desktop/Spring 2026/IS/OPENBCI_runs/Yaniv/HR-3-8-26-(02).csv,2026-03-08,2,train,HOLD,65,91,0,hold_marker_edges,OFFSET,141271,141320,566.9292144775391,567.1258544921875,0.200653076171875,,,
jaw,HR-3-8-26-(02).csv,/Users/yanivnaggar/Desktop/Spring 2026/IS/OPENBCI_runs/Yaniv/HR-3-8-26-(02).csv,2026-03-08,2,train,REPEATED,67,92,0,repeated_coarse_fallback,ONSET,142922,142971,573.5547790527344,573.7514190673828,0.200653076171875,,,
jaw,HR-3-8-26-(02).csv,/Users/yanivnaggar/Desktop/Spring 2026/IS/OPENBCI_runs/Yaniv/HR-3-8-26-(02).csv,2026-03-08,2,train,REPEATED,67,92,0,repeated_coarse_fallback,ACTIVE,142972,145172,573.7554321289062,582.5841674804688,8.832748413085938,,,
jaw,HR-3-8-26-(02).csv,/Users/yanivnaggar/Desktop/Spring 2026/IS/OPENBCI_runs/Yaniv/HR-3-8-26-(02).csv,2026-03-08,2,train,REPEATED,67,92,0,repeated_coarse_fallback,OFFSET,145173,145222,582.5881805419922,582.7848205566406,0.200653076171875,,,
jaw,HR-3-8-26-(02).csv,/Users/yanivnaggar/Desktop/Spring 2026/IS/OPENBCI_runs/Yaniv/HR-3-8-26-(02).csv,2026-03-08,2,train,HOLD,69,93,0,hold_marker_edges,ONSET,147122,147171,590.4096374511719,590.6062774658203,0.200653076171875,,,
jaw,HR-3-8-26-(02).csv,/Users/yanivnaggar/Desktop/Spring 2026/IS/OPENBCI_runs/Yaniv/HR-3-8-26-(02).csv,2026-03-08,2,train,HOLD,69,93,0,hold_marker_edges,ACTIVE,147172,149210,590.6102905273438,598.7889099121094,8.182632446289062,,,
jaw,HR-3-8-26-(02).csv,/Users/yanivnaggar/Desktop/Spring 2026/IS/OPENBCI_runs/Yaniv/HR-3-8-26-(02).csv,2026-03-08,2,train,HOLD,69,93,0,hold_marker_edges,OFFSET,149211,149260,598.7929229736328,598.9895629882812,0.200653076171875,,,
jaw,HR-3-8-26-(02).csv,/Users/yanivnaggar/Desktop/Spring 2026/IS/OPENBCI_runs/Yaniv/HR-3-8-26-(02).csv,2026-03-08,2,train,REPEATED,71,94,0,repeated_coarse_fallback,ONSET,150690,150739,604.7282409667969,604.9248809814453,0.200653076171875,,,
jaw,HR-3-8-26-(02).csv,/Users/yanivnaggar/Desktop/Spring 2026/IS/OPENBCI_runs/Yaniv/HR-3-8-26-(02).csv,2026-03-08,2,train,REPEATED,71,94,0,repeated_coarse_fallback,ACTIVE,150740,152622,604.9288940429688,612.4814758300781,7.5565948486328125,,,
jaw,HR-3-8-26-(02).csv,/Users/yanivnaggar/Desktop/Spring 2026/IS/OPENBCI_runs/Yaniv/HR-3-8-26-(02).csv,2026-03-08,2,train,REPEATED,71,94,0,repeated_coarse_fallback,OFFSET,152623,152672,612.4854888916016,612.68212890625,0.200653076171875,,,
jaw,HR-3-15-26-(03).csv,/Users/yanivnaggar/Desktop/Spring 2026/IS/OPENBCI_runs/Yaniv/HR-3-15-26-(03).csv,2026-03-15,3,test,HOLD,1,0,0,hold_marker_edges,ONSET,11251,11300,45.15095520019531,45.34759521484375,0.200653076171875,,,
jaw,HR-3-15-26-(03).csv,/Users/yanivnaggar/Desktop/Spring 2026/IS/OPENBCI_runs/Yaniv/HR-3-15-26-(03).csv,2026-03-15,3,test,HOLD,1,0,0,hold_marker_edges,ACTIVE,11301,13380,45.35160827636719,53.69476318359375,8.34716796875,,,
jaw,HR-3-15-26-(03).csv,/Users/yanivnaggar/Desktop/Spring 2026/IS/OPENBCI_runs/Yaniv/HR-3-15-26-(03).csv,2026-03-15,3,test,HOLD,1,0,0,hold_marker_edges,OFFSET,13381,13430,53.69877624511719,53.895416259765625,0.200653076171875,,,
jaw,HR-3-15-26-(03).csv,/Users/yanivnaggar/Desktop/Spring 2026/IS/OPENBCI_runs/Yaniv/HR-3-15-26-(03).csv,2026-03-15,3,test,REPEATED,3,1,0,repeated_peaks,ONSET,14977,15008,60.10362243652344,60.22802734375,0.12841796875,15023.0,0.9949644140150475,0.7675432457084332
jaw,HR-3-15-26-(03).csv,/Users/yanivnaggar/Desktop/Spring 2026/IS/OPENBCI_runs/Yaniv/HR-3-15-26-(03).csv,2026-03-15,3,test,REPEATED,3,1,0,repeated_peaks,ACTIVE,15009,15045,60.23204040527344,60.37651062011719,0.1484832763671875,15023.0,0.9949644140150475,0.7675432457084332
jaw,HR-3-15-26-(03).csv,/Users/yanivnaggar/Desktop/Spring 2026/IS/OPENBCI_runs/Yaniv/HR-3-15-26-(03).csv,2026-03-15,3,test,REPEATED,3,1,0,repeated_peaks,OFFSET,15046,15078,60.380523681640625,60.508941650390625,0.1324310302734375,15023.0,0.9949644140150475,0.7675432457084332
jaw,HR-3-15-26-(03).csv,/Users/yanivnaggar/Desktop/Spring 2026/IS/OPENBCI_runs/Yaniv/HR-3-15-26-(03).csv,2026-03-15,3,test,REPEATED,3,2,1,repeated_peaks,ONSET,15100,15140,60.59722900390625,60.75775146484375,0.1645355224609375,15161.0,1.0956383194036279,0.9345071030914998
jaw,HR-3-15-26-(03).csv,/Users/yanivnaggar/Desktop/Spring 2026/IS/OPENBCI_runs/Yaniv/HR-3-15-26-(03).csv,2026-03-15,3,test,REPEATED,3,2,1,repeated_peaks,ACTIVE,15141,15183,60.76176452636719,60.93031311035156,0.1725616455078125,15161.0,1.0956383194036279,0.9345071030914998
jaw,HR-3-15-26-(03).csv,/Users/yanivnaggar/Desktop/Spring 2026/IS/OPENBCI_runs/Yaniv/HR-3-15-26-(03).csv,2026-03-15,3,test,REPEATED,3,2,1,repeated_peaks,OFFSET,15184,15224,60.934326171875,61.0948486328125,0.1645355224609375,15161.0,1.0956383194036279,0.9345071030914998
jaw,HR-3-15-26-(03).csv,/Users/yanivnaggar/Desktop/Spring 2026/IS/OPENBCI_runs/Yaniv/HR-3-15-26-(03).csv,2026-03-15,3,test,REPEATED,3,3,2,repeated_peaks,ONSET,15243,15284,61.17109680175781,61.33563232421875,0.168548583984375,15310.0,1.0429969347961878,0.8024247985269158
jaw,HR-3-15-26-(03).csv,/Users/yanivnaggar/Desktop/Spring 2026/IS/OPENBCI_runs/Yaniv/HR-3-15-26-(03).csv,2026-03-15,3,test,REPEATED,3,3,2,repeated_peaks,ACTIVE,15285,15328,61.33964538574219,61.51220703125,0.17657470703125,15310.0,1.0429969347961878,0.8024247985269158
jaw,HR-3-15-26-(03).csv,/Users/yanivnaggar/Desktop/Spring 2026/IS/OPENBCI_runs/Yaniv/HR-3-15-26-(03).csv,2026-03-15,3,test,REPEATED,3,3,2,repeated_peaks,OFFSET,15329,15370,61.51622009277344,61.680755615234375,0.168548583984375,15310.0,1.0429969347961878,0.8024247985269158
jaw,HR-3-15-26-(03).csv,/Users/yanivnaggar/Desktop/Spring 2026/IS/OPENBCI_runs/Yaniv/HR-3-15-26-(03).csv,2026-03-15,3,test,REPEATED,3,4,3,repeated_peaks,ONSET,15399,15436,61.79713439941406,61.94561767578125,0.152496337890625,15455.0,1.058976328960452,0.8273038680801217
jaw,HR-3-15-26-(03).csv,/Users/yanivnaggar/Desktop/Spring 2026/IS/OPENBCI_runs/Yaniv/HR-3-15-26-(03).csv,2026-03-15,3,test,REPEATED,3,4,3,repeated_peaks,ACTIVE,15437,15475,61.94963073730469,62.10212707519531,0.1565093994140625,15455.0,1.058976328960452,0.8273038680801217
jaw,HR-3-15-26-(03).csv,/Users/yanivnaggar/Desktop/Spring 2026/IS/OPENBCI_runs/Yaniv/HR-3-15-26-(03).csv,2026-03-15,3,test,REPEATED,3,4,3,repeated_peaks,OFFSET,15476,15513,62.10614013671875,62.25462341308594,0.152496337890625,15455.0,1.058976328960452,0.8273038680801217
jaw,HR-3-15-26-(03).csv,/Users/yanivnaggar/Desktop/Spring 2026/IS/OPENBCI_runs/Yaniv/HR-3-15-26-(03).csv,2026-03-15,3,test,REPEATED,3,5,4,repeated_peaks,ONSET,15545,15581,62.38304138183594,62.52751159667969,0.1484832763671875,15600.0,0.9563941629774894,0.7312350121104441
jaw,HR-3-15-26-(03).csv,/Users/yanivnaggar/Desktop/Spring 2026/IS/OPENBCI_runs/Yaniv/HR-3-15-26-(03).csv,2026-03-15,3,test,REPEATED,3,5,4,repeated_peaks,ACTIVE,15582,15620,62.531524658203125,62.68402099609375,0.1565093994140625,15600.0,0.9563941629774894,0.7312350121104441
jaw,HR-3-15-26-(03).csv,/Users/yanivnaggar/Desktop/Spring 2026/IS/OPENBCI_runs/Yaniv/HR-3-15-26-(03).csv,2026-03-15,3,test,REPEATED,3,5,4,repeated_peaks,OFFSET,15621,15657,62.68803405761719,62.83250427246094,0.1484832763671875,15600.0,0.9563941629774894,0.7312350121104441
jaw,HR-3-15-26-(03).csv,/Users/yanivnaggar/Desktop/Spring 2026/IS/OPENBCI_runs/Yaniv/HR-3-15-26-(03).csv,2026-03-15,3,test,REPEATED,3,6,5,repeated_peaks,ONSET,15691,15728,62.96894836425781,63.117431640625,0.152496337890625,15745.0,0.9438502132678717,0.6835618952145701
jaw,HR-3-15-26-(03).csv,/Users/yanivnaggar/Desktop/Spring 2026/IS/OPENBCI_runs/Yaniv/HR-3-15-26-(03).csv,2026-03-15,3,test,REPEATED,3,6,5,repeated_peaks,ACTIVE,15729,15768,63.12144470214844,63.2779541015625,0.1605224609375,15745.0,0.9438502132678717,0.6835618952145701
jaw,HR-3-15-26-(03).csv,/Users/yanivnaggar/Desktop/Spring 2026/IS/OPENBCI_runs/Yaniv/HR-3-15-26-(03).csv,2026-03-15,3,test,REPEATED,3,6,5,repeated_peaks,OFFSET,15769,15806,63.28196716308594,63.430450439453125,0.152496337890625,15745.0,0.9438502132678717,0.6835618952145701
jaw,HR-3-15-26-(03).csv,/Users/yanivnaggar/Desktop/Spring 2026/IS/OPENBCI_runs/Yaniv/HR-3-15-26-(03).csv,2026-03-15,3,test,REPEATED,3,7,6,repeated_peaks,ONSET,15824,15871,63.502685546875,63.69129943847656,0.192626953125,15894.0,1.0030303997336685,0.7909955776011329
jaw,HR-3-15-26-(03).csv,/Users/yanivnaggar/Desktop/Spring 2026/IS/OPENBCI_runs/Yaniv/HR-3-15-26-(03).csv,2026-03-15,3,test,REPEATED,3,7,6,repeated_peaks,ACTIVE,15872,15919,63.6953125,63.88392639160156,0.192626953125,15894.0,1.0030303997336685,0.7909955776011329
jaw,HR-3-15-26-(03).csv,/Users/yanivnaggar/Desktop/Spring 2026/IS/OPENBCI_runs/Yaniv/HR-3-15-26-(03).csv,2026-03-15,3,test,REPEATED,3,7,6,repeated_peaks,OFFSET,15920,15967,63.887939453125,64.07655334472656,0.192626953125,15894.0,1.0030303997336685,0.7909955776011329
jaw,HR-3-15-26-(03).csv,/Users/yanivnaggar/Desktop/Spring 2026/IS/OPENBCI_runs/Yaniv/HR-3-15-26-(03).csv,2026-03-15,3,test,REPEATED,3,8,7,repeated_peaks,ONSET,15969,16011,64.08457946777344,64.25312805175781,0.1725616455078125,16043.0,0.806741547737351,0.5186685750518967
jaw,HR-3-15-26-(03).csv,/Users/yanivnaggar/Desktop/Spring 2026/IS/OPENBCI_runs/Yaniv/HR-3-15-26-(03).csv,2026-03-15,3,test,REPEATED,3,8,7,repeated_peaks,ACTIVE,16012,16056,64.25714111328125,64.4337158203125,0.1805877685546875,16043.0,0.806741547737351,0.5186685750518967
jaw,HR-3-15-26-(03).csv,/Users/yanivnaggar/Desktop/Spring 2026/IS/OPENBCI_runs/Yaniv/HR-3-15-26-(03).csv,2026-03-15,3,test,REPEATED,3,8,7,repeated_peaks,OFFSET,16057,16099,64.43772888183594,64.60627746582031,0.1725616455078125,16043.0,0.806741547737351,0.5186685750518967
jaw,HR-3-15-26-(03).csv,/Users/yanivnaggar/Desktop/Spring 2026/IS/OPENBCI_runs/Yaniv/HR-3-15-26-(03).csv,2026-03-15,3,test,REPEATED,3,9,8,repeated_peaks,ONSET,16118,16163,64.68252563476562,64.86311340332031,0.184600830078125,16179.0,0.9891584553886085,0.742748764674624
jaw,HR-3-15-26-(03).csv,/Users/yanivnaggar/Desktop/Spring 2026/IS/OPENBCI_runs/Yaniv/HR-3-15-26-(03).csv,2026-03-15,3,test,REPEATED,3,9,8,repeated_peaks,ACTIVE,16164,16211,64.86712646484375,65.05574035644531,0.192626953125,16179.0,0.9891584553886085,0.742748764674624
jaw,HR-3-15-26-(03).csv,/Users/yanivnaggar/Desktop/Spring 2026/IS/OPENBCI_runs/Yaniv/HR-3-15-26-(03).csv,2026-03-15,3,test,REPEATED,3,9,8,repeated_peaks,OFFSET,16212,16257,65.05975341796875,65.24034118652344,0.184600830078125,16179.0,0.9891584553886085,0.742748764674624
jaw,HR-3-15-26-(03).csv,/Users/yanivnaggar/Desktop/Spring 2026/IS/OPENBCI_runs/Yaniv/HR-3-15-26-(03).csv,2026-03-15,3,test,REPEATED,3,10,9,repeated_peaks,ONSET,16259,16305,65.24836730957031,65.43296813964844,0.1886138916015625,16337.0,0.9387806502152036,0.5589851898522663
jaw,HR-3-15-26-(03).csv,/Users/yanivnaggar/Desktop/Spring 2026/IS/OPENBCI_runs/Yaniv/HR-3-15-26-(03).csv,2026-03-15,3,test,REPEATED,3,10,9,repeated_peaks,ACTIVE,16306,16353,65.43698120117188,65.62559509277344,0.192626953125,16337.0,0.9387806502152036,0.5589851898522663
jaw,HR-3-15-26-(03).csv,/Users/yanivnaggar/Desktop/Spring 2026/IS/OPENBCI_runs/Yaniv/HR-3-15-26-(03).csv,2026-03-15,3,test,REPEATED,3,10,9,repeated_peaks,OFFSET,16354,16400,65.62960815429688,65.814208984375,0.1886138916015625,16337.0,0.9387806502152036,0.5589851898522663
jaw,HR-3-15-26-(03).csv,/Users/yanivnaggar/Desktop/Spring 2026/IS/OPENBCI_runs/Yaniv/HR-3-15-26-(03).csv,2026-03-15,3,test,REPEATED,3,11,10,repeated_peaks,ONSET,16402,16446,65.82223510742188,65.99880981445312,0.1805877685546875,16465.0,0.9592376322913638,0.6736591704894211
jaw,HR-3-15-26-(03).csv,/Users/yanivnaggar/Desktop/Spring 2026/IS/OPENBCI_runs/Yaniv/HR-3-15-26-(03).csv,2026-03-15,3,test,REPEATED,3,11,10,repeated_peaks,ACTIVE,16447,16492,66.00282287597656,66.18341064453125,0.184600830078125,16465.0,0.9592376322913638,0.6736591704894211
jaw,HR-3-15-26-(03).csv,/Users/yanivnaggar/Desktop/Spring 2026/IS/OPENBCI_runs/Yaniv/HR-3-15-26-(03).csv,2026-03-15,3,test,REPEATED,3,11,10,repeated_peaks,OFFSET,16493,16537,66.18742370605469,66.36399841308594,0.1805877685546875,16465.0,0.9592376322913638,0.6736591704894211
jaw,HR-3-15-26-(03).csv,/Users/yanivnaggar/Desktop/Spring 2026/IS/OPENBCI_runs/Yaniv/HR-3-15-26-(03).csv,2026-03-15,3,test,REPEATED,3,12,11,repeated_peaks,ONSET,16550,16596,66.41616821289062,66.60076904296875,0.1886138916015625,16611.0,0.8626156769990871,0.6065090290227833
jaw,HR-3-15-26-(03).csv,/Users/yanivnaggar/Desktop/Spring 2026/IS/OPENBCI_runs/Yaniv/HR-3-15-26-(03).csv,2026-03-15,3,test,REPEATED,3,12,11,repeated_peaks,ACTIVE,16597,16643,66.60478210449219,66.78938293457031,0.1886138916015625,16611.0,0.8626156769990871,0.6065090290227833
jaw,HR-3-15-26-(03).csv,/Users/yanivnaggar/Desktop/Spring 2026/IS/OPENBCI_runs/Yaniv/HR-3-15-26-(03).csv,2026-03-15,3,test,REPEATED,3,12,11,repeated_peaks,OFFSET,16644,16690,66.79339599609375,66.97799682617188,0.1886138916015625,16611.0,0.8626156769990871,0.6065090290227833
jaw,HR-3-15-26-(03).csv,/Users/yanivnaggar/Desktop/Spring 2026/IS/OPENBCI_runs/Yaniv/HR-3-15-26-(03).csv,2026-03-15,3,test,REPEATED,3,13,12,repeated_peaks,ONSET,16754,16785,67.23483276367188,67.35923767089844,0.12841796875,16810.0,0.6869958689115359,0.47519833637252096
jaw,HR-3-15-26-(03).csv,/Users/yanivnaggar/Desktop/Spring 2026/IS/OPENBCI_runs/Yaniv/HR-3-15-26-(03).csv,2026-03-15,3,test,REPEATED,3,13,12,repeated_peaks,ACTIVE,16786,16822,67.36325073242188,67.50772094726562,0.1484832763671875,16810.0,0.6869958689115359,0.47519833637252096
jaw,HR-3-15-26-(03).csv,/Users/yanivnaggar/Desktop/Spring 2026/IS/OPENBCI_runs/Yaniv/HR-3-15-26-(03).csv,2026-03-15,3,test,REPEATED,3,13,12,repeated_peaks,OFFSET,16823,16854,67.51173400878906,67.63613891601562,0.12841796875,16810.0,0.6869958689115359,0.47519833637252096
jaw,HR-3-15-26-(03).csv,/Users/yanivnaggar/Desktop/Spring 2026/IS/OPENBCI_runs/Yaniv/HR-3-15-26-(03).csv,2026-03-15,3,test,REPEATED,3,14,13,repeated_peaks,ONSET,16945,16966,68.00132751464844,68.08560180664062,0.088287353515625,16991.0,0.7402078994959189,0.3854824075281149
jaw,HR-3-15-26-(03).csv,/Users/yanivnaggar/Desktop/Spring 2026/IS/OPENBCI_runs/Yaniv/HR-3-15-26-(03).csv,2026-03-15,3,test,REPEATED,3,14,13,repeated_peaks,ACTIVE,16967,17003,68.08961486816406,68.23408508300781,0.1484832763671875,16991.0,0.7402078994959189,0.3854824075281149
jaw,HR-3-15-26-(03).csv,/Users/yanivnaggar/Desktop/Spring 2026/IS/OPENBCI_runs/Yaniv/HR-3-15-26-(03).csv,2026-03-15,3,test,REPEATED,3,14,13,repeated_peaks,OFFSET,17004,17025,68.23809814453125,68.32237243652344,0.088287353515625,16991.0,0.7402078994959189,0.3854824075281149
jaw,HR-3-15-26-(03).csv,/Users/yanivnaggar/Desktop/Spring 2026/IS/OPENBCI_runs/Yaniv/HR-3-15-26-(03).csv,2026-03-15,3,test,HOLD,5,15,0,hold_marker_edges,ONSET,20930,20979,83.99337768554688,84.19001770019531,0.200653076171875,,,
jaw,HR-3-15-26-(03).csv,/Users/yanivnaggar/Desktop/Spring 2026/IS/OPENBCI_runs/Yaniv/HR-3-15-26-(03).csv,2026-03-15,3,test,HOLD,5,15,0,hold_marker_edges,ACTIVE,20980,23138,84.19403076171875,92.85421752929688,8.664199829101562,,,
jaw,HR-3-15-26-(03).csv,/Users/yanivnaggar/Desktop/Spring 2026/IS/OPENBCI_runs/Yaniv/HR-3-15-26-(03).csv,2026-03-15,3,test,HOLD,5,15,0,hold_marker_edges,OFFSET,23139,23188,92.85823059082031,93.05487060546875,0.200653076171875,,,
jaw,HR-3-15-26-(03).csv,/Users/yanivnaggar/Desktop/Spring 2026/IS/OPENBCI_runs/Yaniv/HR-3-15-26-(03).csv,2026-03-15,3,test,REPEATED,7,16,0,repeated_peaks,ONSET,24710,24744,99.16275024414062,99.2991943359375,0.1404571533203125,24761.0,1.0999735461996514,0.9117852991738226
jaw,HR-3-15-26-(03).csv,/Users/yanivnaggar/Desktop/Spring 2026/IS/OPENBCI_runs/Yaniv/HR-3-15-26-(03).csv,2026-03-15,3,test,REPEATED,7,16,0,repeated_peaks,ACTIVE,24745,24781,99.30320739746094,99.44767761230469,0.1484832763671875,24761.0,1.0999735461996514,0.9117852991738226
jaw,HR-3-15-26-(03).csv,/Users/yanivnaggar/Desktop/Spring 2026/IS/OPENBCI_runs/Yaniv/HR-3-15-26-(03).csv,2026-03-15,3,test,REPEATED,7,16,0,repeated_peaks,OFFSET,24782,24817,99.45169067382812,99.59214782714844,0.14447021484375,24761.0,1.0999735461996514,0.9117852991738226
jaw,HR-3-15-26-(03).csv,/Users/yanivnaggar/Desktop/Spring 2026/IS/OPENBCI_runs/Yaniv/HR-3-15-26-(03).csv,2026-03-15,3,test,REPEATED,7,17,1,repeated_peaks,ONSET,24859,24884,99.76069641113281,99.86102294921875,0.104339599609375,24905.0,0.762528890922683,0.5705114845352093
jaw,HR-3-15-26-(03).csv,/Users/yanivnaggar/Desktop/Spring 2026/IS/OPENBCI_runs/Yaniv/HR-3-15-26-(03).csv,2026-03-15,3,test,REPEATED,7,17,1,repeated_peaks,ACTIVE,24885,24921,99.86503601074219,100.00950622558594,0.1484832763671875,24905.0,0.762528890922683,0.5705114845352093
jaw,HR-3-15-26-(03).csv,/Users/yanivnaggar/Desktop/Spring 2026/IS/OPENBCI_runs/Yaniv/HR-3-15-26-(03).csv,2026-03-15,3,test,REPEATED,7,17,1,repeated_peaks,OFFSET,24922,24947,100.01351928710938,100.11384582519531,0.104339599609375,24905.0,0.762528890922683,0.5705114845352093
jaw,HR-3-15-26-(03).csv,/Users/yanivnaggar/Desktop/Spring 2026/IS/OPENBCI_runs/Yaniv/HR-3-15-26-(03).csv,2026-03-15,3,test,REPEATED,7,18,2,repeated_peaks,ONSET,24978,25014,100.23825073242188,100.38272094726562,0.1484832763671875,25034.0,1.1354881216159314,0.9457209464909291
jaw,HR-3-15-26-(03).csv,/Users/yanivnaggar/Desktop/Spring 2026/IS/OPENBCI_runs/Yaniv/HR-3-15-26-(03).csv,2026-03-15,3,test,REPEATED,7,18,2,repeated_peaks,ACTIVE,25015,25051,100.38673400878906,100.53120422363281,0.1484832763671875,25034.0,1.1354881216159314,0.9457209464909291
jaw,HR-3-15-26-(03).csv,/Users/yanivnaggar/Desktop/Spring 2026/IS/OPENBCI_runs/Yaniv/HR-3-15-26-(03).csv,2026-03-15,3,test,REPEATED,7,18,2,repeated_peaks,OFFSET,25052,25088,100.53521728515625,100.6796875,0.1484832763671875,25034.0,1.1354881216159314,0.9457209464909291
jaw,HR-3-15-26-(03).csv,/Users/yanivnaggar/Desktop/Spring 2026/IS/OPENBCI_runs/Yaniv/HR-3-15-26-(03).csv,2026-03-15,3,test,REPEATED,7,19,3,repeated_peaks,ONSET,25133,25165,100.86027526855469,100.98869323730469,0.1324310302734375,25189.0,0.8670620507019177,0.6469743534231578
jaw,HR-3-15-26-(03).csv,/Users/yanivnaggar/Desktop/Spring 2026/IS/OPENBCI_runs/Yaniv/HR-3-15-26-(03).csv,2026-03-15,3,test,REPEATED,7,19,3,repeated_peaks,ACTIVE,25166,25202,100.99270629882812,101.13717651367188,0.1484832763671875,25189.0,0.8670620507019177,0.6469743534231578
jaw,HR-3-15-26-(03).csv,/Users/yanivnaggar/Desktop/Spring 2026/IS/OPENBCI_runs/Yaniv/HR-3-15-26-(03).csv,2026-03-15,3,test,REPEATED,7,19,3,repeated_peaks,OFFSET,25203,25235,101.14118957519531,101.26960754394531,0.1324310302734375,25189.0,0.8670620507019177,0.6469743534231578
jaw,HR-3-15-26-(03).csv,/Users/yanivnaggar/Desktop/Spring 2026/IS/OPENBCI_runs/Yaniv/HR-3-15-26-(03).csv,2026-03-15,3,test,REPEATED,7,20,4,repeated_peaks,ONSET,25271,25309,101.41407775878906,101.56657409667969,0.1565093994140625,25331.0,0.834486455734188,0.5963733817317016
jaw,HR-3-15-26-(03).csv,/Users/yanivnaggar/Desktop/Spring 2026/IS/OPENBCI_runs/Yaniv/HR-3-15-26-(03).csv,2026-03-15,3,test,REPEATED,7,20,4,repeated_peaks,ACTIVE,25310,25350,101.57058715820312,101.73110961914062,0.1645355224609375,25331.0,0.834486455734188,0.5963733817317016
jaw,HR-3-15-26-(03).csv,/Users/yanivnaggar/Desktop/Spring 2026/IS/OPENBCI_runs/Yaniv/HR-3-15-26-(03).csv,2026-03-15,3,test,REPEATED,7,20,4,repeated_peaks,OFFSET,25351,25389,101.73512268066406,101.88761901855469,0.1565093994140625,25331.0,0.834486455734188,0.5963733817317016
jaw,HR-3-15-26-(03).csv,/Users/yanivnaggar/Desktop/Spring 2026/IS/OPENBCI_runs/Yaniv/HR-3-15-26-(03).csv,2026-03-15,3,test,REPEATED,7,21,5,repeated_peaks,ONSET,25409,25444,101.96788024902344,102.10833740234375,0.14447021484375,25463.0,0.789148275581269,0.5312280359964058
jaw,HR-3-15-26-(03).csv,/Users/yanivnaggar/Desktop/Spring 2026/IS/OPENBCI_runs/Yaniv/HR-3-15-26-(03).csv,2026-03-15,3,test,REPEATED,7,21,5,repeated_peaks,ACTIVE,25445,25481,102.11235046386719,102.25682067871094,0.1484832763671875,25463.0,0.789148275581269,0.5312280359964058
jaw,HR-3-15-26-(03).csv,/Users/yanivnaggar/Desktop/Spring 2026/IS/OPENBCI_runs/Yaniv/HR-3-15-26-(03).csv,2026-03-15,3,test,REPEATED,7,21,5,repeated_peaks,OFFSET,25482,25517,102.26083374023438,102.40129089355469,0.14447021484375,25463.0,0.789148275581269,0.5312280359964058
jaw,HR-3-15-26-(03).csv,/Users/yanivnaggar/Desktop/Spring 2026/IS/OPENBCI_runs/Yaniv/HR-3-15-26-(03).csv,2026-03-15,3,test,REPEATED,7,22,6,repeated_peaks,ONSET,25536,25575,102.4775390625,102.63404846191406,0.1605224609375,25604.0,0.8644919193383098,0.6376788569394124
jaw,HR-3-15-26-(03).csv,/Users/yanivnaggar/Desktop/Spring 2026/IS/OPENBCI_runs/Yaniv/HR-3-15-26-(03).csv,2026-03-15,3,test,REPEATED,7,22,6,repeated_peaks,ACTIVE,25576,25616,102.6380615234375,102.798583984375,0.1645355224609375,25604.0,0.8644919193383098,0.6376788569394124
jaw,HR-3-15-26-(03).csv,/Users/yanivnaggar/Desktop/Spring 2026/IS/OPENBCI_runs/Yaniv/HR-3-15-26-(03).csv,2026-03-15,3,test,REPEATED,7,22,6,repeated_peaks,OFFSET,25617,25656,102.80259704589844,102.9591064453125,0.1605224609375,25604.0,0.8644919193383098,0.6376788569394124
jaw,HR-3-15-26-(03).csv,/Users/yanivnaggar/Desktop/Spring 2026/IS/OPENBCI_runs/Yaniv/HR-3-15-26-(03).csv,2026-03-15,3,test,REPEATED,7,23,7,repeated_peaks,ONSET,25685,25724,103.07548522949219,103.23199462890625,0.1605224609375,25745.0,0.8066522744574949,0.5412986755237389
jaw,HR-3-15-26-(03).csv,/Users/yanivnaggar/Desktop/Spring 2026/IS/OPENBCI_runs/Yaniv/HR-3-15-26-(03).csv,2026-03-15,3,test,REPEATED,7,23,7,repeated_peaks,ACTIVE,25725,25765,103.23600769042969,103.39653015136719,0.1645355224609375,25745.0,0.8066522744574949,0.5412986755237389
jaw,HR-3-15-26-(03).csv,/Users/yanivnaggar/Desktop/Spring 2026/IS/OPENBCI_runs/Yaniv/HR-3-15-26-(03).csv,2026-03-15,3,test,REPEATED,7,23,7,repeated_peaks,OFFSET,25766,25805,103.40054321289062,103.55705261230469,0.1605224609375,25745.0,0.8066522744574949,0.5412986755237389
jaw,HR-3-15-26-(03).csv,/Users/yanivnaggar/Desktop/Spring 2026/IS/OPENBCI_runs/Yaniv/HR-3-15-26-(03).csv,2026-03-15,3,test,REPEATED,7,24,8,repeated_peaks,ONSET,25817,25857,103.60520935058594,103.76573181152344,0.1645355224609375,25888.0,1.0625983791850164,0.8645170426127591
jaw,HR-3-15-26-(03).csv,/Users/yanivnaggar/Desktop/Spring 2026/IS/OPENBCI_runs/Yaniv/HR-3-15-26-(03).csv,2026-03-15,3,test,REPEATED,7,24,8,repeated_peaks,ACTIVE,25858,25899,103.76974487304688,103.93428039550781,0.168548583984375,25888.0,1.0625983791850164,0.8645170426127591
jaw,HR-3-15-26-(03).csv,/Users/yanivnaggar/Desktop/Spring 2026/IS/OPENBCI_runs/Yaniv/HR-3-15-26-(03).csv,2026-03-15,3,test,REPEATED,7,24,8,repeated_peaks,OFFSET,25900,25940,103.93829345703125,104.09881591796875,0.1645355224609375,25888.0,1.0625983791850164,0.8645170426127591
jaw,HR-3-15-26-(03).csv,/Users/yanivnaggar/Desktop/Spring 2026/IS/OPENBCI_runs/Yaniv/HR-3-15-26-(03).csv,2026-03-15,3,test,REPEATED,7,25,9,repeated_peaks,ONSET,25973,26012,104.23124694824219,104.38775634765625,0.1605224609375,26027.0,0.9191101990955729,0.7165576087223029
jaw,HR-3-15-26-(03).csv,/Users/yanivnaggar/Desktop/Spring 2026/IS/OPENBCI_runs/Yaniv/HR-3-15-26-(03).csv,2026-03-15,3,test,REPEATED,7,25,9,repeated_peaks,ACTIVE,26013,26052,104.39176940917969,104.54827880859375,0.1605224609375,26027.0,0.9191101990955729,0.7165576087223029
jaw,HR-3-15-26-(03).csv,/Users/yanivnaggar/Desktop/Spring 2026/IS/OPENBCI_runs/Yaniv/HR-3-15-26-(03).csv,2026-03-15,3,test,REPEATED,7,25,9,repeated_peaks,OFFSET,26053,26092,104.55229187011719,104.70880126953125,0.1605224609375,26027.0,0.9191101990955729,0.7165576087223029
jaw,HR-3-15-26-(03).csv,/Users/yanivnaggar/Desktop/Spring 2026/IS/OPENBCI_runs/Yaniv/HR-3-15-26-(03).csv,2026-03-15,3,test,REPEATED,7,26,10,repeated_peaks,ONSET,26102,26143,104.74893188476562,104.91346740722656,0.168548583984375,26160.0,0.8363577457869169,0.5750594470500011
jaw,HR-3-15-26-(03).csv,/Users/yanivnaggar/Desktop/Spring 2026/IS/OPENBCI_runs/Yaniv/HR-3-15-26-(03).csv,2026-03-15,3,test,REPEATED,7,26,10,repeated_peaks,ACTIVE,26144,26187,104.91748046875,105.09004211425781,0.17657470703125,26160.0,0.8363577457869169,0.5750594470500011
jaw,HR-3-15-26-(03).csv,/Users/yanivnaggar/Desktop/Spring 2026/IS/OPENBCI_runs/Yaniv/HR-3-15-26-(03).csv,2026-03-15,3,test,REPEATED,7,26,10,repeated_peaks,OFFSET,26188,26229,105.09405517578125,105.25859069824219,0.168548583984375,26160.0,0.8363577457869169,0.5750594470500011
jaw,HR-3-15-26-(03).csv,/Users/yanivnaggar/Desktop/Spring 2026/IS/OPENBCI_runs/Yaniv/HR-3-15-26-(03).csv,2026-03-15,3,test,REPEATED,7,27,11,repeated_peaks,ONSET,26240,26275,105.302734375,105.44319152832031,0.14447021484375,26301.0,0.7482671752510908,0.4982402932381181
jaw,HR-3-15-26-(03).csv,/Users/yanivnaggar/Desktop/Spring 2026/IS/OPENBCI_runs/Yaniv/HR-3-15-26-(03).csv,2026-03-15,3,test,REPEATED,7,27,11,repeated_peaks,ACTIVE,26276,26313,105.44720458984375,105.59568786621094,0.152496337890625,26301.0,0.7482671752510908,0.4982402932381181
jaw,HR-3-15-26-(03).csv,/Users/yanivnaggar/Desktop/Spring 2026/IS/OPENBCI_runs/Yaniv/HR-3-15-26-(03).csv,2026-03-15,3,test,REPEATED,7,27,11,repeated_peaks,OFFSET,26314,26349,105.59970092773438,105.74015808105469,0.14447021484375,26301.0,0.7482671752510908,0.4982402932381181
jaw,HR-3-15-26-(03).csv,/Users/yanivnaggar/Desktop/Spring 2026/IS/OPENBCI_runs/Yaniv/HR-3-15-26-(03).csv,2026-03-15,3,test,REPEATED,7,28,12,repeated_peaks,ONSET,26390,26419,105.90469360351562,106.02107238769531,0.120391845703125,26439.0,0.8241076275476622,0.5906726385554483
jaw,HR-3-15-26-(03).csv,/Users/yanivnaggar/Desktop/Spring 2026/IS/OPENBCI_runs/Yaniv/HR-3-15-26-(03).csv,2026-03-15,3,test,REPEATED,7,28,12,repeated_peaks,ACTIVE,26420,26456,106.02508544921875,106.1695556640625,0.1484832763671875,26439.0,0.8241076275476622,0.5906726385554483
jaw,HR-3-15-26-(03).csv,/Users/yanivnaggar/Desktop/Spring 2026/IS/OPENBCI_runs/Yaniv/HR-3-15-26-(03).csv,2026-03-15,3,test,REPEATED,7,28,12,repeated_peaks,OFFSET,26457,26487,106.17356872558594,106.29396057128906,0.1244049072265625,26439.0,0.8241076275476622,0.5906726385554483
jaw,HR-3-15-26-(03).csv,/Users/yanivnaggar/Desktop/Spring 2026/IS/OPENBCI_runs/Yaniv/HR-3-15-26-(03).csv,2026-03-15,3,test,REPEATED,7,29,13,repeated_peaks,ONSET,26509,26548,106.38224792480469,106.53875732421875,0.1605224609375,26568.0,0.6989815829169496,0.4418000044968578
jaw,HR-3-15-26-(03).csv,/Users/yanivnaggar/Desktop/Spring 2026/IS/OPENBCI_runs/Yaniv/HR-3-15-26-(03).csv,2026-03-15,3,test,REPEATED,7,29,13,repeated_peaks,ACTIVE,26549,26589,106.54277038574219,106.70329284667969,0.1645355224609375,26568.0,0.6989815829169496,0.4418000044968578
jaw,HR-3-15-26-(03).csv,/Users/yanivnaggar/Desktop/Spring 2026/IS/OPENBCI_runs/Yaniv/HR-3-15-26-(03).csv,2026-03-15,3,test,REPEATED,7,29,13,repeated_peaks,OFFSET,26590,26629,106.70730590820312,106.86381530761719,0.1605224609375,26568.0,0.6989815829169496,0.4418000044968578
jaw,HR-3-15-26-(03).csv,/Users/yanivnaggar/Desktop/Spring 2026/IS/OPENBCI_runs/Yaniv/HR-3-15-26-(03).csv,2026-03-15,3,test,REPEATED,7,30,14,repeated_peaks,ONSET,26657,26690,106.97618103027344,107.10861206054688,0.136444091796875,26721.0,0.7788540861992025,0.4702302060530363
jaw,HR-3-15-26-(03).csv,/Users/yanivnaggar/Desktop/Spring 2026/IS/OPENBCI_runs/Yaniv/HR-3-15-26-(03).csv,2026-03-15,3,test,REPEATED,7,30,14,repeated_peaks,ACTIVE,26691,26727,107.11262512207031,107.25709533691406,0.1484832763671875,26721.0,0.7788540861992025,0.4702302060530363
jaw,HR-3-15-26-(03).csv,/Users/yanivnaggar/Desktop/Spring 2026/IS/OPENBCI_runs/Yaniv/HR-3-15-26-(03).csv,2026-03-15,3,test,REPEATED,7,30,14,repeated_peaks,OFFSET,26728,26761,107.2611083984375,107.39353942871094,0.136444091796875,26721.0,0.7788540861992025,0.4702302060530363
jaw,HR-3-15-26-(03).csv,/Users/yanivnaggar/Desktop/Spring 2026/IS/OPENBCI_runs/Yaniv/HR-3-15-26-(03).csv,2026-03-15,3,test,HOLD,9,31,0,hold_marker_edges,ONSET,30754,30803,123.41769409179688,123.61433410644531,0.200653076171875,,,
jaw,HR-3-15-26-(03).csv,/Users/yanivnaggar/Desktop/Spring 2026/IS/OPENBCI_runs/Yaniv/HR-3-15-26-(03).csv,2026-03-15,3,test,HOLD,9,31,0,hold_marker_edges,ACTIVE,30804,32891,123.61834716796875,131.9936065673828,8.3792724609375,,,
jaw,HR-3-15-26-(03).csv,/Users/yanivnaggar/Desktop/Spring 2026/IS/OPENBCI_runs/Yaniv/HR-3-15-26-(03).csv,2026-03-15,3,test,HOLD,9,31,0,hold_marker_edges,OFFSET,32892,32941,131.99761962890625,132.1942596435547,0.200653076171875,,,
jaw,HR-3-15-26-(03).csv,/Users/yanivnaggar/Desktop/Spring 2026/IS/OPENBCI_runs/Yaniv/HR-3-15-26-(03).csv,2026-03-15,3,test,REPEATED,11,32,0,repeated_peaks,ONSET,34544,34570,138.627197265625,138.73153686523438,0.1083526611328125,34590.0,0.8317527020376771,0.6942458115508063
jaw,HR-3-15-26-(03).csv,/Users/yanivnaggar/Desktop/Spring 2026/IS/OPENBCI_runs/Yaniv/HR-3-15-26-(03).csv,2026-03-15,3,test,REPEATED,11,32,0,repeated_peaks,ACTIVE,34571,34607,138.7355499267578,138.88002014160156,0.1484832763671875,34590.0,0.8317527020376771,0.6942458115508063
jaw,HR-3-15-26-(03).csv,/Users/yanivnaggar/Desktop/Spring 2026/IS/OPENBCI_runs/Yaniv/HR-3-15-26-(03).csv,2026-03-15,3,test,REPEATED,11,32,0,repeated_peaks,OFFSET,34608,34635,138.884033203125,138.9923858642578,0.11236572265625,34590.0,0.8317527020376771,0.6942458115508063
jaw,HR-3-15-26-(03).csv,/Users/yanivnaggar/Desktop/Spring 2026/IS/OPENBCI_runs/Yaniv/HR-3-15-26-(03).csv,2026-03-15,3,test,REPEATED,11,33,1,repeated_peaks,ONSET,34690,34712,139.21310424804688,139.3013916015625,0.0923004150390625,34729.0,0.6843219858774513,0.4886949046996475
jaw,HR-3-15-26-(03).csv,/Users/yanivnaggar/Desktop/Spring 2026/IS/OPENBCI_runs/Yaniv/HR-3-15-26-(03).csv,2026-03-15,3,test,REPEATED,11,33,1,repeated_peaks,ACTIVE,34713,34749,139.30540466308594,139.4498748779297,0.1484832763671875,34729.0,0.6843219858774513,0.4886949046996475
jaw,HR-3-15-26-(03).csv,/Users/yanivnaggar/Desktop/Spring 2026/IS/OPENBCI_runs/Yaniv/HR-3-15-26-(03).csv,2026-03-15,3,test,REPEATED,11,33,1,repeated_peaks,OFFSET,34750,34772,139.45388793945312,139.54217529296875,0.0923004150390625,34729.0,0.6843219858774513,0.4886949046996475
jaw,HR-3-15-26-(03).csv,/Users/yanivnaggar/Desktop/Spring 2026/IS/OPENBCI_runs/Yaniv/HR-3-15-26-(03).csv,2026-03-15,3,test,REPEATED,11,34,2,repeated_peaks,ONSET,34834,34863,139.79098510742188,139.90736389160156,0.120391845703125,34883.0,0.8687791567261486,0.6594939720409343
jaw,HR-3-15-26-(03).csv,/Users/yanivnaggar/Desktop/Spring 2026/IS/OPENBCI_runs/Yaniv/HR-3-15-26-(03).csv,2026-03-15,3,test,REPEATED,11,34,2,repeated_peaks,ACTIVE,34864,34900,139.911376953125,140.05584716796875,0.1484832763671875,34883.0,0.8687791567261486,0.6594939720409343
jaw,HR-3-15-26-(03).csv,/Users/yanivnaggar/Desktop/Spring 2026/IS/OPENBCI_runs/Yaniv/HR-3-15-26-(03).csv,2026-03-15,3,test,REPEATED,11,34,2,repeated_peaks,OFFSET,34901,34931,140.0598602294922,140.1802520751953,0.1244049072265625,34883.0,0.8687791567261486,0.6594939720409343
jaw,HR-3-15-26-(03).csv,/Users/yanivnaggar/Desktop/Spring 2026/IS/OPENBCI_runs/Yaniv/HR-3-15-26-(03).csv,2026-03-15,3,test,REPEATED,11,35,3,repeated_peaks,ONSET,34957,34987,140.2845916748047,140.4049835205078,0.1244049072265625,35001.0,0.9600109961220978,0.7713634999165411
jaw,HR-3-15-26-(03).csv,/Users/yanivnaggar/Desktop/Spring 2026/IS/OPENBCI_runs/Yaniv/HR-3-15-26-(03).csv,2026-03-15,3,test,REPEATED,11,35,3,repeated_peaks,ACTIVE,34988,35024,140.40899658203125,140.553466796875,0.1484832763671875,35001.0,0.9600109961220978,0.7713634999165411
jaw,HR-3-15-26-(03).csv,/Users/yanivnaggar/Desktop/Spring 2026/IS/OPENBCI_runs/Yaniv/HR-3-15-26-(03).csv,2026-03-15,3,test,REPEATED,11,35,3,repeated_peaks,OFFSET,35025,35055,140.55747985839844,140.67787170410156,0.1244049072265625,35001.0,0.9600109961220978,0.7713634999165411
jaw,HR-3-15-26-(03).csv,/Users/yanivnaggar/Desktop/Spring 2026/IS/OPENBCI_runs/Yaniv/HR-3-15-26-(03).csv,2026-03-15,3,test,REPEATED,11,36,4,repeated_peaks,ONSET,35139,35172,141.0149688720703,141.14739990234375,0.136444091796875,35191.0,1.0404430020643043,0.8450016055293011
jaw,HR-3-15-26-(03).csv,/Users/yanivnaggar/Desktop/Spring 2026/IS/OPENBCI_runs/Yaniv/HR-3-15-26-(03).csv,2026-03-15,3,test,REPEATED,11,36,4,repeated_peaks,ACTIVE,35173,35209,141.1514129638672,141.29588317871094,0.1484832763671875,35191.0,1.0404430020643043,0.8450016055293011
jaw,HR-3-15-26-(03).csv,/Users/yanivnaggar/Desktop/Spring 2026/IS/OPENBCI_runs/Yaniv/HR-3-15-26-(03).csv,2026-03-15,3,test,REPEATED,11,36,4,repeated_peaks,OFFSET,35210,35244,141.29989624023438,141.43634033203125,0.1404571533203125,35191.0,1.0404430020643043,0.8450016055293011
jaw,HR-3-15-26-(03).csv,/Users/yanivnaggar/Desktop/Spring 2026/IS/OPENBCI_runs/Yaniv/HR-3-15-26-(03).csv,2026-03-15,3,test,REPEATED,11,37,5,repeated_peaks,ONSET,35292,35330,141.62896728515625,141.78146362304688,0.1565093994140625,35352.0,1.1772831473798417,0.9284982781378375
jaw,HR-3-15-26-(03).csv,/Users/yanivnaggar/Desktop/Spring 2026/IS/OPENBCI_runs/Yaniv/HR-3-15-26-(03).csv,2026-03-15,3,test,REPEATED,11,37,5,repeated_peaks,ACTIVE,35331,35370,141.7854766845703,141.94198608398438,0.1605224609375,35352.0,1.1772831473798417,0.9284982781378375
jaw,HR-3-15-26-(03).csv,/Users/yanivnaggar/Desktop/Spring 2026/IS/OPENBCI_runs/Yaniv/HR-3-15-26-(03).csv,2026-03-15,3,test,REPEATED,11,37,5,repeated_peaks,OFFSET,35371,35409,141.9459991455078,142.09849548339844,0.1565093994140625,35352.0,1.1772831473798417,0.9284982781378375
jaw,HR-3-15-26-(03).csv,/Users/yanivnaggar/Desktop/Spring 2026/IS/OPENBCI_runs/Yaniv/HR-3-15-26-(03).csv,2026-03-15,3,test,REPEATED,11,38,6,repeated_peaks,ONSET,35446,35485,142.24697875976562,142.4034881591797,0.1605224609375,35515.0,1.1873050887211174,0.9900576470031763
jaw,HR-3-15-26-(03).csv,/Users/yanivnaggar/Desktop/Spring 2026/IS/OPENBCI_runs/Yaniv/HR-3-15-26-(03).csv,2026-03-15,3,test,REPEATED,11,38,6,repeated_peaks,ACTIVE,35486,35527,142.40750122070312,142.57203674316406,0.168548583984375,35515.0,1.1873050887211174,0.9900576470031763
jaw,HR-3-15-26-(03).csv,/Users/yanivnaggar/Desktop/Spring 2026/IS/OPENBCI_runs/Yaniv/HR-3-15-26-(03).csv,2026-03-15,3,test,REPEATED,11,38,6,repeated_peaks,OFFSET,35528,35567,142.5760498046875,142.73255920410156,0.1605224609375,35515.0,1.1873050887211174,0.9900576470031763
jaw,HR-3-15-26-(03).csv,/Users/yanivnaggar/Desktop/Spring 2026/IS/OPENBCI_runs/Yaniv/HR-3-15-26-(03).csv,2026-03-15,3,test,REPEATED,11,39,7,repeated_peaks,ONSET,35614,35658,142.92117309570312,143.09774780273438,0.1805877685546875,35686.0,1.3065352485008994,1.099616943602987
jaw,HR-3-15-26-(03).csv,/Users/yanivnaggar/Desktop/Spring 2026/IS/OPENBCI_runs/Yaniv/HR-3-15-26-(03).csv,2026-03-15,3,test,REPEATED,11,39,7,repeated_peaks,ACTIVE,35659,35704,143.1017608642578,143.2823486328125,0.184600830078125,35686.0,1.3065352485008994,1.099616943602987
jaw,HR-3-15-26-(03).csv,/Users/yanivnaggar/Desktop/Spring 2026/IS/OPENBCI_runs/Yaniv/HR-3-15-26-(03).csv,2026-03-15,3,test,REPEATED,11,39,7,repeated_peaks,OFFSET,35705,35749,143.28636169433594,143.4629364013672,0.1805877685546875,35686.0,1.3065352485008994,1.099616943602987
jaw,HR-3-15-26-(03).csv,/Users/yanivnaggar/Desktop/Spring 2026/IS/OPENBCI_runs/Yaniv/HR-3-15-26-(03).csv,2026-03-15,3,test,REPEATED,11,40,8,repeated_peaks,ONSET,35803,35841,143.6796417236328,143.83213806152344,0.1565093994140625,35863.0,0.9139800139471687,0.6877142207602109
jaw,HR-3-15-26-(03).csv,/Users/yanivnaggar/Desktop/Spring 2026/IS/OPENBCI_runs/Yaniv/HR-3-15-26-(03).csv,2026-03-15,3,test,REPEATED,11,40,8,repeated_peaks,ACTIVE,35842,35880,143.83615112304688,143.9886474609375,0.1565093994140625,35863.0,0.9139800139471687,0.6877142207602109
jaw,HR-3-15-26-(03).csv,/Users/yanivnaggar/Desktop/Spring 2026/IS/OPENBCI_runs/Yaniv/HR-3-15-26-(03).csv,2026-03-15,3,test,REPEATED,11,40,8,repeated_peaks,OFFSET,35881,35919,143.99266052246094,144.14515686035156,0.1565093994140625,35863.0,0.9139800139471687,0.6877142207602109
jaw,HR-3-15-26-(03).csv,/Users/yanivnaggar/Desktop/Spring 2026/IS/OPENBCI_runs/Yaniv/HR-3-15-26-(03).csv,2026-03-15,3,test,REPEATED,11,41,9,repeated_peaks,ONSET,35969,36003,144.34580993652344,144.4822540283203,0.1404571533203125,36022.0,0.9121678731286373,0.6852902931276241
jaw,HR-3-15-26-(03).csv,/Users/yanivnaggar/Desktop/Spring 2026/IS/OPENBCI_runs/Yaniv/HR-3-15-26-(03).csv,2026-03-15,3,test,REPEATED,11,41,9,repeated_peaks,ACTIVE,36004,36040,144.48626708984375,144.6307373046875,0.1484832763671875,36022.0,0.9121678731286373,0.6852902931276241
jaw,HR-3-15-26-(03).csv,/Users/yanivnaggar/Desktop/Spring 2026/IS/OPENBCI_runs/Yaniv/HR-3-15-26-(03).csv,2026-03-15,3,test,REPEATED,11,41,9,repeated_peaks,OFFSET,36041,36075,144.63475036621094,144.7711944580078,0.1404571533203125,36022.0,0.9121678731286373,0.6852902931276241
jaw,HR-3-15-26-(03).csv,/Users/yanivnaggar/Desktop/Spring 2026/IS/OPENBCI_runs/Yaniv/HR-3-15-26-(03).csv,2026-03-15,3,test,REPEATED,11,42,10,repeated_peaks,ONSET,36114,36159,144.92770385742188,145.10829162597656,0.184600830078125,36195.0,1.150180621232178,0.9239757592042216
jaw,HR-3-15-26-(03).csv,/Users/yanivnaggar/Desktop/Spring 2026/IS/OPENBCI_runs/Yaniv/HR-3-15-26-(03).csv,2026-03-15,3,test,REPEATED,11,42,10,repeated_peaks,ACTIVE,36160,36207,145.1123046875,145.30091857910156,0.192626953125,36195.0,1.150180621232178,0.9239757592042216
jaw,HR-3-15-26-(03).csv,/Users/yanivnaggar/Desktop/Spring 2026/IS/OPENBCI_runs/Yaniv/HR-3-15-26-(03).csv,2026-03-15,3,test,REPEATED,11,42,10,repeated_peaks,OFFSET,36208,36253,145.304931640625,145.4855194091797,0.184600830078125,36195.0,1.150180621232178,0.9239757592042216
jaw,HR-3-15-26-(03).csv,/Users/yanivnaggar/Desktop/Spring 2026/IS/OPENBCI_runs/Yaniv/HR-3-15-26-(03).csv,2026-03-15,3,test,REPEATED,11,43,11,repeated_peaks,ONSET,36298,36335,145.66610717773438,145.81459045410156,0.152496337890625,36353.0,0.9138298788876447,0.6622007593785115
jaw,HR-3-15-26-(03).csv,/Users/yanivnaggar/Desktop/Spring 2026/IS/OPENBCI_runs/Yaniv/HR-3-15-26-(03).csv,2026-03-15,3,test,REPEATED,11,43,11,repeated_peaks,ACTIVE,36336,36373,145.818603515625,145.9670867919922,0.152496337890625,36353.0,0.9138298788876447,0.6622007593785115
jaw,HR-3-15-26-(03).csv,/Users/yanivnaggar/Desktop/Spring 2026/IS/OPENBCI_runs/Yaniv/HR-3-15-26-(03).csv,2026-03-15,3,test,REPEATED,11,43,11,repeated_peaks,OFFSET,36374,36411,145.97109985351562,146.1195831298828,0.152496337890625,36353.0,0.9138298788876447,0.6622007593785115
jaw,HR-3-15-26-(03).csv,/Users/yanivnaggar/Desktop/Spring 2026/IS/OPENBCI_runs/Yaniv/HR-3-15-26-(03).csv,2026-03-15,3,test,REPEATED,11,44,12,repeated_peaks,ONSET,36449,36498,146.27207946777344,146.46871948242188,0.200653076171875,36544.0,1.5428159448465848,1.1879430134554378
jaw,HR-3-15-26-(03).csv,/Users/yanivnaggar/Desktop/Spring 2026/IS/OPENBCI_runs/Yaniv/HR-3-15-26-(03).csv,2026-03-15,3,test,REPEATED,11,44,12,repeated_peaks,ACTIVE,36499,36569,146.4727325439453,146.75364685058594,0.2849273681640625,36544.0,1.5428159448465848,1.1879430134554378
jaw,HR-3-15-26-(03).csv,/Users/yanivnaggar/Desktop/Spring 2026/IS/OPENBCI_runs/Yaniv/HR-3-15-26-(03).csv,2026-03-15,3,test,REPEATED,11,44,12,repeated_peaks,OFFSET,36570,36619,146.75765991210938,146.9542999267578,0.200653076171875,36544.0,1.5428159448465848,1.1879430134554378
jaw,HR-3-15-26-(03).csv,/Users/yanivnaggar/Desktop/Spring 2026/IS/OPENBCI_runs/Yaniv/HR-3-15-26-(03).csv,2026-03-15,3,test,REPEATED,11,45,13,repeated_peaks,ONSET,36621,36647,146.9623260498047,147.06666564941406,0.1083526611328125,36697.0,1.2942140399656954,0.17788655135564824
jaw,HR-3-15-26-(03).csv,/Users/yanivnaggar/Desktop/Spring 2026/IS/OPENBCI_runs/Yaniv/HR-3-15-26-(03).csv,2026-03-15,3,test,REPEATED,11,45,13,repeated_peaks,ACTIVE,36648,36684,147.0706787109375,147.21514892578125,0.1484832763671875,36697.0,1.2942140399656954,0.17788655135564824
jaw,HR-3-15-26-(03).csv,/Users/yanivnaggar/Desktop/Spring 2026/IS/OPENBCI_runs/Yaniv/HR-3-15-26-(03).csv,2026-03-15,3,test,REPEATED,11,45,13,repeated_peaks,OFFSET,36685,36712,147.2191619873047,147.3275146484375,0.11236572265625,36697.0,1.2942140399656954,0.17788655135564824
jaw,HR-3-15-26-(03).csv,/Users/yanivnaggar/Desktop/Spring 2026/IS/OPENBCI_runs/Yaniv/HR-3-15-26-(03).csv,2026-03-15,3,test,HOLD,13,46,0,hold_marker_edges,ONSET,40585,40634,162.87010192871094,163.06674194335938,0.200653076171875,,,
jaw,HR-3-15-26-(03).csv,/Users/yanivnaggar/Desktop/Spring 2026/IS/OPENBCI_runs/Yaniv/HR-3-15-26-(03).csv,2026-03-15,3,test,HOLD,13,46,0,hold_marker_edges,ACTIVE,40635,42748,163.0707550048828,171.55035400390625,8.483612060546875,,,
jaw,HR-3-15-26-(03).csv,/Users/yanivnaggar/Desktop/Spring 2026/IS/OPENBCI_runs/Yaniv/HR-3-15-26-(03).csv,2026-03-15,3,test,HOLD,13,46,0,hold_marker_edges,OFFSET,42749,42798,171.5543670654297,171.75100708007812,0.200653076171875,,,
jaw,HR-3-15-26-(03).csv,/Users/yanivnaggar/Desktop/Spring 2026/IS/OPENBCI_runs/Yaniv/HR-3-15-26-(03).csv,2026-03-15,3,test,REPEATED,15,47,0,repeated_peaks,ONSET,44177,44208,177.28501892089844,177.409423828125,0.12841796875,44220.0,0.8043658435805036,0.4197233632642782
jaw,HR-3-15-26-(03).csv,/Users/yanivnaggar/Desktop/Spring 2026/IS/OPENBCI_runs/Yaniv/HR-3-15-26-(03).csv,2026-03-15,3,test,REPEATED,15,47,0,repeated_peaks,ACTIVE,44209,44245,177.41343688964844,177.5579071044922,0.1484832763671875,44220.0,0.8043658435805036,0.4197233632642782
jaw,HR-3-15-26-(03).csv,/Users/yanivnaggar/Desktop/Spring 2026/IS/OPENBCI_runs/Yaniv/HR-3-15-26-(03).csv,2026-03-15,3,test,REPEATED,15,47,0,repeated_peaks,OFFSET,44246,44277,177.56192016601562,177.6863250732422,0.12841796875,44220.0,0.8043658435805036,0.4197233632642782
jaw,HR-3-15-26-(03).csv,/Users/yanivnaggar/Desktop/Spring 2026/IS/OPENBCI_runs/Yaniv/HR-3-15-26-(03).csv,2026-03-15,3,test,REPEATED,15,48,1,repeated_peaks,ONSET,44356,44386,178.00335693359375,178.12374877929688,0.1244049072265625,44400.0,0.8348944198070514,0.6512549858728561
jaw,HR-3-15-26-(03).csv,/Users/yanivnaggar/Desktop/Spring 2026/IS/OPENBCI_runs/Yaniv/HR-3-15-26-(03).csv,2026-03-15,3,test,REPEATED,15,48,1,repeated_peaks,ACTIVE,44387,44423,178.1277618408203,178.27223205566406,0.1484832763671875,44400.0,0.8348944198070514,0.6512549858728561
jaw,HR-3-15-26-(03).csv,/Users/yanivnaggar/Desktop/Spring 2026/IS/OPENBCI_runs/Yaniv/HR-3-15-26-(03).csv,2026-03-15,3,test,REPEATED,15,48,1,repeated_peaks,OFFSET,44424,44455,178.2762451171875,178.40065002441406,0.12841796875,44400.0,0.8348944198070514,0.6512549858728561
jaw,HR-3-15-26-(03).csv,/Users/yanivnaggar/Desktop/Spring 2026/IS/OPENBCI_runs/Yaniv/HR-3-15-26-(03).csv,2026-03-15,3,test,REPEATED,15,49,2,repeated_peaks,ONSET,44503,44535,178.59327697753906,178.72169494628906,0.1324310302734375,44553.0,0.7234918268472577,0.534706585396439
jaw,HR-3-15-26-(03).csv,/Users/yanivnaggar/Desktop/Spring 2026/IS/OPENBCI_runs/Yaniv/HR-3-15-26-(03).csv,2026-03-15,3,test,REPEATED,15,49,2,repeated_peaks,ACTIVE,44536,44572,178.7257080078125,178.87017822265625,0.1484832763671875,44553.0,0.7234918268472577,0.534706585396439
jaw,HR-3-15-26-(03).csv,/Users/yanivnaggar/Desktop/Spring 2026/IS/OPENBCI_runs/Yaniv/HR-3-15-26-(03).csv,2026-03-15,3,test,REPEATED,15,49,2,repeated_peaks,OFFSET,44573,44605,178.8741912841797,179.0026092529297,0.1324310302734375,44553.0,0.7234918268472577,0.534706585396439
jaw,HR-3-15-26-(03).csv,/Users/yanivnaggar/Desktop/Spring 2026/IS/OPENBCI_runs/Yaniv/HR-3-15-26-(03).csv,2026-03-15,3,test,REPEATED,15,50,3,repeated_peaks,ONSET,44660,44693,179.22332763671875,179.3557586669922,0.136444091796875,44718.0,0.782593400927743,0.564330839169287
jaw,HR-3-15-26-(03).csv,/Users/yanivnaggar/Desktop/Spring 2026/IS/OPENBCI_runs/Yaniv/HR-3-15-26-(03).csv,2026-03-15,3,test,REPEATED,15,50,3,repeated_peaks,ACTIVE,44694,44730,179.35977172851562,179.50424194335938,0.1484832763671875,44718.0,0.782593400927743,0.564330839169287
jaw,HR-3-15-26-(03).csv,/Users/yanivnaggar/Desktop/Spring 2026/IS/OPENBCI_runs/Yaniv/HR-3-15-26-(03).csv,2026-03-15,3,test,REPEATED,15,50,3,repeated_peaks,OFFSET,44731,44765,179.5082550048828,179.6446990966797,0.1404571533203125,44718.0,0.782593400927743,0.564330839169287
jaw,HR-3-15-26-(03).csv,/Users/yanivnaggar/Desktop/Spring 2026/IS/OPENBCI_runs/Yaniv/HR-3-15-26-(03).csv,2026-03-15,3,test,REPEATED,15,51,4,repeated_peaks,ONSET,44796,44828,179.76910400390625,179.89752197265625,0.1324310302734375,44848.0,0.8501936269074687,0.6771381996556894
jaw,HR-3-15-26-(03).csv,/Users/yanivnaggar/Desktop/Spring 2026/IS/OPENBCI_runs/Yaniv/HR-3-15-26-(03).csv,2026-03-15,3,test,REPEATED,15,51,4,repeated_peaks,ACTIVE,44829,44865,179.9015350341797,180.04600524902344,0.1484832763671875,44848.0,0.8501936269074687,0.6771381996556894
jaw,HR-3-15-26-(03).csv,/Users/yanivnaggar/Desktop/Spring 2026/IS/OPENBCI_runs/Yaniv/HR-3-15-26-(03).csv,2026-03-15,3,test,REPEATED,15,51,4,repeated_peaks,OFFSET,44866,44899,180.05001831054688,180.1824493408203,0.136444091796875,44848.0,0.8501936269074687,0.6771381996556894
jaw,HR-3-15-26-(03).csv,/Users/yanivnaggar/Desktop/Spring 2026/IS/OPENBCI_runs/Yaniv/HR-3-15-26-(03).csv,2026-03-15,3,test,REPEATED,15,52,5,repeated_peaks,ONSET,44944,44973,180.363037109375,180.4794158935547,0.120391845703125,44993.0,0.7623741935512685,0.5203280732712078
jaw,HR-3-15-26-(03).csv,/Users/yanivnaggar/Desktop/Spring 2026/IS/OPENBCI_runs/Yaniv/HR-3-15-26-(03).csv,2026-03-15,3,test,REPEATED,15,52,5,repeated_peaks,ACTIVE,44974,45010,180.48342895507812,180.62789916992188,0.1484832763671875,44993.0,0.7623741935512685,0.5203280732712078
jaw,HR-3-15-26-(03).csv,/Users/yanivnaggar/Desktop/Spring 2026/IS/OPENBCI_runs/Yaniv/HR-3-15-26-(03).csv,2026-03-15,3,test,REPEATED,15,52,5,repeated_peaks,OFFSET,45011,45040,180.6319122314453,180.748291015625,0.120391845703125,44993.0,0.7623741935512685,0.5203280732712078
jaw,HR-3-15-26-(03).csv,/Users/yanivnaggar/Desktop/Spring 2026/IS/OPENBCI_runs/Yaniv/HR-3-15-26-(03).csv,2026-03-15,3,test,REPEATED,15,53,6,repeated_peaks,ONSET,45064,45102,180.8446044921875,180.99710083007812,0.1565093994140625,45123.0,0.8215857504306141,0.6259440033907538
jaw,HR-3-15-26-(03).csv,/Users/yanivnaggar/Desktop/Spring 2026/IS/OPENBCI_runs/Yaniv/HR-3-15-26-(03).csv,2026-03-15,3,test,REPEATED,15,53,6,repeated_peaks,ACTIVE,45103,45143,181.00111389160156,181.16163635253906,0.1645355224609375,45123.0,0.8215857504306141,0.6259440033907538
jaw,HR-3-15-26-(03).csv,/Users/yanivnaggar/Desktop/Spring 2026/IS/OPENBCI_runs/Yaniv/HR-3-15-26-(03).csv,2026-03-15,3,test,REPEATED,15,53,6,repeated_peaks,OFFSET,45144,45182,181.1656494140625,181.31814575195312,0.1565093994140625,45123.0,0.8215857504306141,0.6259440033907538
jaw,HR-3-15-26-(03).csv,/Users/yanivnaggar/Desktop/Spring 2026/IS/OPENBCI_runs/Yaniv/HR-3-15-26-(03).csv,2026-03-15,3,test,REPEATED,15,54,7,repeated_peaks,ONSET,45218,45256,181.46261596679688,181.6151123046875,0.1565093994140625,45275.0,0.7018002941459073,0.44081493726394433
jaw,HR-3-15-26-(03).csv,/Users/yanivnaggar/Desktop/Spring 2026/IS/OPENBCI_runs/Yaniv/HR-3-15-26-(03).csv,2026-03-15,3,test,REPEATED,15,54,7,repeated_peaks,ACTIVE,45257,45296,181.61912536621094,181.775634765625,0.1605224609375,45275.0,0.7018002941459073,0.44081493726394433
jaw,HR-3-15-26-(03).csv,/Users/yanivnaggar/Desktop/Spring 2026/IS/OPENBCI_runs/Yaniv/HR-3-15-26-(03).csv,2026-03-15,3,test,REPEATED,15,54,7,repeated_peaks,OFFSET,45297,45335,181.77964782714844,181.93214416503906,0.1565093994140625,45275.0,0.7018002941459073,0.44081493726394433
jaw,HR-3-15-26-(03).csv,/Users/yanivnaggar/Desktop/Spring 2026/IS/OPENBCI_runs/Yaniv/HR-3-15-26-(03).csv,2026-03-15,3,test,REPEATED,15,55,8,repeated_peaks,ONSET,45346,45386,181.97628784179688,182.13681030273438,0.1645355224609375,45415.0,0.8774590242821715,0.6354483465329501
jaw,HR-3-15-26-(03).csv,/Users/yanivnaggar/Desktop/Spring 2026/IS/OPENBCI_runs/Yaniv/HR-3-15-26-(03).csv,2026-03-15,3,test,REPEATED,15,55,8,repeated_peaks,ACTIVE,45387,45429,182.1408233642578,182.3093719482422,0.1725616455078125,45415.0,0.8774590242821715,0.6354483465329501
jaw,HR-3-15-26-(03).csv,/Users/yanivnaggar/Desktop/Spring 2026/IS/OPENBCI_runs/Yaniv/HR-3-15-26-(03).csv,2026-03-15,3,test,REPEATED,15,55,8,repeated_peaks,OFFSET,45430,45470,182.31338500976562,182.47390747070312,0.1645355224609375,45415.0,0.8774590242821715,0.6354483465329501
jaw,HR-3-15-26-(03).csv,/Users/yanivnaggar/Desktop/Spring 2026/IS/OPENBCI_runs/Yaniv/HR-3-15-26-(03).csv,2026-03-15,3,test,REPEATED,15,56,9,repeated_peaks,ONSET,45488,45530,182.546142578125,182.71469116210938,0.1725616455078125,45546.0,0.7403260074134468,0.43247586776044294
jaw,HR-3-15-26-(03).csv,/Users/yanivnaggar/Desktop/Spring 2026/IS/OPENBCI_runs/Yaniv/HR-3-15-26-(03).csv,2026-03-15,3,test,REPEATED,15,56,9,repeated_peaks,ACTIVE,45531,45574,182.7187042236328,182.89126586914062,0.17657470703125,45546.0,0.7403260074134468,0.43247586776044294
jaw,HR-3-15-26-(03).csv,/Users/yanivnaggar/Desktop/Spring 2026/IS/OPENBCI_runs/Yaniv/HR-3-15-26-(03).csv,2026-03-15,3,test,REPEATED,15,56,9,repeated_peaks,OFFSET,45575,45617,182.89527893066406,183.06382751464844,0.1725616455078125,45546.0,0.7403260074134468,0.43247586776044294
jaw,HR-3-15-26-(03).csv,/Users/yanivnaggar/Desktop/Spring 2026/IS/OPENBCI_runs/Yaniv/HR-3-15-26-(03).csv,2026-03-15,3,test,REPEATED,15,57,10,repeated_peaks,ONSET,45619,45662,183.0718536376953,183.24441528320312,0.17657470703125,45690.0,0.7974704494309158,0.4730812657279086
jaw,HR-3-15-26-(03).csv,/Users/yanivnaggar/Desktop/Spring 2026/IS/OPENBCI_runs/Yaniv/HR-3-15-26-(03).csv,2026-03-15,3,test,REPEATED,15,57,10,repeated_peaks,ACTIVE,45663,45708,183.24842834472656,183.42901611328125,0.184600830078125,45690.0,0.7974704494309158,0.4730812657279086
jaw,HR-3-15-26-(03).csv,/Users/yanivnaggar/Desktop/Spring 2026/IS/OPENBCI_runs/Yaniv/HR-3-15-26-(03).csv,2026-03-15,3,test,REPEATED,15,57,10,repeated_peaks,OFFSET,45709,45752,183.4330291748047,183.6055908203125,0.17657470703125,45690.0,0.7974704494309158,0.4730812657279086
jaw,HR-3-15-26-(03).csv,/Users/yanivnaggar/Desktop/Spring 2026/IS/OPENBCI_runs/Yaniv/HR-3-15-26-(03).csv,2026-03-15,3,test,REPEATED,15,58,11,repeated_peaks,ONSET,45754,45799,183.61361694335938,183.79420471191406,0.184600830078125,45817.0,0.7348236497412421,0.3995194269324403
jaw,HR-3-15-26-(03).csv,/Users/yanivnaggar/Desktop/Spring 2026/IS/OPENBCI_runs/Yaniv/HR-3-15-26-(03).csv,2026-03-15,3,test,REPEATED,15,58,11,repeated_peaks,ACTIVE,45800,45846,183.7982177734375,183.98281860351562,0.1886138916015625,45817.0,0.7348236497412421,0.3995194269324403
jaw,HR-3-15-26-(03).csv,/Users/yanivnaggar/Desktop/Spring 2026/IS/OPENBCI_runs/Yaniv/HR-3-15-26-(03).csv,2026-03-15,3,test,REPEATED,15,58,11,repeated_peaks,OFFSET,45847,45892,183.98683166503906,184.16741943359375,0.184600830078125,45817.0,0.7348236497412421,0.3995194269324403
jaw,HR-3-15-26-(03).csv,/Users/yanivnaggar/Desktop/Spring 2026/IS/OPENBCI_runs/Yaniv/HR-3-15-26-(03).csv,2026-03-15,3,test,REPEATED,15,59,12,repeated_peaks,ONSET,45894,45943,184.17544555664062,184.37208557128906,0.200653076171875,45969.0,0.9218811908290095,0.570262311986927
jaw,HR-3-15-26-(03).csv,/Users/yanivnaggar/Desktop/Spring 2026/IS/OPENBCI_runs/Yaniv/HR-3-15-26-(03).csv,2026-03-15,3,test,REPEATED,15,59,12,repeated_peaks,ACTIVE,45944,45999,184.3760986328125,184.59681701660156,0.2247314453125,45969.0,0.9218811908290095,0.570262311986927
jaw,HR-3-15-26-(03).csv,/Users/yanivnaggar/Desktop/Spring 2026/IS/OPENBCI_runs/Yaniv/HR-3-15-26-(03).csv,2026-03-15,3,test,REPEATED,15,59,12,repeated_peaks,OFFSET,46000,46049,184.600830078125,184.79747009277344,0.200653076171875,45969.0,0.9218811908290095,0.570262311986927
jaw,HR-3-15-26-(03).csv,/Users/yanivnaggar/Desktop/Spring 2026/IS/OPENBCI_runs/Yaniv/HR-3-15-26-(03).csv,2026-03-15,3,test,REPEATED,15,60,13,repeated_peaks,ONSET,46051,46100,184.8054962158203,185.00213623046875,0.200653076171875,46132.0,1.1067715569140557,0.7678179922557746
jaw,HR-3-15-26-(03).csv,/Users/yanivnaggar/Desktop/Spring 2026/IS/OPENBCI_runs/Yaniv/HR-3-15-26-(03).csv,2026-03-15,3,test,REPEATED,15,60,13,repeated_peaks,ACTIVE,46101,46156,185.0061492919922,185.22686767578125,0.2247314453125,46132.0,1.1067715569140557,0.7678179922557746
jaw,HR-3-15-26-(03).csv,/Users/yanivnaggar/Desktop/Spring 2026/IS/OPENBCI_runs/Yaniv/HR-3-15-26-(03).csv,2026-03-15,3,test,REPEATED,15,60,13,repeated_peaks,OFFSET,46157,46206,185.2308807373047,185.42752075195312,0.200653076171875,46132.0,1.1067715569140557,0.7678179922557746
jaw,HR-3-15-26-(03).csv,/Users/yanivnaggar/Desktop/Spring 2026/IS/OPENBCI_runs/Yaniv/HR-3-15-26-(03).csv,2026-03-15,3,test,REPEATED,15,61,14,repeated_peaks,ONSET,46208,46257,185.435546875,185.63218688964844,0.200653076171875,46283.0,0.959413749046878,0.5716587419035365
jaw,HR-3-15-26-(03).csv,/Users/yanivnaggar/Desktop/Spring 2026/IS/OPENBCI_runs/Yaniv/HR-3-15-26-(03).csv,2026-03-15,3,test,REPEATED,15,61,14,repeated_peaks,ACTIVE,46258,46337,185.63619995117188,185.95323181152344,0.321044921875,46283.0,0.959413749046878,0.5716587419035365
jaw,HR-3-15-26-(03).csv,/Users/yanivnaggar/Desktop/Spring 2026/IS/OPENBCI_runs/Yaniv/HR-3-15-26-(03).csv,2026-03-15,3,test,REPEATED,15,61,14,repeated_peaks,OFFSET,46338,46387,185.95724487304688,186.1538848876953,0.200653076171875,46283.0,0.959413749046878,0.5716587419035365
jaw,HR-3-15-26-(03).csv,/Users/yanivnaggar/Desktop/Spring 2026/IS/OPENBCI_runs/Yaniv/HR-3-15-26-(03).csv,2026-03-15,3,test,HOLD,17,62,0,hold_marker_edges,ONSET,50307,50356,201.8850860595703,202.08172607421875,0.200653076171875,,,
jaw,HR-3-15-26-(03).csv,/Users/yanivnaggar/Desktop/Spring 2026/IS/OPENBCI_runs/Yaniv/HR-3-15-26-(03).csv,2026-03-15,3,test,HOLD,17,62,0,hold_marker_edges,ACTIVE,50357,52430,202.0857391357422,210.40481567382812,8.323089599609375,,,
jaw,HR-3-15-26-(03).csv,/Users/yanivnaggar/Desktop/Spring 2026/IS/OPENBCI_runs/Yaniv/HR-3-15-26-(03).csv,2026-03-15,3,test,HOLD,17,62,0,hold_marker_edges,OFFSET,52431,52480,210.40882873535156,210.60546875,0.200653076171875,,,
jaw,HR-3-15-26-(03).csv,/Users/yanivnaggar/Desktop/Spring 2026/IS/OPENBCI_runs/Yaniv/HR-3-15-26-(03).csv,2026-03-15,3,test,REPEATED,19,63,0,repeated_peaks,ONSET,54031,54067,216.82972717285156,216.9741973876953,0.1484832763671875,54086.0,1.0200854535454145,0.8322720874996873
jaw,HR-3-15-26-(03).csv,/Users/yanivnaggar/Desktop/Spring 2026/IS/OPENBCI_runs/Yaniv/HR-3-15-26-(03).csv,2026-03-15,3,test,REPEATED,19,63,0,repeated_peaks,ACTIVE,54068,54105,216.97821044921875,217.12669372558594,0.152496337890625,54086.0,1.0200854535454145,0.8322720874996873
jaw,HR-3-15-26-(03).csv,/Users/yanivnaggar/Desktop/Spring 2026/IS/OPENBCI_runs/Yaniv/HR-3-15-26-(03).csv,2026-03-15,3,test,REPEATED,19,63,0,repeated_peaks,OFFSET,54106,54142,217.13070678710938,217.27517700195312,0.1484832763671875,54086.0,1.0200854535454145,0.8322720874996873
jaw,HR-3-15-26-(03).csv,/Users/yanivnaggar/Desktop/Spring 2026/IS/OPENBCI_runs/Yaniv/HR-3-15-26-(03).csv,2026-03-15,3,test,REPEATED,19,64,1,repeated_peaks,ONSET,54199,54231,217.50392150878906,217.63233947753906,0.1324310302734375,54251.0,0.9027843867848456,0.7079034684826379
jaw,HR-3-15-26-(03).csv,/Users/yanivnaggar/Desktop/Spring 2026/IS/OPENBCI_runs/Yaniv/HR-3-15-26-(03).csv,2026-03-15,3,test,REPEATED,19,64,1,repeated_peaks,ACTIVE,54232,54268,217.6363525390625,217.78082275390625,0.1484832763671875,54251.0,0.9027843867848456,0.7079034684826379
jaw,HR-3-15-26-(03).csv,/Users/yanivnaggar/Desktop/Spring 2026/IS/OPENBCI_runs/Yaniv/HR-3-15-26-(03).csv,2026-03-15,3,test,REPEATED,19,64,1,repeated_peaks,OFFSET,54269,54302,217.7848358154297,217.91726684570312,0.136444091796875,54251.0,0.9027843867848456,0.7079034684826379
jaw,HR-3-15-26-(03).csv,/Users/yanivnaggar/Desktop/Spring 2026/IS/OPENBCI_runs/Yaniv/HR-3-15-26-(03).csv,2026-03-15,3,test,REPEATED,19,65,2,repeated_peaks,ONSET,54357,54391,218.1379852294922,218.27442932128906,0.1404571533203125,54412.0,0.9288780748121507,0.7215634255281178
jaw,HR-3-15-26-(03).csv,/Users/yanivnaggar/Desktop/Spring 2026/IS/OPENBCI_runs/Yaniv/HR-3-15-26-(03).csv,2026-03-15,3,test,REPEATED,19,65,2,repeated_peaks,ACTIVE,54392,54428,218.2784423828125,218.42291259765625,0.1484832763671875,54412.0,0.9288780748121507,0.7215634255281178
jaw,HR-3-15-26-(03).csv,/Users/yanivnaggar/Desktop/Spring 2026/IS/OPENBCI_runs/Yaniv/HR-3-15-26-(03).csv,2026-03-15,3,test,REPEATED,19,65,2,repeated_peaks,OFFSET,54429,54464,218.4269256591797,218.5673828125,0.14447021484375,54412.0,0.9288780748121507,0.7215634255281178
jaw,HR-3-15-26-(03).csv,/Users/yanivnaggar/Desktop/Spring 2026/IS/OPENBCI_runs/Yaniv/HR-3-15-26-(03).csv,2026-03-15,3,test,REPEATED,19,66,3,repeated_peaks,ONSET,54499,54532,218.7078399658203,218.84027099609375,0.136444091796875,54548.0,0.8301398355533247,0.5954043736455608
jaw,HR-3-15-26-(03).csv,/Users/yanivnaggar/Desktop/Spring 2026/IS/OPENBCI_runs/Yaniv/HR-3-15-26-(03).csv,2026-03-15,3,test,REPEATED,19,66,3,repeated_peaks,ACTIVE,54533,54569,218.8442840576172,218.98875427246094,0.1484832763671875,54548.0,0.8301398355533247,0.5954043736455608
jaw,HR-3-15-26-(03).csv,/Users/yanivnaggar/Desktop/Spring 2026/IS/OPENBCI_runs/Yaniv/HR-3-15-26-(03).csv,2026-03-15,3,test,REPEATED,19,66,3,repeated_peaks,OFFSET,54570,54603,218.99276733398438,219.1251983642578,0.136444091796875,54548.0,0.8301398355533247,0.5954043736455608
jaw,HR-3-15-26-(03).csv,/Users/yanivnaggar/Desktop/Spring 2026/IS/OPENBCI_runs/Yaniv/HR-3-15-26-(03).csv,2026-03-15,3,test,REPEATED,19,67,4,repeated_peaks,ONSET,54631,54668,219.23756408691406,219.38604736328125,0.152496337890625,54685.0,0.8326686764615993,0.6206678198381879
jaw,HR-3-15-26-(03).csv,/Users/yanivnaggar/Desktop/Spring 2026/IS/OPENBCI_runs/Yaniv/HR-3-15-26-(03).csv,2026-03-15,3,test,REPEATED,19,67,4,repeated_peaks,ACTIVE,54669,54706,219.3900604248047,219.53854370117188,0.152496337890625,54685.0,0.8326686764615993,0.6206678198381879
jaw,HR-3-15-26-(03).csv,/Users/yanivnaggar/Desktop/Spring 2026/IS/OPENBCI_runs/Yaniv/HR-3-15-26-(03).csv,2026-03-15,3,test,REPEATED,19,67,4,repeated_peaks,OFFSET,54707,54744,219.5425567626953,219.6910400390625,0.152496337890625,54685.0,0.8326686764615993,0.6206678198381879
jaw,HR-3-15-26-(03).csv,/Users/yanivnaggar/Desktop/Spring 2026/IS/OPENBCI_runs/Yaniv/HR-3-15-26-(03).csv,2026-03-15,3,test,REPEATED,19,68,5,repeated_peaks,ONSET,54778,54813,219.82748413085938,219.9679412841797,0.14447021484375,54827.0,0.7429547031644682,0.4987094722520656
jaw,HR-3-15-26-(03).csv,/Users/yanivnaggar/Desktop/Spring 2026/IS/OPENBCI_runs/Yaniv/HR-3-15-26-(03).csv,2026-03-15,3,test,REPEATED,19,68,5,repeated_peaks,ACTIVE,54814,54850,219.97195434570312,220.11642456054688,0.1484832763671875,54827.0,0.7429547031644682,0.4987094722520656
jaw,HR-3-15-26-(03).csv,/Users/yanivnaggar/Desktop/Spring 2026/IS/OPENBCI_runs/Yaniv/HR-3-15-26-(03).csv,2026-03-15,3,test,REPEATED,19,68,5,repeated_peaks,OFFSET,54851,54886,220.1204376220703,220.26089477539062,0.14447021484375,54827.0,0.7429547031644682,0.4987094722520656
jaw,HR-3-15-26-(03).csv,/Users/yanivnaggar/Desktop/Spring 2026/IS/OPENBCI_runs/Yaniv/HR-3-15-26-(03).csv,2026-03-15,3,test,REPEATED,19,69,6,repeated_peaks,ONSET,54916,54954,220.38128662109375,220.53378295898438,0.1565093994140625,54975.0,0.7547386404339884,0.50944230649579
jaw,HR-3-15-26-(03).csv,/Users/yanivnaggar/Desktop/Spring 2026/IS/OPENBCI_runs/Yaniv/HR-3-15-26-(03).csv,2026-03-15,3,test,REPEATED,19,69,6,repeated_peaks,ACTIVE,54955,54994,220.5377960205078,220.69430541992188,0.1605224609375,54975.0,0.7547386404339884,0.50944230649579
jaw,HR-3-15-26-(03).csv,/Users/yanivnaggar/Desktop/Spring 2026/IS/OPENBCI_runs/Yaniv/HR-3-15-26-(03).csv,2026-03-15,3,test,REPEATED,19,69,6,repeated_peaks,OFFSET,54995,55033,220.6983184814453,220.85081481933594,0.1565093994140625,54975.0,0.7547386404339884,0.50944230649579
jaw,HR-3-15-26-(03).csv,/Users/yanivnaggar/Desktop/Spring 2026/IS/OPENBCI_runs/Yaniv/HR-3-15-26-(03).csv,2026-03-15,3,test,REPEATED,19,70,7,repeated_peaks,ONSET,55065,55102,220.97923278808594,221.12771606445312,0.152496337890625,55123.0,0.6532797373925222,0.3910228042543025
jaw,HR-3-15-26-(03).csv,/Users/yanivnaggar/Desktop/Spring 2026/IS/OPENBCI_runs/Yaniv/HR-3-15-26-(03).csv,2026-03-15,3,test,REPEATED,19,70,7,repeated_peaks,ACTIVE,55103,55142,221.13172912597656,221.28823852539062,0.1605224609375,55123.0,0.6532797373925222,0.3910228042543025
jaw,HR-3-15-26-(03).csv,/Users/yanivnaggar/Desktop/Spring 2026/IS/OPENBCI_runs/Yaniv/HR-3-15-26-(03).csv,2026-03-15,3,test,REPEATED,19,70,7,repeated_peaks,OFFSET,55143,55180,221.29225158691406,221.44073486328125,0.152496337890625,55123.0,0.6532797373925222,0.3910228042543025
jaw,HR-3-15-26-(03).csv,/Users/yanivnaggar/Desktop/Spring 2026/IS/OPENBCI_runs/Yaniv/HR-3-15-26-(03).csv,2026-03-15,3,test,REPEATED,19,71,8,repeated_peaks,ONSET,55189,55231,221.4768524169922,221.64540100097656,0.1725616455078125,55253.0,0.8030751581084737,0.5940618500748549
jaw,HR-3-15-26-(03).csv,/Users/yanivnaggar/Desktop/Spring 2026/IS/OPENBCI_runs/Yaniv/HR-3-15-26-(03).csv,2026-03-15,3,test,REPEATED,19,71,8,repeated_peaks,ACTIVE,55232,55276,221.6494140625,221.82598876953125,0.1805877685546875,55253.0,0.8030751581084737,0.5940618500748549
jaw,HR-3-15-26-(03).csv,/Users/yanivnaggar/Desktop/Spring 2026/IS/OPENBCI_runs/Yaniv/HR-3-15-26-(03).csv,2026-03-15,3,test,REPEATED,19,71,8,repeated_peaks,OFFSET,55277,55319,221.8300018310547,221.99855041503906,0.1725616455078125,55253.0,0.8030751581084737,0.5940618500748549
jaw,HR-3-15-26-(03).csv,/Users/yanivnaggar/Desktop/Spring 2026/IS/OPENBCI_runs/Yaniv/HR-3-15-26-(03).csv,2026-03-15,3,test,REPEATED,19,72,9,repeated_peaks,ONSET,55334,55378,222.05874633789062,222.23532104492188,0.1805877685546875,55393.0,0.6734299973005239,0.37510860632048076
jaw,HR-3-15-26-(03).csv,/Users/yanivnaggar/Desktop/Spring 2026/IS/OPENBCI_runs/Yaniv/HR-3-15-26-(03).csv,2026-03-15,3,test,REPEATED,19,72,9,repeated_peaks,ACTIVE,55379,55425,222.2393341064453,222.42393493652344,0.1886138916015625,55393.0,0.6734299973005239,0.37510860632048076
jaw,HR-3-15-26-(03).csv,/Users/yanivnaggar/Desktop/Spring 2026/IS/OPENBCI_runs/Yaniv/HR-3-15-26-(03).csv,2026-03-15,3,test,REPEATED,19,72,9,repeated_peaks,OFFSET,55426,55470,222.42794799804688,222.60452270507812,0.1805877685546875,55393.0,0.6734299973005239,0.37510860632048076
jaw,HR-3-15-26-(03).csv,/Users/yanivnaggar/Desktop/Spring 2026/IS/OPENBCI_runs/Yaniv/HR-3-15-26-(03).csv,2026-03-15,3,test,REPEATED,19,73,10,repeated_peaks,ONSET,55472,55513,222.612548828125,222.77708435058594,0.168548583984375,55550.0,0.6954583945465328,0.43268687727908123
jaw,HR-3-15-26-(03).csv,/Users/yanivnaggar/Desktop/Spring 2026/IS/OPENBCI_runs/Yaniv/HR-3-15-26-(03).csv,2026-03-15,3,test,REPEATED,19,73,10,repeated_peaks,ACTIVE,55514,55556,222.78109741210938,222.94964599609375,0.1725616455078125,55550.0,0.6954583945465328,0.43268687727908123
jaw,HR-3-15-26-(03).csv,/Users/yanivnaggar/Desktop/Spring 2026/IS/OPENBCI_runs/Yaniv/HR-3-15-26-(03).csv,2026-03-15,3,test,REPEATED,19,73,10,repeated_peaks,OFFSET,55557,55598,222.9536590576172,223.11819458007812,0.168548583984375,55550.0,0.6954583945465328,0.43268687727908123
jaw,HR-3-15-26-(03).csv,/Users/yanivnaggar/Desktop/Spring 2026/IS/OPENBCI_runs/Yaniv/HR-3-15-26-(03).csv,2026-03-15,3,test,REPEATED,19,74,11,repeated_peaks,ONSET,55662,55698,223.37503051757812,223.51950073242188,0.1484832763671875,55720.0,0.8339792736913592,0.6052260082104732
jaw,HR-3-15-26-(03).csv,/Users/yanivnaggar/Desktop/Spring 2026/IS/OPENBCI_runs/Yaniv/HR-3-15-26-(03).csv,2026-03-15,3,test,REPEATED,19,74,11,repeated_peaks,ACTIVE,55699,55736,223.5235137939453,223.6719970703125,0.152496337890625,55720.0,0.8339792736913592,0.6052260082104732
jaw,HR-3-15-26-(03).csv,/Users/yanivnaggar/Desktop/Spring 2026/IS/OPENBCI_runs/Yaniv/HR-3-15-26-(03).csv,2026-03-15,3,test,REPEATED,19,74,11,repeated_peaks,OFFSET,55737,55773,223.67601013183594,223.8204803466797,0.1484832763671875,55720.0,0.8339792736913592,0.6052260082104732
jaw,HR-3-15-26-(03).csv,/Users/yanivnaggar/Desktop/Spring 2026/IS/OPENBCI_runs/Yaniv/HR-3-15-26-(03).csv,2026-03-15,3,test,REPEATED,19,75,12,repeated_peaks,ONSET,55809,55844,223.96495056152344,224.10540771484375,0.14447021484375,55865.0,0.7576417679953897,0.5103351093005029
jaw,HR-3-15-26-(03).csv,/Users/yanivnaggar/Desktop/Spring 2026/IS/OPENBCI_runs/Yaniv/HR-3-15-26-(03).csv,2026-03-15,3,test,REPEATED,19,75,12,repeated_peaks,ACTIVE,55845,55882,224.1094207763672,224.25790405273438,0.152496337890625,55865.0,0.7576417679953897,0.5103351093005029
jaw,HR-3-15-26-(03).csv,/Users/yanivnaggar/Desktop/Spring 2026/IS/OPENBCI_runs/Yaniv/HR-3-15-26-(03).csv,2026-03-15,3,test,REPEATED,19,75,12,repeated_peaks,OFFSET,55883,55918,224.2619171142578,224.40237426757812,0.14447021484375,55865.0,0.7576417679953897,0.5103351093005029
jaw,HR-3-15-26-(03).csv,/Users/yanivnaggar/Desktop/Spring 2026/IS/OPENBCI_runs/Yaniv/HR-3-15-26-(03).csv,2026-03-15,3,test,HOLD,21,76,0,hold_marker_edges,ONSET,59951,60000,240.58705139160156,240.78369140625,0.200653076171875,,,
jaw,HR-3-15-26-(03).csv,/Users/yanivnaggar/Desktop/Spring 2026/IS/OPENBCI_runs/Yaniv/HR-3-15-26-(03).csv,2026-03-15,3,test,HOLD,21,76,0,hold_marker_edges,ACTIVE,60001,62044,240.78770446777344,248.98638916015625,8.20269775390625,,,
jaw,HR-3-15-26-(03).csv,/Users/yanivnaggar/Desktop/Spring 2026/IS/OPENBCI_runs/Yaniv/HR-3-15-26-(03).csv,2026-03-15,3,test,HOLD,21,76,0,hold_marker_edges,OFFSET,62045,62094,248.9904022216797,249.18704223632812,0.200653076171875,,,
jaw,HR-3-15-26-(03).csv,/Users/yanivnaggar/Desktop/Spring 2026/IS/OPENBCI_runs/Yaniv/HR-3-15-26-(03).csv,2026-03-15,3,test,REPEATED,23,77,0,repeated_peaks,ONSET,63563,63612,255.0822296142578,255.27886962890625,0.200653076171875,63658.0,1.72644260831011,1.4940383648488953
jaw,HR-3-15-26-(03).csv,/Users/yanivnaggar/Desktop/Spring 2026/IS/OPENBCI_runs/Yaniv/HR-3-15-26-(03).csv,2026-03-15,3,test,REPEATED,23,77,0,repeated_peaks,ACTIVE,63613,63677,255.2828826904297,255.5397186279297,0.2608489990234375,63658.0,1.72644260831011,1.4940383648488953
jaw,HR-3-15-26-(03).csv,/Users/yanivnaggar/Desktop/Spring 2026/IS/OPENBCI_runs/Yaniv/HR-3-15-26-(03).csv,2026-03-15,3,test,REPEATED,23,77,0,repeated_peaks,OFFSET,63678,63727,255.54373168945312,255.74037170410156,0.200653076171875,63658.0,1.72644260831011,1.4940383648488953
jaw,HR-3-15-26-(03).csv,/Users/yanivnaggar/Desktop/Spring 2026/IS/OPENBCI_runs/Yaniv/HR-3-15-26-(03).csv,2026-03-15,3,test,REPEATED,23,78,1,repeated_peaks,ONSET,63813,63862,256.0854949951172,256.2821350097656,0.200653076171875,63902.0,2.0820605677071007,1.89867994889108
jaw,HR-3-15-26-(03).csv,/Users/yanivnaggar/Desktop/Spring 2026/IS/OPENBCI_runs/Yaniv/HR-3-15-26-(03).csv,2026-03-15,3,test,REPEATED,23,78,1,repeated_peaks,ACTIVE,63863,63939,256.28614807128906,256.5911407470703,0.3090057373046875,63902.0,2.0820605677071007,1.89867994889108
jaw,HR-3-15-26-(03).csv,/Users/yanivnaggar/Desktop/Spring 2026/IS/OPENBCI_runs/Yaniv/HR-3-15-26-(03).csv,2026-03-15,3,test,REPEATED,23,78,1,repeated_peaks,OFFSET,63940,63989,256.59515380859375,256.7917938232422,0.200653076171875,63902.0,2.0820605677071007,1.89867994889108
jaw,HR-3-15-26-(03).csv,/Users/yanivnaggar/Desktop/Spring 2026/IS/OPENBCI_runs/Yaniv/HR-3-15-26-(03).csv,2026-03-15,3,test,REPEATED,23,79,2,repeated_peaks,ONSET,64059,64108,257.0727081298828,257.26934814453125,0.200653076171875,64123.0,1.7765202218163236,1.5927578245435796
jaw,HR-3-15-26-(03).csv,/Users/yanivnaggar/Desktop/Spring 2026/IS/OPENBCI_runs/Yaniv/HR-3-15-26-(03).csv,2026-03-15,3,test,REPEATED,23,79,2,repeated_peaks,ACTIVE,64109,64175,257.2733612060547,257.53822326660156,0.2688751220703125,64123.0,1.7765202218163236,1.5927578245435796
jaw,HR-3-15-26-(03).csv,/Users/yanivnaggar/Desktop/Spring 2026/IS/OPENBCI_runs/Yaniv/HR-3-15-26-(03).csv,2026-03-15,3,test,REPEATED,23,79,2,repeated_peaks,OFFSET,64176,64225,257.542236328125,257.73887634277344,0.200653076171875,64123.0,1.7765202218163236,1.5927578245435796
jaw,HR-3-15-26-(03).csv,/Users/yanivnaggar/Desktop/Spring 2026/IS/OPENBCI_runs/Yaniv/HR-3-15-26-(03).csv,2026-03-15,3,test,REPEATED,23,80,3,repeated_peaks,ONSET,64296,64345,258.0238037109375,258.22044372558594,0.200653076171875,64367.0,1.922230928004066,1.7321174071410965
jaw,HR-3-15-26-(03).csv,/Users/yanivnaggar/Desktop/Spring 2026/IS/OPENBCI_runs/Yaniv/HR-3-15-26-(03).csv,2026-03-15,3,test,REPEATED,23,80,3,repeated_peaks,ACTIVE,64346,64429,258.2244567871094,258.5575408935547,0.33709716796875,64367.0,1.922230928004066,1.7321174071410965
jaw,HR-3-15-26-(03).csv,/Users/yanivnaggar/Desktop/Spring 2026/IS/OPENBCI_runs/Yaniv/HR-3-15-26-(03).csv,2026-03-15,3,test,REPEATED,23,80,3,repeated_peaks,OFFSET,64430,64479,258.5615539550781,258.75819396972656,0.200653076171875,64367.0,1.922230928004066,1.7321174071410965
jaw,HR-3-15-26-(03).csv,/Users/yanivnaggar/Desktop/Spring 2026/IS/OPENBCI_runs/Yaniv/HR-3-15-26-(03).csv,2026-03-15,3,test,REPEATED,23,81,4,repeated_peaks,ONSET,64540,64589,259.00299072265625,259.1996307373047,0.200653076171875,64605.0,1.6863665883731296,1.475837989819268
jaw,HR-3-15-26-(03).csv,/Users/yanivnaggar/Desktop/Spring 2026/IS/OPENBCI_runs/Yaniv/HR-3-15-26-(03).csv,2026-03-15,3,test,REPEATED,23,81,4,repeated_peaks,ACTIVE,64590,64644,259.2036437988281,259.42034912109375,0.2207183837890625,64605.0,1.6863665883731296,1.475837989819268
jaw,HR-3-15-26-(03).csv,/Users/yanivnaggar/Desktop/Spring 2026/IS/OPENBCI_runs/Yaniv/HR-3-15-26-(03).csv,2026-03-15,3,test,REPEATED,23,81,4,repeated_peaks,OFFSET,64645,64694,259.4243621826172,259.6210021972656,0.200653076171875,64605.0,1.6863665883731296,1.475837989819268
jaw,HR-3-15-26-(03).csv,/Users/yanivnaggar/Desktop/Spring 2026/IS/OPENBCI_runs/Yaniv/HR-3-15-26-(03).csv,2026-03-15,3,test,REPEATED,23,82,5,repeated_peaks,ONSET,64778,64827,259.9580993652344,260.1547393798828,0.200653076171875,64872.0,1.1851656652352291,0.9124437075678027
jaw,HR-3-15-26-(03).csv,/Users/yanivnaggar/Desktop/Spring 2026/IS/OPENBCI_runs/Yaniv/HR-3-15-26-(03).csv,2026-03-15,3,test,REPEATED,23,82,5,repeated_peaks,ACTIVE,64828,64905,260.15875244140625,260.46775817871094,0.313018798828125,64872.0,1.1851656652352291,0.9124437075678027
jaw,HR-3-15-26-(03).csv,/Users/yanivnaggar/Desktop/Spring 2026/IS/OPENBCI_runs/Yaniv/HR-3-15-26-(03).csv,2026-03-15,3,test,REPEATED,23,82,5,repeated_peaks,OFFSET,64906,64955,260.4717712402344,260.6684112548828,0.200653076171875,64872.0,1.1851656652352291,0.9124437075678027
jaw,HR-3-15-26-(03).csv,/Users/yanivnaggar/Desktop/Spring 2026/IS/OPENBCI_runs/Yaniv/HR-3-15-26-(03).csv,2026-03-15,3,test,REPEATED,23,83,6,repeated_peaks,ONSET,64991,65040,260.81288146972656,261.009521484375,0.200653076171875,65072.0,1.3172183116906706,1.0995190683890101
jaw,HR-3-15-26-(03).csv,/Users/yanivnaggar/Desktop/Spring 2026/IS/OPENBCI_runs/Yaniv/HR-3-15-26-(03).csv,2026-03-15,3,test,REPEATED,23,83,6,repeated_peaks,ACTIVE,65041,65118,261.01353454589844,261.3225402832031,0.313018798828125,65072.0,1.3172183116906706,1.0995190683890101
jaw,HR-3-15-26-(03).csv,/Users/yanivnaggar/Desktop/Spring 2026/IS/OPENBCI_runs/Yaniv/HR-3-15-26-(03).csv,2026-03-15,3,test,REPEATED,23,83,6,repeated_peaks,OFFSET,65119,65168,261.32655334472656,261.523193359375,0.200653076171875,65072.0,1.3172183116906706,1.0995190683890101
jaw,HR-3-15-26-(03).csv,/Users/yanivnaggar/Desktop/Spring 2026/IS/OPENBCI_runs/Yaniv/HR-3-15-26-(03).csv,2026-03-15,3,test,REPEATED,23,84,7,repeated_peaks,ONSET,65220,65269,261.73187255859375,261.9285125732422,0.200653076171875,65309.0,1.6045899020079866,1.401008945870097
jaw,HR-3-15-26-(03).csv,/Users/yanivnaggar/Desktop/Spring 2026/IS/OPENBCI_runs/Yaniv/HR-3-15-26-(03).csv,2026-03-15,3,test,REPEATED,23,84,7,repeated_peaks,ACTIVE,65270,65348,261.9325256347656,262.24554443359375,0.3170318603515625,65309.0,1.6045899020079866,1.401008945870097
jaw,HR-3-15-26-(03).csv,/Users/yanivnaggar/Desktop/Spring 2026/IS/OPENBCI_runs/Yaniv/HR-3-15-26-(03).csv,2026-03-15,3,test,REPEATED,23,84,7,repeated_peaks,OFFSET,65349,65398,262.2495574951172,262.4461975097656,0.200653076171875,65309.0,1.6045899020079866,1.401008945870097
jaw,HR-3-15-26-(03).csv,/Users/yanivnaggar/Desktop/Spring 2026/IS/OPENBCI_runs/Yaniv/HR-3-15-26-(03).csv,2026-03-15,3,test,HOLD,25,85,0,hold_marker_edges,ONSET,69540,69589,279.06829833984375,279.2649383544922,0.200653076171875,,,
jaw,HR-3-15-26-(03).csv,/Users/yanivnaggar/Desktop/Spring 2026/IS/OPENBCI_runs/Yaniv/HR-3-15-26-(03).csv,2026-03-15,3,test,HOLD,25,85,0,hold_marker_edges,ACTIVE,69590,71528,279.2689514160156,287.0462646484375,7.7813262939453125,,,
jaw,HR-3-15-26-(03).csv,/Users/yanivnaggar/Desktop/Spring 2026/IS/OPENBCI_runs/Yaniv/HR-3-15-26-(03).csv,2026-03-15,3,test,HOLD,25,85,0,hold_marker_edges,OFFSET,71529,71578,287.05027770996094,287.2469177246094,0.200653076171875,,,
jaw,HR-3-15-26-(03).csv,/Users/yanivnaggar/Desktop/Spring 2026/IS/OPENBCI_runs/Yaniv/HR-3-15-26-(03).csv,2026-03-15,3,test,REPEATED,27,86,0,repeated_peaks,ONSET,72934,72980,292.6886291503906,292.87322998046875,0.1886138916015625,73001.0,1.4504947928480985,1.278482414669435
jaw,HR-3-15-26-(03).csv,/Users/yanivnaggar/Desktop/Spring 2026/IS/OPENBCI_runs/Yaniv/HR-3-15-26-(03).csv,2026-03-15,3,test,REPEATED,27,86,0,repeated_peaks,ACTIVE,72981,73027,292.8772430419922,293.0618438720703,0.1886138916015625,73001.0,1.4504947928480985,1.278482414669435
jaw,HR-3-15-26-(03).csv,/Users/yanivnaggar/Desktop/Spring 2026/IS/OPENBCI_runs/Yaniv/HR-3-15-26-(03).csv,2026-03-15,3,test,REPEATED,27,86,0,repeated_peaks,OFFSET,73028,73074,293.06585693359375,293.2504577636719,0.1886138916015625,73001.0,1.4504947928480985,1.278482414669435
jaw,HR-3-15-26-(03).csv,/Users/yanivnaggar/Desktop/Spring 2026/IS/OPENBCI_runs/Yaniv/HR-3-15-26-(03).csv,2026-03-15,3,test,REPEATED,27,87,1,repeated_peaks,ONSET,73143,73186,293.52735900878906,293.6999206542969,0.17657470703125,73205.0,1.4211421183399435,1.246775034195632
jaw,HR-3-15-26-(03).csv,/Users/yanivnaggar/Desktop/Spring 2026/IS/OPENBCI_runs/Yaniv/HR-3-15-26-(03).csv,2026-03-15,3,test,REPEATED,27,87,1,repeated_peaks,ACTIVE,73187,73231,293.7039337158203,293.88050842285156,0.1805877685546875,73205.0,1.4211421183399435,1.246775034195632
jaw,HR-3-15-26-(03).csv,/Users/yanivnaggar/Desktop/Spring 2026/IS/OPENBCI_runs/Yaniv/HR-3-15-26-(03).csv,2026-03-15,3,test,REPEATED,27,87,1,repeated_peaks,OFFSET,73232,73275,293.884521484375,294.0570831298828,0.17657470703125,73205.0,1.4211421183399435,1.246775034195632
jaw,HR-3-15-26-(03).csv,/Users/yanivnaggar/Desktop/Spring 2026/IS/OPENBCI_runs/Yaniv/HR-3-15-26-(03).csv,2026-03-15,3,test,REPEATED,27,88,2,repeated_peaks,ONSET,73346,73394,294.3420104980469,294.5346374511719,0.1966400146484375,73408.0,1.1946291814500332,1.005467460762988
jaw,HR-3-15-26-(03).csv,/Users/yanivnaggar/Desktop/Spring 2026/IS/OPENBCI_runs/Yaniv/HR-3-15-26-(03).csv,2026-03-15,3,test,REPEATED,27,88,2,repeated_peaks,ACTIVE,73395,73444,294.5386505126953,294.73529052734375,0.200653076171875,73408.0,1.1946291814500332,1.005467460762988
jaw,HR-3-15-26-(03).csv,/Users/yanivnaggar/Desktop/Spring 2026/IS/OPENBCI_runs/Yaniv/HR-3-15-26-(03).csv,2026-03-15,3,test,REPEATED,27,88,2,repeated_peaks,OFFSET,73445,73493,294.7393035888672,294.9319305419922,0.1966400146484375,73408.0,1.1946291814500332,1.005467460762988
jaw,HR-3-15-26-(03).csv,/Users/yanivnaggar/Desktop/Spring 2026/IS/OPENBCI_runs/Yaniv/HR-3-15-26-(03).csv,2026-03-15,3,test,REPEATED,27,89,3,repeated_peaks,ONSET,73554,73595,295.1767272949219,295.3412628173828,0.168548583984375,73614.0,1.1411520711998997,0.9454698957702107
jaw,HR-3-15-26-(03).csv,/Users/yanivnaggar/Desktop/Spring 2026/IS/OPENBCI_runs/Yaniv/HR-3-15-26-(03).csv,2026-03-15,3,test,REPEATED,27,89,3,repeated_peaks,ACTIVE,73596,73638,295.34527587890625,295.5138244628906,0.1725616455078125,73614.0,1.1411520711998997,0.9454698957702107
jaw,HR-3-15-26-(03).csv,/Users/yanivnaggar/Desktop/Spring 2026/IS/OPENBCI_runs/Yaniv/HR-3-15-26-(03).csv,2026-03-15,3,test,REPEATED,27,89,3,repeated_peaks,OFFSET,73639,73680,295.51783752441406,295.682373046875,0.168548583984375,73614.0,1.1411520711998997,0.9454698957702107
jaw,HR-3-15-26-(03).csv,/Users/yanivnaggar/Desktop/Spring 2026/IS/OPENBCI_runs/Yaniv/HR-3-15-26-(03).csv,2026-03-15,3,test,REPEATED,27,90,4,repeated_peaks,ONSET,73768,73811,296.0355224609375,296.2080841064453,0.17657470703125,73828.0,0.9791032722644877,0.7876270481649627
jaw,HR-3-15-26-(03).csv,/Users/yanivnaggar/Desktop/Spring 2026/IS/OPENBCI_runs/Yaniv/HR-3-15-26-(03).csv,2026-03-15,3,test,REPEATED,27,90,4,repeated_peaks,ACTIVE,73812,73856,296.21209716796875,296.388671875,0.1805877685546875,73828.0,0.9791032722644877,0.7876270481649627
jaw,HR-3-15-26-(03).csv,/Users/yanivnaggar/Desktop/Spring 2026/IS/OPENBCI_runs/Yaniv/HR-3-15-26-(03).csv,2026-03-15,3,test,REPEATED,27,90,4,repeated_peaks,OFFSET,73857,73900,296.39268493652344,296.56524658203125,0.17657470703125,73828.0,0.9791032722644877,0.7876270481649627
jaw,HR-3-15-26-(03).csv,/Users/yanivnaggar/Desktop/Spring 2026/IS/OPENBCI_runs/Yaniv/HR-3-15-26-(03).csv,2026-03-15,3,test,REPEATED,27,91,5,repeated_peaks,ONSET,73960,74007,296.8060302734375,296.99464416503906,0.192626953125,74042.0,0.9502627615251232,0.7418320434812976
jaw,HR-3-15-26-(03).csv,/Users/yanivnaggar/Desktop/Spring 2026/IS/OPENBCI_runs/Yaniv/HR-3-15-26-(03).csv,2026-03-15,3,test,REPEATED,27,91,5,repeated_peaks,ACTIVE,74008,74057,296.9986572265625,297.19529724121094,0.200653076171875,74042.0,0.9502627615251232,0.7418320434812976
jaw,HR-3-15-26-(03).csv,/Users/yanivnaggar/Desktop/Spring 2026/IS/OPENBCI_runs/Yaniv/HR-3-15-26-(03).csv,2026-03-15,3,test,REPEATED,27,91,5,repeated_peaks,OFFSET,74058,74105,297.1993103027344,297.38792419433594,0.192626953125,74042.0,0.9502627615251232,0.7418320434812976
jaw,HR-3-15-26-(03).csv,/Users/yanivnaggar/Desktop/Spring 2026/IS/OPENBCI_runs/Yaniv/HR-3-15-26-(03).csv,2026-03-15,3,test,REPEATED,27,92,6,repeated_peaks,ONSET,74172,74219,297.65679931640625,297.8454132080078,0.192626953125,74248.0,1.3089080145501975,1.1271494876133539
jaw,HR-3-15-26-(03).csv,/Users/yanivnaggar/Desktop/Spring 2026/IS/OPENBCI_runs/Yaniv/HR-3-15-26-(03).csv,2026-03-15,3,test,REPEATED,27,92,6,repeated_peaks,ACTIVE,74220,74268,297.84942626953125,298.04205322265625,0.1966400146484375,74248.0,1.3089080145501975,1.1271494876133539
jaw,HR-3-15-26-(03).csv,/Users/yanivnaggar/Desktop/Spring 2026/IS/OPENBCI_runs/Yaniv/HR-3-15-26-(03).csv,2026-03-15,3,test,REPEATED,27,92,6,repeated_peaks,OFFSET,74269,74316,298.0460662841797,298.23468017578125,0.192626953125,74248.0,1.3089080145501975,1.1271494876133539
jaw,HR-3-15-26-(03).csv,/Users/yanivnaggar/Desktop/Spring 2026/IS/OPENBCI_runs/Yaniv/HR-3-15-26-(03).csv,2026-03-15,3,test,REPEATED,27,93,7,repeated_peaks,ONSET,74380,74423,298.49151611328125,298.66407775878906,0.17657470703125,74447.0,1.1935529540009893,0.9948175989225849
jaw,HR-3-15-26-(03).csv,/Users/yanivnaggar/Desktop/Spring 2026/IS/OPENBCI_runs/Yaniv/HR-3-15-26-(03).csv,2026-03-15,3,test,REPEATED,27,93,7,repeated_peaks,ACTIVE,74424,74467,298.6680908203125,298.8406524658203,0.17657470703125,74447.0,1.1935529540009893,0.9948175989225849
jaw,HR-3-15-26-(03).csv,/Users/yanivnaggar/Desktop/Spring 2026/IS/OPENBCI_runs/Yaniv/HR-3-15-26-(03).csv,2026-03-15,3,test,REPEATED,27,93,7,repeated_peaks,OFFSET,74468,74511,298.84466552734375,299.01722717285156,0.17657470703125,74447.0,1.1935529540009893,0.9948175989225849
jaw,HR-3-15-26-(03).csv,/Users/yanivnaggar/Desktop/Spring 2026/IS/OPENBCI_runs/Yaniv/HR-3-15-26-(03).csv,2026-03-15,3,test,REPEATED,27,94,8,repeated_peaks,ONSET,74580,74622,299.29412841796875,299.4626770019531,0.1725616455078125,74647.0,1.1212638103979125,0.9193339560691816
jaw,HR-3-15-26-(03).csv,/Users/yanivnaggar/Desktop/Spring 2026/IS/OPENBCI_runs/Yaniv/HR-3-15-26-(03).csv,2026-03-15,3,test,REPEATED,27,94,8,repeated_peaks,ACTIVE,74623,74665,299.46669006347656,299.63523864746094,0.1725616455078125,74647.0,1.1212638103979125,0.9193339560691816
jaw,HR-3-15-26-(03).csv,/Users/yanivnaggar/Desktop/Spring 2026/IS/OPENBCI_runs/Yaniv/HR-3-15-26-(03).csv,2026-03-15,3,test,REPEATED,27,94,8,repeated_peaks,OFFSET,74666,74708,299.6392517089844,299.80780029296875,0.1725616455078125,74647.0,1.1212638103979125,0.9193339560691816
jaw,HR-3-15-26-(03).csv,/Users/yanivnaggar/Desktop/Spring 2026/IS/OPENBCI_runs/Yaniv/HR-3-15-26-(03).csv,2026-03-15,3,test,REPEATED,27,95,9,repeated_peaks,ONSET,74756,74777,300.00042724609375,300.08470153808594,0.088287353515625,74799.0,0.9255353338453007,0.3582145925321689
jaw,HR-3-15-26-(03).csv,/Users/yanivnaggar/Desktop/Spring 2026/IS/OPENBCI_runs/Yaniv/HR-3-15-26-(03).csv,2026-03-15,3,test,REPEATED,27,95,9,repeated_peaks,ACTIVE,74778,74814,300.0887145996094,300.2331848144531,0.1484832763671875,74799.0,0.9255353338453007,0.3582145925321689
jaw,HR-3-15-26-(03).csv,/Users/yanivnaggar/Desktop/Spring 2026/IS/OPENBCI_runs/Yaniv/HR-3-15-26-(03).csv,2026-03-15,3,test,REPEATED,27,95,9,repeated_peaks,OFFSET,74815,74836,300.23719787597656,300.32147216796875,0.088287353515625,74799.0,0.9255353338453007,0.3582145925321689
jaw,HR-3-15-26-(03).csv,/Users/yanivnaggar/Desktop/Spring 2026/IS/OPENBCI_runs/Yaniv/HR-3-15-26-(03).csv,2026-03-15,3,test,HOLD,29,96,0,hold_marker_edges,ONSET,78701,78750,315.8319549560547,316.0285949707031,0.200653076171875,,,
jaw,HR-3-15-26-(03).csv,/Users/yanivnaggar/Desktop/Spring 2026/IS/OPENBCI_runs/Yaniv/HR-3-15-26-(03).csv,2026-03-15,3,test,HOLD,29,96,0,hold_marker_edges,ACTIVE,78751,80718,316.03260803222656,323.9263000488281,7.897705078125,,,
jaw,HR-3-15-26-(03).csv,/Users/yanivnaggar/Desktop/Spring 2026/IS/OPENBCI_runs/Yaniv/HR-3-15-26-(03).csv,2026-03-15,3,test,HOLD,29,96,0,hold_marker_edges,OFFSET,80719,80768,323.93031311035156,324.126953125,0.200653076171875,,,
jaw,HR-3-15-26-(03).csv,/Users/yanivnaggar/Desktop/Spring 2026/IS/OPENBCI_runs/Yaniv/HR-3-15-26-(03).csv,2026-03-15,3,test,REPEATED,31,97,0,repeated_peaks,ONSET,82117,82155,329.5405731201172,329.6930694580078,0.1565093994140625,82172.0,1.0596678067550962,0.8491357432823445
jaw,HR-3-15-26-(03).csv,/Users/yanivnaggar/Desktop/Spring 2026/IS/OPENBCI_runs/Yaniv/HR-3-15-26-(03).csv,2026-03-15,3,test,REPEATED,31,97,0,repeated_peaks,ACTIVE,82156,82194,329.69708251953125,329.8495788574219,0.1565093994140625,82172.0,1.0596678067550962,0.8491357432823445
jaw,HR-3-15-26-(03).csv,/Users/yanivnaggar/Desktop/Spring 2026/IS/OPENBCI_runs/Yaniv/HR-3-15-26-(03).csv,2026-03-15,3,test,REPEATED,31,97,0,repeated_peaks,OFFSET,82195,82233,329.8535919189453,330.00608825683594,0.1565093994140625,82172.0,1.0596678067550962,0.8491357432823445
jaw,HR-3-15-26-(03).csv,/Users/yanivnaggar/Desktop/Spring 2026/IS/OPENBCI_runs/Yaniv/HR-3-15-26-(03).csv,2026-03-15,3,test,REPEATED,31,98,1,repeated_peaks,ONSET,82276,82312,330.17864990234375,330.3231201171875,0.1484832763671875,82328.0,0.8579834651052901,0.6403545798591146
jaw,HR-3-15-26-(03).csv,/Users/yanivnaggar/Desktop/Spring 2026/IS/OPENBCI_runs/Yaniv/HR-3-15-26-(03).csv,2026-03-15,3,test,REPEATED,31,98,1,repeated_peaks,ACTIVE,82313,82350,330.32713317871094,330.4756164550781,0.152496337890625,82328.0,0.8579834651052901,0.6403545798591146
jaw,HR-3-15-26-(03).csv,/Users/yanivnaggar/Desktop/Spring 2026/IS/OPENBCI_runs/Yaniv/HR-3-15-26-(03).csv,2026-03-15,3,test,REPEATED,31,98,1,repeated_peaks,OFFSET,82351,82387,330.47962951660156,330.6240997314453,0.1484832763671875,82328.0,0.8579834651052901,0.6403545798591146
jaw,HR-3-15-26-(03).csv,/Users/yanivnaggar/Desktop/Spring 2026/IS/OPENBCI_runs/Yaniv/HR-3-15-26-(03).csv,2026-03-15,3,test,REPEATED,31,99,2,repeated_peaks,ONSET,82425,82462,330.77659606933594,330.9250793457031,0.152496337890625,82484.0,0.8518590800235605,0.623785781706256
jaw,HR-3-15-26-(03).csv,/Users/yanivnaggar/Desktop/Spring 2026/IS/OPENBCI_runs/Yaniv/HR-3-15-26-(03).csv,2026-03-15,3,test,REPEATED,31,99,2,repeated_peaks,ACTIVE,82463,82501,330.92909240722656,331.0815887451172,0.1565093994140625,82484.0,0.8518590800235605,0.623785781706256
jaw,HR-3-15-26-(03).csv,/Users/yanivnaggar/Desktop/Spring 2026/IS/OPENBCI_runs/Yaniv/HR-3-15-26-(03).csv,2026-03-15,3,test,REPEATED,31,99,2,repeated_peaks,OFFSET,82502,82539,331.0856018066406,331.2340850830078,0.152496337890625,82484.0,0.8518590800235605,0.623785781706256
jaw,HR-3-15-26-(03).csv,/Users/yanivnaggar/Desktop/Spring 2026/IS/OPENBCI_runs/Yaniv/HR-3-15-26-(03).csv,2026-03-15,3,test,REPEATED,31,100,3,repeated_peaks,ONSET,82590,82626,331.4387512207031,331.5832214355469,0.1484832763671875,82649.0,0.8736107372598334,0.6557087457763904
jaw,HR-3-15-26-(03).csv,/Users/yanivnaggar/Desktop/Spring 2026/IS/OPENBCI_runs/Yaniv/HR-3-15-26-(03).csv,2026-03-15,3,test,REPEATED,31,100,3,repeated_peaks,ACTIVE,82627,82665,331.5872344970703,331.73973083496094,0.1565093994140625,82649.0,0.8736107372598334,0.6557087457763904
jaw,HR-3-15-26-(03).csv,/Users/yanivnaggar/Desktop/Spring 2026/IS/OPENBCI_runs/Yaniv/HR-3-15-26-(03).csv,2026-03-15,3,test,REPEATED,31,100,3,repeated_peaks,OFFSET,82666,82702,331.7437438964844,331.8882141113281,0.1484832763671875,82649.0,0.8736107372598334,0.6557087457763904
jaw,HR-3-15-26-(03).csv,/Users/yanivnaggar/Desktop/Spring 2026/IS/OPENBCI_runs/Yaniv/HR-3-15-26-(03).csv,2026-03-15,3,test,REPEATED,31,101,4,repeated_peaks,ONSET,82744,82786,332.0567626953125,332.2253112792969,0.1725616455078125,82805.0,1.0849356515334756,0.9060100894157752
jaw,HR-3-15-26-(03).csv,/Users/yanivnaggar/Desktop/Spring 2026/IS/OPENBCI_runs/Yaniv/HR-3-15-26-(03).csv,2026-03-15,3,test,REPEATED,31,101,4,repeated_peaks,ACTIVE,82787,82829,332.2293243408203,332.3978729248047,0.1725616455078125,82805.0,1.0849356515334756,0.9060100894157752
jaw,HR-3-15-26-(03).csv,/Users/yanivnaggar/Desktop/Spring 2026/IS/OPENBCI_runs/Yaniv/HR-3-15-26-(03).csv,2026-03-15,3,test,REPEATED,31,101,4,repeated_peaks,OFFSET,82830,82872,332.4018859863281,332.5704345703125,0.1725616455078125,82805.0,1.0849356515334756,0.9060100894157752
jaw,HR-3-15-26-(03).csv,/Users/yanivnaggar/Desktop/Spring 2026/IS/OPENBCI_runs/Yaniv/HR-3-15-26-(03).csv,2026-03-15,3,test,REPEATED,31,102,5,repeated_peaks,ONSET,82881,82923,332.60655212402344,332.7751007080078,0.1725616455078125,82955.0,0.8562659936314155,0.5943689820693744
jaw,HR-3-15-26-(03).csv,/Users/yanivnaggar/Desktop/Spring 2026/IS/OPENBCI_runs/Yaniv/HR-3-15-26-(03).csv,2026-03-15,3,test,REPEATED,31,102,5,repeated_peaks,ACTIVE,82924,82967,332.77911376953125,332.95167541503906,0.17657470703125,82955.0,0.8562659936314155,0.5943689820693744
jaw,HR-3-15-26-(03).csv,/Users/yanivnaggar/Desktop/Spring 2026/IS/OPENBCI_runs/Yaniv/HR-3-15-26-(03).csv,2026-03-15,3,test,REPEATED,31,102,5,repeated_peaks,OFFSET,82968,83010,332.9556884765625,333.1242370605469,0.1725616455078125,82955.0,0.8562659936314155,0.5943689820693744
jaw,HR-3-15-26-(03).csv,/Users/yanivnaggar/Desktop/Spring 2026/IS/OPENBCI_runs/Yaniv/HR-3-15-26-(03).csv,2026-03-15,3,test,REPEATED,31,103,6,repeated_peaks,ONSET,83056,83093,333.308837890625,333.4573211669922,0.152496337890625,83113.0,0.8539650784809559,0.6582738711401876
jaw,HR-3-15-26-(03).csv,/Users/yanivnaggar/Desktop/Spring 2026/IS/OPENBCI_runs/Yaniv/HR-3-15-26-(03).csv,2026-03-15,3,test,REPEATED,31,103,6,repeated_peaks,ACTIVE,83094,83131,333.4613342285156,333.6098175048828,0.152496337890625,83113.0,0.8539650784809559,0.6582738711401876
jaw,HR-3-15-26-(03).csv,/Users/yanivnaggar/Desktop/Spring 2026/IS/OPENBCI_runs/Yaniv/HR-3-15-26-(03).csv,2026-03-15,3,test,REPEATED,31,103,6,repeated_peaks,OFFSET,83132,83169,333.61383056640625,333.76231384277344,0.152496337890625,83113.0,0.8539650784809559,0.6582738711401876
jaw,HR-3-15-26-(03).csv,/Users/yanivnaggar/Desktop/Spring 2026/IS/OPENBCI_runs/Yaniv/HR-3-15-26-(03).csv,2026-03-15,3,test,REPEATED,31,104,7,repeated_peaks,ONSET,83218,83247,333.9589538574219,334.07533264160156,0.120391845703125,83267.0,0.7275225587064663,0.5256374207897353
jaw,HR-3-15-26-(03).csv,/Users/yanivnaggar/Desktop/Spring 2026/IS/OPENBCI_runs/Yaniv/HR-3-15-26-(03).csv,2026-03-15,3,test,REPEATED,31,104,7,repeated_peaks,ACTIVE,83248,83284,334.079345703125,334.22381591796875,0.1484832763671875,83267.0,0.7275225587064663,0.5256374207897353
jaw,HR-3-15-26-(03).csv,/Users/yanivnaggar/Desktop/Spring 2026/IS/OPENBCI_runs/Yaniv/HR-3-15-26-(03).csv,2026-03-15,3,test,REPEATED,31,104,7,repeated_peaks,OFFSET,83285,83314,334.2278289794922,334.3442077636719,0.120391845703125,83267.0,0.7275225587064663,0.5256374207897353
jaw,HR-3-15-26-(03).csv,/Users/yanivnaggar/Desktop/Spring 2026/IS/OPENBCI_runs/Yaniv/HR-3-15-26-(03).csv,2026-03-15,3,test,REPEATED,31,105,8,repeated_peaks,ONSET,83372,83407,334.57696533203125,334.71742248535156,0.14447021484375,83425.0,0.7104253612946428,0.504230770570427
jaw,HR-3-15-26-(03).csv,/Users/yanivnaggar/Desktop/Spring 2026/IS/OPENBCI_runs/Yaniv/HR-3-15-26-(03).csv,2026-03-15,3,test,REPEATED,31,105,8,repeated_peaks,ACTIVE,83408,83445,334.721435546875,334.8699188232422,0.152496337890625,83425.0,0.7104253612946428,0.504230770570427
jaw,HR-3-15-26-(03).csv,/Users/yanivnaggar/Desktop/Spring 2026/IS/OPENBCI_runs/Yaniv/HR-3-15-26-(03).csv,2026-03-15,3,test,REPEATED,31,105,8,repeated_peaks,OFFSET,83446,83481,334.8739318847656,335.01438903808594,0.14447021484375,83425.0,0.7104253612946428,0.504230770570427
jaw,HR-3-15-26-(03).csv,/Users/yanivnaggar/Desktop/Spring 2026/IS/OPENBCI_runs/Yaniv/HR-3-15-26-(03).csv,2026-03-15,3,test,REPEATED,31,106,9,repeated_peaks,ONSET,83542,83579,335.2591857910156,335.4076690673828,0.152496337890625,83602.0,0.9477768234525331,0.7544871998213841
jaw,HR-3-15-26-(03).csv,/Users/yanivnaggar/Desktop/Spring 2026/IS/OPENBCI_runs/Yaniv/HR-3-15-26-(03).csv,2026-03-15,3,test,REPEATED,31,106,9,repeated_peaks,ACTIVE,83580,83617,335.41168212890625,335.56016540527344,0.152496337890625,83602.0,0.9477768234525331,0.7544871998213841
jaw,HR-3-15-26-(03).csv,/Users/yanivnaggar/Desktop/Spring 2026/IS/OPENBCI_runs/Yaniv/HR-3-15-26-(03).csv,2026-03-15,3,test,REPEATED,31,106,9,repeated_peaks,OFFSET,83618,83655,335.5641784667969,335.71266174316406,0.152496337890625,83602.0,0.9477768234525331,0.7544871998213841
jaw,HR-3-15-26-(03).csv,/Users/yanivnaggar/Desktop/Spring 2026/IS/OPENBCI_runs/Yaniv/HR-3-15-26-(03).csv,2026-03-15,3,test,REPEATED,31,107,10,repeated_peaks,ONSET,83702,83735,335.9012756347656,336.03370666503906,0.136444091796875,83754.0,0.858627344353486,0.6590715809193078
jaw,HR-3-15-26-(03).csv,/Users/yanivnaggar/Desktop/Spring 2026/IS/OPENBCI_runs/Yaniv/HR-3-15-26-(03).csv,2026-03-15,3,test,REPEATED,31,107,10,repeated_peaks,ACTIVE,83736,83772,336.0377197265625,336.18218994140625,0.1484832763671875,83754.0,0.858627344353486,0.6590715809193078
jaw,HR-3-15-26-(03).csv,/Users/yanivnaggar/Desktop/Spring 2026/IS/OPENBCI_runs/Yaniv/HR-3-15-26-(03).csv,2026-03-15,3,test,REPEATED,31,107,10,repeated_peaks,OFFSET,83773,83807,336.1862030029297,336.32264709472656,0.1404571533203125,83754.0,0.858627344353486,0.6590715809193078
jaw,HR-3-15-26-(03).csv,/Users/yanivnaggar/Desktop/Spring 2026/IS/OPENBCI_runs/Yaniv/HR-3-15-26-(03).csv,2026-03-15,3,test,REPEATED,31,108,11,repeated_peaks,ONSET,83852,83901,336.50323486328125,336.6998748779297,0.200653076171875,83910.0,0.7937912077190125,0.467610211752188
jaw,HR-3-15-26-(03).csv,/Users/yanivnaggar/Desktop/Spring 2026/IS/OPENBCI_runs/Yaniv/HR-3-15-26-(03).csv,2026-03-15,3,test,REPEATED,31,108,11,repeated_peaks,ACTIVE,83902,84000,336.7038879394531,337.09716796875,0.3972930908203125,83910.0,0.7937912077190125,0.467610211752188
jaw,HR-3-15-26-(03).csv,/Users/yanivnaggar/Desktop/Spring 2026/IS/OPENBCI_runs/Yaniv/HR-3-15-26-(03).csv,2026-03-15,3,test,REPEATED,31,108,11,repeated_peaks,OFFSET,84001,84050,337.10118103027344,337.2978210449219,0.200653076171875,83910.0,0.7937912077190125,0.467610211752188
jaw,HR-3-15-26-(03).csv,/Users/yanivnaggar/Desktop/Spring 2026/IS/OPENBCI_runs/Yaniv/HR-3-15-26-(03).csv,2026-03-15,3,test,HOLD,33,109,0,hold_marker_edges,ONSET,87820,87869,352.42706298828125,352.6237030029297,0.200653076171875,,,
jaw,HR-3-15-26-(03).csv,/Users/yanivnaggar/Desktop/Spring 2026/IS/OPENBCI_runs/Yaniv/HR-3-15-26-(03).csv,2026-03-15,3,test,HOLD,33,109,0,hold_marker_edges,ACTIVE,87870,89036,352.6277160644531,357.30694580078125,4.6832427978515625,,,
jaw,HR-3-15-26-(03).csv,/Users/yanivnaggar/Desktop/Spring 2026/IS/OPENBCI_runs/Yaniv/HR-3-15-26-(03).csv,2026-03-15,3,test,HOLD,33,109,0,hold_marker_edges,OFFSET,89037,89086,357.3109588623047,357.5075988769531,0.200653076171875,,,
jaw,HR-3-15-26-(03).csv,/Users/yanivnaggar/Desktop/Spring 2026/IS/OPENBCI_runs/Yaniv/HR-3-15-26-(03).csv,2026-03-15,3,test,HOLD,35,110,0,hold_marker_edges,ONSET,97617,97666,391.74302673339844,391.9396667480469,0.200653076171875,,,
jaw,HR-3-15-26-(03).csv,/Users/yanivnaggar/Desktop/Spring 2026/IS/OPENBCI_runs/Yaniv/HR-3-15-26-(03).csv,2026-03-15,3,test,HOLD,35,110,0,hold_marker_edges,ACTIVE,97667,99747,391.9436798095703,400.2908477783203,8.351181030273438,,,
jaw,HR-3-15-26-(03).csv,/Users/yanivnaggar/Desktop/Spring 2026/IS/OPENBCI_runs/Yaniv/HR-3-15-26-(03).csv,2026-03-15,3,test,HOLD,35,110,0,hold_marker_edges,OFFSET,99748,99797,400.29486083984375,400.4915008544922,0.200653076171875,,,
jaw,HR-3-15-26-(03).csv,/Users/yanivnaggar/Desktop/Spring 2026/IS/OPENBCI_runs/Yaniv/HR-3-15-26-(03).csv,2026-03-15,3,test,REPEATED,37,111,0,repeated_peaks,ONSET,101149,101185,405.9171600341797,406.06163024902344,0.1484832763671875,101203.0,0.8237869121101644,0.6391769561767751
jaw,HR-3-15-26-(03).csv,/Users/yanivnaggar/Desktop/Spring 2026/IS/OPENBCI_runs/Yaniv/HR-3-15-26-(03).csv,2026-03-15,3,test,REPEATED,37,111,0,repeated_peaks,ACTIVE,101186,101222,406.0656433105469,406.2101135253906,0.1484832763671875,101203.0,0.8237869121101644,0.6391769561767751
jaw,HR-3-15-26-(03).csv,/Users/yanivnaggar/Desktop/Spring 2026/IS/OPENBCI_runs/Yaniv/HR-3-15-26-(03).csv,2026-03-15,3,test,REPEATED,37,111,0,repeated_peaks,OFFSET,101223,101259,406.21412658691406,406.3585968017578,0.1484832763671875,101203.0,0.8237869121101644,0.6391769561767751
jaw,HR-3-15-26-(03).csv,/Users/yanivnaggar/Desktop/Spring 2026/IS/OPENBCI_runs/Yaniv/HR-3-15-26-(03).csv,2026-03-15,3,test,REPEATED,37,112,1,repeated_peaks,ONSET,101317,101343,406.5913543701172,406.69569396972656,0.1083526611328125,101359.0,0.7851577393602972,0.5896734845006096
jaw,HR-3-15-26-(03).csv,/Users/yanivnaggar/Desktop/Spring 2026/IS/OPENBCI_runs/Yaniv/HR-3-15-26-(03).csv,2026-03-15,3,test,REPEATED,37,112,1,repeated_peaks,ACTIVE,101344,101380,406.69970703125,406.84417724609375,0.1484832763671875,101359.0,0.7851577393602972,0.5896734845006096
jaw,HR-3-15-26-(03).csv,/Users/yanivnaggar/Desktop/Spring 2026/IS/OPENBCI_runs/Yaniv/HR-3-15-26-(03).csv,2026-03-15,3,test,REPEATED,37,112,1,repeated_peaks,OFFSET,101381,101408,406.8481903076172,406.95654296875,0.11236572265625,101359.0,0.7851577393602972,0.5896734845006096
jaw,HR-3-15-26-(03).csv,/Users/yanivnaggar/Desktop/Spring 2026/IS/OPENBCI_runs/Yaniv/HR-3-15-26-(03).csv,2026-03-15,3,test,REPEATED,37,113,2,repeated_peaks,ONSET,101469,101499,407.2013397216797,407.3217315673828,0.1244049072265625,101517.0,0.8450419514780872,0.6539753222910607
jaw,HR-3-15-26-(03).csv,/Users/yanivnaggar/Desktop/Spring 2026/IS/OPENBCI_runs/Yaniv/HR-3-15-26-(03).csv,2026-03-15,3,test,REPEATED,37,113,2,repeated_peaks,ACTIVE,101500,101536,407.32574462890625,407.47021484375,0.1484832763671875,101517.0,0.8450419514780872,0.6539753222910607
jaw,HR-3-15-26-(03).csv,/Users/yanivnaggar/Desktop/Spring 2026/IS/OPENBCI_runs/Yaniv/HR-3-15-26-(03).csv,2026-03-15,3,test,REPEATED,37,113,2,repeated_peaks,OFFSET,101537,101567,407.47422790527344,407.59461975097656,0.1244049072265625,101517.0,0.8450419514780872,0.6539753222910607
jaw,HR-3-15-26-(03).csv,/Users/yanivnaggar/Desktop/Spring 2026/IS/OPENBCI_runs/Yaniv/HR-3-15-26-(03).csv,2026-03-15,3,test,REPEATED,37,114,3,repeated_peaks,ONSET,101619,101658,407.8032989501953,407.9598083496094,0.1605224609375,101674.0,1.038711594137782,0.8426407426241875
jaw,HR-3-15-26-(03).csv,/Users/yanivnaggar/Desktop/Spring 2026/IS/OPENBCI_runs/Yaniv/HR-3-15-26-(03).csv,2026-03-15,3,test,REPEATED,37,114,3,repeated_peaks,ACTIVE,101659,101700,407.9638214111328,408.12835693359375,0.168548583984375,101674.0,1.038711594137782,0.8426407426241875
jaw,HR-3-15-26-(03).csv,/Users/yanivnaggar/Desktop/Spring 2026/IS/OPENBCI_runs/Yaniv/HR-3-15-26-(03).csv,2026-03-15,3,test,REPEATED,37,114,3,repeated_peaks,OFFSET,101701,101740,408.1323699951172,408.28887939453125,0.1605224609375,101674.0,1.038711594137782,0.8426407426241875
jaw,HR-3-15-26-(03).csv,/Users/yanivnaggar/Desktop/Spring 2026/IS/OPENBCI_runs/Yaniv/HR-3-15-26-(03).csv,2026-03-15,3,test,REPEATED,37,115,4,repeated_peaks,ONSET,101749,101793,408.3249969482422,408.50157165527344,0.1805877685546875,101822.0,0.9546723832836124,0.6796685236715467
jaw,HR-3-15-26-(03).csv,/Users/yanivnaggar/Desktop/Spring 2026/IS/OPENBCI_runs/Yaniv/HR-3-15-26-(03).csv,2026-03-15,3,test,REPEATED,37,115,4,repeated_peaks,ACTIVE,101794,101838,408.5055847167969,408.6821594238281,0.1805877685546875,101822.0,0.9546723832836124,0.6796685236715467
jaw,HR-3-15-26-(03).csv,/Users/yanivnaggar/Desktop/Spring 2026/IS/OPENBCI_runs/Yaniv/HR-3-15-26-(03).csv,2026-03-15,3,test,REPEATED,37,115,4,repeated_peaks,OFFSET,101839,101883,408.68617248535156,408.8627471923828,0.1805877685546875,101822.0,0.9546723832836124,0.6796685236715467
jaw,HR-3-15-26-(03).csv,/Users/yanivnaggar/Desktop/Spring 2026/IS/OPENBCI_runs/Yaniv/HR-3-15-26-(03).csv,2026-03-15,3,test,REPEATED,37,116,5,repeated_peaks,ONSET,101909,101948,408.9670867919922,409.12359619140625,0.1605224609375,101970.0,1.0250116713017297,0.8043128172518025
jaw,HR-3-15-26-(03).csv,/Users/yanivnaggar/Desktop/Spring 2026/IS/OPENBCI_runs/Yaniv/HR-3-15-26-(03).csv,2026-03-15,3,test,REPEATED,37,116,5,repeated_peaks,ACTIVE,101949,101989,409.1276092529297,409.2881317138672,0.1645355224609375,101970.0,1.0250116713017297,0.8043128172518025
jaw,HR-3-15-26-(03).csv,/Users/yanivnaggar/Desktop/Spring 2026/IS/OPENBCI_runs/Yaniv/HR-3-15-26-(03).csv,2026-03-15,3,test,REPEATED,37,116,5,repeated_peaks,OFFSET,101990,102029,409.2921447753906,409.4486541748047,0.1605224609375,101970.0,1.0250116713017297,0.8043128172518025
jaw,HR-3-15-26-(03).csv,/Users/yanivnaggar/Desktop/Spring 2026/IS/OPENBCI_runs/Yaniv/HR-3-15-26-(03).csv,2026-03-15,3,test,REPEATED,37,117,6,repeated_peaks,ONSET,102062,102098,409.5810852050781,409.7255554199219,0.1484832763671875,102115.0,0.7398191990525367,0.5256053129240184
jaw,HR-3-15-26-(03).csv,/Users/yanivnaggar/Desktop/Spring 2026/IS/OPENBCI_runs/Yaniv/HR-3-15-26-(03).csv,2026-03-15,3,test,REPEATED,37,117,6,repeated_peaks,ACTIVE,102099,102135,409.7295684814453,409.87403869628906,0.1484832763671875,102115.0,0.7398191990525367,0.5256053129240184
jaw,HR-3-15-26-(03).csv,/Users/yanivnaggar/Desktop/Spring 2026/IS/OPENBCI_runs/Yaniv/HR-3-15-26-(03).csv,2026-03-15,3,test,REPEATED,37,117,6,repeated_peaks,OFFSET,102136,102172,409.8780517578125,410.02252197265625,0.1484832763671875,102115.0,0.7398191990525367,0.5256053129240184
jaw,HR-3-15-26-(03).csv,/Users/yanivnaggar/Desktop/Spring 2026/IS/OPENBCI_runs/Yaniv/HR-3-15-26-(03).csv,2026-03-15,3,test,REPEATED,37,118,7,repeated_peaks,ONSET,102220,102255,410.21514892578125,410.35560607910156,0.14447021484375,102274.0,0.8539216984470386,0.6470021497266893
jaw,HR-3-15-26-(03).csv,/Users/yanivnaggar/Desktop/Spring 2026/IS/OPENBCI_runs/Yaniv/HR-3-15-26-(03).csv,2026-03-15,3,test,REPEATED,37,118,7,repeated_peaks,ACTIVE,102256,102292,410.359619140625,410.50408935546875,0.1484832763671875,102274.0,0.8539216984470386,0.6470021497266893
jaw,HR-3-15-26-(03).csv,/Users/yanivnaggar/Desktop/Spring 2026/IS/OPENBCI_runs/Yaniv/HR-3-15-26-(03).csv,2026-03-15,3,test,REPEATED,37,118,7,repeated_peaks,OFFSET,102293,102328,410.5081024169922,410.6485595703125,0.14447021484375,102274.0,0.8539216984470386,0.6470021497266893
jaw,HR-3-15-26-(03).csv,/Users/yanivnaggar/Desktop/Spring 2026/IS/OPENBCI_runs/Yaniv/HR-3-15-26-(03).csv,2026-03-15,3,test,REPEATED,37,119,8,repeated_peaks,ONSET,102371,102404,410.8211212158203,410.95355224609375,0.136444091796875,102428.0,0.8656327591024454,0.6470038376566103
jaw,HR-3-15-26-(03).csv,/Users/yanivnaggar/Desktop/Spring 2026/IS/OPENBCI_runs/Yaniv/HR-3-15-26-(03).csv,2026-03-15,3,test,REPEATED,37,119,8,repeated_peaks,ACTIVE,102405,102441,410.9575653076172,411.10203552246094,0.1484832763671875,102428.0,0.8656327591024454,0.6470038376566103
jaw,HR-3-15-26-(03).csv,/Users/yanivnaggar/Desktop/Spring 2026/IS/OPENBCI_runs/Yaniv/HR-3-15-26-(03).csv,2026-03-15,3,test,REPEATED,37,119,8,repeated_peaks,OFFSET,102442,102475,411.1060485839844,411.2384796142578,0.136444091796875,102428.0,0.8656327591024454,0.6470038376566103
jaw,HR-3-15-26-(03).csv,/Users/yanivnaggar/Desktop/Spring 2026/IS/OPENBCI_runs/Yaniv/HR-3-15-26-(03).csv,2026-03-15,3,test,REPEATED,37,120,9,repeated_peaks,ONSET,102518,102558,411.4110412597656,411.5715637207031,0.1645355224609375,102578.0,0.9081616599245783,0.6747730528862769
jaw,HR-3-15-26-(03).csv,/Users/yanivnaggar/Desktop/Spring 2026/IS/OPENBCI_runs/Yaniv/HR-3-15-26-(03).csv,2026-03-15,3,test,REPEATED,37,120,9,repeated_peaks,ACTIVE,102559,102600,411.57557678222656,411.7401123046875,0.168548583984375,102578.0,0.9081616599245783,0.6747730528862769
jaw,HR-3-15-26-(03).csv,/Users/yanivnaggar/Desktop/Spring 2026/IS/OPENBCI_runs/Yaniv/HR-3-15-26-(03).csv,2026-03-15,3,test,REPEATED,37,120,9,repeated_peaks,OFFSET,102601,102641,411.74412536621094,411.90464782714844,0.1645355224609375,102578.0,0.9081616599245783,0.6747730528862769
jaw,HR-3-15-26-(03).csv,/Users/yanivnaggar/Desktop/Spring 2026/IS/OPENBCI_runs/Yaniv/HR-3-15-26-(03).csv,2026-03-15,3,test,REPEATED,37,121,10,repeated_peaks,ONSET,102658,102700,411.9728698730469,412.14141845703125,0.1725616455078125,102729.0,0.8991559403361897,0.6387477746627745
jaw,HR-3-15-26-(03).csv,/Users/yanivnaggar/Desktop/Spring 2026/IS/OPENBCI_runs/Yaniv/HR-3-15-26-(03).csv,2026-03-15,3,test,REPEATED,37,121,10,repeated_peaks,ACTIVE,102701,102744,412.1454315185547,412.3179931640625,0.17657470703125,102729.0,0.8991559403361897,0.6387477746627745
jaw,HR-3-15-26-(03).csv,/Users/yanivnaggar/Desktop/Spring 2026/IS/OPENBCI_runs/Yaniv/HR-3-15-26-(03).csv,2026-03-15,3,test,REPEATED,37,121,10,repeated_peaks,OFFSET,102745,102787,412.32200622558594,412.4905548095703,0.1725616455078125,102729.0,0.8991559403361897,0.6387477746627745
jaw,HR-3-15-26-(03).csv,/Users/yanivnaggar/Desktop/Spring 2026/IS/OPENBCI_runs/Yaniv/HR-3-15-26-(03).csv,2026-03-15,3,test,REPEATED,37,122,11,repeated_peaks,ONSET,102824,102859,412.6390380859375,412.7794952392578,0.14447021484375,102877.0,0.816023167829991,0.5532733761823388
jaw,HR-3-15-26-(03).csv,/Users/yanivnaggar/Desktop/Spring 2026/IS/OPENBCI_runs/Yaniv/HR-3-15-26-(03).csv,2026-03-15,3,test,REPEATED,37,122,11,repeated_peaks,ACTIVE,102860,102896,412.78350830078125,412.927978515625,0.1484832763671875,102877.0,0.816023167829991,0.5532733761823388
jaw,HR-3-15-26-(03).csv,/Users/yanivnaggar/Desktop/Spring 2026/IS/OPENBCI_runs/Yaniv/HR-3-15-26-(03).csv,2026-03-15,3,test,REPEATED,37,122,11,repeated_peaks,OFFSET,102897,102932,412.93199157714844,413.07244873046875,0.14447021484375,102877.0,0.816023167829991,0.5532733761823388
jaw,HR-3-15-26-(03).csv,/Users/yanivnaggar/Desktop/Spring 2026/IS/OPENBCI_runs/Yaniv/HR-3-15-26-(03).csv,2026-03-15,3,test,REPEATED,37,123,12,repeated_peaks,ONSET,102953,102996,413.15672302246094,413.32928466796875,0.17657470703125,103028.0,0.9021911336378025,0.6639165614562017
jaw,HR-3-15-26-(03).csv,/Users/yanivnaggar/Desktop/Spring 2026/IS/OPENBCI_runs/Yaniv/HR-3-15-26-(03).csv,2026-03-15,3,test,REPEATED,37,123,12,repeated_peaks,ACTIVE,102997,103042,413.3332977294922,413.5138854980469,0.184600830078125,103028.0,0.9021911336378025,0.6639165614562017
jaw,HR-3-15-26-(03).csv,/Users/yanivnaggar/Desktop/Spring 2026/IS/OPENBCI_runs/Yaniv/HR-3-15-26-(03).csv,2026-03-15,3,test,REPEATED,37,123,12,repeated_peaks,OFFSET,103043,103086,413.5178985595703,413.6904602050781,0.17657470703125,103028.0,0.9021911336378025,0.6639165614562017
