filename,time_sec,height,velocity,click_emitted,clench_probability,onset_probability
HR-3-15-26-(03).csv,0.1003265380859375,0.4813789836480282,-0.18560409545898438,False,0.0002933444577011,0.0
HR-3-15-26-(03).csv,0.200653076171875,0.5781334860948846,0.9643959045410155,True,0.9996033502687284,2.881789602249842e-214
HR-3-15-26-(03).csv,0.3009796142578125,0.6562669721897691,0.7787918090820312,False,0.9964180391098598,2.066886497439955e-53
HR-3-15-26-(03).csv,0.40130615234375,0.715779441932682,0.5931877136230468,False,0.9427887580460284,8.133124870421691e-29
HR-3-15-26-(03).csv,0.5016326904296875,0.756670895323623,0.4075836181640624,False,0.7728873404605437,9.4112182064131e-16
HR-3-15-26-(03).csv,0.601959228515625,0.7789413323625922,0.22197952270507804,False,0.5830897862467247,6.1737854472592585e-09
HR-3-15-26-(03).csv,0.7022857666015625,0.7825907530495897,0.03637542724609366,False,0.4426264983783795,2.980750885462591e-05
HR-3-15-26-(03).csv,0.8026123046875,0.7676191573846154,-0.1492286682128907,False,0.3489126150492472,0.0028721055434066
HR-3-15-26-(03).csv,0.9029388427734376,0.7340265453676693,-0.3348327636718751,False,0.3252533534930862,0.0247544317977985
HR-3-15-26-(03).csv,1.003265380859375,0.6818129169987515,-0.5204368591308595,False,0.3575754251061805,0.0783304855531378
HR-3-15-26-(03).csv,1.1035919189453125,0.6109782722778618,-0.7060409545898438,False,0.3636008220166793,0.0894299316640034
HR-3-15-26-(03).csv,1.20391845703125,0.5215226112050004,-0.8916450500488282,False,0.3529312693526582,0.1185687899419113
HR-3-15-26-(03).csv,1.3042449951171875,0.41344593378016725,-1.0772491455078126,False,0.4050397987184501,0.1818342625530289
HR-3-15-26-(03).csv,1.404571533203125,0.2867482400033623,-1.262853240966797,False,0.3563734194909523,0.1357709410030015
HR-3-15-26-(03).csv,1.5048980712890625,0.14142952987458557,-1.4484573364257813,False,0.3626809450401463,0.10067120299191
HR-3-15-26-(03).csv,1.605224609375,0.05,0.0,False,0.3544217158034031,0.1191390848426389
HR-3-15-26-(03).csv,1.7055511474609375,0.05,0.0,False,0.3165891516412932,0.1401022462540967
HR-3-15-26-(03).csv,1.805877685546875,0.05,0.0,False,0.3179913609906549,0.1168138691048773
HR-3-15-26-(03).csv,1.9062042236328125,0.05,0.0,False,0.3118504941252573,0.0689316986984543
HR-3-15-26-(03).csv,2.00653076171875,0.05,0.0,False,0.3304981865366684,0.0852725726009696
HR-3-15-26-(03).csv,2.1068572998046875,0.05,0.0,False,0.3796529487532468,0.1351064178426997
HR-3-15-26-(03).csv,2.207183837890625,0.05,0.0,False,0.3246958756139269,0.0861745970242089
HR-3-15-26-(03).csv,2.3075103759765625,0.05,0.0,False,0.3116330340298572,0.0836376563665421
HR-3-15-26-(03).csv,2.4078369140625,0.05,0.0,False,0.3034874318881756,0.1121105252749569
HR-3-15-26-(03).csv,2.5081634521484375,0.05,0.0,False,0.300707516651736,0.115631755907117
HR-3-15-26-(03).csv,2.608489990234375,0.05,0.0,False,0.321312580404959,0.1386470536564275
HR-3-15-26-(03).csv,2.7088165283203125,0.05,0.0,False,0.340345670929126,0.1270011205082812
HR-3-15-26-(03).csv,2.80914306640625,0.05,0.0,False,0.3282021259591531,0.1010707741140488
HR-3-15-26-(03).csv,2.9094696044921875,0.05,0.0,False,0.3274552602703164,0.1022146728090032
HR-3-15-26-(03).csv,3.009796142578125,0.05,0.0,False,0.3228440938200024,0.1184909227625704
HR-3-15-26-(03).csv,3.1101226806640625,0.05,0.0,False,0.3615932163180735,0.1552086522133021
HR-3-15-26-(03).csv,3.21044921875,0.05,0.0,False,0.3235866348425112,0.1420066932852639
HR-3-15-26-(03).csv,3.3107757568359375,0.05,0.0,False,0.3521169517937629,0.1452840625106614
HR-3-15-26-(03).csv,3.411102294921875,0.05,0.0,False,0.3553506539117758,0.1594051815726681
HR-3-15-26-(03).csv,3.5114288330078125,0.05,0.0,False,0.3686218892032407,0.1807689285486163
HR-3-15-26-(03).csv,3.61175537109375,0.05,0.0,False,0.3543358880761476,0.1624004310667779
HR-3-15-26-(03).csv,3.712081909179687,0.05,0.0,False,0.3078137535772486,0.1262082046859402
HR-3-15-26-(03).csv,3.812408447265625,0.05,0.0,False,0.3372566909696696,0.1321594789366449
HR-3-15-26-(03).csv,3.9127349853515625,0.05,0.0,False,0.346470481877034,0.1704774743070038
HR-3-15-26-(03).csv,4.0130615234375,0.05,0.0,False,0.3675588682209878,0.2080135185900385
HR-3-15-26-(03).csv,4.1133880615234375,0.05,0.0,False,0.3535116873056746,0.1888612736041483
HR-3-15-26-(03).csv,4.213714599609375,0.05,0.0,False,0.3472756418007806,0.1624706955895732
HR-3-15-26-(03).csv,4.3140411376953125,0.05,0.0,False,0.3511448027069686,0.1430438292397397
HR-3-15-26-(03).csv,4.41436767578125,0.05,0.0,False,0.3387203739090356,0.1660810600378178
HR-3-15-26-(03).csv,4.5146942138671875,0.05,0.0,False,0.3644494222770716,0.1420678589094625
HR-3-15-26-(03).csv,4.615020751953125,0.05,0.0,False,0.3757091829006062,0.1365339554299963
HR-3-15-26-(03).csv,4.7153472900390625,0.05,0.0,False,0.3123732172559466,0.1356651727468652
HR-3-15-26-(03).csv,4.815673828125,0.05,0.0,False,0.3421046327610967,0.1615221790833038
HR-3-15-26-(03).csv,4.9160003662109375,0.05,0.0,False,0.3401916767489832,0.1812155634952118
HR-3-15-26-(03).csv,5.016326904296875,0.05,0.0,False,0.3381805135754844,0.1795962187161726
HR-3-15-26-(03).csv,5.1166534423828125,0.05,0.0,False,0.3244666010230206,0.1380863406480182
HR-3-15-26-(03).csv,5.21697998046875,0.05,0.0,False,0.3565356975590372,0.133756724629233
HR-3-15-26-(03).csv,5.3173065185546875,0.05,0.0,False,0.3367511042604916,0.1593071022469557
HR-3-15-26-(03).csv,5.417633056640625,0.05,0.0,False,0.346551364266649,0.1455954056704125
HR-3-15-26-(03).csv,5.5179595947265625,0.05,0.0,False,0.3079271440684068,0.144640892498378
HR-3-15-26-(03).csv,5.6182861328125,0.05,0.0,False,0.3421880116543926,0.1676736011591993
HR-3-15-26-(03).csv,5.7186126708984375,0.05,0.0,False,0.3393677505476415,0.1386191705945267
HR-3-15-26-(03).csv,5.818939208984375,0.05,0.0,False,0.3203473232468022,0.185588529048007
HR-3-15-26-(03).csv,5.9192657470703125,0.05,0.0,False,0.3228954824264362,0.1841104258212809
HR-3-15-26-(03).csv,6.01959228515625,0.05,0.0,False,0.3305857038102673,0.1618300336931708
HR-3-15-26-(03).csv,6.1199188232421875,0.05,0.0,False,0.3048725127923508,0.180904386279932
HR-3-15-26-(03).csv,6.220245361328125,0.05,0.0,False,0.2585841310746731,0.1406741715760707
HR-3-15-26-(03).csv,6.3205718994140625,0.05,0.0,False,0.256892931634516,0.0650536658091521
HR-3-15-26-(03).csv,6.4208984375,0.05,0.0,False,0.2932175644480578,0.0517942207051447
HR-3-15-26-(03).csv,6.5212249755859375,0.05,0.0,False,0.3690248201852105,0.0956516880128206
HR-3-15-26-(03).csv,6.621551513671875,0.05,0.0,False,0.3357543065450735,0.1381234885999764
HR-3-15-26-(03).csv,6.7218780517578125,0.05,0.0,False,0.3466548455798078,0.1631089284282166
HR-3-15-26-(03).csv,6.82220458984375,0.05,0.0,False,0.3523858491963002,0.1733629473788957
HR-3-15-26-(03).csv,6.9225311279296875,0.05,0.0,False,0.3160143668518967,0.1500400510259924
HR-3-15-26-(03).csv,7.022857666015625,0.05,0.0,False,0.3306910406594643,0.1700430219156618
HR-3-15-26-(03).csv,7.1231842041015625,0.05,0.0,False,0.3152251680178103,0.1320397467630829
HR-3-15-26-(03).csv,7.2235107421875,0.05,0.0,False,0.3137938508051276,0.0983899488055237
HR-3-15-26-(03).csv,7.323837280273437,0.05,0.0,False,0.3233716121813301,0.1159262422049384
HR-3-15-26-(03).csv,7.424163818359375,0.05,0.0,False,0.3329048276678368,0.1447589349098457
HR-3-15-26-(03).csv,7.524490356445312,0.05,0.0,False,0.3215967466522573,0.1255652181390606
HR-3-15-26-(03).csv,7.62481689453125,0.05,0.0,False,0.3442763828853866,0.1373019232881238
HR-3-15-26-(03).csv,7.7251434326171875,0.05,0.0,False,0.3299243936657422,0.1659793806628323
HR-3-15-26-(03).csv,7.825469970703125,0.05,0.0,False,0.3214086169408737,0.1430767054936007
HR-3-15-26-(03).csv,7.9257965087890625,0.05,0.0,False,0.3107632862898106,0.1195130505860469
HR-3-15-26-(03).csv,8.026123046875,0.05,0.0,False,0.3311046476323668,0.1162700478193265
HR-3-15-26-(03).csv,8.126449584960938,0.05,0.0,False,0.3122042233574831,0.0813850102455134
HR-3-15-26-(03).csv,8.226776123046875,0.05,0.0,False,0.3142102079930594,0.1216288546412794
HR-3-15-26-(03).csv,8.327102661132812,0.05,0.0,False,0.3010466439507571,0.1179999671578611
HR-3-15-26-(03).csv,8.42742919921875,0.05,0.0,False,0.3146664791159558,0.1092819909058014
HR-3-15-26-(03).csv,8.527755737304688,0.05,0.0,False,0.3059579694855738,0.0882180266276835
HR-3-15-26-(03).csv,8.628082275390625,0.05,0.0,False,0.3298417234180355,0.0909134691088992
HR-3-15-26-(03).csv,8.728408813476562,0.05,0.0,False,0.3318504250530888,0.1043328083481646
HR-3-15-26-(03).csv,8.8287353515625,0.05,0.0,False,0.3329754746114901,0.1287707725779597
HR-3-15-26-(03).csv,8.929061889648438,0.05,0.0,False,0.3474159423264477,0.1600611649369323
HR-3-15-26-(03).csv,9.029388427734377,0.05,0.0,False,0.3375452859742024,0.1166848591840325
HR-3-15-26-(03).csv,9.129714965820312,0.05,0.0,False,0.3043993543437143,0.0804332301331105
HR-3-15-26-(03).csv,9.23004150390625,0.05,0.0,False,0.296702283461013,0.0893456837843457
HR-3-15-26-(03).csv,9.330368041992188,0.05,0.0,False,0.3094146124896885,0.0887200824301563
HR-3-15-26-(03).csv,9.430694580078123,0.05,0.0,False,0.3062333854659298,0.1011408565032321
HR-3-15-26-(03).csv,9.531021118164062,0.05,0.0,False,0.2988157350902897,0.1186976102163581
HR-3-15-26-(03).csv,9.63134765625,0.05,0.0,False,0.3088442194801093,0.0946630551059126
HR-3-15-26-(03).csv,9.731674194335938,0.05,0.0,False,0.2898190254641279,0.0670903131384584
HR-3-15-26-(03).csv,9.832000732421877,0.05,0.0,False,0.3051204431393148,0.085898933577541
HR-3-15-26-(03).csv,9.932327270507812,0.05,0.0,False,0.3517272751524365,0.1170987093636454
HR-3-15-26-(03).csv,10.03265380859375,0.05,0.0,False,0.3344303594931377,0.1055681675839945
HR-3-15-26-(03).csv,10.132980346679688,0.05,0.0,False,0.313365503788265,0.0830007207153874
HR-3-15-26-(03).csv,10.233306884765623,0.05,0.0,False,0.3020393378503134,0.0776988499501362
HR-3-15-26-(03).csv,10.333633422851562,0.05,0.0,False,0.3232238084699906,0.1050828282176838
HR-3-15-26-(03).csv,10.4339599609375,0.05,0.0,False,0.3531346273901572,0.133971621353198
HR-3-15-26-(03).csv,10.534286499023438,0.05,0.0,False,0.3517705786416129,0.1163504290953083
HR-3-15-26-(03).csv,10.634613037109377,0.05,0.0,False,0.3062433596921936,0.0786212797923236
HR-3-15-26-(03).csv,10.734939575195312,0.05,0.0,False,0.3217260658820281,0.0928208194959031
HR-3-15-26-(03).csv,10.83526611328125,0.05,0.0,False,0.3064341320970123,0.1188825490384175
HR-3-15-26-(03).csv,10.935592651367188,0.05,0.0,False,0.3016836614780832,0.0985541672326921
HR-3-15-26-(03).csv,11.035919189453123,0.05,0.0,False,0.2943757668080842,0.1037189086163948
HR-3-15-26-(03).csv,11.136245727539062,0.05,0.0,False,0.2801340370453186,0.0994295590488395
HR-3-15-26-(03).csv,11.236572265625,0.05,0.0,False,0.2738984872872861,0.0894163047970776
HR-3-15-26-(03).csv,11.336898803710938,0.05,0.0,False,0.3257225356512144,0.1035405055284865
HR-3-15-26-(03).csv,11.437225341796877,0.05,0.0,False,0.3234728546694189,0.1197834128205107
HR-3-15-26-(03).csv,11.537551879882812,0.05,0.0,False,0.3215668822385182,0.1352856052612418
HR-3-15-26-(03).csv,11.63787841796875,0.05,0.0,False,0.3538821380761824,0.1482555258350293
HR-3-15-26-(03).csv,11.738204956054688,0.05,0.0,False,0.3146473901309845,0.1359343708772075
HR-3-15-26-(03).csv,11.838531494140623,0.05,0.0,False,0.2931896851820444,0.1103030307557036
HR-3-15-26-(03).csv,11.938858032226562,0.05,0.0,False,0.3126860793843813,0.103424170746059
HR-3-15-26-(03).csv,12.0391845703125,0.05,0.0,False,0.2871238936022872,0.0999064781389256
HR-3-15-26-(03).csv,12.139511108398438,0.05,0.0,False,0.3111635144494361,0.1320400470059346
HR-3-15-26-(03).csv,12.239837646484377,0.05,0.0,False,0.3376012500079227,0.1374281425264913
HR-3-15-26-(03).csv,12.340164184570312,0.05,0.0,False,0.331110586957124,0.0996131484569433
HR-3-15-26-(03).csv,12.44049072265625,0.05,0.0,False,0.3030329312057715,0.0848124696300248
HR-3-15-26-(03).csv,12.540817260742188,0.05,0.0,False,0.3296556001394249,0.1273653943334865
HR-3-15-26-(03).csv,12.641143798828123,0.05,0.0,False,0.3396066740323888,0.1296725046872743
HR-3-15-26-(03).csv,12.741470336914062,0.05,0.0,False,0.3290730835999251,0.1098317186903064
HR-3-15-26-(03).csv,12.841796875,0.05,0.0,False,0.3528607614449321,0.1461654667322625
HR-3-15-26-(03).csv,12.942123413085938,0.05,0.0,False,0.3252281249541665,0.1107232415997303
HR-3-15-26-(03).csv,13.042449951171877,0.05,0.0,False,0.3463094963136133,0.09886379130625
HR-3-15-26-(03).csv,13.142776489257812,0.05,0.0,False,0.3742308037862363,0.1257234307711345
HR-3-15-26-(03).csv,13.24310302734375,0.05,0.0,False,0.309683800090301,0.0796936309305667
HR-3-15-26-(03).csv,13.343429565429688,0.05,0.0,False,0.2595465152206139,0.0577016972837684
HR-3-15-26-(03).csv,13.443756103515623,0.05,0.0,False,0.2888935815548008,0.0918815791720485
HR-3-15-26-(03).csv,13.544082641601562,0.05,0.0,False,0.2777665896201948,0.0799271425495622
HR-3-15-26-(03).csv,13.6444091796875,0.05,0.0,False,0.2675735439799414,0.0485630653853253
HR-3-15-26-(03).csv,13.744735717773438,0.05,0.0,False,0.2929587843212319,0.0719708743022242
HR-3-15-26-(03).csv,13.845062255859377,0.05,0.0,False,0.3401329050934847,0.127027602507847
HR-3-15-26-(03).csv,13.945388793945312,0.05,0.0,False,0.3206142760085207,0.145566178101102
HR-3-15-26-(03).csv,14.04571533203125,0.05,0.0,False,0.3286406966795215,0.1514433247466602
HR-3-15-26-(03).csv,14.146041870117188,0.05,0.0,False,0.3337819429243163,0.1123668361040253
HR-3-15-26-(03).csv,14.246368408203123,0.05,0.0,False,0.2902368597499566,0.0836626023909773
HR-3-15-26-(03).csv,14.346694946289062,0.05,0.0,False,0.3374928248271673,0.1288243074786851
HR-3-15-26-(03).csv,14.447021484375,0.05,0.0,False,0.3171234208791986,0.1157355496773677
HR-3-15-26-(03).csv,14.547348022460938,0.05,0.0,False,0.3247150438070305,0.101021209313418
HR-3-15-26-(03).csv,14.647674560546877,0.05,0.0,False,0.3314187951886689,0.1011083067716624
HR-3-15-26-(03).csv,14.748001098632812,0.05,0.0,False,0.3088116565295177,0.1081624066278098
HR-3-15-26-(03).csv,14.84832763671875,0.05,0.0,False,0.3250014908415179,0.1285595660288243
HR-3-15-26-(03).csv,14.948654174804688,0.05,0.0,False,0.3377914442582516,0.142040497426286
HR-3-15-26-(03).csv,15.048980712890623,0.05,0.0,False,0.3248228123655197,0.1435015901842137
HR-3-15-26-(03).csv,15.149307250976562,0.05,0.0,False,0.3140437151542461,0.1230978086147287
HR-3-15-26-(03).csv,15.2496337890625,0.05,0.0,False,0.321468950378922,0.1196292153888524
HR-3-15-26-(03).csv,15.349960327148438,0.05,0.0,False,0.2914892767457745,0.107250352858868
HR-3-15-26-(03).csv,15.450286865234377,0.05,0.0,False,0.3017858586034109,0.1238310851070978
HR-3-15-26-(03).csv,15.550613403320312,0.05,0.0,False,0.2901568030279496,0.0837325145341546
HR-3-15-26-(03).csv,15.65093994140625,0.05,0.0,False,0.3011546200464837,0.0821574029360097
HR-3-15-26-(03).csv,15.751266479492188,0.05,0.0,False,0.2832513996808232,0.0654363770472843
HR-3-15-26-(03).csv,15.851593017578123,0.05,0.0,False,0.3629541216163645,0.1609584682798311
HR-3-15-26-(03).csv,15.951919555664062,0.05,0.0,False,0.3746641164191618,0.1588191822761614
HR-3-15-26-(03).csv,16.05224609375,0.05,0.0,False,0.3714141528850293,0.1373823230535273
HR-3-15-26-(03).csv,16.152572631835938,0.05,0.0,False,0.3674777266272708,0.1436801385166677
HR-3-15-26-(03).csv,16.252899169921875,0.05,0.0,False,0.3613333600501675,0.1611635473286818
HR-3-15-26-(03).csv,16.353225708007812,0.05,0.0,False,0.3461216066940472,0.1299253180307407
HR-3-15-26-(03).csv,16.45355224609375,0.05,0.0,False,0.3486010849040996,0.107035799760422
HR-3-15-26-(03).csv,16.553878784179688,0.05,0.0,False,0.3430262247249038,0.1215417811492611
HR-3-15-26-(03).csv,16.654205322265625,0.05,0.0,False,0.3361683375256161,0.1526335465230729
HR-3-15-26-(03).csv,16.754531860351562,0.05,0.0,False,0.3127890693873679,0.126229810264442
HR-3-15-26-(03).csv,16.8548583984375,0.05,0.0,False,0.3463692075024667,0.1869021945368272
HR-3-15-26-(03).csv,16.955184936523438,0.05,0.0,False,0.3294198323602771,0.2195559925602117
HR-3-15-26-(03).csv,17.055511474609375,0.05,0.0,False,0.3327511356892517,0.1534008628242324
HR-3-15-26-(03).csv,17.155838012695312,0.05,0.0,False,0.3325752728923113,0.1118045672718326
HR-3-15-26-(03).csv,17.25616455078125,0.05,0.0,False,0.3122181154285022,0.1033087787195481
HR-3-15-26-(03).csv,17.356491088867188,0.05,0.0,False,0.3381393821745314,0.1490248555788714
HR-3-15-26-(03).csv,17.456817626953125,0.05,0.0,False,0.3712183991114964,0.2432925153005322
HR-3-15-26-(03).csv,17.557144165039062,0.05,0.0,False,0.4967970020496624,0.2767095710420829
HR-3-15-26-(03).csv,17.657470703125,0.05,0.0,False,0.4193257321423796,0.1607708729421265
HR-3-15-26-(03).csv,17.757797241210938,0.05,0.0,False,0.3894435630408119,0.1415638346986077
HR-3-15-26-(03).csv,17.858123779296875,0.05,0.0,False,0.4115044834082014,0.1759228714015213
HR-3-15-26-(03).csv,17.958450317382812,0.05,0.0,False,0.414024348613265,0.1291035934065151
HR-3-15-26-(03).csv,18.05877685546875,0.05,0.0,False,0.3453536818755677,0.0963642228250575
HR-3-15-26-(03).csv,18.159103393554688,0.05,0.0,False,0.3383546367575073,0.1110376944768531
HR-3-15-26-(03).csv,18.259429931640625,0.05,0.0,False,0.3420064504192499,0.0806685526603655
HR-3-15-26-(03).csv,18.35975646972656,0.05,0.0,False,0.3026066809369496,0.06587753873008
HR-3-15-26-(03).csv,18.4600830078125,0.05,0.0,False,0.3154646163997994,0.083319508023694
HR-3-15-26-(03).csv,18.56040954589844,0.05,0.0,False,0.300173600944743,0.0683653713645134
HR-3-15-26-(03).csv,18.660736083984375,0.05,0.0,False,0.3354573187554321,0.0720037207754677
HR-3-15-26-(03).csv,18.761062622070312,0.05,0.0,False,0.3204621352820193,0.0583195726596272
HR-3-15-26-(03).csv,18.86138916015625,0.05,0.0,False,0.3225608709912128,0.0521745644772696
HR-3-15-26-(03).csv,18.961715698242188,0.05,0.0,False,0.2957059661586654,0.071617714714014
HR-3-15-26-(03).csv,19.062042236328125,0.05,0.0,False,0.299033504862922,0.1112509809436909
HR-3-15-26-(03).csv,19.162368774414062,0.05,0.0,False,0.2868174736189812,0.1133724273537633
HR-3-15-26-(03).csv,19.2626953125,0.05,0.0,False,0.2881178492146515,0.1172715579711577
HR-3-15-26-(03).csv,19.363021850585938,0.05,0.0,False,0.3435085880160784,0.1420698194260795
HR-3-15-26-(03).csv,19.463348388671875,0.05,0.0,False,0.3314297620206687,0.1422411049461617
HR-3-15-26-(03).csv,19.563674926757812,0.05,0.0,False,0.3232453178460306,0.1062586308172661
HR-3-15-26-(03).csv,19.66400146484375,0.05,0.0,False,0.3366760959316123,0.1159880281741999
HR-3-15-26-(03).csv,19.764328002929688,0.05,0.0,False,0.3411304418258054,0.1203669637919636
HR-3-15-26-(03).csv,19.864654541015625,0.05,0.0,False,0.3406058753277931,0.1560148276980555
HR-3-15-26-(03).csv,19.96498107910156,0.05,0.0,False,0.3481623279138303,0.1393305039127801
HR-3-15-26-(03).csv,20.0653076171875,0.05,0.0,False,0.3425087712574883,0.1397651832222757
HR-3-15-26-(03).csv,20.16563415527344,0.05,0.0,False,0.3564887680179824,0.1602672942595503
HR-3-15-26-(03).csv,20.265960693359375,0.05,0.0,False,0.3553514400759175,0.133687683248625
HR-3-15-26-(03).csv,20.366287231445312,0.05,0.0,False,0.3472534550195369,0.1498942521640474
HR-3-15-26-(03).csv,20.46661376953125,0.05,0.0,False,0.3440957555564506,0.195540390965092
HR-3-15-26-(03).csv,20.566940307617188,0.05,0.0,False,0.3453049630408589,0.201770148026307
HR-3-15-26-(03).csv,20.667266845703125,0.05,0.0,False,0.3922720888422514,0.2127329415244914
HR-3-15-26-(03).csv,20.767593383789062,0.05,0.0,False,0.398826688850451,0.1870051477098763
HR-3-15-26-(03).csv,20.867919921875,0.05,0.0,False,0.3630014008329936,0.1499625104037468
HR-3-15-26-(03).csv,20.968246459960938,0.05,0.0,False,0.3672574598186431,0.131766821154815
HR-3-15-26-(03).csv,21.068572998046875,0.05,0.0,False,0.3374465947968256,0.1706516758153751
HR-3-15-26-(03).csv,21.168899536132812,0.05,0.0,False,0.3534238667743404,0.1841100516458161
HR-3-15-26-(03).csv,21.26922607421875,0.05,0.0,False,0.3529509815668731,0.1602012318950236
HR-3-15-26-(03).csv,21.369552612304688,0.05,0.0,False,0.3977722877625204,0.2077417088701031
HR-3-15-26-(03).csv,21.469879150390625,0.05,0.0,False,0.4070417280453244,0.198504744337454
HR-3-15-26-(03).csv,21.57020568847656,0.05,0.0,False,0.3670457205684104,0.1302208844622996
HR-3-15-26-(03).csv,21.6705322265625,0.05,0.0,False,0.3537994701255192,0.1307705866632373
HR-3-15-26-(03).csv,21.77085876464844,0.05,0.0,False,0.3642294214631097,0.1594329690192594
HR-3-15-26-(03).csv,21.871185302734375,0.05,0.0,False,0.3606555533091409,0.1920480756523548
HR-3-15-26-(03).csv,21.971511840820312,0.05,0.0,False,0.3544783769210107,0.1658850079325152
HR-3-15-26-(03).csv,22.07183837890625,0.05,0.0,False,0.368697227450612,0.2076965664825413
HR-3-15-26-(03).csv,22.172164916992188,0.05,0.0,False,0.3284214331689166,0.1371709429715004
HR-3-15-26-(03).csv,22.272491455078125,0.05,0.0,False,0.3739253935137137,0.1582227028863582
HR-3-15-26-(03).csv,22.372817993164062,0.05,0.0,False,0.3091975458414904,0.1344445299364115
HR-3-15-26-(03).csv,22.47314453125,0.05,0.0,False,0.3311662929953981,0.1290331950535442
HR-3-15-26-(03).csv,22.573471069335938,0.05,0.0,False,0.3491749206345484,0.1832502244597208
HR-3-15-26-(03).csv,22.673797607421875,0.05,0.0,False,0.3372635846320234,0.1971453692724357
HR-3-15-26-(03).csv,22.774124145507812,0.05,0.0,False,0.3454177772950229,0.1721375194624523
HR-3-15-26-(03).csv,22.87445068359375,0.05,0.0,False,0.3314651091392764,0.1360051107040539
HR-3-15-26-(03).csv,22.974777221679688,0.05,0.0,False,0.3288307958942518,0.1362119265444298
HR-3-15-26-(03).csv,23.075103759765625,0.05,0.0,False,0.3317355557240258,0.1526026292009838
HR-3-15-26-(03).csv,23.17543029785156,0.05,0.0,False,0.3189394674722734,0.149499333315428
HR-3-15-26-(03).csv,23.2757568359375,0.05,0.0,False,0.364357449892706,0.1491687655363825
HR-3-15-26-(03).csv,23.37608337402344,0.05,0.0,False,0.3840865001859375,0.1733966510095674
HR-3-15-26-(03).csv,23.476409912109375,0.05,0.0,False,0.373563925194509,0.1535202556336304
HR-3-15-26-(03).csv,23.576736450195312,0.05,0.0,False,0.3256760201523502,0.1299234748619561
HR-3-15-26-(03).csv,23.67706298828125,0.05,0.0,False,0.3326104384974783,0.1799434654745383
HR-3-15-26-(03).csv,23.777389526367188,0.05,0.0,False,0.3315695748964731,0.1380609329746653
HR-3-15-26-(03).csv,23.877716064453125,0.05,0.0,False,0.3282592429516062,0.1192812538761257
HR-3-15-26-(03).csv,23.978042602539062,0.05,0.0,False,0.3145285753905086,0.1281276220921315
HR-3-15-26-(03).csv,24.078369140625,0.05,0.0,False,0.2990428395907931,0.1276859204998489
HR-3-15-26-(03).csv,24.178695678710938,0.05,0.0,False,0.3166187099718278,0.1477277320096401
HR-3-15-26-(03).csv,24.279022216796875,0.05,0.0,False,0.3200324303095742,0.1487340201282459
HR-3-15-26-(03).csv,24.379348754882812,0.05,0.0,False,0.3352514478148914,0.1384732410881556
HR-3-15-26-(03).csv,24.47967529296875,0.05,0.0,False,0.2963595670300534,0.1463958856871203
HR-3-15-26-(03).csv,24.580001831054688,0.05,0.0,False,0.3403692106393919,0.1811077022327406
HR-3-15-26-(03).csv,24.680328369140625,0.05,0.0,False,0.3548011874398392,0.1882113151768569
HR-3-15-26-(03).csv,24.78065490722656,0.05,0.0,False,0.3662021033285094,0.1678717090785758
HR-3-15-26-(03).csv,24.8809814453125,0.05,0.0,False,0.3578161564195012,0.1519766207987699
HR-3-15-26-(03).csv,24.98130798339844,0.05,0.0,False,0.3394800083832259,0.1680976928906501
HR-3-15-26-(03).csv,25.081634521484375,0.05,0.0,False,0.3434560650593745,0.1660468271753347
HR-3-15-26-(03).csv,25.181961059570312,0.05,0.0,False,0.3302423473669239,0.1709441232865727
HR-3-15-26-(03).csv,25.28228759765625,0.05,0.0,False,0.3277470224195943,0.1753933762071313
HR-3-15-26-(03).csv,25.382614135742188,0.05,0.0,False,0.3079809288573817,0.1140733936024095
HR-3-15-26-(03).csv,25.482940673828125,0.05,0.0,False,0.3318901716958226,0.1459226655884132
HR-3-15-26-(03).csv,25.583267211914062,0.05,0.0,False,0.3372747329284242,0.1997705858630508
HR-3-15-26-(03).csv,25.68359375,0.05,0.0,False,0.3224200320645519,0.1809548131657315
HR-3-15-26-(03).csv,25.783920288085938,0.05,0.0,False,0.3381874109875482,0.1859856269039459
HR-3-15-26-(03).csv,25.884246826171875,0.05,0.0,False,0.3564171626914895,0.155720909404656
HR-3-15-26-(03).csv,25.984573364257812,0.05,0.0,False,0.3277441552153181,0.1249991824699146
HR-3-15-26-(03).csv,26.08489990234375,0.05,0.0,False,0.3349705461766943,0.1341208783764582
HR-3-15-26-(03).csv,26.185226440429688,0.05,0.0,False,0.3213484009133085,0.1288476209584421
HR-3-15-26-(03).csv,26.285552978515625,0.05,0.0,False,0.3371150296829133,0.1566048037575632
HR-3-15-26-(03).csv,26.38587951660156,0.05,0.0,False,0.3560592634280228,0.1909067946720262
HR-3-15-26-(03).csv,26.4862060546875,0.05,0.0,False,0.3527725660090313,0.1835762145925377
HR-3-15-26-(03).csv,26.58653259277344,0.05,0.0,False,0.3417511413941366,0.166808137470071
HR-3-15-26-(03).csv,26.686859130859375,0.05,0.0,False,0.3009415130479123,0.1498724889347919
HR-3-15-26-(03).csv,26.787185668945312,0.05,0.0,False,0.3197918061826864,0.1379733018240393
HR-3-15-26-(03).csv,26.88751220703125,0.05,0.0,False,0.3328780867727754,0.1418006380830303
HR-3-15-26-(03).csv,26.987838745117188,0.05,0.0,False,0.319228985936801,0.131811930535152
HR-3-15-26-(03).csv,27.088165283203125,0.05,0.0,False,0.3603362400058328,0.1747220735846534
HR-3-15-26-(03).csv,27.188491821289062,0.05,0.0,False,0.3484795859563639,0.1872222827355525
HR-3-15-26-(03).csv,27.288818359375,0.05,0.0,False,0.3442065851382913,0.1732625156897369
HR-3-15-26-(03).csv,27.389144897460938,0.05,0.0,False,0.3436983148169527,0.171794936839599
HR-3-15-26-(03).csv,27.489471435546875,0.05,0.0,False,0.3449263360949692,0.1456578054671224
HR-3-15-26-(03).csv,27.589797973632812,0.05,0.0,False,0.3457003372780853,0.1717489924220749
HR-3-15-26-(03).csv,27.69012451171875,0.05,0.0,False,0.3322531555655619,0.1612797330174041
HR-3-15-26-(03).csv,27.790451049804688,0.05,0.0,False,0.3443340099969078,0.1477902048234382
HR-3-15-26-(03).csv,27.890777587890625,0.05,0.0,False,0.3707458740700469,0.1681927925703461
HR-3-15-26-(03).csv,27.99110412597656,0.05,0.0,False,0.3305179881646474,0.1551924857631135
HR-3-15-26-(03).csv,28.0914306640625,0.05,0.0,False,0.3461768133944307,0.1774479154644425
HR-3-15-26-(03).csv,28.19175720214844,0.05,0.0,False,0.3450171207722621,0.1745540789667251
HR-3-15-26-(03).csv,28.292083740234375,0.05,0.0,False,0.3296790562778294,0.1358243886985886
HR-3-15-26-(03).csv,28.392410278320312,0.05,0.0,False,0.3369272303688713,0.1662988667848461
HR-3-15-26-(03).csv,28.49273681640625,0.05,0.0,False,0.3249265807260191,0.154049727003123
HR-3-15-26-(03).csv,28.593063354492188,0.05,0.0,False,0.305125669342979,0.1302237438039864
HR-3-15-26-(03).csv,28.693389892578125,0.05,0.0,False,0.3043105215629444,0.1150781982695988
HR-3-15-26-(03).csv,28.793716430664062,0.05,0.0,False,0.3068247527389678,0.1131252478111412
HR-3-15-26-(03).csv,28.89404296875,0.05,0.0,False,0.3308528280554837,0.1309571468517893
HR-3-15-26-(03).csv,28.994369506835938,0.05,0.0,False,0.3233412690225505,0.1150515485949443
HR-3-15-26-(03).csv,29.094696044921875,0.05,0.0,False,0.3178063340011763,0.1214694514626403
HR-3-15-26-(03).csv,29.195022583007812,0.05,0.0,False,0.3341371924300094,0.1582740151948111
HR-3-15-26-(03).csv,29.29534912109375,0.05,0.0,False,0.3519823980010121,0.2053446241604107
HR-3-15-26-(03).csv,29.395675659179688,0.05,0.0,False,0.3404604405877682,0.1714992811410434
HR-3-15-26-(03).csv,29.496002197265625,0.05,0.0,False,0.3217532031201109,0.1416831455782785
HR-3-15-26-(03).csv,29.59632873535156,0.05,0.0,False,0.3457272831406861,0.1878683137487708
HR-3-15-26-(03).csv,29.6966552734375,0.05,0.0,False,0.3461482982069535,0.1689886878035785
HR-3-15-26-(03).csv,29.79698181152344,0.05,0.0,False,0.3471957585927256,0.1376768774463992
HR-3-15-26-(03).csv,29.897308349609375,0.05,0.0,False,0.3273476650206894,0.1079684252520542
HR-3-15-26-(03).csv,29.997634887695312,0.05,0.0,False,0.3451451852421611,0.1309314428578454
HR-3-15-26-(03).csv,30.09796142578125,0.05,0.0,False,0.371834804939875,0.1147292812731387
HR-3-15-26-(03).csv,30.198287963867188,0.05,0.0,False,0.3773189476311204,0.1102074094859795
HR-3-15-26-(03).csv,30.298614501953125,0.05,0.0,False,0.3524648810557581,0.0995295888121699
HR-3-15-26-(03).csv,30.398941040039062,0.05,0.0,False,0.35135369668058,0.123666819561597
HR-3-15-26-(03).csv,30.499267578125,0.05,0.0,False,0.3499192071069886,0.155278682187952
HR-3-15-26-(03).csv,30.599594116210938,0.05,0.0,False,0.3598599190960282,0.1735872006011772
HR-3-15-26-(03).csv,30.699920654296875,0.05,0.0,False,0.358263225325057,0.2090315497982961
HR-3-15-26-(03).csv,30.800247192382812,0.05,0.0,False,0.368982400746134,0.1586293709330956
HR-3-15-26-(03).csv,30.90057373046875,0.05,0.0,False,0.3614547531488989,0.1526939368507484
HR-3-15-26-(03).csv,31.000900268554688,0.05,0.0,False,0.3610096525020431,0.1505067903554574
HR-3-15-26-(03).csv,31.101226806640625,0.05,0.0,False,0.3294867072419659,0.0926172059518056
HR-3-15-26-(03).csv,31.20155334472656,0.05,0.0,False,0.3087569439590654,0.0953018952541588
HR-3-15-26-(03).csv,31.3018798828125,0.05,0.0,False,0.3303950233237696,0.1166805271199145
HR-3-15-26-(03).csv,31.40220642089844,0.05,0.0,False,0.3257546984337448,0.0917378114215612
HR-3-15-26-(03).csv,31.502532958984375,0.05,0.0,False,0.3586237123494582,0.145073527645244
HR-3-15-26-(03).csv,31.602859497070312,0.05,0.0,False,0.3362558917751178,0.1559359417410845
HR-3-15-26-(03).csv,31.70318603515625,0.05,0.0,False,0.3179745419159895,0.1299034818685431
HR-3-15-26-(03).csv,31.803512573242188,0.05,0.0,False,0.3011607010655004,0.1300469276850689
HR-3-15-26-(03).csv,31.903839111328125,0.05,0.0,False,0.3167427002196852,0.0908352832641817
HR-3-15-26-(03).csv,32.00416564941406,0.05,0.0,False,0.3302485051360329,0.1094993502055313
HR-3-15-26-(03).csv,32.1044921875,0.05,0.0,False,0.3230661296488818,0.1281883029927873
HR-3-15-26-(03).csv,32.20481872558594,0.05,0.0,False,0.3552130703492833,0.1374363531982883
HR-3-15-26-(03).csv,32.305145263671875,0.05,0.0,False,0.3235403575472165,0.0988717137021965
HR-3-15-26-(03).csv,32.40547180175781,0.05,0.0,False,0.3196519299447277,0.074400183315309
HR-3-15-26-(03).csv,32.50579833984375,0.05,0.0,False,0.3062348457535714,0.1093784452312221
HR-3-15-26-(03).csv,32.60612487792969,0.05,0.0,False,0.2995639410595803,0.1066205814922705
HR-3-15-26-(03).csv,32.706451416015625,0.05,0.0,False,0.2886745640111748,0.1095263823461224
HR-3-15-26-(03).csv,32.80677795410156,0.05,0.0,False,0.2848223400881111,0.1003421938181903
HR-3-15-26-(03).csv,32.9071044921875,0.05,0.0,False,0.3148095848138965,0.1056147244884395
HR-3-15-26-(03).csv,33.00743103027344,0.05,0.0,False,0.3521692550442564,0.1275184937693823
HR-3-15-26-(03).csv,33.107757568359375,0.05,0.0,False,0.3031126479892737,0.1177382369039603
HR-3-15-26-(03).csv,33.20808410644531,0.05,0.0,False,0.3397312822262182,0.1291829316803966
HR-3-15-26-(03).csv,33.30841064453125,0.05,0.0,False,0.3283245068171968,0.1136350242457812
HR-3-15-26-(03).csv,33.40873718261719,0.05,0.0,False,0.3615234521584889,0.1307564141426966
HR-3-15-26-(03).csv,33.509063720703125,0.05,0.0,False,0.35517327463747,0.1643103178236204
HR-3-15-26-(03).csv,33.60939025878906,0.05,0.0,False,0.344308107332781,0.1058129393391544
HR-3-15-26-(03).csv,33.709716796875,0.05,0.0,False,0.298031092693489,0.0797796101250738
HR-3-15-26-(03).csv,33.81004333496094,0.05,0.0,False,0.3131942300133328,0.1009151126569388
HR-3-15-26-(03).csv,33.910369873046875,0.05,0.0,False,0.3052608752096414,0.1138796067916759
HR-3-15-26-(03).csv,34.01069641113281,0.05,0.0,False,0.3221208955242927,0.1046131040141865
HR-3-15-26-(03).csv,34.11102294921875,0.05,0.0,False,0.2882491800892078,0.0836499981778678
HR-3-15-26-(03).csv,34.21134948730469,0.05,0.0,False,0.3198206955287503,0.1174291534319722
HR-3-15-26-(03).csv,34.311676025390625,0.05,0.0,False,0.3125905262015569,0.0942943385185874
HR-3-15-26-(03).csv,34.41200256347656,0.05,0.0,False,0.2886270823976455,0.0871114065630821
HR-3-15-26-(03).csv,34.5123291015625,0.05,0.0,False,0.2899070476274619,0.074318787946583
HR-3-15-26-(03).csv,34.61265563964844,0.05,0.0,False,0.3318995057987935,0.0991981152880621
HR-3-15-26-(03).csv,34.712982177734375,0.05,0.0,False,0.2853749659323443,0.0893964738631936
HR-3-15-26-(03).csv,34.81330871582031,0.05,0.0,False,0.3105129183831266,0.0952621594553727
HR-3-15-26-(03).csv,34.91363525390625,0.05,0.0,False,0.2810883356221717,0.0843267367277629
HR-3-15-26-(03).csv,35.01396179199219,0.05,0.0,False,0.3213608534996596,0.1116222615512964
HR-3-15-26-(03).csv,35.114288330078125,0.05,0.0,False,0.3347057612161268,0.1338092652947294
HR-3-15-26-(03).csv,35.21461486816406,0.05,0.0,False,0.3704048911509193,0.1504123313700229
HR-3-15-26-(03).csv,35.31494140625,0.05,0.0,False,0.3474136825554536,0.1256430281602047
HR-3-15-26-(03).csv,35.41526794433594,0.05,0.0,False,0.3402430549344267,0.1252457218521253
HR-3-15-26-(03).csv,35.515594482421875,0.05,0.0,False,0.3142737563398535,0.1226875643763779
HR-3-15-26-(03).csv,35.61592102050781,0.05,0.0,False,0.3250877330852397,0.1169155060994546
HR-3-15-26-(03).csv,35.71624755859375,0.05,0.0,False,0.3169169791621126,0.1139652989173288
HR-3-15-26-(03).csv,35.81657409667969,0.05,0.0,False,0.344928508288709,0.118760520488029
HR-3-15-26-(03).csv,35.916900634765625,0.05,0.0,False,0.3413070151031433,0.1209891059464417
HR-3-15-26-(03).csv,36.01722717285156,0.05,0.0,False,0.3250209700856817,0.127425233372632
HR-3-15-26-(03).csv,36.1175537109375,0.05,0.0,False,0.3199490104627789,0.114325188195075
HR-3-15-26-(03).csv,36.21788024902344,0.05,0.0,False,0.2994212465198379,0.0901375374621535
HR-3-15-26-(03).csv,36.318206787109375,0.05,0.0,False,0.2886114796336418,0.1035689814215683
HR-3-15-26-(03).csv,36.41853332519531,0.05,0.0,False,0.2797085780253477,0.0895923655567733
HR-3-15-26-(03).csv,36.51885986328125,0.05,0.0,False,0.288477137703401,0.0979190897840257
HR-3-15-26-(03).csv,36.61918640136719,0.05,0.0,False,0.2851421363539764,0.1016748250367942
HR-3-15-26-(03).csv,36.719512939453125,0.05,0.0,False,0.2915843779381243,0.0828533967936284
HR-3-15-26-(03).csv,36.81983947753906,0.05,0.0,False,0.3189987658615243,0.1219523067652942
HR-3-15-26-(03).csv,36.920166015625,0.05,0.0,False,0.3416696480142518,0.14097210977402
HR-3-15-26-(03).csv,37.02049255371094,0.05,0.0,False,0.3689633272676876,0.156153850760321
HR-3-15-26-(03).csv,37.120819091796875,0.05,0.0,False,0.3562855178358992,0.1666790857851967
HR-3-15-26-(03).csv,37.22114562988281,0.05,0.0,False,0.3458950613036885,0.1362853640703857
HR-3-15-26-(03).csv,37.32147216796875,0.05,0.0,False,0.3099984314160831,0.0951736615620743
HR-3-15-26-(03).csv,37.42179870605469,0.05,0.0,False,0.3100338562728992,0.0871352007628822
HR-3-15-26-(03).csv,37.522125244140625,0.05,0.0,False,0.3061630164498445,0.1172985256564001
HR-3-15-26-(03).csv,37.62245178222656,0.05,0.0,False,0.3085888781142897,0.0992504247104006
HR-3-15-26-(03).csv,37.7227783203125,0.05,0.0,False,0.311843060469231,0.0721898797981193
HR-3-15-26-(03).csv,37.82310485839844,0.05,0.0,False,0.3305432431855931,0.0844586202604497
HR-3-15-26-(03).csv,37.923431396484375,0.05,0.0,False,0.3375571935277974,0.1264237217545803
HR-3-15-26-(03).csv,38.02375793457031,0.05,0.0,False,0.345396074252164,0.1568449306403136
HR-3-15-26-(03).csv,38.12408447265625,0.05,0.0,False,0.3277318388188774,0.1775374016652514
HR-3-15-26-(03).csv,38.22441101074219,0.05,0.0,False,0.3445597063875972,0.2061501809546616
HR-3-15-26-(03).csv,38.324737548828125,0.05,0.0,False,0.3609035366312246,0.194619083589687
HR-3-15-26-(03).csv,38.42506408691406,0.05,0.0,False,0.3572880187449732,0.1712230300108164
HR-3-15-26-(03).csv,38.525390625,0.05,0.0,False,0.3266407610024112,0.1172446749200553
HR-3-15-26-(03).csv,38.62571716308594,0.05,0.0,False,0.3637980252417772,0.1618364532315361
HR-3-15-26-(03).csv,38.726043701171875,0.05,0.0,False,0.3500172728551641,0.2093727991859978
HR-3-15-26-(03).csv,38.82637023925781,0.05,0.0,False,0.3388691882077776,0.1617940232587639
HR-3-15-26-(03).csv,38.92669677734375,0.05,0.0,False,0.3081251620011971,0.1109287852089347
HR-3-15-26-(03).csv,39.02702331542969,0.05,0.0,False,0.3144800780200864,0.1263512075194399
HR-3-15-26-(03).csv,39.127349853515625,0.05,0.0,False,0.2855854978474167,0.1345693709872761
HR-3-15-26-(03).csv,39.22767639160156,0.05,0.0,False,0.3608901269904414,0.1719222294309727
HR-3-15-26-(03).csv,39.3280029296875,0.05,0.0,False,0.3440410530257838,0.1961666735091057
HR-3-15-26-(03).csv,39.42832946777344,0.05,0.0,False,0.3425202613680397,0.1544572551562552
HR-3-15-26-(03).csv,39.528656005859375,0.05,0.0,False,0.3308959969720052,0.1343891339456167
HR-3-15-26-(03).csv,39.62898254394531,0.05,0.0,False,0.3106940009985651,0.1100888718707278
HR-3-15-26-(03).csv,39.72930908203125,0.05,0.0,False,0.3217093451843363,0.1163139797392265
HR-3-15-26-(03).csv,39.82963562011719,0.05,0.0,False,0.3257531286549265,0.1537978562980541
HR-3-15-26-(03).csv,39.929962158203125,0.05,0.0,False,0.3235209662395306,0.1640558840971508
HR-3-15-26-(03).csv,40.03028869628906,0.05,0.0,False,0.3305202228011591,0.1742302272959098
HR-3-15-26-(03).csv,40.130615234375,0.05,0.0,False,0.3333247105034497,0.1584223907092068
HR-3-15-26-(03).csv,40.23094177246094,0.05,0.0,False,0.3533056866368504,0.1314270739068566
HR-3-15-26-(03).csv,40.331268310546875,0.05,0.0,False,0.328780892871053,0.1351291655721095
HR-3-15-26-(03).csv,40.43159484863281,0.05,0.0,False,0.3196344871784972,0.1495997152394848
HR-3-15-26-(03).csv,40.53192138671875,0.05,0.0,False,0.3241571932931685,0.164742739221107
HR-3-15-26-(03).csv,40.63224792480469,0.05,0.0,False,0.3389585983425416,0.1930710413386887
HR-3-15-26-(03).csv,40.732574462890625,0.05,0.0,False,0.3652320069914542,0.2008667245434052
HR-3-15-26-(03).csv,40.83290100097656,0.05,0.0,False,0.341427337098269,0.1682637880088238
HR-3-15-26-(03).csv,40.9332275390625,0.05,0.0,False,0.3420281054802432,0.1588806911306013
HR-3-15-26-(03).csv,41.03355407714844,0.05,0.0,False,0.3379830366345049,0.1520695950610105
HR-3-15-26-(03).csv,41.133880615234375,0.05,0.0,False,0.3293617903738105,0.1691305306651472
HR-3-15-26-(03).csv,41.23420715332031,0.05,0.0,False,0.3086612639416106,0.1499344844083818
HR-3-15-26-(03).csv,41.33453369140625,0.05,0.0,False,0.3571706960876351,0.1725944247859194
HR-3-15-26-(03).csv,41.43486022949219,0.05,0.0,False,0.346203909899668,0.123808088515262
HR-3-15-26-(03).csv,41.535186767578125,0.05,0.0,False,0.3481254949558694,0.1289972918736372
HR-3-15-26-(03).csv,41.63551330566406,0.05,0.0,False,0.35255549446124,0.1722151885400742
HR-3-15-26-(03).csv,41.73583984375,0.05,0.0,False,0.344691817216351,0.2077090286781485
HR-3-15-26-(03).csv,41.83616638183594,0.05,0.0,False,0.3768163487578598,0.233388418991537
HR-3-15-26-(03).csv,41.936492919921875,0.05,0.0,False,0.357301752994166,0.163726234715593
HR-3-15-26-(03).csv,42.03681945800781,0.05,0.0,False,0.3766525712953107,0.1414651225166851
HR-3-15-26-(03).csv,42.13714599609375,0.05,0.0,False,0.3964745675572807,0.1732793740977947
HR-3-15-26-(03).csv,42.23747253417969,0.05,0.0,False,0.3581118171009226,0.1644603868440212
HR-3-15-26-(03).csv,42.337799072265625,0.05,0.0,False,0.3445829597187454,0.1833242170636984
HR-3-15-26-(03).csv,42.43812561035156,0.05,0.0,False,0.3389350049861915,0.1728564662450434
HR-3-15-26-(03).csv,42.5384521484375,0.05,0.0,False,0.3444792773630205,0.1823325534555434
HR-3-15-26-(03).csv,42.63877868652344,0.05,0.0,False,0.3385279773391556,0.1635120180242012
HR-3-15-26-(03).csv,42.739105224609375,0.05,0.0,False,0.323704430906772,0.1293480727041183
HR-3-15-26-(03).csv,42.83943176269531,0.05,0.0,False,0.3013952569048258,0.1232958765828192
HR-3-15-26-(03).csv,42.93975830078125,0.05,0.0,False,0.3292760291021287,0.1909627854837015
HR-3-15-26-(03).csv,43.04008483886719,0.05,0.0,False,0.3231085897462175,0.1955367110044936
HR-3-15-26-(03).csv,43.140411376953125,0.05,0.0,False,0.3415466843233248,0.1807955119180115
HR-3-15-26-(03).csv,43.24073791503906,0.05,0.0,False,0.3621719079931105,0.2129673893815772
HR-3-15-26-(03).csv,43.341064453125,0.05,0.0,False,0.3634203282153334,0.2132177111556694
HR-3-15-26-(03).csv,43.44139099121094,0.05,0.0,False,0.3654590219131323,0.1970522740952855
HR-3-15-26-(03).csv,43.541717529296875,0.05,0.0,False,0.3535144776490805,0.1708203440306935
HR-3-15-26-(03).csv,43.64204406738281,0.05,0.0,False,0.3530537383116516,0.1843442405271774
HR-3-15-26-(03).csv,43.74237060546875,0.05,0.0,False,0.3412159090575994,0.1875947173510592
HR-3-15-26-(03).csv,43.84269714355469,0.05,0.0,False,0.3259026675012301,0.1477472651666977
HR-3-15-26-(03).csv,43.943023681640625,0.05,0.0,False,0.3114987825793806,0.1494644444048723
HR-3-15-26-(03).csv,44.04335021972656,0.05,0.0,False,0.2927762489705422,0.1413601755507837
HR-3-15-26-(03).csv,44.1436767578125,0.05,0.0,False,0.3532334860037821,0.1732260086324999
HR-3-15-26-(03).csv,44.24400329589844,0.05,0.0,False,0.3665524331100669,0.1562618205179829
HR-3-15-26-(03).csv,44.344329833984375,0.05,0.0,False,0.3369647505706108,0.1563810322600894
HR-3-15-26-(03).csv,44.44465637207031,0.05,0.0,False,0.3888504896007435,0.1523817289354795
HR-3-15-26-(03).csv,44.54498291015625,0.05,0.0,False,0.3797156596920767,0.1230523901222527
HR-3-15-26-(03).csv,44.64530944824219,0.05,0.0,False,0.3681469005494555,0.1375016827952342
HR-3-15-26-(03).csv,44.745635986328125,0.05,0.0,False,0.3147927470433318,0.150515721302493
HR-3-15-26-(03).csv,44.84596252441406,0.05,0.0,False,0.3540474135041523,0.188340067822348
HR-3-15-26-(03).csv,44.9462890625,0.05,0.0,False,0.3348576301733321,0.1598812467872978
HR-3-15-26-(03).csv,45.04661560058594,0.05,0.0,False,0.3271292733658454,0.1645577241671315
HR-3-15-26-(03).csv,45.146942138671875,0.05,0.0,False,0.3172212987532153,0.1728244894387196
HR-3-15-26-(03).csv,45.24726867675781,0.05,0.0,False,0.3212959010574248,0.1565844402394255
HR-3-15-26-(03).csv,45.34759521484375,0.05,0.0,False,0.3219731739144432,0.1524440111635082
HR-3-15-26-(03).csv,45.44792175292969,0.05,0.0,False,0.3454647997442871,0.1862770544922
HR-3-15-26-(03).csv,45.548248291015625,0.05,0.0,False,0.3820353373029779,0.2540578155106792
HR-3-15-26-(03).csv,45.64857482910156,0.05,0.0,False,0.4894915659674668,0.8289037583818947
HR-3-15-26-(03).csv,45.7489013671875,0.05,0.0,False,0.7715383584636742,0.8107842801508736
HR-3-15-26-(03).csv,45.84922790527344,0.14675450244685634,0.9643959045410155,True,0.8956243802472685,0.1504074292433684
HR-3-15-26-(03).csv,45.949554443359375,0.2248879885417409,0.7787918090820312,False,0.9335222568506246,0.0023527091723187
HR-3-15-26-(03).csv,46.04988098144531,0.2844004582846537,0.5931877136230468,False,0.932756808053502,0.0001737024566778
HR-3-15-26-(03).csv,46.15020751953125,0.32529191167559474,0.4075836181640624,False,0.865112132002831,0.0004260746083213
HR-3-15-26-(03).csv,46.25053405761719,0.347562348714564,0.22197952270507804,False,0.8642318624186096,0.000521237095661
HR-3-15-26-(03).csv,46.350860595703125,0.35121176940156146,0.03637542724609366,False,0.793963854990281,0.0012447355735143
HR-3-15-26-(03).csv,46.45118713378906,0.33624017373658716,-0.1492286682128907,False,0.7818523933092991,0.0033237767687333
HR-3-15-26-(03).csv,46.551513671875,0.3026475617196411,-0.3348327636718751,False,0.6408512538084898,0.0041186478686092
HR-3-15-26-(03).csv,46.65184020996094,0.2504339333507232,-0.5204368591308595,False,0.7651932133159612,0.0140955980946796
HR-3-15-26-(03).csv,46.752166748046875,0.1795992886298336,-0.7060409545898438,False,0.7600258444219765,0.0232137621151905
HR-3-15-26-(03).csv,46.85249328613281,0.09014362755697218,-0.8916450500488282,False,0.8837182125257094,0.0189409476359042
HR-3-15-26-(03).csv,46.95281982421875,0.05,0.0,False,0.8739469492812085,0.0302000870146021
HR-3-15-26-(03).csv,47.05314636230469,0.05,0.0,False,0.8262655286850803,0.0160389901895208
HR-3-15-26-(03).csv,47.153472900390625,0.05,0.0,False,0.8779020671532017,0.0092030648182268
HR-3-15-26-(03).csv,47.25379943847656,0.05,0.0,False,0.834206388528791,0.0035329140732549
HR-3-15-26-(03).csv,47.3541259765625,0.05,0.0,False,0.7815847007083437,0.0113671033481478
HR-3-15-26-(03).csv,47.45445251464844,0.05,0.0,False,0.8852418639363406,0.0126374196529095
HR-3-15-26-(03).csv,47.554779052734375,0.05,0.0,False,0.8974117410723347,0.0029626155126166
HR-3-15-26-(03).csv,47.65510559082031,0.05,0.0,False,0.8440916389928974,0.0078509251318661
HR-3-15-26-(03).csv,47.75543212890625,0.05,0.0,False,0.8872395606284126,0.007892810155243
HR-3-15-26-(03).csv,47.85575866699219,0.05,0.0,False,0.8555445586798414,0.0042087612030271
HR-3-15-26-(03).csv,47.956085205078125,0.05,0.0,False,0.8384979741544655,0.0198754797202819
HR-3-15-26-(03).csv,48.05641174316406,0.05,0.0,False,0.9347253540691176,0.1334196018379146
HR-3-15-26-(03).csv,48.15673828125,0.05,0.0,False,0.8917904313213656,0.0092563724163482
HR-3-15-26-(03).csv,48.25706481933594,0.05,0.0,False,0.8424631271256342,0.0056208675546949
HR-3-15-26-(03).csv,48.357391357421875,0.05,0.0,False,0.8961065896785813,0.0058896788756713
HR-3-15-26-(03).csv,48.45771789550781,0.05,0.0,False,0.8322348712912894,0.0053468386813453
HR-3-15-26-(03).csv,48.55804443359375,0.05,0.0,False,0.8881439188101895,0.0070276369523021
HR-3-15-26-(03).csv,48.65837097167969,0.05,0.0,False,0.9195998164357656,0.0014563499031548
HR-3-15-26-(03).csv,48.758697509765625,0.05,0.0,False,0.8370693383777741,0.0025766925077709
HR-3-15-26-(03).csv,48.85902404785156,0.05,0.0,False,0.823825069108902,0.0010405090077971
HR-3-15-26-(03).csv,48.9593505859375,0.05,0.0,False,0.8528800059921696,0.0012840716502817
HR-3-15-26-(03).csv,49.05967712402344,0.05,0.0,False,0.7655370896597218,0.011566450085053
HR-3-15-26-(03).csv,49.160003662109375,0.05,0.0,False,0.858127228703927,0.0103853716208112
HR-3-15-26-(03).csv,49.26033020019531,0.05,0.0,False,0.8687296848852184,0.0006685244917956
HR-3-15-26-(03).csv,49.36065673828125,0.05,0.0,False,0.8995978244628469,0.000758217494411
HR-3-15-26-(03).csv,49.46098327636719,0.05,0.0,False,0.7611812031974825,0.0021662988254986
HR-3-15-26-(03).csv,49.561309814453125,0.05,0.0,False,0.7487968332802372,0.0049059574574007
HR-3-15-26-(03).csv,49.66163635253906,0.05,0.0,False,0.7889646962969508,0.0053608279408575
HR-3-15-26-(03).csv,49.761962890625,0.05,0.0,False,0.791350109091957,0.003182455807601
HR-3-15-26-(03).csv,49.86228942871094,0.05,0.0,False,0.7506600404015711,0.0032781017354385
HR-3-15-26-(03).csv,49.962615966796875,0.05,0.0,False,0.7765261704896458,0.0207493048736188
HR-3-15-26-(03).csv,50.06294250488281,0.05,0.0,False,0.8093718201715823,0.0981562528149587
HR-3-15-26-(03).csv,50.16326904296875,0.05,0.0,False,0.8918605195521482,0.0050465087534285
HR-3-15-26-(03).csv,50.26359558105469,0.05,0.0,False,0.8593733395820091,0.0003522765693602
HR-3-15-26-(03).csv,50.363922119140625,0.05,0.0,False,0.7622516937711419,0.0017384401841243
HR-3-15-26-(03).csv,50.46424865722656,0.05,0.0,False,0.8593087432960318,0.007209996883324
HR-3-15-26-(03).csv,50.5645751953125,0.05,0.0,False,0.7107622220090621,0.010531724633733
HR-3-15-26-(03).csv,50.66490173339844,0.05,0.0,False,0.7982249745284768,0.0037432365354127
HR-3-15-26-(03).csv,50.765228271484375,0.05,0.0,False,0.8548538499502389,0.0032425991809023
HR-3-15-26-(03).csv,50.86555480957031,0.05,0.0,False,0.8567161309096538,0.0067661838499723
HR-3-15-26-(03).csv,50.96588134765625,0.05,0.0,False,0.8192000707871894,0.001890751723326
HR-3-15-26-(03).csv,51.06620788574219,0.05,0.0,False,0.7793873782912886,0.0023805807019496
HR-3-15-26-(03).csv,51.166534423828125,0.05,0.0,False,0.7504000632100264,0.007466169115491
HR-3-15-26-(03).csv,51.26686096191406,0.05,0.0,False,0.7777502890580064,0.0088912716530432
HR-3-15-26-(03).csv,51.3671875,0.05,0.0,False,0.8162359421327164,0.0100442188878892
HR-3-15-26-(03).csv,51.46751403808594,0.05,0.0,False,0.7722869147458535,0.0178836629005852
HR-3-15-26-(03).csv,51.567840576171875,0.05,0.0,False,0.7651891781377704,0.0173166397289048
HR-3-15-26-(03).csv,51.66816711425781,0.05,0.0,False,0.6386331890828655,0.0244547043372634
HR-3-15-26-(03).csv,51.76849365234375,0.05,0.0,False,0.7380972895817346,0.0185162436728798
HR-3-15-26-(03).csv,51.86882019042969,0.05,0.0,False,0.7574985287210667,0.0045758268791979
HR-3-15-26-(03).csv,51.969146728515625,0.05,0.0,False,0.763490585813557,0.0007092548925402
HR-3-15-26-(03).csv,52.06947326660156,0.05,0.0,False,0.7750074913200766,0.001516579647534
HR-3-15-26-(03).csv,52.1697998046875,0.05,0.0,False,0.6306957506764377,0.0030102724801393
HR-3-15-26-(03).csv,52.27012634277344,0.05,0.0,False,0.7653584236227535,0.0044952925211827
HR-3-15-26-(03).csv,52.370452880859375,0.05,0.0,False,0.6949751018904868,0.0279798810328211
HR-3-15-26-(03).csv,52.47077941894531,0.05,0.0,False,0.7722937926119202,0.0633378460642664
HR-3-15-26-(03).csv,52.57110595703125,0.05,0.0,False,0.7381366669699367,0.0472132998920256
HR-3-15-26-(03).csv,52.67143249511719,0.05,0.0,False,0.7594037574132925,0.0304004827963222
HR-3-15-26-(03).csv,52.771759033203125,0.05,0.0,False,0.8020304872332681,0.0150356171548755
HR-3-15-26-(03).csv,52.87208557128906,0.05,0.0,False,0.8130402004973767,0.0803764723534775
HR-3-15-26-(03).csv,52.972412109375,0.05,0.0,False,0.8606745092774974,0.1975957356311244
HR-3-15-26-(03).csv,53.07273864746094,0.05,0.0,False,0.8409851528945569,0.0593316667208071
HR-3-15-26-(03).csv,53.173065185546875,0.05,0.0,False,0.8716696918654447,0.00196721055425
HR-3-15-26-(03).csv,53.27339172363281,0.05,0.0,False,0.700711163491837,0.0016211951765635
HR-3-15-26-(03).csv,53.37371826171875,0.05,0.0,False,0.7613859917522339,0.0126024672795539
HR-3-15-26-(03).csv,53.47404479980469,0.05,0.0,False,0.7924611955952127,0.05322566160064
HR-3-15-26-(03).csv,53.574371337890625,0.05,0.0,False,0.7950204738889003,0.021728461403101
HR-3-15-26-(03).csv,53.67469787597656,0.05,0.0,False,0.7126080203311502,0.0068395043438452
HR-3-15-26-(03).csv,53.7750244140625,0.05,0.0,False,0.6046475960998915,0.0146652207735825
HR-3-15-26-(03).csv,53.87535095214844,0.05,0.0,False,0.7658869232136682,0.0237784097600969
HR-3-15-26-(03).csv,53.975677490234375,0.05,0.0,False,0.7817465823180929,0.0101116325604898
HR-3-15-26-(03).csv,54.07600402832031,0.05,0.0,False,0.7672580714929,0.0180169908890046
HR-3-15-26-(03).csv,54.17633056640625,0.05,0.0,False,0.6194810450941644,0.1081680303343383
HR-3-15-26-(03).csv,54.27665710449219,0.05,0.0,False,0.756926789648696,0.0326451130312935
HR-3-15-26-(03).csv,54.376983642578125,0.05,0.0,False,0.643266854348165,0.0086877740208982
HR-3-15-26-(03).csv,54.47731018066406,0.05,0.0,False,0.5430965234078556,0.0232947696754819
HR-3-15-26-(03).csv,54.57763671875,0.05,0.0,False,0.5449457574445735,0.0419165568807186
HR-3-15-26-(03).csv,54.67796325683594,0.05,0.0,False,0.4438519742694263,0.0424044095571366
HR-3-15-26-(03).csv,54.778289794921875,0.05,0.0,False,0.3893291229622837,0.1052954082901034
HR-3-15-26-(03).csv,54.87861633300781,0.05,0.0,False,0.3596018396752425,0.1353591617848364
HR-3-15-26-(03).csv,54.97894287109375,0.05,0.0,False,0.3662825459684615,0.119868243087632
HR-3-15-26-(03).csv,55.07926940917969,0.05,0.0,False,0.3201252950073036,0.1242755868814856
HR-3-15-26-(03).csv,55.179595947265625,0.05,0.0,False,0.3712955106091202,0.1646978512478215
HR-3-15-26-(03).csv,55.27992248535156,0.05,0.0,False,0.3761051879254781,0.1638988546684034
HR-3-15-26-(03).csv,55.3802490234375,0.05,0.0,False,0.3621999837274622,0.1654171267418747
HR-3-15-26-(03).csv,55.48057556152344,0.05,0.0,False,0.3692037584467026,0.1963089615717013
HR-3-15-26-(03).csv,55.580902099609375,0.05,0.0,False,0.3371407745198478,0.1772437908172494
HR-3-15-26-(03).csv,55.68122863769531,0.05,0.0,False,0.32644095591794,0.1699766518963528
HR-3-15-26-(03).csv,55.78155517578125,0.05,0.0,False,0.3272810272350033,0.1684774063327896
HR-3-15-26-(03).csv,55.88188171386719,0.05,0.0,False,0.3224500834177047,0.1244471919790388
HR-3-15-26-(03).csv,55.982208251953125,0.05,0.0,False,0.3070712477648137,0.1026393343003561
HR-3-15-26-(03).csv,56.08253479003906,0.05,0.0,False,0.3393894871645256,0.1516222377878895
HR-3-15-26-(03).csv,56.182861328125,0.05,0.0,False,0.3258581398430913,0.1313655002288423
HR-3-15-26-(03).csv,56.28318786621094,0.05,0.0,False,0.3083485096225568,0.1013637963666906
HR-3-15-26-(03).csv,56.383514404296875,0.05,0.0,False,0.3028354805132904,0.12902673891463
HR-3-15-26-(03).csv,56.48384094238281,0.05,0.0,False,0.2922972672481398,0.1344404202042498
HR-3-15-26-(03).csv,56.58416748046875,0.05,0.0,False,0.3082636173319487,0.1391234910710597
HR-3-15-26-(03).csv,56.68449401855469,0.05,0.0,False,0.3326845611080216,0.1644708258359453
HR-3-15-26-(03).csv,56.784820556640625,0.05,0.0,False,0.3477736821609505,0.1575090778618633
HR-3-15-26-(03).csv,56.88514709472656,0.05,0.0,False,0.3306638042120977,0.1278991636560049
HR-3-15-26-(03).csv,56.9854736328125,0.05,0.0,False,0.3272938319927586,0.1424668244257027
HR-3-15-26-(03).csv,57.08580017089844,0.05,0.0,False,0.3405164662666113,0.1652013444075316
HR-3-15-26-(03).csv,57.186126708984375,0.05,0.0,False,0.3319036801684064,0.1509354892302004
HR-3-15-26-(03).csv,57.28645324707031,0.05,0.0,False,0.3338331298469537,0.1457905857600896
HR-3-15-26-(03).csv,57.38677978515625,0.05,0.0,False,0.3308056657396478,0.1709514723604935
HR-3-15-26-(03).csv,57.48710632324219,0.05,0.0,False,0.3119746568072529,0.1471305363840085
HR-3-15-26-(03).csv,57.587432861328125,0.05,0.0,False,0.3325138554194988,0.1887056660607932
HR-3-15-26-(03).csv,57.68775939941406,0.05,0.0,False,0.3290045333341602,0.1906271465158401
HR-3-15-26-(03).csv,57.7880859375,0.05,0.0,False,0.3249729347034575,0.1605812208133434
HR-3-15-26-(03).csv,57.88841247558594,0.05,0.0,False,0.3189615939231497,0.1372110900577645
HR-3-15-26-(03).csv,57.988739013671875,0.05,0.0,False,0.3227953307558983,0.1288766079144374
HR-3-15-26-(03).csv,58.08906555175781,0.05,0.0,False,0.3551662559043351,0.1587330610438051
HR-3-15-26-(03).csv,58.18939208984375,0.05,0.0,False,0.3590057170930164,0.1225171074064893
HR-3-15-26-(03).csv,58.28971862792969,0.05,0.0,False,0.3277754496516332,0.132324165923306
HR-3-15-26-(03).csv,58.390045166015625,0.05,0.0,False,0.3452280074449733,0.1828591695842967
HR-3-15-26-(03).csv,58.49037170410156,0.05,0.0,False,0.3409826515175891,0.1811003284507799
HR-3-15-26-(03).csv,58.5906982421875,0.05,0.0,False,0.332152714734116,0.1822182675070673
HR-3-15-26-(03).csv,58.69102478027344,0.05,0.0,False,0.3408628057244544,0.1832646191155085
HR-3-15-26-(03).csv,58.791351318359375,0.05,0.0,False,0.3420464440980466,0.1560795569124382
HR-3-15-26-(03).csv,58.89167785644531,0.05,0.0,False,0.3243477340606759,0.147619970091947
HR-3-15-26-(03).csv,58.99200439453125,0.05,0.0,False,0.3271497292289019,0.1929307610939377
HR-3-15-26-(03).csv,59.09233093261719,0.05,0.0,False,0.3221137083184695,0.1539995404599273
HR-3-15-26-(03).csv,59.192657470703125,0.05,0.0,False,0.324948852109767,0.1487956581458381
HR-3-15-26-(03).csv,59.29298400878906,0.05,0.0,False,0.3190440725239726,0.1587064518481809
HR-3-15-26-(03).csv,59.393310546875,0.05,0.0,False,0.3411817630149757,0.1806985811231556
HR-3-15-26-(03).csv,59.49363708496094,0.05,0.0,False,0.3363027816017913,0.1605198666410086
HR-3-15-26-(03).csv,59.593963623046875,0.05,0.0,False,0.340574678743286,0.1545517726960569
HR-3-15-26-(03).csv,59.69429016113281,0.05,0.0,False,0.3385214290171161,0.1631777108658368
HR-3-15-26-(03).csv,59.79461669921875,0.05,0.0,False,0.3317814989261998,0.1544644030442972
HR-3-15-26-(03).csv,59.89494323730469,0.05,0.0,False,0.3195659750303994,0.1297386620767323
HR-3-15-26-(03).csv,59.995269775390625,0.05,0.0,False,0.331811550105816,0.2353129105769651
HR-3-15-26-(03).csv,60.09559631347656,0.05,0.0,False,0.4735877798675775,0.9024330187535023
HR-3-15-26-(03).csv,60.1959228515625,0.14675450244685634,0.9643959045410155,True,0.9104038550828628,0.9336015195271742
HR-3-15-26-(03).csv,60.29624938964844,0.2248879885417409,0.7787918090820312,False,0.9475080210674436,0.0017534353482969
HR-3-15-26-(03).csv,60.396575927734375,0.2844004582846537,0.5931877136230468,False,0.7592305179084089,4.055492812683079e-05
HR-3-15-26-(03).csv,60.49690246582031,0.32529191167559474,0.4075836181640624,False,0.4689024199509057,0.0071463426966131
HR-3-15-26-(03).csv,60.59722900390625,0.347562348714564,0.22197952270507804,False,0.5212782676842851,0.7146931085838798
HR-3-15-26-(03).csv,60.69755554199219,0.44431685116142033,0.9643959045410155,True,0.9160507214316446,0.9696379095415256
HR-3-15-26-(03).csv,60.797882080078125,0.5224503372563049,0.7787918090820312,False,0.9478119825623408,0.0231208265370038
HR-3-15-26-(03).csv,60.89820861816406,0.5819628069992177,0.5931877136230468,False,0.7968832522015481,0.0001254137078106
HR-3-15-26-(03).csv,60.99853515625,0.6228542603901587,0.4075836181640624,False,0.6189944643644727,0.0002130761589896
HR-3-15-26-(03).csv,61.09886169433594,0.6451246974291279,0.22197952270507804,False,0.481660954438014,0.0311282670452442
HR-3-15-26-(03).csv,61.199188232421875,0.6487741181161254,0.03637542724609366,False,0.5551135607846468,0.7862190737204322
HR-3-15-26-(03).csv,61.29951477050781,0.7455286205629817,0.9643959045410155,True,0.9225950331660928,0.9605625799591736
HR-3-15-26-(03).csv,61.39984130859375,0.8236621066578663,0.7787918090820312,False,0.953702075548493,0.0343260419110021
HR-3-15-26-(03).csv,61.50016784667969,0.8831745764007791,0.5931877136230468,False,0.9012950809317798,0.0003732037851388
HR-3-15-26-(03).csv,61.600494384765625,0.9240660297917201,0.4075836181640624,False,0.6808544103919182,0.0006539309022515
HR-3-15-26-(03).csv,61.70082092285156,0.9463364668306894,0.22197952270507804,False,0.4643138854815484,0.0400187869866183
HR-3-15-26-(03).csv,61.8011474609375,0.9499858875176869,0.03637542724609366,False,0.4691733117199201,0.7195463528520243
HR-3-15-26-(03).csv,61.90147399902344,0.95,0.0,True,0.8365670757566426,0.9379894396274584
HR-3-15-26-(03).csv,62.001800537109375,0.9313789836480282,-0.18560409545898438,False,0.8922936419831045,0.0087382618360183
HR-3-15-26-(03).csv,62.10212707519531,0.8941369509440846,-0.37120819091796875,False,0.859671378550638,8.421740655645502e-05
HR-3-15-26-(03).csv,62.20245361328125,0.8382739018881693,-0.5568122863769531,False,0.6495159935999693,0.0002601157545671
HR-3-15-26-(03).csv,62.30278015136719,0.7637898364802822,-0.7424163818359375,False,0.4105886728698262,0.0607175740250433
HR-3-15-26-(03).csv,62.403106689453125,0.6706847547204233,-0.9280204772949219,False,0.5947839573024281,0.8641576326180836
HR-3-15-26-(03).csv,62.50343322753906,0.5589586566085927,-1.1136245727539062,False,0.762942569109108,0.7693949260575277
HR-3-15-26-(03).csv,62.603759765625,0.655713159055449,0.9643959045410155,True,0.8685405001431057,0.0009200435165696
HR-3-15-26-(03).csv,62.70408630371094,0.7338466451503336,0.7787918090820312,False,0.7346056904025111,9.74090505168246e-05
HR-3-15-26-(03).csv,62.804412841796875,0.7933591148932464,0.5931877136230468,False,0.4645081908575543,0.0013690770665603
HR-3-15-26-(03).csv,62.90473937988281,0.8342505682841874,0.4075836181640624,False,0.4718328237684606,0.1563954997909976
HR-3-15-26-(03).csv,63.00506591796875,0.8565210053231567,0.22197952270507804,False,0.5584587703243499,0.8166019918546535
HR-3-15-26-(03).csv,63.10539245605469,0.95,0.0,True,0.8702014986378352,0.5749992635399985
HR-3-15-26-(03).csv,63.205718994140625,0.9313789836480282,-0.18560409545898438,False,0.875355463421892,0.0009139766681568
HR-3-15-26-(03).csv,63.30604553222656,0.8941369509440846,-0.37120819091796875,False,0.710628764972883,0.0001605930302673
HR-3-15-26-(03).csv,63.4063720703125,0.8382739018881693,-0.5568122863769531,False,0.4358278357798892,0.0056571070653073
HR-3-15-26-(03).csv,63.50669860839844,0.7637898364802822,-0.7424163818359375,False,0.5035732945837714,0.4130276015169097
HR-3-15-26-(03).csv,63.607025146484375,0.6706847547204233,-0.9280204772949219,False,0.6463470915285665,0.8722021939896247
HR-3-15-26-(03).csv,63.70735168457031,0.7674392571672797,0.9643959045410155,True,0.9059803538557404,0.4555259571340715
HR-3-15-26-(03).csv,63.80767822265625,0.8455727432621643,0.7787918090820312,False,0.936105293803114,0.0008822725028775
HR-3-15-26-(03).csv,63.90800476074219,0.905085213005077,0.5931877136230468,False,0.6946885083363543,0.0001856706639911
HR-3-15-26-(03).csv,64.00833129882812,0.9459766663960181,0.4075836181640624,False,0.5671731585997066,0.0075587347901717
HR-3-15-26-(03).csv,64.10865783691406,0.95,0.0,False,0.5374340059583342,0.2426646564852799
HR-3-15-26-(03).csv,64.208984375,0.9313789836480282,-0.18560409545898438,False,0.6202973669380842,0.8394538354080553
HR-3-15-26-(03).csv,64.30931091308594,0.8941369509440846,-0.37120819091796875,False,0.7940679129446118,0.5424556844369199
HR-3-15-26-(03).csv,64.40963745117188,0.8382739018881693,-0.5568122863769531,False,0.8984938883668204,0.0068384442489845
HR-3-15-26-(03).csv,64.50996398925781,0.7637898364802822,-0.7424163818359375,False,0.6543963315284839,0.0016036766191742
HR-3-15-26-(03).csv,64.61029052734375,0.6706847547204233,-0.9280204772949219,False,0.4770957972580286,0.030367143793728
HR-3-15-26-(03).csv,64.71061706542969,0.5589586566085927,-1.1136245727539062,False,0.5732582641743879,0.7392312873373755
HR-3-15-26-(03).csv,64.81094360351562,0.42861154214479025,-1.2992286682128906,False,0.7896497849541555,0.9439325945911308
HR-3-15-26-(03).csv,64.91127014160156,0.5253660445916466,0.9643959045410155,True,0.8717088323644202,0.0054479241212571
HR-3-15-26-(03).csv,65.0115966796875,0.6034995306865312,0.7787918090820312,False,0.7849130587673777,4.235229404527209e-05
HR-3-15-26-(03).csv,65.11192321777344,0.663012000429444,0.5931877136230468,False,0.6568710011222718,0.0007962008675986
HR-3-15-26-(03).csv,65.21224975585938,0.703903453820385,0.4075836181640624,False,0.5266714339616418,0.1181611239058067
HR-3-15-26-(03).csv,65.31257629394531,0.7261738908593542,0.22197952270507804,False,0.625593666550102,0.7557547776480539
HR-3-15-26-(03).csv,65.41290283203125,0.7298233115463517,0.03637542724609366,False,0.785022240496738,0.711523430304134
HR-3-15-26-(03).csv,65.51322937011719,0.7148517158813774,-0.1492286682128907,False,0.8374902138633866,0.0488326570183134
HR-3-15-26-(03).csv,65.61355590820312,0.6812591038644313,-0.3348327636718751,False,0.7977095210545744,0.0010430355304178
HR-3-15-26-(03).csv,65.71388244628906,0.6290454754955135,-0.5204368591308595,False,0.6492858394334793,0.0008758327216885
HR-3-15-26-(03).csv,65.814208984375,0.5582108307746239,-0.7060409545898438,False,0.5919902568205869,0.0474839186339204
HR-3-15-26-(03).csv,65.91453552246094,0.46875516970176245,-0.8916450500488282,False,0.7032886975700141,0.8039750816477718
HR-3-15-26-(03).csv,66.01486206054688,0.3606784922769293,-1.0772491455078126,False,0.8342953947463857,0.505378245214007
HR-3-15-26-(03).csv,66.11518859863281,0.23398079850012432,-1.262853240966797,False,0.8892066263625493,0.0015517086323206
HR-3-15-26-(03).csv,66.21551513671875,0.08866208837134759,-1.4484573364257813,False,0.8118140868905566,0.0002737297990466
HR-3-15-26-(03).csv,66.31584167480469,0.05,0.0,False,0.6074351805782872,0.0032989214367878
HR-3-15-26-(03).csv,66.41616821289062,0.05,0.0,False,0.5434949943018359,0.2980080019740713
HR-3-15-26-(03).csv,66.51649475097656,0.05,0.0,False,0.7282093085551177,0.9280223912887188
HR-3-15-26-(03).csv,66.6168212890625,0.05,0.0,False,0.8739475182572993,0.5807200852497388
HR-3-15-26-(03).csv,66.71714782714844,0.05,0.0,False,0.8868015908964071,0.0092744928374665
HR-3-15-26-(03).csv,66.81747436523438,0.05,0.0,False,0.7974962126102871,0.002364049212874
HR-3-15-26-(03).csv,66.91780090332031,0.05,0.0,False,0.6225539800827468,0.0035767646409578
HR-3-15-26-(03).csv,67.01812744140625,0.05,0.0,False,0.4310033181382959,0.0513187941526989
HR-3-15-26-(03).csv,67.11845397949219,0.05,0.0,False,0.4598061683522229,0.2246188269691999
HR-3-15-26-(03).csv,67.21878051757812,0.05,0.0,False,0.5061715952676864,0.5695702035562994
HR-3-15-26-(03).csv,67.31910705566406,0.05,0.0,False,0.6791462666886927,0.7421479857514648
HR-3-15-26-(03).csv,67.41943359375,0.14675450244685634,0.9643959045410155,True,0.8480231236808042,0.0773323008871851
HR-3-15-26-(03).csv,67.51976013183594,0.2248879885417409,0.7787918090820312,False,0.7665131396329488,0.0039408308727057
HR-3-15-26-(03).csv,67.62008666992188,0.2844004582846537,0.5931877136230468,False,0.4867923556040363,0.003722106169189
HR-3-15-26-(03).csv,67.72041320800781,0.32529191167559474,0.4075836181640624,False,0.4331494992395516,0.0811892095260436
HR-3-15-26-(03).csv,67.82073974609375,0.347562348714564,0.22197952270507804,False,0.3739649054943665,0.1476653673921759
HR-3-15-26-(03).csv,67.92106628417969,0.35121176940156146,0.03637542724609366,False,0.415006923855068,0.4147525430255175
HR-3-15-26-(03).csv,68.02139282226562,0.33624017373658716,-0.1492286682128907,False,0.53658480065147,0.7894324601370213
HR-3-15-26-(03).csv,68.12171936035156,0.4329946761834435,0.9643959045410155,True,0.8517322532068585,0.1330980062751845
HR-3-15-26-(03).csv,68.2220458984375,0.511128162278328,0.7787918090820312,False,0.868127937502129,0.0015196709627302
HR-3-15-26-(03).csv,68.32237243652344,0.5706406320212408,0.5931877136230468,False,0.5676687260345012,0.002154622123342
HR-3-15-26-(03).csv,68.42269897460938,0.6115320854121818,0.4075836181640624,False,0.4632480782359509,0.0817074186350365
HR-3-15-26-(03).csv,68.52302551269531,0.6338025224511511,0.22197952270507804,False,0.4698755987218288,0.1320460924102106
HR-3-15-26-(03).csv,68.62335205078125,0.6374519431381486,0.03637542724609366,False,0.3900211805544865,0.0875158025789338
HR-3-15-26-(03).csv,68.72367858886719,0.6224803474731743,-0.1492286682128907,False,0.3287763937134306,0.1060092430529244
HR-3-15-26-(03).csv,68.82400512695312,0.5888877354562282,-0.3348327636718751,False,0.3482870419319414,0.2014383081294771
HR-3-15-26-(03).csv,68.92433166503906,0.5366741070873103,-0.5204368591308595,False,0.3783263577415432,0.2371625820798458
HR-3-15-26-(03).csv,69.024658203125,0.4658394623664207,-0.7060409545898438,False,0.3571950735287807,0.1579871976638013
HR-3-15-26-(03).csv,69.12498474121094,0.3763838012935593,-0.8916450500488282,False,0.3675559439968475,0.1765867982758454
HR-3-15-26-(03).csv,69.22531127929688,0.2683071238687261,-1.0772491455078126,False,0.3521236524807463,0.1898958098429805
HR-3-15-26-(03).csv,69.32563781738281,0.14160943009192117,-1.262853240966797,False,0.3324579823276229,0.1520983967778551
HR-3-15-26-(03).csv,69.42596435546875,0.05,0.0,False,0.3238795789666964,0.1317878761667918
HR-3-15-26-(03).csv,69.52629089355469,0.05,0.0,False,0.311634685031626,0.1285275037320109
HR-3-15-26-(03).csv,69.62661743164062,0.05,0.0,False,0.3423563987606712,0.1677342619885281
HR-3-15-26-(03).csv,69.72694396972656,0.05,0.0,False,0.3351002233599334,0.1792166115570396
HR-3-15-26-(03).csv,69.8272705078125,0.05,0.0,False,0.3281010715838969,0.159376884111173
HR-3-15-26-(03).csv,69.92759704589844,0.05,0.0,False,0.3362946944201862,0.1487557875572033
HR-3-15-26-(03).csv,70.02792358398438,0.05,0.0,False,0.3123295445628569,0.1369248475270735
HR-3-15-26-(03).csv,70.12825012207031,0.05,0.0,False,0.3070003666585775,0.1651328821599694
HR-3-15-26-(03).csv,70.22857666015625,0.05,0.0,False,0.3498105982228457,0.1469999521851516
HR-3-15-26-(03).csv,70.32890319824219,0.05,0.0,False,0.3217091113267191,0.1253240022310676
HR-3-15-26-(03).csv,70.42922973632812,0.05,0.0,False,0.3504472737114491,0.1690095184855992
HR-3-15-26-(03).csv,70.52955627441406,0.05,0.0,False,0.3135034728979903,0.1406016039284635
HR-3-15-26-(03).csv,70.6298828125,0.05,0.0,False,0.3338127103740663,0.1517985822314132
HR-3-15-26-(03).csv,70.73020935058594,0.05,0.0,False,0.3234786691210735,0.1582750251149606
HR-3-15-26-(03).csv,70.83053588867188,0.05,0.0,False,0.320063491820471,0.1639784740839808
HR-3-15-26-(03).csv,70.93086242675781,0.05,0.0,False,0.3268944823269536,0.143601733438908
HR-3-15-26-(03).csv,71.03118896484375,0.05,0.0,False,0.3369369027423009,0.1276364021879503
HR-3-15-26-(03).csv,71.13151550292969,0.05,0.0,False,0.3317371807277018,0.1533745492168052
HR-3-15-26-(03).csv,71.23184204101562,0.05,0.0,False,0.3218434118920706,0.1688766486039971
HR-3-15-26-(03).csv,71.33216857910156,0.05,0.0,False,0.332804202690927,0.1640238156646212
HR-3-15-26-(03).csv,71.4324951171875,0.05,0.0,False,0.3416606810924001,0.1664932445335679
HR-3-15-26-(03).csv,71.53282165527344,0.05,0.0,False,0.3147357711202936,0.1030849889910232
HR-3-15-26-(03).csv,71.63314819335938,0.05,0.0,False,0.3107339858016846,0.1067622277763534
HR-3-15-26-(03).csv,71.73347473144531,0.05,0.0,False,0.3225806145889617,0.1177176509901662
HR-3-15-26-(03).csv,71.83380126953125,0.05,0.0,False,0.3103253851398525,0.136552623865417
HR-3-15-26-(03).csv,71.93412780761719,0.05,0.0,False,0.3410911068982548,0.1589051190132642
HR-3-15-26-(03).csv,72.03445434570312,0.05,0.0,False,0.3448204866773005,0.1304070873263909
HR-3-15-26-(03).csv,72.13478088378906,0.05,0.0,False,0.327459828271849,0.1105199675415734
HR-3-15-26-(03).csv,72.235107421875,0.05,0.0,False,0.2936186545802829,0.1082500392107034
HR-3-15-26-(03).csv,72.33543395996094,0.05,0.0,False,0.3182023733963062,0.1553808897046515
HR-3-15-26-(03).csv,72.43576049804688,0.05,0.0,False,0.3104851998912364,0.1717207300675237
HR-3-15-26-(03).csv,72.53608703613281,0.05,0.0,False,0.325599293293086,0.1530337803566401
HR-3-15-26-(03).csv,72.63641357421875,0.05,0.0,False,0.3229894912440786,0.1734701449461611
HR-3-15-26-(03).csv,72.73674011230469,0.05,0.0,False,0.337423916799749,0.1564546568811407
HR-3-15-26-(03).csv,72.83706665039062,0.05,0.0,False,0.3265939156458217,0.1355100218432967
HR-3-15-26-(03).csv,72.93739318847656,0.05,0.0,False,0.3101457636027735,0.1288603160092155
HR-3-15-26-(03).csv,73.0377197265625,0.05,0.0,False,0.3237517602957773,0.1467381172857454
HR-3-15-26-(03).csv,73.13804626464844,0.05,0.0,False,0.3390394160039254,0.1817729799103762
HR-3-15-26-(03).csv,73.23837280273438,0.05,0.0,False,0.349161564886755,0.146840330668041
HR-3-15-26-(03).csv,73.33869934082031,0.05,0.0,False,0.3310836882770969,0.1592331650246066
HR-3-15-26-(03).csv,73.43902587890625,0.05,0.0,False,0.3440116796989737,0.1535691361716685
HR-3-15-26-(03).csv,73.53935241699219,0.05,0.0,False,0.3462326359598472,0.1756943515024035
HR-3-15-26-(03).csv,73.63967895507812,0.05,0.0,False,0.3088759986420085,0.1234230268770049
HR-3-15-26-(03).csv,73.74000549316406,0.05,0.0,False,0.3128022859996329,0.1302696605852988
HR-3-15-26-(03).csv,73.84033203125,0.05,0.0,False,0.2921573132994667,0.1020396143693831
HR-3-15-26-(03).csv,73.94065856933594,0.05,0.0,False,0.3065253697993683,0.1008396068833249
HR-3-15-26-(03).csv,74.04098510742188,0.05,0.0,False,0.3127764186082536,0.1438450987009528
HR-3-15-26-(03).csv,74.14131164550781,0.05,0.0,False,0.3317168273217779,0.1731369610765371
HR-3-15-26-(03).csv,74.24163818359375,0.05,0.0,False,0.3089273063914231,0.1349791400609686
HR-3-15-26-(03).csv,74.34196472167969,0.05,0.0,False,0.3065713353095243,0.1171274317789253
HR-3-15-26-(03).csv,74.44229125976562,0.05,0.0,False,0.3056823748209736,0.1176910548199402
HR-3-15-26-(03).csv,74.54261779785156,0.05,0.0,False,0.3022835551198267,0.134680926132791
HR-3-15-26-(03).csv,74.6429443359375,0.05,0.0,False,0.3093401135620515,0.1573092117382978
HR-3-15-26-(03).csv,74.74327087402344,0.05,0.0,False,0.3132727972728625,0.1634498855362879
HR-3-15-26-(03).csv,74.84359741210938,0.05,0.0,False,0.3247082754245565,0.1743619363047707
HR-3-15-26-(03).csv,74.94392395019531,0.05,0.0,False,0.327703889640152,0.1566859197657018
HR-3-15-26-(03).csv,75.04425048828125,0.05,0.0,False,0.3376836600212112,0.1543440745178157
HR-3-15-26-(03).csv,75.14457702636719,0.05,0.0,False,0.3339104773202167,0.1365697561955403
HR-3-15-26-(03).csv,75.24490356445312,0.05,0.0,False,0.3456638394371024,0.1808557306655217
HR-3-15-26-(03).csv,75.34523010253906,0.05,0.0,False,0.327630232564302,0.1599354140801956
HR-3-15-26-(03).csv,75.445556640625,0.05,0.0,False,0.3340667821280376,0.1581474000967538
HR-3-15-26-(03).csv,75.54588317871094,0.05,0.0,False,0.3243827065220577,0.1680484104275991
HR-3-15-26-(03).csv,75.64620971679688,0.05,0.0,False,0.3094638928363852,0.1338700993764526
HR-3-15-26-(03).csv,75.74653625488281,0.05,0.0,False,0.288938772930184,0.1151373288990765
HR-3-15-26-(03).csv,75.84686279296875,0.05,0.0,False,0.3111976933842114,0.1613190146937749
HR-3-15-26-(03).csv,75.94718933105469,0.05,0.0,False,0.3076699314456603,0.1705581572790727
HR-3-15-26-(03).csv,76.04751586914062,0.05,0.0,False,0.3217726992328309,0.1560375752499715
HR-3-15-26-(03).csv,76.14784240722656,0.05,0.0,False,0.2989987025301238,0.1214629492042292
HR-3-15-26-(03).csv,76.2481689453125,0.05,0.0,False,0.3083325314458572,0.1184432895335359
HR-3-15-26-(03).csv,76.34849548339844,0.05,0.0,False,0.2951429240657415,0.1262911621818165
HR-3-15-26-(03).csv,76.44882202148438,0.05,0.0,False,0.3035961345222334,0.1705574183137098
HR-3-15-26-(03).csv,76.54914855957031,0.05,0.0,False,0.3259942563669401,0.1577496685614691
HR-3-15-26-(03).csv,76.64947509765625,0.05,0.0,False,0.3148846945409811,0.1405040195174664
HR-3-15-26-(03).csv,76.74980163574219,0.05,0.0,False,0.3199095497477215,0.1494221510289354
HR-3-15-26-(03).csv,76.85012817382812,0.05,0.0,False,0.3200223427909178,0.1274138756916699
HR-3-15-26-(03).csv,76.95045471191406,0.05,0.0,False,0.3266871993537829,0.1656075155066066
HR-3-15-26-(03).csv,77.05078125,0.05,0.0,False,0.3187675529507497,0.2143848148513843
HR-3-15-26-(03).csv,77.15110778808594,0.05,0.0,False,0.3292383680752245,0.1888524684992274
HR-3-15-26-(03).csv,77.25143432617188,0.05,0.0,False,0.3078408510918019,0.1409270655717036
HR-3-15-26-(03).csv,77.35176086425781,0.05,0.0,False,0.3343951139812754,0.1728906357909019
HR-3-15-26-(03).csv,77.45208740234375,0.05,0.0,False,0.317754317404456,0.140477601344976
HR-3-15-26-(03).csv,77.55241394042969,0.05,0.0,False,0.3177763850328587,0.1359230410206275
HR-3-15-26-(03).csv,77.65274047851562,0.05,0.0,False,0.3117865892484439,0.1457167750641091
HR-3-15-26-(03).csv,77.75306701660156,0.05,0.0,False,0.3171339248552676,0.1466647440640972
HR-3-15-26-(03).csv,77.8533935546875,0.05,0.0,False,0.3109597077368555,0.1488781734033369
HR-3-15-26-(03).csv,77.95372009277344,0.05,0.0,False,0.3346665812307106,0.147579603283827
HR-3-15-26-(03).csv,78.05404663085938,0.05,0.0,False,0.3373876645824374,0.1549485145886928
HR-3-15-26-(03).csv,78.15437316894531,0.05,0.0,False,0.3440623184645291,0.1570160368136388
HR-3-15-26-(03).csv,78.25469970703125,0.05,0.0,False,0.3320486747039596,0.1349101062789197
HR-3-15-26-(03).csv,78.35502624511719,0.05,0.0,False,0.32778769037063,0.1429528894260421
HR-3-15-26-(03).csv,78.45535278320312,0.05,0.0,False,0.3225208308169415,0.1275877662189554
HR-3-15-26-(03).csv,78.55567932128906,0.05,0.0,False,0.3108172419527066,0.1052483187850421
HR-3-15-26-(03).csv,78.656005859375,0.05,0.0,False,0.303091743915905,0.1283595308897002
HR-3-15-26-(03).csv,78.75633239746094,0.05,0.0,False,0.2984819175261374,0.138265612967084
HR-3-15-26-(03).csv,78.85665893554688,0.05,0.0,False,0.3066446174378934,0.1590396771286769
HR-3-15-26-(03).csv,78.95698547363281,0.05,0.0,False,0.3085760612229608,0.1376254695681708
HR-3-15-26-(03).csv,79.05731201171875,0.05,0.0,False,0.2846312096725634,0.0993428499686648
HR-3-15-26-(03).csv,79.15763854980469,0.05,0.0,False,0.3139898889683796,0.1114177440155527
HR-3-15-26-(03).csv,79.25796508789062,0.05,0.0,False,0.3081021711065836,0.1413194605432504
HR-3-15-26-(03).csv,79.35829162597656,0.05,0.0,False,0.31704246587495,0.1676897561471056
HR-3-15-26-(03).csv,79.4586181640625,0.05,0.0,False,0.3248542456875329,0.1546812557396721
HR-3-15-26-(03).csv,79.55894470214844,0.05,0.0,False,0.3091678022872052,0.1428527992602059
HR-3-15-26-(03).csv,79.65927124023438,0.05,0.0,False,0.3199094322402017,0.1506022953871649
HR-3-15-26-(03).csv,79.75959777832031,0.05,0.0,False,0.3119547186840417,0.1458138636556883
HR-3-15-26-(03).csv,79.85992431640625,0.05,0.0,False,0.3130272264161237,0.1542818356244209
HR-3-15-26-(03).csv,79.96025085449219,0.05,0.0,False,0.3360279855327583,0.1841205902920765
HR-3-15-26-(03).csv,80.06057739257812,0.05,0.0,False,0.3208962272827531,0.1470649266520612
HR-3-15-26-(03).csv,80.16090393066406,0.05,0.0,False,0.3330367912262434,0.1267095198823991
HR-3-15-26-(03).csv,80.26123046875,0.05,0.0,False,0.3270119667393995,0.132318268032362
HR-3-15-26-(03).csv,80.36155700683594,0.05,0.0,False,0.3236206823920373,0.131879437016494
HR-3-15-26-(03).csv,80.46188354492188,0.05,0.0,False,0.3388424273866053,0.142395555122314
HR-3-15-26-(03).csv,80.56221008300781,0.05,0.0,False,0.3256400213838287,0.1557830703200155
HR-3-15-26-(03).csv,80.66253662109375,0.05,0.0,False,0.3390549125269791,0.1691968205984864
HR-3-15-26-(03).csv,80.76286315917969,0.05,0.0,False,0.3430213220325195,0.1487844761819043
HR-3-15-26-(03).csv,80.86318969726562,0.05,0.0,False,0.3638406972476194,0.1500035251964391
HR-3-15-26-(03).csv,80.96351623535156,0.05,0.0,False,0.3293242131098057,0.1489303353911505
HR-3-15-26-(03).csv,81.0638427734375,0.05,0.0,False,0.3107638619436688,0.157652878082869
HR-3-15-26-(03).csv,81.16416931152344,0.05,0.0,False,0.3270984475328071,0.1697721382868922
HR-3-15-26-(03).csv,81.26449584960938,0.05,0.0,False,0.3089477334150455,0.1512639575159144
HR-3-15-26-(03).csv,81.36482238769531,0.05,0.0,False,0.3096877616244531,0.1162244547089174
HR-3-15-26-(03).csv,81.46514892578125,0.05,0.0,False,0.2971476332965012,0.1159184471995965
HR-3-15-26-(03).csv,81.56547546386719,0.05,0.0,False,0.3159738290607117,0.1546603089254963
HR-3-15-26-(03).csv,81.66580200195312,0.05,0.0,False,0.3124764190735115,0.1631540086956599
HR-3-15-26-(03).csv,81.76612854003906,0.05,0.0,False,0.3214904508794907,0.1391480330355539
HR-3-15-26-(03).csv,81.866455078125,0.05,0.0,False,0.3340106348922184,0.1450278492784534
HR-3-15-26-(03).csv,81.96678161621094,0.05,0.0,False,0.295050796524606,0.1357633144468905
HR-3-15-26-(03).csv,82.06710815429688,0.05,0.0,False,0.2962397529548408,0.1361755994427569
HR-3-15-26-(03).csv,82.16743469238281,0.05,0.0,False,0.3007459061958875,0.1453814178994893
HR-3-15-26-(03).csv,82.26776123046875,0.05,0.0,False,0.3183094804249714,0.1313273641896529
HR-3-15-26-(03).csv,82.36808776855469,0.05,0.0,False,0.299728250004516,0.1234960373468705
HR-3-15-26-(03).csv,82.46841430664062,0.05,0.0,False,0.3346227383094596,0.1677907454606569
HR-3-15-26-(03).csv,82.56874084472656,0.05,0.0,False,0.3336511222708743,0.1809032729148355
HR-3-15-26-(03).csv,82.6690673828125,0.05,0.0,False,0.3204767850275782,0.170106714653137
HR-3-15-26-(03).csv,82.76939392089844,0.05,0.0,False,0.3116786686165467,0.1726374851554113
HR-3-15-26-(03).csv,82.86972045898438,0.05,0.0,False,0.302435571230777,0.1511875727826171
HR-3-15-26-(03).csv,82.97004699707031,0.05,0.0,False,0.301851499910409,0.1186020812630784
HR-3-15-26-(03).csv,83.07037353515625,0.05,0.0,False,0.2881164516681817,0.0940682543130697
HR-3-15-26-(03).csv,83.17070007324219,0.05,0.0,False,0.2954443359251661,0.1099662838527039
HR-3-15-26-(03).csv,83.27102661132812,0.05,0.0,False,0.305478189492437,0.1102572858549064
HR-3-15-26-(03).csv,83.37135314941406,0.05,0.0,False,0.3026826167682035,0.0983685701099449
HR-3-15-26-(03).csv,83.4716796875,0.05,0.0,False,0.289720958471827,0.1011120304306977
HR-3-15-26-(03).csv,83.57200622558594,0.05,0.0,False,0.3148371926399192,0.1345701117622374
HR-3-15-26-(03).csv,83.67233276367188,0.05,0.0,False,0.3468606950961559,0.1480646895759605
HR-3-15-26-(03).csv,83.77265930175781,0.05,0.0,False,0.3575356608127236,0.1358142484164757
HR-3-15-26-(03).csv,83.87298583984375,0.05,0.0,False,0.3315990618143288,0.1447350564790863
HR-3-15-26-(03).csv,83.97331237792969,0.05,0.0,False,0.3280014875453486,0.1867369977260589
HR-3-15-26-(03).csv,84.07363891601562,0.05,0.0,False,0.3230487254396654,0.1893390438349155
HR-3-15-26-(03).csv,84.17396545410156,0.05,0.0,False,0.3039925184172323,0.0845651229010237
HR-3-15-26-(03).csv,84.2742919921875,0.05,0.0,False,0.3191057571016632,0.0795781195631434
HR-3-15-26-(03).csv,84.37461853027344,0.05,0.0,False,0.3314119534181132,0.105996837730246
HR-3-15-26-(03).csv,84.47494506835938,0.05,0.0,False,0.3178601324421599,0.1496413341726373
HR-3-15-26-(03).csv,84.57527160644531,0.05,0.0,False,0.3497823103439259,0.2372576225212767
HR-3-15-26-(03).csv,84.67559814453125,0.05,0.0,False,0.3935183677316671,0.4370427289114073
HR-3-15-26-(03).csv,84.77592468261719,0.05,0.0,False,0.6026352174107279,0.9066137938819872
HR-3-15-26-(03).csv,84.87625122070312,0.14675450244685634,0.9643959045410155,True,0.8940955880251802,0.9979799443781509
HR-3-15-26-(03).csv,84.97657775878906,0.2248879885417409,0.7787918090820312,False,0.9841195613154669,0.4016197558632768
HR-3-15-26-(03).csv,85.076904296875,0.2844004582846537,0.5931877136230468,False,0.9859110144785764,0.0001986419328202
HR-3-15-26-(03).csv,85.17723083496094,0.32529191167559474,0.4075836181640624,False,0.9496245617094752,0.0001518773049614
HR-3-15-26-(03).csv,85.27755737304688,0.347562348714564,0.22197952270507804,False,0.8564520016841287,0.0003501715819229
HR-3-15-26-(03).csv,85.37788391113281,0.35121176940156146,0.03637542724609366,False,0.7202055561264538,0.0024753684611323
HR-3-15-26-(03).csv,85.47821044921875,0.33624017373658716,-0.1492286682128907,False,0.8233889528181344,0.008822507230589
HR-3-15-26-(03).csv,85.57853698730469,0.3026475617196411,-0.3348327636718751,False,0.8941321469308439,0.0018495068510501
HR-3-15-26-(03).csv,85.67886352539062,0.2504339333507232,-0.5204368591308595,False,0.7582855474870622,0.0058871854001981
HR-3-15-26-(03).csv,85.77919006347656,0.1795992886298336,-0.7060409545898438,False,0.8954536184408004,0.0083770116538556
HR-3-15-26-(03).csv,85.8795166015625,0.09014362755697218,-0.8916450500488282,False,0.8353999348969527,0.0037290348163095
HR-3-15-26-(03).csv,85.97984313964844,0.05,0.0,False,0.7879951881907589,0.0032300952831367
HR-3-15-26-(03).csv,86.08016967773438,0.05,0.0,False,0.7658553095573692,0.0236408045990799
HR-3-15-26-(03).csv,86.18049621582031,0.05,0.0,False,0.8176869739191418,0.1350974274230222
HR-3-15-26-(03).csv,86.28082275390625,0.05,0.0,False,0.8943641686860327,0.0210080608547343
HR-3-15-26-(03).csv,86.38114929199219,0.05,0.0,False,0.8896350484146207,0.0121873971913145
HR-3-15-26-(03).csv,86.48147583007812,0.05,0.0,False,0.8386938579420737,0.0178157502037772
HR-3-15-26-(03).csv,86.58180236816406,0.05,0.0,False,0.8128711353413516,0.0188145793031481
HR-3-15-26-(03).csv,86.68212890625,0.05,0.0,False,0.818161496357669,0.0135738397671117
HR-3-15-26-(03).csv,86.78245544433594,0.05,0.0,False,0.8367956506739481,0.0061848506552813
HR-3-15-26-(03).csv,86.88278198242188,0.05,0.0,False,0.8464736871213927,0.0015288820787756
HR-3-15-26-(03).csv,86.98310852050781,0.05,0.0,False,0.7505082597664352,0.0049394217286721
HR-3-15-26-(03).csv,87.08343505859375,0.05,0.0,False,0.5820979426151661,0.0125854035542299
HR-3-15-26-(03).csv,87.18376159667969,0.05,0.0,False,0.6427762625539677,0.0405255637376176
HR-3-15-26-(03).csv,87.28408813476562,0.05,0.0,False,0.7624953917125935,0.062757490062836
HR-3-15-26-(03).csv,87.38441467285156,0.05,0.0,False,0.7932500135144466,0.0894955918395484
HR-3-15-26-(03).csv,87.4847412109375,0.05,0.0,False,0.7282959503847102,0.0468377807914999
HR-3-15-26-(03).csv,87.58506774902344,0.05,0.0,False,0.7712924404705452,0.0088247257156412
HR-3-15-26-(03).csv,87.68539428710938,0.05,0.0,False,0.8014436127613545,0.0031780294034793
HR-3-15-26-(03).csv,87.78572082519531,0.05,0.0,False,0.7356579495091445,0.0140711639299665
HR-3-15-26-(03).csv,87.88604736328125,0.05,0.0,False,0.8391558918999757,0.1069534756622997
HR-3-15-26-(03).csv,87.98637390136719,0.05,0.0,False,0.8918333836191032,0.0698526661070032
HR-3-15-26-(03).csv,88.08670043945312,0.05,0.0,False,0.8642908546558963,0.0094759457599378
HR-3-15-26-(03).csv,88.18702697753906,0.05,0.0,False,0.8841499449899325,0.0012612589351101
HR-3-15-26-(03).csv,88.287353515625,0.05,0.0,False,0.8459095790593929,0.0006220141892295
HR-3-15-26-(03).csv,88.38768005371094,0.05,0.0,False,0.8929032329798084,0.0050916990695182
HR-3-15-26-(03).csv,88.48800659179688,0.05,0.0,False,0.8862289319264228,0.00543840539985
HR-3-15-26-(03).csv,88.58833312988281,0.05,0.0,False,0.8704474216749624,0.0022647839689438
HR-3-15-26-(03).csv,88.68865966796875,0.05,0.0,False,0.92508652993429,0.0037670746816677
HR-3-15-26-(03).csv,88.78898620605469,0.05,0.0,False,0.91086813362519,0.0010074228250554
HR-3-15-26-(03).csv,88.88931274414062,0.05,0.0,False,0.8530688232958715,0.0006389816107784
HR-3-15-26-(03).csv,88.98963928222656,0.05,0.0,False,0.8911536554368327,0.0065217413364309
HR-3-15-26-(03).csv,89.0899658203125,0.05,0.0,False,0.862132341291189,0.0008165119552346
HR-3-15-26-(03).csv,89.19029235839844,0.05,0.0,False,0.8052841236778847,0.0002144484775424
HR-3-15-26-(03).csv,89.29061889648438,0.05,0.0,False,0.8196498172972869,0.0009222646025798
HR-3-15-26-(03).csv,89.39094543457031,0.05,0.0,False,0.8601285823431666,0.0018223458232461
HR-3-15-26-(03).csv,89.49127197265625,0.05,0.0,False,0.8523072511099492,0.0011073233132157
HR-3-15-26-(03).csv,89.59159851074219,0.05,0.0,False,0.8946438348530127,0.0007782644498833
HR-3-15-26-(03).csv,89.69192504882812,0.05,0.0,False,0.8219315948649227,0.0043062088673828
HR-3-15-26-(03).csv,89.79225158691406,0.05,0.0,False,0.6765191842630567,0.0256860688483638
HR-3-15-26-(03).csv,89.892578125,0.05,0.0,False,0.786142071986675,0.019364726469859
HR-3-15-26-(03).csv,89.99290466308594,0.05,0.0,False,0.7886219633910622,0.0105057450207187
HR-3-15-26-(03).csv,90.09323120117188,0.05,0.0,False,0.77325324870667,0.0020440620062062
HR-3-15-26-(03).csv,90.1935577392578,0.05,0.0,False,0.7784967249506898,0.0027703482019152
HR-3-15-26-(03).csv,90.29388427734376,0.05,0.0,False,0.8307843800703472,0.0119192224410245
HR-3-15-26-(03).csv,90.39421081542967,0.05,0.0,False,0.8827878108965805,0.0032926745468879
HR-3-15-26-(03).csv,90.49453735351562,0.05,0.0,False,0.8410754187348861,0.0016149348574151
HR-3-15-26-(03).csv,90.59486389160156,0.05,0.0,False,0.7021285180902948,0.0092587575040883
HR-3-15-26-(03).csv,90.6951904296875,0.05,0.0,False,0.8589968223579245,0.0428228241605367
HR-3-15-26-(03).csv,90.79551696777344,0.05,0.0,False,0.8763632643939889,0.0058228257223515
HR-3-15-26-(03).csv,90.89584350585938,0.05,0.0,False,0.7730215651359366,0.0062172299157676
HR-3-15-26-(03).csv,90.99617004394533,0.05,0.0,False,0.8357226689376083,0.0068197986332216
HR-3-15-26-(03).csv,91.09649658203124,0.05,0.0,False,0.7353690963701669,0.0391248902628869
HR-3-15-26-(03).csv,91.1968231201172,0.05,0.0,False,0.7927846577163209,0.0312050083672549
HR-3-15-26-(03).csv,91.29714965820312,0.05,0.0,False,0.7566539639578977,0.0065899563606562
HR-3-15-26-(03).csv,91.39747619628906,0.05,0.0,False,0.7824762247127642,0.0078052743241924
HR-3-15-26-(03).csv,91.497802734375,0.05,0.0,False,0.8706204668785796,0.0106947493020175
HR-3-15-26-(03).csv,91.59812927246094,0.05,0.0,False,0.7557718926388454,0.0292651558555065
HR-3-15-26-(03).csv,91.69845581054688,0.05,0.0,False,0.768958783671913,0.1359816607587922
HR-3-15-26-(03).csv,91.7987823486328,0.05,0.0,False,0.7686504608927877,0.026882152790808
HR-3-15-26-(03).csv,91.89910888671876,0.05,0.0,False,0.7939982430413667,0.0031165195534274
HR-3-15-26-(03).csv,91.99943542480467,0.05,0.0,False,0.6469214747015306,0.0249948638250834
HR-3-15-26-(03).csv,92.09976196289062,0.05,0.0,False,0.8409430111056705,0.0424229352144254
HR-3-15-26-(03).csv,92.20008850097656,0.05,0.0,False,0.8378563524453679,0.0051228144040129
HR-3-15-26-(03).csv,92.3004150390625,0.05,0.0,False,0.8384227689414628,0.0104650832484431
HR-3-15-26-(03).csv,92.40074157714844,0.05,0.0,False,0.7225074010927431,0.0253502568314189
HR-3-15-26-(03).csv,92.50106811523438,0.05,0.0,False,0.6933212257469465,0.0932126882654353
HR-3-15-26-(03).csv,92.60139465332033,0.05,0.0,False,0.7965634658971719,0.2305340081984528
HR-3-15-26-(03).csv,92.70172119140624,0.05,0.0,False,0.8227417463999236,0.0099283293426216
HR-3-15-26-(03).csv,92.8020477294922,0.05,0.0,False,0.7749445782282385,0.0053170786667991
HR-3-15-26-(03).csv,92.90237426757812,0.05,0.0,False,0.7027613348916082,0.0459703521944814
HR-3-15-26-(03).csv,93.00270080566406,0.05,0.0,False,0.730675584339004,0.1018045337044469
HR-3-15-26-(03).csv,93.10302734375,0.05,0.0,False,0.757686062057293,0.0202098989851783
HR-3-15-26-(03).csv,93.20335388183594,0.05,0.0,False,0.7415375847734895,0.0014507791815223
HR-3-15-26-(03).csv,93.30368041992188,0.05,0.0,False,0.6329549509984591,0.0009803411308086
HR-3-15-26-(03).csv,93.4040069580078,0.05,0.0,False,0.4602418186548441,0.0111178935568906
HR-3-15-26-(03).csv,93.50433349609376,0.05,0.0,False,0.380215199515256,0.0948826645356605
HR-3-15-26-(03).csv,93.60466003417967,0.05,0.0,False,0.4190321100988898,0.2304206669668989
HR-3-15-26-(03).csv,93.70498657226562,0.05,0.0,False,0.3793786553160007,0.1831083092126413
HR-3-15-26-(03).csv,93.80531311035156,0.05,0.0,False,0.3694686080689184,0.17746430449777
HR-3-15-26-(03).csv,93.9056396484375,0.05,0.0,False,0.3609919973903042,0.1445157015601648
HR-3-15-26-(03).csv,94.00596618652344,0.05,0.0,False,0.3461428234476376,0.1510584000412767
HR-3-15-26-(03).csv,94.10629272460938,0.05,0.0,False,0.3434824462282086,0.1861535088919195
HR-3-15-26-(03).csv,94.20661926269533,0.05,0.0,False,0.3409733480612601,0.1581501522985365
HR-3-15-26-(03).csv,94.30694580078124,0.05,0.0,False,0.3328336796644989,0.1686771774317556
HR-3-15-26-(03).csv,94.4072723388672,0.05,0.0,False,0.3370468371693954,0.1323344386840489
HR-3-15-26-(03).csv,94.50759887695312,0.05,0.0,False,0.3540571291262926,0.1411471688642515
HR-3-15-26-(03).csv,94.60792541503906,0.05,0.0,False,0.3333439215824562,0.1445491901031327
HR-3-15-26-(03).csv,94.708251953125,0.05,0.0,False,0.339659156716976,0.1324977189023247
HR-3-15-26-(03).csv,94.80857849121094,0.05,0.0,False,0.3378771423958768,0.1380153458451611
HR-3-15-26-(03).csv,94.90890502929688,0.05,0.0,False,0.342047465546032,0.1179309391443473
HR-3-15-26-(03).csv,95.0092315673828,0.05,0.0,False,0.3264702519974737,0.1015640490569357
HR-3-15-26-(03).csv,95.10955810546876,0.05,0.0,False,0.3270156327852247,0.1425206382294639
HR-3-15-26-(03).csv,95.20988464355467,0.05,0.0,False,0.3324950861430287,0.1439248793682154
HR-3-15-26-(03).csv,95.31021118164062,0.05,0.0,False,0.3292997622630228,0.1259541787285541
HR-3-15-26-(03).csv,95.41053771972656,0.05,0.0,False,0.3156651761832734,0.1097408095122922
HR-3-15-26-(03).csv,95.5108642578125,0.05,0.0,False,0.3246791278662052,0.1130819356581586
HR-3-15-26-(03).csv,95.61119079589844,0.05,0.0,False,0.3195527879626205,0.1428956293842402
HR-3-15-26-(03).csv,95.71151733398438,0.05,0.0,False,0.3140344272250216,0.1436307288984627
HR-3-15-26-(03).csv,95.81184387207033,0.05,0.0,False,0.3382806447319556,0.1678303064585694
HR-3-15-26-(03).csv,95.91217041015624,0.05,0.0,False,0.3166874622193536,0.1641925290406614
HR-3-15-26-(03).csv,96.0124969482422,0.05,0.0,False,0.3398035363383773,0.154636705846401
HR-3-15-26-(03).csv,96.11282348632812,0.05,0.0,False,0.3491488105236299,0.1671918571544874
HR-3-15-26-(03).csv,96.21315002441406,0.05,0.0,False,0.3490246932333565,0.177667618921464
HR-3-15-26-(03).csv,96.3134765625,0.05,0.0,False,0.3590022236917827,0.1691940871086379
HR-3-15-26-(03).csv,96.41380310058594,0.05,0.0,False,0.3337901916065094,0.1268911995876508
HR-3-15-26-(03).csv,96.51412963867188,0.05,0.0,False,0.3102432098076138,0.1093463380721891
HR-3-15-26-(03).csv,96.6144561767578,0.05,0.0,False,0.3425696468803288,0.1543214434156684
HR-3-15-26-(03).csv,96.71478271484376,0.05,0.0,False,0.3260031074319427,0.1048338381333746
HR-3-15-26-(03).csv,96.81510925292967,0.05,0.0,False,0.3182394685985135,0.0783596556261423
HR-3-15-26-(03).csv,96.91543579101562,0.05,0.0,False,0.3343542895024577,0.1058670934396799
HR-3-15-26-(03).csv,97.01576232910156,0.05,0.0,False,0.347421631086146,0.146378811629427
HR-3-15-26-(03).csv,97.1160888671875,0.05,0.0,False,0.317490545462111,0.150334860390313
HR-3-15-26-(03).csv,97.21641540527344,0.05,0.0,False,0.3093267824892169,0.1539909636347877
HR-3-15-26-(03).csv,97.31674194335938,0.05,0.0,False,0.3350100176523333,0.1676649596627517
HR-3-15-26-(03).csv,97.41706848144533,0.05,0.0,False,0.3392519086639957,0.1677783309959806
HR-3-15-26-(03).csv,97.51739501953124,0.05,0.0,False,0.3457345003283911,0.1804536809714806
HR-3-15-26-(03).csv,97.6177215576172,0.05,0.0,False,0.3307647116648299,0.1753807036507808
HR-3-15-26-(03).csv,97.71804809570312,0.05,0.0,False,0.3366579011367325,0.2000011828817248
HR-3-15-26-(03).csv,97.81837463378906,0.05,0.0,False,0.3477558964423695,0.2130700016713737
HR-3-15-26-(03).csv,97.918701171875,0.05,0.0,False,0.3438812451591618,0.2028278392593443
HR-3-15-26-(03).csv,98.01902770996094,0.05,0.0,False,0.3529484500266006,0.2041370181310719
HR-3-15-26-(03).csv,98.11935424804688,0.05,0.0,False,0.3183187269680797,0.169751670475941
HR-3-15-26-(03).csv,98.2196807861328,0.05,0.0,False,0.3587691457078046,0.1565446756528019
HR-3-15-26-(03).csv,98.32000732421876,0.05,0.0,False,0.3438380270943847,0.1525731732174851
HR-3-15-26-(03).csv,98.42033386230467,0.05,0.0,False,0.3479226970762742,0.1588746000191184
HR-3-15-26-(03).csv,98.52066040039062,0.05,0.0,False,0.3471584686242664,0.1616342757788297
HR-3-15-26-(03).csv,98.62098693847656,0.05,0.0,False,0.3420874580265574,0.1960005836940565
HR-3-15-26-(03).csv,98.7213134765625,0.05,0.0,False,0.3512045871503652,0.2069935997705514
HR-3-15-26-(03).csv,98.82164001464844,0.05,0.0,False,0.3566354614126401,0.2151069464284525
HR-3-15-26-(03).csv,98.92196655273438,0.05,0.0,False,0.3586535454827833,0.2452263622221113
HR-3-15-26-(03).csv,99.02229309082033,0.05,0.0,False,0.3757430069233692,0.297324819490855
HR-3-15-26-(03).csv,99.12261962890624,0.05,0.0,False,0.4467854108285201,0.8495098970818866
HR-3-15-26-(03).csv,99.2229461669922,0.14675450244685634,0.9643959045410155,True,0.8235378832759243,0.988138131088883
HR-3-15-26-(03).csv,99.32327270507812,0.2248879885417409,0.7787918090820312,False,0.929021655326363,0.1384390424155033
HR-3-15-26-(03).csv,99.42359924316406,0.2844004582846537,0.5931877136230468,False,0.8507490755832575,0.0003289917017185
HR-3-15-26-(03).csv,99.52392578125,0.32529191167559474,0.4075836181640624,False,0.8200838081623318,0.0001070735247253
HR-3-15-26-(03).csv,99.62425231933594,0.347562348714564,0.22197952270507804,False,0.4522822760590774,0.0129091443784668
HR-3-15-26-(03).csv,99.72457885742188,0.35121176940156146,0.03637542724609366,False,0.4327495410005659,0.6111825459793253
HR-3-15-26-(03).csv,99.8249053955078,0.33624017373658716,-0.1492286682128907,False,0.7423751144559454,0.8745823333944532
HR-3-15-26-(03).csv,99.92523193359376,0.4329946761834435,0.9643959045410155,True,0.8126874363334113,0.0113358809828498
HR-3-15-26-(03).csv,100.02555847167967,0.511128162278328,0.7787918090820312,False,0.6294899001493435,0.0003183048031071
HR-3-15-26-(03).csv,100.12588500976562,0.5706406320212408,0.5931877136230468,False,0.5201648666668353,0.0080742795436602
HR-3-15-26-(03).csv,100.22621154785156,0.6115320854121818,0.4075836181640624,False,0.4998840486087145,0.8403754384741271
HR-3-15-26-(03).csv,100.3265380859375,0.7082865878590382,0.9643959045410155,True,0.8926420207282644,0.9285239652452232
HR-3-15-26-(03).csv,100.42686462402344,0.7864200739539228,0.7787918090820312,False,0.9404902326018924,0.0028911899165622
HR-3-15-26-(03).csv,100.52719116210938,0.8459325436968356,0.5931877136230468,False,0.952505358499954,3.366945917936547e-05
HR-3-15-26-(03).csv,100.62751770019533,0.8868239970877766,0.4075836181640624,False,0.6720865577230422,0.0002686815260191
HR-3-15-26-(03).csv,100.72784423828124,0.9090944341267458,0.22197952270507804,False,0.4060925473239641,0.0394852757745481
HR-3-15-26-(03).csv,100.8281707763672,0.9127438548137433,0.03637542724609366,False,0.4894856791707491,0.806339926106819
HR-3-15-26-(03).csv,100.92849731445312,0.95,0.0,True,0.9234036333399468,0.8904842435389895
HR-3-15-26-(03).csv,101.02882385253906,0.9313789836480282,-0.18560409545898438,False,0.904457150174209,0.0158628245235943
HR-3-15-26-(03).csv,101.129150390625,0.8941369509440846,-0.37120819091796875,False,0.7072898504013643,0.0014717920779204
HR-3-15-26-(03).csv,101.22947692871094,0.8382739018881693,-0.5568122863769531,False,0.4795213166691123,0.0036927582807686
HR-3-15-26-(03).csv,101.32980346679688,0.7637898364802822,-0.7424163818359375,False,0.4265156632543394,0.1296598053077635
HR-3-15-26-(03).csv,101.4301300048828,0.6706847547204233,-0.9280204772949219,False,0.5326607491427539,0.7555846995412159
HR-3-15-26-(03).csv,101.53045654296876,0.5589586566085927,-1.1136245727539062,False,0.7522817404417617,0.4762472233567613
HR-3-15-26-(03).csv,101.63078308105467,0.655713159055449,0.9643959045410155,True,0.8539269804651555,0.0312110387806759
HR-3-15-26-(03).csv,101.73110961914062,0.7338466451503336,0.7787918090820312,False,0.8802706836286353,0.0012261636903322
HR-3-15-26-(03).csv,101.83143615722656,0.7933591148932464,0.5931877136230468,False,0.6388887300918941,0.0042131502092442
HR-3-15-26-(03).csv,101.9317626953125,0.8342505682841874,0.4075836181640624,False,0.4674157916976874,0.1257320312065618
HR-3-15-26-(03).csv,102.03208923339844,0.8565210053231567,0.22197952270507804,False,0.5957658213425054,0.847277184058826
HR-3-15-26-(03).csv,102.13241577148438,0.95,0.0,True,0.8454429472845476,0.621010776779248
HR-3-15-26-(03).csv,102.23274230957033,0.9313789836480282,-0.18560409545898438,False,0.8500777563621607,0.0056145269617069
HR-3-15-26-(03).csv,102.33306884765624,0.8941369509440846,-0.37120819091796875,False,0.5717219164931301,0.0008675023918462
HR-3-15-26-(03).csv,102.4333953857422,0.8382739018881693,-0.5568122863769531,False,0.4225166208467277,0.0749402521278345
HR-3-15-26-(03).csv,102.53372192382812,0.7637898364802822,-0.7424163818359375,False,0.6105447892141501,0.8947922830925753
HR-3-15-26-(03).csv,102.63404846191406,0.8605443389271386,0.9643959045410155,True,0.8335043111451875,0.3475282646420506
HR-3-15-26-(03).csv,102.734375,0.9386778250220231,0.7787918090820312,False,0.8893789736774885,0.002214499404016
HR-3-15-26-(03).csv,102.83470153808594,0.95,0.0,False,0.8613970893367465,0.0005522402809746
HR-3-15-26-(03).csv,102.93502807617188,0.9313789836480282,-0.18560409545898438,False,0.5847360299596212,0.0199862214148778
HR-3-15-26-(03).csv,103.0353546142578,0.8941369509440846,-0.37120819091796875,False,0.4930149965109858,0.3560664443613602
HR-3-15-26-(03).csv,103.13568115234376,0.8382739018881693,-0.5568122863769531,False,0.6628708477139558,0.8788898755164202
HR-3-15-26-(03).csv,103.23600769042967,0.9350284043350257,0.9643959045410155,True,0.8443616731264748,0.6024132305046535
HR-3-15-26-(03).csv,103.33633422851562,0.95,0.0,False,0.8590478300945423,0.0085076924784589
HR-3-15-26-(03).csv,103.43666076660156,0.9313789836480282,-0.18560409545898438,False,0.6289019894403731,0.0026902035324528
HR-3-15-26-(03).csv,103.5369873046875,0.8941369509440846,-0.37120819091796875,False,0.444306612412644,0.0345622445407487
HR-3-15-26-(03).csv,103.63731384277344,0.8382739018881693,-0.5568122863769531,False,0.54787400429279,0.6705554721888096
HR-3-15-26-(03).csv,103.73764038085938,0.9350284043350257,0.9643959045410155,True,0.8305389702161008,0.9158311720396914
HR-3-15-26-(03).csv,103.83796691894533,0.95,0.0,False,0.9301582992826836,0.0040036609432745
HR-3-15-26-(03).csv,103.93829345703124,0.9313789836480282,-0.18560409545898438,False,0.8726681645027707,6.803135734028268e-05
HR-3-15-26-(03).csv,104.0386199951172,0.8941369509440846,-0.37120819091796875,False,0.5288960416245454,0.0001849175736906
HR-3-15-26-(03).csv,104.13894653320312,0.8382739018881693,-0.5568122863769531,False,0.4502263773517821,0.0908976563879231
HR-3-15-26-(03).csv,104.23927307128906,0.7637898364802822,-0.7424163818359375,False,0.4837731094841313,0.8318941066590315
HR-3-15-26-(03).csv,104.339599609375,0.8605443389271386,0.9643959045410155,True,0.9390996740391658,0.9172612591786684
HR-3-15-26-(03).csv,104.43992614746094,0.9386778250220231,0.7787918090820312,False,0.92601217866952,0.0145401791600249
HR-3-15-26-(03).csv,104.54025268554688,0.95,0.0,False,0.7210197643578368,0.0006411673826217
HR-3-15-26-(03).csv,104.6405792236328,0.9313789836480282,-0.18560409545898438,False,0.5195010323264879,0.0068901014820654
HR-3-15-26-(03).csv,104.74090576171876,0.8941369509440846,-0.37120819091796875,False,0.5027120419593087,0.3577830072192428
HR-3-15-26-(03).csv,104.84123229980467,0.8382739018881693,-0.5568122863769531,False,0.7058576656418721,0.6929545273516541
HR-3-15-26-(03).csv,104.94155883789062,0.7637898364802822,-0.7424163818359375,False,0.7978672308125254,0.0249720530773423
HR-3-15-26-(03).csv,105.04188537597656,0.6706847547204233,-0.9280204772949219,False,0.7437088035794759,0.0010642044453832
HR-3-15-26-(03).csv,105.1422119140625,0.5589586566085927,-1.1136245727539062,False,0.6176651427220214,0.0013153716561935
HR-3-15-26-(03).csv,105.24253845214844,0.42861154214479025,-1.2992286682128906,False,0.553387406038442,0.1148633361381865
HR-3-15-26-(03).csv,105.34286499023438,0.27964341132901605,-1.484832763671875,False,0.6088941943674715,0.8511512776740672
HR-3-15-26-(03).csv,105.44319152832033,0.11205426416127007,-1.6704368591308594,False,0.8920245412525074,0.7624449160731085
HR-3-15-26-(03).csv,105.54351806640624,0.05,0.0,False,0.8946817534892,0.0089666384846653
HR-3-15-26-(03).csv,105.6438446044922,0.05,0.0,False,0.6716022476528407,0.0008890493921031
HR-3-15-26-(03).csv,105.74417114257812,0.05,0.0,False,0.5168408052382107,0.0199706551893188
HR-3-15-26-(03).csv,105.84449768066406,0.05,0.0,False,0.4778245973728375,0.4637235501664081
HR-3-15-26-(03).csv,105.94482421875,0.05,0.0,False,0.7779044869511894,0.9694545978434556
HR-3-15-26-(03).csv,106.04515075683594,0.14675450244685634,0.9643959045410155,True,0.8860573832811673,0.3574664531498634
HR-3-15-26-(03).csv,106.14547729492188,0.2248879885417409,0.7787918090820312,False,0.9140976166444764,0.0030539784010463
HR-3-15-26-(03).csv,106.2458038330078,0.2844004582846537,0.5931877136230468,False,0.7003427718404509,0.0013347104366493
HR-3-15-26-(03).csv,106.34613037109376,0.32529191167559474,0.4075836181640624,False,0.4952145573593185,0.1799944200639834
HR-3-15-26-(03).csv,106.44645690917967,0.347562348714564,0.22197952270507804,False,0.6489558800822992,0.820961976701625
HR-3-15-26-(03).csv,106.54678344726562,0.35121176940156146,0.03637542724609366,False,0.6997630256338144,0.3854820530184498
HR-3-15-26-(03).csv,106.64710998535156,0.33624017373658716,-0.1492286682128907,False,0.7672465301309788,0.0071937709908189
HR-3-15-26-(03).csv,106.7474365234375,0.3026475617196411,-0.3348327636718751,False,0.7025684639459648,0.0017769538136318
HR-3-15-26-(03).csv,106.84776306152344,0.2504339333507232,-0.5204368591308595,False,0.5125800977289525,0.0230090757824277
HR-3-15-26-(03).csv,106.94808959960938,0.1795992886298336,-0.7060409545898438,False,0.5100548704786542,0.3110913833614275
HR-3-15-26-(03).csv,107.04841613769533,0.09014362755697218,-0.8916450500488282,False,0.6027365099181162,0.7759677859246022
HR-3-15-26-(03).csv,107.14874267578124,0.18689813000382852,0.9643959045410155,True,0.8323252535745438,0.3316445841671326
HR-3-15-26-(03).csv,107.2490692138672,0.26503161609871306,0.7787918090820312,False,0.8440314956545677,0.0113782704000387
HR-3-15-26-(03).csv,107.34939575195312,0.32454408584162586,0.5931877136230468,False,0.6218366421572683,0.0042072724578379
HR-3-15-26-(03).csv,107.44972229003906,0.3654355392325669,0.4075836181640624,False,0.4756224069110261,0.084245262511981
HR-3-15-26-(03).csv,107.550048828125,0.38770597627153613,0.22197952270507804,False,0.5033253048483359,0.2698406858513939
HR-3-15-26-(03).csv,107.65037536621094,0.3913553969585336,0.03637542724609366,False,0.5818129010635787,0.197981472792847
HR-3-15-26-(03).csv,107.75070190429688,0.3763838012935593,-0.1492286682128907,False,0.5566878878355304,0.0996327648438249
HR-3-15-26-(03).csv,107.8510284423828,0.34279118927661323,-0.3348327636718751,False,0.4163246194594289,0.0860656455731019
HR-3-15-26-(03).csv,107.95135498046876,0.2905775609076954,-0.5204368591308595,False,0.4097796836525637,0.2031545049575215
HR-3-15-26-(03).csv,108.05168151855467,0.21974291618680575,-0.7060409545898438,False,0.4275396793665227,0.2512298836847098
HR-3-15-26-(03).csv,108.15200805664062,0.13028725511394434,-0.8916450500488282,False,0.3915381724699969,0.1853961328302466
HR-3-15-26-(03).csv,108.25233459472656,0.05,0.0,False,0.3149350149635131,0.1328609818029296
HR-3-15-26-(03).csv,108.3526611328125,0.05,0.0,False,0.3667833170363921,0.1758583122487378
HR-3-15-26-(03).csv,108.45298767089844,0.05,0.0,False,0.3511584038498256,0.1846657182236055
HR-3-15-26-(03).csv,108.55331420898438,0.05,0.0,False,0.3125800968200583,0.1462522960812365
HR-3-15-26-(03).csv,108.65364074707033,0.05,0.0,False,0.3485230858349126,0.162379145639129
HR-3-15-26-(03).csv,108.75396728515624,0.05,0.0,False,0.2940083660492527,0.1101172729255433
HR-3-15-26-(03).csv,108.8542938232422,0.05,0.0,False,0.3227884639567171,0.1030117120765437
HR-3-15-26-(03).csv,108.95462036132812,0.05,0.0,False,0.3044502670977616,0.1334764152883268
HR-3-15-26-(03).csv,109.05494689941406,0.05,0.0,False,0.3424856716129594,0.1678920049667245
HR-3-15-26-(03).csv,109.1552734375,0.05,0.0,False,0.3468130813385064,0.1479751156613737
HR-3-15-26-(03).csv,109.25559997558594,0.05,0.0,False,0.3427899353389666,0.1247834385054665
HR-3-15-26-(03).csv,109.35592651367188,0.05,0.0,False,0.3117013297149468,0.127794305298903
HR-3-15-26-(03).csv,109.4562530517578,0.05,0.0,False,0.3296572744251173,0.1318826305261884
HR-3-15-26-(03).csv,109.55657958984376,0.05,0.0,False,0.3512026625700674,0.156892027203659
HR-3-15-26-(03).csv,109.65690612792967,0.05,0.0,False,0.3481405515062609,0.1646460550344602
HR-3-15-26-(03).csv,109.75723266601562,0.05,0.0,False,0.3292554550821333,0.1616200869438191
HR-3-15-26-(03).csv,109.85755920410156,0.05,0.0,False,0.3556257260846346,0.177845369568203
HR-3-15-26-(03).csv,109.9578857421875,0.05,0.0,False,0.3421298300890728,0.1909075716405568
HR-3-15-26-(03).csv,110.05821228027344,0.05,0.0,False,0.3578639415767184,0.1985200842766803
HR-3-15-26-(03).csv,110.15853881835938,0.05,0.0,False,0.3587003770360367,0.1823987605862342
HR-3-15-26-(03).csv,110.25886535644533,0.05,0.0,False,0.3808128201284531,0.1728343733084755
HR-3-15-26-(03).csv,110.35919189453124,0.05,0.0,False,0.3458756416928514,0.1452884150670043
HR-3-15-26-(03).csv,110.4595184326172,0.05,0.0,False,0.339110773789362,0.1928866396236663
HR-3-15-26-(03).csv,110.55984497070312,0.05,0.0,False,0.3461806147623673,0.2038859190422697
HR-3-15-26-(03).csv,110.66017150878906,0.05,0.0,False,0.3358385146795426,0.161453745790921
HR-3-15-26-(03).csv,110.760498046875,0.05,0.0,False,0.3232562197234991,0.1272484193771319
HR-3-15-26-(03).csv,110.86082458496094,0.05,0.0,False,0.3426968612954777,0.1645153636907228
HR-3-15-26-(03).csv,110.96115112304688,0.05,0.0,False,0.3051788715250021,0.1510078119979049
HR-3-15-26-(03).csv,111.0614776611328,0.05,0.0,False,0.3405803621448214,0.1868165466426441
HR-3-15-26-(03).csv,111.16180419921876,0.05,0.0,False,0.3360572072271389,0.1680546243718053
HR-3-15-26-(03).csv,111.26213073730467,0.05,0.0,False,0.336580475044981,0.1509635197807169
HR-3-15-26-(03).csv,111.36245727539062,0.05,0.0,False,0.3597900765851,0.1658870206209976
HR-3-15-26-(03).csv,111.46278381347656,0.05,0.0,False,0.3278407608554814,0.1399917069436371
HR-3-15-26-(03).csv,111.5631103515625,0.05,0.0,False,0.3226627241070375,0.163024020831917
HR-3-15-26-(03).csv,111.66343688964844,0.05,0.0,False,0.3255913228416687,0.2057923831656631
HR-3-15-26-(03).csv,111.76376342773438,0.05,0.0,False,0.3311111249040915,0.2003681055397614
HR-3-15-26-(03).csv,111.86408996582033,0.05,0.0,False,0.3317696728521062,0.1613084057472493
HR-3-15-26-(03).csv,111.96441650390624,0.05,0.0,False,0.3284137394692077,0.1719120457141486
HR-3-15-26-(03).csv,112.0647430419922,0.05,0.0,False,0.3581667900925045,0.195809436810654
HR-3-15-26-(03).csv,112.16506958007812,0.05,0.0,False,0.3222960285887264,0.176302964943818
HR-3-15-26-(03).csv,112.26539611816406,0.05,0.0,False,0.3376994370875746,0.1291443682834038
HR-3-15-26-(03).csv,112.36572265625,0.05,0.0,False,0.3345524968474924,0.1390572478957524
HR-3-15-26-(03).csv,112.46604919433594,0.05,0.0,False,0.3433967796520776,0.1571442096638848
HR-3-15-26-(03).csv,112.56637573242188,0.05,0.0,False,0.3382950856409452,0.1423243517426303
HR-3-15-26-(03).csv,112.6667022705078,0.05,0.0,False,0.3456827749144991,0.1356292858892669
HR-3-15-26-(03).csv,112.76702880859376,0.05,0.0,False,0.3082850096971226,0.0793112790615282
HR-3-15-26-(03).csv,112.86735534667967,0.05,0.0,False,0.2997714716449836,0.0564055711418892
HR-3-15-26-(03).csv,112.96768188476562,0.05,0.0,False,0.3013885887026278,0.0643185306718559
HR-3-15-26-(03).csv,113.06800842285156,0.05,0.0,False,0.324876131762872,0.0913910226112579
HR-3-15-26-(03).csv,113.1683349609375,0.05,0.0,False,0.313184040918624,0.15171024194062
HR-3-15-26-(03).csv,113.26866149902344,0.05,0.0,False,0.2841781204758556,0.1219158985969103
HR-3-15-26-(03).csv,113.36898803710938,0.05,0.0,False,0.3042952314292522,0.1353095352238766
HR-3-15-26-(03).csv,113.46931457519533,0.05,0.0,False,0.3061301403449091,0.1507527588553166
HR-3-15-26-(03).csv,113.56964111328124,0.05,0.0,False,0.3207210614872124,0.1577258166457558
HR-3-15-26-(03).csv,113.6699676513672,0.05,0.0,False,0.3355818085602934,0.1701260871367963
HR-3-15-26-(03).csv,113.77029418945312,0.05,0.0,False,0.3302375791745033,0.1498752494941734
HR-3-15-26-(03).csv,113.87062072753906,0.05,0.0,False,0.3404971175251077,0.1615318252399356
HR-3-15-26-(03).csv,113.970947265625,0.05,0.0,False,0.3373897951430048,0.1618017210601504
HR-3-15-26-(03).csv,114.07127380371094,0.05,0.0,False,0.3241381302520972,0.1303062399469568
HR-3-15-26-(03).csv,114.17160034179688,0.05,0.0,False,0.3402492759461375,0.1497741409952441
HR-3-15-26-(03).csv,114.2719268798828,0.05,0.0,False,0.3317633549319222,0.1334493292127233
HR-3-15-26-(03).csv,114.37225341796876,0.05,0.0,False,0.3160568639848126,0.1246350903381263
HR-3-15-26-(03).csv,114.47257995605467,0.05,0.0,False,0.327747670156031,0.1509957081793191
HR-3-15-26-(03).csv,114.57290649414062,0.05,0.0,False,0.3703418752255993,0.2048196142610159
HR-3-15-26-(03).csv,114.67323303222656,0.05,0.0,False,0.3475453972178469,0.1896896742987753
HR-3-15-26-(03).csv,114.7735595703125,0.05,0.0,False,0.3531665698856525,0.1601897644353115
HR-3-15-26-(03).csv,114.87388610839844,0.05,0.0,False,0.3132127973105418,0.1432364856873171
HR-3-15-26-(03).csv,114.97421264648438,0.05,0.0,False,0.3117445507846643,0.1423291636393975
HR-3-15-26-(03).csv,115.07453918457033,0.05,0.0,False,0.3048136345663351,0.1165840712553082
HR-3-15-26-(03).csv,115.17486572265624,0.05,0.0,False,0.3071525241642117,0.0973933039819212
HR-3-15-26-(03).csv,115.2751922607422,0.05,0.0,False,0.3048500788970831,0.0920437155460675
HR-3-15-26-(03).csv,115.37551879882812,0.05,0.0,False,0.3244677413336471,0.1000416718533475
HR-3-15-26-(03).csv,115.47584533691406,0.05,0.0,False,0.3604625991619058,0.1708340528701771
HR-3-15-26-(03).csv,115.576171875,0.05,0.0,False,0.3404876894890674,0.1739680015977538
HR-3-15-26-(03).csv,115.67649841308594,0.05,0.0,False,0.3653616696730659,0.1709796170697741
HR-3-15-26-(03).csv,115.77682495117188,0.05,0.0,False,0.3580815488015848,0.1780057967268178
HR-3-15-26-(03).csv,115.8771514892578,0.05,0.0,False,0.3634370174425344,0.1883150589443945
HR-3-15-26-(03).csv,115.97747802734376,0.05,0.0,False,0.3591387100078882,0.1924707831510346
HR-3-15-26-(03).csv,116.07780456542967,0.05,0.0,False,0.3290620385134981,0.12877584825158
HR-3-15-26-(03).csv,116.17813110351562,0.05,0.0,False,0.3072070842288852,0.1368376212599867
HR-3-15-26-(03).csv,116.27845764160156,0.05,0.0,False,0.2856461194528358,0.1098669873072639
HR-3-15-26-(03).csv,116.3787841796875,0.05,0.0,False,0.2592430256409379,0.0681059482288086
HR-3-15-26-(03).csv,116.47911071777344,0.05,0.0,False,0.2312686264052251,0.0553999708202353
HR-3-15-26-(03).csv,116.57943725585938,0.05,0.0,False,0.2753002367915361,0.0748177742195847
HR-3-15-26-(03).csv,116.67976379394533,0.05,0.0,False,0.2880873640264532,0.0907309539646758
HR-3-15-26-(03).csv,116.78009033203124,0.05,0.0,False,0.3165500090987255,0.1179304782466777
HR-3-15-26-(03).csv,116.8804168701172,0.05,0.0,False,0.309801120976632,0.0986749441818984
HR-3-15-26-(03).csv,116.98074340820312,0.05,0.0,False,0.3181944899795741,0.1017825291971986
HR-3-15-26-(03).csv,117.08106994628906,0.05,0.0,False,0.309767671751649,0.1083718381938249
HR-3-15-26-(03).csv,117.181396484375,0.05,0.0,False,0.3022809789340693,0.1032833165082691
HR-3-15-26-(03).csv,117.28172302246094,0.05,0.0,False,0.3153994310882615,0.123813382620809
HR-3-15-26-(03).csv,117.38204956054688,0.05,0.0,False,0.3190129338979356,0.146503345539924
HR-3-15-26-(03).csv,117.4823760986328,0.05,0.0,False,0.3589981891953709,0.160995133593523
HR-3-15-26-(03).csv,117.58270263671876,0.05,0.0,False,0.3488418681670233,0.1517413114507618
HR-3-15-26-(03).csv,117.68302917480467,0.05,0.0,False,0.3315565815993477,0.1430607892996526
HR-3-15-26-(03).csv,117.78335571289062,0.05,0.0,False,0.3200371919602459,0.1315513274262132
HR-3-15-26-(03).csv,117.88368225097656,0.05,0.0,False,0.3092987686036499,0.1452978277962952
HR-3-15-26-(03).csv,117.9840087890625,0.05,0.0,False,0.3038460436229688,0.1436395522779715
HR-3-15-26-(03).csv,118.08433532714844,0.05,0.0,False,0.3221154880756538,0.1413432403430573
HR-3-15-26-(03).csv,118.18466186523438,0.05,0.0,False,0.3090346546214338,0.1494667785086984
HR-3-15-26-(03).csv,118.28498840332033,0.05,0.0,False,0.3090960716482719,0.1378039768130771
HR-3-15-26-(03).csv,118.38531494140624,0.05,0.0,False,0.2960925363335861,0.1376450262265526
HR-3-15-26-(03).csv,118.4856414794922,0.05,0.0,False,0.3343183541596024,0.1638559879835913
HR-3-15-26-(03).csv,118.58596801757812,0.05,0.0,False,0.3320184900554314,0.1786226221916212
HR-3-15-26-(03).csv,118.68629455566406,0.05,0.0,False,0.3281937706494146,0.1599587986847945
HR-3-15-26-(03).csv,118.78662109375,0.05,0.0,False,0.3381260219791986,0.1562817363391518
HR-3-15-26-(03).csv,118.88694763183594,0.05,0.0,False,0.3355432238021451,0.1421557094556451
HR-3-15-26-(03).csv,118.98727416992188,0.05,0.0,False,0.3346461243665491,0.1354828342987847
HR-3-15-26-(03).csv,119.0876007080078,0.05,0.0,False,0.3150654069218374,0.1463681546817819
HR-3-15-26-(03).csv,119.18792724609376,0.05,0.0,False,0.3125483671348935,0.156628964385511
HR-3-15-26-(03).csv,119.28825378417967,0.05,0.0,False,0.3044632184908878,0.1259304251475007
HR-3-15-26-(03).csv,119.38858032226562,0.05,0.0,False,0.3154943963822666,0.1253935781584887
HR-3-15-26-(03).csv,119.48890686035156,0.05,0.0,False,0.3052015475159905,0.1170292675673283
HR-3-15-26-(03).csv,119.5892333984375,0.05,0.0,False,0.3017202552774464,0.147614104629089
HR-3-15-26-(03).csv,119.68955993652344,0.05,0.0,False,0.3251593375414582,0.1534871932077677
HR-3-15-26-(03).csv,119.78988647460938,0.05,0.0,False,0.3310736193765379,0.1389075420297747
HR-3-15-26-(03).csv,119.89021301269533,0.05,0.0,False,0.3325589929434177,0.1393813599086134
HR-3-15-26-(03).csv,119.99053955078124,0.05,0.0,False,0.3202536533136914,0.1567726476222047
HR-3-15-26-(03).csv,120.0908660888672,0.05,0.0,False,0.3303117184631001,0.1859041976013025
HR-3-15-26-(03).csv,120.19119262695312,0.05,0.0,False,0.3072845375451575,0.1636376242347219
HR-3-15-26-(03).csv,120.29151916503906,0.05,0.0,False,0.3174030353225244,0.1468521356721503
HR-3-15-26-(03).csv,120.391845703125,0.05,0.0,False,0.3396881089678562,0.1558616381249469
HR-3-15-26-(03).csv,120.49217224121094,0.05,0.0,False,0.3257182459466088,0.1479035462984053
HR-3-15-26-(03).csv,120.59249877929688,0.05,0.0,False,0.3120314918885309,0.1288731837315012
HR-3-15-26-(03).csv,120.6928253173828,0.05,0.0,False,0.3195194174695406,0.1483843504669622
HR-3-15-26-(03).csv,120.79315185546876,0.05,0.0,False,0.3058552053781174,0.1346310336553668
HR-3-15-26-(03).csv,120.89347839355467,0.05,0.0,False,0.3334911352014461,0.1553765250211354
HR-3-15-26-(03).csv,120.99380493164062,0.05,0.0,False,0.3074420185093011,0.1285177084319934
HR-3-15-26-(03).csv,121.09413146972656,0.05,0.0,False,0.2901799741575138,0.1139144105518155
HR-3-15-26-(03).csv,121.1944580078125,0.05,0.0,False,0.3119128606684794,0.1151859057754345
HR-3-15-26-(03).csv,121.29478454589844,0.05,0.0,False,0.3136323936141731,0.1319336236614015
HR-3-15-26-(03).csv,121.39511108398438,0.05,0.0,False,0.3185811415558408,0.1305672218674713
HR-3-15-26-(03).csv,121.49543762207033,0.05,0.0,False,0.3234441662595251,0.1194757076947165
HR-3-15-26-(03).csv,121.59576416015624,0.05,0.0,False,0.3157070154674543,0.120992412275449
HR-3-15-26-(03).csv,121.6960906982422,0.05,0.0,False,0.3186068311465382,0.1637193462752554
HR-3-15-26-(03).csv,121.79641723632812,0.05,0.0,False,0.3221474656822037,0.160881060745918
HR-3-15-26-(03).csv,121.89674377441406,0.05,0.0,False,0.3297527047366458,0.1332200945444017
HR-3-15-26-(03).csv,121.9970703125,0.05,0.0,False,0.338817534623607,0.1628922979724724
HR-3-15-26-(03).csv,122.09739685058594,0.05,0.0,False,0.3023395085113403,0.1469219355503096
HR-3-15-26-(03).csv,122.19772338867188,0.05,0.0,False,0.336476015879766,0.1737925724037125
HR-3-15-26-(03).csv,122.2980499267578,0.05,0.0,False,0.3537937902112527,0.1577426472416817
HR-3-15-26-(03).csv,122.39837646484376,0.05,0.0,False,0.3682300828458759,0.1385533937488858
HR-3-15-26-(03).csv,122.49870300292967,0.05,0.0,False,0.3574316531271027,0.1280929944448139
HR-3-15-26-(03).csv,122.59902954101562,0.05,0.0,False,0.3422002700770765,0.1615157530040243
HR-3-15-26-(03).csv,122.69935607910156,0.05,0.0,False,0.3314039995835746,0.1576541753840266
HR-3-15-26-(03).csv,122.7996826171875,0.05,0.0,False,0.3320824118551562,0.1513526846350479
HR-3-15-26-(03).csv,122.90000915527344,0.05,0.0,False,0.3213061298504701,0.1898235299800026
HR-3-15-26-(03).csv,123.00033569335938,0.05,0.0,False,0.3203423757362141,0.181322440522607
HR-3-15-26-(03).csv,123.10066223144533,0.05,0.0,False,0.3134832600053217,0.1743950243252104
HR-3-15-26-(03).csv,123.20098876953124,0.05,0.0,False,0.3165255095120661,0.1298746020009022
HR-3-15-26-(03).csv,123.3013153076172,0.05,0.0,False,0.3127219147297381,0.1376352333186284
HR-3-15-26-(03).csv,123.40164184570312,0.05,0.0,False,0.3148006233501056,0.1757453652137875
HR-3-15-26-(03).csv,123.50196838378906,0.05,0.0,False,0.3322002367828075,0.1751357047382498
HR-3-15-26-(03).csv,123.602294921875,0.05,0.0,False,0.3226172471854194,0.1706416771027425
HR-3-15-26-(03).csv,123.70262145996094,0.05,0.0,False,0.338083689269393,0.1942589494243869
HR-3-15-26-(03).csv,123.80294799804688,0.05,0.0,False,0.3547746950433307,0.1573470609556838
HR-3-15-26-(03).csv,123.9032745361328,0.05,0.0,False,0.3839173401952018,0.4284084933334793
HR-3-15-26-(03).csv,124.00360107421876,0.05,0.0,False,0.6505550114960299,0.9760610117339694
HR-3-15-26-(03).csv,124.10392761230467,0.14675450244685634,0.9643959045410155,True,0.9389657279311484,0.9089625011211852
HR-3-15-26-(03).csv,124.20425415039062,0.2248879885417409,0.7787918090820312,False,0.9359941582281102,0.0263331423188052
HR-3-15-26-(03).csv,124.30458068847656,0.2844004582846537,0.5931877136230468,False,0.9072873099419322,0.0015821363587889
HR-3-15-26-(03).csv,124.4049072265625,0.32529191167559474,0.4075836181640624,False,0.9374648040022436,0.0015688631662388
HR-3-15-26-(03).csv,124.50523376464844,0.347562348714564,0.22197952270507804,False,0.9528444160825852,0.0004891056497749
HR-3-15-26-(03).csv,124.60556030273438,0.35121176940156146,0.03637542724609366,False,0.87253795020763,0.0004189357995597
HR-3-15-26-(03).csv,124.70588684082033,0.33624017373658716,-0.1492286682128907,False,0.8507654826515021,0.0026737118035763
HR-3-15-26-(03).csv,124.80621337890624,0.3026475617196411,-0.3348327636718751,False,0.7834193658385942,0.0074255913090791
HR-3-15-26-(03).csv,124.9065399169922,0.2504339333507232,-0.5204368591308595,False,0.7305406188605638,0.0322374360278889
HR-3-15-26-(03).csv,125.00686645507812,0.1795992886298336,-0.7060409545898438,False,0.8258983703802837,0.0622861039995346
HR-3-15-26-(03).csv,125.10719299316406,0.09014362755697218,-0.8916450500488282,False,0.846260136031515,0.0059545244840867
HR-3-15-26-(03).csv,125.20751953125,0.05,0.0,False,0.8517313758354506,0.0010437624820473
HR-3-15-26-(03).csv,125.30784606933594,0.05,0.0,False,0.7978016533090679,0.0011155064345747
HR-3-15-26-(03).csv,125.40817260742188,0.05,0.0,False,0.7255555543162149,0.0069863454266673
HR-3-15-26-(03).csv,125.5084991455078,0.05,0.0,False,0.7158345962191597,0.0068254827256615
HR-3-15-26-(03).csv,125.60882568359376,0.05,0.0,False,0.8123494713781445,0.0060296087677861
HR-3-15-26-(03).csv,125.70915222167967,0.05,0.0,False,0.8630666961528632,0.0069107706040248
HR-3-15-26-(03).csv,125.80947875976562,0.05,0.0,False,0.8812039192635083,0.0037798169279263
HR-3-15-26-(03).csv,125.90980529785156,0.05,0.0,False,0.7815261590434168,0.0045438854815747
HR-3-15-26-(03).csv,126.0101318359375,0.05,0.0,False,0.8468065079292345,0.0130727892068534
HR-3-15-26-(03).csv,126.11045837402344,0.05,0.0,False,0.7510636118031948,0.016392830190365
HR-3-15-26-(03).csv,126.21078491210938,0.05,0.0,False,0.799686811482638,0.0174642356630777
HR-3-15-26-(03).csv,126.31111145019533,0.05,0.0,False,0.6675642409525311,0.0149762779182144
HR-3-15-26-(03).csv,126.41143798828124,0.05,0.0,False,0.6678803723332856,0.0204164168712043
HR-3-15-26-(03).csv,126.5117645263672,0.05,0.0,False,0.7431907467699687,0.0807267506387349
HR-3-15-26-(03).csv,126.61209106445312,0.05,0.0,False,0.8452963790582095,0.0888156388985788
HR-3-15-26-(03).csv,126.71241760253906,0.05,0.0,False,0.7915460285865821,0.0293408676409472
HR-3-15-26-(03).csv,126.812744140625,0.05,0.0,False,0.7082880872728657,0.0338798589064319
HR-3-15-26-(03).csv,126.91307067871094,0.05,0.0,False,0.7070008947231976,0.1698844483202689
HR-3-15-26-(03).csv,127.01339721679688,0.05,0.0,False,0.8472048984953386,0.4098009500179759
HR-3-15-26-(03).csv,127.1137237548828,0.05,0.0,False,0.8568879580689988,0.0533719065949157
HR-3-15-26-(03).csv,127.21405029296876,0.05,0.0,False,0.7714636811824072,0.0102126476880276
HR-3-15-26-(03).csv,127.31437683105467,0.05,0.0,False,0.7783126883495454,0.0278100651494647
HR-3-15-26-(03).csv,127.41470336914062,0.05,0.0,False,0.7343230823541715,0.0424703742867541
HR-3-15-26-(03).csv,127.51502990722656,0.05,0.0,False,0.8154744367174468,0.0031792747387568
HR-3-15-26-(03).csv,127.6153564453125,0.05,0.0,False,0.7767382729374549,0.0039466404113594
HR-3-15-26-(03).csv,127.71568298339844,0.05,0.0,False,0.7433009531117908,0.0085784901214349
HR-3-15-26-(03).csv,127.81600952148438,0.05,0.0,False,0.5908483117242841,0.0322123948346654
HR-3-15-26-(03).csv,127.91633605957033,0.05,0.0,False,0.681508284123368,0.0744330009226249
HR-3-15-26-(03).csv,128.01666259765625,0.05,0.0,False,0.7587928406068334,0.049936479107634
HR-3-15-26-(03).csv,128.1169891357422,0.05,0.0,False,0.6961384594648423,0.0304510608229885
HR-3-15-26-(03).csv,128.21731567382812,0.05,0.0,False,0.6488338460841133,0.0216372717962421
HR-3-15-26-(03).csv,128.31764221191406,0.05,0.0,False,0.5661047789175652,0.0302396203932266
HR-3-15-26-(03).csv,128.41796875,0.05,0.0,False,0.5037858062982759,0.3748925524713894
HR-3-15-26-(03).csv,128.51829528808594,0.05,0.0,False,0.745212836896494,0.6871020244494677
HR-3-15-26-(03).csv,128.61862182617188,0.05,0.0,False,0.8671327677525097,0.1351116054085382
HR-3-15-26-(03).csv,128.7189483642578,0.05,0.0,False,0.8459740861278995,0.0985601604640605
HR-3-15-26-(03).csv,128.81927490234375,0.05,0.0,False,0.936876171926561,0.0929783871557694
HR-3-15-26-(03).csv,128.9196014404297,0.05,0.0,False,0.8613079447052501,0.0102044932905584
HR-3-15-26-(03).csv,129.01992797851562,0.05,0.0,False,0.8899536258777916,0.0043953681084627
HR-3-15-26-(03).csv,129.12025451660156,0.05,0.0,False,0.7117458251727086,0.0103820454552272
HR-3-15-26-(03).csv,129.2205810546875,0.05,0.0,False,0.7739213526956095,0.0058939025980447
HR-3-15-26-(03).csv,129.32090759277344,0.05,0.0,False,0.828295938628201,0.0016274329713821
HR-3-15-26-(03).csv,129.42123413085938,0.05,0.0,False,0.8781169019622675,0.0027687985901179
HR-3-15-26-(03).csv,129.5215606689453,0.05,0.0,False,0.8693945094310596,0.010991401949336
HR-3-15-26-(03).csv,129.62188720703125,0.05,0.0,False,0.8431427819069405,0.0404992343932939
HR-3-15-26-(03).csv,129.7222137451172,0.05,0.0,False,0.8501729124841868,0.0091854879984014
HR-3-15-26-(03).csv,129.82254028320312,0.05,0.0,False,0.7297663041568706,0.0208363250169667
HR-3-15-26-(03).csv,129.92286682128906,0.05,0.0,False,0.8176259299708208,0.1506909557772669
HR-3-15-26-(03).csv,130.023193359375,0.05,0.0,False,0.8941158206234305,0.1014403438581062
HR-3-15-26-(03).csv,130.12351989746094,0.05,0.0,False,0.9115827168149996,0.002898317310617
HR-3-15-26-(03).csv,130.22384643554688,0.05,0.0,False,0.926297076697962,0.0005002761087254
HR-3-15-26-(03).csv,130.3241729736328,0.05,0.0,False,0.9380765835643212,0.0001157854655024
HR-3-15-26-(03).csv,130.42449951171875,0.05,0.0,False,0.8014164615402559,0.0004464102290906
HR-3-15-26-(03).csv,130.5248260498047,0.05,0.0,False,0.8512217422088052,0.0055928086190583
HR-3-15-26-(03).csv,130.62515258789062,0.05,0.0,False,0.91341357072245,0.0128451833085383
HR-3-15-26-(03).csv,130.72547912597656,0.05,0.0,False,0.9362028246355832,0.0038500081301373
HR-3-15-26-(03).csv,130.8258056640625,0.05,0.0,False,0.8771205022362422,0.0067759164578392
HR-3-15-26-(03).csv,130.92613220214844,0.05,0.0,False,0.852801709310697,0.0325572437819351
HR-3-15-26-(03).csv,131.02645874023438,0.05,0.0,False,0.7177028077930496,0.0838634709815266
HR-3-15-26-(03).csv,131.1267852783203,0.05,0.0,False,0.7880761246851511,0.1145464063730957
HR-3-15-26-(03).csv,131.22711181640625,0.05,0.0,False,0.8561255467656071,0.3656297811231711
HR-3-15-26-(03).csv,131.3274383544922,0.05,0.0,False,0.9418638781818196,0.0613907602653069
HR-3-15-26-(03).csv,131.42776489257812,0.05,0.0,False,0.9428402160898944,0.0048401402559278
HR-3-15-26-(03).csv,131.52809143066406,0.05,0.0,False,0.8985622074954923,0.0019811084534957
HR-3-15-26-(03).csv,131.62841796875,0.05,0.0,False,0.890849132665886,0.0005640954558127
HR-3-15-26-(03).csv,131.72874450683594,0.05,0.0,False,0.90922532967973,0.000548438608421
HR-3-15-26-(03).csv,131.82907104492188,0.05,0.0,False,0.7501966359527409,0.0017573131438597
HR-3-15-26-(03).csv,131.9293975830078,0.05,0.0,False,0.6570310915429329,0.0186510603817817
HR-3-15-26-(03).csv,132.02972412109375,0.05,0.0,False,0.6809057679298924,0.0857929677991548
HR-3-15-26-(03).csv,132.1300506591797,0.05,0.0,False,0.774080386990409,0.1903896745376524
HR-3-15-26-(03).csv,132.23037719726562,0.05,0.0,False,0.8645033050930718,0.062251475255133
HR-3-15-26-(03).csv,132.33070373535156,0.05,0.0,False,0.7927000208359192,0.0311632691569303
HR-3-15-26-(03).csv,132.4310302734375,0.05,0.0,False,0.696129640827581,0.0301183396920315
HR-3-15-26-(03).csv,132.53135681152344,0.05,0.0,False,0.6371145663510612,0.033651545062315
HR-3-15-26-(03).csv,132.63168334960938,0.05,0.0,False,0.6296452557227803,0.0615698102961391
HR-3-15-26-(03).csv,132.7320098876953,0.05,0.0,False,0.6284539710538878,0.2296983003662954
HR-3-15-26-(03).csv,132.83233642578125,0.05,0.0,False,0.671357275794813,0.3123537421370426
HR-3-15-26-(03).csv,132.9326629638672,0.05,0.0,False,0.6724789032875278,0.1488322816360491
HR-3-15-26-(03).csv,133.03298950195312,0.05,0.0,False,0.6337287513098662,0.0612569736074542
HR-3-15-26-(03).csv,133.13331604003906,0.05,0.0,False,0.579572467868944,0.0855036870266719
HR-3-15-26-(03).csv,133.233642578125,0.05,0.0,False,0.6234727756413556,0.0458914842860554
HR-3-15-26-(03).csv,133.33396911621094,0.05,0.0,False,0.5589967802360688,0.034061670360292
HR-3-15-26-(03).csv,133.43429565429688,0.05,0.0,False,0.5098635353901813,0.070920194309173
HR-3-15-26-(03).csv,133.5346221923828,0.05,0.0,False,0.5428308607239467,0.0907513163082479
HR-3-15-26-(03).csv,133.63494873046875,0.05,0.0,False,0.4912576716368139,0.1164875422052602
HR-3-15-26-(03).csv,133.7352752685547,0.05,0.0,False,0.4355560839497521,0.1096307391718623
HR-3-15-26-(03).csv,133.83560180664062,0.05,0.0,False,0.4277641083161205,0.0867650868696775
HR-3-15-26-(03).csv,133.93592834472656,0.05,0.0,False,0.4121793693479942,0.0863129295039548
HR-3-15-26-(03).csv,134.0362548828125,0.05,0.0,False,0.3723604893785718,0.0985766976513971
HR-3-15-26-(03).csv,134.13658142089844,0.05,0.0,False,0.3914520588828166,0.1489423447375981
HR-3-15-26-(03).csv,134.23690795898438,0.05,0.0,False,0.3487688697582496,0.1685455445465026
HR-3-15-26-(03).csv,134.3372344970703,0.05,0.0,False,0.3229166111029152,0.1791211747379139
HR-3-15-26-(03).csv,134.43756103515625,0.05,0.0,False,0.3315685423359625,0.151612028515517
HR-3-15-26-(03).csv,134.5378875732422,0.05,0.0,False,0.3231528331676194,0.1503241473989308
HR-3-15-26-(03).csv,134.63821411132812,0.05,0.0,False,0.3108935865877743,0.1504977087286924
HR-3-15-26-(03).csv,134.73854064941406,0.05,0.0,False,0.3500966805824461,0.1833282362766811
HR-3-15-26-(03).csv,134.8388671875,0.05,0.0,False,0.3546383521928203,0.1409351028968332
HR-3-15-26-(03).csv,134.93919372558594,0.05,0.0,False,0.390328028565005,0.1451496277283069
HR-3-15-26-(03).csv,135.03952026367188,0.05,0.0,False,0.3623809420873107,0.1429096667640303
HR-3-15-26-(03).csv,135.1398468017578,0.05,0.0,False,0.3373135181270591,0.1832618446438354
HR-3-15-26-(03).csv,135.24017333984375,0.05,0.0,False,0.3578437799303412,0.1844022129687776
HR-3-15-26-(03).csv,135.3404998779297,0.05,0.0,False,0.338573126284803,0.1539573676018387
HR-3-15-26-(03).csv,135.44082641601562,0.05,0.0,False,0.3292585491285079,0.1545564030861502
HR-3-15-26-(03).csv,135.54115295410156,0.05,0.0,False,0.2905834067124845,0.1492789495058831
HR-3-15-26-(03).csv,135.6414794921875,0.05,0.0,False,0.3229575962882006,0.1645208248096826
HR-3-15-26-(03).csv,135.74180603027344,0.05,0.0,False,0.3070448490908549,0.1555613265974722
HR-3-15-26-(03).csv,135.84213256835938,0.05,0.0,False,0.3577988469635742,0.1776102857827313
HR-3-15-26-(03).csv,135.9424591064453,0.05,0.0,False,0.3499766397860671,0.1554294629254806
HR-3-15-26-(03).csv,136.04278564453125,0.05,0.0,False,0.3352657430138415,0.147526616684133
HR-3-15-26-(03).csv,136.1431121826172,0.05,0.0,False,0.3382855817400587,0.1696160982038921
HR-3-15-26-(03).csv,136.24343872070312,0.05,0.0,False,0.3723430222387969,0.1886822907745224
HR-3-15-26-(03).csv,136.34376525878906,0.05,0.0,False,0.3652818465803369,0.1699562270468883
HR-3-15-26-(03).csv,136.444091796875,0.05,0.0,False,0.3506559077845714,0.1611747075085824
HR-3-15-26-(03).csv,136.54441833496094,0.05,0.0,False,0.3438160425876045,0.1812472945082284
HR-3-15-26-(03).csv,136.64474487304688,0.05,0.0,False,0.3587022695299809,0.1971334760971731
HR-3-15-26-(03).csv,136.7450714111328,0.05,0.0,False,0.3583782387051023,0.2099670738308447
HR-3-15-26-(03).csv,136.84539794921875,0.05,0.0,False,0.3553491551364911,0.1974634897510089
HR-3-15-26-(03).csv,136.9457244873047,0.05,0.0,False,0.3579028590421071,0.1838166959349602
HR-3-15-26-(03).csv,137.04605102539062,0.05,0.0,False,0.3812876112300291,0.1757629962662239
HR-3-15-26-(03).csv,137.14637756347656,0.05,0.0,False,0.3831638669593767,0.1869155697705988
HR-3-15-26-(03).csv,137.2467041015625,0.05,0.0,False,0.3692834640292743,0.1934767590275323
HR-3-15-26-(03).csv,137.34703063964844,0.05,0.0,False,0.3671852251743639,0.1786068080218571
HR-3-15-26-(03).csv,137.44735717773438,0.05,0.0,False,0.3547031127601656,0.1642865530036314
HR-3-15-26-(03).csv,137.5476837158203,0.05,0.0,False,0.3609641449854472,0.1770560620874213
HR-3-15-26-(03).csv,137.64801025390625,0.05,0.0,False,0.3311516600361708,0.1559802977185423
HR-3-15-26-(03).csv,137.7483367919922,0.05,0.0,False,0.3230933563637326,0.1391983024302255
HR-3-15-26-(03).csv,137.84866333007812,0.05,0.0,False,0.3222718040417383,0.1421512818062249
HR-3-15-26-(03).csv,137.94898986816406,0.05,0.0,False,0.3054423062754118,0.1256130515722688
HR-3-15-26-(03).csv,138.04931640625,0.05,0.0,False,0.2902849783965571,0.1193553329788365
HR-3-15-26-(03).csv,138.14964294433594,0.05,0.0,False,0.2836795001452005,0.1329554193038073
HR-3-15-26-(03).csv,138.24996948242188,0.05,0.0,False,0.2964953669932199,0.1676998379342284
HR-3-15-26-(03).csv,138.3502960205078,0.05,0.0,False,0.3108699989181915,0.1432023077817376
HR-3-15-26-(03).csv,138.45062255859375,0.05,0.0,False,0.3181477633557338,0.1885676433606543
HR-3-15-26-(03).csv,138.5509490966797,0.05,0.0,False,0.384655077772806,0.5160774267700786
HR-3-15-26-(03).csv,138.65127563476562,0.05,0.0,False,0.6349492063288596,0.9364350040010742
HR-3-15-26-(03).csv,138.75160217285156,0.14675450244685634,0.9643959045410155,True,0.8947646531512696,0.4329221470126165
HR-3-15-26-(03).csv,138.8519287109375,0.2248879885417409,0.7787918090820312,False,0.8984693587234402,0.0029502785606361
HR-3-15-26-(03).csv,138.95225524902344,0.2844004582846537,0.5931877136230468,False,0.7054845983616769,0.00048976911221
HR-3-15-26-(03).csv,139.05258178710938,0.32529191167559474,0.4075836181640624,False,0.4004037012364826,0.0423326149634811
HR-3-15-26-(03).csv,139.1529083251953,0.347562348714564,0.22197952270507804,False,0.490611658696241,0.4655815904504652
HR-3-15-26-(03).csv,139.25323486328125,0.35121176940156146,0.03637542724609366,False,0.6625088478917918,0.9061621472809052
HR-3-15-26-(03).csv,139.3535614013672,0.4479662718484178,0.9643959045410155,True,0.85636017542903,0.0730118594151147
HR-3-15-26-(03).csv,139.45388793945312,0.5260997579433023,0.7787918090820312,False,0.7810392892234604,0.000692588222263
HR-3-15-26-(03).csv,139.55421447753906,0.5856122276862151,0.5931877136230468,False,0.3734280708226188,0.0016818263069729
HR-3-15-26-(03).csv,139.654541015625,0.6265036810771561,0.4075836181640624,False,0.3859559998183858,0.1947235408930174
HR-3-15-26-(03).csv,139.75486755371094,0.6487741181161254,0.22197952270507804,False,0.4473963996283593,0.7999578588901392
HR-3-15-26-(03).csv,139.85519409179688,0.6524235388031229,0.03637542724609366,False,0.7518880653915307,0.964026285359227
HR-3-15-26-(03).csv,139.9555206298828,0.7491780412499792,0.9643959045410155,True,0.9113256981067768,0.1085843215200332
HR-3-15-26-(03).csv,140.05584716796875,0.8273115273448638,0.7787918090820312,False,0.8597142783484668,0.0009793396342674
HR-3-15-26-(03).csv,140.1561737060547,0.8868239970877766,0.5931877136230468,False,0.6366342230445415,0.0016863927405507
HR-3-15-26-(03).csv,140.25650024414062,0.9277154504787176,0.4075836181640624,False,0.478601446618635,0.5982629260378804
HR-3-15-26-(03).csv,140.35682678222656,0.95,0.0,True,0.8201747938365868,0.9720162410755504
HR-3-15-26-(03).csv,140.4571533203125,0.9313789836480282,-0.18560409545898438,False,0.9400970977860758,0.0133423432529395
HR-3-15-26-(03).csv,140.55747985839844,0.8941369509440846,-0.37120819091796875,False,0.9341203924572234,6.621081401394654e-05
HR-3-15-26-(03).csv,140.65780639648438,0.8382739018881693,-0.5568122863769531,False,0.5700784396086271,0.00211547927056
HR-3-15-26-(03).csv,140.7581329345703,0.7637898364802822,-0.7424163818359375,False,0.4350676424118109,0.1074464453599183
HR-3-15-26-(03).csv,140.85845947265625,0.6706847547204233,-0.9280204772949219,False,0.4104506056410555,0.1394257807484878
HR-3-15-26-(03).csv,140.9587860107422,0.5589586566085927,-1.1136245727539062,False,0.4279939153120923,0.3743167901265447
HR-3-15-26-(03).csv,141.05911254882812,0.42861154214479025,-1.2992286682128906,False,0.6759516439896274,0.9334912750371954
HR-3-15-26-(03).csv,141.15943908691406,0.5253660445916466,0.9643959045410155,True,0.890695737270127,0.5773722106656295
HR-3-15-26-(03).csv,141.259765625,0.6034995306865312,0.7787918090820312,False,0.9158050536449536,0.0001944967785054
HR-3-15-26-(03).csv,141.36009216308594,0.663012000429444,0.5931877136230468,False,0.8246762656067781,4.185559867338646e-05
HR-3-15-26-(03).csv,141.46041870117188,0.703903453820385,0.4075836181640624,False,0.4184742070140921,0.0040848075279781
HR-3-15-26-(03).csv,141.5607452392578,0.7261738908593542,0.22197952270507804,False,0.404540168044555,0.4150358207775862
HR-3-15-26-(03).csv,141.66107177734375,0.7298233115463517,0.03637542724609366,False,0.6471397228793481,0.9742445956501384
HR-3-15-26-(03).csv,141.7613983154297,0.8265778139932081,0.9643959045410155,True,0.9190652886915488,0.9086246565965344
HR-3-15-26-(03).csv,141.86172485351562,0.9047113000880926,0.7787918090820312,False,0.9325572189933924,0.0006212283491313
HR-3-15-26-(03).csv,141.96205139160156,0.95,0.0,False,0.8652547503747432,1.1891917740639412e-05
HR-3-15-26-(03).csv,142.0623779296875,0.9313789836480282,-0.18560409545898438,False,0.5722195250994966,0.0007071314763922
HR-3-15-26-(03).csv,142.16270446777344,0.8941369509440846,-0.37120819091796875,False,0.4592228284184579,0.0951028370127348
HR-3-15-26-(03).csv,142.26303100585938,0.8382739018881693,-0.5568122863769531,False,0.4981890959777525,0.809608753672735
HR-3-15-26-(03).csv,142.3633575439453,0.9350284043350257,0.9643959045410155,True,0.9303138212031822,0.988220141112722
HR-3-15-26-(03).csv,142.46368408203125,0.95,0.0,False,0.9768198270965072,0.1733958919789867
HR-3-15-26-(03).csv,142.5640106201172,0.9313789836480282,-0.18560409545898438,False,0.941214561288185,6.734650733821459e-05
HR-3-15-26-(03).csv,142.66433715820312,0.8941369509440846,-0.37120819091796875,False,0.6801633202917526,3.347092046983542e-05
HR-3-15-26-(03).csv,142.76466369628906,0.8382739018881693,-0.5568122863769531,False,0.3890770282311999,0.0150604222650694
HR-3-15-26-(03).csv,142.864990234375,0.7637898364802822,-0.7424163818359375,False,0.4086341389972401,0.2858376366040654
HR-3-15-26-(03).csv,142.96531677246094,0.6706847547204233,-0.9280204772949219,False,0.5973211190620663,0.9194660868867196
HR-3-15-26-(03).csv,143.06564331054688,0.7674392571672797,0.9643959045410155,True,0.9189461233493424,0.9657051236911796
HR-3-15-26-(03).csv,143.1659698486328,0.8455727432621643,0.7787918090820312,False,0.9619624445891396,0.0419916036606222
HR-3-15-26-(03).csv,143.26629638671875,0.905085213005077,0.5931877136230468,False,0.9501602279871556,7.32803549849757e-05
HR-3-15-26-(03).csv,143.3666229248047,0.9459766663960181,0.4075836181640624,False,0.8703734519295676,9.837096644227e-06
HR-3-15-26-(03).csv,143.46694946289062,0.95,0.0,False,0.4478623416101335,0.0038755809900523
HR-3-15-26-(03).csv,143.56727600097656,0.9313789836480282,-0.18560409545898438,False,0.4604235559501544,0.2172131783954215
HR-3-15-26-(03).csv,143.6676025390625,0.8941369509440846,-0.37120819091796875,False,0.4954074859756717,0.6913267898651243
HR-3-15-26-(03).csv,143.76792907714844,0.8382739018881693,-0.5568122863769531,False,0.7306744256340317,0.828135114162585
HR-3-15-26-(03).csv,143.86825561523438,0.9350284043350257,0.9643959045410155,True,0.8595137814051249,0.076438153227334
HR-3-15-26-(03).csv,143.9685821533203,0.95,0.0,False,0.941393565386769,0.0034549311890587
HR-3-15-26-(03).csv,144.06890869140625,0.9313789836480282,-0.18560409545898438,False,0.6942114982677086,0.0013153608101423
HR-3-15-26-(03).csv,144.1692352294922,0.8941369509440846,-0.37120819091796875,False,0.4226760820890833,0.0236160609855254
HR-3-15-26-(03).csv,144.26956176757812,0.8382739018881693,-0.5568122863769531,False,0.4825448381242463,0.4176990908884684
HR-3-15-26-(03).csv,144.36988830566406,0.7637898364802822,-0.7424163818359375,False,0.6281395003398298,0.895121329205181
HR-3-15-26-(03).csv,144.47021484375,0.8605443389271386,0.9643959045410155,True,0.8060552775814096,0.7965746059723391
HR-3-15-26-(03).csv,144.57054138183594,0.9386778250220231,0.7787918090820312,False,0.9190822184363276,0.0084374429717209
HR-3-15-26-(03).csv,144.67086791992188,0.95,0.0,False,0.8430821176046694,0.0002328272023249
HR-3-15-26-(03).csv,144.7711944580078,0.9313789836480282,-0.18560409545898438,False,0.4603019678265758,0.0023112611170803
HR-3-15-26-(03).csv,144.87152099609375,0.8941369509440846,-0.37120819091796875,False,0.4508070673147309,0.2170028138615872
HR-3-15-26-(03).csv,144.9718475341797,0.8382739018881693,-0.5568122863769531,False,0.5456232750637053,0.7932637070468089
HR-3-15-26-(03).csv,145.07217407226562,0.9350284043350257,0.9643959045410155,True,0.8328463831582427,0.9474496767847134
HR-3-15-26-(03).csv,145.17250061035156,0.95,0.0,False,0.8893583989212107,0.163941354001033
HR-3-15-26-(03).csv,145.2728271484375,0.9313789836480282,-0.18560409545898438,False,0.9285389962637496,0.0004394138892092
HR-3-15-26-(03).csv,145.37315368652344,0.8941369509440846,-0.37120819091796875,False,0.685733091159606,4.564686318729303e-05
HR-3-15-26-(03).csv,145.47348022460938,0.8382739018881693,-0.5568122863769531,False,0.5792418560608654,0.0100298415859845
HR-3-15-26-(03).csv,145.5738067626953,0.7637898364802822,-0.7424163818359375,False,0.4760526416311417,0.2161224727565339
HR-3-15-26-(03).csv,145.67413330078125,0.6706847547204233,-0.9280204772949219,False,0.5482913702219446,0.8275348434925316
HR-3-15-26-(03).csv,145.7744598388672,0.7674392571672797,0.9643959045410155,True,0.8919414803783059,0.7849041175415237
HR-3-15-26-(03).csv,145.87478637695312,0.8455727432621643,0.7787918090820312,False,0.8702181401642999,0.0029880457868361
HR-3-15-26-(03).csv,145.97511291503906,0.905085213005077,0.5931877136230468,False,0.714666606823767,0.0004352823538668
HR-3-15-26-(03).csv,146.075439453125,0.9459766663960181,0.4075836181640624,False,0.5968172120617419,0.0041864225970509
HR-3-15-26-(03).csv,146.17576599121094,0.95,0.0,False,0.4960652550829976,0.106986539522565
HR-3-15-26-(03).csv,146.27609252929688,0.9313789836480282,-0.18560409545898438,False,0.5446708806705507,0.5480259093360705
HR-3-15-26-(03).csv,146.3764190673828,0.8941369509440846,-0.37120819091796875,False,0.6894151505780803,0.911397629120875
HR-3-15-26-(03).csv,146.47674560546875,0.95,0.0,True,0.944807172448551,0.9406249115248791
HR-3-15-26-(03).csv,146.5770721435547,0.9313789836480282,-0.18560409545898438,False,0.9835698729687756,0.2133417225150126
HR-3-15-26-(03).csv,146.67739868164062,0.8941369509440846,-0.37120819091796875,False,0.9660603148816144,0.000170259844487
HR-3-15-26-(03).csv,146.77772521972656,0.8382739018881693,-0.5568122863769531,False,0.928396511818296,1.6594352407216112e-06
HR-3-15-26-(03).csv,146.8780517578125,0.7637898364802822,-0.7424163818359375,False,0.6508050711371487,0.0002896550559839
HR-3-15-26-(03).csv,146.97837829589844,0.6706847547204233,-0.9280204772949219,False,0.6667416079313797,0.4195152306838064
HR-3-15-26-(03).csv,147.07870483398438,0.5589586566085927,-1.1136245727539062,False,0.8901110053979959,0.8665216741081327
HR-3-15-26-(03).csv,147.1790313720703,0.42861154214479025,-1.2992286682128906,False,0.9551635189969504,0.1427320153703675
HR-3-15-26-(03).csv,147.27935791015625,0.27964341132901605,-1.484832763671875,False,0.926926156786372,0.0010779110362539
HR-3-15-26-(03).csv,147.3796844482422,0.11205426416127007,-1.6704368591308594,False,0.8772004810390732,0.0004697867054277
HR-3-15-26-(03).csv,147.48001098632812,0.05,0.0,False,0.8573078758414028,0.001048997473958
HR-3-15-26-(03).csv,147.58033752441406,0.05,0.0,False,0.741385734212872,0.0405838450695345
HR-3-15-26-(03).csv,147.6806640625,0.05,0.0,False,0.787973042267224,0.416729532245335
HR-3-15-26-(03).csv,147.78099060058594,0.05,0.0,False,0.8842594200897835,0.1871727849986076
HR-3-15-26-(03).csv,147.88131713867188,0.05,0.0,False,0.8536168133765487,0.0029749003522917
HR-3-15-26-(03).csv,147.9816436767578,0.05,0.0,False,0.8138686424636395,0.000828942134896
HR-3-15-26-(03).csv,148.08197021484375,0.05,0.0,False,0.6653817505485762,0.0036716885880598
HR-3-15-26-(03).csv,148.1822967529297,0.05,0.0,False,0.5311175760826021,0.0620903877122611
HR-3-15-26-(03).csv,148.28262329101562,0.05,0.0,False,0.5101558194735767,0.129895486364598
HR-3-15-26-(03).csv,148.38294982910156,0.05,0.0,False,0.4529986513488493,0.1659696477548985
HR-3-15-26-(03).csv,148.4832763671875,0.05,0.0,False,0.3573527378454478,0.1675838405967806
HR-3-15-26-(03).csv,148.58360290527344,0.05,0.0,False,0.4997599242449513,0.223058545397805
HR-3-15-26-(03).csv,148.68392944335938,0.05,0.0,False,0.5206276431842765,0.1923738902088214
HR-3-15-26-(03).csv,148.7842559814453,0.05,0.0,False,0.3506304654206612,0.1218501125552455
HR-3-15-26-(03).csv,148.88458251953125,0.05,0.0,False,0.3689985463851394,0.1498918555256836
HR-3-15-26-(03).csv,148.9849090576172,0.05,0.0,False,0.3313224281097771,0.1270073547468339
HR-3-15-26-(03).csv,149.08523559570312,0.05,0.0,False,0.3850417726422021,0.1601573158792907
HR-3-15-26-(03).csv,149.18556213378906,0.05,0.0,False,0.3813466996066361,0.1628813052078307
HR-3-15-26-(03).csv,149.285888671875,0.05,0.0,False,0.3730598648064488,0.1799761453581835
HR-3-15-26-(03).csv,149.38621520996094,0.05,0.0,False,0.3904165789865118,0.2289653058875623
HR-3-15-26-(03).csv,149.48654174804688,0.05,0.0,False,0.3774290896153027,0.2007477810016148
HR-3-15-26-(03).csv,149.5868682861328,0.05,0.0,False,0.359710079296189,0.1583597513215374
HR-3-15-26-(03).csv,149.68719482421875,0.05,0.0,False,0.3566854070117121,0.1559533184716788
HR-3-15-26-(03).csv,149.7875213623047,0.05,0.0,False,0.3832749144072566,0.1942748322141756
HR-3-15-26-(03).csv,149.88784790039062,0.05,0.0,False,0.3870082003101678,0.1869906325818266
HR-3-15-26-(03).csv,149.98817443847656,0.05,0.0,False,0.3711554205694357,0.1585190284184955
HR-3-15-26-(03).csv,150.0885009765625,0.05,0.0,False,0.3303387928468769,0.1441588052273256
HR-3-15-26-(03).csv,150.18882751464844,0.05,0.0,False,0.3382414256621961,0.14204556651162
HR-3-15-26-(03).csv,150.28915405273438,0.05,0.0,False,0.3477441516885029,0.1782292010132716
HR-3-15-26-(03).csv,150.3894805908203,0.05,0.0,False,0.3204684249019365,0.1714400945171763
HR-3-15-26-(03).csv,150.48980712890625,0.05,0.0,False,0.3305862944677115,0.1493319766568757
HR-3-15-26-(03).csv,150.5901336669922,0.05,0.0,False,0.3284761894804983,0.1120012648704306
HR-3-15-26-(03).csv,150.69046020507812,0.05,0.0,False,0.3607622003822596,0.1305211997333747
HR-3-15-26-(03).csv,150.79078674316406,0.05,0.0,False,0.3387090008734653,0.1388961689881517
HR-3-15-26-(03).csv,150.89111328125,0.05,0.0,False,0.3573715137540546,0.1902738348064093
HR-3-15-26-(03).csv,150.99143981933594,0.05,0.0,False,0.3531776871574389,0.210613053554832
HR-3-15-26-(03).csv,151.09176635742188,0.05,0.0,False,0.3454599864892856,0.1930401866584091
HR-3-15-26-(03).csv,151.1920928955078,0.05,0.0,False,0.3496127914889655,0.1507225007033654
HR-3-15-26-(03).csv,151.29241943359375,0.05,0.0,False,0.3472981766603029,0.1755061643321718
HR-3-15-26-(03).csv,151.3927459716797,0.05,0.0,False,0.3371483343806779,0.1732912623858632
HR-3-15-26-(03).csv,151.49307250976562,0.05,0.0,False,0.3130220032012217,0.1213131019168053
HR-3-15-26-(03).csv,151.59339904785156,0.05,0.0,False,0.331616505402141,0.1511947612952382
HR-3-15-26-(03).csv,151.6937255859375,0.05,0.0,False,0.3342021924010562,0.1699534073006062
HR-3-15-26-(03).csv,151.79405212402344,0.05,0.0,False,0.3484594543290905,0.1555196546731085
HR-3-15-26-(03).csv,151.89437866210938,0.05,0.0,False,0.343090709397673,0.1427640735794921
HR-3-15-26-(03).csv,151.9947052001953,0.05,0.0,False,0.381046918647034,0.1931485520505549
HR-3-15-26-(03).csv,152.09503173828125,0.05,0.0,False,0.370255330347203,0.1747294451456645
HR-3-15-26-(03).csv,152.1953582763672,0.05,0.0,False,0.370280083833659,0.1776794588628529
HR-3-15-26-(03).csv,152.29568481445312,0.05,0.0,False,0.3335422925602997,0.162971756349867
HR-3-15-26-(03).csv,152.39601135253906,0.05,0.0,False,0.321950331923216,0.1713851705775802
HR-3-15-26-(03).csv,152.496337890625,0.05,0.0,False,0.2973937286087549,0.144170196984975
HR-3-15-26-(03).csv,152.59666442871094,0.05,0.0,False,0.3237548479348793,0.1602919124340158
HR-3-15-26-(03).csv,152.69699096679688,0.05,0.0,False,0.3242937158981307,0.158450425114093
HR-3-15-26-(03).csv,152.7973175048828,0.05,0.0,False,0.3500514818812793,0.159312987263729
HR-3-15-26-(03).csv,152.89764404296875,0.05,0.0,False,0.3232813496222519,0.1819812645931791
HR-3-15-26-(03).csv,152.9979705810547,0.05,0.0,False,0.3489783700997495,0.2008210033490801
HR-3-15-26-(03).csv,153.09829711914062,0.05,0.0,False,0.3161851060981799,0.13649126636007
HR-3-15-26-(03).csv,153.19862365722656,0.05,0.0,False,0.3030352284521566,0.121772203500945
HR-3-15-26-(03).csv,153.2989501953125,0.05,0.0,False,0.3357692514979822,0.1707758474718202
HR-3-15-26-(03).csv,153.39927673339844,0.05,0.0,False,0.325364669701648,0.184125980156517
HR-3-15-26-(03).csv,153.49960327148438,0.05,0.0,False,0.3326619563871608,0.1661808855929462
HR-3-15-26-(03).csv,153.5999298095703,0.05,0.0,False,0.3305106689701516,0.16019660817776
HR-3-15-26-(03).csv,153.70025634765625,0.05,0.0,False,0.3361452104583167,0.1722810908322355
HR-3-15-26-(03).csv,153.8005828857422,0.05,0.0,False,0.341058311768234,0.1775636675406932
HR-3-15-26-(03).csv,153.90090942382812,0.05,0.0,False,0.3480170641593646,0.193127885667648
HR-3-15-26-(03).csv,154.00123596191406,0.05,0.0,False,0.3272581134228849,0.1534032060482552
HR-3-15-26-(03).csv,154.1015625,0.05,0.0,False,0.3188217878443158,0.1457982428471245
HR-3-15-26-(03).csv,154.20188903808594,0.05,0.0,False,0.3341342378386915,0.1974344146988327
HR-3-15-26-(03).csv,154.30221557617188,0.05,0.0,False,0.3385986617056153,0.2158088090532389
HR-3-15-26-(03).csv,154.4025421142578,0.05,0.0,False,0.3206085672724238,0.1728831320336715
HR-3-15-26-(03).csv,154.50286865234375,0.05,0.0,False,0.3405305766649691,0.1564616852024717
HR-3-15-26-(03).csv,154.6031951904297,0.05,0.0,False,0.3289184569869235,0.177403621273959
HR-3-15-26-(03).csv,154.70352172851562,0.05,0.0,False,0.3782057897259926,0.2031601928938695
HR-3-15-26-(03).csv,154.80384826660156,0.05,0.0,False,0.3499374201131461,0.1705800834923844
HR-3-15-26-(03).csv,154.9041748046875,0.05,0.0,False,0.285231411198644,0.1078736655510644
HR-3-15-26-(03).csv,155.00450134277344,0.05,0.0,False,0.296537064389706,0.1133970744171583
HR-3-15-26-(03).csv,155.10482788085938,0.05,0.0,False,0.2958331695874252,0.149130796422042
HR-3-15-26-(03).csv,155.2051544189453,0.05,0.0,False,0.3071783727400563,0.1255033523895091
HR-3-15-26-(03).csv,155.30548095703125,0.05,0.0,False,0.305032440019307,0.1304895097159774
HR-3-15-26-(03).csv,155.4058074951172,0.05,0.0,False,0.3139531833903916,0.1640323943101781
HR-3-15-26-(03).csv,155.50613403320312,0.05,0.0,False,0.3561869687627591,0.2222412247184191
HR-3-15-26-(03).csv,155.60646057128906,0.05,0.0,False,0.3615149633630571,0.199419958019879
HR-3-15-26-(03).csv,155.706787109375,0.05,0.0,False,0.3815386875882361,0.2033946647915899
HR-3-15-26-(03).csv,155.80711364746094,0.05,0.0,False,0.3663466957815646,0.1546472324098033
HR-3-15-26-(03).csv,155.90744018554688,0.05,0.0,False,0.3717619649130994,0.1301753678160138
HR-3-15-26-(03).csv,156.0077667236328,0.05,0.0,False,0.3339048142253532,0.1127860438613966
HR-3-15-26-(03).csv,156.10809326171875,0.05,0.0,False,0.3294919086636451,0.1336781119797949
HR-3-15-26-(03).csv,156.2084197998047,0.05,0.0,False,0.2969827488019689,0.1434716291798305
HR-3-15-26-(03).csv,156.30874633789062,0.05,0.0,False,0.3081312790009209,0.1246915157686723
HR-3-15-26-(03).csv,156.40907287597656,0.05,0.0,False,0.3360659536153112,0.1374931486581894
HR-3-15-26-(03).csv,156.5093994140625,0.05,0.0,False,0.3470084081314812,0.1618301796108678
HR-3-15-26-(03).csv,156.60972595214844,0.05,0.0,False,0.3629033596720249,0.1606496493811239
HR-3-15-26-(03).csv,156.71005249023438,0.05,0.0,False,0.3026813945658733,0.1285878849280478
HR-3-15-26-(03).csv,156.8103790283203,0.05,0.0,False,0.3120205442374629,0.1673828594932275
HR-3-15-26-(03).csv,156.91070556640625,0.05,0.0,False,0.3168858934159871,0.154931014965594
HR-3-15-26-(03).csv,157.0110321044922,0.05,0.0,False,0.3145425211247811,0.1540719402162844
HR-3-15-26-(03).csv,157.11135864257812,0.05,0.0,False,0.3484099851443862,0.1508865347706985
HR-3-15-26-(03).csv,157.21168518066406,0.05,0.0,False,0.34556783681848,0.1661054432996982
HR-3-15-26-(03).csv,157.31201171875,0.05,0.0,False,0.3433972454105464,0.1612422833660887
HR-3-15-26-(03).csv,157.41233825683594,0.05,0.0,False,0.3467800614715173,0.1626611721697538
HR-3-15-26-(03).csv,157.51266479492188,0.05,0.0,False,0.3449935753949725,0.1533793622568872
HR-3-15-26-(03).csv,157.6129913330078,0.05,0.0,False,0.3495050911106552,0.1663777459900126
HR-3-15-26-(03).csv,157.71331787109375,0.05,0.0,False,0.351080222483569,0.2056411147402345
HR-3-15-26-(03).csv,157.8136444091797,0.05,0.0,False,0.3476000883897291,0.1687806715141143
HR-3-15-26-(03).csv,157.91397094726562,0.05,0.0,False,0.3300616463504697,0.1372445576826513
HR-3-15-26-(03).csv,158.01429748535156,0.05,0.0,False,0.3518953751906059,0.159193940036408
HR-3-15-26-(03).csv,158.1146240234375,0.05,0.0,False,0.3356553948193389,0.1598919939218372
HR-3-15-26-(03).csv,158.21495056152344,0.05,0.0,False,0.3198332576695724,0.1410341749213459
HR-3-15-26-(03).csv,158.31527709960938,0.05,0.0,False,0.3657570134039555,0.1733053457788362
HR-3-15-26-(03).csv,158.4156036376953,0.05,0.0,False,0.3614520323262403,0.1956109245569271
HR-3-15-26-(03).csv,158.51593017578125,0.05,0.0,False,0.3754697425872318,0.1907993241327167
HR-3-15-26-(03).csv,158.6162567138672,0.05,0.0,False,0.3456457204945263,0.1370886963058867
HR-3-15-26-(03).csv,158.71658325195312,0.05,0.0,False,0.3582411770276553,0.1635293919279211
HR-3-15-26-(03).csv,158.81690979003906,0.05,0.0,False,0.3390339304265002,0.1508337875137871
HR-3-15-26-(03).csv,158.917236328125,0.05,0.0,False,0.3449588963534465,0.1658737726787772
HR-3-15-26-(03).csv,159.01756286621094,0.05,0.0,False,0.3480548055083702,0.1734216432908286
HR-3-15-26-(03).csv,159.11788940429688,0.05,0.0,False,0.334279673903096,0.1491685670804877
HR-3-15-26-(03).csv,159.2182159423828,0.05,0.0,False,0.333476976603283,0.1449517718781819
HR-3-15-26-(03).csv,159.31854248046875,0.05,0.0,False,0.2988047596287669,0.1332331069487867
HR-3-15-26-(03).csv,159.4188690185547,0.05,0.0,False,0.2901286998697626,0.1045116815396193
HR-3-15-26-(03).csv,159.51919555664062,0.05,0.0,False,0.3130294037657685,0.1219745620072949
HR-3-15-26-(03).csv,159.61952209472656,0.05,0.0,False,0.3188507106220886,0.18408410341313
HR-3-15-26-(03).csv,159.7198486328125,0.05,0.0,False,0.3259746262068916,0.1740753128175364
HR-3-15-26-(03).csv,159.82017517089844,0.05,0.0,False,0.3319317091045918,0.1651865133365908
HR-3-15-26-(03).csv,159.92050170898438,0.05,0.0,False,0.3368951087609677,0.1752376928972602
HR-3-15-26-(03).csv,160.0208282470703,0.05,0.0,False,0.330388944003524,0.1674249982308948
HR-3-15-26-(03).csv,160.12115478515625,0.05,0.0,False,0.3329542392381532,0.1728457023476966
HR-3-15-26-(03).csv,160.2214813232422,0.05,0.0,False,0.3266023496280255,0.1639138000458261
HR-3-15-26-(03).csv,160.32180786132812,0.05,0.0,False,0.3293334741559022,0.1733768542760338
HR-3-15-26-(03).csv,160.42213439941406,0.05,0.0,False,0.3404807622035533,0.1641223625525076
HR-3-15-26-(03).csv,160.5224609375,0.05,0.0,False,0.3293138423633899,0.1480654147309127
HR-3-15-26-(03).csv,160.62278747558594,0.05,0.0,False,0.3251775503052067,0.1356514457886784
HR-3-15-26-(03).csv,160.72311401367188,0.05,0.0,False,0.32460870457936,0.126583961783476
HR-3-15-26-(03).csv,160.8234405517578,0.05,0.0,False,0.3591763971306119,0.1609390664374284
HR-3-15-26-(03).csv,160.92376708984375,0.05,0.0,False,0.3476195698256248,0.1516554665720127
HR-3-15-26-(03).csv,161.0240936279297,0.05,0.0,False,0.3658767730423244,0.1677914984198765
HR-3-15-26-(03).csv,161.12442016601562,0.05,0.0,False,0.3331943458770614,0.1650707175726528
HR-3-15-26-(03).csv,161.22474670410156,0.05,0.0,False,0.3266857562312898,0.1584683375493376
HR-3-15-26-(03).csv,161.3250732421875,0.05,0.0,False,0.3244171506218271,0.1543920766083226
HR-3-15-26-(03).csv,161.42539978027344,0.05,0.0,False,0.3198592718239665,0.1502450621757935
HR-3-15-26-(03).csv,161.52572631835938,0.05,0.0,False,0.3125819151899736,0.1743258169783801
HR-3-15-26-(03).csv,161.6260528564453,0.05,0.0,False,0.3376993919437053,0.1703493826487052
HR-3-15-26-(03).csv,161.72637939453125,0.05,0.0,False,0.3042804997501338,0.1355084050674017
HR-3-15-26-(03).csv,161.8267059326172,0.05,0.0,False,0.3215157103417251,0.1493760997741383
HR-3-15-26-(03).csv,161.92703247070312,0.05,0.0,False,0.3196718583591864,0.1685714849269552
HR-3-15-26-(03).csv,162.02735900878906,0.05,0.0,False,0.3465863333865328,0.1505892369616975
HR-3-15-26-(03).csv,162.127685546875,0.05,0.0,False,0.3293066203786104,0.139702877971454
HR-3-15-26-(03).csv,162.22801208496094,0.05,0.0,False,0.3348797046955155,0.148765735275016
HR-3-15-26-(03).csv,162.32833862304688,0.05,0.0,False,0.3483525693707846,0.1956655505805166
HR-3-15-26-(03).csv,162.4286651611328,0.05,0.0,False,0.3468755968691323,0.1814171222887391
HR-3-15-26-(03).csv,162.52899169921875,0.05,0.0,False,0.3332520540348813,0.1423473642863726
HR-3-15-26-(03).csv,162.6293182373047,0.05,0.0,False,0.321229391824016,0.1591943361486185
HR-3-15-26-(03).csv,162.72964477539062,0.05,0.0,False,0.3266011742589373,0.1678952656741469
HR-3-15-26-(03).csv,162.82997131347656,0.05,0.0,False,0.3083428831786885,0.1217065764631007
HR-3-15-26-(03).csv,162.9302978515625,0.05,0.0,False,0.3025559321121037,0.1074723501935489
HR-3-15-26-(03).csv,163.03062438964844,0.05,0.0,False,0.3328402637963626,0.1758877025448565
HR-3-15-26-(03).csv,163.13095092773438,0.05,0.0,False,0.3371262564833606,0.1805831789324609
HR-3-15-26-(03).csv,163.2312774658203,0.05,0.0,False,0.347536178842357,0.1702871717306239
HR-3-15-26-(03).csv,163.33160400390625,0.05,0.0,False,0.360451180500146,0.3972149608505659
HR-3-15-26-(03).csv,163.4319305419922,0.05,0.0,False,0.5850269174069443,0.9419994341396092
HR-3-15-26-(03).csv,163.53225708007812,0.14675450244685634,0.9643959045410155,True,0.8297280351296339,0.7723672491717887
HR-3-15-26-(03).csv,163.63258361816406,0.2248879885417409,0.7787918090820312,False,0.8820899065753726,0.0097350959712131
HR-3-15-26-(03).csv,163.73291015625,0.2844004582846537,0.5931877136230468,False,0.8715873676499785,0.0041868512232072
HR-3-15-26-(03).csv,163.83323669433594,0.32529191167559474,0.4075836181640624,False,0.8607054640927942,0.0243421162030219
HR-3-15-26-(03).csv,163.93356323242188,0.347562348714564,0.22197952270507804,False,0.8748016733665015,0.0249394904170746
HR-3-15-26-(03).csv,164.0338897705078,0.35121176940156146,0.03637542724609366,False,0.885314101733673,0.030042223329411
HR-3-15-26-(03).csv,164.13421630859375,0.33624017373658716,-0.1492286682128907,False,0.8148127078484175,0.0097347679985546
HR-3-15-26-(03).csv,164.2345428466797,0.3026475617196411,-0.3348327636718751,False,0.8605255264202857,0.00106071267372
HR-3-15-26-(03).csv,164.33486938476562,0.2504339333507232,-0.5204368591308595,False,0.8771711194320984,0.0080447942024031
HR-3-15-26-(03).csv,164.43519592285156,0.1795992886298336,-0.7060409545898438,False,0.8060273186047129,0.0143160331567241
HR-3-15-26-(03).csv,164.5355224609375,0.09014362755697218,-0.8916450500488282,False,0.8069791681420707,0.0052195631675741
HR-3-15-26-(03).csv,164.63584899902344,0.05,0.0,False,0.7903391717759548,0.0306696398358067
HR-3-15-26-(03).csv,164.73617553710938,0.05,0.0,False,0.8182884877563326,0.1740842717631848
HR-3-15-26-(03).csv,164.8365020751953,0.05,0.0,False,0.8514566332897052,0.0067850636063391
HR-3-15-26-(03).csv,164.93682861328125,0.05,0.0,False,0.7604653375075807,0.0053146297418574
HR-3-15-26-(03).csv,165.0371551513672,0.05,0.0,False,0.6028391386755931,0.0193224701607213
HR-3-15-26-(03).csv,165.13748168945312,0.05,0.0,False,0.695895354928312,0.0257764627624213
HR-3-15-26-(03).csv,165.23780822753906,0.05,0.0,False,0.7090686348435399,0.1269352424958369
HR-3-15-26-(03).csv,165.338134765625,0.05,0.0,False,0.7944211398579502,0.2033209436042202
HR-3-15-26-(03).csv,165.43846130371094,0.05,0.0,False,0.7518066852543881,0.0745548994185959
HR-3-15-26-(03).csv,165.53878784179688,0.05,0.0,False,0.7850838969386,0.0366297269691609
HR-3-15-26-(03).csv,165.6391143798828,0.05,0.0,False,0.8425822848582099,0.0083367626205003
HR-3-15-26-(03).csv,165.73944091796875,0.05,0.0,False,0.6911387260972022,0.0081711730855564
HR-3-15-26-(03).csv,165.8397674560547,0.05,0.0,False,0.6879353107668285,0.0267343981988626
HR-3-15-26-(03).csv,165.94009399414062,0.05,0.0,False,0.7360397600596609,0.0711880376749953
HR-3-15-26-(03).csv,166.04042053222656,0.05,0.0,False,0.7984457832398322,0.0654562104114879
HR-3-15-26-(03).csv,166.1407470703125,0.05,0.0,False,0.7976841853134723,0.0840660557526249
HR-3-15-26-(03).csv,166.24107360839844,0.05,0.0,False,0.7845645720190182,0.1353620243456797
HR-3-15-26-(03).csv,166.34140014648438,0.05,0.0,False,0.8238164510216472,0.1118064124497312
HR-3-15-26-(03).csv,166.4417266845703,0.05,0.0,False,0.7680274488592351,0.0344747078418425
HR-3-15-26-(03).csv,166.54205322265625,0.05,0.0,False,0.7549373395607347,0.0338478154411719
HR-3-15-26-(03).csv,166.6423797607422,0.05,0.0,False,0.664213480433363,0.0469770771539324
HR-3-15-26-(03).csv,166.74270629882812,0.05,0.0,False,0.6945895909080233,0.0491175781843709
HR-3-15-26-(03).csv,166.84303283691406,0.05,0.0,False,0.7143550281980959,0.0500416632073614
HR-3-15-26-(03).csv,166.943359375,0.05,0.0,False,0.7145588818747557,0.0723791607468941
HR-3-15-26-(03).csv,167.04368591308594,0.05,0.0,False,0.679188942769156,0.1000098874316713
HR-3-15-26-(03).csv,167.14401245117188,0.05,0.0,False,0.6081418841877,0.0278456883776054
HR-3-15-26-(03).csv,167.2443389892578,0.05,0.0,False,0.6271410509883784,0.0474610656193749
HR-3-15-26-(03).csv,167.34466552734375,0.05,0.0,False,0.6004900054001836,0.0647297599791191
HR-3-15-26-(03).csv,167.4449920654297,0.05,0.0,False,0.5608468820501823,0.085291037564104
HR-3-15-26-(03).csv,167.54531860351562,0.05,0.0,False,0.6380692502146228,0.1305333318454241
HR-3-15-26-(03).csv,167.64564514160156,0.05,0.0,False,0.6034831011044544,0.0855072954194951
HR-3-15-26-(03).csv,167.7459716796875,0.05,0.0,False,0.5754999407617285,0.105184688864771
HR-3-15-26-(03).csv,167.84629821777344,0.05,0.0,False,0.6348595703798232,0.0728850068666272
HR-3-15-26-(03).csv,167.94662475585938,0.05,0.0,False,0.6310100949202315,0.0441191746064996
HR-3-15-26-(03).csv,168.0469512939453,0.05,0.0,False,0.5550208125054255,0.091835496172333
HR-3-15-26-(03).csv,168.14727783203125,0.05,0.0,False,0.6438320525822028,0.2027815058489182
HR-3-15-26-(03).csv,168.2476043701172,0.05,0.0,False,0.6884603768088522,0.1369780486048952
HR-3-15-26-(03).csv,168.34793090820312,0.05,0.0,False,0.6670742585253145,0.126671379873766
HR-3-15-26-(03).csv,168.44825744628906,0.05,0.0,False,0.5758254279209118,0.1206221412907588
HR-3-15-26-(03).csv,168.548583984375,0.05,0.0,False,0.610392950043678,0.1509770484276919
HR-3-15-26-(03).csv,168.64891052246094,0.05,0.0,False,0.684427637612941,0.0717619604748889
HR-3-15-26-(03).csv,168.74923706054688,0.05,0.0,False,0.6846847392128834,0.0540378728589019
HR-3-15-26-(03).csv,168.8495635986328,0.05,0.0,False,0.6317128237381222,0.100507401851001
HR-3-15-26-(03).csv,168.94989013671875,0.05,0.0,False,0.6404008400568111,0.0815650094922594
HR-3-15-26-(03).csv,169.0502166748047,0.05,0.0,False,0.6287359563498256,0.0395271615599659
HR-3-15-26-(03).csv,169.15054321289062,0.05,0.0,False,0.5901142263966539,0.0480196998208914
HR-3-15-26-(03).csv,169.25086975097656,0.05,0.0,False,0.5863573181942112,0.1886227718525662
HR-3-15-26-(03).csv,169.3511962890625,0.05,0.0,False,0.7008029917120941,0.3096095991193688
HR-3-15-26-(03).csv,169.45152282714844,0.05,0.0,False,0.6399675314001231,0.2064155338571941
HR-3-15-26-(03).csv,169.55184936523438,0.05,0.0,False,0.67854838953494,0.1183511823854479
HR-3-15-26-(03).csv,169.6521759033203,0.05,0.0,False,0.6632187794646047,0.0602666268088779
HR-3-15-26-(03).csv,169.75250244140625,0.05,0.0,False,0.6673087186637454,0.0485892194309708
HR-3-15-26-(03).csv,169.8528289794922,0.05,0.0,False,0.6971934565559259,0.0477591519685645
HR-3-15-26-(03).csv,169.95315551757812,0.05,0.0,False,0.590153573641544,0.0859670627015296
HR-3-15-26-(03).csv,170.05348205566406,0.05,0.0,False,0.7426847612809849,0.1603731490829049
HR-3-15-26-(03).csv,170.15380859375,0.05,0.0,False,0.7172512643706728,0.0857419365847756
HR-3-15-26-(03).csv,170.25413513183594,0.05,0.0,False,0.7427332042696473,0.0343722116864485
HR-3-15-26-(03).csv,170.35446166992188,0.05,0.0,False,0.6921865821333372,0.0076988892260985
HR-3-15-26-(03).csv,170.4547882080078,0.05,0.0,False,0.6798392723241111,0.0174617734410826
HR-3-15-26-(03).csv,170.55511474609375,0.05,0.0,False,0.7969379514988277,0.1179679236427588
HR-3-15-26-(03).csv,170.6554412841797,0.05,0.0,False,0.7868536363388949,0.0084184387506561
HR-3-15-26-(03).csv,170.75576782226562,0.05,0.0,False,0.6623127730531801,0.0090471047058623
HR-3-15-26-(03).csv,170.85609436035156,0.05,0.0,False,0.6838072621381173,0.046403321426345
HR-3-15-26-(03).csv,170.9564208984375,0.05,0.0,False,0.8091559637586864,0.0096594377216972
HR-3-15-26-(03).csv,171.05674743652344,0.05,0.0,False,0.7519737628026885,0.0024532015649448
HR-3-15-26-(03).csv,171.15707397460938,0.05,0.0,False,0.5961921592121788,0.0049893360754383
HR-3-15-26-(03).csv,171.2574005126953,0.05,0.0,False,0.549517118001603,0.0194778183676228
HR-3-15-26-(03).csv,171.35772705078125,0.05,0.0,False,0.583036094297559,0.038199616267102
HR-3-15-26-(03).csv,171.4580535888672,0.05,0.0,False,0.6478447780551614,0.0548437140183118
HR-3-15-26-(03).csv,171.55838012695312,0.05,0.0,False,0.6230933268139108,0.1184626915776986
HR-3-15-26-(03).csv,171.65870666503906,0.05,0.0,False,0.6403091909676775,0.1391747011729134
HR-3-15-26-(03).csv,171.759033203125,0.05,0.0,False,0.636342876126047,0.0710222309405397
HR-3-15-26-(03).csv,171.85935974121094,0.05,0.0,False,0.6128205696488507,0.0391468878078324
HR-3-15-26-(03).csv,171.95968627929688,0.05,0.0,False,0.6606202224548603,0.0621144697177414
HR-3-15-26-(03).csv,172.0600128173828,0.05,0.0,False,0.6131886236971671,0.0468933626741772
HR-3-15-26-(03).csv,172.16033935546875,0.05,0.0,False,0.4671121449034365,0.0617751781688361
HR-3-15-26-(03).csv,172.2606658935547,0.05,0.0,False,0.4021660449706302,0.1224191235363999
HR-3-15-26-(03).csv,172.36099243164062,0.05,0.0,False,0.3754159246072315,0.146488574215168
HR-3-15-26-(03).csv,172.46131896972656,0.05,0.0,False,0.3654895799837853,0.1246425249837906
HR-3-15-26-(03).csv,172.5616455078125,0.05,0.0,False,0.3551217659974554,0.1500757340777453
HR-3-15-26-(03).csv,172.66197204589844,0.05,0.0,False,0.3507493453443346,0.1977350033022138
HR-3-15-26-(03).csv,172.76229858398438,0.05,0.0,False,0.379050743201393,0.2329748185067433
HR-3-15-26-(03).csv,172.8626251220703,0.05,0.0,False,0.4003237744820962,0.2138476476804233
HR-3-15-26-(03).csv,172.96295166015625,0.05,0.0,False,0.3592531200117427,0.1721954653407868
HR-3-15-26-(03).csv,173.0632781982422,0.05,0.0,False,0.3829079392997162,0.2795159930409933
HR-3-15-26-(03).csv,173.16360473632812,0.05,0.0,False,0.3901026940566029,0.2673534651701533
HR-3-15-26-(03).csv,173.26393127441406,0.05,0.0,False,0.3808567582716101,0.1755418817578196
HR-3-15-26-(03).csv,173.3642578125,0.05,0.0,False,0.3503742443327833,0.1443399891446393
HR-3-15-26-(03).csv,173.46458435058594,0.05,0.0,False,0.3490263685164401,0.2068733736973542
HR-3-15-26-(03).csv,173.56491088867188,0.05,0.0,False,0.3654097226225812,0.2222373603375967
HR-3-15-26-(03).csv,173.6652374267578,0.05,0.0,False,0.370543205161026,0.2138477319343391
HR-3-15-26-(03).csv,173.76556396484375,0.05,0.0,False,0.3655154171733153,0.2460719378668292
HR-3-15-26-(03).csv,173.8658905029297,0.05,0.0,False,0.372287247298258,0.2643804202545127
HR-3-15-26-(03).csv,173.96621704101562,0.05,0.0,False,0.3906385037009651,0.2356341738457521
HR-3-15-26-(03).csv,174.06654357910156,0.05,0.0,False,0.3432814710838473,0.1536362329144063
HR-3-15-26-(03).csv,174.1668701171875,0.05,0.0,False,0.3462572144478218,0.1437248818162792
HR-3-15-26-(03).csv,174.26719665527344,0.05,0.0,False,0.3482681033947662,0.1793653158643351
HR-3-15-26-(03).csv,174.36752319335938,0.05,0.0,False,0.372587505909778,0.1948904099444737
HR-3-15-26-(03).csv,174.4678497314453,0.05,0.0,False,0.364598378461139,0.1664472739896923
HR-3-15-26-(03).csv,174.56817626953125,0.05,0.0,False,0.396770381324272,0.1744816407446483
HR-3-15-26-(03).csv,174.6685028076172,0.05,0.0,False,0.3792379203584648,0.1659391225135922
HR-3-15-26-(03).csv,174.76882934570312,0.05,0.0,False,0.3642954892749009,0.1566427014286228
HR-3-15-26-(03).csv,174.86915588378906,0.05,0.0,False,0.322782148347122,0.1296022157367649
HR-3-15-26-(03).csv,174.969482421875,0.05,0.0,False,0.3620837472498103,0.1885090111089425
HR-3-15-26-(03).csv,175.06980895996094,0.05,0.0,False,0.3339266643677363,0.1581176205246081
HR-3-15-26-(03).csv,175.17013549804688,0.05,0.0,False,0.312714912215589,0.1261988573389036
HR-3-15-26-(03).csv,175.2704620361328,0.05,0.0,False,0.331347856664084,0.1597908585899153
HR-3-15-26-(03).csv,175.37078857421875,0.05,0.0,False,0.3377330429512384,0.169085632167473
HR-3-15-26-(03).csv,175.4711151123047,0.05,0.0,False,0.3587433602349817,0.1572994116331508
HR-3-15-26-(03).csv,175.57144165039062,0.05,0.0,False,0.3386470023788956,0.1461392828100339
HR-3-15-26-(03).csv,175.67176818847656,0.05,0.0,False,0.3608194893656136,0.1869040468031644
HR-3-15-26-(03).csv,175.7720947265625,0.05,0.0,False,0.3701320925489582,0.2209049501505769
HR-3-15-26-(03).csv,175.87242126464844,0.05,0.0,False,0.3678280532051656,0.1756313762910014
HR-3-15-26-(03).csv,175.97274780273438,0.05,0.0,False,0.4036875851422952,0.2076484060394595
HR-3-15-26-(03).csv,176.0730743408203,0.05,0.0,False,0.4035503704792582,0.209955561172421
HR-3-15-26-(03).csv,176.17340087890625,0.05,0.0,False,0.3682823622722876,0.2037351608792235
HR-3-15-26-(03).csv,176.2737274169922,0.05,0.0,False,0.3659049109034095,0.2244998092410761
HR-3-15-26-(03).csv,176.37405395507812,0.05,0.0,False,0.3593944410607693,0.2007213316413237
HR-3-15-26-(03).csv,176.47438049316406,0.05,0.0,False,0.3586135336435383,0.2029604183206393
HR-3-15-26-(03).csv,176.57470703125,0.05,0.0,False,0.3531059426071063,0.2005537224223814
HR-3-15-26-(03).csv,176.67503356933594,0.05,0.0,False,0.3565582171553221,0.1888456941970329
HR-3-15-26-(03).csv,176.77536010742188,0.05,0.0,False,0.3629397827659267,0.2084221513803603
HR-3-15-26-(03).csv,176.8756866455078,0.05,0.0,False,0.3550815805249597,0.2291493507574391
HR-3-15-26-(03).csv,176.97601318359375,0.05,0.0,False,0.3700541501783985,0.2382640305184158
HR-3-15-26-(03).csv,177.0763397216797,0.05,0.0,False,0.3743849411883252,0.2400983274691163
HR-3-15-26-(03).csv,177.17666625976562,0.05,0.0,False,0.4172669749324901,0.4982782831899686
HR-3-15-26-(03).csv,177.27699279785156,0.05,0.0,False,0.6070877321748063,0.8905368271155627
HR-3-15-26-(03).csv,177.3773193359375,0.14675450244685634,0.9643959045410155,True,0.8231965925093647,0.6621731244673074
HR-3-15-26-(03).csv,177.47764587402344,0.2248879885417409,0.7787918090820312,False,0.8083692104414769,0.0060848731247528
HR-3-15-26-(03).csv,177.57797241210938,0.2844004582846537,0.5931877136230468,False,0.7237258772520654,0.0026451257239553
HR-3-15-26-(03).csv,177.6782989501953,0.32529191167559474,0.4075836181640624,False,0.5132786464193826,0.0105546850849891
HR-3-15-26-(03).csv,177.77862548828125,0.347562348714564,0.22197952270507804,False,0.4480831983141629,0.1040523037296027
HR-3-15-26-(03).csv,177.8789520263672,0.35121176940156146,0.03637542724609366,False,0.4328774400431712,0.2420613195585578
HR-3-15-26-(03).csv,177.97927856445312,0.33624017373658716,-0.1492286682128907,False,0.4828865759241781,0.7541682824307492
HR-3-15-26-(03).csv,178.07960510253906,0.3026475617196411,-0.3348327636718751,False,0.708223346408708,0.8385335986045231
HR-3-15-26-(03).csv,178.179931640625,0.39940206416649743,0.9643959045410155,True,0.8911437033468057,0.0295169151828188
HR-3-15-26-(03).csv,178.28025817871094,0.477535550261382,0.7787918090820312,False,0.8520513037336961,0.0009395205424246
HR-3-15-26-(03).csv,178.38058471679688,0.5370480200042947,0.5931877136230468,False,0.5981281233808879,0.0026697062774767
HR-3-15-26-(03).csv,178.4809112548828,0.5779394733952358,0.4075836181640624,False,0.4289655150770681,0.1656069926300564
HR-3-15-26-(03).csv,178.58123779296875,0.600209910434205,0.22197952270507804,False,0.5451295611505209,0.715377509469089
HR-3-15-26-(03).csv,178.6815643310547,0.6038593311212025,0.03637542724609366,False,0.7666776344199074,0.8389695242734317
HR-3-15-26-(03).csv,178.78189086914062,0.5888877354562282,-0.1492286682128907,False,0.7970348450984605,0.0425979096339471
HR-3-15-26-(03).csv,178.88221740722656,0.5552951234392821,-0.3348327636718751,False,0.7113532116914218,0.0024098721577617
HR-3-15-26-(03).csv,178.9825439453125,0.5030814950703643,-0.5204368591308595,False,0.5571442717137216,0.0035861396990341
HR-3-15-26-(03).csv,179.08287048339844,0.43224685034947463,-0.7060409545898438,False,0.3935633950167094,0.0995889337169353
HR-3-15-26-(03).csv,179.18319702148438,0.34279118927661323,-0.8916450500488282,False,0.4816114640921909,0.5968851358220576
HR-3-15-26-(03).csv,179.2835235595703,0.23471451185178005,-1.0772491455078126,False,0.7008760198005167,0.9133309755650832
HR-3-15-26-(03).csv,179.38385009765625,0.3314690142986364,0.9643959045410155,True,0.8475367335657072,0.2743133184931666
HR-3-15-26-(03).csv,179.4841766357422,0.409602500393521,0.7787918090820312,False,0.8127084937301559,0.0031604387354387
HR-3-15-26-(03).csv,179.58450317382812,0.4691149701364338,0.5931877136230468,False,0.7194057837425543,0.0018321428601228
HR-3-15-26-(03).csv,179.68482971191406,0.5100064235273748,0.4075836181640624,False,0.4482304987941595,0.0740396652021237
HR-3-15-26-(03).csv,179.78515625,0.532276860566344,0.22197952270507804,False,0.5373460398410481,0.8748090109915468
HR-3-15-26-(03).csv,179.88548278808594,0.6290313630132004,0.9643959045410155,True,0.8309555713696453,0.6396838291369611
HR-3-15-26-(03).csv,179.98580932617188,0.707164849108085,0.7787918090820312,False,0.8392671017619453,0.0005832059181245
HR-3-15-26-(03).csv,180.0861358642578,0.7666773188509978,0.5931877136230468,False,0.61885250991325,0.000209181408007
HR-3-15-26-(03).csv,180.18646240234375,0.8075687722419388,0.4075836181640624,False,0.4455206581383771,0.0135764350080502
HR-3-15-26-(03).csv,180.2867889404297,0.829839209280908,0.22197952270507804,False,0.4333863491570123,0.3387561091734121
HR-3-15-26-(03).csv,180.3871154785156,0.8334886299679055,0.03637542724609366,False,0.5913674293747089,0.8737559868222766
HR-3-15-26-(03).csv,180.48744201660156,0.9302431324147619,0.9643959045410155,True,0.8811103841098893,0.5643272427966863
HR-3-15-26-(03).csv,180.5877685546875,0.95,0.0,False,0.8832392539362528,0.005079502935118
HR-3-15-26-(03).csv,180.68809509277344,0.9313789836480282,-0.18560409545898438,False,0.657655835150772,0.0017952845454793
HR-3-15-26-(03).csv,180.78842163085935,0.8941369509440846,-0.37120819091796875,False,0.429914620088054,0.1636738960341879
HR-3-15-26-(03).csv,180.8887481689453,0.8382739018881693,-0.5568122863769531,False,0.602558106398676,0.8893654781057065
HR-3-15-26-(03).csv,180.98907470703125,0.9350284043350257,0.9643959045410155,True,0.8952619899302562,0.7054305850943878
HR-3-15-26-(03).csv,181.0894012451172,0.95,0.0,False,0.8576718793475048,0.0060389761546434
HR-3-15-26-(03).csv,181.18972778320312,0.9313789836480282,-0.18560409545898438,False,0.7838023333135563,0.001034667276517
HR-3-15-26-(03).csv,181.29005432128903,0.8941369509440846,-0.37120819091796875,False,0.5592109196487367,0.0125109445547741
HR-3-15-26-(03).csv,181.390380859375,0.8382739018881693,-0.5568122863769531,False,0.3982510299253857,0.1841017736196609
HR-3-15-26-(03).csv,181.49070739746097,0.7637898364802822,-0.7424163818359375,False,0.624535015481753,0.8317477992279928
HR-3-15-26-(03).csv,181.59103393554688,0.6706847547204233,-0.9280204772949219,False,0.7941277478633288,0.2862339316501155
HR-3-15-26-(03).csv,181.6913604736328,0.5589586566085927,-1.1136245727539062,False,0.7976142737258012,0.0120412866427441
HR-3-15-26-(03).csv,181.79168701171875,0.42861154214479025,-1.2992286682128906,False,0.6710120437792333,0.0091679502463487
HR-3-15-26-(03).csv,181.8920135498047,0.27964341132901605,-1.484832763671875,False,0.506840060099904,0.0654395586309905
HR-3-15-26-(03).csv,181.99234008789065,0.11205426416127007,-1.6704368591308594,False,0.5551211277318742,0.7112423768996402
HR-3-15-26-(03).csv,182.09266662597656,0.20880876660812642,0.9643959045410155,True,0.8255480228158564,0.5378325365227005
HR-3-15-26-(03).csv,182.1929931640625,0.286942252703011,0.7787918090820312,False,0.8273779227337259,0.013961211658938
HR-3-15-26-(03).csv,182.29331970214844,0.3464547224459238,0.5931877136230468,False,0.790497443354484,0.0015216177977259
HR-3-15-26-(03).csv,182.3936462402344,0.3873461758368648,0.4075836181640624,False,0.6005993845376344,0.0022508133589473
HR-3-15-26-(03).csv,182.4939727783203,0.40961661287583406,0.22197952270507804,False,0.4314016001234069,0.1041404356255264
HR-3-15-26-(03).csv,182.59429931640625,0.41326603356283154,0.03637542724609366,False,0.5926353351497744,0.8234803397219058
HR-3-15-26-(03).csv,182.6946258544922,0.39829443789785723,-0.1492286682128907,False,0.7652401456209665,0.3996118054329052
HR-3-15-26-(03).csv,182.79495239257812,0.4950489403447136,0.9643959045410155,True,0.8181215549733162,0.007606095397605
HR-3-15-26-(03).csv,182.8952789306641,0.5731824264395982,0.7787918090820312,False,0.682488917953851,0.0044750801241626
HR-3-15-26-(03).csv,182.99560546875,0.632694896182511,0.5931877136230468,False,0.532826115334153,0.0497105271045712
HR-3-15-26-(03).csv,183.0959320068359,0.673586349573452,0.4075836181640624,False,0.5389813716901779,0.4564346462387173
HR-3-15-26-(03).csv,183.19625854492188,0.6958567866124212,0.22197952270507804,False,0.687518773872246,0.5172162548402456
HR-3-15-26-(03).csv,183.2965850830078,0.6995062072994187,0.03637542724609366,False,0.6496517339262842,0.0405973422934936
HR-3-15-26-(03).csv,183.39691162109375,0.6845346116344444,-0.1492286682128907,False,0.7982193798839043,0.0020956043748949
HR-3-15-26-(03).csv,183.4972381591797,0.6509419996174983,-0.3348327636718751,False,0.6708349827105723,0.0028413924820997
HR-3-15-26-(03).csv,183.5975646972656,0.5987283712485805,-0.5204368591308595,False,0.4934731968017344,0.0614782276032418
HR-3-15-26-(03).csv,183.69789123535156,0.5278937265276908,-0.7060409545898438,False,0.636969939748932,0.7635016208532683
HR-3-15-26-(03).csv,183.7982177734375,0.43843806545482944,-0.8916450500488282,False,0.7930827150769733,0.3248881118928993
HR-3-15-26-(03).csv,183.89854431152344,0.5351925679016858,0.9643959045410155,True,0.807702783931156,0.0020978261737173
HR-3-15-26-(03).csv,183.99887084960935,0.6133260539965704,0.7787918090820312,False,0.6291603691162767,0.0018777430982001
HR-3-15-26-(03).csv,184.0991973876953,0.6728385237394832,0.5931877136230468,False,0.6192048420340691,0.1585040709435043
HR-3-15-26-(03).csv,184.19952392578125,0.7137299771304242,0.4075836181640624,False,0.6616144496447007,0.637704062031753
HR-3-15-26-(03).csv,184.2998504638672,0.7360004141693934,0.22197952270507804,False,0.7154731798364673,0.8198501879333076
HR-3-15-26-(03).csv,184.40017700195312,0.7396498348563909,0.03637542724609366,False,0.8576273835709624,0.5215855973310195
HR-3-15-26-(03).csv,184.50050354003903,0.7246782391914166,-0.1492286682128907,False,0.8571577664706928,0.0164283989653067
HR-3-15-26-(03).csv,184.600830078125,0.6910856271744705,-0.3348327636718751,False,0.802778047125241,0.0018396435090716
HR-3-15-26-(03).csv,184.70115661621097,0.6388719988055527,-0.5204368591308595,False,0.6080583785816047,0.0079687163529254
HR-3-15-26-(03).csv,184.80148315429688,0.568037354084663,-0.7060409545898438,False,0.523544929865738,0.1627606742646458
HR-3-15-26-(03).csv,184.9018096923828,0.47858169301180165,-0.8916450500488282,False,0.7224165520671673,0.9041296260459692
HR-3-15-26-(03).csv,185.00213623046875,0.37050501558696847,-1.0772491455078126,False,0.9150213672726404,0.7749463720839009
HR-3-15-26-(03).csv,185.1024627685547,0.2438073218101635,-1.262853240966797,False,0.9316226570234574,0.0083720414870552
HR-3-15-26-(03).csv,185.20278930664065,0.09848861168138678,-1.4484573364257813,False,0.8056258610959673,0.0005885689409986
HR-3-15-26-(03).csv,185.30311584472656,0.05,0.0,False,0.7280436632193064,0.0005457022830957
HR-3-15-26-(03).csv,185.4034423828125,0.05,0.0,False,0.5354842824997009,0.0310262686754189
HR-3-15-26-(03).csv,185.50376892089844,0.05,0.0,False,0.6492651393955056,0.7389716842224104
HR-3-15-26-(03).csv,185.6040954589844,0.05,0.0,False,0.813085764726149,0.8560726200843997
HR-3-15-26-(03).csv,185.7044219970703,0.05,0.0,False,0.9040345261715352,0.0552472928462775
HR-3-15-26-(03).csv,185.80474853515625,0.05,0.0,False,0.903834472012515,0.0011586327410109
HR-3-15-26-(03).csv,185.9050750732422,0.05,0.0,False,0.8134593696410155,0.0026112907563012
HR-3-15-26-(03).csv,186.00540161132812,0.05,0.0,False,0.649475226395058,0.191148380943051
HR-3-15-26-(03).csv,186.1057281494141,0.05,0.0,False,0.7911628028149532,0.7077114805015202
HR-3-15-26-(03).csv,186.2060546875,0.05,0.0,False,0.8482340624855271,0.4207945642931946
HR-3-15-26-(03).csv,186.3063812255859,0.05,0.0,False,0.8817810705137341,0.0137455705716584
HR-3-15-26-(03).csv,186.40670776367188,0.05,0.0,False,0.8042755670142552,0.0012669978709743
HR-3-15-26-(03).csv,186.5070343017578,0.05,0.0,False,0.5390281883304627,0.0030814998164191
HR-3-15-26-(03).csv,186.60736083984375,0.05,0.0,False,0.4902405175514571,0.0463938485630529
HR-3-15-26-(03).csv,186.7076873779297,0.05,0.0,False,0.4336529124752437,0.1351670562618345
HR-3-15-26-(03).csv,186.8080139160156,0.05,0.0,False,0.4389734378981675,0.1804806140171037
HR-3-15-26-(03).csv,186.90834045410156,0.05,0.0,False,0.4114595451389925,0.1562930927048414
HR-3-15-26-(03).csv,187.0086669921875,0.05,0.0,False,0.3933921559814166,0.1670399228629273
HR-3-15-26-(03).csv,187.10899353027344,0.05,0.0,False,0.3549852571151437,0.1545348475913053
HR-3-15-26-(03).csv,187.20932006835935,0.05,0.0,False,0.3650742550767705,0.1622142887558916
HR-3-15-26-(03).csv,187.3096466064453,0.05,0.0,False,0.3792672315764416,0.1645679162258143
HR-3-15-26-(03).csv,187.40997314453125,0.05,0.0,False,0.3894646301425064,0.1477789421428443
HR-3-15-26-(03).csv,187.5102996826172,0.05,0.0,False,0.3646918702280662,0.1360328988957099
HR-3-15-26-(03).csv,187.61062622070312,0.05,0.0,False,0.3640072304822054,0.1679410132529421
HR-3-15-26-(03).csv,187.71095275878903,0.05,0.0,False,0.3651342443581228,0.1656311713524809
HR-3-15-26-(03).csv,187.811279296875,0.05,0.0,False,0.3702085774649619,0.166368810339579
HR-3-15-26-(03).csv,187.91160583496097,0.05,0.0,False,0.3781072892288641,0.2025112601505089
HR-3-15-26-(03).csv,188.01193237304688,0.05,0.0,False,0.3898194889919545,0.2154024303991832
HR-3-15-26-(03).csv,188.1122589111328,0.05,0.0,False,0.4078543267550584,0.1742163567423064
HR-3-15-26-(03).csv,188.21258544921875,0.05,0.0,False,0.4609477304964698,0.1697529380513158
HR-3-15-26-(03).csv,188.3129119873047,0.05,0.0,False,0.4036529867192998,0.1301151197521647
HR-3-15-26-(03).csv,188.41323852539065,0.05,0.0,False,0.4003301581240376,0.1688242019512487
HR-3-15-26-(03).csv,188.51356506347656,0.05,0.0,False,0.3893483202172506,0.2152174707053487
HR-3-15-26-(03).csv,188.6138916015625,0.05,0.0,False,0.3625677391119798,0.1621362607847153
HR-3-15-26-(03).csv,188.71421813964844,0.05,0.0,False,0.3760276471901812,0.1708596680468488
HR-3-15-26-(03).csv,188.8145446777344,0.05,0.0,False,0.3677354186456842,0.1717970487900649
HR-3-15-26-(03).csv,188.9148712158203,0.05,0.0,False,0.3627165353624297,0.1535926542542609
HR-3-15-26-(03).csv,189.01519775390625,0.05,0.0,False,0.356779946234982,0.129884968280842
HR-3-15-26-(03).csv,189.1155242919922,0.05,0.0,False,0.3353719052727677,0.137249976857564
HR-3-15-26-(03).csv,189.21585083007812,0.05,0.0,False,0.3280912835670122,0.1353999237187857
HR-3-15-26-(03).csv,189.3161773681641,0.05,0.0,False,0.3457460579527189,0.140346810896594
HR-3-15-26-(03).csv,189.41650390625,0.05,0.0,False,0.3550551840545186,0.1352842012014658
HR-3-15-26-(03).csv,189.5168304443359,0.05,0.0,False,0.3491795161272084,0.1205603465195298
HR-3-15-26-(03).csv,189.61715698242188,0.05,0.0,False,0.3611969637910059,0.1311538136791054
HR-3-15-26-(03).csv,189.7174835205078,0.05,0.0,False,0.3282650477098363,0.1137290408090958
HR-3-15-26-(03).csv,189.81781005859375,0.05,0.0,False,0.3467638042909036,0.1205521977397954
HR-3-15-26-(03).csv,189.9181365966797,0.05,0.0,False,0.3374714252870312,0.1101451767484164
HR-3-15-26-(03).csv,190.0184631347656,0.05,0.0,False,0.3553347349233279,0.1829808587892649
HR-3-15-26-(03).csv,190.11878967285156,0.05,0.0,False,0.3873731076894484,0.1883350005153808
HR-3-15-26-(03).csv,190.2191162109375,0.05,0.0,False,0.3768396604274511,0.1768611660240725
HR-3-15-26-(03).csv,190.31944274902344,0.05,0.0,False,0.3758011670163584,0.1888593698952859
HR-3-15-26-(03).csv,190.41976928710935,0.05,0.0,False,0.332911450579737,0.1164828629719464
HR-3-15-26-(03).csv,190.5200958251953,0.05,0.0,False,0.3268673319960856,0.0831257820995911
HR-3-15-26-(03).csv,190.62042236328125,0.05,0.0,False,0.3436880745251163,0.1106281749897926
HR-3-15-26-(03).csv,190.7207489013672,0.05,0.0,False,0.3499512839816209,0.1417225784799226
HR-3-15-26-(03).csv,190.82107543945312,0.05,0.0,False,0.3439240883388279,0.1417720772614605
HR-3-15-26-(03).csv,190.92140197753903,0.05,0.0,False,0.3546623671875953,0.1363220482554008
HR-3-15-26-(03).csv,191.021728515625,0.05,0.0,False,0.3294184441529059,0.1156353587095733
HR-3-15-26-(03).csv,191.12205505371097,0.05,0.0,False,0.345546339045621,0.1692529848865923
HR-3-15-26-(03).csv,191.22238159179688,0.05,0.0,False,0.353011298766723,0.1748542602295219
HR-3-15-26-(03).csv,191.3227081298828,0.05,0.0,False,0.3807343940643261,0.2096236767096641
HR-3-15-26-(03).csv,191.42303466796875,0.05,0.0,False,0.3666479680099239,0.1676318970564185
HR-3-15-26-(03).csv,191.5233612060547,0.05,0.0,False,0.3473683117516155,0.1592562832390087
HR-3-15-26-(03).csv,191.62368774414065,0.05,0.0,False,0.3618431225277045,0.182823937710156
HR-3-15-26-(03).csv,191.72401428222656,0.05,0.0,False,0.3366579942600911,0.1298399336597124
HR-3-15-26-(03).csv,191.8243408203125,0.05,0.0,False,0.3615264107123285,0.1403573506881961
HR-3-15-26-(03).csv,191.92466735839844,0.05,0.0,False,0.3583864470425705,0.1496853990147715
HR-3-15-26-(03).csv,192.0249938964844,0.05,0.0,False,0.3660066981244407,0.122322771154564
HR-3-15-26-(03).csv,192.1253204345703,0.05,0.0,False,0.3559908877395418,0.1746535966541166
HR-3-15-26-(03).csv,192.22564697265625,0.05,0.0,False,0.3693840321066258,0.1962868792383356
HR-3-15-26-(03).csv,192.3259735107422,0.05,0.0,False,0.3341141994550127,0.1816994154996113
HR-3-15-26-(03).csv,192.42630004882812,0.05,0.0,False,0.3773482503781119,0.1982721334534526
HR-3-15-26-(03).csv,192.5266265869141,0.05,0.0,False,0.3613358893097599,0.1892172705357404
HR-3-15-26-(03).csv,192.626953125,0.05,0.0,False,0.3496642750701165,0.160219738580063
HR-3-15-26-(03).csv,192.7272796630859,0.05,0.0,False,0.3661103636490023,0.2047479622890068
HR-3-15-26-(03).csv,192.82760620117188,0.05,0.0,False,0.3592626932629527,0.1886165732483345
HR-3-15-26-(03).csv,192.9279327392578,0.05,0.0,False,0.3261120685049865,0.1274112473856422
HR-3-15-26-(03).csv,193.02825927734375,0.05,0.0,False,0.3358733169974026,0.1564395418057504
HR-3-15-26-(03).csv,193.1285858154297,0.05,0.0,False,0.3351461860365039,0.1532230605809382
HR-3-15-26-(03).csv,193.2289123535156,0.05,0.0,False,0.3416188596308647,0.1699711091700973
HR-3-15-26-(03).csv,193.32923889160156,0.05,0.0,False,0.357780829085989,0.1772045775695613
HR-3-15-26-(03).csv,193.4295654296875,0.05,0.0,False,0.3328996439333483,0.1279254151852373
HR-3-15-26-(03).csv,193.52989196777344,0.05,0.0,False,0.3266858103966971,0.1243687061767234
HR-3-15-26-(03).csv,193.63021850585935,0.05,0.0,False,0.2979296623411749,0.1110512959901348
HR-3-15-26-(03).csv,193.7305450439453,0.05,0.0,False,0.3151537548229765,0.1279501723135373
HR-3-15-26-(03).csv,193.83087158203125,0.05,0.0,False,0.3494263409083041,0.1717017315612945
HR-3-15-26-(03).csv,193.9311981201172,0.05,0.0,False,0.3808993274829578,0.2046988309472199
HR-3-15-26-(03).csv,194.03152465820312,0.05,0.0,False,0.3893155219235275,0.1906791103989975
HR-3-15-26-(03).csv,194.13185119628903,0.05,0.0,False,0.3654081662847376,0.1797017319316245
HR-3-15-26-(03).csv,194.232177734375,0.05,0.0,False,0.3592014334634905,0.1756754419642594
HR-3-15-26-(03).csv,194.33250427246097,0.05,0.0,False,0.3493297833415323,0.167096899369501
HR-3-15-26-(03).csv,194.43283081054688,0.05,0.0,False,0.3573705071300352,0.1848019220237516
HR-3-15-26-(03).csv,194.5331573486328,0.05,0.0,False,0.3287705808750997,0.1262118024939009
HR-3-15-26-(03).csv,194.63348388671875,0.05,0.0,False,0.2853076821430501,0.0918443639640989
HR-3-15-26-(03).csv,194.7338104248047,0.05,0.0,False,0.329203781793718,0.1370635439881726
HR-3-15-26-(03).csv,194.83413696289065,0.05,0.0,False,0.3550703564788757,0.1877354601869889
HR-3-15-26-(03).csv,194.93446350097656,0.05,0.0,False,0.3709302170096858,0.214210398592821
HR-3-15-26-(03).csv,195.0347900390625,0.05,0.0,False,0.362765811820382,0.1826737835224009
HR-3-15-26-(03).csv,195.13511657714844,0.05,0.0,False,0.3643395643787689,0.1650705627704614
HR-3-15-26-(03).csv,195.2354431152344,0.05,0.0,False,0.4016564173384322,0.1847222466322647
HR-3-15-26-(03).csv,195.3357696533203,0.05,0.0,False,0.4129779806735626,0.1940146980867892
HR-3-15-26-(03).csv,195.43609619140625,0.05,0.0,False,0.3921324473495901,0.1705746923527082
HR-3-15-26-(03).csv,195.5364227294922,0.05,0.0,False,0.3785163725215829,0.176663859683782
HR-3-15-26-(03).csv,195.63674926757812,0.05,0.0,False,0.3660620862079226,0.1744704727455
HR-3-15-26-(03).csv,195.7370758056641,0.05,0.0,False,0.3499908173899201,0.1507311158563651
HR-3-15-26-(03).csv,195.83740234375,0.05,0.0,False,0.3665227060954724,0.1709075584188631
HR-3-15-26-(03).csv,195.9377288818359,0.05,0.0,False,0.3772967666302421,0.1888452712801903
HR-3-15-26-(03).csv,196.03805541992188,0.05,0.0,False,0.3661800286393496,0.1463455989094877
HR-3-15-26-(03).csv,196.1383819580078,0.05,0.0,False,0.3391664712141338,0.1212458578453465
HR-3-15-26-(03).csv,196.23870849609375,0.05,0.0,False,0.3523516780302835,0.1476678848432349
HR-3-15-26-(03).csv,196.3390350341797,0.05,0.0,False,0.3183132235831002,0.1459481222174693
HR-3-15-26-(03).csv,196.4393615722656,0.05,0.0,False,0.3356307623917934,0.1401272442922863
HR-3-15-26-(03).csv,196.53968811035156,0.05,0.0,False,0.3178211983189366,0.134199835430298
HR-3-15-26-(03).csv,196.6400146484375,0.05,0.0,False,0.3484437560684508,0.1423619439755195
HR-3-15-26-(03).csv,196.74034118652344,0.05,0.0,False,0.349070568954876,0.1287624197598252
HR-3-15-26-(03).csv,196.84066772460935,0.05,0.0,False,0.3387292524059772,0.1377561048566366
HR-3-15-26-(03).csv,196.9409942626953,0.05,0.0,False,0.3422219006829992,0.1536033143958379
HR-3-15-26-(03).csv,197.04132080078125,0.05,0.0,False,0.3467642757359956,0.1913366356099902
HR-3-15-26-(03).csv,197.1416473388672,0.05,0.0,False,0.3111459456022299,0.1414141711693789
HR-3-15-26-(03).csv,197.24197387695312,0.05,0.0,False,0.3100628626029739,0.109208951491173
HR-3-15-26-(03).csv,197.34230041503903,0.05,0.0,False,0.3341142376931874,0.1482962392507201
HR-3-15-26-(03).csv,197.442626953125,0.05,0.0,False,0.3868822007402726,0.1933769391332643
HR-3-15-26-(03).csv,197.54295349121097,0.05,0.0,False,0.4129570736493267,0.2116990490148264
HR-3-15-26-(03).csv,197.64328002929688,0.05,0.0,False,0.3751692055532287,0.1531160167987438
HR-3-15-26-(03).csv,197.7436065673828,0.05,0.0,False,0.3956064833049876,0.1700415581124814
HR-3-15-26-(03).csv,197.84393310546875,0.05,0.0,False,0.3883894453362696,0.1879072159412752
HR-3-15-26-(03).csv,197.9442596435547,0.05,0.0,False,0.4265320233123454,0.1976478461879223
HR-3-15-26-(03).csv,198.04458618164065,0.05,0.0,False,0.3864953272876367,0.1409205498233479
HR-3-15-26-(03).csv,198.14491271972656,0.05,0.0,False,0.3642701912189269,0.1097547521546465
HR-3-15-26-(03).csv,198.2452392578125,0.05,0.0,False,0.3670141501764011,0.1172279810422255
HR-3-15-26-(03).csv,198.34556579589844,0.05,0.0,False,0.3383126881793297,0.1374439821790638
HR-3-15-26-(03).csv,198.4458923339844,0.05,0.0,False,0.3597311877659783,0.1835255736062667
HR-3-15-26-(03).csv,198.5462188720703,0.05,0.0,False,0.3506104751942931,0.1665001423440076
HR-3-15-26-(03).csv,198.64654541015625,0.05,0.0,False,0.3555157718217642,0.1557109362453062
HR-3-15-26-(03).csv,198.7468719482422,0.05,0.0,False,0.3165967701035953,0.1361732275361696
HR-3-15-26-(03).csv,198.84719848632812,0.05,0.0,False,0.3503205002060685,0.1421500696433789
HR-3-15-26-(03).csv,198.9475250244141,0.05,0.0,False,0.3434043756526771,0.1697871774437801
HR-3-15-26-(03).csv,199.0478515625,0.05,0.0,False,0.3592490080905054,0.2237006231112561
HR-3-15-26-(03).csv,199.1481781005859,0.05,0.0,False,0.3652216347818922,0.1959061148709081
HR-3-15-26-(03).csv,199.24850463867188,0.05,0.0,False,0.3737388038353897,0.1727620619916346
HR-3-15-26-(03).csv,199.3488311767578,0.05,0.0,False,0.3476393589896593,0.1696066896985126
HR-3-15-26-(03).csv,199.44915771484375,0.05,0.0,False,0.3388808417249772,0.1539931837183897
HR-3-15-26-(03).csv,199.5494842529297,0.05,0.0,False,0.3938626506860679,0.2292991957941383
HR-3-15-26-(03).csv,199.6498107910156,0.05,0.0,False,0.3500625643764715,0.1543086004757962
HR-3-15-26-(03).csv,199.75013732910156,0.05,0.0,False,0.3964640528079702,0.1858527901417785
HR-3-15-26-(03).csv,199.8504638671875,0.05,0.0,False,0.3864581795162934,0.1767669647647609
HR-3-15-26-(03).csv,199.95079040527344,0.05,0.0,False,0.3831933809671933,0.1683248226632399
HR-3-15-26-(03).csv,200.05111694335935,0.05,0.0,False,0.3474556686026252,0.1709838436956107
HR-3-15-26-(03).csv,200.1514434814453,0.05,0.0,False,0.3556640084550011,0.1733516363366235
HR-3-15-26-(03).csv,200.25177001953125,0.05,0.0,False,0.3503042555082076,0.1404439726140716
HR-3-15-26-(03).csv,200.3520965576172,0.05,0.0,False,0.3655865644143724,0.1383375691166233
HR-3-15-26-(03).csv,200.45242309570312,0.05,0.0,False,0.362063696594908,0.1368427590258264
HR-3-15-26-(03).csv,200.55274963378903,0.05,0.0,False,0.3755643046353688,0.1858841804611807
HR-3-15-26-(03).csv,200.653076171875,0.05,0.0,False,0.3516127528910442,0.1637832435401374
HR-3-15-26-(03).csv,200.75340270996097,0.05,0.0,False,0.3586708739599815,0.1602262727344672
HR-3-15-26-(03).csv,200.85372924804688,0.05,0.0,False,0.3677696620214327,0.1813897509676645
HR-3-15-26-(03).csv,200.9540557861328,0.05,0.0,False,0.3393051181632568,0.2166570709419659
HR-3-15-26-(03).csv,201.05438232421875,0.05,0.0,False,0.3501009308935761,0.150583738139388
HR-3-15-26-(03).csv,201.1547088623047,0.05,0.0,False,0.371346859393565,0.1370199683044924
HR-3-15-26-(03).csv,201.25503540039065,0.05,0.0,False,0.3642769570898339,0.1531551138941017
HR-3-15-26-(03).csv,201.35536193847656,0.05,0.0,False,0.3471702467663939,0.1731804451605788
HR-3-15-26-(03).csv,201.4556884765625,0.05,0.0,False,0.3828699833918301,0.2096470236438517
HR-3-15-26-(03).csv,201.55601501464844,0.05,0.0,False,0.3660598731370802,0.1503190096409492
HR-3-15-26-(03).csv,201.6563415527344,0.05,0.0,False,0.3803650310360656,0.1497813744342369
HR-3-15-26-(03).csv,201.7566680908203,0.05,0.0,False,0.3637411359631982,0.1788846883804715
HR-3-15-26-(03).csv,201.85699462890625,0.05,0.0,False,0.3682520873850414,0.2216362706454452
HR-3-15-26-(03).csv,201.9573211669922,0.05,0.0,False,0.3951500803962477,0.221185466472635
HR-3-15-26-(03).csv,202.05764770507812,0.05,0.0,False,0.4567183102901152,0.8423242217574956
HR-3-15-26-(03).csv,202.1579742431641,0.14675450244685634,0.9643959045410155,True,0.8581711930236899,0.9756231874841302
HR-3-15-26-(03).csv,202.25830078125,0.2248879885417409,0.7787918090820312,False,0.9522480638429952,0.0927421181681527
HR-3-15-26-(03).csv,202.3586273193359,0.2844004582846537,0.5931877136230468,False,0.9318500123371724,0.0114828738644706
HR-3-15-26-(03).csv,202.45895385742188,0.32529191167559474,0.4075836181640624,False,0.9200254611337362,0.0044056165217128
HR-3-15-26-(03).csv,202.5592803955078,0.347562348714564,0.22197952270507804,False,0.8602719815930447,0.0016792713262982
HR-3-15-26-(03).csv,202.65960693359375,0.35121176940156146,0.03637542724609366,False,0.8774605344268903,0.0051860165484867
HR-3-15-26-(03).csv,202.7599334716797,0.33624017373658716,-0.1492286682128907,False,0.8875065741307311,0.005412865677448
HR-3-15-26-(03).csv,202.8602600097656,0.3026475617196411,-0.3348327636718751,False,0.848476310549362,0.0017822317704644
HR-3-15-26-(03).csv,202.96058654785156,0.2504339333507232,-0.5204368591308595,False,0.7770756759095527,0.0084104541436103
HR-3-15-26-(03).csv,203.0609130859375,0.1795992886298336,-0.7060409545898438,False,0.7255567679339661,0.0092288781040353
HR-3-15-26-(03).csv,203.16123962402344,0.09014362755697218,-0.8916450500488282,False,0.8490749329306403,0.0079591293319429
HR-3-15-26-(03).csv,203.26156616210935,0.05,0.0,False,0.8564629226767972,0.0176591373884567
HR-3-15-26-(03).csv,203.3618927001953,0.05,0.0,False,0.7396887468143565,0.021748735108037
HR-3-15-26-(03).csv,203.46221923828125,0.05,0.0,False,0.7377196368898805,0.0132838429322893
HR-3-15-26-(03).csv,203.5625457763672,0.05,0.0,False,0.7786224470995322,0.0055625264534532
HR-3-15-26-(03).csv,203.66287231445312,0.05,0.0,False,0.6984841303125229,0.032770342449383
HR-3-15-26-(03).csv,203.76319885253903,0.05,0.0,False,0.7750039621029063,0.2079835358221667
HR-3-15-26-(03).csv,203.863525390625,0.05,0.0,False,0.80523395303216,0.1445933812608023
HR-3-15-26-(03).csv,203.96385192871097,0.05,0.0,False,0.876932268880728,0.016392371542486
HR-3-15-26-(03).csv,204.06417846679688,0.05,0.0,False,0.7443373350080469,0.0157182734950691
HR-3-15-26-(03).csv,204.1645050048828,0.05,0.0,False,0.8103947554591978,0.017386634868598
HR-3-15-26-(03).csv,204.26483154296875,0.05,0.0,False,0.7213203076298326,0.0165797915048344
HR-3-15-26-(03).csv,204.3651580810547,0.05,0.0,False,0.7050646949090817,0.0204564614279979
HR-3-15-26-(03).csv,204.46548461914065,0.05,0.0,False,0.8547390834605475,0.0306433638083999
HR-3-15-26-(03).csv,204.56581115722656,0.05,0.0,False,0.783512110477727,0.0296197955599128
HR-3-15-26-(03).csv,204.6661376953125,0.05,0.0,False,0.7341006546864961,0.0340316596088565
HR-3-15-26-(03).csv,204.76646423339844,0.05,0.0,False,0.6816282581176948,0.1033973843661399
HR-3-15-26-(03).csv,204.8667907714844,0.05,0.0,False,0.7375182219423455,0.0837924742345267
HR-3-15-26-(03).csv,204.9671173095703,0.05,0.0,False,0.665536299461672,0.0540259740803239
HR-3-15-26-(03).csv,205.06744384765625,0.05,0.0,False,0.6381999194680614,0.0253463148726768
HR-3-15-26-(03).csv,205.1677703857422,0.05,0.0,False,0.697597996466609,0.0069057809592932
HR-3-15-26-(03).csv,205.26809692382812,0.05,0.0,False,0.6728660380986708,0.0089689398648722
HR-3-15-26-(03).csv,205.3684234619141,0.05,0.0,False,0.6930553392455203,0.0202045670580859
HR-3-15-26-(03).csv,205.46875,0.05,0.0,False,0.6209803509121614,0.0549334018053077
HR-3-15-26-(03).csv,205.5690765380859,0.05,0.0,False,0.6329743077186978,0.0523571486288148
HR-3-15-26-(03).csv,205.66940307617188,0.05,0.0,False,0.7170177158321004,0.0512214216444029
HR-3-15-26-(03).csv,205.7697296142578,0.05,0.0,False,0.7156515292747918,0.0649229478681436
HR-3-15-26-(03).csv,205.87005615234375,0.05,0.0,False,0.5924301957311857,0.0804581921270341
HR-3-15-26-(03).csv,205.9703826904297,0.05,0.0,False,0.6379055241495101,0.0349405235599265
HR-3-15-26-(03).csv,206.0707092285156,0.05,0.0,False,0.5488454455711802,0.0428926103862212
HR-3-15-26-(03).csv,206.17103576660156,0.05,0.0,False,0.7002509550785184,0.0943251139303802
HR-3-15-26-(03).csv,206.2713623046875,0.05,0.0,False,0.7069976430210709,0.1510237609318404
HR-3-15-26-(03).csv,206.37168884277344,0.05,0.0,False,0.6775447141129368,0.0813566332064243
HR-3-15-26-(03).csv,206.47201538085935,0.05,0.0,False,0.7594137779321987,0.066355265765627
HR-3-15-26-(03).csv,206.5723419189453,0.05,0.0,False,0.7915759344572766,0.0596417972474992
HR-3-15-26-(03).csv,206.67266845703125,0.05,0.0,False,0.7676633022874735,0.0638160115327398
HR-3-15-26-(03).csv,206.7729949951172,0.05,0.0,False,0.6412033624543498,0.0479022258932637
HR-3-15-26-(03).csv,206.87332153320312,0.05,0.0,False,0.6642832916453776,0.017570914028216
HR-3-15-26-(03).csv,206.97364807128903,0.05,0.0,False,0.6150920100676112,0.0189894732176668
HR-3-15-26-(03).csv,207.073974609375,0.05,0.0,False,0.6053711974268974,0.0648299422074141
HR-3-15-26-(03).csv,207.17430114746097,0.05,0.0,False,0.6384123385253186,0.0750807299955241
HR-3-15-26-(03).csv,207.27462768554688,0.05,0.0,False,0.6364857889243476,0.0474670413547763
HR-3-15-26-(03).csv,207.3749542236328,0.05,0.0,False,0.539815787898269,0.0517870249742622
HR-3-15-26-(03).csv,207.47528076171875,0.05,0.0,False,0.6608790863901087,0.090905538257282
HR-3-15-26-(03).csv,207.5756072998047,0.05,0.0,False,0.6449276768431382,0.0494755348200154
HR-3-15-26-(03).csv,207.67593383789065,0.05,0.0,False,0.5947336833298664,0.0695647742665576
HR-3-15-26-(03).csv,207.77626037597656,0.05,0.0,False,0.6737727231474371,0.1430423726289338
HR-3-15-26-(03).csv,207.8765869140625,0.05,0.0,False,0.7316979322780763,0.0791400029246
HR-3-15-26-(03).csv,207.97691345214844,0.05,0.0,False,0.6551265114338581,0.0563312267217174
HR-3-15-26-(03).csv,208.0772399902344,0.05,0.0,False,0.625371188729893,0.0808510398206158
HR-3-15-26-(03).csv,208.1775665283203,0.05,0.0,False,0.6265330337267796,0.1683428365185834
HR-3-15-26-(03).csv,208.27789306640625,0.05,0.0,False,0.6125592948218459,0.1265118927412029
HR-3-15-26-(03).csv,208.3782196044922,0.05,0.0,False,0.6580991887668529,0.0802528974990518
HR-3-15-26-(03).csv,208.47854614257812,0.05,0.0,False,0.61830137882478,0.0729783737747015
HR-3-15-26-(03).csv,208.5788726806641,0.05,0.0,False,0.6138331088518456,0.1155964956797892
HR-3-15-26-(03).csv,208.67919921875,0.05,0.0,False,0.6183766687720554,0.1588201582975781
HR-3-15-26-(03).csv,208.7795257568359,0.05,0.0,False,0.5875894515339541,0.1138782908742267
HR-3-15-26-(03).csv,208.87985229492188,0.05,0.0,False,0.5723210916019845,0.0917004913661391
HR-3-15-26-(03).csv,208.9801788330078,0.05,0.0,False,0.5646481939095,0.2056540144247454
HR-3-15-26-(03).csv,209.08050537109375,0.05,0.0,False,0.6671324182666842,0.238250075403285
HR-3-15-26-(03).csv,209.1808319091797,0.05,0.0,False,0.6427691821549102,0.1112264086971981
HR-3-15-26-(03).csv,209.2811584472656,0.05,0.0,False,0.6806611740323649,0.0637093892883424
HR-3-15-26-(03).csv,209.38148498535156,0.05,0.0,False,0.6816608527097666,0.0798505945463166
HR-3-15-26-(03).csv,209.4818115234375,0.05,0.0,False,0.5810109593102506,0.1356358537174344
HR-3-15-26-(03).csv,209.58213806152344,0.05,0.0,False,0.6519374199982446,0.1054796236373773
HR-3-15-26-(03).csv,209.68246459960935,0.05,0.0,False,0.7093491075501581,0.1002671032348169
HR-3-15-26-(03).csv,209.7827911376953,0.05,0.0,False,0.6575387370602552,0.1090137693656577
HR-3-15-26-(03).csv,209.88311767578125,0.05,0.0,False,0.712483405930203,0.0611796268298451
HR-3-15-26-(03).csv,209.9834442138672,0.05,0.0,False,0.6730957237860892,0.0176784728988676
HR-3-15-26-(03).csv,210.08377075195312,0.05,0.0,False,0.709513054571951,0.0550604001234123
HR-3-15-26-(03).csv,210.18409729003903,0.05,0.0,False,0.5802244600853648,0.1134381447936531
HR-3-15-26-(03).csv,210.284423828125,0.05,0.0,False,0.6659256545236172,0.0762832877060581
HR-3-15-26-(03).csv,210.38475036621097,0.05,0.0,False,0.6311979874962199,0.0360542970528664
HR-3-15-26-(03).csv,210.48507690429688,0.05,0.0,False,0.6713313065512466,0.0723278827811003
HR-3-15-26-(03).csv,210.5854034423828,0.05,0.0,False,0.6112297689180971,0.1577565378570766
HR-3-15-26-(03).csv,210.68572998046875,0.05,0.0,False,0.6386977050644975,0.090144727212174
HR-3-15-26-(03).csv,210.7860565185547,0.05,0.0,False,0.663267842839516,0.0627493282885079
HR-3-15-26-(03).csv,210.88638305664065,0.05,0.0,False,0.5598812104285749,0.0209831688803024
HR-3-15-26-(03).csv,210.98670959472656,0.05,0.0,False,0.5371125548898846,0.0259545796306512
HR-3-15-26-(03).csv,211.0870361328125,0.05,0.0,False,0.4438251175228151,0.0538178249639785
HR-3-15-26-(03).csv,211.18736267089844,0.05,0.0,False,0.3941573194246405,0.1297074723510358
HR-3-15-26-(03).csv,211.2876892089844,0.05,0.0,False,0.4028694945462088,0.1608037291786506
HR-3-15-26-(03).csv,211.3880157470703,0.05,0.0,False,0.3653861964312729,0.1509666773423239
HR-3-15-26-(03).csv,211.48834228515625,0.05,0.0,False,0.3564475962884894,0.1806312325106252
HR-3-15-26-(03).csv,211.5886688232422,0.05,0.0,False,0.367900945147677,0.2133416185494227
HR-3-15-26-(03).csv,211.68899536132812,0.05,0.0,False,0.3596403848554854,0.1448090087637634
HR-3-15-26-(03).csv,211.7893218994141,0.05,0.0,False,0.3463678362074013,0.1240042301080692
HR-3-15-26-(03).csv,211.8896484375,0.05,0.0,False,0.3546457207088451,0.163482545474287
HR-3-15-26-(03).csv,211.9899749755859,0.05,0.0,False,0.3542556063441197,0.1543009420880046
HR-3-15-26-(03).csv,212.09030151367188,0.05,0.0,False,0.3492908923899642,0.1539707589718532
HR-3-15-26-(03).csv,212.1906280517578,0.05,0.0,False,0.3653553218636459,0.1241253539027745
HR-3-15-26-(03).csv,212.29095458984375,0.05,0.0,False,0.3459011221568797,0.1485929080273171
HR-3-15-26-(03).csv,212.3912811279297,0.05,0.0,False,0.3370241901266559,0.1659990807237822
HR-3-15-26-(03).csv,212.4916076660156,0.05,0.0,False,0.3306218311518186,0.1119564010053574
HR-3-15-26-(03).csv,212.59193420410156,0.05,0.0,False,0.3458334858569928,0.1145641738978848
HR-3-15-26-(03).csv,212.6922607421875,0.05,0.0,False,0.3469967611749288,0.1272863057016378
HR-3-15-26-(03).csv,212.79258728027344,0.05,0.0,False,0.2870220857313921,0.1065438433054046
HR-3-15-26-(03).csv,212.89291381835935,0.05,0.0,False,0.3239901301536565,0.1544898300117472
HR-3-15-26-(03).csv,212.9932403564453,0.05,0.0,False,0.3269898403319234,0.1721260205587754
HR-3-15-26-(03).csv,213.09356689453125,0.05,0.0,False,0.3646183016658023,0.1894081974075867
HR-3-15-26-(03).csv,213.1938934326172,0.05,0.0,False,0.3493993834981882,0.1636919636539655
HR-3-15-26-(03).csv,213.29421997070312,0.05,0.0,False,0.3201864602613865,0.1157791421202386
HR-3-15-26-(03).csv,213.39454650878903,0.05,0.0,False,0.3405287135584502,0.1445884087905141
HR-3-15-26-(03).csv,213.494873046875,0.05,0.0,False,0.3131202456701578,0.1166846393681359
HR-3-15-26-(03).csv,213.59519958496097,0.05,0.0,False,0.3365321588042674,0.136953470483919
HR-3-15-26-(03).csv,213.69552612304688,0.05,0.0,False,0.3681288703600819,0.1718511893338051
HR-3-15-26-(03).csv,213.7958526611328,0.05,0.0,False,0.3282226493411752,0.1456284999213783
HR-3-15-26-(03).csv,213.89617919921875,0.05,0.0,False,0.3464858746552024,0.1457396392591576
HR-3-15-26-(03).csv,213.9965057373047,0.05,0.0,False,0.3700270540709615,0.1806141494433175
HR-3-15-26-(03).csv,214.09683227539065,0.05,0.0,False,0.3686293032280059,0.2071320515988305
HR-3-15-26-(03).csv,214.19715881347656,0.05,0.0,False,0.3553757280231716,0.1848715348707967
HR-3-15-26-(03).csv,214.2974853515625,0.05,0.0,False,0.3613928179076366,0.1811277252299729
HR-3-15-26-(03).csv,214.39781188964844,0.05,0.0,False,0.3183216178060183,0.1150357004495997
HR-3-15-26-(03).csv,214.4981384277344,0.05,0.0,False,0.2922614046119691,0.0981219996009237
HR-3-15-26-(03).csv,214.5984649658203,0.05,0.0,False,0.2921496033662633,0.0943435226829379
HR-3-15-26-(03).csv,214.69879150390625,0.05,0.0,False,0.3249300817073202,0.1456895317544176
HR-3-15-26-(03).csv,214.7991180419922,0.05,0.0,False,0.3397733835223866,0.1255503813787031
HR-3-15-26-(03).csv,214.89944458007812,0.05,0.0,False,0.3545690281579046,0.1454654074369437
HR-3-15-26-(03).csv,214.9997711181641,0.05,0.0,False,0.363897499427891,0.1864003542699141
HR-3-15-26-(03).csv,215.10009765625,0.05,0.0,False,0.3408258753460238,0.1771951550228457
HR-3-15-26-(03).csv,215.2004241943359,0.05,0.0,False,0.3593867464954308,0.1737886789547401
HR-3-15-26-(03).csv,215.30075073242188,0.05,0.0,False,0.3454215737441686,0.1781033863955879
HR-3-15-26-(03).csv,215.4010772705078,0.05,0.0,False,0.3733279662207711,0.2067015374235819
HR-3-15-26-(03).csv,215.50140380859375,0.05,0.0,False,0.3605991476682407,0.1740698117412939
HR-3-15-26-(03).csv,215.6017303466797,0.05,0.0,False,0.3799981648955174,0.214699588884713
HR-3-15-26-(03).csv,215.7020568847656,0.05,0.0,False,0.3497542622851572,0.1507503764376591
HR-3-15-26-(03).csv,215.80238342285156,0.05,0.0,False,0.3822379229346166,0.1412193426874839
HR-3-15-26-(03).csv,215.9027099609375,0.05,0.0,False,0.3603411426757127,0.1655782483128593
HR-3-15-26-(03).csv,216.00303649902344,0.05,0.0,False,0.3381554388500164,0.1515001367729809
HR-3-15-26-(03).csv,216.10336303710935,0.05,0.0,False,0.3832550243759935,0.187531978858931
HR-3-15-26-(03).csv,216.2036895751953,0.05,0.0,False,0.3720516420137557,0.1916972562742507
HR-3-15-26-(03).csv,216.30401611328125,0.05,0.0,False,0.3701802681550287,0.1774642773155243
HR-3-15-26-(03).csv,216.4043426513672,0.05,0.0,False,0.3853434036842593,0.2082019616181961
HR-3-15-26-(03).csv,216.50466918945312,0.05,0.0,False,0.356721246682102,0.2256961494846013
HR-3-15-26-(03).csv,216.60499572753903,0.05,0.0,False,0.3945318187773162,0.2593206598460282
HR-3-15-26-(03).csv,216.705322265625,0.05,0.0,False,0.3961501797557314,0.1979671005613469
HR-3-15-26-(03).csv,216.80564880371097,0.05,0.0,False,0.4769698639208012,0.7742465841499596
HR-3-15-26-(03).csv,216.90597534179688,0.14675450244685634,0.9643959045410155,True,0.862850704889788,0.9834632453348264
HR-3-15-26-(03).csv,217.0063018798828,0.2248879885417409,0.7787918090820312,False,0.932647716356342,0.1157116800964651
HR-3-15-26-(03).csv,217.10662841796875,0.2844004582846537,0.5931877136230468,False,0.8586973160663229,0.0003819421118643
HR-3-15-26-(03).csv,217.2069549560547,0.32529191167559474,0.4075836181640624,False,0.7529471944520243,0.0003461212269478
HR-3-15-26-(03).csv,217.30728149414065,0.347562348714564,0.22197952270507804,False,0.4218563449640905,0.0098794610526238
HR-3-15-26-(03).csv,217.40760803222656,0.35121176940156146,0.03637542724609366,False,0.4205259082013373,0.2202175961962535
HR-3-15-26-(03).csv,217.5079345703125,0.33624017373658716,-0.1492286682128907,False,0.5486499133507068,0.8408975660159875
HR-3-15-26-(03).csv,217.60826110839844,0.4329946761834435,0.9643959045410155,True,0.8629504710647526,0.7721595441290187
HR-3-15-26-(03).csv,217.7085876464844,0.511128162278328,0.7787918090820312,False,0.9316400839580452,0.0067295749524789
HR-3-15-26-(03).csv,217.8089141845703,0.5706406320212408,0.5931877136230468,False,0.868490517977826,0.0002421661777517
HR-3-15-26-(03).csv,217.90924072265625,0.6115320854121818,0.4075836181640624,False,0.5132016814178073,0.0045560813459525
HR-3-15-26-(03).csv,218.0095672607422,0.6338025224511511,0.22197952270507804,False,0.4278382595732529,0.1093807257898714
HR-3-15-26-(03).csv,218.10989379882812,0.6374519431381486,0.03637542724609366,False,0.4357212062795781,0.6080416927609921
HR-3-15-26-(03).csv,218.2102203369141,0.7342064455850049,0.9643959045410155,True,0.8658966545156469,0.9774897545164049
HR-3-15-26-(03).csv,218.310546875,0.8123399316798895,0.7787918090820312,False,0.9187634932850128,0.2662809405156095
HR-3-15-26-(03).csv,218.4108734130859,0.8718524014228023,0.5931877136230468,False,0.8861574387975761,0.0017470190526935
HR-3-15-26-(03).csv,218.51119995117188,0.9127438548137433,0.4075836181640624,False,0.666620286112207,0.0017210205703289
HR-3-15-26-(03).csv,218.6115264892578,0.9350142918527126,0.22197952270507804,False,0.4363334026744938,0.0575319147351464
HR-3-15-26-(03).csv,218.71185302734375,0.93866371253971,0.03637542724609366,False,0.5246906287996627,0.7801912144212652
HR-3-15-26-(03).csv,218.8121795654297,0.95,0.0,True,0.8219796148734724,0.8792720041224639
HR-3-15-26-(03).csv,218.9125061035156,0.9313789836480282,-0.18560409545898438,False,0.8821509496204057,0.0069902491977613
HR-3-15-26-(03).csv,219.01283264160156,0.8941369509440846,-0.37120819091796875,False,0.809123339694943,0.0003600961050041
HR-3-15-26-(03).csv,219.1131591796875,0.8382739018881693,-0.5568122863769531,False,0.451028270924843,0.005575221462614
HR-3-15-26-(03).csv,219.21348571777344,0.7637898364802822,-0.7424163818359375,False,0.4802384879930084,0.4455528526719766
HR-3-15-26-(03).csv,219.31381225585935,0.6706847547204233,-0.9280204772949219,False,0.6867878210567987,0.8345781976033436
HR-3-15-26-(03).csv,219.4141387939453,0.7674392571672797,0.9643959045410155,True,0.845264008029863,0.1348048582130739
HR-3-15-26-(03).csv,219.51446533203125,0.8455727432621643,0.7787918090820312,False,0.789150984328872,0.0027824337723929
HR-3-15-26-(03).csv,219.6147918701172,0.905085213005077,0.5931877136230468,False,0.6617944097241759,0.0013235647916813
HR-3-15-26-(03).csv,219.71511840820312,0.9459766663960181,0.4075836181640624,False,0.4543348140585151,0.0413751131555046
HR-3-15-26-(03).csv,219.81544494628903,0.95,0.0,False,0.443351944978164,0.5438784634970565
HR-3-15-26-(03).csv,219.915771484375,0.9313789836480282,-0.18560409545898438,False,0.7574304286012906,0.817256044181411
HR-3-15-26-(03).csv,220.01609802246097,0.95,0.0,True,0.8119216974877685,0.0279645342465322
HR-3-15-26-(03).csv,220.11642456054688,0.9313789836480282,-0.18560409545898438,False,0.766524769239901,0.001332928407545
HR-3-15-26-(03).csv,220.2167510986328,0.8941369509440846,-0.37120819091796875,False,0.5361106880229153,0.0079665107944066
HR-3-15-26-(03).csv,220.31707763671875,0.8382739018881693,-0.5568122863769531,False,0.4716935018076691,0.2021976295769734
HR-3-15-26-(03).csv,220.4174041748047,0.7637898364802822,-0.7424163818359375,False,0.515482379498049,0.6423808707637424
HR-3-15-26-(03).csv,220.51773071289065,0.6706847547204233,-0.9280204772949219,False,0.7430700776366592,0.2848288472810239
HR-3-15-26-(03).csv,220.61805725097656,0.5589586566085927,-1.1136245727539062,False,0.7793072326798135,0.004821918871993
HR-3-15-26-(03).csv,220.7183837890625,0.42861154214479025,-1.2992286682128906,False,0.61700520333743,0.0016498096353701
HR-3-15-26-(03).csv,220.81871032714844,0.27964341132901605,-1.484832763671875,False,0.5398024450104235,0.028117889219485
HR-3-15-26-(03).csv,220.9190368652344,0.11205426416127007,-1.6704368591308594,False,0.4834156367086346,0.3243993923750164
HR-3-15-26-(03).csv,221.0193634033203,0.05,0.0,False,0.5706885560294757,0.4749867583590507
HR-3-15-26-(03).csv,221.11968994140625,0.05,0.0,False,0.7203101851809639,0.1045743997026661
HR-3-15-26-(03).csv,221.2200164794922,0.05,0.0,False,0.7227208925026044,0.0043582833144351
HR-3-15-26-(03).csv,221.32034301757812,0.05,0.0,False,0.5353661862629426,0.0037944833760349
HR-3-15-26-(03).csv,221.4206695556641,0.05,0.0,False,0.5005383512645232,0.1481829606740604
HR-3-15-26-(03).csv,221.52099609375,0.05,0.0,False,0.6416070797517439,0.7613081456151857
HR-3-15-26-(03).csv,221.6213226318359,0.05,0.0,False,0.7446410873398328,0.2403183613940274
HR-3-15-26-(03).csv,221.72164916992188,0.05,0.0,False,0.7452071931984238,0.0024469138458865
HR-3-15-26-(03).csv,221.8219757080078,0.05,0.0,False,0.6761095263101822,0.0019497239127433
HR-3-15-26-(03).csv,221.92230224609375,0.05,0.0,False,0.6000098243145323,0.0060732352461598
HR-3-15-26-(03).csv,222.0226287841797,0.05,0.0,False,0.4556613388156677,0.0924582371886066
HR-3-15-26-(03).csv,222.1229553222656,0.05,0.0,False,0.6151736856265209,0.7461288315514449
HR-3-15-26-(03).csv,222.22328186035156,0.14675450244685634,0.9643959045410155,True,0.8096543585712166,0.7925221375786957
HR-3-15-26-(03).csv,222.3236083984375,0.2248879885417409,0.7787918090820312,False,0.8254376474935674,0.0326265615252138
HR-3-15-26-(03).csv,222.42393493652344,0.2844004582846537,0.5931877136230468,False,0.6142680734636945,0.0029470325582451
HR-3-15-26-(03).csv,222.52426147460935,0.32529191167559474,0.4075836181640624,False,0.4521107909305513,0.0385657522821471
HR-3-15-26-(03).csv,222.6245880126953,0.347562348714564,0.22197952270507804,False,0.5311947072709607,0.2832363079561131
HR-3-15-26-(03).csv,222.72491455078125,0.35121176940156146,0.03637542724609366,False,0.623134286080042,0.6025344658961451
HR-3-15-26-(03).csv,222.8252410888672,0.33624017373658716,-0.1492286682128907,False,0.7974323159152923,0.4091287783476858
HR-3-15-26-(03).csv,222.92556762695312,0.4329946761834435,0.9643959045410155,True,0.8028060783404589,0.0151579403671037
HR-3-15-26-(03).csv,223.02589416503903,0.511128162278328,0.7787918090820312,False,0.6848404556134196,0.0019743295771758
HR-3-15-26-(03).csv,223.126220703125,0.5706406320212408,0.5931877136230468,False,0.4662018430591038,0.017152334635744
HR-3-15-26-(03).csv,223.22654724121097,0.6115320854121818,0.4075836181640624,False,0.4400071989434697,0.1789194180358845
HR-3-15-26-(03).csv,223.32687377929688,0.6338025224511511,0.22197952270507804,False,0.4727803440687704,0.4047417619157389
HR-3-15-26-(03).csv,223.4272003173828,0.6374519431381486,0.03637542724609366,False,0.5722565445543187,0.7614189375446428
HR-3-15-26-(03).csv,223.52752685546875,0.7342064455850049,0.9643959045410155,True,0.8738239639714073,0.5936145577956774
HR-3-15-26-(03).csv,223.6278533935547,0.8123399316798895,0.7787918090820312,False,0.9049776877224502,0.0047481764773129
HR-3-15-26-(03).csv,223.72817993164065,0.8718524014228023,0.5931877136230468,False,0.6527439478079423,0.0010303064802465
HR-3-15-26-(03).csv,223.82850646972656,0.9127438548137433,0.4075836181640624,False,0.4582105494819377,0.0296220151647109
HR-3-15-26-(03).csv,223.9288330078125,0.9350142918527126,0.22197952270507804,False,0.5152625076381567,0.4075533238235441
HR-3-15-26-(03).csv,224.02915954589844,0.93866371253971,0.03637542724609366,False,0.6516202931768059,0.8586887294982299
HR-3-15-26-(03).csv,224.1294860839844,0.95,0.0,True,0.8759527000143505,0.2265374215112371
HR-3-15-26-(03).csv,224.2298126220703,0.9313789836480282,-0.18560409545898438,False,0.8787787708022768,0.0032752454904565
HR-3-15-26-(03).csv,224.33013916015625,0.8941369509440846,-0.37120819091796875,False,0.6128681072832908,0.004930963269666
HR-3-15-26-(03).csv,224.4304656982422,0.8382739018881693,-0.5568122863769531,False,0.4885512452221605,0.0787887698772211
HR-3-15-26-(03).csv,224.53079223632812,0.7637898364802822,-0.7424163818359375,False,0.5089080371835758,0.3947102559331513
HR-3-15-26-(03).csv,224.6311187744141,0.6706847547204233,-0.9280204772949219,False,0.5748209680964421,0.5643786526508879
HR-3-15-26-(03).csv,224.7314453125,0.5589586566085927,-1.1136245727539062,False,0.667244717476471,0.2047602318419608
HR-3-15-26-(03).csv,224.8317718505859,0.42861154214479025,-1.2992286682128906,False,0.6690419038668551,0.0141642408827957
HR-3-15-26-(03).csv,224.93209838867188,0.27964341132901605,-1.484832763671875,False,0.5698074528930412,0.0077989088088953
HR-3-15-26-(03).csv,225.0324249267578,0.11205426416127007,-1.6704368591308594,False,0.5177242875607244,0.022730619202992
HR-3-15-26-(03).csv,225.13275146484375,0.05,0.0,False,0.4317903317753014,0.1325895567238875
HR-3-15-26-(03).csv,225.2330780029297,0.05,0.0,False,0.4403016965827023,0.18082708193236
HR-3-15-26-(03).csv,225.3334045410156,0.05,0.0,False,0.4495875333145647,0.2033492689034878
HR-3-15-26-(03).csv,225.43373107910156,0.05,0.0,False,0.3772046789542868,0.209078974153118
HR-3-15-26-(03).csv,225.5340576171875,0.05,0.0,False,0.4078838741827149,0.2368112686361239
HR-3-15-26-(03).csv,225.63438415527344,0.05,0.0,False,0.3855520585637075,0.2067469626537871
HR-3-15-26-(03).csv,225.73471069335935,0.05,0.0,False,0.3810864253897593,0.2061924252463728
HR-3-15-26-(03).csv,225.8350372314453,0.05,0.0,False,0.3712100050645759,0.1719930382575664
HR-3-15-26-(03).csv,225.93536376953125,0.05,0.0,False,0.3546213691073231,0.1506942973267178
HR-3-15-26-(03).csv,226.0356903076172,0.05,0.0,False,0.3790344670071056,0.2300439682380294
HR-3-15-26-(03).csv,226.13601684570312,0.05,0.0,False,0.3579745951004233,0.1810776328901382
HR-3-15-26-(03).csv,226.23634338378903,0.05,0.0,False,0.3212824759683972,0.1025310497833895
HR-3-15-26-(03).csv,226.336669921875,0.05,0.0,False,0.3213857253501211,0.1167822481374337
HR-3-15-26-(03).csv,226.43699645996097,0.05,0.0,False,0.3075754423432291,0.0927775267212736
HR-3-15-26-(03).csv,226.53732299804688,0.05,0.0,False,0.3269281247842203,0.0974126216383574
HR-3-15-26-(03).csv,226.6376495361328,0.05,0.0,False,0.3370948465706613,0.1361350592100228
HR-3-15-26-(03).csv,226.73797607421875,0.05,0.0,False,0.3547979504082468,0.160657165793697
HR-3-15-26-(03).csv,226.8383026123047,0.05,0.0,False,0.3355820100451981,0.1351748300249624
HR-3-15-26-(03).csv,226.93862915039065,0.05,0.0,False,0.3259950190998414,0.1127838584230615
HR-3-15-26-(03).csv,227.03895568847656,0.05,0.0,False,0.3398528009728301,0.1077330958048574
HR-3-15-26-(03).csv,227.1392822265625,0.05,0.0,False,0.3079233294833333,0.1135257990501621
HR-3-15-26-(03).csv,227.23960876464844,0.05,0.0,False,0.3443575322358773,0.1494335150284636
HR-3-15-26-(03).csv,227.3399353027344,0.05,0.0,False,0.3512921430479513,0.1527533075114769
HR-3-15-26-(03).csv,227.4402618408203,0.05,0.0,False,0.3684991965348426,0.1879310105396673
HR-3-15-26-(03).csv,227.54058837890625,0.05,0.0,False,0.3754058782921154,0.1704538573428348
HR-3-15-26-(03).csv,227.6409149169922,0.05,0.0,False,0.3466428967408063,0.1497469862706139
HR-3-15-26-(03).csv,227.74124145507812,0.05,0.0,False,0.3361678312848591,0.1456403019520079
HR-3-15-26-(03).csv,227.8415679931641,0.05,0.0,False,0.3037063526373124,0.0758429723944707
HR-3-15-26-(03).csv,227.94189453125,0.05,0.0,False,0.2983593247392796,0.0555033172101415
HR-3-15-26-(03).csv,228.0422210693359,0.05,0.0,False,0.3412076384846371,0.1034361031706988
HR-3-15-26-(03).csv,228.14254760742188,0.05,0.0,False,0.3473319936744634,0.164514127821156
HR-3-15-26-(03).csv,228.2428741455078,0.05,0.0,False,0.3741632995168238,0.1606159100492118
HR-3-15-26-(03).csv,228.34320068359375,0.05,0.0,False,0.3632802264684918,0.1657645809810969
HR-3-15-26-(03).csv,228.4435272216797,0.05,0.0,False,0.3434424174039402,0.1589192641960067
HR-3-15-26-(03).csv,228.5438537597656,0.05,0.0,False,0.3165484527012522,0.1326077613362085
HR-3-15-26-(03).csv,228.64418029785156,0.05,0.0,False,0.3467853953344502,0.1427783029141534
HR-3-15-26-(03).csv,228.7445068359375,0.05,0.0,False,0.3645785188325761,0.1800079319959856
HR-3-15-26-(03).csv,228.84483337402344,0.05,0.0,False,0.38482016772633,0.1987523814792151
HR-3-15-26-(03).csv,228.94515991210935,0.05,0.0,False,0.3656164071116766,0.1789739831188956
HR-3-15-26-(03).csv,229.0454864501953,0.05,0.0,False,0.3643706476674982,0.1585611654365715
HR-3-15-26-(03).csv,229.14581298828125,0.05,0.0,False,0.3733566863449442,0.1398715163854108
HR-3-15-26-(03).csv,229.2461395263672,0.05,0.0,False,0.3321736597332478,0.1036732389092791
HR-3-15-26-(03).csv,229.34646606445312,0.05,0.0,False,0.335181679259972,0.1191809901810028
HR-3-15-26-(03).csv,229.44679260253903,0.05,0.0,False,0.3088617324370124,0.1346263089530003
HR-3-15-26-(03).csv,229.547119140625,0.05,0.0,False,0.3312406408531734,0.1829384857880698
HR-3-15-26-(03).csv,229.64744567871097,0.05,0.0,False,0.3659875168181546,0.1593879009920568
HR-3-15-26-(03).csv,229.74777221679688,0.05,0.0,False,0.3356766840097058,0.1289489077474677
HR-3-15-26-(03).csv,229.8480987548828,0.05,0.0,False,0.3486046861131335,0.1690311146424363
HR-3-15-26-(03).csv,229.94842529296875,0.05,0.0,False,0.3380343923829433,0.1482222660121094
HR-3-15-26-(03).csv,230.0487518310547,0.05,0.0,False,0.3497701606724717,0.1551621200288057
HR-3-15-26-(03).csv,230.14907836914065,0.05,0.0,False,0.3490618030045906,0.1696012423528277
HR-3-15-26-(03).csv,230.24940490722656,0.05,0.0,False,0.3709303228738992,0.2169193165331776
HR-3-15-26-(03).csv,230.3497314453125,0.05,0.0,False,0.3366329945775591,0.1828768079632563
HR-3-15-26-(03).csv,230.45005798339844,0.05,0.0,False,0.3528637054617741,0.1543388314094888
HR-3-15-26-(03).csv,230.5503845214844,0.05,0.0,False,0.364268302010137,0.1657181053253944
HR-3-15-26-(03).csv,230.6507110595703,0.05,0.0,False,0.3703428868217702,0.1851163489029557
HR-3-15-26-(03).csv,230.75103759765625,0.05,0.0,False,0.3631108492622422,0.1898561654208356
HR-3-15-26-(03).csv,230.8513641357422,0.05,0.0,False,0.3674710162278835,0.1980105736975331
HR-3-15-26-(03).csv,230.95169067382812,0.05,0.0,False,0.3480548991917895,0.1323236156067219
HR-3-15-26-(03).csv,231.0520172119141,0.05,0.0,False,0.3295503717408697,0.1359301508909145
HR-3-15-26-(03).csv,231.15234375,0.05,0.0,False,0.3642086806536141,0.1560483431566489
HR-3-15-26-(03).csv,231.2526702880859,0.05,0.0,False,0.3634127891725042,0.1774596481757475
HR-3-15-26-(03).csv,231.35299682617188,0.05,0.0,False,0.3616935324014076,0.1907812065019848
HR-3-15-26-(03).csv,231.4533233642578,0.05,0.0,False,0.367433080853535,0.2081071412564229
HR-3-15-26-(03).csv,231.55364990234375,0.05,0.0,False,0.3764228811401862,0.1908488769206812
HR-3-15-26-(03).csv,231.6539764404297,0.05,0.0,False,0.3571327327265712,0.1680129029359674
HR-3-15-26-(03).csv,231.7543029785156,0.05,0.0,False,0.3513519172762613,0.1763739701696275
HR-3-15-26-(03).csv,231.85462951660156,0.05,0.0,False,0.3666625772010692,0.1706578595582255
HR-3-15-26-(03).csv,231.9549560546875,0.05,0.0,False,0.367013821431644,0.1792554486915739
HR-3-15-26-(03).csv,232.05528259277344,0.05,0.0,False,0.3970167168778434,0.2243217151732796
HR-3-15-26-(03).csv,232.15560913085935,0.05,0.0,False,0.3947401032986265,0.206367077700116
HR-3-15-26-(03).csv,232.2559356689453,0.05,0.0,False,0.3669532468470852,0.1290215716129335
HR-3-15-26-(03).csv,232.35626220703125,0.05,0.0,False,0.3501970892739773,0.113059666179308
HR-3-15-26-(03).csv,232.4565887451172,0.05,0.0,False,0.363680008196355,0.1620147302187127
HR-3-15-26-(03).csv,232.55691528320312,0.05,0.0,False,0.3585329776336747,0.2070965550861182
HR-3-15-26-(03).csv,232.65724182128903,0.05,0.0,False,0.3898211363977863,0.2424974044959572
HR-3-15-26-(03).csv,232.757568359375,0.05,0.0,False,0.4046209861744027,0.2355269128650769
HR-3-15-26-(03).csv,232.85789489746097,0.05,0.0,False,0.4134073221768579,0.2230061435992545
HR-3-15-26-(03).csv,232.95822143554688,0.05,0.0,False,0.3678260679566111,0.1704684363187876
HR-3-15-26-(03).csv,233.0585479736328,0.05,0.0,False,0.3367460339376249,0.1726950584645116
HR-3-15-26-(03).csv,233.15887451171875,0.05,0.0,False,0.3653347046422791,0.2050983681648889
HR-3-15-26-(03).csv,233.2592010498047,0.05,0.0,False,0.3776893040206523,0.2214232665456523
HR-3-15-26-(03).csv,233.35952758789065,0.05,0.0,False,0.3567884800623904,0.1940919127428317
HR-3-15-26-(03).csv,233.45985412597656,0.05,0.0,False,0.3589251803615211,0.1733388036209998
HR-3-15-26-(03).csv,233.5601806640625,0.05,0.0,False,0.3651915062684799,0.1726806960363028
HR-3-15-26-(03).csv,233.66050720214844,0.05,0.0,False,0.351384558067948,0.2236033107315465
HR-3-15-26-(03).csv,233.7608337402344,0.05,0.0,False,0.3629556116889201,0.2427092814477139
HR-3-15-26-(03).csv,233.8611602783203,0.05,0.0,False,0.3732990256577354,0.1957182763317298
HR-3-15-26-(03).csv,233.96148681640625,0.05,0.0,False,0.3662418595914173,0.18663671091688
HR-3-15-26-(03).csv,234.0618133544922,0.05,0.0,False,0.3310061615478684,0.1593676991401375
HR-3-15-26-(03).csv,234.16213989257812,0.05,0.0,False,0.3559582116052526,0.1447078580467414
HR-3-15-26-(03).csv,234.2624664306641,0.05,0.0,False,0.3346095606801412,0.1523240344020864
HR-3-15-26-(03).csv,234.36279296875,0.05,0.0,False,0.3785540456056052,0.1939802071934983
HR-3-15-26-(03).csv,234.4631195068359,0.05,0.0,False,0.3471314970556031,0.169150141050336
HR-3-15-26-(03).csv,234.56344604492188,0.05,0.0,False,0.3683937489522033,0.1980752039057661
HR-3-15-26-(03).csv,234.6637725830078,0.05,0.0,False,0.3712822776936079,0.199604049820392
HR-3-15-26-(03).csv,234.76409912109375,0.05,0.0,False,0.387802597000906,0.2183314190323682
HR-3-15-26-(03).csv,234.8644256591797,0.05,0.0,False,0.4040158394396601,0.1661582686347399
HR-3-15-26-(03).csv,234.9647521972656,0.05,0.0,False,0.3698085896989138,0.13656971344224
HR-3-15-26-(03).csv,235.06507873535156,0.05,0.0,False,0.3537762301208524,0.1803012372777559
HR-3-15-26-(03).csv,235.1654052734375,0.05,0.0,False,0.3451525570992683,0.1837393753726138
HR-3-15-26-(03).csv,235.26573181152344,0.05,0.0,False,0.3594930542469113,0.1819026400335157
HR-3-15-26-(03).csv,235.36605834960935,0.05,0.0,False,0.3734759470974481,0.1766086326149442
HR-3-15-26-(03).csv,235.4663848876953,0.05,0.0,False,0.3483827452285696,0.1256462936337781
HR-3-15-26-(03).csv,235.56671142578125,0.05,0.0,False,0.3724259321287466,0.1380036174931806
HR-3-15-26-(03).csv,235.6670379638672,0.05,0.0,False,0.3441890962003719,0.1465874863273444
HR-3-15-26-(03).csv,235.76736450195312,0.05,0.0,False,0.3370691786366163,0.1515485042334002
HR-3-15-26-(03).csv,235.86769104003903,0.05,0.0,False,0.3501113111007446,0.1577735164398213
HR-3-15-26-(03).csv,235.968017578125,0.05,0.0,False,0.3348197621731982,0.1517786718531641
HR-3-15-26-(03).csv,236.06834411621097,0.05,0.0,False,0.3470113067986267,0.1837408640995945
HR-3-15-26-(03).csv,236.16867065429688,0.05,0.0,False,0.3547618209812593,0.1800534681002077
HR-3-15-26-(03).csv,236.2689971923828,0.05,0.0,False,0.3777414463042274,0.1804260806182801
HR-3-15-26-(03).csv,236.36932373046875,0.05,0.0,False,0.3620652396516248,0.1732714366909513
HR-3-15-26-(03).csv,236.4696502685547,0.05,0.0,False,0.3397860624804768,0.1373826143228532
HR-3-15-26-(03).csv,236.56997680664065,0.05,0.0,False,0.3292668075298334,0.1385370224310178
HR-3-15-26-(03).csv,236.67030334472656,0.05,0.0,False,0.3471345793134871,0.2034772451940045
HR-3-15-26-(03).csv,236.7706298828125,0.05,0.0,False,0.3662230048989006,0.1940789129720203
HR-3-15-26-(03).csv,236.87095642089844,0.05,0.0,False,0.3779335651983879,0.1756561959188477
HR-3-15-26-(03).csv,236.9712829589844,0.05,0.0,False,0.3485237947456798,0.1242391156871105
HR-3-15-26-(03).csv,237.0716094970703,0.05,0.0,False,0.3458815091774944,0.138510733658195
HR-3-15-26-(03).csv,237.17193603515625,0.05,0.0,False,0.3495768091977979,0.2029722032220488
HR-3-15-26-(03).csv,237.2722625732422,0.05,0.0,False,0.3455790624679422,0.1785485230319397
HR-3-15-26-(03).csv,237.37258911132812,0.05,0.0,False,0.3471334580932804,0.1544560144742197
HR-3-15-26-(03).csv,237.4729156494141,0.05,0.0,False,0.3349446492270781,0.1319617835893256
HR-3-15-26-(03).csv,237.5732421875,0.05,0.0,False,0.3513777063105565,0.1484020368783129
HR-3-15-26-(03).csv,237.6735687255859,0.05,0.0,False,0.348197041917486,0.1709361624028595
HR-3-15-26-(03).csv,237.77389526367188,0.05,0.0,False,0.3368601826936771,0.1927243635416473
HR-3-15-26-(03).csv,237.8742218017578,0.05,0.0,False,0.3541133933613533,0.1734432168573931
HR-3-15-26-(03).csv,237.97454833984375,0.05,0.0,False,0.3508349530288051,0.1335808112239328
HR-3-15-26-(03).csv,238.0748748779297,0.05,0.0,False,0.3593364023171758,0.1579450242600534
HR-3-15-26-(03).csv,238.1752014160156,0.05,0.0,False,0.385080944165599,0.2054122563667672
HR-3-15-26-(03).csv,238.27552795410156,0.05,0.0,False,0.3832419314773235,0.1737824452506313
HR-3-15-26-(03).csv,238.3758544921875,0.05,0.0,False,0.3882862961303968,0.1918560824252286
HR-3-15-26-(03).csv,238.47618103027344,0.05,0.0,False,0.3510159476781828,0.2025084682809851
HR-3-15-26-(03).csv,238.57650756835935,0.05,0.0,False,0.3349769898959617,0.1180198843789855
HR-3-15-26-(03).csv,238.6768341064453,0.05,0.0,False,0.3388798809584298,0.1064801727859348
HR-3-15-26-(03).csv,238.77716064453125,0.05,0.0,False,0.3341585633628349,0.1700335951409409
HR-3-15-26-(03).csv,238.8774871826172,0.05,0.0,False,0.3821821277170324,0.2267669111595129
HR-3-15-26-(03).csv,238.97781372070312,0.05,0.0,False,0.3451318110779855,0.1480801903825649
HR-3-15-26-(03).csv,239.07814025878903,0.05,0.0,False,0.3583284917366526,0.1124244374625904
HR-3-15-26-(03).csv,239.178466796875,0.05,0.0,False,0.3299216212087114,0.1397020279797863
HR-3-15-26-(03).csv,239.27879333496097,0.05,0.0,False,0.3333266127108043,0.131181222355267
HR-3-15-26-(03).csv,239.37911987304688,0.05,0.0,False,0.3501371385434011,0.144468208983973
HR-3-15-26-(03).csv,239.4794464111328,0.05,0.0,False,0.3261834278672063,0.170428986506664
HR-3-15-26-(03).csv,239.57977294921875,0.05,0.0,False,0.3352880116600562,0.1449861947809435
HR-3-15-26-(03).csv,239.6800994873047,0.05,0.0,False,0.3415926801435073,0.137920022003702
HR-3-15-26-(03).csv,239.78042602539065,0.05,0.0,False,0.4018573555907686,0.1266146177263405
HR-3-15-26-(03).csv,239.88075256347656,0.05,0.0,False,0.3779164298067571,0.0967844401767468
HR-3-15-26-(03).csv,239.9810791015625,0.05,0.0,False,0.3528661899889391,0.1266439877021183
HR-3-15-26-(03).csv,240.08140563964844,0.05,0.0,False,0.3784489256238751,0.2040257150524703
HR-3-15-26-(03).csv,240.1817321777344,0.05,0.0,False,0.3823504099695773,0.200714424008347
HR-3-15-26-(03).csv,240.2820587158203,0.05,0.0,False,0.4346981500530267,0.2308353384654521
HR-3-15-26-(03).csv,240.38238525390625,0.05,0.0,False,0.3789069770073696,0.1831840153476086
HR-3-15-26-(03).csv,240.4827117919922,0.05,0.0,False,0.354069439128331,0.131286909259264
HR-3-15-26-(03).csv,240.58303833007812,0.05,0.0,False,0.3460110026039191,0.1939580428993697
HR-3-15-26-(03).csv,240.6833648681641,0.05,0.0,False,0.3758090532209915,0.2678999699943893
HR-3-15-26-(03).csv,240.78369140625,0.05,0.0,False,0.4303528196327604,0.2621380934389102
HR-3-15-26-(03).csv,240.8840179443359,0.05,0.0,False,0.4154651527061448,0.2575934808494685
HR-3-15-26-(03).csv,240.98434448242188,0.05,0.0,False,0.469366171684539,0.8335159787873366
HR-3-15-26-(03).csv,241.0846710205078,0.14675450244685634,0.9643959045410155,True,0.872235945501276,0.9926253453316908
HR-3-15-26-(03).csv,241.18499755859375,0.2248879885417409,0.7787918090820312,False,0.9601817576030536,0.3658612641302378
HR-3-15-26-(03).csv,241.2853240966797,0.2844004582846537,0.5931877136230468,False,0.9092020145333598,0.0043211214239159
HR-3-15-26-(03).csv,241.3856506347656,0.32529191167559474,0.4075836181640624,False,0.8246893708309527,0.0008604351600902
HR-3-15-26-(03).csv,241.48597717285156,0.347562348714564,0.22197952270507804,False,0.8832439660687146,0.0033188761610858
HR-3-15-26-(03).csv,241.5863037109375,0.35121176940156146,0.03637542724609366,False,0.9411541337674652,0.0014891563840427
HR-3-15-26-(03).csv,241.68663024902344,0.33624017373658716,-0.1492286682128907,False,0.9563879033230172,0.0001190060036028
HR-3-15-26-(03).csv,241.78695678710935,0.3026475617196411,-0.3348327636718751,False,0.8454705832078705,0.0013713644651422
HR-3-15-26-(03).csv,241.8872833251953,0.2504339333507232,-0.5204368591308595,False,0.8086897332883436,0.0020434190550212
HR-3-15-26-(03).csv,241.98760986328125,0.1795992886298336,-0.7060409545898438,False,0.735968867919965,0.0022907848101323
HR-3-15-26-(03).csv,242.0879364013672,0.09014362755697218,-0.8916450500488282,False,0.7474209630236068,0.0176866265096358
HR-3-15-26-(03).csv,242.18826293945312,0.05,0.0,False,0.8249851104960699,0.0429515239585923
HR-3-15-26-(03).csv,242.28858947753903,0.05,0.0,False,0.8699658585735288,0.0326314608184529
HR-3-15-26-(03).csv,242.388916015625,0.05,0.0,False,0.8302121260369245,0.0317382870135201
HR-3-15-26-(03).csv,242.48924255371097,0.05,0.0,False,0.8108966481580648,0.0124566562576881
HR-3-15-26-(03).csv,242.58956909179688,0.05,0.0,False,0.691284560358168,0.0085326331538185
HR-3-15-26-(03).csv,242.6898956298828,0.05,0.0,False,0.8377278516787439,0.0017529463992599
HR-3-15-26-(03).csv,242.79022216796875,0.05,0.0,False,0.866986911696312,0.0019617927743289
HR-3-15-26-(03).csv,242.8905487060547,0.05,0.0,False,0.8627877642394811,0.0072554322698652
HR-3-15-26-(03).csv,242.99087524414065,0.05,0.0,False,0.8410421619352393,0.0099428079161049
HR-3-15-26-(03).csv,243.09120178222656,0.05,0.0,False,0.8580524240775362,0.0069887002447603
HR-3-15-26-(03).csv,243.1915283203125,0.05,0.0,False,0.8844558615486555,0.008676640101865
HR-3-15-26-(03).csv,243.29185485839844,0.05,0.0,False,0.7460548039217362,0.0582484471310943
HR-3-15-26-(03).csv,243.3921813964844,0.05,0.0,False,0.8579100389453894,0.0382409869240935
HR-3-15-26-(03).csv,243.4925079345703,0.05,0.0,False,0.8329715433686473,0.0182790733140124
HR-3-15-26-(03).csv,243.59283447265625,0.05,0.0,False,0.8209651538394391,0.0248139259678454
HR-3-15-26-(03).csv,243.6931610107422,0.05,0.0,False,0.8428707885454221,0.0037299192859699
HR-3-15-26-(03).csv,243.79348754882812,0.05,0.0,False,0.7942539118643702,0.0020257200938957
HR-3-15-26-(03).csv,243.8938140869141,0.05,0.0,False,0.7950078862536601,0.0093481724252941
HR-3-15-26-(03).csv,243.994140625,0.05,0.0,False,0.7316092688230353,0.0108370504639024
HR-3-15-26-(03).csv,244.0944671630859,0.05,0.0,False,0.7851694930745872,0.0232883407470837
HR-3-15-26-(03).csv,244.19479370117188,0.05,0.0,False,0.8576467790935465,0.0684234204630649
HR-3-15-26-(03).csv,244.2951202392578,0.05,0.0,False,0.8728386108891839,0.0533801416353736
HR-3-15-26-(03).csv,244.39544677734375,0.05,0.0,False,0.8847617752143,0.0072202968815176
HR-3-15-26-(03).csv,244.4957733154297,0.05,0.0,False,0.916497249890647,0.00677852074801
HR-3-15-26-(03).csv,244.5960998535156,0.05,0.0,False,0.9525791961692645,0.0347723922094865
HR-3-15-26-(03).csv,244.69642639160156,0.05,0.0,False,0.975888169755068,0.0172175168934484
HR-3-15-26-(03).csv,244.7967529296875,0.05,0.0,False,0.9563498581198708,0.0002891131703917
HR-3-15-26-(03).csv,244.89707946777344,0.05,0.0,False,0.9651264107807808,3.579606211619415e-05
HR-3-15-26-(03).csv,244.99740600585935,0.05,0.0,False,0.973912501834681,3.101469528084426e-05
HR-3-15-26-(03).csv,245.0977325439453,0.05,0.0,False,0.973207061906614,0.0002887296143392
HR-3-15-26-(03).csv,245.19805908203125,0.05,0.0,False,0.950576140599641,0.0003996461914885
HR-3-15-26-(03).csv,245.2983856201172,0.05,0.0,False,0.9241360553906665,0.000432732201297
HR-3-15-26-(03).csv,245.39871215820312,0.05,0.0,False,0.9594408764997392,0.0001203011969652
HR-3-15-26-(03).csv,245.49903869628903,0.05,0.0,False,0.9397007603795235,0.0001563826500754
HR-3-15-26-(03).csv,245.599365234375,0.05,0.0,False,0.9775670353544824,8.512894898794017e-05
HR-3-15-26-(03).csv,245.69969177246097,0.05,0.0,False,0.9624590769674968,0.0001058354989011
HR-3-15-26-(03).csv,245.80001831054688,0.05,0.0,False,0.8902818206891783,4.4682472990962115e-05
HR-3-15-26-(03).csv,245.9003448486328,0.05,0.0,False,0.8996877071176967,2.222790372314346e-05
HR-3-15-26-(03).csv,246.00067138671875,0.05,0.0,False,0.8934005076733535,0.0001589751082691
HR-3-15-26-(03).csv,246.1009979248047,0.05,0.0,False,0.9345907769917812,0.0004073640580653
HR-3-15-26-(03).csv,246.20132446289065,0.05,0.0,False,0.8901917379570329,0.0002601986528185
HR-3-15-26-(03).csv,246.30165100097656,0.05,0.0,False,0.9032482603738264,0.000805239813817
HR-3-15-26-(03).csv,246.4019775390625,0.05,0.0,False,0.9346204831482972,0.0017124419297488
HR-3-15-26-(03).csv,246.50230407714844,0.05,0.0,False,0.8751456449295545,0.000395752181584
HR-3-15-26-(03).csv,246.6026306152344,0.05,0.0,False,0.8987126552449084,0.0022391771994326
HR-3-15-26-(03).csv,246.7029571533203,0.05,0.0,False,0.9162260531011012,0.0025026111347919
HR-3-15-26-(03).csv,246.80328369140625,0.05,0.0,False,0.9482703378571092,7.658896447658636e-05
HR-3-15-26-(03).csv,246.9036102294922,0.05,0.0,False,0.9132114581437184,5.477242147383332e-05
HR-3-15-26-(03).csv,247.00393676757812,0.05,0.0,False,0.8402319236393353,0.0033942331288277
HR-3-15-26-(03).csv,247.1042633056641,0.05,0.0,False,0.9253244883552164,0.0210542466983559
HR-3-15-26-(03).csv,247.20458984375,0.05,0.0,False,0.959832021969616,0.0412262138739427
HR-3-15-26-(03).csv,247.3049163818359,0.05,0.0,False,0.979345404886139,0.2657881326075988
HR-3-15-26-(03).csv,247.40524291992188,0.05,0.0,False,0.9924303284151044,0.0774984552031487
HR-3-15-26-(03).csv,247.5055694580078,0.05,0.0,False,0.998220859922028,0.0002253992167337
HR-3-15-26-(03).csv,247.60589599609375,0.05,0.0,False,0.998211236046436,7.21575976351028e-07
HR-3-15-26-(03).csv,247.7062225341797,0.05,0.0,False,0.9983376753089686,3.5737132278126855e-08
HR-3-15-26-(03).csv,247.8065490722656,0.05,0.0,False,0.9843197575041198,2.824805959044091e-06
HR-3-15-26-(03).csv,247.90687561035156,0.05,0.0,False,0.9740165597876712,6.804094481883068e-05
HR-3-15-26-(03).csv,248.0072021484375,0.05,0.0,False,0.97925942785132,0.000242736479786
HR-3-15-26-(03).csv,248.10752868652344,0.05,0.0,False,0.9903305219193494,5.9816929277192065e-06
HR-3-15-26-(03).csv,248.20785522460935,0.05,0.0,False,0.9941207925899326,7.842293345808786e-07
HR-3-15-26-(03).csv,248.3081817626953,0.05,0.0,False,0.9449678556703938,4.920802624338799e-06
HR-3-15-26-(03).csv,248.40850830078125,0.05,0.0,False,0.9286758013065438,3.393021780349166e-05
HR-3-15-26-(03).csv,248.5088348388672,0.05,0.0,False,0.9611248484695478,2.0087054009245023e-05
HR-3-15-26-(03).csv,248.60916137695312,0.05,0.0,False,0.908756454287148,1.6952694033712106e-05
HR-3-15-26-(03).csv,248.70948791503903,0.05,0.0,False,0.973310606043204,0.0003309182116425
HR-3-15-26-(03).csv,248.809814453125,0.05,0.0,False,0.9618256888483582,0.0026467778598579
HR-3-15-26-(03).csv,248.91014099121097,0.05,0.0,False,0.9538956266881417,0.0002429781980879
HR-3-15-26-(03).csv,249.01046752929688,0.05,0.0,False,0.9026281460084612,0.0002741190074498
HR-3-15-26-(03).csv,249.1107940673828,0.05,0.0,False,0.9720109177700867,0.0001235841709256
HR-3-15-26-(03).csv,249.21112060546875,0.05,0.0,False,0.972848192875066,5.742729989082022e-06
HR-3-15-26-(03).csv,249.3114471435547,0.05,0.0,False,0.8917993785185472,0.0001082799248785
HR-3-15-26-(03).csv,249.41177368164065,0.05,0.0,False,0.9238491774391177,0.0005571128624955
HR-3-15-26-(03).csv,249.51210021972656,0.05,0.0,False,0.9032286274822202,9.2087038007424e-05
HR-3-15-26-(03).csv,249.6124267578125,0.05,0.0,False,0.8604339877034504,4.6622914905539345e-05
HR-3-15-26-(03).csv,249.71275329589844,0.05,0.0,False,0.6766707160600549,0.0009562208219301
HR-3-15-26-(03).csv,249.8130798339844,0.05,0.0,False,0.4014879344344175,0.0376910263064939
HR-3-15-26-(03).csv,249.9134063720703,0.05,0.0,False,0.3664778381082243,0.1402627257269287
HR-3-15-26-(03).csv,250.01373291015625,0.05,0.0,False,0.358780103858891,0.2013057108329162
HR-3-15-26-(03).csv,250.1140594482422,0.05,0.0,False,0.357988576872591,0.1577905322296695
HR-3-15-26-(03).csv,250.21438598632812,0.05,0.0,False,0.3623220094675202,0.1577601847593132
HR-3-15-26-(03).csv,250.3147125244141,0.05,0.0,False,0.3272640820203746,0.1552844253126033
HR-3-15-26-(03).csv,250.4150390625,0.05,0.0,False,0.3208481513624516,0.1825118830779219
HR-3-15-26-(03).csv,250.5153656005859,0.05,0.0,False,0.3293158484702048,0.2056984974015572
HR-3-15-26-(03).csv,250.61569213867188,0.05,0.0,False,0.3412068431240336,0.1946566544901725
HR-3-15-26-(03).csv,250.7160186767578,0.05,0.0,False,0.3363398886833726,0.1772058654591672
HR-3-15-26-(03).csv,250.81634521484375,0.05,0.0,False,0.3403849499804575,0.1944833788525086
HR-3-15-26-(03).csv,250.9166717529297,0.05,0.0,False,0.3129233669075114,0.1666624822915854
HR-3-15-26-(03).csv,251.0169982910156,0.05,0.0,False,0.3257337187873074,0.1750617342368631
HR-3-15-26-(03).csv,251.11732482910156,0.05,0.0,False,0.3139497168136853,0.1826940303518563
HR-3-15-26-(03).csv,251.2176513671875,0.05,0.0,False,0.314129381690315,0.1547286521933133
HR-3-15-26-(03).csv,251.31797790527344,0.05,0.0,False,0.3208073310438339,0.1531030897310697
HR-3-15-26-(03).csv,251.41830444335935,0.05,0.0,False,0.318527975243363,0.1731020769027748
HR-3-15-26-(03).csv,251.5186309814453,0.05,0.0,False,0.3099460844958011,0.169417391047328
HR-3-15-26-(03).csv,251.61895751953125,0.05,0.0,False,0.3225713553387583,0.1847419848928428
HR-3-15-26-(03).csv,251.7192840576172,0.05,0.0,False,0.3174591516450317,0.1749000815474991
HR-3-15-26-(03).csv,251.81961059570312,0.05,0.0,False,0.3241921568243359,0.1655014550466766
HR-3-15-26-(03).csv,251.91993713378903,0.05,0.0,False,0.3306385641085573,0.1871827411534176
HR-3-15-26-(03).csv,252.020263671875,0.05,0.0,False,0.3287519068204575,0.1942382905192717
HR-3-15-26-(03).csv,252.12059020996097,0.05,0.0,False,0.3065209314073808,0.1487623915487113
HR-3-15-26-(03).csv,252.22091674804688,0.05,0.0,False,0.3096372628589052,0.1622566003918502
HR-3-15-26-(03).csv,252.3212432861328,0.05,0.0,False,0.3065988604023262,0.188712165842909
HR-3-15-26-(03).csv,252.42156982421875,0.05,0.0,False,0.315462705718458,0.1930752275696157
HR-3-15-26-(03).csv,252.5218963623047,0.05,0.0,False,0.3229290658365419,0.1965797663524441
HR-3-15-26-(03).csv,252.62222290039065,0.05,0.0,False,0.3088347808785424,0.1690036109822663
HR-3-15-26-(03).csv,252.72254943847656,0.05,0.0,False,0.3099362545398397,0.161722683392071
HR-3-15-26-(03).csv,252.8228759765625,0.05,0.0,False,0.3187739919533179,0.1686709529690338
HR-3-15-26-(03).csv,252.92320251464844,0.05,0.0,False,0.3134815429225853,0.1851400130076226
HR-3-15-26-(03).csv,253.0235290527344,0.05,0.0,False,0.3282172695811406,0.1746515624029006
HR-3-15-26-(03).csv,253.1238555908203,0.05,0.0,False,0.3183051974168727,0.1535568178275257
HR-3-15-26-(03).csv,253.22418212890625,0.05,0.0,False,0.3218275778132735,0.1561378472746751
HR-3-15-26-(03).csv,253.3245086669922,0.05,0.0,False,0.3221667024024545,0.1509919410493673
HR-3-15-26-(03).csv,253.42483520507812,0.05,0.0,False,0.3113229873140645,0.1814654254453082
HR-3-15-26-(03).csv,253.5251617431641,0.05,0.0,False,0.3393358666413328,0.1798772544487849
HR-3-15-26-(03).csv,253.62548828125,0.05,0.0,False,0.2798245825681957,0.1191203499904374
HR-3-15-26-(03).csv,253.7258148193359,0.05,0.0,False,0.3349706370507118,0.1708989482997089
HR-3-15-26-(03).csv,253.82614135742188,0.05,0.0,False,0.2949597665740097,0.1567325153563247
HR-3-15-26-(03).csv,253.9264678955078,0.05,0.0,False,0.3053481537029481,0.1858395041936234
HR-3-15-26-(03).csv,254.02679443359375,0.05,0.0,False,0.2941786276031591,0.1662036300195067
HR-3-15-26-(03).csv,254.1271209716797,0.05,0.0,False,0.3042976138421472,0.1683764905920955
HR-3-15-26-(03).csv,254.2274475097656,0.05,0.0,False,0.3180668047841305,0.185521507643001
HR-3-15-26-(03).csv,254.32777404785156,0.05,0.0,False,0.3262750391675281,0.1808537048073176
HR-3-15-26-(03).csv,254.4281005859375,0.05,0.0,False,0.2972657417382256,0.1492321210880969
HR-3-15-26-(03).csv,254.52842712402344,0.05,0.0,False,0.2979290221995246,0.1639368140535934
HR-3-15-26-(03).csv,254.62875366210935,0.05,0.0,False,0.3143973213949393,0.1778535071977749
HR-3-15-26-(03).csv,254.7290802001953,0.05,0.0,False,0.3138688784993612,0.1547958549170666
HR-3-15-26-(03).csv,254.82940673828125,0.05,0.0,False,0.3026821961798714,0.1542491202640892
HR-3-15-26-(03).csv,254.9297332763672,0.05,0.0,False,0.3491532197951735,0.2720850137061215
HR-3-15-26-(03).csv,255.03005981445312,0.05,0.0,False,0.4341578031593269,0.8597683931453571
HR-3-15-26-(03).csv,255.13038635253903,0.14675450244685634,0.9643959045410155,True,0.883597886884703,0.998512427923697
HR-3-15-26-(03).csv,255.230712890625,0.2248879885417409,0.7787918090820312,False,0.9873406817519538,0.9851805561207072
HR-3-15-26-(03).csv,255.33103942871097,0.2844004582846537,0.5931877136230468,False,0.98960303085158,0.0016125081228312
HR-3-15-26-(03).csv,255.43136596679688,0.32529191167559474,0.4075836181640624,False,0.9714837898347282,4.026505712685535e-05
HR-3-15-26-(03).csv,255.5316925048828,0.347562348714564,0.22197952270507804,False,0.9864235381798828,1.2533953128656908e-06
HR-3-15-26-(03).csv,255.63201904296875,0.35121176940156146,0.03637542724609366,False,0.9024583723998524,6.031949184584659e-08
HR-3-15-26-(03).csv,255.7323455810547,0.33624017373658716,-0.1492286682128907,False,0.3949864866607985,0.0008546772351202
HR-3-15-26-(03).csv,255.83267211914065,0.3026475617196411,-0.3348327636718751,False,0.4996365709736791,0.2181946268639903
HR-3-15-26-(03).csv,255.93299865722656,0.2504339333507232,-0.5204368591308595,False,0.5346676312141679,0.1734359162787907
HR-3-15-26-(03).csv,256.0333251953125,0.1795992886298336,-0.7060409545898438,False,0.4781998044084584,0.4915589393067232
HR-3-15-26-(03).csv,256.13365173339844,0.27635379107668995,0.9643959045410155,True,0.80416271080805,0.9923308890738752
HR-3-15-26-(03).csv,256.2339782714844,0.3544872771715745,0.7787918090820312,False,0.9773670913474862,0.9993566251950192
HR-3-15-26-(03).csv,256.3343048095703,0.4139997469144873,0.5931877136230468,False,0.9931759814261556,0.0417925957356599
HR-3-15-26-(03).csv,256.43463134765625,0.45489120030542834,0.4075836181640624,False,0.9961106873875364,6.095325510310143e-07
HR-3-15-26-(03).csv,256.5349578857422,0.4771616373443976,0.22197952270507804,False,0.9921579745838912,1.738490833600492e-07
HR-3-15-26-(03).csv,256.6352844238281,0.48081105803139507,0.03637542724609366,False,0.9260003846764668,2.8288559907607305e-08
HR-3-15-26-(03).csv,256.73561096191406,0.46583946236642076,-0.1492286682128907,False,0.564350640979824,4.753604209560468e-05
HR-3-15-26-(03).csv,256.8359375,0.4322468503494747,-0.3348327636718751,False,0.4181527459621765,0.0265623265204239
HR-3-15-26-(03).csv,256.93626403808594,0.38003322198055683,-0.5204368591308595,False,0.4103401813203816,0.1742476817895476
HR-3-15-26-(03).csv,257.0365905761719,0.3091985772596672,-0.7060409545898438,False,0.4806960962105417,0.7422558228161266
HR-3-15-26-(03).csv,257.1369171142578,0.40595307970652356,0.9643959045410155,True,0.896022807206836,0.9965794489616988
HR-3-15-26-(03).csv,257.23724365234375,0.48408656580140813,0.7787918090820312,False,0.9779506095351412,0.9777877903452052
HR-3-15-26-(03).csv,257.3375701904297,0.5435990355443209,0.5931877136230468,False,0.9934892850862312,0.0005155693644447
HR-3-15-26-(03).csv,257.4378967285156,0.5844904889352619,0.4075836181640624,False,0.9611338399018589,2.4560368089335175e-06
HR-3-15-26-(03).csv,257.53822326660156,0.6067609259742311,0.22197952270507804,False,0.9317194895988644,3.3872872925422517e-06
HR-3-15-26-(03).csv,257.6385498046875,0.6104103466612286,0.03637542724609366,False,0.7176035105103384,7.07946699227299e-05
HR-3-15-26-(03).csv,257.73887634277344,0.5954387509962543,-0.1492286682128907,False,0.4303340091385477,0.0079116121859329
HR-3-15-26-(03).csv,257.8392028808594,0.5618461389793082,-0.3348327636718751,False,0.428026530993649,0.1558917603299667
HR-3-15-26-(03).csv,257.9395294189453,0.5096325106103904,-0.5204368591308595,False,0.4653475125913755,0.499711794486074
HR-3-15-26-(03).csv,258.03985595703125,0.43879786588950076,-0.7060409545898438,False,0.5815176416852594,0.9707337267246297
HR-3-15-26-(03).csv,258.1401824951172,0.5355523683363571,0.9643959045410155,True,0.9685673174230286,0.9993321261337202
HR-3-15-26-(03).csv,258.2405090332031,0.6136858544312417,0.7787918090820312,False,0.990617769749364,0.0858952586186748
HR-3-15-26-(03).csv,258.34083557128906,0.6731983241741545,0.5931877136230468,False,0.991304572042604,2.251913346628891e-05
HR-3-15-26-(03).csv,258.441162109375,0.7140897775650955,0.4075836181640624,False,0.9697679748895623,3.6785356025700847e-06
HR-3-15-26-(03).csv,258.54148864746094,0.7363602146040648,0.22197952270507804,False,0.8658260957310263,3.0193582520228344e-07
HR-3-15-26-(03).csv,258.6418151855469,0.7400096352910622,0.03637542724609366,False,0.6461039605811878,0.0001201182773573
HR-3-15-26-(03).csv,258.7421417236328,0.7250380396260879,-0.1492286682128907,False,0.5058198081301635,0.0214960737866546
HR-3-15-26-(03).csv,258.84246826171875,0.6914454276091418,-0.3348327636718751,False,0.4602246646126507,0.1213012480993856
HR-3-15-26-(03).csv,258.9427947998047,0.639231799240224,-0.5204368591308595,False,0.5004056384581872,0.5971891039018217
HR-3-15-26-(03).csv,259.0431213378906,0.5683971545193344,-0.7060409545898438,False,0.6496936240453741,0.98762922059274
HR-3-15-26-(03).csv,259.14344787597656,0.6651516569661907,0.9643959045410155,True,0.9683332721415526,0.9438490161145436
HR-3-15-26-(03).csv,259.2437744140625,0.7432851430610753,0.7787918090820312,False,0.966831312371139,0.0113988089236645
HR-3-15-26-(03).csv,259.34410095214844,0.8027976128039881,0.5931877136230468,False,0.9634824850476792,0.0001127241625849
HR-3-15-26-(03).csv,259.4444274902344,0.8436890661949291,0.4075836181640624,False,0.9904279009728696,1.934752004661e-06
HR-3-15-26-(03).csv,259.5447540283203,0.8659595032338984,0.22197952270507804,False,0.9127053439278132,1.2058713829703829e-06
HR-3-15-26-(03).csv,259.64508056640625,0.8696089239208958,0.03637542724609366,False,0.4189853540418897,0.003280578554982
HR-3-15-26-(03).csv,259.7454071044922,0.8546373282559215,-0.1492286682128907,False,0.4357450043466045,0.1668517280937774
HR-3-15-26-(03).csv,259.8457336425781,0.8210447162389755,-0.3348327636718751,False,0.4201329037645076,0.2358691300401605
HR-3-15-26-(03).csv,259.94606018066406,0.7688310878700576,-0.5204368591308595,False,0.5114659723442809,0.7231333114188297
HR-3-15-26-(03).csv,260.04638671875,0.697996443149168,-0.7060409545898438,False,0.7640861581444369,0.9423780677548512
HR-3-15-26-(03).csv,260.14671325683594,0.7947509455960243,0.9643959045410155,True,0.8769719194492372,0.536575506190539
HR-3-15-26-(03).csv,260.2470397949219,0.8728844316909089,0.7787918090820312,False,0.9606960441316706,0.0595677786543718
HR-3-15-26-(03).csv,260.3473663330078,0.9323969014338217,0.5931877136230468,False,0.9397127814281756,0.0022526899472541
HR-3-15-26-(03).csv,260.44769287109375,0.95,0.0,False,0.903211116779158,0.0002861248394483
HR-3-15-26-(03).csv,260.5480194091797,0.9313789836480282,-0.18560409545898438,False,0.7725851547022147,0.0002944890406969
HR-3-15-26-(03).csv,260.6483459472656,0.8941369509440846,-0.37120819091796875,False,0.4680530995934108,0.0198860275296145
HR-3-15-26-(03).csv,260.74867248535156,0.8382739018881693,-0.5568122863769531,False,0.5351150160753418,0.2548890821882922
HR-3-15-26-(03).csv,260.8489990234375,0.7637898364802822,-0.7424163818359375,False,0.5308151686240682,0.7812866010037713
HR-3-15-26-(03).csv,260.94932556152344,0.8605443389271386,0.9643959045410155,True,0.8943465679517424,0.9889088004638774
HR-3-15-26-(03).csv,261.0496520996094,0.9386778250220231,0.7787918090820312,False,0.9495997518208308,0.0409893683301239
HR-3-15-26-(03).csv,261.1499786376953,0.95,0.0,False,0.8753508091312763,0.0002538172034649
HR-3-15-26-(03).csv,261.25030517578125,0.9313789836480282,-0.18560409545898438,False,0.8714902677138966,0.0005035517818074
HR-3-15-26-(03).csv,261.3506317138672,0.8941369509440846,-0.37120819091796875,False,0.844387822523141,0.0004001075314027
HR-3-15-26-(03).csv,261.4509582519531,0.8382739018881693,-0.5568122863769531,False,0.6241809917068415,0.0011867240154185
HR-3-15-26-(03).csv,261.55128479003906,0.7637898364802822,-0.7424163818359375,False,0.4780698436344295,0.0403332097783683
HR-3-15-26-(03).csv,261.651611328125,0.6706847547204233,-0.9280204772949219,False,0.4637111609025586,0.2994694767070937
HR-3-15-26-(03).csv,261.75193786621094,0.5589586566085927,-1.1136245727539062,False,0.5571105060048207,0.7106980466013465
HR-3-15-26-(03).csv,261.8522644042969,0.42861154214479025,-1.2992286682128906,False,0.7778439079977733,0.9877717927307388
HR-3-15-26-(03).csv,261.9525909423828,0.5253660445916466,0.9643959045410155,True,0.9369443602952392,0.8850851337069456
HR-3-15-26-(03).csv,262.05291748046875,0.6034995306865312,0.7787918090820312,False,0.9738561845619976,0.0005656612635912
HR-3-15-26-(03).csv,262.1532440185547,0.663012000429444,0.5931877136230468,False,0.9502353257507054,5.144979469381734e-06
HR-3-15-26-(03).csv,262.2535705566406,0.703903453820385,0.4075836181640624,False,0.842184118753506,2.3099613827027343e-06
HR-3-15-26-(03).csv,262.35389709472656,0.7261738908593542,0.22197952270507804,False,0.6506707494722772,0.0010958813466761
HR-3-15-26-(03).csv,262.4542236328125,0.7298233115463517,0.03637542724609366,False,0.4790548038477619,0.0362776241426054
HR-3-15-26-(03).csv,262.55455017089844,0.7148517158813774,-0.1492286682128907,False,0.4830885359554333,0.1846968539715881
HR-3-15-26-(03).csv,262.6548767089844,0.6812591038644313,-0.3348327636718751,False,0.4993466550817343,0.4680293506957602
HR-3-15-26-(03).csv,262.7552032470703,0.6290454754955135,-0.5204368591308595,False,0.5921130712936826,0.8704136746928297
HR-3-15-26-(03).csv,262.85552978515625,0.7257999779423698,0.9643959045410155,True,0.8812612331107267,0.9578808006922968
HR-3-15-26-(03).csv,262.9558563232422,0.8039334640372544,0.7787918090820312,False,0.9302921774636348,0.0369560785527698
HR-3-15-26-(03).csv,263.0561828613281,0.8634459337801672,0.5931877136230468,False,0.9377778479864892,0.0001396748142562
HR-3-15-26-(03).csv,263.15650939941406,0.9043373871711082,0.4075836181640624,False,0.870085743294447,1.9428191803579656e-05
HR-3-15-26-(03).csv,263.2568359375,0.9266078242100775,0.22197952270507804,False,0.7255111668617441,9.902784439058848e-05
HR-3-15-26-(03).csv,263.35716247558594,0.930257244897075,0.03637542724609366,False,0.4086045797214026,0.0086644678907704
HR-3-15-26-(03).csv,263.4574890136719,0.9152856492321007,-0.1492286682128907,False,0.4124273207851365,0.1500508138890012
HR-3-15-26-(03).csv,263.5578155517578,0.8816930372151546,-0.3348327636718751,False,0.4367843600921364,0.1833385080346322
HR-3-15-26-(03).csv,263.65814208984375,0.8294794088462367,-0.5204368591308595,False,0.4174012260694362,0.1388169205953532
HR-3-15-26-(03).csv,263.7584686279297,0.7586447641253471,-0.7060409545898438,False,0.3734575043616159,0.1396096372269496
HR-3-15-26-(03).csv,263.8587951660156,0.6691891030524857,-0.8916450500488282,False,0.3685203967217131,0.1811856091410103
HR-3-15-26-(03).csv,263.95912170410156,0.5611124256276525,-1.0772491455078126,False,0.3448689485579344,0.193368599596672
HR-3-15-26-(03).csv,264.0594482421875,0.43441473185084756,-1.262853240966797,False,0.3553772913663517,0.224242482354641
HR-3-15-26-(03).csv,264.15977478027344,0.28909602172207083,-1.4484573364257813,False,0.3436892428004173,0.2028598134512434
HR-3-15-26-(03).csv,264.2601013183594,0.12515629524132232,-1.6340614318847657,False,0.351691514808273,0.2424778116105132
HR-3-15-26-(03).csv,264.3604278564453,0.05,0.0,False,0.3285804629757473,0.2185949750484896
HR-3-15-26-(03).csv,264.46075439453125,0.05,0.0,False,0.3544903651003405,0.2092665607002505
HR-3-15-26-(03).csv,264.5610809326172,0.05,0.0,False,0.3252529628072411,0.2201216224825068
HR-3-15-26-(03).csv,264.6614074707031,0.05,0.0,False,0.3370758013923151,0.2168540299121785
HR-3-15-26-(03).csv,264.76173400878906,0.05,0.0,False,0.3213500280391245,0.1914916106269712
HR-3-15-26-(03).csv,264.862060546875,0.05,0.0,False,0.3387042229444945,0.1753913446539945
HR-3-15-26-(03).csv,264.96238708496094,0.05,0.0,False,0.3469243675072057,0.2021443082733889
HR-3-15-26-(03).csv,265.0627136230469,0.05,0.0,False,0.3452227130333087,0.217223336955742
HR-3-15-26-(03).csv,265.1630401611328,0.05,0.0,False,0.3635132058562372,0.2245144533623998
HR-3-15-26-(03).csv,265.26336669921875,0.05,0.0,False,0.3572261564296299,0.1873333938710318
HR-3-15-26-(03).csv,265.3636932373047,0.05,0.0,False,0.3213552525088071,0.1620759565088507
HR-3-15-26-(03).csv,265.4640197753906,0.05,0.0,False,0.3406061534204954,0.166317943882203
HR-3-15-26-(03).csv,265.56434631347656,0.05,0.0,False,0.3236775137502919,0.1461140569574057
HR-3-15-26-(03).csv,265.6646728515625,0.05,0.0,False,0.3238481873132736,0.1420219778308906
HR-3-15-26-(03).csv,265.76499938964844,0.05,0.0,False,0.3232623917340377,0.1523770014973048
HR-3-15-26-(03).csv,265.8653259277344,0.05,0.0,False,0.3192901107728999,0.153476468004023
HR-3-15-26-(03).csv,265.9656524658203,0.05,0.0,False,0.3370874957443067,0.1506236330378405
HR-3-15-26-(03).csv,266.06597900390625,0.05,0.0,False,0.3380456921025222,0.1278181777524586
HR-3-15-26-(03).csv,266.1663055419922,0.05,0.0,False,0.3133552737462055,0.1172927079606665
HR-3-15-26-(03).csv,266.2666320800781,0.05,0.0,False,0.3230466781200358,0.1519114669088759
HR-3-15-26-(03).csv,266.36695861816406,0.05,0.0,False,0.3372327165398737,0.1749037323235425
HR-3-15-26-(03).csv,266.46728515625,0.05,0.0,False,0.322316926405363,0.1391341376160018
HR-3-15-26-(03).csv,266.56761169433594,0.05,0.0,False,0.3299543671518734,0.1596801361790612
HR-3-15-26-(03).csv,266.6679382324219,0.05,0.0,False,0.353060484604615,0.2155020730071173
HR-3-15-26-(03).csv,266.7682647705078,0.05,0.0,False,0.3505900579320081,0.2154163198816422
HR-3-15-26-(03).csv,266.86859130859375,0.05,0.0,False,0.3503053814207031,0.1731428776644279
HR-3-15-26-(03).csv,266.9689178466797,0.05,0.0,False,0.3442740667196126,0.1414821583056026
HR-3-15-26-(03).csv,267.0692443847656,0.05,0.0,False,0.3743653457884004,0.1752858351012552
HR-3-15-26-(03).csv,267.16957092285156,0.05,0.0,False,0.345433564614921,0.2000641663053277
HR-3-15-26-(03).csv,267.2698974609375,0.05,0.0,False,0.3492374381760844,0.1980796302849791
HR-3-15-26-(03).csv,267.37022399902344,0.05,0.0,False,0.3571152093149522,0.2067459399747453
HR-3-15-26-(03).csv,267.4705505371094,0.05,0.0,False,0.3566106884645336,0.2130447202288242
HR-3-15-26-(03).csv,267.5708770751953,0.05,0.0,False,0.336167602439495,0.1936483007776648
HR-3-15-26-(03).csv,267.67120361328125,0.05,0.0,False,0.3406521278633332,0.1319522695029398
HR-3-15-26-(03).csv,267.7715301513672,0.05,0.0,False,0.3303510505964432,0.1307519761295874
HR-3-15-26-(03).csv,267.8718566894531,0.05,0.0,False,0.3433204488504453,0.144874706345648
HR-3-15-26-(03).csv,267.97218322753906,0.05,0.0,False,0.3071500393603409,0.1428949788913702
HR-3-15-26-(03).csv,268.072509765625,0.05,0.0,False,0.3280361812997124,0.1702318011222794
HR-3-15-26-(03).csv,268.17283630371094,0.05,0.0,False,0.3242390688740396,0.1743632566031206
HR-3-15-26-(03).csv,268.2731628417969,0.05,0.0,False,0.3316659072723232,0.1647789626454478
HR-3-15-26-(03).csv,268.3734893798828,0.05,0.0,False,0.3554561340514266,0.1914573696242458
HR-3-15-26-(03).csv,268.47381591796875,0.05,0.0,False,0.3145057411180754,0.1694093849422927
HR-3-15-26-(03).csv,268.5741424560547,0.05,0.0,False,0.3460846987892583,0.2023540488490974
HR-3-15-26-(03).csv,268.6744689941406,0.05,0.0,False,0.3370882459406331,0.2066932733519425
HR-3-15-26-(03).csv,268.77479553222656,0.05,0.0,False,0.3359583870248998,0.1700300056567406
HR-3-15-26-(03).csv,268.8751220703125,0.05,0.0,False,0.3394836029544594,0.1787566353385303
HR-3-15-26-(03).csv,268.97544860839844,0.05,0.0,False,0.3336898913730604,0.2013049039915572
HR-3-15-26-(03).csv,269.0757751464844,0.05,0.0,False,0.3413878136711837,0.2092210149964444
HR-3-15-26-(03).csv,269.1761016845703,0.05,0.0,False,0.3553859040003142,0.2224113774034659
HR-3-15-26-(03).csv,269.27642822265625,0.05,0.0,False,0.3851853349683906,0.2465166448404191
HR-3-15-26-(03).csv,269.3767547607422,0.05,0.0,False,0.3775020729631362,0.2160844789805046
HR-3-15-26-(03).csv,269.4770812988281,0.05,0.0,False,0.3712352573273407,0.2059180430178019
HR-3-15-26-(03).csv,269.57740783691406,0.05,0.0,False,0.3403958486811186,0.1897057469482653
HR-3-15-26-(03).csv,269.677734375,0.05,0.0,False,0.3424635165918369,0.1797365206481621
HR-3-15-26-(03).csv,269.77806091308594,0.05,0.0,False,0.3353610591208632,0.1705937776902855
HR-3-15-26-(03).csv,269.8783874511719,0.05,0.0,False,0.314605889175048,0.1261942720288774
HR-3-15-26-(03).csv,269.9787139892578,0.05,0.0,False,0.3435784004627228,0.1915896889855465
HR-3-15-26-(03).csv,270.07904052734375,0.05,0.0,False,0.3505308079862917,0.1925965019024225
HR-3-15-26-(03).csv,270.1793670654297,0.05,0.0,False,0.3418517762497989,0.158004700232138
HR-3-15-26-(03).csv,270.2796936035156,0.05,0.0,False,0.3539124123900068,0.1539090234162345
HR-3-15-26-(03).csv,270.38002014160156,0.05,0.0,False,0.3212620849388546,0.122536145546329
HR-3-15-26-(03).csv,270.4803466796875,0.05,0.0,False,0.3121645757109745,0.1459962103771521
HR-3-15-26-(03).csv,270.58067321777344,0.05,0.0,False,0.2799955280907338,0.1233614581373784
HR-3-15-26-(03).csv,270.6809997558594,0.05,0.0,False,0.3323175141622889,0.1438635268120319
HR-3-15-26-(03).csv,270.7813262939453,0.05,0.0,False,0.3205266733770439,0.1709205632410458
HR-3-15-26-(03).csv,270.88165283203125,0.05,0.0,False,0.345308502348058,0.2026020501612426
HR-3-15-26-(03).csv,270.9819793701172,0.05,0.0,False,0.3221306173979152,0.1563055809616619
HR-3-15-26-(03).csv,271.0823059082031,0.05,0.0,False,0.3533524728215077,0.1775330833376058
HR-3-15-26-(03).csv,271.18263244628906,0.05,0.0,False,0.3397204739230406,0.1695401567476857
HR-3-15-26-(03).csv,271.282958984375,0.05,0.0,False,0.3395374137624402,0.1773594227807148
HR-3-15-26-(03).csv,271.38328552246094,0.05,0.0,False,0.3436683127433512,0.2289382807900213
HR-3-15-26-(03).csv,271.4836120605469,0.05,0.0,False,0.3338528949519189,0.1746004295124913
HR-3-15-26-(03).csv,271.5839385986328,0.05,0.0,False,0.3445572699624081,0.1536018825664105
HR-3-15-26-(03).csv,271.68426513671875,0.05,0.0,False,0.3263739323974112,0.1797670530766374
HR-3-15-26-(03).csv,271.7845916748047,0.05,0.0,False,0.3422364179153444,0.2277671540183138
HR-3-15-26-(03).csv,271.8849182128906,0.05,0.0,False,0.3210413716932845,0.2057710042711205
HR-3-15-26-(03).csv,271.98524475097656,0.05,0.0,False,0.3586006160129784,0.197621539549388
HR-3-15-26-(03).csv,272.0855712890625,0.05,0.0,False,0.3748325029095576,0.2290229929280403
HR-3-15-26-(03).csv,272.18589782714844,0.05,0.0,False,0.356806110484247,0.2199008217989411
HR-3-15-26-(03).csv,272.2862243652344,0.05,0.0,False,0.3646093353520357,0.203134416300439
HR-3-15-26-(03).csv,272.3865509033203,0.05,0.0,False,0.343552052332538,0.2000985291229696
HR-3-15-26-(03).csv,272.48687744140625,0.05,0.0,False,0.3683986969206935,0.2163348405650633
HR-3-15-26-(03).csv,272.5872039794922,0.05,0.0,False,0.3651947888962642,0.1809407154807855
HR-3-15-26-(03).csv,272.6875305175781,0.05,0.0,False,0.3553759096907375,0.1891011418023631
HR-3-15-26-(03).csv,272.78785705566406,0.05,0.0,False,0.3532372286395288,0.2405989113578615
HR-3-15-26-(03).csv,272.88818359375,0.05,0.0,False,0.3499766405093085,0.2388962444258185
HR-3-15-26-(03).csv,272.98851013183594,0.05,0.0,False,0.32769429224761,0.2073763138107532
HR-3-15-26-(03).csv,273.0888366699219,0.05,0.0,False,0.3426908793721237,0.1858827962688246
HR-3-15-26-(03).csv,273.1891632080078,0.05,0.0,False,0.3504188745587807,0.187052839859306
HR-3-15-26-(03).csv,273.28948974609375,0.05,0.0,False,0.3427980485975381,0.1892739197195534
HR-3-15-26-(03).csv,273.3898162841797,0.05,0.0,False,0.3376480000980192,0.1970048480423545
HR-3-15-26-(03).csv,273.4901428222656,0.05,0.0,False,0.3475252314126273,0.2102843944561178
HR-3-15-26-(03).csv,273.59046936035156,0.05,0.0,False,0.350088410252222,0.1867712228426184
HR-3-15-26-(03).csv,273.6907958984375,0.05,0.0,False,0.3383451331847136,0.168683027870815
HR-3-15-26-(03).csv,273.79112243652344,0.05,0.0,False,0.3254956324208365,0.1564695660308815
HR-3-15-26-(03).csv,273.8914489746094,0.05,0.0,False,0.346365444865612,0.1711903207177173
HR-3-15-26-(03).csv,273.9917755126953,0.05,0.0,False,0.3290736742659852,0.1762697364263185
HR-3-15-26-(03).csv,274.09210205078125,0.05,0.0,False,0.3291815469604013,0.1377105457481131
HR-3-15-26-(03).csv,274.1924285888672,0.05,0.0,False,0.3299999805759799,0.1363229702621898
HR-3-15-26-(03).csv,274.2927551269531,0.05,0.0,False,0.3504441261879448,0.149010193843922
HR-3-15-26-(03).csv,274.39308166503906,0.05,0.0,False,0.3209339243192713,0.1419621090833027
HR-3-15-26-(03).csv,274.493408203125,0.05,0.0,False,0.309333620561724,0.0944274461855251
HR-3-15-26-(03).csv,274.59373474121094,0.05,0.0,False,0.28033354290732,0.0738677555249992
HR-3-15-26-(03).csv,274.6940612792969,0.05,0.0,False,0.3085351618905787,0.1062786451733188
HR-3-15-26-(03).csv,274.7943878173828,0.05,0.0,False,0.3170696182168536,0.1469026975441814
HR-3-15-26-(03).csv,274.89471435546875,0.05,0.0,False,0.3350450498531993,0.1855345915689736
HR-3-15-26-(03).csv,274.9950408935547,0.05,0.0,False,0.3452775299675229,0.2044177105561136
HR-3-15-26-(03).csv,275.0953674316406,0.05,0.0,False,0.3290509762337975,0.182847737271407
HR-3-15-26-(03).csv,275.19569396972656,0.05,0.0,False,0.354918378777985,0.2040517142735055
HR-3-15-26-(03).csv,275.2960205078125,0.05,0.0,False,0.344203453030322,0.192350529249783
HR-3-15-26-(03).csv,275.39634704589844,0.05,0.0,False,0.3384532435055755,0.2097098245162132
HR-3-15-26-(03).csv,275.4966735839844,0.05,0.0,False,0.3406030977641033,0.2065585525398731
HR-3-15-26-(03).csv,275.5970001220703,0.05,0.0,False,0.3305041282435422,0.1688044033831346
HR-3-15-26-(03).csv,275.69732666015625,0.05,0.0,False,0.3322281916925297,0.1692835011793108
HR-3-15-26-(03).csv,275.7976531982422,0.05,0.0,False,0.334884949285575,0.1719920404691957
HR-3-15-26-(03).csv,275.8979797363281,0.05,0.0,False,0.3397669812513052,0.1843419319151773
HR-3-15-26-(03).csv,275.99830627441406,0.05,0.0,False,0.3440344853568221,0.1464230473716452
HR-3-15-26-(03).csv,276.0986328125,0.05,0.0,False,0.3469442720892594,0.1486376084711037
HR-3-15-26-(03).csv,276.19895935058594,0.05,0.0,False,0.3304623188949513,0.1746537780117007
HR-3-15-26-(03).csv,276.2992858886719,0.05,0.0,False,0.3447061111272053,0.2114910230383092
HR-3-15-26-(03).csv,276.3996124267578,0.05,0.0,False,0.3524156576145072,0.236603300465074
HR-3-15-26-(03).csv,276.49993896484375,0.05,0.0,False,0.372051777777878,0.238362942664757
HR-3-15-26-(03).csv,276.6002655029297,0.05,0.0,False,0.3466846233482494,0.1589884724037434
HR-3-15-26-(03).csv,276.7005920410156,0.05,0.0,False,0.3223302436493176,0.1512466541515794
HR-3-15-26-(03).csv,276.80091857910156,0.05,0.0,False,0.3169011765758289,0.1785197385259343
HR-3-15-26-(03).csv,276.9012451171875,0.05,0.0,False,0.3326218757857737,0.2070404443904902
HR-3-15-26-(03).csv,277.00157165527344,0.05,0.0,False,0.3482190735539773,0.1824407736234975
HR-3-15-26-(03).csv,277.1018981933594,0.05,0.0,False,0.3465573772727495,0.1602507435979112
HR-3-15-26-(03).csv,277.2022247314453,0.05,0.0,False,0.3380775044584513,0.1430377137598546
HR-3-15-26-(03).csv,277.30255126953125,0.05,0.0,False,0.3342369788974216,0.1486016786038424
HR-3-15-26-(03).csv,277.4028778076172,0.05,0.0,False,0.3559512300963241,0.2038633222463585
HR-3-15-26-(03).csv,277.5032043457031,0.05,0.0,False,0.3527037254459486,0.1989236955150454
HR-3-15-26-(03).csv,277.60353088378906,0.05,0.0,False,0.3249508803861578,0.1867856129195261
HR-3-15-26-(03).csv,277.703857421875,0.05,0.0,False,0.3262526691221007,0.2275752866113098
HR-3-15-26-(03).csv,277.80418395996094,0.05,0.0,False,0.3323588249119547,0.2219585573789257
HR-3-15-26-(03).csv,277.9045104980469,0.05,0.0,False,0.3376356294791558,0.1812893567728329
HR-3-15-26-(03).csv,278.0048370361328,0.05,0.0,False,0.3332647397790444,0.1888650265646304
HR-3-15-26-(03).csv,278.10516357421875,0.05,0.0,False,0.3565137771410105,0.2085227694091188
HR-3-15-26-(03).csv,278.2054901123047,0.05,0.0,False,0.3505038552542998,0.1858801482710135
HR-3-15-26-(03).csv,278.3058166503906,0.05,0.0,False,0.3631526367770012,0.1998864600704212
HR-3-15-26-(03).csv,278.40614318847656,0.05,0.0,False,0.3451459724619369,0.1966934687124756
HR-3-15-26-(03).csv,278.5064697265625,0.05,0.0,False,0.3274663818378384,0.1940800704788285
HR-3-15-26-(03).csv,278.60679626464844,0.05,0.0,False,0.3480414166400561,0.1907034561610306
HR-3-15-26-(03).csv,278.7071228027344,0.05,0.0,False,0.3441704938270242,0.1696927479255024
HR-3-15-26-(03).csv,278.8074493408203,0.05,0.0,False,0.3615049662498342,0.2083270631453097
HR-3-15-26-(03).csv,278.90777587890625,0.05,0.0,False,0.3374995598401183,0.1877347508369025
HR-3-15-26-(03).csv,279.0081024169922,0.05,0.0,False,0.3549070506673054,0.1879826446919459
HR-3-15-26-(03).csv,279.1084289550781,0.05,0.0,False,0.3598063168287252,0.2000072322963646
HR-3-15-26-(03).csv,279.20875549316406,0.05,0.0,False,0.3462151809463563,0.1700090960570903
HR-3-15-26-(03).csv,279.30908203125,0.05,0.0,False,0.3342691836425594,0.1703684870673063
HR-3-15-26-(03).csv,279.40940856933594,0.05,0.0,False,0.3514934977359252,0.2446972697633817
HR-3-15-26-(03).csv,279.5097351074219,0.05,0.0,False,0.3469345635300975,0.3176999679349258
HR-3-15-26-(03).csv,279.6100616455078,0.05,0.0,False,0.4705773447733765,0.8281987887535918
HR-3-15-26-(03).csv,279.71038818359375,0.14675450244685634,0.9643959045410155,True,0.8675920869743012,0.9876046643952308
HR-3-15-26-(03).csv,279.8107147216797,0.2248879885417409,0.7787918090820312,False,0.9735415199555038,0.9310466876423916
HR-3-15-26-(03).csv,279.9110412597656,0.2844004582846537,0.5931877136230468,False,0.9662739446779716,0.0273514029563478
HR-3-15-26-(03).csv,280.01136779785156,0.32529191167559474,0.4075836181640624,False,0.9816153529687456,8.69604564382365e-05
HR-3-15-26-(03).csv,280.1116943359375,0.347562348714564,0.22197952270507804,False,0.9536908418429284,7.991390472375455e-05
HR-3-15-26-(03).csv,280.21202087402344,0.35121176940156146,0.03637542724609366,False,0.9132908559894616,0.0009568493858122
HR-3-15-26-(03).csv,280.3123474121094,0.33624017373658716,-0.1492286682128907,False,0.9131826072865988,0.0009600755529896
HR-3-15-26-(03).csv,280.4126739501953,0.3026475617196411,-0.3348327636718751,False,0.8597594305445501,0.0001632756375693
HR-3-15-26-(03).csv,280.51300048828125,0.2504339333507232,-0.5204368591308595,False,0.9262245817651444,0.000296886522381
HR-3-15-26-(03).csv,280.6133270263672,0.1795992886298336,-0.7060409545898438,False,0.8551408659822084,0.0022007269403815
HR-3-15-26-(03).csv,280.7136535644531,0.09014362755697218,-0.8916450500488282,False,0.8512236576345925,0.0004141543578905
HR-3-15-26-(03).csv,280.81398010253906,0.05,0.0,False,0.8651904183996918,0.0007313988044944
HR-3-15-26-(03).csv,280.914306640625,0.05,0.0,False,0.9152803981002852,0.0087398554654385
HR-3-15-26-(03).csv,281.01463317871094,0.05,0.0,False,0.9274573035247766,0.0023704038627447
HR-3-15-26-(03).csv,281.1149597167969,0.05,0.0,False,0.9526683937297136,0.0006997777280508
HR-3-15-26-(03).csv,281.2152862548828,0.05,0.0,False,0.9051965633351968,0.001410515606847
HR-3-15-26-(03).csv,281.31561279296875,0.05,0.0,False,0.857527430928386,0.0068317412147023
HR-3-15-26-(03).csv,281.4159393310547,0.05,0.0,False,0.9379957020735312,0.0403576438048063
HR-3-15-26-(03).csv,281.5162658691406,0.05,0.0,False,0.9397774789730894,0.0157038636442878
HR-3-15-26-(03).csv,281.61659240722656,0.05,0.0,False,0.9228310391513428,0.0072852135312306
HR-3-15-26-(03).csv,281.7169189453125,0.05,0.0,False,0.9792861299544712,0.0793710009532747
HR-3-15-26-(03).csv,281.81724548339844,0.05,0.0,False,0.9875859516982198,0.0007914957849538
HR-3-15-26-(03).csv,281.9175720214844,0.05,0.0,False,0.948629875517829,2.5062720693430943e-05
HR-3-15-26-(03).csv,282.0178985595703,0.05,0.0,False,0.983054236483276,0.0044406339009271
HR-3-15-26-(03).csv,282.11822509765625,0.05,0.0,False,0.9983162401011568,1.4719769484295358e-06
HR-3-15-26-(03).csv,282.2185516357422,0.05,0.0,False,0.9986025981729936,1.232585302945695e-07
HR-3-15-26-(03).csv,282.3188781738281,0.05,0.0,False,0.9869069122564466,3.646217165913317e-06
HR-3-15-26-(03).csv,282.41920471191406,0.05,0.0,False,0.9956505018526678,1.5417823999872886e-05
HR-3-15-26-(03).csv,282.51953125,0.05,0.0,False,0.994714640424661,1.6772593640417289e-06
HR-3-15-26-(03).csv,282.61985778808594,0.05,0.0,False,0.9942568720442384,5.721524845357548e-07
HR-3-15-26-(03).csv,282.7201843261719,0.05,0.0,False,0.9911027183917294,4.62794725561023e-07
HR-3-15-26-(03).csv,282.8205108642578,0.05,0.0,False,0.990282956573862,1.4725359923578872e-05
HR-3-15-26-(03).csv,282.92083740234375,0.05,0.0,False,0.975898820961514,6.990049766113675e-05
HR-3-15-26-(03).csv,283.0211639404297,0.05,0.0,False,0.9967195642257604,0.0021426914486804
HR-3-15-26-(03).csv,283.1214904785156,0.05,0.0,False,0.9948778411336358,0.0001317077541705
HR-3-15-26-(03).csv,283.22181701660156,0.05,0.0,False,0.997551443399626,7.826596538314093e-06
HR-3-15-26-(03).csv,283.3221435546875,0.05,0.0,False,0.9985797642639804,2.4212660486068342e-05
HR-3-15-26-(03).csv,283.42247009277344,0.05,0.0,False,0.9959078414134608,1.300703848413254e-06
HR-3-15-26-(03).csv,283.5227966308594,0.05,0.0,False,0.9987633976411834,5.893966140417935e-07
HR-3-15-26-(03).csv,283.6231231689453,0.05,0.0,False,0.9955283500151836,6.427106526114865e-06
HR-3-15-26-(03).csv,283.72344970703125,0.05,0.0,False,0.9984656311113078,4.047417966090634e-06
HR-3-15-26-(03).csv,283.8237762451172,0.05,0.0,False,0.9988003789388128,1.7321532847806662e-05
HR-3-15-26-(03).csv,283.9241027832031,0.05,0.0,False,0.996696194094836,3.930082477818757e-05
HR-3-15-26-(03).csv,284.02442932128906,0.05,0.0,False,0.9972253016601615,0.0001411962366447
HR-3-15-26-(03).csv,284.124755859375,0.05,0.0,False,0.990732102914351,5.322944198601059e-07
HR-3-15-26-(03).csv,284.22508239746094,0.05,0.0,False,0.9942892801807304,6.414161449631171e-06
HR-3-15-26-(03).csv,284.3254089355469,0.05,0.0,False,0.9890726414665612,0.0001473173785206
HR-3-15-26-(03).csv,284.4257354736328,0.05,0.0,False,0.993012550433684,2.1429549683268698e-06
HR-3-15-26-(03).csv,284.52606201171875,0.05,0.0,False,0.9928321391915812,7.658749773058691e-07
HR-3-15-26-(03).csv,284.6263885498047,0.05,0.0,False,0.9797055167347366,0.0013908313513534
HR-3-15-26-(03).csv,284.7267150878906,0.05,0.0,False,0.987798504220916,0.0015547106066228
HR-3-15-26-(03).csv,284.82704162597656,0.05,0.0,False,0.9908747042885606,0.0001661158978871
HR-3-15-26-(03).csv,284.9273681640625,0.05,0.0,False,0.9940696725685896,6.258590342196681e-06
HR-3-15-26-(03).csv,285.02769470214844,0.05,0.0,False,0.9834938348335428,1.499397160217867e-06
HR-3-15-26-(03).csv,285.1280212402344,0.05,0.0,False,0.9651521614111752,7.256286270441644e-07
HR-3-15-26-(03).csv,285.2283477783203,0.05,0.0,False,0.9429313501641556,4.1031410520012434e-05
HR-3-15-26-(03).csv,285.32867431640625,0.05,0.0,False,0.9869122989579076,0.0005009571914392
HR-3-15-26-(03).csv,285.4290008544922,0.05,0.0,False,0.9981221467102226,0.0002306384280739
HR-3-15-26-(03).csv,285.5293273925781,0.05,0.0,False,0.9978238415228502,2.1943731960667844e-05
HR-3-15-26-(03).csv,285.62965393066406,0.05,0.0,False,0.994558538775599,1.163464800238192e-05
HR-3-15-26-(03).csv,285.72998046875,0.05,0.0,False,0.991789216979813,0.0001109285891375
HR-3-15-26-(03).csv,285.83030700683594,0.05,0.0,False,0.9646009389380212,0.0013507578619412
HR-3-15-26-(03).csv,285.9306335449219,0.05,0.0,False,0.991330141824452,0.0001150544909112
HR-3-15-26-(03).csv,286.0309600830078,0.05,0.0,False,0.997523159472572,6.558622937807358e-06
HR-3-15-26-(03).csv,286.13128662109375,0.05,0.0,False,0.9962445163832576,3.409686254383936e-07
HR-3-15-26-(03).csv,286.2316131591797,0.05,0.0,False,0.9588651273885008,0.0003301553712668
HR-3-15-26-(03).csv,286.3319396972656,0.05,0.0,False,0.9905857115828814,0.0022146231439457
HR-3-15-26-(03).csv,286.43226623535156,0.05,0.0,False,0.9862910445117288,0.0003956204541456
HR-3-15-26-(03).csv,286.5325927734375,0.05,0.0,False,0.9700994716374832,0.0003080773568443
HR-3-15-26-(03).csv,286.63291931152344,0.05,0.0,False,0.9729379193844604,5.4599754903182754e-05
HR-3-15-26-(03).csv,286.7332458496094,0.05,0.0,False,0.9742657996033146,1.8223592464854244e-05
HR-3-15-26-(03).csv,286.8335723876953,0.05,0.0,False,0.9711882891776784,0.0002080161950766
HR-3-15-26-(03).csv,286.93389892578125,0.05,0.0,False,0.96759159317707,0.0002397469181301
HR-3-15-26-(03).csv,287.0342254638672,0.05,0.0,False,0.988505966186694,0.000441269425541
HR-3-15-26-(03).csv,287.1345520019531,0.05,0.0,False,0.9941494665333206,1.2738657386350075e-05
HR-3-15-26-(03).csv,287.23487854003906,0.05,0.0,False,0.9809150971186446,2.998190688925201e-05
HR-3-15-26-(03).csv,287.335205078125,0.05,0.0,False,0.9744544955797486,0.0001305721607628
HR-3-15-26-(03).csv,287.43553161621094,0.05,0.0,False,0.9622198218344312,7.515347087821342e-05
HR-3-15-26-(03).csv,287.5358581542969,0.05,0.0,False,0.9484295507463218,3.671097352063061e-05
HR-3-15-26-(03).csv,287.6361846923828,0.05,0.0,False,0.9133733311233392,1.578065706207677e-05
HR-3-15-26-(03).csv,287.73651123046875,0.05,0.0,False,0.7123934441393885,0.00141327623238
HR-3-15-26-(03).csv,287.8368377685547,0.05,0.0,False,0.458337871900481,0.0226063828004749
HR-3-15-26-(03).csv,287.9371643066406,0.05,0.0,False,0.3836814513796881,0.1263792952455062
HR-3-15-26-(03).csv,288.03749084472656,0.05,0.0,False,0.3501082911484622,0.1514307202548395
HR-3-15-26-(03).csv,288.1378173828125,0.05,0.0,False,0.3735988508799793,0.228590089662738
HR-3-15-26-(03).csv,288.23814392089844,0.05,0.0,False,0.3398541366010827,0.1961126168839302
HR-3-15-26-(03).csv,288.3384704589844,0.05,0.0,False,0.3220439753111905,0.1597975091791144
HR-3-15-26-(03).csv,288.4387969970703,0.05,0.0,False,0.3288230567400882,0.1792665048263442
HR-3-15-26-(03).csv,288.53912353515625,0.05,0.0,False,0.3127194951520345,0.1677932161572601
HR-3-15-26-(03).csv,288.6394500732422,0.05,0.0,False,0.3138477537576181,0.1540583220817775
HR-3-15-26-(03).csv,288.7397766113281,0.05,0.0,False,0.31712905763565,0.1648319310858608
HR-3-15-26-(03).csv,288.84010314941406,0.05,0.0,False,0.3141200684201397,0.1897183257534101
HR-3-15-26-(03).csv,288.9404296875,0.05,0.0,False,0.3221082793072485,0.2014683883461205
HR-3-15-26-(03).csv,289.04075622558594,0.05,0.0,False,0.3189029451151586,0.1647993462549765
HR-3-15-26-(03).csv,289.1410827636719,0.05,0.0,False,0.307109397068568,0.1343315711711168
HR-3-15-26-(03).csv,289.2414093017578,0.05,0.0,False,0.315274223488833,0.176569806645395
HR-3-15-26-(03).csv,289.34173583984375,0.05,0.0,False,0.3226232043119847,0.178808016257594
HR-3-15-26-(03).csv,289.4420623779297,0.05,0.0,False,0.2958424789882685,0.1434427235515245
HR-3-15-26-(03).csv,289.5423889160156,0.05,0.0,False,0.3150289454071217,0.1819374739261619
HR-3-15-26-(03).csv,289.64271545410156,0.05,0.0,False,0.3123116966192312,0.1699750785936823
HR-3-15-26-(03).csv,289.7430419921875,0.05,0.0,False,0.3167643609784032,0.1580415762745536
HR-3-15-26-(03).csv,289.84336853027344,0.05,0.0,False,0.3330007603326071,0.1779095543634044
HR-3-15-26-(03).csv,289.9436950683594,0.05,0.0,False,0.3220230029192121,0.1890235011628812
HR-3-15-26-(03).csv,290.0440216064453,0.05,0.0,False,0.3256692906633093,0.2058698275114037
HR-3-15-26-(03).csv,290.14434814453125,0.05,0.0,False,0.3389774722297183,0.2005806025638592
HR-3-15-26-(03).csv,290.2446746826172,0.05,0.0,False,0.3265679778196325,0.1689313395353983
HR-3-15-26-(03).csv,290.3450012207031,0.05,0.0,False,0.3088618092298019,0.1514669740145411
HR-3-15-26-(03).csv,290.44532775878906,0.05,0.0,False,0.3178234772042693,0.1635257006524143
HR-3-15-26-(03).csv,290.545654296875,0.05,0.0,False,0.3256385636561227,0.1643122919094819
HR-3-15-26-(03).csv,290.64598083496094,0.05,0.0,False,0.3090152282883065,0.1517743494272
HR-3-15-26-(03).csv,290.7463073730469,0.05,0.0,False,0.3094603722493902,0.170511019677098
HR-3-15-26-(03).csv,290.8466339111328,0.05,0.0,False,0.3235702625647729,0.1659439714949475
HR-3-15-26-(03).csv,290.94696044921875,0.05,0.0,False,0.3209811895449067,0.1649577859882706
HR-3-15-26-(03).csv,291.0472869873047,0.05,0.0,False,0.3248019526620562,0.1838665991159624
HR-3-15-26-(03).csv,291.1476135253906,0.05,0.0,False,0.3240444825028474,0.1681891621533945
HR-3-15-26-(03).csv,291.24794006347656,0.05,0.0,False,0.3211400069987209,0.155557795559349
HR-3-15-26-(03).csv,291.3482666015625,0.05,0.0,False,0.3137206259782149,0.1459358533875238
HR-3-15-26-(03).csv,291.44859313964844,0.05,0.0,False,0.3277680555796862,0.1674231631864993
HR-3-15-26-(03).csv,291.5489196777344,0.05,0.0,False,0.3445338557550941,0.1831989037698796
HR-3-15-26-(03).csv,291.6492462158203,0.05,0.0,False,0.3497900234648513,0.1479703052881744
HR-3-15-26-(03).csv,291.74957275390625,0.05,0.0,False,0.3317491280712545,0.137672983600089
HR-3-15-26-(03).csv,291.8498992919922,0.05,0.0,False,0.3507173979873557,0.1301946923122137
HR-3-15-26-(03).csv,291.9502258300781,0.05,0.0,False,0.3080824956920068,0.0858607070022692
HR-3-15-26-(03).csv,292.05055236816406,0.05,0.0,False,0.2900523826418888,0.0994501205247221
HR-3-15-26-(03).csv,292.15087890625,0.05,0.0,False,0.2901067865982205,0.1372723905389634
HR-3-15-26-(03).csv,292.25120544433594,0.05,0.0,False,0.3443382130744969,0.1688900897088246
HR-3-15-26-(03).csv,292.3515319824219,0.05,0.0,False,0.3271274106022401,0.1662585951527886
HR-3-15-26-(03).csv,292.4518585205078,0.05,0.0,False,0.3434341860813061,0.2088652843070315
HR-3-15-26-(03).csv,292.55218505859375,0.05,0.0,False,0.352749269707966,0.3072792190596404
HR-3-15-26-(03).csv,292.6525115966797,0.05,0.0,False,0.4494995893458411,0.8247720650197257
HR-3-15-26-(03).csv,292.7528381347656,0.14675450244685634,0.9643959045410155,True,0.900785202879717,0.9935274941111212
HR-3-15-26-(03).csv,292.85316467285156,0.2248879885417409,0.7787918090820312,False,0.9811314282753876,0.5821318573204667
HR-3-15-26-(03).csv,292.9534912109375,0.2844004582846537,0.5931877136230468,False,0.9747812324974232,0.0009281125852808
HR-3-15-26-(03).csv,293.05381774902344,0.32529191167559474,0.4075836181640624,False,0.9407262344844868,1.1602019889319424e-05
HR-3-15-26-(03).csv,293.1541442871094,0.347562348714564,0.22197952270507804,False,0.7685659375204206,7.089712540037371e-06
HR-3-15-26-(03).csv,293.2544708251953,0.35121176940156146,0.03637542724609366,False,0.4453144947639808,0.0024769723840107
HR-3-15-26-(03).csv,293.35479736328125,0.33624017373658716,-0.1492286682128907,False,0.4230419943092985,0.159481273344867
HR-3-15-26-(03).csv,293.4551239013672,0.3026475617196411,-0.3348327636718751,False,0.4216038125753216,0.342605523451368
HR-3-15-26-(03).csv,293.5554504394531,0.2504339333507232,-0.5204368591308595,False,0.6632939987705784,0.9651767386369456
HR-3-15-26-(03).csv,293.65577697753906,0.3471884357975796,0.9643959045410155,True,0.9394055434734212,0.9923429879594338
HR-3-15-26-(03).csv,293.756103515625,0.42532192189246415,0.7787918090820312,False,0.9743123515909372,0.0140337705803118
HR-3-15-26-(03).csv,293.85643005371094,0.48483439163537695,0.5931877136230468,False,0.9666522817356236,1.1655699270234586e-05
HR-3-15-26-(03).csv,293.9567565917969,0.5257258450263179,0.4075836181640624,False,0.772368786653571,5.568546355735816e-06
HR-3-15-26-(03).csv,294.0570831298828,0.5479962820652872,0.22197952270507804,False,0.5327128315602673,0.0042646888664299
HR-3-15-26-(03).csv,294.15740966796875,0.5516457027522846,0.03637542724609366,False,0.3999092698629769,0.1280585383288682
HR-3-15-26-(03).csv,294.2577362060547,0.5366741070873103,-0.1492286682128907,False,0.4094264067951475,0.3708434825079891
HR-3-15-26-(03).csv,294.3580627441406,0.5030814950703643,-0.3348327636718751,False,0.5583702934457517,0.893120683828078
HR-3-15-26-(03).csv,294.45838928222656,0.5998359975172206,0.9643959045410155,True,0.9172317464039692,0.9604389360366704
HR-3-15-26-(03).csv,294.5587158203125,0.6779694836121052,0.7787918090820312,False,0.9529357551811666,0.0378065023164236
HR-3-15-26-(03).csv,294.65904235839844,0.737481953355018,0.5931877136230468,False,0.9240534019033068,0.0001560813011615
HR-3-15-26-(03).csv,294.7593688964844,0.778373406745959,0.4075836181640624,False,0.7001105966192451,7.421681818720382e-05
HR-3-15-26-(03).csv,294.8596954345703,0.8006438437849283,0.22197952270507804,False,0.5794320257676342,0.0082185973506337
HR-3-15-26-(03).csv,294.96002197265625,0.8042932644719257,0.03637542724609366,False,0.4683076180604237,0.0610902198098517
HR-3-15-26-(03).csv,295.0603485107422,0.7893216688069514,-0.1492286682128907,False,0.4616091392122211,0.1728712161916148
HR-3-15-26-(03).csv,295.1606750488281,0.7557290567900053,-0.3348327636718751,False,0.4745695025512592,0.817694118061083
HR-3-15-26-(03).csv,295.26100158691406,0.8524835592368617,0.9643959045410155,True,0.8891205446078643,0.9434254349964584
HR-3-15-26-(03).csv,295.361328125,0.9306170453317463,0.7787918090820312,False,0.9060783798180326,0.3583882496495079
HR-3-15-26-(03).csv,295.46165466308594,0.95,0.0,False,0.925804030882063,0.0065370982842544
HR-3-15-26-(03).csv,295.5619812011719,0.9313789836480282,-0.18560409545898438,False,0.894102970949084,8.967359477009298e-05
HR-3-15-26-(03).csv,295.6623077392578,0.8941369509440846,-0.37120819091796875,False,0.5953170295903338,0.000653247199773
HR-3-15-26-(03).csv,295.76263427734375,0.8382739018881693,-0.5568122863769531,False,0.4066352766712902,0.0940533142767749
HR-3-15-26-(03).csv,295.8629608154297,0.7637898364802822,-0.7424163818359375,False,0.4694454326667399,0.231861097295869
HR-3-15-26-(03).csv,295.9632873535156,0.6706847547204233,-0.9280204772949219,False,0.4937511378424628,0.4047897731015287
HR-3-15-26-(03).csv,296.06361389160156,0.5589586566085927,-1.1136245727539062,False,0.6401889479948628,0.9181101959848872
HR-3-15-26-(03).csv,296.1639404296875,0.655713159055449,0.9643959045410155,True,0.8713511422461182,0.7779846207298314
HR-3-15-26-(03).csv,296.26426696777344,0.7338466451503336,0.7787918090820312,False,0.9283012065397036,0.0121252003029972
HR-3-15-26-(03).csv,296.3645935058594,0.7933591148932464,0.5931877136230468,False,0.8877168960448161,0.0006521402944398
HR-3-15-26-(03).csv,296.4649200439453,0.8342505682841874,0.4075836181640624,False,0.711914628285752,0.001073086991613
HR-3-15-26-(03).csv,296.56524658203125,0.8565210053231567,0.22197952270507804,False,0.4653195096431214,0.0317196661172701
HR-3-15-26-(03).csv,296.6655731201172,0.8601704260101541,0.03637542724609366,False,0.4464178518017653,0.1659402147335356
HR-3-15-26-(03).csv,296.7658996582031,0.8451988303451798,-0.1492286682128907,False,0.4391424159069584,0.5566414892331139
HR-3-15-26-(03).csv,296.86622619628906,0.8116062183282338,-0.3348327636718751,False,0.7442022020763815,0.8182020088618629
HR-3-15-26-(03).csv,296.966552734375,0.7593925899593159,-0.5204368591308595,False,0.795109201314382,0.1928889669247801
HR-3-15-26-(03).csv,297.06687927246094,0.6885579452384263,-0.7060409545898438,False,0.7871839672727002,0.0134015839174651
HR-3-15-26-(03).csv,297.1672058105469,0.7853124476852826,0.9643959045410155,True,0.8716920277836773,0.0014063670083164
HR-3-15-26-(03).csv,297.2675323486328,0.8634459337801672,0.7787918090820312,False,0.7857484221126985,0.0003895737139335
HR-3-15-26-(03).csv,297.36785888671875,0.92295840352308,0.5931877136230468,False,0.5100803596668729,0.0058001536480743
HR-3-15-26-(03).csv,297.4681854248047,0.95,0.0,False,0.4322775825730682,0.1020354578345259
HR-3-15-26-(03).csv,297.5685119628906,0.9313789836480282,-0.18560409545898438,False,0.4383083837374365,0.3308357036877373
HR-3-15-26-(03).csv,297.66883850097656,0.8941369509440846,-0.37120819091796875,False,0.5421364605985881,0.7522031662165869
HR-3-15-26-(03).csv,297.7691650390625,0.95,0.0,True,0.862713106807344,0.9883034607884624
HR-3-15-26-(03).csv,297.86949157714844,0.9313789836480282,-0.18560409545898438,False,0.9415022815953604,0.3641751324359803
HR-3-15-26-(03).csv,297.9698181152344,0.8941369509440846,-0.37120819091796875,False,0.9386629474324198,9.22675176089468e-05
HR-3-15-26-(03).csv,298.0701446533203,0.8382739018881693,-0.5568122863769531,False,0.8953782320527496,1.3940696157897742e-05
HR-3-15-26-(03).csv,298.17047119140625,0.7637898364802822,-0.7424163818359375,False,0.6919486150899408,0.0008084754434316
HR-3-15-26-(03).csv,298.2707977294922,0.6706847547204233,-0.9280204772949219,False,0.4875226460442383,0.0341865147850391
HR-3-15-26-(03).csv,298.3711242675781,0.5589586566085927,-1.1136245727539062,False,0.4363080737140267,0.1854589550507855
HR-3-15-26-(03).csv,298.47145080566406,0.42861154214479025,-1.2992286682128906,False,0.5215816978657821,0.8701285436954805
HR-3-15-26-(03).csv,298.57177734375,0.5253660445916466,0.9643959045410155,True,0.8153213410697872,0.939338229798208
HR-3-15-26-(03).csv,298.67210388183594,0.6034995306865312,0.7787918090820312,False,0.8938262295446842,0.0356363049098027
HR-3-15-26-(03).csv,298.7724304199219,0.663012000429444,0.5931877136230468,False,0.9527743043339436,0.0001430615780771
HR-3-15-26-(03).csv,298.8727569580078,0.703903453820385,0.4075836181640624,False,0.905421541426877,7.114205221772827e-05
HR-3-15-26-(03).csv,298.97308349609375,0.7261738908593542,0.22197952270507804,False,0.5416731241724875,0.0016651955323576
HR-3-15-26-(03).csv,299.0734100341797,0.7298233115463517,0.03637542724609366,False,0.41139419856038,0.0715918525402594
HR-3-15-26-(03).csv,299.1737365722656,0.7148517158813774,-0.1492286682128907,False,0.4591778472010741,0.2196612629249511
HR-3-15-26-(03).csv,299.27406311035156,0.6812591038644313,-0.3348327636718751,False,0.5094486236962774,0.7276318663657845
HR-3-15-26-(03).csv,299.3743896484375,0.7780136063112877,0.9643959045410155,True,0.824655377411915,0.9596901979318296
HR-3-15-26-(03).csv,299.47471618652344,0.8561470924061723,0.7787918090820312,False,0.8878604138905374,0.4146466936177314
HR-3-15-26-(03).csv,299.5750427246094,0.9156595621490851,0.5931877136230468,False,0.9018407982316924,0.0015996975292558
HR-3-15-26-(03).csv,299.6753692626953,0.95,0.0,False,0.8668508971321482,0.0001228785840141
HR-3-15-26-(03).csv,299.77569580078125,0.9313789836480282,-0.18560409545898438,False,0.7141064967977,0.000993213270222
HR-3-15-26-(03).csv,299.8760223388672,0.8941369509440846,-0.37120819091796875,False,0.4518330251140191,0.0863808725209592
HR-3-15-26-(03).csv,299.9763488769531,0.8382739018881693,-0.5568122863769531,False,0.4993315134237345,0.7971055635725283
HR-3-15-26-(03).csv,300.07667541503906,0.7637898364802822,-0.7424163818359375,False,0.7638680782881362,0.943102039333429
HR-3-15-26-(03).csv,300.177001953125,0.8605443389271386,0.9643959045410155,True,0.9416006960188988,0.0690003464997549
HR-3-15-26-(03).csv,300.27732849121094,0.9386778250220231,0.7787918090820312,False,0.924126407364774,0.0002737866797085
HR-3-15-26-(03).csv,300.3776550292969,0.95,0.0,False,0.5343988254128111,0.0035995096142702
HR-3-15-26-(03).csv,300.4779815673828,0.9313789836480282,-0.18560409545898438,False,0.6200883114413831,0.84381643219868
HR-3-15-26-(03).csv,300.57830810546875,0.8941369509440846,-0.37120819091796875,False,0.8742112158647048,0.9075930611589316
HR-3-15-26-(03).csv,300.6786346435547,0.8382739018881693,-0.5568122863769531,False,0.9169082132819526,0.0035671311298457
HR-3-15-26-(03).csv,300.7789611816406,0.7637898364802822,-0.7424163818359375,False,0.8453701941929843,0.0002120183443493
HR-3-15-26-(03).csv,300.87928771972656,0.6706847547204233,-0.9280204772949219,False,0.483515979566498,0.0048226465452087
HR-3-15-26-(03).csv,300.9796142578125,0.5589586566085927,-1.1136245727539062,False,0.4551652723881365,0.1225023355028219
HR-3-15-26-(03).csv,301.07994079589844,0.42861154214479025,-1.2992286682128906,False,0.4998654538259259,0.1471282701688832
HR-3-15-26-(03).csv,301.1802673339844,0.27964341132901605,-1.484832763671875,False,0.4452663272597668,0.1557091487922154
HR-3-15-26-(03).csv,301.2805938720703,0.11205426416127007,-1.6704368591308594,False,0.3709780935338358,0.1711248023301982
HR-3-15-26-(03).csv,301.38092041015625,0.05,0.0,False,0.3807475145089373,0.1957736133348019
HR-3-15-26-(03).csv,301.4812469482422,0.05,0.0,False,0.3735014789218595,0.2221392671302442
HR-3-15-26-(03).csv,301.5815734863281,0.05,0.0,False,0.3952254725508918,0.2324509549116397
HR-3-15-26-(03).csv,301.68190002441406,0.05,0.0,False,0.3820770101043338,0.1669498459872011
HR-3-15-26-(03).csv,301.7822265625,0.05,0.0,False,0.3342264415319181,0.1573094504558415
HR-3-15-26-(03).csv,301.88255310058594,0.05,0.0,False,0.3551083304604249,0.2315192142031408
HR-3-15-26-(03).csv,301.9828796386719,0.05,0.0,False,0.3644632322088513,0.2430193470353451
HR-3-15-26-(03).csv,302.0832061767578,0.05,0.0,False,0.3590290882134455,0.1947473223126891
HR-3-15-26-(03).csv,302.18353271484375,0.05,0.0,False,0.3442495926451675,0.1769605167327517
HR-3-15-26-(03).csv,302.2838592529297,0.05,0.0,False,0.3682722819240231,0.2056619534771008
HR-3-15-26-(03).csv,302.3841857910156,0.05,0.0,False,0.3579515776431103,0.1988806721788047
HR-3-15-26-(03).csv,302.48451232910156,0.05,0.0,False,0.3371164443956445,0.1721952952462479
HR-3-15-26-(03).csv,302.5848388671875,0.05,0.0,False,0.3329768144250277,0.2036701092220178
HR-3-15-26-(03).csv,302.68516540527344,0.05,0.0,False,0.3508384131060997,0.1807137839236834
HR-3-15-26-(03).csv,302.7854919433594,0.05,0.0,False,0.3345167878129662,0.1595284314152384
HR-3-15-26-(03).csv,302.8858184814453,0.05,0.0,False,0.3274594241928509,0.1849942690586843
HR-3-15-26-(03).csv,302.98614501953125,0.05,0.0,False,0.3396069983686187,0.1948549972642935
HR-3-15-26-(03).csv,303.0864715576172,0.05,0.0,False,0.3665849799237621,0.1885827778724008
HR-3-15-26-(03).csv,303.1867980957031,0.05,0.0,False,0.315299199177133,0.1702965537428569
HR-3-15-26-(03).csv,303.28712463378906,0.05,0.0,False,0.3713012829163902,0.1826094244426648
HR-3-15-26-(03).csv,303.387451171875,0.05,0.0,False,0.3486520027267978,0.1306965922735858
HR-3-15-26-(03).csv,303.48777770996094,0.05,0.0,False,0.3260032523061192,0.127166751645556
HR-3-15-26-(03).csv,303.5881042480469,0.05,0.0,False,0.3059841452802037,0.1469523439873853
HR-3-15-26-(03).csv,303.6884307861328,0.05,0.0,False,0.2786931919971869,0.1290161221410044
HR-3-15-26-(03).csv,303.78875732421875,0.05,0.0,False,0.3306619978479981,0.2168164358925137
HR-3-15-26-(03).csv,303.8890838623047,0.05,0.0,False,0.3997908270883438,0.2799488329006518
HR-3-15-26-(03).csv,303.9894104003906,0.05,0.0,False,0.403474209533695,0.1930847401561572
HR-3-15-26-(03).csv,304.08973693847656,0.05,0.0,False,0.3237480592173862,0.1071185863847442
HR-3-15-26-(03).csv,304.1900634765625,0.05,0.0,False,0.3304057379529534,0.137406366371341
HR-3-15-26-(03).csv,304.29039001464844,0.05,0.0,False,0.3400673125098263,0.1092201062333084
HR-3-15-26-(03).csv,304.3907165527344,0.05,0.0,False,0.3160393902873515,0.0695234083171251
HR-3-15-26-(03).csv,304.4910430908203,0.05,0.0,False,0.2913627655439949,0.0374577394829813
HR-3-15-26-(03).csv,304.59136962890625,0.05,0.0,False,0.3127496963662584,0.0204396120912539
HR-3-15-26-(03).csv,304.6916961669922,0.05,0.0,False,0.2982087752126523,0.017893914322037
HR-3-15-26-(03).csv,304.7920227050781,0.05,0.0,False,0.3269375354533033,0.0382152407603081
HR-3-15-26-(03).csv,304.89234924316406,0.05,0.0,False,0.3040978928414073,0.0640039487493895
HR-3-15-26-(03).csv,304.99267578125,0.05,0.0,False,0.2916027483133054,0.092309009948554
HR-3-15-26-(03).csv,305.09300231933594,0.05,0.0,False,0.2832227652212358,0.1916320227023644
HR-3-15-26-(03).csv,305.1933288574219,0.05,0.0,False,0.2300080094389833,0.1277991202506198
HR-3-15-26-(03).csv,305.2936553955078,0.05,0.0,False,0.2060970257430255,0.0655171313007683
HR-3-15-26-(03).csv,305.39398193359375,0.05,0.0,False,0.2936577924570624,0.0408578895534193
HR-3-15-26-(03).csv,305.4943084716797,0.05,0.0,False,0.2858817366452293,0.0655869534598482
HR-3-15-26-(03).csv,305.5946350097656,0.05,0.0,False,0.3122123675296249,0.1291692041341689
HR-3-15-26-(03).csv,305.69496154785156,0.05,0.0,False,0.2941279779204948,0.1005916753827864
HR-3-15-26-(03).csv,305.7952880859375,0.05,0.0,False,0.2831977568968248,0.0840821534451761
HR-3-15-26-(03).csv,305.89561462402344,0.05,0.0,False,0.309590641213635,0.1771216090722459
HR-3-15-26-(03).csv,305.9959411621094,0.05,0.0,False,0.2547228085203863,0.1429224009175938
HR-3-15-26-(03).csv,306.0962677001953,0.05,0.0,False,0.2527400437652554,0.0885829484021684
HR-3-15-26-(03).csv,306.19659423828125,0.05,0.0,False,0.3266076301624405,0.1126916064434803
HR-3-15-26-(03).csv,306.2969207763672,0.05,0.0,False,0.3754086780445501,0.1869438769232644
HR-3-15-26-(03).csv,306.3972473144531,0.05,0.0,False,0.3503089871063911,0.1673532469700873
HR-3-15-26-(03).csv,306.49757385253906,0.05,0.0,False,0.3978821578793096,0.2401163083996631
HR-3-15-26-(03).csv,306.597900390625,0.05,0.0,False,0.425525801732493,0.2706169580521548
HR-3-15-26-(03).csv,306.69822692871094,0.05,0.0,False,0.4090337043913755,0.1971902975229814
HR-3-15-26-(03).csv,306.7985534667969,0.05,0.0,False,0.4325906080483166,0.2157561343950665
HR-3-15-26-(03).csv,306.8988800048828,0.05,0.0,False,0.4118879211022317,0.2329727236213968
HR-3-15-26-(03).csv,306.99920654296875,0.05,0.0,False,0.4090432273608045,0.1787623892157222
HR-3-15-26-(03).csv,307.0995330810547,0.05,0.0,False,0.3818169636886972,0.1524493101965584
HR-3-15-26-(03).csv,307.1998596191406,0.05,0.0,False,0.380551362052673,0.1884661960288147
HR-3-15-26-(03).csv,307.30018615722656,0.05,0.0,False,0.3814658955007807,0.1815843186396209
HR-3-15-26-(03).csv,307.4005126953125,0.05,0.0,False,0.3720255199825206,0.1547411653901644
HR-3-15-26-(03).csv,307.50083923339844,0.05,0.0,False,0.3882668112517343,0.182748306093031
HR-3-15-26-(03).csv,307.6011657714844,0.05,0.0,False,0.3963273552855283,0.1761327140846147
HR-3-15-26-(03).csv,307.7014923095703,0.05,0.0,False,0.4448752575739204,0.1923232570445023
HR-3-15-26-(03).csv,307.80181884765625,0.05,0.0,False,0.3943911245903277,0.1443701908608331
HR-3-15-26-(03).csv,307.9021453857422,0.05,0.0,False,0.3530330084313913,0.1207928479880847
HR-3-15-26-(03).csv,308.0024719238281,0.05,0.0,False,0.3267243387440678,0.1753374530349504
HR-3-15-26-(03).csv,308.10279846191406,0.05,0.0,False,0.3198908405467037,0.1876852711155571
HR-3-15-26-(03).csv,308.203125,0.05,0.0,False,0.3188846794505715,0.1795427670931003
HR-3-15-26-(03).csv,308.30345153808594,0.05,0.0,False,0.344501705356058,0.1997068598184751
HR-3-15-26-(03).csv,308.4037780761719,0.05,0.0,False,0.3289670721152157,0.1772842014807414
HR-3-15-26-(03).csv,308.5041046142578,0.05,0.0,False,0.3223374752024179,0.1210268401081962
HR-3-15-26-(03).csv,308.60443115234375,0.05,0.0,False,0.3041086792010922,0.121118518823822
HR-3-15-26-(03).csv,308.7047576904297,0.05,0.0,False,0.2997769777124091,0.1462140029486535
HR-3-15-26-(03).csv,308.8050842285156,0.05,0.0,False,0.3213320116599077,0.1750105276239867
HR-3-15-26-(03).csv,308.90541076660156,0.05,0.0,False,0.3054056725961557,0.1603804375064059
HR-3-15-26-(03).csv,309.0057373046875,0.05,0.0,False,0.3312699155198052,0.1760269864125593
HR-3-15-26-(03).csv,309.10606384277344,0.05,0.0,False,0.325423337340091,0.1827243711507062
HR-3-15-26-(03).csv,309.2063903808594,0.05,0.0,False,0.3263977720906984,0.2029602834476317
HR-3-15-26-(03).csv,309.3067169189453,0.05,0.0,False,0.3661388678786316,0.2560994358255346
HR-3-15-26-(03).csv,309.40704345703125,0.05,0.0,False,0.3705446201409196,0.1900255983114076
HR-3-15-26-(03).csv,309.5073699951172,0.05,0.0,False,0.3427502551375634,0.1436536558009093
HR-3-15-26-(03).csv,309.6076965332031,0.05,0.0,False,0.3846050235535571,0.1635409645574655
HR-3-15-26-(03).csv,309.70802307128906,0.05,0.0,False,0.329659675688184,0.1495068637030262
HR-3-15-26-(03).csv,309.808349609375,0.05,0.0,False,0.3156053201471375,0.1543714893825461
HR-3-15-26-(03).csv,309.90867614746094,0.05,0.0,False,0.3561386350815445,0.1894100721991917
HR-3-15-26-(03).csv,310.0090026855469,0.05,0.0,False,0.3423510078918466,0.1982690742920576
HR-3-15-26-(03).csv,310.1093292236328,0.05,0.0,False,0.3464043993615969,0.1657829123931041
HR-3-15-26-(03).csv,310.20965576171875,0.05,0.0,False,0.32871781415745,0.1462655912667567
HR-3-15-26-(03).csv,310.3099822998047,0.05,0.0,False,0.3255858064960738,0.1602132511014555
HR-3-15-26-(03).csv,310.4103088378906,0.05,0.0,False,0.332001552868286,0.1619450073504518
HR-3-15-26-(03).csv,310.51063537597656,0.05,0.0,False,0.3413242013177698,0.1347212761859878
HR-3-15-26-(03).csv,310.6109619140625,0.05,0.0,False,0.3413114099984735,0.1499502925651339
HR-3-15-26-(03).csv,310.71128845214844,0.05,0.0,False,0.3337871354336976,0.1558766815479272
HR-3-15-26-(03).csv,310.8116149902344,0.05,0.0,False,0.342115407597323,0.177613298470036
HR-3-15-26-(03).csv,310.9119415283203,0.05,0.0,False,0.321560326556584,0.1577835591462131
HR-3-15-26-(03).csv,311.01226806640625,0.05,0.0,False,0.3409018811468012,0.1719847974691162
HR-3-15-26-(03).csv,311.1125946044922,0.05,0.0,False,0.3315442625180534,0.1746671907594436
HR-3-15-26-(03).csv,311.2129211425781,0.05,0.0,False,0.3311844759394065,0.1701508456258338
HR-3-15-26-(03).csv,311.31324768066406,0.05,0.0,False,0.3287391020315994,0.1833433851669932
HR-3-15-26-(03).csv,311.41357421875,0.05,0.0,False,0.3385341860465327,0.2053676141229997
HR-3-15-26-(03).csv,311.51390075683594,0.05,0.0,False,0.32958722876689,0.2035014485954453
HR-3-15-26-(03).csv,311.6142272949219,0.05,0.0,False,0.3451913052339239,0.183888540747704
HR-3-15-26-(03).csv,311.7145538330078,0.05,0.0,False,0.3245559801182216,0.148837625307542
HR-3-15-26-(03).csv,311.81488037109375,0.05,0.0,False,0.3313148224477498,0.1751923156330508
HR-3-15-26-(03).csv,311.9152069091797,0.05,0.0,False,0.3154536468600128,0.2081058707762485
HR-3-15-26-(03).csv,312.0155334472656,0.05,0.0,False,0.3564898455513879,0.2434589986591793
HR-3-15-26-(03).csv,312.11585998535156,0.05,0.0,False,0.3185255896635623,0.2035301783717583
HR-3-15-26-(03).csv,312.2161865234375,0.05,0.0,False,0.3309255564033282,0.202299902422885
HR-3-15-26-(03).csv,312.31651306152344,0.05,0.0,False,0.3374008106042343,0.2024471166500107
HR-3-15-26-(03).csv,312.4168395996094,0.05,0.0,False,0.3242394953161781,0.1665260535031823
HR-3-15-26-(03).csv,312.5171661376953,0.05,0.0,False,0.3317815932616326,0.1678039622652304
HR-3-15-26-(03).csv,312.61749267578125,0.05,0.0,False,0.3266668222587555,0.1749665716297029
HR-3-15-26-(03).csv,312.7178192138672,0.05,0.0,False,0.3326113710114443,0.1662870616059946
HR-3-15-26-(03).csv,312.8181457519531,0.05,0.0,False,0.3138929861873185,0.158326743232476
HR-3-15-26-(03).csv,312.91847229003906,0.05,0.0,False,0.3351917917091616,0.1707074545013066
HR-3-15-26-(03).csv,313.018798828125,0.05,0.0,False,0.3156461223213902,0.1739532870854924
HR-3-15-26-(03).csv,313.11912536621094,0.05,0.0,False,0.3274769185066265,0.1737043786911191
HR-3-15-26-(03).csv,313.2194519042969,0.05,0.0,False,0.3248725277241693,0.1829772283706069
HR-3-15-26-(03).csv,313.3197784423828,0.05,0.0,False,0.3194745810255917,0.1813473597558803
HR-3-15-26-(03).csv,313.42010498046875,0.05,0.0,False,0.3304796469639465,0.1512200126423319
HR-3-15-26-(03).csv,313.5204315185547,0.05,0.0,False,0.3030406260078581,0.1364720683325676
HR-3-15-26-(03).csv,313.6207580566406,0.05,0.0,False,0.3206245728692303,0.1768100219198642
HR-3-15-26-(03).csv,313.72108459472656,0.05,0.0,False,0.2959505703710922,0.1668953238775868
HR-3-15-26-(03).csv,313.8214111328125,0.05,0.0,False,0.3053155724117301,0.1565165751030862
HR-3-15-26-(03).csv,313.92173767089844,0.05,0.0,False,0.2958332623991919,0.1188466241363037
HR-3-15-26-(03).csv,314.0220642089844,0.05,0.0,False,0.2937852412647536,0.1179068500011688
HR-3-15-26-(03).csv,314.1223907470703,0.05,0.0,False,0.2946364580339832,0.1370910830804996
HR-3-15-26-(03).csv,314.22271728515625,0.05,0.0,False,0.3173829365133042,0.1364871657432662
HR-3-15-26-(03).csv,314.3230438232422,0.05,0.0,False,0.3126897224249728,0.1127496096039834
HR-3-15-26-(03).csv,314.4233703613281,0.05,0.0,False,0.3318377601828858,0.1292582860689365
HR-3-15-26-(03).csv,314.52369689941406,0.05,0.0,False,0.3498590874489126,0.127230420812421
HR-3-15-26-(03).csv,314.6240234375,0.05,0.0,False,0.3248628633624827,0.1454894869534098
HR-3-15-26-(03).csv,314.72434997558594,0.05,0.0,False,0.3526477695772423,0.1177826943361746
HR-3-15-26-(03).csv,314.8246765136719,0.05,0.0,False,0.3272868304709383,0.1249752242137716
HR-3-15-26-(03).csv,314.9250030517578,0.05,0.0,False,0.3344636411222835,0.1501417373004542
HR-3-15-26-(03).csv,315.02532958984375,0.05,0.0,False,0.3268949325731913,0.1070511036060324
HR-3-15-26-(03).csv,315.1256561279297,0.05,0.0,False,0.2840859554782856,0.0744229610213978
HR-3-15-26-(03).csv,315.2259826660156,0.05,0.0,False,0.3040556904690014,0.0770760495300331
HR-3-15-26-(03).csv,315.32630920410156,0.05,0.0,False,0.3237444424254345,0.0971021518702437
HR-3-15-26-(03).csv,315.4266357421875,0.05,0.0,False,0.3217931113537562,0.1342765196058534
HR-3-15-26-(03).csv,315.52696228027344,0.05,0.0,False,0.3492935316802397,0.1682064910459768
HR-3-15-26-(03).csv,315.6272888183594,0.05,0.0,False,0.3535605552614322,0.1516055362373866
HR-3-15-26-(03).csv,315.7276153564453,0.05,0.0,False,0.3234301716253066,0.1373180518510739
HR-3-15-26-(03).csv,315.82794189453125,0.05,0.0,False,0.3427704758006217,0.1483916795283988
HR-3-15-26-(03).csv,315.9282684326172,0.05,0.0,False,0.3428012296876845,0.1449689944926855
HR-3-15-26-(03).csv,316.0285949707031,0.05,0.0,False,0.3239295478316093,0.1442319114799631
HR-3-15-26-(03).csv,316.12892150878906,0.05,0.0,False,0.3336456522255221,0.1453186514189867
HR-3-15-26-(03).csv,316.229248046875,0.05,0.0,False,0.3368500027259928,0.1694348774271951
HR-3-15-26-(03).csv,316.32957458496094,0.05,0.0,False,0.4376194180091771,0.5693093039728706
HR-3-15-26-(03).csv,316.4299011230469,0.05,0.0,False,0.7525824822042774,0.9286316377844344
HR-3-15-26-(03).csv,316.5302276611328,0.14675450244685634,0.9643959045410155,True,0.9066963847585248,0.7549491139138751
HR-3-15-26-(03).csv,316.63055419921875,0.2248879885417409,0.7787918090820312,False,0.8990182608077437,0.0276199177474164
HR-3-15-26-(03).csv,316.7308807373047,0.2844004582846537,0.5931877136230468,False,0.942936715868454,0.0006702688582005
HR-3-15-26-(03).csv,316.8312072753906,0.32529191167559474,0.4075836181640624,False,0.9411727655070814,0.001020796646167
HR-3-15-26-(03).csv,316.93153381347656,0.347562348714564,0.22197952270507804,False,0.9574071084379864,0.0053986608675517
HR-3-15-26-(03).csv,317.0318603515625,0.35121176940156146,0.03637542724609366,False,0.8747429914905317,0.0024783935250252
HR-3-15-26-(03).csv,317.13218688964844,0.33624017373658716,-0.1492286682128907,False,0.9279966409711444,0.0007744795694577
HR-3-15-26-(03).csv,317.2325134277344,0.3026475617196411,-0.3348327636718751,False,0.8007500764885538,0.0012401702313254
HR-3-15-26-(03).csv,317.3328399658203,0.2504339333507232,-0.5204368591308595,False,0.8273056485534948,0.0102214601605367
HR-3-15-26-(03).csv,317.43316650390625,0.1795992886298336,-0.7060409545898438,False,0.9297135682835368,0.009935867544747
HR-3-15-26-(03).csv,317.5334930419922,0.09014362755697218,-0.8916450500488282,False,0.9257394936511528,0.0104682743875141
HR-3-15-26-(03).csv,317.6338195800781,0.05,0.0,False,0.8372402666958477,0.014143279599734
HR-3-15-26-(03).csv,317.73414611816406,0.05,0.0,False,0.8072711119559224,0.0085876045084397
HR-3-15-26-(03).csv,317.83447265625,0.05,0.0,False,0.7977859451591168,0.014953077369883
HR-3-15-26-(03).csv,317.93479919433594,0.05,0.0,False,0.9001085801456332,0.0145191573047618
HR-3-15-26-(03).csv,318.0351257324219,0.05,0.0,False,0.8624974810494197,0.0103831228691222
HR-3-15-26-(03).csv,318.1354522705078,0.05,0.0,False,0.8460988760876731,0.0165862246149894
HR-3-15-26-(03).csv,318.23577880859375,0.05,0.0,False,0.7535000186226377,0.0055574762271652
HR-3-15-26-(03).csv,318.3361053466797,0.05,0.0,False,0.635919180721032,0.0034141763185717
HR-3-15-26-(03).csv,318.4364318847656,0.05,0.0,False,0.7438903879001494,0.0164675329579271
HR-3-15-26-(03).csv,318.53675842285156,0.05,0.0,False,0.7937260960284971,0.0426974505573494
HR-3-15-26-(03).csv,318.6370849609375,0.05,0.0,False,0.8592009199609618,0.0738638176560803
HR-3-15-26-(03).csv,318.73741149902344,0.05,0.0,False,0.8838024067684884,0.0263934309272701
HR-3-15-26-(03).csv,318.8377380371094,0.05,0.0,False,0.8483300322323224,0.0055594984688019
HR-3-15-26-(03).csv,318.9380645751953,0.05,0.0,False,0.694844798080202,0.0209033404694986
HR-3-15-26-(03).csv,319.03839111328125,0.05,0.0,False,0.7493299591098952,0.0928316538689243
HR-3-15-26-(03).csv,319.1387176513672,0.05,0.0,False,0.7268915543288932,0.0610998205604084
HR-3-15-26-(03).csv,319.2390441894531,0.05,0.0,False,0.7728929813819644,0.0422558121202172
HR-3-15-26-(03).csv,319.33937072753906,0.05,0.0,False,0.7829287277688151,0.0148015643551768
HR-3-15-26-(03).csv,319.439697265625,0.05,0.0,False,0.6981159292726886,0.0366477977014426
HR-3-15-26-(03).csv,319.54002380371094,0.05,0.0,False,0.5902804751346982,0.0430387014147922
HR-3-15-26-(03).csv,319.6403503417969,0.05,0.0,False,0.7006589031839585,0.0276840571564179
HR-3-15-26-(03).csv,319.7406768798828,0.05,0.0,False,0.7724404887744265,0.0923978446871497
HR-3-15-26-(03).csv,319.84100341796875,0.05,0.0,False,0.827266139914551,0.1050364482643695
HR-3-15-26-(03).csv,319.9413299560547,0.05,0.0,False,0.7492458433411513,0.0541909364509914
HR-3-15-26-(03).csv,320.0416564941406,0.05,0.0,False,0.7460312706730747,0.0471222256908075
HR-3-15-26-(03).csv,320.14198303222656,0.05,0.0,False,0.7334186204534214,0.0134063546379293
HR-3-15-26-(03).csv,320.2423095703125,0.05,0.0,False,0.7459562493701041,0.0080616509508226
HR-3-15-26-(03).csv,320.34263610839844,0.05,0.0,False,0.6353899892725309,0.0312187588568196
HR-3-15-26-(03).csv,320.4429626464844,0.05,0.0,False,0.7362031194993505,0.0287146128660123
HR-3-15-26-(03).csv,320.5432891845703,0.05,0.0,False,0.6253835557782282,0.0263061183228655
HR-3-15-26-(03).csv,320.64361572265625,0.05,0.0,False,0.6398284566732336,0.0587185468307019
HR-3-15-26-(03).csv,320.7439422607422,0.05,0.0,False,0.7148961699162657,0.0351005262933065
HR-3-15-26-(03).csv,320.8442687988281,0.05,0.0,False,0.7036766640391942,0.0332773418229308
HR-3-15-26-(03).csv,320.94459533691406,0.05,0.0,False,0.6294891154059203,0.042453677683029
HR-3-15-26-(03).csv,321.044921875,0.05,0.0,False,0.6545682150559384,0.0579233066355332
HR-3-15-26-(03).csv,321.14524841308594,0.05,0.0,False,0.6436310302457,0.1607889044939306
HR-3-15-26-(03).csv,321.2455749511719,0.05,0.0,False,0.6850048403316771,0.19886546373443
HR-3-15-26-(03).csv,321.3459014892578,0.05,0.0,False,0.7253229334903394,0.120163011856169
HR-3-15-26-(03).csv,321.44622802734375,0.05,0.0,False,0.7148269153498026,0.0903783266915232
HR-3-15-26-(03).csv,321.5465545654297,0.05,0.0,False,0.6138689527213362,0.1032805502216059
HR-3-15-26-(03).csv,321.6468811035156,0.05,0.0,False,0.7070544713774906,0.0694350518979183
HR-3-15-26-(03).csv,321.74720764160156,0.05,0.0,False,0.599331337644064,0.0552764828702497
HR-3-15-26-(03).csv,321.8475341796875,0.05,0.0,False,0.6482137892932449,0.0744648554265148
HR-3-15-26-(03).csv,321.94786071777344,0.05,0.0,False,0.669893302641767,0.0474258154266306
HR-3-15-26-(03).csv,322.0481872558594,0.05,0.0,False,0.5932881672796448,0.0332499283257718
HR-3-15-26-(03).csv,322.1485137939453,0.05,0.0,False,0.6724017446079948,0.0331773693141593
HR-3-15-26-(03).csv,322.24884033203125,0.05,0.0,False,0.525669048415399,0.0734647427441893
HR-3-15-26-(03).csv,322.3491668701172,0.05,0.0,False,0.6003790187415312,0.1437619063853486
HR-3-15-26-(03).csv,322.4494934082031,0.05,0.0,False,0.6444763548607948,0.0948199024986352
HR-3-15-26-(03).csv,322.54981994628906,0.05,0.0,False,0.5171155487684688,0.0648305266239998
HR-3-15-26-(03).csv,322.650146484375,0.05,0.0,False,0.6667493595876097,0.1003074997863066
HR-3-15-26-(03).csv,322.75047302246094,0.05,0.0,False,0.6723787314471587,0.0706096172382618
HR-3-15-26-(03).csv,322.8507995605469,0.05,0.0,False,0.5761253454828962,0.0708367496034765
HR-3-15-26-(03).csv,322.9511260986328,0.05,0.0,False,0.6211547848315114,0.0813160840432608
HR-3-15-26-(03).csv,323.05145263671875,0.05,0.0,False,0.6146366864182398,0.1689527780696745
HR-3-15-26-(03).csv,323.1517791748047,0.05,0.0,False,0.6398634006846018,0.1179989574624121
HR-3-15-26-(03).csv,323.2521057128906,0.05,0.0,False,0.7206559882108053,0.061098022750532
HR-3-15-26-(03).csv,323.35243225097656,0.05,0.0,False,0.6602029799302551,0.023835619297592
HR-3-15-26-(03).csv,323.4527587890625,0.05,0.0,False,0.6535980871142884,0.0153659295275696
HR-3-15-26-(03).csv,323.55308532714844,0.05,0.0,False,0.6082556347528216,0.0566892423708133
HR-3-15-26-(03).csv,323.6534118652344,0.05,0.0,False,0.6208057037215162,0.1222745022079176
HR-3-15-26-(03).csv,323.7537384033203,0.05,0.0,False,0.5960673619013448,0.3572905432809732
HR-3-15-26-(03).csv,323.85406494140625,0.05,0.0,False,0.7258736320214049,0.3651254521890059
HR-3-15-26-(03).csv,323.9543914794922,0.05,0.0,False,0.7106230363890118,0.0380057227205117
HR-3-15-26-(03).csv,324.0547180175781,0.05,0.0,False,0.7509613857543217,0.0409533718290959
HR-3-15-26-(03).csv,324.15504455566406,0.05,0.0,False,0.5550038898139904,0.117437652373831
HR-3-15-26-(03).csv,324.25537109375,0.05,0.0,False,0.7206750082036856,0.2206473568478245
HR-3-15-26-(03).csv,324.35569763183594,0.05,0.0,False,0.6662397077836857,0.0768054802987009
HR-3-15-26-(03).csv,324.4560241699219,0.05,0.0,False,0.6041855035608392,0.0212317835433317
HR-3-15-26-(03).csv,324.5563507080078,0.05,0.0,False,0.4724452109688243,0.0253999414832528
HR-3-15-26-(03).csv,324.65667724609375,0.05,0.0,False,0.3847593163548457,0.0652277761222594
HR-3-15-26-(03).csv,324.7570037841797,0.05,0.0,False,0.3641275404751835,0.1871613043795146
HR-3-15-26-(03).csv,324.8573303222656,0.05,0.0,False,0.3597628241526838,0.1790696831779681
HR-3-15-26-(03).csv,324.95765686035156,0.05,0.0,False,0.3552110448940031,0.1728031662990131
HR-3-15-26-(03).csv,325.0579833984375,0.05,0.0,False,0.3174806613696672,0.1710987446073249
HR-3-15-26-(03).csv,325.15830993652344,0.05,0.0,False,0.3271391390012629,0.189954095905221
HR-3-15-26-(03).csv,325.2586364746094,0.05,0.0,False,0.3209233407901143,0.1639483926197576
HR-3-15-26-(03).csv,325.3589630126953,0.05,0.0,False,0.3409096951840311,0.1737287985753891
HR-3-15-26-(03).csv,325.45928955078125,0.05,0.0,False,0.3631197610787217,0.1601304407723498
HR-3-15-26-(03).csv,325.5596160888672,0.05,0.0,False,0.3392052037547834,0.1255957737438994
HR-3-15-26-(03).csv,325.6599426269531,0.05,0.0,False,0.3172152714685511,0.1691174182697634
HR-3-15-26-(03).csv,325.76026916503906,0.05,0.0,False,0.3139292379617104,0.1769960951234815
HR-3-15-26-(03).csv,325.860595703125,0.05,0.0,False,0.3036248444453508,0.1608758246587812
HR-3-15-26-(03).csv,325.96092224121094,0.05,0.0,False,0.3244808073649254,0.1908348043408652
HR-3-15-26-(03).csv,326.0612487792969,0.05,0.0,False,0.3299735956042063,0.213835867460469
HR-3-15-26-(03).csv,326.1615753173828,0.05,0.0,False,0.3385382317502048,0.1973509686485794
HR-3-15-26-(03).csv,326.26190185546875,0.05,0.0,False,0.3135090630517405,0.1516826203189865
HR-3-15-26-(03).csv,326.3622283935547,0.05,0.0,False,0.3166084304600896,0.1509940263807707
HR-3-15-26-(03).csv,326.4625549316406,0.05,0.0,False,0.3265517679352891,0.2008854173829456
HR-3-15-26-(03).csv,326.56288146972656,0.05,0.0,False,0.3253045056477306,0.1710110122947089
HR-3-15-26-(03).csv,326.6632080078125,0.05,0.0,False,0.3369789021662395,0.1450783834505163
HR-3-15-26-(03).csv,326.76353454589844,0.05,0.0,False,0.3433219604957899,0.1705925028214184
HR-3-15-26-(03).csv,326.8638610839844,0.05,0.0,False,0.3237175210130452,0.1720322718395287
HR-3-15-26-(03).csv,326.9641876220703,0.05,0.0,False,0.3373280289794276,0.1798747098840056
HR-3-15-26-(03).csv,327.06451416015625,0.05,0.0,False,0.3045206190797236,0.1436183176501609
HR-3-15-26-(03).csv,327.1648406982422,0.05,0.0,False,0.2957925192396992,0.1195227402397268
HR-3-15-26-(03).csv,327.2651672363281,0.05,0.0,False,0.3184789094018641,0.1399595467614709
HR-3-15-26-(03).csv,327.36549377441406,0.05,0.0,False,0.3361314765341675,0.1679210864539191
HR-3-15-26-(03).csv,327.4658203125,0.05,0.0,False,0.3318895541777152,0.1783598593931724
HR-3-15-26-(03).csv,327.56614685058594,0.05,0.0,False,0.3511591596532571,0.1778095656909172
HR-3-15-26-(03).csv,327.6664733886719,0.05,0.0,False,0.3385329175236362,0.1812871346454156
HR-3-15-26-(03).csv,327.7667999267578,0.05,0.0,False,0.3214951894857298,0.1610157610848248
HR-3-15-26-(03).csv,327.86712646484375,0.05,0.0,False,0.3234217615241923,0.1676362743980156
HR-3-15-26-(03).csv,327.9674530029297,0.05,0.0,False,0.3190424540646613,0.1572209519912846
HR-3-15-26-(03).csv,328.0677795410156,0.05,0.0,False,0.3199883310891438,0.1824610442518461
HR-3-15-26-(03).csv,328.16810607910156,0.05,0.0,False,0.3315930881104786,0.20976088278465
HR-3-15-26-(03).csv,328.2684326171875,0.05,0.0,False,0.3495644761283145,0.1870497435729802
HR-3-15-26-(03).csv,328.36875915527344,0.05,0.0,False,0.3360881773789395,0.1629491302529642
HR-3-15-26-(03).csv,328.4690856933594,0.05,0.0,False,0.3111070120711905,0.1441109962769038
HR-3-15-26-(03).csv,328.5694122314453,0.05,0.0,False,0.3085436689762042,0.1457952777449382
HR-3-15-26-(03).csv,328.66973876953125,0.05,0.0,False,0.3186610287259557,0.1851994711097662
HR-3-15-26-(03).csv,328.7700653076172,0.05,0.0,False,0.3356795918083792,0.2059780217334271
HR-3-15-26-(03).csv,328.8703918457031,0.05,0.0,False,0.3399169270191859,0.1842347222034142
HR-3-15-26-(03).csv,328.97071838378906,0.05,0.0,False,0.344675449254726,0.1971996917382183
HR-3-15-26-(03).csv,329.071044921875,0.05,0.0,False,0.3341013818361809,0.1747285439954063
HR-3-15-26-(03).csv,329.17137145996094,0.05,0.0,False,0.3187980136485676,0.1647295386381023
HR-3-15-26-(03).csv,329.2716979980469,0.05,0.0,False,0.3416164019340928,0.2107539259322854
HR-3-15-26-(03).csv,329.3720245361328,0.05,0.0,False,0.3369117679257752,0.2038437293674657
HR-3-15-26-(03).csv,329.47235107421875,0.05,0.0,False,0.4043359781175349,0.6190458409069364
HR-3-15-26-(03).csv,329.5726776123047,0.05,0.0,False,0.7830992568813671,0.9813208410851564
HR-3-15-26-(03).csv,329.6730041503906,0.14675450244685634,0.9643959045410155,True,0.9520794439636416,0.5175601437936259
HR-3-15-26-(03).csv,329.77333068847656,0.2248879885417409,0.7787918090820312,False,0.9381562200892178,0.0024170577466933
HR-3-15-26-(03).csv,329.8736572265625,0.2844004582846537,0.5931877136230468,False,0.8008642735770606,0.0003606218354364
HR-3-15-26-(03).csv,329.97398376464844,0.32529191167559474,0.4075836181640624,False,0.5165000890530103,0.0161503825971234
HR-3-15-26-(03).csv,330.0743103027344,0.347562348714564,0.22197952270507804,False,0.4465035414141646,0.1727412444362927
HR-3-15-26-(03).csv,330.1746368408203,0.35121176940156146,0.03637542724609366,False,0.5314793181482466,0.7639464565803643
HR-3-15-26-(03).csv,330.27496337890625,0.4479662718484178,0.9643959045410155,True,0.8019950577293629,0.8202052487123712
HR-3-15-26-(03).csv,330.3752899169922,0.5260997579433023,0.7787918090820312,False,0.7956192203763716,0.0097050123770064
HR-3-15-26-(03).csv,330.4756164550781,0.5856122276862151,0.5931877136230468,False,0.6913904050677854,0.0006304485720519
HR-3-15-26-(03).csv,330.57594299316406,0.6265036810771561,0.4075836181640624,False,0.4899242199800173,0.0032196621442717
HR-3-15-26-(03).csv,330.67626953125,0.6487741181161254,0.22197952270507804,False,0.4471954157895372,0.0963026880369301
HR-3-15-26-(03).csv,330.77659606933594,0.6524235388031229,0.03637542724609366,False,0.4941663880987293,0.6512789173926987
HR-3-15-26-(03).csv,330.8769226074219,0.6374519431381486,-0.1492286682128907,False,0.7690293073794434,0.6816805294780858
HR-3-15-26-(03).csv,330.9772491455078,0.7342064455850049,0.9643959045410155,True,0.8018823395638411,0.0286332949647876
HR-3-15-26-(03).csv,331.07757568359375,0.8123399316798895,0.7787918090820312,False,0.8230619285786298,0.0018441319211741
HR-3-15-26-(03).csv,331.1779022216797,0.8718524014228023,0.5931877136230468,False,0.6700201035329618,0.0019324145218141
HR-3-15-26-(03).csv,331.2782287597656,0.9127438548137433,0.4075836181640624,False,0.4381128187681286,0.045869352060803
HR-3-15-26-(03).csv,331.37855529785156,0.9350142918527126,0.22197952270507804,False,0.4493921533938189,0.5290561985970902
HR-3-15-26-(03).csv,331.4788818359375,0.93866371253971,0.03637542724609366,False,0.6564363091836467,0.8898637409117572
HR-3-15-26-(03).csv,331.57920837402344,0.9236921168747357,-0.1492286682128907,False,0.7897751297650231,0.3853913155969499
HR-3-15-26-(03).csv,331.6795349121094,0.95,0.0,True,0.8622123708186615,0.0051900463040038
HR-3-15-26-(03).csv,331.7798614501953,0.9313789836480282,-0.18560409545898438,False,0.7137779398598388,0.0008700127499272
HR-3-15-26-(03).csv,331.88018798828125,0.8941369509440846,-0.37120819091796875,False,0.5301948139369509,0.0125948025240415
HR-3-15-26-(03).csv,331.9805145263672,0.8382739018881693,-0.5568122863769531,False,0.4940823420481456,0.2753940404895458
HR-3-15-26-(03).csv,332.0808410644531,0.7637898364802822,-0.7424163818359375,False,0.5320328732261252,0.866355010965357
HR-3-15-26-(03).csv,332.18116760253906,0.8605443389271386,0.9643959045410155,True,0.9014680060134612,0.884901835460789
HR-3-15-26-(03).csv,332.281494140625,0.9386778250220231,0.7787918090820312,False,0.9248169379483938,0.0062245679200356
HR-3-15-26-(03).csv,332.38182067871094,0.95,0.0,False,0.9145449404905752,0.000666167850796
HR-3-15-26-(03).csv,332.4821472167969,0.9313789836480282,-0.18560409545898438,False,0.648846735734868,0.0023266590660721
HR-3-15-26-(03).csv,332.5824737548828,0.8941369509440846,-0.37120819091796875,False,0.5025499043225476,0.0784509517237466
HR-3-15-26-(03).csv,332.68280029296875,0.8382739018881693,-0.5568122863769531,False,0.5676563788094925,0.8468530577061785
HR-3-15-26-(03).csv,332.7831268310547,0.7637898364802822,-0.7424163818359375,False,0.8219414334315409,0.8355935650903488
HR-3-15-26-(03).csv,332.8834533691406,0.6706847547204233,-0.9280204772949219,False,0.8005828291848217,0.0113445150253762
HR-3-15-26-(03).csv,332.98377990722656,0.5589586566085927,-1.1136245727539062,False,0.8637796702626557,0.0003023280831202
HR-3-15-26-(03).csv,333.0841064453125,0.42861154214479025,-1.2992286682128906,False,0.6238152163872335,0.0018613223052805
HR-3-15-26-(03).csv,333.18443298339844,0.27964341132901605,-1.484832763671875,False,0.4480385120411905,0.100750628237781
HR-3-15-26-(03).csv,333.2847595214844,0.11205426416127007,-1.6704368591308594,False,0.4931720241761564,0.6626210525619226
HR-3-15-26-(03).csv,333.3850860595703,0.20880876660812642,0.9643959045410155,True,0.8087359070399464,0.8880601534323843
HR-3-15-26-(03).csv,333.48541259765625,0.286942252703011,0.7787918090820312,False,0.8744013804866476,0.2265135212545223
HR-3-15-26-(03).csv,333.5857391357422,0.3464547224459238,0.5931877136230468,False,0.8473210391195372,0.0029508162304286
HR-3-15-26-(03).csv,333.6860656738281,0.3873461758368648,0.4075836181640624,False,0.5647828327476151,0.0010597961027045
HR-3-15-26-(03).csv,333.78639221191406,0.40961661287583406,0.22197952270507804,False,0.4177543151302911,0.0240524599968654
HR-3-15-26-(03).csv,333.88671875,0.41326603356283154,0.03637542724609366,False,0.4413081925709139,0.4188762784223263
HR-3-15-26-(03).csv,333.98704528808594,0.39829443789785723,-0.1492286682128907,False,0.5267484778173419,0.7539898155067996
HR-3-15-26-(03).csv,334.0873718261719,0.4950489403447136,0.9643959045410155,True,0.8050158759938608,0.2871264944838169
HR-3-15-26-(03).csv,334.1876983642578,0.5731824264395982,0.7787918090820312,False,0.7857117843775712,0.0042315189520733
HR-3-15-26-(03).csv,334.28802490234375,0.632694896182511,0.5931877136230468,False,0.6016210018869961,0.0024235615141921
HR-3-15-26-(03).csv,334.3883514404297,0.673586349573452,0.4075836181640624,False,0.446567253750193,0.0598380168942572
HR-3-15-26-(03).csv,334.4886779785156,0.6958567866124212,0.22197952270507804,False,0.4492071170546226,0.3806438143169098
HR-3-15-26-(03).csv,334.58900451660156,0.6995062072994187,0.03637542724609366,False,0.5406966507707198,0.8195967052163976
HR-3-15-26-(03).csv,334.6893310546875,0.6845346116344444,-0.1492286682128907,False,0.7459266902754043,0.6577753475968506
HR-3-15-26-(03).csv,334.78965759277344,0.6509419996174983,-0.3348327636718751,False,0.7514073040937149,0.0216061048496229
HR-3-15-26-(03).csv,334.8899841308594,0.5987283712485805,-0.5204368591308595,False,0.7058163140041115,0.0037972225949761
HR-3-15-26-(03).csv,334.9903106689453,0.5278937265276908,-0.7060409545898438,False,0.5493445314173079,0.0129430908923597
HR-3-15-26-(03).csv,335.09063720703125,0.43843806545482944,-0.8916450500488282,False,0.3933727370495175,0.1125741655843829
HR-3-15-26-(03).csv,335.1909637451172,0.33036138802999626,-1.0772491455078126,False,0.477496264760188,0.3544896558881815
HR-3-15-26-(03).csv,335.2912902832031,0.2036636942531913,-1.262853240966797,False,0.6084686010607313,0.8775801126944632
HR-3-15-26-(03).csv,335.39161682128906,0.30041819670004766,0.9643959045410155,True,0.8754663609311379,0.847011283434174
HR-3-15-26-(03).csv,335.491943359375,0.37855168279493223,0.7787918090820312,False,0.9359147224641784,0.0112800573680384
HR-3-15-26-(03).csv,335.59226989746094,0.43806415253784503,0.5931877136230468,False,0.8968428444948129,0.0002591637362228
HR-3-15-26-(03).csv,335.6925964355469,0.47895560592878605,0.4075836181640624,False,0.5323965034679603,0.0028841468289562
HR-3-15-26-(03).csv,335.7929229736328,0.5012260429677553,0.22197952270507804,False,0.4387008777026642,0.1366445180003321
HR-3-15-26-(03).csv,335.89324951171875,0.5048754636547528,0.03637542724609366,False,0.4962872909818961,0.7146482091957534
HR-3-15-26-(03).csv,335.9935760498047,0.4899038679897785,-0.1492286682128907,False,0.7963436887265488,0.9523184056764656
HR-3-15-26-(03).csv,336.0939025878906,0.5866583704366348,0.9643959045410155,True,0.8758259815009308,0.0454933244347053
HR-3-15-26-(03).csv,336.19422912597656,0.6647918565315194,0.7787918090820312,False,0.7866025748916993,0.0007653631394002
HR-3-15-26-(03).csv,336.2945556640625,0.7243043262744322,0.5931877136230468,False,0.6323092376376793,0.0023615094882365
HR-3-15-26-(03).csv,336.39488220214844,0.7651957796653732,0.4075836181640624,False,0.4127305424218468,0.0855046510041028
HR-3-15-26-(03).csv,336.4952087402344,0.7874662167043425,0.22197952270507804,False,0.4954477220401647,0.6247613644344874
HR-3-15-26-(03).csv,336.5955352783203,0.7911156373913399,0.03637542724609366,False,0.6935995386366451,0.6374554676876634
HR-3-15-26-(03).csv,336.69586181640625,0.7761440417263656,-0.1492286682128907,False,0.7892293795039711,0.0898222626166854
HR-3-15-26-(03).csv,336.7961883544922,0.872898544173222,0.9643959045410155,True,0.8169917094452881,0.0039616291091196
HR-3-15-26-(03).csv,336.8965148925781,0.95,0.0,False,0.6850429697705847,0.0034580021715281
HR-3-15-26-(03).csv,336.99684143066406,0.9313789836480282,-0.18560409545898438,False,0.5465870882924857,0.1007731567948983
HR-3-15-26-(03).csv,337.09716796875,0.8941369509440846,-0.37120819091796875,False,0.5718180628578364,0.4296180847999388
HR-3-15-26-(03).csv,337.19749450683594,0.8382739018881693,-0.5568122863769531,False,0.6821218643611466,0.6428064235008318
HR-3-15-26-(03).csv,337.2978210449219,0.7637898364802822,-0.7424163818359375,False,0.8516320673433838,0.3842070387014235
HR-3-15-26-(03).csv,337.3981475830078,0.6706847547204233,-0.9280204772949219,False,0.8511836122378488,0.0071917463859993
HR-3-15-26-(03).csv,337.49847412109375,0.5589586566085927,-1.1136245727539062,False,0.8216712077531292,0.0022074240848609
HR-3-15-26-(03).csv,337.5988006591797,0.42861154214479025,-1.2992286682128906,False,0.6510944302078803,0.0196229743340207
HR-3-15-26-(03).csv,337.6991271972656,0.27964341132901605,-1.484832763671875,False,0.4930200273048803,0.1003461525325917
HR-3-15-26-(03).csv,337.79945373535156,0.11205426416127007,-1.6704368591308594,False,0.478953767474835,0.1553013081361724
HR-3-15-26-(03).csv,337.8997802734375,0.05,0.0,False,0.4705404730690034,0.1265502633541018
HR-3-15-26-(03).csv,338.00010681152344,0.05,0.0,False,0.4317688555157318,0.1442557632490319
HR-3-15-26-(03).csv,338.1004333496094,0.05,0.0,False,0.4138222457006829,0.1499431757678576
HR-3-15-26-(03).csv,338.2007598876953,0.05,0.0,False,0.4084599687697103,0.2067428175127654
HR-3-15-26-(03).csv,338.30108642578125,0.05,0.0,False,0.4018769118301952,0.1999845451670626
HR-3-15-26-(03).csv,338.4014129638672,0.05,0.0,False,0.3635245299924101,0.1794338205877475
HR-3-15-26-(03).csv,338.5017395019531,0.05,0.0,False,0.3536325643620357,0.2106654124171239
HR-3-15-26-(03).csv,338.60206604003906,0.05,0.0,False,0.388529400184611,0.2281360904347055
HR-3-15-26-(03).csv,338.702392578125,0.05,0.0,False,0.384508677307822,0.1768409005432542
HR-3-15-26-(03).csv,338.80271911621094,0.05,0.0,False,0.3876504575571783,0.1828491571667547
HR-3-15-26-(03).csv,338.9030456542969,0.05,0.0,False,0.3658415971380304,0.1680513695516939
HR-3-15-26-(03).csv,339.0033721923828,0.05,0.0,False,0.3368222918497552,0.1783420963929125
HR-3-15-26-(03).csv,339.10369873046875,0.05,0.0,False,0.4088572284119363,0.2365857505145526
HR-3-15-26-(03).csv,339.2040252685547,0.05,0.0,False,0.4013391869013417,0.2225014946127772
HR-3-15-26-(03).csv,339.3043518066406,0.05,0.0,False,0.3970869362540629,0.2014545328010405
HR-3-15-26-(03).csv,339.40467834472656,0.05,0.0,False,0.3558175048416576,0.1541809861090309
HR-3-15-26-(03).csv,339.5050048828125,0.05,0.0,False,0.3497721071700759,0.1819247733311151
HR-3-15-26-(03).csv,339.60533142089844,0.05,0.0,False,0.382132339999768,0.2126493404148333
HR-3-15-26-(03).csv,339.7056579589844,0.05,0.0,False,0.3979051846007575,0.1814499382187977
HR-3-15-26-(03).csv,339.8059844970703,0.05,0.0,False,0.3623591282735517,0.1582892678131343
HR-3-15-26-(03).csv,339.90631103515625,0.05,0.0,False,0.3671099469047351,0.1905072557904877
HR-3-15-26-(03).csv,340.0066375732422,0.05,0.0,False,0.3407064942187798,0.1490115724654735
HR-3-15-26-(03).csv,340.1069641113281,0.05,0.0,False,0.3178327081067827,0.1374053771422549
HR-3-15-26-(03).csv,340.20729064941406,0.05,0.0,False,0.3074630167199611,0.1488166022762491
HR-3-15-26-(03).csv,340.3076171875,0.05,0.0,False,0.3129679939415944,0.1233146567058558
HR-3-15-26-(03).csv,340.40794372558594,0.05,0.0,False,0.3158455264097998,0.1211453735508246
HR-3-15-26-(03).csv,340.5082702636719,0.05,0.0,False,0.307951393051717,0.1018451500773899
HR-3-15-26-(03).csv,340.6085968017578,0.05,0.0,False,0.294583326929942,0.1031406038136499
HR-3-15-26-(03).csv,340.70892333984375,0.05,0.0,False,0.3423638860868159,0.1396082233956213
HR-3-15-26-(03).csv,340.8092498779297,0.05,0.0,False,0.2981074416335841,0.1219437165159171
HR-3-15-26-(03).csv,340.9095764160156,0.05,0.0,False,0.3143814748512755,0.1604739113762084
HR-3-15-26-(03).csv,341.00990295410156,0.05,0.0,False,0.3226720726249081,0.1764747558804072
HR-3-15-26-(03).csv,341.1102294921875,0.05,0.0,False,0.2832325731355073,0.1413066761742926
HR-3-15-26-(03).csv,341.21055603027344,0.05,0.0,False,0.3071591162789111,0.1336712367236559
HR-3-15-26-(03).csv,341.3108825683594,0.05,0.0,False,0.3083389065516414,0.1288250007768605
HR-3-15-26-(03).csv,341.4112091064453,0.05,0.0,False,0.3198549352234203,0.1507389286218246
HR-3-15-26-(03).csv,341.51153564453125,0.05,0.0,False,0.3280467187035628,0.1737468100443767
HR-3-15-26-(03).csv,341.6118621826172,0.05,0.0,False,0.3451130645244935,0.1552727009692383
HR-3-15-26-(03).csv,341.7121887207031,0.05,0.0,False,0.3236108330225421,0.1358512161609964
HR-3-15-26-(03).csv,341.81251525878906,0.05,0.0,False,0.3344975133507712,0.1654019098342167
HR-3-15-26-(03).csv,341.912841796875,0.05,0.0,False,0.3199409564953956,0.2072801123713901
HR-3-15-26-(03).csv,342.01316833496094,0.05,0.0,False,0.3391068531852574,0.1961019719495319
HR-3-15-26-(03).csv,342.1134948730469,0.05,0.0,False,0.3619782637092487,0.1739699625055747
HR-3-15-26-(03).csv,342.2138214111328,0.05,0.0,False,0.3338473873334863,0.1403906332258775
HR-3-15-26-(03).csv,342.31414794921875,0.05,0.0,False,0.3363896295454847,0.1398986875530187
HR-3-15-26-(03).csv,342.4144744873047,0.05,0.0,False,0.34407090778624,0.1621949369774867
HR-3-15-26-(03).csv,342.5148010253906,0.05,0.0,False,0.3457912525970413,0.1948649897047091
HR-3-15-26-(03).csv,342.61512756347656,0.05,0.0,False,0.3373162357616787,0.1919628123565164
HR-3-15-26-(03).csv,342.7154541015625,0.05,0.0,False,0.3354282825681871,0.1647403845188607
HR-3-15-26-(03).csv,342.81578063964844,0.05,0.0,False,0.3119914189590204,0.1644339107191386
HR-3-15-26-(03).csv,342.9161071777344,0.05,0.0,False,0.3258548837684766,0.173661901971579
HR-3-15-26-(03).csv,343.0164337158203,0.05,0.0,False,0.3256352704972565,0.1851840530364632
HR-3-15-26-(03).csv,343.11676025390625,0.05,0.0,False,0.3580352288970102,0.2216592332769135
HR-3-15-26-(03).csv,343.2170867919922,0.05,0.0,False,0.3136503640907155,0.1983654738796222
HR-3-15-26-(03).csv,343.3174133300781,0.05,0.0,False,0.3427050703216402,0.2195937402482035
HR-3-15-26-(03).csv,343.41773986816406,0.05,0.0,False,0.3291059091547417,0.2117372828311936
HR-3-15-26-(03).csv,343.51806640625,0.05,0.0,False,0.3118831781806139,0.1337042465700349
HR-3-15-26-(03).csv,343.61839294433594,0.05,0.0,False,0.324120615068078,0.144454466248982
HR-3-15-26-(03).csv,343.7187194824219,0.05,0.0,False,0.3175680164610654,0.1448505688518341
HR-3-15-26-(03).csv,343.8190460205078,0.05,0.0,False,0.3270223801420439,0.1302285406174479
HR-3-15-26-(03).csv,343.91937255859375,0.05,0.0,False,0.3115359290503303,0.1420576549092523
HR-3-15-26-(03).csv,344.0196990966797,0.05,0.0,False,0.3338043113365551,0.1911923571265004
HR-3-15-26-(03).csv,344.1200256347656,0.05,0.0,False,0.3193873023613437,0.1923592537913524
HR-3-15-26-(03).csv,344.22035217285156,0.05,0.0,False,0.3140219411123175,0.1671510260686742
HR-3-15-26-(03).csv,344.3206787109375,0.05,0.0,False,0.3230260515305114,0.1645068151543803
HR-3-15-26-(03).csv,344.42100524902344,0.05,0.0,False,0.3293088794170298,0.1824098014007991
HR-3-15-26-(03).csv,344.5213317871094,0.05,0.0,False,0.3321436709356761,0.1583263884334371
HR-3-15-26-(03).csv,344.6216583251953,0.05,0.0,False,0.3257225922019456,0.1320846905239257
HR-3-15-26-(03).csv,344.72198486328125,0.05,0.0,False,0.2996622147010965,0.1302718713056165
HR-3-15-26-(03).csv,344.8223114013672,0.05,0.0,False,0.3218064043007729,0.1638226174108322
HR-3-15-26-(03).csv,344.9226379394531,0.05,0.0,False,0.3083544849017973,0.147779261628871
HR-3-15-26-(03).csv,345.02296447753906,0.05,0.0,False,0.322153011430583,0.1711794975408694
HR-3-15-26-(03).csv,345.123291015625,0.05,0.0,False,0.3007710222796279,0.1476299522240087
HR-3-15-26-(03).csv,345.22361755371094,0.05,0.0,False,0.3269085151983526,0.1585930774729106
HR-3-15-26-(03).csv,345.3239440917969,0.05,0.0,False,0.3037477509809527,0.1435837210242071
HR-3-15-26-(03).csv,345.4242706298828,0.05,0.0,False,0.3240603683860275,0.1678928914943966
HR-3-15-26-(03).csv,345.52459716796875,0.05,0.0,False,0.3154089696459518,0.1808296987437421
HR-3-15-26-(03).csv,345.6249237060547,0.05,0.0,False,0.3273930264584516,0.1596896345490772
HR-3-15-26-(03).csv,345.7252502441406,0.05,0.0,False,0.3307055235971493,0.175505695076138
HR-3-15-26-(03).csv,345.82557678222656,0.05,0.0,False,0.333702114068081,0.2034892957269926
HR-3-15-26-(03).csv,345.9259033203125,0.05,0.0,False,0.3241635931686458,0.1949892714146724
HR-3-15-26-(03).csv,346.02622985839844,0.05,0.0,False,0.3075142762087917,0.1510645174924222
HR-3-15-26-(03).csv,346.1265563964844,0.05,0.0,False,0.3180810107262992,0.1391942731823699
HR-3-15-26-(03).csv,346.2268829345703,0.05,0.0,False,0.3172845571018919,0.1817647149938521
HR-3-15-26-(03).csv,346.32720947265625,0.05,0.0,False,0.3222303623237201,0.1806160342276483
HR-3-15-26-(03).csv,346.4275360107422,0.05,0.0,False,0.3225796064455872,0.1680264862370007
HR-3-15-26-(03).csv,346.5278625488281,0.05,0.0,False,0.322753606642792,0.1615452636730134
HR-3-15-26-(03).csv,346.62818908691406,0.05,0.0,False,0.3084183928897902,0.1481488591634525
HR-3-15-26-(03).csv,346.728515625,0.05,0.0,False,0.3252068611525389,0.1633977393296082
HR-3-15-26-(03).csv,346.82884216308594,0.05,0.0,False,0.3294179519130774,0.1467351133236497
HR-3-15-26-(03).csv,346.9291687011719,0.05,0.0,False,0.3079499842453588,0.1274924770311421
HR-3-15-26-(03).csv,347.0294952392578,0.05,0.0,False,0.3444716495125387,0.1516506788147248
HR-3-15-26-(03).csv,347.12982177734375,0.05,0.0,False,0.3189219089225247,0.1323165164357312
HR-3-15-26-(03).csv,347.2301483154297,0.05,0.0,False,0.3258322450554544,0.1410759294369933
HR-3-15-26-(03).csv,347.3304748535156,0.05,0.0,False,0.3221824409949834,0.1490703219767814
HR-3-15-26-(03).csv,347.43080139160156,0.05,0.0,False,0.3172469336579823,0.1701541780687898
HR-3-15-26-(03).csv,347.5311279296875,0.05,0.0,False,0.3070734594518114,0.150548156332079
HR-3-15-26-(03).csv,347.63145446777344,0.05,0.0,False,0.3174729388844827,0.1624913493597187
HR-3-15-26-(03).csv,347.7317810058594,0.05,0.0,False,0.3133212046726121,0.1507870624386114
HR-3-15-26-(03).csv,347.8321075439453,0.05,0.0,False,0.3279764534840705,0.177406774795116
HR-3-15-26-(03).csv,347.93243408203125,0.05,0.0,False,0.3335353315137511,0.1991841890138147
HR-3-15-26-(03).csv,348.0327606201172,0.05,0.0,False,0.3276923983944559,0.1718475876193783
HR-3-15-26-(03).csv,348.1330871582031,0.05,0.0,False,0.3413880817796654,0.1500338734180902
HR-3-15-26-(03).csv,348.23341369628906,0.05,0.0,False,0.3226034819548333,0.1651255835897495
HR-3-15-26-(03).csv,348.333740234375,0.05,0.0,False,0.3194770548501825,0.1770954826587302
HR-3-15-26-(03).csv,348.43406677246094,0.05,0.0,False,0.3094574028499491,0.1574376498291786
HR-3-15-26-(03).csv,348.5343933105469,0.05,0.0,False,0.300302271546691,0.149910974550449
HR-3-15-26-(03).csv,348.6347198486328,0.05,0.0,False,0.316676746316297,0.1453039527927783
HR-3-15-26-(03).csv,348.73504638671875,0.05,0.0,False,0.3030192321792795,0.1428385204402105
HR-3-15-26-(03).csv,348.8353729248047,0.05,0.0,False,0.3141136780931902,0.1553140442694462
HR-3-15-26-(03).csv,348.9356994628906,0.05,0.0,False,0.3130303881159012,0.158736327806324
HR-3-15-26-(03).csv,349.03602600097656,0.05,0.0,False,0.3045548948800736,0.1584909997651316
HR-3-15-26-(03).csv,349.1363525390625,0.05,0.0,False,0.3111536868155201,0.1698912314876493
HR-3-15-26-(03).csv,349.23667907714844,0.05,0.0,False,0.3024522989146445,0.1853826546525535
HR-3-15-26-(03).csv,349.3370056152344,0.05,0.0,False,0.3055088007878408,0.1667637328452886
HR-3-15-26-(03).csv,349.4373321533203,0.05,0.0,False,0.3071383300009642,0.1328891235771254
HR-3-15-26-(03).csv,349.53765869140625,0.05,0.0,False,0.2906044680340199,0.1361470006412748
HR-3-15-26-(03).csv,349.6379852294922,0.05,0.0,False,0.2972080642538566,0.1674331028142273
HR-3-15-26-(03).csv,349.7383117675781,0.05,0.0,False,0.2911742348292118,0.1567144480370847
HR-3-15-26-(03).csv,349.83863830566406,0.05,0.0,False,0.3007289907221876,0.1607766459177466
HR-3-15-26-(03).csv,349.93896484375,0.05,0.0,False,0.3038254194390754,0.1544580625722749
HR-3-15-26-(03).csv,350.03929138183594,0.05,0.0,False,0.3112544912972985,0.1600049643798259
HR-3-15-26-(03).csv,350.1396179199219,0.05,0.0,False,0.3303176219161364,0.1877426107380567
HR-3-15-26-(03).csv,350.2399444580078,0.05,0.0,False,0.3162789461785075,0.2057143105324524
HR-3-15-26-(03).csv,350.34027099609375,0.05,0.0,False,0.3173673535502709,0.1729424189656522
HR-3-15-26-(03).csv,350.4405975341797,0.05,0.0,False,0.3131432203456069,0.1609032133396427
HR-3-15-26-(03).csv,350.5409240722656,0.05,0.0,False,0.3123778662066663,0.1654463739042
HR-3-15-26-(03).csv,350.64125061035156,0.05,0.0,False,0.3134004798123618,0.1582518325256912
HR-3-15-26-(03).csv,350.7415771484375,0.05,0.0,False,0.3111942925529867,0.1650514674193249
HR-3-15-26-(03).csv,350.84190368652344,0.05,0.0,False,0.3088943795930546,0.1589028672632857
HR-3-15-26-(03).csv,350.9422302246094,0.05,0.0,False,0.2989540123523728,0.1666841079482256
HR-3-15-26-(03).csv,351.0425567626953,0.05,0.0,False,0.2832543423232703,0.153411545629913
HR-3-15-26-(03).csv,351.14288330078125,0.05,0.0,False,0.3033148209748922,0.1603884113142775
HR-3-15-26-(03).csv,351.2432098388672,0.05,0.0,False,0.3036894865621229,0.1577987727800971
HR-3-15-26-(03).csv,351.3435363769531,0.05,0.0,False,0.3085567827645133,0.1569561424162194
HR-3-15-26-(03).csv,351.44386291503906,0.05,0.0,False,0.3025158568401529,0.1482827725016021
HR-3-15-26-(03).csv,351.544189453125,0.05,0.0,False,0.2992091727405923,0.1736240903617376
HR-3-15-26-(03).csv,351.64451599121094,0.05,0.0,False,0.3006961938387533,0.1771991625555929
HR-3-15-26-(03).csv,351.7448425292969,0.05,0.0,False,0.3040361863199118,0.181107427258837
HR-3-15-26-(03).csv,351.8451690673828,0.05,0.0,False,0.2957951520038766,0.1661993595859484
HR-3-15-26-(03).csv,351.94549560546875,0.05,0.0,False,0.3018360151172411,0.1526430821682318
HR-3-15-26-(03).csv,352.0458221435547,0.05,0.0,False,0.3056212087426694,0.1367500182513784
HR-3-15-26-(03).csv,352.1461486816406,0.05,0.0,False,0.2947818915546204,0.1435282601817809
HR-3-15-26-(03).csv,352.24647521972656,0.05,0.0,False,0.3067191987950841,0.156134269188306
HR-3-15-26-(03).csv,352.3468017578125,0.05,0.0,False,0.3215972475135084,0.1762197164144282
HR-3-15-26-(03).csv,352.44712829589844,0.05,0.0,False,0.3110328322107946,0.1719009714369186
HR-3-15-26-(03).csv,352.5474548339844,0.05,0.0,False,0.2996593201433631,0.1574562176120317
HR-3-15-26-(03).csv,352.6477813720703,0.05,0.0,False,0.307704555333684,0.1582797333800068
HR-3-15-26-(03).csv,352.74810791015625,0.05,0.0,False,0.2956828112177766,0.1584804590124784
HR-3-15-26-(03).csv,352.8484344482422,0.05,0.0,False,0.3137656768915463,0.172029408286717
HR-3-15-26-(03).csv,352.9487609863281,0.05,0.0,False,0.3073063847390821,0.1846250909864842
HR-3-15-26-(03).csv,353.04908752441406,0.05,0.0,False,0.330868813996631,0.2282791118355284
HR-3-15-26-(03).csv,353.1494140625,0.05,0.0,False,0.3796587187769297,0.2929486053631779
HR-3-15-26-(03).csv,353.24974060058594,0.05,0.0,False,0.3969637377145281,0.4769118909305143
HR-3-15-26-(03).csv,353.3500671386719,0.05,0.0,False,0.6199994236955957,0.9086207891798068
HR-3-15-26-(03).csv,353.4503936767578,0.14675450244685634,0.9643959045410155,True,0.8087479660019583,0.939166279481177
HR-3-15-26-(03).csv,353.55072021484375,0.2248879885417409,0.7787918090820312,False,0.8749648995221986,0.1849977842693558
HR-3-15-26-(03).csv,353.6510467529297,0.2844004582846537,0.5931877136230468,False,0.8369006652325985,0.0044199366048645
HR-3-15-26-(03).csv,353.7513732910156,0.32529191167559474,0.4075836181640624,False,0.7944575593649367,0.0139017550410642
HR-3-15-26-(03).csv,353.85169982910156,0.347562348714564,0.22197952270507804,False,0.7700931371302984,0.0456815095486033
HR-3-15-26-(03).csv,353.9520263671875,0.35121176940156146,0.03637542724609366,False,0.8134712294264566,0.0359411154555137
HR-3-15-26-(03).csv,354.05235290527344,0.33624017373658716,-0.1492286682128907,False,0.802347848238713,0.0589066172205137
HR-3-15-26-(03).csv,354.1526794433594,0.3026475617196411,-0.3348327636718751,False,0.764577400577737,0.0553264939872041
HR-3-15-26-(03).csv,354.2530059814453,0.2504339333507232,-0.5204368591308595,False,0.7436746687418725,0.0276743927784495
HR-3-15-26-(03).csv,354.35333251953125,0.1795992886298336,-0.7060409545898438,False,0.7789729388875992,0.0324143957518673
HR-3-15-26-(03).csv,354.4536590576172,0.09014362755697218,-0.8916450500488282,False,0.8163003340763263,0.0265669255443277
HR-3-15-26-(03).csv,354.5539855957031,0.05,0.0,False,0.7283329797662321,0.0258711551590032
HR-3-15-26-(03).csv,354.65431213378906,0.05,0.0,False,0.8135975891140717,0.0304471967012457
HR-3-15-26-(03).csv,354.754638671875,0.05,0.0,False,0.7408778013362511,0.0518306500234191
HR-3-15-26-(03).csv,354.85496520996094,0.05,0.0,False,0.6926173437343479,0.0586256340823587
HR-3-15-26-(03).csv,354.9552917480469,0.05,0.0,False,0.7127197668402077,0.1737444111207405
HR-3-15-26-(03).csv,355.0556182861328,0.05,0.0,False,0.771039779841081,0.1016249969006349
HR-3-15-26-(03).csv,355.15594482421875,0.05,0.0,False,0.6856029576193097,0.0374101056879744
HR-3-15-26-(03).csv,355.2562713623047,0.05,0.0,False,0.6765891968109203,0.056816730684147
HR-3-15-26-(03).csv,355.3565979003906,0.05,0.0,False,0.7633394704288199,0.1012490476910167
HR-3-15-26-(03).csv,355.45692443847656,0.05,0.0,False,0.7194126912627316,0.0560117312654787
HR-3-15-26-(03).csv,355.5572509765625,0.05,0.0,False,0.6572208678606086,0.0264643546913981
HR-3-15-26-(03).csv,355.65757751464844,0.05,0.0,False,0.5406809636919283,0.0392424337114226
HR-3-15-26-(03).csv,355.7579040527344,0.05,0.0,False,0.6300001358780798,0.1883004592792339
HR-3-15-26-(03).csv,355.8582305908203,0.05,0.0,False,0.7284532890815995,0.158473178633489
HR-3-15-26-(03).csv,355.95855712890625,0.05,0.0,False,0.7616229765254243,0.0455809963931175
HR-3-15-26-(03).csv,356.0588836669922,0.05,0.0,False,0.6514999626342769,0.0647548757447083
HR-3-15-26-(03).csv,356.1592102050781,0.05,0.0,False,0.7284046003230955,0.0890027926039547
HR-3-15-26-(03).csv,356.25953674316406,0.05,0.0,False,0.6860177080868985,0.0235130034050574
HR-3-15-26-(03).csv,356.35986328125,0.05,0.0,False,0.6354602251563577,0.0253298943198584
HR-3-15-26-(03).csv,356.46018981933594,0.05,0.0,False,0.5754343736015366,0.0844501717218354
HR-3-15-26-(03).csv,356.5605163574219,0.05,0.0,False,0.6536268416327945,0.1171134306348853
HR-3-15-26-(03).csv,356.6608428955078,0.05,0.0,False,0.6389080784253789,0.0631350878621626
HR-3-15-26-(03).csv,356.76116943359375,0.05,0.0,False,0.6423698384097769,0.0732663324003626
HR-3-15-26-(03).csv,356.8614959716797,0.05,0.0,False,0.6252645878449312,0.0803862190353645
HR-3-15-26-(03).csv,356.9618225097656,0.05,0.0,False,0.625227133095952,0.0768044839426978
HR-3-15-26-(03).csv,357.06214904785156,0.05,0.0,False,0.670813639075813,0.1147436343930503
HR-3-15-26-(03).csv,357.1624755859375,0.05,0.0,False,0.6438386631697666,0.1416094960020729
HR-3-15-26-(03).csv,357.26280212402344,0.05,0.0,False,0.5765371951657394,0.1328693532771361
HR-3-15-26-(03).csv,357.3631286621094,0.05,0.0,False,0.5484178015657979,0.077040881499464
HR-3-15-26-(03).csv,357.4634552001953,0.05,0.0,False,0.5814644190031496,0.1472777801041739
HR-3-15-26-(03).csv,357.56378173828125,0.05,0.0,False,0.5977240505318087,0.3844633261601116
HR-3-15-26-(03).csv,357.6641082763672,0.05,0.0,False,0.6455422046095123,0.1707650819688301
HR-3-15-26-(03).csv,357.7644348144531,0.05,0.0,False,0.5780681100117714,0.0346348073145485
HR-3-15-26-(03).csv,357.86476135253906,0.05,0.0,False,0.4934875640416658,0.0181900417933821
HR-3-15-26-(03).csv,357.965087890625,0.05,0.0,False,0.4934226752805726,0.0757896397449705
HR-3-15-26-(03).csv,358.06541442871094,0.05,0.0,False,0.4123965091856943,0.1277602113800865
HR-3-15-26-(03).csv,358.1657409667969,0.05,0.0,False,0.3607462345365664,0.2002329053723655
HR-3-15-26-(03).csv,358.2660675048828,0.05,0.0,False,0.3396797476003153,0.2008105382174722
HR-3-15-26-(03).csv,358.36639404296875,0.05,0.0,False,0.3332860056329892,0.2045015385190139
HR-3-15-26-(03).csv,358.4667205810547,0.05,0.0,False,0.321804756865283,0.1771240243292706
HR-3-15-26-(03).csv,358.5670471191406,0.05,0.0,False,0.3301477775883696,0.1918454246766069
HR-3-15-26-(03).csv,358.66737365722656,0.05,0.0,False,0.332502446655463,0.2213168977618934
HR-3-15-26-(03).csv,358.7677001953125,0.05,0.0,False,0.3225281726988467,0.1787209527678548
HR-3-15-26-(03).csv,358.86802673339844,0.05,0.0,False,0.3277241321999189,0.1887206952914968
HR-3-15-26-(03).csv,358.9683532714844,0.05,0.0,False,0.339759360902064,0.2392077893218361
HR-3-15-26-(03).csv,359.0686798095703,0.05,0.0,False,0.3574899329142927,0.2157864247393446
HR-3-15-26-(03).csv,359.16900634765625,0.05,0.0,False,0.3421741102756611,0.1866225092476953
HR-3-15-26-(03).csv,359.2693328857422,0.05,0.0,False,0.3539598494297438,0.1898706797663547
HR-3-15-26-(03).csv,359.3696594238281,0.05,0.0,False,0.3286690984111603,0.1899907348539295
HR-3-15-26-(03).csv,359.46998596191406,0.05,0.0,False,0.3301624653932663,0.2077107772336681
HR-3-15-26-(03).csv,359.5703125,0.05,0.0,False,0.3252642439388084,0.1946108893191968
HR-3-15-26-(03).csv,359.67063903808594,0.05,0.0,False,0.3292852390428794,0.2255623595128317
HR-3-15-26-(03).csv,359.7709655761719,0.05,0.0,False,0.3224023308756958,0.1905857698769485
HR-3-15-26-(03).csv,359.8712921142578,0.05,0.0,False,0.3343403249551617,0.1830174365801624
HR-3-15-26-(03).csv,359.97161865234375,0.05,0.0,False,0.3400324305825541,0.2005524993340874
HR-3-15-26-(03).csv,360.0719451904297,0.05,0.0,False,0.3425560541888577,0.1724252345781494
HR-3-15-26-(03).csv,360.1722717285156,0.05,0.0,False,0.3197415915949235,0.173811154178641
HR-3-15-26-(03).csv,360.27259826660156,0.05,0.0,False,0.3322385152061073,0.1997925757517593
HR-3-15-26-(03).csv,360.3729248046875,0.05,0.0,False,0.3282985477014896,0.1940727764670864
HR-3-15-26-(03).csv,360.47325134277344,0.05,0.0,False,0.3275370686424859,0.1719211366266158
HR-3-15-26-(03).csv,360.5735778808594,0.05,0.0,False,0.3209319913082757,0.1612104935218387
HR-3-15-26-(03).csv,360.6739044189453,0.05,0.0,False,0.3248835422473364,0.1660027940381647
HR-3-15-26-(03).csv,360.7742309570313,0.05,0.0,False,0.3119054127075117,0.1643179492332571
HR-3-15-26-(03).csv,360.8745574951172,0.05,0.0,False,0.2996825525244226,0.1562702610094135
HR-3-15-26-(03).csv,360.9748840332031,0.05,0.0,False,0.322450712437529,0.1759484996788938
HR-3-15-26-(03).csv,361.07521057128906,0.05,0.0,False,0.3292979854469174,0.1713107392534132
HR-3-15-26-(03).csv,361.175537109375,0.05,0.0,False,0.3330533450512704,0.1829689283539599
HR-3-15-26-(03).csv,361.27586364746094,0.05,0.0,False,0.3474775107968936,0.183581897956309
HR-3-15-26-(03).csv,361.3761901855469,0.05,0.0,False,0.3306200817203821,0.1865006584539708
HR-3-15-26-(03).csv,361.4765167236328,0.05,0.0,False,0.3157799935594808,0.1976718362153818
HR-3-15-26-(03).csv,361.5768432617187,0.05,0.0,False,0.3162764415204101,0.2321785669290749
HR-3-15-26-(03).csv,361.6771697998047,0.05,0.0,False,0.3339946086588147,0.2035827764890476
HR-3-15-26-(03).csv,361.7774963378906,0.05,0.0,False,0.3380554252623179,0.1779280280670675
HR-3-15-26-(03).csv,361.87782287597656,0.05,0.0,False,0.3381427462395836,0.190950217803714
HR-3-15-26-(03).csv,361.9781494140625,0.05,0.0,False,0.3424334244549496,0.2158252602509246
HR-3-15-26-(03).csv,362.0784759521485,0.05,0.0,False,0.3405011160003627,0.2047741620603907
HR-3-15-26-(03).csv,362.1788024902344,0.05,0.0,False,0.3257886409909789,0.1879726758359519
HR-3-15-26-(03).csv,362.2791290283203,0.05,0.0,False,0.3237978277033576,0.17464104842078
HR-3-15-26-(03).csv,362.37945556640625,0.05,0.0,False,0.3280527776884051,0.1479608482512573
HR-3-15-26-(03).csv,362.4797821044922,0.05,0.0,False,0.3348425545917289,0.1435104519663846
HR-3-15-26-(03).csv,362.5801086425781,0.05,0.0,False,0.3069501967841714,0.1654298302864338
HR-3-15-26-(03).csv,362.68043518066406,0.05,0.0,False,0.3143564004868474,0.2099086171187047
HR-3-15-26-(03).csv,362.78076171875,0.05,0.0,False,0.3191182116640747,0.1796725116780342
HR-3-15-26-(03).csv,362.88108825683594,0.05,0.0,False,0.3066306891097579,0.1559921524764806
HR-3-15-26-(03).csv,362.9814147949219,0.05,0.0,False,0.3041108290545867,0.1583979336271024
HR-3-15-26-(03).csv,363.0817413330078,0.05,0.0,False,0.310219680238787,0.1477497665050125
HR-3-15-26-(03).csv,363.18206787109375,0.05,0.0,False,0.3008512291263191,0.1399302149266164
HR-3-15-26-(03).csv,363.2823944091797,0.05,0.0,False,0.3001432227312436,0.1504354642457159
HR-3-15-26-(03).csv,363.3827209472656,0.05,0.0,False,0.3096286338713392,0.1396901396295075
HR-3-15-26-(03).csv,363.4830474853515,0.05,0.0,False,0.317477967225706,0.118710884315762
HR-3-15-26-(03).csv,363.5833740234375,0.05,0.0,False,0.3205720461674468,0.1140644026693071
HR-3-15-26-(03).csv,363.68370056152344,0.05,0.0,False,0.2906400892950365,0.1486992955591413
HR-3-15-26-(03).csv,363.7840270996094,0.05,0.0,False,0.2969294056305008,0.1299319501575671
HR-3-15-26-(03).csv,363.8843536376953,0.05,0.0,False,0.2806182696414989,0.0987653192202781
HR-3-15-26-(03).csv,363.9846801757813,0.05,0.0,False,0.2858509478449257,0.1249178244964855
HR-3-15-26-(03).csv,364.0850067138672,0.05,0.0,False,0.3264382672909074,0.2138181828385394
HR-3-15-26-(03).csv,364.1853332519531,0.05,0.0,False,0.370164899502245,0.2104436019148835
HR-3-15-26-(03).csv,364.28565979003906,0.05,0.0,False,0.3285078242608119,0.1413249971159197
HR-3-15-26-(03).csv,364.385986328125,0.05,0.0,False,0.3546147255807058,0.1717437723954126
HR-3-15-26-(03).csv,364.48631286621094,0.05,0.0,False,0.3465876190428372,0.167813790665598
HR-3-15-26-(03).csv,364.5866394042969,0.05,0.0,False,0.3393875524475801,0.1622761700740494
HR-3-15-26-(03).csv,364.6869659423828,0.05,0.0,False,0.3527973386918658,0.1614698867443943
HR-3-15-26-(03).csv,364.7872924804687,0.05,0.0,False,0.3551134598066704,0.1535900938522373
HR-3-15-26-(03).csv,364.8876190185547,0.05,0.0,False,0.3335303366587664,0.1774423667573478
HR-3-15-26-(03).csv,364.9879455566406,0.05,0.0,False,0.342384582540264,0.1832227482888008
HR-3-15-26-(03).csv,365.08827209472656,0.05,0.0,False,0.3521880775238879,0.1796037143642592
HR-3-15-26-(03).csv,365.1885986328125,0.05,0.0,False,0.3650972528828862,0.2028812287987327
HR-3-15-26-(03).csv,365.2889251708984,0.05,0.0,False,0.3551389645747731,0.1609249553251478
HR-3-15-26-(03).csv,365.3892517089844,0.05,0.0,False,0.3411653920715642,0.1275994109894982
HR-3-15-26-(03).csv,365.4895782470703,0.05,0.0,False,0.3192523703523169,0.1548671654234686
HR-3-15-26-(03).csv,365.58990478515625,0.05,0.0,False,0.3338587325601573,0.1672278846679587
HR-3-15-26-(03).csv,365.6902313232422,0.05,0.0,False,0.3476235348790879,0.1626555200447118
HR-3-15-26-(03).csv,365.7905578613281,0.05,0.0,False,0.3187168514642304,0.1685264199483978
HR-3-15-26-(03).csv,365.89088439941406,0.05,0.0,False,0.3309628611995553,0.1807426473164363
HR-3-15-26-(03).csv,365.9912109375,0.05,0.0,False,0.3110450311764382,0.1337873419405511
HR-3-15-26-(03).csv,366.09153747558594,0.05,0.0,False,0.3277788196319171,0.1337845138896199
HR-3-15-26-(03).csv,366.1918640136719,0.05,0.0,False,0.3177479308029712,0.1661840859466907
HR-3-15-26-(03).csv,366.2921905517578,0.05,0.0,False,0.3222498513755257,0.1658521385970031
HR-3-15-26-(03).csv,366.39251708984375,0.05,0.0,False,0.341903118491016,0.1868548954708864
HR-3-15-26-(03).csv,366.4928436279297,0.05,0.0,False,0.3397131989821241,0.2193847022632436
HR-3-15-26-(03).csv,366.5931701660156,0.05,0.0,False,0.3461605286065188,0.2086009568678865
HR-3-15-26-(03).csv,366.6934967041016,0.05,0.0,False,0.3241937477716392,0.1706772776687976
HR-3-15-26-(03).csv,366.7938232421875,0.05,0.0,False,0.323630379520775,0.1184191143477973
HR-3-15-26-(03).csv,366.89414978027344,0.05,0.0,False,0.3513294713090932,0.1288011565623837
HR-3-15-26-(03).csv,366.9944763183594,0.05,0.0,False,0.314419077045464,0.1242308448403222
HR-3-15-26-(03).csv,367.0948028564453,0.05,0.0,False,0.3482570767800554,0.1535618246897762
HR-3-15-26-(03).csv,367.1951293945313,0.05,0.0,False,0.3306792967647206,0.161649273679884
HR-3-15-26-(03).csv,367.2954559326172,0.05,0.0,False,0.34273875888463,0.1842886585164959
HR-3-15-26-(03).csv,367.3957824707031,0.05,0.0,False,0.3421167085917161,0.1815885555335069
HR-3-15-26-(03).csv,367.49610900878906,0.05,0.0,False,0.3520733163234861,0.215293138034682
HR-3-15-26-(03).csv,367.596435546875,0.05,0.0,False,0.336935700919231,0.1912659030040687
HR-3-15-26-(03).csv,367.69676208496094,0.05,0.0,False,0.3477032322659642,0.1526652340719151
HR-3-15-26-(03).csv,367.7970886230469,0.05,0.0,False,0.3332322670067007,0.1762003082759105
HR-3-15-26-(03).csv,367.8974151611328,0.05,0.0,False,0.3358044907760773,0.1884392187553067
HR-3-15-26-(03).csv,367.9977416992187,0.05,0.0,False,0.3395501336155064,0.2050995853459602
HR-3-15-26-(03).csv,368.0980682373047,0.05,0.0,False,0.3855451988142333,0.4453306401356801
HR-3-15-26-(03).csv,368.1983947753906,0.05,0.0,False,0.535889196009546,0.8894587899324605
HR-3-15-26-(03).csv,368.29872131347656,0.14675450244685634,0.9643959045410155,True,0.9100570809019684,0.9631799850264224
HR-3-15-26-(03).csv,368.3990478515625,0.2248879885417409,0.7787918090820312,False,0.9226359038572532,0.2086675072403674
HR-3-15-26-(03).csv,368.4993743896485,0.2844004582846537,0.5931877136230468,False,0.9557228681586032,0.0016897739134095
HR-3-15-26-(03).csv,368.5997009277344,0.32529191167559474,0.4075836181640624,False,0.9614708421643244,0.0003682106331213
HR-3-15-26-(03).csv,368.7000274658203,0.347562348714564,0.22197952270507804,False,0.6906742033375838,0.0003320762005984
HR-3-15-26-(03).csv,368.80035400390625,0.35121176940156146,0.03637542724609366,False,0.4550012651318359,0.0404925920194072
HR-3-15-26-(03).csv,368.9006805419922,0.33624017373658716,-0.1492286682128907,False,0.5068540410352464,0.3923595576487564
HR-3-15-26-(03).csv,369.0010070800781,0.3026475617196411,-0.3348327636718751,False,0.6821064323861564,0.9004187294548838
HR-3-15-26-(03).csv,369.10133361816406,0.39940206416649743,0.9643959045410155,True,0.9365620772323842,0.792753406513608
HR-3-15-26-(03).csv,369.20166015625,0.477535550261382,0.7787918090820312,False,0.9555798273211628,0.0003964887086018
HR-3-15-26-(03).csv,369.30198669433594,0.5370480200042947,0.5931877136230468,False,0.7583505341190129,1.93004573834147e-05
HR-3-15-26-(03).csv,369.4023132324219,0.5779394733952358,0.4075836181640624,False,0.4812331757872199,0.00200664403395
HR-3-15-26-(03).csv,369.5026397705078,0.600209910434205,0.22197952270507804,False,0.4635539699155698,0.2117268703264698
HR-3-15-26-(03).csv,369.60296630859375,0.6038593311212025,0.03637542724609366,False,0.5899217166243265,0.8789314525172981
HR-3-15-26-(03).csv,369.7032928466797,0.7006138335680588,0.9643959045410155,True,0.8272280313268617,0.8381493573831705
HR-3-15-26-(03).csv,369.8036193847656,0.7787473196629434,0.7787918090820312,False,0.8938816374360601,0.0034171970769724
HR-3-15-26-(03).csv,369.9039459228515,0.8382597894058562,0.5931877136230468,False,0.8233325334995756,0.000303180435929
HR-3-15-26-(03).csv,370.0042724609375,0.8791512427967972,0.4075836181640624,False,0.4263078765132995,0.0063831529219702
HR-3-15-26-(03).csv,370.10459899902344,0.9014216798357665,0.22197952270507804,False,0.4402169088709663,0.1843575333031653
HR-3-15-26-(03).csv,370.2049255371094,0.905071100522764,0.03637542724609366,False,0.5297759979139851,0.7304473565051259
HR-3-15-26-(03).csv,370.3052520751953,0.95,0.0,True,0.8010210509187328,0.925607373220904
HR-3-15-26-(03).csv,370.4055786132813,0.9313789836480282,-0.18560409545898438,False,0.8681913408103645,0.1084845825009114
HR-3-15-26-(03).csv,370.5059051513672,0.8941369509440846,-0.37120819091796875,False,0.8943146617680552,0.00139652614356
HR-3-15-26-(03).csv,370.6062316894531,0.8382739018881693,-0.5568122863769531,False,0.7685874635945381,0.0007480133467991
HR-3-15-26-(03).csv,370.70655822753906,0.7637898364802822,-0.7424163818359375,False,0.4090482536498573,0.0251792223051901
HR-3-15-26-(03).csv,370.806884765625,0.6706847547204233,-0.9280204772949219,False,0.5027260015732977,0.6940300254608737
HR-3-15-26-(03).csv,370.90721130371094,0.5589586566085927,-1.1136245727539062,False,0.701605033969116,0.8375973379032684
HR-3-15-26-(03).csv,371.0075378417969,0.655713159055449,0.9643959045410155,True,0.8642517722993854,0.401548232986816
HR-3-15-26-(03).csv,371.1078643798828,0.7338466451503336,0.7787918090820312,False,0.870586759861991,0.0203334906554129
HR-3-15-26-(03).csv,371.2081909179687,0.7933591148932464,0.5931877136230468,False,0.7705893053248655,0.0023123978065954
HR-3-15-26-(03).csv,371.3085174560547,0.8342505682841874,0.4075836181640624,False,0.5340936393429306,0.01938062801359
HR-3-15-26-(03).csv,371.4088439941406,0.8565210053231567,0.22197952270507804,False,0.472204207546081,0.3948482083103866
HR-3-15-26-(03).csv,371.50917053222656,0.8601704260101541,0.03637542724609366,False,0.6800200638435261,0.8465190361410282
HR-3-15-26-(03).csv,371.6094970703125,0.95,0.0,True,0.8819386433956108,0.5585006656582779
HR-3-15-26-(03).csv,371.7098236083984,0.9313789836480282,-0.18560409545898438,False,0.8661980188563188,0.0035579255807584
HR-3-15-26-(03).csv,371.8101501464844,0.8941369509440846,-0.37120819091796875,False,0.6442366469211789,0.0006219977666726
HR-3-15-26-(03).csv,371.9104766845703,0.8382739018881693,-0.5568122863769531,False,0.4788572108333694,0.0467662907815144
HR-3-15-26-(03).csv,372.01080322265625,0.7637898364802822,-0.7424163818359375,False,0.5474275170764175,0.406559087654498
HR-3-15-26-(03).csv,372.1111297607422,0.6706847547204233,-0.9280204772949219,False,0.5682255142764122,0.662435095665561
HR-3-15-26-(03).csv,372.2114562988281,0.7674392571672797,0.9643959045410155,True,0.8099349604725208,0.2056636287121077
HR-3-15-26-(03).csv,372.31178283691406,0.8455727432621643,0.7787918090820312,False,0.782463592014042,0.0066616806533887
HR-3-15-26-(03).csv,372.412109375,0.905085213005077,0.5931877136230468,False,0.7129674420922747,0.0035349053035384
HR-3-15-26-(03).csv,372.51243591308594,0.9459766663960181,0.4075836181640624,False,0.6344226711540187,0.0239399483461513
HR-3-15-26-(03).csv,372.6127624511719,0.95,0.0,False,0.4571004097674001,0.2818192945785324
HR-3-15-26-(03).csv,372.7130889892578,0.9313789836480282,-0.18560409545898438,False,0.6527903539525053,0.8771494761814821
HR-3-15-26-(03).csv,372.81341552734375,0.95,0.0,True,0.8313522013129232,0.6223499779269951
HR-3-15-26-(03).csv,372.9137420654297,0.9313789836480282,-0.18560409545898438,False,0.8643435241251158,0.0033752006766635
HR-3-15-26-(03).csv,373.0140686035156,0.8941369509440846,-0.37120819091796875,False,0.7263071968895874,0.0011415808755921
HR-3-15-26-(03).csv,373.1143951416016,0.8382739018881693,-0.5568122863769531,False,0.4855652136583281,0.0243147647303633
HR-3-15-26-(03).csv,373.2147216796875,0.7637898364802822,-0.7424163818359375,False,0.5178756542276736,0.3878361321382502
HR-3-15-26-(03).csv,373.31504821777344,0.6706847547204233,-0.9280204772949219,False,0.7489778660944169,0.9063646067991868
HR-3-15-26-(03).csv,373.4153747558594,0.7674392571672797,0.9643959045410155,True,0.8273414661788638,0.1097987970776469
HR-3-15-26-(03).csv,373.5157012939453,0.8455727432621643,0.7787918090820312,False,0.7458277810628998,0.0019358257052345
HR-3-15-26-(03).csv,373.6160278320313,0.905085213005077,0.5931877136230468,False,0.6857699237503303,0.0024408645755019
HR-3-15-26-(03).csv,373.7163543701172,0.9459766663960181,0.4075836181640624,False,0.4142604565116942,0.0744288099883098
HR-3-15-26-(03).csv,373.8166809082031,0.95,0.0,False,0.5399183703079077,0.6311862519201128
HR-3-15-26-(03).csv,373.91700744628906,0.9313789836480282,-0.18560409545898438,False,0.7964458039889045,0.7628175277935785
HR-3-15-26-(03).csv,374.017333984375,0.95,0.0,True,0.8475323746889779,0.0180087076651511
HR-3-15-26-(03).csv,374.11766052246094,0.9313789836480282,-0.18560409545898438,False,0.7995579347196391,0.0011518195894118
HR-3-15-26-(03).csv,374.2179870605469,0.8941369509440846,-0.37120819091796875,False,0.5667526857673334,0.0022586600286618
HR-3-15-26-(03).csv,374.3183135986328,0.8382739018881693,-0.5568122863769531,False,0.4544223879792781,0.1032717617973942
HR-3-15-26-(03).csv,374.4186401367187,0.7637898364802822,-0.7424163818359375,False,0.5486970643315718,0.7367692178487839
HR-3-15-26-(03).csv,374.5189666748047,0.6706847547204233,-0.9280204772949219,False,0.7430651627652738,0.8516299687465162
HR-3-15-26-(03).csv,374.6192932128906,0.7674392571672797,0.9643959045410155,True,0.8436049929433929,0.027989325977559
HR-3-15-26-(03).csv,374.71961975097656,0.8455727432621643,0.7787918090820312,False,0.8072749922632039,0.0011867476773605
HR-3-15-26-(03).csv,374.8199462890625,0.905085213005077,0.5931877136230468,False,0.4677354870274209,0.0100693717295104
HR-3-15-26-(03).csv,374.9202728271485,0.9459766663960181,0.4075836181640624,False,0.5387241212864962,0.2143874744073991
HR-3-15-26-(03).csv,375.0205993652344,0.95,0.0,False,0.5666705727047243,0.6797453614614506
HR-3-15-26-(03).csv,375.1209259033203,0.95,0.0,True,0.8014387303070821,0.5943646078531271
HR-3-15-26-(03).csv,375.22125244140625,0.9313789836480282,-0.18560409545898438,False,0.8367398715654114,0.0226242785597268
HR-3-15-26-(03).csv,375.3215789794922,0.8941369509440846,-0.37120819091796875,False,0.6998524496272237,0.0041131317016583
HR-3-15-26-(03).csv,375.4219055175781,0.8382739018881693,-0.5568122863769531,False,0.4960743737813944,0.0472395204727576
HR-3-15-26-(03).csv,375.52223205566406,0.7637898364802822,-0.7424163818359375,False,0.4865494223205978,0.3801071215653956
HR-3-15-26-(03).csv,375.62255859375,0.6706847547204233,-0.9280204772949219,False,0.5964361227118147,0.6425626964026747
HR-3-15-26-(03).csv,375.72288513183594,0.5589586566085927,-1.1136245727539062,False,0.7193817417246883,0.4714353918530178
HR-3-15-26-(03).csv,375.8232116699219,0.42861154214479025,-1.2992286682128906,False,0.7773564403220883,0.0324186672395965
HR-3-15-26-(03).csv,375.9235382080078,0.27964341132901605,-1.484832763671875,False,0.701333738799252,0.0079097393769477
HR-3-15-26-(03).csv,376.02386474609375,0.11205426416127007,-1.6704368591308594,False,0.4446942542584725,0.0982168801738694
HR-3-15-26-(03).csv,376.1241912841797,0.05,0.0,False,0.6356495970611151,0.8660542516141876
HR-3-15-26-(03).csv,376.2245178222656,0.14675450244685634,0.9643959045410155,True,0.8716935301859872,0.3302855246781708
HR-3-15-26-(03).csv,376.3248443603515,0.2248879885417409,0.7787918090820312,False,0.8715946467308513,0.0013389711074553
HR-3-15-26-(03).csv,376.4251708984375,0.2844004582846537,0.5931877136230468,False,0.6808971957871468,0.0005391431564285
HR-3-15-26-(03).csv,376.52549743652344,0.32529191167559474,0.4075836181640624,False,0.480789868715507,0.0231133396520552
HR-3-15-26-(03).csv,376.6258239746094,0.347562348714564,0.22197952270507804,False,0.5059408772814724,0.2544927377906288
HR-3-15-26-(03).csv,376.7261505126953,0.35121176940156146,0.03637542724609366,False,0.5881711729875048,0.5763113112396183
HR-3-15-26-(03).csv,376.8264770507813,0.33624017373658716,-0.1492286682128907,False,0.6564636603242511,0.4973219359181293
HR-3-15-26-(03).csv,376.9268035888672,0.3026475617196411,-0.3348327636718751,False,0.7335511616462129,0.0176817314825899
HR-3-15-26-(03).csv,377.0271301269531,0.2504339333507232,-0.5204368591308595,False,0.6261689845242382,0.004125741371022
HR-3-15-26-(03).csv,377.12745666503906,0.1795992886298336,-0.7060409545898438,False,0.4234898366207976,0.028041578467858
HR-3-15-26-(03).csv,377.227783203125,0.09014362755697218,-0.8916450500488282,False,0.4211780869606443,0.1891478775548945
HR-3-15-26-(03).csv,377.32810974121094,0.05,0.0,False,0.3881046293136878,0.1771410157446797
HR-3-15-26-(03).csv,377.4284362792969,0.05,0.0,False,0.3970038128445646,0.2027356376835015
HR-3-15-26-(03).csv,377.5287628173828,0.05,0.0,False,0.4052946727991273,0.2405939843447897
HR-3-15-26-(03).csv,377.6290893554687,0.05,0.0,False,0.4223684769574404,0.2230586953180975
HR-3-15-26-(03).csv,377.7294158935547,0.05,0.0,False,0.4163897747632247,0.2117919948091572
HR-3-15-26-(03).csv,377.8297424316406,0.05,0.0,False,0.3816592412448961,0.1834897923336713
HR-3-15-26-(03).csv,377.93006896972656,0.05,0.0,False,0.35683773503599,0.168584331309777
HR-3-15-26-(03).csv,378.0303955078125,0.05,0.0,False,0.3719277134463089,0.2069159440628487
HR-3-15-26-(03).csv,378.1307220458984,0.05,0.0,False,0.3814371811593579,0.2312871379921879
HR-3-15-26-(03).csv,378.2310485839844,0.05,0.0,False,0.3611590774247117,0.1900248902336952
HR-3-15-26-(03).csv,378.3313751220703,0.05,0.0,False,0.3783261649671717,0.1933951569045662
HR-3-15-26-(03).csv,378.43170166015625,0.05,0.0,False,0.3515982463447857,0.2081083185346924
HR-3-15-26-(03).csv,378.5320281982422,0.05,0.0,False,0.3448260010740325,0.1980762232897781
HR-3-15-26-(03).csv,378.6323547363281,0.05,0.0,False,0.3627397425506249,0.2271351905893525
HR-3-15-26-(03).csv,378.73268127441406,0.05,0.0,False,0.3583106942738259,0.1951188832031934
HR-3-15-26-(03).csv,378.8330078125,0.05,0.0,False,0.343118041840234,0.1495174807177882
HR-3-15-26-(03).csv,378.93333435058594,0.05,0.0,False,0.3314255930801582,0.1443420616061363
HR-3-15-26-(03).csv,379.0336608886719,0.05,0.0,False,0.2875872900363276,0.1249939880651301
HR-3-15-26-(03).csv,379.1339874267578,0.05,0.0,False,0.3064601815341451,0.1435295478294743
HR-3-15-26-(03).csv,379.23431396484375,0.05,0.0,False,0.3025921045350336,0.1467192933134771
HR-3-15-26-(03).csv,379.3346405029297,0.05,0.0,False,0.3154244353128272,0.1538062518708865
HR-3-15-26-(03).csv,379.4349670410156,0.05,0.0,False,0.3125930511589194,0.1385220574615611
HR-3-15-26-(03).csv,379.5352935791016,0.05,0.0,False,0.2971347442520127,0.1466570627094529
HR-3-15-26-(03).csv,379.6356201171875,0.05,0.0,False,0.315964161815492,0.1720939280595
HR-3-15-26-(03).csv,379.73594665527344,0.05,0.0,False,0.3554316256444989,0.2115714884950189
HR-3-15-26-(03).csv,379.8362731933594,0.05,0.0,False,0.3788515971693919,0.2741853987894562
HR-3-15-26-(03).csv,379.9365997314453,0.05,0.0,False,0.3755271036042382,0.2423562910952293
HR-3-15-26-(03).csv,380.0369262695313,0.05,0.0,False,0.4010645325053118,0.2106026165872008
HR-3-15-26-(03).csv,380.1372528076172,0.05,0.0,False,0.3577999698390862,0.1888347651408505
HR-3-15-26-(03).csv,380.2375793457031,0.05,0.0,False,0.3695822109580858,0.1986879810950934
HR-3-15-26-(03).csv,380.33790588378906,0.05,0.0,False,0.3805802068102136,0.2011823830760089
HR-3-15-26-(03).csv,380.438232421875,0.05,0.0,False,0.3759051977176709,0.1872921129399951
HR-3-15-26-(03).csv,380.53855895996094,0.05,0.0,False,0.377215150840922,0.1789887271050333
HR-3-15-26-(03).csv,380.6388854980469,0.05,0.0,False,0.3713335511336204,0.1936059447993504
HR-3-15-26-(03).csv,380.7392120361328,0.05,0.0,False,0.3701190196476568,0.199706513367618
HR-3-15-26-(03).csv,380.8395385742187,0.05,0.0,False,0.3573018693676754,0.2181083186826763
HR-3-15-26-(03).csv,380.9398651123047,0.05,0.0,False,0.3799736253733135,0.1880288768294313
HR-3-15-26-(03).csv,381.0401916503906,0.05,0.0,False,0.3879065039135844,0.1819506211400125
HR-3-15-26-(03).csv,381.14051818847656,0.05,0.0,False,0.3609053896007642,0.1842981688798358
HR-3-15-26-(03).csv,381.2408447265625,0.05,0.0,False,0.3812940639322334,0.2155242166775947
HR-3-15-26-(03).csv,381.3411712646485,0.05,0.0,False,0.3603296864392264,0.2176730532347603
HR-3-15-26-(03).csv,381.4414978027344,0.05,0.0,False,0.3823834120665378,0.2138107955565777
HR-3-15-26-(03).csv,381.5418243408203,0.05,0.0,False,0.3684940098775233,0.206521679602418
HR-3-15-26-(03).csv,381.64215087890625,0.05,0.0,False,0.3387579890495203,0.1754851063393506
HR-3-15-26-(03).csv,381.7424774169922,0.05,0.0,False,0.3223265616225323,0.1529538453405398
HR-3-15-26-(03).csv,381.8428039550781,0.05,0.0,False,0.3425222614787915,0.1648283788509494
HR-3-15-26-(03).csv,381.94313049316406,0.05,0.0,False,0.3377995549723683,0.1601597243605695
HR-3-15-26-(03).csv,382.04345703125,0.05,0.0,False,0.3492430758216437,0.1829803801770653
HR-3-15-26-(03).csv,382.14378356933594,0.05,0.0,False,0.3692831142034621,0.2640516269947342
HR-3-15-26-(03).csv,382.2441101074219,0.05,0.0,False,0.4230953907726587,0.2915998087567555
HR-3-15-26-(03).csv,382.3444366455078,0.05,0.0,False,0.4536342646079561,0.2064207758763659
HR-3-15-26-(03).csv,382.44476318359375,0.05,0.0,False,0.4048428741300576,0.1581889158393827
HR-3-15-26-(03).csv,382.5450897216797,0.05,0.0,False,0.3308235121331816,0.1548317089087779
HR-3-15-26-(03).csv,382.6454162597656,0.05,0.0,False,0.3716080869026795,0.2115954755354807
HR-3-15-26-(03).csv,382.7457427978515,0.05,0.0,False,0.3355500754795344,0.1961415653213913
HR-3-15-26-(03).csv,382.8460693359375,0.05,0.0,False,0.3642629505454037,0.1931190113063181
HR-3-15-26-(03).csv,382.94639587402344,0.05,0.0,False,0.3524280788470967,0.1738632808000128
HR-3-15-26-(03).csv,383.0467224121094,0.05,0.0,False,0.3588394311442758,0.1802484375921899
HR-3-15-26-(03).csv,383.1470489501953,0.05,0.0,False,0.3946631379846742,0.2594326707430491
HR-3-15-26-(03).csv,383.2473754882813,0.05,0.0,False,0.3727708176313538,0.1607815161910109
HR-3-15-26-(03).csv,383.3477020263672,0.05,0.0,False,0.3654245302027183,0.117874406379983
HR-3-15-26-(03).csv,383.4480285644531,0.05,0.0,False,0.3077359210730396,0.1277837188170218
HR-3-15-26-(03).csv,383.54835510253906,0.05,0.0,False,0.3075430908210405,0.1487809158757131
HR-3-15-26-(03).csv,383.648681640625,0.05,0.0,False,0.2979589563023516,0.1565790560957833
HR-3-15-26-(03).csv,383.74900817871094,0.05,0.0,False,0.2997251286232874,0.1474464387573772
HR-3-15-26-(03).csv,383.8493347167969,0.05,0.0,False,0.3004670296481787,0.1695611793709081
HR-3-15-26-(03).csv,383.9496612548828,0.05,0.0,False,0.3164239370868105,0.2082821034150906
HR-3-15-26-(03).csv,384.0499877929687,0.05,0.0,False,0.3048142696438741,0.1582236384899352
HR-3-15-26-(03).csv,384.1503143310547,0.05,0.0,False,0.3338199393720268,0.1472633115473204
HR-3-15-26-(03).csv,384.2506408691406,0.05,0.0,False,0.3304853844648694,0.1037700972052836
HR-3-15-26-(03).csv,384.35096740722656,0.05,0.0,False,0.3119813156248132,0.1020046530360994
HR-3-15-26-(03).csv,384.4512939453125,0.05,0.0,False,0.3285848410724612,0.1359971254524957
HR-3-15-26-(03).csv,384.5516204833984,0.05,0.0,False,0.2885150808355972,0.1212647144407887
HR-3-15-26-(03).csv,384.6519470214844,0.05,0.0,False,0.2813112975798019,0.1079961995210616
HR-3-15-26-(03).csv,384.7522735595703,0.05,0.0,False,0.3144903476692897,0.1226150458806329
HR-3-15-26-(03).csv,384.85260009765625,0.05,0.0,False,0.3242710628421666,0.1198549031130364
HR-3-15-26-(03).csv,384.9529266357422,0.05,0.0,False,0.3056364584615028,0.1233028995535225
HR-3-15-26-(03).csv,385.0532531738281,0.05,0.0,False,0.3359205324543726,0.1494391288932162
HR-3-15-26-(03).csv,385.15357971191406,0.05,0.0,False,0.3258954481527211,0.1332007786420541
HR-3-15-26-(03).csv,385.25390625,0.05,0.0,False,0.3189220432297409,0.1188280153469091
HR-3-15-26-(03).csv,385.35423278808594,0.05,0.0,False,0.3203902969159853,0.1454005342950817
HR-3-15-26-(03).csv,385.4545593261719,0.05,0.0,False,0.3148557890771675,0.1673586093974063
HR-3-15-26-(03).csv,385.5548858642578,0.05,0.0,False,0.324739452469296,0.1661636602374449
HR-3-15-26-(03).csv,385.65521240234375,0.05,0.0,False,0.3228640002915857,0.1637375907197495
HR-3-15-26-(03).csv,385.7555389404297,0.05,0.0,False,0.3391145373910245,0.1898608658719662
HR-3-15-26-(03).csv,385.8558654785156,0.05,0.0,False,0.3429369320916646,0.1907059410122998
HR-3-15-26-(03).csv,385.9561920166016,0.05,0.0,False,0.3613677089877581,0.2004322863359795
HR-3-15-26-(03).csv,386.0565185546875,0.05,0.0,False,0.3537119261371459,0.1692279527168761
HR-3-15-26-(03).csv,386.15684509277344,0.05,0.0,False,0.3601747209918028,0.1738021317308775
HR-3-15-26-(03).csv,386.2571716308594,0.05,0.0,False,0.3102156523058491,0.1373057682176331
HR-3-15-26-(03).csv,386.3574981689453,0.05,0.0,False,0.34174375260382,0.1762783030127639
HR-3-15-26-(03).csv,386.4578247070313,0.05,0.0,False,0.3317522335234102,0.1991177368992902
HR-3-15-26-(03).csv,386.5581512451172,0.05,0.0,False,0.3409479165343192,0.1893335670301908
HR-3-15-26-(03).csv,386.6584777832031,0.05,0.0,False,0.3470443095605953,0.1938321448156174
HR-3-15-26-(03).csv,386.75880432128906,0.05,0.0,False,0.3458236341225232,0.1469841251750485
HR-3-15-26-(03).csv,386.859130859375,0.05,0.0,False,0.3202846459066909,0.1329780434253999
HR-3-15-26-(03).csv,386.95945739746094,0.05,0.0,False,0.3445461402249175,0.2075483257693229
HR-3-15-26-(03).csv,387.0597839355469,0.05,0.0,False,0.3387798148642769,0.1806346928606047
HR-3-15-26-(03).csv,387.1601104736328,0.05,0.0,False,0.3401821434616238,0.1951445819039842
HR-3-15-26-(03).csv,387.2604370117187,0.05,0.0,False,0.3514464067313553,0.2505137895764971
HR-3-15-26-(03).csv,387.3607635498047,0.05,0.0,False,0.3659786720702339,0.1774125806853746
HR-3-15-26-(03).csv,387.4610900878906,0.05,0.0,False,0.3274524049954098,0.1230441535340392
HR-3-15-26-(03).csv,387.56141662597656,0.05,0.0,False,0.3380912151633842,0.1610300310794946
HR-3-15-26-(03).csv,387.6617431640625,0.05,0.0,False,0.3326715082921512,0.1705232216851015
HR-3-15-26-(03).csv,387.7620697021485,0.05,0.0,False,0.3514832463670608,0.1863014419712054
HR-3-15-26-(03).csv,387.8623962402344,0.05,0.0,False,0.3333784700679962,0.2009161698124597
HR-3-15-26-(03).csv,387.9627227783203,0.05,0.0,False,0.3556535516097654,0.2102739002767344
HR-3-15-26-(03).csv,388.06304931640625,0.05,0.0,False,0.3784702645635822,0.1992002291239218
HR-3-15-26-(03).csv,388.1633758544922,0.05,0.0,False,0.3474759948705391,0.1702517039417817
HR-3-15-26-(03).csv,388.2637023925781,0.05,0.0,False,0.3320540267107589,0.1804901343319208
HR-3-15-26-(03).csv,388.36402893066406,0.05,0.0,False,0.3361725525594393,0.1928218055112869
HR-3-15-26-(03).csv,388.46435546875,0.05,0.0,False,0.3138433257385317,0.1654675528447983
HR-3-15-26-(03).csv,388.56468200683594,0.05,0.0,False,0.3319566593671256,0.1752543733900851
HR-3-15-26-(03).csv,388.6650085449219,0.05,0.0,False,0.2999370841441486,0.163646786324191
HR-3-15-26-(03).csv,388.7653350830078,0.05,0.0,False,0.3321366277729055,0.2137373250407786
HR-3-15-26-(03).csv,388.86566162109375,0.05,0.0,False,0.3387050912923736,0.1907982178560539
HR-3-15-26-(03).csv,388.9659881591797,0.05,0.0,False,0.3350860839355842,0.1896046793027105
HR-3-15-26-(03).csv,389.0663146972656,0.05,0.0,False,0.3589587150700841,0.1902146987693974
HR-3-15-26-(03).csv,389.1666412353515,0.05,0.0,False,0.3431966996047831,0.1728892911485426
HR-3-15-26-(03).csv,389.2669677734375,0.05,0.0,False,0.3582610304090353,0.198027373757683
HR-3-15-26-(03).csv,389.36729431152344,0.05,0.0,False,0.3620318564636449,0.1941404900395934
HR-3-15-26-(03).csv,389.4676208496094,0.05,0.0,False,0.359611249028172,0.1661982471515204
HR-3-15-26-(03).csv,389.5679473876953,0.05,0.0,False,0.3585823938913365,0.159280478735683
HR-3-15-26-(03).csv,389.6682739257813,0.05,0.0,False,0.3591282425039243,0.2125942661861507
HR-3-15-26-(03).csv,389.7686004638672,0.05,0.0,False,0.3636515744692845,0.228031759230623
HR-3-15-26-(03).csv,389.8689270019531,0.05,0.0,False,0.3505386475383947,0.1858642302350508
HR-3-15-26-(03).csv,389.96925354003906,0.05,0.0,False,0.3535897884405899,0.1898677480907544
HR-3-15-26-(03).csv,390.069580078125,0.05,0.0,False,0.365618912527053,0.211975372881968
HR-3-15-26-(03).csv,390.16990661621094,0.05,0.0,False,0.3648326903497785,0.1944881894503564
HR-3-15-26-(03).csv,390.2702331542969,0.05,0.0,False,0.3429044490434053,0.1652086865494868
HR-3-15-26-(03).csv,390.3705596923828,0.05,0.0,False,0.3179591959000092,0.1792824935419187
HR-3-15-26-(03).csv,390.4708862304687,0.05,0.0,False,0.3127689865280662,0.1881593329985006
HR-3-15-26-(03).csv,390.5712127685547,0.05,0.0,False,0.3160865210096626,0.1668466812449712
HR-3-15-26-(03).csv,390.6715393066406,0.05,0.0,False,0.3596140391836896,0.1822947268712717
HR-3-15-26-(03).csv,390.77186584472656,0.05,0.0,False,0.3305780531782422,0.1649286779858263
HR-3-15-26-(03).csv,390.8721923828125,0.05,0.0,False,0.3433139469009288,0.1717822497166165
HR-3-15-26-(03).csv,390.9725189208984,0.05,0.0,False,0.3147610988416092,0.1432478379458446
HR-3-15-26-(03).csv,391.0728454589844,0.05,0.0,False,0.3188744376385699,0.1309155145750462
HR-3-15-26-(03).csv,391.1731719970703,0.05,0.0,False,0.3129109334986124,0.1488643486144527
HR-3-15-26-(03).csv,391.27349853515625,0.05,0.0,False,0.3386397367605464,0.2003056012921878
HR-3-15-26-(03).csv,391.3738250732422,0.05,0.0,False,0.3271454309145216,0.2012054889484175
HR-3-15-26-(03).csv,391.4741516113281,0.05,0.0,False,0.3542566566506244,0.2004650110233526
HR-3-15-26-(03).csv,391.57447814941406,0.05,0.0,False,0.3499780072429842,0.1556911595308908
HR-3-15-26-(03).csv,391.6748046875,0.05,0.0,False,0.3567199589685423,0.1776226214911263
HR-3-15-26-(03).csv,391.77513122558594,0.05,0.0,False,0.3563049853493782,0.1853187109039
HR-3-15-26-(03).csv,391.8754577636719,0.05,0.0,False,0.3463427400462208,0.1960625307204461
HR-3-15-26-(03).csv,391.9757843017578,0.05,0.0,False,0.344471562623924,0.23020710178065
HR-3-15-26-(03).csv,392.07611083984375,0.05,0.0,False,0.4093497468279051,0.7600262629754896
HR-3-15-26-(03).csv,392.1764373779297,0.05,0.0,False,0.7412843900803774,0.9253588688667076
HR-3-15-26-(03).csv,392.2767639160156,0.14675450244685634,0.9643959045410155,True,0.9191375898114312,0.1523284184297115
HR-3-15-26-(03).csv,392.3770904541016,0.2248879885417409,0.7787918090820312,False,0.9054262632117368,0.001784254323551
HR-3-15-26-(03).csv,392.4774169921875,0.2844004582846537,0.5931877136230468,False,0.8743020067584178,0.0009353486966178
HR-3-15-26-(03).csv,392.57774353027344,0.32529191167559474,0.4075836181640624,False,0.9029569444520336,0.0027644320921584
HR-3-15-26-(03).csv,392.6780700683594,0.347562348714564,0.22197952270507804,False,0.7944480535157362,0.1033205590686497
HR-3-15-26-(03).csv,392.7783966064453,0.35121176940156146,0.03637542724609366,False,0.9617703523659236,0.0324998491900094
HR-3-15-26-(03).csv,392.8787231445313,0.33624017373658716,-0.1492286682128907,False,0.976971991699688,0.000316431414344
HR-3-15-26-(03).csv,392.9790496826172,0.3026475617196411,-0.3348327636718751,False,0.9176766142335582,0.0010456690675633
HR-3-15-26-(03).csv,393.0793762207031,0.2504339333507232,-0.5204368591308595,False,0.8623575391543121,0.009037365975238
HR-3-15-26-(03).csv,393.17970275878906,0.1795992886298336,-0.7060409545898438,False,0.8352608621602072,0.0067574354292876
HR-3-15-26-(03).csv,393.280029296875,0.09014362755697218,-0.8916450500488282,False,0.8519695673919756,0.0115152074901405
HR-3-15-26-(03).csv,393.38035583496094,0.05,0.0,False,0.8026278104674724,0.0080117480756861
HR-3-15-26-(03).csv,393.4806823730469,0.05,0.0,False,0.8528075148152527,0.0160413494237602
HR-3-15-26-(03).csv,393.5810089111328,0.05,0.0,False,0.796326822792629,0.026320504466813
HR-3-15-26-(03).csv,393.6813354492187,0.05,0.0,False,0.7639698814469771,0.0216027281485077
HR-3-15-26-(03).csv,393.7816619873047,0.05,0.0,False,0.8070668767704401,0.0282552695562496
HR-3-15-26-(03).csv,393.8819885253906,0.05,0.0,False,0.8149851162189341,0.0838758687079427
HR-3-15-26-(03).csv,393.98231506347656,0.05,0.0,False,0.8865283724708388,0.0811345074948926
HR-3-15-26-(03).csv,394.0826416015625,0.05,0.0,False,0.8459816814737011,0.0602104408036595
HR-3-15-26-(03).csv,394.1829681396485,0.05,0.0,False,0.8981221778198077,0.0241520217657571
HR-3-15-26-(03).csv,394.2832946777344,0.05,0.0,False,0.913644195406239,0.0359785753893991
HR-3-15-26-(03).csv,394.3836212158203,0.05,0.0,False,0.8732534287973627,0.0119228105616106
HR-3-15-26-(03).csv,394.48394775390625,0.05,0.0,False,0.782959565196839,0.0059506604115779
HR-3-15-26-(03).csv,394.5842742919922,0.05,0.0,False,0.7962869438783305,0.0113235926619915
HR-3-15-26-(03).csv,394.6846008300781,0.05,0.0,False,0.7184225726725886,0.0192011539147201
HR-3-15-26-(03).csv,394.78492736816406,0.05,0.0,False,0.8009055231814355,0.0212606151506136
HR-3-15-26-(03).csv,394.88525390625,0.05,0.0,False,0.747549219635346,0.005910545707211
HR-3-15-26-(03).csv,394.98558044433594,0.05,0.0,False,0.6208875483398992,0.0038858758951814
HR-3-15-26-(03).csv,395.0859069824219,0.05,0.0,False,0.6787895261531645,0.0089008882975018
HR-3-15-26-(03).csv,395.1862335205078,0.05,0.0,False,0.5747287868997728,0.0707100207897239
HR-3-15-26-(03).csv,395.28656005859375,0.05,0.0,False,0.7821055521176383,0.0490934375466849
HR-3-15-26-(03).csv,395.3868865966797,0.05,0.0,False,0.8404924269877982,0.0024676649782727
HR-3-15-26-(03).csv,395.4872131347656,0.05,0.0,False,0.8159988994257354,0.008244799789016
HR-3-15-26-(03).csv,395.5875396728515,0.05,0.0,False,0.8654905755402792,0.0097145006810827
HR-3-15-26-(03).csv,395.6878662109375,0.05,0.0,False,0.7317719002407868,0.0046513737786023
HR-3-15-26-(03).csv,395.78819274902344,0.05,0.0,False,0.6466303420585571,0.018488767766744
HR-3-15-26-(03).csv,395.8885192871094,0.05,0.0,False,0.7620680075994484,0.0733422246601202
HR-3-15-26-(03).csv,395.9888458251953,0.05,0.0,False,0.788984988996297,0.0781736825660699
HR-3-15-26-(03).csv,396.0891723632813,0.05,0.0,False,0.8451306679995868,0.0602671406572636
HR-3-15-26-(03).csv,396.1894989013672,0.05,0.0,False,0.7084289892970737,0.0155682733940957
HR-3-15-26-(03).csv,396.2898254394531,0.05,0.0,False,0.7258657284192391,0.0200781013971493
HR-3-15-26-(03).csv,396.39015197753906,0.05,0.0,False,0.7576379149867369,0.0897376313254688
HR-3-15-26-(03).csv,396.490478515625,0.05,0.0,False,0.8251613637905089,0.0426517063363711
HR-3-15-26-(03).csv,396.59080505371094,0.05,0.0,False,0.7283157280516257,0.0325218751981805
HR-3-15-26-(03).csv,396.6911315917969,0.05,0.0,False,0.7725742847302411,0.094153759669005
HR-3-15-26-(03).csv,396.7914581298828,0.05,0.0,False,0.8302544139992525,0.0582482710339536
HR-3-15-26-(03).csv,396.8917846679687,0.05,0.0,False,0.7457513638908831,0.0058989543875337
HR-3-15-26-(03).csv,396.9921112060547,0.05,0.0,False,0.7685699713857248,0.0105563404201312
HR-3-15-26-(03).csv,397.0924377441406,0.05,0.0,False,0.6939463485576904,0.0581412142756963
HR-3-15-26-(03).csv,397.19276428222656,0.05,0.0,False,0.8613729085348231,0.0526174684106699
HR-3-15-26-(03).csv,397.2930908203125,0.05,0.0,False,0.876586925448254,0.0256645761634993
HR-3-15-26-(03).csv,397.3934173583984,0.05,0.0,False,0.8981031681390164,0.0104971144791299
HR-3-15-26-(03).csv,397.4937438964844,0.05,0.0,False,0.8427353470982162,0.0068593697001758
HR-3-15-26-(03).csv,397.5940704345703,0.05,0.0,False,0.8169521023337161,0.0136609956670505
HR-3-15-26-(03).csv,397.69439697265625,0.05,0.0,False,0.7624285958690209,0.0283237207969596
HR-3-15-26-(03).csv,397.7947235107422,0.05,0.0,False,0.8391005522612245,0.0442424889795558
HR-3-15-26-(03).csv,397.8950500488281,0.05,0.0,False,0.8242689921616166,0.0318305327628719
HR-3-15-26-(03).csv,397.99537658691406,0.05,0.0,False,0.8025334859974604,0.0481051158865348
HR-3-15-26-(03).csv,398.095703125,0.05,0.0,False,0.7730313685955688,0.0655375958003681
HR-3-15-26-(03).csv,398.19602966308594,0.05,0.0,False,0.6620437775399332,0.0500426181394959
HR-3-15-26-(03).csv,398.2963562011719,0.05,0.0,False,0.7446515450085833,0.0382168112512596
HR-3-15-26-(03).csv,398.3966827392578,0.05,0.0,False,0.7561830838314823,0.0159458577159241
HR-3-15-26-(03).csv,398.49700927734375,0.05,0.0,False,0.7443494966479033,0.0151109823928865
HR-3-15-26-(03).csv,398.5973358154297,0.05,0.0,False,0.6879477404851265,0.0219833707689557
HR-3-15-26-(03).csv,398.6976623535156,0.05,0.0,False,0.6038453080596466,0.0562784328111633
HR-3-15-26-(03).csv,398.7979888916016,0.05,0.0,False,0.6801050356287065,0.1351194827744742
HR-3-15-26-(03).csv,398.8983154296875,0.05,0.0,False,0.7134959080023163,0.0957250025753037
HR-3-15-26-(03).csv,398.99864196777344,0.05,0.0,False,0.7515934571152032,0.030836759411513
HR-3-15-26-(03).csv,399.0989685058594,0.05,0.0,False,0.713960982564241,0.0307643680799912
HR-3-15-26-(03).csv,399.1992950439453,0.05,0.0,False,0.5691420948773283,0.0732093728691753
HR-3-15-26-(03).csv,399.2996215820313,0.05,0.0,False,0.7647312709038661,0.0992049956149278
HR-3-15-26-(03).csv,399.3999481201172,0.05,0.0,False,0.7482064361996635,0.0238497222231098
HR-3-15-26-(03).csv,399.5002746582031,0.05,0.0,False,0.6528832706333614,0.0139743760656416
HR-3-15-26-(03).csv,399.60060119628906,0.05,0.0,False,0.6468262671928844,0.0405065459481387
HR-3-15-26-(03).csv,399.700927734375,0.05,0.0,False,0.7923618646219037,0.0344254803441853
HR-3-15-26-(03).csv,399.80125427246094,0.05,0.0,False,0.799324369990251,0.0328103369013111
HR-3-15-26-(03).csv,399.9015808105469,0.05,0.0,False,0.8010187336394069,0.0279020103370441
HR-3-15-26-(03).csv,400.0019073486328,0.05,0.0,False,0.6956347570047035,0.0435586265959364
HR-3-15-26-(03).csv,400.1022338867187,0.05,0.0,False,0.7033061607609359,0.0400377704654036
HR-3-15-26-(03).csv,400.2025604248047,0.05,0.0,False,0.74188826006763,0.0490375122568823
HR-3-15-26-(03).csv,400.3028869628906,0.05,0.0,False,0.6131993858493876,0.0652573486955373
HR-3-15-26-(03).csv,400.40321350097656,0.05,0.0,False,0.6160209343777192,0.0871158370317961
HR-3-15-26-(03).csv,400.5035400390625,0.05,0.0,False,0.5911301863541594,0.101150313620371
HR-3-15-26-(03).csv,400.6038665771485,0.05,0.0,False,0.7669673806242044,0.1196585512453754
HR-3-15-26-(03).csv,400.7041931152344,0.05,0.0,False,0.6750396378107675,0.040179564205818
HR-3-15-26-(03).csv,400.8045196533203,0.05,0.0,False,0.5075594345825861,0.0443802098048289
HR-3-15-26-(03).csv,400.90484619140625,0.05,0.0,False,0.4398738212103606,0.1377753030734765
HR-3-15-26-(03).csv,401.0051727294922,0.05,0.0,False,0.4775472875550171,0.1885141673259494
HR-3-15-26-(03).csv,401.1054992675781,0.05,0.0,False,0.4700600784984837,0.1478879072084794
HR-3-15-26-(03).csv,401.20582580566406,0.05,0.0,False,0.3847122198969722,0.133731750222633
HR-3-15-26-(03).csv,401.30615234375,0.05,0.0,False,0.3711146617081552,0.1579205607273315
HR-3-15-26-(03).csv,401.40647888183594,0.05,0.0,False,0.3595571279664208,0.1635425473046749
HR-3-15-26-(03).csv,401.5068054199219,0.05,0.0,False,0.3892524613734924,0.1876495047284756
HR-3-15-26-(03).csv,401.6071319580078,0.05,0.0,False,0.3356717713199554,0.1409597698682578
HR-3-15-26-(03).csv,401.70745849609375,0.05,0.0,False,0.3057113189793741,0.1117456440850362
HR-3-15-26-(03).csv,401.8077850341797,0.05,0.0,False,0.3069513919102982,0.1550036235919651
HR-3-15-26-(03).csv,401.9081115722656,0.05,0.0,False,0.3044414673766143,0.137199462192286
HR-3-15-26-(03).csv,402.0084381103515,0.05,0.0,False,0.3106059989125451,0.096251778074182
HR-3-15-26-(03).csv,402.1087646484375,0.05,0.0,False,0.2986703908190476,0.0956212761367411
HR-3-15-26-(03).csv,402.20909118652344,0.05,0.0,False,0.33779038030595,0.1330484907734033
HR-3-15-26-(03).csv,402.3094177246094,0.05,0.0,False,0.3465311214956899,0.1532286584014877
HR-3-15-26-(03).csv,402.4097442626953,0.05,0.0,False,0.3544700036410536,0.1729132909463817
HR-3-15-26-(03).csv,402.5100708007813,0.05,0.0,False,0.3251160346168128,0.179096106865697
HR-3-15-26-(03).csv,402.6103973388672,0.05,0.0,False,0.343539288497987,0.2122185874312227
HR-3-15-26-(03).csv,402.7107238769531,0.05,0.0,False,0.3391239374449251,0.1784783108541365
HR-3-15-26-(03).csv,402.81105041503906,0.05,0.0,False,0.3367334420785953,0.1665895354716848
HR-3-15-26-(03).csv,402.911376953125,0.05,0.0,False,0.3317692435950163,0.1952159922342649
HR-3-15-26-(03).csv,403.01170349121094,0.05,0.0,False,0.3315977384022744,0.1848053868120942
HR-3-15-26-(03).csv,403.1120300292969,0.05,0.0,False,0.3375662171483606,0.1805738547886774
HR-3-15-26-(03).csv,403.2123565673828,0.05,0.0,False,0.3486599061539643,0.2014900209165737
HR-3-15-26-(03).csv,403.3126831054687,0.05,0.0,False,0.3429799151833036,0.2271659843919453
HR-3-15-26-(03).csv,403.4130096435547,0.05,0.0,False,0.3358125840908584,0.1932767927022941
HR-3-15-26-(03).csv,403.5133361816406,0.05,0.0,False,0.3249519556221628,0.1622488962625198
HR-3-15-26-(03).csv,403.61366271972656,0.05,0.0,False,0.3167558808130549,0.153347201096586
HR-3-15-26-(03).csv,403.7139892578125,0.05,0.0,False,0.3233812993217841,0.1807892822901789
HR-3-15-26-(03).csv,403.8143157958984,0.05,0.0,False,0.3531871029513945,0.2084999669854319
HR-3-15-26-(03).csv,403.9146423339844,0.05,0.0,False,0.3427405266646318,0.2169888271142973
HR-3-15-26-(03).csv,404.0149688720703,0.05,0.0,False,0.3394888759023006,0.2030771473916129
HR-3-15-26-(03).csv,404.11529541015625,0.05,0.0,False,0.3186200033047015,0.19231270252533
HR-3-15-26-(03).csv,404.2156219482422,0.05,0.0,False,0.3146421624613281,0.181562746939859
HR-3-15-26-(03).csv,404.3159484863281,0.05,0.0,False,0.3132319603032673,0.1871383680032001
HR-3-15-26-(03).csv,404.41627502441406,0.05,0.0,False,0.3308146154247574,0.2108044328206587
HR-3-15-26-(03).csv,404.5166015625,0.05,0.0,False,0.3160337796833277,0.1890224782053361
HR-3-15-26-(03).csv,404.61692810058594,0.05,0.0,False,0.3311420259523245,0.1809553201746269
HR-3-15-26-(03).csv,404.7172546386719,0.05,0.0,False,0.3264083965221501,0.1906924690709862
HR-3-15-26-(03).csv,404.8175811767578,0.05,0.0,False,0.3147538031100489,0.1778871449892029
HR-3-15-26-(03).csv,404.91790771484375,0.05,0.0,False,0.330546630931206,0.1964257344864322
HR-3-15-26-(03).csv,405.0182342529297,0.05,0.0,False,0.3198344749763544,0.189147427162974
HR-3-15-26-(03).csv,405.1185607910156,0.05,0.0,False,0.3335480894179105,0.2171749284175387
HR-3-15-26-(03).csv,405.2188873291016,0.05,0.0,False,0.3715250353441739,0.2164163469656268
HR-3-15-26-(03).csv,405.3192138671875,0.05,0.0,False,0.3242496600427185,0.1994961249857001
HR-3-15-26-(03).csv,405.41954040527344,0.05,0.0,False,0.3459131288559892,0.2065807542850408
HR-3-15-26-(03).csv,405.5198669433594,0.05,0.0,False,0.3360064928114318,0.1842795634357392
HR-3-15-26-(03).csv,405.6201934814453,0.05,0.0,False,0.3457379758906743,0.2127237082383352
HR-3-15-26-(03).csv,405.7205200195313,0.05,0.0,False,0.3498271993589088,0.188850254648313
HR-3-15-26-(03).csv,405.8208465576172,0.05,0.0,False,0.3354642742632536,0.2971986799795639
HR-3-15-26-(03).csv,405.9211730957031,0.05,0.0,False,0.6404423754895081,0.9323947673423696
HR-3-15-26-(03).csv,406.02149963378906,0.14675450244685634,0.9643959045410155,True,0.8254568933608217,0.8827653106394191
HR-3-15-26-(03).csv,406.121826171875,0.2248879885417409,0.7787918090820312,False,0.8152975228777858,0.0272651008451888
HR-3-15-26-(03).csv,406.22215270996094,0.2844004582846537,0.5931877136230468,False,0.7830707548190639,0.0010725504629482
HR-3-15-26-(03).csv,406.3224792480469,0.32529191167559474,0.4075836181640624,False,0.6922029603518627,0.0048157315649357
HR-3-15-26-(03).csv,406.4228057861328,0.347562348714564,0.22197952270507804,False,0.4464114873922838,0.0770666057996998
HR-3-15-26-(03).csv,406.5231323242187,0.35121176940156146,0.03637542724609366,False,0.4305832839119896,0.47090139477442
HR-3-15-26-(03).csv,406.6234588623047,0.33624017373658716,-0.1492286682128907,False,0.6459273575943223,0.919504127243712
HR-3-15-26-(03).csv,406.7237854003906,0.4329946761834435,0.9643959045410155,True,0.8078640595345897,0.0956321439289156
HR-3-15-26-(03).csv,406.82411193847656,0.511128162278328,0.7787918090820312,False,0.7678407430013113,0.0006284677029068
HR-3-15-26-(03).csv,406.9244384765625,0.5706406320212408,0.5931877136230468,False,0.5688625356033931,0.0010043237665154
HR-3-15-26-(03).csv,407.0247650146485,0.6115320854121818,0.4075836181640624,False,0.4136087840048987,0.0545022585410506
HR-3-15-26-(03).csv,407.1250915527344,0.6338025224511511,0.22197952270507804,False,0.4412384329261684,0.3498713511553355
HR-3-15-26-(03).csv,407.2254180908203,0.6374519431381486,0.03637542724609366,False,0.5245328353176502,0.8352846906554009
HR-3-15-26-(03).csv,407.32574462890625,0.7342064455850049,0.9643959045410155,True,0.8711846264182377,0.7820515431114272
HR-3-15-26-(03).csv,407.4260711669922,0.8123399316798895,0.7787918090820312,False,0.8485797409030758,0.0034181873288051
HR-3-15-26-(03).csv,407.5263977050781,0.8718524014228023,0.5931877136230468,False,0.685776816613888,0.0003163949531678
HR-3-15-26-(03).csv,407.62672424316406,0.9127438548137433,0.4075836181640624,False,0.431624042514691,0.0282778851231385
HR-3-15-26-(03).csv,407.72705078125,0.9350142918527126,0.22197952270507804,False,0.4359660103118158,0.3351623813960892
HR-3-15-26-(03).csv,407.82737731933594,0.93866371253971,0.03637542724609366,False,0.5418115810966514,0.9179148247745216
HR-3-15-26-(03).csv,407.9277038574219,0.95,0.0,True,0.9135936153325166,0.722931364664984
HR-3-15-26-(03).csv,408.0280303955078,0.9313789836480282,-0.18560409545898438,False,0.8764882660250803,0.0001640127643151
HR-3-15-26-(03).csv,408.12835693359375,0.8941369509440846,-0.37120819091796875,False,0.6138303126994886,2.8810922745308545e-05
HR-3-15-26-(03).csv,408.2286834716797,0.8382739018881693,-0.5568122863769531,False,0.5315967058763733,0.0024738676205952
HR-3-15-26-(03).csv,408.3290100097656,0.7637898364802822,-0.7424163818359375,False,0.545139972539213,0.1998069341076452
HR-3-15-26-(03).csv,408.4293365478515,0.6706847547204233,-0.9280204772949219,False,0.6690159392618413,0.9359369195966064
HR-3-15-26-(03).csv,408.5296630859375,0.5589586566085927,-1.1136245727539062,False,0.9321170351121016,0.8163309976380402
HR-3-15-26-(03).csv,408.62998962402344,0.42861154214479025,-1.2992286682128906,False,0.9195447326277476,0.0061767300931004
HR-3-15-26-(03).csv,408.7303161621094,0.27964341132901605,-1.484832763671875,False,0.8199966767724037,0.000449903650269
HR-3-15-26-(03).csv,408.8306427001953,0.11205426416127007,-1.6704368591308594,False,0.5966805375429016,0.0060684404864027
HR-3-15-26-(03).csv,408.9309692382813,0.05,0.0,False,0.4736682903352421,0.2169034046999008
HR-3-15-26-(03).csv,409.0312957763672,0.05,0.0,False,0.6678204270269328,0.9677062541133687
HR-3-15-26-(03).csv,409.1316223144531,0.14675450244685634,0.9643959045410155,True,0.8925211255660527,0.7568209691816812
HR-3-15-26-(03).csv,409.23194885253906,0.2248879885417409,0.7787918090820312,False,0.9034689711539468,0.0010779485264194
HR-3-15-26-(03).csv,409.332275390625,0.2844004582846537,0.5931877136230468,False,0.7844614023696213,5.204285058615181e-05
HR-3-15-26-(03).csv,409.43260192871094,0.32529191167559474,0.4075836181640624,False,0.4737136627244777,0.0018493846001673
HR-3-15-26-(03).csv,409.5329284667969,0.347562348714564,0.22197952270507804,False,0.4613872476687851,0.2831758992274191
HR-3-15-26-(03).csv,409.6332550048828,0.35121176940156146,0.03637542724609366,False,0.6520603801981333,0.8522960236410683
HR-3-15-26-(03).csv,409.7335815429687,0.33624017373658716,-0.1492286682128907,False,0.7331740334677881,0.3445326880075404
HR-3-15-26-(03).csv,409.8339080810547,0.3026475617196411,-0.3348327636718751,False,0.7931717204832418,0.0109390342259427
HR-3-15-26-(03).csv,409.9342346191406,0.2504339333507232,-0.5204368591308595,False,0.6564106862570405,0.0025233522917217
HR-3-15-26-(03).csv,410.03456115722656,0.1795992886298336,-0.7060409545898438,False,0.4075853056988499,0.0293875866745468
HR-3-15-26-(03).csv,410.1348876953125,0.09014362755697218,-0.8916450500488282,False,0.5072444122078545,0.3744161639587468
HR-3-15-26-(03).csv,410.2352142333984,0.05,0.0,False,0.5452079918682937,0.7509113829874238
HR-3-15-26-(03).csv,410.3355407714844,0.05,0.0,False,0.757947291002877,0.7726200084543134
HR-3-15-26-(03).csv,410.4358673095703,0.14675450244685634,0.9643959045410155,True,0.9244640546053324,0.0294146090350789
HR-3-15-26-(03).csv,410.53619384765625,0.2248879885417409,0.7787918090820312,False,0.9073916058561632,0.0005806880063954
HR-3-15-26-(03).csv,410.6365203857422,0.2844004582846537,0.5931877136230468,False,0.4662772302047602,0.0028155487753244
HR-3-15-26-(03).csv,410.7368469238281,0.32529191167559474,0.4075836181640624,False,0.4219622978642594,0.2526834125391325
HR-3-15-26-(03).csv,410.83717346191406,0.347562348714564,0.22197952270507804,False,0.5490341626888621,0.8544715320176537
HR-3-15-26-(03).csv,410.9375,0.44431685116142033,0.9643959045410155,True,0.8554205651160063,0.7462611821097864
HR-3-15-26-(03).csv,411.03782653808594,0.5224503372563049,0.7787918090820312,False,0.8975515990283928,0.0101963477508031
HR-3-15-26-(03).csv,411.1381530761719,0.5819628069992177,0.5931877136230468,False,0.8197947448316762,0.0006251165951765
HR-3-15-26-(03).csv,411.2384796142578,0.6228542603901587,0.4075836181640624,False,0.5068471211080772,0.0125672707154935
HR-3-15-26-(03).csv,411.33880615234375,0.6451246974291279,0.22197952270507804,False,0.4984102651799349,0.377562576340662
HR-3-15-26-(03).csv,411.4391326904297,0.6487741181161254,0.03637542724609366,False,0.5382586425507483,0.8077274569377675
HR-3-15-26-(03).csv,411.5394592285156,0.7455286205629817,0.9643959045410155,True,0.8352605890795173,0.8457377658033755
HR-3-15-26-(03).csv,411.6397857666016,0.8236621066578663,0.7787918090820312,False,0.8932055725959475,0.0639542222174258
HR-3-15-26-(03).csv,411.7401123046875,0.8831745764007791,0.5931877136230468,False,0.7963121050601527,0.0009099768086874
HR-3-15-26-(03).csv,411.84043884277344,0.9240660297917201,0.4075836181640624,False,0.4977467770762499,0.0027110659821178
HR-3-15-26-(03).csv,411.9407653808594,0.9463364668306894,0.22197952270507804,False,0.479240176778885,0.1089538929736431
HR-3-15-26-(03).csv,412.0410919189453,0.9499858875176869,0.03637542724609366,False,0.5487748795536416,0.8597752218752175
HR-3-15-26-(03).csv,412.1414184570313,0.95,0.0,True,0.9424754871974972,0.8467459992786459
HR-3-15-26-(03).csv,412.2417449951172,0.9313789836480282,-0.18560409545898438,False,0.9448667015538282,0.0141328794135573
HR-3-15-26-(03).csv,412.3420715332031,0.8941369509440846,-0.37120819091796875,False,0.7219811185873054,0.001077250551025
HR-3-15-26-(03).csv,412.44239807128906,0.8382739018881693,-0.5568122863769531,False,0.53493695259486,0.0090577753541957
HR-3-15-26-(03).csv,412.542724609375,0.7637898364802822,-0.7424163818359375,False,0.500061257402185,0.1083338811868688
HR-3-15-26-(03).csv,412.64305114746094,0.6706847547204233,-0.9280204772949219,False,0.5024485923054549,0.5652752602961685
HR-3-15-26-(03).csv,412.7433776855469,0.5589586566085927,-1.1136245727539062,False,0.7154761502578295,0.776087785746075
HR-3-15-26-(03).csv,412.8437042236328,0.42861154214479025,-1.2992286682128906,False,0.8838451153734886,0.0307277481836707
HR-3-15-26-(03).csv,412.9440307617187,0.27964341132901605,-1.484832763671875,False,0.8965036321108583,0.0009190305126655
HR-3-15-26-(03).csv,413.0443572998047,0.11205426416127007,-1.6704368591308594,False,0.5813789196853625,0.0069508912095619
HR-3-15-26-(03).csv,413.1446838378906,0.05,0.0,False,0.5401333625270635,0.3280459587953123
HR-3-15-26-(03).csv,413.24501037597656,0.05,0.0,False,0.6094211489951882,0.7315710288657479
HR-3-15-26-(03).csv,413.3453369140625,0.05,0.0,False,0.7838352210094015,0.4012054772083103
HR-3-15-26-(03).csv,413.4456634521485,0.05,0.0,False,0.8395246075023399,0.0022648022975452
HR-3-15-26-(03).csv,413.5459899902344,0.05,0.0,False,0.7994137767788005,0.0009465451223092
HR-3-15-26-(03).csv,413.6463165283203,0.05,0.0,False,0.6674412449208009,0.005188654177043
HR-3-15-26-(03).csv,413.74664306640625,0.05,0.0,False,0.4315626521312738,0.1268899809801185
HR-3-15-26-(03).csv,413.8469696044922,0.05,0.0,False,0.6225532830573604,0.641194976093618
HR-3-15-26-(03).csv,413.9472961425781,0.05,0.0,False,0.7757466365206831,0.5353627316486146
HR-3-15-26-(03).csv,414.04762268066406,0.05,0.0,False,0.7427841221927683,0.0876034833903099
HR-3-15-26-(03).csv,414.14794921875,0.05,0.0,False,0.7910955778780656,0.0059200625549275
HR-3-15-26-(03).csv,414.24827575683594,0.05,0.0,False,0.6805531647427505,0.0031553838021581
HR-3-15-26-(03).csv,414.3486022949219,0.05,0.0,False,0.4766394648259554,0.0168367497937017
HR-3-15-26-(03).csv,414.4489288330078,0.05,0.0,False,0.4694720884391111,0.1266838606787231
HR-3-15-26-(03).csv,414.54925537109375,0.05,0.0,False,0.4909001650773733,0.1494645123708055
HR-3-15-26-(03).csv,414.6495819091797,0.05,0.0,False,0.4164959261387316,0.1283129151965991
HR-3-15-26-(03).csv,414.7499084472656,0.05,0.0,False,0.4222138156804786,0.2206634854644888
HR-3-15-26-(03).csv,414.8502349853515,0.05,0.0,False,0.4127013750869897,0.1824518227712468
HR-3-15-26-(03).csv,414.9505615234375,0.05,0.0,False,0.3724312125169794,0.1263760648565761
HR-3-15-26-(03).csv,415.05088806152344,0.05,0.0,False,0.3650630943557574,0.1792045051215814
HR-3-15-26-(03).csv,415.1512145996094,0.05,0.0,False,0.3915264614081979,0.2256642781986645
HR-3-15-26-(03).csv,415.2515411376953,0.05,0.0,False,0.3782206468417536,0.1862656696691868
HR-3-15-26-(03).csv,415.3518676757813,0.05,0.0,False,0.3543048797558097,0.1883072062981699
HR-3-15-26-(03).csv,415.4521942138672,0.05,0.0,False,0.3798711660973815,0.2175522097749365
HR-3-15-26-(03).csv,415.5525207519531,0.05,0.0,False,0.4018328870307014,0.1873413955011212
HR-3-15-26-(03).csv,415.65284729003906,0.05,0.0,False,0.3516750261560561,0.1415928111018018
HR-3-15-26-(03).csv,415.753173828125,0.05,0.0,False,0.3412448042016953,0.1690524508898524
HR-3-15-26-(03).csv,415.85350036621094,0.05,0.0,False,0.3492893548667967,0.1672203517587888
HR-3-15-26-(03).csv,415.9538269042969,0.05,0.0,False,0.340616687177476,0.1762688248896421
HR-3-15-26-(03).csv,416.0541534423828,0.05,0.0,False,0.3752611542337289,0.2433106823653247
HR-3-15-26-(03).csv,416.1544799804687,0.05,0.0,False,0.361626519162288,0.1806461582905359
HR-3-15-26-(03).csv,416.2548065185547,0.05,0.0,False,0.3223755926161671,0.1490889390956036
HR-3-15-26-(03).csv,416.3551330566406,0.05,0.0,False,0.3659997237435561,0.2252676171150094
HR-3-15-26-(03).csv,416.45545959472656,0.05,0.0,False,0.3561662596470831,0.1997881694873007
HR-3-15-26-(03).csv,416.5557861328125,0.05,0.0,False,0.3261719029663174,0.1725193063066035
HR-3-15-26-(03).csv,416.6561126708984,0.05,0.0,False,0.3304560814899826,0.1851317829331387
HR-3-15-26-(03).csv,416.7564392089844,0.05,0.0,False,0.348051090984437,0.190037149086169
HR-3-15-26-(03).csv,416.8567657470703,0.05,0.0,False,0.3062685972765355,0.1463622859250713
HR-3-15-26-(03).csv,416.95709228515625,0.05,0.0,False,0.3473376626558956,0.1563538404369822
HR-3-15-26-(03).csv,417.0574188232422,0.05,0.0,False,0.3461300845418744,0.1613813426035532
HR-3-15-26-(03).csv,417.1577453613281,0.05,0.0,False,0.3928280562256796,0.2024203409521153
HR-3-15-26-(03).csv,417.25807189941406,0.05,0.0,False,0.3743634936578697,0.2140272170008791
HR-3-15-26-(03).csv,417.3583984375,0.05,0.0,False,0.3598156464280655,0.1897003895388059
HR-3-15-26-(03).csv,417.45872497558594,0.05,0.0,False,0.3554607360078631,0.1670115747891425
HR-3-15-26-(03).csv,417.5590515136719,0.05,0.0,False,0.3468833369043131,0.1574119475892326
HR-3-15-26-(03).csv,417.6593780517578,0.05,0.0,False,0.3899980526201907,0.2071885931183101
HR-3-15-26-(03).csv,417.75970458984375,0.05,0.0,False,0.3637438484266987,0.1638899132687595
HR-3-15-26-(03).csv,417.8600311279297,0.05,0.0,False,0.3358295227710181,0.155736257891459
HR-3-15-26-(03).csv,417.9603576660156,0.05,0.0,False,0.3380037308806537,0.2066989081780727
HR-3-15-26-(03).csv,418.0606842041016,0.05,0.0,False,0.3465788416528346,0.1943205775506108
HR-3-15-26-(03).csv,418.1610107421875,0.05,0.0,False,0.352571702169509,0.1549795591483513
HR-3-15-26-(03).csv,418.26133728027344,0.05,0.0,False,0.3171941929890312,0.1139664531607528
HR-3-15-26-(03).csv,418.3616638183594,0.05,0.0,False,0.280659502001142,0.0971366870443713
HR-3-15-26-(03).csv,418.4619903564453,0.05,0.0,False,0.2991906290661115,0.1214387625713694
HR-3-15-26-(03).csv,418.5623168945313,0.05,0.0,False,0.2925758591883606,0.1295051200431424
HR-3-15-26-(03).csv,418.6626434326172,0.05,0.0,False,0.29195828326339,0.1481526963633795
HR-3-15-26-(03).csv,418.7629699707031,0.05,0.0,False,0.3158575932895823,0.1729359707555826
HR-3-15-26-(03).csv,418.86329650878906,0.05,0.0,False,0.2969783462317121,0.1389480144026659
HR-3-15-26-(03).csv,418.963623046875,0.05,0.0,False,0.3027049840751441,0.1308527732117426
HR-3-15-26-(03).csv,419.06394958496094,0.05,0.0,False,0.2961336514921141,0.115512629242974
HR-3-15-26-(03).csv,419.1642761230469,0.05,0.0,False,0.3068143565417368,0.1146177197651787
HR-3-15-26-(03).csv,419.2646026611328,0.05,0.0,False,0.2988752670425881,0.1304493887886823
HR-3-15-26-(03).csv,419.3649291992187,0.05,0.0,False,0.3158090201207062,0.1578422052012342
HR-3-15-26-(03).csv,419.4652557373047,0.05,0.0,False,0.290974328518356,0.1443700177816576
HR-3-15-26-(03).csv,419.5655822753906,0.05,0.0,False,0.2897929686486524,0.1089165688894305
HR-3-15-26-(03).csv,419.66590881347656,0.05,0.0,False,0.2753209928637667,0.1133753665873367
HR-3-15-26-(03).csv,419.7662353515625,0.05,0.0,False,0.2836337756910727,0.1419644354096488
HR-3-15-26-(03).csv,419.8665618896485,0.05,0.0,False,0.2955931518369021,0.1413451577115594
HR-3-15-26-(03).csv,419.9668884277344,0.05,0.0,False,0.296021624313457,0.1491549023803138
HR-3-15-26-(03).csv,420.0672149658203,0.05,0.0,False,0.3438225584568379,0.1964652291307306
HR-3-15-26-(03).csv,420.16754150390625,0.05,0.0,False,0.3500865054056673,0.1846823110593353
HR-3-15-26-(03).csv,420.2678680419922,0.05,0.0,False,0.293712661565362,0.1045068010143507
HR-3-15-26-(03).csv,420.3681945800781,0.05,0.0,False,0.2895298048196424,0.1141890248601551
HR-3-15-26-(03).csv,420.46852111816406,0.05,0.0,False,0.3037585501871845,0.1533628848563831
HR-3-15-26-(03).csv,420.56884765625,0.05,0.0,False,0.3168480022825554,0.163655709188379
HR-3-15-26-(03).csv,420.66917419433594,0.05,0.0,False,0.3163746308288264,0.1730426263002596
HR-3-15-26-(03).csv,420.7695007324219,0.05,0.0,False,0.3526841814470415,0.1903344463184503
HR-3-15-26-(03).csv,420.8698272705078,0.05,0.0,False,0.3462598464103895,0.1506669840951062
HR-3-15-26-(03).csv,420.97015380859375,0.05,0.0,False,0.3514575662575253,0.1645551275222889
HR-3-15-26-(03).csv,421.0704803466797,0.05,0.0,False,0.3374746645946771,0.1783722637000757
