strategy_name,trigger_config_name,filename,file_path,parsed_date,session_rank,split_role,center_time_sec,coarse_label_center,pred_4state,event_label_true,trigger_reason,clench_probability,onset_probability,active_probability,inactive_probability,aggregate_rms_smooth_mean,armed_after_step
binary_clench_threshold,binary_clench_threshold_cl0p80_on0p45_ac0p55_re0p50_sm1_cd300_rise0p00,HR-2-27-26-(01).csv,/Users/yanivnaggar/Desktop/Spring 2026/IS/OPENBCI_runs/Yaniv/EMG_JvsN/HR-2-27-26-(01).csv,2026-02-27,1,train,46.23679518699646,HOLD,ONSET,ACTIVE,binary_crossing,0.9031292124001563,0.9771449044180566,0.010877201433748875,0.010869427811054008,0.7157509523725291,False
binary_clench_threshold,binary_clench_threshold_cl0p80_on0p45_ac0p55_re0p50_sm1_cd300_rise0p00,HR-2-27-26-(01).csv,/Users/yanivnaggar/Desktop/Spring 2026/IS/OPENBCI_runs/Yaniv/EMG_JvsN/HR-2-27-26-(01).csv,2026-02-27,1,train,60.07774472236633,REPEATED,ACTIVE,ACTIVE,binary_crossing,0.9562403277083706,0.3680484483912564,0.5836885102303475,0.025492032013458767,0.8856027594617505,False
binary_clench_threshold,binary_clench_threshold_cl0p80_on0p45_ac0p55_re0p50_sm1_cd300_rise0p00,HR-2-27-26-(01).csv,/Users/yanivnaggar/Desktop/Spring 2026/IS/OPENBCI_runs/Yaniv/EMG_JvsN/HR-2-27-26-(01).csv,2026-02-27,1,train,60.57922840118408,REPEATED,ONSET,ONSET,binary_crossing,0.8259076218433234,0.8961839003959174,0.07022073401887552,0.021192093852217098,0.5994532183960232,False
binary_clench_threshold,binary_clench_threshold_cl0p80_on0p45_ac0p55_re0p50_sm1_cd300_rise0p00,HR-2-27-26-(01).csv,/Users/yanivnaggar/Desktop/Spring 2026/IS/OPENBCI_runs/Yaniv/EMG_JvsN/HR-2-27-26-(01).csv,2026-02-27,1,train,64.18991088867188,REPEATED,ONSET,ONSET,binary_crossing,0.9083193826770461,0.9903359106454531,0.004566035521406537,0.0041320936972321694,0.7800262160565655,False
binary_clench_threshold,binary_clench_threshold_cl0p80_on0p45_ac0p55_re0p50_sm1_cd300_rise0p00,HR-2-27-26-(01).csv,/Users/yanivnaggar/Desktop/Spring 2026/IS/OPENBCI_runs/Yaniv/EMG_JvsN/HR-2-27-26-(01).csv,2026-02-27,1,train,66.59703254699707,REPEATED,ONSET,ONSET,binary_crossing,0.8916600217682901,0.9789134874097257,0.011316004814832316,0.008945295856647299,0.7350610367331845,False
binary_clench_threshold,binary_clench_threshold_cl0p80_on0p45_ac0p55_re0p50_sm1_cd300_rise0p00,HR-2-27-26-(01).csv,/Users/yanivnaggar/Desktop/Spring 2026/IS/OPENBCI_runs/Yaniv/EMG_JvsN/HR-2-27-26-(01).csv,2026-02-27,1,train,67.19881296157837,REPEATED,ONSET,INACTIVE,binary_crossing,0.8237119855138328,0.8920797136080725,0.06362892931751754,0.03667105745751545,0.6388715915575672,False
binary_clench_threshold,binary_clench_threshold_cl0p80_on0p45_ac0p55_re0p50_sm1_cd300_rise0p00,HR-2-27-26-(01).csv,/Users/yanivnaggar/Desktop/Spring 2026/IS/OPENBCI_runs/Yaniv/EMG_JvsN/HR-2-27-26-(01).csv,2026-02-27,1,train,83.44688415527344,HOLD,ONSET,ACTIVE,binary_crossing,0.8592166711086137,0.992161925910054,0.0030999873461574935,0.004098009926267684,0.6381319943980991,False
binary_clench_threshold,binary_clench_threshold_cl0p80_on0p45_ac0p55_re0p50_sm1_cd300_rise0p00,HR-2-27-26-(01).csv,/Users/yanivnaggar/Desktop/Spring 2026/IS/OPENBCI_runs/Yaniv/EMG_JvsN/HR-2-27-26-(01).csv,2026-02-27,1,train,97.98991084098816,REPEATED,ACTIVE,ACTIVE,binary_crossing,0.8838226285479788,0.37116692926642747,0.499486727121901,0.11089259466270644,0.8671458946204603,False
binary_clench_threshold,binary_clench_threshold_cl0p80_on0p45_ac0p55_re0p50_sm1_cd300_rise0p00,HR-2-27-26-(01).csv,/Users/yanivnaggar/Desktop/Spring 2026/IS/OPENBCI_runs/Yaniv/EMG_JvsN/HR-2-27-26-(01).csv,2026-02-27,1,train,98.59169125556946,REPEATED,ONSET,ONSET,binary_crossing,0.9392508324836291,0.9278648064604572,0.056198997748002605,0.012808466995911033,0.8506055239573971,False
binary_clench_threshold,binary_clench_threshold_cl0p80_on0p45_ac0p55_re0p50_sm1_cd300_rise0p00,HR-2-27-26-(01).csv,/Users/yanivnaggar/Desktop/Spring 2026/IS/OPENBCI_runs/Yaniv/EMG_JvsN/HR-2-27-26-(01).csv,2026-02-27,1,train,99.79525208473206,REPEATED,ONSET,ONSET,binary_crossing,0.9736382686666366,0.9775394398195562,0.01743331143774193,0.0003612707379934987,0.8534482735231722,False
binary_clench_threshold,binary_clench_threshold_cl0p80_on0p45_ac0p55_re0p50_sm1_cd300_rise0p00,HR-2-27-26-(01).csv,/Users/yanivnaggar/Desktop/Spring 2026/IS/OPENBCI_runs/Yaniv/EMG_JvsN/HR-2-27-26-(01).csv,2026-02-27,1,train,100.39703249931335,REPEATED,ONSET,ONSET,binary_crossing,0.818082318308198,0.9866706325627418,0.003297728248809196,0.009153418640555128,0.6283105402984727,False
binary_clench_threshold,binary_clench_threshold_cl0p80_on0p45_ac0p55_re0p50_sm1_cd300_rise0p00,HR-2-27-26-(01).csv,/Users/yanivnaggar/Desktop/Spring 2026/IS/OPENBCI_runs/Yaniv/EMG_JvsN/HR-2-27-26-(01).csv,2026-02-27,1,train,101.0991096496582,REPEATED,ONSET,ONSET,binary_crossing,0.8640465638908138,0.9557216481137598,0.019140403804538655,0.02357974183614051,0.8089903173240204,False
binary_clench_threshold,binary_clench_threshold_cl0p80_on0p45_ac0p55_re0p50_sm1_cd300_rise0p00,HR-2-27-26-(01).csv,/Users/yanivnaggar/Desktop/Spring 2026/IS/OPENBCI_runs/Yaniv/EMG_JvsN/HR-2-27-26-(01).csv,2026-02-27,1,train,104.9103856086731,REPEATED,ONSET,ONSET,binary_crossing,0.8729074993824104,0.9700991088078017,0.014993960430238063,0.012279856288655801,0.6080532561942175,False
binary_clench_threshold,binary_clench_threshold_cl0p80_on0p45_ac0p55_re0p50_sm1_cd300_rise0p00,HR-2-27-26-(01).csv,/Users/yanivnaggar/Desktop/Spring 2026/IS/OPENBCI_runs/Yaniv/EMG_JvsN/HR-2-27-26-(01).csv,2026-02-27,1,train,105.61246275901794,REST,ONSET,INACTIVE,binary_crossing,0.9587035108932762,0.9745732560165757,0.021810223537391767,0.002321941292033215,0.8767275790139988,False
binary_clench_threshold,binary_clench_threshold_cl0p80_on0p45_ac0p55_re0p50_sm1_cd300_rise0p00,HR-2-27-26-(01).csv,/Users/yanivnaggar/Desktop/Spring 2026/IS/OPENBCI_runs/Yaniv/EMG_JvsN/HR-2-27-26-(01).csv,2026-02-27,1,train,120.95786333084106,HOLD,ONSET,ONSET,binary_crossing,0.8836824236877955,0.9637417421427781,0.023664073885688135,0.01172544106295157,0.7056003677299585,False
binary_clench_threshold,binary_clench_threshold_cl0p80_on0p45_ac0p55_re0p50_sm1_cd300_rise0p00,HR-2-27-26-(01).csv,/Users/yanivnaggar/Desktop/Spring 2026/IS/OPENBCI_runs/Yaniv/EMG_JvsN/HR-2-27-26-(01).csv,2026-02-27,1,train,134.59821939468384,REPEATED,ONSET,ONSET,binary_crossing,0.9636810234433748,0.9980121407695757,0.0013576940848906403,0.0005429032304336437,0.7961672865856095,False
binary_clench_threshold,binary_clench_threshold_cl0p80_on0p45_ac0p55_re0p50_sm1_cd300_rise0p00,HR-2-27-26-(01).csv,/Users/yanivnaggar/Desktop/Spring 2026/IS/OPENBCI_runs/Yaniv/EMG_JvsN/HR-2-27-26-(01).csv,2026-02-27,1,train,135.80178022384644,REPEATED,ONSET,ONSET,binary_crossing,0.9667495782020915,0.9550383127741869,0.03995721350945908,0.0015853254880002813,0.9789764049957792,False
binary_clench_threshold,binary_clench_threshold_cl0p80_on0p45_ac0p55_re0p50_sm1_cd300_rise0p00,HR-2-27-26-(01).csv,/Users/yanivnaggar/Desktop/Spring 2026/IS/OPENBCI_runs/Yaniv/EMG_JvsN/HR-2-27-26-(01).csv,2026-02-27,1,train,137.10563778877258,REPEATED,ONSET,ONSET,binary_crossing,0.8192480642439177,0.9316503323452816,0.03599838003784093,0.02410760919572003,0.5430561105584768,False
binary_clench_threshold,binary_clench_threshold_cl0p80_on0p45_ac0p55_re0p50_sm1_cd300_rise0p00,HR-2-27-26-(01).csv,/Users/yanivnaggar/Desktop/Spring 2026/IS/OPENBCI_runs/Yaniv/EMG_JvsN/HR-2-27-26-(01).csv,2026-02-27,1,train,137.80771493911743,REPEATED,ONSET,ONSET,binary_crossing,0.8826214773932586,0.9624319598040163,0.02211261992797635,0.012518448729102617,0.7488885556665251,False
binary_clench_threshold,binary_clench_threshold_cl0p80_on0p45_ac0p55_re0p50_sm1_cd300_rise0p00,HR-2-27-26-(01).csv,/Users/yanivnaggar/Desktop/Spring 2026/IS/OPENBCI_runs/Yaniv/EMG_JvsN/HR-2-27-26-(01).csv,2026-02-27,1,train,138.50979208946228,REPEATED,ONSET,ACTIVE,binary_crossing,0.9640025976228349,0.9758487490060225,0.020734151977148698,0.0024072116780859136,1.048080965170402,False
binary_clench_threshold,binary_clench_threshold_cl0p80_on0p45_ac0p55_re0p50_sm1_cd300_rise0p00,HR-2-27-26-(01).csv,/Users/yanivnaggar/Desktop/Spring 2026/IS/OPENBCI_runs/Yaniv/EMG_JvsN/HR-2-27-26-(01).csv,2026-02-27,1,train,139.81364965438843,REPEATED,ONSET,ONSET,binary_crossing,0.9073967443143809,0.7348728239565637,0.18923263667054632,0.07154452017896831,0.905596516086576,False
binary_clench_threshold,binary_clench_threshold_cl0p80_on0p45_ac0p55_re0p50_sm1_cd300_rise0p00,HR-2-27-26-(01).csv,/Users/yanivnaggar/Desktop/Spring 2026/IS/OPENBCI_runs/Yaniv/EMG_JvsN/HR-2-27-26-(01).csv,2026-02-27,1,train,141.81958436965942,REPEATED,ONSET,ONSET,binary_crossing,0.9061602143371302,0.8357839278123579,0.12954277921588822,0.015771878118219815,0.681735102321945,False
binary_clench_threshold,binary_clench_threshold_cl0p80_on0p45_ac0p55_re0p50_sm1_cd300_rise0p00,HR-2-27-26-(01).csv,/Users/yanivnaggar/Desktop/Spring 2026/IS/OPENBCI_runs/Yaniv/EMG_JvsN/HR-2-27-26-(01).csv,2026-02-27,1,train,145.83145380020142,REST,ONSET,INACTIVE,binary_crossing,0.870160916318138,0.8581992223897011,0.0736782891266899,0.006086282778646786,0.5552525279193664,False
binary_clench_threshold,binary_clench_threshold_cl0p80_on0p45_ac0p55_re0p50_sm1_cd300_rise0p00,HR-2-27-26-(01).csv,/Users/yanivnaggar/Desktop/Spring 2026/IS/OPENBCI_runs/Yaniv/EMG_JvsN/HR-2-27-26-(01).csv,2026-02-27,1,train,146.13234400749207,REST,ONSET,INACTIVE,binary_crossing,0.8026510094374357,0.9416759591548185,0.04560811682752428,0.007303565396619308,0.7013520428140558,False
binary_clench_threshold,binary_clench_threshold_cl0p80_on0p45_ac0p55_re0p50_sm1_cd300_rise0p00,HR-2-27-26-(01).csv,/Users/yanivnaggar/Desktop/Spring 2026/IS/OPENBCI_runs/Yaniv/EMG_JvsN/HR-2-27-26-(01).csv,2026-02-27,1,train,159.17091965675354,HOLD,ONSET,ACTIVE,binary_crossing,0.9229296008084314,0.998036414087556,0.0009155989834138953,0.0009040998337878584,0.7563276720958289,False
binary_clench_threshold,binary_clench_threshold_cl0p80_on0p45_ac0p55_re0p50_sm1_cd300_rise0p00,HR-2-27-26-(01).csv,/Users/yanivnaggar/Desktop/Spring 2026/IS/OPENBCI_runs/Yaniv/EMG_JvsN/HR-2-27-26-(01).csv,2026-02-27,1,train,173.2124626636505,REPEATED,ONSET,ONSET,binary_crossing,0.8965697485556973,0.9930708176466245,0.0037893598034574494,0.0025295799964945753,0.7806406702270791,False
binary_clench_threshold,binary_clench_threshold_cl0p80_on0p45_ac0p55_re0p50_sm1_cd300_rise0p00,HR-2-27-26-(01).csv,/Users/yanivnaggar/Desktop/Spring 2026/IS/OPENBCI_runs/Yaniv/EMG_JvsN/HR-2-27-26-(01).csv,2026-02-27,1,train,173.8142430782318,REPEATED,ONSET,ONSET,binary_crossing,0.8708593270144781,0.9714955573525237,0.013777477115287318,0.013285038991953348,0.7142321833417432,False
binary_clench_threshold,binary_clench_threshold_cl0p80_on0p45_ac0p55_re0p50_sm1_cd300_rise0p00,HR-2-27-26-(01).csv,/Users/yanivnaggar/Desktop/Spring 2026/IS/OPENBCI_runs/Yaniv/EMG_JvsN/HR-2-27-26-(01).csv,2026-02-27,1,train,176.6225516796112,REPEATED,ACTIVE,ACTIVE,binary_crossing,0.89601351455476,0.12627324739035128,0.4475937373046113,0.42403263652884343,1.071219555865138,False
binary_clench_threshold,binary_clench_threshold_cl0p80_on0p45_ac0p55_re0p50_sm1_cd300_rise0p00,HR-2-27-26-(01).csv,/Users/yanivnaggar/Desktop/Spring 2026/IS/OPENBCI_runs/Yaniv/EMG_JvsN/HR-2-27-26-(01).csv,2026-02-27,1,train,177.32462882995605,REPEATED,ONSET,ACTIVE,binary_crossing,0.9044215658121305,0.8570728379269597,0.10810474589541301,0.015377956130292194,0.7980243389394591,False
binary_clench_threshold,binary_clench_threshold_cl0p80_on0p45_ac0p55_re0p50_sm1_cd300_rise0p00,HR-2-27-26-(01).csv,/Users/yanivnaggar/Desktop/Spring 2026/IS/OPENBCI_runs/Yaniv/EMG_JvsN/HR-2-27-26-(01).csv,2026-02-27,1,train,178.0267059803009,REPEATED,ONSET,ACTIVE,binary_crossing,0.8536396607475893,0.48377764383331234,0.379863844195701,0.08071709483815176,0.707166331153066,False
binary_clench_threshold,binary_clench_threshold_cl0p80_on0p45_ac0p55_re0p50_sm1_cd300_rise0p00,HR-2-27-26-(01).csv,/Users/yanivnaggar/Desktop/Spring 2026/IS/OPENBCI_runs/Yaniv/EMG_JvsN/HR-2-27-26-(01).csv,2026-02-27,1,train,179.4308602809906,REPEATED,ONSET,ONSET,binary_crossing,0.8346735680350382,0.4937361982184232,0.38295810869365676,0.0697104511650173,0.7030526454432022,False
binary_clench_threshold,binary_clench_threshold_cl0p80_on0p45_ac0p55_re0p50_sm1_cd300_rise0p00,HR-2-27-26-(01).csv,/Users/yanivnaggar/Desktop/Spring 2026/IS/OPENBCI_runs/Yaniv/EMG_JvsN/HR-2-27-26-(01).csv,2026-02-27,1,train,180.13293743133545,REPEATED,ACTIVE,ACTIVE,binary_crossing,0.9266721668791773,0.32913224099895616,0.5821517448261502,0.07988658607563696,0.9058988920091515,False
binary_clench_threshold,binary_clench_threshold_cl0p80_on0p45_ac0p55_re0p50_sm1_cd300_rise0p00,HR-2-27-26-(01).csv,/Users/yanivnaggar/Desktop/Spring 2026/IS/OPENBCI_runs/Yaniv/EMG_JvsN/HR-2-27-26-(01).csv,2026-02-27,1,train,180.73471784591675,REPEATED,ONSET,ONSET,binary_crossing,0.8681615776173475,0.9231103116081362,0.05139451597288015,0.022282828453393244,0.7081904605114455,False
binary_clench_threshold,binary_clench_threshold_cl0p80_on0p45_ac0p55_re0p50_sm1_cd300_rise0p00,HR-2-27-26-(01).csv,/Users/yanivnaggar/Desktop/Spring 2026/IS/OPENBCI_runs/Yaniv/EMG_JvsN/HR-2-27-26-(01).csv,2026-02-27,1,train,181.4367949962616,REST,ONSET,INACTIVE,binary_crossing,0.8054139216785106,0.9514909418451724,0.022477489086918184,0.023639139302594862,0.6956788795774707,False
binary_clench_threshold,binary_clench_threshold_cl0p80_on0p45_ac0p55_re0p50_sm1_cd300_rise0p00,HR-2-27-26-(01).csv,/Users/yanivnaggar/Desktop/Spring 2026/IS/OPENBCI_runs/Yaniv/EMG_JvsN/HR-2-27-26-(01).csv,2026-02-27,1,train,198.5875368118286,HOLD,ONSET,ACTIVE,binary_crossing,0.8865633299960325,0.8257374486120703,0.10616375873820295,0.06540486191386188,0.7557293466418895,False
binary_clench_threshold,binary_clench_threshold_cl0p80_on0p45_ac0p55_re0p50_sm1_cd300_rise0p00,HR-2-27-26-(01).csv,/Users/yanivnaggar/Desktop/Spring 2026/IS/OPENBCI_runs/Yaniv/EMG_JvsN/HR-2-27-26-(01).csv,2026-02-27,1,train,212.52878308296204,REPEATED,ONSET,ONSET,binary_crossing,0.9473720769838463,0.9941434887985928,0.0010529857351349685,0.004773650394211004,1.0363185991760098,False
binary_clench_threshold,binary_clench_threshold_cl0p80_on0p45_ac0p55_re0p50_sm1_cd300_rise0p00,HR-2-27-26-(01).csv,/Users/yanivnaggar/Desktop/Spring 2026/IS/OPENBCI_runs/Yaniv/EMG_JvsN/HR-2-27-26-(01).csv,2026-02-27,1,train,213.93293738365173,REPEATED,ONSET,ONSET,binary_crossing,0.8582960071523575,0.9965628289728914,0.0008628563227405915,0.0023677230091472706,0.651861432189384,False
binary_clench_threshold,binary_clench_threshold_cl0p80_on0p45_ac0p55_re0p50_sm1_cd300_rise0p00,HR-2-27-26-(01).csv,/Users/yanivnaggar/Desktop/Spring 2026/IS/OPENBCI_runs/Yaniv/EMG_JvsN/HR-2-27-26-(01).csv,2026-02-27,1,train,214.73531126976013,REPEATED,ONSET,ONSET,binary_crossing,0.8737207410523586,0.7711528456824872,0.13534102632568878,0.0906069567890595,0.8458900755175341,False
binary_clench_threshold,binary_clench_threshold_cl0p80_on0p45_ac0p55_re0p50_sm1_cd300_rise0p00,HR-2-27-26-(01).csv,/Users/yanivnaggar/Desktop/Spring 2026/IS/OPENBCI_runs/Yaniv/EMG_JvsN/HR-2-27-26-(01).csv,2026-02-27,1,train,215.43738842010498,REPEATED,ONSET,ACTIVE,binary_crossing,0.8567775618781055,0.8998311586769252,0.0635734473736784,0.02484080820121543,0.7061971135317322,False
binary_clench_threshold,binary_clench_threshold_cl0p80_on0p45_ac0p55_re0p50_sm1_cd300_rise0p00,HR-2-27-26-(01).csv,/Users/yanivnaggar/Desktop/Spring 2026/IS/OPENBCI_runs/Yaniv/EMG_JvsN/HR-2-27-26-(01).csv,2026-02-27,1,train,216.13946557044983,REPEATED,ONSET,ACTIVE,binary_crossing,0.968544818468194,0.6233568093964488,0.3569459668593354,0.005826148420578525,0.9825057973251861,False
binary_clench_threshold,binary_clench_threshold_cl0p80_on0p45_ac0p55_re0p50_sm1_cd300_rise0p00,HR-2-27-26-(01).csv,/Users/yanivnaggar/Desktop/Spring 2026/IS/OPENBCI_runs/Yaniv/EMG_JvsN/HR-2-27-26-(01).csv,2026-02-27,1,train,216.84154272079468,REPEATED,ONSET,ONSET,binary_crossing,0.8590577235321037,0.982389830318883,0.007977047301401346,0.006324731444206776,0.6035761268363283,False
binary_clench_threshold,binary_clench_threshold_cl0p80_on0p45_ac0p55_re0p50_sm1_cd300_rise0p00,HR-2-27-26-(01).csv,/Users/yanivnaggar/Desktop/Spring 2026/IS/OPENBCI_runs/Yaniv/EMG_JvsN/HR-2-27-26-(01).csv,2026-02-27,1,train,217.54361987113953,REPEATED,ONSET,ONSET,binary_crossing,0.8928215308055657,0.9939238133564318,0.0011591451227584645,0.0047381657459860576,0.6639969375377277,False
binary_clench_threshold,binary_clench_threshold_cl0p80_on0p45_ac0p55_re0p50_sm1_cd300_rise0p00,HR-2-27-26-(01).csv,/Users/yanivnaggar/Desktop/Spring 2026/IS/OPENBCI_runs/Yaniv/EMG_JvsN/HR-2-27-26-(01).csv,2026-02-27,1,train,218.34599375724792,REPEATED,ONSET,ONSET,binary_crossing,0.9094369102100868,0.5806911745108885,0.34892958382376493,0.03927241129291815,0.7945343492033858,False
binary_clench_threshold,binary_clench_threshold_cl0p80_on0p45_ac0p55_re0p50_sm1_cd300_rise0p00,HR-2-27-26-(01).csv,/Users/yanivnaggar/Desktop/Spring 2026/IS/OPENBCI_runs/Yaniv/EMG_JvsN/HR-2-27-26-(01).csv,2026-02-27,1,train,219.04807090759277,REPEATED,ONSET,ONSET,binary_crossing,0.8718230404223539,0.6727376491392869,0.17705445611730922,0.1333430998581561,0.8495717847156297,False
binary_clench_threshold,binary_clench_threshold_cl0p80_on0p45_ac0p55_re0p50_sm1_cd300_rise0p00,HR-2-27-26-(01).csv,/Users/yanivnaggar/Desktop/Spring 2026/IS/OPENBCI_runs/Yaniv/EMG_JvsN/HR-2-27-26-(01).csv,2026-02-27,1,train,219.85044479370117,REPEATED,ACTIVE,ACTIVE,binary_crossing,0.8902969769743136,0.03556801937763144,0.8514013224875693,0.045571760726346285,0.751836884509155,False
binary_clench_threshold,binary_clench_threshold_cl0p80_on0p45_ac0p55_re0p50_sm1_cd300_rise0p00,HR-2-27-26-(01).csv,/Users/yanivnaggar/Desktop/Spring 2026/IS/OPENBCI_runs/Yaniv/EMG_JvsN/HR-2-27-26-(01).csv,2026-02-27,1,train,238.30504417419434,HOLD,ONSET,ACTIVE,binary_crossing,0.9327546336106245,0.9060230382983572,0.06618259580513826,0.024880138840935307,0.992730444386933,False
binary_clench_threshold,binary_clench_threshold_cl0p80_on0p45_ac0p55_re0p50_sm1_cd300_rise0p00,HR-2-27-26-(01).csv,/Users/yanivnaggar/Desktop/Spring 2026/IS/OPENBCI_runs/Yaniv/EMG_JvsN/HR-2-27-26-(01).csv,2026-02-27,1,train,252.2462904453278,REPEATED,ONSET,ONSET,binary_crossing,0.8811718753573102,0.9247184191263219,0.049878232574501524,0.020848855689881166,0.745602425304401,False
binary_clench_threshold,binary_clench_threshold_cl0p80_on0p45_ac0p55_re0p50_sm1_cd300_rise0p00,HR-2-27-26-(01).csv,/Users/yanivnaggar/Desktop/Spring 2026/IS/OPENBCI_runs/Yaniv/EMG_JvsN/HR-2-27-26-(01).csv,2026-02-27,1,train,252.8480708599091,REPEATED,ONSET,ONSET,binary_crossing,0.9150439042425276,0.9791641204300375,0.014603842255910136,0.005071539144111479,0.7162028516013476,False
binary_clench_threshold,binary_clench_threshold_cl0p80_on0p45_ac0p55_re0p50_sm1_cd300_rise0p00,HR-2-27-26-(01).csv,/Users/yanivnaggar/Desktop/Spring 2026/IS/OPENBCI_runs/Yaniv/EMG_JvsN/HR-2-27-26-(01).csv,2026-02-27,1,train,253.55014801025393,REPEATED,ONSET,ONSET,binary_crossing,0.835027223617906,0.5617053485765203,0.2264887730748416,0.2048399707175022,0.7613675578876612,False
binary_clench_threshold,binary_clench_threshold_cl0p80_on0p45_ac0p55_re0p50_sm1_cd300_rise0p00,HR-2-27-26-(01).csv,/Users/yanivnaggar/Desktop/Spring 2026/IS/OPENBCI_runs/Yaniv/EMG_JvsN/HR-2-27-26-(01).csv,2026-02-27,1,train,254.15192842483523,REPEATED,ONSET,ONSET,binary_crossing,0.9094299622560429,0.9837914278251133,0.007425699900207505,0.008256908988216663,0.7957043633416593,False
binary_clench_threshold,binary_clench_threshold_cl0p80_on0p45_ac0p55_re0p50_sm1_cd300_rise0p00,HR-2-27-26-(01).csv,/Users/yanivnaggar/Desktop/Spring 2026/IS/OPENBCI_runs/Yaniv/EMG_JvsN/HR-2-27-26-(01).csv,2026-02-27,1,train,254.75370883941653,REPEATED,ONSET,ONSET,binary_crossing,0.8698648188969829,0.9866102912536842,0.004650180591402153,0.005311117681612591,0.6929715984286626,False
binary_clench_threshold,binary_clench_threshold_cl0p80_on0p45_ac0p55_re0p50_sm1_cd300_rise0p00,HR-2-27-26-(01).csv,/Users/yanivnaggar/Desktop/Spring 2026/IS/OPENBCI_runs/Yaniv/EMG_JvsN/HR-2-27-26-(01).csv,2026-02-27,1,train,256.85994029045105,REPEATED,ONSET,ACTIVE,binary_crossing,0.9137681478531173,0.6755331660941762,0.2731230654321652,0.028572507134429652,0.8926320743943974,False
binary_clench_threshold,binary_clench_threshold_cl0p80_on0p45_ac0p55_re0p50_sm1_cd300_rise0p00,HR-2-27-26-(01).csv,/Users/yanivnaggar/Desktop/Spring 2026/IS/OPENBCI_runs/Yaniv/EMG_JvsN/HR-2-27-26-(01).csv,2026-02-27,1,train,258.26409459114075,REPEATED,ACTIVE,ACTIVE,binary_crossing,0.8620173105850893,0.16390556517438817,0.7302512841598608,0.08036112598123943,0.8619467021295679,False
binary_clench_threshold,binary_clench_threshold_cl0p80_on0p45_ac0p55_re0p50_sm1_cd300_rise0p00,HR-2-27-26-(01).csv,/Users/yanivnaggar/Desktop/Spring 2026/IS/OPENBCI_runs/Yaniv/EMG_JvsN/HR-2-27-26-(01).csv,2026-02-27,1,train,258.86587500572205,REPEATED,ONSET,ONSET,binary_crossing,0.8509726199482677,0.9748245582169263,0.011469143164353766,0.012130508256003945,0.7186064957587646,False
binary_clench_threshold,binary_clench_threshold_cl0p80_on0p45_ac0p55_re0p50_sm1_cd300_rise0p00,HR-2-27-26-(01).csv,/Users/yanivnaggar/Desktop/Spring 2026/IS/OPENBCI_runs/Yaniv/EMG_JvsN/HR-2-27-26-(01).csv,2026-02-27,1,train,259.66824889183044,REPEATED,ACTIVE,ONSET,binary_crossing,0.8460225634569669,0.2883134337130652,0.5161827230500609,0.18875269379369328,0.792895195832671,False
binary_clench_threshold,binary_clench_threshold_cl0p80_on0p45_ac0p55_re0p50_sm1_cd300_rise0p00,HR-2-27-26-(01).csv,/Users/yanivnaggar/Desktop/Spring 2026/IS/OPENBCI_runs/Yaniv/EMG_JvsN/HR-2-27-26-(01).csv,2026-02-27,1,train,260.9721064567566,REST,ONSET,INACTIVE,binary_crossing,0.9240129650141695,0.6044045954003077,0.3445422878083991,0.04103970687005709,0.8077433053921755,False
binary_clench_threshold,binary_clench_threshold_cl0p80_on0p45_ac0p55_re0p50_sm1_cd300_rise0p00,HR-2-27-26-(01).csv,/Users/yanivnaggar/Desktop/Spring 2026/IS/OPENBCI_runs/Yaniv/EMG_JvsN/HR-2-27-26-(01).csv,2026-02-27,1,train,277.42077112197876,REST,ONSET,INACTIVE,binary_crossing,0.8888137265000333,0.9958098410186499,0.002402315996614896,0.0014472577734639166,0.6594971192181147,False
binary_clench_threshold,binary_clench_threshold_cl0p80_on0p45_ac0p55_re0p50_sm1_cd300_rise0p00,HR-2-27-26-(01).csv,/Users/yanivnaggar/Desktop/Spring 2026/IS/OPENBCI_runs/Yaniv/EMG_JvsN/HR-2-27-26-(01).csv,2026-02-27,1,train,291.9637978076935,REPEATED,ONSET,ONSET,binary_crossing,0.8338063533261099,0.962263782597096,0.011922882989186753,0.02492576800800045,0.6860286855536127,False
binary_clench_threshold,binary_clench_threshold_cl0p80_on0p45_ac0p55_re0p50_sm1_cd300_rise0p00,HR-2-27-26-(01).csv,/Users/yanivnaggar/Desktop/Spring 2026/IS/OPENBCI_runs/Yaniv/EMG_JvsN/HR-2-27-26-(01).csv,2026-02-27,1,train,292.7661716938019,REPEATED,ONSET,ONSET,binary_crossing,0.8592851860906421,0.9851121874604473,0.0057040273173152795,0.008795079868875393,0.6682911494987738,False
binary_clench_threshold,binary_clench_threshold_cl0p80_on0p45_ac0p55_re0p50_sm1_cd300_rise0p00,HR-2-27-26-(01).csv,/Users/yanivnaggar/Desktop/Spring 2026/IS/OPENBCI_runs/Yaniv/EMG_JvsN/HR-2-27-26-(01).csv,2026-02-27,1,train,293.5685455799103,REPEATED,ONSET,ACTIVE,binary_crossing,0.9274349202159918,0.8838353050265179,0.09535449583102486,0.013313268342978761,0.9473004012761816,False
binary_clench_threshold,binary_clench_threshold_cl0p80_on0p45_ac0p55_re0p50_sm1_cd300_rise0p00,HR-2-27-26-(01).csv,/Users/yanivnaggar/Desktop/Spring 2026/IS/OPENBCI_runs/Yaniv/EMG_JvsN/HR-2-27-26-(01).csv,2026-02-27,1,train,294.2706227302551,REPEATED,ONSET,ONSET,binary_crossing,0.8854963645991243,0.9830184704581104,0.010041574055736985,0.004517789503018608,0.6332607737918139,False
binary_clench_threshold,binary_clench_threshold_cl0p80_on0p45_ac0p55_re0p50_sm1_cd300_rise0p00,HR-2-27-26-(01).csv,/Users/yanivnaggar/Desktop/Spring 2026/IS/OPENBCI_runs/Yaniv/EMG_JvsN/HR-2-27-26-(01).csv,2026-02-27,1,train,295.7750737667084,REPEATED,ONSET,ONSET,binary_crossing,0.9074736780921159,0.8749288261919791,0.08884282831674042,0.03178944944037866,0.7755240078268527,False
binary_clench_threshold,binary_clench_threshold_cl0p80_on0p45_ac0p55_re0p50_sm1_cd300_rise0p00,HR-2-27-26-(01).csv,/Users/yanivnaggar/Desktop/Spring 2026/IS/OPENBCI_runs/Yaniv/EMG_JvsN/HR-2-27-26-(01).csv,2026-02-27,1,train,296.5774476528168,REPEATED,ACTIVE,ACTIVE,binary_crossing,0.9141856614263029,0.16866270102586947,0.7066845113462434,0.11879581943056594,1.0013115086737225,False
binary_clench_threshold,binary_clench_threshold_cl0p80_on0p45_ac0p55_re0p50_sm1_cd300_rise0p00,HR-2-27-26-(01).csv,/Users/yanivnaggar/Desktop/Spring 2026/IS/OPENBCI_runs/Yaniv/EMG_JvsN/HR-2-27-26-(01).csv,2026-02-27,1,train,297.4801182746887,REPEATED,ACTIVE,ACTIVE,binary_crossing,0.8425869680990499,0.0982531161871786,0.7639242432619696,0.07848740094425773,0.8841786334135996,False
binary_clench_threshold,binary_clench_threshold_cl0p80_on0p45_ac0p55_re0p50_sm1_cd300_rise0p00,HR-2-27-26-(01).csv,/Users/yanivnaggar/Desktop/Spring 2026/IS/OPENBCI_runs/Yaniv/EMG_JvsN/HR-2-27-26-(01).csv,2026-02-27,1,train,319.8462903499603,HOLD,ONSET,ACTIVE,binary_crossing,0.9342249394238873,0.9426026947135732,0.041098745243169886,0.014895316911729914,0.8097332153316198,False
binary_clench_threshold,binary_clench_threshold_cl0p80_on0p45_ac0p55_re0p50_sm1_cd300_rise0p00,HR-2-27-26-(01).csv,/Users/yanivnaggar/Desktop/Spring 2026/IS/OPENBCI_runs/Yaniv/EMG_JvsN/HR-2-27-26-(01).csv,2026-02-27,1,train,334.2890202999115,REPEATED,ONSET,ONSET,binary_crossing,0.874029921150312,0.9952442011896603,0.001255246165512308,0.0033258797463979798,0.7855956502647209,False
binary_clench_threshold,binary_clench_threshold_cl0p80_on0p45_ac0p55_re0p50_sm1_cd300_rise0p00,HR-2-27-26-(01).csv,/Users/yanivnaggar/Desktop/Spring 2026/IS/OPENBCI_runs/Yaniv/EMG_JvsN/HR-2-27-26-(01).csv,2026-02-27,1,train,335.0913941860199,REPEATED,ONSET,ONSET,binary_crossing,0.9032001560385002,0.9895176763775432,0.00220255064078392,0.008188434297742351,0.7809975961396879,False
binary_clench_threshold,binary_clench_threshold_cl0p80_on0p45_ac0p55_re0p50_sm1_cd300_rise0p00,HR-2-27-26-(01).csv,/Users/yanivnaggar/Desktop/Spring 2026/IS/OPENBCI_runs/Yaniv/EMG_JvsN/HR-2-27-26-(01).csv,2026-02-27,1,train,342.21246242523193,REPEATED,ONSET,ONSET,binary_crossing,0.8521964192841452,0.996061682148019,0.0013111504655494433,0.0021582771961453696,0.6858836999500676,False
binary_clench_threshold,binary_clench_threshold_cl0p80_on0p45_ac0p55_re0p50_sm1_cd300_rise0p00,HR-2-27-26-(01).csv,/Users/yanivnaggar/Desktop/Spring 2026/IS/OPENBCI_runs/Yaniv/EMG_JvsN/HR-2-27-26-(01).csv,2026-02-27,1,train,343.01483631134033,REPEATED,ONSET,ONSET,binary_crossing,0.9458160350310331,0.9957053979571755,0.0028147538472122822,0.0007759765109105809,0.7040393192249526,False
binary_clench_threshold,binary_clench_threshold_cl0p80_on0p45_ac0p55_re0p50_sm1_cd300_rise0p00,HR-2-27-26-(01).csv,/Users/yanivnaggar/Desktop/Spring 2026/IS/OPENBCI_runs/Yaniv/EMG_JvsN/HR-2-27-26-(01).csv,2026-02-27,1,train,361.6700291633606,HOLD,ONSET,ACTIVE,binary_crossing,0.8968797289041535,0.874549184904647,0.06835044921253645,0.055621607302328624,0.9187659291116975,False
binary_clench_threshold,binary_clench_threshold_cl0p80_on0p45_ac0p55_re0p50_sm1_cd300_rise0p00,HR-2-27-26-(01).csv,/Users/yanivnaggar/Desktop/Spring 2026/IS/OPENBCI_runs/Yaniv/EMG_JvsN/HR-2-27-26-(01).csv,2026-02-27,1,train,375.611275434494,REPEATED,ONSET,ONSET,binary_crossing,0.8444609786650845,0.9966371362220503,0.0008184219541191108,0.0023613938202993274,0.6774261441916954,False
binary_clench_threshold,binary_clench_threshold_cl0p80_on0p45_ac0p55_re0p50_sm1_cd300_rise0p00,HR-2-27-26-(01).csv,/Users/yanivnaggar/Desktop/Spring 2026/IS/OPENBCI_runs/Yaniv/EMG_JvsN/HR-2-27-26-(01).csv,2026-02-27,1,train,376.31335258483887,REPEATED,ONSET,ONSET,binary_crossing,0.8230187008672807,0.9785796434356202,0.008001817573265351,0.011597564666120566,0.5970630480329289,False
binary_clench_threshold,binary_clench_threshold_cl0p80_on0p45_ac0p55_re0p50_sm1_cd300_rise0p00,HR-2-27-26-(01).csv,/Users/yanivnaggar/Desktop/Spring 2026/IS/OPENBCI_runs/Yaniv/EMG_JvsN/HR-2-27-26-(01).csv,2026-02-27,1,train,400.1839756965637,HOLD,ONSET,ACTIVE,binary_crossing,0.860160691886731,0.9514916198623354,0.020922709260472475,0.0265234427137708,0.7223372485057673,False
binary_clench_threshold,binary_clench_threshold_cl0p80_on0p45_ac0p55_re0p50_sm1_cd300_rise0p00,HR-2-27-26-(01).csv,/Users/yanivnaggar/Desktop/Spring 2026/IS/OPENBCI_runs/Yaniv/EMG_JvsN/HR-2-27-26-(01).csv,2026-02-27,1,train,414.32581543922424,REPEATED,ONSET,ONSET,binary_crossing,0.8878317498111362,0.9977397026363484,0.0005078442574086481,0.001716652976240965,0.7963734481324454,False
binary_clench_threshold,binary_clench_threshold_cl0p80_on0p45_ac0p55_re0p50_sm1_cd300_rise0p00,HR-2-27-26-(01).csv,/Users/yanivnaggar/Desktop/Spring 2026/IS/OPENBCI_runs/Yaniv/EMG_JvsN/HR-2-27-26-(01).csv,2026-02-27,1,train,415.72996973991394,REPEATED,ONSET,ONSET,binary_crossing,0.9515730719944745,0.993910603291305,0.004279428203357186,0.0015365128690163824,0.8211243496962269,False
binary_clench_threshold,binary_clench_threshold_cl0p80_on0p45_ac0p55_re0p50_sm1_cd300_rise0p00,HR-2-27-26-(01).csv,/Users/yanivnaggar/Desktop/Spring 2026/IS/OPENBCI_runs/Yaniv/EMG_JvsN/HR-2-27-26-(01).csv,2026-02-27,1,train,419.94243264198303,REPEATED,ONSET,ONSET,binary_crossing,0.9036178366424344,0.992251701689624,0.0032397833184896435,0.0032878945101232297,0.7154371056301794,False
binary_clench_threshold,binary_clench_threshold_cl0p80_on0p45_ac0p55_re0p50_sm1_cd300_rise0p00,HR-2-27-26-(01).csv,/Users/yanivnaggar/Desktop/Spring 2026/IS/OPENBCI_runs/Yaniv/EMG_JvsN/HR-2-27-26-(01).csv,2026-02-27,1,train,422.1489608287811,REPEATED,ACTIVE,ACTIVE,binary_crossing,0.9185578819389808,0.2789620107745361,0.6308238695612348,0.017213475774790505,0.7814851823404715,False
binary_clench_threshold,binary_clench_threshold_cl0p80_on0p45_ac0p55_re0p50_sm1_cd300_rise0p00,HR-2-27-26-(01).csv,/Users/yanivnaggar/Desktop/Spring 2026/IS/OPENBCI_runs/Yaniv/EMG_JvsN/HR-2-27-26-(01).csv,2026-02-27,1,train,441.90741777420044,HOLD,ACTIVE,ACTIVE,binary_crossing,0.9533529037436967,0.18536290315061693,0.7761827453829707,0.029322829865861138,1.0373344604800423,False
binary_clench_threshold,binary_clench_threshold_cl0p80_on0p45_ac0p55_re0p50_sm1_cd300_rise0p00,HR-2-27-26-(01).csv,/Users/yanivnaggar/Desktop/Spring 2026/IS/OPENBCI_runs/Yaniv/EMG_JvsN/HR-2-27-26-(01).csv,2026-02-27,1,train,454.5448064804077,REPEATED,ONSET,ONSET,binary_crossing,0.9211474377831205,0.9967038280256404,0.0011777023895600612,0.001999619848902797,0.743860769826034,False
binary_clench_threshold,binary_clench_threshold_cl0p80_on0p45_ac0p55_re0p50_sm1_cd300_rise0p00,HR-2-27-26-(01).csv,/Users/yanivnaggar/Desktop/Spring 2026/IS/OPENBCI_runs/Yaniv/EMG_JvsN/HR-2-27-26-(01).csv,2026-02-27,1,train,455.146586894989,REPEATED,ONSET,ONSET,binary_crossing,0.8195537639999751,0.9872251309543032,0.0026354099279912086,0.00960901760304628,0.632910452431244,False
binary_clench_threshold,binary_clench_threshold_cl0p80_on0p45_ac0p55_re0p50_sm1_cd300_rise0p00,HR-2-27-26-(01).csv,/Users/yanivnaggar/Desktop/Spring 2026/IS/OPENBCI_runs/Yaniv/EMG_JvsN/HR-2-27-26-(01).csv,2026-02-27,1,train,455.84866404533386,REPEATED,ONSET,ONSET,binary_crossing,0.802209513637026,0.9888795252993245,0.0022098662882633693,0.00808098950179775,0.5712791812171516,False
binary_clench_threshold,binary_clench_threshold_cl0p80_on0p45_ac0p55_re0p50_sm1_cd300_rise0p00,HR-2-27-26-(01).csv,/Users/yanivnaggar/Desktop/Spring 2026/IS/OPENBCI_runs/Yaniv/EMG_JvsN/HR-2-27-26-(01).csv,2026-02-27,1,train,456.5507411956787,REPEATED,ONSET,ONSET,binary_crossing,0.9353807416913015,0.9949105129157223,0.0027548379828274,0.001270004009575441,0.7324213039312205,False
binary_clench_threshold,binary_clench_threshold_cl0p80_on0p45_ac0p55_re0p50_sm1_cd300_rise0p00,HR-2-27-26-(01).csv,/Users/yanivnaggar/Desktop/Spring 2026/IS/OPENBCI_runs/Yaniv/EMG_JvsN/HR-2-27-26-(01).csv,2026-02-27,1,train,457.25281834602356,REPEATED,ONSET,ONSET,binary_crossing,0.8869508852273335,0.9759028686671404,0.01153493307547802,0.011676049087114105,0.7484431272009223,False
binary_clench_threshold,binary_clench_threshold_cl0p80_on0p45_ac0p55_re0p50_sm1_cd300_rise0p00,HR-2-27-26-(01).csv,/Users/yanivnaggar/Desktop/Spring 2026/IS/OPENBCI_runs/Yaniv/EMG_JvsN/HR-2-27-26-(01).csv,2026-02-27,1,train,458.65697264671326,REPEATED,ONSET,ONSET,binary_crossing,0.8402535047853497,0.9846490327958758,0.006218172789497171,0.005300381550255201,0.5875228560048815,False
binary_clench_threshold,binary_clench_threshold_cl0p80_on0p45_ac0p55_re0p50_sm1_cd300_rise0p00,HR-2-27-26-(01).csv,/Users/yanivnaggar/Desktop/Spring 2026/IS/OPENBCI_runs/Yaniv/EMG_JvsN/HR-2-27-26-(01).csv,2026-02-27,1,train,460.06112694740295,REPEATED,ONSET,ONSET,binary_crossing,0.8264858696406611,0.9968381333193345,0.0005631531972541249,0.002415258675830252,0.6268932200077034,False
binary_clench_threshold,binary_clench_threshold_cl0p80_on0p45_ac0p55_re0p50_sm1_cd300_rise0p00,HR-2-27-26-(01).csv,/Users/yanivnaggar/Desktop/Spring 2026/IS/OPENBCI_runs/Yaniv/EMG_JvsN/HR-2-27-26-(01).csv,2026-02-27,1,train,460.86350083351135,REPEATED,ONSET,ONSET,binary_crossing,0.9530437879684871,0.9241708273146014,0.06816953161831027,0.003784770584848747,0.9249319805317902,False
binary_clench_threshold,binary_clench_threshold_cl0p80_on0p45_ac0p55_re0p50_sm1_cd300_rise0p00,HR-2-27-26-(01).csv,/Users/yanivnaggar/Desktop/Spring 2026/IS/OPENBCI_runs/Yaniv/EMG_JvsN/HR-2-27-26-(01).csv,2026-02-27,1,train,461.46528124809265,REPEATED,ONSET,ONSET,binary_crossing,0.8380598153431983,0.9971593625603526,0.00032535990976432057,0.002185734905293845,0.5994274408472677,False
binary_clench_threshold,binary_clench_threshold_cl0p80_on0p45_ac0p55_re0p50_sm1_cd300_rise0p00,HR-2-27-26-(01).csv,/Users/yanivnaggar/Desktop/Spring 2026/IS/OPENBCI_runs/Yaniv/EMG_JvsN/HR-2-27-26-(01).csv,2026-02-27,1,train,462.3679518699646,REPEATED,ACTIVE,ACTIVE,binary_crossing,0.8454132747197507,0.3246308506899834,0.5419896985541326,0.10079874177603235,0.8544059225399918,False
binary_clench_threshold,binary_clench_threshold_cl0p80_on0p45_ac0p55_re0p50_sm1_cd300_rise0p00,HR-2-27-26-(01).csv,/Users/yanivnaggar/Desktop/Spring 2026/IS/OPENBCI_runs/Yaniv/EMG_JvsN/HR-2-27-26-(01).csv,2026-02-27,1,train,463.67180943489075,REPEATED,ONSET,INACTIVE,binary_crossing,0.9609224837566654,0.9445798900834387,0.0355245862462457,0.019507800659870303,1.0800885041028017,False
binary_clench_threshold,binary_clench_threshold_cl0p80_on0p45_ac0p55_re0p50_sm1_cd300_rise0p00,HR-2-27-26-(01).csv,/Users/yanivnaggar/Desktop/Spring 2026/IS/OPENBCI_runs/Yaniv/EMG_JvsN/HR-2-27-26-(01).csv,2026-02-27,1,train,479.81958389282227,HOLD,ONSET,ACTIVE,binary_crossing,0.8160249678087556,0.9857687325989929,0.001408032490999857,0.012694925587518537,0.6787712961227264,False
binary_clench_threshold,binary_clench_threshold_cl0p80_on0p45_ac0p55_re0p50_sm1_cd300_rise0p00,HR-2-27-26-(01).csv,/Users/yanivnaggar/Desktop/Spring 2026/IS/OPENBCI_runs/Yaniv/EMG_JvsN/HR-2-27-26-(01).csv,2026-02-27,1,train,480.62195777893066,HOLD,ONSET,ACTIVE,binary_crossing,0.9759516680802306,0.9963275483752633,0.0029098004502663027,0.00016035945173275404,0.929606863221635,False
binary_clench_threshold,binary_clench_threshold_cl0p80_on0p45_ac0p55_re0p50_sm1_cd300_rise0p00,HR-2-27-26-(01).csv,/Users/yanivnaggar/Desktop/Spring 2026/IS/OPENBCI_runs/Yaniv/EMG_JvsN/HR-2-27-26-(01).csv,2026-02-27,1,train,481.3240349292755,HOLD,ONSET,ACTIVE,binary_crossing,0.9527454111529957,0.8077485225216681,0.17002168784664753,0.019277356522255235,1.0663778449965777,False
binary_clench_threshold,binary_clench_threshold_cl0p80_on0p45_ac0p55_re0p50_sm1_cd300_rise0p00,HR-2-27-26-(01).csv,/Users/yanivnaggar/Desktop/Spring 2026/IS/OPENBCI_runs/Yaniv/EMG_JvsN/HR-2-27-26-(01).csv,2026-02-27,1,train,481.9258153438568,HOLD,ONSET,ACTIVE,binary_crossing,0.9269317062596684,0.9927356542038804,0.004101033656619326,0.002626546271469596,0.7424594776775385,False
binary_clench_threshold,binary_clench_threshold_cl0p80_on0p45_ac0p55_re0p50_sm1_cd300_rise0p00,HR-2-27-26-(01).csv,/Users/yanivnaggar/Desktop/Spring 2026/IS/OPENBCI_runs/Yaniv/EMG_JvsN/HR-2-27-26-(01).csv,2026-02-27,1,train,483.9317500591278,HOLD,ONSET,ACTIVE,binary_crossing,0.8881065268841506,0.920970292926879,0.04383413239497857,0.033696218108392996,0.7424913211964708,False
binary_clench_threshold,binary_clench_threshold_cl0p80_on0p45_ac0p55_re0p50_sm1_cd300_rise0p00,HR-2-27-26-(01).csv,/Users/yanivnaggar/Desktop/Spring 2026/IS/OPENBCI_runs/Yaniv/EMG_JvsN/HR-2-27-26-(01).csv,2026-02-27,1,train,484.9347174167633,HOLD,ONSET,ACTIVE,binary_crossing,0.8751027138733475,0.9461726243375045,0.033487570856831995,0.015113888090478216,0.7996350629585091,False
binary_clench_threshold,binary_clench_threshold_cl0p80_on0p45_ac0p55_re0p50_sm1_cd300_rise0p00,HR-2-27-26-(01).csv,/Users/yanivnaggar/Desktop/Spring 2026/IS/OPENBCI_runs/Yaniv/EMG_JvsN/HR-2-27-26-(01).csv,2026-02-27,1,train,494.9643909931183,REPEATED,ONSET,ONSET,binary_crossing,0.9354955668356477,0.9572956329366166,0.022417800985080047,0.020154131330765417,0.9320880507729434,False
binary_clench_threshold,binary_clench_threshold_cl0p80_on0p45_ac0p55_re0p50_sm1_cd300_rise0p00,HR-2-27-26-(01).csv,/Users/yanivnaggar/Desktop/Spring 2026/IS/OPENBCI_runs/Yaniv/EMG_JvsN/HR-2-27-26-(01).csv,2026-02-27,1,train,495.5661714076996,REPEATED,ONSET,ONSET,binary_crossing,0.9598468331137106,0.9926036010416712,0.005287795057921467,0.0018371065478335487,0.8711886139280698,False
binary_clench_threshold,binary_clench_threshold_cl0p80_on0p45_ac0p55_re0p50_sm1_cd300_rise0p00,HR-2-27-26-(01).csv,/Users/yanivnaggar/Desktop/Spring 2026/IS/OPENBCI_runs/Yaniv/EMG_JvsN/HR-2-27-26-(01).csv,2026-02-27,1,train,496.26824855804443,REPEATED,ONSET,ACTIVE,binary_crossing,0.9233534124946526,0.6813474448608321,0.2785068298501086,0.024396154869619782,0.9687164991151298,False
binary_clench_threshold,binary_clench_threshold_cl0p80_on0p45_ac0p55_re0p50_sm1_cd300_rise0p00,HR-2-27-26-(01).csv,/Users/yanivnaggar/Desktop/Spring 2026/IS/OPENBCI_runs/Yaniv/EMG_JvsN/HR-2-27-26-(01).csv,2026-02-27,1,train,496.87002897262573,REPEATED,ONSET,ACTIVE,binary_crossing,0.9103690585976884,0.9322282335662122,0.038249658466951074,0.02776195482940562,0.9183331353418978,False
binary_clench_threshold,binary_clench_threshold_cl0p80_on0p45_ac0p55_re0p50_sm1_cd300_rise0p00,HR-2-27-26-(01).csv,/Users/yanivnaggar/Desktop/Spring 2026/IS/OPENBCI_runs/Yaniv/EMG_JvsN/HR-2-27-26-(01).csv,2026-02-27,1,train,497.47180938720703,REPEATED,ONSET,ONSET,binary_crossing,0.897306612653328,0.9861941333550911,0.007786519589389527,0.002954479029584908,0.7301933786064047,False
binary_clench_threshold,binary_clench_threshold_cl0p80_on0p45_ac0p55_re0p50_sm1_cd300_rise0p00,HR-2-27-26-(01).csv,/Users/yanivnaggar/Desktop/Spring 2026/IS/OPENBCI_runs/Yaniv/EMG_JvsN/HR-2-27-26-(01).csv,2026-02-27,1,train,498.67537021636963,REPEATED,ONSET,ONSET,binary_crossing,0.9052398461288413,0.9970832592650043,0.0011767709823233892,0.001484705861933391,0.7323549777980491,False
binary_clench_threshold,binary_clench_threshold_cl0p80_on0p45_ac0p55_re0p50_sm1_cd300_rise0p00,HR-2-27-26-(01).csv,/Users/yanivnaggar/Desktop/Spring 2026/IS/OPENBCI_runs/Yaniv/EMG_JvsN/HR-2-27-26-(01).csv,2026-02-27,1,train,500.58100819587713,REPEATED,ONSET,ONSET,binary_crossing,0.8905024250775762,0.9867503604958199,0.0050434683853135326,0.007477258925977308,0.7557549610612128,False
binary_clench_threshold,binary_clench_threshold_cl0p80_on0p45_ac0p55_re0p50_sm1_cd300_rise0p00,HR-3-8-26-(02).csv,/Users/yanivnaggar/Desktop/Spring 2026/IS/OPENBCI_runs/Yaniv/EMG_JvsN/HR-3-8-26-(02).csv,2026-03-08,2,train,0.3009796142578125,BASELINE,INACTIVE,INACTIVE,binary_crossing,0.9499107200132261,2.2530479055120346e-97,8.380411459583737e-27,0.9999998820957853,13.179687756524679,False
binary_clench_threshold,binary_clench_threshold_cl0p80_on0p45_ac0p55_re0p50_sm1_cd300_rise0p00,HR-3-8-26-(02).csv,/Users/yanivnaggar/Desktop/Spring 2026/IS/OPENBCI_runs/Yaniv/EMG_JvsN/HR-3-8-26-(02).csv,2026-03-08,2,train,53.07273864746094,HOLD,ONSET,ACTIVE,binary_crossing,0.9587038022747787,0.9977915187115215,0.0016545989815307995,0.0004610562949691477,0.8165204168010584,False
binary_clench_threshold,binary_clench_threshold_cl0p80_on0p45_ac0p55_re0p50_sm1_cd300_rise0p00,HR-3-8-26-(02).csv,/Users/yanivnaggar/Desktop/Spring 2026/IS/OPENBCI_runs/Yaniv/EMG_JvsN/HR-3-8-26-(02).csv,2026-03-08,2,train,62.403106689453125,REPEATED,ACTIVE,ACTIVE,binary_crossing,0.9612017792088199,0.005378568230539685,0.9577877600500778,0.0022379880911987753,0.8914279598528794,False
binary_clench_threshold,binary_clench_threshold_cl0p80_on0p45_ac0p55_re0p50_sm1_cd300_rise0p00,HR-3-8-26-(02).csv,/Users/yanivnaggar/Desktop/Spring 2026/IS/OPENBCI_runs/Yaniv/EMG_JvsN/HR-3-8-26-(02).csv,2026-03-08,2,train,62.804412841796875,REPEATED,ONSET,ACTIVE,binary_crossing,0.8464903810303602,0.688880002254836,0.21297066179116728,0.051403615170725614,0.6012346867787679,False
binary_clench_threshold,binary_clench_threshold_cl0p80_on0p45_ac0p55_re0p50_sm1_cd300_rise0p00,HR-3-8-26-(02).csv,/Users/yanivnaggar/Desktop/Spring 2026/IS/OPENBCI_runs/Yaniv/EMG_JvsN/HR-3-8-26-(02).csv,2026-03-08,2,train,63.30604553222656,REPEATED,ONSET,ONSET,binary_crossing,0.9951167217344467,0.9897603110058352,0.00963461065753923,6.088340625127019e-05,1.004427040253394,False
binary_clench_threshold,binary_clench_threshold_cl0p80_on0p45_ac0p55_re0p50_sm1_cd300_rise0p00,HR-3-8-26-(02).csv,/Users/yanivnaggar/Desktop/Spring 2026/IS/OPENBCI_runs/Yaniv/EMG_JvsN/HR-3-8-26-(02).csv,2026-03-08,2,train,64.91127014160156,REPEATED,ACTIVE,ACTIVE,binary_crossing,0.9275946835329189,0.11336517409529588,0.7878827353497198,0.024055165093551524,0.7678462845983721,False
binary_clench_threshold,binary_clench_threshold_cl0p80_on0p45_ac0p55_re0p50_sm1_cd300_rise0p00,HR-3-8-26-(02).csv,/Users/yanivnaggar/Desktop/Spring 2026/IS/OPENBCI_runs/Yaniv/EMG_JvsN/HR-3-8-26-(02).csv,2026-03-08,2,train,66.41616821289062,REPEATED,ONSET,OFFSET,binary_crossing,0.9599275577344322,0.7001846243962042,0.2471032230084147,0.007861690680718016,0.831085857368235,False
binary_clench_threshold,binary_clench_threshold_cl0p80_on0p45_ac0p55_re0p50_sm1_cd300_rise0p00,HR-3-8-26-(02).csv,/Users/yanivnaggar/Desktop/Spring 2026/IS/OPENBCI_runs/Yaniv/EMG_JvsN/HR-3-8-26-(02).csv,2026-03-08,2,train,79.4586181640625,HOLD,ONSET,ACTIVE,binary_crossing,0.9097244293706339,0.9978128368213925,0.0005614464697851408,0.001507013065254014,0.8203062447375881,False
binary_clench_threshold,binary_clench_threshold_cl0p80_on0p45_ac0p55_re0p50_sm1_cd300_rise0p00,HR-3-8-26-(02).csv,/Users/yanivnaggar/Desktop/Spring 2026/IS/OPENBCI_runs/Yaniv/EMG_JvsN/HR-3-8-26-(02).csv,2026-03-08,2,train,89.892578125,REPEATED,ACTIVE,ACTIVE,binary_crossing,0.9188143927055294,0.11367982043865539,0.7612580380649812,0.012713101682706143,0.679305252527048,False
binary_clench_threshold,binary_clench_threshold_cl0p80_on0p45_ac0p55_re0p50_sm1_cd300_rise0p00,HR-3-8-26-(02).csv,/Users/yanivnaggar/Desktop/Spring 2026/IS/OPENBCI_runs/Yaniv/EMG_JvsN/HR-3-8-26-(02).csv,2026-03-08,2,train,90.39421081542969,REPEATED,ACTIVE,ACTIVE,binary_crossing,0.967954372507575,0.1141460584892987,0.8428685248025225,0.005712617389798395,0.8877369193466739,False
binary_clench_threshold,binary_clench_threshold_cl0p80_on0p45_ac0p55_re0p50_sm1_cd300_rise0p00,HR-3-8-26-(02).csv,/Users/yanivnaggar/Desktop/Spring 2026/IS/OPENBCI_runs/Yaniv/EMG_JvsN/HR-3-8-26-(02).csv,2026-03-08,2,train,90.89584350585938,REPEATED,ONSET,ONSET,binary_crossing,0.9754650561850139,0.9963354381706799,0.0031630806685584005,0.00030066558478535776,0.8654264676644913,False
binary_clench_threshold,binary_clench_threshold_cl0p80_on0p45_ac0p55_re0p50_sm1_cd300_rise0p00,HR-3-8-26-(02).csv,/Users/yanivnaggar/Desktop/Spring 2026/IS/OPENBCI_runs/Yaniv/EMG_JvsN/HR-3-8-26-(02).csv,2026-03-08,2,train,92.70172119140625,REPEATED,ACTIVE,ACTIVE,binary_crossing,0.954875542265332,0.25201095010876245,0.679027026663059,0.00899475324168089,0.7710763370468833,False
binary_clench_threshold,binary_clench_threshold_cl0p80_on0p45_ac0p55_re0p50_sm1_cd300_rise0p00,HR-3-8-26-(02).csv,/Users/yanivnaggar/Desktop/Spring 2026/IS/OPENBCI_runs/Yaniv/EMG_JvsN/HR-3-8-26-(02).csv,2026-03-08,2,train,93.30368041992188,REPEATED,ACTIVE,ACTIVE,binary_crossing,0.8954402387379059,0.01726058606268966,0.809119700776826,0.023151288629075766,0.744659860447258,False
binary_clench_threshold,binary_clench_threshold_cl0p80_on0p45_ac0p55_re0p50_sm1_cd300_rise0p00,HR-3-8-26-(02).csv,/Users/yanivnaggar/Desktop/Spring 2026/IS/OPENBCI_runs/Yaniv/EMG_JvsN/HR-3-8-26-(02).csv,2026-03-08,2,train,94.40727233886719,REPEATED,ACTIVE,ACTIVE,binary_crossing,0.8710012899519001,0.10071103559262083,0.781747461038315,0.051467404135875805,0.7381405942984045,False
binary_clench_threshold,binary_clench_threshold_cl0p80_on0p45_ac0p55_re0p50_sm1_cd300_rise0p00,HR-3-8-26-(02).csv,/Users/yanivnaggar/Desktop/Spring 2026/IS/OPENBCI_runs/Yaniv/EMG_JvsN/HR-3-8-26-(02).csv,2026-03-08,2,train,107.95135498046875,HOLD,ONSET,ACTIVE,binary_crossing,0.9971155528927986,0.9999119370683824,8.179276016036073e-05,5.720079033016714e-06,1.420841306931378,False
binary_clench_threshold,binary_clench_threshold_cl0p80_on0p45_ac0p55_re0p50_sm1_cd300_rise0p00,HR-3-8-26-(02).csv,/Users/yanivnaggar/Desktop/Spring 2026/IS/OPENBCI_runs/Yaniv/EMG_JvsN/HR-3-8-26-(02).csv,2026-03-08,2,train,116.27845764160156,REPEATED,ONSET,ONSET,binary_crossing,0.9114264683996144,0.9977130071319893,0.0008064943710950423,0.0013516424043620344,0.6829180738111651,False
binary_clench_threshold,binary_clench_threshold_cl0p80_on0p45_ac0p55_re0p50_sm1_cd300_rise0p00,HR-3-8-26-(02).csv,/Users/yanivnaggar/Desktop/Spring 2026/IS/OPENBCI_runs/Yaniv/EMG_JvsN/HR-3-8-26-(02).csv,2026-03-08,2,train,118.28498840332031,REPEATED,ONSET,ONSET,binary_crossing,0.9651122942012392,0.8416939011058866,0.14751956772132926,0.006385169024531993,0.9193429152444313,False
binary_clench_threshold,binary_clench_threshold_cl0p80_on0p45_ac0p55_re0p50_sm1_cd300_rise0p00,HR-3-8-26-(02).csv,/Users/yanivnaggar/Desktop/Spring 2026/IS/OPENBCI_runs/Yaniv/EMG_JvsN/HR-3-8-26-(02).csv,2026-03-08,2,train,118.88694763183594,REPEATED,ONSET,ONSET,binary_crossing,0.8356475428944488,0.8640278970515215,0.07728643560285989,0.055912837606706026,0.6340226206151527,False
binary_clench_threshold,binary_clench_threshold_cl0p80_on0p45_ac0p55_re0p50_sm1_cd300_rise0p00,HR-3-8-26-(02).csv,/Users/yanivnaggar/Desktop/Spring 2026/IS/OPENBCI_runs/Yaniv/EMG_JvsN/HR-3-8-26-(02).csv,2026-03-08,2,train,119.48890686035156,REPEATED,ONSET,ONSET,binary_crossing,0.9315573925958959,0.9863068866608756,0.009552665771973893,0.0019931998651925367,0.7989592932156877,False
binary_clench_threshold,binary_clench_threshold_cl0p80_on0p45_ac0p55_re0p50_sm1_cd300_rise0p00,HR-3-8-26-(02).csv,/Users/yanivnaggar/Desktop/Spring 2026/IS/OPENBCI_runs/Yaniv/EMG_JvsN/HR-3-8-26-(02).csv,2026-03-08,2,train,131.72874450683594,HOLD,ONSET,ACTIVE,binary_crossing,0.979832949391581,0.9721600663914608,0.026025966732189994,0.001007422094311546,1.0128389266119886,False
binary_clench_threshold,binary_clench_threshold_cl0p80_on0p45_ac0p55_re0p50_sm1_cd300_rise0p00,HR-3-8-26-(02).csv,/Users/yanivnaggar/Desktop/Spring 2026/IS/OPENBCI_runs/Yaniv/EMG_JvsN/HR-3-8-26-(02).csv,2026-03-08,2,train,139.55421447753906,REPEATED,ONSET,ONSET,binary_crossing,0.8258873413709751,0.9524954569679168,0.017162176284084674,0.025255553837755084,0.6319558218004109,False
binary_clench_threshold,binary_clench_threshold_cl0p80_on0p45_ac0p55_re0p50_sm1_cd300_rise0p00,HR-3-8-26-(02).csv,/Users/yanivnaggar/Desktop/Spring 2026/IS/OPENBCI_runs/Yaniv/EMG_JvsN/HR-3-8-26-(02).csv,2026-03-08,2,train,140.1561737060547,REPEATED,ONSET,ONSET,binary_crossing,0.847624902985326,0.8307798568267204,0.10405334671527448,0.05309379172341416,0.5944046169200842,False
binary_clench_threshold,binary_clench_threshold_cl0p80_on0p45_ac0p55_re0p50_sm1_cd300_rise0p00,HR-3-8-26-(02).csv,/Users/yanivnaggar/Desktop/Spring 2026/IS/OPENBCI_runs/Yaniv/EMG_JvsN/HR-3-8-26-(02).csv,2026-03-08,2,train,140.85845947265625,REPEATED,ACTIVE,ACTIVE,binary_crossing,0.9261485888906483,0.07592904112939015,0.7498754442991419,0.014106640795632194,0.735713264296516,False
binary_clench_threshold,binary_clench_threshold_cl0p80_on0p45_ac0p55_re0p50_sm1_cd300_rise0p00,HR-3-8-26-(02).csv,/Users/yanivnaggar/Desktop/Spring 2026/IS/OPENBCI_runs/Yaniv/EMG_JvsN/HR-3-8-26-(02).csv,2026-03-08,2,train,141.259765625,REPEATED,ONSET,ACTIVE,binary_crossing,0.8498568483020249,0.8816901464796439,0.06932570294026895,0.02885179520982284,0.6397175591030432,False
binary_clench_threshold,binary_clench_threshold_cl0p80_on0p45_ac0p55_re0p50_sm1_cd300_rise0p00,HR-3-8-26-(02).csv,/Users/yanivnaggar/Desktop/Spring 2026/IS/OPENBCI_runs/Yaniv/EMG_JvsN/HR-3-8-26-(02).csv,2026-03-08,2,train,153.2989501953125,HOLD,ONSET,ACTIVE,binary_crossing,0.9589561297897375,0.9801736882164113,0.016122988181710946,0.0034293074775081245,0.8169958321590737,False
binary_clench_threshold,binary_clench_threshold_cl0p80_on0p45_ac0p55_re0p50_sm1_cd300_rise0p00,HR-3-8-26-(02).csv,/Users/yanivnaggar/Desktop/Spring 2026/IS/OPENBCI_runs/Yaniv/EMG_JvsN/HR-3-8-26-(02).csv,2026-03-08,2,train,161.0240936279297,REPEATED,ONSET,ONSET,binary_crossing,0.8513885010132285,0.8864581973498976,0.0806668698013131,0.021270900461155706,0.6302247645041096,False
binary_clench_threshold,binary_clench_threshold_cl0p80_on0p45_ac0p55_re0p50_sm1_cd300_rise0p00,HR-3-8-26-(02).csv,/Users/yanivnaggar/Desktop/Spring 2026/IS/OPENBCI_runs/Yaniv/EMG_JvsN/HR-3-8-26-(02).csv,2026-03-08,2,train,174.4678497314453,HOLD,ONSET,ACTIVE,binary_crossing,0.947372590227937,0.9992234148009836,0.00039264368816009876,0.000333441814161095,0.7838130855167347,False
binary_clench_threshold,binary_clench_threshold_cl0p80_on0p45_ac0p55_re0p50_sm1_cd300_rise0p00,HR-3-8-26-(02).csv,/Users/yanivnaggar/Desktop/Spring 2026/IS/OPENBCI_runs/Yaniv/EMG_JvsN/HR-3-8-26-(02).csv,2026-03-08,2,train,183.69789123535156,REPEATED,ONSET,ONSET,binary_crossing,0.9775889548167567,0.9781072409801445,0.019517072324110315,0.0004931553949824612,0.7545319575863487,False
binary_clench_threshold,binary_clench_threshold_cl0p80_on0p45_ac0p55_re0p50_sm1_cd300_rise0p00,HR-3-8-26-(02).csv,/Users/yanivnaggar/Desktop/Spring 2026/IS/OPENBCI_runs/Yaniv/EMG_JvsN/HR-3-8-26-(02).csv,2026-03-08,2,train,184.19952392578125,REPEATED,ONSET,ONSET,binary_crossing,0.8437104821468107,0.8944457277562274,0.0694365227350635,0.02340950441617609,0.5944041931140579,False
binary_clench_threshold,binary_clench_threshold_cl0p80_on0p45_ac0p55_re0p50_sm1_cd300_rise0p00,HR-3-8-26-(02).csv,/Users/yanivnaggar/Desktop/Spring 2026/IS/OPENBCI_runs/Yaniv/EMG_JvsN/HR-3-8-26-(02).csv,2026-03-08,2,train,184.70115661621094,REPEATED,ONSET,ONSET,binary_crossing,0.9418023569138801,0.9911850120428598,0.006358300811655551,0.0017376461050115516,0.7260607907529163,False
binary_clench_threshold,binary_clench_threshold_cl0p80_on0p45_ac0p55_re0p50_sm1_cd300_rise0p00,HR-3-8-26-(02).csv,/Users/yanivnaggar/Desktop/Spring 2026/IS/OPENBCI_runs/Yaniv/EMG_JvsN/HR-3-8-26-(02).csv,2026-03-08,2,train,185.9050750732422,REPEATED,ONSET,ACTIVE,binary_crossing,0.9289794485282037,0.734688582562364,0.22063896221652668,0.030867208626908383,0.7506753901251357,False
binary_clench_threshold,binary_clench_threshold_cl0p80_on0p45_ac0p55_re0p50_sm1_cd300_rise0p00,HR-3-8-26-(02).csv,/Users/yanivnaggar/Desktop/Spring 2026/IS/OPENBCI_runs/Yaniv/EMG_JvsN/HR-3-8-26-(02).csv,2026-03-08,2,train,186.40670776367188,REPEATED,ONSET,ONSET,binary_crossing,0.8211708075495974,0.9767734740652046,0.008447097209216303,0.010719128608736611,0.622636540635958,False
binary_clench_threshold,binary_clench_threshold_cl0p80_on0p45_ac0p55_re0p50_sm1_cd300_rise0p00,HR-3-8-26-(02).csv,/Users/yanivnaggar/Desktop/Spring 2026/IS/OPENBCI_runs/Yaniv/EMG_JvsN/HR-3-8-26-(02).csv,2026-03-08,2,train,187.10899353027344,REPEATED,ACTIVE,ACTIVE,binary_crossing,0.9600885044410379,0.2724109322776776,0.684177253826814,0.022699915880560317,0.9004966629305033,False
binary_clench_threshold,binary_clench_threshold_cl0p80_on0p45_ac0p55_re0p50_sm1_cd300_rise0p00,HR-3-8-26-(02).csv,/Users/yanivnaggar/Desktop/Spring 2026/IS/OPENBCI_runs/Yaniv/EMG_JvsN/HR-3-8-26-(02).csv,2026-03-08,2,train,197.442626953125,HOLD,ONSET,ACTIVE,binary_crossing,0.960129279330744,0.997951910465119,0.0014382667947236466,0.00029882706371095913,0.8585338161841862,False
binary_clench_threshold,binary_clench_threshold_cl0p80_on0p45_ac0p55_re0p50_sm1_cd300_rise0p00,HR-3-8-26-(02).csv,/Users/yanivnaggar/Desktop/Spring 2026/IS/OPENBCI_runs/Yaniv/EMG_JvsN/HR-3-8-26-(02).csv,2026-03-08,2,train,206.17103576660156,REPEATED,ONSET,ONSET,binary_crossing,0.9669984540788236,0.974288732013029,0.021061097900801243,0.0031984086574971247,0.8461406210741974,False
binary_clench_threshold,binary_clench_threshold_cl0p80_on0p45_ac0p55_re0p50_sm1_cd300_rise0p00,HR-3-8-26-(02).csv,/Users/yanivnaggar/Desktop/Spring 2026/IS/OPENBCI_runs/Yaniv/EMG_JvsN/HR-3-8-26-(02).csv,2026-03-08,2,train,206.87332153320312,REPEATED,ONSET,ACTIVE,binary_crossing,0.9667819606397676,0.8108993606785899,0.17337806628645194,0.00422257592657044,0.8279501705428607,False
binary_clench_threshold,binary_clench_threshold_cl0p80_on0p45_ac0p55_re0p50_sm1_cd300_rise0p00,HR-3-8-26-(02).csv,/Users/yanivnaggar/Desktop/Spring 2026/IS/OPENBCI_runs/Yaniv/EMG_JvsN/HR-3-8-26-(02).csv,2026-03-08,2,train,207.3749542236328,REPEATED,ONSET,ONSET,binary_crossing,0.9395739667750562,0.9514715767191169,0.0393638991686808,0.005725404135648183,0.8219052467157739,False
binary_clench_threshold,binary_clench_threshold_cl0p80_on0p45_ac0p55_re0p50_sm1_cd300_rise0p00,HR-3-8-26-(02).csv,/Users/yanivnaggar/Desktop/Spring 2026/IS/OPENBCI_runs/Yaniv/EMG_JvsN/HR-3-8-26-(02).csv,2026-03-08,2,train,207.97691345214844,REPEATED,ONSET,ONSET,binary_crossing,0.8239185949895771,0.7959887074263784,0.11487188343621403,0.06195771607878852,0.6252295257247604,False
binary_clench_threshold,binary_clench_threshold_cl0p80_on0p45_ac0p55_re0p50_sm1_cd300_rise0p00,HR-3-8-26-(02).csv,/Users/yanivnaggar/Desktop/Spring 2026/IS/OPENBCI_runs/Yaniv/EMG_JvsN/HR-3-8-26-(02).csv,2026-03-08,2,train,209.08050537109375,REPEATED,ONSET,ONSET,binary_crossing,0.966720508283819,0.9776676580148069,0.018962397221511756,0.0009225251991507354,0.688316211279523,False
binary_clench_threshold,binary_clench_threshold_cl0p80_on0p45_ac0p55_re0p50_sm1_cd300_rise0p00,HR-3-8-26-(02).csv,/Users/yanivnaggar/Desktop/Spring 2026/IS/OPENBCI_runs/Yaniv/EMG_JvsN/HR-3-8-26-(02).csv,2026-03-08,2,train,224.2298126220703,HOLD,ONSET,ACTIVE,binary_crossing,0.9267229940976787,0.9838566364912257,0.008997537337161752,0.006865096580949419,0.6508175054594755,False
binary_clench_threshold,binary_clench_threshold_cl0p80_on0p45_ac0p55_re0p50_sm1_cd300_rise0p00,HR-3-8-26-(02).csv,/Users/yanivnaggar/Desktop/Spring 2026/IS/OPENBCI_runs/Yaniv/EMG_JvsN/HR-3-8-26-(02).csv,2026-03-08,2,train,233.15887451171875,REPEATED,ONSET,ONSET,binary_crossing,0.9051849300952178,0.9407394482212662,0.04407575680538367,0.008089754241163554,0.7136460850528877,False
binary_clench_threshold,binary_clench_threshold_cl0p80_on0p45_ac0p55_re0p50_sm1_cd300_rise0p00,HR-3-8-26-(02).csv,/Users/yanivnaggar/Desktop/Spring 2026/IS/OPENBCI_runs/Yaniv/EMG_JvsN/HR-3-8-26-(02).csv,2026-03-08,2,train,234.46311950683594,REPEATED,ONSET,ONSET,binary_crossing,0.9171486654849746,0.7509773988951975,0.2083031435283668,0.029985391065573526,0.7333617682600085,False
binary_clench_threshold,binary_clench_threshold_cl0p80_on0p45_ac0p55_re0p50_sm1_cd300_rise0p00,HR-3-8-26-(02).csv,/Users/yanivnaggar/Desktop/Spring 2026/IS/OPENBCI_runs/Yaniv/EMG_JvsN/HR-3-8-26-(02).csv,2026-03-08,2,train,235.06507873535156,REPEATED,ACTIVE,ACTIVE,binary_crossing,0.9449556914080383,0.1663630351090654,0.7866394561837217,0.021324506195987362,0.8571280963400381,False
binary_clench_threshold,binary_clench_threshold_cl0p80_on0p45_ac0p55_re0p50_sm1_cd300_rise0p00,HR-3-8-26-(02).csv,/Users/yanivnaggar/Desktop/Spring 2026/IS/OPENBCI_runs/Yaniv/EMG_JvsN/HR-3-8-26-(02).csv,2026-03-08,2,train,235.6670379638672,REPEATED,ACTIVE,ACTIVE,binary_crossing,0.9396686892458694,0.2674592911297933,0.6832522232619946,0.030201701258032815,0.8451903116386962,False
binary_clench_threshold,binary_clench_threshold_cl0p80_on0p45_ac0p55_re0p50_sm1_cd300_rise0p00,HR-3-8-26-(02).csv,/Users/yanivnaggar/Desktop/Spring 2026/IS/OPENBCI_runs/Yaniv/EMG_JvsN/HR-3-8-26-(02).csv,2026-03-08,2,train,236.16867065429688,REPEATED,ONSET,ONSET,binary_crossing,0.868463463712018,0.7468040778745578,0.1937932740207771,0.038682171226563734,0.6940621412986343,False
binary_clench_threshold,binary_clench_threshold_cl0p80_on0p45_ac0p55_re0p50_sm1_cd300_rise0p00,HR-3-8-26-(02).csv,/Users/yanivnaggar/Desktop/Spring 2026/IS/OPENBCI_runs/Yaniv/EMG_JvsN/HR-3-8-26-(02).csv,2026-03-08,2,train,236.7706298828125,REPEATED,ONSET,ACTIVE,binary_crossing,0.9169610670441497,0.6149943125164128,0.29841516293651116,0.008990534259787188,0.7483120126932641,False
binary_clench_threshold,binary_clench_threshold_cl0p80_on0p45_ac0p55_re0p50_sm1_cd300_rise0p00,HR-3-8-26-(02).csv,/Users/yanivnaggar/Desktop/Spring 2026/IS/OPENBCI_runs/Yaniv/EMG_JvsN/HR-3-8-26-(02).csv,2026-03-08,2,train,249.01046752929688,HOLD,ONSET,ACTIVE,binary_crossing,0.96433071983379,0.9994802937092123,0.0003504543041934639,0.0001364231149209415,0.8449050520759428,False
binary_clench_threshold,binary_clench_threshold_cl0p80_on0p45_ac0p55_re0p50_sm1_cd300_rise0p00,HR-3-8-26-(02).csv,/Users/yanivnaggar/Desktop/Spring 2026/IS/OPENBCI_runs/Yaniv/EMG_JvsN/HR-3-8-26-(02).csv,2026-03-08,2,train,259.14344787597656,REPEATED,ONSET,ONSET,binary_crossing,0.8880773571630267,0.9906620468514097,0.005496532675790285,0.002592034713281861,0.5707682810573803,False
binary_clench_threshold,binary_clench_threshold_cl0p80_on0p45_ac0p55_re0p50_sm1_cd300_rise0p00,HR-3-8-26-(02).csv,/Users/yanivnaggar/Desktop/Spring 2026/IS/OPENBCI_runs/Yaniv/EMG_JvsN/HR-3-8-26-(02).csv,2026-03-08,2,train,259.7454071044922,REPEATED,ONSET,ONSET,binary_crossing,0.9512857141179535,0.8542855562703244,0.1270052308596717,0.007891470020536884,0.7592001910468578,False
binary_clench_threshold,binary_clench_threshold_cl0p80_on0p45_ac0p55_re0p50_sm1_cd300_rise0p00,HR-3-8-26-(02).csv,/Users/yanivnaggar/Desktop/Spring 2026/IS/OPENBCI_runs/Yaniv/EMG_JvsN/HR-3-8-26-(02).csv,2026-03-08,2,train,260.2470397949219,REPEATED,ONSET,ONSET,binary_crossing,0.9325917189673001,0.9867414532734825,0.00851022796598116,0.0012457302449560552,0.6957910375549692,False
binary_clench_threshold,binary_clench_threshold_cl0p80_on0p45_ac0p55_re0p50_sm1_cd300_rise0p00,HR-3-8-26-(02).csv,/Users/yanivnaggar/Desktop/Spring 2026/IS/OPENBCI_runs/Yaniv/EMG_JvsN/HR-3-8-26-(02).csv,2026-03-08,2,train,619.61669921875,REST,ONSET,INACTIVE,binary_crossing,0.8351701503701109,0.9999997519359236,8.79875650140371e-28,2.480640763484886e-07,5.42782427587921,False
binary_clench_threshold,binary_clench_threshold_cl0p80_on0p45_ac0p55_re0p50_sm1_cd300_rise0p00,HR-3-8-26-(02).csv,/Users/yanivnaggar/Desktop/Spring 2026/IS/OPENBCI_runs/Yaniv/EMG_JvsN/HR-3-8-26-(02).csv,2026-03-08,2,train,667.7734375,REST,ONSET,INACTIVE,binary_crossing,0.941486575328561,0.9803534940343553,0.0144333274251287,0.0018473899683412584,0.8430959635381312,False
binary_clench_threshold,binary_clench_threshold_cl0p80_on0p45_ac0p55_re0p50_sm1_cd300_rise0p00,HR-3-8-26-(02).csv,/Users/yanivnaggar/Desktop/Spring 2026/IS/OPENBCI_runs/Yaniv/EMG_JvsN/HR-3-8-26-(02).csv,2026-03-08,2,train,669.8802947998047,REST,ACTIVE,INACTIVE,binary_crossing,0.8881741032984721,0.1821134375736037,0.739943357690009,0.06589393627627728,1.0020284659910197,False
binary_clench_threshold,binary_clench_threshold_cl0p80_on0p45_ac0p55_re0p50_sm1_cd300_rise0p00,HR-3-8-26-(02).csv,/Users/yanivnaggar/Desktop/Spring 2026/IS/OPENBCI_runs/Yaniv/EMG_JvsN/HR-3-8-26-(02).csv,2026-03-08,2,train,687.5377655029297,REST,ACTIVE,INACTIVE,binary_crossing,0.8288401166992339,0.267110064423637,0.5785105706660683,0.10750580171084137,1.0520669942240732,False
binary_clench_threshold,binary_clench_threshold_cl0p80_on0p45_ac0p55_re0p50_sm1_cd300_rise0p00,HR-3-8-26-(02).csv,/Users/yanivnaggar/Desktop/Spring 2026/IS/OPENBCI_runs/Yaniv/EMG_JvsN/HR-3-8-26-(02).csv,2026-03-08,2,train,688.4407043457031,REST,ONSET,INACTIVE,binary_crossing,0.8755262600502824,0.8860282793198161,0.0598085361599131,0.010199708346886346,0.8641846409075551,False
binary_clench_threshold,binary_clench_threshold_cl0p80_on0p45_ac0p55_re0p50_sm1_cd300_rise0p00,HR-3-8-26-(02).csv,/Users/yanivnaggar/Desktop/Spring 2026/IS/OPENBCI_runs/Yaniv/EMG_JvsN/HR-3-8-26-(02).csv,2026-03-08,2,train,691.5508270263672,REST,ONSET,INACTIVE,binary_crossing,0.8321398246079351,0.614759790486321,0.277383134744451,0.096695927273316,1.0002389286165847,False
binary_clench_threshold,binary_clench_threshold_cl0p80_on0p45_ac0p55_re0p50_sm1_cd300_rise0p00,HR-3-8-26-(02).csv,/Users/yanivnaggar/Desktop/Spring 2026/IS/OPENBCI_runs/Yaniv/EMG_JvsN/HR-3-8-26-(02).csv,2026-03-08,2,train,693.2563781738281,REST,ONSET,INACTIVE,binary_crossing,0.846776645310414,0.6702414494390115,0.21441937796738375,0.10681286064150196,1.0583635630019161,False
binary_clench_threshold,binary_clench_threshold_cl0p80_on0p45_ac0p55_re0p50_sm1_cd300_rise0p00,HR-3-8-26-(02).csv,/Users/yanivnaggar/Desktop/Spring 2026/IS/OPENBCI_runs/Yaniv/EMG_JvsN/HR-3-8-26-(02).csv,2026-03-08,2,train,694.3599700927734,REST,ONSET,INACTIVE,binary_crossing,0.8628843250144704,0.9495955283768118,0.03355166068106126,0.009179175481131764,0.7739036416893383,False
binary_clench_threshold,binary_clench_threshold_cl0p80_on0p45_ac0p55_re0p50_sm1_cd300_rise0p00,HR-3-8-26-(02).csv,/Users/yanivnaggar/Desktop/Spring 2026/IS/OPENBCI_runs/Yaniv/EMG_JvsN/HR-3-8-26-(02).csv,2026-03-08,2,train,696.1658477783203,REST,ACTIVE,INACTIVE,binary_crossing,0.9281101804085381,0.28536095517167714,0.6573051399227046,0.05067799140870631,1.1241174721710572,False
binary_clench_threshold,binary_clench_threshold_cl0p80_on0p45_ac0p55_re0p50_sm1_cd300_rise0p00,HR-3-8-26-(02).csv,/Users/yanivnaggar/Desktop/Spring 2026/IS/OPENBCI_runs/Yaniv/EMG_JvsN/HR-3-8-26-(02).csv,2026-03-08,2,train,697.5704193115234,REST,ONSET,INACTIVE,binary_crossing,0.9101113524699228,0.9946404143799971,0.003227309237401259,0.0018977631163821355,0.8327005032836361,False
binary_clench_threshold,binary_clench_threshold_cl0p80_on0p45_ac0p55_re0p50_sm1_cd300_rise0p00,HR-3-8-26-(02).csv,/Users/yanivnaggar/Desktop/Spring 2026/IS/OPENBCI_runs/Yaniv/EMG_JvsN/HR-3-8-26-(02).csv,2026-03-08,2,train,700.9815216064453,REST,ONSET,INACTIVE,binary_crossing,0.9851111789907001,0.9972422401256381,0.0024067719834945773,0.00032796322435235187,1.1898230631444904,False
binary_clench_threshold,binary_clench_threshold_cl0p80_on0p45_ac0p55_re0p50_sm1_cd300_rise0p00,HR-3-8-26-(02).csv,/Users/yanivnaggar/Desktop/Spring 2026/IS/OPENBCI_runs/Yaniv/EMG_JvsN/HR-3-8-26-(02).csv,2026-03-08,2,train,704.5932769775391,REST,ONSET,INACTIVE,binary_crossing,0.8158521717700498,0.9536182943545308,0.013228803079924575,0.032800935827010665,0.829877277380431,False
binary_clench_threshold,binary_clench_threshold_cl0p80_on0p45_ac0p55_re0p50_sm1_cd300_rise0p00,HR-3-8-26-(02).csv,/Users/yanivnaggar/Desktop/Spring 2026/IS/OPENBCI_runs/Yaniv/EMG_JvsN/HR-3-8-26-(02).csv,2026-03-08,2,train,705.2955627441406,REST,ONSET,INACTIVE,binary_crossing,0.8454964748603534,0.985973873617652,0.0061582977984923765,0.005626972879389466,0.9025397237600679,False
binary_clench_threshold,binary_clench_threshold_cl0p80_on0p45_ac0p55_re0p50_sm1_cd300_rise0p00,HR-3-8-26-(02).csv,/Users/yanivnaggar/Desktop/Spring 2026/IS/OPENBCI_runs/Yaniv/EMG_JvsN/HR-3-8-26-(02).csv,2026-03-08,2,train,706.5998077392578,REST,ONSET,INACTIVE,binary_crossing,0.8439932543536179,0.40878290157558494,0.3882759341917823,0.16678539974083553,0.7924680365319872,False
binary_clench_threshold,binary_clench_threshold_cl0p80_on0p45_ac0p55_re0p50_sm1_cd300_rise0p00,HR-3-8-26-(02).csv,/Users/yanivnaggar/Desktop/Spring 2026/IS/OPENBCI_runs/Yaniv/EMG_JvsN/HR-3-8-26-(02).csv,2026-03-08,2,train,708.8069915771484,REST,ONSET,INACTIVE,binary_crossing,0.9422068123524737,0.9996690270857029,8.423166369346675e-05,0.00024246786630485997,0.9674810859699832,False
binary_clench_threshold,binary_clench_threshold_cl0p80_on0p45_ac0p55_re0p50_sm1_cd300_rise0p00,HR-3-8-26-(02).csv,/Users/yanivnaggar/Desktop/Spring 2026/IS/OPENBCI_runs/Yaniv/EMG_JvsN/HR-3-8-26-(02).csv,2026-03-08,2,train,717.0337677001953,REST,ONSET,INACTIVE,binary_crossing,0.8782960969308464,0.9761789368482393,0.009251076076158726,0.014378008086364745,0.9820273388016098,False
binary_clench_threshold,binary_clench_threshold_cl0p80_on0p45_ac0p55_re0p50_sm1_cd300_rise0p00,HR-3-8-26-(02).csv,/Users/yanivnaggar/Desktop/Spring 2026/IS/OPENBCI_runs/Yaniv/EMG_JvsN/HR-3-8-26-(02).csv,2026-03-08,2,train,719.2409515380859,REST,ACTIVE,INACTIVE,binary_crossing,0.8476596339832612,0.2914683352157635,0.6035630194211182,0.04642786465208136,0.8871306703214966,False
binary_clench_threshold,binary_clench_threshold_cl0p80_on0p45_ac0p55_re0p50_sm1_cd300_rise0p00,HR-3-8-26-(02).csv,/Users/yanivnaggar/Desktop/Spring 2026/IS/OPENBCI_runs/Yaniv/EMG_JvsN/HR-3-8-26-(02).csv,2026-03-08,2,train,722.2507476806641,REST,ACTIVE,INACTIVE,binary_crossing,0.8307054827402944,0.013162123240407482,0.7655832981305416,0.029949616093922667,0.9437545929681512,False
binary_clench_threshold,binary_clench_threshold_cl0p80_on0p45_ac0p55_re0p50_sm1_cd300_rise0p00,HR-3-15-26-(03).csv,/Users/yanivnaggar/Desktop/Spring 2026/IS/OPENBCI_runs/Yaniv/EMG_JvsN/HR-3-15-26-(03).csv,2026-03-15,3,test,0.200653076171875,BASELINE,OFFSET,INACTIVE,binary_crossing,0.9996033502687283,2.881789602249842e-214,1.0159545077005557e-113,1.0385186024611044e-07,18.397863431118378,False
binary_clench_threshold,binary_clench_threshold_cl0p80_on0p45_ac0p55_re0p50_sm1_cd300_rise0p00,HR-3-15-26-(03).csv,/Users/yanivnaggar/Desktop/Spring 2026/IS/OPENBCI_runs/Yaniv/EMG_JvsN/HR-3-15-26-(03).csv,2026-03-15,3,test,45.84922790527344,HOLD,ACTIVE,ACTIVE,binary_crossing,0.8956243802472685,0.1504074292433684,0.7765234980865693,0.06770189039137871,0.955808393998426,False
binary_clench_threshold,binary_clench_threshold_cl0p80_on0p45_ac0p55_re0p50_sm1_cd300_rise0p00,HR-3-15-26-(03).csv,/Users/yanivnaggar/Desktop/Spring 2026/IS/OPENBCI_runs/Yaniv/EMG_JvsN/HR-3-15-26-(03).csv,2026-03-15,3,test,60.1959228515625,REPEATED,ONSET,ONSET,binary_crossing,0.9104038550828629,0.9336015195271742,0.04778222492730323,0.0171680800965145,0.6873338911134178,False
binary_clench_threshold,binary_clench_threshold_cl0p80_on0p45_ac0p55_re0p50_sm1_cd300_rise0p00,HR-3-15-26-(03).csv,/Users/yanivnaggar/Desktop/Spring 2026/IS/OPENBCI_runs/Yaniv/EMG_JvsN/HR-3-15-26-(03).csv,2026-03-15,3,test,60.69755554199219,REPEATED,ONSET,ONSET,binary_crossing,0.9160507214316446,0.9696379095415256,0.02334762008268905,0.004884403704718386,0.6842798664949554,False
binary_clench_threshold,binary_clench_threshold_cl0p80_on0p45_ac0p55_re0p50_sm1_cd300_rise0p00,HR-3-15-26-(03).csv,/Users/yanivnaggar/Desktop/Spring 2026/IS/OPENBCI_runs/Yaniv/EMG_JvsN/HR-3-15-26-(03).csv,2026-03-15,3,test,61.29951477050781,REPEATED,ONSET,ONSET,binary_crossing,0.9225950331660928,0.9605625799591736,0.031358263230176,0.005923862525688463,0.6508343583125316,False
binary_clench_threshold,binary_clench_threshold_cl0p80_on0p45_ac0p55_re0p50_sm1_cd300_rise0p00,HR-3-15-26-(03).csv,/Users/yanivnaggar/Desktop/Spring 2026/IS/OPENBCI_runs/Yaniv/EMG_JvsN/HR-3-15-26-(03).csv,2026-03-15,3,test,61.90147399902344,REPEATED,ONSET,ONSET,binary_crossing,0.8365670757566426,0.9379894396274583,0.0337766444004539,0.024696242202117236,0.641679171032947,False
binary_clench_threshold,binary_clench_threshold_cl0p80_on0p45_ac0p55_re0p50_sm1_cd300_rise0p00,HR-3-15-26-(03).csv,/Users/yanivnaggar/Desktop/Spring 2026/IS/OPENBCI_runs/Yaniv/EMG_JvsN/HR-3-15-26-(03).csv,2026-03-15,3,test,62.603759765625,REPEATED,ACTIVE,ACTIVE,binary_crossing,0.8685405001431057,0.0009200435165696528,0.9691314355535874,0.023386559213088666,0.8407372515127511,False
binary_clench_threshold,binary_clench_threshold_cl0p80_on0p45_ac0p55_re0p50_sm1_cd300_rise0p00,HR-3-15-26-(03).csv,/Users/yanivnaggar/Desktop/Spring 2026/IS/OPENBCI_runs/Yaniv/EMG_JvsN/HR-3-15-26-(03).csv,2026-03-15,3,test,63.10539245605469,REPEATED,ONSET,ONSET,binary_crossing,0.8702014986378352,0.5749992635399985,0.3451949615937882,0.06866958082879554,0.7031024377685634,False
binary_clench_threshold,binary_clench_threshold_cl0p80_on0p45_ac0p55_re0p50_sm1_cd300_rise0p00,HR-3-15-26-(03).csv,/Users/yanivnaggar/Desktop/Spring 2026/IS/OPENBCI_runs/Yaniv/EMG_JvsN/HR-3-15-26-(03).csv,2026-03-15,3,test,63.70735168457031,REPEATED,ACTIVE,ACTIVE,binary_crossing,0.9059803538557403,0.45552595713407157,0.48596292935468843,0.04609078776104968,0.7808357713262177,False
binary_clench_threshold,binary_clench_threshold_cl0p80_on0p45_ac0p55_re0p50_sm1_cd300_rise0p00,HR-3-15-26-(03).csv,/Users/yanivnaggar/Desktop/Spring 2026/IS/OPENBCI_runs/Yaniv/EMG_JvsN/HR-3-15-26-(03).csv,2026-03-15,3,test,64.91127014160156,REPEATED,ACTIVE,ACTIVE,binary_crossing,0.8717088323644202,0.005447924121257144,0.95718072089348,0.03328613621827715,0.8720222132303891,False
binary_clench_threshold,binary_clench_threshold_cl0p80_on0p45_ac0p55_re0p50_sm1_cd300_rise0p00,HR-3-15-26-(03).csv,/Users/yanivnaggar/Desktop/Spring 2026/IS/OPENBCI_runs/Yaniv/EMG_JvsN/HR-3-15-26-(03).csv,2026-03-15,3,test,67.41943359375,REPEATED,ACTIVE,ACTIVE,binary_crossing,0.8480231236808042,0.07733230088718511,0.8236039351215261,0.040760882508979836,0.6250493857444698,False
binary_clench_threshold,binary_clench_threshold_cl0p80_on0p45_ac0p55_re0p50_sm1_cd300_rise0p00,HR-3-15-26-(03).csv,/Users/yanivnaggar/Desktop/Spring 2026/IS/OPENBCI_runs/Yaniv/EMG_JvsN/HR-3-15-26-(03).csv,2026-03-15,3,test,68.12171936035156,REPEATED,ACTIVE,ACTIVE,binary_crossing,0.8517322532068585,0.13309800627518453,0.7859169999837629,0.05894737071700472,0.6441732922814707,False
binary_clench_threshold,binary_clench_threshold_cl0p80_on0p45_ac0p55_re0p50_sm1_cd300_rise0p00,HR-3-15-26-(03).csv,/Users/yanivnaggar/Desktop/Spring 2026/IS/OPENBCI_runs/Yaniv/EMG_JvsN/HR-3-15-26-(03).csv,2026-03-15,3,test,84.87625122070312,HOLD,ONSET,ACTIVE,binary_crossing,0.8940955880251802,0.9979799443781507,0.0008206388633495876,0.0009754907509009408,0.7366144729707864,False
binary_clench_threshold,binary_clench_threshold_cl0p80_on0p45_ac0p55_re0p50_sm1_cd300_rise0p00,HR-3-15-26-(03).csv,/Users/yanivnaggar/Desktop/Spring 2026/IS/OPENBCI_runs/Yaniv/EMG_JvsN/HR-3-15-26-(03).csv,2026-03-15,3,test,99.22294616699219,REPEATED,ONSET,ONSET,binary_crossing,0.8235378832759243,0.988138131088883,0.003432020571510359,0.007913976094909651,0.5403770564633806,False
binary_clench_threshold,binary_clench_threshold_cl0p80_on0p45_ac0p55_re0p50_sm1_cd300_rise0p00,HR-3-15-26-(03).csv,/Users/yanivnaggar/Desktop/Spring 2026/IS/OPENBCI_runs/Yaniv/EMG_JvsN/HR-3-15-26-(03).csv,2026-03-15,3,test,99.92523193359375,REPEATED,ACTIVE,ACTIVE,binary_crossing,0.8126874363334113,0.011335880982849805,0.9184131457488147,0.05514245404582597,0.6818099205993009,False
binary_clench_threshold,binary_clench_threshold_cl0p80_on0p45_ac0p55_re0p50_sm1_cd300_rise0p00,HR-3-15-26-(03).csv,/Users/yanivnaggar/Desktop/Spring 2026/IS/OPENBCI_runs/Yaniv/EMG_JvsN/HR-3-15-26-(03).csv,2026-03-15,3,test,100.3265380859375,REPEATED,ONSET,ONSET,binary_crossing,0.8926420207282644,0.9285239652452233,0.05055361776894743,0.02004875308583907,0.6961710301412275,False
binary_clench_threshold,binary_clench_threshold_cl0p80_on0p45_ac0p55_re0p50_sm1_cd300_rise0p00,HR-3-15-26-(03).csv,/Users/yanivnaggar/Desktop/Spring 2026/IS/OPENBCI_runs/Yaniv/EMG_JvsN/HR-3-15-26-(03).csv,2026-03-15,3,test,100.92849731445312,REPEATED,ONSET,ONSET,binary_crossing,0.9234036333399469,0.8904842435389895,0.08510153132951435,0.017385560824233436,0.5710491014082437,False
binary_clench_threshold,binary_clench_threshold_cl0p80_on0p45_ac0p55_re0p50_sm1_cd300_rise0p00,HR-3-15-26-(03).csv,/Users/yanivnaggar/Desktop/Spring 2026/IS/OPENBCI_runs/Yaniv/EMG_JvsN/HR-3-15-26-(03).csv,2026-03-15,3,test,101.63078308105469,REPEATED,ACTIVE,ACTIVE,binary_crossing,0.8539269804651555,0.031211038780675913,0.8514499508039703,0.04077917493293325,0.7434240806475516,False
binary_clench_threshold,binary_clench_threshold_cl0p80_on0p45_ac0p55_re0p50_sm1_cd300_rise0p00,HR-3-15-26-(03).csv,/Users/yanivnaggar/Desktop/Spring 2026/IS/OPENBCI_runs/Yaniv/EMG_JvsN/HR-3-15-26-(03).csv,2026-03-15,3,test,102.13241577148438,REPEATED,ONSET,ACTIVE,binary_crossing,0.8454429472845476,0.621010776779248,0.29510216881076295,0.059373954332126465,0.6452425983116042,False
binary_clench_threshold,binary_clench_threshold_cl0p80_on0p45_ac0p55_re0p50_sm1_cd300_rise0p00,HR-3-15-26-(03).csv,/Users/yanivnaggar/Desktop/Spring 2026/IS/OPENBCI_runs/Yaniv/EMG_JvsN/HR-3-15-26-(03).csv,2026-03-15,3,test,102.63404846191406,REPEATED,ACTIVE,ONSET,binary_crossing,0.8335043111451875,0.34752826464205067,0.5231184326812564,0.11457823001444008,0.6778205648629866,False
binary_clench_threshold,binary_clench_threshold_cl0p80_on0p45_ac0p55_re0p50_sm1_cd300_rise0p00,HR-3-15-26-(03).csv,/Users/yanivnaggar/Desktop/Spring 2026/IS/OPENBCI_runs/Yaniv/EMG_JvsN/HR-3-15-26-(03).csv,2026-03-15,3,test,103.23600769042969,REPEATED,ONSET,ACTIVE,binary_crossing,0.8443616731264748,0.6024132305046535,0.30423740429248336,0.0482212841679193,0.6449715539167434,False
binary_clench_threshold,binary_clench_threshold_cl0p80_on0p45_ac0p55_re0p50_sm1_cd300_rise0p00,HR-3-15-26-(03).csv,/Users/yanivnaggar/Desktop/Spring 2026/IS/OPENBCI_runs/Yaniv/EMG_JvsN/HR-3-15-26-(03).csv,2026-03-15,3,test,103.73764038085938,REPEATED,ONSET,ONSET,binary_crossing,0.8305389702161008,0.9158311720396914,0.04191715599883961,0.039991559795219254,0.6719698404619869,False
binary_clench_threshold,binary_clench_threshold_cl0p80_on0p45_ac0p55_re0p50_sm1_cd300_rise0p00,HR-3-15-26-(03).csv,/Users/yanivnaggar/Desktop/Spring 2026/IS/OPENBCI_runs/Yaniv/EMG_JvsN/HR-3-15-26-(03).csv,2026-03-15,3,test,104.339599609375,REPEATED,ONSET,ONSET,binary_crossing,0.9390996740391658,0.9172612591786683,0.06500036510754985,0.0033116154482366036,0.6601307108430897,False
binary_clench_threshold,binary_clench_threshold_cl0p80_on0p45_ac0p55_re0p50_sm1_cd300_rise0p00,HR-3-15-26-(03).csv,/Users/yanivnaggar/Desktop/Spring 2026/IS/OPENBCI_runs/Yaniv/EMG_JvsN/HR-3-15-26-(03).csv,2026-03-15,3,test,106.04515075683594,REPEATED,ACTIVE,ACTIVE,binary_crossing,0.8860573832811673,0.3574664531498634,0.5296047242962614,0.05950012522329489,0.6982181107906261,False
binary_clench_threshold,binary_clench_threshold_cl0p80_on0p45_ac0p55_re0p50_sm1_cd300_rise0p00,HR-3-15-26-(03).csv,/Users/yanivnaggar/Desktop/Spring 2026/IS/OPENBCI_runs/Yaniv/EMG_JvsN/HR-3-15-26-(03).csv,2026-03-15,3,test,107.14874267578125,REPEATED,ACTIVE,ACTIVE,binary_crossing,0.8323252535745438,0.33164458416713266,0.5007082453641495,0.14406845818072592,0.6552691531822836,False
binary_clench_threshold,binary_clench_threshold_cl0p80_on0p45_ac0p55_re0p50_sm1_cd300_rise0p00,HR-3-15-26-(03).csv,/Users/yanivnaggar/Desktop/Spring 2026/IS/OPENBCI_runs/Yaniv/EMG_JvsN/HR-3-15-26-(03).csv,2026-03-15,3,test,124.10392761230469,HOLD,ONSET,ACTIVE,binary_crossing,0.9389657279311483,0.9089625011211852,0.0807321728802841,0.00850556686973106,0.7748070234456346,False
binary_clench_threshold,binary_clench_threshold_cl0p80_on0p45_ac0p55_re0p50_sm1_cd300_rise0p00,HR-3-15-26-(03).csv,/Users/yanivnaggar/Desktop/Spring 2026/IS/OPENBCI_runs/Yaniv/EMG_JvsN/HR-3-15-26-(03).csv,2026-03-15,3,test,138.75160217285156,REPEATED,ACTIVE,ACTIVE,binary_crossing,0.8947646531512696,0.4329221470126165,0.4978480314436502,0.05454956740643488,0.6848233583272126,False
binary_clench_threshold,binary_clench_threshold_cl0p80_on0p45_ac0p55_re0p50_sm1_cd300_rise0p00,HR-3-15-26-(03).csv,/Users/yanivnaggar/Desktop/Spring 2026/IS/OPENBCI_runs/Yaniv/EMG_JvsN/HR-3-15-26-(03).csv,2026-03-15,3,test,139.3535614013672,REPEATED,ACTIVE,ACTIVE,binary_crossing,0.85636017542903,0.07301185941511473,0.8484484513850948,0.05343232825185225,0.6175982368119335,False
binary_clench_threshold,binary_clench_threshold_cl0p80_on0p45_ac0p55_re0p50_sm1_cd300_rise0p00,HR-3-15-26-(03).csv,/Users/yanivnaggar/Desktop/Spring 2026/IS/OPENBCI_runs/Yaniv/EMG_JvsN/HR-3-15-26-(03).csv,2026-03-15,3,test,139.9555206298828,REPEATED,ACTIVE,ACTIVE,binary_crossing,0.9113256981067767,0.10858432152003329,0.8115151091742183,0.038467568148533825,0.7577068329437813,False
binary_clench_threshold,binary_clench_threshold_cl0p80_on0p45_ac0p55_re0p50_sm1_cd300_rise0p00,HR-3-15-26-(03).csv,/Users/yanivnaggar/Desktop/Spring 2026/IS/OPENBCI_runs/Yaniv/EMG_JvsN/HR-3-15-26-(03).csv,2026-03-15,3,test,140.35682678222656,REPEATED,ONSET,ONSET,binary_crossing,0.8201747938365868,0.9720162410755503,0.010623632041149939,0.016129094281540024,0.6001722835734943,False
binary_clench_threshold,binary_clench_threshold_cl0p80_on0p45_ac0p55_re0p50_sm1_cd300_rise0p00,HR-3-15-26-(03).csv,/Users/yanivnaggar/Desktop/Spring 2026/IS/OPENBCI_runs/Yaniv/EMG_JvsN/HR-3-15-26-(03).csv,2026-03-15,3,test,141.15943908691406,REPEATED,ONSET,ACTIVE,binary_crossing,0.890695737270127,0.5773722106656295,0.28814083646761385,0.1298499050593472,0.7921801635348725,False
binary_clench_threshold,binary_clench_threshold_cl0p80_on0p45_ac0p55_re0p50_sm1_cd300_rise0p00,HR-3-15-26-(03).csv,/Users/yanivnaggar/Desktop/Spring 2026/IS/OPENBCI_runs/Yaniv/EMG_JvsN/HR-3-15-26-(03).csv,2026-03-15,3,test,141.7613983154297,REPEATED,ONSET,ONSET,binary_crossing,0.9190652886915487,0.9086246565965345,0.07274014178701296,0.015962223298270076,0.83636984451511,False
binary_clench_threshold,binary_clench_threshold_cl0p80_on0p45_ac0p55_re0p50_sm1_cd300_rise0p00,HR-3-15-26-(03).csv,/Users/yanivnaggar/Desktop/Spring 2026/IS/OPENBCI_runs/Yaniv/EMG_JvsN/HR-3-15-26-(03).csv,2026-03-15,3,test,142.3633575439453,REPEATED,ONSET,ONSET,binary_crossing,0.9303138212031822,0.988220141112722,0.006490681464380123,0.004519451890228049,0.6875247966446492,False
binary_clench_threshold,binary_clench_threshold_cl0p80_on0p45_ac0p55_re0p50_sm1_cd300_rise0p00,HR-3-15-26-(03).csv,/Users/yanivnaggar/Desktop/Spring 2026/IS/OPENBCI_runs/Yaniv/EMG_JvsN/HR-3-15-26-(03).csv,2026-03-15,3,test,143.06564331054688,REPEATED,ONSET,ONSET,binary_crossing,0.9189461233493424,0.9657051236911796,0.021704160376816706,0.010727851438536586,0.7809335699433635,False
binary_clench_threshold,binary_clench_threshold_cl0p80_on0p45_ac0p55_re0p50_sm1_cd300_rise0p00,HR-3-15-26-(03).csv,/Users/yanivnaggar/Desktop/Spring 2026/IS/OPENBCI_runs/Yaniv/EMG_JvsN/HR-3-15-26-(03).csv,2026-03-15,3,test,143.86825561523438,REPEATED,ACTIVE,ACTIVE,binary_crossing,0.8595137814051249,0.076438153227334,0.8044037885808635,0.09542382143233166,0.7659154794539446,False
binary_clench_threshold,binary_clench_threshold_cl0p80_on0p45_ac0p55_re0p50_sm1_cd300_rise0p00,HR-3-15-26-(03).csv,/Users/yanivnaggar/Desktop/Spring 2026/IS/OPENBCI_runs/Yaniv/EMG_JvsN/HR-3-15-26-(03).csv,2026-03-15,3,test,144.47021484375,REPEATED,ONSET,ONSET,binary_crossing,0.8060552775814096,0.7965746059723391,0.11665202321385475,0.07685298811775718,0.6558249153316933,False
binary_clench_threshold,binary_clench_threshold_cl0p80_on0p45_ac0p55_re0p50_sm1_cd300_rise0p00,HR-3-15-26-(03).csv,/Users/yanivnaggar/Desktop/Spring 2026/IS/OPENBCI_runs/Yaniv/EMG_JvsN/HR-3-15-26-(03).csv,2026-03-15,3,test,145.07217407226562,REPEATED,ONSET,ONSET,binary_crossing,0.8328463831582427,0.9474496767847134,0.020874819333047998,0.029775800948812214,0.6329371895297791,False
binary_clench_threshold,binary_clench_threshold_cl0p80_on0p45_ac0p55_re0p50_sm1_cd300_rise0p00,HR-3-15-26-(03).csv,/Users/yanivnaggar/Desktop/Spring 2026/IS/OPENBCI_runs/Yaniv/EMG_JvsN/HR-3-15-26-(03).csv,2026-03-15,3,test,145.7744598388672,REPEATED,ONSET,ONSET,binary_crossing,0.8919414803783059,0.7849041175415237,0.17847657211325746,0.029739919386134916,0.6378794779351561,False
binary_clench_threshold,binary_clench_threshold_cl0p80_on0p45_ac0p55_re0p50_sm1_cd300_rise0p00,HR-3-15-26-(03).csv,/Users/yanivnaggar/Desktop/Spring 2026/IS/OPENBCI_runs/Yaniv/EMG_JvsN/HR-3-15-26-(03).csv,2026-03-15,3,test,146.47674560546875,REPEATED,ONSET,ACTIVE,binary_crossing,0.944807172448551,0.9406249115248791,0.047529370720564415,0.010949664140239606,0.8897559837969554,False
binary_clench_threshold,binary_clench_threshold_cl0p80_on0p45_ac0p55_re0p50_sm1_cd300_rise0p00,HR-3-15-26-(03).csv,/Users/yanivnaggar/Desktop/Spring 2026/IS/OPENBCI_runs/Yaniv/EMG_JvsN/HR-3-15-26-(03).csv,2026-03-15,3,test,163.53225708007812,HOLD,ONSET,ACTIVE,binary_crossing,0.8297280351296339,0.7723672491717887,0.14052906405117924,0.08170112161326376,0.713020020391687,False
binary_clench_threshold,binary_clench_threshold_cl0p80_on0p45_ac0p55_re0p50_sm1_cd300_rise0p00,HR-3-15-26-(03).csv,/Users/yanivnaggar/Desktop/Spring 2026/IS/OPENBCI_runs/Yaniv/EMG_JvsN/HR-3-15-26-(03).csv,2026-03-15,3,test,177.3773193359375,REPEATED,ONSET,ONSET,binary_crossing,0.8231965925093647,0.6621731244673074,0.2494813604406584,0.07038924331965403,0.6051023132272716,False
binary_clench_threshold,binary_clench_threshold_cl0p80_on0p45_ac0p55_re0p50_sm1_cd300_rise0p00,HR-3-15-26-(03).csv,/Users/yanivnaggar/Desktop/Spring 2026/IS/OPENBCI_runs/Yaniv/EMG_JvsN/HR-3-15-26-(03).csv,2026-03-15,3,test,178.179931640625,REPEATED,ACTIVE,ACTIVE,binary_crossing,0.8911437033468057,0.0295169151828188,0.8878923576914434,0.029531585034760822,0.7434838439759015,False
binary_clench_threshold,binary_clench_threshold_cl0p80_on0p45_ac0p55_re0p50_sm1_cd300_rise0p00,HR-3-15-26-(03).csv,/Users/yanivnaggar/Desktop/Spring 2026/IS/OPENBCI_runs/Yaniv/EMG_JvsN/HR-3-15-26-(03).csv,2026-03-15,3,test,179.38385009765625,REPEATED,ACTIVE,ACTIVE,binary_crossing,0.8475367335657072,0.27431331849316665,0.6094688121438782,0.08718373749075393,0.6662994021756703,False
binary_clench_threshold,binary_clench_threshold_cl0p80_on0p45_ac0p55_re0p50_sm1_cd300_rise0p00,HR-3-15-26-(03).csv,/Users/yanivnaggar/Desktop/Spring 2026/IS/OPENBCI_runs/Yaniv/EMG_JvsN/HR-3-15-26-(03).csv,2026-03-15,3,test,179.88548278808594,REPEATED,ONSET,ONSET,binary_crossing,0.8309555713696453,0.6396838291369611,0.2598638814121333,0.09141285866732739,0.6483196369529937,False
binary_clench_threshold,binary_clench_threshold_cl0p80_on0p45_ac0p55_re0p50_sm1_cd300_rise0p00,HR-3-15-26-(03).csv,/Users/yanivnaggar/Desktop/Spring 2026/IS/OPENBCI_runs/Yaniv/EMG_JvsN/HR-3-15-26-(03).csv,2026-03-15,3,test,180.48744201660156,REPEATED,ONSET,ACTIVE,binary_crossing,0.8811103841098893,0.5643272427966863,0.3586971060367224,0.027728209950208384,0.6461912184147258,False
binary_clench_threshold,binary_clench_threshold_cl0p80_on0p45_ac0p55_re0p50_sm1_cd300_rise0p00,HR-3-15-26-(03).csv,/Users/yanivnaggar/Desktop/Spring 2026/IS/OPENBCI_runs/Yaniv/EMG_JvsN/HR-3-15-26-(03).csv,2026-03-15,3,test,180.98907470703125,REPEATED,ONSET,ONSET,binary_crossing,0.8952619899302562,0.7054305850943878,0.24610783698852798,0.024247782805320816,0.6857157912985504,False
binary_clench_threshold,binary_clench_threshold_cl0p80_on0p45_ac0p55_re0p50_sm1_cd300_rise0p00,HR-3-15-26-(03).csv,/Users/yanivnaggar/Desktop/Spring 2026/IS/OPENBCI_runs/Yaniv/EMG_JvsN/HR-3-15-26-(03).csv,2026-03-15,3,test,182.09266662597656,REPEATED,ONSET,ONSET,binary_crossing,0.8255480228158564,0.5378325365227005,0.2732408850519778,0.18278221382360232,0.6021081023745741,False
binary_clench_threshold,binary_clench_threshold_cl0p80_on0p45_ac0p55_re0p50_sm1_cd300_rise0p00,HR-3-15-26-(03).csv,/Users/yanivnaggar/Desktop/Spring 2026/IS/OPENBCI_runs/Yaniv/EMG_JvsN/HR-3-15-26-(03).csv,2026-03-15,3,test,182.79495239257812,REPEATED,ACTIVE,ACTIVE,binary_crossing,0.8181215549733162,0.007606095397605031,0.869097561708339,0.052998875114063315,0.6893376898864443,False
binary_clench_threshold,binary_clench_threshold_cl0p80_on0p45_ac0p55_re0p50_sm1_cd300_rise0p00,HR-3-15-26-(03).csv,/Users/yanivnaggar/Desktop/Spring 2026/IS/OPENBCI_runs/Yaniv/EMG_JvsN/HR-3-15-26-(03).csv,2026-03-15,3,test,183.89854431152344,REPEATED,ACTIVE,ACTIVE,binary_crossing,0.807702783931156,0.0020978261737173718,0.8568157486997863,0.05855262241592824,0.6711990244677716,False
binary_clench_threshold,binary_clench_threshold_cl0p80_on0p45_ac0p55_re0p50_sm1_cd300_rise0p00,HR-3-15-26-(03).csv,/Users/yanivnaggar/Desktop/Spring 2026/IS/OPENBCI_runs/Yaniv/EMG_JvsN/HR-3-15-26-(03).csv,2026-03-15,3,test,202.15797424316406,HOLD,ONSET,ACTIVE,binary_crossing,0.8581711930236899,0.9756231874841302,0.012173581307476148,0.011533879718280439,0.6111832332410667,False
binary_clench_threshold,binary_clench_threshold_cl0p80_on0p45_ac0p55_re0p50_sm1_cd300_rise0p00,HR-3-15-26-(03).csv,/Users/yanivnaggar/Desktop/Spring 2026/IS/OPENBCI_runs/Yaniv/EMG_JvsN/HR-3-15-26-(03).csv,2026-03-15,3,test,216.90597534179688,REPEATED,ONSET,ONSET,binary_crossing,0.862850704889788,0.9834632453348265,0.0067934597510700915,0.008200899393059466,0.5571629128080554,False
binary_clench_threshold,binary_clench_threshold_cl0p80_on0p45_ac0p55_re0p50_sm1_cd300_rise0p00,HR-3-15-26-(03).csv,/Users/yanivnaggar/Desktop/Spring 2026/IS/OPENBCI_runs/Yaniv/EMG_JvsN/HR-3-15-26-(03).csv,2026-03-15,3,test,217.60826110839844,REPEATED,ONSET,ONSET,binary_crossing,0.8629504710647526,0.7721595441290187,0.17266462328719515,0.04851652770033694,0.6648752152298175,False
binary_clench_threshold,binary_clench_threshold_cl0p80_on0p45_ac0p55_re0p50_sm1_cd300_rise0p00,HR-3-15-26-(03).csv,/Users/yanivnaggar/Desktop/Spring 2026/IS/OPENBCI_runs/Yaniv/EMG_JvsN/HR-3-15-26-(03).csv,2026-03-15,3,test,218.21022033691406,REPEATED,ONSET,ONSET,binary_crossing,0.8658966545156469,0.9774897545164047,0.014559227863484518,0.004788921347248221,0.5311791416451774,False
binary_clench_threshold,binary_clench_threshold_cl0p80_on0p45_ac0p55_re0p50_sm1_cd300_rise0p00,HR-3-15-26-(03).csv,/Users/yanivnaggar/Desktop/Spring 2026/IS/OPENBCI_runs/Yaniv/EMG_JvsN/HR-3-15-26-(03).csv,2026-03-15,3,test,218.8121795654297,REPEATED,ONSET,ONSET,binary_crossing,0.8219796148734724,0.8792720041224639,0.07669727871139206,0.03778381666631762,0.5839853380579604,False
binary_clench_threshold,binary_clench_threshold_cl0p80_on0p45_ac0p55_re0p50_sm1_cd300_rise0p00,HR-3-15-26-(03).csv,/Users/yanivnaggar/Desktop/Spring 2026/IS/OPENBCI_runs/Yaniv/EMG_JvsN/HR-3-15-26-(03).csv,2026-03-15,3,test,219.4141387939453,REPEATED,ACTIVE,ACTIVE,binary_crossing,0.845264008029863,0.13480485821307397,0.7365402551781524,0.09993081493335497,0.7146587279156427,False
binary_clench_threshold,binary_clench_threshold_cl0p80_on0p45_ac0p55_re0p50_sm1_cd300_rise0p00,HR-3-15-26-(03).csv,/Users/yanivnaggar/Desktop/Spring 2026/IS/OPENBCI_runs/Yaniv/EMG_JvsN/HR-3-15-26-(03).csv,2026-03-15,3,test,220.01609802246094,REPEATED,ACTIVE,ACTIVE,binary_crossing,0.8119216974877685,0.027964534246532273,0.8654475412901275,0.054081866036909114,0.6651823041168289,False
binary_clench_threshold,binary_clench_threshold_cl0p80_on0p45_ac0p55_re0p50_sm1_cd300_rise0p00,HR-3-15-26-(03).csv,/Users/yanivnaggar/Desktop/Spring 2026/IS/OPENBCI_runs/Yaniv/EMG_JvsN/HR-3-15-26-(03).csv,2026-03-15,3,test,222.22328186035156,REPEATED,ONSET,ONSET,binary_crossing,0.8096543585712166,0.7925221375786957,0.12943210154712326,0.046486995065851855,0.5292845136415258,False
binary_clench_threshold,binary_clench_threshold_cl0p80_on0p45_ac0p55_re0p50_sm1_cd300_rise0p00,HR-3-15-26-(03).csv,/Users/yanivnaggar/Desktop/Spring 2026/IS/OPENBCI_runs/Yaniv/EMG_JvsN/HR-3-15-26-(03).csv,2026-03-15,3,test,222.92556762695312,REPEATED,ACTIVE,ACTIVE,binary_crossing,0.8028060783404589,0.015157940367103703,0.7104781903632172,0.04591302803614682,0.6331165497705671,False
binary_clench_threshold,binary_clench_threshold_cl0p80_on0p45_ac0p55_re0p50_sm1_cd300_rise0p00,HR-3-15-26-(03).csv,/Users/yanivnaggar/Desktop/Spring 2026/IS/OPENBCI_runs/Yaniv/EMG_JvsN/HR-3-15-26-(03).csv,2026-03-15,3,test,223.52752685546875,REPEATED,ONSET,ACTIVE,binary_crossing,0.8738239639714073,0.5936145577956774,0.3094853460708161,0.06526328459421431,0.67496414395905,False
binary_clench_threshold,binary_clench_threshold_cl0p80_on0p45_ac0p55_re0p50_sm1_cd300_rise0p00,HR-3-15-26-(03).csv,/Users/yanivnaggar/Desktop/Spring 2026/IS/OPENBCI_runs/Yaniv/EMG_JvsN/HR-3-15-26-(03).csv,2026-03-15,3,test,224.12948608398438,REPEATED,ACTIVE,ACTIVE,binary_crossing,0.8759527000143505,0.22653742151123712,0.6868999271485776,0.040098938317525305,0.6440122636002589,False
binary_clench_threshold,binary_clench_threshold_cl0p80_on0p45_ac0p55_re0p50_sm1_cd300_rise0p00,HR-3-15-26-(03).csv,/Users/yanivnaggar/Desktop/Spring 2026/IS/OPENBCI_runs/Yaniv/EMG_JvsN/HR-3-15-26-(03).csv,2026-03-15,3,test,241.0846710205078,HOLD,ONSET,ACTIVE,binary_crossing,0.872235945501276,0.9926253453316908,0.0032385094994656877,0.0035006349016206396,0.603953011959189,False
binary_clench_threshold,binary_clench_threshold_cl0p80_on0p45_ac0p55_re0p50_sm1_cd300_rise0p00,HR-3-15-26-(03).csv,/Users/yanivnaggar/Desktop/Spring 2026/IS/OPENBCI_runs/Yaniv/EMG_JvsN/HR-3-15-26-(03).csv,2026-03-15,3,test,255.13038635253906,REPEATED,ONSET,ONSET,binary_crossing,0.883597886884703,0.998512427923697,0.00021293570000363024,0.001218208007412033,0.5944493678691781,False
binary_clench_threshold,binary_clench_threshold_cl0p80_on0p45_ac0p55_re0p50_sm1_cd300_rise0p00,HR-3-15-26-(03).csv,/Users/yanivnaggar/Desktop/Spring 2026/IS/OPENBCI_runs/Yaniv/EMG_JvsN/HR-3-15-26-(03).csv,2026-03-15,3,test,256.13365173339844,REPEATED,ONSET,ONSET,binary_crossing,0.80416271080805,0.9923308890738752,0.0015112483808837685,0.0055176110805945575,0.520102996640485,False
binary_clench_threshold,binary_clench_threshold_cl0p80_on0p45_ac0p55_re0p50_sm1_cd300_rise0p00,HR-3-15-26-(03).csv,/Users/yanivnaggar/Desktop/Spring 2026/IS/OPENBCI_runs/Yaniv/EMG_JvsN/HR-3-15-26-(03).csv,2026-03-15,3,test,257.1369171142578,REPEATED,ONSET,ONSET,binary_crossing,0.896022807206836,0.9965794489616989,0.0006744158544700956,0.002689901911307486,0.6728072370667327,False
binary_clench_threshold,binary_clench_threshold_cl0p80_on0p45_ac0p55_re0p50_sm1_cd300_rise0p00,HR-3-15-26-(03).csv,/Users/yanivnaggar/Desktop/Spring 2026/IS/OPENBCI_runs/Yaniv/EMG_JvsN/HR-3-15-26-(03).csv,2026-03-15,3,test,258.1401824951172,REPEATED,ONSET,ONSET,binary_crossing,0.9685673174230286,0.9993321261337202,0.00045187583553820234,0.00018853403524936204,1.0134454700592495,False
binary_clench_threshold,binary_clench_threshold_cl0p80_on0p45_ac0p55_re0p50_sm1_cd300_rise0p00,HR-3-15-26-(03).csv,/Users/yanivnaggar/Desktop/Spring 2026/IS/OPENBCI_runs/Yaniv/EMG_JvsN/HR-3-15-26-(03).csv,2026-03-15,3,test,259.14344787597656,REPEATED,ONSET,ONSET,binary_crossing,0.9683332721415526,0.9438490161145437,0.050337070210176506,0.005410594990120601,1.045512711165663,False
binary_clench_threshold,binary_clench_threshold_cl0p80_on0p45_ac0p55_re0p50_sm1_cd300_rise0p00,HR-3-15-26-(03).csv,/Users/yanivnaggar/Desktop/Spring 2026/IS/OPENBCI_runs/Yaniv/EMG_JvsN/HR-3-15-26-(03).csv,2026-03-15,3,test,260.14671325683594,REPEATED,ONSET,ONSET,binary_crossing,0.8769719194492372,0.536575506190539,0.36780883441125245,0.08036428002732024,0.8402347050971524,False
binary_clench_threshold,binary_clench_threshold_cl0p80_on0p45_ac0p55_re0p50_sm1_cd300_rise0p00,HR-3-15-26-(03).csv,/Users/yanivnaggar/Desktop/Spring 2026/IS/OPENBCI_runs/Yaniv/EMG_JvsN/HR-3-15-26-(03).csv,2026-03-15,3,test,260.94932556152344,REPEATED,ONSET,ONSET,binary_crossing,0.8943465679517424,0.9889088004638774,0.006226817287939229,0.00417310805154215,0.7070593336193916,False
binary_clench_threshold,binary_clench_threshold_cl0p80_on0p45_ac0p55_re0p50_sm1_cd300_rise0p00,HR-3-15-26-(03).csv,/Users/yanivnaggar/Desktop/Spring 2026/IS/OPENBCI_runs/Yaniv/EMG_JvsN/HR-3-15-26-(03).csv,2026-03-15,3,test,261.9525909423828,REPEATED,ONSET,ACTIVE,binary_crossing,0.9369443602952393,0.8850851337069456,0.08062025246943669,0.0336388585156532,1.0545142933060414,False
binary_clench_threshold,binary_clench_threshold_cl0p80_on0p45_ac0p55_re0p50_sm1_cd300_rise0p00,HR-3-15-26-(03).csv,/Users/yanivnaggar/Desktop/Spring 2026/IS/OPENBCI_runs/Yaniv/EMG_JvsN/HR-3-15-26-(03).csv,2026-03-15,3,test,262.85552978515625,REPEATED,ONSET,INACTIVE,binary_crossing,0.8812612331107267,0.9578808006922968,0.027311148315288716,0.012611046702825675,0.7619668422154083,False
binary_clench_threshold,binary_clench_threshold_cl0p80_on0p45_ac0p55_re0p50_sm1_cd300_rise0p00,HR-3-15-26-(03).csv,/Users/yanivnaggar/Desktop/Spring 2026/IS/OPENBCI_runs/Yaniv/EMG_JvsN/HR-3-15-26-(03).csv,2026-03-15,3,test,279.71038818359375,HOLD,ONSET,ACTIVE,binary_crossing,0.8675920869743012,0.9876046643952308,0.0036428400817271112,0.008504576034876147,0.63132882319596,False
binary_clench_threshold,binary_clench_threshold_cl0p80_on0p45_ac0p55_re0p50_sm1_cd300_rise0p00,HR-3-15-26-(03).csv,/Users/yanivnaggar/Desktop/Spring 2026/IS/OPENBCI_runs/Yaniv/EMG_JvsN/HR-3-15-26-(03).csv,2026-03-15,3,test,292.7528381347656,REPEATED,ONSET,ONSET,binary_crossing,0.900785202879717,0.9935274941111212,0.0018075507062437531,0.0045919810204687,0.6630951438427626,False
binary_clench_threshold,binary_clench_threshold_cl0p80_on0p45_ac0p55_re0p50_sm1_cd300_rise0p00,HR-3-15-26-(03).csv,/Users/yanivnaggar/Desktop/Spring 2026/IS/OPENBCI_runs/Yaniv/EMG_JvsN/HR-3-15-26-(03).csv,2026-03-15,3,test,293.65577697753906,REPEATED,ONSET,ONSET,binary_crossing,0.9394055434734213,0.9923429879594338,0.003770824090124241,0.003798601819523976,0.874095159955978,False
binary_clench_threshold,binary_clench_threshold_cl0p80_on0p45_ac0p55_re0p50_sm1_cd300_rise0p00,HR-3-15-26-(03).csv,/Users/yanivnaggar/Desktop/Spring 2026/IS/OPENBCI_runs/Yaniv/EMG_JvsN/HR-3-15-26-(03).csv,2026-03-15,3,test,294.45838928222656,REPEATED,ONSET,ONSET,binary_crossing,0.9172317464039693,0.9604389360366704,0.028589323443147917,0.009726657746320713,0.757955614931,False
binary_clench_threshold,binary_clench_threshold_cl0p80_on0p45_ac0p55_re0p50_sm1_cd300_rise0p00,HR-3-15-26-(03).csv,/Users/yanivnaggar/Desktop/Spring 2026/IS/OPENBCI_runs/Yaniv/EMG_JvsN/HR-3-15-26-(03).csv,2026-03-15,3,test,295.26100158691406,REPEATED,ONSET,ONSET,binary_crossing,0.8891205446078643,0.9434254349964583,0.03930008362767518,0.014208252739041782,0.5753593585065119,False
binary_clench_threshold,binary_clench_threshold_cl0p80_on0p45_ac0p55_re0p50_sm1_cd300_rise0p00,HR-3-15-26-(03).csv,/Users/yanivnaggar/Desktop/Spring 2026/IS/OPENBCI_runs/Yaniv/EMG_JvsN/HR-3-15-26-(03).csv,2026-03-15,3,test,296.1639404296875,REPEATED,ONSET,ONSET,binary_crossing,0.8713511422461182,0.7779846207298314,0.17373804230708675,0.040692778983546875,0.6943042826195946,False
binary_clench_threshold,binary_clench_threshold_cl0p80_on0p45_ac0p55_re0p50_sm1_cd300_rise0p00,HR-3-15-26-(03).csv,/Users/yanivnaggar/Desktop/Spring 2026/IS/OPENBCI_runs/Yaniv/EMG_JvsN/HR-3-15-26-(03).csv,2026-03-15,3,test,297.1672058105469,REPEATED,ACTIVE,ACTIVE,binary_crossing,0.8716920277836773,0.0014063670083164462,0.8393395490719724,0.04855190354080181,0.8536865296438111,False
binary_clench_threshold,binary_clench_threshold_cl0p80_on0p45_ac0p55_re0p50_sm1_cd300_rise0p00,HR-3-15-26-(03).csv,/Users/yanivnaggar/Desktop/Spring 2026/IS/OPENBCI_runs/Yaniv/EMG_JvsN/HR-3-15-26-(03).csv,2026-03-15,3,test,297.7691650390625,REPEATED,ONSET,ONSET,binary_crossing,0.862713106807344,0.9883034607884623,0.005556678648986483,0.005180196663296733,0.6129542522029365,False
binary_clench_threshold,binary_clench_threshold_cl0p80_on0p45_ac0p55_re0p50_sm1_cd300_rise0p00,HR-3-15-26-(03).csv,/Users/yanivnaggar/Desktop/Spring 2026/IS/OPENBCI_runs/Yaniv/EMG_JvsN/HR-3-15-26-(03).csv,2026-03-15,3,test,298.57177734375,REPEATED,ONSET,ONSET,binary_crossing,0.8153213410697872,0.939338229798208,0.016520318288688537,0.04348131522620951,0.6318045300041786,False
binary_clench_threshold,binary_clench_threshold_cl0p80_on0p45_ac0p55_re0p50_sm1_cd300_rise0p00,HR-3-15-26-(03).csv,/Users/yanivnaggar/Desktop/Spring 2026/IS/OPENBCI_runs/Yaniv/EMG_JvsN/HR-3-15-26-(03).csv,2026-03-15,3,test,299.3743896484375,REPEATED,ONSET,ONSET,binary_crossing,0.824655377411915,0.9596901979318296,0.0194755042612372,0.015545703667679373,0.5360821695030994,False
binary_clench_threshold,binary_clench_threshold_cl0p80_on0p45_ac0p55_re0p50_sm1_cd300_rise0p00,HR-3-15-26-(03).csv,/Users/yanivnaggar/Desktop/Spring 2026/IS/OPENBCI_runs/Yaniv/EMG_JvsN/HR-3-15-26-(03).csv,2026-03-15,3,test,300.177001953125,REPEATED,ACTIVE,ACTIVE,binary_crossing,0.9416006960188987,0.06900034649975499,0.8824107774755678,0.012597160601073607,0.8394993831458168,False
binary_clench_threshold,binary_clench_threshold_cl0p80_on0p45_ac0p55_re0p50_sm1_cd300_rise0p00,HR-3-15-26-(03).csv,/Users/yanivnaggar/Desktop/Spring 2026/IS/OPENBCI_runs/Yaniv/EMG_JvsN/HR-3-15-26-(03).csv,2026-03-15,3,test,316.5302276611328,HOLD,ONSET,ACTIVE,binary_crossing,0.9066963847585248,0.7549491139138751,0.21251092385330705,0.025221954141964504,0.8336477465017345,False
binary_clench_threshold,binary_clench_threshold_cl0p80_on0p45_ac0p55_re0p50_sm1_cd300_rise0p00,HR-3-15-26-(03).csv,/Users/yanivnaggar/Desktop/Spring 2026/IS/OPENBCI_runs/Yaniv/EMG_JvsN/HR-3-15-26-(03).csv,2026-03-15,3,test,329.6730041503906,REPEATED,ONSET,ONSET,binary_crossing,0.9520794439636417,0.5175601437936259,0.4611139473325576,0.013413099996053274,0.8342977654304572,False
binary_clench_threshold,binary_clench_threshold_cl0p80_on0p45_ac0p55_re0p50_sm1_cd300_rise0p00,HR-3-15-26-(03).csv,/Users/yanivnaggar/Desktop/Spring 2026/IS/OPENBCI_runs/Yaniv/EMG_JvsN/HR-3-15-26-(03).csv,2026-03-15,3,test,330.27496337890625,REPEATED,ONSET,ONSET,binary_crossing,0.8019950577293629,0.8202052487123712,0.09989137324965934,0.07205933703077089,0.5849134584664765,False
binary_clench_threshold,binary_clench_threshold_cl0p80_on0p45_ac0p55_re0p50_sm1_cd300_rise0p00,HR-3-15-26-(03).csv,/Users/yanivnaggar/Desktop/Spring 2026/IS/OPENBCI_runs/Yaniv/EMG_JvsN/HR-3-15-26-(03).csv,2026-03-15,3,test,330.9772491455078,REPEATED,ACTIVE,ACTIVE,binary_crossing,0.8018823395638411,0.028633294964787663,0.8634392634891438,0.08636867831324768,0.7375275685727548,False
binary_clench_threshold,binary_clench_threshold_cl0p80_on0p45_ac0p55_re0p50_sm1_cd300_rise0p00,HR-3-15-26-(03).csv,/Users/yanivnaggar/Desktop/Spring 2026/IS/OPENBCI_runs/Yaniv/EMG_JvsN/HR-3-15-26-(03).csv,2026-03-15,3,test,331.6795349121094,REPEATED,ACTIVE,ACTIVE,binary_crossing,0.8622123708186615,0.005190046304003818,0.8354152189896606,0.04271761012339991,0.755163138527797,False
binary_clench_threshold,binary_clench_threshold_cl0p80_on0p45_ac0p55_re0p50_sm1_cd300_rise0p00,HR-3-15-26-(03).csv,/Users/yanivnaggar/Desktop/Spring 2026/IS/OPENBCI_runs/Yaniv/EMG_JvsN/HR-3-15-26-(03).csv,2026-03-15,3,test,332.18116760253906,REPEATED,ONSET,ONSET,binary_crossing,0.9014680060134611,0.884901835460789,0.07470346526195051,0.03602007296481962,0.7366578292753182,False
binary_clench_threshold,binary_clench_threshold_cl0p80_on0p45_ac0p55_re0p50_sm1_cd300_rise0p00,HR-3-15-26-(03).csv,/Users/yanivnaggar/Desktop/Spring 2026/IS/OPENBCI_runs/Yaniv/EMG_JvsN/HR-3-15-26-(03).csv,2026-03-15,3,test,333.3850860595703,REPEATED,ONSET,ONSET,binary_crossing,0.8087359070399464,0.8880601534323843,0.06273200245022136,0.04223096077464146,0.49582289277336367,False
binary_clench_threshold,binary_clench_threshold_cl0p80_on0p45_ac0p55_re0p50_sm1_cd300_rise0p00,HR-3-15-26-(03).csv,/Users/yanivnaggar/Desktop/Spring 2026/IS/OPENBCI_runs/Yaniv/EMG_JvsN/HR-3-15-26-(03).csv,2026-03-15,3,test,334.0873718261719,REPEATED,ACTIVE,ACTIVE,binary_crossing,0.8050158759938608,0.2871264944838169,0.5526345702071636,0.11019740976641539,0.6148757281715979,False
binary_clench_threshold,binary_clench_threshold_cl0p80_on0p45_ac0p55_re0p50_sm1_cd300_rise0p00,HR-3-15-26-(03).csv,/Users/yanivnaggar/Desktop/Spring 2026/IS/OPENBCI_runs/Yaniv/EMG_JvsN/HR-3-15-26-(03).csv,2026-03-15,3,test,335.39161682128906,REPEATED,ONSET,ONSET,binary_crossing,0.8754663609311379,0.847011283434174,0.11305521772944477,0.028392587214018394,0.6910537668941497,False
binary_clench_threshold,binary_clench_threshold_cl0p80_on0p45_ac0p55_re0p50_sm1_cd300_rise0p00,HR-3-15-26-(03).csv,/Users/yanivnaggar/Desktop/Spring 2026/IS/OPENBCI_runs/Yaniv/EMG_JvsN/HR-3-15-26-(03).csv,2026-03-15,3,test,336.0939025878906,REPEATED,ACTIVE,ACTIVE,binary_crossing,0.8758259815009308,0.04549332443470535,0.8922345553807202,0.04350177225236799,0.7399417201926726,False
binary_clench_threshold,binary_clench_threshold_cl0p80_on0p45_ac0p55_re0p50_sm1_cd300_rise0p00,HR-3-15-26-(03).csv,/Users/yanivnaggar/Desktop/Spring 2026/IS/OPENBCI_runs/Yaniv/EMG_JvsN/HR-3-15-26-(03).csv,2026-03-15,3,test,336.7961883544922,REPEATED,ACTIVE,ACTIVE,binary_crossing,0.8169917094452881,0.003961629109119697,0.5850537105678193,0.06790054437557368,0.6868236792862593,False
binary_clench_threshold,binary_clench_threshold_cl0p80_on0p45_ac0p55_re0p50_sm1_cd300_rise0p00,HR-3-15-26-(03).csv,/Users/yanivnaggar/Desktop/Spring 2026/IS/OPENBCI_runs/Yaniv/EMG_JvsN/HR-3-15-26-(03).csv,2026-03-15,3,test,353.4503936767578,HOLD,ONSET,ACTIVE,binary_crossing,0.8087479660019583,0.939166279481177,0.030615199517379055,0.023023903926564816,0.5656571391355871,False
binary_clench_threshold,binary_clench_threshold_cl0p80_on0p45_ac0p55_re0p50_sm1_cd300_rise0p00,HR-3-15-26-(03).csv,/Users/yanivnaggar/Desktop/Spring 2026/IS/OPENBCI_runs/Yaniv/EMG_JvsN/HR-3-15-26-(03).csv,2026-03-15,3,test,368.29872131347656,REST,ONSET,INACTIVE,binary_crossing,0.9100570809019685,0.9631799850264224,0.028702201411599407,0.005794794566032979,0.6256483640877435,False
binary_clench_threshold,binary_clench_threshold_cl0p80_on0p45_ac0p55_re0p50_sm1_cd300_rise0p00,HR-3-15-26-(03).csv,/Users/yanivnaggar/Desktop/Spring 2026/IS/OPENBCI_runs/Yaniv/EMG_JvsN/HR-3-15-26-(03).csv,2026-03-15,3,test,369.10133361816406,REST,ONSET,INACTIVE,binary_crossing,0.9365620772323842,0.792753406513608,0.1913257056901549,0.010062744784180254,0.8833304888449587,False
binary_clench_threshold,binary_clench_threshold_cl0p80_on0p45_ac0p55_re0p50_sm1_cd300_rise0p00,HR-3-15-26-(03).csv,/Users/yanivnaggar/Desktop/Spring 2026/IS/OPENBCI_runs/Yaniv/EMG_JvsN/HR-3-15-26-(03).csv,2026-03-15,3,test,369.7032928466797,REST,ONSET,INACTIVE,binary_crossing,0.8272280313268617,0.8381493573831705,0.10430192181972231,0.050384975351115295,0.6454339832022198,False
binary_clench_threshold,binary_clench_threshold_cl0p80_on0p45_ac0p55_re0p50_sm1_cd300_rise0p00,HR-3-15-26-(03).csv,/Users/yanivnaggar/Desktop/Spring 2026/IS/OPENBCI_runs/Yaniv/EMG_JvsN/HR-3-15-26-(03).csv,2026-03-15,3,test,370.3052520751953,REST,ONSET,INACTIVE,binary_crossing,0.8010210509187328,0.9256073732209039,0.037086000024771575,0.031681115558071744,0.5434708613924927,False
binary_clench_threshold,binary_clench_threshold_cl0p80_on0p45_ac0p55_re0p50_sm1_cd300_rise0p00,HR-3-15-26-(03).csv,/Users/yanivnaggar/Desktop/Spring 2026/IS/OPENBCI_runs/Yaniv/EMG_JvsN/HR-3-15-26-(03).csv,2026-03-15,3,test,371.0075378417969,REST,ACTIVE,INACTIVE,binary_crossing,0.8642517722993854,0.401548232986816,0.4993308571541339,0.06325398517306371,0.7070934804364043,False
binary_clench_threshold,binary_clench_threshold_cl0p80_on0p45_ac0p55_re0p50_sm1_cd300_rise0p00,HR-3-15-26-(03).csv,/Users/yanivnaggar/Desktop/Spring 2026/IS/OPENBCI_runs/Yaniv/EMG_JvsN/HR-3-15-26-(03).csv,2026-03-15,3,test,371.6094970703125,REST,ONSET,INACTIVE,binary_crossing,0.8819386433956108,0.5585006656582779,0.37440382900594465,0.04936923474359325,0.7121926934372145,False
binary_clench_threshold,binary_clench_threshold_cl0p80_on0p45_ac0p55_re0p50_sm1_cd300_rise0p00,HR-3-15-26-(03).csv,/Users/yanivnaggar/Desktop/Spring 2026/IS/OPENBCI_runs/Yaniv/EMG_JvsN/HR-3-15-26-(03).csv,2026-03-15,3,test,372.2114562988281,REST,ACTIVE,INACTIVE,binary_crossing,0.8099349604725208,0.20566362871210778,0.6954984475573308,0.0742179877426333,0.6356184824250279,False
binary_clench_threshold,binary_clench_threshold_cl0p80_on0p45_ac0p55_re0p50_sm1_cd300_rise0p00,HR-3-15-26-(03).csv,/Users/yanivnaggar/Desktop/Spring 2026/IS/OPENBCI_runs/Yaniv/EMG_JvsN/HR-3-15-26-(03).csv,2026-03-15,3,test,372.81341552734375,REST,ONSET,INACTIVE,binary_crossing,0.8313522013129232,0.6223499779269951,0.2623971202137182,0.08986881212034765,0.6455845304452547,False
binary_clench_threshold,binary_clench_threshold_cl0p80_on0p45_ac0p55_re0p50_sm1_cd300_rise0p00,HR-3-15-26-(03).csv,/Users/yanivnaggar/Desktop/Spring 2026/IS/OPENBCI_runs/Yaniv/EMG_JvsN/HR-3-15-26-(03).csv,2026-03-15,3,test,373.4153747558594,REST,ACTIVE,INACTIVE,binary_crossing,0.8273414661788638,0.10979879707764693,0.762531922815749,0.11193254123779062,0.6678380171142722,False
binary_clench_threshold,binary_clench_threshold_cl0p80_on0p45_ac0p55_re0p50_sm1_cd300_rise0p00,HR-3-15-26-(03).csv,/Users/yanivnaggar/Desktop/Spring 2026/IS/OPENBCI_runs/Yaniv/EMG_JvsN/HR-3-15-26-(03).csv,2026-03-15,3,test,374.017333984375,REST,ACTIVE,INACTIVE,binary_crossing,0.8475323746889779,0.018008707665151183,0.89646750389231,0.06036574189764385,0.7652783642851584,False
binary_clench_threshold,binary_clench_threshold_cl0p80_on0p45_ac0p55_re0p50_sm1_cd300_rise0p00,HR-3-15-26-(03).csv,/Users/yanivnaggar/Desktop/Spring 2026/IS/OPENBCI_runs/Yaniv/EMG_JvsN/HR-3-15-26-(03).csv,2026-03-15,3,test,374.6192932128906,REST,ACTIVE,INACTIVE,binary_crossing,0.8436049929433929,0.027989325977559053,0.8625135190650004,0.07980300403492505,0.7254901104694562,False
binary_clench_threshold,binary_clench_threshold_cl0p80_on0p45_ac0p55_re0p50_sm1_cd300_rise0p00,HR-3-15-26-(03).csv,/Users/yanivnaggar/Desktop/Spring 2026/IS/OPENBCI_runs/Yaniv/EMG_JvsN/HR-3-15-26-(03).csv,2026-03-15,3,test,375.1209259033203,REST,ONSET,INACTIVE,binary_crossing,0.8014387303070821,0.5943646078531271,0.2857121179274734,0.05774075877467533,0.5677040117829734,False
binary_clench_threshold,binary_clench_threshold_cl0p80_on0p45_ac0p55_re0p50_sm1_cd300_rise0p00,HR-3-15-26-(03).csv,/Users/yanivnaggar/Desktop/Spring 2026/IS/OPENBCI_runs/Yaniv/EMG_JvsN/HR-3-15-26-(03).csv,2026-03-15,3,test,376.2245178222656,REST,ACTIVE,INACTIVE,binary_crossing,0.8716935301859872,0.3302855246781708,0.5900544276975436,0.056397913719757484,0.7028332729679634,False
binary_clench_threshold,binary_clench_threshold_cl0p80_on0p45_ac0p55_re0p50_sm1_cd300_rise0p00,HR-3-15-26-(03).csv,/Users/yanivnaggar/Desktop/Spring 2026/IS/OPENBCI_runs/Yaniv/EMG_JvsN/HR-3-15-26-(03).csv,2026-03-15,3,test,392.2767639160156,HOLD,ACTIVE,ACTIVE,binary_crossing,0.9191375898114313,0.15232841842971154,0.7696339131518952,0.07525020046237293,0.9891927142574873,False
binary_clench_threshold,binary_clench_threshold_cl0p80_on0p45_ac0p55_re0p50_sm1_cd300_rise0p00,HR-3-15-26-(03).csv,/Users/yanivnaggar/Desktop/Spring 2026/IS/OPENBCI_runs/Yaniv/EMG_JvsN/HR-3-15-26-(03).csv,2026-03-15,3,test,406.02149963378906,REPEATED,ONSET,ONSET,binary_crossing,0.8254568933608217,0.8827653106394191,0.07998583239231671,0.02910039752498717,0.5644537574416273,False
binary_clench_threshold,binary_clench_threshold_cl0p80_on0p45_ac0p55_re0p50_sm1_cd300_rise0p00,HR-3-15-26-(03).csv,/Users/yanivnaggar/Desktop/Spring 2026/IS/OPENBCI_runs/Yaniv/EMG_JvsN/HR-3-15-26-(03).csv,2026-03-15,3,test,406.7237854003906,REPEATED,ACTIVE,ACTIVE,binary_crossing,0.8078640595345897,0.09563214392891567,0.7179563407189361,0.17700118578216817,0.6559989828765396,False
binary_clench_threshold,binary_clench_threshold_cl0p80_on0p45_ac0p55_re0p50_sm1_cd300_rise0p00,HR-3-15-26-(03).csv,/Users/yanivnaggar/Desktop/Spring 2026/IS/OPENBCI_runs/Yaniv/EMG_JvsN/HR-3-15-26-(03).csv,2026-03-15,3,test,407.32574462890625,REPEATED,ONSET,ACTIVE,binary_crossing,0.8711846264182377,0.7820515431114272,0.16759756315406432,0.035406128738396055,0.6505349037747892,False
binary_clench_threshold,binary_clench_threshold_cl0p80_on0p45_ac0p55_re0p50_sm1_cd300_rise0p00,HR-3-15-26-(03).csv,/Users/yanivnaggar/Desktop/Spring 2026/IS/OPENBCI_runs/Yaniv/EMG_JvsN/HR-3-15-26-(03).csv,2026-03-15,3,test,407.9277038574219,REPEATED,ONSET,ONSET,binary_crossing,0.9135936153325166,0.722931364664984,0.21728801043856275,0.05471777055105245,0.7699361935649328,False
binary_clench_threshold,binary_clench_threshold_cl0p80_on0p45_ac0p55_re0p50_sm1_cd300_rise0p00,HR-3-15-26-(03).csv,/Users/yanivnaggar/Desktop/Spring 2026/IS/OPENBCI_runs/Yaniv/EMG_JvsN/HR-3-15-26-(03).csv,2026-03-15,3,test,409.1316223144531,REPEATED,ONSET,ACTIVE,binary_crossing,0.8925211255660527,0.7568209691816812,0.18249820019815818,0.057864399030326676,0.7791088163608185,False
binary_clench_threshold,binary_clench_threshold_cl0p80_on0p45_ac0p55_re0p50_sm1_cd300_rise0p00,HR-3-15-26-(03).csv,/Users/yanivnaggar/Desktop/Spring 2026/IS/OPENBCI_runs/Yaniv/EMG_JvsN/HR-3-15-26-(03).csv,2026-03-15,3,test,410.4358673095703,REPEATED,ACTIVE,ACTIVE,binary_crossing,0.9244640546053325,0.029414609035078924,0.8665274735744634,0.010264090857636335,0.7594550097748867,False
binary_clench_threshold,binary_clench_threshold_cl0p80_on0p45_ac0p55_re0p50_sm1_cd300_rise0p00,HR-3-15-26-(03).csv,/Users/yanivnaggar/Desktop/Spring 2026/IS/OPENBCI_runs/Yaniv/EMG_JvsN/HR-3-15-26-(03).csv,2026-03-15,3,test,410.9375,REPEATED,ONSET,ONSET,binary_crossing,0.8554205651160063,0.7462611821097864,0.18937222422435596,0.05099919063735298,0.6567206868315637,False
binary_clench_threshold,binary_clench_threshold_cl0p80_on0p45_ac0p55_re0p50_sm1_cd300_rise0p00,HR-3-15-26-(03).csv,/Users/yanivnaggar/Desktop/Spring 2026/IS/OPENBCI_runs/Yaniv/EMG_JvsN/HR-3-15-26-(03).csv,2026-03-15,3,test,411.5394592285156,REPEATED,ONSET,ONSET,binary_crossing,0.8352605890795173,0.8457377658033755,0.10566240162865456,0.034133142567913194,0.6273395770740252,False
binary_clench_threshold,binary_clench_threshold_cl0p80_on0p45_ac0p55_re0p50_sm1_cd300_rise0p00,HR-3-15-26-(03).csv,/Users/yanivnaggar/Desktop/Spring 2026/IS/OPENBCI_runs/Yaniv/EMG_JvsN/HR-3-15-26-(03).csv,2026-03-15,3,test,412.14141845703125,REPEATED,ONSET,ONSET,binary_crossing,0.9424754871974972,0.8467459992786459,0.1337151029845759,0.006504935360956838,0.6849229495113647,False
