dataset_track,subject,display_name,filename,file_path,split_role,label,expected_count,observed_count,count_match,count_error,count_filter_family,marker_code,marker_pair_type,trial_index_overall,trial_index_within_label,trial_uid,interval_start_sample,interval_end_sample,interval_start_time_sec,interval_end_time_sec,interval_duration_sec,window_index_within_trial,window_source,start_sample,end_sample,start_time_sec,end_time_sec,actual_window_sec,window_sec,overlap,issues,Channel_1_mean,Channel_1_std,Channel_1_rms,Channel_1_ptp,Channel_1_var,Channel_1_energy,Channel_1_mu_power,Channel_1_beta_power,Channel_3_mean,Channel_3_std,Channel_3_rms,Channel_3_ptp,Channel_3_var,Channel_3_energy,Channel_3_mu_power,Channel_3_beta_power,Channel_7_mean,Channel_7_std,Channel_7_rms,Channel_7_ptp,Channel_7_var,Channel_7_energy,Channel_7_mu_power,Channel_7_beta_power,Channel_8_mean,Channel_8_std,Channel_8_rms,Channel_8_ptp,Channel_8_var,Channel_8_energy,Channel_8_mu_power,Channel_8_beta_power,mu_asym_Channel_1__Channel_3,beta_asym_Channel_1__Channel_3,mu_asym_Channel_1__Channel_7,beta_asym_Channel_1__Channel_7,mu_asym_Channel_1__Channel_8,beta_asym_Channel_1__Channel_8,mu_asym_Channel_3__Channel_7,beta_asym_Channel_3__Channel_7,mu_asym_Channel_3__Channel_8,beta_asym_Channel_3__Channel_8,mu_asym_Channel_7__Channel_8,beta_asym_Channel_7__Channel_8,predicted_label,movement_prob_JAW,movement_prob_LEFT,movement_prob_RIGHT,predicted_count,count_prob_1,count_prob_2,count_prob_3,count_prob_4,count_prob_5,count_prob_6,fold_name,model_name,joint_exact_match
lrj,Ben,Ben LRJ,Ben-LRJ(1-6)-4:9.csv,/Users/yanivnaggar/Desktop/Spring 2026/IS/OPENBCI_runs/Ben/Ben-LRJ(1-6)-4:9.csv,ben,LEFT,1,1,True,0,left_right,1,1->1,1,1,Ben::Ben-LRJ(1-6)-4:9.csv::trial_1,13213,13871,52.852,55.484,2.632,1,sliding,13213,13462,52.852,53.848,1.0,1.0,0.5,,-0.03455648207715146,0.4613410311984078,0.462633437529929,2.2404618561444103,0.21283554706721028,0.21402969752075876,0.018101349013717058,0.11086013994914001,-0.1482184146907366,0.5984284877176268,0.6165106271309855,2.646188552313559,0.35811665491200584,0.380085353365441,0.042801059515786416,0.08253672078445354,-0.021218044061780808,0.29449910526474,0.29526247373403225,1.4012753837816687,0.08672972300173241,0.08717992839554009,0.004927064697250605,0.011289051357742148,-0.013800846062923965,0.3883896176546834,0.3886347365509209,2.154265593334817,0.15084649510195117,0.1510369584540037,0.017281873056927737,0.05872793939602909,-0.024699710502069358,0.028323419164686475,0.013174284316466453,0.09957108859139786,0.0008194759567893214,0.05213220055311092,0.03787399481853581,0.07124766942671139,0.02551918645885868,0.023808781388424446,-0.012354808359677132,-0.04743888803828694,RIGHT,4.0538241622965282e-56,0.0028797015692052378,0.9971202984307946,4,7.622424374732211e-13,0.00013742497560853743,2.9407229469078124e-12,0.9998337897447173,2.9932585521383816e-08,2.8755343385540785e-05,Yaniv-LRJ(6)-4:7.csv_to_Ben-LRJ(1-6)-4:9.csv,LDA,False
lrj,Ben,Ben LRJ,Ben-LRJ(1-6)-4:9.csv,/Users/yanivnaggar/Desktop/Spring 2026/IS/OPENBCI_runs/Ben/Ben-LRJ(1-6)-4:9.csv,ben,LEFT,1,1,True,0,left_right,1,1->1,1,1,Ben::Ben-LRJ(1-6)-4:9.csv::trial_1,13213,13871,52.852,55.484,2.632,2,sliding,13338,13587,53.352,54.348,1.0,1.0,0.5,,0.008035743163488745,0.4594846418888973,0.45955490346634076,2.2404618561444103,0.2111261361317682,0.21119070929995779,0.009073075312447335,0.11334770312939947,0.007079987048298079,0.5641870689810112,0.5642314906330455,2.6241905708053537,0.31830704880538435,0.31835717502198846,0.03585083045622179,0.05139089073254285,0.006800989672299611,0.2730332368668019,0.273117926717537,1.3555622600058936,0.07454714843396318,0.07459340189448589,0.003526107886719918,0.015273429699554237,-0.022327247816828766,0.38397319153481074,0.3846217854106844,2.154265593334817,0.14743541181742847,0.1479339178125026,0.012626496212520207,0.06939339638924734,-0.026777755143774454,0.061956812396856624,0.005546967425727417,0.09807427342984523,-0.003553420900072872,0.04395430674015213,0.03232472256950187,0.03611746103298861,0.023224334243701582,-0.01800250565670449,-0.009100388325800289,-0.0541199666896931,LEFT,3.6594080647284304e-27,0.9995035151174181,0.0004964848825818614,6,2.5602770435680655e-08,5.512045286304618e-08,3.7799811177958893e-06,0.0006664605161662177,0.24195176073845168,0.7573779180410409,Yaniv-LRJ(6)-4:7.csv_to_Ben-LRJ(1-6)-4:9.csv,LDA,False
lrj,Ben,Ben LRJ,Ben-LRJ(1-6)-4:9.csv,/Users/yanivnaggar/Desktop/Spring 2026/IS/OPENBCI_runs/Ben/Ben-LRJ(1-6)-4:9.csv,ben,LEFT,1,1,True,0,left_right,1,1->1,1,1,Ben::Ben-LRJ(1-6)-4:9.csv::trial_1,13213,13871,52.852,55.484,2.632,3,sliding,13463,13712,53.852,54.848,1.0,1.0,0.5,,0.0033081992303583335,0.352228563346826,0.352244098629795,2.0204422417231642,0.12406496083736901,0.12407590501951674,0.016179456193661745,0.04782140806659044,0.0917142705990133,0.4507217495383441,0.4599582621699656,2.838440758217085,0.2031500955069058,0.2115616029384148,0.03843389982952005,0.050470138917789974,-0.01671477387081664,0.21907126067475766,0.21970799011228553,1.2085952712891141,0.04799221725362762,0.04827160091918016,0.008954306300252454,0.006133338552919884,-0.010606420836054866,0.28559358755361136,0.28579047117546413,1.3329291971053316,0.08156369725174228,0.08167619341469379,0.011308279524657766,0.034847400472327233,-0.022254443635858306,-0.0026487308511995364,0.007225149893409291,0.04168806951367055,0.004871176669003979,0.012974007594263204,0.029479593529267597,0.04433680036487009,0.027125620304862284,0.01562273844546274,-0.0023539732244053126,-0.028714061919407348,LEFT,6.104703780704119e-52,0.9994971189848343,0.0005028810151656075,6,5.718978069170408e-08,9.429772365522722e-06,1.7713318133828525e-06,0.43795543903062795,0.005513394845860005,0.5565199078295525,Yaniv-LRJ(6)-4:7.csv_to_Ben-LRJ(1-6)-4:9.csv,LDA,False
lrj,Ben,Ben LRJ,Ben-LRJ(1-6)-4:9.csv,/Users/yanivnaggar/Desktop/Spring 2026/IS/OPENBCI_runs/Ben/Ben-LRJ(1-6)-4:9.csv,ben,LEFT,1,1,True,0,left_right,1,1->1,1,1,Ben::Ben-LRJ(1-6)-4:9.csv::trial_1,13213,13871,52.852,55.484,2.632,4,sliding,13588,13837,54.352,55.348,1.0,1.0,0.5,,0.014569601013057234,0.3171535038384443,0.31748798130115385,1.5161757169602588,0.10058634499700211,0.1007986182706818,0.007158506229769417,0.06370909703062509,-0.009153593765130344,0.44091354946265193,0.44100855590177773,2.7140675563449257,0.1944047580997544,0.1944885463785714,0.018119588202770626,0.07655449493126698,-0.01687889409238979,0.1973352426506884,0.19805578774120233,1.0130786621712866,0.03894119799200608,0.03922609505778819,0.004712578460971168,0.008246783851000989,0.039050943344371765,0.2574306267580725,0.2603756973473894,1.2954652375462277,0.06627052759305402,0.06779550376913934,0.010816102505177831,0.03886639986200278,-0.010961081973001208,-0.012845397900641889,0.0024459277687982495,0.055462313179624106,-0.003657596275408414,0.024842697168622314,0.013407009741799458,0.068307711080266,0.0073034856975927945,0.0376880950692642,-0.006103524044206663,-0.03061961601100179,LEFT,1.4815789713889136e-68,0.8441613777358788,0.1558386222641212,6,0.002485153562826748,3.874486742874623e-07,4.260889834887624e-05,0.00039315312124038696,0.06858607162076245,0.9284926253481474,Yaniv-LRJ(6)-4:7.csv_to_Ben-LRJ(1-6)-4:9.csv,LDA,False
lrj,Ben,Ben LRJ,Ben-LRJ(1-6)-4:9.csv,/Users/yanivnaggar/Desktop/Spring 2026/IS/OPENBCI_runs/Ben/Ben-LRJ(1-6)-4:9.csv,ben,LEFT,2,2,True,0,left_right,1,1->1,2,2,Ben::Ben-LRJ(1-6)-4:9.csv::trial_2,15213,15830,60.852,63.32,2.468,1,sliding,15213,15462,60.852,61.848,1.0,1.0,0.5,,-0.007376733220316286,0.38021801803934213,0.38028957050485773,2.1062899814526,0.1445657412417655,0.14462015743476916,0.028538947836220623,0.06447386135880077,0.027255767704906574,0.48602882414098114,0.48679245553834194,2.3897554858860945,0.23622401789586478,0.2369668947690486,0.02446747983788789,0.059443909020396556,-0.004159276947864754,0.3889494225097952,0.38897166073562767,1.8191008254899312,0.15128165327070317,0.1512989528554322,0.006501327729269569,0.00818829089621156,-0.022930371074616346,0.32981602129975973,0.33061217434272316,1.6776290945966525,0.10877860790600358,0.10930440982362319,0.013650756166714049,0.037513531377972864,0.004071467998332731,0.005029952338404219,0.022037620106951053,0.05628557046258921,0.014888191669506574,0.02696032998082791,0.017966152108618322,0.051255618124185,0.010816723671173843,0.02193037764242369,-0.00714942843744448,-0.029325240481761303,LEFT,2.0746713707495644e-80,0.998379473016519,0.0016205269834811626,5,4.5192115224974456e-05,0.0001336260880731145,0.009980420018226504,0.006442538315758082,0.750045470604671,0.2333527528580463,Yaniv-LRJ(6)-4:7.csv_to_Ben-LRJ(1-6)-4:9.csv,LDA,False
lrj,Ben,Ben LRJ,Ben-LRJ(1-6)-4:9.csv,/Users/yanivnaggar/Desktop/Spring 2026/IS/OPENBCI_runs/Ben/Ben-LRJ(1-6)-4:9.csv,ben,LEFT,2,2,True,0,left_right,1,1->1,2,2,Ben::Ben-LRJ(1-6)-4:9.csv::trial_2,15213,15830,60.852,63.32,2.468,2,sliding,15338,15587,61.352,62.348,1.0,1.0,0.5,,0.0075189783847066675,0.4330984055037896,0.4331636687048841,2.1062899814526,0.18757422884992495,0.1876307638858746,0.012537763436926135,0.14876975117741364,-0.0530839387356522,0.5122990443433532,0.5150419549772653,2.3091542935132146,0.2624503108351129,0.2652682153868034,0.08077517214862621,0.13483932180440325,-0.03314119535276487,0.4024834357739017,0.4038455829915373,1.7481957900060152,0.1619929160723645,0.16309125490177462,0.005003424661974722,0.018064772262852365,-0.001923669828238244,0.3766285923406229,0.3766335049807534,1.7143854887547263,0.14184909656847913,0.14185279707408718,0.027022289954182658,0.08570271272198506,-0.06823740871170009,0.013930429373010395,0.007534338774951413,0.1307049789145613,-0.014484526517256523,0.06306703845542859,0.0757717474866515,0.11677454954155089,0.05375288219444356,0.049136609082418195,-0.022018865292207937,-0.06763794045913268,RIGHT,4.592293270655085e-42,0.012620674033547863,0.9873793259664521,6,3.766940389847295e-06,1.0854690718359935e-06,6.528857388943893e-07,0.0009823646764698525,0.266449580864968,0.7325625491633615,Yaniv-LRJ(6)-4:7.csv_to_Ben-LRJ(1-6)-4:9.csv,LDA,False
lrj,Ben,Ben LRJ,Ben-LRJ(1-6)-4:9.csv,/Users/yanivnaggar/Desktop/Spring 2026/IS/OPENBCI_runs/Ben/Ben-LRJ(1-6)-4:9.csv,ben,LEFT,2,2,True,0,left_right,1,1->1,2,2,Ben::Ben-LRJ(1-6)-4:9.csv::trial_2,15213,15830,60.852,63.32,2.468,3,sliding,15463,15712,61.852,62.848,1.0,1.0,0.5,,-0.009525247118070228,0.41088105974742967,0.41099145440243795,1.9928700866957034,0.1688232452591709,0.16891397559183122,0.012160429050791951,0.11465346842256881,-0.002894025457988171,0.4830378320259392,0.48304650143818556,2.2369237542097493,0.23332554716831946,0.23333392255167099,0.02767060883481928,0.10608462647986827,0.01269472864794799,0.31006275199054156,0.31032251981993364,1.541898715775762,0.09613891017194807,0.0963000663073931,0.0019383490844561684,0.020796222595415352,0.0021833548645625624,0.34082086725883043,0.34082786065333026,1.6388762256805225,0.11615886355906131,0.11616363059752591,0.007699981975018378,0.07249612060692609,-0.015510179784027328,0.008568841942700536,0.010222079966335782,0.09385724582715346,0.0044604470757735725,0.04215734781564272,0.025732259750363112,0.08528840388445291,0.019970626859800902,0.03358850587294218,-0.00576163289056221,-0.05169989801151074,LEFT,3.965175282153048e-54,0.9805569458414594,0.019443054158540553,6,4.4934178661873224e-06,5.095728272999135e-07,9.170593287294692e-05,0.0004012189481881255,0.2853507263242251,0.7141513458040204,Yaniv-LRJ(6)-4:7.csv_to_Ben-LRJ(1-6)-4:9.csv,LDA,False
lrj,Ben,Ben LRJ,Ben-LRJ(1-6)-4:9.csv,/Users/yanivnaggar/Desktop/Spring 2026/IS/OPENBCI_runs/Ben/Ben-LRJ(1-6)-4:9.csv,ben,LEFT,3,3,True,0,left_right,1,1->1,3,3,Ben::Ben-LRJ(1-6)-4:9.csv::trial_3,17031,17648,68.124,70.592,2.468,1,sliding,17031,17280,68.124,69.12,1.0,1.0,0.5,,-0.012683274257252998,0.4237721409749556,0.42396190030754216,2.1476904896197144,0.17958282746649765,0.17974369291238232,0.024201829217399003,0.09254209714199887,-0.013499852352196562,0.45843684614837593,0.4586355720176977,2.2597255057006,0.2101643419064697,0.2103465879200008,0.10382127534956427,0.06267472384049769,-0.03310859541329896,0.3236032318365909,0.32529253103218947,1.7726044471522298,0.10471905165508641,0.10581523074532793,0.006128100230787015,0.013658485820003098,-0.027144393053350233,0.33993003454314424,0.34101209136735605,1.6825928083049317,0.11555242838450323,0.11628924645873798,0.015012190904064056,0.051508905166126134,-0.07961944613216526,0.029867373301501188,0.018073728986611987,0.07888361132199578,0.009189638313334947,0.04103319197587274,0.09769317511877726,0.04901623802049459,0.08880908444550022,0.011165818674371553,-0.00888409067327704,-0.037850419346123036,RIGHT,4.698654366352613e-58,0.177244154156838,0.8227558458431619,6,5.009758484248454e-06,0.002163231060304618,0.00030600408286335617,0.007449143850216615,0.1504069705312344,0.8396696407168968,Yaniv-LRJ(6)-4:7.csv_to_Ben-LRJ(1-6)-4:9.csv,LDA,False
lrj,Ben,Ben LRJ,Ben-LRJ(1-6)-4:9.csv,/Users/yanivnaggar/Desktop/Spring 2026/IS/OPENBCI_runs/Ben/Ben-LRJ(1-6)-4:9.csv,ben,LEFT,3,3,True,0,left_right,1,1->1,3,3,Ben::Ben-LRJ(1-6)-4:9.csv::trial_3,17031,17648,68.124,70.592,2.468,2,sliding,17156,17405,68.624,69.62,1.0,1.0,0.5,,0.023593019876228888,0.4281951581698355,0.4288446386128321,2.059956117607618,0.18335109348009046,0.1839077240669706,0.0161163980469018,0.1055022920312622,0.012405292360975467,0.470593067701794,0.47075654711065523,2.434102148637262,0.22145783536898528,0.22161172664754655,0.05192826368786509,0.04138944656659677,0.07301722368240002,0.38812289546117973,0.3949315091702047,1.8937692774291808,0.15063938198116983,0.15597089693545546,0.0050933254336278455,0.014351634580959612,0.013506769242514061,0.37827836179250446,0.3785194206586915,1.725454367071137,0.1430945190004209,0.14327695181579142,0.01623828952938724,0.05843544484591422,-0.03581186564096329,0.06411284546466542,0.011023072613273954,0.09115065745030258,-0.00012189148248543946,0.04706684718534798,0.04683493825423724,0.02703781198563716,0.03568997415847785,-0.017045998279317444,-0.011144964095759394,-0.0440838102649546,LEFT,1.50912521797821e-81,0.9454268441527887,0.05457315584721125,6,0.00028371178614369823,0.0008740729376492228,1.8516923778346187e-05,7.684810391746686e-06,0.1307106821082115,0.8681053314338254,Yaniv-LRJ(6)-4:7.csv_to_Ben-LRJ(1-6)-4:9.csv,LDA,False
lrj,Ben,Ben LRJ,Ben-LRJ(1-6)-4:9.csv,/Users/yanivnaggar/Desktop/Spring 2026/IS/OPENBCI_runs/Ben/Ben-LRJ(1-6)-4:9.csv,ben,LEFT,3,3,True,0,left_right,1,1->1,3,3,Ben::Ben-LRJ(1-6)-4:9.csv::trial_3,17031,17648,68.124,70.592,2.468,3,sliding,17281,17530,69.124,70.12,1.0,1.0,0.5,,0.020524445343665543,0.3599969667314274,0.360581570400504,1.742419331125573,0.12959781605582846,0.1300190689124936,0.009465240279239492,0.0886380003316121,0.010286595621046779,0.4723666638358909,0.47247865470613637,2.138211610906155,0.22313026510344952,0.22323607915292046,0.0673322032283512,0.06535391433518817,-0.0689399705446671,0.3758574701118824,0.38212767156750654,1.7598183138635517,0.14126883783890457,0.14602155737760417,0.006502903026108909,0.012368377281378705,0.020307606630424205,0.32220688598964614,0.32284621147877957,1.65899819062889,0.10381727737914483,0.10422967626620086,0.009130482755774553,0.05892758051310367,-0.057866962949111714,0.023284085996423926,0.002962337253130583,0.07626962305023338,0.00033475752346493956,0.029710419818508423,0.060829300202242295,0.05298553705380946,0.05820172047257666,0.006426333822084497,-0.0026275797296656436,-0.046559203231724966,RIGHT,4.0828347922115105e-75,0.08232560463648853,0.9176743953635115,6,0.0046364782783350975,4.326158953594412e-05,4.5229005650349526e-06,1.9640278993466806e-05,0.12780347627228428,0.8674926206802862,Yaniv-LRJ(6)-4:7.csv_to_Ben-LRJ(1-6)-4:9.csv,LDA,False
lrj,Ben,Ben LRJ,Ben-LRJ(1-6)-4:9.csv,/Users/yanivnaggar/Desktop/Spring 2026/IS/OPENBCI_runs/Ben/Ben-LRJ(1-6)-4:9.csv,ben,LEFT,4,2,False,-2,left_right,1,1->1,4,4,Ben::Ben-LRJ(1-6)-4:9.csv::trial_4,18840,19726,75.36,78.904,3.544,1,sliding,18840,19089,75.36,76.356,1.0,1.0,0.5,observed_count 2 vs expected_count 4,0.046677526274005246,0.4117693999724166,0.41440660010755676,2.282489067206394,0.16955403875364403,0.17173283021270447,0.005203062749428765,0.08494050052907401,0.04761534179229159,0.6126474425910337,0.6144950037936278,3.4182448911771166,0.3753368889133339,0.37760410968733066,0.019295364427671522,0.06444908974760273,-0.08171768661950074,0.5977994056945832,0.6033588565316995,2.8031003143057376,0.357364129448797,0.3640419097552399,0.004041879711206005,0.010313154357594393,0.033740365904703216,0.28037198387603574,0.2823948682854689,1.3904428829432738,0.07860844934258404,0.07974686163396731,0.0025904704909696487,0.03517854686002465,-0.014092301678242757,0.020491410781471278,0.0011611830382227606,0.07462734617147962,0.0026125922584591165,0.04976195366904936,0.015253484716465517,0.05413593539000834,0.016704893936701874,0.029270542887578084,0.001451409220236356,-0.024865392502430254,RIGHT,5.558419181012091e-93,0.13987413180192396,0.8601258681980761,5,0.33827869399416544,0.0003772817679223713,9.520347717932444e-08,4.298623113949946e-06,0.6608901491923636,0.00044948121895741936,Yaniv-LRJ(6)-4:7.csv_to_Ben-LRJ(1-6)-4:9.csv,LDA,False
lrj,Ben,Ben LRJ,Ben-LRJ(1-6)-4:9.csv,/Users/yanivnaggar/Desktop/Spring 2026/IS/OPENBCI_runs/Ben/Ben-LRJ(1-6)-4:9.csv,ben,LEFT,4,2,False,-2,left_right,1,1->1,4,4,Ben::Ben-LRJ(1-6)-4:9.csv::trial_4,18840,19726,75.36,78.904,3.544,2,sliding,18965,19214,75.86,76.856,1.0,1.0,0.5,observed_count 2 vs expected_count 4,0.007150576577972544,0.4601592365422396,0.4602147908537211,2.2759355641896937,0.21174652297513682,0.21179765372053425,0.016404779916166054,0.0892527736573898,-0.0665871371284637,0.6243838802885078,0.6279244196518388,3.52847563808857,0.3898552299641336,0.3942890767950985,0.07039113754790226,0.06064110660418411,0.07587236398684104,0.6925550211372676,0.6966986959363373,3.002368105320727,0.4796324573024412,0.4853890729193929,0.0061632044195619375,0.015398611906051768,-0.026034268103389102,0.30515449155822644,0.306263035369662,1.7099580733074147,0.09311926371815969,0.09379704683383883,0.009321820029889936,0.05118741884176484,-0.053986357631736204,0.02861166705320569,0.010241575496604116,0.07385416175133803,0.007082959886276118,0.038065354815624966,0.06422793312834033,0.045242494698132345,0.061069317518012325,0.009453687762419276,-0.0031586156103279982,-0.03578880693571307,RIGHT,9.984207478803948e-94,0.0010976083247262493,0.9989023916752738,5,8.868733548111122e-08,0.0001229650628822048,5.091965548848297e-11,8.253727716431029e-05,0.9996077361900361,0.00018667273166213496,Yaniv-LRJ(6)-4:7.csv_to_Ben-LRJ(1-6)-4:9.csv,LDA,False
lrj,Ben,Ben LRJ,Ben-LRJ(1-6)-4:9.csv,/Users/yanivnaggar/Desktop/Spring 2026/IS/OPENBCI_runs/Ben/Ben-LRJ(1-6)-4:9.csv,ben,LEFT,4,2,False,-2,left_right,1,1->1,4,4,Ben::Ben-LRJ(1-6)-4:9.csv::trial_4,18840,19726,75.36,78.904,3.544,3,sliding,19090,19339,76.36,77.356,1.0,1.0,0.5,observed_count 2 vs expected_count 4,-0.0399241544928388,0.4298978571810545,0.4317477338919457,2.213992948756591,0.18481216760886235,0.18640610572083038,0.010062465403488917,0.09275121504713026,-0.05508718222579833,0.5170633635783853,0.5199895379722287,2.6457964398973104,0.26735452195499354,0.2703891196005719,0.013755734866810993,0.08643755186386792,0.09677470545808063,0.715084313091363,0.7216030199811005,2.7589071787276085,0.5113455748293464,0.5207109184458446,0.008729297890835179,0.014951003185251782,-0.041731822436007246,0.3347878536919325,0.337378795989732,1.7192184277030023,0.1120829069796508,0.11382445198348123,0.00603764310928258,0.06180156202546628,-0.003693269463322076,0.006313663183262333,0.0013331675126537386,0.07780021186187848,0.004024822294206337,0.030949653021663977,0.0050264369759758145,0.07148654867861615,0.007718091757528413,0.024635989838401644,0.0026916547815525986,-0.046850558840214496,LEFT,2.4083897190707297e-132,0.5774694658246489,0.42253053417535114,5,7.16841409879196e-08,5.145794727187314e-07,1.3610104702893411e-14,4.3762409825622995e-09,0.9999985420617048,8.672984270145153e-07,Yaniv-LRJ(6)-4:7.csv_to_Ben-LRJ(1-6)-4:9.csv,LDA,False
lrj,Ben,Ben LRJ,Ben-LRJ(1-6)-4:9.csv,/Users/yanivnaggar/Desktop/Spring 2026/IS/OPENBCI_runs/Ben/Ben-LRJ(1-6)-4:9.csv,ben,LEFT,4,2,False,-2,left_right,1,1->1,4,4,Ben::Ben-LRJ(1-6)-4:9.csv::trial_4,18840,19726,75.36,78.904,3.544,4,sliding,19215,19464,76.86,77.856,1.0,1.0,0.5,observed_count 2 vs expected_count 4,-0.020725173947379275,0.44241826106315346,0.44290343254178305,2.1864802800166236,0.19573391772214463,0.19616345055729378,0.01031842368025622,0.11577619468649569,0.04615973455098971,0.5014903772529207,0.5036102854103504,2.4369546873203634,0.2514925984772767,0.2536233195710946,0.013724100506419819,0.060762301460130425,-0.12296798328581111,0.5931816068527086,0.6057933175776543,2.7589071787276085,0.3518644187083613,0.36698554362174074,0.00721805022138408,0.019019345353167735,0.0017505664292632073,0.3308091643466662,0.33081379611280254,1.745650824061333,0.10943470321573961,0.10943776769856288,0.010063357646924401,0.06451452892694755,-0.003405676826163599,0.05501389322636527,0.00310037345887214,0.09675684933332795,0.0002550660333318182,0.051261665759548145,0.006506050285035739,0.041742956106962686,0.0036607428594954174,-0.0037522274668171235,-0.0028453074255403218,-0.04549518357377981,LEFT,7.427759334085177e-86,0.9998764212511637,0.0001235787488362782,5,0.0046378314711838006,3.304548536025744e-05,2.467128510912485e-15,1.712310159422835e-10,0.9953222156620419,6.907210180643758e-06,Yaniv-LRJ(6)-4:7.csv_to_Ben-LRJ(1-6)-4:9.csv,LDA,False
lrj,Ben,Ben LRJ,Ben-LRJ(1-6)-4:9.csv,/Users/yanivnaggar/Desktop/Spring 2026/IS/OPENBCI_runs/Ben/Ben-LRJ(1-6)-4:9.csv,ben,LEFT,4,2,False,-2,left_right,1,1->1,4,4,Ben::Ben-LRJ(1-6)-4:9.csv::trial_4,18840,19726,75.36,78.904,3.544,5,sliding,19340,19589,77.36,78.356,1.0,1.0,0.5,observed_count 2 vs expected_count 4,-0.041546568272308924,0.4665038714716416,0.46835027429610365,2.1864802800166236,0.2176258620980299,0.2193519794332355,0.0031129074309332494,0.08545937291685617,-0.024866908236287948,0.4480578280156877,0.4487473458098305,2.375423133547095,0.20075581724613561,0.2013741803713676,0.030204539614024698,0.05233349249206357,0.002461328327220201,0.2915518346820053,0.2915622239652759,1.4462894068490355,0.08500247230644334,0.08500853044357772,0.004129475321246532,0.0111936823970842,-0.008197333202476152,0.3407071808818433,0.3408057795520574,1.745650824061333,0.1160813831044531,0.11614857937608551,0.005855579006516229,0.0437481496982457,-0.02709163218309145,0.03312588042479259,-0.0010165678903132822,0.07426569051977197,-0.0027426715755829796,0.04171122321861047,0.026075064292778165,0.04113981009497937,0.02434896060750847,0.008585342793817875,-0.0017261036852696974,-0.032554467301161495,LEFT,1.2958423499707936e-64,0.9158595895895382,0.0841404104104619,6,3.3290990369422817e-06,7.243393990621396e-05,0.0013495379186964306,0.02836415385707802,0.4357973210614578,0.5344132241238246,Yaniv-LRJ(6)-4:7.csv_to_Ben-LRJ(1-6)-4:9.csv,LDA,False
lrj,Ben,Ben LRJ,Ben-LRJ(1-6)-4:9.csv,/Users/yanivnaggar/Desktop/Spring 2026/IS/OPENBCI_runs/Ben/Ben-LRJ(1-6)-4:9.csv,ben,LEFT,4,2,False,-2,left_right,1,1->1,4,4,Ben::Ben-LRJ(1-6)-4:9.csv::trial_4,18840,19726,75.36,78.904,3.544,6,sliding,19465,19714,77.86,78.856,1.0,1.0,0.5,observed_count 2 vs expected_count 4,-0.017147558417752947,0.4604878369245605,0.4608069950805336,2.1693667200600855,0.21204904795546065,0.2123430867151509,0.007825789597953476,0.11382999515617456,-0.049738015216191186,0.5251964594179064,0.5275463876691324,2.2662122616969667,0.27583132098510454,0.2783051911427506,0.08745105589078832,0.07494636137562066,0.0771888956469044,0.32566881179701157,0.3346913512304524,1.551074202504441,0.10606017497727735,0.11201830058846605,0.003385477996263418,0.020554525658632455,-0.0034431609770373506,0.33552528256439057,0.3355429489609757,1.4896420967654023,0.11257721523991415,0.11258907059742794,0.006605957159086408,0.06611050914074644,-0.07962526629283484,0.0388836337805539,0.004440311601690058,0.0932754694975421,0.0012198324388670682,0.04771948601542812,0.0840655778945249,0.054391835716988204,0.08084509873170191,0.008835852234874222,-0.00322047916282299,-0.04555598348211398,RIGHT,1.6772069287753944e-77,0.0316952440023135,0.9683047559976865,6,9.864921545724688e-05,0.00039426297265748335,2.723770072182242e-06,1.570770889273881e-06,0.0010707698749816686,0.9984320233959422,Yaniv-LRJ(6)-4:7.csv_to_Ben-LRJ(1-6)-4:9.csv,LDA,False
lrj,Ben,Ben LRJ,Ben-LRJ(1-6)-4:9.csv,/Users/yanivnaggar/Desktop/Spring 2026/IS/OPENBCI_runs/Ben/Ben-LRJ(1-6)-4:9.csv,ben,LEFT,5,2,False,-3,left_right,1,1->1,5,5,Ben::Ben-LRJ(1-6)-4:9.csv::trial_5,21030,22322,84.12,89.288,5.168,1,sliding,21030,21279,84.12,85.116,1.0,1.0,0.5,observed_count 2 vs expected_count 5,-0.003882882117726588,0.3731269831722226,0.37314718589953777,1.8737240259891226,0.13922374557120407,0.13923882234474422,0.0034541283323380125,0.10120599724421432,0.06516592687323194,0.473605123745361,0.4780673710504683,2.034362123113049,0.22430181323785872,0.22854841126310615,0.0414564954584552,0.04259700161489425,-0.026249892168781853,0.3165764161496022,0.3176628465858083,1.4470675929671941,0.1002206272621261,0.10090968410099878,0.004733591311972632,0.020280824544393224,0.04801395947489489,0.34541576693034154,0.3487368525816176,1.4244633187730624,0.11931205204407602,0.12161739234853287,0.01622392713666904,0.06381239275743512,-0.03800236712611719,0.05860899562932007,-0.0012794629796346198,0.0809251726998211,-0.012769798804331028,0.0373936044867792,0.03672290414648257,0.022316177070501025,0.02523256832178616,-0.021215391142540875,-0.011490335824696407,-0.043531568213041896,LEFT,3.6502759462593513e-63,0.5798311747079883,0.4201688252920117,6,0.0005952676946472023,2.005223159084965e-06,0.00399213918316093,0.08193984583793266,0.38020531377162264,0.5332654282894774,Yaniv-LRJ(6)-4:7.csv_to_Ben-LRJ(1-6)-4:9.csv,LDA,False
lrj,Ben,Ben LRJ,Ben-LRJ(1-6)-4:9.csv,/Users/yanivnaggar/Desktop/Spring 2026/IS/OPENBCI_runs/Ben/Ben-LRJ(1-6)-4:9.csv,ben,LEFT,5,2,False,-3,left_right,1,1->1,5,5,Ben::Ben-LRJ(1-6)-4:9.csv::trial_5,21030,22322,84.12,89.288,5.168,2,sliding,21155,21404,84.62,85.616,1.0,1.0,0.5,observed_count 2 vs expected_count 5,0.01673496633938171,0.3875333309815075,0.38789449818217697,1.9507499936916333,0.15018208262162264,0.15046214172000288,0.011320211101102843,0.0635723955782337,0.03346569817558154,0.5052567596681599,0.5063638475886166,2.2985466483238577,0.2552843931903686,0.2564043461447478,0.08593210356664888,0.06483893540710739,-0.01190770190392471,0.31946870049002524,0.31969054405380554,1.5350810322939217,0.10206025059278546,0.10220204395741819,0.007963828488720967,0.011384705188032656,-0.015979243112393543,0.34214056811626653,0.34251351004211,1.4908414137183197,0.11706016835092163,0.11731550456136661,0.016774851434200613,0.03833088850193763,-0.07461189246554603,-0.001266539828873689,0.003356382612381876,0.05218769039020105,-0.00545464033309777,0.02524150707629607,0.0779682750779279,0.053454230219074736,0.06915725213244826,0.02650804690516976,-0.008811022945479646,-0.026946183313904977,LEFT,1.1866109150063177e-58,0.9646835322150804,0.03531646778491951,6,9.992065311067933e-06,0.0046213213691113555,0.0006837561313208554,0.08591460364120858,0.42157295522223526,0.4871973715708129,Yaniv-LRJ(6)-4:7.csv_to_Ben-LRJ(1-6)-4:9.csv,LDA,False
lrj,Ben,Ben LRJ,Ben-LRJ(1-6)-4:9.csv,/Users/yanivnaggar/Desktop/Spring 2026/IS/OPENBCI_runs/Ben/Ben-LRJ(1-6)-4:9.csv,ben,LEFT,5,2,False,-3,left_right,1,1->1,5,5,Ben::Ben-LRJ(1-6)-4:9.csv::trial_5,21030,22322,84.12,89.288,5.168,3,sliding,21280,21529,85.12,86.116,1.0,1.0,0.5,observed_count 2 vs expected_count 5,-0.029710579097589965,0.36526115862392494,0.3664675053938701,1.8706394455347952,0.13341571399929206,0.13429843250960619,0.008497794931314683,0.10020714722049963,-0.19318303297092235,0.5567104200567959,0.5892759761161647,2.5630914173538146,0.30992649179981413,0.3472461760276586,0.04985485838689418,0.04117924318946538,-0.006513813404090222,0.2720004256957652,0.27207841028597035,1.476723854501318,0.0739842315786775,0.07402666134374081,0.004342777297678536,0.010135409147384986,-0.04488719481695134,0.29640496938566985,0.2997845328482689,1.4908414137183197,0.08785590587651988,0.08987076613505482,0.00569445603125286,0.051801658291523056,-0.0413570634555795,0.05902790403103425,0.004155017633636147,0.09007173807311464,0.0028033389000618227,0.04840548892897657,0.045512081089215645,0.031043834042080394,0.044160402355641316,-0.010622415102057678,-0.001351678733574324,-0.04166624914413807,RIGHT,1.5470653791384966e-66,1.562652972485387e-08,0.9999999843734702,4,1.2941977648110749e-17,4.238408277134127e-06,8.236165510888689e-18,0.9999957591070087,1.1295761224026216e-14,2.4847028907853685e-09,Yaniv-LRJ(6)-4:7.csv_to_Ben-LRJ(1-6)-4:9.csv,LDA,False
lrj,Ben,Ben LRJ,Ben-LRJ(1-6)-4:9.csv,/Users/yanivnaggar/Desktop/Spring 2026/IS/OPENBCI_runs/Ben/Ben-LRJ(1-6)-4:9.csv,ben,LEFT,5,2,False,-3,left_right,1,1->1,5,5,Ben::Ben-LRJ(1-6)-4:9.csv::trial_5,21030,22322,84.12,89.288,5.168,4,sliding,21405,21654,85.62,86.616,1.0,1.0,0.5,observed_count 2 vs expected_count 5,-0.005045027075309928,0.31048515346282607,0.3105261387049813,1.6014454602266555,0.09640103052083467,0.09642648281902527,0.0021501575986147977,0.042392063558860216,-0.13092034315857703,1.7385148640556192,1.7434374289876557,7.438733500219387,3.0224339325423277,3.039574068795087,0.06815821821676786,0.035017535845825586,0.05100124741087835,0.2688409659110718,0.27363587518719784,1.334444482981815,0.07227546495199809,0.07487659218946373,0.006060544532128656,0.007194704783558175,-0.012826112819493113,0.2639388260245794,0.26425028486889385,1.4429545197508116,0.06966370388323319,0.06982821305329155,0.0022640383956766563,0.024488761537234883,-0.06600806061815306,0.00737452771303463,-0.003910386933513858,0.03519735877530204,-0.00011388079706185859,0.017903302021625333,0.062097673684639206,0.027822831062267413,0.0658941798210912,0.010528774308590703,0.003796506136452,-0.017294056753676706,RIGHT,9.496037382456397e-29,1.404268790087609e-17,1.0,1,0.9999999999551625,4.728535020192001e-16,6.778541543303026e-27,6.0242497729879965e-28,4.211002339076315e-17,4.483702466740295e-11,Yaniv-LRJ(6)-4:7.csv_to_Ben-LRJ(1-6)-4:9.csv,LDA,False
lrj,Ben,Ben LRJ,Ben-LRJ(1-6)-4:9.csv,/Users/yanivnaggar/Desktop/Spring 2026/IS/OPENBCI_runs/Ben/Ben-LRJ(1-6)-4:9.csv,ben,LEFT,5,2,False,-3,left_right,1,1->1,5,5,Ben::Ben-LRJ(1-6)-4:9.csv::trial_5,21030,22322,84.12,89.288,5.168,5,sliding,21530,21779,86.12,87.116,1.0,1.0,0.5,observed_count 2 vs expected_count 5,0.036393482181052705,0.3642342746617748,0.36604793727550466,1.8031542207587905,0.1326666068383892,0.1339910923836518,0.009428252068244576,0.07202568247731701,0.17264861475565374,1.731250666059273,1.7398380421486714,7.438733500219387,2.9972288687306765,3.0270364129077225,0.03143404349377452,0.0910476633184214,0.04141982633768078,0.32354756394113693,0.3261880257552195,1.6408430690792657,0.10468302613224409,0.10639862814608773,0.00945973661076383,0.010502312710272611,0.010221603619199972,0.3221247612935729,0.3222868955123515,1.6836589674620939,0.10376436183844133,0.10386884301898937,0.015652868058322972,0.03378696655450955,-0.02200579142552995,-0.01902198084110439,-3.1484542519253506e-05,0.0615233697670444,-0.006224615990078395,0.03823871592280746,0.02197430688301069,0.0805453506081488,0.01578117543545155,0.05726069676391185,-0.006193131447559142,-0.02328465384423694,RIGHT,2.5043001270835e-05,4.7502495891758994e-20,0.9999749569987293,1,0.9460151497358386,0.05398484926859149,4.0661532072583586e-22,8.413307340133256e-19,9.004076979979689e-15,9.955608767679034e-10,Yaniv-LRJ(6)-4:7.csv_to_Ben-LRJ(1-6)-4:9.csv,LDA,False
lrj,Ben,Ben LRJ,Ben-LRJ(1-6)-4:9.csv,/Users/yanivnaggar/Desktop/Spring 2026/IS/OPENBCI_runs/Ben/Ben-LRJ(1-6)-4:9.csv,ben,LEFT,5,2,False,-3,left_right,1,1->1,5,5,Ben::Ben-LRJ(1-6)-4:9.csv::trial_5,21030,22322,84.12,89.288,5.168,6,sliding,21655,21904,86.62,87.616,1.0,1.0,0.5,observed_count 2 vs expected_count 5,-0.037743917568850385,0.40280612170562846,0.40457060570062886,2.026800490280395,0.16225277168352958,0.1636773749969737,0.012880769467811703,0.10724671436616305,0.0595062035921691,0.5961511694969784,0.5991136830006204,2.845723382092385,0.35539621689261514,0.35893720515856786,0.07016954012753714,0.07028824579279815,-0.08033458387048538,0.3011149143231804,0.31164697494681426,1.6408430690792657,0.09067019162785625,0.09712383699350027,0.007767877999984552,0.013504238251247275,-0.010437632128373304,0.3403772118831707,0.34053720873614995,1.572405337720607,0.1158566463693609,0.11596559053380816,0.009987636744818206,0.0629542338893899,-0.05728877065972543,0.036958468573364905,0.005112891467827151,0.09374247611491578,0.0028931327229934963,0.04429248047677316,0.06240166212755258,0.05678400754155087,0.06018190338271893,0.007334011903408252,-0.0022197587448336544,-0.04944999563814262,LEFT,4.371807392322962e-74,0.7986437374415418,0.20135626255845812,6,0.00026809936587852506,5.984067340034743e-05,3.8496694550152386e-06,3.104996538198771e-07,2.1926438206611544e-05,0.9996459733534058,Yaniv-LRJ(6)-4:7.csv_to_Ben-LRJ(1-6)-4:9.csv,LDA,False
lrj,Ben,Ben LRJ,Ben-LRJ(1-6)-4:9.csv,/Users/yanivnaggar/Desktop/Spring 2026/IS/OPENBCI_runs/Ben/Ben-LRJ(1-6)-4:9.csv,ben,LEFT,5,2,False,-3,left_right,1,1->1,5,5,Ben::Ben-LRJ(1-6)-4:9.csv::trial_5,21030,22322,84.12,89.288,5.168,7,sliding,21780,22029,87.12,88.116,1.0,1.0,0.5,observed_count 2 vs expected_count 5,0.0043916395541342655,0.4013779532731336,0.40140197791204674,2.368751497953757,0.1611042613737298,0.16112354787170324,0.012054338115002424,0.0861186186574568,0.025040776606744173,0.5463814419139089,0.546954952954072,2.4099725596523585,0.2985326800679222,0.2991597205609911,0.02289848114181189,0.06673486285188224,-0.027862451733660407,0.35107784437203504,0.3521817272737548,1.5550329834217205,0.12325565280891487,0.12403196902552542,0.0037553525405392106,0.013030759243798035,0.027600601091258233,0.30868736676260666,0.30991883385723884,1.4813967230683687,0.09528789039883205,0.09604968357943082,0.002914822209894833,0.04611574022919074,-0.010844143026809467,0.019383755805574568,0.008298985574463213,0.07308785941365877,0.00913951590510759,0.04000287842826607,0.01914312860127268,0.053704103608084204,0.01998365893191706,0.0206191226226915,0.0008405303306443777,-0.033084980985392705,LEFT,7.014072911658026e-65,0.9773580806069521,0.022641919393047872,5,0.007976255356159643,3.766552552523548e-06,0.004835904871409183,0.0009327510711620949,0.7100300402423575,0.276221281906359,Yaniv-LRJ(6)-4:7.csv_to_Ben-LRJ(1-6)-4:9.csv,LDA,True
lrj,Ben,Ben LRJ,Ben-LRJ(1-6)-4:9.csv,/Users/yanivnaggar/Desktop/Spring 2026/IS/OPENBCI_runs/Ben/Ben-LRJ(1-6)-4:9.csv,ben,LEFT,5,2,False,-3,left_right,1,1->1,5,5,Ben::Ben-LRJ(1-6)-4:9.csv::trial_5,21030,22322,84.12,89.288,5.168,8,sliding,21905,22154,87.62,88.616,1.0,1.0,0.5,observed_count 2 vs expected_count 5,0.026133080823879787,0.42512364252676155,0.4259261078503749,2.452542176333857,0.18073011143522175,0.1814130493485692,0.0021532380883355832,0.09990904968554425,0.012872344662722853,0.6129024425267514,0.6130376018747739,2.8619073056603073,0.3756494040552578,0.3758151013123738,0.09316709500936082,0.06825073205821516,0.06541953027417732,0.40067874134988374,0.4059841976124453,1.5550329834217205,0.16054345376972703,0.16482316871102104,0.0035235395754811575,0.01833704249224881,0.013547030988910507,0.32482861596909285,0.3251109838209268,1.6636589013374183,0.1055136297523964,0.10569715180101093,0.025057510041956003,0.05183692856144024,-0.09101385692102525,0.03165831762732908,-0.0013703014871455743,0.08157200719329544,-0.02290427195362042,0.04807212112410401,0.08964355543387967,0.049913689565966354,0.06810958496740482,0.016413803496774924,-0.021533970466474844,-0.03349988606919143,LEFT,2.2865350356411116e-80,0.89996717405176,0.10003282594824014,5,0.002020623667015269,8.43619880119024e-05,4.608121708718035e-06,8.474224104384253e-06,0.925158720023621,0.07272321197553887,Yaniv-LRJ(6)-4:7.csv_to_Ben-LRJ(1-6)-4:9.csv,LDA,True
lrj,Ben,Ben LRJ,Ben-LRJ(1-6)-4:9.csv,/Users/yanivnaggar/Desktop/Spring 2026/IS/OPENBCI_runs/Ben/Ben-LRJ(1-6)-4:9.csv,ben,LEFT,5,2,False,-3,left_right,1,1->1,5,5,Ben::Ben-LRJ(1-6)-4:9.csv::trial_5,21030,22322,84.12,89.288,5.168,9,sliding,22030,22279,88.12,89.116,1.0,1.0,0.5,observed_count 2 vs expected_count 5,-0.036648592742101256,0.4286231869770559,0.43018711715292535,2.1149474350000332,0.18371783641436826,0.1850609557643447,0.024013618986725906,0.09124176906974152,-0.011480996420715912,0.6204252746290719,0.6205314937030769,2.7723713984790535,0.3849275213985593,0.38505933467737175,0.03699505533700431,0.04751341197767965,-0.017743447336872917,0.3245770694631865,0.3250616925211376,1.520254225945863,0.10535027402131018,0.10566510394470659,0.006167683597508779,0.012295158347973326,-0.01194360208571009,0.3572525964635401,0.35745218884589697,1.7557326716797816,0.12762941767994102,0.1277720673107228,0.04024858147998477,0.0366874455983521,-0.012981436350278406,0.04372835709206187,0.017845935389217128,0.07894661072176819,-0.016234962493258866,0.054554323471389415,0.030827371739495533,0.03521825362970633,-0.0032535261429804604,0.010825966379327548,-0.034080897882475994,-0.02439228725037878,LEFT,9.668859823678262e-81,0.9999942204410077,5.779558992385296e-06,5,0.0005055133665171442,0.0001578071783753677,0.01762019472821801,0.004487949546952223,0.7576373143579387,0.21959122082199872,Yaniv-LRJ(6)-4:7.csv_to_Ben-LRJ(1-6)-4:9.csv,LDA,True
lrj,Ben,Ben LRJ,Ben-LRJ(1-6)-4:9.csv,/Users/yanivnaggar/Desktop/Spring 2026/IS/OPENBCI_runs/Ben/Ben-LRJ(1-6)-4:9.csv,ben,LEFT,6,5,False,-1,left_right,1,1->1,6,6,Ben::Ben-LRJ(1-6)-4:9.csv::trial_6,23346,24844,93.384,99.376,5.992,1,sliding,23346,23595,93.384,94.38,1.0,1.0,0.5,observed_count 5 vs expected_count 6,0.003887978908927028,0.35149167939558834,0.35151318192114406,1.7916234934221489,0.12354640068433105,0.12356151706432732,0.006946879077026762,0.08598084658433053,0.008183641684179562,0.47428257536567936,0.47435317358136897,2.1850510897040722,0.22494396129550132,0.22501093328671634,0.037357414547772194,0.10699649728596894,0.03287063442562189,0.4161714375044849,0.4174675364649235,1.5584073010203021,0.17319866539454934,0.17427914400209224,0.0019377897804782292,0.01597222342467776,0.00442969216544064,0.2974539558293893,0.2974869375472356,1.5004444932957024,0.0884788558385523,0.08849847801123287,0.007123434516255453,0.055098743323651715,-0.03041053547074543,-0.02101565070163841,0.005009089296548533,0.07000862315965277,-0.00017655543922869086,0.030882103260678813,0.03541962476729397,0.09102427386129118,0.03023398003151674,0.051897753962317224,-0.0051856447357772235,-0.039126519898973956,LEFT,1.9392885893932735e-88,0.7014119632550134,0.2985880367449866,5,6.978245030116253e-05,1.3046098310033248e-06,8.22930935958509e-05,0.00010402274660318456,0.9356208532118181,0.06412174388785068,Yaniv-LRJ(6)-4:7.csv_to_Ben-LRJ(1-6)-4:9.csv,LDA,False
lrj,Ben,Ben LRJ,Ben-LRJ(1-6)-4:9.csv,/Users/yanivnaggar/Desktop/Spring 2026/IS/OPENBCI_runs/Ben/Ben-LRJ(1-6)-4:9.csv,ben,LEFT,6,5,False,-1,left_right,1,1->1,6,6,Ben::Ben-LRJ(1-6)-4:9.csv::trial_6,23346,24844,93.384,99.376,5.992,2,sliding,23471,23720,93.884,94.88,1.0,1.0,0.5,observed_count 5 vs expected_count 6,0.006065055604200712,0.36630998355648164,0.366360190185331,1.865571351781734,0.13418300405314984,0.1342197889526319,0.001733166136741412,0.0922910823920608,-0.03130740795618721,0.43834666061503375,0.4394632506425159,2.2073209626994195,0.1921477948723516,0.19312794866528674,0.03717319138182436,0.045447122479956054,-0.05382185878096028,0.5924997556348958,0.5949392850619707,2.774265324608389,0.35105596042741116,0.35395275291004885,0.025674106721704882,0.014816994647117509,0.02709121352154074,0.33253176048902117,0.33363348990171454,1.7331260687838748,0.11057737173392775,0.11131130558399746,0.005472306214211311,0.04482739654701922,-0.03544002524508295,0.04684395991210474,-0.02394094058496347,0.07747408774494328,-0.0037391400774698987,0.04746368584504158,0.011499084660119476,0.030630127832838545,0.03170088516761305,0.0006197259329368335,0.02020180050749357,-0.03001040189990171,RIGHT,4.108099280065652e-90,0.0001957130957409001,0.9998042869042592,5,0.00015398252207045367,1.1510970197487072e-05,8.286201537506649e-06,0.0051242694379767546,0.9788694699171081,0.015832480951109586,Yaniv-LRJ(6)-4:7.csv_to_Ben-LRJ(1-6)-4:9.csv,LDA,False
lrj,Ben,Ben LRJ,Ben-LRJ(1-6)-4:9.csv,/Users/yanivnaggar/Desktop/Spring 2026/IS/OPENBCI_runs/Ben/Ben-LRJ(1-6)-4:9.csv,ben,LEFT,6,5,False,-1,left_right,1,1->1,6,6,Ben::Ben-LRJ(1-6)-4:9.csv::trial_6,23346,24844,93.384,99.376,5.992,3,sliding,23596,23845,94.384,95.38,1.0,1.0,0.5,observed_count 5 vs expected_count 6,0.003397966130558096,0.362576802680798,0.3625927247147338,1.8205073040887647,0.13146193784223031,0.13147348401605474,0.003432030357041039,0.08532081979135661,-0.031257575328746005,0.4312285392859668,0.4323599069179992,2.4751444100103175,0.18595805309470864,0.18693508911014092,0.009953047499358759,0.05713767210583219,0.04400577077366191,0.5210844134164702,0.5229392639369996,2.774265324608389,0.2715289659055868,0.27346547376697095,0.009928443266487884,0.007989624159203445,-0.010632349471748988,0.3306446326180209,0.3308155376254196,1.8080442595235868,0.109325873079106,0.10943891993439542,0.02523515844022756,0.05381080980911966,-0.00652101714231772,0.02818314768552442,-0.006496412909446845,0.07733119563215317,-0.02180312808318652,0.03151000998223695,2.4604232870874612e-05,0.04914804794662875,-0.015282110940868801,0.0033268622967125294,-0.015306715173739676,-0.04582118564991622,RIGHT,1.6661832340608685e-86,0.018000753062614873,0.9819992469373852,5,1.999771530982056e-05,5.036613561482862e-06,0.00011781025738352245,0.000364863163836035,0.6371690400941769,0.36232325215573213,Yaniv-LRJ(6)-4:7.csv_to_Ben-LRJ(1-6)-4:9.csv,LDA,False
lrj,Ben,Ben LRJ,Ben-LRJ(1-6)-4:9.csv,/Users/yanivnaggar/Desktop/Spring 2026/IS/OPENBCI_runs/Ben/Ben-LRJ(1-6)-4:9.csv,ben,LEFT,6,5,False,-1,left_right,1,1->1,6,6,Ben::Ben-LRJ(1-6)-4:9.csv::trial_6,23346,24844,93.384,99.376,5.992,4,sliding,23721,23970,94.884,95.88,1.0,1.0,0.5,observed_count 5 vs expected_count 6,-0.05432076030276576,0.3998812749435776,0.4035539357389191,2.1340713679839287,0.1599050340505011,0.16285577905037166,0.010875839396684087,0.10584951363092182,0.06776372892664784,0.4738491903871353,0.47867000970249624,2.186145613929889,0.2245330552305436,0.22912497818858782,0.034990064711019266,0.052498338478852054,0.03554701056150894,0.2804675392012595,0.2827112139719082,1.5549431292356517,0.07866204054561002,0.07992563050547005,0.0032900299448171437,0.011694682081610338,-0.050938049958144486,0.30905883871610224,0.31322843217384355,1.5767066045442384,0.09551736578854568,0.0981120507220841,0.011844094737091727,0.06199400738022673,-0.02411422531433518,0.05335117515206977,0.007585809451866943,0.09415483154931148,-0.0009682553404076408,0.04385550625069509,0.031700034766202125,0.04080365639724172,0.023145969973927538,-0.009495668901374675,-0.008554064792274583,-0.05029932529861639,LEFT,7.167767638714287e-90,0.9559812250816456,0.04401877491835444,6,7.151163698257964e-05,9.098228938697371e-05,0.0058888651062790655,0.001114804781244269,0.053088483440725705,0.9397453527453813,Yaniv-LRJ(6)-4:7.csv_to_Ben-LRJ(1-6)-4:9.csv,LDA,True
lrj,Ben,Ben LRJ,Ben-LRJ(1-6)-4:9.csv,/Users/yanivnaggar/Desktop/Spring 2026/IS/OPENBCI_runs/Ben/Ben-LRJ(1-6)-4:9.csv,ben,LEFT,6,5,False,-1,left_right,1,1->1,6,6,Ben::Ben-LRJ(1-6)-4:9.csv::trial_6,23346,24844,93.384,99.376,5.992,5,sliding,23846,24095,95.384,96.38,1.0,1.0,0.5,observed_count 5 vs expected_count 6,0.031955243903674616,0.42733249346335667,0.4285256090160226,2.3148914516926724,0.18261305996960975,0.1836341975825531,0.009473489833109626,0.07352647923708651,0.038744009634677334,0.5798067138994292,0.5810997537131009,2.5383929167032075,0.3361758254828545,0.3376769237654265,0.03332766387204082,0.09068294749045268,-0.0652161972510877,0.31203758953652105,0.31877987650988127,1.698750707613374,0.09736745728376238,0.10162060966765515,0.000970000939901784,0.013724136329089047,0.03200678239646327,0.2973980319071498,0.2991154016456201,1.4935912122533348,0.0884455893822461,0.08947002350162063,0.007758650042936615,0.039980010357850385,-0.023854174038931197,-0.01715646825336617,0.008503488893207843,0.05980234290799746,0.0017148397901730113,0.033546468879236124,0.032357662932139035,0.07695881116136363,0.025569013829104207,0.050702937132602294,-0.006788649103034831,-0.02625587402876134,RIGHT,1.4089920564387857e-66,0.28768001956589423,0.7123199804341058,6,0.4896936388233772,0.0005745272587456498,0.0006806193903549697,3.08030064474479e-05,0.002996444273152335,0.5060239672479223,Yaniv-LRJ(6)-4:7.csv_to_Ben-LRJ(1-6)-4:9.csv,LDA,False
lrj,Ben,Ben LRJ,Ben-LRJ(1-6)-4:9.csv,/Users/yanivnaggar/Desktop/Spring 2026/IS/OPENBCI_runs/Ben/Ben-LRJ(1-6)-4:9.csv,ben,LEFT,6,5,False,-1,left_right,1,1->1,6,6,Ben::Ben-LRJ(1-6)-4:9.csv::trial_6,23346,24844,93.384,99.376,5.992,6,sliding,23971,24220,95.884,96.88,1.0,1.0,0.5,observed_count 5 vs expected_count 6,0.038309494487431685,0.4718509740503446,0.4734035900583577,2.056141549998088,0.22264334171225897,0.22411095908014156,0.018473992408592987,0.14160249750140852,-0.1017472074316401,0.6273984336217344,0.635595223968166,2.685605888939583,0.39362879451100585,0.4039812887311431,0.004771925785146242,0.12892936258495427,-0.007049113767060454,0.296486623520603,0.2965704097369607,1.5808537428509322,0.0879043179266478,0.08795400793154874,0.011416933750748263,0.017600049509655945,-0.004561631766937538,0.2990108845934188,0.2990456780990422,1.7113398250472898,0.08940750910533882,0.08942831758971596,0.008761705229196039,0.07435048305949686,0.013702066623446744,0.012673134916454248,0.007057058657844725,0.12400244799175257,0.009712287179396949,0.06725201444191166,-0.006645007965602021,0.11132931307529832,-0.003989779444049797,0.05457887952545741,0.002655228521552224,-0.05675043354984091,RIGHT,4.14136182466758e-42,0.027879140899041307,0.9721208591009586,6,2.1132333367876595e-06,5.946515989606413e-05,6.374588307117891e-07,0.03022273427172765,0.004834975847673164,0.9648800740285356,Yaniv-LRJ(6)-4:7.csv_to_Ben-LRJ(1-6)-4:9.csv,LDA,False
lrj,Ben,Ben LRJ,Ben-LRJ(1-6)-4:9.csv,/Users/yanivnaggar/Desktop/Spring 2026/IS/OPENBCI_runs/Ben/Ben-LRJ(1-6)-4:9.csv,ben,LEFT,6,5,False,-1,left_right,1,1->1,6,6,Ben::Ben-LRJ(1-6)-4:9.csv::trial_6,23346,24844,93.384,99.376,5.992,7,sliding,24096,24345,96.384,97.38,1.0,1.0,0.5,observed_count 5 vs expected_count 6,-0.05456429198636905,0.44716306078912826,0.45047981630065886,2.056141549998088,0.1999548029343016,0.20293206489427534,0.009826065131112277,0.06580237538767968,0.003132078575540277,0.6280254216494313,0.6280332317275491,3.137831894415365,0.39441593023794597,0.3944257401541494,0.01775670608633477,0.06762180110988736,0.05760370761029898,0.2590752369135931,0.26540189432686273,1.2910296919367426,0.06711997838183438,0.07043816551228721,0.0036007666635491297,0.007215340301866655,0.019929820557160596,0.3110964494044371,0.31173417935716974,1.7933696830669854,0.09678100083204748,0.09717819857948808,0.0031208976696761787,0.04216350576759557,-0.007930640955222492,-0.001819425722207682,0.006225298467563148,0.05858703508581302,0.006705167461436099,0.02363886962008411,0.01415593942278564,0.0604064608080207,0.014635808416658591,0.02545829534229179,0.000479868993872951,-0.03494816546572891,LEFT,6.1746869403968396e-111,0.9997506548480342,0.0002493451519658248,6,0.005831847120572828,7.658173222690085e-06,0.008027157068264096,2.8333861419460984e-06,0.006519200636091989,0.9796113036157065,Yaniv-LRJ(6)-4:7.csv_to_Ben-LRJ(1-6)-4:9.csv,LDA,True
lrj,Ben,Ben LRJ,Ben-LRJ(1-6)-4:9.csv,/Users/yanivnaggar/Desktop/Spring 2026/IS/OPENBCI_runs/Ben/Ben-LRJ(1-6)-4:9.csv,ben,LEFT,6,5,False,-1,left_right,1,1->1,6,6,Ben::Ben-LRJ(1-6)-4:9.csv::trial_6,23346,24844,93.384,99.376,5.992,8,sliding,24221,24470,96.884,97.88,1.0,1.0,0.5,observed_count 5 vs expected_count 6,-0.001988622086507167,0.35088303415863725,0.350888669349944,1.7208530007390743,0.1231189036603714,0.12312285827817433,0.004356093007103072,0.0648947789525038,0.065548777190602,0.5371330322816833,0.5411178582890228,3.1660055248804984,0.28851189436811586,0.292808536559299,0.02495708857559727,0.04307148926038011,-0.03965236099475121,0.25505327676263406,0.2581171898960139,1.2662280688328753,0.06505217398735681,0.06662448371981489,0.005490112169891635,0.010418210485076214,0.012860710739509465,0.2930489707261796,0.29333103675608313,1.6643562094110738,0.08587769924367326,0.0860430971243986,0.002412523061190072,0.04030398762890753,-0.0206009955684942,0.021823289692123687,-0.001134019162788563,0.054476568467427586,0.0019435699459129999,0.02459079132359627,0.019466976405705636,0.0326532787753039,0.0225445655144072,0.002767501631472581,0.003077589108701563,-0.029885777143831317,LEFT,3.5322408950768776e-61,0.9968672320720822,0.0031327679279178604,6,4.673607129489444e-06,1.7651398024121883e-06,3.621806647649622e-05,0.005463271929192921,0.00729681649163544,0.9871972547657633,Yaniv-LRJ(6)-4:7.csv_to_Ben-LRJ(1-6)-4:9.csv,LDA,True
lrj,Ben,Ben LRJ,Ben-LRJ(1-6)-4:9.csv,/Users/yanivnaggar/Desktop/Spring 2026/IS/OPENBCI_runs/Ben/Ben-LRJ(1-6)-4:9.csv,ben,LEFT,6,5,False,-1,left_right,1,1->1,6,6,Ben::Ben-LRJ(1-6)-4:9.csv::trial_6,23346,24844,93.384,99.376,5.992,9,sliding,24346,24595,97.384,98.38,1.0,1.0,0.5,observed_count 5 vs expected_count 6,0.0384119510521829,0.3415541837393205,0.34370734413664894,1.9756843390543182,0.11665926042983352,0.11813473841346882,0.0043100180275151235,0.0806474685361628,0.010144315215359868,0.5389386201833324,0.5390340837612245,2.935744949656967,0.29045483632511426,0.29055774345630286,0.04708251425532296,0.0698126594969496,0.008799099387779698,0.29257743977662676,0.2927097238157313,1.3675314279598383,0.08560155826624564,0.08567898241628168,0.0021666211183307142,0.013245420551364281,-0.021532940480598405,0.28795093252565207,0.2887549256170942,1.4903989107737319,0.08291573954239263,0.08337940706813361,0.004995301218365581,0.05173859280798968,-0.04277249622780784,0.010834809039213189,0.0021433969091844093,0.06740204798479851,-0.0006852831908504579,0.028908875728173113,0.04491589313699225,0.056567238945585324,0.04208721303695738,0.018074066688959924,-0.002828680100034867,-0.0384931722566254,LEFT,9.04200722594482e-66,0.9611584848579865,0.03884151514201337,6,1.4301795820484435e-05,3.644889688469827e-06,2.0074509795936966e-05,0.00010386783482905463,0.2763339161641635,0.7235241948057026,Yaniv-LRJ(6)-4:7.csv_to_Ben-LRJ(1-6)-4:9.csv,LDA,True
lrj,Ben,Ben LRJ,Ben-LRJ(1-6)-4:9.csv,/Users/yanivnaggar/Desktop/Spring 2026/IS/OPENBCI_runs/Ben/Ben-LRJ(1-6)-4:9.csv,ben,LEFT,6,5,False,-1,left_right,1,1->1,6,6,Ben::Ben-LRJ(1-6)-4:9.csv::trial_6,23346,24844,93.384,99.376,5.992,10,sliding,24471,24720,97.884,98.88,1.0,1.0,0.5,observed_count 5 vs expected_count 6,-0.027373704217652773,0.3637980452537447,0.36482644834639,1.9756843390543182,0.13234901773044566,0.13309833741304117,0.016725610298719593,0.10433500988125612,-0.004161769744870561,0.5238519007391869,0.5238684321807033,2.575090892160759,0.2744208139080589,0.2744381342354682,0.060172857083059,0.034496526857923024,0.01924724271288234,0.35700852387814175,0.3575269814625161,2.093429236184802,0.1274550861216497,0.12782554247369832,0.054547427885223376,0.0161521054779336,-0.012355106339983572,0.32130476119867424,0.32154221841246505,1.598703789876705,0.10323674956893707,0.10338939822160936,0.021179663473285888,0.060749126407738885,-0.04344724678433941,0.06983848302333309,-0.037821817586503784,0.08818290440332252,-0.004454053174566295,0.04358588347351723,0.005625429197835624,0.018344421379989425,0.038993193609773116,-0.02625259954981586,0.03336776441193749,-0.04459702092980529,LEFT,8.725579266868938e-80,0.9943352518409336,0.005664748159066222,6,2.1043609575083235e-05,2.658085010128261e-06,0.0023178518802080433,0.000209206654978896,0.16240348362382404,0.8350457561464039,Yaniv-LRJ(6)-4:7.csv_to_Ben-LRJ(1-6)-4:9.csv,LDA,True
lrj,Ben,Ben LRJ,Ben-LRJ(1-6)-4:9.csv,/Users/yanivnaggar/Desktop/Spring 2026/IS/OPENBCI_runs/Ben/Ben-LRJ(1-6)-4:9.csv,ben,RIGHT,1,1,True,0,left_right,2,2->2,7,1,Ben::Ben-LRJ(1-6)-4:9.csv::trial_7,25510,26097,102.04,104.388,2.348,1,sliding,25510,25759,102.04,103.036,1.0,1.0,0.5,,0.08067140827103095,1.1419213962517316,1.1447673786974955,5.47501879378895,1.303984475217504,1.3104923513299351,0.017894982445433825,0.1576097988413007,-1.255416670514282,23.167985286188085,23.20197433921589,85.10747444965736,536.7555422210276,538.3316132376327,1.1892458704111672,0.2976828420883537,0.10876605311914614,4.68212254356734,4.683385694910533,18.718192522290312,21.9222715129815,21.93410156729262,0.8179728433076611,0.2657510803745858,0.15315288043844827,2.890203520144239,2.894258487530225,11.498341927997547,8.35327638785415,8.376732192640745,0.36344702904275056,0.16000278604405227,-1.1713508879657335,-0.14007304324705303,-0.8000778608622272,-0.10814128153328509,-0.34555204659731675,-0.0023929872027515786,0.3712730271035062,0.03193176171376794,0.8257988413684167,0.13768005604430145,0.4545258142649105,0.10574829433053351,JAW,1.0,0.0,0.0,1,1.0,0.0,0.0,0.0,0.0,0.0,Yaniv-LRJ(6)-4:7.csv_to_Ben-LRJ(1-6)-4:9.csv,LDA,False
lrj,Ben,Ben LRJ,Ben-LRJ(1-6)-4:9.csv,/Users/yanivnaggar/Desktop/Spring 2026/IS/OPENBCI_runs/Ben/Ben-LRJ(1-6)-4:9.csv,ben,RIGHT,1,1,True,0,left_right,2,2->2,7,1,Ben::Ben-LRJ(1-6)-4:9.csv::trial_7,25510,26097,102.04,104.388,2.348,2,sliding,25635,25884,102.54,103.536,1.0,1.0,0.5,,0.09380535568635946,1.0829422227881946,1.0869973793219927,5.47501879378895,1.1727638578974358,1.1815633026528802,0.0065097725949588466,0.060975731236893496,-2.59202506393136,20.455400632744357,20.618972064051267,85.10747444965736,418.4234150460782,425.1420089781266,0.09450166700885029,0.07872244956468291,1.222015961542816,3.0617309502836347,3.2965920921749086,12.688161875790982,9.374196411924729,10.867519422190142,0.006169877064969797,0.008893804252517162,-0.5122696258878336,2.3536677287529635,2.408769799499403,10.152647266957379,5.539751777373135,5.802171946980395,0.06708680036367431,0.04575040652631745,-0.08799189441389145,-0.017746718327789415,0.0003398955299890498,0.05208192698437633,-0.06057702776871547,0.015225324710576048,0.0883317899438805,0.06982864531216575,0.027414866645175978,0.03297204303836546,-0.06091692329870452,-0.03685660227380029,JAW,1.0,0.0,0.0,2,0.0,1.0,0.0,0.0,0.0,0.0,Yaniv-LRJ(6)-4:7.csv_to_Ben-LRJ(1-6)-4:9.csv,LDA,False
lrj,Ben,Ben LRJ,Ben-LRJ(1-6)-4:9.csv,/Users/yanivnaggar/Desktop/Spring 2026/IS/OPENBCI_runs/Ben/Ben-LRJ(1-6)-4:9.csv,ben,RIGHT,1,1,True,0,left_right,2,2->2,7,1,Ben::Ben-LRJ(1-6)-4:9.csv::trial_7,25510,26097,102.04,104.388,2.348,3,sliding,25760,26009,103.04,104.036,1.0,1.0,0.5,,-0.09471702835573867,0.47799967021960277,0.48729354622300386,2.21384057940874,0.22848368473004899,0.2374550001905908,0.016566816699140122,0.11188814385944644,2.4964973443170844,2.131347126618674,3.2825507710205994,7.124696169202409,4.542640574145679,10.775139564327933,0.04186370599000122,0.06833320013367093,-0.2709577977965191,0.997414585577265,1.0335637298730092,4.467400362246993,0.9948358555222673,1.0682539837090066,0.012861964604599187,0.023373363212090673,-0.1577512763787271,1.0333367180476862,1.0453086807563978,5.078868479946402,1.0677847728655632,1.0926702380646809,0.027054043991790032,0.05499900885438027,-0.0252968892908611,0.04355494372577551,0.0037048520945409356,0.08851478064735577,-0.01048722729264991,0.05688913500506617,0.029001741385402034,0.04495983692158026,0.014809661998211189,0.013334191279290662,-0.014192079387190845,-0.0316256456422896,RIGHT,0.0,0.0,1.0,2,0.0,1.0,0.0,0.0,0.0,0.0,Yaniv-LRJ(6)-4:7.csv_to_Ben-LRJ(1-6)-4:9.csv,LDA,False
lrj,Ben,Ben LRJ,Ben-LRJ(1-6)-4:9.csv,/Users/yanivnaggar/Desktop/Spring 2026/IS/OPENBCI_runs/Ben/Ben-LRJ(1-6)-4:9.csv,ben,RIGHT,2,1,False,-1,left_right,2,2->2,8,2,Ben::Ben-LRJ(1-6)-4:9.csv::trial_8,27525,28217,110.1,112.868,2.768,1,sliding,27525,27774,110.1,111.096,1.0,1.0,0.5,observed_count 1 vs expected_count 2,-0.005359539762413895,0.42536735241536894,0.42540111561598615,2.0789882185905837,0.1809373845008607,0.1809661091673256,0.03074131400402986,0.08158435027902135,-0.28440356821818863,0.5672866112261881,0.63458607681837,3.0152144213455063,0.32181409927649224,0.40269948889173013,0.029486739955598383,0.08206836052294172,-0.06805721993501643,0.672603535025981,0.6760379431028478,3.517636453498441,0.4523955153294461,0.45702730051472934,0.0121537100076901,0.015696848163021825,-0.15789728480631549,0.8824332493286295,0.8964485440168274,3.574392574737499,0.7786884395206832,0.8036199920698898,0.10981743729302404,0.08710814443526409,0.0012545740484314755,-0.00048401024392037695,0.01858760399633976,0.06588750211599953,-0.07907612328899419,-0.0055237941562427395,0.017333029947908283,0.0663715123599199,-0.08033069733742565,-0.0050397839123223626,-0.09766372728533394,-0.07141129627224227,RIGHT,2.18239742452565e-292,3.232380534707991e-40,1.0,4,2.812624004181873e-61,0.00010318523196980038,4.370533601352954e-09,0.9998968103974967,4.223744183411989e-32,5.564822560084393e-17,Yaniv-LRJ(6)-4:7.csv_to_Ben-LRJ(1-6)-4:9.csv,LDA,False
lrj,Ben,Ben LRJ,Ben-LRJ(1-6)-4:9.csv,/Users/yanivnaggar/Desktop/Spring 2026/IS/OPENBCI_runs/Ben/Ben-LRJ(1-6)-4:9.csv,ben,RIGHT,2,1,False,-1,left_right,2,2->2,8,2,Ben::Ben-LRJ(1-6)-4:9.csv::trial_8,27525,28217,110.1,112.868,2.768,2,sliding,27650,27899,110.6,111.596,1.0,1.0,0.5,observed_count 1 vs expected_count 2,0.04280853312953357,0.42780480713076835,0.4299413024040564,2.156365575840639,0.1830169530041939,0.1848495235128963,0.017028200153010008,0.11307392635077626,0.013361140446012932,0.48939660255981404,0.48957895652397754,2.448556882324668,0.23950903459708858,0.2396875546711067,0.0049951072971632605,0.10528802749112293,-0.20624805581637054,0.5093217696880649,0.5494969750655729,2.498302883106204,0.25940866507818217,0.30194692560621483,0.00726057043207611,0.025119691274309942,-0.02020758113406477,0.7965938219133596,0.7968500884393646,3.574392574737499,0.6345617171105332,0.6349700634458232,0.035793312895998616,0.06831130246040686,0.012033092855846746,0.007785898859653334,0.009767629720933898,0.08795423507646632,-0.01876511274298861,0.044762623890369405,-0.0022654631349128497,0.08016833621681299,-0.030798205598835355,0.03697672503071607,-0.028532742463922504,-0.04319161118609691,LEFT,9.145043475081411e-171,1.0,9.433640798484598e-24,1,0.8814059177906345,0.11859408140461525,1.2812676433643204e-35,1.5757040698968993e-29,8.047407989416653e-10,9.50104178651748e-15,Yaniv-LRJ(6)-4:7.csv_to_Ben-LRJ(1-6)-4:9.csv,LDA,False
lrj,Ben,Ben LRJ,Ben-LRJ(1-6)-4:9.csv,/Users/yanivnaggar/Desktop/Spring 2026/IS/OPENBCI_runs/Ben/Ben-LRJ(1-6)-4:9.csv,ben,RIGHT,2,1,False,-1,left_right,2,2->2,8,2,Ben::Ben-LRJ(1-6)-4:9.csv::trial_8,27525,28217,110.1,112.868,2.768,3,sliding,27775,28024,111.1,112.096,1.0,1.0,0.5,observed_count 1 vs expected_count 2,-0.08386322048892193,0.5607333231755901,0.566969928188713,3.0304177964937438,0.31442185971954073,0.3214548994703143,0.005351530333708389,0.09705285848976258,-0.25048090318893174,0.7077387146412547,0.7507561328849724,3.1367827498585212,0.5008940882020554,0.5636347710643984,0.017887519018709483,0.11266744504370557,1.2777297541037966,2.468312069744046,2.7794168090026163,11.312732373687293,6.092564473644138,7.725157798166287,0.010908608756360426,0.013269310794588375,-0.21285970274021554,0.8732731461415373,0.8988410542596458,5.5273904982522275,0.7626059877719387,0.8079152408225915,0.01583797029209173,0.0849713530913549,-0.012535988685001094,-0.015614586553942988,-0.005557078422652037,0.08378354769517421,-0.01048643995838334,0.012081505398407688,0.006978910262349057,0.0993981342491172,0.002049548726617754,0.027696091952350677,-0.004929361535731303,-0.07170204229676652,LEFT,0.0,1.0,0.0,5,0.0,0.0,0.0,0.0,1.0,0.0,Yaniv-LRJ(6)-4:7.csv_to_Ben-LRJ(1-6)-4:9.csv,LDA,False
lrj,Ben,Ben LRJ,Ben-LRJ(1-6)-4:9.csv,/Users/yanivnaggar/Desktop/Spring 2026/IS/OPENBCI_runs/Ben/Ben-LRJ(1-6)-4:9.csv,ben,RIGHT,2,1,False,-1,left_right,2,2->2,8,2,Ben::Ben-LRJ(1-6)-4:9.csv::trial_8,27525,28217,110.1,112.868,2.768,4,sliding,27900,28149,111.6,112.596,1.0,1.0,0.5,observed_count 1 vs expected_count 2,0.1114977029387259,1.1481959386404483,1.1535968322039691,5.180859169833113,1.31835391351042,1.3307856512710325,0.017406450609326354,0.09925507274597305,0.07634140091877503,1.128426072641737,1.1310054866851422,4.8589517328656715,1.2733454014176546,1.2791734109118955,0.009689178630304397,0.11969763923360498,0.3819794943948418,7.078439401267429,7.088738441468506,29.053379546273327,50.1043043574152,50.250212691553344,0.30594652329611194,0.06288849178947767,0.2270916926958745,1.1729128455758482,1.1946945970449145,5.5273904982522275,1.3757245433168332,1.4272951802083107,0.2949594804524846,0.1081359564463309,0.007717271979021957,-0.02044256648763193,-0.2885400726867856,0.03636658095649538,-0.27755302984315827,-0.008880883700357847,-0.29625734466580755,0.05680914744412731,-0.2852703018221802,0.011561682787274083,0.010987042843627337,-0.045247464656853226,JAW,1.0,0.0,0.0,4,0.0,0.0,0.0,1.0,0.0,0.0,Yaniv-LRJ(6)-4:7.csv_to_Ben-LRJ(1-6)-4:9.csv,LDA,False
lrj,Ben,Ben LRJ,Ben-LRJ(1-6)-4:9.csv,/Users/yanivnaggar/Desktop/Spring 2026/IS/OPENBCI_runs/Ben/Ben-LRJ(1-6)-4:9.csv,ben,RIGHT,3,3,True,0,left_right,2,2->2,9,3,Ben::Ben-LRJ(1-6)-4:9.csv::trial_9,29495,30641,117.98,122.564,4.584,1,sliding,29495,29744,117.98,118.976,1.0,1.0,0.5,,-0.041676144030719287,0.3063267357027495,0.30914878293076203,1.4725501694857148,0.09383606900630215,0.09557296998757141,0.023791606686518554,0.03306831087682176,-0.04914178946545262,0.33389117974758864,0.3374881262875828,1.7236502510331162,0.11148331991323655,0.11389823538510344,0.048062488619954005,0.03461043833849587,-0.05071024282665918,0.6355846544600395,0.6376044084796048,2.95824188324576,0.4039678529850879,0.40653938171262666,0.1699678188832241,0.0257741527156706,-0.020193251709834274,0.6171746820761324,0.6175049437942921,2.909341852086161,0.3809045881957751,0.38131235561039184,0.26790531280014096,0.0546840802265968,-0.02427088193343545,-0.001542127461674113,-0.14617621219670554,0.007294158161151157,-0.2441137061136224,-0.021615769349775042,-0.12190533026327009,0.00883628562282527,-0.21984282418018697,-0.02007364188810093,-0.09793749391691686,-0.0289099275109262,LEFT,1.008347610528563e-121,0.9957460416749074,0.004253958325092602,4,1.06577866035788e-06,5.915221889958129e-06,2.5881254728370815e-08,0.8330871872956912,0.16063861663583734,0.006267189186666469,Yaniv-LRJ(6)-4:7.csv_to_Ben-LRJ(1-6)-4:9.csv,LDA,False
lrj,Ben,Ben LRJ,Ben-LRJ(1-6)-4:9.csv,/Users/yanivnaggar/Desktop/Spring 2026/IS/OPENBCI_runs/Ben/Ben-LRJ(1-6)-4:9.csv,ben,RIGHT,3,3,True,0,left_right,2,2->2,9,3,Ben::Ben-LRJ(1-6)-4:9.csv::trial_9,29495,30641,117.98,122.564,4.584,2,sliding,29620,29869,118.48,119.476,1.0,1.0,0.5,,0.04661950813416652,0.2880877375504031,0.2918354383305454,1.5566748702608022,0.08299454452690995,0.08516792306558159,0.024601022368426973,0.024624586600800545,0.04179750078616738,0.35383337532840564,0.3562935426979586,2.157588021454978,0.12519805749629237,0.12694508856826206,0.06200348809269533,0.01757414331625195,-0.0871094547847464,0.6877281542327461,0.6932229592542904,2.7632595576404184,0.4729700141243799,0.4805580712372756,0.19661832757659933,0.025725572863246282,0.012101714032955183,0.6366134958869953,0.6367285093570075,2.909341852086161,0.4052767431454614,0.40542319462799686,0.20886074519001027,0.04672967346066416,-0.03740246572426836,0.0070504432845485965,-0.17201730520817235,-0.001100986262445737,-0.1842597228215833,-0.022105086859863614,-0.13461483948390401,-0.008151429546994333,-0.14685725709731495,-0.02915553014441221,-0.012242417613410939,-0.021004100597417877,LEFT,1.0249394113344105e-115,0.9999945645752167,5.435424783320694e-06,5,1.1437220181511174e-06,0.00011100684535109768,2.6227784964051748e-14,0.008114600283919526,0.9916578496725387,0.00011539947614612597,Yaniv-LRJ(6)-4:7.csv_to_Ben-LRJ(1-6)-4:9.csv,LDA,False
lrj,Ben,Ben LRJ,Ben-LRJ(1-6)-4:9.csv,/Users/yanivnaggar/Desktop/Spring 2026/IS/OPENBCI_runs/Ben/Ben-LRJ(1-6)-4:9.csv,ben,RIGHT,3,3,True,0,left_right,2,2->2,9,3,Ben::Ben-LRJ(1-6)-4:9.csv::trial_9,29495,30641,117.98,122.564,4.584,3,sliding,29745,29994,118.98,119.976,1.0,1.0,0.5,,0.01567059790618011,0.2891276547072875,0.2895520132122615,1.53525354766091,0.0835948007165365,0.08384036835527366,0.012681972477738423,0.022433177770558744,0.0033965032487890596,0.37602415496824965,0.376039494407044,2.1302859938105865,0.14139416511958625,0.14140570135390526,0.03637355484095077,0.02864176686925536,0.12678220607122057,0.576400401658116,0.5901789142352707,2.352545316434668,0.3322374230316375,0.34831115080792296,0.03917147411502671,0.018077225423385586,0.0243127726387677,0.49758967900151446,0.49818329916027354,2.7047757574417255,0.2475954886488302,0.24818659956221462,0.05262746691843716,0.031637523883623966,-0.023691582363212345,-0.006208589098696617,-0.026489501637288283,0.004355952347173158,-0.03994549444069873,-0.009204346113065223,-0.0027979192740759384,0.010564541445869775,-0.016253912077486388,-0.002995757014368605,-0.01345599280341045,-0.01356029846023838,LEFT,1.4723452660198522e-177,0.9999999995258126,4.741873971384731e-10,5,0.00011596294525601262,0.016933298661679714,1.6634106565467923e-16,9.598667741029613e-11,0.9829505553847899,1.829122874001532e-07,Yaniv-LRJ(6)-4:7.csv_to_Ben-LRJ(1-6)-4:9.csv,LDA,False
lrj,Ben,Ben LRJ,Ben-LRJ(1-6)-4:9.csv,/Users/yanivnaggar/Desktop/Spring 2026/IS/OPENBCI_runs/Ben/Ben-LRJ(1-6)-4:9.csv,ben,RIGHT,3,3,True,0,left_right,2,2->2,9,3,Ben::Ben-LRJ(1-6)-4:9.csv::trial_9,29495,30641,117.98,122.564,4.584,4,sliding,29870,30119,119.48,120.476,1.0,1.0,0.5,,-0.01913823285216918,0.2874300715890497,0.2880665166422333,1.4160745506685117,0.08261604605368623,0.08298231801039009,0.024192845038396197,0.03630476483610253,-0.01209252395033012,0.36172912618250486,0.3619311949310916,1.7642325932535718,0.1308479607287585,0.13099418986424782,0.046788372737420696,0.04286181678681793,-0.039264158905078145,0.5561081660193598,0.5574925707917002,2.4365969574236415,0.3092562923134157,0.3107979664879389,0.2180961235087711,0.015599470771575238,0.015141536980004684,0.3622164644180896,0.36253280298154816,1.8136185182161784,0.13120076709554115,0.13143003323765803,0.08526254630379694,0.019278911387605898,-0.0225955276990245,-0.0065570519507153965,-0.19390327847037492,0.020705294064527292,-0.06106970126540075,0.017025853448496633,-0.1713077507713504,0.02726234601524269,-0.038474173566376245,0.02358290539921203,0.13283357720497418,-0.0036794406160306596,RIGHT,2.6382068990994543e-121,0.4724923581282316,0.5275076418717684,5,0.0012329078093879055,9.745061431511479e-05,0.0004013876003163044,0.07503194116378613,0.7939199298246215,0.1293163829875731,Yaniv-LRJ(6)-4:7.csv_to_Ben-LRJ(1-6)-4:9.csv,LDA,False
lrj,Ben,Ben LRJ,Ben-LRJ(1-6)-4:9.csv,/Users/yanivnaggar/Desktop/Spring 2026/IS/OPENBCI_runs/Ben/Ben-LRJ(1-6)-4:9.csv,ben,RIGHT,3,3,True,0,left_right,2,2->2,9,3,Ben::Ben-LRJ(1-6)-4:9.csv::trial_9,29495,30641,117.98,122.564,4.584,5,sliding,29995,30244,119.98,120.976,1.0,1.0,0.5,,0.022492465204754005,0.2831549644539185,0.28404690613679795,1.3765188104298705,0.08017673389489985,0.08068264488588692,0.01517065308028135,0.0186474564789721,0.045738949522434416,0.3160855106061131,0.3193776784913796,1.4616080761406531,0.09991005001512723,0.10200210151854304,0.01998040914843452,0.040929154065967734,-0.029361474745943524,0.5936924294335221,0.5944180321675431,2.503687651486147,0.35247070076667764,0.3533327969659342,0.025052826539706797,0.013097937951691466,0.0039349232730559154,0.3839882011029585,0.384008362158236,1.8136185182161784,0.1474469385862861,0.14746242220745095,0.09698231910782504,0.014070043804381956,-0.004809756068153169,-0.022281697586995632,-0.009882173459425447,0.005549518527280636,-0.0818116660275437,0.004577412674590145,-0.005072417391272278,0.027831216114276268,-0.07700190995939052,0.02685911026158578,-0.07192949256811824,-0.0009721058526904903,RIGHT,9.400409748525565e-116,0.11150798178014555,0.8884920182198545,4,5.984482789999921e-06,0.0003549185133594341,1.1369607109631833e-05,0.784961278297004,0.21372387979597865,0.000942569303758317,Yaniv-LRJ(6)-4:7.csv_to_Ben-LRJ(1-6)-4:9.csv,LDA,False
lrj,Ben,Ben LRJ,Ben-LRJ(1-6)-4:9.csv,/Users/yanivnaggar/Desktop/Spring 2026/IS/OPENBCI_runs/Ben/Ben-LRJ(1-6)-4:9.csv,ben,RIGHT,3,3,True,0,left_right,2,2->2,9,3,Ben::Ben-LRJ(1-6)-4:9.csv::trial_9,29495,30641,117.98,122.564,4.584,6,sliding,30120,30369,120.48,121.476,1.0,1.0,0.5,,-0.009543334883407261,0.2642849256368089,0.264457174528411,1.348747526522915,0.0698465219188536,0.06993759715955045,0.011223375704860943,0.019413491243501342,-0.04673284956621139,0.34421730304828574,0.34737517318659017,1.9898748278047127,0.11848555171783537,0.1206695109464135,0.03844225504722769,0.02755277834725927,0.08276300903512082,0.5034384049260372,0.5101959851067236,2.405724684274193,0.2534502275544726,0.26029994321902017,0.06606720033847309,0.014889791729463146,-0.033713127740394803,0.36820660669972816,0.36974677848409776,1.7637548112276638,0.1355761052173283,0.13671268019936847,0.04735401158196161,0.016058479269374985,-0.027218879342366747,-0.008139287103757928,-0.05484382463361215,0.0045236995140381965,-0.03613063587710067,0.0033550119741263575,-0.0276249452912454,0.012662986617796124,-0.008911756534733924,0.011494299077884285,0.018713188756511477,-0.001168687539911839,LEFT,4.874639357862478e-151,0.9865662230447351,0.013433776955264803,5,0.0037440111371680887,0.28441325636869097,3.6053752793419337e-06,0.00024120970689676065,0.6606415367805468,0.05095638063141801,Yaniv-LRJ(6)-4:7.csv_to_Ben-LRJ(1-6)-4:9.csv,LDA,False
lrj,Ben,Ben LRJ,Ben-LRJ(1-6)-4:9.csv,/Users/yanivnaggar/Desktop/Spring 2026/IS/OPENBCI_runs/Ben/Ben-LRJ(1-6)-4:9.csv,ben,RIGHT,3,3,True,0,left_right,2,2->2,9,3,Ben::Ben-LRJ(1-6)-4:9.csv::trial_9,29495,30641,117.98,122.564,4.584,7,sliding,30245,30494,120.98,121.976,1.0,1.0,0.5,,-0.022176606479030248,0.2799862230763017,0.28086311076298076,1.3375683469464668,0.0783922851125326,0.07888408698745838,0.030880066952667793,0.015012320019077258,0.0022608718009377356,0.37318085226901954,0.3731877008176075,1.9898748278047127,0.1392639485002318,0.1392690600415321,0.02249293396810209,0.025032953275265668,-0.05763642038104561,0.412763074114747,0.41676769585345347,1.967946347576886,0.17037335535265613,0.1736953123069967,0.030902953708352537,0.013855297384209677,-0.008425821442514976,0.3357619255826822,0.33586763038133305,1.7637548112276638,0.11273607067099062,0.11280706513797176,0.08854278815474823,0.009305345580623969,0.008387132984565702,-0.01002063325618841,-2.2886755684743687e-05,0.001157022634867581,-0.057662721202080436,0.005706974438453289,-0.008410019740250445,0.011177655891055991,-0.06604985418664613,0.0157276076946417,-0.057639834446395685,0.004549951803585708,LEFT,4.9351775808158624e-129,0.9979535159745392,0.0020464840254608577,5,0.038572227373485965,0.28089892824241997,0.00541778842783901,0.015764708620667128,0.5611341109223997,0.09821223641318835,Yaniv-LRJ(6)-4:7.csv_to_Ben-LRJ(1-6)-4:9.csv,LDA,False
lrj,Ben,Ben LRJ,Ben-LRJ(1-6)-4:9.csv,/Users/yanivnaggar/Desktop/Spring 2026/IS/OPENBCI_runs/Ben/Ben-LRJ(1-6)-4:9.csv,ben,RIGHT,3,3,True,0,left_right,2,2->2,9,3,Ben::Ben-LRJ(1-6)-4:9.csv::trial_9,29495,30641,117.98,122.564,4.584,8,sliding,30370,30619,121.48,122.476,1.0,1.0,0.5,,0.017759141910797503,0.30960806078338,0.3101169753874382,1.3375683469464668,0.09585715130204511,0.09617253842345297,0.009871141669073172,0.020925144633143017,0.03851803948804948,0.3397856378857179,0.3419618678733159,1.5808495852628948,0.11545427971340422,0.11693791907940715,0.010549705820108486,0.023483939992721893,-0.009274834260507901,0.32411516783094385,0.3242478443546553,1.4181637102275166,0.10505064201808088,0.10513666456864076,0.02554314143885151,0.012758487174402235,0.007270165357770468,0.31832742238490014,0.31841043190596624,1.555628840335122,0.10133234784221463,0.10138520314654396,0.038277812838299695,0.012015979543569685,-0.000678564151035314,-0.002558795359578876,-0.015671999769778337,0.008166657458740782,-0.028406671169226523,0.008909165089573332,-0.014993435618743023,0.010725452818319658,-0.027728107018191207,0.011467960449152208,-0.012734671399448186,0.0007425076308325493,LEFT,4.669664862624548e-92,0.98986666709989,0.010133332900109988,4,8.167593649542699e-05,0.001326840162577298,0.002104504775010258,0.5633960997980638,0.31988534014328085,0.11320553918457232,Yaniv-LRJ(6)-4:7.csv_to_Ben-LRJ(1-6)-4:9.csv,LDA,False
lrj,Ben,Ben LRJ,Ben-LRJ(1-6)-4:9.csv,/Users/yanivnaggar/Desktop/Spring 2026/IS/OPENBCI_runs/Ben/Ben-LRJ(1-6)-4:9.csv,ben,RIGHT,4,4,True,0,left_right,2,2->2,10,4,Ben::Ben-LRJ(1-6)-4:9.csv::trial_10,31772,33359,127.088,133.436,6.348,1,sliding,31772,32021,127.088,128.084,1.0,1.0,0.5,,0.029756624502990603,0.3179209206484141,0.31931045784275086,1.542207212072909,0.1010737117859352,0.10195916848774718,0.0027299546403167763,0.020154573778927844,-0.009869591883197542,0.2912218397666336,0.2913890334261117,1.601340695800791,0.08481015995706279,0.08490756880100367,0.005983533815027985,0.020005443547337166,0.019283284492419495,0.24943383893519078,0.2501781066895389,1.2670882168250055,0.062217240005946695,0.06258908506676229,0.004627954597662387,0.009531739066189284,0.019933499401574534,0.21620630846578195,0.21712326503346766,0.9441901632643834,0.04674516782040086,0.04714251221879344,0.006415495546279718,0.014356124487245646,-0.003253579174711209,0.00014913023159067798,-0.0018979999573456104,0.01062283471273856,-0.0036855409059629416,0.005798449291682198,0.0013555792173655986,0.010473704481147882,-0.0004319617312517326,0.00564931906009152,-0.0017875409486173312,-0.004824385421056362,RIGHT,3.2574607864298692e-90,0.002683014232421083,0.9973169857675789,6,0.007979182225127855,0.0021296032188318375,0.003702713109588324,0.005984658224937461,0.10843244641146191,0.8717713968100527,Yaniv-LRJ(6)-4:7.csv_to_Ben-LRJ(1-6)-4:9.csv,LDA,False
lrj,Ben,Ben LRJ,Ben-LRJ(1-6)-4:9.csv,/Users/yanivnaggar/Desktop/Spring 2026/IS/OPENBCI_runs/Ben/Ben-LRJ(1-6)-4:9.csv,ben,RIGHT,4,4,True,0,left_right,2,2->2,10,4,Ben::Ben-LRJ(1-6)-4:9.csv::trial_10,31772,33359,127.088,133.436,6.348,2,sliding,31897,32146,127.588,128.584,1.0,1.0,0.5,,-0.025926687333217045,0.25136318592686485,0.2526967438559073,1.1384209432040948,0.06318345123930363,0.06385564435537802,0.006669318880733098,0.021963160477099574,-0.020196839348142988,0.25581051986808206,0.25660657512003293,1.2259206125203819,0.0654390220751784,0.06584693439483309,0.0075389680387434425,0.021107999896135606,0.013642427962974822,0.24528674451122912,0.24566583578845866,1.1195891266541955,0.06016558703291698,0.06035170287364193,0.008087491306124373,0.010795717827827664,-0.018405336794565443,0.2520454353067309,0.25271655640555263,1.0911058918347898,0.06352690145895948,0.06386565788148085,0.00864061542339167,0.013468365093202785,-0.0008696491580103445,0.0008551605809639685,-0.0014181724253912748,0.01116744264927191,-0.0019712965426585717,0.008494795383896789,-0.0005485232673809303,0.010312282068307942,-0.0011016473846482272,0.00763963480293282,-0.0005531241172672969,-0.0026726472653751214,RIGHT,2.2911940957325193e-109,0.3559203441092501,0.6440796558907499,6,0.0004969285616890271,0.0025043851359856915,0.002822372829149256,0.012153926039282822,0.1663786787370054,0.8156437086968878,Yaniv-LRJ(6)-4:7.csv_to_Ben-LRJ(1-6)-4:9.csv,LDA,False
lrj,Ben,Ben LRJ,Ben-LRJ(1-6)-4:9.csv,/Users/yanivnaggar/Desktop/Spring 2026/IS/OPENBCI_runs/Ben/Ben-LRJ(1-6)-4:9.csv,ben,RIGHT,4,4,True,0,left_right,2,2->2,10,4,Ben::Ben-LRJ(1-6)-4:9.csv::trial_10,31772,33359,127.088,133.436,6.348,3,sliding,32022,32271,128.088,129.084,1.0,1.0,0.5,,-0.03660068348775383,0.22144862945498867,0.22445290267506815,1.2286963299773754,0.049039495487492875,0.05037910551926362,0.004763938107253724,0.025308775249135634,0.0008446266472622792,0.21368968500961552,0.21369135423241148,1.1105687432274023,0.0456632814795087,0.045663994873681966,0.01053668628523331,0.020401915280722122,-0.04637609931250458,0.3003077072932394,0.30386750673141283,1.2577422786267898,0.09018471905972195,0.09233546164716523,0.005997173766955388,0.018209651899702833,-0.045550112214136226,0.28978611482967087,0.29334417510970895,1.383242250812888,0.08397599234807518,0.08605080507079559,0.010368349945724355,0.016842254314089734,-0.005772748177979585,0.004906859968413512,-0.001233235659701664,0.007099123349432801,-0.005604411838470632,0.0084665209350459,0.004539512518277921,0.002192263381019289,0.00016833633950895377,0.003559660966632388,-0.0043711761787689676,0.001367397585613099,RIGHT,1.2645781999028708e-117,0.00047993509198334566,0.9995200649080166,6,0.05583749253891502,0.09221591588089238,0.003986489098311859,0.0017000036731007252,0.060636912618237074,0.7856231861905428,Yaniv-LRJ(6)-4:7.csv_to_Ben-LRJ(1-6)-4:9.csv,LDA,False
lrj,Ben,Ben LRJ,Ben-LRJ(1-6)-4:9.csv,/Users/yanivnaggar/Desktop/Spring 2026/IS/OPENBCI_runs/Ben/Ben-LRJ(1-6)-4:9.csv,ben,RIGHT,4,4,True,0,left_right,2,2->2,10,4,Ben::Ben-LRJ(1-6)-4:9.csv::trial_10,31772,33359,127.088,133.436,6.348,4,sliding,32147,32396,128.588,129.584,1.0,1.0,0.5,,0.0200484811007302,0.2687549325644454,0.2695016797204906,1.311548155286081,0.07222921377771957,0.07263115537216591,0.006604188665927814,0.0192166249914226,0.0053231262068744,0.24177579957994522,0.24183439154747233,1.3645553656087177,0.05845553726252183,0.05848387293513615,0.005288893910132423,0.02163221968157892,0.018593910917858454,0.25751821363256827,0.2581886207324605,1.2577422786267898,0.06631563035250906,0.06666136387573034,0.010043530838342453,0.010799090728511986,0.0245368931769925,0.29227629080554784,0.2933044310845445,1.4653465744039396,0.08542543016704918,0.08602748929382831,0.0030460994446670567,0.016699849899401244,0.0013152947557953914,-0.002415594690156321,-0.0034393421724146387,0.008417534262910613,0.0035580892212607575,0.0025167750920213547,-0.00475463692821003,0.010833128953066934,0.002242794465465366,0.004932369782177676,0.006997431393675396,-0.005900759170889258,RIGHT,2.4789658969398133e-99,0.09457476722752498,0.9054252327724751,6,0.00039918651071925475,0.0017741586934181546,0.0005717760682596221,0.027631622802427133,0.2363854286017901,0.7332378273233857,Yaniv-LRJ(6)-4:7.csv_to_Ben-LRJ(1-6)-4:9.csv,LDA,False
lrj,Ben,Ben LRJ,Ben-LRJ(1-6)-4:9.csv,/Users/yanivnaggar/Desktop/Spring 2026/IS/OPENBCI_runs/Ben/Ben-LRJ(1-6)-4:9.csv,ben,RIGHT,4,4,True,0,left_right,2,2->2,10,4,Ben::Ben-LRJ(1-6)-4:9.csv::trial_10,31772,33359,127.088,133.436,6.348,5,sliding,32272,32521,129.088,130.084,1.0,1.0,0.5,,0.019457221464058896,0.28395256978954475,0.28461842062169435,1.461930574748512,0.08062906189008628,0.08100764535718773,0.011715464264366999,0.017866447877815664,0.00679398479372259,0.26314062154256646,0.26322831332359664,1.3645553656087177,0.0692429867058082,0.06928914493518555,0.006875962852466253,0.018468598430750244,0.033021179054770575,0.17014953242404554,0.1733241519531786,0.8254233239283252,0.02895086338412133,0.03004126165028855,0.0042121869688416195,0.012140699963239163,0.0009880266856105847,0.28860800676620163,0.2886096979768548,1.3705035989890404,0.08329458156955988,0.08329555776629137,0.004874272120494173,0.014654178653800233,0.004839501411900746,-0.0006021505529345793,0.007503277295525379,0.005725747914576501,0.006841192143872826,0.0032122692240154314,0.0026637758836246337,0.00632789846751108,0.0020016907319720806,0.0038144197769500107,-0.0006620851516525531,-0.0025134786905610697,RIGHT,1.2251030066824351e-91,0.2683190930578666,0.7316809069421334,6,8.481561734894203e-07,0.0003890102562909812,7.906224194222186e-06,0.0008825996738950063,0.0006322370371738826,0.9980873986522724,Yaniv-LRJ(6)-4:7.csv_to_Ben-LRJ(1-6)-4:9.csv,LDA,False
lrj,Ben,Ben LRJ,Ben-LRJ(1-6)-4:9.csv,/Users/yanivnaggar/Desktop/Spring 2026/IS/OPENBCI_runs/Ben/Ben-LRJ(1-6)-4:9.csv,ben,RIGHT,4,4,True,0,left_right,2,2->2,10,4,Ben::Ben-LRJ(1-6)-4:9.csv::trial_10,31772,33359,127.088,133.436,6.348,6,sliding,32397,32646,129.588,130.584,1.0,1.0,0.5,,-0.03199024129568193,0.2733755712058662,0.27524094620947953,1.442965076716645,0.07473420293213363,0.07575757847028959,0.013220978282439351,0.028035821177090785,-0.011550147800971626,0.23865466843348368,0.2389340006765892,1.313323448318255,0.056956050765096036,0.05708945667932033,0.004005214568645358,0.026939241538785085,-0.03530141824878115,0.27819974706639966,0.2804305429124726,1.519070088485128,0.07739509926780876,0.07864128939818414,0.00860674160986157,0.014411595350572456,-0.02959981093097026,0.2666300508796547,0.26826802425789853,1.2363236915149027,0.07109158403208725,0.07196773283923642,0.0076416890459959615,0.0203743545198032,0.009215763713793993,0.0010965796383057003,0.004614236672577781,0.01362422582651833,0.0055792892364433895,0.007661466657287584,-0.004601527041216212,0.01252764618821263,-0.0036364744773506033,0.006564887018981884,0.0009650525638656088,-0.0059627591692307455,RIGHT,7.980907343631578e-106,0.0068460451370995,0.9931539548629005,6,0.003754920746492115,0.010975404123951624,0.004052542490630972,0.0018390316542916238,0.02017993469846204,0.9591981662861717,Yaniv-LRJ(6)-4:7.csv_to_Ben-LRJ(1-6)-4:9.csv,LDA,False
lrj,Ben,Ben LRJ,Ben-LRJ(1-6)-4:9.csv,/Users/yanivnaggar/Desktop/Spring 2026/IS/OPENBCI_runs/Ben/Ben-LRJ(1-6)-4:9.csv,ben,RIGHT,4,4,True,0,left_right,2,2->2,10,4,Ben::Ben-LRJ(1-6)-4:9.csv::trial_10,31772,33359,127.088,133.436,6.348,7,sliding,32522,32771,130.088,131.084,1.0,1.0,0.5,,0.010560910465922259,0.28468683633223174,0.2848826558615391,1.334211714939792,0.0810465947808549,0.0811581276107241,0.007498815382059449,0.020843786796652188,-0.025579700246250885,0.262279058814872,0.26352348236448137,1.4404084548009308,0.06879030469281508,0.06944462575750313,0.006188985787924763,0.020366814440361654,0.008302200087451396,0.3547440016670072,0.3548411380392833,1.698277257326981,0.12584330671872163,0.1259122332450137,0.01048402540576035,0.004157111751658296,0.001695971461736999,0.27490708106513784,0.2749123124542684,1.2681720868905253,0.07557390321975425,0.07557677953895328,0.009071073520470744,0.020306627773045295,0.001309829594134686,0.0004769723562905344,-0.002985210023700901,0.016686675044993892,-0.0015722581384112946,0.0005371590236068931,-0.004295039617835587,0.016209702688703358,-0.0028820877325459807,6.018666731635869e-05,0.0014129518852896063,-0.016149516021387,RIGHT,3.705978051929223e-100,0.00920163125571634,0.9907983687442837,6,0.00025066372054358116,0.00017763997850910265,0.0017345924619572184,0.009623984543302402,0.3006864571527274,0.6875266621429602,Yaniv-LRJ(6)-4:7.csv_to_Ben-LRJ(1-6)-4:9.csv,LDA,False
lrj,Ben,Ben LRJ,Ben-LRJ(1-6)-4:9.csv,/Users/yanivnaggar/Desktop/Spring 2026/IS/OPENBCI_runs/Ben/Ben-LRJ(1-6)-4:9.csv,ben,RIGHT,4,4,True,0,left_right,2,2->2,10,4,Ben::Ben-LRJ(1-6)-4:9.csv::trial_10,31772,33359,127.088,133.436,6.348,8,sliding,32647,32896,130.588,131.584,1.0,1.0,0.5,,0.015976275350367844,0.27625497198970295,0.27671655339553203,1.1871174000976938,0.07631680954903156,0.07657205092310232,0.025144607759573584,0.020920362171783197,0.02232951138994185,0.2788336674399553,0.2797263326484104,1.5848643986020046,0.07774821409801558,0.07824682117692915,0.01161598497707121,0.027983648432887847,0.03844525247914864,0.33748772818047884,0.33967043455474055,1.6793527965175656,0.11389796667242078,0.11537600411060628,0.017999948955264508,0.010609041511128698,0.023205887448391062,0.2894693468310019,0.29039803023959077,1.3778582116600933,0.08379250275476685,0.08433101596703427,0.0076056934911684256,0.020571129146999965,0.013528622782502374,-0.00706328626110465,0.007144658804309076,0.010311320660654499,0.01753891426840516,0.0003492330247832319,-0.006383963978193298,0.01737460692175915,0.004010291485902784,0.007412519285887882,0.010394255464096083,-0.009962087635871267,LEFT,2.369996594649492e-119,0.7102044646651026,0.28979553533489744,6,0.004882338111331668,0.008581225916871868,0.011401694541238138,0.008842264736402662,0.29733519707081957,0.6689572796233361,Yaniv-LRJ(6)-4:7.csv_to_Ben-LRJ(1-6)-4:9.csv,LDA,False
lrj,Ben,Ben LRJ,Ben-LRJ(1-6)-4:9.csv,/Users/yanivnaggar/Desktop/Spring 2026/IS/OPENBCI_runs/Ben/Ben-LRJ(1-6)-4:9.csv,ben,RIGHT,4,4,True,0,left_right,2,2->2,10,4,Ben::Ben-LRJ(1-6)-4:9.csv::trial_10,31772,33359,127.088,133.436,6.348,9,sliding,32772,33021,131.088,132.084,1.0,1.0,0.5,,0.004265396472679086,0.2395965433868381,0.2396345075526272,1.2670088806863344,0.057406503602921,0.05742469720999014,0.010169327799142086,0.010652784286778466,0.03685271048428629,0.2733119785355779,0.27578535109949337,1.4236103987517752,0.07469943761103222,0.07605755988107082,0.010662243046559581,0.014017528698190767,-0.03278611009222985,0.2866466541855027,0.288515568679964,1.2692927722065912,0.0821663043557432,0.08324123337072302,0.015594207859896476,0.005410753840747334,-0.0003729448031601592,0.3540997955891509,0.35409999198546255,1.5827817368963042,0.12538666523627845,0.12538680432410465,0.03790712832020567,0.020785027019519245,-0.0004929152474174945,-0.003364744411412301,-0.005424880060754389,0.005242030446031132,-0.027737800521063588,-0.01013224273274078,-0.004931964813336895,0.008606774857443433,-0.027244885273646092,-0.006767498321328478,-0.022312920460309197,-0.015374273178771911,LEFT,1.89420694011518e-97,0.994374493630022,0.00562550636997806,6,3.2510817953535394e-05,5.2809269055497034e-05,2.938173711013496e-05,0.016668645183253863,0.06914440768718914,0.9140722453054378,Yaniv-LRJ(6)-4:7.csv_to_Ben-LRJ(1-6)-4:9.csv,LDA,False
lrj,Ben,Ben LRJ,Ben-LRJ(1-6)-4:9.csv,/Users/yanivnaggar/Desktop/Spring 2026/IS/OPENBCI_runs/Ben/Ben-LRJ(1-6)-4:9.csv,ben,RIGHT,4,4,True,0,left_right,2,2->2,10,4,Ben::Ben-LRJ(1-6)-4:9.csv::trial_10,31772,33359,127.088,133.436,6.348,10,sliding,32897,33146,131.588,132.584,1.0,1.0,0.5,,0.008078262743062732,0.2946009332766786,0.2947116696305662,1.553519734315452,0.08678970988749003,0.086854968216436,0.03728819696467424,0.03301997494375427,-0.008542603390362204,0.34936908837532565,0.3494735125655321,1.7779250320173494,0.12205875991220612,0.12213173598489115,0.10493433786049122,0.03650864967226959,-0.018073100016090304,0.3662243473216531,0.36667002811160115,1.8540975225696799,0.1341202725711708,0.1344469095153624,0.05549209965459373,0.019214315061035204,-0.00538287615755722,0.533766794461014,0.5337939361072904,2.454733149003908,0.2849069908691864,0.2849359662249141,0.2612404420275653,0.02742070494254203,-0.06764614089581698,-0.0034886747285153216,-0.01820390268991949,0.013805659882719066,-0.22395224506289108,0.005599270001212239,0.04944223820589749,0.017294334611234388,-0.15630610416707408,0.00908794472972756,-0.20574834237297157,-0.008206389881506827,LEFT,8.476698558857728e-103,0.9999570275110989,4.297248890094533e-05,4,9.92645701317666e-06,0.04692084423874159,1.4037216162465294e-05,0.8581442415345933,0.08789741995693562,0.007013530596553718,Yaniv-LRJ(6)-4:7.csv_to_Ben-LRJ(1-6)-4:9.csv,LDA,False
lrj,Ben,Ben LRJ,Ben-LRJ(1-6)-4:9.csv,/Users/yanivnaggar/Desktop/Spring 2026/IS/OPENBCI_runs/Ben/Ben-LRJ(1-6)-4:9.csv,ben,RIGHT,4,4,True,0,left_right,2,2->2,10,4,Ben::Ben-LRJ(1-6)-4:9.csv::trial_10,31772,33359,127.088,133.436,6.348,11,sliding,33022,33271,132.088,133.084,1.0,1.0,0.5,,-0.019231897531587883,0.34179244152713534,0.3423330819067093,1.5535833991649985,0.11682207308508025,0.11719193896774574,0.051907058627447544,0.021181226061560757,-0.012778559883037204,0.3734830598523419,0.37370160233714866,1.7779250320173494,0.13948959599666802,0.13965288758935238,0.052358647877704924,0.038782921039523355,0.061175134597331066,0.4840392853529477,0.4878897691671695,2.026820539721705,0.23429402976499233,0.23803642685799392,0.2132414207465581,0.009994786301199286,0.03794055226584608,0.5912149930171133,0.5924311381708954,2.5622875720495504,0.3495351679682253,0.35097465347446266,0.30504071460404597,0.028651932967851294,-0.00045158925025737956,-0.017601694977962597,-0.16133436211911056,0.011186439760361471,-0.2531336559765984,-0.007470706906290536,-0.1608827728688532,0.02878813473832407,-0.252682066726341,0.010130988071672061,-0.09179929385748786,-0.018657146666652007,LEFT,7.028858521476001e-144,0.9999996353523273,3.646476728219361e-07,5,0.0067773190583368175,0.00039639148059779356,0.0005726694728261175,0.0036796259566407373,0.9545527898027443,0.0340212042288544,Yaniv-LRJ(6)-4:7.csv_to_Ben-LRJ(1-6)-4:9.csv,LDA,False
lrj,Ben,Ben LRJ,Ben-LRJ(1-6)-4:9.csv,/Users/yanivnaggar/Desktop/Spring 2026/IS/OPENBCI_runs/Ben/Ben-LRJ(1-6)-4:9.csv,ben,RIGHT,5,5,True,0,left_right,2,2->2,11,5,Ben::Ben-LRJ(1-6)-4:9.csv::trial_11,34237,35788,136.948,143.152,6.204,1,sliding,34237,34486,136.948,137.944,1.0,1.0,0.5,,-0.000372079936810497,0.2550716010549858,0.25507187243644325,1.2690083706827289,0.06506152166475383,0.06506166010823318,0.019397618431702027,0.010604997830116699,0.006536632962365204,0.26950701355684437,0.269586271769936,1.4940441854137536,0.07263403035632911,0.07267675792681379,0.009588317735249752,0.017358976424245224,-0.017614292557057182,0.4218895678023658,0.42225711447263103,1.7871260900208594,0.17799080742046702,0.1783010707227526,0.01489764571690351,0.01889931762805894,-0.02008341305797922,0.34000989950599436,0.3406025179621163,1.5681528049060554,0.11560673176207638,0.11601007524213376,0.02842339833114748,0.019186377641859553,0.009809300696452274,-0.006753978594128525,0.004499972714798517,-0.008294319797942241,-0.009025779899445453,-0.008581379811742854,-0.005309327981653757,-0.0015403412038137165,-0.018835080595897728,-0.0018274012176143287,-0.01352575261424397,-0.00028706001380061213,RIGHT,1.3693806928735963e-119,0.4594470623927422,0.5405529376072578,5,8.13981014630247e-05,0.019318763945560043,0.0035692872048080876,0.16660768141493326,0.657932742810623,0.1524901265226126,Yaniv-LRJ(6)-4:7.csv_to_Ben-LRJ(1-6)-4:9.csv,LDA,True
lrj,Ben,Ben LRJ,Ben-LRJ(1-6)-4:9.csv,/Users/yanivnaggar/Desktop/Spring 2026/IS/OPENBCI_runs/Ben/Ben-LRJ(1-6)-4:9.csv,ben,RIGHT,5,5,True,0,left_right,2,2->2,11,5,Ben::Ben-LRJ(1-6)-4:9.csv::trial_11,34237,35788,136.948,143.152,6.204,2,sliding,34362,34611,137.448,138.444,1.0,1.0,0.5,,0.028070079804394625,0.25299377705340464,0.2545462248943655,1.408491719260737,0.06400585122774782,0.0647937806079729,0.02067827425023026,0.011433016037234359,-0.0014573194752749785,0.24674064956229705,0.24674495319353,1.3053108341984607,0.06088094814642428,0.0608830719264773,0.02434180653873052,0.013880422793637407,-0.02189658027984421,0.5300759221626006,0.5305279855808579,2.6833206731903925,0.2809804832565314,0.281459943484483,0.09332745654832997,0.008567991308865815,-0.006543351375735999,0.3731467522886387,0.3732041186680353,1.7815573546565782,0.1392384987435587,0.139281314190785,0.1485593730468336,0.03441052617093823,-0.003663532288500259,-0.0024474067564030488,-0.0726491822980997,0.0028650247283685433,-0.12788109879660334,-0.022977510133703874,-0.06898565000959944,0.005312431484771592,-0.12421756650810306,-0.020530103377300823,-0.05523191649850362,-0.025842534862072417,RIGHT,4.659401439448926e-106,0.00019279462526061212,0.9998072053747393,5,0.00019825776470230037,0.0002527428909071301,4.3084707125078974e-05,0.01598473593940768,0.6604409328245688,0.323080245873289,Yaniv-LRJ(6)-4:7.csv_to_Ben-LRJ(1-6)-4:9.csv,LDA,True
lrj,Ben,Ben LRJ,Ben-LRJ(1-6)-4:9.csv,/Users/yanivnaggar/Desktop/Spring 2026/IS/OPENBCI_runs/Ben/Ben-LRJ(1-6)-4:9.csv,ben,RIGHT,5,5,True,0,left_right,2,2->2,11,5,Ben::Ben-LRJ(1-6)-4:9.csv::trial_11,34237,35788,136.948,143.152,6.204,3,sliding,34487,34736,137.948,138.944,1.0,1.0,0.5,,-0.04241240982449014,0.26266745862582114,0.26606955167412144,1.319994635251457,0.06899419382094746,0.07079300632806798,0.01508893941887215,0.013037583605901334,-0.04042501690630275,0.2739987341336917,0.2769647780833157,1.395145440621087,0.07507530630686546,0.07670948829874033,0.014323950112869497,0.012908117399135229,0.057505370782212864,0.47813235839058316,0.48157805162708656,2.6833206731903925,0.22861055214014106,0.23191741980894084,0.037736534534692834,0.011250945459239997,0.005798450508155375,0.3110502819006776,0.31110432317598313,1.7327939992654773,0.09675227787049102,0.09678589989878657,0.02347721080332327,0.011530321835793802,0.0007649893060026527,0.00012946620676610593,-0.022647595115820686,0.0017866381466613377,-0.008388271384451121,0.0015072617701075326,-0.023412584421823337,0.0016571719398952318,-0.009153260690453774,0.0013777955633414267,0.014259323731369563,-0.0002793763765538051,RIGHT,4.891438237200904e-153,0.3961404198958149,0.6038595801041851,5,0.05485374452937919,0.14505803854906882,0.011634184520470211,0.012070484958155332,0.7308888178517189,0.0454947295912075,Yaniv-LRJ(6)-4:7.csv_to_Ben-LRJ(1-6)-4:9.csv,LDA,True
lrj,Ben,Ben LRJ,Ben-LRJ(1-6)-4:9.csv,/Users/yanivnaggar/Desktop/Spring 2026/IS/OPENBCI_runs/Ben/Ben-LRJ(1-6)-4:9.csv,ben,RIGHT,5,5,True,0,left_right,2,2->2,11,5,Ben::Ben-LRJ(1-6)-4:9.csv::trial_11,34237,35788,136.948,143.152,6.204,4,sliding,34612,34861,138.448,139.444,1.0,1.0,0.5,,0.013794863736471904,0.2609222806875405,0.2612866908678961,1.3289104525918825,0.06808043655918766,0.06827073482469548,0.012582082755217215,0.03689964751377008,0.03227637551192893,0.28217796522373856,0.2840179016787435,1.4132506944965617,0.07962440405780939,0.08066616847399642,0.014350702268067964,0.03281162056411453,-0.021640997782009924,0.38364771407361636,0.38425759758124783,1.72343041226807,0.1471855685139113,0.1476539012989122,0.07161161395093923,0.008875634931397262,0.01739465325589721,0.25403788315370246,0.25463271596381143,1.346127136811062,0.06453524607721418,0.06483782003910707,0.040785638474601885,0.020432440920027956,-0.0017686195128507488,0.00408802694965555,-0.05902953119572202,0.02802401258237282,-0.028203555719384668,0.016467206593742127,-0.05726091168287127,0.02393598563271727,-0.02643493620653392,0.012379179644086576,0.03082597547633735,-0.011556805988630695,RIGHT,7.773481855182762e-107,0.11442782708561086,0.885572172914389,5,0.008647035385634095,1.9370510452097945e-05,0.002928610403347193,0.010502345763713148,0.6281119478287777,0.34979069010807595,Yaniv-LRJ(6)-4:7.csv_to_Ben-LRJ(1-6)-4:9.csv,LDA,True
lrj,Ben,Ben LRJ,Ben-LRJ(1-6)-4:9.csv,/Users/yanivnaggar/Desktop/Spring 2026/IS/OPENBCI_runs/Ben/Ben-LRJ(1-6)-4:9.csv,ben,RIGHT,5,5,True,0,left_right,2,2->2,11,5,Ben::Ben-LRJ(1-6)-4:9.csv::trial_11,34237,35788,136.948,143.152,6.204,5,sliding,34737,34986,138.948,139.944,1.0,1.0,0.5,,0.040442661868168105,0.32027464749008583,0.322817996282552,1.7105297448925565,0.10257584982489874,0.10421145872388173,0.031179442532620477,0.03198325088358901,0.0255409576552958,0.32053471468563843,0.32155068626353955,1.428360369152038,0.10274250331860364,0.10339484383655326,0.04664442973927497,0.03491768625580062,-0.03499638775710253,0.4150747887545388,0.41654750919393396,2.0292161801602986,0.172287080259625,0.1735118274156705,0.03708871068218685,0.01697036171233592,0.0019222469459347043,0.32754745358422177,0.3275530939906217,1.5321444169065783,0.1072873343495079,0.10729102938282907,0.05808893012961536,0.013410507580152399,-0.015464987206654492,-0.002934435372211608,-0.005909268149566375,0.015012889171253093,-0.02690948759699488,0.018572743303436612,0.009555719057088116,0.0179473245434647,-0.011444500390340388,0.02150717867564822,-0.021000219447428504,0.0035598541321835205,RIGHT,3.063247611060745e-107,0.25327529595410014,0.7467247040458999,2,0.0012700244372652373,0.7604474021891672,0.0012169479772799804,0.07714503311739329,0.13615990654871402,0.02376068573018013,Yaniv-LRJ(6)-4:7.csv_to_Ben-LRJ(1-6)-4:9.csv,LDA,False
lrj,Ben,Ben LRJ,Ben-LRJ(1-6)-4:9.csv,/Users/yanivnaggar/Desktop/Spring 2026/IS/OPENBCI_runs/Ben/Ben-LRJ(1-6)-4:9.csv,ben,RIGHT,5,5,True,0,left_right,2,2->2,11,5,Ben::Ben-LRJ(1-6)-4:9.csv::trial_11,34237,35788,136.948,143.152,6.204,6,sliding,34862,35111,139.448,140.444,1.0,1.0,0.5,,-0.05050599002385906,0.3310971952738787,0.3349271678238705,1.7105297448925565,0.10962535271822899,0.11217620774651911,0.024380834741625963,0.022200599531438894,-0.026045646398445848,0.3556542485977299,0.3566066744214538,1.8211493209043628,0.12648994454561588,0.12716832024192873,0.027379541701946182,0.030550148672194077,0.049845234824802895,0.4418236244450833,0.44462643033509575,2.128020268711496,0.19520811511779,0.19769266255252974,0.0320475484001667,0.006554271923443052,-0.017690012476318514,0.35753371973001136,0.35797108442636905,1.6164660439424279,0.12783036074397833,0.12814329728539064,0.0543635100333298,0.014909592692906112,-0.0029987069603202195,-0.008349549140755183,-0.007666713658540738,0.015646327607995843,-0.02998267529170384,0.007291006838532782,-0.0046680066982205184,0.023995876748751026,-0.02698396833138362,0.015640555979287964,-0.0223159616331631,-0.00835532076946306,LEFT,3.1194925889378565e-142,0.9618687773055781,0.03813122269442201,2,0.005517842841704193,0.5073017247643413,0.0241130950819865,0.002872974285681408,0.42461249437153303,0.035581868654753684,Yaniv-LRJ(6)-4:7.csv_to_Ben-LRJ(1-6)-4:9.csv,LDA,False
lrj,Ben,Ben LRJ,Ben-LRJ(1-6)-4:9.csv,/Users/yanivnaggar/Desktop/Spring 2026/IS/OPENBCI_runs/Ben/Ben-LRJ(1-6)-4:9.csv,ben,RIGHT,5,5,True,0,left_right,2,2->2,11,5,Ben::Ben-LRJ(1-6)-4:9.csv::trial_11,34237,35788,136.948,143.152,6.204,7,sliding,34987,35236,139.948,140.944,1.0,1.0,0.5,,0.004905361140438131,0.2683954365774111,0.2684402595429703,1.3555330836787118,0.07203611037557911,0.07206017294349724,0.027690609368149384,0.023938962087987334,0.023890525280959807,0.3442989373119142,0.34512681065416173,1.8211493209043628,0.11854175823411343,0.11911251543231362,0.07117498034909629,0.029788915091582043,-0.04992070925539909,0.4048427174708976,0.40790893971790215,1.8447961970673106,0.16389762588922105,0.16638970310178314,0.06405956995929105,0.010591720302418076,0.008102476800022643,0.3112506273096533,0.311356071292897,1.6537494669372088,0.09687695300065269,0.09694260313094757,0.07550451380480458,0.024160955564010853,-0.04348437098094691,-0.005849953003594709,-0.03636896059114166,0.013347241785569258,-0.047813904436655195,-0.0002219934760235194,0.007115410389805246,0.019197194789163968,-0.004329533455708287,0.00562795952757119,-0.011444943845513533,-0.013569235261592778,LEFT,1.910171565022227e-113,0.7763550402369342,0.22364495976306578,5,0.0021661247466886802,0.0029800486496949124,0.00012566141529285135,0.012662107715847295,0.7622750216915514,0.21979103578092488,Yaniv-LRJ(6)-4:7.csv_to_Ben-LRJ(1-6)-4:9.csv,LDA,False
lrj,Ben,Ben LRJ,Ben-LRJ(1-6)-4:9.csv,/Users/yanivnaggar/Desktop/Spring 2026/IS/OPENBCI_runs/Ben/Ben-LRJ(1-6)-4:9.csv,ben,RIGHT,5,5,True,0,left_right,2,2->2,11,5,Ben::Ben-LRJ(1-6)-4:9.csv::trial_11,34237,35788,136.948,143.152,6.204,8,sliding,35112,35361,140.448,141.444,1.0,1.0,0.5,,0.06209435205676507,0.2670392976076403,0.27416362819333157,1.351497351782057,0.07130998646678187,0.07516569502413135,0.012465728063066082,0.022910112412317107,0.012704777795650572,0.31891204580188715,0.31916501114060397,1.5688068655870653,0.10170489295754498,0.10186630433638184,0.007308144540513184,0.028374569732616227,-0.018175878110180642,0.38957151799006984,0.3899952950667014,1.5973263600947316,0.1517659676290873,0.15209633017416346,0.027001570548094038,0.01587303051492822,0.02550088184324395,0.28643370746809704,0.2875666248866556,1.6150469470771682,0.0820442687739194,0.08269456374870247,0.014164313979579589,0.025496542482505793,0.005157583522552899,-0.0054644573202991195,-0.014535842485027956,0.007037081897388886,-0.0016985859165135064,-0.0025864300701886854,-0.019693426007580853,0.012501539217688006,-0.006856169439066405,0.002878027250110434,0.012837256568514449,-0.009623511967577571,RIGHT,1.7399230526395164e-108,0.002199811168867098,0.9978001888311329,5,0.01309243964439977,0.005199952432877135,0.0004909855287088348,0.005535104650728841,0.94146473894623,0.03421677879705545,Yaniv-LRJ(6)-4:7.csv_to_Ben-LRJ(1-6)-4:9.csv,LDA,True
lrj,Ben,Ben LRJ,Ben-LRJ(1-6)-4:9.csv,/Users/yanivnaggar/Desktop/Spring 2026/IS/OPENBCI_runs/Ben/Ben-LRJ(1-6)-4:9.csv,ben,RIGHT,5,5,True,0,left_right,2,2->2,11,5,Ben::Ben-LRJ(1-6)-4:9.csv::trial_11,34237,35788,136.948,143.152,6.204,9,sliding,35237,35486,140.948,141.944,1.0,1.0,0.5,,-0.023673375285369766,0.2806817097653454,0.28167827550984387,1.4231836696157552,0.07878222219679759,0.07934265089419952,0.019816275313141656,0.014353935353465297,-0.026447315240295442,0.3233127779984394,0.32439268317964215,1.5397786609581021,0.10453115241706815,0.1052306129004877,0.051142268088992276,0.019210229615657073,0.036216065195337495,0.3957601844424318,0.3974137981602307,1.8798312897435097,0.1566261235899076,0.15793772696814057,0.0517647799535576,0.008343778038235612,-0.005515644523064193,0.39384326754807386,0.3938818880418957,2.15726682837015,0.15511251939294368,0.15514294172744847,0.0990581480826421,0.026249103553251166,-0.03132599277585062,-0.004856294262191776,-0.031948504640415945,0.006010157315229685,-0.07924187276950044,-0.01189516819978587,-0.0006225118645653213,0.01086645157742146,-0.047915879993649824,-0.007038873937594094,-0.0472933681290845,-0.017905325515015554,LEFT,7.235459682888983e-121,0.9858843648581036,0.01411563514189636,5,6.431238308391258e-05,0.001397208616462662,0.0001316507460441358,0.03888978419857141,0.8549684756525022,0.10454856840333561,Yaniv-LRJ(6)-4:7.csv_to_Ben-LRJ(1-6)-4:9.csv,LDA,False
lrj,Ben,Ben LRJ,Ben-LRJ(1-6)-4:9.csv,/Users/yanivnaggar/Desktop/Spring 2026/IS/OPENBCI_runs/Ben/Ben-LRJ(1-6)-4:9.csv,ben,RIGHT,5,5,True,0,left_right,2,2->2,11,5,Ben::Ben-LRJ(1-6)-4:9.csv::trial_11,34237,35788,136.948,143.152,6.204,10,sliding,35362,35611,141.448,142.444,1.0,1.0,0.5,,-0.008784140541212081,0.2677054523644955,0.2678495293083917,1.4872124380808915,0.07166620922567918,0.07174337035072696,0.0063386492887482215,0.019432264110423175,-0.00188956967851564,0.32671701827494215,0.3267224823975829,1.5127816134624372,0.10674401003046889,0.10674758050403886,0.022419571750932843,0.036222394290850474,-0.023513200814819304,0.36250763857710117,0.36326940228885807,1.7596878361849377,0.1314117880267462,0.1319646586393042,0.03017836637735353,0.012786669540417019,-0.023058692881172786,0.390941769287477,0.3916212076624696,2.15726682837015,0.15283546697362288,0.15336717029101116,0.06432544897091279,0.014230180670655575,-0.01608092246218462,-0.0167901301804273,-0.023839717088605307,0.006645594570006156,-0.057986799682164566,0.0052020834397676005,-0.007758794626420686,0.023435724750433456,-0.041905877219979945,0.0219922136201949,-0.03414708259355926,-0.0014435111302385558,LEFT,7.41601421039381e-107,0.9838101388862598,0.016189861113740236,5,6.662885805133754e-05,0.013189626963915691,0.002139397657440509,0.3103235378060397,0.48869187465516345,0.1855889340593893,Yaniv-LRJ(6)-4:7.csv_to_Ben-LRJ(1-6)-4:9.csv,LDA,False
lrj,Ben,Ben LRJ,Ben-LRJ(1-6)-4:9.csv,/Users/yanivnaggar/Desktop/Spring 2026/IS/OPENBCI_runs/Ben/Ben-LRJ(1-6)-4:9.csv,ben,RIGHT,5,5,True,0,left_right,2,2->2,11,5,Ben::Ben-LRJ(1-6)-4:9.csv::trial_11,34237,35788,136.948,143.152,6.204,11,sliding,35487,35736,141.948,142.944,1.0,1.0,0.5,,0.005466960111251499,0.28274478382351564,0.28279763158885296,1.80454485553757,0.07994461277940659,0.07997450043226462,0.0317204039921853,0.018872448400826018,-0.011762851578476514,0.30579891323434816,0.306025064353503,1.488802237280822,0.09351297533530839,0.09365134001256567,0.04272072525555598,0.03137407225352744,0.003671486464707921,0.3533251206241479,0.3533441957595019,1.6519481320024139,0.12483864086406866,0.12485212067692919,0.08326590714302695,0.010963773273190253,-0.0017328149074366931,0.32031336235883634,0.32031804937144365,1.5238044778942184,0.1026006501056232,0.10260365275312662,0.07320110670522234,0.03610720177600798,-0.01100032126337068,-0.01250162385270142,-0.05154550315084165,0.007908675127635765,-0.04148070271303704,-0.01723475337518196,-0.04054518188747097,0.020410298980337187,-0.03048038144966636,-0.004733129522480541,0.01006480043780461,-0.025143428502817727,LEFT,1.0520429331002959e-100,0.7291699134940808,0.27083008650591917,6,9.424262524351852e-05,4.753471803311976e-05,7.281845186252062e-05,0.002970783113408771,0.43013128081289975,0.5666833402785523,Yaniv-LRJ(6)-4:7.csv_to_Ben-LRJ(1-6)-4:9.csv,LDA,False
lrj,Ben,Ben LRJ,Ben-LRJ(1-6)-4:9.csv,/Users/yanivnaggar/Desktop/Spring 2026/IS/OPENBCI_runs/Ben/Ben-LRJ(1-6)-4:9.csv,ben,RIGHT,6,3,False,-3,left_right,2,2->2,12,6,Ben::Ben-LRJ(1-6)-4:9.csv::trial_12,37072,38536,148.288,154.144,5.856,1,sliding,37072,37321,148.288,149.284,1.0,1.0,0.5,observed_count 3 vs expected_count 6,0.029507729301133642,0.3473876890973658,0.34863865624012075,1.7052199923537281,0.12067820653640808,0.12154891262491709,0.01496602270609457,0.014900669013274253,0.03442001409983786,0.3478146602561971,0.3495136267154213,1.701649594560881,0.12097503788913383,0.12215977525976686,0.010759950703933298,0.022403737530812283,0.004524544048426947,0.5522229353339305,0.552241470561265,2.3685564394991125,0.30495017030882243,0.30497064180766853,0.0038801757005873048,0.01171855807908882,-0.01388254096278678,0.5081400001385838,0.5083296024081456,2.677508456201579,0.25820625974084,0.2583989846844234,0.007740584425723089,0.007490303317363972,0.004206072002161273,-0.00750306851753803,0.011085847005507266,0.003182110934185434,0.007225438280371482,0.007410365695910281,0.006879775003345993,0.010685179451723464,0.003019366278210209,0.01491343421344831,-0.003860408725135784,0.004228254761724847,LEFT,3.104077620193566e-109,0.996494969835905,0.003505030164095073,4,8.971004060070911e-10,0.0023689161645107895,9.440039894777114e-06,0.9940622017699821,0.0035047996230200794,5.4641505492104095e-05,Yaniv-LRJ(6)-4:7.csv_to_Ben-LRJ(1-6)-4:9.csv,LDA,False
lrj,Ben,Ben LRJ,Ben-LRJ(1-6)-4:9.csv,/Users/yanivnaggar/Desktop/Spring 2026/IS/OPENBCI_runs/Ben/Ben-LRJ(1-6)-4:9.csv,ben,RIGHT,6,3,False,-3,left_right,2,2->2,12,6,Ben::Ben-LRJ(1-6)-4:9.csv::trial_12,37072,38536,148.288,154.144,5.856,2,sliding,37197,37446,148.788,149.784,1.0,1.0,0.5,observed_count 3 vs expected_count 6,-0.027635526725844906,0.25262975048573977,0.25413680010557704,1.1802765232298857,0.06382179083048714,0.06458551316790204,0.007885780739864361,0.02050659476468528,-0.018315963166943013,0.26134000821506104,0.261981057331596,1.2879783997034706,0.06829859989384818,0.06863407440058099,0.009584079942911005,0.013889367699482175,0.03554916624464896,0.32214375666876605,0.32409927982233294,1.4527805603613215,0.10377659996066516,0.10504034318135486,0.0020156867913508508,0.005228339053426076,-0.01409734448753145,0.1986287269147802,0.19912836633033093,1.0150792934667179,0.03945337115578633,0.03965210627738647,0.007106698124636523,0.008461135426695524,-0.001698299203046644,0.006617227065203105,0.005870093948513511,0.015278255711259204,0.0007790826152278378,0.012045459337989756,0.007568393151560155,0.008661028646056099,0.002477381818274482,0.005428232272786651,-0.005091011333285673,-0.003232796373269448,RIGHT,1.7075752851400752e-131,0.014694807909450736,0.9853051920905492,6,0.04646616566760589,0.0060548676240882665,0.10119666413298692,0.0011486632046923122,0.30257912594106967,0.542554513429557,Yaniv-LRJ(6)-4:7.csv_to_Ben-LRJ(1-6)-4:9.csv,LDA,True
lrj,Ben,Ben LRJ,Ben-LRJ(1-6)-4:9.csv,/Users/yanivnaggar/Desktop/Spring 2026/IS/OPENBCI_runs/Ben/Ben-LRJ(1-6)-4:9.csv,ben,RIGHT,6,3,False,-3,left_right,2,2->2,12,6,Ben::Ben-LRJ(1-6)-4:9.csv::trial_12,37072,38536,148.288,154.144,5.856,3,sliding,37322,37571,149.288,150.284,1.0,1.0,0.5,observed_count 3 vs expected_count 6,0.02087328581390184,0.24687788167219205,0.24775871835238755,1.1869031297522574,0.06094868845894886,0.0613843825196177,0.014468322067341902,0.012069223434262675,0.00662543205815362,0.24490143973520415,0.2449910437839168,1.339783123026177,0.059976715184375834,0.060020611534333045,0.0117252989366768,0.01422416127626051,-0.07862549057063506,0.34526759675084967,0.35410687812238323,1.8936499378124863,0.11920971336610733,0.12539168113358037,0.006954758438692873,0.007851378340800137,0.020064519536140715,0.2003807050339819,0.20138274974319878,1.0416460363160296,0.04015242694991565,0.040555011894131826,0.007422987524736287,0.012088922632019298,0.002743023130665101,-0.002154937841997835,0.007513563628649029,0.004217845093462538,0.007045334542605614,-1.9699197756623335e-05,0.004770540497983928,0.006372782935460373,0.0043023114119405135,0.002135238644241212,-0.0004682290860434143,-0.004237544291219161,RIGHT,2.836191183350911e-127,3.302601808108313e-05,0.999966973981919,1,0.9710308029623302,0.0017181292534032804,1.8441977429940803e-05,1.2301417157286972e-07,6.76642264777829e-05,0.027164838566186993,Yaniv-LRJ(6)-4:7.csv_to_Ben-LRJ(1-6)-4:9.csv,LDA,False
lrj,Ben,Ben LRJ,Ben-LRJ(1-6)-4:9.csv,/Users/yanivnaggar/Desktop/Spring 2026/IS/OPENBCI_runs/Ben/Ben-LRJ(1-6)-4:9.csv,ben,RIGHT,6,3,False,-3,left_right,2,2->2,12,6,Ben::Ben-LRJ(1-6)-4:9.csv::trial_12,37072,38536,148.288,154.144,5.856,4,sliding,37447,37696,149.788,150.784,1.0,1.0,0.5,observed_count 3 vs expected_count 6,0.028136789676611675,0.30906910952969335,0.31034721425974404,1.7483932972685325,0.09552371446547758,0.09631539339878346,0.008120459553006113,0.040431223415814094,-0.010643622489367548,0.27977153251085446,0.27997392218413536,1.6357978638365234,0.07827211040347211,0.07838539710316828,0.01267464554411787,0.04295134591711233,0.09731085038640618,0.4263063827066758,0.4372716930460698,1.8936499378124863,0.18173713193645075,0.19120653353937628,0.004196905424084103,0.012691656440380193,0.004550117478673879,0.27210838112340924,0.27214642133725053,1.4627423386352423,0.07404297107760255,0.0740636746466723,0.007612723803351059,0.024063177782417417,-0.004554185991111757,-0.0025201225012982387,0.00392355412892201,0.0277395669754339,0.0005077357496550538,0.016368045633396677,0.008477740120033769,0.03025968947673214,0.005061921740766811,0.018888168134694915,-0.0034158183792669565,-0.011371521342037224,RIGHT,2.0964646891668847e-141,0.030979008080540597,0.9690209919194595,1,0.512202261460056,0.2543834851171618,3.359788207895653e-07,4.166338143009169e-08,0.14778249124034906,0.08563138454023088,Yaniv-LRJ(6)-4:7.csv_to_Ben-LRJ(1-6)-4:9.csv,LDA,False
lrj,Ben,Ben LRJ,Ben-LRJ(1-6)-4:9.csv,/Users/yanivnaggar/Desktop/Spring 2026/IS/OPENBCI_runs/Ben/Ben-LRJ(1-6)-4:9.csv,ben,RIGHT,6,3,False,-3,left_right,2,2->2,12,6,Ben::Ben-LRJ(1-6)-4:9.csv::trial_12,37072,38536,148.288,154.144,5.856,5,sliding,37572,37821,150.288,151.284,1.0,1.0,0.5,observed_count 3 vs expected_count 6,-0.04897071223657935,0.3073688892148455,0.3112455055324106,1.7483932972685325,0.09447563405716797,0.09687376471412583,0.007429963136509004,0.02605211442112829,-0.02665186995604563,0.2698797669353157,0.27119257138279856,1.4839587961640914,0.0728350886010603,0.07354541077321429,0.007096448295750661,0.02149978519645818,-0.030262971815950522,0.41573553708125804,0.41683556020974877,1.8517009341848345,0.1728360367922421,0.1737518842553751,0.009603833559108077,0.01127702311477111,-0.022407606879681772,0.2736086267338976,0.2745246463785786,1.3275624277179736,0.07486168062320928,0.07536378146928363,0.002710690692159399,0.012994635895716271,0.0003335148407583432,0.00455232922467011,-0.0021738704225990725,0.01477509130635718,0.004719272444349605,0.013057478525412019,-0.0025073852633574157,0.01022276208168707,0.004385757603591262,0.008505149300741909,0.0068931428669486774,-0.0017176127809451613,RIGHT,4.876290495041713e-124,0.0016044876695442093,0.9983955123304558,5,0.023647517852908945,0.02904794312113032,0.05674330844969533,0.021834529916242493,0.7518198381601413,0.11690686249988162,Yaniv-LRJ(6)-4:7.csv_to_Ben-LRJ(1-6)-4:9.csv,LDA,False
lrj,Ben,Ben LRJ,Ben-LRJ(1-6)-4:9.csv,/Users/yanivnaggar/Desktop/Spring 2026/IS/OPENBCI_runs/Ben/Ben-LRJ(1-6)-4:9.csv,ben,RIGHT,6,3,False,-3,left_right,2,2->2,12,6,Ben::Ben-LRJ(1-6)-4:9.csv::trial_12,37072,38536,148.288,154.144,5.856,6,sliding,37697,37946,150.788,151.784,1.0,1.0,0.5,observed_count 3 vs expected_count 6,-0.017142306755688317,0.3165759414266985,0.31703972207139375,1.6508267755687729,0.10022032669020044,0.10051418537110658,0.009117544561252657,0.015413794239229756,-0.0031727693257576632,0.25762077755029383,0.2576403141800841,1.1918925359842725,0.06636846502561797,0.06637853149081244,0.01038364257039388,0.013919440955454328,-0.06476105841290548,0.4128591810518706,0.417907523341685,1.6695604876557577,0.17045270337882124,0.174646698065581,0.006453894451239179,0.00666216612539344,0.003047961651997296,0.21425353384491572,0.21427521283449116,1.034705968889555,0.04590457676503444,0.04591386683526649,0.006053590221251952,0.011456412654591247,-0.0012660980091412227,0.0014943532837754271,0.0026636501100134784,0.008751628113836316,0.0030639543400007054,0.003957381584638509,0.003929748119154701,0.007257274830060888,0.004330052349141928,0.0024630283008630818,0.00040030422998722694,-0.0047942465291978065,RIGHT,1.8352633437672504e-117,8.320863476500706e-05,0.999916791365235,1,0.45556138372510485,0.010754351170581957,0.001616740111487173,0.00021340267976559122,0.35899558439493806,0.1728585379181223,Yaniv-LRJ(6)-4:7.csv_to_Ben-LRJ(1-6)-4:9.csv,LDA,False
lrj,Ben,Ben LRJ,Ben-LRJ(1-6)-4:9.csv,/Users/yanivnaggar/Desktop/Spring 2026/IS/OPENBCI_runs/Ben/Ben-LRJ(1-6)-4:9.csv,ben,RIGHT,6,3,False,-3,left_right,2,2->2,12,6,Ben::Ben-LRJ(1-6)-4:9.csv::trial_12,37072,38536,148.288,154.144,5.856,7,sliding,37822,38071,151.288,152.284,1.0,1.0,0.5,observed_count 3 vs expected_count 6,0.02150397494789844,0.2890694142077882,0.2898681548031685,1.6508267755687729,0.08356112623043384,0.08402354716899367,0.0048021993761636055,0.031275102875921085,0.0004835720088184061,0.23629662411372515,0.23629711891902286,1.210530913889429,0.05583609456754311,0.05583632840943083,0.002345361377868869,0.027018818521585553,0.07606770551267572,0.36753468741757606,0.3753239164736221,1.5867432603661564,0.13508174645513532,0.14086804227709848,0.00403377409228731,0.012217499598243151,0.0027847957639201867,0.19859300455352083,0.1986125286708809,1.034705968889555,0.039439181457594744,0.03944693654504148,0.00763488480357477,0.013947426270016123,0.0024568379982947367,0.004256284354335532,0.0007684252838762954,0.019057603277677936,-0.0028326854274111643,0.017327676605904962,-0.0016884127144184413,0.014801318923342402,-0.005289523425705901,0.01307139225156943,-0.0036011107112874597,-0.001729926671772972,RIGHT,1.4853787302200237e-137,0.00010806706332797995,0.9998919329366721,1,0.5869558585358982,0.03303473948733263,0.00043400128034977046,1.0049649933494448e-06,0.03197171147355489,0.3476026842578711,Yaniv-LRJ(6)-4:7.csv_to_Ben-LRJ(1-6)-4:9.csv,LDA,False
lrj,Ben,Ben LRJ,Ben-LRJ(1-6)-4:9.csv,/Users/yanivnaggar/Desktop/Spring 2026/IS/OPENBCI_runs/Ben/Ben-LRJ(1-6)-4:9.csv,ben,RIGHT,6,3,False,-3,left_right,2,2->2,12,6,Ben::Ben-LRJ(1-6)-4:9.csv::trial_12,37072,38536,148.288,154.144,5.856,8,sliding,37947,38196,151.788,152.784,1.0,1.0,0.5,observed_count 3 vs expected_count 6,-0.016418599683742697,0.22949313466374865,0.23007970200208552,1.2609974368122359,0.05266709885779348,0.05293666927336847,0.005151919597337817,0.019176317129222343,-0.027144031560906955,0.25486704498291624,0.25630842566662404,1.385614113901532,0.06495721061832384,0.06569400906770335,0.005023575290432489,0.015928800614435027,-0.022329714283265377,0.29008061790944845,0.29093879257792293,1.4470945499641328,0.08414676488672741,0.08464538102669968,0.001088966412786477,0.009281487568527669,-0.030759913209053087,0.2085421263024402,0.21079845991698185,1.1319411581171255,0.04348981844274292,0.0444359907033714,0.004173751043154168,0.01724777955650153,0.0001283443069053274,0.003247516514787316,0.00406295318455134,0.009894829560694674,0.0009781685541836492,0.0019285375727208127,0.003934608877646012,0.006647313045907358,0.0008498242472783218,-0.001318978942066503,-0.0030847846303676905,-0.007966291987973861,RIGHT,1.1200173782258619e-110,0.02073231412970766,0.9792676858702923,6,0.04032703150869327,0.000249236791449294,0.0017204976561943112,0.0029434728607409632,0.1406460256014826,0.8141137355814396,Yaniv-LRJ(6)-4:7.csv_to_Ben-LRJ(1-6)-4:9.csv,LDA,True
lrj,Ben,Ben LRJ,Ben-LRJ(1-6)-4:9.csv,/Users/yanivnaggar/Desktop/Spring 2026/IS/OPENBCI_runs/Ben/Ben-LRJ(1-6)-4:9.csv,ben,RIGHT,6,3,False,-3,left_right,2,2->2,12,6,Ben::Ben-LRJ(1-6)-4:9.csv::trial_12,37072,38536,148.288,154.144,5.856,9,sliding,38072,38321,152.288,153.284,1.0,1.0,0.5,observed_count 3 vs expected_count 6,-0.00045759271335253437,0.2563078667730489,0.25630827524846383,1.2287235661604825,0.06569372256975098,0.06569393196084229,0.007911656593053184,0.013436744095358591,0.011079291982215857,0.27242763124797814,0.27265282866350676,1.354138931380553,0.07421681426738437,0.07433956497821156,0.009851169573061298,0.015808559761257567,-0.06476276320286532,0.3578571892531974,0.36367015741997466,1.5260008829156981,0.12806176790019874,0.13225598339786915,0.01784853543998908,0.00973474524111541,-0.013072012969441413,0.22014049205633082,0.22052826069662068,1.2251177616547473,0.04846183624280345,0.048632713765876696,0.0021397059880450507,0.0139256170306284,-0.0019395129800081137,-0.002371815665898976,-0.009936878846935894,0.003701998854243181,0.0057719506050081335,-0.0004888729352698091,-0.00799736586692778,0.006073814520142157,0.007711463585016247,0.0018829427306291668,0.015708829451944028,-0.00419087178951299,RIGHT,1.0342822332458953e-119,0.003954493701926231,0.9960455062980738,6,0.07507739026962983,0.0038581712088540314,0.0005233485868702664,0.00014385487477118928,0.05314462346496875,0.8672526115949061,Yaniv-LRJ(6)-4:7.csv_to_Ben-LRJ(1-6)-4:9.csv,LDA,True
lrj,Ben,Ben LRJ,Ben-LRJ(1-6)-4:9.csv,/Users/yanivnaggar/Desktop/Spring 2026/IS/OPENBCI_runs/Ben/Ben-LRJ(1-6)-4:9.csv,ben,RIGHT,6,3,False,-3,left_right,2,2->2,12,6,Ben::Ben-LRJ(1-6)-4:9.csv::trial_12,37072,38536,148.288,154.144,5.856,10,sliding,38197,38446,152.788,153.784,1.0,1.0,0.5,observed_count 3 vs expected_count 6,-0.014098112126080337,0.26098758787690673,0.261368088701214,1.4861475907446366,0.06811452102580612,0.06831327779132565,0.021380570156613574,0.022924151666493538,-0.024876458982839734,0.2918025747018442,0.29286102645137035,1.635917543795546,0.08514874260262534,0.08576758081415024,0.016817711243361226,0.013855950887839849,0.03075289048705882,0.37845667389674764,0.3797040877977194,1.789304586885276,0.1432294540169892,0.1441751942902982,0.01343725057364248,0.007937354856389788,-0.009309970982113032,0.26777712675173465,0.2679389205977779,1.3713722552261451,0.07170458961141456,0.07179126517110233,0.01854621604944419,0.01610712535151788,0.004562858913252348,0.009068200778653689,0.007943319582971094,0.01498679681010375,0.002834354107169385,0.006817026314975657,0.003380460669718746,0.005918596031450061,-0.001728504806082963,-0.0022511744636780316,-0.005108965475801709,-0.008169770495128093,LEFT,2.9009100287084164e-128,0.5007304480340347,0.4992695519659653,5,0.001780839349306166,0.002686678076834862,0.01120512569037229,0.004934147557525264,0.5968049955708588,0.3825882137551027,Yaniv-LRJ(6)-4:7.csv_to_Ben-LRJ(1-6)-4:9.csv,LDA,False
lrj,Ben,Ben LRJ,Ben-LRJ(1-6)-4:9.csv,/Users/yanivnaggar/Desktop/Spring 2026/IS/OPENBCI_runs/Ben/Ben-LRJ(1-6)-4:9.csv,ben,JAW,1,1,True,0,jaw,3,3->3,13,1,Ben::Ben-LRJ(1-6)-4:9.csv::trial_13,40305,41673,161.22,166.692,5.472,1,sliding,40305,40554,161.22,162.216,1.0,1.0,0.5,,0.006331483747056034,1.4933991367972395,1.4934125583619484,20.515321372824836,2.23024098178674,2.23028106947318,0.0004139706666271824,0.22967161292407845,0.004539358024612644,0.9767019642385557,0.9767125128300183,13.787226756223053,0.9539467269474529,0.9539673327187286,0.0002922128103120746,0.09144319109667648,0.0007853756498120703,0.37016031146772704,0.37016114463946104,4.963046881781302,0.13701865618588469,0.137019273000796,4.67069755464355e-05,0.01566497919354664,0.002928620625795552,0.49548458451908217,0.4954932394239273,6.648390066337237,0.2455049734960475,0.24551355031481734,8.059447966084199e-05,0.03050337501874192,0.0001217578563151078,0.13822842182740197,0.0003672636910807469,0.2140066337305318,0.0003333761869663404,0.19916823790533653,0.0002455058347656391,0.07577821190312983,0.00021161833065123258,0.060939816077934555,-3.388750411440649e-05,-0.014838395825195281,JAW,1.0,2.4067600654799873e-172,2.455448823587655e-173,5,0.00024156772458390412,2.776835142142425e-12,3.047439814161022e-08,4.81546292172441e-12,0.6112493030184327,0.3885090987749929,Yaniv-LRJ(6)-4:7.csv_to_Ben-LRJ(1-6)-4:9.csv,LDA,False
lrj,Ben,Ben LRJ,Ben-LRJ(1-6)-4:9.csv,/Users/yanivnaggar/Desktop/Spring 2026/IS/OPENBCI_runs/Ben/Ben-LRJ(1-6)-4:9.csv,ben,JAW,1,1,True,0,jaw,3,3->3,13,1,Ben::Ben-LRJ(1-6)-4:9.csv::trial_13,40305,41673,161.22,166.692,5.472,2,sliding,40430,40679,161.72,162.716,1.0,1.0,0.5,,0.002491517812483258,1.6070874007923759,1.6070893321301725,20.515321372824836,2.582729913785595,2.582736121446604,0.0011382484428645236,0.801272128806318,0.002121394592904405,1.08191602103285,1.0819181008202854,13.787226756223053,1.1705422765675544,1.1705467768825732,0.0014717901354349809,0.41086876165697434,0.0016160738063719245,0.4377993101770411,0.43780229292003564,4.963046881781302,0.19166823599149305,0.1916708476860407,0.0006380049212686479,0.09389221473378835,0.001195227187010545,0.5456206868702002,0.5456219959905737,6.648390066337237,0.297701933940709,0.2977033625087376,0.0002493598370278354,0.0958914402003809,-0.0003335416925704573,0.3904033671493437,0.0005002435215958757,0.7073799140725296,0.0008888886058366882,0.7053806886059372,0.000833785214166333,0.316976546923186,0.0012224302984071454,0.3149773214565934,0.00038864508424081253,-0.0019992254665925496,JAW,1.0,5.238341763367828e-185,7.830683294568734e-187,5,0.3532339074961703,2.550249751188249e-12,3.693933276922335e-05,1.0463702676376941e-14,0.45977085181661304,0.1869583013518867,Yaniv-LRJ(6)-4:7.csv_to_Ben-LRJ(1-6)-4:9.csv,LDA,False
lrj,Ben,Ben LRJ,Ben-LRJ(1-6)-4:9.csv,/Users/yanivnaggar/Desktop/Spring 2026/IS/OPENBCI_runs/Ben/Ben-LRJ(1-6)-4:9.csv,ben,JAW,1,1,True,0,jaw,3,3->3,13,1,Ben::Ben-LRJ(1-6)-4:9.csv::trial_13,40305,41673,161.22,166.692,5.472,3,sliding,40555,40804,162.22,163.216,1.0,1.0,0.5,,-0.006440063428941688,0.6533217340083076,0.6533534744260495,6.1840844100890155,0.42682928812762183,0.4268707625445906,0.001557761718861282,0.03657199827087511,-0.003838603290323593,0.5222364459472202,0.5222505532316882,5.130360060937233,0.2727309054755839,0.2727456403508044,0.004206043969045128,0.0709021652191855,0.0006036848463216813,0.4301463099091794,0.43014673352691807,5.0232763009925,0.1850258479284838,0.18502621236387745,0.010316590198380054,0.05946082243704776,-0.00145263615811593,0.2861315023170979,0.2861351896744741,2.3008707375482844,0.0818712366182394,0.08187334677004728,0.0012197047995595525,0.01708941066315488,-0.0026482822501838455,-0.0343301669483104,-0.008758828479518772,-0.022888824166172654,0.00033805691930172957,0.019482587607720227,-0.006110546229334927,0.011441342782137744,0.002986339169485575,0.05381275455603063,0.009096885398820502,0.04237141177389288,RIGHT,9.265532770046722e-27,0.0001837162516614388,0.9998162837483384,3,7.049398437095534e-06,0.2832936314308389,0.711321751728017,0.005260603415114554,9.818918603539486e-07,0.00011598213573208737,Yaniv-LRJ(6)-4:7.csv_to_Ben-LRJ(1-6)-4:9.csv,LDA,False
lrj,Ben,Ben LRJ,Ben-LRJ(1-6)-4:9.csv,/Users/yanivnaggar/Desktop/Spring 2026/IS/OPENBCI_runs/Ben/Ben-LRJ(1-6)-4:9.csv,ben,JAW,1,1,True,0,jaw,3,3->3,13,1,Ben::Ben-LRJ(1-6)-4:9.csv::trial_13,40305,41673,161.22,166.692,5.472,4,sliding,40680,40929,162.72,163.716,1.0,1.0,0.5,,0.0011349873338024113,0.2671806129622315,0.26718302367313995,2.3171749660379204,0.07138547994287375,0.07138676813912166,0.000584559975570068,0.02287564854739415,0.001238408057048908,0.25006748738047496,0.25007055384291,2.26197230546946,0.062533748244784,0.06253528189929976,0.0005757384011036382,0.022360510277237955,-0.002679513941368425,0.3673411114142698,0.36735088393800414,5.0232763009925,0.13493949213507095,0.13494667193003299,0.0027782037013480603,0.09298428173439281,0.0008020636151194065,0.1971971943207161,0.19719882543769113,1.8244944018927574,0.03888673344796227,0.03888737675400498,0.0004150423463847917,0.011928603860901998,8.821574466429832e-06,0.0005151382701561943,-0.0021936437257779923,-0.07010863318699867,0.0001695176291852763,0.01094704468649215,-0.002202465300244422,-0.07062377145715486,0.00016069605471884647,0.010431906416335957,0.0023631613549632688,0.08105567787349081,RIGHT,4.9429530816166407e-138,0.00039712948351398056,0.999602870516486,2,4.230956363867501e-08,0.9773960415688782,0.021875286528269887,0.0007286135533382167,6.58866813458264e-11,1.59740635064018e-08,Yaniv-LRJ(6)-4:7.csv_to_Ben-LRJ(1-6)-4:9.csv,LDA,False
lrj,Ben,Ben LRJ,Ben-LRJ(1-6)-4:9.csv,/Users/yanivnaggar/Desktop/Spring 2026/IS/OPENBCI_runs/Ben/Ben-LRJ(1-6)-4:9.csv,ben,JAW,1,1,True,0,jaw,3,3->3,13,1,Ben::Ben-LRJ(1-6)-4:9.csv::trial_13,40305,41673,161.22,166.692,5.472,5,sliding,40805,41054,163.22,164.216,1.0,1.0,0.5,,0.0007125240203575238,0.30956375303780503,0.3095645730462882,1.764284805798831,0.09582971719485113,0.0958302248853307,0.0005936496690379549,0.047942658911017066,-0.008268221308411497,2.061337751792852,2.061354334036246,21.1034647109714,4.24911332696641,4.249181690450015,0.03349235143580513,0.8074765311794619,0.006188068368126902,1.1201595203563852,1.120176612519283,9.820791175382805,1.254757351045047,1.2547956432351757,0.09182508102544298,0.7188338328419588,-6.24426350823739e-05,0.7113696248208977,0.7113696275614438,5.466050252533098,0.5060467431178248,0.5060467470169073,0.006269773741724048,0.0947361133426438,-0.03289870176676718,-0.7595338722684448,-0.09123143135640503,-0.6708911739309418,-0.005676124072686093,-0.04679345443162673,-0.05833272958963785,0.08864269833750316,0.027222577694081082,0.7127404178368182,0.08555530728371893,0.624097719499315,RIGHT,1.0590358609931781e-214,3.1364051008138663e-15,0.9999999999999969,4,2.6464589362727663e-18,0.48625458470830146,1.013168084696169e-43,0.5137454152916985,2.0970670059825813e-30,2.1176134091311215e-31,Yaniv-LRJ(6)-4:7.csv_to_Ben-LRJ(1-6)-4:9.csv,LDA,False
lrj,Ben,Ben LRJ,Ben-LRJ(1-6)-4:9.csv,/Users/yanivnaggar/Desktop/Spring 2026/IS/OPENBCI_runs/Ben/Ben-LRJ(1-6)-4:9.csv,ben,JAW,1,1,True,0,jaw,3,3->3,13,1,Ben::Ben-LRJ(1-6)-4:9.csv::trial_13,40305,41673,161.22,166.692,5.472,6,sliding,40930,41179,163.72,164.716,1.0,1.0,0.5,,-0.0001724881038580941,1.3448820488400919,1.3448820599013391,14.850373578098994,1.8087077252923234,1.8087077550444692,0.004454848324604045,0.14750828188499776,-0.00389636659481814,4.358369472129924,4.35837121379842,41.63903194002286,18.99538445559407,18.99539963726671,0.22113705003958856,7.975882237921482,-0.00345069844890304,24.08259279001261,24.082593037231003,311.21403400968745,579.9712754895673,579.9712873968872,0.30829746918541795,25.441951786996633,-0.0020134326512725948,4.348080903043641,4.3480813692160645,40.66491343344603,18.905807539412805,18.905811593323847,0.015220938288155194,4.8960399196848,-0.2166822017149845,-7.828373956036485,-0.30384262086081393,-25.294443505111634,-0.010766089963551148,-4.748531637799802,-0.0871604191458294,-17.46606954907515,0.20591611175143337,3.0798423182366816,0.29307653089726277,20.545911867311833,JAW,1.0,0.0,0.0,4,0.0,0.0,0.0,1.0,0.0,0.0,Yaniv-LRJ(6)-4:7.csv_to_Ben-LRJ(1-6)-4:9.csv,LDA,False
lrj,Ben,Ben LRJ,Ben-LRJ(1-6)-4:9.csv,/Users/yanivnaggar/Desktop/Spring 2026/IS/OPENBCI_runs/Ben/Ben-LRJ(1-6)-4:9.csv,ben,JAW,1,1,True,0,jaw,3,3->3,13,1,Ben::Ben-LRJ(1-6)-4:9.csv::trial_13,40305,41673,161.22,166.692,5.472,7,sliding,41055,41304,164.22,165.216,1.0,1.0,0.5,,-0.0016655674616948943,1.323855474292177,1.3238565220326313,14.850373578098994,1.7525933168133654,1.752596090928335,0.016372961569014924,1.145556383314255,0.007370214505187029,3.84999722847299,3.8500042830250925,41.63903194002286,14.822478659249706,14.822532979311557,0.6342445748426593,9.110068343760478,-0.006556499026683138,24.058483626436214,24.0584845198358,311.21403400968745,578.8106344034994,578.8106773911788,1.84475780341509,492.025579254528,-0.0022021615458943083,4.29581443995494,4.295815004401476,40.66491343344603,18.454021702525377,18.45402655204085,0.03221854614049921,20.05224391663656,-0.6178716132736444,-7.964511960446223,-1.828384841846075,-490.8800228712137,-0.015845584571484286,-18.906687533322305,-1.2105132285724307,-482.9155109107675,0.60202602870216,-10.942175572876081,1.8125392572745909,471.97333533789146,LEFT,0.0,1.0,0.0,4,0.0,0.0,0.0,1.0,0.0,0.0,Yaniv-LRJ(6)-4:7.csv_to_Ben-LRJ(1-6)-4:9.csv,LDA,False
lrj,Ben,Ben LRJ,Ben-LRJ(1-6)-4:9.csv,/Users/yanivnaggar/Desktop/Spring 2026/IS/OPENBCI_runs/Ben/Ben-LRJ(1-6)-4:9.csv,ben,JAW,1,1,True,0,jaw,3,3->3,13,1,Ben::Ben-LRJ(1-6)-4:9.csv::trial_13,40305,41673,161.22,166.692,5.472,8,sliding,41180,41429,164.72,165.716,1.0,1.0,0.5,,-0.002683335912149287,0.20288765480863047,0.202905398561407,1.0219540404053347,0.041163400473746,0.04117060076536342,0.000297358045621284,0.0065405077186861124,0.0008392868239108864,0.2686368021417019,0.26863811320676867,2.1191808520827924,0.07216573146491988,0.07216643586729267,7.87223968392242e-05,0.00809642514510177,0.0045743592858283584,0.30578254540597477,0.3058167585954583,3.1759813294709662,0.093502965074957,0.09352388983783283,0.0004916803589290017,0.009420976592087106,-0.0011141574522899615,0.26557035281685804,0.2655726899402477,1.630758537758907,0.07052761229527046,0.07052885364209895,0.0007640213614399836,0.01875796383666031,0.0002186356487820598,-0.0015559174264156575,-0.00019432231330771774,-0.0028804688734009936,-0.00046666331581869956,-0.012217456117974198,-0.00041295796208977757,-0.001324551446985336,-0.0006852989646007594,-0.01066153869155854,-0.0002723410025109818,-0.009336987244573203,RIGHT,4.4808753232722884e-113,0.18795399701030652,0.8120460029896934,6,7.555047232445126e-05,0.0133647156916572,0.20209222446493652,0.008545981210461212,0.0020319202471682676,0.7738896079134524,Yaniv-LRJ(6)-4:7.csv_to_Ben-LRJ(1-6)-4:9.csv,LDA,False
lrj,Ben,Ben LRJ,Ben-LRJ(1-6)-4:9.csv,/Users/yanivnaggar/Desktop/Spring 2026/IS/OPENBCI_runs/Ben/Ben-LRJ(1-6)-4:9.csv,ben,JAW,1,1,True,0,jaw,3,3->3,13,1,Ben::Ben-LRJ(1-6)-4:9.csv::trial_13,40305,41673,161.22,166.692,5.472,9,sliding,41305,41554,165.22,166.216,1.0,1.0,0.5,,0.0007767874569545922,0.19306165710598833,0.19306321980963514,1.2029128640255742,0.037272803444510214,0.037273406843263496,0.00017922572158031723,0.0063998441528267756,0.00041925300139943555,0.1672580721118981,0.16725859756576966,0.9247152699991678,0.02797526268658891,0.02797543845966809,9.602950034568784e-05,0.008043443274978624,0.00012898073750979044,0.12828021877247203,0.12828028361499647,0.8238405585525294,0.016455814528313285,0.01645583116434393,0.0002819085261995132,0.003391356931061192,0.0013643557086894362,0.2502352303407431,0.25023894974640654,1.3652603332595745,0.06261767050368473,0.06261953197018456,0.0011581371537377782,0.016391241702722263,8.319622123462939e-05,-0.0016435991221518485,-0.00010268280461919597,0.0030084872217655836,-0.000978911432157461,-0.009991397549895488,-0.00018587902585382536,0.0046520863439174324,-0.0010621076533920903,-0.00834779842774364,-0.000876228627538265,-0.012999884771661072,RIGHT,1.2782810702972107e-93,0.16845830439909074,0.8315416956009092,6,3.307264087290075e-07,6.957734849963556e-06,8.573239578379837e-08,0.0012198734895841955,0.0176732348764997,0.9810995174402617,Yaniv-LRJ(6)-4:7.csv_to_Ben-LRJ(1-6)-4:9.csv,LDA,False
lrj,Ben,Ben LRJ,Ben-LRJ(1-6)-4:9.csv,/Users/yanivnaggar/Desktop/Spring 2026/IS/OPENBCI_runs/Ben/Ben-LRJ(1-6)-4:9.csv,ben,JAW,2,2,True,0,jaw,3,3->3,14,2,Ben::Ben-LRJ(1-6)-4:9.csv::trial_14,42937,43703,171.748,174.812,3.064,1,sliding,42937,43186,171.748,172.744,1.0,1.0,0.5,,4.811621630981122e-05,0.8792790791426549,0.8792790804591709,7.158855910055405,0.7731316990179552,0.7731317013331253,0.0005756307467589736,0.7388352552185026,0.0005847229427924372,0.5916322986443184,0.5916325875913867,5.6150659496943405,0.35002877679916006,0.3500291187000799,9.23436095593827e-05,0.31806497526746424,-0.0004788079693341816,0.28180637069962644,0.2818067774627977,2.3253695303445654,0.07941483056689529,0.0794150598239668,0.00012954803150338936,0.08034646250977452,0.0009080896230473079,0.3768447474926503,0.37684584161107954,3.127070553827422,0.14201196371279937,0.14201278833956285,0.0003346028386319999,0.08493119226166858,0.0004832871371995909,0.42077027995103833,0.00044608271525558424,0.6584887927087281,0.00024102790812697368,0.653904062956834,-3.720442194400666e-05,0.23771851275768974,-0.00024225922907261722,0.23313378300579568,-0.00020505480712861056,-0.004584729751894057,JAW,1.0,2.3786109309238227e-78,7.343885681336742e-79,6,9.320364378311348e-06,2.04043394351073e-07,0.11271682924588192,8.215258945749138e-06,0.08207219152187345,0.8051932395655262,Yaniv-LRJ(6)-4:7.csv_to_Ben-LRJ(1-6)-4:9.csv,LDA,False
lrj,Ben,Ben LRJ,Ben-LRJ(1-6)-4:9.csv,/Users/yanivnaggar/Desktop/Spring 2026/IS/OPENBCI_runs/Ben/Ben-LRJ(1-6)-4:9.csv,ben,JAW,2,2,True,0,jaw,3,3->3,14,2,Ben::Ben-LRJ(1-6)-4:9.csv::trial_14,42937,43703,171.748,174.812,3.064,2,sliding,43062,43311,172.248,173.244,1.0,1.0,0.5,,-0.00036672685221592126,1.0067907026094471,1.006790769400181,7.244594625487865,1.0136275188608241,1.0136276533494084,8.250184020160754e-05,0.06177567786879076,-0.00045558483618251253,0.687856919201527,0.6878570700741244,5.6150659496943405,0.473147141293416,0.4731473488509589,1.5620441118643186e-05,0.03399341409606111,0.0008703235038656189,0.31865030400048,0.318651492547265,2.3253695303445654,0.10153801623959831,0.10153877370259967,4.938137860537941e-05,0.006388410943098098,4.658500751938477e-05,0.4216935069687635,0.4216935095419155,3.127070553827422,0.17782541381961461,0.17782541598977758,6.828725805223987e-05,0.016769729480787074,6.688139908296435e-05,0.027782263772729653,3.312046159622813e-05,0.055387266925692666,1.4214582149367662e-05,0.04500594838800369,-3.376093748673622e-05,0.027605003152963013,-5.2666816933596685e-05,0.017223684615274036,-1.8905879446860465e-05,-0.010381318537688977,JAW,1.0,6.897424710271692e-71,1.0986639608120761e-71,5,1.3686402140805453e-06,0.0002072281640271649,0.011175736394460683,0.08820595803060248,0.6011806565730511,0.29922905219764445,Yaniv-LRJ(6)-4:7.csv_to_Ben-LRJ(1-6)-4:9.csv,LDA,False
lrj,Ben,Ben LRJ,Ben-LRJ(1-6)-4:9.csv,/Users/yanivnaggar/Desktop/Spring 2026/IS/OPENBCI_runs/Ben/Ben-LRJ(1-6)-4:9.csv,ben,JAW,2,2,True,0,jaw,3,3->3,14,2,Ben::Ben-LRJ(1-6)-4:9.csv::trial_14,42937,43703,171.748,174.812,3.064,3,sliding,43187,43436,172.748,173.744,1.0,1.0,0.5,,0.0008540977826551284,0.6600500715834648,0.6600506241799635,5.6209924794087875,0.43566609699733705,0.4356668264803594,0.00034310554960410676,0.28811497171138484,0.0010945880071528546,0.4860211557345556,0.48602238831607186,4.000774122198397,0.23621656382155318,0.23621776194445854,0.00021611439727184685,0.17630683109147077,0.0004916997026735348,0.22585991643987446,0.2258604516572671,1.7745910965690785,0.05101270185422707,0.05101294362282468,0.00018960614199338722,0.03927095231477696,-0.0006789075467117276,0.33733196417991534,0.33733264735708085,2.662016827097575,0.1137928540574797,0.11379331497293668,0.0005669947918156441,0.0693968427385291,0.00012699115233225992,0.11180814061991406,0.00015349940761071954,0.24884401939660789,-0.00022388924221153735,0.21871812897285575,2.6508255278459624e-05,0.13703587877669382,-0.0003508803945437973,0.10690998835294167,-0.00037738864982225686,-0.03012589042375214,JAW,1.0,3.2144498368465477e-32,5.712143366356239e-32,6,3.150925589281505e-07,2.655797686473579e-08,4.135570079265799e-06,8.680450148462143e-05,0.11207524299227037,0.8878334752856301,Yaniv-LRJ(6)-4:7.csv_to_Ben-LRJ(1-6)-4:9.csv,LDA,False
lrj,Ben,Ben LRJ,Ben-LRJ(1-6)-4:9.csv,/Users/yanivnaggar/Desktop/Spring 2026/IS/OPENBCI_runs/Ben/Ben-LRJ(1-6)-4:9.csv,ben,JAW,2,2,True,0,jaw,3,3->3,14,2,Ben::Ben-LRJ(1-6)-4:9.csv::trial_14,42937,43703,171.748,174.812,3.064,4,sliding,43312,43561,173.248,174.244,1.0,1.0,0.5,,0.0012142948265807493,0.4264439873549677,0.42644571619741906,4.765095813468468,0.18185447435120386,0.1818559488631297,0.00010399310683626553,0.006394558019992598,-0.0005373946627354261,0.31910517285775547,0.31910562536188786,3.5204886031145564,0.10182811134457799,0.10182840013760151,6.84911934757154e-05,0.005301348015215043,-9.967385808645013e-05,0.1712046749655418,0.17120470398016172,1.31529329866451,0.02931104073005681,0.029311050664934796,0.0003241691132393432,0.004427503774206749,-0.0007094667972836755,0.27219492218376085,0.2721958467827165,2.492768390142298,0.07409007566262361,0.07409057900576008,0.00027156814475885624,0.0081614471781745,3.550191336055014e-05,0.001093210004777555,-0.00022017600640307768,0.0019670542457858485,-0.0001675750379225907,-0.0017668891581819023,-0.00025567791976362783,0.0008738442410082935,-0.00020307695128314086,-0.002860099162959457,5.2600968480486974e-05,-0.0037339434039677507,RIGHT,7.901063811965191e-35,0.28622197726008397,0.7137780227399161,6,1.6192578394854415e-07,7.340053591628601e-07,6.801560747568289e-08,0.003258079454898753,0.22377133049347298,0.7729696261048776,Yaniv-LRJ(6)-4:7.csv_to_Ben-LRJ(1-6)-4:9.csv,LDA,False
lrj,Ben,Ben LRJ,Ben-LRJ(1-6)-4:9.csv,/Users/yanivnaggar/Desktop/Spring 2026/IS/OPENBCI_runs/Ben/Ben-LRJ(1-6)-4:9.csv,ben,JAW,2,2,True,0,jaw,3,3->3,14,2,Ben::Ben-LRJ(1-6)-4:9.csv::trial_14,42937,43703,171.748,174.812,3.064,5,sliding,43437,43686,173.748,174.744,1.0,1.0,0.5,,-0.0002161388051032418,0.20186711219488107,0.20186722790459025,1.5249168496892551,0.0407503309859007,0.04075037770188378,0.00013922505001889374,0.009065985980334264,-0.0015323217057693014,0.19092826402732857,0.19093441286027843,2.1052641488474695,0.036453602004489286,0.03645595001429926,7.652086627604769e-05,0.005845603520981947,-0.0012323953255705597,0.1836824552407866,0.18368658949831385,2.1326288853853015,0.03373924436328358,0.03374076316152207,9.211368881156504e-05,0.005835011004209758,0.0005993004163813412,0.20991572078645657,0.2099165762732583,1.3735325846425384,0.04406460983329759,0.04406496899428667,0.0006894622883229592,0.011806516846390783,6.270418374284605e-05,0.0032203824593523165,4.71113612073287e-05,0.003230974976124506,-0.0005502372383040655,-0.0027405308660565196,-1.5592822535517354e-05,1.0592516772189517e-05,-0.0006129414220469115,-0.005960913325408836,-0.0005973485995113941,-0.005971505842181026,RIGHT,2.1773575577324847e-99,0.008795728934288023,0.991204271065712,6,6.182591426261802e-06,0.0001291872993702475,9.166249761294516e-05,0.00046734097107634207,0.001268685964804913,0.9980369406757092,Yaniv-LRJ(6)-4:7.csv_to_Ben-LRJ(1-6)-4:9.csv,LDA,False
lrj,Ben,Ben LRJ,Ben-LRJ(1-6)-4:9.csv,/Users/yanivnaggar/Desktop/Spring 2026/IS/OPENBCI_runs/Ben/Ben-LRJ(1-6)-4:9.csv,ben,JAW,3,3,True,0,jaw,3,3->3,15,3,Ben::Ben-LRJ(1-6)-4:9.csv::trial_15,44984,46160,179.936,184.64,4.704,1,sliding,44984,45233,179.936,180.932,1.0,1.0,0.5,,-0.00022113047455792723,1.0341373053468388,1.034137328989099,11.015241291506168,1.069439966310021,1.0694400152087078,0.00039237782634064843,0.5346037449630283,-0.0005119475376411633,0.775797621983978,0.7757977909006163,8.453379649883866,0.6018619502759951,0.6018622123662764,0.00021641891258162102,0.30734467969141654,0.0004316070061945787,0.33920395941264114,0.33920423400338107,3.3075676278045707,0.1150593260812127,0.11505951236582052,7.205376851477776e-05,0.057721709385771966,9.168841436638008e-05,0.4238303709221729,0.4238303808397788,3.994918976237971,0.17963218331602665,0.17963219172279196,7.232979336957012e-05,0.08518601661456235,0.0001759589137590274,0.22725906527161177,0.0003203240578258707,0.47688203557725634,0.0003200480329710783,0.44941772834846594,0.00014436514406684326,0.24962297030564456,0.0001440891192120509,0.2221586630768542,-2.7602485479235966e-07,-0.027464307228790383,JAW,1.0,3.6205802562389515e-113,3.7719172448806987e-113,6,6.655847976088748e-05,2.8875870985645354e-10,9.90258031493905e-05,7.34152697067717e-09,0.07841891583116889,0.9214154922556352,Yaniv-LRJ(6)-4:7.csv_to_Ben-LRJ(1-6)-4:9.csv,LDA,False
lrj,Ben,Ben LRJ,Ben-LRJ(1-6)-4:9.csv,/Users/yanivnaggar/Desktop/Spring 2026/IS/OPENBCI_runs/Ben/Ben-LRJ(1-6)-4:9.csv,ben,JAW,3,3,True,0,jaw,3,3->3,15,3,Ben::Ben-LRJ(1-6)-4:9.csv::trial_15,44984,46160,179.936,184.64,4.704,2,sliding,45109,45358,180.436,181.432,1.0,1.0,0.5,,-0.0036787637235961724,1.206323547009262,1.206329156313293,11.015241291506168,1.4552165000690072,1.455230033371541,0.00013726591246513554,0.267831949586002,-0.004760154710529699,0.8642963722855624,0.8643094805790642,8.453379649883866,0.7470082191459835,0.7470308782188517,0.0001119834021481053,0.16526063024687349,-0.0018489085646126273,0.37268394598897553,0.3726885322367647,3.3075676278045707,0.13889332359791365,0.13889674206079397,2.7490137982135042e-05,0.03201120824090674,-0.001819257098772892,0.481850193408213,0.48185362775839274,3.994918976237971,0.23217960888753225,0.2321829185839237,6.254474775229722e-05,0.05030770677529542,2.528251031703023e-05,0.1025713193391285,0.00010977577448300049,0.23582074134509523,7.472116471283832e-05,0.21752424281070656,8.449326416597026e-05,0.13324942200596673,4.943865439580809e-05,0.11495292347157807,-3.505460977016217e-05,-0.01829649853438868,JAW,1.0,9.140422355024526e-117,1.2844879315108408e-117,6,0.00010429251215401428,6.018081025208103e-07,0.0036221932694201074,7.075828291530464e-06,0.3159481029406522,0.6803177336413796,Yaniv-LRJ(6)-4:7.csv_to_Ben-LRJ(1-6)-4:9.csv,LDA,False
lrj,Ben,Ben LRJ,Ben-LRJ(1-6)-4:9.csv,/Users/yanivnaggar/Desktop/Spring 2026/IS/OPENBCI_runs/Ben/Ben-LRJ(1-6)-4:9.csv,ben,JAW,3,3,True,0,jaw,3,3->3,15,3,Ben::Ben-LRJ(1-6)-4:9.csv::trial_15,44984,46160,179.936,184.64,4.704,3,sliding,45234,45483,180.936,181.932,1.0,1.0,0.5,,-0.0008820572807290735,0.9185192641645823,0.9185196876858396,8.738736075559743,0.8436776386414457,0.8436784166664923,2.793624839912756e-05,0.12278436670856965,-1.4513889576097672e-05,0.5475762130547432,0.5475762132470937,4.24517850895316,0.2998397091033736,0.2998397093140266,0.0001492860702462147,0.08261583196538884,-0.0004052250446026786,0.26117269699037116,0.2611730113556165,2.4839366779390417,0.06821117765322422,0.06821134186056099,1.5230344153369631e-05,0.015618614135689426,-0.0007640410579480066,0.3698408406337329,0.3698416298355344,2.80028435507722,0.13678224740066622,0.13678283115940446,3.010244604759494e-05,0.025203674545178426,-0.00012134982184708715,0.040168534743180814,1.2705904245757928e-05,0.10716575257288023,-2.1661976484673822e-06,0.09758069216339123,0.00013405572609284509,0.06699721782969942,0.00011918362419861977,0.05741215742021041,-1.487210189422531e-05,-0.009585060409489,JAW,1.0,1.7349285515380318e-66,4.10708888938038e-65,6,0.00013196348495608665,0.0006451608514367568,0.005142545998802324,0.004208305247033144,0.26020573069701514,0.7296662937207566,Yaniv-LRJ(6)-4:7.csv_to_Ben-LRJ(1-6)-4:9.csv,LDA,False
lrj,Ben,Ben LRJ,Ben-LRJ(1-6)-4:9.csv,/Users/yanivnaggar/Desktop/Spring 2026/IS/OPENBCI_runs/Ben/Ben-LRJ(1-6)-4:9.csv,ben,JAW,3,3,True,0,jaw,3,3->3,15,3,Ben::Ben-LRJ(1-6)-4:9.csv::trial_15,44984,46160,179.936,184.64,4.704,4,sliding,45359,45608,181.436,182.432,1.0,1.0,0.5,,0.0034402011877674673,0.9391605335293984,0.9391668343395847,8.738736075559743,0.8820225077392244,0.8820343427234368,0.00012582255312895463,0.12910346895601696,0.0027915866929465274,0.561597343712243,0.5616042818755137,4.7335400330573965,0.31539157646464716,0.3153993694209114,9.84598318048319e-05,0.07522082806394936,0.0008604359276332092,0.28064999394889695,0.2806513129374268,2.4839366779390417,0.07876441910351588,0.07876515945350145,1.8846827055490014e-05,0.011532187752416552,0.0005482717798178687,0.38574765444937303,0.3857480440846557,2.7748934329754196,0.1488012529131929,0.14880155351513746,1.017074534309119e-05,0.013051472226435207,2.7362721324122733e-05,0.053882640892067596,0.00010697572607346462,0.11757128120360041,0.00011565180778586344,0.11605199672958175,7.961300474934188e-05,0.06368864031153282,8.82890864617407e-05,0.06216935583751416,8.676081712398823e-06,-0.0015192844740186551,JAW,1.0,5.4603974079180296e-67,5.529327670306085e-66,6,0.0001784779017262387,0.0034469492851504904,0.030604967476266304,0.008054971924092649,0.27419318097322226,0.683521452439542,Yaniv-LRJ(6)-4:7.csv_to_Ben-LRJ(1-6)-4:9.csv,LDA,False
lrj,Ben,Ben LRJ,Ben-LRJ(1-6)-4:9.csv,/Users/yanivnaggar/Desktop/Spring 2026/IS/OPENBCI_runs/Ben/Ben-LRJ(1-6)-4:9.csv,ben,JAW,3,3,True,0,jaw,3,3->3,15,3,Ben::Ben-LRJ(1-6)-4:9.csv::trial_15,44984,46160,179.936,184.64,4.704,5,sliding,45484,45733,181.936,182.932,1.0,1.0,0.5,,0.0010713404964056545,0.6777516781556376,0.6777525249036276,7.0353392204575576,0.45934733724278304,0.45934848501324227,8.019637516225131e-05,0.009335419016216305,4.858025772934366e-05,0.42578514240137294,0.42578514517277244,4.7335400330573965,0.18129298748975745,0.18129298984979889,7.396855161380718e-05,0.00788607578277765,0.0006416755593373209,0.22160766986261546,0.22160859886173512,2.2447776331809868,0.049109959341937966,0.049110371089461424,5.684495319407797e-05,0.004841167335950565,0.0006112694350710868,0.31712137728528306,0.31712196641298296,2.0116606323484953,0.10056596793131485,0.1005663415816371,0.00014682988826966568,0.005705260511453944,6.2278235484441275e-06,0.001449343233438656,2.3351421968173342e-05,0.004494251680265741,-6.663351310741437e-05,0.0036301585047623618,1.7123598419729214e-05,0.0030449084468270847,-7.28613366558585e-05,0.0021808152713237057,-8.998493507558772e-05,-0.000864093175503379,JAW,1.0,4.5686439983365646e-26,9.06325444769571e-24,6,4.7545110962093065e-06,0.00015713033628309488,7.88681575847379e-05,0.0011278646171184652,0.012007237877326202,0.9866241445005914,Yaniv-LRJ(6)-4:7.csv_to_Ben-LRJ(1-6)-4:9.csv,LDA,False
lrj,Ben,Ben LRJ,Ben-LRJ(1-6)-4:9.csv,/Users/yanivnaggar/Desktop/Spring 2026/IS/OPENBCI_runs/Ben/Ben-LRJ(1-6)-4:9.csv,ben,JAW,3,3,True,0,jaw,3,3->3,15,3,Ben::Ben-LRJ(1-6)-4:9.csv::trial_15,44984,46160,179.936,184.64,4.704,6,sliding,45609,45858,182.436,183.432,1.0,1.0,0.5,,0.0007717800072319405,0.19715700265964176,0.19715851323773353,1.2291020895036295,0.03887088369773399,0.03887147934211355,0.00013969021728172008,0.006177219596460182,0.0003497530292183573,0.1571609447157945,0.15716133389336726,1.1146723941727028,0.02469956254396102,0.024699684871142467,0.0003077644916293772,0.004771458696433846,0.00029286933671750736,0.15221230367847005,0.15221258543088734,0.9720986603704664,0.023168585391106788,0.023168671163555178,0.00022103374725275092,0.0036583838315998717,0.0030481985277587853,0.3167105809942162,0.3167252494323094,2.8389270213090496,0.10030559211369397,0.10031488362795861,0.0006140580952671229,0.005562176856453459,-0.00016807427434765713,0.0014057609000263363,-8.134352997103084e-05,0.00251883576486031,-0.00047436787798540276,0.0006150427400067231,8.673074437662629e-05,0.0011130748648339739,-0.00030629360363774565,-0.0007907181600196132,-0.00039302434801437194,-0.001903793024853587,LEFT,1.209737406709565e-100,0.9602678525524877,0.0397321474475122,5,1.5591480950866562e-08,1.9833566902378385e-05,1.7670604747949944e-08,0.27280952113780343,0.386465229754305,0.34070538227890346,Yaniv-LRJ(6)-4:7.csv_to_Ben-LRJ(1-6)-4:9.csv,LDA,False
lrj,Ben,Ben LRJ,Ben-LRJ(1-6)-4:9.csv,/Users/yanivnaggar/Desktop/Spring 2026/IS/OPENBCI_runs/Ben/Ben-LRJ(1-6)-4:9.csv,ben,JAW,3,3,True,0,jaw,3,3->3,15,3,Ben::Ben-LRJ(1-6)-4:9.csv::trial_15,44984,46160,179.936,184.64,4.704,7,sliding,45734,45983,182.936,183.932,1.0,1.0,0.5,,0.0010778860377846935,0.19180830376521987,0.19181133238576212,1.220621511617904,0.03679042539329086,0.036791587231601315,0.0002526845895888052,0.007403039551071333,-0.0009872589230558878,0.18046291824411317,0.18046561872379632,1.1146723941727028,0.032566864861181474,0.03256783954136262,0.00041655783161376517,0.00732862031016468,-0.001072378105225855,0.21079645575815448,0.21079918347802049,1.2419712894838992,0.04443514576019957,0.044436295755000146,0.0033340621415417567,0.01937357242496692,-0.0021375315139137907,0.4349607277449259,0.4349659799586268,2.8389270213090496,0.18919083468039555,0.1891954037213685,0.0027020020127562824,0.050268669979539105,-0.00016387324202495995,7.441924090665318e-05,-0.0030813775519529514,-0.011970532873895589,-0.002449317423167477,-0.04286563042846777,-0.0029175043099279917,-0.012044952114802242,-0.002285444181142517,-0.042940049669374425,0.0006320601287854743,-0.030895097554572183,LEFT,1.4839111679629545e-94,0.9974181144309454,0.0025818855690546974,6,1.7654880108018893e-09,1.4161671631715202e-06,3.0870694328639887e-09,0.06229432349510187,0.1538124000651657,0.7838918554200119,Yaniv-LRJ(6)-4:7.csv_to_Ben-LRJ(1-6)-4:9.csv,LDA,False
lrj,Ben,Ben LRJ,Ben-LRJ(1-6)-4:9.csv,/Users/yanivnaggar/Desktop/Spring 2026/IS/OPENBCI_runs/Ben/Ben-LRJ(1-6)-4:9.csv,ben,JAW,3,3,True,0,jaw,3,3->3,15,3,Ben::Ben-LRJ(1-6)-4:9.csv::trial_15,44984,46160,179.936,184.64,4.704,8,sliding,45859,46108,183.436,184.432,1.0,1.0,0.5,,-0.0014914260297905955,0.22181683598166807,0.2218218498627233,1.4609203505177693,0.049202708724918234,0.04920493307652056,0.00036509574770051415,0.01849926659303584,-0.0006910136884216582,1.2858554473257908,1.285855632999804,14.134870596667017,1.6534242314174095,1.6534247089173266,0.0010854690830422197,0.4455867294482068,0.001592188411516904,0.25290137458024026,0.25290638649214203,1.7413201813959662,0.06395910526457499,0.06396164032851273,0.0028881814982631435,0.02645838206360243,-0.001090792374182478,0.4180115725732053,0.4180129957706192,2.296761878449029,0.1747336748051241,0.17473486463312768,0.0005843571789409119,0.06597101733137453,-0.0007203733353417056,-0.42708746285517096,-0.0025230857505626294,-0.007959115470566592,-0.00021926143124039772,-0.04747175073833869,-0.0018027124152209238,0.41912834738460436,0.0005011119041013079,0.3796157121168323,0.0023038243193222317,-0.0395126352677721,LEFT,2.5932896671510108e-33,0.9999999408406184,5.9159381682614925e-08,6,0.0004758034943703962,9.07390305288444e-19,3.010139969925623e-16,1.4350705202324232e-16,4.010812109736435e-05,0.999484088384532,Yaniv-LRJ(6)-4:7.csv_to_Ben-LRJ(1-6)-4:9.csv,LDA,False
lrj,Ben,Ben LRJ,Ben-LRJ(1-6)-4:9.csv,/Users/yanivnaggar/Desktop/Spring 2026/IS/OPENBCI_runs/Ben/Ben-LRJ(1-6)-4:9.csv,ben,JAW,4,2,False,-2,jaw,3,3->3,16,4,Ben::Ben-LRJ(1-6)-4:9.csv::trial_16,48463,49274,193.852,197.096,3.244,1,sliding,48463,48712,193.852,194.848,1.0,1.0,0.5,observed_count 2 vs expected_count 4,0.005008346820043072,1.2280190562276418,1.228029269193572,16.37147454286232,1.5080308024582283,1.5080558859960984,0.00048117572279942527,0.3157022224948588,0.006215690739034639,0.5597677591794263,0.5598022677947273,6.094656958923716,0.31333994421675626,0.3133785790281196,0.00036244227600178874,0.11450980806346484,0.0017395624249965903,0.27088550653170224,0.2708910920026116,2.275134391408877,0.0733789576489369,0.07338198372636737,2.760493622353906e-05,0.015480276171811105,0.0012698278554937686,0.42716692122583916,0.4271688086135795,5.450452327463196,0.18247157858956228,0.18247319105234489,0.00013059328556307145,0.0708943762391276,0.00011873344679763653,0.20119241443139396,0.0004535707865758862,0.3002219463230477,0.0003505824372363538,0.2448078462557312,0.0003348373397782497,0.09902953189165373,0.00023184899043871728,0.043615431824337234,-0.0001029883493395324,-0.055414100067316494,JAW,1.0,2.4268619182875255e-140,4.1386084253562975e-139,5,1.2973431046909371e-08,3.1237227862563096e-15,3.2016237530947828e-12,6.050618292462197e-11,0.997434945086688,0.00256504187617018,Yaniv-LRJ(6)-4:7.csv_to_Ben-LRJ(1-6)-4:9.csv,LDA,False
lrj,Ben,Ben LRJ,Ben-LRJ(1-6)-4:9.csv,/Users/yanivnaggar/Desktop/Spring 2026/IS/OPENBCI_runs/Ben/Ben-LRJ(1-6)-4:9.csv,ben,JAW,4,2,False,-2,jaw,3,3->3,16,4,Ben::Ben-LRJ(1-6)-4:9.csv::trial_16,48463,49274,193.852,197.096,3.244,2,sliding,48588,48837,194.352,195.348,1.0,1.0,0.5,observed_count 2 vs expected_count 4,-0.0009438700280585177,0.9975348643329515,0.9975353108789631,9.402022805619533,0.9950758055597598,0.9950766964503895,0.00019555280787219968,0.198881306890479,-0.0021050281912044443,0.46342453256607846,0.4634293134101188,4.96283361406242,0.2147622973840883,0.21476672852777412,0.0002621729735341667,0.06323527523956508,0.0017962235155393484,0.2572267912818251,0.2572330627506141,1.6168981830580211,0.06616562215314359,0.06616884857206136,4.0067763177105355e-05,0.025920671738050967,-0.0018366504582728433,0.3283813137834685,0.3283864499748166,2.7860843132114717,0.10783428724215682,0.1078376605270627,3.133425742947929e-05,0.01804294046436069,-6.662016566196704e-05,0.13564603165091393,0.00015548504469509433,0.17296063515242804,0.0001642185504427204,0.1808383664261183,0.00022210521035706136,0.03731460350151412,0.00023083871610468743,0.045192334775204394,8.733505747626062e-06,0.007877731273690278,JAW,1.0,8.102779070408956e-76,8.925943056294996e-73,5,1.965249608543231e-06,2.953128040716826e-05,0.00021074647227226312,0.0019535784008445755,0.8475587366300964,0.15024544196677103,Yaniv-LRJ(6)-4:7.csv_to_Ben-LRJ(1-6)-4:9.csv,LDA,False
lrj,Ben,Ben LRJ,Ben-LRJ(1-6)-4:9.csv,/Users/yanivnaggar/Desktop/Spring 2026/IS/OPENBCI_runs/Ben/Ben-LRJ(1-6)-4:9.csv,ben,JAW,4,2,False,-2,jaw,3,3->3,16,4,Ben::Ben-LRJ(1-6)-4:9.csv::trial_16,48463,49274,193.852,197.096,3.244,3,sliding,48713,48962,194.852,195.848,1.0,1.0,0.5,observed_count 2 vs expected_count 4,-0.00768655897845568,1.061975705052541,1.0620035222685331,9.402022805619533,1.1277923981218414,1.1278514813107707,0.00016225803100844405,0.029112758728658372,-0.006849150850045692,0.5283604017833317,0.528404792786752,4.96283361406242,0.2791647141726436,0.2792116250400103,7.530320809837608e-05,0.020985350639465324,0.00047902219520326627,0.28512047189254003,0.28512087428753474,1.6948026205939712,0.0812936834922247,0.08129391295448819,6.135478013667298e-05,0.02356164589491666,-0.0023669327694387384,0.3667893743105672,0.3667970112717283,3.0356572472530736,0.13453444510713736,0.1345400474778724,4.108166654373357e-05,0.008612040217742058,8.695482291006798e-05,0.008127408089193048,0.00010090325087177108,0.0055511128337417115,0.00012117636446471048,0.020500718510916314,1.39484279617031e-05,-0.0025762952554513364,3.42215415546425e-05,0.012373310421723266,2.0273113592939404e-05,0.014949605677174602,JAW,1.0,2.728491938535508e-67,1.4513831284121008e-65,5,5.196731515891461e-07,0.0006365897678808104,0.00014430753499807355,0.11165528856181718,0.8706020207011164,0.016961273761035917,Yaniv-LRJ(6)-4:7.csv_to_Ben-LRJ(1-6)-4:9.csv,LDA,False
lrj,Ben,Ben LRJ,Ben-LRJ(1-6)-4:9.csv,/Users/yanivnaggar/Desktop/Spring 2026/IS/OPENBCI_runs/Ben/Ben-LRJ(1-6)-4:9.csv,ben,JAW,4,2,False,-2,jaw,3,3->3,16,4,Ben::Ben-LRJ(1-6)-4:9.csv::trial_16,48463,49274,193.852,197.096,3.244,4,sliding,48838,49087,195.352,196.348,1.0,1.0,0.5,observed_count 2 vs expected_count 4,-0.0020008915811023267,0.872238905427777,0.8722412004193368,7.553237139275727,0.7608007081418466,0.7608047117089658,8.493653846218578e-05,0.021441329683159496,-0.0005258312270933559,0.4443900646306158,0.4443903757293606,3.8213249054245804,0.19748252954240292,0.19748280604088228,7.143354204632234e-05,0.021575058308640097,-0.0009216615434577826,0.26105494723970685,0.2610565742101256,1.4675158648571038,0.06814968547832612,0.06815053493832682,6.037232378915405e-05,0.009320397504398385,0.0011747753212172074,0.3189833212374327,0.3189854845047319,2.777914840511597,0.10175035922766319,0.10175173932471855,0.0001006285184276559,0.007491481868132734,1.3502996415863441e-05,-0.00013372862548060097,2.4564214673031735e-05,0.012120932178761111,-1.5691979965470123e-05,0.013949847815026763,1.1061218257168294e-05,0.012254660804241712,-2.9194976381333564e-05,0.014083576440507364,-4.025619463850186e-05,0.0018289156362656517,JAW,1.0,8.601071528990114e-44,3.666287612109025e-41,5,5.750194211890252e-07,3.596816935598087e-05,1.90286000612214e-05,0.041511868806087704,0.9228201187330679,0.03561244067200591,Yaniv-LRJ(6)-4:7.csv_to_Ben-LRJ(1-6)-4:9.csv,LDA,False
lrj,Ben,Ben LRJ,Ben-LRJ(1-6)-4:9.csv,/Users/yanivnaggar/Desktop/Spring 2026/IS/OPENBCI_runs/Ben/Ben-LRJ(1-6)-4:9.csv,ben,JAW,4,2,False,-2,jaw,3,3->3,16,4,Ben::Ben-LRJ(1-6)-4:9.csv::trial_16,48463,49274,193.852,197.096,3.244,5,sliding,48963,49212,195.852,196.848,1.0,1.0,0.5,observed_count 2 vs expected_count 4,0.0031713334616140783,0.7582986208650763,0.758305252363322,7.40655738950019,0.5750167984058767,0.5750268557618015,0.00020737666845759966,0.11757683777351868,0.0012263657114507508,0.3998847810719877,0.39988666157531405,3.522675429444474,0.15990783813299153,0.15990934210584976,0.00014425779640830726,0.08725012605353229,-0.001856899126524748,0.23328339278614438,0.23329078298162703,1.3458312788331332,0.05442114134981452,0.0544245894241806,0.00014277902103037034,0.015204085267179649,-0.00019674928549561388,0.27184372594823125,0.2718437971477341,2.485582579382095,0.07389901133741705,0.0738990500476984,0.00010568975285883556,0.026803803791369766,6.31188720492924e-05,0.030326711719986396,6.459764742722932e-05,0.10237275250633904,0.0001016869155987641,0.09077303398214892,1.478775377936921e-06,0.07204604078635264,3.85680435494717e-05,0.060446322262162525,3.708926817153478e-05,-0.011599718524190117,JAW,1.0,2.0556427864016374e-36,9.207083795986333e-33,5,5.2817820909820195e-06,5.154645102027611e-07,2.2203753400615207e-06,0.0003599699808445937,0.8230160748684424,0.17661593752877175,Yaniv-LRJ(6)-4:7.csv_to_Ben-LRJ(1-6)-4:9.csv,LDA,False
lrj,Ben,Ben LRJ,Ben-LRJ(1-6)-4:9.csv,/Users/yanivnaggar/Desktop/Spring 2026/IS/OPENBCI_runs/Ben/Ben-LRJ(1-6)-4:9.csv,ben,JAW,5,3,False,-2,jaw,3,3->3,17,5,Ben::Ben-LRJ(1-6)-4:9.csv::trial_17,50498,52029,201.992,208.116,6.124,1,sliding,50498,50747,201.992,202.988,1.0,1.0,0.5,observed_count 3 vs expected_count 5,3.204701872500726e-05,0.23377970787038127,0.23377971006691792,1.385167755615482,0.0546529518119608,0.05465295283897221,2.1359779051793894e-05,0.01320343875117653,-5.099330630009291e-05,0.19573229378409845,0.1957323004266335,1.1055038133811181,0.03831113082998462,0.03831113343030191,0.0013234935571380692,0.03172257686765706,-0.0007716249451240005,0.23910627459793973,0.2391075196583355,1.4209091446124225,0.05717181055210536,0.05717240595716129,0.00012255270510895877,0.03945307056405052,-0.0002605583168727157,0.2750938875906472,0.27509401098601205,3.507994805158333,0.07567664698973561,0.07567671488037211,0.005611819988261345,0.11168541942922774,-0.0013021337780862753,-0.01851913811648053,-0.00010119292605716487,-0.026249631812873993,-0.005590460209209551,-0.09848198067805121,0.0012009408520291104,-0.007730493696393462,-0.004288326431123275,-0.07996284256157069,-0.005489267283152386,-0.07223234886517722,RIGHT,4.6098086207463606e-82,0.02049457461973078,0.9795054253802693,5,7.286400944963359e-12,1.8808320684388801e-13,3.1612876525517755e-13,0.0003404954541391442,0.909738771483605,0.08992073305446528,Yaniv-LRJ(6)-4:7.csv_to_Ben-LRJ(1-6)-4:9.csv,LDA,False
lrj,Ben,Ben LRJ,Ben-LRJ(1-6)-4:9.csv,/Users/yanivnaggar/Desktop/Spring 2026/IS/OPENBCI_runs/Ben/Ben-LRJ(1-6)-4:9.csv,ben,JAW,5,3,False,-2,jaw,3,3->3,17,5,Ben::Ben-LRJ(1-6)-4:9.csv::trial_17,50498,52029,201.992,208.116,6.124,2,sliding,50623,50872,202.492,203.488,1.0,1.0,0.5,observed_count 3 vs expected_count 5,-0.0014270079770338155,0.638965935160437,0.6389675286328862,5.432003825370288,0.40827746629545175,0.40827950264721824,0.00013539642093556725,0.19305444419522122,-0.0013512176437787966,0.3853024625636252,0.38530483184968584,3.6279972558506874,0.1484579876575938,0.1484598134467147,0.00020885070145857618,0.08190172346010033,0.0024319191473041323,0.22862542990013482,0.22863836385821276,1.4359098707274307,0.05226958719702146,0.05227550142776049,8.468065579117075e-05,0.013867075901311397,-0.0029811125576357316,0.23310797020141016,0.23312703147319236,1.7750553467632786,0.054339325771421525,0.05434821280350283,7.49825732429414e-05,0.024291386292353605,-7.345428052300893e-05,0.11115272073512089,5.0715765144396496e-05,0.17918736829390983,6.0413847692625844e-05,0.1687630579028676,0.00012417004566740543,0.06803464755878894,0.00013386812821563476,0.057610337167746724,9.698082548229348e-06,-0.010424310391042208,JAW,0.9999999997986089,8.178686990749699e-14,2.0130935472574496e-10,6,1.3980238386737201e-05,1.2505158673500836e-06,0.00029724443877882475,0.00012502450970910598,0.14649061600797858,0.8530718842892795,Yaniv-LRJ(6)-4:7.csv_to_Ben-LRJ(1-6)-4:9.csv,LDA,False
lrj,Ben,Ben LRJ,Ben-LRJ(1-6)-4:9.csv,/Users/yanivnaggar/Desktop/Spring 2026/IS/OPENBCI_runs/Ben/Ben-LRJ(1-6)-4:9.csv,ben,JAW,5,3,False,-2,jaw,3,3->3,17,5,Ben::Ben-LRJ(1-6)-4:9.csv::trial_17,50498,52029,201.992,208.116,6.124,3,sliding,50748,50997,202.992,203.988,1.0,1.0,0.5,observed_count 3 vs expected_count 5,0.0006751076981619479,0.8292177762337246,0.8292180510531638,5.834880016816124,0.6876021204220033,0.6876025761924074,0.00010601487159916318,0.054951953032059124,-0.0005059953296081802,0.4839528379709708,0.4839531024917913,3.6279972558506874,0.23421034938015667,0.23421060541143027,0.00013216858672360983,0.04291320099129582,0.0014425758786517538,0.2417593074957965,0.24176361137692487,1.2918438420480651,0.05844756276084709,0.05844964378601276,0.0002053672771259045,0.020385320485467196,-0.00046160435053509065,0.2919711782153679,0.29197154311173296,1.8294312967541941,0.08524716890847012,0.08524738198704652,2.0247033687365605e-05,0.029141714688597976,-2.6153715124446644e-05,0.012038752040763302,-9.935240552674132e-05,0.034566632546591924,8.576783791179758e-05,0.025810238343461148,-7.319869040229467e-05,0.022527880505828626,0.00011192155303624423,0.013771486302697845,0.0001851202434385389,-0.00875639420313078,JAW,1.0,2.1004041016683968e-42,1.0223121547635925e-39,5,1.730805520260763e-06,7.980416105735632e-05,0.00040064638321691507,0.04577358453651917,0.4992546628456589,0.4544895712680274,Yaniv-LRJ(6)-4:7.csv_to_Ben-LRJ(1-6)-4:9.csv,LDA,True
lrj,Ben,Ben LRJ,Ben-LRJ(1-6)-4:9.csv,/Users/yanivnaggar/Desktop/Spring 2026/IS/OPENBCI_runs/Ben/Ben-LRJ(1-6)-4:9.csv,ben,JAW,5,3,False,-2,jaw,3,3->3,17,5,Ben::Ben-LRJ(1-6)-4:9.csv::trial_17,50498,52029,201.992,208.116,6.124,4,sliding,50873,51122,203.492,204.488,1.0,1.0,0.5,observed_count 3 vs expected_count 5,0.002130368298495101,0.6099724764519805,0.6099761966651234,5.834880016816124,0.37206642202896195,0.3720709604980493,0.00015259282228294424,0.061430087191964106,0.002502353917557422,0.3692208696108155,0.36922934922795014,2.784771487033784,0.13632405055616684,0.13633031233129556,0.0002152540530158059,0.07236259258691023,0.0022942256738553053,0.24694218436490606,0.24695284143000631,1.3556076668458537,0.060980442418911256,0.06098570589035384,0.00014671708204066887,0.017162366207233208,0.0017423992782954984,0.25037232326128345,0.2503783860689609,1.6154639772459223,0.06268630025525262,0.06268933621049763,2.892047277715911e-05,0.028427575736756132,-6.266123073286165e-05,-0.010932505394946126,5.875740242275375e-06,0.0442677209847309,0.00012367234950578512,0.033002511455207974,6.853697097513703e-05,0.055200226379677024,0.0001863335802386468,0.0439350168501541,0.00011779660926350976,-0.011265209529522924,RIGHT,4.2834131210035286e-05,0.00016532887234057845,0.9997918369964494,6,0.0001965713836821453,1.156102796805159e-05,5.1676010364482084e-05,0.0006657379545472894,0.45022161267911387,0.5488528409443242,Yaniv-LRJ(6)-4:7.csv_to_Ben-LRJ(1-6)-4:9.csv,LDA,False
lrj,Ben,Ben LRJ,Ben-LRJ(1-6)-4:9.csv,/Users/yanivnaggar/Desktop/Spring 2026/IS/OPENBCI_runs/Ben/Ben-LRJ(1-6)-4:9.csv,ben,JAW,5,3,False,-2,jaw,3,3->3,17,5,Ben::Ben-LRJ(1-6)-4:9.csv::trial_17,50498,52029,201.992,208.116,6.124,5,sliding,50998,51247,203.992,204.988,1.0,1.0,0.5,observed_count 3 vs expected_count 5,-0.005429107974595706,0.5038585265188256,0.5038877751634007,4.109896178202804,0.253873414745722,0.2539028899591218,0.0001706789257774493,0.08678443643393965,-0.00025252190242769503,0.3661812212535393,0.36618130832422985,2.9111123752312573,0.1340886867987335,0.1340887505660447,0.00011898607597449287,0.04510628564485636,0.0012982180644712789,0.24017155056474945,0.24017505921893495,1.3614680352238933,0.057682373700676,0.057684059070818916,0.00011666170032975026,0.023285066271536266,-0.000947302796792938,0.22739187122304425,0.22739384442175728,1.3408437729721419,0.05170706309831753,0.051707960480906354,7.662440289885751e-05,0.024925643987879307,5.1692849802956444e-05,0.041678150789083296,5.401722544769905e-05,0.0634993701624034,9.40545228785918e-05,0.06185879244606035,2.324375644742607e-06,0.021821219373320093,4.236167307563536e-05,0.020180641656977052,4.003729743089275e-05,-0.0016405777163430411,RIGHT,4.9748004317307385e-33,0.004087221747300575,0.9959127782526994,6,8.704263021105146e-05,3.918747947422479e-05,0.0009628004166216466,0.002869826601661814,0.18999873168423595,0.8060424111877953,Yaniv-LRJ(6)-4:7.csv_to_Ben-LRJ(1-6)-4:9.csv,LDA,False
lrj,Ben,Ben LRJ,Ben-LRJ(1-6)-4:9.csv,/Users/yanivnaggar/Desktop/Spring 2026/IS/OPENBCI_runs/Ben/Ben-LRJ(1-6)-4:9.csv,ben,JAW,5,3,False,-2,jaw,3,3->3,17,5,Ben::Ben-LRJ(1-6)-4:9.csv::trial_17,50498,52029,201.992,208.116,6.124,6,sliding,51123,51372,204.492,205.488,1.0,1.0,0.5,observed_count 3 vs expected_count 5,-0.0027556240045228946,0.8063777851920554,0.8063824935568101,7.326671598870853,0.6502451324512446,0.650252725914899,0.0001833218715021605,0.03955366356562033,-0.002662251487800603,0.5281006390070132,0.5281073494116513,4.946147096326625,0.27889028491961565,0.2788973725025999,0.00026778149477605913,0.01843198458332204,-0.0006006241928242754,0.2488895465419819,0.2488902712588308,1.2919477505755868,0.06194600637787337,0.06194636712729437,0.0001024670661777027,0.0136647498002393,-0.00054566031678649,0.2903776583965514,0.2903781710822038,2.604194824389762,0.0843191844958643,0.08431948224104562,5.266904430712822e-05,0.007139514301849753,-8.445962327389864e-05,0.021121678982298293,8.085480532445779e-05,0.02588891376538103,0.0001306528271950323,0.03241414926377058,0.00016531442859835641,0.004767234783082738,0.00021511245046893093,0.011292470281472285,4.9798021870574484e-05,0.006525235498389547,JAW,1.0,3.0105787943486037e-34,3.2463183006646354e-33,5,8.914304566587609e-07,1.610606173023754e-06,8.389217304439155e-06,0.00529220047382121,0.9269505262815677,0.06774638199067702,Yaniv-LRJ(6)-4:7.csv_to_Ben-LRJ(1-6)-4:9.csv,LDA,True
lrj,Ben,Ben LRJ,Ben-LRJ(1-6)-4:9.csv,/Users/yanivnaggar/Desktop/Spring 2026/IS/OPENBCI_runs/Ben/Ben-LRJ(1-6)-4:9.csv,ben,JAW,5,3,False,-2,jaw,3,3->3,17,5,Ben::Ben-LRJ(1-6)-4:9.csv::trial_17,50498,52029,201.992,208.116,6.124,7,sliding,51248,51497,204.992,205.988,1.0,1.0,0.5,observed_count 3 vs expected_count 5,-0.003345919537852451,0.9267314503729899,0.9267374904944654,8.02673963390032,0.8588311811104254,0.8588423762879793,0.0002858597324456472,0.02441457003564433,-0.005111025479143066,0.6019999722985261,0.6020216684047798,4.946147096326625,0.36240396664742613,0.36243008922887465,0.00015907624119902407,0.011091213709630673,-0.003041059486094179,0.24336188948349732,0.24338088933968482,1.296728103022475,0.05922500925297797,0.059234257295775916,0.00019168534065260593,0.007376533117933734,-0.0023771582202157947,0.31378349553714474,0.3137924998350236,2.604194824389762,0.09846008207150934,0.0984657329527133,7.910021623650748e-05,0.004977989097052076,0.00012678349124662316,0.013323356326013659,9.41743917930413e-05,0.017038036917710598,0.00020675951620913974,0.019436580938592254,-3.260909945358186e-05,0.0037146805916969386,7.997602496251659e-05,0.006113224612578597,0.00011258512441609844,0.0023985440208816582,JAW,1.0,3.9350237248197624e-57,1.4744231335101002e-56,5,2.050240505898482e-06,4.450962456321373e-06,2.802340701899287e-05,0.0045218236594553,0.9273734727569631,0.0680701789736004,Yaniv-LRJ(6)-4:7.csv_to_Ben-LRJ(1-6)-4:9.csv,LDA,True
lrj,Ben,Ben LRJ,Ben-LRJ(1-6)-4:9.csv,/Users/yanivnaggar/Desktop/Spring 2026/IS/OPENBCI_runs/Ben/Ben-LRJ(1-6)-4:9.csv,ben,JAW,5,3,False,-2,jaw,3,3->3,17,5,Ben::Ben-LRJ(1-6)-4:9.csv::trial_17,50498,52029,201.992,208.116,6.124,8,sliding,51373,51622,205.492,206.488,1.0,1.0,0.5,observed_count 3 vs expected_count 5,0.0007550221977828872,0.7808668930212052,0.7808672580375677,8.02673963390032,0.6097531046165903,0.6097536746751094,0.0003392483848340082,0.06790882250642663,0.0007977355888048274,0.4796183321121331,0.4796189955371806,4.478583117276447,0.23003374449802444,0.2300343808800941,0.00011638031357559246,0.05420553073729523,-0.0010540662220939858,0.2171403649437553,0.21714292330975882,1.289421306785117,0.04714993808790724,0.047151049143507796,0.00010599038009251116,0.012101966724901173,0.0008205300389394081,0.26225399620066475,0.26225527981865887,2.3517339787038147,0.06877715852321828,0.06877783179276308,0.00016465518721179954,0.011653844380523692,0.00022286807125841573,0.013703291769131404,0.00023325800474149704,0.05580685578152546,0.00017459319762220865,0.05625497812590294,1.0389933483081305e-05,0.042103564012394054,-4.8274873636207084e-05,0.042551686356771534,-5.866480711928839e-05,0.0004481223443774801,JAW,1.0,6.114232058683115e-38,1.1233686674101874e-35,5,1.6065344054692166e-05,1.1340291564935057e-06,5.034733646572306e-06,0.00042672098034444756,0.7846923028764647,0.21485874203633315,Yaniv-LRJ(6)-4:7.csv_to_Ben-LRJ(1-6)-4:9.csv,LDA,True
lrj,Ben,Ben LRJ,Ben-LRJ(1-6)-4:9.csv,/Users/yanivnaggar/Desktop/Spring 2026/IS/OPENBCI_runs/Ben/Ben-LRJ(1-6)-4:9.csv,ben,JAW,5,3,False,-2,jaw,3,3->3,17,5,Ben::Ben-LRJ(1-6)-4:9.csv::trial_17,50498,52029,201.992,208.116,6.124,9,sliding,51498,51747,205.992,206.988,1.0,1.0,0.5,observed_count 3 vs expected_count 5,0.007829764583076338,0.4904209436443732,0.4904834423081618,6.161868904636441,0.24051270196503752,0.24057400717846392,5.340553932692277e-05,0.011138898465404922,0.006235371509376623,0.2468673422277203,0.24694607613087993,3.01607615884971,0.06094348465857838,0.06098236451643834,3.150316061847394e-05,0.007303230158937811,0.0005947559615018785,0.19759697537001225,0.19759787045925106,1.1011545259567301,0.03904456467537722,0.039044918410030965,5.641214343183828e-05,0.013417088990548517,0.0037342448389441783,0.1720595585311016,0.17210007631153093,2.3270292791640204,0.029604491681917585,0.029618436266434768,6.359079297552137e-05,0.0051394218930995265,2.1902378708448832e-05,0.0038356683064671116,-3.0066041049155103e-06,-0.0022781905251435947,-1.0185253648598597e-05,0.005999476572305396,-2.4908982813364342e-05,-0.006113858831610706,-3.208763235704743e-05,0.0021638082658382842,-7.178649543683086e-06,0.00827766709744899,RIGHT,4.9514189008880885e-37,2.5505466581821167e-05,0.9999744945334181,5,1.748055929755334e-05,2.071575829636773e-07,7.775256550544214e-08,0.000483957803733063,0.8831579229019538,0.11634035382486708,Yaniv-LRJ(6)-4:7.csv_to_Ben-LRJ(1-6)-4:9.csv,LDA,False
lrj,Ben,Ben LRJ,Ben-LRJ(1-6)-4:9.csv,/Users/yanivnaggar/Desktop/Spring 2026/IS/OPENBCI_runs/Ben/Ben-LRJ(1-6)-4:9.csv,ben,JAW,5,3,False,-2,jaw,3,3->3,17,5,Ben::Ben-LRJ(1-6)-4:9.csv::trial_17,50498,52029,201.992,208.116,6.124,10,sliding,51623,51872,206.492,207.488,1.0,1.0,0.5,observed_count 3 vs expected_count 5,-0.000653815795555031,0.24163446081677972,0.24163534536427073,1.4256131191324606,0.058387212654215856,0.058387640129310386,4.1552991256776834e-05,0.00695438381278053,0.00043810352578017907,0.17443332202095663,0.17443387218647086,1.0602321012830578,0.03042698383126675,0.030427175765966055,6.489825368002374e-05,0.009162776760866685,0.001401930769453727,0.1936182971718184,0.19362337258088685,1.056951649967608,0.03748804499971457,0.03749001040959692,0.0001318076988334977,0.006231230364809883,-0.0013981912511351166,0.12383725584140556,0.1238451487669359,0.6260562575145414,0.015335665934329735,0.015337620873104488,4.4200929694105274e-05,0.004054837042056279,-2.3345262423246905e-05,-0.0022083929480861547,-9.025470757672086e-05,0.0007231534479706474,-2.6479384373284396e-06,0.002899546770724251,-6.690944515347396e-05,0.002931546396056802,2.0697323985918465e-05,0.005107939718810406,8.760676913939242e-05,0.0021763933227536038,RIGHT,2.08482293554848e-108,9.989669802314985e-05,0.9999001033019769,6,0.002273409726043046,0.00022102831619859857,0.001850552992237494,0.0008158023955804318,0.04784078664794085,0.9469984199219995,Yaniv-LRJ(6)-4:7.csv_to_Ben-LRJ(1-6)-4:9.csv,LDA,False
lrj,Ben,Ben LRJ,Ben-LRJ(1-6)-4:9.csv,/Users/yanivnaggar/Desktop/Spring 2026/IS/OPENBCI_runs/Ben/Ben-LRJ(1-6)-4:9.csv,ben,JAW,5,3,False,-2,jaw,3,3->3,17,5,Ben::Ben-LRJ(1-6)-4:9.csv::trial_17,50498,52029,201.992,208.116,6.124,11,sliding,51748,51997,206.992,207.988,1.0,1.0,0.5,observed_count 3 vs expected_count 5,0.0003649664220118334,0.24970129144192965,0.2497015581614514,1.521318487390579,0.062350734947767494,0.06235086814825669,0.00020628446485471347,0.017607600897484244,-0.0006895356021727261,0.17637812283061965,0.1763794706665144,1.0715496037319483,0.03110924221325315,0.031109717672599815,0.0002446981698589583,0.012410640148338368,0.0006126091460022062,0.19769375586942067,0.19769470503714529,1.0782873753609756,0.0390828211097581,0.03908319639972387,0.00027084469576552984,0.011094854246530603,-0.000695102604246233,0.1380042574088468,0.13800600795109494,0.7010445598169706,0.019045175062967247,0.019045658230597676,0.00017785220825827807,0.0032673978922096274,-3.8413705004244816e-05,0.005196960749145876,-6.456023091081637e-05,0.0065127466509536415,2.84322565964354e-05,0.014340203005274617,-2.614652590657155e-05,0.0013157859018077655,6.684596160068021e-05,0.00914324225612874,9.299248750725176e-05,0.007827456354320975,RIGHT,8.354184845759109e-107,0.00015889314232264457,0.9998411068576775,6,0.0024920079266007953,0.0008547997194660229,0.002713265472767358,0.0026075805703080213,0.06502066909014644,0.9263116772207114,Yaniv-LRJ(6)-4:7.csv_to_Ben-LRJ(1-6)-4:9.csv,LDA,False
lrj,Ben,Ben LRJ,Ben-LRJ(1-6)-4:9.csv,/Users/yanivnaggar/Desktop/Spring 2026/IS/OPENBCI_runs/Ben/Ben-LRJ(1-6)-4:9.csv,ben,JAW,6,3,False,-3,jaw,3,3->3,18,6,Ben::Ben-LRJ(1-6)-4:9.csv::trial_18,53267,54716,213.068,218.864,5.796,1,sliding,53267,53516,213.068,214.064,1.0,1.0,0.5,observed_count 3 vs expected_count 6,-0.010349778866320951,0.30715685347722504,0.30733117407873095,3.0837644662729953,0.09434533263802948,0.09445245056061123,5.360952629226037e-05,0.01642330972580177,-0.00366203288085741,0.20436734300473047,0.20440015012625026,1.3652011009637817,0.04176601088681316,0.041779421371633645,5.7384083140055826e-05,0.023203369368082077,0.0010899542518877751,0.21127770729744635,0.21128051874495346,1.220601363218639,0.044638269600865414,0.04463945760113663,0.00024940796246327915,0.020892248273723973,-0.0020527687208373685,0.16983704625602722,0.16984945139856408,0.9386949730186318,0.02884462228097193,0.02884883614039318,0.001140747558402661,0.018211512188801227,-3.7745568477954555e-06,-0.006780059642280307,-0.00019579843617101878,-0.004468938547922203,-0.0010871380321104006,-0.0017882024629994574,-0.00019202387932322333,0.002311121094358104,-0.0010833634752626053,0.004991857179280849,-0.0008913395959393819,0.0026807360849227455,RIGHT,5.777981021866139e-89,0.00010304186656775201,0.9998969581334324,6,0.002956126139354525,0.00017064432935625214,0.00026884358169213766,0.0010098459930694738,0.12708140028903153,0.868513139667496,Yaniv-LRJ(6)-4:7.csv_to_Ben-LRJ(1-6)-4:9.csv,LDA,False
lrj,Ben,Ben LRJ,Ben-LRJ(1-6)-4:9.csv,/Users/yanivnaggar/Desktop/Spring 2026/IS/OPENBCI_runs/Ben/Ben-LRJ(1-6)-4:9.csv,ben,JAW,6,3,False,-3,jaw,3,3->3,18,6,Ben::Ben-LRJ(1-6)-4:9.csv::trial_18,53267,54716,213.068,218.864,5.796,2,sliding,53392,53641,213.568,214.564,1.0,1.0,0.5,observed_count 3 vs expected_count 6,7.052707919945821e-05,0.6746346319493509,0.6746346356358418,6.835307018442832,0.45513188662543613,0.45513189159950507,0.0003201908997567733,0.15304237586969013,-0.0017004334655082588,0.43904851544283496,0.43905180831711416,3.7367575370593045,0.19276359891255732,0.19276649038652796,0.00020532240215954056,0.13282181496511658,-0.0002952708730283633,0.2272081827772352,0.2272083746383966,1.3957867962568846,0.05162355832093352,0.051623645505821984,3.358683151364086e-05,0.008192091760955662,-0.00278260381695219,0.28561624872927316,0.28562980310567065,2.1670473240822714,0.08157664153818205,0.08158438442218417,0.00012941418682423095,0.03672120577016315,0.00011486849759723274,0.020220560904573553,0.0002866040682431324,0.14485028410873446,0.00019077671293254235,0.11632117009952699,0.00017173557064589968,0.12462972320416092,7.590821533530961e-05,0.09610060919495343,-9.582735531059009e-05,-0.028529114009207487,JAW,1.0,6.391137135129146e-30,1.9726025687466455e-27,6,1.7731340527847684e-05,4.5540154365762113e-08,1.8933058287388543e-06,8.476286418087703e-06,0.28679723283851966,0.7131746206885513,Yaniv-LRJ(6)-4:7.csv_to_Ben-LRJ(1-6)-4:9.csv,LDA,True
lrj,Ben,Ben LRJ,Ben-LRJ(1-6)-4:9.csv,/Users/yanivnaggar/Desktop/Spring 2026/IS/OPENBCI_runs/Ben/Ben-LRJ(1-6)-4:9.csv,ben,JAW,6,3,False,-3,jaw,3,3->3,18,6,Ben::Ben-LRJ(1-6)-4:9.csv::trial_18,53267,54716,213.068,218.864,5.796,3,sliding,53517,53766,214.068,215.064,1.0,1.0,0.5,observed_count 3 vs expected_count 6,0.007738136500774384,1.3201166588679107,1.320139338015908,15.283054039587043,1.7427079930205758,1.74276787177708,3.5758499067076536e-05,0.8497203252693297,0.0031006389483873432,0.8750190802515936,0.8750245738070634,9.369414283857786,0.7656583908043447,0.765668004766233,0.00022350253171991489,0.39521093344774205,-0.00023392295663319772,0.28968724840596893,0.2896873428525506,1.8871427244930137,0.08391870188902155,0.08391875660897119,0.00027016262378583885,0.024840568861497818,0.0025846573947122795,0.5472585170981811,0.5472646206273051,5.527537776176567,0.2994918845365001,0.2994985649903481,3.997269078067691e-05,0.16004681089826078,-0.00018774403265283836,0.45450939182158767,-0.00023440412471876232,0.824879756407832,-4.214191713600375e-06,0.6896735143710689,-4.6660092065923967e-05,0.3703703645862442,0.000183529840939238,0.23516412254948127,0.00023018993300516195,-0.13520624203676296,JAW,1.0,2.765602734284777e-207,1.6777480647473107e-209,6,1.4376484826231892e-08,2.17341106283609e-24,2.6313891576960253e-13,4.004489668564533e-19,0.4215254565929666,0.5784745290302854,Yaniv-LRJ(6)-4:7.csv_to_Ben-LRJ(1-6)-4:9.csv,LDA,True
lrj,Ben,Ben LRJ,Ben-LRJ(1-6)-4:9.csv,/Users/yanivnaggar/Desktop/Spring 2026/IS/OPENBCI_runs/Ben/Ben-LRJ(1-6)-4:9.csv,ben,JAW,6,3,False,-3,jaw,3,3->3,18,6,Ben::Ben-LRJ(1-6)-4:9.csv::trial_18,53267,54716,213.068,218.864,5.796,4,sliding,53642,53891,214.568,215.564,1.0,1.0,0.5,observed_count 3 vs expected_count 6,-0.0006799389311120509,1.3016651457998512,1.301665323386583,15.283054039587043,1.6943321517901477,1.6943326141070976,8.672581404655153e-05,0.06224343788421486,-0.0004955192691900079,0.8683880463527882,0.8683881877292887,9.369414283857786,0.7540977990484123,0.7540980445877583,3.491329446033252e-05,0.02425766231330624,0.0010416580061792934,0.2960339221474803,0.2960357547888806,1.8871427244930137,0.08763608306202042,0.08763716811342226,0.0001137029410017965,0.008740424795634132,-0.0003248205970466724,0.5279185239758422,0.5279186239045295,5.527537776176567,0.2786979679568318,0.2786980734652521,5.063279794638384e-05,0.01379995926615086,5.181251958621901e-05,0.03798577557090862,-2.6977126955244965e-05,0.05350301308858073,3.609301610016769e-05,0.048443478618064,-7.878964654146398e-05,0.01551723751767211,-1.5719503486051323e-05,0.01045770304715538,6.307014305541265e-05,-0.005059534470516729,JAW,1.0,6.254474441414314e-123,1.998495019164831e-127,5,3.79407482654666e-08,3.5378961506527092e-12,3.7670737354494303e-11,4.308174708097983e-08,0.9992773106443511,0.0007226082919448348,Yaniv-LRJ(6)-4:7.csv_to_Ben-LRJ(1-6)-4:9.csv,LDA,False
lrj,Ben,Ben LRJ,Ben-LRJ(1-6)-4:9.csv,/Users/yanivnaggar/Desktop/Spring 2026/IS/OPENBCI_runs/Ben/Ben-LRJ(1-6)-4:9.csv,ben,JAW,6,3,False,-3,jaw,3,3->3,18,6,Ben::Ben-LRJ(1-6)-4:9.csv::trial_18,53267,54716,213.068,218.864,5.796,5,sliding,53767,54016,215.068,216.064,1.0,1.0,0.5,observed_count 3 vs expected_count 6,-0.0010253903139788054,0.8272457419222813,0.8272463774195941,7.243419090580004,0.6843355175285456,0.6843365689538415,0.00011099855488708226,0.06421692786720543,-0.004337963280425365,0.5594280413003815,0.5594448599447523,4.663082560165084,0.3129597333931813,0.3129785513186035,0.0001323084922935934,0.04316484357458862,-0.001629207958037183,0.2627275522155887,0.2627326036329816,1.6054885927836875,0.06902576669319489,0.06902842101176543,2.4746879742247614e-05,0.009450382456214023,-0.0023389120044795438,0.3076122012951148,0.30762109305928764,2.1012785795536573,0.09462526638562621,0.0946307368949909,4.928129703318951e-05,0.016719103078381415,-2.1309937406511147e-05,0.021052084292616804,8.625167514483465e-05,0.0547665454109914,6.171725785389274e-05,0.047497824788824014,0.0001075616125513458,0.033714461118374596,8.302719526040389e-05,0.026445740496207206,-2.45344172909419e-05,-0.007268720622167392,JAW,1.0,1.452072808498967e-45,5.483558166171544e-44,6,2.868717922595481e-05,1.2903606346447615e-05,0.0003783150735970963,0.0013514076809482232,0.4916835280260987,0.5065451584337836,Yaniv-LRJ(6)-4:7.csv_to_Ben-LRJ(1-6)-4:9.csv,LDA,True
lrj,Ben,Ben LRJ,Ben-LRJ(1-6)-4:9.csv,/Users/yanivnaggar/Desktop/Spring 2026/IS/OPENBCI_runs/Ben/Ben-LRJ(1-6)-4:9.csv,ben,JAW,6,3,False,-3,jaw,3,3->3,18,6,Ben::Ben-LRJ(1-6)-4:9.csv::trial_18,53267,54716,213.068,218.864,5.796,6,sliding,53892,54141,215.568,216.564,1.0,1.0,0.5,observed_count 3 vs expected_count 6,-0.001321607618165416,0.657331822738291,0.657333151325217,7.1132302351133045,0.43208512518444414,0.4320868718311406,0.00015613617336419122,0.061053895396914415,0.002337927173035931,0.4355695289519627,0.43557580333955775,4.636361794262532,0.18972081455143466,0.1897262804549011,0.000114282688467645,0.04908520810138584,0.000752621244532329,0.24362914961280982,0.24363031211201655,1.3510512391889602,0.05935516254106087,0.0593557289797986,3.7796332611463764e-05,0.018823109174238087,0.0008860417489469588,0.25630557169437207,0.25630710320153005,1.952854581829798,0.0656925460815789,0.06569333115155977,0.00012382006526737046,0.01101795586038943,4.185348489654622e-05,0.011968687295528573,0.00011833984075272745,0.04223078622267633,3.2316108096820754e-05,0.050035939536524986,7.648635585618123e-05,0.030262098927147756,-9.537376799725468e-06,0.03806725224099641,-8.60237326559067e-05,0.007805153313848658,JAW,0.9999989479574501,4.569657090768129e-09,1.0474728927014535e-06,5,6.307675319400309e-05,5.536400057873248e-06,2.3611357311033515e-05,0.0006099673354189671,0.5854906827094928,0.41380712544452536,Yaniv-LRJ(6)-4:7.csv_to_Ben-LRJ(1-6)-4:9.csv,LDA,False
lrj,Ben,Ben LRJ,Ben-LRJ(1-6)-4:9.csv,/Users/yanivnaggar/Desktop/Spring 2026/IS/OPENBCI_runs/Ben/Ben-LRJ(1-6)-4:9.csv,ben,JAW,6,3,False,-3,jaw,3,3->3,18,6,Ben::Ben-LRJ(1-6)-4:9.csv::trial_18,53267,54716,213.068,218.864,5.796,7,sliding,54017,54266,216.068,217.064,1.0,1.0,0.5,observed_count 3 vs expected_count 6,0.0011395351525141084,0.8675747935559412,0.8675755419293457,8.105324192472985,0.7526860224136341,0.7526873209539978,8.786505278235143e-05,0.25743590933953436,0.00485765206726585,0.5675268251315525,0.5675476138858364,6.520944680095733,0.32208669724389977,0.3221102940275064,6.210616401436218e-05,0.13582727946034864,0.002622605190906255,0.264587549331374,0.26460054670988425,1.6625944013351852,0.07000657126118227,0.07001344931916964,7.003877356970707e-05,0.026944369827553417,0.002170425055597665,0.3292842160147892,0.3292913689445812,3.5098567879446803,0.10842809491647434,0.10843280566139632,0.0001336641661560397,0.05038228357890913,2.575888876798925e-05,0.12160862987918572,1.7826279212644367e-05,0.23049153951198095,-4.579911337368826e-05,0.20705362576062525,-7.932609555344884e-06,0.10888290963279523,-7.155800214167751e-05,0.08544499588143951,-6.362539258633263e-05,-0.02343791375135571,JAW,1.0,6.035916695399984e-69,4.0608858699528245e-68,5,1.0429344723256081e-08,1.0120115729719695e-10,1.0617846743382991e-07,1.1970623911877038e-05,0.8285101989541372,0.1714777137129377,Yaniv-LRJ(6)-4:7.csv_to_Ben-LRJ(1-6)-4:9.csv,LDA,False
lrj,Ben,Ben LRJ,Ben-LRJ(1-6)-4:9.csv,/Users/yanivnaggar/Desktop/Spring 2026/IS/OPENBCI_runs/Ben/Ben-LRJ(1-6)-4:9.csv,ben,JAW,6,3,False,-3,jaw,3,3->3,18,6,Ben::Ben-LRJ(1-6)-4:9.csv::trial_18,53267,54716,213.068,218.864,5.796,8,sliding,54142,54391,216.568,217.564,1.0,1.0,0.5,observed_count 3 vs expected_count 6,0.009677745183597665,1.07893402049417,1.0789774229943614,8.105324192472985,1.164098620579714,1.164192279331553,0.0001584707953057743,0.04076468379475649,0.0027090207662358906,0.6922239338622957,0.6922292347230822,6.520944680095733,0.479173974611792,0.47918131340530395,0.00019083472294175762,0.0237634670637319,-0.001873845152000455,0.2728093166572958,0.2728157520207995,1.6625944013351852,0.07442492325502068,0.07442843455067435,0.000311236230385192,0.017450723704759717,0.0017240567528140547,0.38713841454027415,0.3871422534217159,3.5098567879446803,0.14987615201275717,0.1498791243844441,0.0002062261409611458,0.00622417821045785,-3.2363927635983315e-05,0.01700121673102459,-0.0001527654350794177,0.023313960089996776,-4.7755345655371505e-05,0.03454050558429864,-0.00012040150744343437,0.0063127433589721844,-1.539141801938819e-05,0.017539288853274052,0.00010501008942404618,0.011226545494301868,JAW,1.0,1.872898239348013e-77,1.1863690624874125e-78,5,1.7263895997846132e-08,1.9061107123837723e-05,3.77985756039264e-05,0.1325126886765224,0.8439774492039385,0.0234529851729152,Yaniv-LRJ(6)-4:7.csv_to_Ben-LRJ(1-6)-4:9.csv,LDA,False
lrj,Ben,Ben LRJ,Ben-LRJ(1-6)-4:9.csv,/Users/yanivnaggar/Desktop/Spring 2026/IS/OPENBCI_runs/Ben/Ben-LRJ(1-6)-4:9.csv,ben,JAW,6,3,False,-3,jaw,3,3->3,18,6,Ben::Ben-LRJ(1-6)-4:9.csv::trial_18,53267,54716,213.068,218.864,5.796,9,sliding,54267,54516,217.068,218.064,1.0,1.0,0.5,observed_count 3 vs expected_count 6,0.001788584957855052,0.8216560057010125,0.8216579523991073,6.857712334414079,0.6751185917045422,0.6751217907406937,0.00015088090878842976,0.11320689080800961,-0.0007408475548260549,0.4804819947119672,0.48048256586216564,4.360596948674796,0.23086294724239087,0.23086349609749035,0.00013356423831557666,0.07209086343545908,-0.0012067122595757233,0.2329348071188833,0.23293793276748373,1.3511543929854506,0.05425862436751137,0.054260080521988774,0.00016423945638849449,0.02374355249358917,-0.0009862128266350393,0.27539962888656266,0.27540139470706365,2.0355368860952785,0.07584495559085644,0.07584592820659587,8.82088970091069e-05,0.024794525191212485,1.7316670472853095e-05,0.04111602737255053,-1.335854760006473e-05,0.08946333831442044,6.267201177932285e-05,0.08841236561679712,-3.0675218072917824e-05,0.048347310941869906,4.5355341306469756e-05,0.04729633824424659,7.603055937938758e-05,-0.001050972697623314,JAW,1.0,4.290347721815108e-45,2.61781906338676e-42,5,5.145969169718819e-06,1.7966213281412314e-05,0.00015181083245516713,0.004687120512545246,0.5110944606085077,0.4840434958640409,Yaniv-LRJ(6)-4:7.csv_to_Ben-LRJ(1-6)-4:9.csv,LDA,False
lrj,Ben,Ben LRJ,Ben-LRJ(1-6)-4:9.csv,/Users/yanivnaggar/Desktop/Spring 2026/IS/OPENBCI_runs/Ben/Ben-LRJ(1-6)-4:9.csv,ben,JAW,6,3,False,-3,jaw,3,3->3,18,6,Ben::Ben-LRJ(1-6)-4:9.csv::trial_18,53267,54716,213.068,218.864,5.796,10,sliding,54392,54641,217.568,218.564,1.0,1.0,0.5,observed_count 3 vs expected_count 6,-0.01030096037293622,0.45791050579179876,0.4580263541534545,5.873414563907133,0.20968203131450094,0.2097881410991057,2.2414536276879714e-05,0.020880487006011438,-0.003324685247956901,0.24461828063967267,0.2446408730263764,1.9546428709478407,0.05983810322310965,0.05984915675510763,0.00016658220027880965,0.015767540485910506,0.0037386777078226964,0.23374460579339734,0.2337745034183875,1.245678446259994,0.054636540737510716,0.05465051844851368,0.00010711503168178978,0.011769930888460158,-0.0023865421639389177,0.17648200851724538,0.17649814422191903,1.4046004902625802,0.031145899330281075,0.031151594913781333,4.176463109597878e-05,0.007762225421026704,-0.00014416766400192994,0.005112946520100931,-8.470049540491007e-05,0.00911055611755128,-1.9350094819099068e-05,0.013118261584984733,5.946716859701987e-05,0.003997609597450349,0.00012481756918283085,0.008005315064883802,6.5350400585811e-05,0.004007705467433453,RIGHT,8.696043958483867e-53,7.281458442416314e-06,0.9999927185415576,5,0.01286796672437002,1.9162288213418792e-05,5.792639523342476e-05,0.00014123308233275178,0.6116448510214008,0.3752688604884497,Yaniv-LRJ(6)-4:7.csv_to_Ben-LRJ(1-6)-4:9.csv,LDA,False
lrj,Ben,Ben LRJ,Ben-LRJ(1-6)-4:9.csv,/Users/yanivnaggar/Desktop/Spring 2026/IS/OPENBCI_runs/Ben/Ben-LRJ(1-6)-4:9.csv,ben,LEFT,1,1,True,0,left_right,1,1->1,1,1,Ben::Ben-LRJ(1-6)-4:9.csv::trial_1,13213,13871,52.852,55.484,2.632,1,sliding,13213,13462,52.852,53.848,1.0,1.0,0.5,,-0.03455648207715146,0.4613410311984078,0.462633437529929,2.2404618561444103,0.21283554706721028,0.21402969752075876,0.018101349013717058,0.11086013994914001,-0.1482184146907366,0.5984284877176268,0.6165106271309855,2.646188552313559,0.35811665491200584,0.380085353365441,0.042801059515786416,0.08253672078445354,-0.021218044061780808,0.29449910526474,0.29526247373403225,1.4012753837816687,0.08672972300173241,0.08717992839554009,0.004927064697250605,0.011289051357742148,-0.013800846062923965,0.3883896176546834,0.3886347365509209,2.154265593334817,0.15084649510195117,0.1510369584540037,0.017281873056927737,0.05872793939602909,-0.024699710502069358,0.028323419164686475,0.013174284316466453,0.09957108859139786,0.0008194759567893214,0.05213220055311092,0.03787399481853581,0.07124766942671139,0.02551918645885868,0.023808781388424446,-0.012354808359677132,-0.04743888803828694,LEFT,0.009762627787678481,0.8277812462283434,0.16245612598397813,2,0.03692662366837749,0.8281244772249792,0.008977406217858135,0.001430531470132209,0.014724052458005765,0.10981690896064723,Yaniv-LRJ(6)-4:7.csv_to_Ben-LRJ(1-6)-4:9.csv,LogisticRegression,False
lrj,Ben,Ben LRJ,Ben-LRJ(1-6)-4:9.csv,/Users/yanivnaggar/Desktop/Spring 2026/IS/OPENBCI_runs/Ben/Ben-LRJ(1-6)-4:9.csv,ben,LEFT,1,1,True,0,left_right,1,1->1,1,1,Ben::Ben-LRJ(1-6)-4:9.csv::trial_1,13213,13871,52.852,55.484,2.632,2,sliding,13338,13587,53.352,54.348,1.0,1.0,0.5,,0.008035743163488745,0.4594846418888973,0.45955490346634076,2.2404618561444103,0.2111261361317682,0.21119070929995779,0.009073075312447335,0.11334770312939947,0.007079987048298079,0.5641870689810112,0.5642314906330455,2.6241905708053537,0.31830704880538435,0.31835717502198846,0.03585083045622179,0.05139089073254285,0.006800989672299611,0.2730332368668019,0.273117926717537,1.3555622600058936,0.07454714843396318,0.07459340189448589,0.003526107886719918,0.015273429699554237,-0.022327247816828766,0.38397319153481074,0.3846217854106844,2.154265593334817,0.14743541181742847,0.1479339178125026,0.012626496212520207,0.06939339638924734,-0.026777755143774454,0.061956812396856624,0.005546967425727417,0.09807427342984523,-0.003553420900072872,0.04395430674015213,0.03232472256950187,0.03611746103298861,0.023224334243701582,-0.01800250565670449,-0.009100388325800289,-0.0541199666896931,LEFT,0.004268537716774619,0.9538217550055844,0.041909707277640894,6,0.03971364118440509,0.023715143382999997,0.05786951985222957,0.00568801720789641,0.07540031968679968,0.7976133586856693,Yaniv-LRJ(6)-4:7.csv_to_Ben-LRJ(1-6)-4:9.csv,LogisticRegression,False
lrj,Ben,Ben LRJ,Ben-LRJ(1-6)-4:9.csv,/Users/yanivnaggar/Desktop/Spring 2026/IS/OPENBCI_runs/Ben/Ben-LRJ(1-6)-4:9.csv,ben,LEFT,1,1,True,0,left_right,1,1->1,1,1,Ben::Ben-LRJ(1-6)-4:9.csv::trial_1,13213,13871,52.852,55.484,2.632,3,sliding,13463,13712,53.852,54.848,1.0,1.0,0.5,,0.0033081992303583335,0.352228563346826,0.352244098629795,2.0204422417231642,0.12406496083736901,0.12407590501951674,0.016179456193661745,0.04782140806659044,0.0917142705990133,0.4507217495383441,0.4599582621699656,2.838440758217085,0.2031500955069058,0.2115616029384148,0.03843389982952005,0.050470138917789974,-0.01671477387081664,0.21907126067475766,0.21970799011228553,1.2085952712891141,0.04799221725362762,0.04827160091918016,0.008954306300252454,0.006133338552919884,-0.010606420836054866,0.28559358755361136,0.28579047117546413,1.3329291971053316,0.08156369725174228,0.08167619341469379,0.011308279524657766,0.034847400472327233,-0.022254443635858306,-0.0026487308511995364,0.007225149893409291,0.04168806951367055,0.004871176669003979,0.012974007594263204,0.029479593529267597,0.04433680036487009,0.027125620304862284,0.01562273844546274,-0.0023539732244053126,-0.028714061919407348,LEFT,0.0012374347728710234,0.9521112454889994,0.04665131973812958,6,0.1792650087441151,0.0007074606703590499,0.08278881046422759,0.010317236450042105,0.22260871439436836,0.5043127692768878,Yaniv-LRJ(6)-4:7.csv_to_Ben-LRJ(1-6)-4:9.csv,LogisticRegression,False
lrj,Ben,Ben LRJ,Ben-LRJ(1-6)-4:9.csv,/Users/yanivnaggar/Desktop/Spring 2026/IS/OPENBCI_runs/Ben/Ben-LRJ(1-6)-4:9.csv,ben,LEFT,1,1,True,0,left_right,1,1->1,1,1,Ben::Ben-LRJ(1-6)-4:9.csv::trial_1,13213,13871,52.852,55.484,2.632,4,sliding,13588,13837,54.352,55.348,1.0,1.0,0.5,,0.014569601013057234,0.3171535038384443,0.31748798130115385,1.5161757169602588,0.10058634499700211,0.1007986182706818,0.007158506229769417,0.06370909703062509,-0.009153593765130344,0.44091354946265193,0.44100855590177773,2.7140675563449257,0.1944047580997544,0.1944885463785714,0.018119588202770626,0.07655449493126698,-0.01687889409238979,0.1973352426506884,0.19805578774120233,1.0130786621712866,0.03894119799200608,0.03922609505778819,0.004712578460971168,0.008246783851000989,0.039050943344371765,0.2574306267580725,0.2603756973473894,1.2954652375462277,0.06627052759305402,0.06779550376913934,0.010816102505177831,0.03886639986200278,-0.010961081973001208,-0.012845397900641889,0.0024459277687982495,0.055462313179624106,-0.003657596275408414,0.024842697168622314,0.013407009741799458,0.068307711080266,0.0073034856975927945,0.0376880950692642,-0.006103524044206663,-0.03061961601100179,LEFT,0.0031040169608337526,0.6926301066977528,0.3042658763414134,1,0.5906741191132482,0.007142752255059067,0.0064593364275009404,0.0025304039380946814,0.0548532906538864,0.3383400976122107,Yaniv-LRJ(6)-4:7.csv_to_Ben-LRJ(1-6)-4:9.csv,LogisticRegression,True
lrj,Ben,Ben LRJ,Ben-LRJ(1-6)-4:9.csv,/Users/yanivnaggar/Desktop/Spring 2026/IS/OPENBCI_runs/Ben/Ben-LRJ(1-6)-4:9.csv,ben,LEFT,2,2,True,0,left_right,1,1->1,2,2,Ben::Ben-LRJ(1-6)-4:9.csv::trial_2,15213,15830,60.852,63.32,2.468,1,sliding,15213,15462,60.852,61.848,1.0,1.0,0.5,,-0.007376733220316286,0.38021801803934213,0.38028957050485773,2.1062899814526,0.1445657412417655,0.14462015743476916,0.028538947836220623,0.06447386135880077,0.027255767704906574,0.48602882414098114,0.48679245553834194,2.3897554858860945,0.23622401789586478,0.2369668947690486,0.02446747983788789,0.059443909020396556,-0.004159276947864754,0.3889494225097952,0.38897166073562767,1.8191008254899312,0.15128165327070317,0.1512989528554322,0.006501327729269569,0.00818829089621156,-0.022930371074616346,0.32981602129975973,0.33061217434272316,1.6776290945966525,0.10877860790600358,0.10930440982362319,0.013650756166714049,0.037513531377972864,0.004071467998332731,0.005029952338404219,0.022037620106951053,0.05628557046258921,0.014888191669506574,0.02696032998082791,0.017966152108618322,0.051255618124185,0.010816723671173843,0.02193037764242369,-0.00714942843744448,-0.029325240481761303,LEFT,0.0064496304282336,0.8010078725058204,0.192542497065946,3,0.06522348277143103,0.014478847853850394,0.3627747730991456,0.03327553662357548,0.3114088411083845,0.21283851854361302,Yaniv-LRJ(6)-4:7.csv_to_Ben-LRJ(1-6)-4:9.csv,LogisticRegression,False
lrj,Ben,Ben LRJ,Ben-LRJ(1-6)-4:9.csv,/Users/yanivnaggar/Desktop/Spring 2026/IS/OPENBCI_runs/Ben/Ben-LRJ(1-6)-4:9.csv,ben,LEFT,2,2,True,0,left_right,1,1->1,2,2,Ben::Ben-LRJ(1-6)-4:9.csv::trial_2,15213,15830,60.852,63.32,2.468,2,sliding,15338,15587,61.352,62.348,1.0,1.0,0.5,,0.0075189783847066675,0.4330984055037896,0.4331636687048841,2.1062899814526,0.18757422884992495,0.1876307638858746,0.012537763436926135,0.14876975117741364,-0.0530839387356522,0.5122990443433532,0.5150419549772653,2.3091542935132146,0.2624503108351129,0.2652682153868034,0.08077517214862621,0.13483932180440325,-0.03314119535276487,0.4024834357739017,0.4038455829915373,1.7481957900060152,0.1619929160723645,0.16309125490177462,0.005003424661974722,0.018064772262852365,-0.001923669828238244,0.3766285923406229,0.3766335049807534,1.7143854887547263,0.14184909656847913,0.14185279707408718,0.027022289954182658,0.08570271272198506,-0.06823740871170009,0.013930429373010395,0.007534338774951413,0.1307049789145613,-0.014484526517256523,0.06306703845542859,0.0757717474866515,0.11677454954155089,0.05375288219444356,0.049136609082418195,-0.022018865292207937,-0.06763794045913268,RIGHT,0.012799906977883063,0.45224011851842744,0.5349599745036895,2,0.26552227576629106,0.5343601757738954,0.005635903768961791,0.00599701723527261,0.1312881064332567,0.057196521022322484,Yaniv-LRJ(6)-4:7.csv_to_Ben-LRJ(1-6)-4:9.csv,LogisticRegression,False
lrj,Ben,Ben LRJ,Ben-LRJ(1-6)-4:9.csv,/Users/yanivnaggar/Desktop/Spring 2026/IS/OPENBCI_runs/Ben/Ben-LRJ(1-6)-4:9.csv,ben,LEFT,2,2,True,0,left_right,1,1->1,2,2,Ben::Ben-LRJ(1-6)-4:9.csv::trial_2,15213,15830,60.852,63.32,2.468,3,sliding,15463,15712,61.852,62.848,1.0,1.0,0.5,,-0.009525247118070228,0.41088105974742967,0.41099145440243795,1.9928700866957034,0.1688232452591709,0.16891397559183122,0.012160429050791951,0.11465346842256881,-0.002894025457988171,0.4830378320259392,0.48304650143818556,2.2369237542097493,0.23332554716831946,0.23333392255167099,0.02767060883481928,0.10608462647986827,0.01269472864794799,0.31006275199054156,0.31032251981993364,1.541898715775762,0.09613891017194807,0.0963000663073931,0.0019383490844561684,0.020796222595415352,0.0021833548645625624,0.34082086725883043,0.34082786065333026,1.6388762256805225,0.11615886355906131,0.11616363059752591,0.007699981975018378,0.07249612060692609,-0.015510179784027328,0.008568841942700536,0.010222079966335782,0.09385724582715346,0.0044604470757735725,0.04215734781564272,0.025732259750363112,0.08528840388445291,0.019970626859800902,0.03358850587294218,-0.00576163289056221,-0.05169989801151074,LEFT,0.008139159663291375,0.7668375235193864,0.22502331681732213,6,0.1297042932917894,0.01148143748808943,0.07182051050044568,0.005553371304475245,0.12766697482413994,0.6537734125910604,Yaniv-LRJ(6)-4:7.csv_to_Ben-LRJ(1-6)-4:9.csv,LogisticRegression,False
lrj,Ben,Ben LRJ,Ben-LRJ(1-6)-4:9.csv,/Users/yanivnaggar/Desktop/Spring 2026/IS/OPENBCI_runs/Ben/Ben-LRJ(1-6)-4:9.csv,ben,LEFT,3,3,True,0,left_right,1,1->1,3,3,Ben::Ben-LRJ(1-6)-4:9.csv::trial_3,17031,17648,68.124,70.592,2.468,1,sliding,17031,17280,68.124,69.12,1.0,1.0,0.5,,-0.012683274257252998,0.4237721409749556,0.42396190030754216,2.1476904896197144,0.17958282746649765,0.17974369291238232,0.024201829217399003,0.09254209714199887,-0.013499852352196562,0.45843684614837593,0.4586355720176977,2.2597255057006,0.2101643419064697,0.2103465879200008,0.10382127534956427,0.06267472384049769,-0.03310859541329896,0.3236032318365909,0.32529253103218947,1.7726044471522298,0.10471905165508641,0.10581523074532793,0.006128100230787015,0.013658485820003098,-0.027144393053350233,0.33993003454314424,0.34101209136735605,1.6825928083049317,0.11555242838450323,0.11628924645873798,0.015012190904064056,0.051508905166126134,-0.07961944613216526,0.029867373301501188,0.018073728986611987,0.07888361132199578,0.009189638313334947,0.04103319197587274,0.09769317511877726,0.04901623802049459,0.08880908444550022,0.011165818674371553,-0.00888409067327704,-0.037850419346123036,LEFT,0.0028519135273682196,0.8659298216060648,0.13121826486656699,2,0.07569902235104334,0.7873457142551114,0.030263663607884524,0.013362549216248252,0.06476702744528562,0.02856202312442688,Yaniv-LRJ(6)-4:7.csv_to_Ben-LRJ(1-6)-4:9.csv,LogisticRegression,False
lrj,Ben,Ben LRJ,Ben-LRJ(1-6)-4:9.csv,/Users/yanivnaggar/Desktop/Spring 2026/IS/OPENBCI_runs/Ben/Ben-LRJ(1-6)-4:9.csv,ben,LEFT,3,3,True,0,left_right,1,1->1,3,3,Ben::Ben-LRJ(1-6)-4:9.csv::trial_3,17031,17648,68.124,70.592,2.468,2,sliding,17156,17405,68.624,69.62,1.0,1.0,0.5,,0.023593019876228888,0.4281951581698355,0.4288446386128321,2.059956117607618,0.18335109348009046,0.1839077240669706,0.0161163980469018,0.1055022920312622,0.012405292360975467,0.470593067701794,0.47075654711065523,2.434102148637262,0.22145783536898528,0.22161172664754655,0.05192826368786509,0.04138944656659677,0.07301722368240002,0.38812289546117973,0.3949315091702047,1.8937692774291808,0.15063938198116983,0.15597089693545546,0.0050933254336278455,0.014351634580959612,0.013506769242514061,0.37827836179250446,0.3785194206586915,1.725454367071137,0.1430945190004209,0.14327695181579142,0.01623828952938724,0.05843544484591422,-0.03581186564096329,0.06411284546466542,0.011023072613273954,0.09115065745030258,-0.00012189148248543946,0.04706684718534798,0.04683493825423724,0.02703781198563716,0.03568997415847785,-0.017045998279317444,-0.011144964095759394,-0.0440838102649546,LEFT,0.007975463500193933,0.8074790278915873,0.18454550860821864,2,0.07428121695506859,0.4910344142075668,0.1189370382437134,0.027864624360709498,0.12368357523327271,0.16419913099966899,Yaniv-LRJ(6)-4:7.csv_to_Ben-LRJ(1-6)-4:9.csv,LogisticRegression,False
lrj,Ben,Ben LRJ,Ben-LRJ(1-6)-4:9.csv,/Users/yanivnaggar/Desktop/Spring 2026/IS/OPENBCI_runs/Ben/Ben-LRJ(1-6)-4:9.csv,ben,LEFT,3,3,True,0,left_right,1,1->1,3,3,Ben::Ben-LRJ(1-6)-4:9.csv::trial_3,17031,17648,68.124,70.592,2.468,3,sliding,17281,17530,69.124,70.12,1.0,1.0,0.5,,0.020524445343665543,0.3599969667314274,0.360581570400504,1.742419331125573,0.12959781605582846,0.1300190689124936,0.009465240279239492,0.0886380003316121,0.010286595621046779,0.4723666638358909,0.47247865470613637,2.138211610906155,0.22313026510344952,0.22323607915292046,0.0673322032283512,0.06535391433518817,-0.0689399705446671,0.3758574701118824,0.38212767156750654,1.7598183138635517,0.14126883783890457,0.14602155737760417,0.006502903026108909,0.012368377281378705,0.020307606630424205,0.32220688598964614,0.32284621147877957,1.65899819062889,0.10381727737914483,0.10422967626620086,0.009130482755774553,0.05892758051310367,-0.057866962949111714,0.023284085996423926,0.002962337253130583,0.07626962305023338,0.00033475752346493956,0.029710419818508423,0.060829300202242295,0.05298553705380946,0.05820172047257666,0.006426333822084497,-0.0026275797296656436,-0.046559203231724966,LEFT,0.005903843759447924,0.5477651955431903,0.4463309606973618,1,0.5184739699714502,0.13367494088185458,0.026251938730779988,0.04251641951749934,0.17683461485034122,0.10224811604807475,Yaniv-LRJ(6)-4:7.csv_to_Ben-LRJ(1-6)-4:9.csv,LogisticRegression,False
lrj,Ben,Ben LRJ,Ben-LRJ(1-6)-4:9.csv,/Users/yanivnaggar/Desktop/Spring 2026/IS/OPENBCI_runs/Ben/Ben-LRJ(1-6)-4:9.csv,ben,LEFT,4,2,False,-2,left_right,1,1->1,4,4,Ben::Ben-LRJ(1-6)-4:9.csv::trial_4,18840,19726,75.36,78.904,3.544,1,sliding,18840,19089,75.36,76.356,1.0,1.0,0.5,observed_count 2 vs expected_count 4,0.046677526274005246,0.4117693999724166,0.41440660010755676,2.282489067206394,0.16955403875364403,0.17173283021270447,0.005203062749428765,0.08494050052907401,0.04761534179229159,0.6126474425910337,0.6144950037936278,3.4182448911771166,0.3753368889133339,0.37760410968733066,0.019295364427671522,0.06444908974760273,-0.08171768661950074,0.5977994056945832,0.6033588565316995,2.8031003143057376,0.357364129448797,0.3640419097552399,0.004041879711206005,0.010313154357594393,0.033740365904703216,0.28037198387603574,0.2823948682854689,1.3904428829432738,0.07860844934258404,0.07974686163396731,0.0025904704909696487,0.03517854686002465,-0.014092301678242757,0.020491410781471278,0.0011611830382227606,0.07462734617147962,0.0026125922584591165,0.04976195366904936,0.015253484716465517,0.05413593539000834,0.016704893936701874,0.029270542887578084,0.001451409220236356,-0.024865392502430254,RIGHT,0.014756102810622784,0.040525781917532706,0.9447181152718446,1,0.5397197749774367,0.006958622730930879,0.10205176622901867,0.09164303799760933,0.24375583620460217,0.01587096186040215,Yaniv-LRJ(6)-4:7.csv_to_Ben-LRJ(1-6)-4:9.csv,LogisticRegression,False
lrj,Ben,Ben LRJ,Ben-LRJ(1-6)-4:9.csv,/Users/yanivnaggar/Desktop/Spring 2026/IS/OPENBCI_runs/Ben/Ben-LRJ(1-6)-4:9.csv,ben,LEFT,4,2,False,-2,left_right,1,1->1,4,4,Ben::Ben-LRJ(1-6)-4:9.csv::trial_4,18840,19726,75.36,78.904,3.544,2,sliding,18965,19214,75.86,76.856,1.0,1.0,0.5,observed_count 2 vs expected_count 4,0.007150576577972544,0.4601592365422396,0.4602147908537211,2.2759355641896937,0.21174652297513682,0.21179765372053425,0.016404779916166054,0.0892527736573898,-0.0665871371284637,0.6243838802885078,0.6279244196518388,3.52847563808857,0.3898552299641336,0.3942890767950985,0.07039113754790226,0.06064110660418411,0.07587236398684104,0.6925550211372676,0.6966986959363373,3.002368105320727,0.4796324573024412,0.4853890729193929,0.0061632044195619375,0.015398611906051768,-0.026034268103389102,0.30515449155822644,0.306263035369662,1.7099580733074147,0.09311926371815969,0.09379704683383883,0.009321820029889936,0.05118741884176484,-0.053986357631736204,0.02861166705320569,0.010241575496604116,0.07385416175133803,0.007082959886276118,0.038065354815624966,0.06422793312834033,0.045242494698132345,0.061069317518012325,0.009453687762419276,-0.0031586156103279982,-0.03578880693571307,RIGHT,0.013983119242685782,0.02823414794932612,0.9577827328079881,2,0.006418628249000154,0.897365848701148,0.07087191835511607,0.004099498238585132,0.020558320304857672,0.0006857861512928195,Yaniv-LRJ(6)-4:7.csv_to_Ben-LRJ(1-6)-4:9.csv,LogisticRegression,False
lrj,Ben,Ben LRJ,Ben-LRJ(1-6)-4:9.csv,/Users/yanivnaggar/Desktop/Spring 2026/IS/OPENBCI_runs/Ben/Ben-LRJ(1-6)-4:9.csv,ben,LEFT,4,2,False,-2,left_right,1,1->1,4,4,Ben::Ben-LRJ(1-6)-4:9.csv::trial_4,18840,19726,75.36,78.904,3.544,3,sliding,19090,19339,76.36,77.356,1.0,1.0,0.5,observed_count 2 vs expected_count 4,-0.0399241544928388,0.4298978571810545,0.4317477338919457,2.213992948756591,0.18481216760886235,0.18640610572083038,0.010062465403488917,0.09275121504713026,-0.05508718222579833,0.5170633635783853,0.5199895379722287,2.6457964398973104,0.26735452195499354,0.2703891196005719,0.013755734866810993,0.08643755186386792,0.09677470545808063,0.715084313091363,0.7216030199811005,2.7589071787276085,0.5113455748293464,0.5207109184458446,0.008729297890835179,0.014951003185251782,-0.041731822436007246,0.3347878536919325,0.337378795989732,1.7192184277030023,0.1120829069796508,0.11382445198348123,0.00603764310928258,0.06180156202546628,-0.003693269463322076,0.006313663183262333,0.0013331675126537386,0.07780021186187848,0.004024822294206337,0.030949653021663977,0.0050264369759758145,0.07148654867861615,0.007718091757528413,0.024635989838401644,0.0026916547815525986,-0.046850558840214496,RIGHT,0.00900420809452749,0.006816608382693397,0.9841791835227791,3,0.0015924133964882665,0.015035331189671328,0.9251176465888649,0.004740743479739944,0.04258873617130697,0.010925129173928643,Yaniv-LRJ(6)-4:7.csv_to_Ben-LRJ(1-6)-4:9.csv,LogisticRegression,False
lrj,Ben,Ben LRJ,Ben-LRJ(1-6)-4:9.csv,/Users/yanivnaggar/Desktop/Spring 2026/IS/OPENBCI_runs/Ben/Ben-LRJ(1-6)-4:9.csv,ben,LEFT,4,2,False,-2,left_right,1,1->1,4,4,Ben::Ben-LRJ(1-6)-4:9.csv::trial_4,18840,19726,75.36,78.904,3.544,4,sliding,19215,19464,76.86,77.856,1.0,1.0,0.5,observed_count 2 vs expected_count 4,-0.020725173947379275,0.44241826106315346,0.44290343254178305,2.1864802800166236,0.19573391772214463,0.19616345055729378,0.01031842368025622,0.11577619468649569,0.04615973455098971,0.5014903772529207,0.5036102854103504,2.4369546873203634,0.2514925984772767,0.2536233195710946,0.013724100506419819,0.060762301460130425,-0.12296798328581111,0.5931816068527086,0.6057933175776543,2.7589071787276085,0.3518644187083613,0.36698554362174074,0.00721805022138408,0.019019345353167735,0.0017505664292632073,0.3308091643466662,0.33081379611280254,1.745650824061333,0.10943470321573961,0.10943776769856288,0.010063357646924401,0.06451452892694755,-0.003405676826163599,0.05501389322636527,0.00310037345887214,0.09675684933332795,0.0002550660333318182,0.051261665759548145,0.006506050285035739,0.041742956106962686,0.0036607428594954174,-0.0037522274668171235,-0.0028453074255403218,-0.04549518357377981,RIGHT,0.01460910269451214,0.06558631159175378,0.9198045857137341,3,0.04512506986575695,0.0006690175583137761,0.4829660098859356,0.20046453706102393,0.21594951166188908,0.05482585396708063,Yaniv-LRJ(6)-4:7.csv_to_Ben-LRJ(1-6)-4:9.csv,LogisticRegression,False
lrj,Ben,Ben LRJ,Ben-LRJ(1-6)-4:9.csv,/Users/yanivnaggar/Desktop/Spring 2026/IS/OPENBCI_runs/Ben/Ben-LRJ(1-6)-4:9.csv,ben,LEFT,4,2,False,-2,left_right,1,1->1,4,4,Ben::Ben-LRJ(1-6)-4:9.csv::trial_4,18840,19726,75.36,78.904,3.544,5,sliding,19340,19589,77.36,78.356,1.0,1.0,0.5,observed_count 2 vs expected_count 4,-0.041546568272308924,0.4665038714716416,0.46835027429610365,2.1864802800166236,0.2176258620980299,0.2193519794332355,0.0031129074309332494,0.08545937291685617,-0.024866908236287948,0.4480578280156877,0.4487473458098305,2.375423133547095,0.20075581724613561,0.2013741803713676,0.030204539614024698,0.05233349249206357,0.002461328327220201,0.2915518346820053,0.2915622239652759,1.4462894068490355,0.08500247230644334,0.08500853044357772,0.004129475321246532,0.0111936823970842,-0.008197333202476152,0.3407071808818433,0.3408057795520574,1.745650824061333,0.1160813831044531,0.11614857937608551,0.005855579006516229,0.0437481496982457,-0.02709163218309145,0.03312588042479259,-0.0010165678903132822,0.07426569051977197,-0.0027426715755829796,0.04171122321861047,0.026075064292778165,0.04113981009497937,0.02434896060750847,0.008585342793817875,-0.0017261036852696974,-0.032554467301161495,LEFT,0.007147658318673683,0.6507088335496178,0.3421435081317086,6,0.07208656245779563,0.028447228935994606,0.2338575861994649,0.009076491331051487,0.051256775361283174,0.6052753557144103,Yaniv-LRJ(6)-4:7.csv_to_Ben-LRJ(1-6)-4:9.csv,LogisticRegression,False
lrj,Ben,Ben LRJ,Ben-LRJ(1-6)-4:9.csv,/Users/yanivnaggar/Desktop/Spring 2026/IS/OPENBCI_runs/Ben/Ben-LRJ(1-6)-4:9.csv,ben,LEFT,4,2,False,-2,left_right,1,1->1,4,4,Ben::Ben-LRJ(1-6)-4:9.csv::trial_4,18840,19726,75.36,78.904,3.544,6,sliding,19465,19714,77.86,78.856,1.0,1.0,0.5,observed_count 2 vs expected_count 4,-0.017147558417752947,0.4604878369245605,0.4608069950805336,2.1693667200600855,0.21204904795546065,0.2123430867151509,0.007825789597953476,0.11382999515617456,-0.049738015216191186,0.5251964594179064,0.5275463876691324,2.2662122616969667,0.27583132098510454,0.2783051911427506,0.08745105589078832,0.07494636137562066,0.0771888956469044,0.32566881179701157,0.3346913512304524,1.551074202504441,0.10606017497727735,0.11201830058846605,0.003385477996263418,0.020554525658632455,-0.0034431609770373506,0.33552528256439057,0.3355429489609757,1.4896420967654023,0.11257721523991415,0.11258907059742794,0.006605957159086408,0.06611050914074644,-0.07962526629283484,0.0388836337805539,0.004440311601690058,0.0932754694975421,0.0012198324388670682,0.04771948601542812,0.0840655778945249,0.054391835716988204,0.08084509873170191,0.008835852234874222,-0.00322047916282299,-0.04555598348211398,LEFT,0.006077839080410455,0.7848370450720136,0.20908511584757597,2,0.06508114283730917,0.8269208184789464,0.038515749609056654,0.0016975544388990655,0.020715767813921943,0.04706896682186665,Yaniv-LRJ(6)-4:7.csv_to_Ben-LRJ(1-6)-4:9.csv,LogisticRegression,False
lrj,Ben,Ben LRJ,Ben-LRJ(1-6)-4:9.csv,/Users/yanivnaggar/Desktop/Spring 2026/IS/OPENBCI_runs/Ben/Ben-LRJ(1-6)-4:9.csv,ben,LEFT,5,2,False,-3,left_right,1,1->1,5,5,Ben::Ben-LRJ(1-6)-4:9.csv::trial_5,21030,22322,84.12,89.288,5.168,1,sliding,21030,21279,84.12,85.116,1.0,1.0,0.5,observed_count 2 vs expected_count 5,-0.003882882117726588,0.3731269831722226,0.37314718589953777,1.8737240259891226,0.13922374557120407,0.13923882234474422,0.0034541283323380125,0.10120599724421432,0.06516592687323194,0.473605123745361,0.4780673710504683,2.034362123113049,0.22430181323785872,0.22854841126310615,0.0414564954584552,0.04259700161489425,-0.026249892168781853,0.3165764161496022,0.3176628465858083,1.4470675929671941,0.1002206272621261,0.10090968410099878,0.004733591311972632,0.020280824544393224,0.04801395947489489,0.34541576693034154,0.3487368525816176,1.4244633187730624,0.11931205204407602,0.12161739234853287,0.01622392713666904,0.06381239275743512,-0.03800236712611719,0.05860899562932007,-0.0012794629796346198,0.0809251726998211,-0.012769798804331028,0.0373936044867792,0.03672290414648257,0.022316177070501025,0.02523256832178616,-0.021215391142540875,-0.011490335824696407,-0.043531568213041896,LEFT,0.004206251694986483,0.8699991311033792,0.12579461720163426,1,0.45710092733680835,0.003566848054427284,0.05838077431548912,0.055853899376564785,0.1271013235968649,0.2979962273198456,Yaniv-LRJ(6)-4:7.csv_to_Ben-LRJ(1-6)-4:9.csv,LogisticRegression,False
lrj,Ben,Ben LRJ,Ben-LRJ(1-6)-4:9.csv,/Users/yanivnaggar/Desktop/Spring 2026/IS/OPENBCI_runs/Ben/Ben-LRJ(1-6)-4:9.csv,ben,LEFT,5,2,False,-3,left_right,1,1->1,5,5,Ben::Ben-LRJ(1-6)-4:9.csv::trial_5,21030,22322,84.12,89.288,5.168,2,sliding,21155,21404,84.62,85.616,1.0,1.0,0.5,observed_count 2 vs expected_count 5,0.01673496633938171,0.3875333309815075,0.38789449818217697,1.9507499936916333,0.15018208262162264,0.15046214172000288,0.011320211101102843,0.0635723955782337,0.03346569817558154,0.5052567596681599,0.5063638475886166,2.2985466483238577,0.2552843931903686,0.2564043461447478,0.08593210356664888,0.06483893540710739,-0.01190770190392471,0.31946870049002524,0.31969054405380554,1.5350810322939217,0.10206025059278546,0.10220204395741819,0.007963828488720967,0.011384705188032656,-0.015979243112393543,0.34214056811626653,0.34251351004211,1.4908414137183197,0.11706016835092163,0.11731550456136661,0.016774851434200613,0.03833088850193763,-0.07461189246554603,-0.001266539828873689,0.003356382612381876,0.05218769039020105,-0.00545464033309777,0.02524150707629607,0.0779682750779279,0.053454230219074736,0.06915725213244826,0.02650804690516976,-0.008811022945479646,-0.026946183313904977,LEFT,0.003414027559962558,0.8547266141682872,0.14185935827175017,1,0.4492840374524079,0.22300939917204182,0.030980868974417163,0.025724425120090228,0.19557622717405482,0.07542504210698789,Yaniv-LRJ(6)-4:7.csv_to_Ben-LRJ(1-6)-4:9.csv,LogisticRegression,False
lrj,Ben,Ben LRJ,Ben-LRJ(1-6)-4:9.csv,/Users/yanivnaggar/Desktop/Spring 2026/IS/OPENBCI_runs/Ben/Ben-LRJ(1-6)-4:9.csv,ben,LEFT,5,2,False,-3,left_right,1,1->1,5,5,Ben::Ben-LRJ(1-6)-4:9.csv::trial_5,21030,22322,84.12,89.288,5.168,3,sliding,21280,21529,85.12,86.116,1.0,1.0,0.5,observed_count 2 vs expected_count 5,-0.029710579097589965,0.36526115862392494,0.3664675053938701,1.8706394455347952,0.13341571399929206,0.13429843250960619,0.008497794931314683,0.10020714722049963,-0.19318303297092235,0.5567104200567959,0.5892759761161647,2.5630914173538146,0.30992649179981413,0.3472461760276586,0.04985485838689418,0.04117924318946538,-0.006513813404090222,0.2720004256957652,0.27207841028597035,1.476723854501318,0.0739842315786775,0.07402666134374081,0.004342777297678536,0.010135409147384986,-0.04488719481695134,0.29640496938566985,0.2997845328482689,1.4908414137183197,0.08785590587651988,0.08987076613505482,0.00569445603125286,0.051801658291523056,-0.0413570634555795,0.05902790403103425,0.004155017633636147,0.09007173807311464,0.0028033389000618227,0.04840548892897657,0.045512081089215645,0.031043834042080394,0.044160402355641316,-0.010622415102057678,-0.001351678733574324,-0.04166624914413807,LEFT,0.005162067202127084,0.6009049499488583,0.3939329828490146,2,0.00217647712955066,0.9836361022369051,0.002649712040828552,5.116896324281869e-05,0.0005029610825773696,0.010983578546895509,Yaniv-LRJ(6)-4:7.csv_to_Ben-LRJ(1-6)-4:9.csv,LogisticRegression,False
lrj,Ben,Ben LRJ,Ben-LRJ(1-6)-4:9.csv,/Users/yanivnaggar/Desktop/Spring 2026/IS/OPENBCI_runs/Ben/Ben-LRJ(1-6)-4:9.csv,ben,LEFT,5,2,False,-3,left_right,1,1->1,5,5,Ben::Ben-LRJ(1-6)-4:9.csv::trial_5,21030,22322,84.12,89.288,5.168,4,sliding,21405,21654,85.62,86.616,1.0,1.0,0.5,observed_count 2 vs expected_count 5,-0.005045027075309928,0.31048515346282607,0.3105261387049813,1.6014454602266555,0.09640103052083467,0.09642648281902527,0.0021501575986147977,0.042392063558860216,-0.13092034315857703,1.7385148640556192,1.7434374289876557,7.438733500219387,3.0224339325423277,3.039574068795087,0.06815821821676786,0.035017535845825586,0.05100124741087835,0.2688409659110718,0.27363587518719784,1.334444482981815,0.07227546495199809,0.07487659218946373,0.006060544532128656,0.007194704783558175,-0.012826112819493113,0.2639388260245794,0.26425028486889385,1.4429545197508116,0.06966370388323319,0.06982821305329155,0.0022640383956766563,0.024488761537234883,-0.06600806061815306,0.00737452771303463,-0.003910386933513858,0.03519735877530204,-0.00011388079706185859,0.017903302021625333,0.062097673684639206,0.027822831062267413,0.0658941798210912,0.010528774308590703,0.003796506136452,-0.017294056753676706,LEFT,0.0012040678967978763,0.998791587167593,4.344935609177172e-06,1,0.9998740892038313,3.5726282510235945e-06,4.262350461063373e-06,7.639088175422017e-09,8.996786173942851e-05,2.8100316629201718e-05,Yaniv-LRJ(6)-4:7.csv_to_Ben-LRJ(1-6)-4:9.csv,LogisticRegression,False
lrj,Ben,Ben LRJ,Ben-LRJ(1-6)-4:9.csv,/Users/yanivnaggar/Desktop/Spring 2026/IS/OPENBCI_runs/Ben/Ben-LRJ(1-6)-4:9.csv,ben,LEFT,5,2,False,-3,left_right,1,1->1,5,5,Ben::Ben-LRJ(1-6)-4:9.csv::trial_5,21030,22322,84.12,89.288,5.168,5,sliding,21530,21779,86.12,87.116,1.0,1.0,0.5,observed_count 2 vs expected_count 5,0.036393482181052705,0.3642342746617748,0.36604793727550466,1.8031542207587905,0.1326666068383892,0.1339910923836518,0.009428252068244576,0.07202568247731701,0.17264861475565374,1.731250666059273,1.7398380421486714,7.438733500219387,2.9972288687306765,3.0270364129077225,0.03143404349377452,0.0910476633184214,0.04141982633768078,0.32354756394113693,0.3261880257552195,1.6408430690792657,0.10468302613224409,0.10639862814608773,0.00945973661076383,0.010502312710272611,0.010221603619199972,0.3221247612935729,0.3222868955123515,1.6836589674620939,0.10376436183844133,0.10386884301898937,0.015652868058322972,0.03378696655450955,-0.02200579142552995,-0.01902198084110439,-3.1484542519253506e-05,0.0615233697670444,-0.006224615990078395,0.03823871592280746,0.02197430688301069,0.0805453506081488,0.01578117543545155,0.05726069676391185,-0.006193131447559142,-0.02328465384423694,LEFT,0.0010645805975570738,0.9989349892477116,4.301547313318853e-07,1,0.9977211115275771,9.808602855506048e-12,7.554159267019804e-06,4.514133987535847e-08,0.002216132331863725,5.515683014356041e-05,Yaniv-LRJ(6)-4:7.csv_to_Ben-LRJ(1-6)-4:9.csv,LogisticRegression,False
lrj,Ben,Ben LRJ,Ben-LRJ(1-6)-4:9.csv,/Users/yanivnaggar/Desktop/Spring 2026/IS/OPENBCI_runs/Ben/Ben-LRJ(1-6)-4:9.csv,ben,LEFT,5,2,False,-3,left_right,1,1->1,5,5,Ben::Ben-LRJ(1-6)-4:9.csv::trial_5,21030,22322,84.12,89.288,5.168,6,sliding,21655,21904,86.62,87.616,1.0,1.0,0.5,observed_count 2 vs expected_count 5,-0.037743917568850385,0.40280612170562846,0.40457060570062886,2.026800490280395,0.16225277168352958,0.1636773749969737,0.012880769467811703,0.10724671436616305,0.0595062035921691,0.5961511694969784,0.5991136830006204,2.845723382092385,0.35539621689261514,0.35893720515856786,0.07016954012753714,0.07028824579279815,-0.08033458387048538,0.3011149143231804,0.31164697494681426,1.6408430690792657,0.09067019162785625,0.09712383699350027,0.007767877999984552,0.013504238251247275,-0.010437632128373304,0.3403772118831707,0.34053720873614995,1.572405337720607,0.1158566463693609,0.11596559053380816,0.009987636744818206,0.0629542338893899,-0.05728877065972543,0.036958468573364905,0.005112891467827151,0.09374247611491578,0.0028931327229934963,0.04429248047677316,0.06240166212755258,0.05678400754155087,0.06018190338271893,0.007334011903408252,-0.0022197587448336544,-0.04944999563814262,LEFT,0.002755964553586921,0.9611344535995926,0.03610958184682049,6,0.2804872327589246,0.0012176671095448439,0.16687045063258107,0.024127040392344843,0.23683666882991666,0.290460940276688,Yaniv-LRJ(6)-4:7.csv_to_Ben-LRJ(1-6)-4:9.csv,LogisticRegression,False
lrj,Ben,Ben LRJ,Ben-LRJ(1-6)-4:9.csv,/Users/yanivnaggar/Desktop/Spring 2026/IS/OPENBCI_runs/Ben/Ben-LRJ(1-6)-4:9.csv,ben,LEFT,5,2,False,-3,left_right,1,1->1,5,5,Ben::Ben-LRJ(1-6)-4:9.csv::trial_5,21030,22322,84.12,89.288,5.168,7,sliding,21780,22029,87.12,88.116,1.0,1.0,0.5,observed_count 2 vs expected_count 5,0.0043916395541342655,0.4013779532731336,0.40140197791204674,2.368751497953757,0.1611042613737298,0.16112354787170324,0.012054338115002424,0.0861186186574568,0.025040776606744173,0.5463814419139089,0.546954952954072,2.4099725596523585,0.2985326800679222,0.2991597205609911,0.02289848114181189,0.06673486285188224,-0.027862451733660407,0.35107784437203504,0.3521817272737548,1.5550329834217205,0.12325565280891487,0.12403196902552542,0.0037553525405392106,0.013030759243798035,0.027600601091258233,0.30868736676260666,0.30991883385723884,1.4813967230683687,0.09528789039883205,0.09604968357943082,0.002914822209894833,0.04611574022919074,-0.010844143026809467,0.019383755805574568,0.008298985574463213,0.07308785941365877,0.00913951590510759,0.04000287842826607,0.01914312860127268,0.053704103608084204,0.01998365893191706,0.0206191226226915,0.0008405303306443777,-0.033084980985392705,LEFT,0.009102876025493506,0.7183734504208438,0.2725236735536627,1,0.41831892432555084,0.008022755229889052,0.12622049004694383,0.021345529109968793,0.16310217336965738,0.2629901279179901,Yaniv-LRJ(6)-4:7.csv_to_Ben-LRJ(1-6)-4:9.csv,LogisticRegression,False
lrj,Ben,Ben LRJ,Ben-LRJ(1-6)-4:9.csv,/Users/yanivnaggar/Desktop/Spring 2026/IS/OPENBCI_runs/Ben/Ben-LRJ(1-6)-4:9.csv,ben,LEFT,5,2,False,-3,left_right,1,1->1,5,5,Ben::Ben-LRJ(1-6)-4:9.csv::trial_5,21030,22322,84.12,89.288,5.168,8,sliding,21905,22154,87.62,88.616,1.0,1.0,0.5,observed_count 2 vs expected_count 5,0.026133080823879787,0.42512364252676155,0.4259261078503749,2.452542176333857,0.18073011143522175,0.1814130493485692,0.0021532380883355832,0.09990904968554425,0.012872344662722853,0.6129024425267514,0.6130376018747739,2.8619073056603073,0.3756494040552578,0.3758151013123738,0.09316709500936082,0.06825073205821516,0.06541953027417732,0.40067874134988374,0.4059841976124453,1.5550329834217205,0.16054345376972703,0.16482316871102104,0.0035235395754811575,0.01833704249224881,0.013547030988910507,0.32482861596909285,0.3251109838209268,1.6636589013374183,0.1055136297523964,0.10569715180101093,0.025057510041956003,0.05183692856144024,-0.09101385692102525,0.03165831762732908,-0.0013703014871455743,0.08157200719329544,-0.02290427195362042,0.04807212112410401,0.08964355543387967,0.049913689565966354,0.06810958496740482,0.016413803496774924,-0.021533970466474844,-0.03349988606919143,LEFT,0.009462108048613442,0.7463039749338053,0.24423391701758118,1,0.5077195125923526,0.3859120205179686,0.01087025731619664,0.006358103659896844,0.07596037374083132,0.013179732172753889,Yaniv-LRJ(6)-4:7.csv_to_Ben-LRJ(1-6)-4:9.csv,LogisticRegression,False
lrj,Ben,Ben LRJ,Ben-LRJ(1-6)-4:9.csv,/Users/yanivnaggar/Desktop/Spring 2026/IS/OPENBCI_runs/Ben/Ben-LRJ(1-6)-4:9.csv,ben,LEFT,5,2,False,-3,left_right,1,1->1,5,5,Ben::Ben-LRJ(1-6)-4:9.csv::trial_5,21030,22322,84.12,89.288,5.168,9,sliding,22030,22279,88.12,89.116,1.0,1.0,0.5,observed_count 2 vs expected_count 5,-0.036648592742101256,0.4286231869770559,0.43018711715292535,2.1149474350000332,0.18371783641436826,0.1850609557643447,0.024013618986725906,0.09124176906974152,-0.011480996420715912,0.6204252746290719,0.6205314937030769,2.7723713984790535,0.3849275213985593,0.38505933467737175,0.03699505533700431,0.04751341197767965,-0.017743447336872917,0.3245770694631865,0.3250616925211376,1.520254225945863,0.10535027402131018,0.10566510394470659,0.006167683597508779,0.012295158347973326,-0.01194360208571009,0.3572525964635401,0.35745218884589697,1.7557326716797816,0.12762941767994102,0.1277720673107228,0.04024858147998477,0.0366874455983521,-0.012981436350278406,0.04372835709206187,0.017845935389217128,0.07894661072176819,-0.016234962493258866,0.054554323471389415,0.030827371739495533,0.03521825362970633,-0.0032535261429804604,0.010825966379327548,-0.034080897882475994,-0.02439228725037878,LEFT,0.004162143051941912,0.953025486239997,0.04281237070806118,1,0.33982726939255525,0.035740432935427904,0.13549968131491866,0.04571453532626634,0.2633783818221311,0.1798396992087008,Yaniv-LRJ(6)-4:7.csv_to_Ben-LRJ(1-6)-4:9.csv,LogisticRegression,False
lrj,Ben,Ben LRJ,Ben-LRJ(1-6)-4:9.csv,/Users/yanivnaggar/Desktop/Spring 2026/IS/OPENBCI_runs/Ben/Ben-LRJ(1-6)-4:9.csv,ben,LEFT,6,5,False,-1,left_right,1,1->1,6,6,Ben::Ben-LRJ(1-6)-4:9.csv::trial_6,23346,24844,93.384,99.376,5.992,1,sliding,23346,23595,93.384,94.38,1.0,1.0,0.5,observed_count 5 vs expected_count 6,0.003887978908927028,0.35149167939558834,0.35151318192114406,1.7916234934221489,0.12354640068433105,0.12356151706432732,0.006946879077026762,0.08598084658433053,0.008183641684179562,0.47428257536567936,0.47435317358136897,2.1850510897040722,0.22494396129550132,0.22501093328671634,0.037357414547772194,0.10699649728596894,0.03287063442562189,0.4161714375044849,0.4174675364649235,1.5584073010203021,0.17319866539454934,0.17427914400209224,0.0019377897804782292,0.01597222342467776,0.00442969216544064,0.2974539558293893,0.2974869375472356,1.5004444932957024,0.0884788558385523,0.08849847801123287,0.007123434516255453,0.055098743323651715,-0.03041053547074543,-0.02101565070163841,0.005009089296548533,0.07000862315965277,-0.00017655543922869086,0.030882103260678813,0.03541962476729397,0.09102427386129118,0.03023398003151674,0.051897753962317224,-0.0051856447357772235,-0.039126519898973956,RIGHT,0.008773399583350914,0.2985548997741804,0.6926717006424687,1,0.3950964952072352,0.03465024838084707,0.11566380054659942,0.01066865437859599,0.2595025092237669,0.18441829226295542,Yaniv-LRJ(6)-4:7.csv_to_Ben-LRJ(1-6)-4:9.csv,LogisticRegression,False
lrj,Ben,Ben LRJ,Ben-LRJ(1-6)-4:9.csv,/Users/yanivnaggar/Desktop/Spring 2026/IS/OPENBCI_runs/Ben/Ben-LRJ(1-6)-4:9.csv,ben,LEFT,6,5,False,-1,left_right,1,1->1,6,6,Ben::Ben-LRJ(1-6)-4:9.csv::trial_6,23346,24844,93.384,99.376,5.992,2,sliding,23471,23720,93.884,94.88,1.0,1.0,0.5,observed_count 5 vs expected_count 6,0.006065055604200712,0.36630998355648164,0.366360190185331,1.865571351781734,0.13418300405314984,0.1342197889526319,0.001733166136741412,0.0922910823920608,-0.03130740795618721,0.43834666061503375,0.4394632506425159,2.2073209626994195,0.1921477948723516,0.19312794866528674,0.03717319138182436,0.045447122479956054,-0.05382185878096028,0.5924997556348958,0.5949392850619707,2.774265324608389,0.35105596042741116,0.35395275291004885,0.025674106721704882,0.014816994647117509,0.02709121352154074,0.33253176048902117,0.33363348990171454,1.7331260687838748,0.11057737173392775,0.11131130558399746,0.005472306214211311,0.04482739654701922,-0.03544002524508295,0.04684395991210474,-0.02394094058496347,0.07747408774494328,-0.0037391400774698987,0.04746368584504158,0.011499084660119476,0.030630127832838545,0.03170088516761305,0.0006197259329368335,0.02020180050749357,-0.03001040189990171,RIGHT,0.00466984708607178,0.017526773234274838,0.9778033796796535,4,0.09606754831848296,0.15781076847973854,0.2093505874329947,0.3236084952659332,0.1508841954550135,0.06227840504783706,Yaniv-LRJ(6)-4:7.csv_to_Ben-LRJ(1-6)-4:9.csv,LogisticRegression,False
lrj,Ben,Ben LRJ,Ben-LRJ(1-6)-4:9.csv,/Users/yanivnaggar/Desktop/Spring 2026/IS/OPENBCI_runs/Ben/Ben-LRJ(1-6)-4:9.csv,ben,LEFT,6,5,False,-1,left_right,1,1->1,6,6,Ben::Ben-LRJ(1-6)-4:9.csv::trial_6,23346,24844,93.384,99.376,5.992,3,sliding,23596,23845,94.384,95.38,1.0,1.0,0.5,observed_count 5 vs expected_count 6,0.003397966130558096,0.362576802680798,0.3625927247147338,1.8205073040887647,0.13146193784223031,0.13147348401605474,0.003432030357041039,0.08532081979135661,-0.031257575328746005,0.4312285392859668,0.4323599069179992,2.4751444100103175,0.18595805309470864,0.18693508911014092,0.009953047499358759,0.05713767210583219,0.04400577077366191,0.5210844134164702,0.5229392639369996,2.774265324608389,0.2715289659055868,0.27346547376697095,0.009928443266487884,0.007989624159203445,-0.010632349471748988,0.3306446326180209,0.3308155376254196,1.8080442595235868,0.109325873079106,0.10943891993439542,0.02523515844022756,0.05381080980911966,-0.00652101714231772,0.02818314768552442,-0.006496412909446845,0.07733119563215317,-0.02180312808318652,0.03151000998223695,2.4604232870874612e-05,0.04914804794662875,-0.015282110940868801,0.0033268622967125294,-0.015306715173739676,-0.04582118564991622,RIGHT,0.007616898775211986,0.06509759881935563,0.9272855024054325,6,0.05596987717917984,0.08636199232965154,0.2711789270887754,0.03513102313418028,0.2579248777266593,0.2934333025415537,Yaniv-LRJ(6)-4:7.csv_to_Ben-LRJ(1-6)-4:9.csv,LogisticRegression,False
lrj,Ben,Ben LRJ,Ben-LRJ(1-6)-4:9.csv,/Users/yanivnaggar/Desktop/Spring 2026/IS/OPENBCI_runs/Ben/Ben-LRJ(1-6)-4:9.csv,ben,LEFT,6,5,False,-1,left_right,1,1->1,6,6,Ben::Ben-LRJ(1-6)-4:9.csv::trial_6,23346,24844,93.384,99.376,5.992,4,sliding,23721,23970,94.884,95.88,1.0,1.0,0.5,observed_count 5 vs expected_count 6,-0.05432076030276576,0.3998812749435776,0.4035539357389191,2.1340713679839287,0.1599050340505011,0.16285577905037166,0.010875839396684087,0.10584951363092182,0.06776372892664784,0.4738491903871353,0.47867000970249624,2.186145613929889,0.2245330552305436,0.22912497818858782,0.034990064711019266,0.052498338478852054,0.03554701056150894,0.2804675392012595,0.2827112139719082,1.5549431292356517,0.07866204054561002,0.07992563050547005,0.0032900299448171437,0.011694682081610338,-0.050938049958144486,0.30905883871610224,0.31322843217384355,1.5767066045442384,0.09551736578854568,0.0981120507220841,0.011844094737091727,0.06199400738022673,-0.02411422531433518,0.05335117515206977,0.007585809451866943,0.09415483154931148,-0.0009682553404076408,0.04385550625069509,0.031700034766202125,0.04080365639724172,0.023145969973927538,-0.009495668901374675,-0.008554064792274583,-0.05029932529861639,LEFT,0.0024823000706919885,0.9385281374771498,0.05898956245215829,3,0.007357859344781675,0.00015073028081354238,0.5426715927337246,0.0016089168839285284,0.05128163924946327,0.3969292615072884,Yaniv-LRJ(6)-4:7.csv_to_Ben-LRJ(1-6)-4:9.csv,LogisticRegression,False
lrj,Ben,Ben LRJ,Ben-LRJ(1-6)-4:9.csv,/Users/yanivnaggar/Desktop/Spring 2026/IS/OPENBCI_runs/Ben/Ben-LRJ(1-6)-4:9.csv,ben,LEFT,6,5,False,-1,left_right,1,1->1,6,6,Ben::Ben-LRJ(1-6)-4:9.csv::trial_6,23346,24844,93.384,99.376,5.992,5,sliding,23846,24095,95.384,96.38,1.0,1.0,0.5,observed_count 5 vs expected_count 6,0.031955243903674616,0.42733249346335667,0.4285256090160226,2.3148914516926724,0.18261305996960975,0.1836341975825531,0.009473489833109626,0.07352647923708651,0.038744009634677334,0.5798067138994292,0.5810997537131009,2.5383929167032075,0.3361758254828545,0.3376769237654265,0.03332766387204082,0.09068294749045268,-0.0652161972510877,0.31203758953652105,0.31877987650988127,1.698750707613374,0.09736745728376238,0.10162060966765515,0.000970000939901784,0.013724136329089047,0.03200678239646327,0.2973980319071498,0.2991154016456201,1.4935912122533348,0.0884455893822461,0.08947002350162063,0.007758650042936615,0.039980010357850385,-0.023854174038931197,-0.01715646825336617,0.008503488893207843,0.05980234290799746,0.0017148397901730113,0.033546468879236124,0.032357662932139035,0.07695881116136363,0.025569013829104207,0.050702937132602294,-0.006788649103034831,-0.02625587402876134,LEFT,0.00930765001549207,0.7108253073948356,0.2798670425896723,1,0.8299987686395418,0.003974989420022649,0.00714794278943754,0.007718276800045043,0.09215680349267807,0.05900321885827479,Yaniv-LRJ(6)-4:7.csv_to_Ben-LRJ(1-6)-4:9.csv,LogisticRegression,False
lrj,Ben,Ben LRJ,Ben-LRJ(1-6)-4:9.csv,/Users/yanivnaggar/Desktop/Spring 2026/IS/OPENBCI_runs/Ben/Ben-LRJ(1-6)-4:9.csv,ben,LEFT,6,5,False,-1,left_right,1,1->1,6,6,Ben::Ben-LRJ(1-6)-4:9.csv::trial_6,23346,24844,93.384,99.376,5.992,6,sliding,23971,24220,95.884,96.88,1.0,1.0,0.5,observed_count 5 vs expected_count 6,0.038309494487431685,0.4718509740503446,0.4734035900583577,2.056141549998088,0.22264334171225897,0.22411095908014156,0.018473992408592987,0.14160249750140852,-0.1017472074316401,0.6273984336217344,0.635595223968166,2.685605888939583,0.39362879451100585,0.4039812887311431,0.004771925785146242,0.12892936258495427,-0.007049113767060454,0.296486623520603,0.2965704097369607,1.5808537428509322,0.0879043179266478,0.08795400793154874,0.011416933750748263,0.017600049509655945,-0.004561631766937538,0.2990108845934188,0.2990456780990422,1.7113398250472898,0.08940750910533882,0.08942831758971596,0.008761705229196039,0.07435048305949686,0.013702066623446744,0.012673134916454248,0.007057058657844725,0.12400244799175257,0.009712287179396949,0.06725201444191166,-0.006645007965602021,0.11132931307529832,-0.003989779444049797,0.05457887952545741,0.002655228521552224,-0.05675043354984091,LEFT,0.01592083193150856,0.645519852256141,0.33855931581235055,6,0.1326901528325493,0.10516412934500524,0.011297113785147065,0.0007159023357234016,0.08262969462057557,0.6675030070809994,Yaniv-LRJ(6)-4:7.csv_to_Ben-LRJ(1-6)-4:9.csv,LogisticRegression,True
lrj,Ben,Ben LRJ,Ben-LRJ(1-6)-4:9.csv,/Users/yanivnaggar/Desktop/Spring 2026/IS/OPENBCI_runs/Ben/Ben-LRJ(1-6)-4:9.csv,ben,LEFT,6,5,False,-1,left_right,1,1->1,6,6,Ben::Ben-LRJ(1-6)-4:9.csv::trial_6,23346,24844,93.384,99.376,5.992,7,sliding,24096,24345,96.384,97.38,1.0,1.0,0.5,observed_count 5 vs expected_count 6,-0.05456429198636905,0.44716306078912826,0.45047981630065886,2.056141549998088,0.1999548029343016,0.20293206489427534,0.009826065131112277,0.06580237538767968,0.003132078575540277,0.6280254216494313,0.6280332317275491,3.137831894415365,0.39441593023794597,0.3944257401541494,0.01775670608633477,0.06762180110988736,0.05760370761029898,0.2590752369135931,0.26540189432686273,1.2910296919367426,0.06711997838183438,0.07043816551228721,0.0036007666635491297,0.007215340301866655,0.019929820557160596,0.3110964494044371,0.31173417935716974,1.7933696830669854,0.09678100083204748,0.09717819857948808,0.0031208976696761787,0.04216350576759557,-0.007930640955222492,-0.001819425722207682,0.006225298467563148,0.05858703508581302,0.006705167461436099,0.02363886962008411,0.01415593942278564,0.0604064608080207,0.014635808416658591,0.02545829534229179,0.000479868993872951,-0.03494816546572891,LEFT,0.004435620348259382,0.9475491535958291,0.04801522605591155,6,0.15517761156069673,0.0006481202732894349,0.21815736849074063,0.0020005666275925366,0.0694609225774166,0.5545554104702639,Yaniv-LRJ(6)-4:7.csv_to_Ben-LRJ(1-6)-4:9.csv,LogisticRegression,True
lrj,Ben,Ben LRJ,Ben-LRJ(1-6)-4:9.csv,/Users/yanivnaggar/Desktop/Spring 2026/IS/OPENBCI_runs/Ben/Ben-LRJ(1-6)-4:9.csv,ben,LEFT,6,5,False,-1,left_right,1,1->1,6,6,Ben::Ben-LRJ(1-6)-4:9.csv::trial_6,23346,24844,93.384,99.376,5.992,8,sliding,24221,24470,96.884,97.88,1.0,1.0,0.5,observed_count 5 vs expected_count 6,-0.001988622086507167,0.35088303415863725,0.350888669349944,1.7208530007390743,0.1231189036603714,0.12312285827817433,0.004356093007103072,0.0648947789525038,0.065548777190602,0.5371330322816833,0.5411178582890228,3.1660055248804984,0.28851189436811586,0.292808536559299,0.02495708857559727,0.04307148926038011,-0.03965236099475121,0.25505327676263406,0.2581171898960139,1.2662280688328753,0.06505217398735681,0.06662448371981489,0.005490112169891635,0.010418210485076214,0.012860710739509465,0.2930489707261796,0.29333103675608313,1.6643562094110738,0.08587769924367326,0.0860430971243986,0.002412523061190072,0.04030398762890753,-0.0206009955684942,0.021823289692123687,-0.001134019162788563,0.054476568467427586,0.0019435699459129999,0.02459079132359627,0.019466976405705636,0.0326532787753039,0.0225445655144072,0.002767501631472581,0.003077589108701563,-0.029885777143831317,LEFT,0.002990500600580114,0.9201164952765011,0.07689300412291868,6,0.2559130174851078,0.0005275817040775478,0.07888882106714735,0.012032201834993934,0.11190064441064168,0.5407377334980317,Yaniv-LRJ(6)-4:7.csv_to_Ben-LRJ(1-6)-4:9.csv,LogisticRegression,True
lrj,Ben,Ben LRJ,Ben-LRJ(1-6)-4:9.csv,/Users/yanivnaggar/Desktop/Spring 2026/IS/OPENBCI_runs/Ben/Ben-LRJ(1-6)-4:9.csv,ben,LEFT,6,5,False,-1,left_right,1,1->1,6,6,Ben::Ben-LRJ(1-6)-4:9.csv::trial_6,23346,24844,93.384,99.376,5.992,9,sliding,24346,24595,97.384,98.38,1.0,1.0,0.5,observed_count 5 vs expected_count 6,0.0384119510521829,0.3415541837393205,0.34370734413664894,1.9756843390543182,0.11665926042983352,0.11813473841346882,0.0043100180275151235,0.0806474685361628,0.010144315215359868,0.5389386201833324,0.5390340837612245,2.935744949656967,0.29045483632511426,0.29055774345630286,0.04708251425532296,0.0698126594969496,0.008799099387779698,0.29257743977662676,0.2927097238157313,1.3675314279598383,0.08560155826624564,0.08567898241628168,0.0021666211183307142,0.013245420551364281,-0.021532940480598405,0.28795093252565207,0.2887549256170942,1.4903989107737319,0.08291573954239263,0.08337940706813361,0.004995301218365581,0.05173859280798968,-0.04277249622780784,0.010834809039213189,0.0021433969091844093,0.06740204798479851,-0.0006852831908504579,0.028908875728173113,0.04491589313699225,0.056567238945585324,0.04208721303695738,0.018074066688959924,-0.002828680100034867,-0.0384931722566254,LEFT,0.004777652629503933,0.7876877507585203,0.2075345966119757,6,0.3181986858966284,0.09111158450578516,0.04343123418465023,0.004718237445788286,0.14957855577529333,0.39296170219185467,Yaniv-LRJ(6)-4:7.csv_to_Ben-LRJ(1-6)-4:9.csv,LogisticRegression,True
lrj,Ben,Ben LRJ,Ben-LRJ(1-6)-4:9.csv,/Users/yanivnaggar/Desktop/Spring 2026/IS/OPENBCI_runs/Ben/Ben-LRJ(1-6)-4:9.csv,ben,LEFT,6,5,False,-1,left_right,1,1->1,6,6,Ben::Ben-LRJ(1-6)-4:9.csv::trial_6,23346,24844,93.384,99.376,5.992,10,sliding,24471,24720,97.884,98.88,1.0,1.0,0.5,observed_count 5 vs expected_count 6,-0.027373704217652773,0.3637980452537447,0.36482644834639,1.9756843390543182,0.13234901773044566,0.13309833741304117,0.016725610298719593,0.10433500988125612,-0.004161769744870561,0.5238519007391869,0.5238684321807033,2.575090892160759,0.2744208139080589,0.2744381342354682,0.060172857083059,0.034496526857923024,0.01924724271288234,0.35700852387814175,0.3575269814625161,2.093429236184802,0.1274550861216497,0.12782554247369832,0.054547427885223376,0.0161521054779336,-0.012355106339983572,0.32130476119867424,0.32154221841246505,1.598703789876705,0.10323674956893707,0.10338939822160936,0.021179663473285888,0.060749126407738885,-0.04344724678433941,0.06983848302333309,-0.037821817586503784,0.08818290440332252,-0.004454053174566295,0.04358588347351723,0.005625429197835624,0.018344421379989425,0.038993193609773116,-0.02625259954981586,0.03336776441193749,-0.04459702092980529,LEFT,0.002320896672024431,0.924826861187532,0.07285224214044361,6,0.01214947710241052,0.002333363608976211,0.19814718227868647,0.026315367676966794,0.15427020826467092,0.606784401068289,Yaniv-LRJ(6)-4:7.csv_to_Ben-LRJ(1-6)-4:9.csv,LogisticRegression,True
lrj,Ben,Ben LRJ,Ben-LRJ(1-6)-4:9.csv,/Users/yanivnaggar/Desktop/Spring 2026/IS/OPENBCI_runs/Ben/Ben-LRJ(1-6)-4:9.csv,ben,RIGHT,1,1,True,0,left_right,2,2->2,7,1,Ben::Ben-LRJ(1-6)-4:9.csv::trial_7,25510,26097,102.04,104.388,2.348,1,sliding,25510,25759,102.04,103.036,1.0,1.0,0.5,,0.08067140827103095,1.1419213962517316,1.1447673786974955,5.47501879378895,1.303984475217504,1.3104923513299351,0.017894982445433825,0.1576097988413007,-1.255416670514282,23.167985286188085,23.20197433921589,85.10747444965736,536.7555422210276,538.3316132376327,1.1892458704111672,0.2976828420883537,0.10876605311914614,4.68212254356734,4.683385694910533,18.718192522290312,21.9222715129815,21.93410156729262,0.8179728433076611,0.2657510803745858,0.15315288043844827,2.890203520144239,2.894258487530225,11.498341927997547,8.35327638785415,8.376732192640745,0.36344702904275056,0.16000278604405227,-1.1713508879657335,-0.14007304324705303,-0.8000778608622272,-0.10814128153328509,-0.34555204659731675,-0.0023929872027515786,0.3712730271035062,0.03193176171376794,0.8257988413684167,0.13768005604430145,0.4545258142649105,0.10574829433053351,JAW,1.0,6.876569416457661e-91,0.0,1,1.0,0.0,0.0,0.0,0.0,0.0,Yaniv-LRJ(6)-4:7.csv_to_Ben-LRJ(1-6)-4:9.csv,LogisticRegression,False
lrj,Ben,Ben LRJ,Ben-LRJ(1-6)-4:9.csv,/Users/yanivnaggar/Desktop/Spring 2026/IS/OPENBCI_runs/Ben/Ben-LRJ(1-6)-4:9.csv,ben,RIGHT,1,1,True,0,left_right,2,2->2,7,1,Ben::Ben-LRJ(1-6)-4:9.csv::trial_7,25510,26097,102.04,104.388,2.348,2,sliding,25635,25884,102.54,103.536,1.0,1.0,0.5,,0.09380535568635946,1.0829422227881946,1.0869973793219927,5.47501879378895,1.1727638578974358,1.1815633026528802,0.0065097725949588466,0.060975731236893496,-2.59202506393136,20.455400632744357,20.618972064051267,85.10747444965736,418.4234150460782,425.1420089781266,0.09450166700885029,0.07872244956468291,1.222015961542816,3.0617309502836347,3.2965920921749086,12.688161875790982,9.374196411924729,10.867519422190142,0.006169877064969797,0.008893804252517162,-0.5122696258878336,2.3536677287529635,2.408769799499403,10.152647266957379,5.539751777373135,5.802171946980395,0.06708680036367431,0.04575040652631745,-0.08799189441389145,-0.017746718327789415,0.0003398955299890498,0.05208192698437633,-0.06057702776871547,0.015225324710576048,0.0883317899438805,0.06982864531216575,0.027414866645175978,0.03297204303836546,-0.06091692329870452,-0.03685660227380029,JAW,1.0,1.1662981199029965e-58,1.364406121e-314,1,1.0,0.0,0.0,0.0,0.0,0.0,Yaniv-LRJ(6)-4:7.csv_to_Ben-LRJ(1-6)-4:9.csv,LogisticRegression,False
lrj,Ben,Ben LRJ,Ben-LRJ(1-6)-4:9.csv,/Users/yanivnaggar/Desktop/Spring 2026/IS/OPENBCI_runs/Ben/Ben-LRJ(1-6)-4:9.csv,ben,RIGHT,1,1,True,0,left_right,2,2->2,7,1,Ben::Ben-LRJ(1-6)-4:9.csv::trial_7,25510,26097,102.04,104.388,2.348,3,sliding,25760,26009,103.04,104.036,1.0,1.0,0.5,,-0.09471702835573867,0.47799967021960277,0.48729354622300386,2.21384057940874,0.22848368473004899,0.2374550001905908,0.016566816699140122,0.11188814385944644,2.4964973443170844,2.131347126618674,3.2825507710205994,7.124696169202409,4.542640574145679,10.775139564327933,0.04186370599000122,0.06833320013367093,-0.2709577977965191,0.997414585577265,1.0335637298730092,4.467400362246993,0.9948358555222673,1.0682539837090066,0.012861964604599187,0.023373363212090673,-0.1577512763787271,1.0333367180476862,1.0453086807563978,5.078868479946402,1.0677847728655632,1.0926702380646809,0.027054043991790032,0.05499900885438027,-0.0252968892908611,0.04355494372577551,0.0037048520945409356,0.08851478064735577,-0.01048722729264991,0.05688913500506617,0.029001741385402034,0.04495983692158026,0.014809661998211189,0.013334191279290662,-0.014192079387190845,-0.0316256456422896,LEFT,1.938090559135464e-05,0.9999806190944086,1.5765025374430102e-21,5,1.0125333546015398e-05,9.741644763584094e-60,0.00015538507304813426,1.0006744774864706e-06,0.9998334888344765,8.445184359916034e-11,Yaniv-LRJ(6)-4:7.csv_to_Ben-LRJ(1-6)-4:9.csv,LogisticRegression,False
lrj,Ben,Ben LRJ,Ben-LRJ(1-6)-4:9.csv,/Users/yanivnaggar/Desktop/Spring 2026/IS/OPENBCI_runs/Ben/Ben-LRJ(1-6)-4:9.csv,ben,RIGHT,2,1,False,-1,left_right,2,2->2,8,2,Ben::Ben-LRJ(1-6)-4:9.csv::trial_8,27525,28217,110.1,112.868,2.768,1,sliding,27525,27774,110.1,111.096,1.0,1.0,0.5,observed_count 1 vs expected_count 2,-0.005359539762413895,0.42536735241536894,0.42540111561598615,2.0789882185905837,0.1809373845008607,0.1809661091673256,0.03074131400402986,0.08158435027902135,-0.28440356821818863,0.5672866112261881,0.63458607681837,3.0152144213455063,0.32181409927649224,0.40269948889173013,0.029486739955598383,0.08206836052294172,-0.06805721993501643,0.672603535025981,0.6760379431028478,3.517636453498441,0.4523955153294461,0.45702730051472934,0.0121537100076901,0.015696848163021825,-0.15789728480631549,0.8824332493286295,0.8964485440168274,3.574392574737499,0.7786884395206832,0.8036199920698898,0.10981743729302404,0.08710814443526409,0.0012545740484314755,-0.00048401024392037695,0.01858760399633976,0.06588750211599953,-0.07907612328899419,-0.0055237941562427395,0.017333029947908283,0.0663715123599199,-0.08033069733742565,-0.0050397839123223626,-0.09766372728533394,-0.07141129627224227,LEFT,0.30112325969842835,0.5262029219145422,0.1726738183870294,2,1.5337190650058e-08,0.9999101571852972,3.261072959221179e-09,8.152062476823693e-05,2.944544648388489e-06,5.3590470227258085e-06,Yaniv-LRJ(6)-4:7.csv_to_Ben-LRJ(1-6)-4:9.csv,LogisticRegression,False
lrj,Ben,Ben LRJ,Ben-LRJ(1-6)-4:9.csv,/Users/yanivnaggar/Desktop/Spring 2026/IS/OPENBCI_runs/Ben/Ben-LRJ(1-6)-4:9.csv,ben,RIGHT,2,1,False,-1,left_right,2,2->2,8,2,Ben::Ben-LRJ(1-6)-4:9.csv::trial_8,27525,28217,110.1,112.868,2.768,2,sliding,27650,27899,110.6,111.596,1.0,1.0,0.5,observed_count 1 vs expected_count 2,0.04280853312953357,0.42780480713076835,0.4299413024040564,2.156365575840639,0.1830169530041939,0.1848495235128963,0.017028200153010008,0.11307392635077626,0.013361140446012932,0.48939660255981404,0.48957895652397754,2.448556882324668,0.23950903459708858,0.2396875546711067,0.0049951072971632605,0.10528802749112293,-0.20624805581637054,0.5093217696880649,0.5494969750655729,2.498302883106204,0.25940866507818217,0.30194692560621483,0.00726057043207611,0.025119691274309942,-0.02020758113406477,0.7965938219133596,0.7968500884393646,3.574392574737499,0.6345617171105332,0.6349700634458232,0.035793312895998616,0.06831130246040686,0.012033092855846746,0.007785898859653334,0.009767629720933898,0.08795423507646632,-0.01876511274298861,0.044762623890369405,-0.0022654631349128497,0.08016833621681299,-0.030798205598835355,0.03697672503071607,-0.028532742463922504,-0.04319161118609691,LEFT,0.1547976508356756,0.7604073280052086,0.0847950211591159,4,0.0008266945025701749,0.013491251192598612,3.595974583835204e-05,0.935566362936433,0.011707270528695973,0.03837246109386382,Yaniv-LRJ(6)-4:7.csv_to_Ben-LRJ(1-6)-4:9.csv,LogisticRegression,False
lrj,Ben,Ben LRJ,Ben-LRJ(1-6)-4:9.csv,/Users/yanivnaggar/Desktop/Spring 2026/IS/OPENBCI_runs/Ben/Ben-LRJ(1-6)-4:9.csv,ben,RIGHT,2,1,False,-1,left_right,2,2->2,8,2,Ben::Ben-LRJ(1-6)-4:9.csv::trial_8,27525,28217,110.1,112.868,2.768,3,sliding,27775,28024,111.1,112.096,1.0,1.0,0.5,observed_count 1 vs expected_count 2,-0.08386322048892193,0.5607333231755901,0.566969928188713,3.0304177964937438,0.31442185971954073,0.3214548994703143,0.005351530333708389,0.09705285848976258,-0.25048090318893174,0.7077387146412547,0.7507561328849724,3.1367827498585212,0.5008940882020554,0.5636347710643984,0.017887519018709483,0.11266744504370557,1.2777297541037966,2.468312069744046,2.7794168090026163,11.312732373687293,6.092564473644138,7.725157798166287,0.010908608756360426,0.013269310794588375,-0.21285970274021554,0.8732731461415373,0.8988410542596458,5.5273904982522275,0.7626059877719387,0.8079152408225915,0.01583797029209173,0.0849713530913549,-0.012535988685001094,-0.015614586553942988,-0.005557078422652037,0.08378354769517421,-0.01048643995838334,0.012081505398407688,0.006978910262349057,0.0993981342491172,0.002049548726617754,0.027696091952350677,-0.004929361535731303,-0.07170204229676652,RIGHT,2.6753382716414204e-07,4.8178268091159294e-29,0.9999997324661728,2,1.9858798892493435e-21,0.9999402680731457,5.961861253814204e-05,1.1328119008687969e-07,3.3125959250254434e-11,7.115976270341398e-20,Yaniv-LRJ(6)-4:7.csv_to_Ben-LRJ(1-6)-4:9.csv,LogisticRegression,True
lrj,Ben,Ben LRJ,Ben-LRJ(1-6)-4:9.csv,/Users/yanivnaggar/Desktop/Spring 2026/IS/OPENBCI_runs/Ben/Ben-LRJ(1-6)-4:9.csv,ben,RIGHT,2,1,False,-1,left_right,2,2->2,8,2,Ben::Ben-LRJ(1-6)-4:9.csv::trial_8,27525,28217,110.1,112.868,2.768,4,sliding,27900,28149,111.6,112.596,1.0,1.0,0.5,observed_count 1 vs expected_count 2,0.1114977029387259,1.1481959386404483,1.1535968322039691,5.180859169833113,1.31835391351042,1.3307856512710325,0.017406450609326354,0.09925507274597305,0.07634140091877503,1.128426072641737,1.1310054866851422,4.8589517328656715,1.2733454014176546,1.2791734109118955,0.009689178630304397,0.11969763923360498,0.3819794943948418,7.078439401267429,7.088738441468506,29.053379546273327,50.1043043574152,50.250212691553344,0.30594652329611194,0.06288849178947767,0.2270916926958745,1.1729128455758482,1.1946945970449145,5.5273904982522275,1.3757245433168332,1.4272951802083107,0.2949594804524846,0.1081359564463309,0.007717271979021957,-0.02044256648763193,-0.2885400726867856,0.03636658095649538,-0.27755302984315827,-0.008880883700357847,-0.29625734466580755,0.05680914744412731,-0.2852703018221802,0.011561682787274083,0.010987042843627337,-0.045247464656853226,RIGHT,1.537640334465449e-61,2.3851998102407437e-208,1.0,4,2.509062716983781e-68,6.0519591634351355e-33,8.909775433367506e-62,1.0,6.120931284297852e-46,3.3896294005187467e-110,Yaniv-LRJ(6)-4:7.csv_to_Ben-LRJ(1-6)-4:9.csv,LogisticRegression,False
lrj,Ben,Ben LRJ,Ben-LRJ(1-6)-4:9.csv,/Users/yanivnaggar/Desktop/Spring 2026/IS/OPENBCI_runs/Ben/Ben-LRJ(1-6)-4:9.csv,ben,RIGHT,3,3,True,0,left_right,2,2->2,9,3,Ben::Ben-LRJ(1-6)-4:9.csv::trial_9,29495,30641,117.98,122.564,4.584,1,sliding,29495,29744,117.98,118.976,1.0,1.0,0.5,,-0.041676144030719287,0.3063267357027495,0.30914878293076203,1.4725501694857148,0.09383606900630215,0.09557296998757141,0.023791606686518554,0.03306831087682176,-0.04914178946545262,0.33389117974758864,0.3374881262875828,1.7236502510331162,0.11148331991323655,0.11389823538510344,0.048062488619954005,0.03461043833849587,-0.05071024282665918,0.6355846544600395,0.6376044084796048,2.95824188324576,0.4039678529850879,0.40653938171262666,0.1699678188832241,0.0257741527156706,-0.020193251709834274,0.6171746820761324,0.6175049437942921,2.909341852086161,0.3809045881957751,0.38131235561039184,0.26790531280014096,0.0546840802265968,-0.02427088193343545,-0.001542127461674113,-0.14617621219670554,0.007294158161151157,-0.2441137061136224,-0.021615769349775042,-0.12190533026327009,0.00883628562282527,-0.21984282418018697,-0.02007364188810093,-0.09793749391691686,-0.0289099275109262,LEFT,0.0044911914101406145,0.6930490603415195,0.3024597482483399,4,2.5054494083496394e-05,9.57246705657541e-08,2.7534696443826883e-09,0.9172433375366731,0.08253513845640625,0.00019637103469690275,Yaniv-LRJ(6)-4:7.csv_to_Ben-LRJ(1-6)-4:9.csv,LogisticRegression,False
lrj,Ben,Ben LRJ,Ben-LRJ(1-6)-4:9.csv,/Users/yanivnaggar/Desktop/Spring 2026/IS/OPENBCI_runs/Ben/Ben-LRJ(1-6)-4:9.csv,ben,RIGHT,3,3,True,0,left_right,2,2->2,9,3,Ben::Ben-LRJ(1-6)-4:9.csv::trial_9,29495,30641,117.98,122.564,4.584,2,sliding,29620,29869,118.48,119.476,1.0,1.0,0.5,,0.04661950813416652,0.2880877375504031,0.2918354383305454,1.5566748702608022,0.08299454452690995,0.08516792306558159,0.024601022368426973,0.024624586600800545,0.04179750078616738,0.35383337532840564,0.3562935426979586,2.157588021454978,0.12519805749629237,0.12694508856826206,0.06200348809269533,0.01757414331625195,-0.0871094547847464,0.6877281542327461,0.6932229592542904,2.7632595576404184,0.4729700141243799,0.4805580712372756,0.19661832757659933,0.025725572863246282,0.012101714032955183,0.6366134958869953,0.6367285093570075,2.909341852086161,0.4052767431454614,0.40542319462799686,0.20886074519001027,0.04672967346066416,-0.03740246572426836,0.0070504432845485965,-0.17201730520817235,-0.001100986262445737,-0.1842597228215833,-0.022105086859863614,-0.13461483948390401,-0.008151429546994333,-0.14685725709731495,-0.02915553014441221,-0.012242417613410939,-0.021004100597417877,LEFT,0.005933826110437743,0.730288944114756,0.2637772297748061,4,1.942004119525352e-06,8.45047556321322e-09,1.3122022488407558e-09,0.9793755185736683,0.020554053023730617,6.847663580361978e-05,Yaniv-LRJ(6)-4:7.csv_to_Ben-LRJ(1-6)-4:9.csv,LogisticRegression,False
lrj,Ben,Ben LRJ,Ben-LRJ(1-6)-4:9.csv,/Users/yanivnaggar/Desktop/Spring 2026/IS/OPENBCI_runs/Ben/Ben-LRJ(1-6)-4:9.csv,ben,RIGHT,3,3,True,0,left_right,2,2->2,9,3,Ben::Ben-LRJ(1-6)-4:9.csv::trial_9,29495,30641,117.98,122.564,4.584,3,sliding,29745,29994,118.98,119.976,1.0,1.0,0.5,,0.01567059790618011,0.2891276547072875,0.2895520132122615,1.53525354766091,0.0835948007165365,0.08384036835527366,0.012681972477738423,0.022433177770558744,0.0033965032487890596,0.37602415496824965,0.376039494407044,2.1302859938105865,0.14139416511958625,0.14140570135390526,0.03637355484095077,0.02864176686925536,0.12678220607122057,0.576400401658116,0.5901789142352707,2.352545316434668,0.3322374230316375,0.34831115080792296,0.03917147411502671,0.018077225423385586,0.0243127726387677,0.49758967900151446,0.49818329916027354,2.7047757574417255,0.2475954886488302,0.24818659956221462,0.05262746691843716,0.031637523883623966,-0.023691582363212345,-0.006208589098696617,-0.026489501637288283,0.004355952347173158,-0.03994549444069873,-0.009204346113065223,-0.0027979192740759384,0.010564541445869775,-0.016253912077486388,-0.002995757014368605,-0.01345599280341045,-0.01356029846023838,RIGHT,0.01667642182492095,0.3760148292524074,0.6073087489226717,4,0.010399112503663271,0.13756345890163543,0.008900893821286632,0.6428275405839302,0.1681553455927059,0.03215364859677873,Yaniv-LRJ(6)-4:7.csv_to_Ben-LRJ(1-6)-4:9.csv,LogisticRegression,False
lrj,Ben,Ben LRJ,Ben-LRJ(1-6)-4:9.csv,/Users/yanivnaggar/Desktop/Spring 2026/IS/OPENBCI_runs/Ben/Ben-LRJ(1-6)-4:9.csv,ben,RIGHT,3,3,True,0,left_right,2,2->2,9,3,Ben::Ben-LRJ(1-6)-4:9.csv::trial_9,29495,30641,117.98,122.564,4.584,4,sliding,29870,30119,119.48,120.476,1.0,1.0,0.5,,-0.01913823285216918,0.2874300715890497,0.2880665166422333,1.4160745506685117,0.08261604605368623,0.08298231801039009,0.024192845038396197,0.03630476483610253,-0.01209252395033012,0.36172912618250486,0.3619311949310916,1.7642325932535718,0.1308479607287585,0.13099418986424782,0.046788372737420696,0.04286181678681793,-0.039264158905078145,0.5561081660193598,0.5574925707917002,2.4365969574236415,0.3092562923134157,0.3107979664879389,0.2180961235087711,0.015599470771575238,0.015141536980004684,0.3622164644180896,0.36253280298154816,1.8136185182161784,0.13120076709554115,0.13143003323765803,0.08526254630379694,0.019278911387605898,-0.0225955276990245,-0.0065570519507153965,-0.19390327847037492,0.020705294064527292,-0.06106970126540075,0.017025853448496633,-0.1713077507713504,0.02726234601524269,-0.038474173566376245,0.02358290539921203,0.13283357720497418,-0.0036794406160306596,RIGHT,0.001735480542025984,0.3841485393621937,0.6141159800957804,4,3.1820336423093577e-05,2.472648536306889e-08,0.00047098616038843306,0.5847768155071795,0.28913671335117175,0.12558363991835186,Yaniv-LRJ(6)-4:7.csv_to_Ben-LRJ(1-6)-4:9.csv,LogisticRegression,False
lrj,Ben,Ben LRJ,Ben-LRJ(1-6)-4:9.csv,/Users/yanivnaggar/Desktop/Spring 2026/IS/OPENBCI_runs/Ben/Ben-LRJ(1-6)-4:9.csv,ben,RIGHT,3,3,True,0,left_right,2,2->2,9,3,Ben::Ben-LRJ(1-6)-4:9.csv::trial_9,29495,30641,117.98,122.564,4.584,5,sliding,29995,30244,119.98,120.976,1.0,1.0,0.5,,0.022492465204754005,0.2831549644539185,0.28404690613679795,1.3765188104298705,0.08017673389489985,0.08068264488588692,0.01517065308028135,0.0186474564789721,0.045738949522434416,0.3160855106061131,0.3193776784913796,1.4616080761406531,0.09991005001512723,0.10200210151854304,0.01998040914843452,0.040929154065967734,-0.029361474745943524,0.5936924294335221,0.5944180321675431,2.503687651486147,0.35247070076667764,0.3533327969659342,0.025052826539706797,0.013097937951691466,0.0039349232730559154,0.3839882011029585,0.384008362158236,1.8136185182161784,0.1474469385862861,0.14746242220745095,0.09698231910782504,0.014070043804381956,-0.004809756068153169,-0.022281697586995632,-0.009882173459425447,0.005549518527280636,-0.0818116660275437,0.004577412674590145,-0.005072417391272278,0.027831216114276268,-0.07700190995939052,0.02685911026158578,-0.07192949256811824,-0.0009721058526904903,RIGHT,0.0035209742180171573,0.04481039176705987,0.951668634014923,4,0.08392658363425982,0.006280893658599891,0.000842443327433011,0.6143149398141978,0.29285700848479124,0.0017781310807181787,Yaniv-LRJ(6)-4:7.csv_to_Ben-LRJ(1-6)-4:9.csv,LogisticRegression,False
lrj,Ben,Ben LRJ,Ben-LRJ(1-6)-4:9.csv,/Users/yanivnaggar/Desktop/Spring 2026/IS/OPENBCI_runs/Ben/Ben-LRJ(1-6)-4:9.csv,ben,RIGHT,3,3,True,0,left_right,2,2->2,9,3,Ben::Ben-LRJ(1-6)-4:9.csv::trial_9,29495,30641,117.98,122.564,4.584,6,sliding,30120,30369,120.48,121.476,1.0,1.0,0.5,,-0.009543334883407261,0.2642849256368089,0.264457174528411,1.348747526522915,0.0698465219188536,0.06993759715955045,0.011223375704860943,0.019413491243501342,-0.04673284956621139,0.34421730304828574,0.34737517318659017,1.9898748278047127,0.11848555171783537,0.1206695109464135,0.03844225504722769,0.02755277834725927,0.08276300903512082,0.5034384049260372,0.5101959851067236,2.405724684274193,0.2534502275544726,0.26029994321902017,0.06606720033847309,0.014889791729463146,-0.033713127740394803,0.36820660669972816,0.36974677848409776,1.7637548112276638,0.1355761052173283,0.13671268019936847,0.04735401158196161,0.016058479269374985,-0.027218879342366747,-0.008139287103757928,-0.05484382463361215,0.0045236995140381965,-0.03613063587710067,0.0033550119741263575,-0.0276249452912454,0.012662986617796124,-0.008911756534733924,0.011494299077884285,0.018713188756511477,-0.001168687539911839,RIGHT,0.0037617866523314497,0.19681762196536196,0.7994205913823067,5,0.009647705778419577,0.0924494902585776,0.08766892512249835,0.30531846924821476,0.3108538807462395,0.1940615288460502,Yaniv-LRJ(6)-4:7.csv_to_Ben-LRJ(1-6)-4:9.csv,LogisticRegression,False
lrj,Ben,Ben LRJ,Ben-LRJ(1-6)-4:9.csv,/Users/yanivnaggar/Desktop/Spring 2026/IS/OPENBCI_runs/Ben/Ben-LRJ(1-6)-4:9.csv,ben,RIGHT,3,3,True,0,left_right,2,2->2,9,3,Ben::Ben-LRJ(1-6)-4:9.csv::trial_9,29495,30641,117.98,122.564,4.584,7,sliding,30245,30494,120.98,121.976,1.0,1.0,0.5,,-0.022176606479030248,0.2799862230763017,0.28086311076298076,1.3375683469464668,0.0783922851125326,0.07888408698745838,0.030880066952667793,0.015012320019077258,0.0022608718009377356,0.37318085226901954,0.3731877008176075,1.9898748278047127,0.1392639485002318,0.1392690600415321,0.02249293396810209,0.025032953275265668,-0.05763642038104561,0.412763074114747,0.41676769585345347,1.967946347576886,0.17037335535265613,0.1736953123069967,0.030902953708352537,0.013855297384209677,-0.008425821442514976,0.3357619255826822,0.33586763038133305,1.7637548112276638,0.11273607067099062,0.11280706513797176,0.08854278815474823,0.009305345580623969,0.008387132984565702,-0.01002063325618841,-2.2886755684743687e-05,0.001157022634867581,-0.057662721202080436,0.005706974438453289,-0.008410019740250445,0.011177655891055991,-0.06604985418664613,0.0157276076946417,-0.057639834446395685,0.004549951803585708,LEFT,0.0030406926134884616,0.6411908631906302,0.3557684441958814,4,0.12928089070214085,0.006787365015908173,0.003969265506140553,0.4739083911825558,0.36931803028688215,0.01673605730637257,Yaniv-LRJ(6)-4:7.csv_to_Ben-LRJ(1-6)-4:9.csv,LogisticRegression,False
lrj,Ben,Ben LRJ,Ben-LRJ(1-6)-4:9.csv,/Users/yanivnaggar/Desktop/Spring 2026/IS/OPENBCI_runs/Ben/Ben-LRJ(1-6)-4:9.csv,ben,RIGHT,3,3,True,0,left_right,2,2->2,9,3,Ben::Ben-LRJ(1-6)-4:9.csv::trial_9,29495,30641,117.98,122.564,4.584,8,sliding,30370,30619,121.48,122.476,1.0,1.0,0.5,,0.017759141910797503,0.30960806078338,0.3101169753874382,1.3375683469464668,0.09585715130204511,0.09617253842345297,0.009871141669073172,0.020925144633143017,0.03851803948804948,0.3397856378857179,0.3419618678733159,1.5808495852628948,0.11545427971340422,0.11693791907940715,0.010549705820108486,0.023483939992721893,-0.009274834260507901,0.32411516783094385,0.3242478443546553,1.4181637102275166,0.10505064201808088,0.10513666456864076,0.02554314143885151,0.012758487174402235,0.007270165357770468,0.31832742238490014,0.31841043190596624,1.555628840335122,0.10133234784221463,0.10138520314654396,0.038277812838299695,0.012015979543569685,-0.000678564151035314,-0.002558795359578876,-0.015671999769778337,0.008166657458740782,-0.028406671169226523,0.008909165089573332,-0.014993435618743023,0.010725452818319658,-0.027728107018191207,0.011467960449152208,-0.012734671399448186,0.0007425076308325493,LEFT,0.0030263325372702375,0.5619518639772181,0.43502180348551156,6,0.2286588357362582,0.011489744303530261,0.03157094818367756,0.17005241025503462,0.2667061917555232,0.2915218697659761,Yaniv-LRJ(6)-4:7.csv_to_Ben-LRJ(1-6)-4:9.csv,LogisticRegression,False
lrj,Ben,Ben LRJ,Ben-LRJ(1-6)-4:9.csv,/Users/yanivnaggar/Desktop/Spring 2026/IS/OPENBCI_runs/Ben/Ben-LRJ(1-6)-4:9.csv,ben,RIGHT,4,4,True,0,left_right,2,2->2,10,4,Ben::Ben-LRJ(1-6)-4:9.csv::trial_10,31772,33359,127.088,133.436,6.348,1,sliding,31772,32021,127.088,128.084,1.0,1.0,0.5,,0.029756624502990603,0.3179209206484141,0.31931045784275086,1.542207212072909,0.1010737117859352,0.10195916848774718,0.0027299546403167763,0.020154573778927844,-0.009869591883197542,0.2912218397666336,0.2913890334261117,1.601340695800791,0.08481015995706279,0.08490756880100367,0.005983533815027985,0.020005443547337166,0.019283284492419495,0.24943383893519078,0.2501781066895389,1.2670882168250055,0.062217240005946695,0.06258908506676229,0.004627954597662387,0.009531739066189284,0.019933499401574534,0.21620630846578195,0.21712326503346766,0.9441901632643834,0.04674516782040086,0.04714251221879344,0.006415495546279718,0.014356124487245646,-0.003253579174711209,0.00014913023159067798,-0.0018979999573456104,0.01062283471273856,-0.0036855409059629416,0.005798449291682198,0.0013555792173655986,0.010473704481147882,-0.0004319617312517326,0.00564931906009152,-0.0017875409486173312,-0.004824385421056362,RIGHT,0.001614018595208698,0.22706707248099547,0.7713189089237958,1,0.3883323509979272,0.1584491110562778,0.04883317074674965,0.011768751174322089,0.0522680176918695,0.3403485983328539,Yaniv-LRJ(6)-4:7.csv_to_Ben-LRJ(1-6)-4:9.csv,LogisticRegression,False
lrj,Ben,Ben LRJ,Ben-LRJ(1-6)-4:9.csv,/Users/yanivnaggar/Desktop/Spring 2026/IS/OPENBCI_runs/Ben/Ben-LRJ(1-6)-4:9.csv,ben,RIGHT,4,4,True,0,left_right,2,2->2,10,4,Ben::Ben-LRJ(1-6)-4:9.csv::trial_10,31772,33359,127.088,133.436,6.348,2,sliding,31897,32146,127.588,128.584,1.0,1.0,0.5,,-0.025926687333217045,0.25136318592686485,0.2526967438559073,1.1384209432040948,0.06318345123930363,0.06385564435537802,0.006669318880733098,0.021963160477099574,-0.020196839348142988,0.25581051986808206,0.25660657512003293,1.2259206125203819,0.0654390220751784,0.06584693439483309,0.0075389680387434425,0.021107999896135606,0.013642427962974822,0.24528674451122912,0.24566583578845866,1.1195891266541955,0.06016558703291698,0.06035170287364193,0.008087491306124373,0.010795717827827664,-0.018405336794565443,0.2520454353067309,0.25271655640555263,1.0911058918347898,0.06352690145895948,0.06386565788148085,0.00864061542339167,0.013468365093202785,-0.0008696491580103445,0.0008551605809639685,-0.0014181724253912748,0.01116744264927191,-0.0019712965426585717,0.008494795383896789,-0.0005485232673809303,0.010312282068307942,-0.0011016473846482272,0.00763963480293282,-0.0005531241172672969,-0.0026726472653751214,RIGHT,0.0015141234080017364,0.3594617977512215,0.6390240788407767,6,0.09078341652411107,0.05051958191220237,0.22446321906840266,0.01580441283026675,0.04949862163994506,0.568930748025072,Yaniv-LRJ(6)-4:7.csv_to_Ben-LRJ(1-6)-4:9.csv,LogisticRegression,False
lrj,Ben,Ben LRJ,Ben-LRJ(1-6)-4:9.csv,/Users/yanivnaggar/Desktop/Spring 2026/IS/OPENBCI_runs/Ben/Ben-LRJ(1-6)-4:9.csv,ben,RIGHT,4,4,True,0,left_right,2,2->2,10,4,Ben::Ben-LRJ(1-6)-4:9.csv::trial_10,31772,33359,127.088,133.436,6.348,3,sliding,32022,32271,128.088,129.084,1.0,1.0,0.5,,-0.03660068348775383,0.22144862945498867,0.22445290267506815,1.2286963299773754,0.049039495487492875,0.05037910551926362,0.004763938107253724,0.025308775249135634,0.0008446266472622792,0.21368968500961552,0.21369135423241148,1.1105687432274023,0.0456632814795087,0.045663994873681966,0.01053668628523331,0.020401915280722122,-0.04637609931250458,0.3003077072932394,0.30386750673141283,1.2577422786267898,0.09018471905972195,0.09233546164716523,0.005997173766955388,0.018209651899702833,-0.045550112214136226,0.28978611482967087,0.29334417510970895,1.383242250812888,0.08397599234807518,0.08605080507079559,0.010368349945724355,0.016842254314089734,-0.005772748177979585,0.004906859968413512,-0.001233235659701664,0.007099123349432801,-0.005604411838470632,0.0084665209350459,0.004539512518277921,0.002192263381019289,0.00016833633950895377,0.003559660966632388,-0.0043711761787689676,0.001367397585613099,RIGHT,0.0017430051205870334,0.2747957953121586,0.7234611995672544,6,0.0492499369351472,0.028856865858019592,0.3119375514041842,0.0692104558051576,0.0646591285286737,0.4760860614688177,Yaniv-LRJ(6)-4:7.csv_to_Ben-LRJ(1-6)-4:9.csv,LogisticRegression,False
lrj,Ben,Ben LRJ,Ben-LRJ(1-6)-4:9.csv,/Users/yanivnaggar/Desktop/Spring 2026/IS/OPENBCI_runs/Ben/Ben-LRJ(1-6)-4:9.csv,ben,RIGHT,4,4,True,0,left_right,2,2->2,10,4,Ben::Ben-LRJ(1-6)-4:9.csv::trial_10,31772,33359,127.088,133.436,6.348,4,sliding,32147,32396,128.588,129.584,1.0,1.0,0.5,,0.0200484811007302,0.2687549325644454,0.2695016797204906,1.311548155286081,0.07222921377771957,0.07263115537216591,0.006604188665927814,0.0192166249914226,0.0053231262068744,0.24177579957994522,0.24183439154747233,1.3645553656087177,0.05845553726252183,0.05848387293513615,0.005288893910132423,0.02163221968157892,0.018593910917858454,0.25751821363256827,0.2581886207324605,1.2577422786267898,0.06631563035250906,0.06666136387573034,0.010043530838342453,0.010799090728511986,0.0245368931769925,0.29227629080554784,0.2933044310845445,1.4653465744039396,0.08542543016704918,0.08602748929382831,0.0030460994446670567,0.016699849899401244,0.0013152947557953914,-0.002415594690156321,-0.0034393421724146387,0.008417534262910613,0.0035580892212607575,0.0025167750920213547,-0.00475463692821003,0.010833128953066934,0.002242794465465366,0.004932369782177676,0.006997431393675396,-0.005900759170889258,RIGHT,0.0021544971062448935,0.39114749305558316,0.6066980098381719,6,0.1531594151487918,0.08353574032875404,0.057050854228867534,0.03482608289672432,0.06324606472259157,0.6081818426742708,Yaniv-LRJ(6)-4:7.csv_to_Ben-LRJ(1-6)-4:9.csv,LogisticRegression,False
lrj,Ben,Ben LRJ,Ben-LRJ(1-6)-4:9.csv,/Users/yanivnaggar/Desktop/Spring 2026/IS/OPENBCI_runs/Ben/Ben-LRJ(1-6)-4:9.csv,ben,RIGHT,4,4,True,0,left_right,2,2->2,10,4,Ben::Ben-LRJ(1-6)-4:9.csv::trial_10,31772,33359,127.088,133.436,6.348,5,sliding,32272,32521,129.088,130.084,1.0,1.0,0.5,,0.019457221464058896,0.28395256978954475,0.28461842062169435,1.461930574748512,0.08062906189008628,0.08100764535718773,0.011715464264366999,0.017866447877815664,0.00679398479372259,0.26314062154256646,0.26322831332359664,1.3645553656087177,0.0692429867058082,0.06928914493518555,0.006875962852466253,0.018468598430750244,0.033021179054770575,0.17014953242404554,0.1733241519531786,0.8254233239283252,0.02895086338412133,0.03004126165028855,0.0042121869688416195,0.012140699963239163,0.0009880266856105847,0.28860800676620163,0.2886096979768548,1.3705035989890404,0.08329458156955988,0.08329555776629137,0.004874272120494173,0.014654178653800233,0.004839501411900746,-0.0006021505529345793,0.007503277295525379,0.005725747914576501,0.006841192143872826,0.0032122692240154314,0.0026637758836246337,0.00632789846751108,0.0020016907319720806,0.0038144197769500107,-0.0006620851516525531,-0.0025134786905610697,LEFT,0.0015175354743118693,0.7118166135629469,0.2866658509627412,6,0.10347033637182579,0.10810794253259208,0.047456319387599644,0.012918722684627402,0.042726327161534544,0.6853203518618205,Yaniv-LRJ(6)-4:7.csv_to_Ben-LRJ(1-6)-4:9.csv,LogisticRegression,False
lrj,Ben,Ben LRJ,Ben-LRJ(1-6)-4:9.csv,/Users/yanivnaggar/Desktop/Spring 2026/IS/OPENBCI_runs/Ben/Ben-LRJ(1-6)-4:9.csv,ben,RIGHT,4,4,True,0,left_right,2,2->2,10,4,Ben::Ben-LRJ(1-6)-4:9.csv::trial_10,31772,33359,127.088,133.436,6.348,6,sliding,32397,32646,129.588,130.584,1.0,1.0,0.5,,-0.03199024129568193,0.2733755712058662,0.27524094620947953,1.442965076716645,0.07473420293213363,0.07575757847028959,0.013220978282439351,0.028035821177090785,-0.011550147800971626,0.23865466843348368,0.2389340006765892,1.313323448318255,0.056956050765096036,0.05708945667932033,0.004005214568645358,0.026939241538785085,-0.03530141824878115,0.27819974706639966,0.2804305429124726,1.519070088485128,0.07739509926780876,0.07864128939818414,0.00860674160986157,0.014411595350572456,-0.02959981093097026,0.2666300508796547,0.26826802425789853,1.2363236915149027,0.07109158403208725,0.07196773283923642,0.0076416890459959615,0.0203743545198032,0.009215763713793993,0.0010965796383057003,0.004614236672577781,0.01362422582651833,0.0055792892364433895,0.007661466657287584,-0.004601527041216212,0.01252764618821263,-0.0036364744773506033,0.006564887018981884,0.0009650525638656088,-0.0059627591692307455,RIGHT,0.0018780438736817173,0.353027315885022,0.6450946402412963,6,0.04565073924271432,0.020440725458356714,0.2777952779372887,0.03276821337384358,0.06397802833711269,0.559367015650684,Yaniv-LRJ(6)-4:7.csv_to_Ben-LRJ(1-6)-4:9.csv,LogisticRegression,False
lrj,Ben,Ben LRJ,Ben-LRJ(1-6)-4:9.csv,/Users/yanivnaggar/Desktop/Spring 2026/IS/OPENBCI_runs/Ben/Ben-LRJ(1-6)-4:9.csv,ben,RIGHT,4,4,True,0,left_right,2,2->2,10,4,Ben::Ben-LRJ(1-6)-4:9.csv::trial_10,31772,33359,127.088,133.436,6.348,7,sliding,32522,32771,130.088,131.084,1.0,1.0,0.5,,0.010560910465922259,0.28468683633223174,0.2848826558615391,1.334211714939792,0.0810465947808549,0.0811581276107241,0.007498815382059449,0.020843786796652188,-0.025579700246250885,0.262279058814872,0.26352348236448137,1.4404084548009308,0.06879030469281508,0.06944462575750313,0.006188985787924763,0.020366814440361654,0.008302200087451396,0.3547440016670072,0.3548411380392833,1.698277257326981,0.12584330671872163,0.1259122332450137,0.01048402540576035,0.004157111751658296,0.001695971461736999,0.27490708106513784,0.2749123124542684,1.2681720868905253,0.07557390321975425,0.07557677953895328,0.009071073520470744,0.020306627773045295,0.001309829594134686,0.0004769723562905344,-0.002985210023700901,0.016686675044993892,-0.0015722581384112946,0.0005371590236068931,-0.004295039617835587,0.016209702688703358,-0.0028820877325459807,6.018666731635869e-05,0.0014129518852896063,-0.016149516021387,RIGHT,0.0018118371536327857,0.13189983935312036,0.8662883234932468,6,0.1096836522762335,0.20674999831556004,0.15413428326114875,0.035515990549453307,0.09878948929780444,0.3951265862997999,Yaniv-LRJ(6)-4:7.csv_to_Ben-LRJ(1-6)-4:9.csv,LogisticRegression,False
lrj,Ben,Ben LRJ,Ben-LRJ(1-6)-4:9.csv,/Users/yanivnaggar/Desktop/Spring 2026/IS/OPENBCI_runs/Ben/Ben-LRJ(1-6)-4:9.csv,ben,RIGHT,4,4,True,0,left_right,2,2->2,10,4,Ben::Ben-LRJ(1-6)-4:9.csv::trial_10,31772,33359,127.088,133.436,6.348,8,sliding,32647,32896,130.588,131.584,1.0,1.0,0.5,,0.015976275350367844,0.27625497198970295,0.27671655339553203,1.1871174000976938,0.07631680954903156,0.07657205092310232,0.025144607759573584,0.020920362171783197,0.02232951138994185,0.2788336674399553,0.2797263326484104,1.5848643986020046,0.07774821409801558,0.07824682117692915,0.01161598497707121,0.027983648432887847,0.03844525247914864,0.33748772818047884,0.33967043455474055,1.6793527965175656,0.11389796667242078,0.11537600411060628,0.017999948955264508,0.010609041511128698,0.023205887448391062,0.2894693468310019,0.29039803023959077,1.3778582116600933,0.08379250275476685,0.08433101596703427,0.0076056934911684256,0.020571129146999965,0.013528622782502374,-0.00706328626110465,0.007144658804309076,0.010311320660654499,0.01753891426840516,0.0003492330247832319,-0.006383963978193298,0.01737460692175915,0.004010291485902784,0.007412519285887882,0.010394255464096083,-0.009962087635871267,LEFT,0.002582259942546857,0.5718983154270233,0.4255194246304299,6,0.10012168791955313,0.054519501774139355,0.18743396199323883,0.0858163393245271,0.20117758654590412,0.37093092244263753,Yaniv-LRJ(6)-4:7.csv_to_Ben-LRJ(1-6)-4:9.csv,LogisticRegression,False
lrj,Ben,Ben LRJ,Ben-LRJ(1-6)-4:9.csv,/Users/yanivnaggar/Desktop/Spring 2026/IS/OPENBCI_runs/Ben/Ben-LRJ(1-6)-4:9.csv,ben,RIGHT,4,4,True,0,left_right,2,2->2,10,4,Ben::Ben-LRJ(1-6)-4:9.csv::trial_10,31772,33359,127.088,133.436,6.348,9,sliding,32772,33021,131.088,132.084,1.0,1.0,0.5,,0.004265396472679086,0.2395965433868381,0.2396345075526272,1.2670088806863344,0.057406503602921,0.05742469720999014,0.010169327799142086,0.010652784286778466,0.03685271048428629,0.2733119785355779,0.27578535109949337,1.4236103987517752,0.07469943761103222,0.07605755988107082,0.010662243046559581,0.014017528698190767,-0.03278611009222985,0.2866466541855027,0.288515568679964,1.2692927722065912,0.0821663043557432,0.08324123337072302,0.015594207859896476,0.005410753840747334,-0.0003729448031601592,0.3540997955891509,0.35409999198546255,1.5827817368963042,0.12538666523627845,0.12538680432410465,0.03790712832020567,0.020785027019519245,-0.0004929152474174945,-0.003364744411412301,-0.005424880060754389,0.005242030446031132,-0.027737800521063588,-0.01013224273274078,-0.004931964813336895,0.008606774857443433,-0.027244885273646092,-0.006767498321328478,-0.022312920460309197,-0.015374273178771911,LEFT,0.001969817722721924,0.6760397194516187,0.3219904628256594,6,0.1438979784779184,0.010896249826205318,0.025348390749877842,0.12862902471396953,0.20607889490140582,0.485149461330623,Yaniv-LRJ(6)-4:7.csv_to_Ben-LRJ(1-6)-4:9.csv,LogisticRegression,False
lrj,Ben,Ben LRJ,Ben-LRJ(1-6)-4:9.csv,/Users/yanivnaggar/Desktop/Spring 2026/IS/OPENBCI_runs/Ben/Ben-LRJ(1-6)-4:9.csv,ben,RIGHT,4,4,True,0,left_right,2,2->2,10,4,Ben::Ben-LRJ(1-6)-4:9.csv::trial_10,31772,33359,127.088,133.436,6.348,10,sliding,32897,33146,131.588,132.584,1.0,1.0,0.5,,0.008078262743062732,0.2946009332766786,0.2947116696305662,1.553519734315452,0.08678970988749003,0.086854968216436,0.03728819696467424,0.03301997494375427,-0.008542603390362204,0.34936908837532565,0.3494735125655321,1.7779250320173494,0.12205875991220612,0.12213173598489115,0.10493433786049122,0.03650864967226959,-0.018073100016090304,0.3662243473216531,0.36667002811160115,1.8540975225696799,0.1341202725711708,0.1344469095153624,0.05549209965459373,0.019214315061035204,-0.00538287615755722,0.533766794461014,0.5337939361072904,2.454733149003908,0.2849069908691864,0.2849359662249141,0.2612404420275653,0.02742070494254203,-0.06764614089581698,-0.0034886747285153216,-0.01820390268991949,0.013805659882719066,-0.22395224506289108,0.005599270001212239,0.04944223820589749,0.017294334611234388,-0.15630610416707408,0.00908794472972756,-0.20574834237297157,-0.008206389881506827,LEFT,0.0004437093690329676,0.982705013649565,0.016851276981402003,4,0.18313048952058825,0.027825268503379103,5.94032649220731e-09,0.5089387798610386,0.28006193338541935,4.3522789248216025e-05,Yaniv-LRJ(6)-4:7.csv_to_Ben-LRJ(1-6)-4:9.csv,LogisticRegression,False
lrj,Ben,Ben LRJ,Ben-LRJ(1-6)-4:9.csv,/Users/yanivnaggar/Desktop/Spring 2026/IS/OPENBCI_runs/Ben/Ben-LRJ(1-6)-4:9.csv,ben,RIGHT,4,4,True,0,left_right,2,2->2,10,4,Ben::Ben-LRJ(1-6)-4:9.csv::trial_10,31772,33359,127.088,133.436,6.348,11,sliding,33022,33271,132.088,133.084,1.0,1.0,0.5,,-0.019231897531587883,0.34179244152713534,0.3423330819067093,1.5535833991649985,0.11682207308508025,0.11719193896774574,0.051907058627447544,0.021181226061560757,-0.012778559883037204,0.3734830598523419,0.37370160233714866,1.7779250320173494,0.13948959599666802,0.13965288758935238,0.052358647877704924,0.038782921039523355,0.061175134597331066,0.4840392853529477,0.4878897691671695,2.026820539721705,0.23429402976499233,0.23803642685799392,0.2132414207465581,0.009994786301199286,0.03794055226584608,0.5912149930171133,0.5924311381708954,2.5622875720495504,0.3495351679682253,0.35097465347446266,0.30504071460404597,0.028651932967851294,-0.00045158925025737956,-0.017601694977962597,-0.16133436211911056,0.011186439760361471,-0.2531336559765984,-0.007470706906290536,-0.1608827728688532,0.02878813473832407,-0.252682066726341,0.010130988071672061,-0.09179929385748786,-0.018657146666652007,LEFT,0.00023067607572494823,0.9939623314048821,0.005806992519392928,4,7.7837036601325e-05,8.199177020335317e-09,6.074699841819972e-10,0.5086848161620383,0.49084712444281736,0.00039021355189605033,Yaniv-LRJ(6)-4:7.csv_to_Ben-LRJ(1-6)-4:9.csv,LogisticRegression,False
lrj,Ben,Ben LRJ,Ben-LRJ(1-6)-4:9.csv,/Users/yanivnaggar/Desktop/Spring 2026/IS/OPENBCI_runs/Ben/Ben-LRJ(1-6)-4:9.csv,ben,RIGHT,5,5,True,0,left_right,2,2->2,11,5,Ben::Ben-LRJ(1-6)-4:9.csv::trial_11,34237,35788,136.948,143.152,6.204,1,sliding,34237,34486,136.948,137.944,1.0,1.0,0.5,,-0.000372079936810497,0.2550716010549858,0.25507187243644325,1.2690083706827289,0.06506152166475383,0.06506166010823318,0.019397618431702027,0.010604997830116699,0.006536632962365204,0.26950701355684437,0.269586271769936,1.4940441854137536,0.07263403035632911,0.07267675792681379,0.009588317735249752,0.017358976424245224,-0.017614292557057182,0.4218895678023658,0.42225711447263103,1.7871260900208594,0.17799080742046702,0.1783010707227526,0.01489764571690351,0.01889931762805894,-0.02008341305797922,0.34000989950599436,0.3406025179621163,1.5681528049060554,0.11560673176207638,0.11601007524213376,0.02842339833114748,0.019186377641859553,0.009809300696452274,-0.006753978594128525,0.004499972714798517,-0.008294319797942241,-0.009025779899445453,-0.008581379811742854,-0.005309327981653757,-0.0015403412038137165,-0.018835080595897728,-0.0018274012176143287,-0.01352575261424397,-0.00028706001380061213,RIGHT,0.003395082316157377,0.32895598994191133,0.6676489277419312,4,0.053517638037377406,0.09452185431554344,0.11673972057720884,0.3828485147196459,0.20123784590916077,0.1511344264410636,Yaniv-LRJ(6)-4:7.csv_to_Ben-LRJ(1-6)-4:9.csv,LogisticRegression,False
lrj,Ben,Ben LRJ,Ben-LRJ(1-6)-4:9.csv,/Users/yanivnaggar/Desktop/Spring 2026/IS/OPENBCI_runs/Ben/Ben-LRJ(1-6)-4:9.csv,ben,RIGHT,5,5,True,0,left_right,2,2->2,11,5,Ben::Ben-LRJ(1-6)-4:9.csv::trial_11,34237,35788,136.948,143.152,6.204,2,sliding,34362,34611,137.448,138.444,1.0,1.0,0.5,,0.028070079804394625,0.25299377705340464,0.2545462248943655,1.408491719260737,0.06400585122774782,0.0647937806079729,0.02067827425023026,0.011433016037234359,-0.0014573194752749785,0.24674064956229705,0.24674495319353,1.3053108341984607,0.06088094814642428,0.0608830719264773,0.02434180653873052,0.013880422793637407,-0.02189658027984421,0.5300759221626006,0.5305279855808579,2.6833206731903925,0.2809804832565314,0.281459943484483,0.09332745654832997,0.008567991308865815,-0.006543351375735999,0.3731467522886387,0.3732041186680353,1.7815573546565782,0.1392384987435587,0.139281314190785,0.1485593730468336,0.03441052617093823,-0.003663532288500259,-0.0024474067564030488,-0.0726491822980997,0.0028650247283685433,-0.12788109879660334,-0.022977510133703874,-0.06898565000959944,0.005312431484771592,-0.12421756650810306,-0.020530103377300823,-0.05523191649850362,-0.025842534862072417,RIGHT,0.0014433067425065338,0.1777792140091632,0.8207774792483302,5,0.006370707367329225,0.00023902646313491034,3.607801386461379e-05,0.4214116497523345,0.5615962069068479,0.010346331496488928,Yaniv-LRJ(6)-4:7.csv_to_Ben-LRJ(1-6)-4:9.csv,LogisticRegression,True
lrj,Ben,Ben LRJ,Ben-LRJ(1-6)-4:9.csv,/Users/yanivnaggar/Desktop/Spring 2026/IS/OPENBCI_runs/Ben/Ben-LRJ(1-6)-4:9.csv,ben,RIGHT,5,5,True,0,left_right,2,2->2,11,5,Ben::Ben-LRJ(1-6)-4:9.csv::trial_11,34237,35788,136.948,143.152,6.204,3,sliding,34487,34736,137.948,138.944,1.0,1.0,0.5,,-0.04241240982449014,0.26266745862582114,0.26606955167412144,1.319994635251457,0.06899419382094746,0.07079300632806798,0.01508893941887215,0.013037583605901334,-0.04042501690630275,0.2739987341336917,0.2769647780833157,1.395145440621087,0.07507530630686546,0.07670948829874033,0.014323950112869497,0.012908117399135229,0.057505370782212864,0.47813235839058316,0.48157805162708656,2.6833206731903925,0.22861055214014106,0.23191741980894084,0.037736534534692834,0.011250945459239997,0.005798450508155375,0.3110502819006776,0.31110432317598313,1.7327939992654773,0.09675227787049102,0.09678589989878657,0.02347721080332327,0.011530321835793802,0.0007649893060026527,0.00012946620676610593,-0.022647595115820686,0.0017866381466613377,-0.008388271384451121,0.0015072617701075326,-0.023412584421823337,0.0016571719398952318,-0.009153260690453774,0.0013777955633414267,0.014259323731369563,-0.0002793763765538051,RIGHT,0.0025684564950760724,0.10680435728327686,0.890627186221647,3,0.018279774894628054,0.04493475999572559,0.4341318423451283,0.2234785760327887,0.12285700637834593,0.15631804035338345,Yaniv-LRJ(6)-4:7.csv_to_Ben-LRJ(1-6)-4:9.csv,LogisticRegression,False
lrj,Ben,Ben LRJ,Ben-LRJ(1-6)-4:9.csv,/Users/yanivnaggar/Desktop/Spring 2026/IS/OPENBCI_runs/Ben/Ben-LRJ(1-6)-4:9.csv,ben,RIGHT,5,5,True,0,left_right,2,2->2,11,5,Ben::Ben-LRJ(1-6)-4:9.csv::trial_11,34237,35788,136.948,143.152,6.204,4,sliding,34612,34861,138.448,139.444,1.0,1.0,0.5,,0.013794863736471904,0.2609222806875405,0.2612866908678961,1.3289104525918825,0.06808043655918766,0.06827073482469548,0.012582082755217215,0.03689964751377008,0.03227637551192893,0.28217796522373856,0.2840179016787435,1.4132506944965617,0.07962440405780939,0.08066616847399642,0.014350702268067964,0.03281162056411453,-0.021640997782009924,0.38364771407361636,0.38425759758124783,1.72343041226807,0.1471855685139113,0.1476539012989122,0.07161161395093923,0.008875634931397262,0.01739465325589721,0.25403788315370246,0.25463271596381143,1.346127136811062,0.06453524607721418,0.06483782003910707,0.040785638474601885,0.020432440920027956,-0.0017686195128507488,0.00408802694965555,-0.05902953119572202,0.02802401258237282,-0.028203555719384668,0.016467206593742127,-0.05726091168287127,0.02393598563271727,-0.02643493620653392,0.012379179644086576,0.03082597547633735,-0.011556805988630695,RIGHT,0.001531676905448649,0.26014902564276443,0.7383192974517869,6,0.04012412463323588,0.0002808954616652306,0.026415607153137267,0.12675754168283399,0.3836997367554999,0.4227220943136277,Yaniv-LRJ(6)-4:7.csv_to_Ben-LRJ(1-6)-4:9.csv,LogisticRegression,False
lrj,Ben,Ben LRJ,Ben-LRJ(1-6)-4:9.csv,/Users/yanivnaggar/Desktop/Spring 2026/IS/OPENBCI_runs/Ben/Ben-LRJ(1-6)-4:9.csv,ben,RIGHT,5,5,True,0,left_right,2,2->2,11,5,Ben::Ben-LRJ(1-6)-4:9.csv::trial_11,34237,35788,136.948,143.152,6.204,5,sliding,34737,34986,138.948,139.944,1.0,1.0,0.5,,0.040442661868168105,0.32027464749008583,0.322817996282552,1.7105297448925565,0.10257584982489874,0.10421145872388173,0.031179442532620477,0.03198325088358901,0.0255409576552958,0.32053471468563843,0.32155068626353955,1.428360369152038,0.10274250331860364,0.10339484383655326,0.04664442973927497,0.03491768625580062,-0.03499638775710253,0.4150747887545388,0.41654750919393396,2.0292161801602986,0.172287080259625,0.1735118274156705,0.03708871068218685,0.01697036171233592,0.0019222469459347043,0.32754745358422177,0.3275530939906217,1.5321444169065783,0.1072873343495079,0.10729102938282907,0.05808893012961536,0.013410507580152399,-0.015464987206654492,-0.002934435372211608,-0.005909268149566375,0.015012889171253093,-0.02690948759699488,0.018572743303436612,0.009555719057088116,0.0179473245434647,-0.011444500390340388,0.02150717867564822,-0.021000219447428504,0.0035598541321835205,RIGHT,0.002984584819647577,0.4893938405697717,0.5076215746105808,4,0.11924469145809714,0.10920002555598683,0.004692579583699494,0.41781701932624865,0.33155957350597254,0.01748611056999525,Yaniv-LRJ(6)-4:7.csv_to_Ben-LRJ(1-6)-4:9.csv,LogisticRegression,False
lrj,Ben,Ben LRJ,Ben-LRJ(1-6)-4:9.csv,/Users/yanivnaggar/Desktop/Spring 2026/IS/OPENBCI_runs/Ben/Ben-LRJ(1-6)-4:9.csv,ben,RIGHT,5,5,True,0,left_right,2,2->2,11,5,Ben::Ben-LRJ(1-6)-4:9.csv::trial_11,34237,35788,136.948,143.152,6.204,6,sliding,34862,35111,139.448,140.444,1.0,1.0,0.5,,-0.05050599002385906,0.3310971952738787,0.3349271678238705,1.7105297448925565,0.10962535271822899,0.11217620774651911,0.024380834741625963,0.022200599531438894,-0.026045646398445848,0.3556542485977299,0.3566066744214538,1.8211493209043628,0.12648994454561588,0.12716832024192873,0.027379541701946182,0.030550148672194077,0.049845234824802895,0.4418236244450833,0.44462643033509575,2.128020268711496,0.19520811511779,0.19769266255252974,0.0320475484001667,0.006554271923443052,-0.017690012476318514,0.35753371973001136,0.35797108442636905,1.6164660439424279,0.12783036074397833,0.12814329728539064,0.0543635100333298,0.014909592692906112,-0.0029987069603202195,-0.008349549140755183,-0.007666713658540738,0.015646327607995843,-0.02998267529170384,0.007291006838532782,-0.0046680066982205184,0.023995876748751026,-0.02698396833138362,0.015640555979287964,-0.0223159616331631,-0.00835532076946306,RIGHT,0.004545332153622601,0.46622025571095477,0.5292344121354228,5,0.04573669898928605,0.043890776010045714,0.19940656512793892,0.20667397276971877,0.3793124369973545,0.12497955010565612,Yaniv-LRJ(6)-4:7.csv_to_Ben-LRJ(1-6)-4:9.csv,LogisticRegression,True
lrj,Ben,Ben LRJ,Ben-LRJ(1-6)-4:9.csv,/Users/yanivnaggar/Desktop/Spring 2026/IS/OPENBCI_runs/Ben/Ben-LRJ(1-6)-4:9.csv,ben,RIGHT,5,5,True,0,left_right,2,2->2,11,5,Ben::Ben-LRJ(1-6)-4:9.csv::trial_11,34237,35788,136.948,143.152,6.204,7,sliding,34987,35236,139.948,140.944,1.0,1.0,0.5,,0.004905361140438131,0.2683954365774111,0.2684402595429703,1.3555330836787118,0.07203611037557911,0.07206017294349724,0.027690609368149384,0.023938962087987334,0.023890525280959807,0.3442989373119142,0.34512681065416173,1.8211493209043628,0.11854175823411343,0.11911251543231362,0.07117498034909629,0.029788915091582043,-0.04992070925539909,0.4048427174708976,0.40790893971790215,1.8447961970673106,0.16389762588922105,0.16638970310178314,0.06405956995929105,0.010591720302418076,0.008102476800022643,0.3112506273096533,0.311356071292897,1.6537494669372088,0.09687695300065269,0.09694260313094757,0.07550451380480458,0.024160955564010853,-0.04348437098094691,-0.005849953003594709,-0.03636896059114166,0.013347241785569258,-0.047813904436655195,-0.0002219934760235194,0.007115410389805246,0.019197194789163968,-0.004329533455708287,0.00562795952757119,-0.011444943845513533,-0.013569235261592778,LEFT,0.0013513735947250493,0.7017312254191954,0.2969174009860796,5,0.08791594718424035,0.004384358961250525,0.001958155768913416,0.3534190429836603,0.5283898500056201,0.02393264509631524,Yaniv-LRJ(6)-4:7.csv_to_Ben-LRJ(1-6)-4:9.csv,LogisticRegression,False
lrj,Ben,Ben LRJ,Ben-LRJ(1-6)-4:9.csv,/Users/yanivnaggar/Desktop/Spring 2026/IS/OPENBCI_runs/Ben/Ben-LRJ(1-6)-4:9.csv,ben,RIGHT,5,5,True,0,left_right,2,2->2,11,5,Ben::Ben-LRJ(1-6)-4:9.csv::trial_11,34237,35788,136.948,143.152,6.204,8,sliding,35112,35361,140.448,141.444,1.0,1.0,0.5,,0.06209435205676507,0.2670392976076403,0.27416362819333157,1.351497351782057,0.07130998646678187,0.07516569502413135,0.012465728063066082,0.022910112412317107,0.012704777795650572,0.31891204580188715,0.31916501114060397,1.5688068655870653,0.10170489295754498,0.10186630433638184,0.007308144540513184,0.028374569732616227,-0.018175878110180642,0.38957151799006984,0.3899952950667014,1.5973263600947316,0.1517659676290873,0.15209633017416346,0.027001570548094038,0.01587303051492822,0.02550088184324395,0.28643370746809704,0.2875666248866556,1.6150469470771682,0.0820442687739194,0.08269456374870247,0.014164313979579589,0.025496542482505793,0.005157583522552899,-0.0054644573202991195,-0.014535842485027956,0.007037081897388886,-0.0016985859165135064,-0.0025864300701886854,-0.019693426007580853,0.012501539217688006,-0.006856169439066405,0.002878027250110434,0.012837256568514449,-0.009623511967577571,RIGHT,0.0029200758133845674,0.24145137916753032,0.755628545019085,6,0.1877411420660067,0.08749776153118101,0.026176628651371932,0.16813896513243373,0.24128459359479676,0.28916090902420993,Yaniv-LRJ(6)-4:7.csv_to_Ben-LRJ(1-6)-4:9.csv,LogisticRegression,False
lrj,Ben,Ben LRJ,Ben-LRJ(1-6)-4:9.csv,/Users/yanivnaggar/Desktop/Spring 2026/IS/OPENBCI_runs/Ben/Ben-LRJ(1-6)-4:9.csv,ben,RIGHT,5,5,True,0,left_right,2,2->2,11,5,Ben::Ben-LRJ(1-6)-4:9.csv::trial_11,34237,35788,136.948,143.152,6.204,9,sliding,35237,35486,140.948,141.944,1.0,1.0,0.5,,-0.023673375285369766,0.2806817097653454,0.28167827550984387,1.4231836696157552,0.07878222219679759,0.07934265089419952,0.019816275313141656,0.014353935353465297,-0.026447315240295442,0.3233127779984394,0.32439268317964215,1.5397786609581021,0.10453115241706815,0.1052306129004877,0.051142268088992276,0.019210229615657073,0.036216065195337495,0.3957601844424318,0.3974137981602307,1.8798312897435097,0.1566261235899076,0.15793772696814057,0.0517647799535576,0.008343778038235612,-0.005515644523064193,0.39384326754807386,0.3938818880418957,2.15726682837015,0.15511251939294368,0.15514294172744847,0.0990581480826421,0.026249103553251166,-0.03132599277585062,-0.004856294262191776,-0.031948504640415945,0.006010157315229685,-0.07924187276950044,-0.01189516819978587,-0.0006225118645653213,0.01086645157742146,-0.047915879993649824,-0.007038873937594094,-0.0472933681290845,-0.017905325515015554,LEFT,0.001965516345882965,0.727785243376174,0.27024924027794306,5,0.06420198325785276,0.03774124011311358,0.002311828256739906,0.33112422298639915,0.4926739848439198,0.07194674054197475,Yaniv-LRJ(6)-4:7.csv_to_Ben-LRJ(1-6)-4:9.csv,LogisticRegression,False
lrj,Ben,Ben LRJ,Ben-LRJ(1-6)-4:9.csv,/Users/yanivnaggar/Desktop/Spring 2026/IS/OPENBCI_runs/Ben/Ben-LRJ(1-6)-4:9.csv,ben,RIGHT,5,5,True,0,left_right,2,2->2,11,5,Ben::Ben-LRJ(1-6)-4:9.csv::trial_11,34237,35788,136.948,143.152,6.204,10,sliding,35362,35611,141.448,142.444,1.0,1.0,0.5,,-0.008784140541212081,0.2677054523644955,0.2678495293083917,1.4872124380808915,0.07166620922567918,0.07174337035072696,0.0063386492887482215,0.019432264110423175,-0.00188956967851564,0.32671701827494215,0.3267224823975829,1.5127816134624372,0.10674401003046889,0.10674758050403886,0.022419571750932843,0.036222394290850474,-0.023513200814819304,0.36250763857710117,0.36326940228885807,1.7596878361849377,0.1314117880267462,0.1319646586393042,0.03017836637735353,0.012786669540417019,-0.023058692881172786,0.390941769287477,0.3916212076624696,2.15726682837015,0.15283546697362288,0.15336717029101116,0.06432544897091279,0.014230180670655575,-0.01608092246218462,-0.0167901301804273,-0.023839717088605307,0.006645594570006156,-0.057986799682164566,0.0052020834397676005,-0.007758794626420686,0.023435724750433456,-0.041905877219979945,0.0219922136201949,-0.03414708259355926,-0.0014435111302385558,RIGHT,0.003895926973565575,0.47331004769800505,0.5227940253284293,4,0.12224372394965179,0.026980138253977767,0.008495809896014414,0.31472851180765854,0.3136518219291604,0.21389999416353703,Yaniv-LRJ(6)-4:7.csv_to_Ben-LRJ(1-6)-4:9.csv,LogisticRegression,False
lrj,Ben,Ben LRJ,Ben-LRJ(1-6)-4:9.csv,/Users/yanivnaggar/Desktop/Spring 2026/IS/OPENBCI_runs/Ben/Ben-LRJ(1-6)-4:9.csv,ben,RIGHT,5,5,True,0,left_right,2,2->2,11,5,Ben::Ben-LRJ(1-6)-4:9.csv::trial_11,34237,35788,136.948,143.152,6.204,11,sliding,35487,35736,141.948,142.944,1.0,1.0,0.5,,0.005466960111251499,0.28274478382351564,0.28279763158885296,1.80454485553757,0.07994461277940659,0.07997450043226462,0.0317204039921853,0.018872448400826018,-0.011762851578476514,0.30579891323434816,0.306025064353503,1.488802237280822,0.09351297533530839,0.09365134001256567,0.04272072525555598,0.03137407225352744,0.003671486464707921,0.3533251206241479,0.3533441957595019,1.6519481320024139,0.12483864086406866,0.12485212067692919,0.08326590714302695,0.010963773273190253,-0.0017328149074366931,0.32031336235883634,0.32031804937144365,1.5238044778942184,0.1026006501056232,0.10260365275312662,0.07320110670522234,0.03610720177600798,-0.01100032126337068,-0.01250162385270142,-0.05154550315084165,0.007908675127635765,-0.04148070271303704,-0.01723475337518196,-0.04054518188747097,0.020410298980337187,-0.03048038144966636,-0.004733129522480541,0.01006480043780461,-0.025143428502817727,LEFT,0.0008764863375080263,0.8153500888385102,0.18377342482398176,5,0.016390466547309763,0.0019417106517349548,0.0033440123383842698,0.13833736693671456,0.5815791519917862,0.2584072915340702,Yaniv-LRJ(6)-4:7.csv_to_Ben-LRJ(1-6)-4:9.csv,LogisticRegression,False
lrj,Ben,Ben LRJ,Ben-LRJ(1-6)-4:9.csv,/Users/yanivnaggar/Desktop/Spring 2026/IS/OPENBCI_runs/Ben/Ben-LRJ(1-6)-4:9.csv,ben,RIGHT,6,3,False,-3,left_right,2,2->2,12,6,Ben::Ben-LRJ(1-6)-4:9.csv::trial_12,37072,38536,148.288,154.144,5.856,1,sliding,37072,37321,148.288,149.284,1.0,1.0,0.5,observed_count 3 vs expected_count 6,0.029507729301133642,0.3473876890973658,0.34863865624012075,1.7052199923537281,0.12067820653640808,0.12154891262491709,0.01496602270609457,0.014900669013274253,0.03442001409983786,0.3478146602561971,0.3495136267154213,1.701649594560881,0.12097503788913383,0.12215977525976686,0.010759950703933298,0.022403737530812283,0.004524544048426947,0.5522229353339305,0.552241470561265,2.3685564394991125,0.30495017030882243,0.30497064180766853,0.0038801757005873048,0.01171855807908882,-0.01388254096278678,0.5081400001385838,0.5083296024081456,2.677508456201579,0.25820625974084,0.2583989846844234,0.007740584425723089,0.007490303317363972,0.004206072002161273,-0.00750306851753803,0.011085847005507266,0.003182110934185434,0.007225438280371482,0.007410365695910281,0.006879775003345993,0.010685179451723464,0.003019366278210209,0.01491343421344831,-0.003860408725135784,0.004228254761724847,RIGHT,0.02304250710771717,0.2217497940334091,0.7552076988588738,4,0.005942402093711268,0.27598148567822145,0.05714034622222316,0.5825654220928127,0.05245223418002145,0.025918109733009984,Yaniv-LRJ(6)-4:7.csv_to_Ben-LRJ(1-6)-4:9.csv,LogisticRegression,False
lrj,Ben,Ben LRJ,Ben-LRJ(1-6)-4:9.csv,/Users/yanivnaggar/Desktop/Spring 2026/IS/OPENBCI_runs/Ben/Ben-LRJ(1-6)-4:9.csv,ben,RIGHT,6,3,False,-3,left_right,2,2->2,12,6,Ben::Ben-LRJ(1-6)-4:9.csv::trial_12,37072,38536,148.288,154.144,5.856,2,sliding,37197,37446,148.788,149.784,1.0,1.0,0.5,observed_count 3 vs expected_count 6,-0.027635526725844906,0.25262975048573977,0.25413680010557704,1.1802765232298857,0.06382179083048714,0.06458551316790204,0.007885780739864361,0.02050659476468528,-0.018315963166943013,0.26134000821506104,0.261981057331596,1.2879783997034706,0.06829859989384818,0.06863407440058099,0.009584079942911005,0.013889367699482175,0.03554916624464896,0.32214375666876605,0.32409927982233294,1.4527805603613215,0.10377659996066516,0.10504034318135486,0.0020156867913508508,0.005228339053426076,-0.01409734448753145,0.1986287269147802,0.19912836633033093,1.0150792934667179,0.03945337115578633,0.03965210627738647,0.007106698124636523,0.008461135426695524,-0.001698299203046644,0.006617227065203105,0.005870093948513511,0.015278255711259204,0.0007790826152278378,0.012045459337989756,0.007568393151560155,0.008661028646056099,0.002477381818274482,0.005428232272786651,-0.005091011333285673,-0.003232796373269448,RIGHT,0.0012303452339926268,0.1448738233311611,0.8538958314348464,3,0.10593838314598898,0.07672038639311587,0.5525506606419571,0.012124110961955117,0.05307820842161439,0.19958825043536849,Yaniv-LRJ(6)-4:7.csv_to_Ben-LRJ(1-6)-4:9.csv,LogisticRegression,False
lrj,Ben,Ben LRJ,Ben-LRJ(1-6)-4:9.csv,/Users/yanivnaggar/Desktop/Spring 2026/IS/OPENBCI_runs/Ben/Ben-LRJ(1-6)-4:9.csv,ben,RIGHT,6,3,False,-3,left_right,2,2->2,12,6,Ben::Ben-LRJ(1-6)-4:9.csv::trial_12,37072,38536,148.288,154.144,5.856,3,sliding,37322,37571,149.288,150.284,1.0,1.0,0.5,observed_count 3 vs expected_count 6,0.02087328581390184,0.24687788167219205,0.24775871835238755,1.1869031297522574,0.06094868845894886,0.0613843825196177,0.014468322067341902,0.012069223434262675,0.00662543205815362,0.24490143973520415,0.2449910437839168,1.339783123026177,0.059976715184375834,0.060020611534333045,0.0117252989366768,0.01422416127626051,-0.07862549057063506,0.34526759675084967,0.35410687812238323,1.8936499378124863,0.11920971336610733,0.12539168113358037,0.006954758438692873,0.007851378340800137,0.020064519536140715,0.2003807050339819,0.20138274974319878,1.0416460363160296,0.04015242694991565,0.040555011894131826,0.007422987524736287,0.012088922632019298,0.002743023130665101,-0.002154937841997835,0.007513563628649029,0.004217845093462538,0.007045334542605614,-1.9699197756623335e-05,0.004770540497983928,0.006372782935460373,0.0043023114119405135,0.002135238644241212,-0.0004682290860434143,-0.004237544291219161,RIGHT,0.0010538733421211505,0.10507628985411199,0.8938698368037669,1,0.46682564245524993,0.09095313129305191,0.08059027578698665,0.10429444595701141,0.12844827162139863,0.1288882328863015,Yaniv-LRJ(6)-4:7.csv_to_Ben-LRJ(1-6)-4:9.csv,LogisticRegression,False
lrj,Ben,Ben LRJ,Ben-LRJ(1-6)-4:9.csv,/Users/yanivnaggar/Desktop/Spring 2026/IS/OPENBCI_runs/Ben/Ben-LRJ(1-6)-4:9.csv,ben,RIGHT,6,3,False,-3,left_right,2,2->2,12,6,Ben::Ben-LRJ(1-6)-4:9.csv::trial_12,37072,38536,148.288,154.144,5.856,4,sliding,37447,37696,149.788,150.784,1.0,1.0,0.5,observed_count 3 vs expected_count 6,0.028136789676611675,0.30906910952969335,0.31034721425974404,1.7483932972685325,0.09552371446547758,0.09631539339878346,0.008120459553006113,0.040431223415814094,-0.010643622489367548,0.27977153251085446,0.27997392218413536,1.6357978638365234,0.07827211040347211,0.07838539710316828,0.01267464554411787,0.04295134591711233,0.09731085038640618,0.4263063827066758,0.4372716930460698,1.8936499378124863,0.18173713193645075,0.19120653353937628,0.004196905424084103,0.012691656440380193,0.004550117478673879,0.27210838112340924,0.27214642133725053,1.4627423386352423,0.07404297107760255,0.0740636746466723,0.007612723803351059,0.024063177782417417,-0.004554185991111757,-0.0025201225012982387,0.00392355412892201,0.0277395669754339,0.0005077357496550538,0.016368045633396677,0.008477740120033769,0.03025968947673214,0.005061921740766811,0.018888168134694915,-0.0034158183792669565,-0.011371521342037224,RIGHT,0.002706338334067032,0.07221848641112057,0.9250751752548124,2,0.07427321846463769,0.5317647526146084,0.16869317765175038,0.019246774467349608,0.08728149506251197,0.11874058173914208,Yaniv-LRJ(6)-4:7.csv_to_Ben-LRJ(1-6)-4:9.csv,LogisticRegression,False
lrj,Ben,Ben LRJ,Ben-LRJ(1-6)-4:9.csv,/Users/yanivnaggar/Desktop/Spring 2026/IS/OPENBCI_runs/Ben/Ben-LRJ(1-6)-4:9.csv,ben,RIGHT,6,3,False,-3,left_right,2,2->2,12,6,Ben::Ben-LRJ(1-6)-4:9.csv::trial_12,37072,38536,148.288,154.144,5.856,5,sliding,37572,37821,150.288,151.284,1.0,1.0,0.5,observed_count 3 vs expected_count 6,-0.04897071223657935,0.3073688892148455,0.3112455055324106,1.7483932972685325,0.09447563405716797,0.09687376471412583,0.007429963136509004,0.02605211442112829,-0.02665186995604563,0.2698797669353157,0.27119257138279856,1.4839587961640914,0.0728350886010603,0.07354541077321429,0.007096448295750661,0.02149978519645818,-0.030262971815950522,0.41573553708125804,0.41683556020974877,1.8517009341848345,0.1728360367922421,0.1737518842553751,0.009603833559108077,0.01127702311477111,-0.022407606879681772,0.2736086267338976,0.2745246463785786,1.3275624277179736,0.07486168062320928,0.07536378146928363,0.002710690692159399,0.012994635895716271,0.0003335148407583432,0.00455232922467011,-0.0021738704225990725,0.01477509130635718,0.004719272444349605,0.013057478525412019,-0.0025073852633574157,0.01022276208168707,0.004385757603591262,0.008505149300741909,0.0068931428669486774,-0.0017176127809451613,RIGHT,0.0020057881390136353,0.07236041694254768,0.9256337949184387,3,0.028456116210898302,0.02567362948460707,0.7074532801773825,0.05142054535266587,0.045208903584220604,0.1417875251902255,Yaniv-LRJ(6)-4:7.csv_to_Ben-LRJ(1-6)-4:9.csv,LogisticRegression,False
lrj,Ben,Ben LRJ,Ben-LRJ(1-6)-4:9.csv,/Users/yanivnaggar/Desktop/Spring 2026/IS/OPENBCI_runs/Ben/Ben-LRJ(1-6)-4:9.csv,ben,RIGHT,6,3,False,-3,left_right,2,2->2,12,6,Ben::Ben-LRJ(1-6)-4:9.csv::trial_12,37072,38536,148.288,154.144,5.856,6,sliding,37697,37946,150.788,151.784,1.0,1.0,0.5,observed_count 3 vs expected_count 6,-0.017142306755688317,0.3165759414266985,0.31703972207139375,1.6508267755687729,0.10022032669020044,0.10051418537110658,0.009117544561252657,0.015413794239229756,-0.0031727693257576632,0.25762077755029383,0.2576403141800841,1.1918925359842725,0.06636846502561797,0.06637853149081244,0.01038364257039388,0.013919440955454328,-0.06476105841290548,0.4128591810518706,0.417907523341685,1.6695604876557577,0.17045270337882124,0.174646698065581,0.006453894451239179,0.00666216612539344,0.003047961651997296,0.21425353384491572,0.21427521283449116,1.034705968889555,0.04590457676503444,0.04591386683526649,0.006053590221251952,0.011456412654591247,-0.0012660980091412227,0.0014943532837754271,0.0026636501100134784,0.008751628113836316,0.0030639543400007054,0.003957381584638509,0.003929748119154701,0.007257274830060888,0.004330052349141928,0.0024630283008630818,0.00040030422998722694,-0.0047942465291978065,RIGHT,0.0010197332820753983,0.04223441350644598,0.9567458532114786,3,0.21714622822197172,0.04982087279875276,0.4194703789616942,0.0952536216114304,0.11082770548780677,0.1074811929183441,Yaniv-LRJ(6)-4:7.csv_to_Ben-LRJ(1-6)-4:9.csv,LogisticRegression,False
lrj,Ben,Ben LRJ,Ben-LRJ(1-6)-4:9.csv,/Users/yanivnaggar/Desktop/Spring 2026/IS/OPENBCI_runs/Ben/Ben-LRJ(1-6)-4:9.csv,ben,RIGHT,6,3,False,-3,left_right,2,2->2,12,6,Ben::Ben-LRJ(1-6)-4:9.csv::trial_12,37072,38536,148.288,154.144,5.856,7,sliding,37822,38071,151.288,152.284,1.0,1.0,0.5,observed_count 3 vs expected_count 6,0.02150397494789844,0.2890694142077882,0.2898681548031685,1.6508267755687729,0.08356112623043384,0.08402354716899367,0.0048021993761636055,0.031275102875921085,0.0004835720088184061,0.23629662411372515,0.23629711891902286,1.210530913889429,0.05583609456754311,0.05583632840943083,0.002345361377868869,0.027018818521585553,0.07606770551267572,0.36753468741757606,0.3753239164736221,1.5867432603661564,0.13508174645513532,0.14086804227709848,0.00403377409228731,0.012217499598243151,0.0027847957639201867,0.19859300455352083,0.1986125286708809,1.034705968889555,0.039439181457594744,0.03944693654504148,0.00763488480357477,0.013947426270016123,0.0024568379982947367,0.004256284354335532,0.0007684252838762954,0.019057603277677936,-0.0028326854274111643,0.017327676605904962,-0.0016884127144184413,0.014801318923342402,-0.005289523425705901,0.01307139225156943,-0.0036011107112874597,-0.001729926671772972,RIGHT,0.0012257132980748834,0.05711756414820369,0.9416567225537215,3,0.16949267602971096,0.22377294885631244,0.2985860083827895,0.01725660861336751,0.08854473326481138,0.2023470248530083,Yaniv-LRJ(6)-4:7.csv_to_Ben-LRJ(1-6)-4:9.csv,LogisticRegression,False
lrj,Ben,Ben LRJ,Ben-LRJ(1-6)-4:9.csv,/Users/yanivnaggar/Desktop/Spring 2026/IS/OPENBCI_runs/Ben/Ben-LRJ(1-6)-4:9.csv,ben,RIGHT,6,3,False,-3,left_right,2,2->2,12,6,Ben::Ben-LRJ(1-6)-4:9.csv::trial_12,37072,38536,148.288,154.144,5.856,8,sliding,37947,38196,151.788,152.784,1.0,1.0,0.5,observed_count 3 vs expected_count 6,-0.016418599683742697,0.22949313466374865,0.23007970200208552,1.2609974368122359,0.05266709885779348,0.05293666927336847,0.005151919597337817,0.019176317129222343,-0.027144031560906955,0.25486704498291624,0.25630842566662404,1.385614113901532,0.06495721061832384,0.06569400906770335,0.005023575290432489,0.015928800614435027,-0.022329714283265377,0.29008061790944845,0.29093879257792293,1.4470945499641328,0.08414676488672741,0.08464538102669968,0.001088966412786477,0.009281487568527669,-0.030759913209053087,0.2085421263024402,0.21079845991698185,1.1319411581171255,0.04348981844274292,0.0444359907033714,0.004173751043154168,0.01724777955650153,0.0001283443069053274,0.003247516514787316,0.00406295318455134,0.009894829560694674,0.0009781685541836492,0.0019285375727208127,0.003934608877646012,0.006647313045907358,0.0008498242472783218,-0.001318978942066503,-0.0030847846303676905,-0.007966291987973861,RIGHT,0.001180396764693365,0.16343640874865684,0.8353831944866499,6,0.10382288542813534,0.08297010384260192,0.28565604948911255,0.015825843464347754,0.05690572510759286,0.45481939266820953,Yaniv-LRJ(6)-4:7.csv_to_Ben-LRJ(1-6)-4:9.csv,LogisticRegression,True
lrj,Ben,Ben LRJ,Ben-LRJ(1-6)-4:9.csv,/Users/yanivnaggar/Desktop/Spring 2026/IS/OPENBCI_runs/Ben/Ben-LRJ(1-6)-4:9.csv,ben,RIGHT,6,3,False,-3,left_right,2,2->2,12,6,Ben::Ben-LRJ(1-6)-4:9.csv::trial_12,37072,38536,148.288,154.144,5.856,9,sliding,38072,38321,152.288,153.284,1.0,1.0,0.5,observed_count 3 vs expected_count 6,-0.00045759271335253437,0.2563078667730489,0.25630827524846383,1.2287235661604825,0.06569372256975098,0.06569393196084229,0.007911656593053184,0.013436744095358591,0.011079291982215857,0.27242763124797814,0.27265282866350676,1.354138931380553,0.07421681426738437,0.07433956497821156,0.009851169573061298,0.015808559761257567,-0.06476276320286532,0.3578571892531974,0.36367015741997466,1.5260008829156981,0.12806176790019874,0.13225598339786915,0.01784853543998908,0.00973474524111541,-0.013072012969441413,0.22014049205633082,0.22052826069662068,1.2251177616547473,0.04846183624280345,0.048632713765876696,0.0021397059880450507,0.0139256170306284,-0.0019395129800081137,-0.002371815665898976,-0.009936878846935894,0.003701998854243181,0.0057719506050081335,-0.0004888729352698091,-0.00799736586692778,0.006073814520142157,0.007711463585016247,0.0018829427306291668,0.015708829451944028,-0.00419087178951299,RIGHT,0.0013047122114780835,0.13158232345738805,0.8671129643311339,6,0.12730296081771952,0.018451236953874788,0.2906347593054099,0.08483543747113943,0.1394588025013181,0.33931680295053823,Yaniv-LRJ(6)-4:7.csv_to_Ben-LRJ(1-6)-4:9.csv,LogisticRegression,True
lrj,Ben,Ben LRJ,Ben-LRJ(1-6)-4:9.csv,/Users/yanivnaggar/Desktop/Spring 2026/IS/OPENBCI_runs/Ben/Ben-LRJ(1-6)-4:9.csv,ben,RIGHT,6,3,False,-3,left_right,2,2->2,12,6,Ben::Ben-LRJ(1-6)-4:9.csv::trial_12,37072,38536,148.288,154.144,5.856,10,sliding,38197,38446,152.788,153.784,1.0,1.0,0.5,observed_count 3 vs expected_count 6,-0.014098112126080337,0.26098758787690673,0.261368088701214,1.4861475907446366,0.06811452102580612,0.06831327779132565,0.021380570156613574,0.022924151666493538,-0.024876458982839734,0.2918025747018442,0.29286102645137035,1.635917543795546,0.08514874260262534,0.08576758081415024,0.016817711243361226,0.013855950887839849,0.03075289048705882,0.37845667389674764,0.3797040877977194,1.789304586885276,0.1432294540169892,0.1441751942902982,0.01343725057364248,0.007937354856389788,-0.009309970982113032,0.26777712675173465,0.2679389205977779,1.3713722552261451,0.07170458961141456,0.07179126517110233,0.01854621604944419,0.01610712535151788,0.004562858913252348,0.009068200778653689,0.007943319582971094,0.01498679681010375,0.002834354107169385,0.006817026314975657,0.003380460669718746,0.005918596031450061,-0.001728504806082963,-0.0022511744636780316,-0.005108965475801709,-0.008169770495128093,RIGHT,0.002355728151282464,0.31523468779226754,0.68240958405645,3,0.06541647731437007,0.2081624451312139,0.3419331245937941,0.06201432223699349,0.1351225209364426,0.18735110978718583,Yaniv-LRJ(6)-4:7.csv_to_Ben-LRJ(1-6)-4:9.csv,LogisticRegression,False
lrj,Ben,Ben LRJ,Ben-LRJ(1-6)-4:9.csv,/Users/yanivnaggar/Desktop/Spring 2026/IS/OPENBCI_runs/Ben/Ben-LRJ(1-6)-4:9.csv,ben,JAW,1,1,True,0,jaw,3,3->3,13,1,Ben::Ben-LRJ(1-6)-4:9.csv::trial_13,40305,41673,161.22,166.692,5.472,1,sliding,40305,40554,161.22,162.216,1.0,1.0,0.5,,0.006331483747056034,1.4933991367972395,1.4934125583619484,20.515321372824836,2.23024098178674,2.23028106947318,0.0004139706666271824,0.22967161292407845,0.004539358024612644,0.9767019642385557,0.9767125128300183,13.787226756223053,0.9539467269474529,0.9539673327187286,0.0002922128103120746,0.09144319109667648,0.0007853756498120703,0.37016031146772704,0.37016114463946104,4.963046881781302,0.13701865618588469,0.137019273000796,4.67069755464355e-05,0.01566497919354664,0.002928620625795552,0.49548458451908217,0.4954932394239273,6.648390066337237,0.2455049734960475,0.24551355031481734,8.059447966084199e-05,0.03050337501874192,0.0001217578563151078,0.13822842182740197,0.0003672636910807469,0.2140066337305318,0.0003333761869663404,0.19916823790533653,0.0002455058347656391,0.07577821190312983,0.00021161833065123258,0.060939816077934555,-3.388750411440649e-05,-0.014838395825195281,JAW,0.9480363407778992,0.04943157113959224,0.0025320880825087013,6,0.0007722198455573974,0.0001312803544278564,0.008311022272829847,4.9898452448610345e-05,0.007524518491822067,0.9832110605829143,Yaniv-LRJ(6)-4:7.csv_to_Ben-LRJ(1-6)-4:9.csv,LogisticRegression,False
lrj,Ben,Ben LRJ,Ben-LRJ(1-6)-4:9.csv,/Users/yanivnaggar/Desktop/Spring 2026/IS/OPENBCI_runs/Ben/Ben-LRJ(1-6)-4:9.csv,ben,JAW,1,1,True,0,jaw,3,3->3,13,1,Ben::Ben-LRJ(1-6)-4:9.csv::trial_13,40305,41673,161.22,166.692,5.472,2,sliding,40430,40679,161.72,162.716,1.0,1.0,0.5,,0.002491517812483258,1.6070874007923759,1.6070893321301725,20.515321372824836,2.582729913785595,2.582736121446604,0.0011382484428645236,0.801272128806318,0.002121394592904405,1.08191602103285,1.0819181008202854,13.787226756223053,1.1705422765675544,1.1705467768825732,0.0014717901354349809,0.41086876165697434,0.0016160738063719245,0.4377993101770411,0.43780229292003564,4.963046881781302,0.19166823599149305,0.1916708476860407,0.0006380049212686479,0.09389221473378835,0.001195227187010545,0.5456206868702002,0.5456219959905737,6.648390066337237,0.297701933940709,0.2977033625087376,0.0002493598370278354,0.0958914402003809,-0.0003335416925704573,0.3904033671493437,0.0005002435215958757,0.7073799140725296,0.0008888886058366882,0.7053806886059372,0.000833785214166333,0.316976546923186,0.0012224302984071454,0.3149773214565934,0.00038864508424081253,-0.0019992254665925496,JAW,0.9998482706128202,5.1463382705254645e-05,0.00010026600447440014,6,0.002390339807895728,8.430035160333244e-05,0.058586931903710726,6.172572547726052e-06,0.005077795414778453,0.9338544599494639,Yaniv-LRJ(6)-4:7.csv_to_Ben-LRJ(1-6)-4:9.csv,LogisticRegression,False
lrj,Ben,Ben LRJ,Ben-LRJ(1-6)-4:9.csv,/Users/yanivnaggar/Desktop/Spring 2026/IS/OPENBCI_runs/Ben/Ben-LRJ(1-6)-4:9.csv,ben,JAW,1,1,True,0,jaw,3,3->3,13,1,Ben::Ben-LRJ(1-6)-4:9.csv::trial_13,40305,41673,161.22,166.692,5.472,3,sliding,40555,40804,162.22,163.216,1.0,1.0,0.5,,-0.006440063428941688,0.6533217340083076,0.6533534744260495,6.1840844100890155,0.42682928812762183,0.4268707625445906,0.001557761718861282,0.03657199827087511,-0.003838603290323593,0.5222364459472202,0.5222505532316882,5.130360060937233,0.2727309054755839,0.2727456403508044,0.004206043969045128,0.0709021652191855,0.0006036848463216813,0.4301463099091794,0.43014673352691807,5.0232763009925,0.1850258479284838,0.18502621236387745,0.010316590198380054,0.05946082243704776,-0.00145263615811593,0.2861315023170979,0.2861351896744741,2.3008707375482844,0.0818712366182394,0.08187334677004728,0.0012197047995595525,0.01708941066315488,-0.0026482822501838455,-0.0343301669483104,-0.008758828479518772,-0.022888824166172654,0.00033805691930172957,0.019482587607720227,-0.006110546229334927,0.011441342782137744,0.002986339169485575,0.05381275455603063,0.009096885398820502,0.04237141177389288,RIGHT,0.05049728105105474,0.20613479952740543,0.7433679194215398,4,0.15111945873765154,0.020341693677014702,0.13176494385332047,0.33106279069005423,0.1014004541562657,0.2643106588856934,Yaniv-LRJ(6)-4:7.csv_to_Ben-LRJ(1-6)-4:9.csv,LogisticRegression,False
lrj,Ben,Ben LRJ,Ben-LRJ(1-6)-4:9.csv,/Users/yanivnaggar/Desktop/Spring 2026/IS/OPENBCI_runs/Ben/Ben-LRJ(1-6)-4:9.csv,ben,JAW,1,1,True,0,jaw,3,3->3,13,1,Ben::Ben-LRJ(1-6)-4:9.csv::trial_13,40305,41673,161.22,166.692,5.472,4,sliding,40680,40929,162.72,163.716,1.0,1.0,0.5,,0.0011349873338024113,0.2671806129622315,0.26718302367313995,2.3171749660379204,0.07138547994287375,0.07138676813912166,0.000584559975570068,0.02287564854739415,0.001238408057048908,0.25006748738047496,0.25007055384291,2.26197230546946,0.062533748244784,0.06253528189929976,0.0005757384011036382,0.022360510277237955,-0.002679513941368425,0.3673411114142698,0.36735088393800414,5.0232763009925,0.13493949213507095,0.13494667193003299,0.0027782037013480603,0.09298428173439281,0.0008020636151194065,0.1971971943207161,0.19719882543769113,1.8244944018927574,0.03888673344796227,0.03888737675400498,0.0004150423463847917,0.011928603860901998,8.821574466429832e-06,0.0005151382701561943,-0.0021936437257779923,-0.07010863318699867,0.0001695176291852763,0.01094704468649215,-0.002202465300244422,-0.07062377145715486,0.00016069605471884647,0.010431906416335957,0.0023631613549632688,0.08105567787349081,RIGHT,0.005101671051834448,0.1328985381868107,0.8619997907613549,4,0.04384499457420983,0.06547325443971566,0.017763728015867265,0.8449557134068175,0.005415334100233264,0.022546975463156576,Yaniv-LRJ(6)-4:7.csv_to_Ben-LRJ(1-6)-4:9.csv,LogisticRegression,False
lrj,Ben,Ben LRJ,Ben-LRJ(1-6)-4:9.csv,/Users/yanivnaggar/Desktop/Spring 2026/IS/OPENBCI_runs/Ben/Ben-LRJ(1-6)-4:9.csv,ben,JAW,1,1,True,0,jaw,3,3->3,13,1,Ben::Ben-LRJ(1-6)-4:9.csv::trial_13,40305,41673,161.22,166.692,5.472,5,sliding,40805,41054,163.22,164.216,1.0,1.0,0.5,,0.0007125240203575238,0.30956375303780503,0.3095645730462882,1.764284805798831,0.09582971719485113,0.0958302248853307,0.0005936496690379549,0.047942658911017066,-0.008268221308411497,2.061337751792852,2.061354334036246,21.1034647109714,4.24911332696641,4.249181690450015,0.03349235143580513,0.8074765311794619,0.006188068368126902,1.1201595203563852,1.120176612519283,9.820791175382805,1.254757351045047,1.2547956432351757,0.09182508102544298,0.7188338328419588,-6.24426350823739e-05,0.7113696248208977,0.7113696275614438,5.466050252533098,0.5060467431178248,0.5060467470169073,0.006269773741724048,0.0947361133426438,-0.03289870176676718,-0.7595338722684448,-0.09123143135640503,-0.6708911739309418,-0.005676124072686093,-0.04679345443162673,-0.05833272958963785,0.08864269833750316,0.027222577694081082,0.7127404178368182,0.08555530728371893,0.624097719499315,JAW,0.9999631272371633,3.6872256304331215e-05,5.065324236436769e-10,4,0.00026685744483688825,4.266464021502715e-17,1.5909061647609642e-23,0.999733142540171,1.4992004455933758e-11,1.1340121763512631e-17,Yaniv-LRJ(6)-4:7.csv_to_Ben-LRJ(1-6)-4:9.csv,LogisticRegression,False
lrj,Ben,Ben LRJ,Ben-LRJ(1-6)-4:9.csv,/Users/yanivnaggar/Desktop/Spring 2026/IS/OPENBCI_runs/Ben/Ben-LRJ(1-6)-4:9.csv,ben,JAW,1,1,True,0,jaw,3,3->3,13,1,Ben::Ben-LRJ(1-6)-4:9.csv::trial_13,40305,41673,161.22,166.692,5.472,6,sliding,40930,41179,163.72,164.716,1.0,1.0,0.5,,-0.0001724881038580941,1.3448820488400919,1.3448820599013391,14.850373578098994,1.8087077252923234,1.8087077550444692,0.004454848324604045,0.14750828188499776,-0.00389636659481814,4.358369472129924,4.35837121379842,41.63903194002286,18.99538445559407,18.99539963726671,0.22113705003958856,7.975882237921482,-0.00345069844890304,24.08259279001261,24.082593037231003,311.21403400968745,579.9712754895673,579.9712873968872,0.30829746918541795,25.441951786996633,-0.0020134326512725948,4.348080903043641,4.3480813692160645,40.66491343344603,18.905807539412805,18.905811593323847,0.015220938288155194,4.8960399196848,-0.2166822017149845,-7.828373956036485,-0.30384262086081393,-25.294443505111634,-0.010766089963551148,-4.748531637799802,-0.0871604191458294,-17.46606954907515,0.20591611175143337,3.0798423182366816,0.29307653089726277,20.545911867311833,RIGHT,0.0,0.0,1.0,4,0.0,0.0,0.0,1.0,0.0,0.0,Yaniv-LRJ(6)-4:7.csv_to_Ben-LRJ(1-6)-4:9.csv,LogisticRegression,False
lrj,Ben,Ben LRJ,Ben-LRJ(1-6)-4:9.csv,/Users/yanivnaggar/Desktop/Spring 2026/IS/OPENBCI_runs/Ben/Ben-LRJ(1-6)-4:9.csv,ben,JAW,1,1,True,0,jaw,3,3->3,13,1,Ben::Ben-LRJ(1-6)-4:9.csv::trial_13,40305,41673,161.22,166.692,5.472,7,sliding,41055,41304,164.22,165.216,1.0,1.0,0.5,,-0.0016655674616948943,1.323855474292177,1.3238565220326313,14.850373578098994,1.7525933168133654,1.752596090928335,0.016372961569014924,1.145556383314255,0.007370214505187029,3.84999722847299,3.8500042830250925,41.63903194002286,14.822478659249706,14.822532979311557,0.6342445748426593,9.110068343760478,-0.006556499026683138,24.058483626436214,24.0584845198358,311.21403400968745,578.8106344034994,578.8106773911788,1.84475780341509,492.025579254528,-0.0022021615458943083,4.29581443995494,4.295815004401476,40.66491343344603,18.454021702525377,18.45402655204085,0.03221854614049921,20.05224391663656,-0.6178716132736444,-7.964511960446223,-1.828384841846075,-490.8800228712137,-0.015845584571484286,-18.906687533322305,-1.2105132285724307,-482.9155109107675,0.60202602870216,-10.942175572876081,1.8125392572745909,471.97333533789146,JAW,1.0,0.0,0.0,4,0.0,0.0,0.0,1.0,0.0,0.0,Yaniv-LRJ(6)-4:7.csv_to_Ben-LRJ(1-6)-4:9.csv,LogisticRegression,False
lrj,Ben,Ben LRJ,Ben-LRJ(1-6)-4:9.csv,/Users/yanivnaggar/Desktop/Spring 2026/IS/OPENBCI_runs/Ben/Ben-LRJ(1-6)-4:9.csv,ben,JAW,1,1,True,0,jaw,3,3->3,13,1,Ben::Ben-LRJ(1-6)-4:9.csv::trial_13,40305,41673,161.22,166.692,5.472,8,sliding,41180,41429,164.72,165.716,1.0,1.0,0.5,,-0.002683335912149287,0.20288765480863047,0.202905398561407,1.0219540404053347,0.041163400473746,0.04117060076536342,0.000297358045621284,0.0065405077186861124,0.0008392868239108864,0.2686368021417019,0.26863811320676867,2.1191808520827924,0.07216573146491988,0.07216643586729267,7.87223968392242e-05,0.00809642514510177,0.0045743592858283584,0.30578254540597477,0.3058167585954583,3.1759813294709662,0.093502965074957,0.09352388983783283,0.0004916803589290017,0.009420976592087106,-0.0011141574522899615,0.26557035281685804,0.2655726899402477,1.630758537758907,0.07052761229527046,0.07052885364209895,0.0007640213614399836,0.01875796383666031,0.0002186356487820598,-0.0015559174264156575,-0.00019432231330771774,-0.0028804688734009936,-0.00046666331581869956,-0.012217456117974198,-0.00041295796208977757,-0.001324551446985336,-0.0006852989646007594,-0.01066153869155854,-0.0002723410025109818,-0.009336987244573203,RIGHT,0.002519165602149141,0.25308126821878146,0.7443995661790694,6,0.07441093953628712,0.029290219916520723,0.1488613124081252,0.03647982722606455,0.052809267602063,0.6581484333109395,Yaniv-LRJ(6)-4:7.csv_to_Ben-LRJ(1-6)-4:9.csv,LogisticRegression,False
lrj,Ben,Ben LRJ,Ben-LRJ(1-6)-4:9.csv,/Users/yanivnaggar/Desktop/Spring 2026/IS/OPENBCI_runs/Ben/Ben-LRJ(1-6)-4:9.csv,ben,JAW,1,1,True,0,jaw,3,3->3,13,1,Ben::Ben-LRJ(1-6)-4:9.csv::trial_13,40305,41673,161.22,166.692,5.472,9,sliding,41305,41554,165.22,166.216,1.0,1.0,0.5,,0.0007767874569545922,0.19306165710598833,0.19306321980963514,1.2029128640255742,0.037272803444510214,0.037273406843263496,0.00017922572158031723,0.0063998441528267756,0.00041925300139943555,0.1672580721118981,0.16725859756576966,0.9247152699991678,0.02797526268658891,0.02797543845966809,9.602950034568784e-05,0.008043443274978624,0.00012898073750979044,0.12828021877247203,0.12828028361499647,0.8238405585525294,0.016455814528313285,0.01645583116434393,0.0002819085261995132,0.003391356931061192,0.0013643557086894362,0.2502352303407431,0.25023894974640654,1.3652603332595745,0.06261767050368473,0.06261953197018456,0.0011581371537377782,0.016391241702722263,8.319622123462939e-05,-0.0016435991221518485,-0.00010268280461919597,0.0030084872217655836,-0.000978911432157461,-0.009991397549895488,-0.00018587902585382536,0.0046520863439174324,-0.0010621076533920903,-0.00834779842774364,-0.000876228627538265,-0.012999884771661072,RIGHT,0.0008782797947465984,0.4181536406691134,0.5809680795361399,6,0.07086976858195868,0.019096449226415197,0.025242411245577898,0.0037066119121973913,0.016717536465615947,0.8643672225682348,Yaniv-LRJ(6)-4:7.csv_to_Ben-LRJ(1-6)-4:9.csv,LogisticRegression,False
lrj,Ben,Ben LRJ,Ben-LRJ(1-6)-4:9.csv,/Users/yanivnaggar/Desktop/Spring 2026/IS/OPENBCI_runs/Ben/Ben-LRJ(1-6)-4:9.csv,ben,JAW,2,2,True,0,jaw,3,3->3,14,2,Ben::Ben-LRJ(1-6)-4:9.csv::trial_14,42937,43703,171.748,174.812,3.064,1,sliding,42937,43186,171.748,172.744,1.0,1.0,0.5,,4.811621630981122e-05,0.8792790791426549,0.8792790804591709,7.158855910055405,0.7731316990179552,0.7731317013331253,0.0005756307467589736,0.7388352552185026,0.0005847229427924372,0.5916322986443184,0.5916325875913867,5.6150659496943405,0.35002877679916006,0.3500291187000799,9.23436095593827e-05,0.31806497526746424,-0.0004788079693341816,0.28180637069962644,0.2818067774627977,2.3253695303445654,0.07941483056689529,0.0794150598239668,0.00012954803150338936,0.08034646250977452,0.0009080896230473079,0.3768447474926503,0.37684584161107954,3.127070553827422,0.14201196371279937,0.14201278833956285,0.0003346028386319999,0.08493119226166858,0.0004832871371995909,0.42077027995103833,0.00044608271525558424,0.6584887927087281,0.00024102790812697368,0.653904062956834,-3.720442194400666e-05,0.23771851275768974,-0.00024225922907261722,0.23313378300579568,-0.00020505480712861056,-0.004584729751894057,JAW,0.7260829691338149,0.016207561843631136,0.257709469022554,3,0.0043573256169756715,0.001830076610551936,0.5952128908564416,9.432977625468453e-05,0.0020932113099058976,0.39641216582987043,Yaniv-LRJ(6)-4:7.csv_to_Ben-LRJ(1-6)-4:9.csv,LogisticRegression,False
lrj,Ben,Ben LRJ,Ben-LRJ(1-6)-4:9.csv,/Users/yanivnaggar/Desktop/Spring 2026/IS/OPENBCI_runs/Ben/Ben-LRJ(1-6)-4:9.csv,ben,JAW,2,2,True,0,jaw,3,3->3,14,2,Ben::Ben-LRJ(1-6)-4:9.csv::trial_14,42937,43703,171.748,174.812,3.064,2,sliding,43062,43311,172.248,173.244,1.0,1.0,0.5,,-0.00036672685221592126,1.0067907026094471,1.006790769400181,7.244594625487865,1.0136275188608241,1.0136276533494084,8.250184020160754e-05,0.06177567786879076,-0.00045558483618251253,0.687856919201527,0.6878570700741244,5.6150659496943405,0.473147141293416,0.4731473488509589,1.5620441118643186e-05,0.03399341409606111,0.0008703235038656189,0.31865030400048,0.318651492547265,2.3253695303445654,0.10153801623959831,0.10153877370259967,4.938137860537941e-05,0.006388410943098098,4.658500751938477e-05,0.4216935069687635,0.4216935095419155,3.127070553827422,0.17782541381961461,0.17782541598977758,6.828725805223987e-05,0.016769729480787074,6.688139908296435e-05,0.027782263772729653,3.312046159622813e-05,0.055387266925692666,1.4214582149367662e-05,0.04500594838800369,-3.376093748673622e-05,0.027605003152963013,-5.2666816933596685e-05,0.017223684615274036,-1.8905879446860465e-05,-0.010381318537688977,LEFT,0.10632762716605076,0.7398683611742745,0.15380401165967483,6,0.0400929548888595,0.014170673893710763,0.123967386484308,0.004865259647033973,0.0405102721231847,0.776393452962903,Yaniv-LRJ(6)-4:7.csv_to_Ben-LRJ(1-6)-4:9.csv,LogisticRegression,False
lrj,Ben,Ben LRJ,Ben-LRJ(1-6)-4:9.csv,/Users/yanivnaggar/Desktop/Spring 2026/IS/OPENBCI_runs/Ben/Ben-LRJ(1-6)-4:9.csv,ben,JAW,2,2,True,0,jaw,3,3->3,14,2,Ben::Ben-LRJ(1-6)-4:9.csv::trial_14,42937,43703,171.748,174.812,3.064,3,sliding,43187,43436,172.748,173.744,1.0,1.0,0.5,,0.0008540977826551284,0.6600500715834648,0.6600506241799635,5.6209924794087875,0.43566609699733705,0.4356668264803594,0.00034310554960410676,0.28811497171138484,0.0010945880071528546,0.4860211557345556,0.48602238831607186,4.000774122198397,0.23621656382155318,0.23621776194445854,0.00021611439727184685,0.17630683109147077,0.0004916997026735348,0.22585991643987446,0.2258604516572671,1.7745910965690785,0.05101270185422707,0.05101294362282468,0.00018960614199338722,0.03927095231477696,-0.0006789075467117276,0.33733196417991534,0.33733264735708085,2.662016827097575,0.1137928540574797,0.11379331497293668,0.0005669947918156441,0.0693968427385291,0.00012699115233225992,0.11180814061991406,0.00015349940761071954,0.24884401939660789,-0.00022388924221153735,0.21871812897285575,2.6508255278459624e-05,0.13703587877669382,-0.0003508803945437973,0.10690998835294167,-0.00037738864982225686,-0.03012589042375214,RIGHT,0.07829959268446433,0.37651245080580903,0.5451879565097266,6,0.017356244509292504,0.0008257642194160861,0.028235780114336032,0.00032693960828343414,0.013514083598895714,0.9397411879497761,Yaniv-LRJ(6)-4:7.csv_to_Ben-LRJ(1-6)-4:9.csv,LogisticRegression,False
lrj,Ben,Ben LRJ,Ben-LRJ(1-6)-4:9.csv,/Users/yanivnaggar/Desktop/Spring 2026/IS/OPENBCI_runs/Ben/Ben-LRJ(1-6)-4:9.csv,ben,JAW,2,2,True,0,jaw,3,3->3,14,2,Ben::Ben-LRJ(1-6)-4:9.csv::trial_14,42937,43703,171.748,174.812,3.064,4,sliding,43312,43561,173.248,174.244,1.0,1.0,0.5,,0.0012142948265807493,0.4264439873549677,0.42644571619741906,4.765095813468468,0.18185447435120386,0.1818559488631297,0.00010399310683626553,0.006394558019992598,-0.0005373946627354261,0.31910517285775547,0.31910562536188786,3.5204886031145564,0.10182811134457799,0.10182840013760151,6.84911934757154e-05,0.005301348015215043,-9.967385808645013e-05,0.1712046749655418,0.17120470398016172,1.31529329866451,0.02931104073005681,0.029311050664934796,0.0003241691132393432,0.004427503774206749,-0.0007094667972836755,0.27219492218376085,0.2721958467827165,2.492768390142298,0.07409007566262361,0.07409057900576008,0.00027156814475885624,0.0081614471781745,3.550191336055014e-05,0.001093210004777555,-0.00022017600640307768,0.0019670542457858485,-0.0001675750379225907,-0.0017668891581819023,-0.00025567791976362783,0.0008738442410082935,-0.00020307695128314086,-0.002860099162959457,5.2600968480486974e-05,-0.0037339434039677507,LEFT,0.003781478174195081,0.600501154470108,0.39571736735569696,6,0.03629525529273142,0.009270848709491962,0.02429637833059613,0.003982532524776216,0.02049708201025182,0.9056579031321523,Yaniv-LRJ(6)-4:7.csv_to_Ben-LRJ(1-6)-4:9.csv,LogisticRegression,False
lrj,Ben,Ben LRJ,Ben-LRJ(1-6)-4:9.csv,/Users/yanivnaggar/Desktop/Spring 2026/IS/OPENBCI_runs/Ben/Ben-LRJ(1-6)-4:9.csv,ben,JAW,2,2,True,0,jaw,3,3->3,14,2,Ben::Ben-LRJ(1-6)-4:9.csv::trial_14,42937,43703,171.748,174.812,3.064,5,sliding,43437,43686,173.748,174.744,1.0,1.0,0.5,,-0.0002161388051032418,0.20186711219488107,0.20186722790459025,1.5249168496892551,0.0407503309859007,0.04075037770188378,0.00013922505001889374,0.009065985980334264,-0.0015323217057693014,0.19092826402732857,0.19093441286027843,2.1052641488474695,0.036453602004489286,0.03645595001429926,7.652086627604769e-05,0.005845603520981947,-0.0012323953255705597,0.1836824552407866,0.18368658949831385,2.1326288853853015,0.03373924436328358,0.03374076316152207,9.211368881156504e-05,0.005835011004209758,0.0005993004163813412,0.20991572078645657,0.2099165762732583,1.3735325846425384,0.04406460983329759,0.04406496899428667,0.0006894622883229592,0.011806516846390783,6.270418374284605e-05,0.0032203824593523165,4.71113612073287e-05,0.003230974976124506,-0.0005502372383040655,-0.0027405308660565196,-1.5592822535517354e-05,1.0592516772189517e-05,-0.0006129414220469115,-0.005960913325408836,-0.0005973485995113941,-0.005971505842181026,RIGHT,0.0011725748912835207,0.2787992059325961,0.7200282191761204,6,0.0893727297520566,0.01935069887749092,0.05301677091470371,0.007129727392232125,0.02499406516839407,0.8061360078951225,Yaniv-LRJ(6)-4:7.csv_to_Ben-LRJ(1-6)-4:9.csv,LogisticRegression,False
lrj,Ben,Ben LRJ,Ben-LRJ(1-6)-4:9.csv,/Users/yanivnaggar/Desktop/Spring 2026/IS/OPENBCI_runs/Ben/Ben-LRJ(1-6)-4:9.csv,ben,JAW,3,3,True,0,jaw,3,3->3,15,3,Ben::Ben-LRJ(1-6)-4:9.csv::trial_15,44984,46160,179.936,184.64,4.704,1,sliding,44984,45233,179.936,180.932,1.0,1.0,0.5,,-0.00022113047455792723,1.0341373053468388,1.034137328989099,11.015241291506168,1.069439966310021,1.0694400152087078,0.00039237782634064843,0.5346037449630283,-0.0005119475376411633,0.775797621983978,0.7757977909006163,8.453379649883866,0.6018619502759951,0.6018622123662764,0.00021641891258162102,0.30734467969141654,0.0004316070061945787,0.33920395941264114,0.33920423400338107,3.3075676278045707,0.1150593260812127,0.11505951236582052,7.205376851477776e-05,0.057721709385771966,9.168841436638008e-05,0.4238303709221729,0.4238303808397788,3.994918976237971,0.17963218331602665,0.17963219172279196,7.232979336957012e-05,0.08518601661456235,0.0001759589137590274,0.22725906527161177,0.0003203240578258707,0.47688203557725634,0.0003200480329710783,0.44941772834846594,0.00014436514406684326,0.24962297030564456,0.0001440891192120509,0.2221586630768542,-2.7602485479235966e-07,-0.027464307228790383,JAW,0.9110973027706788,0.026056925039389105,0.06284577218993198,6,0.009287405228145917,0.00012410501122171695,0.05482787201551955,4.387847399547925e-05,0.013123259754778828,0.9225934795163385,Yaniv-LRJ(6)-4:7.csv_to_Ben-LRJ(1-6)-4:9.csv,LogisticRegression,False
lrj,Ben,Ben LRJ,Ben-LRJ(1-6)-4:9.csv,/Users/yanivnaggar/Desktop/Spring 2026/IS/OPENBCI_runs/Ben/Ben-LRJ(1-6)-4:9.csv,ben,JAW,3,3,True,0,jaw,3,3->3,15,3,Ben::Ben-LRJ(1-6)-4:9.csv::trial_15,44984,46160,179.936,184.64,4.704,2,sliding,45109,45358,180.436,181.432,1.0,1.0,0.5,,-0.0036787637235961724,1.206323547009262,1.206329156313293,11.015241291506168,1.4552165000690072,1.455230033371541,0.00013726591246513554,0.267831949586002,-0.004760154710529699,0.8642963722855624,0.8643094805790642,8.453379649883866,0.7470082191459835,0.7470308782188517,0.0001119834021481053,0.16526063024687349,-0.0018489085646126273,0.37268394598897553,0.3726885322367647,3.3075676278045707,0.13889332359791365,0.13889674206079397,2.7490137982135042e-05,0.03201120824090674,-0.001819257098772892,0.481850193408213,0.48185362775839274,3.994918976237971,0.23217960888753225,0.2321829185839237,6.254474775229722e-05,0.05030770677529542,2.528251031703023e-05,0.1025713193391285,0.00010977577448300049,0.23582074134509523,7.472116471283832e-05,0.21752424281070656,8.449326416597026e-05,0.13324942200596673,4.943865439580809e-05,0.11495292347157807,-3.505460977016217e-05,-0.01829649853438868,JAW,0.80274737881189,0.15595827894894346,0.04129434223916647,6,0.019786805251115206,0.0011926352849192577,0.06169348341785738,0.0004561241674021067,0.02758158806882428,0.8892893638098818,Yaniv-LRJ(6)-4:7.csv_to_Ben-LRJ(1-6)-4:9.csv,LogisticRegression,False
lrj,Ben,Ben LRJ,Ben-LRJ(1-6)-4:9.csv,/Users/yanivnaggar/Desktop/Spring 2026/IS/OPENBCI_runs/Ben/Ben-LRJ(1-6)-4:9.csv,ben,JAW,3,3,True,0,jaw,3,3->3,15,3,Ben::Ben-LRJ(1-6)-4:9.csv::trial_15,44984,46160,179.936,184.64,4.704,3,sliding,45234,45483,180.936,181.932,1.0,1.0,0.5,,-0.0008820572807290735,0.9185192641645823,0.9185196876858396,8.738736075559743,0.8436776386414457,0.8436784166664923,2.793624839912756e-05,0.12278436670856965,-1.4513889576097672e-05,0.5475762130547432,0.5475762132470937,4.24517850895316,0.2998397091033736,0.2998397093140266,0.0001492860702462147,0.08261583196538884,-0.0004052250446026786,0.26117269699037116,0.2611730113556165,2.4839366779390417,0.06821117765322422,0.06821134186056099,1.5230344153369631e-05,0.015618614135689426,-0.0007640410579480066,0.3698408406337329,0.3698416298355344,2.80028435507722,0.13678224740066622,0.13678283115940446,3.010244604759494e-05,0.025203674545178426,-0.00012134982184708715,0.040168534743180814,1.2705904245757928e-05,0.10716575257288023,-2.1661976484673822e-06,0.09758069216339123,0.00013405572609284509,0.06699721782969942,0.00011918362419861977,0.05741215742021041,-1.487210189422531e-05,-0.009585060409489,RIGHT,0.08821127988081662,0.428887194617866,0.4829015255013172,6,0.033380280288370985,0.009348849919244328,0.08095919852556509,0.0018240911663150736,0.026739127892455836,0.8477484522080487,Yaniv-LRJ(6)-4:7.csv_to_Ben-LRJ(1-6)-4:9.csv,LogisticRegression,False
lrj,Ben,Ben LRJ,Ben-LRJ(1-6)-4:9.csv,/Users/yanivnaggar/Desktop/Spring 2026/IS/OPENBCI_runs/Ben/Ben-LRJ(1-6)-4:9.csv,ben,JAW,3,3,True,0,jaw,3,3->3,15,3,Ben::Ben-LRJ(1-6)-4:9.csv::trial_15,44984,46160,179.936,184.64,4.704,4,sliding,45359,45608,181.436,182.432,1.0,1.0,0.5,,0.0034402011877674673,0.9391605335293984,0.9391668343395847,8.738736075559743,0.8820225077392244,0.8820343427234368,0.00012582255312895463,0.12910346895601696,0.0027915866929465274,0.561597343712243,0.5616042818755137,4.7335400330573965,0.31539157646464716,0.3153993694209114,9.84598318048319e-05,0.07522082806394936,0.0008604359276332092,0.28064999394889695,0.2806513129374268,2.4839366779390417,0.07876441910351588,0.07876515945350145,1.8846827055490014e-05,0.011532187752416552,0.0005482717798178687,0.38574765444937303,0.3857480440846557,2.7748934329754196,0.1488012529131929,0.14880155351513746,1.017074534309119e-05,0.013051472226435207,2.7362721324122733e-05,0.053882640892067596,0.00010697572607346462,0.11757128120360041,0.00011565180778586344,0.11605199672958175,7.961300474934188e-05,0.06368864031153282,8.82890864617407e-05,0.06216935583751416,8.676081712398823e-06,-0.0015192844740186551,RIGHT,0.1150454501242913,0.3870175338953277,0.4979370159803809,6,0.04142309977194696,0.019965314119079116,0.1414721810365616,0.0030140114899810068,0.03101452906694096,0.7631108645154904,Yaniv-LRJ(6)-4:7.csv_to_Ben-LRJ(1-6)-4:9.csv,LogisticRegression,False
lrj,Ben,Ben LRJ,Ben-LRJ(1-6)-4:9.csv,/Users/yanivnaggar/Desktop/Spring 2026/IS/OPENBCI_runs/Ben/Ben-LRJ(1-6)-4:9.csv,ben,JAW,3,3,True,0,jaw,3,3->3,15,3,Ben::Ben-LRJ(1-6)-4:9.csv::trial_15,44984,46160,179.936,184.64,4.704,5,sliding,45484,45733,181.936,182.932,1.0,1.0,0.5,,0.0010713404964056545,0.6777516781556376,0.6777525249036276,7.0353392204575576,0.45934733724278304,0.45934848501324227,8.019637516225131e-05,0.009335419016216305,4.858025772934366e-05,0.42578514240137294,0.42578514517277244,4.7335400330573965,0.18129298748975745,0.18129298984979889,7.396855161380718e-05,0.00788607578277765,0.0006416755593373209,0.22160766986261546,0.22160859886173512,2.2447776331809868,0.049109959341937966,0.049110371089461424,5.684495319407797e-05,0.004841167335950565,0.0006112694350710868,0.31712137728528306,0.31712196641298296,2.0116606323484953,0.10056596793131485,0.1005663415816371,0.00014682988826966568,0.005705260511453944,6.2278235484441275e-06,0.001449343233438656,2.3351421968173342e-05,0.004494251680265741,-6.663351310741437e-05,0.0036301585047623618,1.7123598419729214e-05,0.0030449084468270847,-7.28613366558585e-05,0.0021808152713237057,-8.998493507558772e-05,-0.000864093175503379,LEFT,0.012888119531697316,0.5994596969602783,0.38765218350802433,6,0.04154172891075591,0.013976277621165593,0.06112791806164518,0.005307960573433071,0.025388253320669553,0.8526578615123308,Yaniv-LRJ(6)-4:7.csv_to_Ben-LRJ(1-6)-4:9.csv,LogisticRegression,False
lrj,Ben,Ben LRJ,Ben-LRJ(1-6)-4:9.csv,/Users/yanivnaggar/Desktop/Spring 2026/IS/OPENBCI_runs/Ben/Ben-LRJ(1-6)-4:9.csv,ben,JAW,3,3,True,0,jaw,3,3->3,15,3,Ben::Ben-LRJ(1-6)-4:9.csv::trial_15,44984,46160,179.936,184.64,4.704,6,sliding,45609,45858,182.436,183.432,1.0,1.0,0.5,,0.0007717800072319405,0.19715700265964176,0.19715851323773353,1.2291020895036295,0.03887088369773399,0.03887147934211355,0.00013969021728172008,0.006177219596460182,0.0003497530292183573,0.1571609447157945,0.15716133389336726,1.1146723941727028,0.02469956254396102,0.024699684871142467,0.0003077644916293772,0.004771458696433846,0.00029286933671750736,0.15221230367847005,0.15221258543088734,0.9720986603704664,0.023168585391106788,0.023168671163555178,0.00022103374725275092,0.0036583838315998717,0.0030481985277587853,0.3167105809942162,0.3167252494323094,2.8389270213090496,0.10030559211369397,0.10031488362795861,0.0006140580952671229,0.005562176856453459,-0.00016807427434765713,0.0014057609000263363,-8.134352997103084e-05,0.00251883576486031,-0.00047436787798540276,0.0006150427400067231,8.673074437662629e-05,0.0011130748648339739,-0.00030629360363774565,-0.0007907181600196132,-0.00039302434801437194,-0.001903793024853587,RIGHT,0.0016309814177321842,0.4910901741540478,0.50727884442822,6,0.03332806254884863,0.036651413475128444,0.01563150592970457,0.011471760007347986,0.016779493309485402,0.8861377647294849,Yaniv-LRJ(6)-4:7.csv_to_Ben-LRJ(1-6)-4:9.csv,LogisticRegression,False
lrj,Ben,Ben LRJ,Ben-LRJ(1-6)-4:9.csv,/Users/yanivnaggar/Desktop/Spring 2026/IS/OPENBCI_runs/Ben/Ben-LRJ(1-6)-4:9.csv,ben,JAW,3,3,True,0,jaw,3,3->3,15,3,Ben::Ben-LRJ(1-6)-4:9.csv::trial_15,44984,46160,179.936,184.64,4.704,7,sliding,45734,45983,182.936,183.932,1.0,1.0,0.5,,0.0010778860377846935,0.19180830376521987,0.19181133238576212,1.220621511617904,0.03679042539329086,0.036791587231601315,0.0002526845895888052,0.007403039551071333,-0.0009872589230558878,0.18046291824411317,0.18046561872379632,1.1146723941727028,0.032566864861181474,0.03256783954136262,0.00041655783161376517,0.00732862031016468,-0.001072378105225855,0.21079645575815448,0.21079918347802049,1.2419712894838992,0.04443514576019957,0.044436295755000146,0.0033340621415417567,0.01937357242496692,-0.0021375315139137907,0.4349607277449259,0.4349659799586268,2.8389270213090496,0.18919083468039555,0.1891954037213685,0.0027020020127562824,0.050268669979539105,-0.00016387324202495995,7.441924090665318e-05,-0.0030813775519529514,-0.011970532873895589,-0.002449317423167477,-0.04286563042846777,-0.0029175043099279917,-0.012044952114802242,-0.002285444181142517,-0.042940049669374425,0.0006320601287854743,-0.030895097554572183,LEFT,0.0019413564073979055,0.8344587361124753,0.16359990748012682,6,0.0032017464775516047,0.010510847514163403,0.003567086624102601,0.014204282324426559,0.00767595653455056,0.9608400805252053,Yaniv-LRJ(6)-4:7.csv_to_Ben-LRJ(1-6)-4:9.csv,LogisticRegression,False
lrj,Ben,Ben LRJ,Ben-LRJ(1-6)-4:9.csv,/Users/yanivnaggar/Desktop/Spring 2026/IS/OPENBCI_runs/Ben/Ben-LRJ(1-6)-4:9.csv,ben,JAW,3,3,True,0,jaw,3,3->3,15,3,Ben::Ben-LRJ(1-6)-4:9.csv::trial_15,44984,46160,179.936,184.64,4.704,8,sliding,45859,46108,183.436,184.432,1.0,1.0,0.5,,-0.0014914260297905955,0.22181683598166807,0.2218218498627233,1.4609203505177693,0.049202708724918234,0.04920493307652056,0.00036509574770051415,0.01849926659303584,-0.0006910136884216582,1.2858554473257908,1.285855632999804,14.134870596667017,1.6534242314174095,1.6534247089173266,0.0010854690830422197,0.4455867294482068,0.001592188411516904,0.25290137458024026,0.25290638649214203,1.7413201813959662,0.06395910526457499,0.06396164032851273,0.0028881814982631435,0.02645838206360243,-0.001090792374182478,0.4180115725732053,0.4180129957706192,2.296761878449029,0.1747336748051241,0.17473486463312768,0.0005843571789409119,0.06597101733137453,-0.0007203733353417056,-0.42708746285517096,-0.0025230857505626294,-0.007959115470566592,-0.00021926143124039772,-0.04747175073833869,-0.0018027124152209238,0.41912834738460436,0.0005011119041013079,0.3796157121168323,0.0023038243193222317,-0.0395126352677721,LEFT,0.045733441737317145,0.9537909380358701,0.0004756202268127703,1,0.9748098454957483,6.536817964975166e-12,1.2019461949354094e-08,9.593326266994385e-09,0.01734127279935973,0.007848860085566945,Yaniv-LRJ(6)-4:7.csv_to_Ben-LRJ(1-6)-4:9.csv,LogisticRegression,False
lrj,Ben,Ben LRJ,Ben-LRJ(1-6)-4:9.csv,/Users/yanivnaggar/Desktop/Spring 2026/IS/OPENBCI_runs/Ben/Ben-LRJ(1-6)-4:9.csv,ben,JAW,4,2,False,-2,jaw,3,3->3,16,4,Ben::Ben-LRJ(1-6)-4:9.csv::trial_16,48463,49274,193.852,197.096,3.244,1,sliding,48463,48712,193.852,194.848,1.0,1.0,0.5,observed_count 2 vs expected_count 4,0.005008346820043072,1.2280190562276418,1.228029269193572,16.37147454286232,1.5080308024582283,1.5080558859960984,0.00048117572279942527,0.3157022224948588,0.006215690739034639,0.5597677591794263,0.5598022677947273,6.094656958923716,0.31333994421675626,0.3133785790281196,0.00036244227600178874,0.11450980806346484,0.0017395624249965903,0.27088550653170224,0.2708910920026116,2.275134391408877,0.0733789576489369,0.07338198372636737,2.760493622353906e-05,0.015480276171811105,0.0012698278554937686,0.42716692122583916,0.4271688086135795,5.450452327463196,0.18247157858956228,0.18247319105234489,0.00013059328556307145,0.0708943762391276,0.00011873344679763653,0.20119241443139396,0.0004535707865758862,0.3002219463230477,0.0003505824372363538,0.2448078462557312,0.0003348373397782497,0.09902953189165373,0.00023184899043871728,0.043615431824337234,-0.0001029883493395324,-0.055414100067316494,JAW,0.5547555860958253,0.18917180708906065,0.2560726068151141,6,0.00015929830064641994,0.0004902332957131772,0.016943060612584434,2.0542471706317816e-05,0.002490647447918732,0.979896217871431,Yaniv-LRJ(6)-4:7.csv_to_Ben-LRJ(1-6)-4:9.csv,LogisticRegression,False
lrj,Ben,Ben LRJ,Ben-LRJ(1-6)-4:9.csv,/Users/yanivnaggar/Desktop/Spring 2026/IS/OPENBCI_runs/Ben/Ben-LRJ(1-6)-4:9.csv,ben,JAW,4,2,False,-2,jaw,3,3->3,16,4,Ben::Ben-LRJ(1-6)-4:9.csv::trial_16,48463,49274,193.852,197.096,3.244,2,sliding,48588,48837,194.352,195.348,1.0,1.0,0.5,observed_count 2 vs expected_count 4,-0.0009438700280585177,0.9975348643329515,0.9975353108789631,9.402022805619533,0.9950758055597598,0.9950766964503895,0.00019555280787219968,0.198881306890479,-0.0021050281912044443,0.46342453256607846,0.4634293134101188,4.96283361406242,0.2147622973840883,0.21476672852777412,0.0002621729735341667,0.06323527523956508,0.0017962235155393484,0.2572267912818251,0.2572330627506141,1.6168981830580211,0.06616562215314359,0.06616884857206136,4.0067763177105355e-05,0.025920671738050967,-0.0018366504582728433,0.3283813137834685,0.3283864499748166,2.7860843132114717,0.10783428724215682,0.1078376605270627,3.133425742947929e-05,0.01804294046436069,-6.662016566196704e-05,0.13564603165091393,0.00015548504469509433,0.17296063515242804,0.0001642185504427204,0.1808383664261183,0.00022210521035706136,0.03731460350151412,0.00023083871610468743,0.045192334775204394,8.733505747626062e-06,0.007877731273690278,RIGHT,0.08932568531639533,0.2314319190439108,0.6792423956396938,6,0.016696541668130213,0.0414835489885666,0.3019330926267387,0.0021889586230523367,0.01184350357748537,0.6258543545160267,Yaniv-LRJ(6)-4:7.csv_to_Ben-LRJ(1-6)-4:9.csv,LogisticRegression,False
lrj,Ben,Ben LRJ,Ben-LRJ(1-6)-4:9.csv,/Users/yanivnaggar/Desktop/Spring 2026/IS/OPENBCI_runs/Ben/Ben-LRJ(1-6)-4:9.csv,ben,JAW,4,2,False,-2,jaw,3,3->3,16,4,Ben::Ben-LRJ(1-6)-4:9.csv::trial_16,48463,49274,193.852,197.096,3.244,3,sliding,48713,48962,194.852,195.848,1.0,1.0,0.5,observed_count 2 vs expected_count 4,-0.00768655897845568,1.061975705052541,1.0620035222685331,9.402022805619533,1.1277923981218414,1.1278514813107707,0.00016225803100844405,0.029112758728658372,-0.006849150850045692,0.5283604017833317,0.528404792786752,4.96283361406242,0.2791647141726436,0.2792116250400103,7.530320809837608e-05,0.020985350639465324,0.00047902219520326627,0.28512047189254003,0.28512087428753474,1.6948026205939712,0.0812936834922247,0.08129391295448819,6.135478013667298e-05,0.02356164589491666,-0.0023669327694387384,0.3667893743105672,0.3667970112717283,3.0356572472530736,0.13453444510713736,0.1345400474778724,4.108166654373357e-05,0.008612040217742058,8.695482291006798e-05,0.008127408089193048,0.00010090325087177108,0.0055511128337417115,0.00012117636446471048,0.020500718510916314,1.39484279617031e-05,-0.0025762952554513364,3.42215415546425e-05,0.012373310421723266,2.0273113592939404e-05,0.014949605677174602,LEFT,0.07024818604429552,0.5367888156775124,0.39296299827819225,6,0.04363923691312929,0.064985922900324,0.12817304046011255,0.01147663055744079,0.03123514874807569,0.7204900204209176,Yaniv-LRJ(6)-4:7.csv_to_Ben-LRJ(1-6)-4:9.csv,LogisticRegression,False
lrj,Ben,Ben LRJ,Ben-LRJ(1-6)-4:9.csv,/Users/yanivnaggar/Desktop/Spring 2026/IS/OPENBCI_runs/Ben/Ben-LRJ(1-6)-4:9.csv,ben,JAW,4,2,False,-2,jaw,3,3->3,16,4,Ben::Ben-LRJ(1-6)-4:9.csv::trial_16,48463,49274,193.852,197.096,3.244,4,sliding,48838,49087,195.352,196.348,1.0,1.0,0.5,observed_count 2 vs expected_count 4,-0.0020008915811023267,0.872238905427777,0.8722412004193368,7.553237139275727,0.7608007081418466,0.7608047117089658,8.493653846218578e-05,0.021441329683159496,-0.0005258312270933559,0.4443900646306158,0.4443903757293606,3.8213249054245804,0.19748252954240292,0.19748280604088228,7.143354204632234e-05,0.021575058308640097,-0.0009216615434577826,0.26105494723970685,0.2610565742101256,1.4675158648571038,0.06814968547832612,0.06815053493832682,6.037232378915405e-05,0.009320397504398385,0.0011747753212172074,0.3189833212374327,0.3189854845047319,2.777914840511597,0.10175035922766319,0.10175173932471855,0.0001006285184276559,0.007491481868132734,1.3502996415863441e-05,-0.00013372862548060097,2.4564214673031735e-05,0.012120932178761111,-1.5691979965470123e-05,0.013949847815026763,1.1061218257168294e-05,0.012254660804241712,-2.9194976381333564e-05,0.014083576440507364,-4.025619463850186e-05,0.0018289156362656517,RIGHT,0.02282460696537789,0.4021217895291289,0.5750536035054932,6,0.059377048168817365,0.03401616866144139,0.10680319966799257,0.0068269212350108004,0.04052464810961417,0.7524520141571237,Yaniv-LRJ(6)-4:7.csv_to_Ben-LRJ(1-6)-4:9.csv,LogisticRegression,False
lrj,Ben,Ben LRJ,Ben-LRJ(1-6)-4:9.csv,/Users/yanivnaggar/Desktop/Spring 2026/IS/OPENBCI_runs/Ben/Ben-LRJ(1-6)-4:9.csv,ben,JAW,4,2,False,-2,jaw,3,3->3,16,4,Ben::Ben-LRJ(1-6)-4:9.csv::trial_16,48463,49274,193.852,197.096,3.244,5,sliding,48963,49212,195.852,196.848,1.0,1.0,0.5,observed_count 2 vs expected_count 4,0.0031713334616140783,0.7582986208650763,0.758305252363322,7.40655738950019,0.5750167984058767,0.5750268557618015,0.00020737666845759966,0.11757683777351868,0.0012263657114507508,0.3998847810719877,0.39988666157531405,3.522675429444474,0.15990783813299153,0.15990934210584976,0.00014425779640830726,0.08725012605353229,-0.001856899126524748,0.23328339278614438,0.23329078298162703,1.3458312788331332,0.05442114134981452,0.0544245894241806,0.00014277902103037034,0.015204085267179649,-0.00019674928549561388,0.27184372594823125,0.2718437971477341,2.485582579382095,0.07389901133741705,0.0738990500476984,0.00010568975285883556,0.026803803791369766,6.31188720492924e-05,0.030326711719986396,6.459764742722932e-05,0.10237275250633904,0.0001016869155987641,0.09077303398214892,1.478775377936921e-06,0.07204604078635264,3.85680435494717e-05,0.060446322262162525,3.708926817153478e-05,-0.011599718524190117,RIGHT,0.018552646025035743,0.20003352486602954,0.7814138291089346,6,0.058625707346956255,0.007815873871313696,0.06565700867791308,0.0011883723880523219,0.03404139290255331,0.8326716448132113,Yaniv-LRJ(6)-4:7.csv_to_Ben-LRJ(1-6)-4:9.csv,LogisticRegression,False
lrj,Ben,Ben LRJ,Ben-LRJ(1-6)-4:9.csv,/Users/yanivnaggar/Desktop/Spring 2026/IS/OPENBCI_runs/Ben/Ben-LRJ(1-6)-4:9.csv,ben,JAW,5,3,False,-2,jaw,3,3->3,17,5,Ben::Ben-LRJ(1-6)-4:9.csv::trial_17,50498,52029,201.992,208.116,6.124,1,sliding,50498,50747,201.992,202.988,1.0,1.0,0.5,observed_count 3 vs expected_count 5,3.204701872500726e-05,0.23377970787038127,0.23377971006691792,1.385167755615482,0.0546529518119608,0.05465295283897221,2.1359779051793894e-05,0.01320343875117653,-5.099330630009291e-05,0.19573229378409845,0.1957323004266335,1.1055038133811181,0.03831113082998462,0.03831113343030191,0.0013234935571380692,0.03172257686765706,-0.0007716249451240005,0.23910627459793973,0.2391075196583355,1.4209091446124225,0.05717181055210536,0.05717240595716129,0.00012255270510895877,0.03945307056405052,-0.0002605583168727157,0.2750938875906472,0.27509401098601205,3.507994805158333,0.07567664698973561,0.07567671488037211,0.005611819988261345,0.11168541942922774,-0.0013021337780862753,-0.01851913811648053,-0.00010119292605716487,-0.026249631812873993,-0.005590460209209551,-0.09848198067805121,0.0012009408520291104,-0.007730493696393462,-0.004288326431123275,-0.07996284256157069,-0.005489267283152386,-0.07223234886517722,LEFT,0.0012359477623859177,0.7789946146892583,0.21976943754835573,6,0.0022238857552361263,0.0003179050375480646,0.0008827486307023566,0.001680667665478529,0.010716948798026713,0.9841778441130082,Yaniv-LRJ(6)-4:7.csv_to_Ben-LRJ(1-6)-4:9.csv,LogisticRegression,False
lrj,Ben,Ben LRJ,Ben-LRJ(1-6)-4:9.csv,/Users/yanivnaggar/Desktop/Spring 2026/IS/OPENBCI_runs/Ben/Ben-LRJ(1-6)-4:9.csv,ben,JAW,5,3,False,-2,jaw,3,3->3,17,5,Ben::Ben-LRJ(1-6)-4:9.csv::trial_17,50498,52029,201.992,208.116,6.124,2,sliding,50623,50872,202.492,203.488,1.0,1.0,0.5,observed_count 3 vs expected_count 5,-0.0014270079770338155,0.638965935160437,0.6389675286328862,5.432003825370288,0.40827746629545175,0.40827950264721824,0.00013539642093556725,0.19305444419522122,-0.0013512176437787966,0.3853024625636252,0.38530483184968584,3.6279972558506874,0.1484579876575938,0.1484598134467147,0.00020885070145857618,0.08190172346010033,0.0024319191473041323,0.22862542990013482,0.22863836385821276,1.4359098707274307,0.05226958719702146,0.05227550142776049,8.468065579117075e-05,0.013867075901311397,-0.0029811125576357316,0.23310797020141016,0.23312703147319236,1.7750553467632786,0.054339325771421525,0.05434821280350283,7.49825732429414e-05,0.024291386292353605,-7.345428052300893e-05,0.11115272073512089,5.0715765144396496e-05,0.17918736829390983,6.0413847692625844e-05,0.1687630579028676,0.00012417004566740543,0.06803464755878894,0.00013386812821563476,0.057610337167746724,9.698082548229348e-06,-0.010424310391042208,RIGHT,0.013189480557670894,0.14558546941432035,0.8412250500280086,6,0.04909038272279917,0.009661294632733498,0.2714857312836451,0.0009059846641724557,0.01944090096398968,0.6494157057326602,Yaniv-LRJ(6)-4:7.csv_to_Ben-LRJ(1-6)-4:9.csv,LogisticRegression,False
lrj,Ben,Ben LRJ,Ben-LRJ(1-6)-4:9.csv,/Users/yanivnaggar/Desktop/Spring 2026/IS/OPENBCI_runs/Ben/Ben-LRJ(1-6)-4:9.csv,ben,JAW,5,3,False,-2,jaw,3,3->3,17,5,Ben::Ben-LRJ(1-6)-4:9.csv::trial_17,50498,52029,201.992,208.116,6.124,3,sliding,50748,50997,202.992,203.988,1.0,1.0,0.5,observed_count 3 vs expected_count 5,0.0006751076981619479,0.8292177762337246,0.8292180510531638,5.834880016816124,0.6876021204220033,0.6876025761924074,0.00010601487159916318,0.054951953032059124,-0.0005059953296081802,0.4839528379709708,0.4839531024917913,3.6279972558506874,0.23421034938015667,0.23421060541143027,0.00013216858672360983,0.04291320099129582,0.0014425758786517538,0.2417593074957965,0.24176361137692487,1.2918438420480651,0.05844756276084709,0.05844964378601276,0.0002053672771259045,0.020385320485467196,-0.00046160435053509065,0.2919711782153679,0.29197154311173296,1.8294312967541941,0.08524716890847012,0.08524738198704652,2.0247033687365605e-05,0.029141714688597976,-2.6153715124446644e-05,0.012038752040763302,-9.935240552674132e-05,0.034566632546591924,8.576783791179758e-05,0.025810238343461148,-7.319869040229467e-05,0.022527880505828626,0.00011192155303624423,0.013771486302697845,0.0001851202434385389,-0.00875639420313078,LEFT,0.01803978151724664,0.5259500403542913,0.4560101781284622,6,0.08914254957680068,0.015237352246260884,0.1040054897921093,0.003342125131059344,0.033994710303053705,0.754277772950716,Yaniv-LRJ(6)-4:7.csv_to_Ben-LRJ(1-6)-4:9.csv,LogisticRegression,False
lrj,Ben,Ben LRJ,Ben-LRJ(1-6)-4:9.csv,/Users/yanivnaggar/Desktop/Spring 2026/IS/OPENBCI_runs/Ben/Ben-LRJ(1-6)-4:9.csv,ben,JAW,5,3,False,-2,jaw,3,3->3,17,5,Ben::Ben-LRJ(1-6)-4:9.csv::trial_17,50498,52029,201.992,208.116,6.124,4,sliding,50873,51122,203.492,204.488,1.0,1.0,0.5,observed_count 3 vs expected_count 5,0.002130368298495101,0.6099724764519805,0.6099761966651234,5.834880016816124,0.37206642202896195,0.3720709604980493,0.00015259282228294424,0.061430087191964106,0.002502353917557422,0.3692208696108155,0.36922934922795014,2.784771487033784,0.13632405055616684,0.13633031233129556,0.0002152540530158059,0.07236259258691023,0.0022942256738553053,0.24694218436490606,0.24695284143000631,1.3556076668458537,0.060980442418911256,0.06098570589035384,0.00014671708204066887,0.017162366207233208,0.0017423992782954984,0.25037232326128345,0.2503783860689609,1.6154639772459223,0.06268630025525262,0.06268933621049763,2.892047277715911e-05,0.028427575736756132,-6.266123073286165e-05,-0.010932505394946126,5.875740242275375e-06,0.0442677209847309,0.00012367234950578512,0.033002511455207974,6.853697097513703e-05,0.055200226379677024,0.0001863335802386468,0.0439350168501541,0.00011779660926350976,-0.011265209529522924,RIGHT,0.007543934279854657,0.22039703445904413,0.7720590312611012,6,0.13826341880584536,0.00951979099722091,0.07131268713481365,0.002758896175001995,0.04977714240190166,0.7283680644852163,Yaniv-LRJ(6)-4:7.csv_to_Ben-LRJ(1-6)-4:9.csv,LogisticRegression,False
lrj,Ben,Ben LRJ,Ben-LRJ(1-6)-4:9.csv,/Users/yanivnaggar/Desktop/Spring 2026/IS/OPENBCI_runs/Ben/Ben-LRJ(1-6)-4:9.csv,ben,JAW,5,3,False,-2,jaw,3,3->3,17,5,Ben::Ben-LRJ(1-6)-4:9.csv::trial_17,50498,52029,201.992,208.116,6.124,5,sliding,50998,51247,203.992,204.988,1.0,1.0,0.5,observed_count 3 vs expected_count 5,-0.005429107974595706,0.5038585265188256,0.5038877751634007,4.109896178202804,0.253873414745722,0.2539028899591218,0.0001706789257774493,0.08678443643393965,-0.00025252190242769503,0.3661812212535393,0.36618130832422985,2.9111123752312573,0.1340886867987335,0.1340887505660447,0.00011898607597449287,0.04510628564485636,0.0012982180644712789,0.24017155056474945,0.24017505921893495,1.3614680352238933,0.057682373700676,0.057684059070818916,0.00011666170032975026,0.023285066271536266,-0.000947302796792938,0.22739187122304425,0.22739384442175728,1.3408437729721419,0.05170706309831753,0.051707960480906354,7.662440289885751e-05,0.024925643987879307,5.1692849802956444e-05,0.041678150789083296,5.401722544769905e-05,0.0634993701624034,9.40545228785918e-05,0.06185879244606035,2.324375644742607e-06,0.021821219373320093,4.236167307563536e-05,0.020180641656977052,4.003729743089275e-05,-0.0016405777163430411,RIGHT,0.006020407322380197,0.30520887752980974,0.6887707151478102,6,0.12210382424685681,0.015603518795460954,0.1842014064697832,0.005921401386013014,0.03203266866566152,0.6401371804362245,Yaniv-LRJ(6)-4:7.csv_to_Ben-LRJ(1-6)-4:9.csv,LogisticRegression,False
lrj,Ben,Ben LRJ,Ben-LRJ(1-6)-4:9.csv,/Users/yanivnaggar/Desktop/Spring 2026/IS/OPENBCI_runs/Ben/Ben-LRJ(1-6)-4:9.csv,ben,JAW,5,3,False,-2,jaw,3,3->3,17,5,Ben::Ben-LRJ(1-6)-4:9.csv::trial_17,50498,52029,201.992,208.116,6.124,6,sliding,51123,51372,204.492,205.488,1.0,1.0,0.5,observed_count 3 vs expected_count 5,-0.0027556240045228946,0.8063777851920554,0.8063824935568101,7.326671598870853,0.6502451324512446,0.650252725914899,0.0001833218715021605,0.03955366356562033,-0.002662251487800603,0.5281006390070132,0.5281073494116513,4.946147096326625,0.27889028491961565,0.2788973725025999,0.00026778149477605913,0.01843198458332204,-0.0006006241928242754,0.2488895465419819,0.2488902712588308,1.2919477505755868,0.06194600637787337,0.06194636712729437,0.0001024670661777027,0.0136647498002393,-0.00054566031678649,0.2903776583965514,0.2903781710822038,2.604194824389762,0.0843191844958643,0.08431948224104562,5.266904430712822e-05,0.007139514301849753,-8.445962327389864e-05,0.021121678982298293,8.085480532445779e-05,0.02588891376538103,0.0001306528271950323,0.03241414926377058,0.00016531442859835641,0.004767234783082738,0.00021511245046893093,0.011292470281472285,4.9798021870574484e-05,0.006525235498389547,LEFT,0.02372197757448002,0.6252046679738881,0.35107335445163196,6,0.08434180122927684,0.017268351694177387,0.12132583779054872,0.005449129161844044,0.03813724153005717,0.7334776385940958,Yaniv-LRJ(6)-4:7.csv_to_Ben-LRJ(1-6)-4:9.csv,LogisticRegression,False
lrj,Ben,Ben LRJ,Ben-LRJ(1-6)-4:9.csv,/Users/yanivnaggar/Desktop/Spring 2026/IS/OPENBCI_runs/Ben/Ben-LRJ(1-6)-4:9.csv,ben,JAW,5,3,False,-2,jaw,3,3->3,17,5,Ben::Ben-LRJ(1-6)-4:9.csv::trial_17,50498,52029,201.992,208.116,6.124,7,sliding,51248,51497,204.992,205.988,1.0,1.0,0.5,observed_count 3 vs expected_count 5,-0.003345919537852451,0.9267314503729899,0.9267374904944654,8.02673963390032,0.8588311811104254,0.8588423762879793,0.0002858597324456472,0.02441457003564433,-0.005111025479143066,0.6019999722985261,0.6020216684047798,4.946147096326625,0.36240396664742613,0.36243008922887465,0.00015907624119902407,0.011091213709630673,-0.003041059486094179,0.24336188948349732,0.24338088933968482,1.296728103022475,0.05922500925297797,0.059234257295775916,0.00019168534065260593,0.007376533117933734,-0.0023771582202157947,0.31378349553714474,0.3137924998350236,2.604194824389762,0.09846008207150934,0.0984657329527133,7.910021623650748e-05,0.004977989097052076,0.00012678349124662316,0.013323356326013659,9.41743917930413e-05,0.017038036917710598,0.00020675951620913974,0.019436580938592254,-3.260909945358186e-05,0.0037146805916969386,7.997602496251659e-05,0.006113224612578597,0.00011258512441609844,0.0023985440208816582,LEFT,0.031158663608747337,0.722264064802421,0.24657727158883172,6,0.08695470754965848,0.017634610174349648,0.12815272861940055,0.0032634121932171556,0.03661567834758292,0.7273788631157913,Yaniv-LRJ(6)-4:7.csv_to_Ben-LRJ(1-6)-4:9.csv,LogisticRegression,False
lrj,Ben,Ben LRJ,Ben-LRJ(1-6)-4:9.csv,/Users/yanivnaggar/Desktop/Spring 2026/IS/OPENBCI_runs/Ben/Ben-LRJ(1-6)-4:9.csv,ben,JAW,5,3,False,-2,jaw,3,3->3,17,5,Ben::Ben-LRJ(1-6)-4:9.csv::trial_17,50498,52029,201.992,208.116,6.124,8,sliding,51373,51622,205.492,206.488,1.0,1.0,0.5,observed_count 3 vs expected_count 5,0.0007550221977828872,0.7808668930212052,0.7808672580375677,8.02673963390032,0.6097531046165903,0.6097536746751094,0.0003392483848340082,0.06790882250642663,0.0007977355888048274,0.4796183321121331,0.4796189955371806,4.478583117276447,0.23003374449802444,0.2300343808800941,0.00011638031357559246,0.05420553073729523,-0.0010540662220939858,0.2171403649437553,0.21714292330975882,1.289421306785117,0.04714993808790724,0.047151049143507796,0.00010599038009251116,0.012101966724901173,0.0008205300389394081,0.26225399620066475,0.26225527981865887,2.3517339787038147,0.06877715852321828,0.06877783179276308,0.00016465518721179954,0.011653844380523692,0.00022286807125841573,0.013703291769131404,0.00023325800474149704,0.05580685578152546,0.00017459319762220865,0.05625497812590294,1.0389933483081305e-05,0.042103564012394054,-4.8274873636207084e-05,0.042551686356771534,-5.866480711928839e-05,0.0004481223443774801,RIGHT,0.021332841302618526,0.42148454542701047,0.557182613270371,6,0.10052940493910256,0.008156017099766504,0.07338469074631628,0.001704219501975259,0.03675297580090357,0.7794726919119358,Yaniv-LRJ(6)-4:7.csv_to_Ben-LRJ(1-6)-4:9.csv,LogisticRegression,False
lrj,Ben,Ben LRJ,Ben-LRJ(1-6)-4:9.csv,/Users/yanivnaggar/Desktop/Spring 2026/IS/OPENBCI_runs/Ben/Ben-LRJ(1-6)-4:9.csv,ben,JAW,5,3,False,-2,jaw,3,3->3,17,5,Ben::Ben-LRJ(1-6)-4:9.csv::trial_17,50498,52029,201.992,208.116,6.124,9,sliding,51498,51747,205.992,206.988,1.0,1.0,0.5,observed_count 3 vs expected_count 5,0.007829764583076338,0.4904209436443732,0.4904834423081618,6.161868904636441,0.24051270196503752,0.24057400717846392,5.340553932692277e-05,0.011138898465404922,0.006235371509376623,0.2468673422277203,0.24694607613087993,3.01607615884971,0.06094348465857838,0.06098236451643834,3.150316061847394e-05,0.007303230158937811,0.0005947559615018785,0.19759697537001225,0.19759787045925106,1.1011545259567301,0.03904456467537722,0.039044918410030965,5.641214343183828e-05,0.013417088990548517,0.0037342448389441783,0.1720595585311016,0.17210007631153093,2.3270292791640204,0.029604491681917585,0.029618436266434768,6.359079297552137e-05,0.0051394218930995265,2.1902378708448832e-05,0.0038356683064671116,-3.0066041049155103e-06,-0.0022781905251435947,-1.0185253648598597e-05,0.005999476572305396,-2.4908982813364342e-05,-0.006113858831610706,-3.208763235704743e-05,0.0021638082658382842,-7.178649543683086e-06,0.00827766709744899,RIGHT,0.0025175268372698164,0.21499624577297594,0.7824862273897543,6,0.1134568315908426,0.022553441170763588,0.05154769582279488,0.006066235964103525,0.03607990638199122,0.7702958890695042,Yaniv-LRJ(6)-4:7.csv_to_Ben-LRJ(1-6)-4:9.csv,LogisticRegression,False
lrj,Ben,Ben LRJ,Ben-LRJ(1-6)-4:9.csv,/Users/yanivnaggar/Desktop/Spring 2026/IS/OPENBCI_runs/Ben/Ben-LRJ(1-6)-4:9.csv,ben,JAW,5,3,False,-2,jaw,3,3->3,17,5,Ben::Ben-LRJ(1-6)-4:9.csv::trial_17,50498,52029,201.992,208.116,6.124,10,sliding,51623,51872,206.492,207.488,1.0,1.0,0.5,observed_count 3 vs expected_count 5,-0.000653815795555031,0.24163446081677972,0.24163534536427073,1.4256131191324606,0.058387212654215856,0.058387640129310386,4.1552991256776834e-05,0.00695438381278053,0.00043810352578017907,0.17443332202095663,0.17443387218647086,1.0602321012830578,0.03042698383126675,0.030427175765966055,6.489825368002374e-05,0.009162776760866685,0.001401930769453727,0.1936182971718184,0.19362337258088685,1.056951649967608,0.03748804499971457,0.03749001040959692,0.0001318076988334977,0.006231230364809883,-0.0013981912511351166,0.12383725584140556,0.1238451487669359,0.6260562575145414,0.015335665934329735,0.015337620873104488,4.4200929694105274e-05,0.004054837042056279,-2.3345262423246905e-05,-0.0022083929480861547,-9.025470757672086e-05,0.0007231534479706474,-2.6479384373284396e-06,0.002899546770724251,-6.690944515347396e-05,0.002931546396056802,2.0697323985918465e-05,0.005107939718810406,8.760676913939242e-05,0.0021763933227536038,RIGHT,0.00048491959069280695,0.10554534949356495,0.8939697309157422,6,0.32663314146312317,0.03537597144028846,0.13363247109925142,0.004963296170459778,0.033155026079339255,0.4662400937475378,Yaniv-LRJ(6)-4:7.csv_to_Ben-LRJ(1-6)-4:9.csv,LogisticRegression,False
lrj,Ben,Ben LRJ,Ben-LRJ(1-6)-4:9.csv,/Users/yanivnaggar/Desktop/Spring 2026/IS/OPENBCI_runs/Ben/Ben-LRJ(1-6)-4:9.csv,ben,JAW,5,3,False,-2,jaw,3,3->3,17,5,Ben::Ben-LRJ(1-6)-4:9.csv::trial_17,50498,52029,201.992,208.116,6.124,11,sliding,51748,51997,206.992,207.988,1.0,1.0,0.5,observed_count 3 vs expected_count 5,0.0003649664220118334,0.24970129144192965,0.2497015581614514,1.521318487390579,0.062350734947767494,0.06235086814825669,0.00020628446485471347,0.017607600897484244,-0.0006895356021727261,0.17637812283061965,0.1763794706665144,1.0715496037319483,0.03110924221325315,0.031109717672599815,0.0002446981698589583,0.012410640148338368,0.0006126091460022062,0.19769375586942067,0.19769470503714529,1.0782873753609756,0.0390828211097581,0.03908319639972387,0.00027084469576552984,0.011094854246530603,-0.000695102604246233,0.1380042574088468,0.13800600795109494,0.7010445598169706,0.019045175062967247,0.019045658230597676,0.00017785220825827807,0.0032673978922096274,-3.8413705004244816e-05,0.005196960749145876,-6.456023091081637e-05,0.0065127466509536415,2.84322565964354e-05,0.014340203005274617,-2.614652590657155e-05,0.0013157859018077655,6.684596160068021e-05,0.00914324225612874,9.299248750725176e-05,0.007827456354320975,RIGHT,0.0005875493024072125,0.10791882625140332,0.8914936244461895,6,0.329167058262724,0.052371151742513423,0.13837254662615914,0.0073886849445426814,0.031816709231760575,0.44088384919230006,Yaniv-LRJ(6)-4:7.csv_to_Ben-LRJ(1-6)-4:9.csv,LogisticRegression,False
lrj,Ben,Ben LRJ,Ben-LRJ(1-6)-4:9.csv,/Users/yanivnaggar/Desktop/Spring 2026/IS/OPENBCI_runs/Ben/Ben-LRJ(1-6)-4:9.csv,ben,JAW,6,3,False,-3,jaw,3,3->3,18,6,Ben::Ben-LRJ(1-6)-4:9.csv::trial_18,53267,54716,213.068,218.864,5.796,1,sliding,53267,53516,213.068,214.064,1.0,1.0,0.5,observed_count 3 vs expected_count 6,-0.010349778866320951,0.30715685347722504,0.30733117407873095,3.0837644662729953,0.09434533263802948,0.09445245056061123,5.360952629226037e-05,0.01642330972580177,-0.00366203288085741,0.20436734300473047,0.20440015012625026,1.3652011009637817,0.04176601088681316,0.041779421371633645,5.7384083140055826e-05,0.023203369368082077,0.0010899542518877751,0.21127770729744635,0.21128051874495346,1.220601363218639,0.044638269600865414,0.04463945760113663,0.00024940796246327915,0.020892248273723973,-0.0020527687208373685,0.16983704625602722,0.16984945139856408,0.9386949730186318,0.02884462228097193,0.02884883614039318,0.001140747558402661,0.018211512188801227,-3.7745568477954555e-06,-0.006780059642280307,-0.00019579843617101878,-0.004468938547922203,-0.0010871380321104006,-0.0017882024629994574,-0.00019202387932322333,0.002311121094358104,-0.0010833634752626053,0.004991857179280849,-0.0008913395959393819,0.0026807360849227455,RIGHT,0.001056086049528222,0.16588489927373704,0.8330590146767348,6,0.21138578644488656,0.02614295329876983,0.10816885858800132,0.008809797435896919,0.03430620707629997,0.6111863971561454,Yaniv-LRJ(6)-4:7.csv_to_Ben-LRJ(1-6)-4:9.csv,LogisticRegression,False
lrj,Ben,Ben LRJ,Ben-LRJ(1-6)-4:9.csv,/Users/yanivnaggar/Desktop/Spring 2026/IS/OPENBCI_runs/Ben/Ben-LRJ(1-6)-4:9.csv,ben,JAW,6,3,False,-3,jaw,3,3->3,18,6,Ben::Ben-LRJ(1-6)-4:9.csv::trial_18,53267,54716,213.068,218.864,5.796,2,sliding,53392,53641,213.568,214.564,1.0,1.0,0.5,observed_count 3 vs expected_count 6,7.052707919945821e-05,0.6746346319493509,0.6746346356358418,6.835307018442832,0.45513188662543613,0.45513189159950507,0.0003201908997567733,0.15304237586969013,-0.0017004334655082588,0.43904851544283496,0.43905180831711416,3.7367575370593045,0.19276359891255732,0.19276649038652796,0.00020532240215954056,0.13282181496511658,-0.0002952708730283633,0.2272081827772352,0.2272083746383966,1.3957867962568846,0.05162355832093352,0.051623645505821984,3.358683151364086e-05,0.008192091760955662,-0.00278260381695219,0.28561624872927316,0.28562980310567065,2.1670473240822714,0.08157664153818205,0.08158438442218417,0.00012941418682423095,0.03672120577016315,0.00011486849759723274,0.020220560904573553,0.0002866040682431324,0.14485028410873446,0.00019077671293254235,0.11632117009952699,0.00017173557064589968,0.12462972320416092,7.590821533530961e-05,0.09610060919495343,-9.582735531059009e-05,-0.028529114009207487,RIGHT,0.02230409444241417,0.2028440567954381,0.7748518487621477,6,0.05599748527914276,0.001565577158354595,0.03964271973010186,0.0002632129482358699,0.034572894279690236,0.8679581106044746,Yaniv-LRJ(6)-4:7.csv_to_Ben-LRJ(1-6)-4:9.csv,LogisticRegression,False
lrj,Ben,Ben LRJ,Ben-LRJ(1-6)-4:9.csv,/Users/yanivnaggar/Desktop/Spring 2026/IS/OPENBCI_runs/Ben/Ben-LRJ(1-6)-4:9.csv,ben,JAW,6,3,False,-3,jaw,3,3->3,18,6,Ben::Ben-LRJ(1-6)-4:9.csv::trial_18,53267,54716,213.068,218.864,5.796,3,sliding,53517,53766,214.068,215.064,1.0,1.0,0.5,observed_count 3 vs expected_count 6,0.007738136500774384,1.3201166588679107,1.320139338015908,15.283054039587043,1.7427079930205758,1.74276787177708,3.5758499067076536e-05,0.8497203252693297,0.0031006389483873432,0.8750190802515936,0.8750245738070634,9.369414283857786,0.7656583908043447,0.765668004766233,0.00022350253171991489,0.39521093344774205,-0.00023392295663319772,0.28968724840596893,0.2896873428525506,1.8871427244930137,0.08391870188902155,0.08391875660897119,0.00027016262378583885,0.024840568861497818,0.0025846573947122795,0.5472585170981811,0.5472646206273051,5.527537776176567,0.2994918845365001,0.2994985649903481,3.997269078067691e-05,0.16004681089826078,-0.00018774403265283836,0.45450939182158767,-0.00023440412471876232,0.824879756407832,-4.214191713600375e-06,0.6896735143710689,-4.6660092065923967e-05,0.3703703645862442,0.000183529840939238,0.23516412254948127,0.00023018993300516195,-0.13520624203676296,JAW,0.9946983231558874,0.002306508366457717,0.0029951684776549073,6,1.4794045537752655e-05,4.217951262502979e-07,0.0060930606442691935,4.0384621596602995e-09,0.00032733744234473785,0.9935643820342599,Yaniv-LRJ(6)-4:7.csv_to_Ben-LRJ(1-6)-4:9.csv,LogisticRegression,True
lrj,Ben,Ben LRJ,Ben-LRJ(1-6)-4:9.csv,/Users/yanivnaggar/Desktop/Spring 2026/IS/OPENBCI_runs/Ben/Ben-LRJ(1-6)-4:9.csv,ben,JAW,6,3,False,-3,jaw,3,3->3,18,6,Ben::Ben-LRJ(1-6)-4:9.csv::trial_18,53267,54716,213.068,218.864,5.796,4,sliding,53642,53891,214.568,215.564,1.0,1.0,0.5,observed_count 3 vs expected_count 6,-0.0006799389311120509,1.3016651457998512,1.301665323386583,15.283054039587043,1.6943321517901477,1.6943326141070976,8.672581404655153e-05,0.06224343788421486,-0.0004955192691900079,0.8683880463527882,0.8683881877292887,9.369414283857786,0.7540977990484123,0.7540980445877583,3.491329446033252e-05,0.02425766231330624,0.0010416580061792934,0.2960339221474803,0.2960357547888806,1.8871427244930137,0.08763608306202042,0.08763716811342226,0.0001137029410017965,0.008740424795634132,-0.0003248205970466724,0.5279185239758422,0.5279186239045295,5.527537776176567,0.2786979679568318,0.2786980734652521,5.063279794638384e-05,0.01379995926615086,5.181251958621901e-05,0.03798577557090862,-2.6977126955244965e-05,0.05350301308858073,3.609301610016769e-05,0.048443478618064,-7.878964654146398e-05,0.01551723751767211,-1.5719503486051323e-05,0.01045770304715538,6.307014305541265e-05,-0.005059534470516729,LEFT,0.30790580554178365,0.6836844006358104,0.008409793822406012,6,0.003972603717316022,0.0021227071074525496,0.00817495481131938,0.0006545382138300282,0.011652009370699061,0.9734231867793829,Yaniv-LRJ(6)-4:7.csv_to_Ben-LRJ(1-6)-4:9.csv,LogisticRegression,False
lrj,Ben,Ben LRJ,Ben-LRJ(1-6)-4:9.csv,/Users/yanivnaggar/Desktop/Spring 2026/IS/OPENBCI_runs/Ben/Ben-LRJ(1-6)-4:9.csv,ben,JAW,6,3,False,-3,jaw,3,3->3,18,6,Ben::Ben-LRJ(1-6)-4:9.csv::trial_18,53267,54716,213.068,218.864,5.796,5,sliding,53767,54016,215.068,216.064,1.0,1.0,0.5,observed_count 3 vs expected_count 6,-0.0010253903139788054,0.8272457419222813,0.8272463774195941,7.243419090580004,0.6843355175285456,0.6843365689538415,0.00011099855488708226,0.06421692786720543,-0.004337963280425365,0.5594280413003815,0.5594448599447523,4.663082560165084,0.3129597333931813,0.3129785513186035,0.0001323084922935934,0.04316484357458862,-0.001629207958037183,0.2627275522155887,0.2627326036329816,1.6054885927836875,0.06902576669319489,0.06902842101176543,2.4746879742247614e-05,0.009450382456214023,-0.0023389120044795438,0.3076122012951148,0.30762109305928764,2.1012785795536573,0.09462526638562621,0.0946307368949909,4.928129703318951e-05,0.016719103078381415,-2.1309937406511147e-05,0.021052084292616804,8.625167514483465e-05,0.0547665454109914,6.171725785389274e-05,0.047497824788824014,0.0001075616125513458,0.033714461118374596,8.302719526040389e-05,0.026445740496207206,-2.45344172909419e-05,-0.007268720622167392,LEFT,0.03241117457431151,0.5485994199500891,0.4189894054755994,6,0.086911675840585,0.011353038622658029,0.13732410517052324,0.0024321372088994234,0.03984930051191112,0.7221297426454232,Yaniv-LRJ(6)-4:7.csv_to_Ben-LRJ(1-6)-4:9.csv,LogisticRegression,False
lrj,Ben,Ben LRJ,Ben-LRJ(1-6)-4:9.csv,/Users/yanivnaggar/Desktop/Spring 2026/IS/OPENBCI_runs/Ben/Ben-LRJ(1-6)-4:9.csv,ben,JAW,6,3,False,-3,jaw,3,3->3,18,6,Ben::Ben-LRJ(1-6)-4:9.csv::trial_18,53267,54716,213.068,218.864,5.796,6,sliding,53892,54141,215.568,216.564,1.0,1.0,0.5,observed_count 3 vs expected_count 6,-0.001321607618165416,0.657331822738291,0.657333151325217,7.1132302351133045,0.43208512518444414,0.4320868718311406,0.00015613617336419122,0.061053895396914415,0.002337927173035931,0.4355695289519627,0.43557580333955775,4.636361794262532,0.18972081455143466,0.1897262804549011,0.000114282688467645,0.04908520810138584,0.000752621244532329,0.24362914961280982,0.24363031211201655,1.3510512391889602,0.05935516254106087,0.0593557289797986,3.7796332611463764e-05,0.018823109174238087,0.0008860417489469588,0.25630557169437207,0.25630710320153005,1.952854581829798,0.0656925460815789,0.06569333115155977,0.00012382006526737046,0.01101795586038943,4.185348489654622e-05,0.011968687295528573,0.00011833984075272745,0.04223078622267633,3.2316108096820754e-05,0.050035939536524986,7.648635585618123e-05,0.030262098927147756,-9.537376799725468e-06,0.03806725224099641,-8.60237326559067e-05,0.007805153313848658,RIGHT,0.015042046253942086,0.38872714278949766,0.5962308109565603,6,0.1292060720932548,0.011307714974315678,0.10172023996283655,0.0048266272103598545,0.043007001038181406,0.7099323447210517,Yaniv-LRJ(6)-4:7.csv_to_Ben-LRJ(1-6)-4:9.csv,LogisticRegression,False
lrj,Ben,Ben LRJ,Ben-LRJ(1-6)-4:9.csv,/Users/yanivnaggar/Desktop/Spring 2026/IS/OPENBCI_runs/Ben/Ben-LRJ(1-6)-4:9.csv,ben,JAW,6,3,False,-3,jaw,3,3->3,18,6,Ben::Ben-LRJ(1-6)-4:9.csv::trial_18,53267,54716,213.068,218.864,5.796,7,sliding,54017,54266,216.068,217.064,1.0,1.0,0.5,observed_count 3 vs expected_count 6,0.0011395351525141084,0.8675747935559412,0.8675755419293457,8.105324192472985,0.7526860224136341,0.7526873209539978,8.786505278235143e-05,0.25743590933953436,0.00485765206726585,0.5675268251315525,0.5675476138858364,6.520944680095733,0.32208669724389977,0.3221102940275064,6.210616401436218e-05,0.13582727946034864,0.002622605190906255,0.264587549331374,0.26460054670988425,1.6625944013351852,0.07000657126118227,0.07001344931916964,7.003877356970707e-05,0.026944369827553417,0.002170425055597665,0.3292842160147892,0.3292913689445812,3.5098567879446803,0.10842809491647434,0.10843280566139632,0.0001336641661560397,0.05038228357890913,2.575888876798925e-05,0.12160862987918572,1.7826279212644367e-05,0.23049153951198095,-4.579911337368826e-05,0.20705362576062525,-7.932609555344884e-06,0.10888290963279523,-7.155800214167751e-05,0.08544499588143951,-6.362539258633263e-05,-0.02343791375135571,RIGHT,0.1663001006471594,0.4101054692888154,0.4235944300640253,6,0.012298390498085938,0.0007384795885229599,0.048412770228285315,0.00028839082785971207,0.017041068002605148,0.921220900854641,Yaniv-LRJ(6)-4:7.csv_to_Ben-LRJ(1-6)-4:9.csv,LogisticRegression,False
lrj,Ben,Ben LRJ,Ben-LRJ(1-6)-4:9.csv,/Users/yanivnaggar/Desktop/Spring 2026/IS/OPENBCI_runs/Ben/Ben-LRJ(1-6)-4:9.csv,ben,JAW,6,3,False,-3,jaw,3,3->3,18,6,Ben::Ben-LRJ(1-6)-4:9.csv::trial_18,53267,54716,213.068,218.864,5.796,8,sliding,54142,54391,216.568,217.564,1.0,1.0,0.5,observed_count 3 vs expected_count 6,0.009677745183597665,1.07893402049417,1.0789774229943614,8.105324192472985,1.164098620579714,1.164192279331553,0.0001584707953057743,0.04076468379475649,0.0027090207662358906,0.6922239338622957,0.6922292347230822,6.520944680095733,0.479173974611792,0.47918131340530395,0.00019083472294175762,0.0237634670637319,-0.001873845152000455,0.2728093166572958,0.2728157520207995,1.6625944013351852,0.07442492325502068,0.07442843455067435,0.000311236230385192,0.017450723704759717,0.0017240567528140547,0.38713841454027415,0.3871422534217159,3.5098567879446803,0.14987615201275717,0.1498791243844441,0.0002062261409611458,0.00622417821045785,-3.2363927635983315e-05,0.01700121673102459,-0.0001527654350794177,0.023313960089996776,-4.7755345655371505e-05,0.03454050558429864,-0.00012040150744343437,0.0063127433589721844,-1.539141801938819e-05,0.017539288853274052,0.00010501008942404618,0.011226545494301868,LEFT,0.08573927264916695,0.8139262655895471,0.10033446176128591,6,0.0735833547098716,0.023102706708484955,0.0634564427731109,0.006430111946172418,0.040456242163156464,0.7929711416992036,Yaniv-LRJ(6)-4:7.csv_to_Ben-LRJ(1-6)-4:9.csv,LogisticRegression,False
lrj,Ben,Ben LRJ,Ben-LRJ(1-6)-4:9.csv,/Users/yanivnaggar/Desktop/Spring 2026/IS/OPENBCI_runs/Ben/Ben-LRJ(1-6)-4:9.csv,ben,JAW,6,3,False,-3,jaw,3,3->3,18,6,Ben::Ben-LRJ(1-6)-4:9.csv::trial_18,53267,54716,213.068,218.864,5.796,9,sliding,54267,54516,217.068,218.064,1.0,1.0,0.5,observed_count 3 vs expected_count 6,0.001788584957855052,0.8216560057010125,0.8216579523991073,6.857712334414079,0.6751185917045422,0.6751217907406937,0.00015088090878842976,0.11320689080800961,-0.0007408475548260549,0.4804819947119672,0.48048256586216564,4.360596948674796,0.23086294724239087,0.23086349609749035,0.00013356423831557666,0.07209086343545908,-0.0012067122595757233,0.2329348071188833,0.23293793276748373,1.3511543929854506,0.05425862436751137,0.054260080521988774,0.00016423945638849449,0.02374355249358917,-0.0009862128266350393,0.27539962888656266,0.27540139470706365,2.0355368860952785,0.07584495559085644,0.07584592820659587,8.82088970091069e-05,0.024794525191212485,1.7316670472853095e-05,0.04111602737255053,-1.335854760006473e-05,0.08946333831442044,6.267201177932285e-05,0.08841236561679712,-3.0675218072917824e-05,0.048347310941869906,4.5355341306469756e-05,0.04729633824424659,7.603055937938758e-05,-0.001050972697623314,RIGHT,0.028676147770527197,0.3803000350613581,0.5910238171681146,6,0.09214790390747217,0.011754230129433121,0.10873380627954383,0.00209424433175694,0.030992123141323973,0.7542776922104699,Yaniv-LRJ(6)-4:7.csv_to_Ben-LRJ(1-6)-4:9.csv,LogisticRegression,False
lrj,Ben,Ben LRJ,Ben-LRJ(1-6)-4:9.csv,/Users/yanivnaggar/Desktop/Spring 2026/IS/OPENBCI_runs/Ben/Ben-LRJ(1-6)-4:9.csv,ben,JAW,6,3,False,-3,jaw,3,3->3,18,6,Ben::Ben-LRJ(1-6)-4:9.csv::trial_18,53267,54716,213.068,218.864,5.796,10,sliding,54392,54641,217.568,218.564,1.0,1.0,0.5,observed_count 3 vs expected_count 6,-0.01030096037293622,0.45791050579179876,0.4580263541534545,5.873414563907133,0.20968203131450094,0.2097881410991057,2.2414536276879714e-05,0.020880487006011438,-0.003324685247956901,0.24461828063967267,0.2446408730263764,1.9546428709478407,0.05983810322310965,0.05984915675510763,0.00016658220027880965,0.015767540485910506,0.0037386777078226964,0.23374460579339734,0.2337745034183875,1.245678446259994,0.054636540737510716,0.05465051844851368,0.00010711503168178978,0.011769930888460158,-0.0023865421639389177,0.17648200851724538,0.17649814422191903,1.4046004902625802,0.031145899330281075,0.031151594913781333,4.176463109597878e-05,0.007762225421026704,-0.00014416766400192994,0.005112946520100931,-8.470049540491007e-05,0.00911055611755128,-1.9350094819099068e-05,0.013118261584984733,5.946716859701987e-05,0.003997609597450349,0.00012481756918283085,0.008005315064883802,6.5350400585811e-05,0.004007705467433453,RIGHT,0.0017571232337384817,0.11685693333769712,0.8813859434285644,6,0.14184652632025382,0.030617238201986686,0.18659737455241815,0.0061922525850758945,0.037491899815797515,0.5972547085244679,Yaniv-LRJ(6)-4:7.csv_to_Ben-LRJ(1-6)-4:9.csv,LogisticRegression,False
lrj,Ben,Ben LRJ,Ben-LRJ(1-6)-4:9.csv,/Users/yanivnaggar/Desktop/Spring 2026/IS/OPENBCI_runs/Ben/Ben-LRJ(1-6)-4:9.csv,ben,LEFT,1,1,True,0,left_right,1,1->1,1,1,Ben::Ben-LRJ(1-6)-4:9.csv::trial_1,13213,13871,52.852,55.484,2.632,1,sliding,13213,13462,52.852,53.848,1.0,1.0,0.5,,-0.03455648207715146,0.4613410311984078,0.462633437529929,2.2404618561444103,0.21283554706721028,0.21402969752075876,0.018101349013717058,0.11086013994914001,-0.1482184146907366,0.5984284877176268,0.6165106271309855,2.646188552313559,0.35811665491200584,0.380085353365441,0.042801059515786416,0.08253672078445354,-0.021218044061780808,0.29449910526474,0.29526247373403225,1.4012753837816687,0.08672972300173241,0.08717992839554009,0.004927064697250605,0.011289051357742148,-0.013800846062923965,0.3883896176546834,0.3886347365509209,2.154265593334817,0.15084649510195117,0.1510369584540037,0.017281873056927737,0.05872793939602909,-0.024699710502069358,0.028323419164686475,0.013174284316466453,0.09957108859139786,0.0008194759567893214,0.05213220055311092,0.03787399481853581,0.07124766942671139,0.02551918645885868,0.023808781388424446,-0.012354808359677132,-0.04743888803828694,LEFT,0.05,0.6266666666666667,0.3233333333333333,2,0.11666666666666667,0.25666666666666665,0.16,0.07333333333333333,0.21333333333333335,0.18,Yaniv-LRJ(6)-4:7.csv_to_Ben-LRJ(1-6)-4:9.csv,RandomForest,False
lrj,Ben,Ben LRJ,Ben-LRJ(1-6)-4:9.csv,/Users/yanivnaggar/Desktop/Spring 2026/IS/OPENBCI_runs/Ben/Ben-LRJ(1-6)-4:9.csv,ben,LEFT,1,1,True,0,left_right,1,1->1,1,1,Ben::Ben-LRJ(1-6)-4:9.csv::trial_1,13213,13871,52.852,55.484,2.632,2,sliding,13338,13587,53.352,54.348,1.0,1.0,0.5,,0.008035743163488745,0.4594846418888973,0.45955490346634076,2.2404618561444103,0.2111261361317682,0.21119070929995779,0.009073075312447335,0.11334770312939947,0.007079987048298079,0.5641870689810112,0.5642314906330455,2.6241905708053537,0.31830704880538435,0.31835717502198846,0.03585083045622179,0.05139089073254285,0.006800989672299611,0.2730332368668019,0.273117926717537,1.3555622600058936,0.07454714843396318,0.07459340189448589,0.003526107886719918,0.015273429699554237,-0.022327247816828766,0.38397319153481074,0.3846217854106844,2.154265593334817,0.14743541181742847,0.1479339178125026,0.012626496212520207,0.06939339638924734,-0.026777755143774454,0.061956812396856624,0.005546967425727417,0.09807427342984523,-0.003553420900072872,0.04395430674015213,0.03232472256950187,0.03611746103298861,0.023224334243701582,-0.01800250565670449,-0.009100388325800289,-0.0541199666896931,LEFT,0.05,0.63,0.32,6,0.11666666666666667,0.19666666666666666,0.12333333333333334,0.09666666666666666,0.20333333333333334,0.2633333333333333,Yaniv-LRJ(6)-4:7.csv_to_Ben-LRJ(1-6)-4:9.csv,RandomForest,False
lrj,Ben,Ben LRJ,Ben-LRJ(1-6)-4:9.csv,/Users/yanivnaggar/Desktop/Spring 2026/IS/OPENBCI_runs/Ben/Ben-LRJ(1-6)-4:9.csv,ben,LEFT,1,1,True,0,left_right,1,1->1,1,1,Ben::Ben-LRJ(1-6)-4:9.csv::trial_1,13213,13871,52.852,55.484,2.632,3,sliding,13463,13712,53.852,54.848,1.0,1.0,0.5,,0.0033081992303583335,0.352228563346826,0.352244098629795,2.0204422417231642,0.12406496083736901,0.12407590501951674,0.016179456193661745,0.04782140806659044,0.0917142705990133,0.4507217495383441,0.4599582621699656,2.838440758217085,0.2031500955069058,0.2115616029384148,0.03843389982952005,0.050470138917789974,-0.01671477387081664,0.21907126067475766,0.21970799011228553,1.2085952712891141,0.04799221725362762,0.04827160091918016,0.008954306300252454,0.006133338552919884,-0.010606420836054866,0.28559358755361136,0.28579047117546413,1.3329291971053316,0.08156369725174228,0.08167619341469379,0.011308279524657766,0.034847400472327233,-0.022254443635858306,-0.0026487308511995364,0.007225149893409291,0.04168806951367055,0.004871176669003979,0.012974007594263204,0.029479593529267597,0.04433680036487009,0.027125620304862284,0.01562273844546274,-0.0023539732244053126,-0.028714061919407348,LEFT,0.05,0.7633333333333333,0.18666666666666668,6,0.10333333333333333,0.21333333333333335,0.13666666666666666,0.05333333333333334,0.11333333333333333,0.38,Yaniv-LRJ(6)-4:7.csv_to_Ben-LRJ(1-6)-4:9.csv,RandomForest,False
lrj,Ben,Ben LRJ,Ben-LRJ(1-6)-4:9.csv,/Users/yanivnaggar/Desktop/Spring 2026/IS/OPENBCI_runs/Ben/Ben-LRJ(1-6)-4:9.csv,ben,LEFT,1,1,True,0,left_right,1,1->1,1,1,Ben::Ben-LRJ(1-6)-4:9.csv::trial_1,13213,13871,52.852,55.484,2.632,4,sliding,13588,13837,54.352,55.348,1.0,1.0,0.5,,0.014569601013057234,0.3171535038384443,0.31748798130115385,1.5161757169602588,0.10058634499700211,0.1007986182706818,0.007158506229769417,0.06370909703062509,-0.009153593765130344,0.44091354946265193,0.44100855590177773,2.7140675563449257,0.1944047580997544,0.1944885463785714,0.018119588202770626,0.07655449493126698,-0.01687889409238979,0.1973352426506884,0.19805578774120233,1.0130786621712866,0.03894119799200608,0.03922609505778819,0.004712578460971168,0.008246783851000989,0.039050943344371765,0.2574306267580725,0.2603756973473894,1.2954652375462277,0.06627052759305402,0.06779550376913934,0.010816102505177831,0.03886639986200278,-0.010961081973001208,-0.012845397900641889,0.0024459277687982495,0.055462313179624106,-0.003657596275408414,0.024842697168622314,0.013407009741799458,0.068307711080266,0.0073034856975927945,0.0376880950692642,-0.006103524044206663,-0.03061961601100179,LEFT,0.05,0.6566666666666666,0.29333333333333333,6,0.16333333333333333,0.1,0.09333333333333334,0.05,0.11333333333333333,0.48,Yaniv-LRJ(6)-4:7.csv_to_Ben-LRJ(1-6)-4:9.csv,RandomForest,False
lrj,Ben,Ben LRJ,Ben-LRJ(1-6)-4:9.csv,/Users/yanivnaggar/Desktop/Spring 2026/IS/OPENBCI_runs/Ben/Ben-LRJ(1-6)-4:9.csv,ben,LEFT,2,2,True,0,left_right,1,1->1,2,2,Ben::Ben-LRJ(1-6)-4:9.csv::trial_2,15213,15830,60.852,63.32,2.468,1,sliding,15213,15462,60.852,61.848,1.0,1.0,0.5,,-0.007376733220316286,0.38021801803934213,0.38028957050485773,2.1062899814526,0.1445657412417655,0.14462015743476916,0.028538947836220623,0.06447386135880077,0.027255767704906574,0.48602882414098114,0.48679245553834194,2.3897554858860945,0.23622401789586478,0.2369668947690486,0.02446747983788789,0.059443909020396556,-0.004159276947864754,0.3889494225097952,0.38897166073562767,1.8191008254899312,0.15128165327070317,0.1512989528554322,0.006501327729269569,0.00818829089621156,-0.022930371074616346,0.32981602129975973,0.33061217434272316,1.6776290945966525,0.10877860790600358,0.10930440982362319,0.013650756166714049,0.037513531377972864,0.004071467998332731,0.005029952338404219,0.022037620106951053,0.05628557046258921,0.014888191669506574,0.02696032998082791,0.017966152108618322,0.051255618124185,0.010816723671173843,0.02193037764242369,-0.00714942843744448,-0.029325240481761303,LEFT,0.05,0.7133333333333334,0.23666666666666666,3,0.08,0.25,0.3,0.11333333333333333,0.16666666666666666,0.09,Yaniv-LRJ(6)-4:7.csv_to_Ben-LRJ(1-6)-4:9.csv,RandomForest,False
lrj,Ben,Ben LRJ,Ben-LRJ(1-6)-4:9.csv,/Users/yanivnaggar/Desktop/Spring 2026/IS/OPENBCI_runs/Ben/Ben-LRJ(1-6)-4:9.csv,ben,LEFT,2,2,True,0,left_right,1,1->1,2,2,Ben::Ben-LRJ(1-6)-4:9.csv::trial_2,15213,15830,60.852,63.32,2.468,2,sliding,15338,15587,61.352,62.348,1.0,1.0,0.5,,0.0075189783847066675,0.4330984055037896,0.4331636687048841,2.1062899814526,0.18757422884992495,0.1876307638858746,0.012537763436926135,0.14876975117741364,-0.0530839387356522,0.5122990443433532,0.5150419549772653,2.3091542935132146,0.2624503108351129,0.2652682153868034,0.08077517214862621,0.13483932180440325,-0.03314119535276487,0.4024834357739017,0.4038455829915373,1.7481957900060152,0.1619929160723645,0.16309125490177462,0.005003424661974722,0.018064772262852365,-0.001923669828238244,0.3766285923406229,0.3766335049807534,1.7143854887547263,0.14184909656847913,0.14185279707408718,0.027022289954182658,0.08570271272198506,-0.06823740871170009,0.013930429373010395,0.007534338774951413,0.1307049789145613,-0.014484526517256523,0.06306703845542859,0.0757717474866515,0.11677454954155089,0.05375288219444356,0.049136609082418195,-0.022018865292207937,-0.06763794045913268,LEFT,0.05,0.5966666666666667,0.35333333333333333,2,0.08666666666666667,0.25666666666666665,0.17666666666666667,0.12666666666666668,0.23,0.12333333333333334,Yaniv-LRJ(6)-4:7.csv_to_Ben-LRJ(1-6)-4:9.csv,RandomForest,True
lrj,Ben,Ben LRJ,Ben-LRJ(1-6)-4:9.csv,/Users/yanivnaggar/Desktop/Spring 2026/IS/OPENBCI_runs/Ben/Ben-LRJ(1-6)-4:9.csv,ben,LEFT,2,2,True,0,left_right,1,1->1,2,2,Ben::Ben-LRJ(1-6)-4:9.csv::trial_2,15213,15830,60.852,63.32,2.468,3,sliding,15463,15712,61.852,62.848,1.0,1.0,0.5,,-0.009525247118070228,0.41088105974742967,0.41099145440243795,1.9928700866957034,0.1688232452591709,0.16891397559183122,0.012160429050791951,0.11465346842256881,-0.002894025457988171,0.4830378320259392,0.48304650143818556,2.2369237542097493,0.23332554716831946,0.23333392255167099,0.02767060883481928,0.10608462647986827,0.01269472864794799,0.31006275199054156,0.31032251981993364,1.541898715775762,0.09613891017194807,0.0963000663073931,0.0019383490844561684,0.020796222595415352,0.0021833548645625624,0.34082086725883043,0.34082786065333026,1.6388762256805225,0.11615886355906131,0.11616363059752591,0.007699981975018378,0.07249612060692609,-0.015510179784027328,0.008568841942700536,0.010222079966335782,0.09385724582715346,0.0044604470757735725,0.04215734781564272,0.025732259750363112,0.08528840388445291,0.019970626859800902,0.03358850587294218,-0.00576163289056221,-0.05169989801151074,LEFT,0.07333333333333333,0.6366666666666667,0.29,2,0.10666666666666667,0.2833333333333333,0.21666666666666667,0.06666666666666667,0.17,0.15666666666666668,Yaniv-LRJ(6)-4:7.csv_to_Ben-LRJ(1-6)-4:9.csv,RandomForest,True
lrj,Ben,Ben LRJ,Ben-LRJ(1-6)-4:9.csv,/Users/yanivnaggar/Desktop/Spring 2026/IS/OPENBCI_runs/Ben/Ben-LRJ(1-6)-4:9.csv,ben,LEFT,3,3,True,0,left_right,1,1->1,3,3,Ben::Ben-LRJ(1-6)-4:9.csv::trial_3,17031,17648,68.124,70.592,2.468,1,sliding,17031,17280,68.124,69.12,1.0,1.0,0.5,,-0.012683274257252998,0.4237721409749556,0.42396190030754216,2.1476904896197144,0.17958282746649765,0.17974369291238232,0.024201829217399003,0.09254209714199887,-0.013499852352196562,0.45843684614837593,0.4586355720176977,2.2597255057006,0.2101643419064697,0.2103465879200008,0.10382127534956427,0.06267472384049769,-0.03310859541329896,0.3236032318365909,0.32529253103218947,1.7726044471522298,0.10471905165508641,0.10581523074532793,0.006128100230787015,0.013658485820003098,-0.027144393053350233,0.33993003454314424,0.34101209136735605,1.6825928083049317,0.11555242838450323,0.11628924645873798,0.015012190904064056,0.051508905166126134,-0.07961944613216526,0.029867373301501188,0.018073728986611987,0.07888361132199578,0.009189638313334947,0.04103319197587274,0.09769317511877726,0.04901623802049459,0.08880908444550022,0.011165818674371553,-0.00888409067327704,-0.037850419346123036,LEFT,0.05,0.66,0.29,2,0.10666666666666667,0.36666666666666664,0.17,0.06333333333333334,0.21,0.08333333333333333,Yaniv-LRJ(6)-4:7.csv_to_Ben-LRJ(1-6)-4:9.csv,RandomForest,False
lrj,Ben,Ben LRJ,Ben-LRJ(1-6)-4:9.csv,/Users/yanivnaggar/Desktop/Spring 2026/IS/OPENBCI_runs/Ben/Ben-LRJ(1-6)-4:9.csv,ben,LEFT,3,3,True,0,left_right,1,1->1,3,3,Ben::Ben-LRJ(1-6)-4:9.csv::trial_3,17031,17648,68.124,70.592,2.468,2,sliding,17156,17405,68.624,69.62,1.0,1.0,0.5,,0.023593019876228888,0.4281951581698355,0.4288446386128321,2.059956117607618,0.18335109348009046,0.1839077240669706,0.0161163980469018,0.1055022920312622,0.012405292360975467,0.470593067701794,0.47075654711065523,2.434102148637262,0.22145783536898528,0.22161172664754655,0.05192826368786509,0.04138944656659677,0.07301722368240002,0.38812289546117973,0.3949315091702047,1.8937692774291808,0.15063938198116983,0.15597089693545546,0.0050933254336278455,0.014351634580959612,0.013506769242514061,0.37827836179250446,0.3785194206586915,1.725454367071137,0.1430945190004209,0.14327695181579142,0.01623828952938724,0.05843544484591422,-0.03581186564096329,0.06411284546466542,0.011023072613273954,0.09115065745030258,-0.00012189148248543946,0.04706684718534798,0.04683493825423724,0.02703781198563716,0.03568997415847785,-0.017045998279317444,-0.011144964095759394,-0.0440838102649546,LEFT,0.05,0.61,0.34,3,0.08,0.2,0.2633333333333333,0.12,0.21666666666666667,0.12,Yaniv-LRJ(6)-4:7.csv_to_Ben-LRJ(1-6)-4:9.csv,RandomForest,True
lrj,Ben,Ben LRJ,Ben-LRJ(1-6)-4:9.csv,/Users/yanivnaggar/Desktop/Spring 2026/IS/OPENBCI_runs/Ben/Ben-LRJ(1-6)-4:9.csv,ben,LEFT,3,3,True,0,left_right,1,1->1,3,3,Ben::Ben-LRJ(1-6)-4:9.csv::trial_3,17031,17648,68.124,70.592,2.468,3,sliding,17281,17530,69.124,70.12,1.0,1.0,0.5,,0.020524445343665543,0.3599969667314274,0.360581570400504,1.742419331125573,0.12959781605582846,0.1300190689124936,0.009465240279239492,0.0886380003316121,0.010286595621046779,0.4723666638358909,0.47247865470613637,2.138211610906155,0.22313026510344952,0.22323607915292046,0.0673322032283512,0.06535391433518817,-0.0689399705446671,0.3758574701118824,0.38212767156750654,1.7598183138635517,0.14126883783890457,0.14602155737760417,0.006502903026108909,0.012368377281378705,0.020307606630424205,0.32220688598964614,0.32284621147877957,1.65899819062889,0.10381727737914483,0.10422967626620086,0.009130482755774553,0.05892758051310367,-0.057866962949111714,0.023284085996423926,0.002962337253130583,0.07626962305023338,0.00033475752346493956,0.029710419818508423,0.060829300202242295,0.05298553705380946,0.05820172047257666,0.006426333822084497,-0.0026275797296656436,-0.046559203231724966,LEFT,0.05,0.68,0.27,3,0.1,0.24666666666666667,0.27666666666666667,0.1,0.19333333333333333,0.08333333333333333,Yaniv-LRJ(6)-4:7.csv_to_Ben-LRJ(1-6)-4:9.csv,RandomForest,True
lrj,Ben,Ben LRJ,Ben-LRJ(1-6)-4:9.csv,/Users/yanivnaggar/Desktop/Spring 2026/IS/OPENBCI_runs/Ben/Ben-LRJ(1-6)-4:9.csv,ben,LEFT,4,2,False,-2,left_right,1,1->1,4,4,Ben::Ben-LRJ(1-6)-4:9.csv::trial_4,18840,19726,75.36,78.904,3.544,1,sliding,18840,19089,75.36,76.356,1.0,1.0,0.5,observed_count 2 vs expected_count 4,0.046677526274005246,0.4117693999724166,0.41440660010755676,2.282489067206394,0.16955403875364403,0.17173283021270447,0.005203062749428765,0.08494050052907401,0.04761534179229159,0.6126474425910337,0.6144950037936278,3.4182448911771166,0.3753368889133339,0.37760410968733066,0.019295364427671522,0.06444908974760273,-0.08171768661950074,0.5977994056945832,0.6033588565316995,2.8031003143057376,0.357364129448797,0.3640419097552399,0.004041879711206005,0.010313154357594393,0.033740365904703216,0.28037198387603574,0.2823948682854689,1.3904428829432738,0.07860844934258404,0.07974686163396731,0.0025904704909696487,0.03517854686002465,-0.014092301678242757,0.020491410781471278,0.0011611830382227606,0.07462734617147962,0.0026125922584591165,0.04976195366904936,0.015253484716465517,0.05413593539000834,0.016704893936701874,0.029270542887578084,0.001451409220236356,-0.024865392502430254,RIGHT,0.05,0.4666666666666667,0.48333333333333334,5,0.10666666666666667,0.08333333333333333,0.25666666666666665,0.17333333333333334,0.30333333333333334,0.07666666666666666,Yaniv-LRJ(6)-4:7.csv_to_Ben-LRJ(1-6)-4:9.csv,RandomForest,False
lrj,Ben,Ben LRJ,Ben-LRJ(1-6)-4:9.csv,/Users/yanivnaggar/Desktop/Spring 2026/IS/OPENBCI_runs/Ben/Ben-LRJ(1-6)-4:9.csv,ben,LEFT,4,2,False,-2,left_right,1,1->1,4,4,Ben::Ben-LRJ(1-6)-4:9.csv::trial_4,18840,19726,75.36,78.904,3.544,2,sliding,18965,19214,75.86,76.856,1.0,1.0,0.5,observed_count 2 vs expected_count 4,0.007150576577972544,0.4601592365422396,0.4602147908537211,2.2759355641896937,0.21174652297513682,0.21179765372053425,0.016404779916166054,0.0892527736573898,-0.0665871371284637,0.6243838802885078,0.6279244196518388,3.52847563808857,0.3898552299641336,0.3942890767950985,0.07039113754790226,0.06064110660418411,0.07587236398684104,0.6925550211372676,0.6966986959363373,3.002368105320727,0.4796324573024412,0.4853890729193929,0.0061632044195619375,0.015398611906051768,-0.026034268103389102,0.30515449155822644,0.306263035369662,1.7099580733074147,0.09311926371815969,0.09379704683383883,0.009321820029889936,0.05118741884176484,-0.053986357631736204,0.02861166705320569,0.010241575496604116,0.07385416175133803,0.007082959886276118,0.038065354815624966,0.06422793312834033,0.045242494698132345,0.061069317518012325,0.009453687762419276,-0.0031586156103279982,-0.03578880693571307,LEFT,0.11333333333333333,0.5,0.38666666666666666,5,0.08333333333333333,0.14,0.19333333333333333,0.11666666666666667,0.38,0.08666666666666667,Yaniv-LRJ(6)-4:7.csv_to_Ben-LRJ(1-6)-4:9.csv,RandomForest,False
lrj,Ben,Ben LRJ,Ben-LRJ(1-6)-4:9.csv,/Users/yanivnaggar/Desktop/Spring 2026/IS/OPENBCI_runs/Ben/Ben-LRJ(1-6)-4:9.csv,ben,LEFT,4,2,False,-2,left_right,1,1->1,4,4,Ben::Ben-LRJ(1-6)-4:9.csv::trial_4,18840,19726,75.36,78.904,3.544,3,sliding,19090,19339,76.36,77.356,1.0,1.0,0.5,observed_count 2 vs expected_count 4,-0.0399241544928388,0.4298978571810545,0.4317477338919457,2.213992948756591,0.18481216760886235,0.18640610572083038,0.010062465403488917,0.09275121504713026,-0.05508718222579833,0.5170633635783853,0.5199895379722287,2.6457964398973104,0.26735452195499354,0.2703891196005719,0.013755734866810993,0.08643755186386792,0.09677470545808063,0.715084313091363,0.7216030199811005,2.7589071787276085,0.5113455748293464,0.5207109184458446,0.008729297890835179,0.014951003185251782,-0.041731822436007246,0.3347878536919325,0.337378795989732,1.7192184277030023,0.1120829069796508,0.11382445198348123,0.00603764310928258,0.06180156202546628,-0.003693269463322076,0.006313663183262333,0.0013331675126537386,0.07780021186187848,0.004024822294206337,0.030949653021663977,0.0050264369759758145,0.07148654867861615,0.007718091757528413,0.024635989838401644,0.0026916547815525986,-0.046850558840214496,RIGHT,0.11333333333333333,0.34,0.5466666666666666,5,0.08333333333333333,0.043333333333333335,0.27666666666666667,0.13333333333333333,0.35,0.11333333333333333,Yaniv-LRJ(6)-4:7.csv_to_Ben-LRJ(1-6)-4:9.csv,RandomForest,False
lrj,Ben,Ben LRJ,Ben-LRJ(1-6)-4:9.csv,/Users/yanivnaggar/Desktop/Spring 2026/IS/OPENBCI_runs/Ben/Ben-LRJ(1-6)-4:9.csv,ben,LEFT,4,2,False,-2,left_right,1,1->1,4,4,Ben::Ben-LRJ(1-6)-4:9.csv::trial_4,18840,19726,75.36,78.904,3.544,4,sliding,19215,19464,76.86,77.856,1.0,1.0,0.5,observed_count 2 vs expected_count 4,-0.020725173947379275,0.44241826106315346,0.44290343254178305,2.1864802800166236,0.19573391772214463,0.19616345055729378,0.01031842368025622,0.11577619468649569,0.04615973455098971,0.5014903772529207,0.5036102854103504,2.4369546873203634,0.2514925984772767,0.2536233195710946,0.013724100506419819,0.060762301460130425,-0.12296798328581111,0.5931816068527086,0.6057933175776543,2.7589071787276085,0.3518644187083613,0.36698554362174074,0.00721805022138408,0.019019345353167735,0.0017505664292632073,0.3308091643466662,0.33081379611280254,1.745650824061333,0.10943470321573961,0.10943776769856288,0.010063357646924401,0.06451452892694755,-0.003405676826163599,0.05501389322636527,0.00310037345887214,0.09675684933332795,0.0002550660333318182,0.051261665759548145,0.006506050285035739,0.041742956106962686,0.0036607428594954174,-0.0037522274668171235,-0.0028453074255403218,-0.04549518357377981,RIGHT,0.05,0.45666666666666667,0.49333333333333335,3,0.07666666666666666,0.06,0.28,0.18666666666666668,0.26666666666666666,0.13,Yaniv-LRJ(6)-4:7.csv_to_Ben-LRJ(1-6)-4:9.csv,RandomForest,False
lrj,Ben,Ben LRJ,Ben-LRJ(1-6)-4:9.csv,/Users/yanivnaggar/Desktop/Spring 2026/IS/OPENBCI_runs/Ben/Ben-LRJ(1-6)-4:9.csv,ben,LEFT,4,2,False,-2,left_right,1,1->1,4,4,Ben::Ben-LRJ(1-6)-4:9.csv::trial_4,18840,19726,75.36,78.904,3.544,5,sliding,19340,19589,77.36,78.356,1.0,1.0,0.5,observed_count 2 vs expected_count 4,-0.041546568272308924,0.4665038714716416,0.46835027429610365,2.1864802800166236,0.2176258620980299,0.2193519794332355,0.0031129074309332494,0.08545937291685617,-0.024866908236287948,0.4480578280156877,0.4487473458098305,2.375423133547095,0.20075581724613561,0.2013741803713676,0.030204539614024698,0.05233349249206357,0.002461328327220201,0.2915518346820053,0.2915622239652759,1.4462894068490355,0.08500247230644334,0.08500853044357772,0.004129475321246532,0.0111936823970842,-0.008197333202476152,0.3407071808818433,0.3408057795520574,1.745650824061333,0.1160813831044531,0.11614857937608551,0.005855579006516229,0.0437481496982457,-0.02709163218309145,0.03312588042479259,-0.0010165678903132822,0.07426569051977197,-0.0027426715755829796,0.04171122321861047,0.026075064292778165,0.04113981009497937,0.02434896060750847,0.008585342793817875,-0.0017261036852696974,-0.032554467301161495,LEFT,0.05,0.5933333333333334,0.3566666666666667,2,0.10666666666666667,0.22333333333333333,0.17,0.09333333333333334,0.22,0.18666666666666668,Yaniv-LRJ(6)-4:7.csv_to_Ben-LRJ(1-6)-4:9.csv,RandomForest,False
lrj,Ben,Ben LRJ,Ben-LRJ(1-6)-4:9.csv,/Users/yanivnaggar/Desktop/Spring 2026/IS/OPENBCI_runs/Ben/Ben-LRJ(1-6)-4:9.csv,ben,LEFT,4,2,False,-2,left_right,1,1->1,4,4,Ben::Ben-LRJ(1-6)-4:9.csv::trial_4,18840,19726,75.36,78.904,3.544,6,sliding,19465,19714,77.86,78.856,1.0,1.0,0.5,observed_count 2 vs expected_count 4,-0.017147558417752947,0.4604878369245605,0.4608069950805336,2.1693667200600855,0.21204904795546065,0.2123430867151509,0.007825789597953476,0.11382999515617456,-0.049738015216191186,0.5251964594179064,0.5275463876691324,2.2662122616969667,0.27583132098510454,0.2783051911427506,0.08745105589078832,0.07494636137562066,0.0771888956469044,0.32566881179701157,0.3346913512304524,1.551074202504441,0.10606017497727735,0.11201830058846605,0.003385477996263418,0.020554525658632455,-0.0034431609770373506,0.33552528256439057,0.3355429489609757,1.4896420967654023,0.11257721523991415,0.11258907059742794,0.006605957159086408,0.06611050914074644,-0.07962526629283484,0.0388836337805539,0.004440311601690058,0.0932754694975421,0.0012198324388670682,0.04771948601542812,0.0840655778945249,0.054391835716988204,0.08084509873170191,0.008835852234874222,-0.00322047916282299,-0.04555598348211398,LEFT,0.05,0.62,0.33,2,0.10333333333333333,0.31,0.18333333333333332,0.06333333333333334,0.20333333333333334,0.13666666666666666,Yaniv-LRJ(6)-4:7.csv_to_Ben-LRJ(1-6)-4:9.csv,RandomForest,False
lrj,Ben,Ben LRJ,Ben-LRJ(1-6)-4:9.csv,/Users/yanivnaggar/Desktop/Spring 2026/IS/OPENBCI_runs/Ben/Ben-LRJ(1-6)-4:9.csv,ben,LEFT,5,2,False,-3,left_right,1,1->1,5,5,Ben::Ben-LRJ(1-6)-4:9.csv::trial_5,21030,22322,84.12,89.288,5.168,1,sliding,21030,21279,84.12,85.116,1.0,1.0,0.5,observed_count 2 vs expected_count 5,-0.003882882117726588,0.3731269831722226,0.37314718589953777,1.8737240259891226,0.13922374557120407,0.13923882234474422,0.0034541283323380125,0.10120599724421432,0.06516592687323194,0.473605123745361,0.4780673710504683,2.034362123113049,0.22430181323785872,0.22854841126310615,0.0414564954584552,0.04259700161489425,-0.026249892168781853,0.3165764161496022,0.3176628465858083,1.4470675929671941,0.1002206272621261,0.10090968410099878,0.004733591311972632,0.020280824544393224,0.04801395947489489,0.34541576693034154,0.3487368525816176,1.4244633187730624,0.11931205204407602,0.12161739234853287,0.01622392713666904,0.06381239275743512,-0.03800236712611719,0.05860899562932007,-0.0012794629796346198,0.0809251726998211,-0.012769798804331028,0.0373936044867792,0.03672290414648257,0.022316177070501025,0.02523256832178616,-0.021215391142540875,-0.011490335824696407,-0.043531568213041896,LEFT,0.05,0.69,0.26,2,0.1,0.27666666666666667,0.17,0.10333333333333333,0.16333333333333333,0.18666666666666668,Yaniv-LRJ(6)-4:7.csv_to_Ben-LRJ(1-6)-4:9.csv,RandomForest,False
lrj,Ben,Ben LRJ,Ben-LRJ(1-6)-4:9.csv,/Users/yanivnaggar/Desktop/Spring 2026/IS/OPENBCI_runs/Ben/Ben-LRJ(1-6)-4:9.csv,ben,LEFT,5,2,False,-3,left_right,1,1->1,5,5,Ben::Ben-LRJ(1-6)-4:9.csv::trial_5,21030,22322,84.12,89.288,5.168,2,sliding,21155,21404,84.62,85.616,1.0,1.0,0.5,observed_count 2 vs expected_count 5,0.01673496633938171,0.3875333309815075,0.38789449818217697,1.9507499936916333,0.15018208262162264,0.15046214172000288,0.011320211101102843,0.0635723955782337,0.03346569817558154,0.5052567596681599,0.5063638475886166,2.2985466483238577,0.2552843931903686,0.2564043461447478,0.08593210356664888,0.06483893540710739,-0.01190770190392471,0.31946870049002524,0.31969054405380554,1.5350810322939217,0.10206025059278546,0.10220204395741819,0.007963828488720967,0.011384705188032656,-0.015979243112393543,0.34214056811626653,0.34251351004211,1.4908414137183197,0.11706016835092163,0.11731550456136661,0.016774851434200613,0.03833088850193763,-0.07461189246554603,-0.001266539828873689,0.003356382612381876,0.05218769039020105,-0.00545464033309777,0.02524150707629607,0.0779682750779279,0.053454230219074736,0.06915725213244826,0.02650804690516976,-0.008811022945479646,-0.026946183313904977,LEFT,0.05,0.69,0.26,2,0.08666666666666667,0.30333333333333334,0.13666666666666666,0.09666666666666666,0.20666666666666667,0.17,Yaniv-LRJ(6)-4:7.csv_to_Ben-LRJ(1-6)-4:9.csv,RandomForest,False
lrj,Ben,Ben LRJ,Ben-LRJ(1-6)-4:9.csv,/Users/yanivnaggar/Desktop/Spring 2026/IS/OPENBCI_runs/Ben/Ben-LRJ(1-6)-4:9.csv,ben,LEFT,5,2,False,-3,left_right,1,1->1,5,5,Ben::Ben-LRJ(1-6)-4:9.csv::trial_5,21030,22322,84.12,89.288,5.168,3,sliding,21280,21529,85.12,86.116,1.0,1.0,0.5,observed_count 2 vs expected_count 5,-0.029710579097589965,0.36526115862392494,0.3664675053938701,1.8706394455347952,0.13341571399929206,0.13429843250960619,0.008497794931314683,0.10020714722049963,-0.19318303297092235,0.5567104200567959,0.5892759761161647,2.5630914173538146,0.30992649179981413,0.3472461760276586,0.04985485838689418,0.04117924318946538,-0.006513813404090222,0.2720004256957652,0.27207841028597035,1.476723854501318,0.0739842315786775,0.07402666134374081,0.004342777297678536,0.010135409147384986,-0.04488719481695134,0.29640496938566985,0.2997845328482689,1.4908414137183197,0.08785590587651988,0.08987076613505482,0.00569445603125286,0.051801658291523056,-0.0413570634555795,0.05902790403103425,0.004155017633636147,0.09007173807311464,0.0028033389000618227,0.04840548892897657,0.045512081089215645,0.031043834042080394,0.044160402355641316,-0.010622415102057678,-0.001351678733574324,-0.04166624914413807,LEFT,0.05,0.6166666666666667,0.3333333333333333,6,0.12666666666666668,0.21,0.13666666666666666,0.07,0.19333333333333333,0.2633333333333333,Yaniv-LRJ(6)-4:7.csv_to_Ben-LRJ(1-6)-4:9.csv,RandomForest,False
lrj,Ben,Ben LRJ,Ben-LRJ(1-6)-4:9.csv,/Users/yanivnaggar/Desktop/Spring 2026/IS/OPENBCI_runs/Ben/Ben-LRJ(1-6)-4:9.csv,ben,LEFT,5,2,False,-3,left_right,1,1->1,5,5,Ben::Ben-LRJ(1-6)-4:9.csv::trial_5,21030,22322,84.12,89.288,5.168,4,sliding,21405,21654,85.62,86.616,1.0,1.0,0.5,observed_count 2 vs expected_count 5,-0.005045027075309928,0.31048515346282607,0.3105261387049813,1.6014454602266555,0.09640103052083467,0.09642648281902527,0.0021501575986147977,0.042392063558860216,-0.13092034315857703,1.7385148640556192,1.7434374289876557,7.438733500219387,3.0224339325423277,3.039574068795087,0.06815821821676786,0.035017535845825586,0.05100124741087835,0.2688409659110718,0.27363587518719784,1.334444482981815,0.07227546495199809,0.07487659218946373,0.006060544532128656,0.007194704783558175,-0.012826112819493113,0.2639388260245794,0.26425028486889385,1.4429545197508116,0.06966370388323319,0.06982821305329155,0.0022640383956766563,0.024488761537234883,-0.06600806061815306,0.00737452771303463,-0.003910386933513858,0.03519735877530204,-0.00011388079706185859,0.017903302021625333,0.062097673684639206,0.027822831062267413,0.0658941798210912,0.010528774308590703,0.003796506136452,-0.017294056753676706,LEFT,0.32666666666666666,0.4866666666666667,0.18666666666666668,1,0.37666666666666665,0.10333333333333333,0.05333333333333334,0.02,0.2,0.24666666666666667,Yaniv-LRJ(6)-4:7.csv_to_Ben-LRJ(1-6)-4:9.csv,RandomForest,False
lrj,Ben,Ben LRJ,Ben-LRJ(1-6)-4:9.csv,/Users/yanivnaggar/Desktop/Spring 2026/IS/OPENBCI_runs/Ben/Ben-LRJ(1-6)-4:9.csv,ben,LEFT,5,2,False,-3,left_right,1,1->1,5,5,Ben::Ben-LRJ(1-6)-4:9.csv::trial_5,21030,22322,84.12,89.288,5.168,5,sliding,21530,21779,86.12,87.116,1.0,1.0,0.5,observed_count 2 vs expected_count 5,0.036393482181052705,0.3642342746617748,0.36604793727550466,1.8031542207587905,0.1326666068383892,0.1339910923836518,0.009428252068244576,0.07202568247731701,0.17264861475565374,1.731250666059273,1.7398380421486714,7.438733500219387,2.9972288687306765,3.0270364129077225,0.03143404349377452,0.0910476633184214,0.04141982633768078,0.32354756394113693,0.3261880257552195,1.6408430690792657,0.10468302613224409,0.10639862814608773,0.00945973661076383,0.010502312710272611,0.010221603619199972,0.3221247612935729,0.3222868955123515,1.6836589674620939,0.10376436183844133,0.10386884301898937,0.015652868058322972,0.03378696655450955,-0.02200579142552995,-0.01902198084110439,-3.1484542519253506e-05,0.0615233697670444,-0.006224615990078395,0.03823871592280746,0.02197430688301069,0.0805453506081488,0.01578117543545155,0.05726069676391185,-0.006193131447559142,-0.02328465384423694,LEFT,0.32666666666666666,0.49666666666666665,0.17666666666666667,1,0.38666666666666666,0.17333333333333334,0.04666666666666667,0.05,0.21666666666666667,0.12666666666666668,Yaniv-LRJ(6)-4:7.csv_to_Ben-LRJ(1-6)-4:9.csv,RandomForest,False
lrj,Ben,Ben LRJ,Ben-LRJ(1-6)-4:9.csv,/Users/yanivnaggar/Desktop/Spring 2026/IS/OPENBCI_runs/Ben/Ben-LRJ(1-6)-4:9.csv,ben,LEFT,5,2,False,-3,left_right,1,1->1,5,5,Ben::Ben-LRJ(1-6)-4:9.csv::trial_5,21030,22322,84.12,89.288,5.168,6,sliding,21655,21904,86.62,87.616,1.0,1.0,0.5,observed_count 2 vs expected_count 5,-0.037743917568850385,0.40280612170562846,0.40457060570062886,2.026800490280395,0.16225277168352958,0.1636773749969737,0.012880769467811703,0.10724671436616305,0.0595062035921691,0.5961511694969784,0.5991136830006204,2.845723382092385,0.35539621689261514,0.35893720515856786,0.07016954012753714,0.07028824579279815,-0.08033458387048538,0.3011149143231804,0.31164697494681426,1.6408430690792657,0.09067019162785625,0.09712383699350027,0.007767877999984552,0.013504238251247275,-0.010437632128373304,0.3403772118831707,0.34053720873614995,1.572405337720607,0.1158566463693609,0.11596559053380816,0.009987636744818206,0.0629542338893899,-0.05728877065972543,0.036958468573364905,0.005112891467827151,0.09374247611491578,0.0028931327229934963,0.04429248047677316,0.06240166212755258,0.05678400754155087,0.06018190338271893,0.007334011903408252,-0.0022197587448336544,-0.04944999563814262,LEFT,0.05,0.64,0.31,2,0.10666666666666667,0.2866666666666667,0.17,0.06,0.22,0.15666666666666668,Yaniv-LRJ(6)-4:7.csv_to_Ben-LRJ(1-6)-4:9.csv,RandomForest,False
lrj,Ben,Ben LRJ,Ben-LRJ(1-6)-4:9.csv,/Users/yanivnaggar/Desktop/Spring 2026/IS/OPENBCI_runs/Ben/Ben-LRJ(1-6)-4:9.csv,ben,LEFT,5,2,False,-3,left_right,1,1->1,5,5,Ben::Ben-LRJ(1-6)-4:9.csv::trial_5,21030,22322,84.12,89.288,5.168,7,sliding,21780,22029,87.12,88.116,1.0,1.0,0.5,observed_count 2 vs expected_count 5,0.0043916395541342655,0.4013779532731336,0.40140197791204674,2.368751497953757,0.1611042613737298,0.16112354787170324,0.012054338115002424,0.0861186186574568,0.025040776606744173,0.5463814419139089,0.546954952954072,2.4099725596523585,0.2985326800679222,0.2991597205609911,0.02289848114181189,0.06673486285188224,-0.027862451733660407,0.35107784437203504,0.3521817272737548,1.5550329834217205,0.12325565280891487,0.12403196902552542,0.0037553525405392106,0.013030759243798035,0.027600601091258233,0.30868736676260666,0.30991883385723884,1.4813967230683687,0.09528789039883205,0.09604968357943082,0.002914822209894833,0.04611574022919074,-0.010844143026809467,0.019383755805574568,0.008298985574463213,0.07308785941365877,0.00913951590510759,0.04000287842826607,0.01914312860127268,0.053704103608084204,0.01998365893191706,0.0206191226226915,0.0008405303306443777,-0.033084980985392705,LEFT,0.05,0.6333333333333333,0.31666666666666665,3,0.10666666666666667,0.25333333333333335,0.2633333333333333,0.08,0.17666666666666667,0.12,Yaniv-LRJ(6)-4:7.csv_to_Ben-LRJ(1-6)-4:9.csv,RandomForest,False
lrj,Ben,Ben LRJ,Ben-LRJ(1-6)-4:9.csv,/Users/yanivnaggar/Desktop/Spring 2026/IS/OPENBCI_runs/Ben/Ben-LRJ(1-6)-4:9.csv,ben,LEFT,5,2,False,-3,left_right,1,1->1,5,5,Ben::Ben-LRJ(1-6)-4:9.csv::trial_5,21030,22322,84.12,89.288,5.168,8,sliding,21905,22154,87.62,88.616,1.0,1.0,0.5,observed_count 2 vs expected_count 5,0.026133080823879787,0.42512364252676155,0.4259261078503749,2.452542176333857,0.18073011143522175,0.1814130493485692,0.0021532380883355832,0.09990904968554425,0.012872344662722853,0.6129024425267514,0.6130376018747739,2.8619073056603073,0.3756494040552578,0.3758151013123738,0.09316709500936082,0.06825073205821516,0.06541953027417732,0.40067874134988374,0.4059841976124453,1.5550329834217205,0.16054345376972703,0.16482316871102104,0.0035235395754811575,0.01833704249224881,0.013547030988910507,0.32482861596909285,0.3251109838209268,1.6636589013374183,0.1055136297523964,0.10569715180101093,0.025057510041956003,0.05183692856144024,-0.09101385692102525,0.03165831762732908,-0.0013703014871455743,0.08157200719329544,-0.02290427195362042,0.04807212112410401,0.08964355543387967,0.049913689565966354,0.06810958496740482,0.016413803496774924,-0.021533970466474844,-0.03349988606919143,LEFT,0.05,0.53,0.42,5,0.09333333333333334,0.22333333333333333,0.16333333333333333,0.12,0.26,0.14,Yaniv-LRJ(6)-4:7.csv_to_Ben-LRJ(1-6)-4:9.csv,RandomForest,True
lrj,Ben,Ben LRJ,Ben-LRJ(1-6)-4:9.csv,/Users/yanivnaggar/Desktop/Spring 2026/IS/OPENBCI_runs/Ben/Ben-LRJ(1-6)-4:9.csv,ben,LEFT,5,2,False,-3,left_right,1,1->1,5,5,Ben::Ben-LRJ(1-6)-4:9.csv::trial_5,21030,22322,84.12,89.288,5.168,9,sliding,22030,22279,88.12,89.116,1.0,1.0,0.5,observed_count 2 vs expected_count 5,-0.036648592742101256,0.4286231869770559,0.43018711715292535,2.1149474350000332,0.18371783641436826,0.1850609557643447,0.024013618986725906,0.09124176906974152,-0.011480996420715912,0.6204252746290719,0.6205314937030769,2.7723713984790535,0.3849275213985593,0.38505933467737175,0.03699505533700431,0.04751341197767965,-0.017743447336872917,0.3245770694631865,0.3250616925211376,1.520254225945863,0.10535027402131018,0.10566510394470659,0.006167683597508779,0.012295158347973326,-0.01194360208571009,0.3572525964635401,0.35745218884589697,1.7557326716797816,0.12762941767994102,0.1277720673107228,0.04024858147998477,0.0366874455983521,-0.012981436350278406,0.04372835709206187,0.017845935389217128,0.07894661072176819,-0.016234962493258866,0.054554323471389415,0.030827371739495533,0.03521825362970633,-0.0032535261429804604,0.010825966379327548,-0.034080897882475994,-0.02439228725037878,LEFT,0.05,0.6466666666666666,0.30333333333333334,2,0.10333333333333333,0.23,0.12,0.15,0.19,0.20666666666666667,Yaniv-LRJ(6)-4:7.csv_to_Ben-LRJ(1-6)-4:9.csv,RandomForest,False
lrj,Ben,Ben LRJ,Ben-LRJ(1-6)-4:9.csv,/Users/yanivnaggar/Desktop/Spring 2026/IS/OPENBCI_runs/Ben/Ben-LRJ(1-6)-4:9.csv,ben,LEFT,6,5,False,-1,left_right,1,1->1,6,6,Ben::Ben-LRJ(1-6)-4:9.csv::trial_6,23346,24844,93.384,99.376,5.992,1,sliding,23346,23595,93.384,94.38,1.0,1.0,0.5,observed_count 5 vs expected_count 6,0.003887978908927028,0.35149167939558834,0.35151318192114406,1.7916234934221489,0.12354640068433105,0.12356151706432732,0.006946879077026762,0.08598084658433053,0.008183641684179562,0.47428257536567936,0.47435317358136897,2.1850510897040722,0.22494396129550132,0.22501093328671634,0.037357414547772194,0.10699649728596894,0.03287063442562189,0.4161714375044849,0.4174675364649235,1.5584073010203021,0.17319866539454934,0.17427914400209224,0.0019377897804782292,0.01597222342467776,0.00442969216544064,0.2974539558293893,0.2974869375472356,1.5004444932957024,0.0884788558385523,0.08849847801123287,0.007123434516255453,0.055098743323651715,-0.03041053547074543,-0.02101565070163841,0.005009089296548533,0.07000862315965277,-0.00017655543922869086,0.030882103260678813,0.03541962476729397,0.09102427386129118,0.03023398003151674,0.051897753962317224,-0.0051856447357772235,-0.039126519898973956,LEFT,0.07333333333333333,0.6066666666666667,0.32,5,0.09,0.2,0.13666666666666666,0.10666666666666667,0.30666666666666664,0.16,Yaniv-LRJ(6)-4:7.csv_to_Ben-LRJ(1-6)-4:9.csv,RandomForest,False
lrj,Ben,Ben LRJ,Ben-LRJ(1-6)-4:9.csv,/Users/yanivnaggar/Desktop/Spring 2026/IS/OPENBCI_runs/Ben/Ben-LRJ(1-6)-4:9.csv,ben,LEFT,6,5,False,-1,left_right,1,1->1,6,6,Ben::Ben-LRJ(1-6)-4:9.csv::trial_6,23346,24844,93.384,99.376,5.992,2,sliding,23471,23720,93.884,94.88,1.0,1.0,0.5,observed_count 5 vs expected_count 6,0.006065055604200712,0.36630998355648164,0.366360190185331,1.865571351781734,0.13418300405314984,0.1342197889526319,0.001733166136741412,0.0922910823920608,-0.03130740795618721,0.43834666061503375,0.4394632506425159,2.2073209626994195,0.1921477948723516,0.19312794866528674,0.03717319138182436,0.045447122479956054,-0.05382185878096028,0.5924997556348958,0.5949392850619707,2.774265324608389,0.35105596042741116,0.35395275291004885,0.025674106721704882,0.014816994647117509,0.02709121352154074,0.33253176048902117,0.33363348990171454,1.7331260687838748,0.11057737173392775,0.11131130558399746,0.005472306214211311,0.04482739654701922,-0.03544002524508295,0.04684395991210474,-0.02394094058496347,0.07747408774494328,-0.0037391400774698987,0.04746368584504158,0.011499084660119476,0.030630127832838545,0.03170088516761305,0.0006197259329368335,0.02020180050749357,-0.03001040189990171,LEFT,0.05,0.5966666666666667,0.35333333333333333,5,0.06333333333333334,0.06666666666666667,0.21333333333333335,0.24666666666666667,0.2833333333333333,0.12666666666666668,Yaniv-LRJ(6)-4:7.csv_to_Ben-LRJ(1-6)-4:9.csv,RandomForest,False
lrj,Ben,Ben LRJ,Ben-LRJ(1-6)-4:9.csv,/Users/yanivnaggar/Desktop/Spring 2026/IS/OPENBCI_runs/Ben/Ben-LRJ(1-6)-4:9.csv,ben,LEFT,6,5,False,-1,left_right,1,1->1,6,6,Ben::Ben-LRJ(1-6)-4:9.csv::trial_6,23346,24844,93.384,99.376,5.992,3,sliding,23596,23845,94.384,95.38,1.0,1.0,0.5,observed_count 5 vs expected_count 6,0.003397966130558096,0.362576802680798,0.3625927247147338,1.8205073040887647,0.13146193784223031,0.13147348401605474,0.003432030357041039,0.08532081979135661,-0.031257575328746005,0.4312285392859668,0.4323599069179992,2.4751444100103175,0.18595805309470864,0.18693508911014092,0.009953047499358759,0.05713767210583219,0.04400577077366191,0.5210844134164702,0.5229392639369996,2.774265324608389,0.2715289659055868,0.27346547376697095,0.009928443266487884,0.007989624159203445,-0.010632349471748988,0.3306446326180209,0.3308155376254196,1.8080442595235868,0.109325873079106,0.10943891993439542,0.02523515844022756,0.05381080980911966,-0.00652101714231772,0.02818314768552442,-0.006496412909446845,0.07733119563215317,-0.02180312808318652,0.03151000998223695,2.4604232870874612e-05,0.04914804794662875,-0.015282110940868801,0.0033268622967125294,-0.015306715173739676,-0.04582118564991622,LEFT,0.05,0.5333333333333333,0.4166666666666667,4,0.06,0.056666666666666664,0.17666666666666667,0.25666666666666665,0.20666666666666667,0.24333333333333335,Yaniv-LRJ(6)-4:7.csv_to_Ben-LRJ(1-6)-4:9.csv,RandomForest,False
lrj,Ben,Ben LRJ,Ben-LRJ(1-6)-4:9.csv,/Users/yanivnaggar/Desktop/Spring 2026/IS/OPENBCI_runs/Ben/Ben-LRJ(1-6)-4:9.csv,ben,LEFT,6,5,False,-1,left_right,1,1->1,6,6,Ben::Ben-LRJ(1-6)-4:9.csv::trial_6,23346,24844,93.384,99.376,5.992,4,sliding,23721,23970,94.884,95.88,1.0,1.0,0.5,observed_count 5 vs expected_count 6,-0.05432076030276576,0.3998812749435776,0.4035539357389191,2.1340713679839287,0.1599050340505011,0.16285577905037166,0.010875839396684087,0.10584951363092182,0.06776372892664784,0.4738491903871353,0.47867000970249624,2.186145613929889,0.2245330552305436,0.22912497818858782,0.034990064711019266,0.052498338478852054,0.03554701056150894,0.2804675392012595,0.2827112139719082,1.5549431292356517,0.07866204054561002,0.07992563050547005,0.0032900299448171437,0.011694682081610338,-0.050938049958144486,0.30905883871610224,0.31322843217384355,1.5767066045442384,0.09551736578854568,0.0981120507220841,0.011844094737091727,0.06199400738022673,-0.02411422531433518,0.05335117515206977,0.007585809451866943,0.09415483154931148,-0.0009682553404076408,0.04385550625069509,0.031700034766202125,0.04080365639724172,0.023145969973927538,-0.009495668901374675,-0.008554064792274583,-0.05029932529861639,LEFT,0.05,0.5866666666666667,0.36333333333333334,2,0.15,0.22,0.14,0.1,0.17333333333333334,0.21666666666666667,Yaniv-LRJ(6)-4:7.csv_to_Ben-LRJ(1-6)-4:9.csv,RandomForest,False
lrj,Ben,Ben LRJ,Ben-LRJ(1-6)-4:9.csv,/Users/yanivnaggar/Desktop/Spring 2026/IS/OPENBCI_runs/Ben/Ben-LRJ(1-6)-4:9.csv,ben,LEFT,6,5,False,-1,left_right,1,1->1,6,6,Ben::Ben-LRJ(1-6)-4:9.csv::trial_6,23346,24844,93.384,99.376,5.992,5,sliding,23846,24095,95.384,96.38,1.0,1.0,0.5,observed_count 5 vs expected_count 6,0.031955243903674616,0.42733249346335667,0.4285256090160226,2.3148914516926724,0.18261305996960975,0.1836341975825531,0.009473489833109626,0.07352647923708651,0.038744009634677334,0.5798067138994292,0.5810997537131009,2.5383929167032075,0.3361758254828545,0.3376769237654265,0.03332766387204082,0.09068294749045268,-0.0652161972510877,0.31203758953652105,0.31877987650988127,1.698750707613374,0.09736745728376238,0.10162060966765515,0.000970000939901784,0.013724136329089047,0.03200678239646327,0.2973980319071498,0.2991154016456201,1.4935912122533348,0.0884455893822461,0.08947002350162063,0.007758650042936615,0.039980010357850385,-0.023854174038931197,-0.01715646825336617,0.008503488893207843,0.05980234290799746,0.0017148397901730113,0.033546468879236124,0.032357662932139035,0.07695881116136363,0.025569013829104207,0.050702937132602294,-0.006788649103034831,-0.02625587402876134,LEFT,0.09,0.6,0.31,2,0.13333333333333333,0.30666666666666664,0.15,0.07,0.23333333333333334,0.10666666666666667,Yaniv-LRJ(6)-4:7.csv_to_Ben-LRJ(1-6)-4:9.csv,RandomForest,False
lrj,Ben,Ben LRJ,Ben-LRJ(1-6)-4:9.csv,/Users/yanivnaggar/Desktop/Spring 2026/IS/OPENBCI_runs/Ben/Ben-LRJ(1-6)-4:9.csv,ben,LEFT,6,5,False,-1,left_right,1,1->1,6,6,Ben::Ben-LRJ(1-6)-4:9.csv::trial_6,23346,24844,93.384,99.376,5.992,6,sliding,23971,24220,95.884,96.88,1.0,1.0,0.5,observed_count 5 vs expected_count 6,0.038309494487431685,0.4718509740503446,0.4734035900583577,2.056141549998088,0.22264334171225897,0.22411095908014156,0.018473992408592987,0.14160249750140852,-0.1017472074316401,0.6273984336217344,0.635595223968166,2.685605888939583,0.39362879451100585,0.4039812887311431,0.004771925785146242,0.12892936258495427,-0.007049113767060454,0.296486623520603,0.2965704097369607,1.5808537428509322,0.0879043179266478,0.08795400793154874,0.011416933750748263,0.017600049509655945,-0.004561631766937538,0.2990108845934188,0.2990456780990422,1.7113398250472898,0.08940750910533882,0.08942831758971596,0.008761705229196039,0.07435048305949686,0.013702066623446744,0.012673134916454248,0.007057058657844725,0.12400244799175257,0.009712287179396949,0.06725201444191166,-0.006645007965602021,0.11132931307529832,-0.003989779444049797,0.05457887952545741,0.002655228521552224,-0.05675043354984091,LEFT,0.05,0.49666666666666665,0.4533333333333333,6,0.07666666666666666,0.13333333333333333,0.18666666666666668,0.08666666666666667,0.19333333333333333,0.3233333333333333,Yaniv-LRJ(6)-4:7.csv_to_Ben-LRJ(1-6)-4:9.csv,RandomForest,True
lrj,Ben,Ben LRJ,Ben-LRJ(1-6)-4:9.csv,/Users/yanivnaggar/Desktop/Spring 2026/IS/OPENBCI_runs/Ben/Ben-LRJ(1-6)-4:9.csv,ben,LEFT,6,5,False,-1,left_right,1,1->1,6,6,Ben::Ben-LRJ(1-6)-4:9.csv::trial_6,23346,24844,93.384,99.376,5.992,7,sliding,24096,24345,96.384,97.38,1.0,1.0,0.5,observed_count 5 vs expected_count 6,-0.05456429198636905,0.44716306078912826,0.45047981630065886,2.056141549998088,0.1999548029343016,0.20293206489427534,0.009826065131112277,0.06580237538767968,0.003132078575540277,0.6280254216494313,0.6280332317275491,3.137831894415365,0.39441593023794597,0.3944257401541494,0.01775670608633477,0.06762180110988736,0.05760370761029898,0.2590752369135931,0.26540189432686273,1.2910296919367426,0.06711997838183438,0.07043816551228721,0.0036007666635491297,0.007215340301866655,0.019929820557160596,0.3110964494044371,0.31173417935716974,1.7933696830669854,0.09678100083204748,0.09717819857948808,0.0031208976696761787,0.04216350576759557,-0.007930640955222492,-0.001819425722207682,0.006225298467563148,0.05858703508581302,0.006705167461436099,0.02363886962008411,0.01415593942278564,0.0604064608080207,0.014635808416658591,0.02545829534229179,0.000479868993872951,-0.03494816546572891,LEFT,0.05,0.5766666666666667,0.37333333333333335,6,0.13,0.12333333333333334,0.15,0.07,0.20666666666666667,0.32,Yaniv-LRJ(6)-4:7.csv_to_Ben-LRJ(1-6)-4:9.csv,RandomForest,True
lrj,Ben,Ben LRJ,Ben-LRJ(1-6)-4:9.csv,/Users/yanivnaggar/Desktop/Spring 2026/IS/OPENBCI_runs/Ben/Ben-LRJ(1-6)-4:9.csv,ben,LEFT,6,5,False,-1,left_right,1,1->1,6,6,Ben::Ben-LRJ(1-6)-4:9.csv::trial_6,23346,24844,93.384,99.376,5.992,8,sliding,24221,24470,96.884,97.88,1.0,1.0,0.5,observed_count 5 vs expected_count 6,-0.001988622086507167,0.35088303415863725,0.350888669349944,1.7208530007390743,0.1231189036603714,0.12312285827817433,0.004356093007103072,0.0648947789525038,0.065548777190602,0.5371330322816833,0.5411178582890228,3.1660055248804984,0.28851189436811586,0.292808536559299,0.02495708857559727,0.04307148926038011,-0.03965236099475121,0.25505327676263406,0.2581171898960139,1.2662280688328753,0.06505217398735681,0.06662448371981489,0.005490112169891635,0.010418210485076214,0.012860710739509465,0.2930489707261796,0.29333103675608313,1.6643562094110738,0.08587769924367326,0.0860430971243986,0.002412523061190072,0.04030398762890753,-0.0206009955684942,0.021823289692123687,-0.001134019162788563,0.054476568467427586,0.0019435699459129999,0.02459079132359627,0.019466976405705636,0.0326532787753039,0.0225445655144072,0.002767501631472581,0.003077589108701563,-0.029885777143831317,LEFT,0.05,0.7,0.25,6,0.13,0.18666666666666668,0.13333333333333333,0.08333333333333333,0.12333333333333334,0.3433333333333333,Yaniv-LRJ(6)-4:7.csv_to_Ben-LRJ(1-6)-4:9.csv,RandomForest,True
lrj,Ben,Ben LRJ,Ben-LRJ(1-6)-4:9.csv,/Users/yanivnaggar/Desktop/Spring 2026/IS/OPENBCI_runs/Ben/Ben-LRJ(1-6)-4:9.csv,ben,LEFT,6,5,False,-1,left_right,1,1->1,6,6,Ben::Ben-LRJ(1-6)-4:9.csv::trial_6,23346,24844,93.384,99.376,5.992,9,sliding,24346,24595,97.384,98.38,1.0,1.0,0.5,observed_count 5 vs expected_count 6,0.0384119510521829,0.3415541837393205,0.34370734413664894,1.9756843390543182,0.11665926042983352,0.11813473841346882,0.0043100180275151235,0.0806474685361628,0.010144315215359868,0.5389386201833324,0.5390340837612245,2.935744949656967,0.29045483632511426,0.29055774345630286,0.04708251425532296,0.0698126594969496,0.008799099387779698,0.29257743977662676,0.2927097238157313,1.3675314279598383,0.08560155826624564,0.08567898241628168,0.0021666211183307142,0.013245420551364281,-0.021532940480598405,0.28795093252565207,0.2887549256170942,1.4903989107737319,0.08291573954239263,0.08337940706813361,0.004995301218365581,0.05173859280798968,-0.04277249622780784,0.010834809039213189,0.0021433969091844093,0.06740204798479851,-0.0006852831908504579,0.028908875728173113,0.04491589313699225,0.056567238945585324,0.04208721303695738,0.018074066688959924,-0.002828680100034867,-0.0384931722566254,LEFT,0.07,0.6466666666666666,0.2833333333333333,2,0.12666666666666668,0.22,0.17,0.07333333333333333,0.19333333333333333,0.21666666666666667,Yaniv-LRJ(6)-4:7.csv_to_Ben-LRJ(1-6)-4:9.csv,RandomForest,False
lrj,Ben,Ben LRJ,Ben-LRJ(1-6)-4:9.csv,/Users/yanivnaggar/Desktop/Spring 2026/IS/OPENBCI_runs/Ben/Ben-LRJ(1-6)-4:9.csv,ben,LEFT,6,5,False,-1,left_right,1,1->1,6,6,Ben::Ben-LRJ(1-6)-4:9.csv::trial_6,23346,24844,93.384,99.376,5.992,10,sliding,24471,24720,97.884,98.88,1.0,1.0,0.5,observed_count 5 vs expected_count 6,-0.027373704217652773,0.3637980452537447,0.36482644834639,1.9756843390543182,0.13234901773044566,0.13309833741304117,0.016725610298719593,0.10433500988125612,-0.004161769744870561,0.5238519007391869,0.5238684321807033,2.575090892160759,0.2744208139080589,0.2744381342354682,0.060172857083059,0.034496526857923024,0.01924724271288234,0.35700852387814175,0.3575269814625161,2.093429236184802,0.1274550861216497,0.12782554247369832,0.054547427885223376,0.0161521054779336,-0.012355106339983572,0.32130476119867424,0.32154221841246505,1.598703789876705,0.10323674956893707,0.10338939822160936,0.021179663473285888,0.060749126407738885,-0.04344724678433941,0.06983848302333309,-0.037821817586503784,0.08818290440332252,-0.004454053174566295,0.04358588347351723,0.005625429197835624,0.018344421379989425,0.038993193609773116,-0.02625259954981586,0.03336776441193749,-0.04459702092980529,LEFT,0.05,0.76,0.19,5,0.06,0.06,0.20666666666666667,0.20666666666666667,0.25333333333333335,0.21333333333333335,Yaniv-LRJ(6)-4:7.csv_to_Ben-LRJ(1-6)-4:9.csv,RandomForest,False
lrj,Ben,Ben LRJ,Ben-LRJ(1-6)-4:9.csv,/Users/yanivnaggar/Desktop/Spring 2026/IS/OPENBCI_runs/Ben/Ben-LRJ(1-6)-4:9.csv,ben,RIGHT,1,1,True,0,left_right,2,2->2,7,1,Ben::Ben-LRJ(1-6)-4:9.csv::trial_7,25510,26097,102.04,104.388,2.348,1,sliding,25510,25759,102.04,103.036,1.0,1.0,0.5,,0.08067140827103095,1.1419213962517316,1.1447673786974955,5.47501879378895,1.303984475217504,1.3104923513299351,0.017894982445433825,0.1576097988413007,-1.255416670514282,23.167985286188085,23.20197433921589,85.10747444965736,536.7555422210276,538.3316132376327,1.1892458704111672,0.2976828420883537,0.10876605311914614,4.68212254356734,4.683385694910533,18.718192522290312,21.9222715129815,21.93410156729262,0.8179728433076611,0.2657510803745858,0.15315288043844827,2.890203520144239,2.894258487530225,11.498341927997547,8.35327638785415,8.376732192640745,0.36344702904275056,0.16000278604405227,-1.1713508879657335,-0.14007304324705303,-0.8000778608622272,-0.10814128153328509,-0.34555204659731675,-0.0023929872027515786,0.3712730271035062,0.03193176171376794,0.8257988413684167,0.13768005604430145,0.4545258142649105,0.10574829433053351,JAW,0.79,0.12,0.09,1,0.29333333333333333,0.08666666666666667,0.006666666666666667,0.23333333333333334,0.27,0.11,Yaniv-LRJ(6)-4:7.csv_to_Ben-LRJ(1-6)-4:9.csv,RandomForest,False
lrj,Ben,Ben LRJ,Ben-LRJ(1-6)-4:9.csv,/Users/yanivnaggar/Desktop/Spring 2026/IS/OPENBCI_runs/Ben/Ben-LRJ(1-6)-4:9.csv,ben,RIGHT,1,1,True,0,left_right,2,2->2,7,1,Ben::Ben-LRJ(1-6)-4:9.csv::trial_7,25510,26097,102.04,104.388,2.348,2,sliding,25635,25884,102.54,103.536,1.0,1.0,0.5,,0.09380535568635946,1.0829422227881946,1.0869973793219927,5.47501879378895,1.1727638578974358,1.1815633026528802,0.0065097725949588466,0.060975731236893496,-2.59202506393136,20.455400632744357,20.618972064051267,85.10747444965736,418.4234150460782,425.1420089781266,0.09450166700885029,0.07872244956468291,1.222015961542816,3.0617309502836347,3.2965920921749086,12.688161875790982,9.374196411924729,10.867519422190142,0.006169877064969797,0.008893804252517162,-0.5122696258878336,2.3536677287529635,2.408769799499403,10.152647266957379,5.539751777373135,5.802171946980395,0.06708680036367431,0.04575040652631745,-0.08799189441389145,-0.017746718327789415,0.0003398955299890498,0.05208192698437633,-0.06057702776871547,0.015225324710576048,0.0883317899438805,0.06982864531216575,0.027414866645175978,0.03297204303836546,-0.06091692329870452,-0.03685660227380029,JAW,0.8266666666666667,0.10333333333333333,0.07,1,0.34,0.14,0.023333333333333334,0.14666666666666667,0.20666666666666667,0.14333333333333334,Yaniv-LRJ(6)-4:7.csv_to_Ben-LRJ(1-6)-4:9.csv,RandomForest,False
lrj,Ben,Ben LRJ,Ben-LRJ(1-6)-4:9.csv,/Users/yanivnaggar/Desktop/Spring 2026/IS/OPENBCI_runs/Ben/Ben-LRJ(1-6)-4:9.csv,ben,RIGHT,1,1,True,0,left_right,2,2->2,7,1,Ben::Ben-LRJ(1-6)-4:9.csv::trial_7,25510,26097,102.04,104.388,2.348,3,sliding,25760,26009,103.04,104.036,1.0,1.0,0.5,,-0.09471702835573867,0.47799967021960277,0.48729354622300386,2.21384057940874,0.22848368473004899,0.2374550001905908,0.016566816699140122,0.11188814385944644,2.4964973443170844,2.131347126618674,3.2825507710205994,7.124696169202409,4.542640574145679,10.775139564327933,0.04186370599000122,0.06833320013367093,-0.2709577977965191,0.997414585577265,1.0335637298730092,4.467400362246993,0.9948358555222673,1.0682539837090066,0.012861964604599187,0.023373363212090673,-0.1577512763787271,1.0333367180476862,1.0453086807563978,5.078868479946402,1.0677847728655632,1.0926702380646809,0.027054043991790032,0.05499900885438027,-0.0252968892908611,0.04355494372577551,0.0037048520945409356,0.08851478064735577,-0.01048722729264991,0.05688913500506617,0.029001741385402034,0.04495983692158026,0.014809661998211189,0.013334191279290662,-0.014192079387190845,-0.0316256456422896,JAW,0.6166666666666667,0.20333333333333334,0.18,1,0.44333333333333336,0.08333333333333333,0.07666666666666666,0.12,0.17333333333333334,0.10333333333333333,Yaniv-LRJ(6)-4:7.csv_to_Ben-LRJ(1-6)-4:9.csv,RandomForest,False
lrj,Ben,Ben LRJ,Ben-LRJ(1-6)-4:9.csv,/Users/yanivnaggar/Desktop/Spring 2026/IS/OPENBCI_runs/Ben/Ben-LRJ(1-6)-4:9.csv,ben,RIGHT,2,1,False,-1,left_right,2,2->2,8,2,Ben::Ben-LRJ(1-6)-4:9.csv::trial_8,27525,28217,110.1,112.868,2.768,1,sliding,27525,27774,110.1,111.096,1.0,1.0,0.5,observed_count 1 vs expected_count 2,-0.005359539762413895,0.42536735241536894,0.42540111561598615,2.0789882185905837,0.1809373845008607,0.1809661091673256,0.03074131400402986,0.08158435027902135,-0.28440356821818863,0.5672866112261881,0.63458607681837,3.0152144213455063,0.32181409927649224,0.40269948889173013,0.029486739955598383,0.08206836052294172,-0.06805721993501643,0.672603535025981,0.6760379431028478,3.517636453498441,0.4523955153294461,0.45702730051472934,0.0121537100076901,0.015696848163021825,-0.15789728480631549,0.8824332493286295,0.8964485440168274,3.574392574737499,0.7786884395206832,0.8036199920698898,0.10981743729302404,0.08710814443526409,0.0012545740484314755,-0.00048401024392037695,0.01858760399633976,0.06588750211599953,-0.07907612328899419,-0.0055237941562427395,0.017333029947908283,0.0663715123599199,-0.08033069733742565,-0.0050397839123223626,-0.09766372728533394,-0.07141129627224227,LEFT,0.31666666666666665,0.3433333333333333,0.34,4,0.06,0.1,0.08,0.39666666666666667,0.16666666666666666,0.19666666666666666,Yaniv-LRJ(6)-4:7.csv_to_Ben-LRJ(1-6)-4:9.csv,RandomForest,False
lrj,Ben,Ben LRJ,Ben-LRJ(1-6)-4:9.csv,/Users/yanivnaggar/Desktop/Spring 2026/IS/OPENBCI_runs/Ben/Ben-LRJ(1-6)-4:9.csv,ben,RIGHT,2,1,False,-1,left_right,2,2->2,8,2,Ben::Ben-LRJ(1-6)-4:9.csv::trial_8,27525,28217,110.1,112.868,2.768,2,sliding,27650,27899,110.6,111.596,1.0,1.0,0.5,observed_count 1 vs expected_count 2,0.04280853312953357,0.42780480713076835,0.4299413024040564,2.156365575840639,0.1830169530041939,0.1848495235128963,0.017028200153010008,0.11307392635077626,0.013361140446012932,0.48939660255981404,0.48957895652397754,2.448556882324668,0.23950903459708858,0.2396875546711067,0.0049951072971632605,0.10528802749112293,-0.20624805581637054,0.5093217696880649,0.5494969750655729,2.498302883106204,0.25940866507818217,0.30194692560621483,0.00726057043207611,0.025119691274309942,-0.02020758113406477,0.7965938219133596,0.7968500884393646,3.574392574737499,0.6345617171105332,0.6349700634458232,0.035793312895998616,0.06831130246040686,0.012033092855846746,0.007785898859653334,0.009767629720933898,0.08795423507646632,-0.01876511274298861,0.044762623890369405,-0.0022654631349128497,0.08016833621681299,-0.030798205598835355,0.03697672503071607,-0.028532742463922504,-0.04319161118609691,LEFT,0.26,0.38,0.36,4,0.06666666666666667,0.06666666666666667,0.12333333333333334,0.3,0.23666666666666666,0.20666666666666667,Yaniv-LRJ(6)-4:7.csv_to_Ben-LRJ(1-6)-4:9.csv,RandomForest,False
lrj,Ben,Ben LRJ,Ben-LRJ(1-6)-4:9.csv,/Users/yanivnaggar/Desktop/Spring 2026/IS/OPENBCI_runs/Ben/Ben-LRJ(1-6)-4:9.csv,ben,RIGHT,2,1,False,-1,left_right,2,2->2,8,2,Ben::Ben-LRJ(1-6)-4:9.csv::trial_8,27525,28217,110.1,112.868,2.768,3,sliding,27775,28024,111.1,112.096,1.0,1.0,0.5,observed_count 1 vs expected_count 2,-0.08386322048892193,0.5607333231755901,0.566969928188713,3.0304177964937438,0.31442185971954073,0.3214548994703143,0.005351530333708389,0.09705285848976258,-0.25048090318893174,0.7077387146412547,0.7507561328849724,3.1367827498585212,0.5008940882020554,0.5636347710643984,0.017887519018709483,0.11266744504370557,1.2777297541037966,2.468312069744046,2.7794168090026163,11.312732373687293,6.092564473644138,7.725157798166287,0.010908608756360426,0.013269310794588375,-0.21285970274021554,0.8732731461415373,0.8988410542596458,5.5273904982522275,0.7626059877719387,0.8079152408225915,0.01583797029209173,0.0849713530913549,-0.012535988685001094,-0.015614586553942988,-0.005557078422652037,0.08378354769517421,-0.01048643995838334,0.012081505398407688,0.006978910262349057,0.0993981342491172,0.002049548726617754,0.027696091952350677,-0.004929361535731303,-0.07170204229676652,JAW,0.38,0.30333333333333334,0.31666666666666665,5,0.05,0.16333333333333333,0.07333333333333333,0.21666666666666667,0.2966666666666667,0.2,Yaniv-LRJ(6)-4:7.csv_to_Ben-LRJ(1-6)-4:9.csv,RandomForest,False
lrj,Ben,Ben LRJ,Ben-LRJ(1-6)-4:9.csv,/Users/yanivnaggar/Desktop/Spring 2026/IS/OPENBCI_runs/Ben/Ben-LRJ(1-6)-4:9.csv,ben,RIGHT,2,1,False,-1,left_right,2,2->2,8,2,Ben::Ben-LRJ(1-6)-4:9.csv::trial_8,27525,28217,110.1,112.868,2.768,4,sliding,27900,28149,111.6,112.596,1.0,1.0,0.5,observed_count 1 vs expected_count 2,0.1114977029387259,1.1481959386404483,1.1535968322039691,5.180859169833113,1.31835391351042,1.3307856512710325,0.017406450609326354,0.09925507274597305,0.07634140091877503,1.128426072641737,1.1310054866851422,4.8589517328656715,1.2733454014176546,1.2791734109118955,0.009689178630304397,0.11969763923360498,0.3819794943948418,7.078439401267429,7.088738441468506,29.053379546273327,50.1043043574152,50.250212691553344,0.30594652329611194,0.06288849178947767,0.2270916926958745,1.1729128455758482,1.1946945970449145,5.5273904982522275,1.3757245433168332,1.4272951802083107,0.2949594804524846,0.1081359564463309,0.007717271979021957,-0.02044256648763193,-0.2885400726867856,0.03636658095649538,-0.27755302984315827,-0.008880883700357847,-0.29625734466580755,0.05680914744412731,-0.2852703018221802,0.011561682787274083,0.010987042843627337,-0.045247464656853226,JAW,0.7633333333333333,0.12333333333333334,0.11333333333333333,4,0.02,0.15,0.013333333333333334,0.37666666666666665,0.26666666666666666,0.17333333333333334,Yaniv-LRJ(6)-4:7.csv_to_Ben-LRJ(1-6)-4:9.csv,RandomForest,False
lrj,Ben,Ben LRJ,Ben-LRJ(1-6)-4:9.csv,/Users/yanivnaggar/Desktop/Spring 2026/IS/OPENBCI_runs/Ben/Ben-LRJ(1-6)-4:9.csv,ben,RIGHT,3,3,True,0,left_right,2,2->2,9,3,Ben::Ben-LRJ(1-6)-4:9.csv::trial_9,29495,30641,117.98,122.564,4.584,1,sliding,29495,29744,117.98,118.976,1.0,1.0,0.5,,-0.041676144030719287,0.3063267357027495,0.30914878293076203,1.4725501694857148,0.09383606900630215,0.09557296998757141,0.023791606686518554,0.03306831087682176,-0.04914178946545262,0.33389117974758864,0.3374881262875828,1.7236502510331162,0.11148331991323655,0.11389823538510344,0.048062488619954005,0.03461043833849587,-0.05071024282665918,0.6355846544600395,0.6376044084796048,2.95824188324576,0.4039678529850879,0.40653938171262666,0.1699678188832241,0.0257741527156706,-0.020193251709834274,0.6171746820761324,0.6175049437942921,2.909341852086161,0.3809045881957751,0.38131235561039184,0.26790531280014096,0.0546840802265968,-0.02427088193343545,-0.001542127461674113,-0.14617621219670554,0.007294158161151157,-0.2441137061136224,-0.021615769349775042,-0.12190533026327009,0.00883628562282527,-0.21984282418018697,-0.02007364188810093,-0.09793749391691686,-0.0289099275109262,LEFT,0.25333333333333335,0.55,0.19666666666666666,6,0.04,0.016666666666666666,0.013333333333333334,0.30666666666666664,0.19666666666666666,0.4266666666666667,Yaniv-LRJ(6)-4:7.csv_to_Ben-LRJ(1-6)-4:9.csv,RandomForest,False
lrj,Ben,Ben LRJ,Ben-LRJ(1-6)-4:9.csv,/Users/yanivnaggar/Desktop/Spring 2026/IS/OPENBCI_runs/Ben/Ben-LRJ(1-6)-4:9.csv,ben,RIGHT,3,3,True,0,left_right,2,2->2,9,3,Ben::Ben-LRJ(1-6)-4:9.csv::trial_9,29495,30641,117.98,122.564,4.584,2,sliding,29620,29869,118.48,119.476,1.0,1.0,0.5,,0.04661950813416652,0.2880877375504031,0.2918354383305454,1.5566748702608022,0.08299454452690995,0.08516792306558159,0.024601022368426973,0.024624586600800545,0.04179750078616738,0.35383337532840564,0.3562935426979586,2.157588021454978,0.12519805749629237,0.12694508856826206,0.06200348809269533,0.01757414331625195,-0.0871094547847464,0.6877281542327461,0.6932229592542904,2.7632595576404184,0.4729700141243799,0.4805580712372756,0.19661832757659933,0.025725572863246282,0.012101714032955183,0.6366134958869953,0.6367285093570075,2.909341852086161,0.4052767431454614,0.40542319462799686,0.20886074519001027,0.04672967346066416,-0.03740246572426836,0.0070504432845485965,-0.17201730520817235,-0.001100986262445737,-0.1842597228215833,-0.022105086859863614,-0.13461483948390401,-0.008151429546994333,-0.14685725709731495,-0.02915553014441221,-0.012242417613410939,-0.021004100597417877,LEFT,0.26,0.5266666666666666,0.21333333333333335,4,0.04,0.016666666666666666,0.016666666666666666,0.44,0.19333333333333333,0.29333333333333333,Yaniv-LRJ(6)-4:7.csv_to_Ben-LRJ(1-6)-4:9.csv,RandomForest,False
lrj,Ben,Ben LRJ,Ben-LRJ(1-6)-4:9.csv,/Users/yanivnaggar/Desktop/Spring 2026/IS/OPENBCI_runs/Ben/Ben-LRJ(1-6)-4:9.csv,ben,RIGHT,3,3,True,0,left_right,2,2->2,9,3,Ben::Ben-LRJ(1-6)-4:9.csv::trial_9,29495,30641,117.98,122.564,4.584,3,sliding,29745,29994,118.98,119.976,1.0,1.0,0.5,,0.01567059790618011,0.2891276547072875,0.2895520132122615,1.53525354766091,0.0835948007165365,0.08384036835527366,0.012681972477738423,0.022433177770558744,0.0033965032487890596,0.37602415496824965,0.376039494407044,2.1302859938105865,0.14139416511958625,0.14140570135390526,0.03637355484095077,0.02864176686925536,0.12678220607122057,0.576400401658116,0.5901789142352707,2.352545316434668,0.3322374230316375,0.34831115080792296,0.03917147411502671,0.018077225423385586,0.0243127726387677,0.49758967900151446,0.49818329916027354,2.7047757574417255,0.2475954886488302,0.24818659956221462,0.05262746691843716,0.031637523883623966,-0.023691582363212345,-0.006208589098696617,-0.026489501637288283,0.004355952347173158,-0.03994549444069873,-0.009204346113065223,-0.0027979192740759384,0.010564541445869775,-0.016253912077486388,-0.002995757014368605,-0.01345599280341045,-0.01356029846023838,LEFT,0.016666666666666666,0.84,0.14333333333333334,6,0.04666666666666667,0.03333333333333333,0.016666666666666666,0.3433333333333333,0.15666666666666668,0.4033333333333333,Yaniv-LRJ(6)-4:7.csv_to_Ben-LRJ(1-6)-4:9.csv,RandomForest,False
lrj,Ben,Ben LRJ,Ben-LRJ(1-6)-4:9.csv,/Users/yanivnaggar/Desktop/Spring 2026/IS/OPENBCI_runs/Ben/Ben-LRJ(1-6)-4:9.csv,ben,RIGHT,3,3,True,0,left_right,2,2->2,9,3,Ben::Ben-LRJ(1-6)-4:9.csv::trial_9,29495,30641,117.98,122.564,4.584,4,sliding,29870,30119,119.48,120.476,1.0,1.0,0.5,,-0.01913823285216918,0.2874300715890497,0.2880665166422333,1.4160745506685117,0.08261604605368623,0.08298231801039009,0.024192845038396197,0.03630476483610253,-0.01209252395033012,0.36172912618250486,0.3619311949310916,1.7642325932535718,0.1308479607287585,0.13099418986424782,0.046788372737420696,0.04286181678681793,-0.039264158905078145,0.5561081660193598,0.5574925707917002,2.4365969574236415,0.3092562923134157,0.3107979664879389,0.2180961235087711,0.015599470771575238,0.015141536980004684,0.3622164644180896,0.36253280298154816,1.8136185182161784,0.13120076709554115,0.13143003323765803,0.08526254630379694,0.019278911387605898,-0.0225955276990245,-0.0065570519507153965,-0.19390327847037492,0.020705294064527292,-0.06106970126540075,0.017025853448496633,-0.1713077507713504,0.02726234601524269,-0.038474173566376245,0.02358290539921203,0.13283357720497418,-0.0036794406160306596,LEFT,0.05,0.79,0.16,4,0.0033333333333333335,0.01,0.013333333333333334,0.4266666666666667,0.21666666666666667,0.33,Yaniv-LRJ(6)-4:7.csv_to_Ben-LRJ(1-6)-4:9.csv,RandomForest,False
lrj,Ben,Ben LRJ,Ben-LRJ(1-6)-4:9.csv,/Users/yanivnaggar/Desktop/Spring 2026/IS/OPENBCI_runs/Ben/Ben-LRJ(1-6)-4:9.csv,ben,RIGHT,3,3,True,0,left_right,2,2->2,9,3,Ben::Ben-LRJ(1-6)-4:9.csv::trial_9,29495,30641,117.98,122.564,4.584,5,sliding,29995,30244,119.98,120.976,1.0,1.0,0.5,,0.022492465204754005,0.2831549644539185,0.28404690613679795,1.3765188104298705,0.08017673389489985,0.08068264488588692,0.01517065308028135,0.0186474564789721,0.045738949522434416,0.3160855106061131,0.3193776784913796,1.4616080761406531,0.09991005001512723,0.10200210151854304,0.01998040914843452,0.040929154065967734,-0.029361474745943524,0.5936924294335221,0.5944180321675431,2.503687651486147,0.35247070076667764,0.3533327969659342,0.025052826539706797,0.013097937951691466,0.0039349232730559154,0.3839882011029585,0.384008362158236,1.8136185182161784,0.1474469385862861,0.14746242220745095,0.09698231910782504,0.014070043804381956,-0.004809756068153169,-0.022281697586995632,-0.009882173459425447,0.005549518527280636,-0.0818116660275437,0.004577412674590145,-0.005072417391272278,0.027831216114276268,-0.07700190995939052,0.02685911026158578,-0.07192949256811824,-0.0009721058526904903,LEFT,0.013333333333333334,0.67,0.31666666666666665,4,0.03666666666666667,0.05333333333333334,0.04,0.37666666666666665,0.18666666666666668,0.30666666666666664,Yaniv-LRJ(6)-4:7.csv_to_Ben-LRJ(1-6)-4:9.csv,RandomForest,False
lrj,Ben,Ben LRJ,Ben-LRJ(1-6)-4:9.csv,/Users/yanivnaggar/Desktop/Spring 2026/IS/OPENBCI_runs/Ben/Ben-LRJ(1-6)-4:9.csv,ben,RIGHT,3,3,True,0,left_right,2,2->2,9,3,Ben::Ben-LRJ(1-6)-4:9.csv::trial_9,29495,30641,117.98,122.564,4.584,6,sliding,30120,30369,120.48,121.476,1.0,1.0,0.5,,-0.009543334883407261,0.2642849256368089,0.264457174528411,1.348747526522915,0.0698465219188536,0.06993759715955045,0.011223375704860943,0.019413491243501342,-0.04673284956621139,0.34421730304828574,0.34737517318659017,1.9898748278047127,0.11848555171783537,0.1206695109464135,0.03844225504722769,0.02755277834725927,0.08276300903512082,0.5034384049260372,0.5101959851067236,2.405724684274193,0.2534502275544726,0.26029994321902017,0.06606720033847309,0.014889791729463146,-0.033713127740394803,0.36820660669972816,0.36974677848409776,1.7637548112276638,0.1355761052173283,0.13671268019936847,0.04735401158196161,0.016058479269374985,-0.027218879342366747,-0.008139287103757928,-0.05484382463361215,0.0045236995140381965,-0.03613063587710067,0.0033550119741263575,-0.0276249452912454,0.012662986617796124,-0.008911756534733924,0.011494299077884285,0.018713188756511477,-0.001168687539911839,LEFT,0.013333333333333334,0.73,0.25666666666666665,4,0.013333333333333334,0.03,0.04666666666666667,0.36,0.28,0.27,Yaniv-LRJ(6)-4:7.csv_to_Ben-LRJ(1-6)-4:9.csv,RandomForest,False
lrj,Ben,Ben LRJ,Ben-LRJ(1-6)-4:9.csv,/Users/yanivnaggar/Desktop/Spring 2026/IS/OPENBCI_runs/Ben/Ben-LRJ(1-6)-4:9.csv,ben,RIGHT,3,3,True,0,left_right,2,2->2,9,3,Ben::Ben-LRJ(1-6)-4:9.csv::trial_9,29495,30641,117.98,122.564,4.584,7,sliding,30245,30494,120.98,121.976,1.0,1.0,0.5,,-0.022176606479030248,0.2799862230763017,0.28086311076298076,1.3375683469464668,0.0783922851125326,0.07888408698745838,0.030880066952667793,0.015012320019077258,0.0022608718009377356,0.37318085226901954,0.3731877008176075,1.9898748278047127,0.1392639485002318,0.1392690600415321,0.02249293396810209,0.025032953275265668,-0.05763642038104561,0.412763074114747,0.41676769585345347,1.967946347576886,0.17037335535265613,0.1736953123069967,0.030902953708352537,0.013855297384209677,-0.008425821442514976,0.3357619255826822,0.33586763038133305,1.7637548112276638,0.11273607067099062,0.11280706513797176,0.08854278815474823,0.009305345580623969,0.008387132984565702,-0.01002063325618841,-2.2886755684743687e-05,0.001157022634867581,-0.057662721202080436,0.005706974438453289,-0.008410019740250445,0.011177655891055991,-0.06604985418664613,0.0157276076946417,-0.057639834446395685,0.004549951803585708,LEFT,0.0,0.6966666666666667,0.30333333333333334,4,0.03,0.08333333333333333,0.08666666666666667,0.3433333333333333,0.20666666666666667,0.25,Yaniv-LRJ(6)-4:7.csv_to_Ben-LRJ(1-6)-4:9.csv,RandomForest,False
lrj,Ben,Ben LRJ,Ben-LRJ(1-6)-4:9.csv,/Users/yanivnaggar/Desktop/Spring 2026/IS/OPENBCI_runs/Ben/Ben-LRJ(1-6)-4:9.csv,ben,RIGHT,3,3,True,0,left_right,2,2->2,9,3,Ben::Ben-LRJ(1-6)-4:9.csv::trial_9,29495,30641,117.98,122.564,4.584,8,sliding,30370,30619,121.48,122.476,1.0,1.0,0.5,,0.017759141910797503,0.30960806078338,0.3101169753874382,1.3375683469464668,0.09585715130204511,0.09617253842345297,0.009871141669073172,0.020925144633143017,0.03851803948804948,0.3397856378857179,0.3419618678733159,1.5808495852628948,0.11545427971340422,0.11693791907940715,0.010549705820108486,0.023483939992721893,-0.009274834260507901,0.32411516783094385,0.3242478443546553,1.4181637102275166,0.10505064201808088,0.10513666456864076,0.02554314143885151,0.012758487174402235,0.007270165357770468,0.31832742238490014,0.31841043190596624,1.555628840335122,0.10133234784221463,0.10138520314654396,0.038277812838299695,0.012015979543569685,-0.000678564151035314,-0.002558795359578876,-0.015671999769778337,0.008166657458740782,-0.028406671169226523,0.008909165089573332,-0.014993435618743023,0.010725452818319658,-0.027728107018191207,0.011467960449152208,-0.012734671399448186,0.0007425076308325493,LEFT,0.03,0.54,0.43,6,0.03,0.07,0.10333333333333333,0.27666666666666667,0.21,0.31,Yaniv-LRJ(6)-4:7.csv_to_Ben-LRJ(1-6)-4:9.csv,RandomForest,False
lrj,Ben,Ben LRJ,Ben-LRJ(1-6)-4:9.csv,/Users/yanivnaggar/Desktop/Spring 2026/IS/OPENBCI_runs/Ben/Ben-LRJ(1-6)-4:9.csv,ben,RIGHT,4,4,True,0,left_right,2,2->2,10,4,Ben::Ben-LRJ(1-6)-4:9.csv::trial_10,31772,33359,127.088,133.436,6.348,1,sliding,31772,32021,127.088,128.084,1.0,1.0,0.5,,0.029756624502990603,0.3179209206484141,0.31931045784275086,1.542207212072909,0.1010737117859352,0.10195916848774718,0.0027299546403167763,0.020154573778927844,-0.009869591883197542,0.2912218397666336,0.2913890334261117,1.601340695800791,0.08481015995706279,0.08490756880100367,0.005983533815027985,0.020005443547337166,0.019283284492419495,0.24943383893519078,0.2501781066895389,1.2670882168250055,0.062217240005946695,0.06258908506676229,0.004627954597662387,0.009531739066189284,0.019933499401574534,0.21620630846578195,0.21712326503346766,0.9441901632643834,0.04674516782040086,0.04714251221879344,0.006415495546279718,0.014356124487245646,-0.003253579174711209,0.00014913023159067798,-0.0018979999573456104,0.01062283471273856,-0.0036855409059629416,0.005798449291682198,0.0013555792173655986,0.010473704481147882,-0.0004319617312517326,0.00564931906009152,-0.0017875409486173312,-0.004824385421056362,RIGHT,0.04,0.24666666666666667,0.7133333333333334,6,0.05333333333333334,0.03,0.13,0.05,0.09666666666666666,0.64,Yaniv-LRJ(6)-4:7.csv_to_Ben-LRJ(1-6)-4:9.csv,RandomForest,False
lrj,Ben,Ben LRJ,Ben-LRJ(1-6)-4:9.csv,/Users/yanivnaggar/Desktop/Spring 2026/IS/OPENBCI_runs/Ben/Ben-LRJ(1-6)-4:9.csv,ben,RIGHT,4,4,True,0,left_right,2,2->2,10,4,Ben::Ben-LRJ(1-6)-4:9.csv::trial_10,31772,33359,127.088,133.436,6.348,2,sliding,31897,32146,127.588,128.584,1.0,1.0,0.5,,-0.025926687333217045,0.25136318592686485,0.2526967438559073,1.1384209432040948,0.06318345123930363,0.06385564435537802,0.006669318880733098,0.021963160477099574,-0.020196839348142988,0.25581051986808206,0.25660657512003293,1.2259206125203819,0.0654390220751784,0.06584693439483309,0.0075389680387434425,0.021107999896135606,0.013642427962974822,0.24528674451122912,0.24566583578845866,1.1195891266541955,0.06016558703291698,0.06035170287364193,0.008087491306124373,0.010795717827827664,-0.018405336794565443,0.2520454353067309,0.25271655640555263,1.0911058918347898,0.06352690145895948,0.06386565788148085,0.00864061542339167,0.013468365093202785,-0.0008696491580103445,0.0008551605809639685,-0.0014181724253912748,0.01116744264927191,-0.0019712965426585717,0.008494795383896789,-0.0005485232673809303,0.010312282068307942,-0.0011016473846482272,0.00763963480293282,-0.0005531241172672969,-0.0026726472653751214,RIGHT,0.05,0.21333333333333335,0.7366666666666667,6,0.016666666666666666,0.03333333333333333,0.05333333333333334,0.03,0.10333333333333333,0.7633333333333333,Yaniv-LRJ(6)-4:7.csv_to_Ben-LRJ(1-6)-4:9.csv,RandomForest,False
lrj,Ben,Ben LRJ,Ben-LRJ(1-6)-4:9.csv,/Users/yanivnaggar/Desktop/Spring 2026/IS/OPENBCI_runs/Ben/Ben-LRJ(1-6)-4:9.csv,ben,RIGHT,4,4,True,0,left_right,2,2->2,10,4,Ben::Ben-LRJ(1-6)-4:9.csv::trial_10,31772,33359,127.088,133.436,6.348,3,sliding,32022,32271,128.088,129.084,1.0,1.0,0.5,,-0.03660068348775383,0.22144862945498867,0.22445290267506815,1.2286963299773754,0.049039495487492875,0.05037910551926362,0.004763938107253724,0.025308775249135634,0.0008446266472622792,0.21368968500961552,0.21369135423241148,1.1105687432274023,0.0456632814795087,0.045663994873681966,0.01053668628523331,0.020401915280722122,-0.04637609931250458,0.3003077072932394,0.30386750673141283,1.2577422786267898,0.09018471905972195,0.09233546164716523,0.005997173766955388,0.018209651899702833,-0.045550112214136226,0.28978611482967087,0.29334417510970895,1.383242250812888,0.08397599234807518,0.08605080507079559,0.010368349945724355,0.016842254314089734,-0.005772748177979585,0.004906859968413512,-0.001233235659701664,0.007099123349432801,-0.005604411838470632,0.0084665209350459,0.004539512518277921,0.002192263381019289,0.00016833633950895377,0.003559660966632388,-0.0043711761787689676,0.001367397585613099,RIGHT,0.023333333333333334,0.35,0.6266666666666667,6,0.04666666666666667,0.10333333333333333,0.1,0.07,0.30666666666666664,0.37333333333333335,Yaniv-LRJ(6)-4:7.csv_to_Ben-LRJ(1-6)-4:9.csv,RandomForest,False
lrj,Ben,Ben LRJ,Ben-LRJ(1-6)-4:9.csv,/Users/yanivnaggar/Desktop/Spring 2026/IS/OPENBCI_runs/Ben/Ben-LRJ(1-6)-4:9.csv,ben,RIGHT,4,4,True,0,left_right,2,2->2,10,4,Ben::Ben-LRJ(1-6)-4:9.csv::trial_10,31772,33359,127.088,133.436,6.348,4,sliding,32147,32396,128.588,129.584,1.0,1.0,0.5,,0.0200484811007302,0.2687549325644454,0.2695016797204906,1.311548155286081,0.07222921377771957,0.07263115537216591,0.006604188665927814,0.0192166249914226,0.0053231262068744,0.24177579957994522,0.24183439154747233,1.3645553656087177,0.05845553726252183,0.05848387293513615,0.005288893910132423,0.02163221968157892,0.018593910917858454,0.25751821363256827,0.2581886207324605,1.2577422786267898,0.06631563035250906,0.06666136387573034,0.010043530838342453,0.010799090728511986,0.0245368931769925,0.29227629080554784,0.2933044310845445,1.4653465744039396,0.08542543016704918,0.08602748929382831,0.0030460994446670567,0.016699849899401244,0.0013152947557953914,-0.002415594690156321,-0.0034393421724146387,0.008417534262910613,0.0035580892212607575,0.0025167750920213547,-0.00475463692821003,0.010833128953066934,0.002242794465465366,0.004932369782177676,0.006997431393675396,-0.005900759170889258,RIGHT,0.02,0.3333333333333333,0.6466666666666666,6,0.03,0.04666666666666667,0.08333333333333333,0.07666666666666666,0.14,0.6233333333333333,Yaniv-LRJ(6)-4:7.csv_to_Ben-LRJ(1-6)-4:9.csv,RandomForest,False
lrj,Ben,Ben LRJ,Ben-LRJ(1-6)-4:9.csv,/Users/yanivnaggar/Desktop/Spring 2026/IS/OPENBCI_runs/Ben/Ben-LRJ(1-6)-4:9.csv,ben,RIGHT,4,4,True,0,left_right,2,2->2,10,4,Ben::Ben-LRJ(1-6)-4:9.csv::trial_10,31772,33359,127.088,133.436,6.348,5,sliding,32272,32521,129.088,130.084,1.0,1.0,0.5,,0.019457221464058896,0.28395256978954475,0.28461842062169435,1.461930574748512,0.08062906189008628,0.08100764535718773,0.011715464264366999,0.017866447877815664,0.00679398479372259,0.26314062154256646,0.26322831332359664,1.3645553656087177,0.0692429867058082,0.06928914493518555,0.006875962852466253,0.018468598430750244,0.033021179054770575,0.17014953242404554,0.1733241519531786,0.8254233239283252,0.02895086338412133,0.03004126165028855,0.0042121869688416195,0.012140699963239163,0.0009880266856105847,0.28860800676620163,0.2886096979768548,1.3705035989890404,0.08329458156955988,0.08329555776629137,0.004874272120494173,0.014654178653800233,0.004839501411900746,-0.0006021505529345793,0.007503277295525379,0.005725747914576501,0.006841192143872826,0.0032122692240154314,0.0026637758836246337,0.00632789846751108,0.0020016907319720806,0.0038144197769500107,-0.0006620851516525531,-0.0025134786905610697,RIGHT,0.013333333333333334,0.42333333333333334,0.5633333333333334,6,0.016666666666666666,0.05333333333333334,0.11666666666666667,0.06666666666666667,0.14333333333333334,0.6033333333333334,Yaniv-LRJ(6)-4:7.csv_to_Ben-LRJ(1-6)-4:9.csv,RandomForest,False
lrj,Ben,Ben LRJ,Ben-LRJ(1-6)-4:9.csv,/Users/yanivnaggar/Desktop/Spring 2026/IS/OPENBCI_runs/Ben/Ben-LRJ(1-6)-4:9.csv,ben,RIGHT,4,4,True,0,left_right,2,2->2,10,4,Ben::Ben-LRJ(1-6)-4:9.csv::trial_10,31772,33359,127.088,133.436,6.348,6,sliding,32397,32646,129.588,130.584,1.0,1.0,0.5,,-0.03199024129568193,0.2733755712058662,0.27524094620947953,1.442965076716645,0.07473420293213363,0.07575757847028959,0.013220978282439351,0.028035821177090785,-0.011550147800971626,0.23865466843348368,0.2389340006765892,1.313323448318255,0.056956050765096036,0.05708945667932033,0.004005214568645358,0.026939241538785085,-0.03530141824878115,0.27819974706639966,0.2804305429124726,1.519070088485128,0.07739509926780876,0.07864128939818414,0.00860674160986157,0.014411595350572456,-0.02959981093097026,0.2666300508796547,0.26826802425789853,1.2363236915149027,0.07109158403208725,0.07196773283923642,0.0076416890459959615,0.0203743545198032,0.009215763713793993,0.0010965796383057003,0.004614236672577781,0.01362422582651833,0.0055792892364433895,0.007661466657287584,-0.004601527041216212,0.01252764618821263,-0.0036364744773506033,0.006564887018981884,0.0009650525638656088,-0.0059627591692307455,RIGHT,0.04666666666666667,0.38666666666666666,0.5666666666666667,6,0.06333333333333334,0.043333333333333335,0.14333333333333334,0.05,0.17333333333333334,0.5266666666666666,Yaniv-LRJ(6)-4:7.csv_to_Ben-LRJ(1-6)-4:9.csv,RandomForest,False
lrj,Ben,Ben LRJ,Ben-LRJ(1-6)-4:9.csv,/Users/yanivnaggar/Desktop/Spring 2026/IS/OPENBCI_runs/Ben/Ben-LRJ(1-6)-4:9.csv,ben,RIGHT,4,4,True,0,left_right,2,2->2,10,4,Ben::Ben-LRJ(1-6)-4:9.csv::trial_10,31772,33359,127.088,133.436,6.348,7,sliding,32522,32771,130.088,131.084,1.0,1.0,0.5,,0.010560910465922259,0.28468683633223174,0.2848826558615391,1.334211714939792,0.0810465947808549,0.0811581276107241,0.007498815382059449,0.020843786796652188,-0.025579700246250885,0.262279058814872,0.26352348236448137,1.4404084548009308,0.06879030469281508,0.06944462575750313,0.006188985787924763,0.020366814440361654,0.008302200087451396,0.3547440016670072,0.3548411380392833,1.698277257326981,0.12584330671872163,0.1259122332450137,0.01048402540576035,0.004157111751658296,0.001695971461736999,0.27490708106513784,0.2749123124542684,1.2681720868905253,0.07557390321975425,0.07557677953895328,0.009071073520470744,0.020306627773045295,0.001309829594134686,0.0004769723562905344,-0.002985210023700901,0.016686675044993892,-0.0015722581384112946,0.0005371590236068931,-0.004295039617835587,0.016209702688703358,-0.0028820877325459807,6.018666731635869e-05,0.0014129518852896063,-0.016149516021387,RIGHT,0.04,0.33666666666666667,0.6233333333333333,6,0.08,0.056666666666666664,0.29333333333333333,0.05333333333333334,0.19333333333333333,0.3233333333333333,Yaniv-LRJ(6)-4:7.csv_to_Ben-LRJ(1-6)-4:9.csv,RandomForest,False
lrj,Ben,Ben LRJ,Ben-LRJ(1-6)-4:9.csv,/Users/yanivnaggar/Desktop/Spring 2026/IS/OPENBCI_runs/Ben/Ben-LRJ(1-6)-4:9.csv,ben,RIGHT,4,4,True,0,left_right,2,2->2,10,4,Ben::Ben-LRJ(1-6)-4:9.csv::trial_10,31772,33359,127.088,133.436,6.348,8,sliding,32647,32896,130.588,131.584,1.0,1.0,0.5,,0.015976275350367844,0.27625497198970295,0.27671655339553203,1.1871174000976938,0.07631680954903156,0.07657205092310232,0.025144607759573584,0.020920362171783197,0.02232951138994185,0.2788336674399553,0.2797263326484104,1.5848643986020046,0.07774821409801558,0.07824682117692915,0.01161598497707121,0.027983648432887847,0.03844525247914864,0.33748772818047884,0.33967043455474055,1.6793527965175656,0.11389796667242078,0.11537600411060628,0.017999948955264508,0.010609041511128698,0.023205887448391062,0.2894693468310019,0.29039803023959077,1.3778582116600933,0.08379250275476685,0.08433101596703427,0.0076056934911684256,0.020571129146999965,0.013528622782502374,-0.00706328626110465,0.007144658804309076,0.010311320660654499,0.01753891426840516,0.0003492330247832319,-0.006383963978193298,0.01737460692175915,0.004010291485902784,0.007412519285887882,0.010394255464096083,-0.009962087635871267,LEFT,0.04,0.49666666666666665,0.4633333333333333,6,0.12666666666666668,0.08333333333333333,0.23666666666666666,0.07333333333333333,0.16333333333333333,0.31666666666666665,Yaniv-LRJ(6)-4:7.csv_to_Ben-LRJ(1-6)-4:9.csv,RandomForest,False
lrj,Ben,Ben LRJ,Ben-LRJ(1-6)-4:9.csv,/Users/yanivnaggar/Desktop/Spring 2026/IS/OPENBCI_runs/Ben/Ben-LRJ(1-6)-4:9.csv,ben,RIGHT,4,4,True,0,left_right,2,2->2,10,4,Ben::Ben-LRJ(1-6)-4:9.csv::trial_10,31772,33359,127.088,133.436,6.348,9,sliding,32772,33021,131.088,132.084,1.0,1.0,0.5,,0.004265396472679086,0.2395965433868381,0.2396345075526272,1.2670088806863344,0.057406503602921,0.05742469720999014,0.010169327799142086,0.010652784286778466,0.03685271048428629,0.2733119785355779,0.27578535109949337,1.4236103987517752,0.07469943761103222,0.07605755988107082,0.010662243046559581,0.014017528698190767,-0.03278611009222985,0.2866466541855027,0.288515568679964,1.2692927722065912,0.0821663043557432,0.08324123337072302,0.015594207859896476,0.005410753840747334,-0.0003729448031601592,0.3540997955891509,0.35409999198546255,1.5827817368963042,0.12538666523627845,0.12538680432410465,0.03790712832020567,0.020785027019519245,-0.0004929152474174945,-0.003364744411412301,-0.005424880060754389,0.005242030446031132,-0.027737800521063588,-0.01013224273274078,-0.004931964813336895,0.008606774857443433,-0.027244885273646092,-0.006767498321328478,-0.022312920460309197,-0.015374273178771911,RIGHT,0.0,0.4633333333333333,0.5366666666666666,6,0.14666666666666667,0.06666666666666667,0.016666666666666666,0.16333333333333333,0.12666666666666668,0.48,Yaniv-LRJ(6)-4:7.csv_to_Ben-LRJ(1-6)-4:9.csv,RandomForest,False
lrj,Ben,Ben LRJ,Ben-LRJ(1-6)-4:9.csv,/Users/yanivnaggar/Desktop/Spring 2026/IS/OPENBCI_runs/Ben/Ben-LRJ(1-6)-4:9.csv,ben,RIGHT,4,4,True,0,left_right,2,2->2,10,4,Ben::Ben-LRJ(1-6)-4:9.csv::trial_10,31772,33359,127.088,133.436,6.348,10,sliding,32897,33146,131.588,132.584,1.0,1.0,0.5,,0.008078262743062732,0.2946009332766786,0.2947116696305662,1.553519734315452,0.08678970988749003,0.086854968216436,0.03728819696467424,0.03301997494375427,-0.008542603390362204,0.34936908837532565,0.3494735125655321,1.7779250320173494,0.12205875991220612,0.12213173598489115,0.10493433786049122,0.03650864967226959,-0.018073100016090304,0.3662243473216531,0.36667002811160115,1.8540975225696799,0.1341202725711708,0.1344469095153624,0.05549209965459373,0.019214315061035204,-0.00538287615755722,0.533766794461014,0.5337939361072904,2.454733149003908,0.2849069908691864,0.2849359662249141,0.2612404420275653,0.02742070494254203,-0.06764614089581698,-0.0034886747285153216,-0.01820390268991949,0.013805659882719066,-0.22395224506289108,0.005599270001212239,0.04944223820589749,0.017294334611234388,-0.15630610416707408,0.00908794472972756,-0.20574834237297157,-0.008206389881506827,LEFT,0.17333333333333334,0.64,0.18666666666666668,6,0.04666666666666667,0.11666666666666667,0.05,0.26,0.24666666666666667,0.28,Yaniv-LRJ(6)-4:7.csv_to_Ben-LRJ(1-6)-4:9.csv,RandomForest,False
lrj,Ben,Ben LRJ,Ben-LRJ(1-6)-4:9.csv,/Users/yanivnaggar/Desktop/Spring 2026/IS/OPENBCI_runs/Ben/Ben-LRJ(1-6)-4:9.csv,ben,RIGHT,4,4,True,0,left_right,2,2->2,10,4,Ben::Ben-LRJ(1-6)-4:9.csv::trial_10,31772,33359,127.088,133.436,6.348,11,sliding,33022,33271,132.088,133.084,1.0,1.0,0.5,,-0.019231897531587883,0.34179244152713534,0.3423330819067093,1.5535833991649985,0.11682207308508025,0.11719193896774574,0.051907058627447544,0.021181226061560757,-0.012778559883037204,0.3734830598523419,0.37370160233714866,1.7779250320173494,0.13948959599666802,0.13965288758935238,0.052358647877704924,0.038782921039523355,0.061175134597331066,0.4840392853529477,0.4878897691671695,2.026820539721705,0.23429402976499233,0.23803642685799392,0.2132414207465581,0.009994786301199286,0.03794055226584608,0.5912149930171133,0.5924311381708954,2.5622875720495504,0.3495351679682253,0.35097465347446266,0.30504071460404597,0.028651932967851294,-0.00045158925025737956,-0.017601694977962597,-0.16133436211911056,0.011186439760361471,-0.2531336559765984,-0.007470706906290536,-0.1608827728688532,0.02878813473832407,-0.252682066726341,0.010130988071672061,-0.09179929385748786,-0.018657146666652007,LEFT,0.22333333333333333,0.6233333333333333,0.15333333333333332,4,0.04,0.02,0.023333333333333334,0.3566666666666667,0.21333333333333335,0.3466666666666667,Yaniv-LRJ(6)-4:7.csv_to_Ben-LRJ(1-6)-4:9.csv,RandomForest,False
lrj,Ben,Ben LRJ,Ben-LRJ(1-6)-4:9.csv,/Users/yanivnaggar/Desktop/Spring 2026/IS/OPENBCI_runs/Ben/Ben-LRJ(1-6)-4:9.csv,ben,RIGHT,5,5,True,0,left_right,2,2->2,11,5,Ben::Ben-LRJ(1-6)-4:9.csv::trial_11,34237,35788,136.948,143.152,6.204,1,sliding,34237,34486,136.948,137.944,1.0,1.0,0.5,,-0.000372079936810497,0.2550716010549858,0.25507187243644325,1.2690083706827289,0.06506152166475383,0.06506166010823318,0.019397618431702027,0.010604997830116699,0.006536632962365204,0.26950701355684437,0.269586271769936,1.4940441854137536,0.07263403035632911,0.07267675792681379,0.009588317735249752,0.017358976424245224,-0.017614292557057182,0.4218895678023658,0.42225711447263103,1.7871260900208594,0.17799080742046702,0.1783010707227526,0.01489764571690351,0.01889931762805894,-0.02008341305797922,0.34000989950599436,0.3406025179621163,1.5681528049060554,0.11560673176207638,0.11601007524213376,0.02842339833114748,0.019186377641859553,0.009809300696452274,-0.006753978594128525,0.004499972714798517,-0.008294319797942241,-0.009025779899445453,-0.008581379811742854,-0.005309327981653757,-0.0015403412038137165,-0.018835080595897728,-0.0018274012176143287,-0.01352575261424397,-0.00028706001380061213,LEFT,0.0,0.5866666666666667,0.41333333333333333,5,0.04666666666666667,0.07666666666666666,0.05,0.24333333333333335,0.3433333333333333,0.24,Yaniv-LRJ(6)-4:7.csv_to_Ben-LRJ(1-6)-4:9.csv,RandomForest,False
lrj,Ben,Ben LRJ,Ben-LRJ(1-6)-4:9.csv,/Users/yanivnaggar/Desktop/Spring 2026/IS/OPENBCI_runs/Ben/Ben-LRJ(1-6)-4:9.csv,ben,RIGHT,5,5,True,0,left_right,2,2->2,11,5,Ben::Ben-LRJ(1-6)-4:9.csv::trial_11,34237,35788,136.948,143.152,6.204,2,sliding,34362,34611,137.448,138.444,1.0,1.0,0.5,,0.028070079804394625,0.25299377705340464,0.2545462248943655,1.408491719260737,0.06400585122774782,0.0647937806079729,0.02067827425023026,0.011433016037234359,-0.0014573194752749785,0.24674064956229705,0.24674495319353,1.3053108341984607,0.06088094814642428,0.0608830719264773,0.02434180653873052,0.013880422793637407,-0.02189658027984421,0.5300759221626006,0.5305279855808579,2.6833206731903925,0.2809804832565314,0.281459943484483,0.09332745654832997,0.008567991308865815,-0.006543351375735999,0.3731467522886387,0.3732041186680353,1.7815573546565782,0.1392384987435587,0.139281314190785,0.1485593730468336,0.03441052617093823,-0.003663532288500259,-0.0024474067564030488,-0.0726491822980997,0.0028650247283685433,-0.12788109879660334,-0.022977510133703874,-0.06898565000959944,0.005312431484771592,-0.12421756650810306,-0.020530103377300823,-0.05523191649850362,-0.025842534862072417,LEFT,0.0,0.6,0.4,6,0.06666666666666667,0.04,0.02,0.24333333333333335,0.24,0.39,Yaniv-LRJ(6)-4:7.csv_to_Ben-LRJ(1-6)-4:9.csv,RandomForest,False
lrj,Ben,Ben LRJ,Ben-LRJ(1-6)-4:9.csv,/Users/yanivnaggar/Desktop/Spring 2026/IS/OPENBCI_runs/Ben/Ben-LRJ(1-6)-4:9.csv,ben,RIGHT,5,5,True,0,left_right,2,2->2,11,5,Ben::Ben-LRJ(1-6)-4:9.csv::trial_11,34237,35788,136.948,143.152,6.204,3,sliding,34487,34736,137.948,138.944,1.0,1.0,0.5,,-0.04241240982449014,0.26266745862582114,0.26606955167412144,1.319994635251457,0.06899419382094746,0.07079300632806798,0.01508893941887215,0.013037583605901334,-0.04042501690630275,0.2739987341336917,0.2769647780833157,1.395145440621087,0.07507530630686546,0.07670948829874033,0.014323950112869497,0.012908117399135229,0.057505370782212864,0.47813235839058316,0.48157805162708656,2.6833206731903925,0.22861055214014106,0.23191741980894084,0.037736534534692834,0.011250945459239997,0.005798450508155375,0.3110502819006776,0.31110432317598313,1.7327939992654773,0.09675227787049102,0.09678589989878657,0.02347721080332327,0.011530321835793802,0.0007649893060026527,0.00012946620676610593,-0.022647595115820686,0.0017866381466613377,-0.008388271384451121,0.0015072617701075326,-0.023412584421823337,0.0016571719398952318,-0.009153260690453774,0.0013777955633414267,0.014259323731369563,-0.0002793763765538051,RIGHT,0.0,0.31666666666666665,0.6833333333333333,5,0.016666666666666666,0.05333333333333334,0.07666666666666666,0.21333333333333335,0.36666666666666664,0.2733333333333333,Yaniv-LRJ(6)-4:7.csv_to_Ben-LRJ(1-6)-4:9.csv,RandomForest,True
lrj,Ben,Ben LRJ,Ben-LRJ(1-6)-4:9.csv,/Users/yanivnaggar/Desktop/Spring 2026/IS/OPENBCI_runs/Ben/Ben-LRJ(1-6)-4:9.csv,ben,RIGHT,5,5,True,0,left_right,2,2->2,11,5,Ben::Ben-LRJ(1-6)-4:9.csv::trial_11,34237,35788,136.948,143.152,6.204,4,sliding,34612,34861,138.448,139.444,1.0,1.0,0.5,,0.013794863736471904,0.2609222806875405,0.2612866908678961,1.3289104525918825,0.06808043655918766,0.06827073482469548,0.012582082755217215,0.03689964751377008,0.03227637551192893,0.28217796522373856,0.2840179016787435,1.4132506944965617,0.07962440405780939,0.08066616847399642,0.014350702268067964,0.03281162056411453,-0.021640997782009924,0.38364771407361636,0.38425759758124783,1.72343041226807,0.1471855685139113,0.1476539012989122,0.07161161395093923,0.008875634931397262,0.01739465325589721,0.25403788315370246,0.25463271596381143,1.346127136811062,0.06453524607721418,0.06483782003910707,0.040785638474601885,0.020432440920027956,-0.0017686195128507488,0.00408802694965555,-0.05902953119572202,0.02802401258237282,-0.028203555719384668,0.016467206593742127,-0.05726091168287127,0.02393598563271727,-0.02643493620653392,0.012379179644086576,0.03082597547633735,-0.011556805988630695,LEFT,0.05,0.5466666666666666,0.4033333333333333,6,0.11,0.04666666666666667,0.08666666666666667,0.17333333333333334,0.25333333333333335,0.33,Yaniv-LRJ(6)-4:7.csv_to_Ben-LRJ(1-6)-4:9.csv,RandomForest,False
lrj,Ben,Ben LRJ,Ben-LRJ(1-6)-4:9.csv,/Users/yanivnaggar/Desktop/Spring 2026/IS/OPENBCI_runs/Ben/Ben-LRJ(1-6)-4:9.csv,ben,RIGHT,5,5,True,0,left_right,2,2->2,11,5,Ben::Ben-LRJ(1-6)-4:9.csv::trial_11,34237,35788,136.948,143.152,6.204,5,sliding,34737,34986,138.948,139.944,1.0,1.0,0.5,,0.040442661868168105,0.32027464749008583,0.322817996282552,1.7105297448925565,0.10257584982489874,0.10421145872388173,0.031179442532620477,0.03198325088358901,0.0255409576552958,0.32053471468563843,0.32155068626353955,1.428360369152038,0.10274250331860364,0.10339484383655326,0.04664442973927497,0.03491768625580062,-0.03499638775710253,0.4150747887545388,0.41654750919393396,2.0292161801602986,0.172287080259625,0.1735118274156705,0.03708871068218685,0.01697036171233592,0.0019222469459347043,0.32754745358422177,0.3275530939906217,1.5321444169065783,0.1072873343495079,0.10729102938282907,0.05808893012961536,0.013410507580152399,-0.015464987206654492,-0.002934435372211608,-0.005909268149566375,0.015012889171253093,-0.02690948759699488,0.018572743303436612,0.009555719057088116,0.0179473245434647,-0.011444500390340388,0.02150717867564822,-0.021000219447428504,0.0035598541321835205,LEFT,0.05,0.6066666666666667,0.3433333333333333,4,0.016666666666666666,0.09,0.10333333333333333,0.34,0.25,0.2,Yaniv-LRJ(6)-4:7.csv_to_Ben-LRJ(1-6)-4:9.csv,RandomForest,False
lrj,Ben,Ben LRJ,Ben-LRJ(1-6)-4:9.csv,/Users/yanivnaggar/Desktop/Spring 2026/IS/OPENBCI_runs/Ben/Ben-LRJ(1-6)-4:9.csv,ben,RIGHT,5,5,True,0,left_right,2,2->2,11,5,Ben::Ben-LRJ(1-6)-4:9.csv::trial_11,34237,35788,136.948,143.152,6.204,6,sliding,34862,35111,139.448,140.444,1.0,1.0,0.5,,-0.05050599002385906,0.3310971952738787,0.3349271678238705,1.7105297448925565,0.10962535271822899,0.11217620774651911,0.024380834741625963,0.022200599531438894,-0.026045646398445848,0.3556542485977299,0.3566066744214538,1.8211493209043628,0.12648994454561588,0.12716832024192873,0.027379541701946182,0.030550148672194077,0.049845234824802895,0.4418236244450833,0.44462643033509575,2.128020268711496,0.19520811511779,0.19769266255252974,0.0320475484001667,0.006554271923443052,-0.017690012476318514,0.35753371973001136,0.35797108442636905,1.6164660439424279,0.12783036074397833,0.12814329728539064,0.0543635100333298,0.014909592692906112,-0.0029987069603202195,-0.008349549140755183,-0.007666713658540738,0.015646327607995843,-0.02998267529170384,0.007291006838532782,-0.0046680066982205184,0.023995876748751026,-0.02698396833138362,0.015640555979287964,-0.0223159616331631,-0.00835532076946306,LEFT,0.04666666666666667,0.5966666666666667,0.3566666666666667,4,0.05333333333333334,0.056666666666666664,0.10333333333333333,0.31666666666666665,0.25,0.22,Yaniv-LRJ(6)-4:7.csv_to_Ben-LRJ(1-6)-4:9.csv,RandomForest,False
lrj,Ben,Ben LRJ,Ben-LRJ(1-6)-4:9.csv,/Users/yanivnaggar/Desktop/Spring 2026/IS/OPENBCI_runs/Ben/Ben-LRJ(1-6)-4:9.csv,ben,RIGHT,5,5,True,0,left_right,2,2->2,11,5,Ben::Ben-LRJ(1-6)-4:9.csv::trial_11,34237,35788,136.948,143.152,6.204,7,sliding,34987,35236,139.948,140.944,1.0,1.0,0.5,,0.004905361140438131,0.2683954365774111,0.2684402595429703,1.3555330836787118,0.07203611037557911,0.07206017294349724,0.027690609368149384,0.023938962087987334,0.023890525280959807,0.3442989373119142,0.34512681065416173,1.8211493209043628,0.11854175823411343,0.11911251543231362,0.07117498034909629,0.029788915091582043,-0.04992070925539909,0.4048427174708976,0.40790893971790215,1.8447961970673106,0.16389762588922105,0.16638970310178314,0.06405956995929105,0.010591720302418076,0.008102476800022643,0.3112506273096533,0.311356071292897,1.6537494669372088,0.09687695300065269,0.09694260313094757,0.07550451380480458,0.024160955564010853,-0.04348437098094691,-0.005849953003594709,-0.03636896059114166,0.013347241785569258,-0.047813904436655195,-0.0002219934760235194,0.007115410389805246,0.019197194789163968,-0.004329533455708287,0.00562795952757119,-0.011444943845513533,-0.013569235261592778,LEFT,0.04,0.6466666666666666,0.31333333333333335,4,0.09,0.06,0.04666666666666667,0.31333333333333335,0.19666666666666666,0.29333333333333333,Yaniv-LRJ(6)-4:7.csv_to_Ben-LRJ(1-6)-4:9.csv,RandomForest,False
lrj,Ben,Ben LRJ,Ben-LRJ(1-6)-4:9.csv,/Users/yanivnaggar/Desktop/Spring 2026/IS/OPENBCI_runs/Ben/Ben-LRJ(1-6)-4:9.csv,ben,RIGHT,5,5,True,0,left_right,2,2->2,11,5,Ben::Ben-LRJ(1-6)-4:9.csv::trial_11,34237,35788,136.948,143.152,6.204,8,sliding,35112,35361,140.448,141.444,1.0,1.0,0.5,,0.06209435205676507,0.2670392976076403,0.27416362819333157,1.351497351782057,0.07130998646678187,0.07516569502413135,0.012465728063066082,0.022910112412317107,0.012704777795650572,0.31891204580188715,0.31916501114060397,1.5688068655870653,0.10170489295754498,0.10186630433638184,0.007308144540513184,0.028374569732616227,-0.018175878110180642,0.38957151799006984,0.3899952950667014,1.5973263600947316,0.1517659676290873,0.15209633017416346,0.027001570548094038,0.01587303051492822,0.02550088184324395,0.28643370746809704,0.2875666248866556,1.6150469470771682,0.0820442687739194,0.08269456374870247,0.014164313979579589,0.025496542482505793,0.005157583522552899,-0.0054644573202991195,-0.014535842485027956,0.007037081897388886,-0.0016985859165135064,-0.0025864300701886854,-0.019693426007580853,0.012501539217688006,-0.006856169439066405,0.002878027250110434,0.012837256568514449,-0.009623511967577571,LEFT,0.013333333333333334,0.5133333333333333,0.47333333333333333,6,0.07666666666666666,0.04666666666666667,0.14666666666666667,0.13,0.23,0.37,Yaniv-LRJ(6)-4:7.csv_to_Ben-LRJ(1-6)-4:9.csv,RandomForest,False
lrj,Ben,Ben LRJ,Ben-LRJ(1-6)-4:9.csv,/Users/yanivnaggar/Desktop/Spring 2026/IS/OPENBCI_runs/Ben/Ben-LRJ(1-6)-4:9.csv,ben,RIGHT,5,5,True,0,left_right,2,2->2,11,5,Ben::Ben-LRJ(1-6)-4:9.csv::trial_11,34237,35788,136.948,143.152,6.204,9,sliding,35237,35486,140.948,141.944,1.0,1.0,0.5,,-0.023673375285369766,0.2806817097653454,0.28167827550984387,1.4231836696157552,0.07878222219679759,0.07934265089419952,0.019816275313141656,0.014353935353465297,-0.026447315240295442,0.3233127779984394,0.32439268317964215,1.5397786609581021,0.10453115241706815,0.1052306129004877,0.051142268088992276,0.019210229615657073,0.036216065195337495,0.3957601844424318,0.3974137981602307,1.8798312897435097,0.1566261235899076,0.15793772696814057,0.0517647799535576,0.008343778038235612,-0.005515644523064193,0.39384326754807386,0.3938818880418957,2.15726682837015,0.15511251939294368,0.15514294172744847,0.0990581480826421,0.026249103553251166,-0.03132599277585062,-0.004856294262191776,-0.031948504640415945,0.006010157315229685,-0.07924187276950044,-0.01189516819978587,-0.0006225118645653213,0.01086645157742146,-0.047915879993649824,-0.007038873937594094,-0.0472933681290845,-0.017905325515015554,LEFT,0.0,0.7966666666666666,0.20333333333333334,6,0.056666666666666664,0.02666666666666667,0.03666666666666667,0.2966666666666667,0.12,0.4633333333333333,Yaniv-LRJ(6)-4:7.csv_to_Ben-LRJ(1-6)-4:9.csv,RandomForest,False
lrj,Ben,Ben LRJ,Ben-LRJ(1-6)-4:9.csv,/Users/yanivnaggar/Desktop/Spring 2026/IS/OPENBCI_runs/Ben/Ben-LRJ(1-6)-4:9.csv,ben,RIGHT,5,5,True,0,left_right,2,2->2,11,5,Ben::Ben-LRJ(1-6)-4:9.csv::trial_11,34237,35788,136.948,143.152,6.204,10,sliding,35362,35611,141.448,142.444,1.0,1.0,0.5,,-0.008784140541212081,0.2677054523644955,0.2678495293083917,1.4872124380808915,0.07166620922567918,0.07174337035072696,0.0063386492887482215,0.019432264110423175,-0.00188956967851564,0.32671701827494215,0.3267224823975829,1.5127816134624372,0.10674401003046889,0.10674758050403886,0.022419571750932843,0.036222394290850474,-0.023513200814819304,0.36250763857710117,0.36326940228885807,1.7596878361849377,0.1314117880267462,0.1319646586393042,0.03017836637735353,0.012786669540417019,-0.023058692881172786,0.390941769287477,0.3916212076624696,2.15726682837015,0.15283546697362288,0.15336717029101116,0.06432544897091279,0.014230180670655575,-0.01608092246218462,-0.0167901301804273,-0.023839717088605307,0.006645594570006156,-0.057986799682164566,0.0052020834397676005,-0.007758794626420686,0.023435724750433456,-0.041905877219979945,0.0219922136201949,-0.03414708259355926,-0.0014435111302385558,LEFT,0.013333333333333334,0.6566666666666666,0.33,4,0.08333333333333333,0.06333333333333334,0.07,0.3,0.24,0.24333333333333335,Yaniv-LRJ(6)-4:7.csv_to_Ben-LRJ(1-6)-4:9.csv,RandomForest,False
lrj,Ben,Ben LRJ,Ben-LRJ(1-6)-4:9.csv,/Users/yanivnaggar/Desktop/Spring 2026/IS/OPENBCI_runs/Ben/Ben-LRJ(1-6)-4:9.csv,ben,RIGHT,5,5,True,0,left_right,2,2->2,11,5,Ben::Ben-LRJ(1-6)-4:9.csv::trial_11,34237,35788,136.948,143.152,6.204,11,sliding,35487,35736,141.948,142.944,1.0,1.0,0.5,,0.005466960111251499,0.28274478382351564,0.28279763158885296,1.80454485553757,0.07994461277940659,0.07997450043226462,0.0317204039921853,0.018872448400826018,-0.011762851578476514,0.30579891323434816,0.306025064353503,1.488802237280822,0.09351297533530839,0.09365134001256567,0.04272072525555598,0.03137407225352744,0.003671486464707921,0.3533251206241479,0.3533441957595019,1.6519481320024139,0.12483864086406866,0.12485212067692919,0.08326590714302695,0.010963773273190253,-0.0017328149074366931,0.32031336235883634,0.32031804937144365,1.5238044778942184,0.1026006501056232,0.10260365275312662,0.07320110670522234,0.03610720177600798,-0.01100032126337068,-0.01250162385270142,-0.05154550315084165,0.007908675127635765,-0.04148070271303704,-0.01723475337518196,-0.04054518188747097,0.020410298980337187,-0.03048038144966636,-0.004733129522480541,0.01006480043780461,-0.025143428502817727,LEFT,0.02,0.79,0.19,6,0.07,0.03,0.03,0.2866666666666667,0.23333333333333334,0.35,Yaniv-LRJ(6)-4:7.csv_to_Ben-LRJ(1-6)-4:9.csv,RandomForest,False
lrj,Ben,Ben LRJ,Ben-LRJ(1-6)-4:9.csv,/Users/yanivnaggar/Desktop/Spring 2026/IS/OPENBCI_runs/Ben/Ben-LRJ(1-6)-4:9.csv,ben,RIGHT,6,3,False,-3,left_right,2,2->2,12,6,Ben::Ben-LRJ(1-6)-4:9.csv::trial_12,37072,38536,148.288,154.144,5.856,1,sliding,37072,37321,148.288,149.284,1.0,1.0,0.5,observed_count 3 vs expected_count 6,0.029507729301133642,0.3473876890973658,0.34863865624012075,1.7052199923537281,0.12067820653640808,0.12154891262491709,0.01496602270609457,0.014900669013274253,0.03442001409983786,0.3478146602561971,0.3495136267154213,1.701649594560881,0.12097503788913383,0.12215977525976686,0.010759950703933298,0.022403737530812283,0.004524544048426947,0.5522229353339305,0.552241470561265,2.3685564394991125,0.30495017030882243,0.30497064180766853,0.0038801757005873048,0.01171855807908882,-0.01388254096278678,0.5081400001385838,0.5083296024081456,2.677508456201579,0.25820625974084,0.2583989846844234,0.007740584425723089,0.007490303317363972,0.004206072002161273,-0.00750306851753803,0.011085847005507266,0.003182110934185434,0.007225438280371482,0.007410365695910281,0.006879775003345993,0.010685179451723464,0.003019366278210209,0.01491343421344831,-0.003860408725135784,0.004228254761724847,LEFT,0.016666666666666666,0.5866666666666667,0.39666666666666667,5,0.03666666666666667,0.11,0.26,0.18,0.2833333333333333,0.13,Yaniv-LRJ(6)-4:7.csv_to_Ben-LRJ(1-6)-4:9.csv,RandomForest,False
lrj,Ben,Ben LRJ,Ben-LRJ(1-6)-4:9.csv,/Users/yanivnaggar/Desktop/Spring 2026/IS/OPENBCI_runs/Ben/Ben-LRJ(1-6)-4:9.csv,ben,RIGHT,6,3,False,-3,left_right,2,2->2,12,6,Ben::Ben-LRJ(1-6)-4:9.csv::trial_12,37072,38536,148.288,154.144,5.856,2,sliding,37197,37446,148.788,149.784,1.0,1.0,0.5,observed_count 3 vs expected_count 6,-0.027635526725844906,0.25262975048573977,0.25413680010557704,1.1802765232298857,0.06382179083048714,0.06458551316790204,0.007885780739864361,0.02050659476468528,-0.018315963166943013,0.26134000821506104,0.261981057331596,1.2879783997034706,0.06829859989384818,0.06863407440058099,0.009584079942911005,0.013889367699482175,0.03554916624464896,0.32214375666876605,0.32409927982233294,1.4527805603613215,0.10377659996066516,0.10504034318135486,0.0020156867913508508,0.005228339053426076,-0.01409734448753145,0.1986287269147802,0.19912836633033093,1.0150792934667179,0.03945337115578633,0.03965210627738647,0.007106698124636523,0.008461135426695524,-0.001698299203046644,0.006617227065203105,0.005870093948513511,0.015278255711259204,0.0007790826152278378,0.012045459337989756,0.007568393151560155,0.008661028646056099,0.002477381818274482,0.005428232272786651,-0.005091011333285673,-0.003232796373269448,RIGHT,0.07333333333333333,0.21666666666666667,0.71,6,0.11,0.10333333333333333,0.13666666666666666,0.02666666666666667,0.18,0.44333333333333336,Yaniv-LRJ(6)-4:7.csv_to_Ben-LRJ(1-6)-4:9.csv,RandomForest,True
lrj,Ben,Ben LRJ,Ben-LRJ(1-6)-4:9.csv,/Users/yanivnaggar/Desktop/Spring 2026/IS/OPENBCI_runs/Ben/Ben-LRJ(1-6)-4:9.csv,ben,RIGHT,6,3,False,-3,left_right,2,2->2,12,6,Ben::Ben-LRJ(1-6)-4:9.csv::trial_12,37072,38536,148.288,154.144,5.856,3,sliding,37322,37571,149.288,150.284,1.0,1.0,0.5,observed_count 3 vs expected_count 6,0.02087328581390184,0.24687788167219205,0.24775871835238755,1.1869031297522574,0.06094868845894886,0.0613843825196177,0.014468322067341902,0.012069223434262675,0.00662543205815362,0.24490143973520415,0.2449910437839168,1.339783123026177,0.059976715184375834,0.060020611534333045,0.0117252989366768,0.01422416127626051,-0.07862549057063506,0.34526759675084967,0.35410687812238323,1.8936499378124863,0.11920971336610733,0.12539168113358037,0.006954758438692873,0.007851378340800137,0.020064519536140715,0.2003807050339819,0.20138274974319878,1.0416460363160296,0.04015242694991565,0.040555011894131826,0.007422987524736287,0.012088922632019298,0.002743023130665101,-0.002154937841997835,0.007513563628649029,0.004217845093462538,0.007045334542605614,-1.9699197756623335e-05,0.004770540497983928,0.006372782935460373,0.0043023114119405135,0.002135238644241212,-0.0004682290860434143,-0.004237544291219161,RIGHT,0.0,0.20333333333333334,0.7966666666666666,6,0.18333333333333332,0.07666666666666666,0.23333333333333334,0.043333333333333335,0.13,0.3333333333333333,Yaniv-LRJ(6)-4:7.csv_to_Ben-LRJ(1-6)-4:9.csv,RandomForest,True
lrj,Ben,Ben LRJ,Ben-LRJ(1-6)-4:9.csv,/Users/yanivnaggar/Desktop/Spring 2026/IS/OPENBCI_runs/Ben/Ben-LRJ(1-6)-4:9.csv,ben,RIGHT,6,3,False,-3,left_right,2,2->2,12,6,Ben::Ben-LRJ(1-6)-4:9.csv::trial_12,37072,38536,148.288,154.144,5.856,4,sliding,37447,37696,149.788,150.784,1.0,1.0,0.5,observed_count 3 vs expected_count 6,0.028136789676611675,0.30906910952969335,0.31034721425974404,1.7483932972685325,0.09552371446547758,0.09631539339878346,0.008120459553006113,0.040431223415814094,-0.010643622489367548,0.27977153251085446,0.27997392218413536,1.6357978638365234,0.07827211040347211,0.07838539710316828,0.01267464554411787,0.04295134591711233,0.09731085038640618,0.4263063827066758,0.4372716930460698,1.8936499378124863,0.18173713193645075,0.19120653353937628,0.004196905424084103,0.012691656440380193,0.004550117478673879,0.27210838112340924,0.27214642133725053,1.4627423386352423,0.07404297107760255,0.0740636746466723,0.007612723803351059,0.024063177782417417,-0.004554185991111757,-0.0025201225012982387,0.00392355412892201,0.0277395669754339,0.0005077357496550538,0.016368045633396677,0.008477740120033769,0.03025968947673214,0.005061921740766811,0.018888168134694915,-0.0034158183792669565,-0.011371521342037224,RIGHT,0.05,0.3933333333333333,0.5566666666666666,5,0.12,0.16333333333333333,0.22,0.09666666666666666,0.23,0.17,Yaniv-LRJ(6)-4:7.csv_to_Ben-LRJ(1-6)-4:9.csv,RandomForest,False
lrj,Ben,Ben LRJ,Ben-LRJ(1-6)-4:9.csv,/Users/yanivnaggar/Desktop/Spring 2026/IS/OPENBCI_runs/Ben/Ben-LRJ(1-6)-4:9.csv,ben,RIGHT,6,3,False,-3,left_right,2,2->2,12,6,Ben::Ben-LRJ(1-6)-4:9.csv::trial_12,37072,38536,148.288,154.144,5.856,5,sliding,37572,37821,150.288,151.284,1.0,1.0,0.5,observed_count 3 vs expected_count 6,-0.04897071223657935,0.3073688892148455,0.3112455055324106,1.7483932972685325,0.09447563405716797,0.09687376471412583,0.007429963136509004,0.02605211442112829,-0.02665186995604563,0.2698797669353157,0.27119257138279856,1.4839587961640914,0.0728350886010603,0.07354541077321429,0.007096448295750661,0.02149978519645818,-0.030262971815950522,0.41573553708125804,0.41683556020974877,1.8517009341848345,0.1728360367922421,0.1737518842553751,0.009603833559108077,0.01127702311477111,-0.022407606879681772,0.2736086267338976,0.2745246463785786,1.3275624277179736,0.07486168062320928,0.07536378146928363,0.002710690692159399,0.012994635895716271,0.0003335148407583432,0.00455232922467011,-0.0021738704225990725,0.01477509130635718,0.004719272444349605,0.013057478525412019,-0.0025073852633574157,0.01022276208168707,0.004385757603591262,0.008505149300741909,0.0068931428669486774,-0.0017176127809451613,RIGHT,0.05,0.31,0.64,3,0.006666666666666667,0.08,0.4033333333333333,0.09,0.23,0.19,Yaniv-LRJ(6)-4:7.csv_to_Ben-LRJ(1-6)-4:9.csv,RandomForest,False
lrj,Ben,Ben LRJ,Ben-LRJ(1-6)-4:9.csv,/Users/yanivnaggar/Desktop/Spring 2026/IS/OPENBCI_runs/Ben/Ben-LRJ(1-6)-4:9.csv,ben,RIGHT,6,3,False,-3,left_right,2,2->2,12,6,Ben::Ben-LRJ(1-6)-4:9.csv::trial_12,37072,38536,148.288,154.144,5.856,6,sliding,37697,37946,150.788,151.784,1.0,1.0,0.5,observed_count 3 vs expected_count 6,-0.017142306755688317,0.3165759414266985,0.31703972207139375,1.6508267755687729,0.10022032669020044,0.10051418537110658,0.009117544561252657,0.015413794239229756,-0.0031727693257576632,0.25762077755029383,0.2576403141800841,1.1918925359842725,0.06636846502561797,0.06637853149081244,0.01038364257039388,0.013919440955454328,-0.06476105841290548,0.4128591810518706,0.417907523341685,1.6695604876557577,0.17045270337882124,0.174646698065581,0.006453894451239179,0.00666216612539344,0.003047961651997296,0.21425353384491572,0.21427521283449116,1.034705968889555,0.04590457676503444,0.04591386683526649,0.006053590221251952,0.011456412654591247,-0.0012660980091412227,0.0014943532837754271,0.0026636501100134784,0.008751628113836316,0.0030639543400007054,0.003957381584638509,0.003929748119154701,0.007257274830060888,0.004330052349141928,0.0024630283008630818,0.00040030422998722694,-0.0047942465291978065,RIGHT,0.006666666666666667,0.17333333333333334,0.82,3,0.06666666666666667,0.07,0.32666666666666666,0.09,0.17,0.27666666666666667,Yaniv-LRJ(6)-4:7.csv_to_Ben-LRJ(1-6)-4:9.csv,RandomForest,False
lrj,Ben,Ben LRJ,Ben-LRJ(1-6)-4:9.csv,/Users/yanivnaggar/Desktop/Spring 2026/IS/OPENBCI_runs/Ben/Ben-LRJ(1-6)-4:9.csv,ben,RIGHT,6,3,False,-3,left_right,2,2->2,12,6,Ben::Ben-LRJ(1-6)-4:9.csv::trial_12,37072,38536,148.288,154.144,5.856,7,sliding,37822,38071,151.288,152.284,1.0,1.0,0.5,observed_count 3 vs expected_count 6,0.02150397494789844,0.2890694142077882,0.2898681548031685,1.6508267755687729,0.08356112623043384,0.08402354716899367,0.0048021993761636055,0.031275102875921085,0.0004835720088184061,0.23629662411372515,0.23629711891902286,1.210530913889429,0.05583609456754311,0.05583632840943083,0.002345361377868869,0.027018818521585553,0.07606770551267572,0.36753468741757606,0.3753239164736221,1.5867432603661564,0.13508174645513532,0.14086804227709848,0.00403377409228731,0.012217499598243151,0.0027847957639201867,0.19859300455352083,0.1986125286708809,1.034705968889555,0.039439181457594744,0.03944693654504148,0.00763488480357477,0.013947426270016123,0.0024568379982947367,0.004256284354335532,0.0007684252838762954,0.019057603277677936,-0.0028326854274111643,0.017327676605904962,-0.0016884127144184413,0.014801318923342402,-0.005289523425705901,0.01307139225156943,-0.0036011107112874597,-0.001729926671772972,RIGHT,0.05,0.25333333333333335,0.6966666666666667,6,0.08,0.056666666666666664,0.25,0.06333333333333334,0.23333333333333334,0.31666666666666665,Yaniv-LRJ(6)-4:7.csv_to_Ben-LRJ(1-6)-4:9.csv,RandomForest,True
lrj,Ben,Ben LRJ,Ben-LRJ(1-6)-4:9.csv,/Users/yanivnaggar/Desktop/Spring 2026/IS/OPENBCI_runs/Ben/Ben-LRJ(1-6)-4:9.csv,ben,RIGHT,6,3,False,-3,left_right,2,2->2,12,6,Ben::Ben-LRJ(1-6)-4:9.csv::trial_12,37072,38536,148.288,154.144,5.856,8,sliding,37947,38196,151.788,152.784,1.0,1.0,0.5,observed_count 3 vs expected_count 6,-0.016418599683742697,0.22949313466374865,0.23007970200208552,1.2609974368122359,0.05266709885779348,0.05293666927336847,0.005151919597337817,0.019176317129222343,-0.027144031560906955,0.25486704498291624,0.25630842566662404,1.385614113901532,0.06495721061832384,0.06569400906770335,0.005023575290432489,0.015928800614435027,-0.022329714283265377,0.29008061790944845,0.29093879257792293,1.4470945499641328,0.08414676488672741,0.08464538102669968,0.001088966412786477,0.009281487568527669,-0.030759913209053087,0.2085421263024402,0.21079845991698185,1.1319411581171255,0.04348981844274292,0.0444359907033714,0.004173751043154168,0.01724777955650153,0.0001283443069053274,0.003247516514787316,0.00406295318455134,0.009894829560694674,0.0009781685541836492,0.0019285375727208127,0.003934608877646012,0.006647313045907358,0.0008498242472783218,-0.001318978942066503,-0.0030847846303676905,-0.007966291987973861,RIGHT,0.08,0.25666666666666665,0.6633333333333333,6,0.11,0.04,0.08,0.02,0.24666666666666667,0.5033333333333333,Yaniv-LRJ(6)-4:7.csv_to_Ben-LRJ(1-6)-4:9.csv,RandomForest,True
lrj,Ben,Ben LRJ,Ben-LRJ(1-6)-4:9.csv,/Users/yanivnaggar/Desktop/Spring 2026/IS/OPENBCI_runs/Ben/Ben-LRJ(1-6)-4:9.csv,ben,RIGHT,6,3,False,-3,left_right,2,2->2,12,6,Ben::Ben-LRJ(1-6)-4:9.csv::trial_12,37072,38536,148.288,154.144,5.856,9,sliding,38072,38321,152.288,153.284,1.0,1.0,0.5,observed_count 3 vs expected_count 6,-0.00045759271335253437,0.2563078667730489,0.25630827524846383,1.2287235661604825,0.06569372256975098,0.06569393196084229,0.007911656593053184,0.013436744095358591,0.011079291982215857,0.27242763124797814,0.27265282866350676,1.354138931380553,0.07421681426738437,0.07433956497821156,0.009851169573061298,0.015808559761257567,-0.06476276320286532,0.3578571892531974,0.36367015741997466,1.5260008829156981,0.12806176790019874,0.13225598339786915,0.01784853543998908,0.00973474524111541,-0.013072012969441413,0.22014049205633082,0.22052826069662068,1.2251177616547473,0.04846183624280345,0.048632713765876696,0.0021397059880450507,0.0139256170306284,-0.0019395129800081137,-0.002371815665898976,-0.009936878846935894,0.003701998854243181,0.0057719506050081335,-0.0004888729352698091,-0.00799736586692778,0.006073814520142157,0.007711463585016247,0.0018829427306291668,0.015708829451944028,-0.00419087178951299,RIGHT,0.0,0.2733333333333333,0.7266666666666667,6,0.06333333333333334,0.043333333333333335,0.20666666666666667,0.02,0.2,0.4666666666666667,Yaniv-LRJ(6)-4:7.csv_to_Ben-LRJ(1-6)-4:9.csv,RandomForest,True
lrj,Ben,Ben LRJ,Ben-LRJ(1-6)-4:9.csv,/Users/yanivnaggar/Desktop/Spring 2026/IS/OPENBCI_runs/Ben/Ben-LRJ(1-6)-4:9.csv,ben,RIGHT,6,3,False,-3,left_right,2,2->2,12,6,Ben::Ben-LRJ(1-6)-4:9.csv::trial_12,37072,38536,148.288,154.144,5.856,10,sliding,38197,38446,152.788,153.784,1.0,1.0,0.5,observed_count 3 vs expected_count 6,-0.014098112126080337,0.26098758787690673,0.261368088701214,1.4861475907446366,0.06811452102580612,0.06831327779132565,0.021380570156613574,0.022924151666493538,-0.024876458982839734,0.2918025747018442,0.29286102645137035,1.635917543795546,0.08514874260262534,0.08576758081415024,0.016817711243361226,0.013855950887839849,0.03075289048705882,0.37845667389674764,0.3797040877977194,1.789304586885276,0.1432294540169892,0.1441751942902982,0.01343725057364248,0.007937354856389788,-0.009309970982113032,0.26777712675173465,0.2679389205977779,1.3713722552261451,0.07170458961141456,0.07179126517110233,0.01854621604944419,0.01610712535151788,0.004562858913252348,0.009068200778653689,0.007943319582971094,0.01498679681010375,0.002834354107169385,0.006817026314975657,0.003380460669718746,0.005918596031450061,-0.001728504806082963,-0.0022511744636780316,-0.005108965475801709,-0.008169770495128093,RIGHT,0.04,0.43,0.53,6,0.13,0.10666666666666667,0.25333333333333335,0.07,0.15,0.29,Yaniv-LRJ(6)-4:7.csv_to_Ben-LRJ(1-6)-4:9.csv,RandomForest,True
lrj,Ben,Ben LRJ,Ben-LRJ(1-6)-4:9.csv,/Users/yanivnaggar/Desktop/Spring 2026/IS/OPENBCI_runs/Ben/Ben-LRJ(1-6)-4:9.csv,ben,JAW,1,1,True,0,jaw,3,3->3,13,1,Ben::Ben-LRJ(1-6)-4:9.csv::trial_13,40305,41673,161.22,166.692,5.472,1,sliding,40305,40554,161.22,162.216,1.0,1.0,0.5,,0.006331483747056034,1.4933991367972395,1.4934125583619484,20.515321372824836,2.23024098178674,2.23028106947318,0.0004139706666271824,0.22967161292407845,0.004539358024612644,0.9767019642385557,0.9767125128300183,13.787226756223053,0.9539467269474529,0.9539673327187286,0.0002922128103120746,0.09144319109667648,0.0007853756498120703,0.37016031146772704,0.37016114463946104,4.963046881781302,0.13701865618588469,0.137019273000796,4.67069755464355e-05,0.01566497919354664,0.002928620625795552,0.49548458451908217,0.4954932394239273,6.648390066337237,0.2455049734960475,0.24551355031481734,8.059447966084199e-05,0.03050337501874192,0.0001217578563151078,0.13822842182740197,0.0003672636910807469,0.2140066337305318,0.0003333761869663404,0.19916823790533653,0.0002455058347656391,0.07577821190312983,0.00021161833065123258,0.060939816077934555,-3.388750411440649e-05,-0.014838395825195281,JAW,0.74,0.10666666666666667,0.15333333333333332,6,0.02666666666666667,0.05333333333333334,0.2833333333333333,0.11333333333333333,0.19,0.3333333333333333,Yaniv-LRJ(6)-4:7.csv_to_Ben-LRJ(1-6)-4:9.csv,RandomForest,False
lrj,Ben,Ben LRJ,Ben-LRJ(1-6)-4:9.csv,/Users/yanivnaggar/Desktop/Spring 2026/IS/OPENBCI_runs/Ben/Ben-LRJ(1-6)-4:9.csv,ben,JAW,1,1,True,0,jaw,3,3->3,13,1,Ben::Ben-LRJ(1-6)-4:9.csv::trial_13,40305,41673,161.22,166.692,5.472,2,sliding,40430,40679,161.72,162.716,1.0,1.0,0.5,,0.002491517812483258,1.6070874007923759,1.6070893321301725,20.515321372824836,2.582729913785595,2.582736121446604,0.0011382484428645236,0.801272128806318,0.002121394592904405,1.08191602103285,1.0819181008202854,13.787226756223053,1.1705422765675544,1.1705467768825732,0.0014717901354349809,0.41086876165697434,0.0016160738063719245,0.4377993101770411,0.43780229292003564,4.963046881781302,0.19166823599149305,0.1916708476860407,0.0006380049212686479,0.09389221473378835,0.001195227187010545,0.5456206868702002,0.5456219959905737,6.648390066337237,0.297701933940709,0.2977033625087376,0.0002493598370278354,0.0958914402003809,-0.0003335416925704573,0.3904033671493437,0.0005002435215958757,0.7073799140725296,0.0008888886058366882,0.7053806886059372,0.000833785214166333,0.316976546923186,0.0012224302984071454,0.3149773214565934,0.00038864508424081253,-0.0019992254665925496,JAW,0.87,0.05,0.08,6,0.07333333333333333,0.03333333333333333,0.21333333333333335,0.11333333333333333,0.20333333333333334,0.36333333333333334,Yaniv-LRJ(6)-4:7.csv_to_Ben-LRJ(1-6)-4:9.csv,RandomForest,False
lrj,Ben,Ben LRJ,Ben-LRJ(1-6)-4:9.csv,/Users/yanivnaggar/Desktop/Spring 2026/IS/OPENBCI_runs/Ben/Ben-LRJ(1-6)-4:9.csv,ben,JAW,1,1,True,0,jaw,3,3->3,13,1,Ben::Ben-LRJ(1-6)-4:9.csv::trial_13,40305,41673,161.22,166.692,5.472,3,sliding,40555,40804,162.22,163.216,1.0,1.0,0.5,,-0.006440063428941688,0.6533217340083076,0.6533534744260495,6.1840844100890155,0.42682928812762183,0.4268707625445906,0.001557761718861282,0.03657199827087511,-0.003838603290323593,0.5222364459472202,0.5222505532316882,5.130360060937233,0.2727309054755839,0.2727456403508044,0.004206043969045128,0.0709021652191855,0.0006036848463216813,0.4301463099091794,0.43014673352691807,5.0232763009925,0.1850258479284838,0.18502621236387745,0.010316590198380054,0.05946082243704776,-0.00145263615811593,0.2861315023170979,0.2861351896744741,2.3008707375482844,0.0818712366182394,0.08187334677004728,0.0012197047995595525,0.01708941066315488,-0.0026482822501838455,-0.0343301669483104,-0.008758828479518772,-0.022888824166172654,0.00033805691930172957,0.019482587607720227,-0.006110546229334927,0.011441342782137744,0.002986339169485575,0.05381275455603063,0.009096885398820502,0.04237141177389288,RIGHT,0.07666666666666666,0.4266666666666667,0.49666666666666665,5,0.04666666666666667,0.05,0.27,0.14333333333333334,0.37,0.12,Yaniv-LRJ(6)-4:7.csv_to_Ben-LRJ(1-6)-4:9.csv,RandomForest,False
lrj,Ben,Ben LRJ,Ben-LRJ(1-6)-4:9.csv,/Users/yanivnaggar/Desktop/Spring 2026/IS/OPENBCI_runs/Ben/Ben-LRJ(1-6)-4:9.csv,ben,JAW,1,1,True,0,jaw,3,3->3,13,1,Ben::Ben-LRJ(1-6)-4:9.csv::trial_13,40305,41673,161.22,166.692,5.472,4,sliding,40680,40929,162.72,163.716,1.0,1.0,0.5,,0.0011349873338024113,0.2671806129622315,0.26718302367313995,2.3171749660379204,0.07138547994287375,0.07138676813912166,0.000584559975570068,0.02287564854739415,0.001238408057048908,0.25006748738047496,0.25007055384291,2.26197230546946,0.062533748244784,0.06253528189929976,0.0005757384011036382,0.022360510277237955,-0.002679513941368425,0.3673411114142698,0.36735088393800414,5.0232763009925,0.13493949213507095,0.13494667193003299,0.0027782037013480603,0.09298428173439281,0.0008020636151194065,0.1971971943207161,0.19719882543769113,1.8244944018927574,0.03888673344796227,0.03888737675400498,0.0004150423463847917,0.011928603860901998,8.821574466429832e-06,0.0005151382701561943,-0.0021936437257779923,-0.07010863318699867,0.0001695176291852763,0.01094704468649215,-0.002202465300244422,-0.07062377145715486,0.00016069605471884647,0.010431906416335957,0.0023631613549632688,0.08105567787349081,RIGHT,0.15333333333333332,0.3233333333333333,0.5233333333333333,5,0.10333333333333333,0.056666666666666664,0.23666666666666666,0.15,0.27,0.18333333333333332,Yaniv-LRJ(6)-4:7.csv_to_Ben-LRJ(1-6)-4:9.csv,RandomForest,False
lrj,Ben,Ben LRJ,Ben-LRJ(1-6)-4:9.csv,/Users/yanivnaggar/Desktop/Spring 2026/IS/OPENBCI_runs/Ben/Ben-LRJ(1-6)-4:9.csv,ben,JAW,1,1,True,0,jaw,3,3->3,13,1,Ben::Ben-LRJ(1-6)-4:9.csv::trial_13,40305,41673,161.22,166.692,5.472,5,sliding,40805,41054,163.22,164.216,1.0,1.0,0.5,,0.0007125240203575238,0.30956375303780503,0.3095645730462882,1.764284805798831,0.09582971719485113,0.0958302248853307,0.0005936496690379549,0.047942658911017066,-0.008268221308411497,2.061337751792852,2.061354334036246,21.1034647109714,4.24911332696641,4.249181690450015,0.03349235143580513,0.8074765311794619,0.006188068368126902,1.1201595203563852,1.120176612519283,9.820791175382805,1.254757351045047,1.2547956432351757,0.09182508102544298,0.7188338328419588,-6.24426350823739e-05,0.7113696248208977,0.7113696275614438,5.466050252533098,0.5060467431178248,0.5060467470169073,0.006269773741724048,0.0947361133426438,-0.03289870176676718,-0.7595338722684448,-0.09123143135640503,-0.6708911739309418,-0.005676124072686093,-0.04679345443162673,-0.05833272958963785,0.08864269833750316,0.027222577694081082,0.7127404178368182,0.08555530728371893,0.624097719499315,JAW,0.66,0.2,0.14,1,0.36,0.06,0.023333333333333334,0.17666666666666667,0.25,0.13,Yaniv-LRJ(6)-4:7.csv_to_Ben-LRJ(1-6)-4:9.csv,RandomForest,True
lrj,Ben,Ben LRJ,Ben-LRJ(1-6)-4:9.csv,/Users/yanivnaggar/Desktop/Spring 2026/IS/OPENBCI_runs/Ben/Ben-LRJ(1-6)-4:9.csv,ben,JAW,1,1,True,0,jaw,3,3->3,13,1,Ben::Ben-LRJ(1-6)-4:9.csv::trial_13,40305,41673,161.22,166.692,5.472,6,sliding,40930,41179,163.72,164.716,1.0,1.0,0.5,,-0.0001724881038580941,1.3448820488400919,1.3448820599013391,14.850373578098994,1.8087077252923234,1.8087077550444692,0.004454848324604045,0.14750828188499776,-0.00389636659481814,4.358369472129924,4.35837121379842,41.63903194002286,18.99538445559407,18.99539963726671,0.22113705003958856,7.975882237921482,-0.00345069844890304,24.08259279001261,24.082593037231003,311.21403400968745,579.9712754895673,579.9712873968872,0.30829746918541795,25.441951786996633,-0.0020134326512725948,4.348080903043641,4.3480813692160645,40.66491343344603,18.905807539412805,18.905811593323847,0.015220938288155194,4.8960399196848,-0.2166822017149845,-7.828373956036485,-0.30384262086081393,-25.294443505111634,-0.010766089963551148,-4.748531637799802,-0.0871604191458294,-17.46606954907515,0.20591611175143337,3.0798423182366816,0.29307653089726277,20.545911867311833,JAW,0.83,0.09333333333333334,0.07666666666666666,1,0.33,0.09,0.013333333333333334,0.24666666666666667,0.22333333333333333,0.09666666666666666,Yaniv-LRJ(6)-4:7.csv_to_Ben-LRJ(1-6)-4:9.csv,RandomForest,True
lrj,Ben,Ben LRJ,Ben-LRJ(1-6)-4:9.csv,/Users/yanivnaggar/Desktop/Spring 2026/IS/OPENBCI_runs/Ben/Ben-LRJ(1-6)-4:9.csv,ben,JAW,1,1,True,0,jaw,3,3->3,13,1,Ben::Ben-LRJ(1-6)-4:9.csv::trial_13,40305,41673,161.22,166.692,5.472,7,sliding,41055,41304,164.22,165.216,1.0,1.0,0.5,,-0.0016655674616948943,1.323855474292177,1.3238565220326313,14.850373578098994,1.7525933168133654,1.752596090928335,0.016372961569014924,1.145556383314255,0.007370214505187029,3.84999722847299,3.8500042830250925,41.63903194002286,14.822478659249706,14.822532979311557,0.6342445748426593,9.110068343760478,-0.006556499026683138,24.058483626436214,24.0584845198358,311.21403400968745,578.8106344034994,578.8106773911788,1.84475780341509,492.025579254528,-0.0022021615458943083,4.29581443995494,4.295815004401476,40.66491343344603,18.454021702525377,18.45402655204085,0.03221854614049921,20.05224391663656,-0.6178716132736444,-7.964511960446223,-1.828384841846075,-490.8800228712137,-0.015845584571484286,-18.906687533322305,-1.2105132285724307,-482.9155109107675,0.60202602870216,-10.942175572876081,1.8125392572745909,471.97333533789146,JAW,0.83,0.09,0.08,1,0.32666666666666666,0.09,0.02,0.24666666666666667,0.22,0.09666666666666666,Yaniv-LRJ(6)-4:7.csv_to_Ben-LRJ(1-6)-4:9.csv,RandomForest,True
lrj,Ben,Ben LRJ,Ben-LRJ(1-6)-4:9.csv,/Users/yanivnaggar/Desktop/Spring 2026/IS/OPENBCI_runs/Ben/Ben-LRJ(1-6)-4:9.csv,ben,JAW,1,1,True,0,jaw,3,3->3,13,1,Ben::Ben-LRJ(1-6)-4:9.csv::trial_13,40305,41673,161.22,166.692,5.472,8,sliding,41180,41429,164.72,165.716,1.0,1.0,0.5,,-0.002683335912149287,0.20288765480863047,0.202905398561407,1.0219540404053347,0.041163400473746,0.04117060076536342,0.000297358045621284,0.0065405077186861124,0.0008392868239108864,0.2686368021417019,0.26863811320676867,2.1191808520827924,0.07216573146491988,0.07216643586729267,7.87223968392242e-05,0.00809642514510177,0.0045743592858283584,0.30578254540597477,0.3058167585954583,3.1759813294709662,0.093502965074957,0.09352388983783283,0.0004916803589290017,0.009420976592087106,-0.0011141574522899615,0.26557035281685804,0.2655726899402477,1.630758537758907,0.07052761229527046,0.07052885364209895,0.0007640213614399836,0.01875796383666031,0.0002186356487820598,-0.0015559174264156575,-0.00019432231330771774,-0.0028804688734009936,-0.00046666331581869956,-0.012217456117974198,-0.00041295796208977757,-0.001324551446985336,-0.0006852989646007594,-0.01066153869155854,-0.0002723410025109818,-0.009336987244573203,RIGHT,0.12333333333333334,0.32,0.5566666666666666,6,0.17333333333333334,0.07,0.10333333333333333,0.11333333333333333,0.14,0.4,Yaniv-LRJ(6)-4:7.csv_to_Ben-LRJ(1-6)-4:9.csv,RandomForest,False
lrj,Ben,Ben LRJ,Ben-LRJ(1-6)-4:9.csv,/Users/yanivnaggar/Desktop/Spring 2026/IS/OPENBCI_runs/Ben/Ben-LRJ(1-6)-4:9.csv,ben,JAW,1,1,True,0,jaw,3,3->3,13,1,Ben::Ben-LRJ(1-6)-4:9.csv::trial_13,40305,41673,161.22,166.692,5.472,9,sliding,41305,41554,165.22,166.216,1.0,1.0,0.5,,0.0007767874569545922,0.19306165710598833,0.19306321980963514,1.2029128640255742,0.037272803444510214,0.037273406843263496,0.00017922572158031723,0.0063998441528267756,0.00041925300139943555,0.1672580721118981,0.16725859756576966,0.9247152699991678,0.02797526268658891,0.02797543845966809,9.602950034568784e-05,0.008043443274978624,0.00012898073750979044,0.12828021877247203,0.12828028361499647,0.8238405585525294,0.016455814528313285,0.01645583116434393,0.0002819085261995132,0.003391356931061192,0.0013643557086894362,0.2502352303407431,0.25023894974640654,1.3652603332595745,0.06261767050368473,0.06261953197018456,0.0011581371537377782,0.016391241702722263,8.319622123462939e-05,-0.0016435991221518485,-0.00010268280461919597,0.0030084872217655836,-0.000978911432157461,-0.009991397549895488,-0.00018587902585382536,0.0046520863439174324,-0.0010621076533920903,-0.00834779842774364,-0.000876228627538265,-0.012999884771661072,RIGHT,0.11,0.3,0.59,6,0.17333333333333334,0.0033333333333333335,0.01,0.03,0.13333333333333333,0.65,Yaniv-LRJ(6)-4:7.csv_to_Ben-LRJ(1-6)-4:9.csv,RandomForest,False
lrj,Ben,Ben LRJ,Ben-LRJ(1-6)-4:9.csv,/Users/yanivnaggar/Desktop/Spring 2026/IS/OPENBCI_runs/Ben/Ben-LRJ(1-6)-4:9.csv,ben,JAW,2,2,True,0,jaw,3,3->3,14,2,Ben::Ben-LRJ(1-6)-4:9.csv::trial_14,42937,43703,171.748,174.812,3.064,1,sliding,42937,43186,171.748,172.744,1.0,1.0,0.5,,4.811621630981122e-05,0.8792790791426549,0.8792790804591709,7.158855910055405,0.7731316990179552,0.7731317013331253,0.0005756307467589736,0.7388352552185026,0.0005847229427924372,0.5916322986443184,0.5916325875913867,5.6150659496943405,0.35002877679916006,0.3500291187000799,9.23436095593827e-05,0.31806497526746424,-0.0004788079693341816,0.28180637069962644,0.2818067774627977,2.3253695303445654,0.07941483056689529,0.0794150598239668,0.00012954803150338936,0.08034646250977452,0.0009080896230473079,0.3768447474926503,0.37684584161107954,3.127070553827422,0.14201196371279937,0.14201278833956285,0.0003346028386319999,0.08493119226166858,0.0004832871371995909,0.42077027995103833,0.00044608271525558424,0.6584887927087281,0.00024102790812697368,0.653904062956834,-3.720442194400666e-05,0.23771851275768974,-0.00024225922907261722,0.23313378300579568,-0.00020505480712861056,-0.004584729751894057,RIGHT,0.3,0.3433333333333333,0.3566666666666667,6,0.08,0.07333333333333333,0.28,0.10666666666666667,0.17333333333333334,0.2866666666666667,Yaniv-LRJ(6)-4:7.csv_to_Ben-LRJ(1-6)-4:9.csv,RandomForest,False
lrj,Ben,Ben LRJ,Ben-LRJ(1-6)-4:9.csv,/Users/yanivnaggar/Desktop/Spring 2026/IS/OPENBCI_runs/Ben/Ben-LRJ(1-6)-4:9.csv,ben,JAW,2,2,True,0,jaw,3,3->3,14,2,Ben::Ben-LRJ(1-6)-4:9.csv::trial_14,42937,43703,171.748,174.812,3.064,2,sliding,43062,43311,172.248,173.244,1.0,1.0,0.5,,-0.00036672685221592126,1.0067907026094471,1.006790769400181,7.244594625487865,1.0136275188608241,1.0136276533494084,8.250184020160754e-05,0.06177567786879076,-0.00045558483618251253,0.687856919201527,0.6878570700741244,5.6150659496943405,0.473147141293416,0.4731473488509589,1.5620441118643186e-05,0.03399341409606111,0.0008703235038656189,0.31865030400048,0.318651492547265,2.3253695303445654,0.10153801623959831,0.10153877370259967,4.938137860537941e-05,0.006388410943098098,4.658500751938477e-05,0.4216935069687635,0.4216935095419155,3.127070553827422,0.17782541381961461,0.17782541598977758,6.828725805223987e-05,0.016769729480787074,6.688139908296435e-05,0.027782263772729653,3.312046159622813e-05,0.055387266925692666,1.4214582149367662e-05,0.04500594838800369,-3.376093748673622e-05,0.027605003152963013,-5.2666816933596685e-05,0.017223684615274036,-1.8905879446860465e-05,-0.010381318537688977,JAW,0.38666666666666666,0.35333333333333333,0.26,3,0.05333333333333334,0.08666666666666667,0.31333333333333335,0.19666666666666666,0.17666666666666667,0.17333333333333334,Yaniv-LRJ(6)-4:7.csv_to_Ben-LRJ(1-6)-4:9.csv,RandomForest,False
lrj,Ben,Ben LRJ,Ben-LRJ(1-6)-4:9.csv,/Users/yanivnaggar/Desktop/Spring 2026/IS/OPENBCI_runs/Ben/Ben-LRJ(1-6)-4:9.csv,ben,JAW,2,2,True,0,jaw,3,3->3,14,2,Ben::Ben-LRJ(1-6)-4:9.csv::trial_14,42937,43703,171.748,174.812,3.064,3,sliding,43187,43436,172.748,173.744,1.0,1.0,0.5,,0.0008540977826551284,0.6600500715834648,0.6600506241799635,5.6209924794087875,0.43566609699733705,0.4356668264803594,0.00034310554960410676,0.28811497171138484,0.0010945880071528546,0.4860211557345556,0.48602238831607186,4.000774122198397,0.23621656382155318,0.23621776194445854,0.00021611439727184685,0.17630683109147077,0.0004916997026735348,0.22585991643987446,0.2258604516572671,1.7745910965690785,0.05101270185422707,0.05101294362282468,0.00018960614199338722,0.03927095231477696,-0.0006789075467117276,0.33733196417991534,0.33733264735708085,2.662016827097575,0.1137928540574797,0.11379331497293668,0.0005669947918156441,0.0693968427385291,0.00012699115233225992,0.11180814061991406,0.00015349940761071954,0.24884401939660789,-0.00022388924221153735,0.21871812897285575,2.6508255278459624e-05,0.13703587877669382,-0.0003508803945437973,0.10690998835294167,-0.00037738864982225686,-0.03012589042375214,LEFT,0.17333333333333334,0.44333333333333336,0.38333333333333336,6,0.07333333333333333,0.08666666666666667,0.18,0.11333333333333333,0.13333333333333333,0.41333333333333333,Yaniv-LRJ(6)-4:7.csv_to_Ben-LRJ(1-6)-4:9.csv,RandomForest,False
lrj,Ben,Ben LRJ,Ben-LRJ(1-6)-4:9.csv,/Users/yanivnaggar/Desktop/Spring 2026/IS/OPENBCI_runs/Ben/Ben-LRJ(1-6)-4:9.csv,ben,JAW,2,2,True,0,jaw,3,3->3,14,2,Ben::Ben-LRJ(1-6)-4:9.csv::trial_14,42937,43703,171.748,174.812,3.064,4,sliding,43312,43561,173.248,174.244,1.0,1.0,0.5,,0.0012142948265807493,0.4264439873549677,0.42644571619741906,4.765095813468468,0.18185447435120386,0.1818559488631297,0.00010399310683626553,0.006394558019992598,-0.0005373946627354261,0.31910517285775547,0.31910562536188786,3.5204886031145564,0.10182811134457799,0.10182840013760151,6.84911934757154e-05,0.005301348015215043,-9.967385808645013e-05,0.1712046749655418,0.17120470398016172,1.31529329866451,0.02931104073005681,0.029311050664934796,0.0003241691132393432,0.004427503774206749,-0.0007094667972836755,0.27219492218376085,0.2721958467827165,2.492768390142298,0.07409007566262361,0.07409057900576008,0.00027156814475885624,0.0081614471781745,3.550191336055014e-05,0.001093210004777555,-0.00022017600640307768,0.0019670542457858485,-0.0001675750379225907,-0.0017668891581819023,-0.00025567791976362783,0.0008738442410082935,-0.00020307695128314086,-0.002860099162959457,5.2600968480486974e-05,-0.0037339434039677507,RIGHT,0.13333333333333333,0.2833333333333333,0.5833333333333334,6,0.03,0.06666666666666667,0.16666666666666666,0.05,0.10666666666666667,0.58,Yaniv-LRJ(6)-4:7.csv_to_Ben-LRJ(1-6)-4:9.csv,RandomForest,False
lrj,Ben,Ben LRJ,Ben-LRJ(1-6)-4:9.csv,/Users/yanivnaggar/Desktop/Spring 2026/IS/OPENBCI_runs/Ben/Ben-LRJ(1-6)-4:9.csv,ben,JAW,2,2,True,0,jaw,3,3->3,14,2,Ben::Ben-LRJ(1-6)-4:9.csv::trial_14,42937,43703,171.748,174.812,3.064,5,sliding,43437,43686,173.748,174.744,1.0,1.0,0.5,,-0.0002161388051032418,0.20186711219488107,0.20186722790459025,1.5249168496892551,0.0407503309859007,0.04075037770188378,0.00013922505001889374,0.009065985980334264,-0.0015323217057693014,0.19092826402732857,0.19093441286027843,2.1052641488474695,0.036453602004489286,0.03645595001429926,7.652086627604769e-05,0.005845603520981947,-0.0012323953255705597,0.1836824552407866,0.18368658949831385,2.1326288853853015,0.03373924436328358,0.03374076316152207,9.211368881156504e-05,0.005835011004209758,0.0005993004163813412,0.20991572078645657,0.2099165762732583,1.3735325846425384,0.04406460983329759,0.04406496899428667,0.0006894622883229592,0.011806516846390783,6.270418374284605e-05,0.0032203824593523165,4.71113612073287e-05,0.003230974976124506,-0.0005502372383040655,-0.0027405308660565196,-1.5592822535517354e-05,1.0592516772189517e-05,-0.0006129414220469115,-0.005960913325408836,-0.0005973485995113941,-0.005971505842181026,RIGHT,0.12333333333333334,0.21,0.6666666666666666,6,0.13,0.02666666666666667,0.08,0.03666666666666667,0.14666666666666667,0.58,Yaniv-LRJ(6)-4:7.csv_to_Ben-LRJ(1-6)-4:9.csv,RandomForest,False
lrj,Ben,Ben LRJ,Ben-LRJ(1-6)-4:9.csv,/Users/yanivnaggar/Desktop/Spring 2026/IS/OPENBCI_runs/Ben/Ben-LRJ(1-6)-4:9.csv,ben,JAW,3,3,True,0,jaw,3,3->3,15,3,Ben::Ben-LRJ(1-6)-4:9.csv::trial_15,44984,46160,179.936,184.64,4.704,1,sliding,44984,45233,179.936,180.932,1.0,1.0,0.5,,-0.00022113047455792723,1.0341373053468388,1.034137328989099,11.015241291506168,1.069439966310021,1.0694400152087078,0.00039237782634064843,0.5346037449630283,-0.0005119475376411633,0.775797621983978,0.7757977909006163,8.453379649883866,0.6018619502759951,0.6018622123662764,0.00021641891258162102,0.30734467969141654,0.0004316070061945787,0.33920395941264114,0.33920423400338107,3.3075676278045707,0.1150593260812127,0.11505951236582052,7.205376851477776e-05,0.057721709385771966,9.168841436638008e-05,0.4238303709221729,0.4238303808397788,3.994918976237971,0.17963218331602665,0.17963219172279196,7.232979336957012e-05,0.08518601661456235,0.0001759589137590274,0.22725906527161177,0.0003203240578258707,0.47688203557725634,0.0003200480329710783,0.44941772834846594,0.00014436514406684326,0.24962297030564456,0.0001440891192120509,0.2221586630768542,-2.7602485479235966e-07,-0.027464307228790383,JAW,0.48333333333333334,0.26666666666666666,0.25,3,0.03666666666666667,0.06666666666666667,0.39666666666666667,0.11,0.21,0.18,Yaniv-LRJ(6)-4:7.csv_to_Ben-LRJ(1-6)-4:9.csv,RandomForest,True
lrj,Ben,Ben LRJ,Ben-LRJ(1-6)-4:9.csv,/Users/yanivnaggar/Desktop/Spring 2026/IS/OPENBCI_runs/Ben/Ben-LRJ(1-6)-4:9.csv,ben,JAW,3,3,True,0,jaw,3,3->3,15,3,Ben::Ben-LRJ(1-6)-4:9.csv::trial_15,44984,46160,179.936,184.64,4.704,2,sliding,45109,45358,180.436,181.432,1.0,1.0,0.5,,-0.0036787637235961724,1.206323547009262,1.206329156313293,11.015241291506168,1.4552165000690072,1.455230033371541,0.00013726591246513554,0.267831949586002,-0.004760154710529699,0.8642963722855624,0.8643094805790642,8.453379649883866,0.7470082191459835,0.7470308782188517,0.0001119834021481053,0.16526063024687349,-0.0018489085646126273,0.37268394598897553,0.3726885322367647,3.3075676278045707,0.13889332359791365,0.13889674206079397,2.7490137982135042e-05,0.03201120824090674,-0.001819257098772892,0.481850193408213,0.48185362775839274,3.994918976237971,0.23217960888753225,0.2321829185839237,6.254474775229722e-05,0.05030770677529542,2.528251031703023e-05,0.1025713193391285,0.00010977577448300049,0.23582074134509523,7.472116471283832e-05,0.21752424281070656,8.449326416597026e-05,0.13324942200596673,4.943865439580809e-05,0.11495292347157807,-3.505460977016217e-05,-0.01829649853438868,JAW,0.5,0.24666666666666667,0.25333333333333335,3,0.03666666666666667,0.03,0.3466666666666667,0.18666666666666668,0.20666666666666667,0.19333333333333333,Yaniv-LRJ(6)-4:7.csv_to_Ben-LRJ(1-6)-4:9.csv,RandomForest,True
lrj,Ben,Ben LRJ,Ben-LRJ(1-6)-4:9.csv,/Users/yanivnaggar/Desktop/Spring 2026/IS/OPENBCI_runs/Ben/Ben-LRJ(1-6)-4:9.csv,ben,JAW,3,3,True,0,jaw,3,3->3,15,3,Ben::Ben-LRJ(1-6)-4:9.csv::trial_15,44984,46160,179.936,184.64,4.704,3,sliding,45234,45483,180.936,181.932,1.0,1.0,0.5,,-0.0008820572807290735,0.9185192641645823,0.9185196876858396,8.738736075559743,0.8436776386414457,0.8436784166664923,2.793624839912756e-05,0.12278436670856965,-1.4513889576097672e-05,0.5475762130547432,0.5475762132470937,4.24517850895316,0.2998397091033736,0.2998397093140266,0.0001492860702462147,0.08261583196538884,-0.0004052250446026786,0.26117269699037116,0.2611730113556165,2.4839366779390417,0.06821117765322422,0.06821134186056099,1.5230344153369631e-05,0.015618614135689426,-0.0007640410579480066,0.3698408406337329,0.3698416298355344,2.80028435507722,0.13678224740066622,0.13678283115940446,3.010244604759494e-05,0.025203674545178426,-0.00012134982184708715,0.040168534743180814,1.2705904245757928e-05,0.10716575257288023,-2.1661976484673822e-06,0.09758069216339123,0.00013405572609284509,0.06699721782969942,0.00011918362419861977,0.05741215742021041,-1.487210189422531e-05,-0.009585060409489,JAW,0.36333333333333334,0.3233333333333333,0.31333333333333335,6,0.07333333333333333,0.056666666666666664,0.15666666666666668,0.24,0.14,0.3333333333333333,Yaniv-LRJ(6)-4:7.csv_to_Ben-LRJ(1-6)-4:9.csv,RandomForest,False
lrj,Ben,Ben LRJ,Ben-LRJ(1-6)-4:9.csv,/Users/yanivnaggar/Desktop/Spring 2026/IS/OPENBCI_runs/Ben/Ben-LRJ(1-6)-4:9.csv,ben,JAW,3,3,True,0,jaw,3,3->3,15,3,Ben::Ben-LRJ(1-6)-4:9.csv::trial_15,44984,46160,179.936,184.64,4.704,4,sliding,45359,45608,181.436,182.432,1.0,1.0,0.5,,0.0034402011877674673,0.9391605335293984,0.9391668343395847,8.738736075559743,0.8820225077392244,0.8820343427234368,0.00012582255312895463,0.12910346895601696,0.0027915866929465274,0.561597343712243,0.5616042818755137,4.7335400330573965,0.31539157646464716,0.3153993694209114,9.84598318048319e-05,0.07522082806394936,0.0008604359276332092,0.28064999394889695,0.2806513129374268,2.4839366779390417,0.07876441910351588,0.07876515945350145,1.8846827055490014e-05,0.011532187752416552,0.0005482717798178687,0.38574765444937303,0.3857480440846557,2.7748934329754196,0.1488012529131929,0.14880155351513746,1.017074534309119e-05,0.013051472226435207,2.7362721324122733e-05,0.053882640892067596,0.00010697572607346462,0.11757128120360041,0.00011565180778586344,0.11605199672958175,7.961300474934188e-05,0.06368864031153282,8.82890864617407e-05,0.06216935583751416,8.676081712398823e-06,-0.0015192844740186551,JAW,0.36333333333333334,0.3,0.33666666666666667,6,0.09333333333333334,0.07666666666666666,0.22,0.19,0.16666666666666666,0.25333333333333335,Yaniv-LRJ(6)-4:7.csv_to_Ben-LRJ(1-6)-4:9.csv,RandomForest,False
lrj,Ben,Ben LRJ,Ben-LRJ(1-6)-4:9.csv,/Users/yanivnaggar/Desktop/Spring 2026/IS/OPENBCI_runs/Ben/Ben-LRJ(1-6)-4:9.csv,ben,JAW,3,3,True,0,jaw,3,3->3,15,3,Ben::Ben-LRJ(1-6)-4:9.csv::trial_15,44984,46160,179.936,184.64,4.704,5,sliding,45484,45733,181.936,182.932,1.0,1.0,0.5,,0.0010713404964056545,0.6777516781556376,0.6777525249036276,7.0353392204575576,0.45934733724278304,0.45934848501324227,8.019637516225131e-05,0.009335419016216305,4.858025772934366e-05,0.42578514240137294,0.42578514517277244,4.7335400330573965,0.18129298748975745,0.18129298984979889,7.396855161380718e-05,0.00788607578277765,0.0006416755593373209,0.22160766986261546,0.22160859886173512,2.2447776331809868,0.049109959341937966,0.049110371089461424,5.684495319407797e-05,0.004841167335950565,0.0006112694350710868,0.31712137728528306,0.31712196641298296,2.0116606323484953,0.10056596793131485,0.1005663415816371,0.00014682988826966568,0.005705260511453944,6.2278235484441275e-06,0.001449343233438656,2.3351421968173342e-05,0.004494251680265741,-6.663351310741437e-05,0.0036301585047623618,1.7123598419729214e-05,0.0030449084468270847,-7.28613366558585e-05,0.0021808152713237057,-8.998493507558772e-05,-0.000864093175503379,RIGHT,0.17333333333333334,0.38,0.44666666666666666,6,0.03666666666666667,0.08333333333333333,0.26666666666666666,0.12333333333333334,0.09,0.4,Yaniv-LRJ(6)-4:7.csv_to_Ben-LRJ(1-6)-4:9.csv,RandomForest,False
lrj,Ben,Ben LRJ,Ben-LRJ(1-6)-4:9.csv,/Users/yanivnaggar/Desktop/Spring 2026/IS/OPENBCI_runs/Ben/Ben-LRJ(1-6)-4:9.csv,ben,JAW,3,3,True,0,jaw,3,3->3,15,3,Ben::Ben-LRJ(1-6)-4:9.csv::trial_15,44984,46160,179.936,184.64,4.704,6,sliding,45609,45858,182.436,183.432,1.0,1.0,0.5,,0.0007717800072319405,0.19715700265964176,0.19715851323773353,1.2291020895036295,0.03887088369773399,0.03887147934211355,0.00013969021728172008,0.006177219596460182,0.0003497530292183573,0.1571609447157945,0.15716133389336726,1.1146723941727028,0.02469956254396102,0.024699684871142467,0.0003077644916293772,0.004771458696433846,0.00029286933671750736,0.15221230367847005,0.15221258543088734,0.9720986603704664,0.023168585391106788,0.023168671163555178,0.00022103374725275092,0.0036583838315998717,0.0030481985277587853,0.3167105809942162,0.3167252494323094,2.8389270213090496,0.10030559211369397,0.10031488362795861,0.0006140580952671229,0.005562176856453459,-0.00016807427434765713,0.0014057609000263363,-8.134352997103084e-05,0.00251883576486031,-0.00047436787798540276,0.0006150427400067231,8.673074437662629e-05,0.0011130748648339739,-0.00030629360363774565,-0.0007907181600196132,-0.00039302434801437194,-0.001903793024853587,RIGHT,0.12333333333333334,0.24666666666666667,0.63,6,0.04,0.02,0.05,0.04666666666666667,0.18333333333333332,0.66,Yaniv-LRJ(6)-4:7.csv_to_Ben-LRJ(1-6)-4:9.csv,RandomForest,False
lrj,Ben,Ben LRJ,Ben-LRJ(1-6)-4:9.csv,/Users/yanivnaggar/Desktop/Spring 2026/IS/OPENBCI_runs/Ben/Ben-LRJ(1-6)-4:9.csv,ben,JAW,3,3,True,0,jaw,3,3->3,15,3,Ben::Ben-LRJ(1-6)-4:9.csv::trial_15,44984,46160,179.936,184.64,4.704,7,sliding,45734,45983,182.936,183.932,1.0,1.0,0.5,,0.0010778860377846935,0.19180830376521987,0.19181133238576212,1.220621511617904,0.03679042539329086,0.036791587231601315,0.0002526845895888052,0.007403039551071333,-0.0009872589230558878,0.18046291824411317,0.18046561872379632,1.1146723941727028,0.032566864861181474,0.03256783954136262,0.00041655783161376517,0.00732862031016468,-0.001072378105225855,0.21079645575815448,0.21079918347802049,1.2419712894838992,0.04443514576019957,0.044436295755000146,0.0033340621415417567,0.01937357242496692,-0.0021375315139137907,0.4349607277449259,0.4349659799586268,2.8389270213090496,0.18919083468039555,0.1891954037213685,0.0027020020127562824,0.050268669979539105,-0.00016387324202495995,7.441924090665318e-05,-0.0030813775519529514,-0.011970532873895589,-0.002449317423167477,-0.04286563042846777,-0.0029175043099279917,-0.012044952114802242,-0.002285444181142517,-0.042940049669374425,0.0006320601287854743,-0.030895097554572183,LEFT,0.05333333333333334,0.56,0.38666666666666666,6,0.08333333333333333,0.0,0.01,0.15333333333333332,0.21666666666666667,0.5366666666666666,Yaniv-LRJ(6)-4:7.csv_to_Ben-LRJ(1-6)-4:9.csv,RandomForest,False
lrj,Ben,Ben LRJ,Ben-LRJ(1-6)-4:9.csv,/Users/yanivnaggar/Desktop/Spring 2026/IS/OPENBCI_runs/Ben/Ben-LRJ(1-6)-4:9.csv,ben,JAW,3,3,True,0,jaw,3,3->3,15,3,Ben::Ben-LRJ(1-6)-4:9.csv::trial_15,44984,46160,179.936,184.64,4.704,8,sliding,45859,46108,183.436,184.432,1.0,1.0,0.5,,-0.0014914260297905955,0.22181683598166807,0.2218218498627233,1.4609203505177693,0.049202708724918234,0.04920493307652056,0.00036509574770051415,0.01849926659303584,-0.0006910136884216582,1.2858554473257908,1.285855632999804,14.134870596667017,1.6534242314174095,1.6534247089173266,0.0010854690830422197,0.4455867294482068,0.001592188411516904,0.25290137458024026,0.25290638649214203,1.7413201813959662,0.06395910526457499,0.06396164032851273,0.0028881814982631435,0.02645838206360243,-0.001090792374182478,0.4180115725732053,0.4180129957706192,2.296761878449029,0.1747336748051241,0.17473486463312768,0.0005843571789409119,0.06597101733137453,-0.0007203733353417056,-0.42708746285517096,-0.0025230857505626294,-0.007959115470566592,-0.00021926143124039772,-0.04747175073833869,-0.0018027124152209238,0.41912834738460436,0.0005011119041013079,0.3796157121168323,0.0023038243193222317,-0.0395126352677721,LEFT,0.3566666666666667,0.38333333333333336,0.26,6,0.09666666666666666,0.013333333333333334,0.05,0.17,0.20333333333333334,0.4666666666666667,Yaniv-LRJ(6)-4:7.csv_to_Ben-LRJ(1-6)-4:9.csv,RandomForest,False
lrj,Ben,Ben LRJ,Ben-LRJ(1-6)-4:9.csv,/Users/yanivnaggar/Desktop/Spring 2026/IS/OPENBCI_runs/Ben/Ben-LRJ(1-6)-4:9.csv,ben,JAW,4,2,False,-2,jaw,3,3->3,16,4,Ben::Ben-LRJ(1-6)-4:9.csv::trial_16,48463,49274,193.852,197.096,3.244,1,sliding,48463,48712,193.852,194.848,1.0,1.0,0.5,observed_count 2 vs expected_count 4,0.005008346820043072,1.2280190562276418,1.228029269193572,16.37147454286232,1.5080308024582283,1.5080558859960984,0.00048117572279942527,0.3157022224948588,0.006215690739034639,0.5597677591794263,0.5598022677947273,6.094656958923716,0.31333994421675626,0.3133785790281196,0.00036244227600178874,0.11450980806346484,0.0017395624249965903,0.27088550653170224,0.2708910920026116,2.275134391408877,0.0733789576489369,0.07338198372636737,2.760493622353906e-05,0.015480276171811105,0.0012698278554937686,0.42716692122583916,0.4271688086135795,5.450452327463196,0.18247157858956228,0.18247319105234489,0.00013059328556307145,0.0708943762391276,0.00011873344679763653,0.20119241443139396,0.0004535707865758862,0.3002219463230477,0.0003505824372363538,0.2448078462557312,0.0003348373397782497,0.09902953189165373,0.00023184899043871728,0.043615431824337234,-0.0001029883493395324,-0.055414100067316494,JAW,0.43666666666666665,0.28,0.2833333333333333,3,0.07,0.07,0.29,0.14,0.16,0.27,Yaniv-LRJ(6)-4:7.csv_to_Ben-LRJ(1-6)-4:9.csv,RandomForest,False
lrj,Ben,Ben LRJ,Ben-LRJ(1-6)-4:9.csv,/Users/yanivnaggar/Desktop/Spring 2026/IS/OPENBCI_runs/Ben/Ben-LRJ(1-6)-4:9.csv,ben,JAW,4,2,False,-2,jaw,3,3->3,16,4,Ben::Ben-LRJ(1-6)-4:9.csv::trial_16,48463,49274,193.852,197.096,3.244,2,sliding,48588,48837,194.352,195.348,1.0,1.0,0.5,observed_count 2 vs expected_count 4,-0.0009438700280585177,0.9975348643329515,0.9975353108789631,9.402022805619533,0.9950758055597598,0.9950766964503895,0.00019555280787219968,0.198881306890479,-0.0021050281912044443,0.46342453256607846,0.4634293134101188,4.96283361406242,0.2147622973840883,0.21476672852777412,0.0002621729735341667,0.06323527523956508,0.0017962235155393484,0.2572267912818251,0.2572330627506141,1.6168981830580211,0.06616562215314359,0.06616884857206136,4.0067763177105355e-05,0.025920671738050967,-0.0018366504582728433,0.3283813137834685,0.3283864499748166,2.7860843132114717,0.10783428724215682,0.1078376605270627,3.133425742947929e-05,0.01804294046436069,-6.662016566196704e-05,0.13564603165091393,0.00015548504469509433,0.17296063515242804,0.0001642185504427204,0.1808383664261183,0.00022210521035706136,0.03731460350151412,0.00023083871610468743,0.045192334775204394,8.733505747626062e-06,0.007877731273690278,JAW,0.38666666666666666,0.36333333333333334,0.25,6,0.04666666666666667,0.08333333333333333,0.17333333333333334,0.14,0.13333333333333333,0.42333333333333334,Yaniv-LRJ(6)-4:7.csv_to_Ben-LRJ(1-6)-4:9.csv,RandomForest,False
lrj,Ben,Ben LRJ,Ben-LRJ(1-6)-4:9.csv,/Users/yanivnaggar/Desktop/Spring 2026/IS/OPENBCI_runs/Ben/Ben-LRJ(1-6)-4:9.csv,ben,JAW,4,2,False,-2,jaw,3,3->3,16,4,Ben::Ben-LRJ(1-6)-4:9.csv::trial_16,48463,49274,193.852,197.096,3.244,3,sliding,48713,48962,194.852,195.848,1.0,1.0,0.5,observed_count 2 vs expected_count 4,-0.00768655897845568,1.061975705052541,1.0620035222685331,9.402022805619533,1.1277923981218414,1.1278514813107707,0.00016225803100844405,0.029112758728658372,-0.006849150850045692,0.5283604017833317,0.528404792786752,4.96283361406242,0.2791647141726436,0.2792116250400103,7.530320809837608e-05,0.020985350639465324,0.00047902219520326627,0.28512047189254003,0.28512087428753474,1.6948026205939712,0.0812936834922247,0.08129391295448819,6.135478013667298e-05,0.02356164589491666,-0.0023669327694387384,0.3667893743105672,0.3667970112717283,3.0356572472530736,0.13453444510713736,0.1345400474778724,4.108166654373357e-05,0.008612040217742058,8.695482291006798e-05,0.008127408089193048,0.00010090325087177108,0.0055511128337417115,0.00012117636446471048,0.020500718510916314,1.39484279617031e-05,-0.0025762952554513364,3.42215415546425e-05,0.012373310421723266,2.0273113592939404e-05,0.014949605677174602,JAW,0.36333333333333334,0.33666666666666667,0.3,3,0.07333333333333333,0.11333333333333333,0.31666666666666665,0.13333333333333333,0.17666666666666667,0.18666666666666668,Yaniv-LRJ(6)-4:7.csv_to_Ben-LRJ(1-6)-4:9.csv,RandomForest,False
lrj,Ben,Ben LRJ,Ben-LRJ(1-6)-4:9.csv,/Users/yanivnaggar/Desktop/Spring 2026/IS/OPENBCI_runs/Ben/Ben-LRJ(1-6)-4:9.csv,ben,JAW,4,2,False,-2,jaw,3,3->3,16,4,Ben::Ben-LRJ(1-6)-4:9.csv::trial_16,48463,49274,193.852,197.096,3.244,4,sliding,48838,49087,195.352,196.348,1.0,1.0,0.5,observed_count 2 vs expected_count 4,-0.0020008915811023267,0.872238905427777,0.8722412004193368,7.553237139275727,0.7608007081418466,0.7608047117089658,8.493653846218578e-05,0.021441329683159496,-0.0005258312270933559,0.4443900646306158,0.4443903757293606,3.8213249054245804,0.19748252954240292,0.19748280604088228,7.143354204632234e-05,0.021575058308640097,-0.0009216615434577826,0.26105494723970685,0.2610565742101256,1.4675158648571038,0.06814968547832612,0.06815053493832682,6.037232378915405e-05,0.009320397504398385,0.0011747753212172074,0.3189833212374327,0.3189854845047319,2.777914840511597,0.10175035922766319,0.10175173932471855,0.0001006285184276559,0.007491481868132734,1.3502996415863441e-05,-0.00013372862548060097,2.4564214673031735e-05,0.012120932178761111,-1.5691979965470123e-05,0.013949847815026763,1.1061218257168294e-05,0.012254660804241712,-2.9194976381333564e-05,0.014083576440507364,-4.025619463850186e-05,0.0018289156362656517,LEFT,0.29,0.4266666666666667,0.2833333333333333,6,0.043333333333333335,0.07666666666666666,0.2,0.14,0.12,0.42,Yaniv-LRJ(6)-4:7.csv_to_Ben-LRJ(1-6)-4:9.csv,RandomForest,False
lrj,Ben,Ben LRJ,Ben-LRJ(1-6)-4:9.csv,/Users/yanivnaggar/Desktop/Spring 2026/IS/OPENBCI_runs/Ben/Ben-LRJ(1-6)-4:9.csv,ben,JAW,4,2,False,-2,jaw,3,3->3,16,4,Ben::Ben-LRJ(1-6)-4:9.csv::trial_16,48463,49274,193.852,197.096,3.244,5,sliding,48963,49212,195.852,196.848,1.0,1.0,0.5,observed_count 2 vs expected_count 4,0.0031713334616140783,0.7582986208650763,0.758305252363322,7.40655738950019,0.5750167984058767,0.5750268557618015,0.00020737666845759966,0.11757683777351868,0.0012263657114507508,0.3998847810719877,0.39988666157531405,3.522675429444474,0.15990783813299153,0.15990934210584976,0.00014425779640830726,0.08725012605353229,-0.001856899126524748,0.23328339278614438,0.23329078298162703,1.3458312788331332,0.05442114134981452,0.0544245894241806,0.00014277902103037034,0.015204085267179649,-0.00019674928549561388,0.27184372594823125,0.2718437971477341,2.485582579382095,0.07389901133741705,0.0738990500476984,0.00010568975285883556,0.026803803791369766,6.31188720492924e-05,0.030326711719986396,6.459764742722932e-05,0.10237275250633904,0.0001016869155987641,0.09077303398214892,1.478775377936921e-06,0.07204604078635264,3.85680435494717e-05,0.060446322262162525,3.708926817153478e-05,-0.011599718524190117,LEFT,0.22333333333333333,0.4,0.37666666666666665,6,0.07333333333333333,0.06666666666666667,0.13666666666666666,0.08333333333333333,0.14333333333333334,0.49666666666666665,Yaniv-LRJ(6)-4:7.csv_to_Ben-LRJ(1-6)-4:9.csv,RandomForest,False
lrj,Ben,Ben LRJ,Ben-LRJ(1-6)-4:9.csv,/Users/yanivnaggar/Desktop/Spring 2026/IS/OPENBCI_runs/Ben/Ben-LRJ(1-6)-4:9.csv,ben,JAW,5,3,False,-2,jaw,3,3->3,17,5,Ben::Ben-LRJ(1-6)-4:9.csv::trial_17,50498,52029,201.992,208.116,6.124,1,sliding,50498,50747,201.992,202.988,1.0,1.0,0.5,observed_count 3 vs expected_count 5,3.204701872500726e-05,0.23377970787038127,0.23377971006691792,1.385167755615482,0.0546529518119608,0.05465295283897221,2.1359779051793894e-05,0.01320343875117653,-5.099330630009291e-05,0.19573229378409845,0.1957323004266335,1.1055038133811181,0.03831113082998462,0.03831113343030191,0.0013234935571380692,0.03172257686765706,-0.0007716249451240005,0.23910627459793973,0.2391075196583355,1.4209091446124225,0.05717181055210536,0.05717240595716129,0.00012255270510895877,0.03945307056405052,-0.0002605583168727157,0.2750938875906472,0.27509401098601205,3.507994805158333,0.07567664698973561,0.07567671488037211,0.005611819988261345,0.11168541942922774,-0.0013021337780862753,-0.01851913811648053,-0.00010119292605716487,-0.026249631812873993,-0.005590460209209551,-0.09848198067805121,0.0012009408520291104,-0.007730493696393462,-0.004288326431123275,-0.07996284256157069,-0.005489267283152386,-0.07223234886517722,LEFT,0.08333333333333333,0.52,0.39666666666666667,6,0.08,0.023333333333333334,0.023333333333333334,0.13,0.19,0.5533333333333333,Yaniv-LRJ(6)-4:7.csv_to_Ben-LRJ(1-6)-4:9.csv,RandomForest,False
lrj,Ben,Ben LRJ,Ben-LRJ(1-6)-4:9.csv,/Users/yanivnaggar/Desktop/Spring 2026/IS/OPENBCI_runs/Ben/Ben-LRJ(1-6)-4:9.csv,ben,JAW,5,3,False,-2,jaw,3,3->3,17,5,Ben::Ben-LRJ(1-6)-4:9.csv::trial_17,50498,52029,201.992,208.116,6.124,2,sliding,50623,50872,202.492,203.488,1.0,1.0,0.5,observed_count 3 vs expected_count 5,-0.0014270079770338155,0.638965935160437,0.6389675286328862,5.432003825370288,0.40827746629545175,0.40827950264721824,0.00013539642093556725,0.19305444419522122,-0.0013512176437787966,0.3853024625636252,0.38530483184968584,3.6279972558506874,0.1484579876575938,0.1484598134467147,0.00020885070145857618,0.08190172346010033,0.0024319191473041323,0.22862542990013482,0.22863836385821276,1.4359098707274307,0.05226958719702146,0.05227550142776049,8.468065579117075e-05,0.013867075901311397,-0.0029811125576357316,0.23310797020141016,0.23312703147319236,1.7750553467632786,0.054339325771421525,0.05434821280350283,7.49825732429414e-05,0.024291386292353605,-7.345428052300893e-05,0.11115272073512089,5.0715765144396496e-05,0.17918736829390983,6.0413847692625844e-05,0.1687630579028676,0.00012417004566740543,0.06803464755878894,0.00013386812821563476,0.057610337167746724,9.698082548229348e-06,-0.010424310391042208,LEFT,0.18333333333333332,0.41,0.4066666666666667,6,0.09,0.06666666666666667,0.15666666666666668,0.06666666666666667,0.14333333333333334,0.4766666666666667,Yaniv-LRJ(6)-4:7.csv_to_Ben-LRJ(1-6)-4:9.csv,RandomForest,False
lrj,Ben,Ben LRJ,Ben-LRJ(1-6)-4:9.csv,/Users/yanivnaggar/Desktop/Spring 2026/IS/OPENBCI_runs/Ben/Ben-LRJ(1-6)-4:9.csv,ben,JAW,5,3,False,-2,jaw,3,3->3,17,5,Ben::Ben-LRJ(1-6)-4:9.csv::trial_17,50498,52029,201.992,208.116,6.124,3,sliding,50748,50997,202.992,203.988,1.0,1.0,0.5,observed_count 3 vs expected_count 5,0.0006751076981619479,0.8292177762337246,0.8292180510531638,5.834880016816124,0.6876021204220033,0.6876025761924074,0.00010601487159916318,0.054951953032059124,-0.0005059953296081802,0.4839528379709708,0.4839531024917913,3.6279972558506874,0.23421034938015667,0.23421060541143027,0.00013216858672360983,0.04291320099129582,0.0014425758786517538,0.2417593074957965,0.24176361137692487,1.2918438420480651,0.05844756276084709,0.05844964378601276,0.0002053672771259045,0.020385320485467196,-0.00046160435053509065,0.2919711782153679,0.29197154311173296,1.8294312967541941,0.08524716890847012,0.08524738198704652,2.0247033687365605e-05,0.029141714688597976,-2.6153715124446644e-05,0.012038752040763302,-9.935240552674132e-05,0.034566632546591924,8.576783791179758e-05,0.025810238343461148,-7.319869040229467e-05,0.022527880505828626,0.00011192155303624423,0.013771486302697845,0.0001851202434385389,-0.00875639420313078,LEFT,0.24666666666666667,0.43333333333333335,0.32,6,0.06666666666666667,0.07666666666666666,0.12333333333333334,0.11333333333333333,0.16333333333333333,0.45666666666666667,Yaniv-LRJ(6)-4:7.csv_to_Ben-LRJ(1-6)-4:9.csv,RandomForest,False
lrj,Ben,Ben LRJ,Ben-LRJ(1-6)-4:9.csv,/Users/yanivnaggar/Desktop/Spring 2026/IS/OPENBCI_runs/Ben/Ben-LRJ(1-6)-4:9.csv,ben,JAW,5,3,False,-2,jaw,3,3->3,17,5,Ben::Ben-LRJ(1-6)-4:9.csv::trial_17,50498,52029,201.992,208.116,6.124,4,sliding,50873,51122,203.492,204.488,1.0,1.0,0.5,observed_count 3 vs expected_count 5,0.002130368298495101,0.6099724764519805,0.6099761966651234,5.834880016816124,0.37206642202896195,0.3720709604980493,0.00015259282228294424,0.061430087191964106,0.002502353917557422,0.3692208696108155,0.36922934922795014,2.784771487033784,0.13632405055616684,0.13633031233129556,0.0002152540530158059,0.07236259258691023,0.0022942256738553053,0.24694218436490606,0.24695284143000631,1.3556076668458537,0.060980442418911256,0.06098570589035384,0.00014671708204066887,0.017162366207233208,0.0017423992782954984,0.25037232326128345,0.2503783860689609,1.6154639772459223,0.06268630025525262,0.06268933621049763,2.892047277715911e-05,0.028427575736756132,-6.266123073286165e-05,-0.010932505394946126,5.875740242275375e-06,0.0442677209847309,0.00012367234950578512,0.033002511455207974,6.853697097513703e-05,0.055200226379677024,0.0001863335802386468,0.0439350168501541,0.00011779660926350976,-0.011265209529522924,RIGHT,0.18333333333333332,0.37333333333333335,0.44333333333333336,6,0.09666666666666666,0.06333333333333334,0.1,0.07666666666666666,0.18,0.48333333333333334,Yaniv-LRJ(6)-4:7.csv_to_Ben-LRJ(1-6)-4:9.csv,RandomForest,False
lrj,Ben,Ben LRJ,Ben-LRJ(1-6)-4:9.csv,/Users/yanivnaggar/Desktop/Spring 2026/IS/OPENBCI_runs/Ben/Ben-LRJ(1-6)-4:9.csv,ben,JAW,5,3,False,-2,jaw,3,3->3,17,5,Ben::Ben-LRJ(1-6)-4:9.csv::trial_17,50498,52029,201.992,208.116,6.124,5,sliding,50998,51247,203.992,204.988,1.0,1.0,0.5,observed_count 3 vs expected_count 5,-0.005429107974595706,0.5038585265188256,0.5038877751634007,4.109896178202804,0.253873414745722,0.2539028899591218,0.0001706789257774493,0.08678443643393965,-0.00025252190242769503,0.3661812212535393,0.36618130832422985,2.9111123752312573,0.1340886867987335,0.1340887505660447,0.00011898607597449287,0.04510628564485636,0.0012982180644712789,0.24017155056474945,0.24017505921893495,1.3614680352238933,0.057682373700676,0.057684059070818916,0.00011666170032975026,0.023285066271536266,-0.000947302796792938,0.22739187122304425,0.22739384442175728,1.3408437729721419,0.05170706309831753,0.051707960480906354,7.662440289885751e-05,0.024925643987879307,5.1692849802956444e-05,0.041678150789083296,5.401722544769905e-05,0.0634993701624034,9.40545228785918e-05,0.06185879244606035,2.324375644742607e-06,0.021821219373320093,4.236167307563536e-05,0.020180641656977052,4.003729743089275e-05,-0.0016405777163430411,RIGHT,0.18333333333333332,0.37666666666666665,0.44,6,0.05333333333333334,0.06333333333333334,0.21666666666666667,0.05333333333333334,0.10333333333333333,0.51,Yaniv-LRJ(6)-4:7.csv_to_Ben-LRJ(1-6)-4:9.csv,RandomForest,False
lrj,Ben,Ben LRJ,Ben-LRJ(1-6)-4:9.csv,/Users/yanivnaggar/Desktop/Spring 2026/IS/OPENBCI_runs/Ben/Ben-LRJ(1-6)-4:9.csv,ben,JAW,5,3,False,-2,jaw,3,3->3,17,5,Ben::Ben-LRJ(1-6)-4:9.csv::trial_17,50498,52029,201.992,208.116,6.124,6,sliding,51123,51372,204.492,205.488,1.0,1.0,0.5,observed_count 3 vs expected_count 5,-0.0027556240045228946,0.8063777851920554,0.8063824935568101,7.326671598870853,0.6502451324512446,0.650252725914899,0.0001833218715021605,0.03955366356562033,-0.002662251487800603,0.5281006390070132,0.5281073494116513,4.946147096326625,0.27889028491961565,0.2788973725025999,0.00026778149477605913,0.01843198458332204,-0.0006006241928242754,0.2488895465419819,0.2488902712588308,1.2919477505755868,0.06194600637787337,0.06194636712729437,0.0001024670661777027,0.0136647498002393,-0.00054566031678649,0.2903776583965514,0.2903781710822038,2.604194824389762,0.0843191844958643,0.08431948224104562,5.266904430712822e-05,0.007139514301849753,-8.445962327389864e-05,0.021121678982298293,8.085480532445779e-05,0.02588891376538103,0.0001306528271950323,0.03241414926377058,0.00016531442859835641,0.004767234783082738,0.00021511245046893093,0.011292470281472285,4.9798021870574484e-05,0.006525235498389547,LEFT,0.22333333333333333,0.45,0.32666666666666666,6,0.04666666666666667,0.09666666666666666,0.18666666666666668,0.10666666666666667,0.12,0.44333333333333336,Yaniv-LRJ(6)-4:7.csv_to_Ben-LRJ(1-6)-4:9.csv,RandomForest,False
lrj,Ben,Ben LRJ,Ben-LRJ(1-6)-4:9.csv,/Users/yanivnaggar/Desktop/Spring 2026/IS/OPENBCI_runs/Ben/Ben-LRJ(1-6)-4:9.csv,ben,JAW,5,3,False,-2,jaw,3,3->3,17,5,Ben::Ben-LRJ(1-6)-4:9.csv::trial_17,50498,52029,201.992,208.116,6.124,7,sliding,51248,51497,204.992,205.988,1.0,1.0,0.5,observed_count 3 vs expected_count 5,-0.003345919537852451,0.9267314503729899,0.9267374904944654,8.02673963390032,0.8588311811104254,0.8588423762879793,0.0002858597324456472,0.02441457003564433,-0.005111025479143066,0.6019999722985261,0.6020216684047798,4.946147096326625,0.36240396664742613,0.36243008922887465,0.00015907624119902407,0.011091213709630673,-0.003041059486094179,0.24336188948349732,0.24338088933968482,1.296728103022475,0.05922500925297797,0.059234257295775916,0.00019168534065260593,0.007376533117933734,-0.0023771582202157947,0.31378349553714474,0.3137924998350236,2.604194824389762,0.09846008207150934,0.0984657329527133,7.910021623650748e-05,0.004977989097052076,0.00012678349124662316,0.013323356326013659,9.41743917930413e-05,0.017038036917710598,0.00020675951620913974,0.019436580938592254,-3.260909945358186e-05,0.0037146805916969386,7.997602496251659e-05,0.006113224612578597,0.00011258512441609844,0.0023985440208816582,JAW,0.36333333333333334,0.33666666666666667,0.3,6,0.04,0.11333333333333333,0.18666666666666668,0.07333333333333333,0.09,0.49666666666666665,Yaniv-LRJ(6)-4:7.csv_to_Ben-LRJ(1-6)-4:9.csv,RandomForest,False
lrj,Ben,Ben LRJ,Ben-LRJ(1-6)-4:9.csv,/Users/yanivnaggar/Desktop/Spring 2026/IS/OPENBCI_runs/Ben/Ben-LRJ(1-6)-4:9.csv,ben,JAW,5,3,False,-2,jaw,3,3->3,17,5,Ben::Ben-LRJ(1-6)-4:9.csv::trial_17,50498,52029,201.992,208.116,6.124,8,sliding,51373,51622,205.492,206.488,1.0,1.0,0.5,observed_count 3 vs expected_count 5,0.0007550221977828872,0.7808668930212052,0.7808672580375677,8.02673963390032,0.6097531046165903,0.6097536746751094,0.0003392483848340082,0.06790882250642663,0.0007977355888048274,0.4796183321121331,0.4796189955371806,4.478583117276447,0.23003374449802444,0.2300343808800941,0.00011638031357559246,0.05420553073729523,-0.0010540662220939858,0.2171403649437553,0.21714292330975882,1.289421306785117,0.04714993808790724,0.047151049143507796,0.00010599038009251116,0.012101966724901173,0.0008205300389394081,0.26225399620066475,0.26225527981865887,2.3517339787038147,0.06877715852321828,0.06877783179276308,0.00016465518721179954,0.011653844380523692,0.00022286807125841573,0.013703291769131404,0.00023325800474149704,0.05580685578152546,0.00017459319762220865,0.05625497812590294,1.0389933483081305e-05,0.042103564012394054,-4.8274873636207084e-05,0.042551686356771534,-5.866480711928839e-05,0.0004481223443774801,LEFT,0.22333333333333333,0.44666666666666666,0.33,6,0.043333333333333335,0.08,0.18333333333333332,0.07666666666666666,0.10333333333333333,0.5133333333333333,Yaniv-LRJ(6)-4:7.csv_to_Ben-LRJ(1-6)-4:9.csv,RandomForest,False
lrj,Ben,Ben LRJ,Ben-LRJ(1-6)-4:9.csv,/Users/yanivnaggar/Desktop/Spring 2026/IS/OPENBCI_runs/Ben/Ben-LRJ(1-6)-4:9.csv,ben,JAW,5,3,False,-2,jaw,3,3->3,17,5,Ben::Ben-LRJ(1-6)-4:9.csv::trial_17,50498,52029,201.992,208.116,6.124,9,sliding,51498,51747,205.992,206.988,1.0,1.0,0.5,observed_count 3 vs expected_count 5,0.007829764583076338,0.4904209436443732,0.4904834423081618,6.161868904636441,0.24051270196503752,0.24057400717846392,5.340553932692277e-05,0.011138898465404922,0.006235371509376623,0.2468673422277203,0.24694607613087993,3.01607615884971,0.06094348465857838,0.06098236451643834,3.150316061847394e-05,0.007303230158937811,0.0005947559615018785,0.19759697537001225,0.19759787045925106,1.1011545259567301,0.03904456467537722,0.039044918410030965,5.641214343183828e-05,0.013417088990548517,0.0037342448389441783,0.1720595585311016,0.17210007631153093,2.3270292791640204,0.029604491681917585,0.029618436266434768,6.359079297552137e-05,0.0051394218930995265,2.1902378708448832e-05,0.0038356683064671116,-3.0066041049155103e-06,-0.0022781905251435947,-1.0185253648598597e-05,0.005999476572305396,-2.4908982813364342e-05,-0.006113858831610706,-3.208763235704743e-05,0.0021638082658382842,-7.178649543683086e-06,0.00827766709744899,RIGHT,0.13333333333333333,0.30666666666666664,0.56,6,0.02666666666666667,0.056666666666666664,0.13666666666666666,0.06,0.19,0.53,Yaniv-LRJ(6)-4:7.csv_to_Ben-LRJ(1-6)-4:9.csv,RandomForest,False
lrj,Ben,Ben LRJ,Ben-LRJ(1-6)-4:9.csv,/Users/yanivnaggar/Desktop/Spring 2026/IS/OPENBCI_runs/Ben/Ben-LRJ(1-6)-4:9.csv,ben,JAW,5,3,False,-2,jaw,3,3->3,17,5,Ben::Ben-LRJ(1-6)-4:9.csv::trial_17,50498,52029,201.992,208.116,6.124,10,sliding,51623,51872,206.492,207.488,1.0,1.0,0.5,observed_count 3 vs expected_count 5,-0.000653815795555031,0.24163446081677972,0.24163534536427073,1.4256131191324606,0.058387212654215856,0.058387640129310386,4.1552991256776834e-05,0.00695438381278053,0.00043810352578017907,0.17443332202095663,0.17443387218647086,1.0602321012830578,0.03042698383126675,0.030427175765966055,6.489825368002374e-05,0.009162776760866685,0.001401930769453727,0.1936182971718184,0.19362337258088685,1.056951649967608,0.03748804499971457,0.03749001040959692,0.0001318076988334977,0.006231230364809883,-0.0013981912511351166,0.12383725584140556,0.1238451487669359,0.6260562575145414,0.015335665934329735,0.015337620873104488,4.4200929694105274e-05,0.004054837042056279,-2.3345262423246905e-05,-0.0022083929480861547,-9.025470757672086e-05,0.0007231534479706474,-2.6479384373284396e-06,0.002899546770724251,-6.690944515347396e-05,0.002931546396056802,2.0697323985918465e-05,0.005107939718810406,8.760676913939242e-05,0.0021763933227536038,RIGHT,0.13333333333333333,0.14333333333333334,0.7233333333333334,6,0.03,0.006666666666666667,0.02,0.0033333333333333335,0.17666666666666667,0.7633333333333333,Yaniv-LRJ(6)-4:7.csv_to_Ben-LRJ(1-6)-4:9.csv,RandomForest,False
lrj,Ben,Ben LRJ,Ben-LRJ(1-6)-4:9.csv,/Users/yanivnaggar/Desktop/Spring 2026/IS/OPENBCI_runs/Ben/Ben-LRJ(1-6)-4:9.csv,ben,JAW,5,3,False,-2,jaw,3,3->3,17,5,Ben::Ben-LRJ(1-6)-4:9.csv::trial_17,50498,52029,201.992,208.116,6.124,11,sliding,51748,51997,206.992,207.988,1.0,1.0,0.5,observed_count 3 vs expected_count 5,0.0003649664220118334,0.24970129144192965,0.2497015581614514,1.521318487390579,0.062350734947767494,0.06235086814825669,0.00020628446485471347,0.017607600897484244,-0.0006895356021727261,0.17637812283061965,0.1763794706665144,1.0715496037319483,0.03110924221325315,0.031109717672599815,0.0002446981698589583,0.012410640148338368,0.0006126091460022062,0.19769375586942067,0.19769470503714529,1.0782873753609756,0.0390828211097581,0.03908319639972387,0.00027084469576552984,0.011094854246530603,-0.000695102604246233,0.1380042574088468,0.13800600795109494,0.7010445598169706,0.019045175062967247,0.019045658230597676,0.00017785220825827807,0.0032673978922096274,-3.8413705004244816e-05,0.005196960749145876,-6.456023091081637e-05,0.0065127466509536415,2.84322565964354e-05,0.014340203005274617,-2.614652590657155e-05,0.0013157859018077655,6.684596160068021e-05,0.00914324225612874,9.299248750725176e-05,0.007827456354320975,RIGHT,0.15,0.18,0.67,6,0.023333333333333334,0.01,0.02666666666666667,0.006666666666666667,0.25,0.6833333333333333,Yaniv-LRJ(6)-4:7.csv_to_Ben-LRJ(1-6)-4:9.csv,RandomForest,False
lrj,Ben,Ben LRJ,Ben-LRJ(1-6)-4:9.csv,/Users/yanivnaggar/Desktop/Spring 2026/IS/OPENBCI_runs/Ben/Ben-LRJ(1-6)-4:9.csv,ben,JAW,6,3,False,-3,jaw,3,3->3,18,6,Ben::Ben-LRJ(1-6)-4:9.csv::trial_18,53267,54716,213.068,218.864,5.796,1,sliding,53267,53516,213.068,214.064,1.0,1.0,0.5,observed_count 3 vs expected_count 6,-0.010349778866320951,0.30715685347722504,0.30733117407873095,3.0837644662729953,0.09434533263802948,0.09445245056061123,5.360952629226037e-05,0.01642330972580177,-0.00366203288085741,0.20436734300473047,0.20440015012625026,1.3652011009637817,0.04176601088681316,0.041779421371633645,5.7384083140055826e-05,0.023203369368082077,0.0010899542518877751,0.21127770729744635,0.21128051874495346,1.220601363218639,0.044638269600865414,0.04463945760113663,0.00024940796246327915,0.020892248273723973,-0.0020527687208373685,0.16983704625602722,0.16984945139856408,0.9386949730186318,0.02884462228097193,0.02884883614039318,0.001140747558402661,0.018211512188801227,-3.7745568477954555e-06,-0.006780059642280307,-0.00019579843617101878,-0.004468938547922203,-0.0010871380321104006,-0.0017882024629994574,-0.00019202387932322333,0.002311121094358104,-0.0010833634752626053,0.004991857179280849,-0.0008913395959393819,0.0026807360849227455,RIGHT,0.11,0.29,0.6,6,0.07666666666666666,0.03333333333333333,0.09,0.03333333333333333,0.16,0.6066666666666667,Yaniv-LRJ(6)-4:7.csv_to_Ben-LRJ(1-6)-4:9.csv,RandomForest,False
lrj,Ben,Ben LRJ,Ben-LRJ(1-6)-4:9.csv,/Users/yanivnaggar/Desktop/Spring 2026/IS/OPENBCI_runs/Ben/Ben-LRJ(1-6)-4:9.csv,ben,JAW,6,3,False,-3,jaw,3,3->3,18,6,Ben::Ben-LRJ(1-6)-4:9.csv::trial_18,53267,54716,213.068,218.864,5.796,2,sliding,53392,53641,213.568,214.564,1.0,1.0,0.5,observed_count 3 vs expected_count 6,7.052707919945821e-05,0.6746346319493509,0.6746346356358418,6.835307018442832,0.45513188662543613,0.45513189159950507,0.0003201908997567733,0.15304237586969013,-0.0017004334655082588,0.43904851544283496,0.43905180831711416,3.7367575370593045,0.19276359891255732,0.19276649038652796,0.00020532240215954056,0.13282181496511658,-0.0002952708730283633,0.2272081827772352,0.2272083746383966,1.3957867962568846,0.05162355832093352,0.051623645505821984,3.358683151364086e-05,0.008192091760955662,-0.00278260381695219,0.28561624872927316,0.28562980310567065,2.1670473240822714,0.08157664153818205,0.08158438442218417,0.00012941418682423095,0.03672120577016315,0.00011486849759723274,0.020220560904573553,0.0002866040682431324,0.14485028410873446,0.00019077671293254235,0.11632117009952699,0.00017173557064589968,0.12462972320416092,7.590821533530961e-05,0.09610060919495343,-9.582735531059009e-05,-0.028529114009207487,LEFT,0.22333333333333333,0.42,0.3566666666666667,6,0.07,0.07666666666666666,0.15333333333333332,0.09,0.13333333333333333,0.4766666666666667,Yaniv-LRJ(6)-4:7.csv_to_Ben-LRJ(1-6)-4:9.csv,RandomForest,False
lrj,Ben,Ben LRJ,Ben-LRJ(1-6)-4:9.csv,/Users/yanivnaggar/Desktop/Spring 2026/IS/OPENBCI_runs/Ben/Ben-LRJ(1-6)-4:9.csv,ben,JAW,6,3,False,-3,jaw,3,3->3,18,6,Ben::Ben-LRJ(1-6)-4:9.csv::trial_18,53267,54716,213.068,218.864,5.796,3,sliding,53517,53766,214.068,215.064,1.0,1.0,0.5,observed_count 3 vs expected_count 6,0.007738136500774384,1.3201166588679107,1.320139338015908,15.283054039587043,1.7427079930205758,1.74276787177708,3.5758499067076536e-05,0.8497203252693297,0.0031006389483873432,0.8750190802515936,0.8750245738070634,9.369414283857786,0.7656583908043447,0.765668004766233,0.00022350253171991489,0.39521093344774205,-0.00023392295663319772,0.28968724840596893,0.2896873428525506,1.8871427244930137,0.08391870188902155,0.08391875660897119,0.00027016262378583885,0.024840568861497818,0.0025846573947122795,0.5472585170981811,0.5472646206273051,5.527537776176567,0.2994918845365001,0.2994985649903481,3.997269078067691e-05,0.16004681089826078,-0.00018774403265283836,0.45450939182158767,-0.00023440412471876232,0.824879756407832,-4.214191713600375e-06,0.6896735143710689,-4.6660092065923967e-05,0.3703703645862442,0.000183529840939238,0.23516412254948127,0.00023018993300516195,-0.13520624203676296,JAW,0.67,0.17666666666666667,0.15333333333333332,6,0.1,0.06666666666666667,0.17,0.14666666666666667,0.24333333333333335,0.2733333333333333,Yaniv-LRJ(6)-4:7.csv_to_Ben-LRJ(1-6)-4:9.csv,RandomForest,True
lrj,Ben,Ben LRJ,Ben-LRJ(1-6)-4:9.csv,/Users/yanivnaggar/Desktop/Spring 2026/IS/OPENBCI_runs/Ben/Ben-LRJ(1-6)-4:9.csv,ben,JAW,6,3,False,-3,jaw,3,3->3,18,6,Ben::Ben-LRJ(1-6)-4:9.csv::trial_18,53267,54716,213.068,218.864,5.796,4,sliding,53642,53891,214.568,215.564,1.0,1.0,0.5,observed_count 3 vs expected_count 6,-0.0006799389311120509,1.3016651457998512,1.301665323386583,15.283054039587043,1.6943321517901477,1.6943326141070976,8.672581404655153e-05,0.06224343788421486,-0.0004955192691900079,0.8683880463527882,0.8683881877292887,9.369414283857786,0.7540977990484123,0.7540980445877583,3.491329446033252e-05,0.02425766231330624,0.0010416580061792934,0.2960339221474803,0.2960357547888806,1.8871427244930137,0.08763608306202042,0.08763716811342226,0.0001137029410017965,0.008740424795634132,-0.0003248205970466724,0.5279185239758422,0.5279186239045295,5.527537776176567,0.2786979679568318,0.2786980734652521,5.063279794638384e-05,0.01379995926615086,5.181251958621901e-05,0.03798577557090862,-2.6977126955244965e-05,0.05350301308858073,3.609301610016769e-05,0.048443478618064,-7.878964654146398e-05,0.01551723751767211,-1.5719503486051323e-05,0.01045770304715538,6.307014305541265e-05,-0.005059534470516729,JAW,0.5566666666666666,0.27,0.17333333333333334,6,0.03,0.08333333333333333,0.23666666666666666,0.14333333333333334,0.22,0.2866666666666667,Yaniv-LRJ(6)-4:7.csv_to_Ben-LRJ(1-6)-4:9.csv,RandomForest,True
lrj,Ben,Ben LRJ,Ben-LRJ(1-6)-4:9.csv,/Users/yanivnaggar/Desktop/Spring 2026/IS/OPENBCI_runs/Ben/Ben-LRJ(1-6)-4:9.csv,ben,JAW,6,3,False,-3,jaw,3,3->3,18,6,Ben::Ben-LRJ(1-6)-4:9.csv::trial_18,53267,54716,213.068,218.864,5.796,5,sliding,53767,54016,215.068,216.064,1.0,1.0,0.5,observed_count 3 vs expected_count 6,-0.0010253903139788054,0.8272457419222813,0.8272463774195941,7.243419090580004,0.6843355175285456,0.6843365689538415,0.00011099855488708226,0.06421692786720543,-0.004337963280425365,0.5594280413003815,0.5594448599447523,4.663082560165084,0.3129597333931813,0.3129785513186035,0.0001323084922935934,0.04316484357458862,-0.001629207958037183,0.2627275522155887,0.2627326036329816,1.6054885927836875,0.06902576669319489,0.06902842101176543,2.4746879742247614e-05,0.009450382456214023,-0.0023389120044795438,0.3076122012951148,0.30762109305928764,2.1012785795536573,0.09462526638562621,0.0946307368949909,4.928129703318951e-05,0.016719103078381415,-2.1309937406511147e-05,0.021052084292616804,8.625167514483465e-05,0.0547665454109914,6.171725785389274e-05,0.047497824788824014,0.0001075616125513458,0.033714461118374596,8.302719526040389e-05,0.026445740496207206,-2.45344172909419e-05,-0.007268720622167392,LEFT,0.23666666666666666,0.46,0.30333333333333334,6,0.05333333333333334,0.07666666666666666,0.15666666666666668,0.15,0.15,0.41333333333333333,Yaniv-LRJ(6)-4:7.csv_to_Ben-LRJ(1-6)-4:9.csv,RandomForest,False
lrj,Ben,Ben LRJ,Ben-LRJ(1-6)-4:9.csv,/Users/yanivnaggar/Desktop/Spring 2026/IS/OPENBCI_runs/Ben/Ben-LRJ(1-6)-4:9.csv,ben,JAW,6,3,False,-3,jaw,3,3->3,18,6,Ben::Ben-LRJ(1-6)-4:9.csv::trial_18,53267,54716,213.068,218.864,5.796,6,sliding,53892,54141,215.568,216.564,1.0,1.0,0.5,observed_count 3 vs expected_count 6,-0.001321607618165416,0.657331822738291,0.657333151325217,7.1132302351133045,0.43208512518444414,0.4320868718311406,0.00015613617336419122,0.061053895396914415,0.002337927173035931,0.4355695289519627,0.43557580333955775,4.636361794262532,0.18972081455143466,0.1897262804549011,0.000114282688467645,0.04908520810138584,0.000752621244532329,0.24362914961280982,0.24363031211201655,1.3510512391889602,0.05935516254106087,0.0593557289797986,3.7796332611463764e-05,0.018823109174238087,0.0008860417489469588,0.25630557169437207,0.25630710320153005,1.952854581829798,0.0656925460815789,0.06569333115155977,0.00012382006526737046,0.01101795586038943,4.185348489654622e-05,0.011968687295528573,0.00011833984075272745,0.04223078622267633,3.2316108096820754e-05,0.050035939536524986,7.648635585618123e-05,0.030262098927147756,-9.537376799725468e-06,0.03806725224099641,-8.60237326559067e-05,0.007805153313848658,LEFT,0.22333333333333333,0.45666666666666667,0.32,6,0.03666666666666667,0.07,0.21,0.1,0.10333333333333333,0.48,Yaniv-LRJ(6)-4:7.csv_to_Ben-LRJ(1-6)-4:9.csv,RandomForest,False
lrj,Ben,Ben LRJ,Ben-LRJ(1-6)-4:9.csv,/Users/yanivnaggar/Desktop/Spring 2026/IS/OPENBCI_runs/Ben/Ben-LRJ(1-6)-4:9.csv,ben,JAW,6,3,False,-3,jaw,3,3->3,18,6,Ben::Ben-LRJ(1-6)-4:9.csv::trial_18,53267,54716,213.068,218.864,5.796,7,sliding,54017,54266,216.068,217.064,1.0,1.0,0.5,observed_count 3 vs expected_count 6,0.0011395351525141084,0.8675747935559412,0.8675755419293457,8.105324192472985,0.7526860224136341,0.7526873209539978,8.786505278235143e-05,0.25743590933953436,0.00485765206726585,0.5675268251315525,0.5675476138858364,6.520944680095733,0.32208669724389977,0.3221102940275064,6.210616401436218e-05,0.13582727946034864,0.002622605190906255,0.264587549331374,0.26460054670988425,1.6625944013351852,0.07000657126118227,0.07001344931916964,7.003877356970707e-05,0.026944369827553417,0.002170425055597665,0.3292842160147892,0.3292913689445812,3.5098567879446803,0.10842809491647434,0.10843280566139632,0.0001336641661560397,0.05038228357890913,2.575888876798925e-05,0.12160862987918572,1.7826279212644367e-05,0.23049153951198095,-4.579911337368826e-05,0.20705362576062525,-7.932609555344884e-06,0.10888290963279523,-7.155800214167751e-05,0.08544499588143951,-6.362539258633263e-05,-0.02343791375135571,LEFT,0.3,0.36666666666666664,0.3333333333333333,6,0.06666666666666667,0.06666666666666667,0.17,0.12,0.17666666666666667,0.4,Yaniv-LRJ(6)-4:7.csv_to_Ben-LRJ(1-6)-4:9.csv,RandomForest,False
lrj,Ben,Ben LRJ,Ben-LRJ(1-6)-4:9.csv,/Users/yanivnaggar/Desktop/Spring 2026/IS/OPENBCI_runs/Ben/Ben-LRJ(1-6)-4:9.csv,ben,JAW,6,3,False,-3,jaw,3,3->3,18,6,Ben::Ben-LRJ(1-6)-4:9.csv::trial_18,53267,54716,213.068,218.864,5.796,8,sliding,54142,54391,216.568,217.564,1.0,1.0,0.5,observed_count 3 vs expected_count 6,0.009677745183597665,1.07893402049417,1.0789774229943614,8.105324192472985,1.164098620579714,1.164192279331553,0.0001584707953057743,0.04076468379475649,0.0027090207662358906,0.6922239338622957,0.6922292347230822,6.520944680095733,0.479173974611792,0.47918131340530395,0.00019083472294175762,0.0237634670637319,-0.001873845152000455,0.2728093166572958,0.2728157520207995,1.6625944013351852,0.07442492325502068,0.07442843455067435,0.000311236230385192,0.017450723704759717,0.0017240567528140547,0.38713841454027415,0.3871422534217159,3.5098567879446803,0.14987615201275717,0.1498791243844441,0.0002062261409611458,0.00622417821045785,-3.2363927635983315e-05,0.01700121673102459,-0.0001527654350794177,0.023313960089996776,-4.7755345655371505e-05,0.03454050558429864,-0.00012040150744343437,0.0063127433589721844,-1.539141801938819e-05,0.017539288853274052,0.00010501008942404618,0.011226545494301868,JAW,0.4033333333333333,0.3433333333333333,0.25333333333333335,6,0.043333333333333335,0.09666666666666666,0.19,0.15666666666666668,0.18666666666666668,0.32666666666666666,Yaniv-LRJ(6)-4:7.csv_to_Ben-LRJ(1-6)-4:9.csv,RandomForest,True
lrj,Ben,Ben LRJ,Ben-LRJ(1-6)-4:9.csv,/Users/yanivnaggar/Desktop/Spring 2026/IS/OPENBCI_runs/Ben/Ben-LRJ(1-6)-4:9.csv,ben,JAW,6,3,False,-3,jaw,3,3->3,18,6,Ben::Ben-LRJ(1-6)-4:9.csv::trial_18,53267,54716,213.068,218.864,5.796,9,sliding,54267,54516,217.068,218.064,1.0,1.0,0.5,observed_count 3 vs expected_count 6,0.001788584957855052,0.8216560057010125,0.8216579523991073,6.857712334414079,0.6751185917045422,0.6751217907406937,0.00015088090878842976,0.11320689080800961,-0.0007408475548260549,0.4804819947119672,0.48048256586216564,4.360596948674796,0.23086294724239087,0.23086349609749035,0.00013356423831557666,0.07209086343545908,-0.0012067122595757233,0.2329348071188833,0.23293793276748373,1.3511543929854506,0.05425862436751137,0.054260080521988774,0.00016423945638849449,0.02374355249358917,-0.0009862128266350393,0.27539962888656266,0.27540139470706365,2.0355368860952785,0.07584495559085644,0.07584592820659587,8.82088970091069e-05,0.024794525191212485,1.7316670472853095e-05,0.04111602737255053,-1.335854760006473e-05,0.08946333831442044,6.267201177932285e-05,0.08841236561679712,-3.0675218072917824e-05,0.048347310941869906,4.5355341306469756e-05,0.04729633824424659,7.603055937938758e-05,-0.001050972697623314,LEFT,0.22666666666666666,0.43,0.3433333333333333,6,0.043333333333333335,0.056666666666666664,0.16666666666666666,0.12,0.10666666666666667,0.5066666666666667,Yaniv-LRJ(6)-4:7.csv_to_Ben-LRJ(1-6)-4:9.csv,RandomForest,False
lrj,Ben,Ben LRJ,Ben-LRJ(1-6)-4:9.csv,/Users/yanivnaggar/Desktop/Spring 2026/IS/OPENBCI_runs/Ben/Ben-LRJ(1-6)-4:9.csv,ben,JAW,6,3,False,-3,jaw,3,3->3,18,6,Ben::Ben-LRJ(1-6)-4:9.csv::trial_18,53267,54716,213.068,218.864,5.796,10,sliding,54392,54641,217.568,218.564,1.0,1.0,0.5,observed_count 3 vs expected_count 6,-0.01030096037293622,0.45791050579179876,0.4580263541534545,5.873414563907133,0.20968203131450094,0.2097881410991057,2.2414536276879714e-05,0.020880487006011438,-0.003324685247956901,0.24461828063967267,0.2446408730263764,1.9546428709478407,0.05983810322310965,0.05984915675510763,0.00016658220027880965,0.015767540485910506,0.0037386777078226964,0.23374460579339734,0.2337745034183875,1.245678446259994,0.054636540737510716,0.05465051844851368,0.00010711503168178978,0.011769930888460158,-0.0023865421639389177,0.17648200851724538,0.17649814422191903,1.4046004902625802,0.031145899330281075,0.031151594913781333,4.176463109597878e-05,0.007762225421026704,-0.00014416766400192994,0.005112946520100931,-8.470049540491007e-05,0.00911055611755128,-1.9350094819099068e-05,0.013118261584984733,5.946716859701987e-05,0.003997609597450349,0.00012481756918283085,0.008005315064883802,6.5350400585811e-05,0.004007705467433453,RIGHT,0.18333333333333332,0.23333333333333334,0.5833333333333334,6,0.006666666666666667,0.06,0.11666666666666667,0.07,0.17,0.5766666666666667,Yaniv-LRJ(6)-4:7.csv_to_Ben-LRJ(1-6)-4:9.csv,RandomForest,False
lrj,Yaniv,Yaniv LRJ,Yaniv-LRJ(6)-4:7.csv,/Users/yanivnaggar/Desktop/Spring 2026/IS/OPENBCI_runs/Yaniv/Yaniv-LRJ(6)-4:7.csv,yaniv,LEFT,1,1,True,0,left_right,1,1->1,1,1,Yaniv::Yaniv-LRJ(6)-4:7.csv::trial_1,11678,12071,46.712,48.284,1.572,1,sliding,11678,11927,46.712,47.708,1.0,1.0,0.5,,0.021463623582164817,0.27011038996493825,0.2709618237026904,1.3117483648349118,0.07295962276701101,0.07342030990428787,0.01423489045421622,0.0035177630588142626,5.125098713829956e-05,0.4320177625813584,0.43201776562135336,2.5958288349629783,0.18663934718580294,0.1866393498124666,0.01816221778907993,0.018032148853354205,0.027635336724958024,0.2817271313867142,0.28307929700931633,1.6864600082968948,0.07937017655938693,0.08013388839528872,0.00777234933900154,0.007382285966754514,0.02944391661941026,0.19495850612926868,0.19716937728269793,0.9537122917378542,0.03800881911215609,0.03887576333804688,0.0028168643202553635,0.015555662404265931,-0.003927327334863711,-0.014514385794539942,0.00646254111521468,-0.003864522907940251,0.011418026133960858,-0.012037899345451668,0.010389868450078391,0.01064986288659969,0.015345353468824569,0.0024764864490882735,0.004955485018746176,-0.008173376437511417,LEFT,2.6615903923307633e-06,0.5411089223568447,0.458888416052763,6,0.0007773093363657401,0.000236206515504618,0.0007869475813859681,0.23632642115684774,0.20841449482476807,0.5534586205851278,Ben-LRJ(1-6)-4:9.csv_to_Yaniv-LRJ(6)-4:7.csv,LDA,False
lrj,Yaniv,Yaniv LRJ,Yaniv-LRJ(6)-4:7.csv,/Users/yanivnaggar/Desktop/Spring 2026/IS/OPENBCI_runs/Yaniv/Yaniv-LRJ(6)-4:7.csv,yaniv,LEFT,1,1,True,0,left_right,1,1->1,1,1,Yaniv::Yaniv-LRJ(6)-4:7.csv::trial_1,11678,12071,46.712,48.284,1.572,2,sliding,11803,12052,47.212,48.208,1.0,1.0,0.5,,-0.00017655451050110216,0.2788063642834915,0.2788064201851782,1.360116033214733,0.07773298876497896,0.07773301993647413,0.02148213944130881,0.005673415046694827,0.0006870119895712996,0.4199531255939002,0.41995368754370993,2.5958288349629783,0.17636062769608613,0.17636109968155994,0.03639576286861616,0.015481241202854877,-0.007906471104714097,0.29127164606661693,0.2913789355593267,1.6864600082968948,0.08483917180235657,0.08490168408768625,0.009692020009695183,0.012444899506425106,-0.020018443177978497,0.17042831068845074,0.1715999625623183,0.8485503497788732,0.029045809084119092,0.029446547151389044,0.0017331042856320164,0.014721202050185567,-0.014913623427307354,-0.009807826156160049,0.011790119431613627,-0.0067714844597302785,0.019749035155676792,-0.00904778700349074,0.02670374285892098,0.003036341696429771,0.034662658582984146,0.00076003915266931,0.007958915724063167,-0.002276302543760461,RIGHT,5.037680749461133e-06,0.4809306233268512,0.5190643389923993,6,0.00010968476669791951,0.00042814786756082497,0.0001282563295885744,0.03829932576661701,0.21066337142109076,0.7503712138484449,Ben-LRJ(1-6)-4:9.csv_to_Yaniv-LRJ(6)-4:7.csv,LDA,False
lrj,Yaniv,Yaniv LRJ,Yaniv-LRJ(6)-4:7.csv,/Users/yanivnaggar/Desktop/Spring 2026/IS/OPENBCI_runs/Yaniv/Yaniv-LRJ(6)-4:7.csv,yaniv,LEFT,2,1,False,-1,left_right,1,1->1,2,2,Yaniv::Yaniv-LRJ(6)-4:7.csv::trial_2,13052,13592,52.208,54.368,2.16,1,sliding,13052,13301,52.208,53.204,1.0,1.0,0.5,observed_count 1 vs expected_count 2,-0.02390878684200152,0.40310309068796346,0.403811505297267,2.1551647834504655,0.16249210172218848,0.1630637318104447,0.03202979482594426,0.0065517677778694884,-0.047252799308369293,0.3847110911336189,0.387602180958385,2.1929351411076032,0.1480026236412196,0.15023545068369665,0.025416746602791387,0.014794208205560714,-0.019934081613332995,0.31072889153187067,0.31136764707077724,1.7450007080610819,0.09655244403262506,0.0969498116423921,0.005760663760496395,0.005368839538862979,-0.008923299302979287,0.3213016797305275,0.321425566295074,1.7298272821539267,0.10323476939765847,0.10331439466810903,0.006864276321670769,0.005542090651000294,0.006613048223152871,-0.008242440427691226,0.026269131065447864,0.0011829282390065097,0.02516551850427349,0.0010096771268691945,0.019656082842294993,0.009425368666697735,0.018552470281120618,0.009252117554560419,-0.0011036125611743738,-0.0001732511121373152,RIGHT,3.316393910925086e-07,0.0011106237099046212,0.9988890446507043,5,0.002311423236356005,0.06257431996592125,0.029159936084434845,0.22169423631863688,0.4032761670754441,0.28098391731920686,Ben-LRJ(1-6)-4:9.csv_to_Yaniv-LRJ(6)-4:7.csv,LDA,False
lrj,Yaniv,Yaniv LRJ,Yaniv-LRJ(6)-4:7.csv,/Users/yanivnaggar/Desktop/Spring 2026/IS/OPENBCI_runs/Yaniv/Yaniv-LRJ(6)-4:7.csv,yaniv,LEFT,2,1,False,-1,left_right,1,1->1,2,2,Yaniv::Yaniv-LRJ(6)-4:7.csv::trial_2,13052,13592,52.208,54.368,2.16,2,sliding,13177,13426,52.708,53.704,1.0,1.0,0.5,observed_count 1 vs expected_count 2,0.07897264290773444,0.45524843383324054,0.46204741621986256,2.1551647834504655,0.2072511365076184,0.21348781483545093,0.03447300708707188,0.007220687312715025,0.00628937935004464,0.5466656507865096,0.5467018291925195,3.0046119013275705,0.29884333374983807,0.29888289004244684,0.03276375434255956,0.009499280849476514,-0.009143624241717397,0.33381094673419065,0.3339361526158113,1.7450007080610819,0.11142974815957665,0.11151335402385039,0.013071275234071564,0.00882527898364502,0.02159480458583225,0.32940140884632274,0.3301085029729507,1.7298272821539267,0.10850528814994229,0.10897162373504259,0.006390047406918144,0.0035148870995958398,0.0017092527445123143,-0.002278593536761489,0.021401731853000313,-0.0016045916709299954,0.028082959680153733,0.003705800213119185,0.019692479108488,0.0006740018658314938,0.02637370693564142,0.005984393749880674,0.00668122782715342,0.0053103918840491805,LEFT,6.7757993639428335e-09,0.9999950593859115,4.933838289216105e-06,1,0.9108786737122233,0.001903390306761385,1.2294839196202071e-05,0.0005200503510287933,0.007114209583317059,0.07957138120747312,Ben-LRJ(1-6)-4:9.csv_to_Yaniv-LRJ(6)-4:7.csv,LDA,False
lrj,Yaniv,Yaniv LRJ,Yaniv-LRJ(6)-4:7.csv,/Users/yanivnaggar/Desktop/Spring 2026/IS/OPENBCI_runs/Yaniv/Yaniv-LRJ(6)-4:7.csv,yaniv,LEFT,2,1,False,-1,left_right,1,1->1,2,2,Yaniv::Yaniv-LRJ(6)-4:7.csv::trial_2,13052,13592,52.208,54.368,2.16,3,sliding,13302,13551,53.208,54.204,1.0,1.0,0.5,observed_count 1 vs expected_count 2,0.03385062955024348,0.4680505129365476,0.4692729992031431,2.6075461701797966,0.21907128266016532,0.22021714778111312,0.10651172828592129,0.004679586298900484,0.06587916096987066,0.4581637358884614,0.46287587184186424,3.0046119013275705,0.20991400888327177,0.21425407273336594,0.14991348303871763,0.022452638030536654,0.05216746157191731,0.2942806865422669,0.2988688115522351,1.1689496714202292,0.08660112247178796,0.08932256651864542,0.022155612208859057,0.007343255821905813,0.006326859329863197,0.18523680683115207,0.18534482392012308,1.0123105774352785,0.03431267460500155,0.034352703753981424,0.0078065520107982,0.008855258778327024,-0.04340175475279634,-0.01777305173163617,0.08435611607706223,-0.0026636695230053296,0.09870517627512308,-0.00417567247942654,0.12775787082985857,0.01510938220863084,0.14210693102791944,0.01359737925220963,0.014349060198060856,-0.0015120029564212106,LEFT,3.637825882249457e-26,0.9998964113787498,0.00010358862125018488,5,8.189964744574846e-07,0.0002802187398115806,2.2921902661530045e-08,0.003977665469548145,0.6867443732693095,0.30899690060295376,Ben-LRJ(1-6)-4:9.csv_to_Yaniv-LRJ(6)-4:7.csv,LDA,False
lrj,Yaniv,Yaniv LRJ,Yaniv-LRJ(6)-4:7.csv,/Users/yanivnaggar/Desktop/Spring 2026/IS/OPENBCI_runs/Yaniv/Yaniv-LRJ(6)-4:7.csv,yaniv,LEFT,3,3,True,0,left_right,1,1->1,3,3,Yaniv::Yaniv-LRJ(6)-4:7.csv::trial_3,14419,15160,57.676,60.64,2.964,1,sliding,14419,14668,57.676,58.672,1.0,1.0,0.5,,-0.01812104026939573,0.26165662687700264,0.26228336296665106,1.1694640099657199,0.06846419038865097,0.06879256248909602,0.024699217873865878,0.011665292670044652,-0.01250990750157392,0.39774279711794497,0.39793948088233794,2.083171230970799,0.15819933265920672,0.15835583044490462,0.013355272563150765,0.013229740121783901,-0.0006760374390815506,0.3571528862923714,0.35715352611109785,1.8576074128309448,0.1275581841869716,0.12755864121359067,0.013624981674734006,0.005809734766991244,-0.009562340295543209,0.27246946633796465,0.2726372102968027,1.2484044043184805,0.07423961008649525,0.07433104843842302,0.0073805465240978,0.008105363921611224,0.011343945310715113,-0.0015644474517392485,0.011074236199131872,0.005855557903053408,0.017318671349768076,0.0035599287484334285,-0.00026970911158324083,0.0074200053547926565,0.005974726039052965,0.005124376200172677,0.006244435150636206,-0.0022956291546199796,RIGHT,2.356570842436978e-08,4.642636493617223e-05,0.9999535500693553,6,0.0009184628623698292,0.008293352953259567,0.013974638814082183,0.13179016130812293,0.40776406655218717,0.4372593175099784,Ben-LRJ(1-6)-4:9.csv_to_Yaniv-LRJ(6)-4:7.csv,LDA,False
lrj,Yaniv,Yaniv LRJ,Yaniv-LRJ(6)-4:7.csv,/Users/yanivnaggar/Desktop/Spring 2026/IS/OPENBCI_runs/Yaniv/Yaniv-LRJ(6)-4:7.csv,yaniv,LEFT,3,3,True,0,left_right,1,1->1,3,3,Yaniv::Yaniv-LRJ(6)-4:7.csv::trial_3,14419,15160,57.676,60.64,2.964,2,sliding,14544,14793,58.176,59.172,1.0,1.0,0.5,,-0.0016642311899610328,0.27923947314226516,0.27924443239968716,1.2602566881604418,0.07797468336076983,0.07797745302622346,0.016024600052149035,0.007345520516343315,0.036600139533915194,0.41862533638073424,0.42022225366320726,2.083171230970799,0.17524717225988287,0.17658674247378492,0.009683455982474548,0.004597389021607047,-0.034718206535277005,0.37460879026220867,0.3762141672063156,1.8576074128309448,0.14033174574171545,0.1415370996067416,0.008785850116819633,0.0040498724932586305,0.010577783854751879,0.2348632373761513,0.2351013181206865,1.2484044043184805,0.0551607402708064,0.055272629782084234,0.008124557520552664,0.005520201494376353,0.006341144069674487,0.0027481314947362676,0.007238749935329402,0.0032956480230846843,0.00790004253159637,0.0018253190219669618,0.000897605865654915,0.0005475165283484167,0.001558898461921884,-0.0009228124727693058,0.0006612925962669689,-0.0014703290011177225,RIGHT,0.00014108752693893522,0.0006215874752593033,0.9992373249978017,5,0.0006479125781023413,0.007164742349331864,0.004368325117907916,0.07186048478294407,0.5190251360534993,0.3969333991182145,Ben-LRJ(1-6)-4:9.csv_to_Yaniv-LRJ(6)-4:7.csv,LDA,False
lrj,Yaniv,Yaniv LRJ,Yaniv-LRJ(6)-4:7.csv,/Users/yanivnaggar/Desktop/Spring 2026/IS/OPENBCI_runs/Yaniv/Yaniv-LRJ(6)-4:7.csv,yaniv,LEFT,3,3,True,0,left_right,1,1->1,3,3,Yaniv::Yaniv-LRJ(6)-4:7.csv::trial_3,14419,15160,57.676,60.64,2.964,3,sliding,14669,14918,58.676,59.672,1.0,1.0,0.5,,0.021229354215371043,0.2923154349037238,0.293085310043603,1.5654896949451196,0.0854483134829532,0.0858989989633549,0.03765206352424202,0.010166560358244031,0.00547218431897387,0.33491792956080774,0.33496263126283055,1.7056239300712788,0.11217001954129815,0.11219996434251897,0.03446016761123754,0.01883828216629055,0.01369552616813196,0.3513688476784628,0.3516356559791865,1.8065858636454855,0.1234600671188908,0.1236476345559128,0.019083976435282708,0.0036518795393994433,-0.006824975320491731,0.17344814628577065,0.17358237162251072,0.750410459841985,0.030084259449970095,0.030130839738095418,0.0025050603386232405,0.004773502773191073,0.0031918959130044777,-0.008671721808046517,0.01856808708895931,0.006514680818844588,0.03514700318561878,0.005393057585052959,0.015376191175954831,0.015186402626891105,0.0319551072726143,0.014064779393099476,0.016578916096659468,-0.0011216232337916293,RIGHT,2.3126557942554062e-10,0.00015750085548998428,0.9998424989132445,6,2.4925796881220217e-05,0.00039490321596780977,3.540906760080573e-05,0.024047710253195825,0.3106729514980768,0.6648241001682774,Ben-LRJ(1-6)-4:9.csv_to_Yaniv-LRJ(6)-4:7.csv,LDA,False
lrj,Yaniv,Yaniv LRJ,Yaniv-LRJ(6)-4:7.csv,/Users/yanivnaggar/Desktop/Spring 2026/IS/OPENBCI_runs/Yaniv/Yaniv-LRJ(6)-4:7.csv,yaniv,LEFT,3,3,True,0,left_right,1,1->1,3,3,Yaniv::Yaniv-LRJ(6)-4:7.csv::trial_3,14419,15160,57.676,60.64,2.964,4,sliding,14794,15043,59.176,60.172,1.0,1.0,0.5,,-0.024326645516952048,0.35767879897575927,0.3585051030583094,1.8163265812371,0.1279341232367416,0.12852590891884905,0.007119889398011325,0.005147687653942968,-0.02173712158833743,0.47607493553207303,0.47657092514841237,2.5390486637989205,0.22664734424186747,0.22711984669681368,0.025562658023999013,0.00458572227200573,0.023447917084397626,0.39491956468384465,0.39561504949341114,2.116703734264486,0.15596146257007734,0.15651126738567414,0.007749428591585462,0.006673072729238446,-0.027289186969522972,0.23145158791842338,0.2330547945771922,1.3674662025168012,0.05356983754995967,0.054314537275417255,0.011140275777488818,0.006067036649958458,-0.018442768625987687,0.0005619653819372381,-0.0006295391935741369,-0.001525385075295478,-0.004020386379477493,-0.0009193489960154901,0.01781322943241355,-0.002087350457232716,0.014422382246510195,-0.0014813143779527282,-0.003390847185903356,0.0006060360792799879,RIGHT,0.006947427439156596,0.2211276297851806,0.7719249427756628,6,8.70967823324664e-05,0.000585240769766412,0.0015575013162979522,0.1671134593616147,0.22896277106180465,0.6016939307081838,Ben-LRJ(1-6)-4:9.csv_to_Yaniv-LRJ(6)-4:7.csv,LDA,False
lrj,Yaniv,Yaniv LRJ,Yaniv-LRJ(6)-4:7.csv,/Users/yanivnaggar/Desktop/Spring 2026/IS/OPENBCI_runs/Yaniv/Yaniv-LRJ(6)-4:7.csv,yaniv,LEFT,4,2,False,-2,left_right,1,1->1,4,4,Yaniv::Yaniv-LRJ(6)-4:7.csv::trial_4,16071,17077,64.284,68.308,4.024,1,sliding,16071,16320,64.284,65.28,1.0,1.0,0.5,observed_count 2 vs expected_count 4,-0.017947903625169667,0.22375976587556648,0.22447841782502545,1.1004756862941218,0.05006843282468833,0.0503905600692267,0.005764648731040598,0.006700511350101884,0.005200138479251299,0.20203254429572326,0.20209945669102322,1.1613895619514936,0.04081714895460338,0.04084419039480677,0.008847036239775343,0.007818762488267107,-0.0098626875316913,0.27421566954668486,0.27439297737056695,1.7280621099127145,0.07519423342493667,0.07529150603028446,0.011614123468122182,0.013732035883311382,-0.008742050105675005,0.3169254130912979,0.31704596023784937,1.4848842720965485,0.10044171746308982,0.10051814090313996,0.0711948859588038,0.01603163241054678,-0.003082387508734745,-0.001118251138165223,-0.0058494747370815845,-0.007031524533209498,-0.0654302372277632,-0.009331121060444897,-0.0027670872283468394,-0.005913273395044275,-0.06234784971902846,-0.008212869922279674,-0.059580762490681616,-0.0022995965272353987,RIGHT,0.015102120976774082,2.244480932762552e-06,0.9848956345422931,3,0.004183612113911977,0.001990489959814724,0.5609742305793602,0.24647482138235846,0.13309931854362453,0.05327752742093007,Ben-LRJ(1-6)-4:9.csv_to_Yaniv-LRJ(6)-4:7.csv,LDA,False
lrj,Yaniv,Yaniv LRJ,Yaniv-LRJ(6)-4:7.csv,/Users/yanivnaggar/Desktop/Spring 2026/IS/OPENBCI_runs/Yaniv/Yaniv-LRJ(6)-4:7.csv,yaniv,LEFT,4,2,False,-2,left_right,1,1->1,4,4,Yaniv::Yaniv-LRJ(6)-4:7.csv::trial_4,16071,17077,64.284,68.308,4.024,2,sliding,16196,16445,64.784,65.78,1.0,1.0,0.5,observed_count 2 vs expected_count 4,0.008799760381071465,0.20710940573014958,0.2072962655830056,0.9457645459103862,0.042894305941895715,0.04297174172465999,0.014955652206438706,0.012343471456323654,0.011018036409965059,0.2507041211421864,0.25094611669441585,1.4999191494582618,0.06285255635767607,0.06297395348400738,0.031009682671262886,0.01539851308984073,0.013055486404324149,0.3051786418733962,0.3054577698814422,1.7558525256755466,0.09313400345569062,0.09330444918094409,0.08740095076222355,0.010030308425775398,0.020777364343327918,0.3603044434832312,0.3609030214099299,1.7520702628437121,0.12981929199376094,0.13025099086281633,0.06407577349479666,0.012479969512383083,-0.01605403046482418,-0.0030550416335170753,-0.07244529855578485,0.0023131630305482567,-0.04912012128835796,-0.00013649805605942845,-0.056391268090960664,0.005368204664065332,-0.033066090823533775,0.002918543577457647,0.02332517726742689,-0.002449661086607685,RIGHT,8.994464029707517e-05,2.7995422482606053e-06,0.9999072558174548,3,0.006982796875505003,0.0006168018544205531,0.9605034624272895,0.015171160841883281,0.013628454740794334,0.0030973232601073783,Ben-LRJ(1-6)-4:9.csv_to_Yaniv-LRJ(6)-4:7.csv,LDA,False
lrj,Yaniv,Yaniv LRJ,Yaniv-LRJ(6)-4:7.csv,/Users/yanivnaggar/Desktop/Spring 2026/IS/OPENBCI_runs/Yaniv/Yaniv-LRJ(6)-4:7.csv,yaniv,LEFT,4,2,False,-2,left_right,1,1->1,4,4,Yaniv::Yaniv-LRJ(6)-4:7.csv::trial_4,16071,17077,64.284,68.308,4.024,3,sliding,16321,16570,65.284,66.28,1.0,1.0,0.5,observed_count 2 vs expected_count 4,-0.03189243975206012,0.2848263297901654,0.2866062906760332,1.49493675471878,0.08112603814173606,0.08214316585507483,0.011950659447079716,0.003569660543738942,-0.014517761441363977,0.3544022924847142,0.35469952116642234,1.9157374247831886,0.12560098491842092,0.12581175031568928,0.02438111560150411,0.006386655010171218,-0.0053695032736134855,0.34118909181820856,0.34123134079556544,1.705016497748006,0.11640999637573396,0.11643882794113931,0.04984247705166538,0.010647121542521818,-0.002800038591996796,0.3954686720457977,0.3954785844843983,1.7520702628437121,0.1563954705696667,0.1564033107857834,0.0967165907529376,0.017755171484814026,-0.012430456154424393,-0.002816994466432276,-0.03789181760458567,-0.0070774609987828765,-0.08476593130585788,-0.014185510941075084,-0.025461361450161275,-0.0042604665323506,-0.0723354751514335,-0.011368516474642808,-0.04687411370127222,-0.007108049942292208,RIGHT,0.00015272134036280825,1.178502165764603e-05,0.9998354936379795,3,0.00037337604853397406,0.0010939331119097638,0.673977820676397,0.12456701878508163,0.1676648677198689,0.032322983658208605,Ben-LRJ(1-6)-4:9.csv_to_Yaniv-LRJ(6)-4:7.csv,LDA,False
lrj,Yaniv,Yaniv LRJ,Yaniv-LRJ(6)-4:7.csv,/Users/yanivnaggar/Desktop/Spring 2026/IS/OPENBCI_runs/Yaniv/Yaniv-LRJ(6)-4:7.csv,yaniv,LEFT,4,2,False,-2,left_right,1,1->1,4,4,Yaniv::Yaniv-LRJ(6)-4:7.csv::trial_4,16071,17077,64.284,68.308,4.024,4,sliding,16446,16695,65.784,66.78,1.0,1.0,0.5,observed_count 2 vs expected_count 4,-0.02667131293326171,0.31687809681612217,0.31799856473794297,1.6834785731101714,0.1004117282418077,0.10112308717539169,0.022365755570367837,0.005683799754068181,-0.06847557361309176,0.4013881762348302,0.4071871464115303,2.0363605765901447,0.1611124680211231,0.16580137220276503,0.05718445875173636,0.016847247345006772,-0.03299093893175352,0.45566005214744,0.4568528047135165,2.493881274409474,0.20762608312300773,0.20871448517460645,0.06759751161286937,0.01381856847950572,-0.03305524616464503,0.40972416826181407,0.41105540180958655,2.162207714931312,0.16787389405783534,0.16896654335684064,0.05660840881585757,0.013946692912411306,-0.034818703181368524,-0.011163447590938591,-0.04523175604250153,-0.008134768725437539,-0.03424265324548973,-0.008262893158343125,-0.010413052861133004,0.0030286788655010527,0.0005760499358787932,0.002900554432595466,0.010989102797011797,-0.00012812443290558667,RIGHT,8.131025166507231e-08,0.00046664301353745836,0.9995332756762108,3,0.002918748774808529,0.004493659275869621,0.7845527436877399,0.08866480037521404,0.09827772145425472,0.02109232643211337,Ben-LRJ(1-6)-4:9.csv_to_Yaniv-LRJ(6)-4:7.csv,LDA,False
lrj,Yaniv,Yaniv LRJ,Yaniv-LRJ(6)-4:7.csv,/Users/yanivnaggar/Desktop/Spring 2026/IS/OPENBCI_runs/Yaniv/Yaniv-LRJ(6)-4:7.csv,yaniv,LEFT,4,2,False,-2,left_right,1,1->1,4,4,Yaniv::Yaniv-LRJ(6)-4:7.csv::trial_4,16071,17077,64.284,68.308,4.024,5,sliding,16571,16820,66.284,67.28,1.0,1.0,0.5,observed_count 2 vs expected_count 4,-0.02610233665939675,0.3684748443326329,0.3693982172196267,1.7294040082972086,0.13577371090595802,0.13645504288503849,0.027705534274106255,0.009774563273792333,-0.016581806554294785,0.49223653824420666,0.4925157519219505,2.638617248177306,0.2422968095826403,0.24257176589124432,0.019290874935435326,0.019068963217620506,-0.011423140111915323,0.6030764410793571,0.6031846167757926,2.82475498744132,0.3637011937849433,0.36383168191495974,0.3554335306570997,0.05584320083544875,-0.01233448260496219,0.4422418832909445,0.4424138591837438,2.3255359066110524,0.19557788333672135,0.19573002279785348,0.18379171079875367,0.02440071981669205,0.00841465933867093,-0.009294399943828174,-0.32772799638299344,-0.04606863756165641,-0.1560861765246474,-0.014626156542899716,-0.33614265572166435,-0.03677423761782824,-0.16450083586331835,-0.005331756599071542,0.17164181985834603,0.0314424810187567,RIGHT,0.0008419363552897332,1.3034681960923013e-10,0.9991580635143634,3,1.8753484103301403e-06,2.0158917997079443e-06,0.9991616292766957,8.092459224761816e-05,0.0006390138830084049,0.00011454100783842849,Ben-LRJ(1-6)-4:9.csv_to_Yaniv-LRJ(6)-4:7.csv,LDA,False
lrj,Yaniv,Yaniv LRJ,Yaniv-LRJ(6)-4:7.csv,/Users/yanivnaggar/Desktop/Spring 2026/IS/OPENBCI_runs/Yaniv/Yaniv-LRJ(6)-4:7.csv,yaniv,LEFT,4,2,False,-2,left_right,1,1->1,4,4,Yaniv::Yaniv-LRJ(6)-4:7.csv::trial_4,16071,17077,64.284,68.308,4.024,6,sliding,16696,16945,66.784,67.78,1.0,1.0,0.5,observed_count 2 vs expected_count 4,0.05307930026014167,0.3474876016307576,0.35151820067132,1.5483449344173659,0.1207476332870961,0.12356504540320239,0.028418165423537284,0.007966521727459408,0.09767510949417318,0.500319334339651,0.5097645175262498,2.5003603826613046,0.2503194363140715,0.25985986332877026,0.04113253921180994,0.009234594968472077,0.017169147485184878,0.5706058396605538,0.5708640852953474,2.579841144714326,0.3255910242547256,0.32588580388009364,0.13967891940856755,0.008015416470706043,0.048403708840884664,0.4809538022211746,0.48338336638796114,2.168711696671031,0.23131655987100475,0.23365947890055788,0.10419441990776351,0.011308602815094,-0.012714373788272657,-0.0012680732410126697,-0.11126075398503027,-4.889474324663509e-05,-0.07577625448422623,-0.0033420810876345925,-0.09854638019675761,0.0012191784977660346,-0.06306188069595357,-0.002074007846621923,0.03548449950080404,-0.0032931863443879574,RIGHT,1.076264962795295e-08,2.6059773255098013e-05,0.9999739294640952,3,0.007492932879082237,0.0031878980063277276,0.7699288248055917,0.030590889383235204,0.17281561901891646,0.015983835906846836,Ben-LRJ(1-6)-4:9.csv_to_Yaniv-LRJ(6)-4:7.csv,LDA,False
lrj,Yaniv,Yaniv LRJ,Yaniv-LRJ(6)-4:7.csv,/Users/yanivnaggar/Desktop/Spring 2026/IS/OPENBCI_runs/Yaniv/Yaniv-LRJ(6)-4:7.csv,yaniv,LEFT,4,2,False,-2,left_right,1,1->1,4,4,Yaniv::Yaniv-LRJ(6)-4:7.csv::trial_4,16071,17077,64.284,68.308,4.024,7,sliding,16821,17070,67.284,68.28,1.0,1.0,0.5,observed_count 2 vs expected_count 4,0.05806293250731782,0.345618783310338,0.3504620485990854,1.7729620587006147,0.11945234337691839,0.12282364750826773,0.048533097289667176,0.007047471029112516,0.057472556397349224,0.42902005268627535,0.43285251569764616,2.3367561533006955,0.1840582056069345,0.187361300345781,0.0606362636830685,0.01051883093281715,-0.00676833993800064,0.4110994527200143,0.4111551659072419,2.132303912804683,0.1690027600266953,0.1690485704522116,0.2211649416990713,0.022783455693427657,0.016387129950079085,0.4147987917343366,0.4151223622647499,2.1157832226192337,0.17205803762426553,0.17232657565226628,0.0946391014888971,0.02033745471768404,-0.012103166393401324,-0.003471359903704634,-0.17263184440940413,-0.01573598466431514,-0.04610600419922993,-0.013289983688571523,-0.1605286780160028,-0.012264624760610507,-0.034002837805828606,-0.009818623784866889,0.1265258402101742,0.002446000975743618,RIGHT,4.7450858002927456e-11,6.310988744746074e-06,0.9999936889638044,3,0.003975456517320583,0.0004787355261262697,0.8142203483928532,0.001780548369882879,0.16838953207530855,0.011155379118508696,Ben-LRJ(1-6)-4:9.csv_to_Yaniv-LRJ(6)-4:7.csv,LDA,False
lrj,Yaniv,Yaniv LRJ,Yaniv-LRJ(6)-4:7.csv,/Users/yanivnaggar/Desktop/Spring 2026/IS/OPENBCI_runs/Yaniv/Yaniv-LRJ(6)-4:7.csv,yaniv,LEFT,5,4,False,-1,left_right,1,1->1,5,5,Yaniv::Yaniv-LRJ(6)-4:7.csv::trial_5,18322,19512,73.288,78.048,4.76,1,sliding,18322,18571,73.288,74.284,1.0,1.0,0.5,observed_count 4 vs expected_count 5,0.0040820315797993985,0.19027802186545298,0.19032180271016844,1.1223242584100313,0.0362057256050298,0.03622238858684827,0.0028000755306127048,0.0045020487757014786,0.018661759594114126,0.21617467087427827,0.21697868466453343,1.2933958458777493,0.04673148832760254,0.04707974959875104,0.01949368968494412,0.0022293701142589626,-0.0010889917964277771,0.315660319918968,0.3156621983615997,1.7963363418620415,0.09964143757134522,0.0996426234744779,0.04913788857415428,0.013967027830171739,0.007845889090743206,0.2386769808684398,0.23880590271619714,1.1799407283118213,0.056966701196473575,0.05702825917209782,0.0342148474795588,0.00870517116196079,-0.016693614154331415,0.002272678661442516,-0.04633781304354157,-0.00946497905447026,-0.031414771948946096,-0.004203122386259311,-0.029644198889210157,-0.011737657715912776,-0.014721157794614682,-0.006475801047701827,0.014923041094595475,0.005261856668210949,RIGHT,0.22805416946508705,1.8148497347771534e-05,0.7719276820375651,5,0.02114654622515504,0.0018990112271237136,0.33283383485678025,0.08948485260116172,0.34792674855898076,0.20670900653079843,Ben-LRJ(1-6)-4:9.csv_to_Yaniv-LRJ(6)-4:7.csv,LDA,False
lrj,Yaniv,Yaniv LRJ,Yaniv-LRJ(6)-4:7.csv,/Users/yanivnaggar/Desktop/Spring 2026/IS/OPENBCI_runs/Yaniv/Yaniv-LRJ(6)-4:7.csv,yaniv,LEFT,5,4,False,-1,left_right,1,1->1,5,5,Yaniv::Yaniv-LRJ(6)-4:7.csv::trial_5,18322,19512,73.288,78.048,4.76,2,sliding,18447,18696,73.788,74.784,1.0,1.0,0.5,observed_count 4 vs expected_count 5,-0.0021708212061124356,0.2316391498884876,0.23164932166050073,1.163299428311809,0.05365669576106123,0.05366140822577013,0.043081322970515076,0.007551282425225966,-0.011013291662398615,0.32749840404285274,0.3276835321523751,1.518194276069781,0.10725520465061561,0.10737649724385664,0.023257433599638076,0.013389452201943187,-0.020681368803550825,0.45465622823793833,0.4551263614548566,2.111350685788675,0.20671228587554827,0.20714000489113676,0.17108375175513163,0.015549424069233535,-0.028065871271597886,0.3633237003802494,0.364406098176514,1.6979163281486034,0.13200411125799724,0.13279180438823113,0.04905646765465124,0.020900798861559277,0.019823889370877,-0.005838169776717222,-0.12800242878461654,-0.00799814164400757,-0.005975144684136166,-0.013349516436333312,-0.14782631815549355,-0.0021599718672903473,-0.025799034055013166,-0.0075113466596160895,0.12202728410048039,-0.005351374792325742,RIGHT,3.992649656019281e-13,3.523226047845634e-08,0.9999999647673402,3,0.0008414372853652772,0.002684770403233585,0.9078896645875727,0.02644178249194706,0.02896483181399952,0.03317751341788169,Ben-LRJ(1-6)-4:9.csv_to_Yaniv-LRJ(6)-4:7.csv,LDA,False
lrj,Yaniv,Yaniv LRJ,Yaniv-LRJ(6)-4:7.csv,/Users/yanivnaggar/Desktop/Spring 2026/IS/OPENBCI_runs/Yaniv/Yaniv-LRJ(6)-4:7.csv,yaniv,LEFT,5,4,False,-1,left_right,1,1->1,5,5,Yaniv::Yaniv-LRJ(6)-4:7.csv::trial_5,18322,19512,73.288,78.048,4.76,3,sliding,18572,18821,74.288,75.284,1.0,1.0,0.5,observed_count 4 vs expected_count 5,-0.02522990626395406,0.2311795884633357,0.23255225282109215,1.248772891736985,0.05344400212207725,0.05408055029216516,0.011708197715683035,0.007490261330323036,-0.009461959384888502,0.4247262455072614,0.4248316281753229,2.1332947284403927,0.1803923836226945,0.1804819122980958,0.08179713634508048,0.005661757422091462,-0.004398553492973125,0.4798622934430279,0.4798824522122404,2.111350685788675,0.23026782066840262,0.2302871679412332,0.16432116829538332,0.022185412951758635,-0.0015470616251510379,0.4688439212518218,0.4688464736931019,2.1589356775149042,0.21981462249478448,0.21981701589445649,0.32584055939958695,0.017658297850076096,-0.07008893862939745,0.0018285039082315737,-0.15261297057970027,-0.0146951516214356,-0.3141323616839039,-0.01016803651975306,-0.08252403195030283,-0.016523655529667173,-0.24404342305450646,-0.011996540427984634,-0.16151939110420363,0.004527115101682539,RIGHT,0.01083618542803064,9.897413327021835e-09,0.9891638046745559,3,4.236729810577594e-06,6.97647739631008e-07,0.818575655610422,0.060929963981495444,0.11956798294754976,0.000921463082982609,Ben-LRJ(1-6)-4:9.csv_to_Yaniv-LRJ(6)-4:7.csv,LDA,False
lrj,Yaniv,Yaniv LRJ,Yaniv-LRJ(6)-4:7.csv,/Users/yanivnaggar/Desktop/Spring 2026/IS/OPENBCI_runs/Yaniv/Yaniv-LRJ(6)-4:7.csv,yaniv,LEFT,5,4,False,-1,left_right,1,1->1,5,5,Yaniv::Yaniv-LRJ(6)-4:7.csv::trial_5,18322,19512,73.288,78.048,4.76,4,sliding,18697,18946,74.788,75.784,1.0,1.0,0.5,observed_count 4 vs expected_count 5,0.06632224601134015,0.2567680044670958,0.26519511389541717,1.2891464531582102,0.06592980811801454,0.07032844843400328,0.008413223096696367,0.004231376145267861,-0.014189014107934335,0.6120878853912507,0.6122523234452344,3.762137344379125,0.3746515794427328,0.37485290756408796,0.06946459852142739,0.010397047409845218,-0.01534009260998026,0.3895854927642998,0.38988738709233095,1.7995892520307932,0.15177685617240233,0.1520121746136851,0.04109227798146178,0.004134338052409096,0.034944930195368186,0.37744491660690693,0.37905911573098205,2.1589356775149042,0.14246466507239494,0.14368581321875407,0.01576187470396896,0.005099905979323823,-0.06105137542473102,-0.006165671264577357,-0.03267905488476541,9.703809285876563e-05,-0.0073486516072725945,-0.0008685298340559613,0.028372320539965606,0.006262709357436122,0.05370272381745843,0.0052971414305213954,0.02533040327749282,-0.0009655679269147269,RIGHT,6.373059259673579e-14,1.6766558608496915e-06,0.9999983233440753,5,4.454112939170142e-07,2.0179923940237387e-06,0.018418259959567976,0.0023471569690819666,0.9748234721071933,0.004408647560468805,Ben-LRJ(1-6)-4:9.csv_to_Yaniv-LRJ(6)-4:7.csv,LDA,False
lrj,Yaniv,Yaniv LRJ,Yaniv-LRJ(6)-4:7.csv,/Users/yanivnaggar/Desktop/Spring 2026/IS/OPENBCI_runs/Yaniv/Yaniv-LRJ(6)-4:7.csv,yaniv,LEFT,5,4,False,-1,left_right,1,1->1,5,5,Yaniv::Yaniv-LRJ(6)-4:7.csv::trial_5,18322,19512,73.288,78.048,4.76,5,sliding,18822,19071,75.288,76.284,1.0,1.0,0.5,observed_count 4 vs expected_count 5,-0.009683619819176406,0.3918378717607634,0.3919575107569783,2.083989928722665,0.15353691774600448,0.15363069023880677,0.0747336406249735,0.0057035338319824744,0.006530217675518127,0.625893392381723,0.6259274577536851,3.6571518509964864,0.39174253862710157,0.39178518236999116,0.15424617846352331,0.02797089610507714,-0.0020198310822755233,0.4365214190762544,0.4365260920379764,2.0247746377508786,0.19055094931234692,0.19055502902994784,0.05905458764870742,0.009795159196320381,-0.012201303634125317,0.23544178037743896,0.23575772258331287,1.4425060701373686,0.0554328319472982,0.05558170375767031,0.013970482311855877,0.01148582444672027,-0.07951253783854982,-0.022267362273094664,0.015679052976266074,-0.004091625364337907,0.06076315831311761,-0.005782290614737796,0.0951915908148159,0.01817573690875676,0.14027569615166743,0.01648507165835687,0.045084105336851546,-0.0016906652503998892,LEFT,3.0405882268967773e-22,0.9999756527362332,2.434726376686395e-05,5,3.3075297531388557e-06,0.00014235144309811176,3.0022969925553734e-06,0.0027602808501180093,0.891586343586579,0.10550471429345938,Ben-LRJ(1-6)-4:9.csv_to_Yaniv-LRJ(6)-4:7.csv,LDA,True
lrj,Yaniv,Yaniv LRJ,Yaniv-LRJ(6)-4:7.csv,/Users/yanivnaggar/Desktop/Spring 2026/IS/OPENBCI_runs/Yaniv/Yaniv-LRJ(6)-4:7.csv,yaniv,LEFT,5,4,False,-1,left_right,1,1->1,5,5,Yaniv::Yaniv-LRJ(6)-4:7.csv::trial_5,18322,19512,73.288,78.048,4.76,6,sliding,18947,19196,75.788,76.784,1.0,1.0,0.5,observed_count 4 vs expected_count 5,-0.05214183953434719,0.455529503754276,0.45850398059410846,2.1719449902489885,0.20750712879061695,0.21022590022064258,0.01923421894195028,0.006713846237453572,0.06251590329525027,0.8525130270146034,0.8548021404947597,5.567387492961473,0.7267784612296019,0.7306866993944229,0.061639764475237606,0.013579671867688733,0.05208353259544804,0.6131920105846872,0.6153999806731492,3.093739992192051,0.3760044418448912,0.3787171362125123,0.2329304173727077,0.007231559489037436,0.00012357478429461465,0.3309455743580342,0.33094559742939084,1.9806095497255596,0.10952497318716913,0.10952498845789643,0.051157620163199954,0.011299444692429411,-0.04240554553328733,-0.006865825630235161,-0.21369619843075743,-0.0005177132515838635,-0.031923401221249675,-0.004585598454975839,-0.17129065289747009,0.006348112378651297,0.010482144312037651,0.002280227175259322,0.18177279720950773,-0.004067885203391975,LEFT,0.06675714373253229,0.9326998921629311,0.0005429641045365878,5,0.01334546790575249,0.0008953854058351375,0.2962410223267369,0.0009740617288688611,0.4986006846109027,0.189943378021904,Ben-LRJ(1-6)-4:9.csv_to_Yaniv-LRJ(6)-4:7.csv,LDA,True
lrj,Yaniv,Yaniv LRJ,Yaniv-LRJ(6)-4:7.csv,/Users/yanivnaggar/Desktop/Spring 2026/IS/OPENBCI_runs/Yaniv/Yaniv-LRJ(6)-4:7.csv,yaniv,LEFT,5,4,False,-1,left_right,1,1->1,5,5,Yaniv::Yaniv-LRJ(6)-4:7.csv::trial_5,18322,19512,73.288,78.048,4.76,7,sliding,19072,19321,76.288,77.284,1.0,1.0,0.5,observed_count 4 vs expected_count 5,0.020486908287068773,0.37713365373053537,0.3776896956329443,2.120569748543036,0.14222979277614337,0.14264950618730612,0.08207333051947835,0.012713407387536705,-0.01074025556629894,0.8201227786324269,0.8201931023371277,5.567387492961473,0.6726013720317727,0.6727167251214021,0.1813456395164286,0.04743404548801759,-0.044884723034692535,0.5506417700756128,0.5524680961955225,3.093739992192051,0.303206358952004,0.30522099731390506,0.09481783746939049,0.006511412923251076,0.04170852535558693,0.36187281022062645,0.36426848870621675,1.9806095497255596,0.13095193077697354,0.13269153186431118,0.07300861889686555,0.013284222116991883,-0.09927230899695025,-0.034720638100480886,-0.012744506949912138,0.00620199446428563,0.009064711622612798,-0.0005708147294551779,0.08652780204703811,0.04092263256476652,0.10833702061956305,0.034149823371025706,0.021809218572524935,-0.0067728091937408075,LEFT,2.3875309897110605e-28,0.9999999567828227,4.321717736053441e-08,5,0.014879814382618537,0.0007047416904006297,0.0005191996575860799,0.018954859759701265,0.9479142548456719,0.017027129664021565,Ben-LRJ(1-6)-4:9.csv_to_Yaniv-LRJ(6)-4:7.csv,LDA,True
lrj,Yaniv,Yaniv LRJ,Yaniv-LRJ(6)-4:7.csv,/Users/yanivnaggar/Desktop/Spring 2026/IS/OPENBCI_runs/Yaniv/Yaniv-LRJ(6)-4:7.csv,yaniv,LEFT,5,4,False,-1,left_right,1,1->1,5,5,Yaniv::Yaniv-LRJ(6)-4:7.csv::trial_5,18322,19512,73.288,78.048,4.76,8,sliding,19197,19446,76.788,77.784,1.0,1.0,0.5,observed_count 4 vs expected_count 5,0.018744769139909963,0.3212394441529201,0.3217858711158487,1.5918707459979236,0.10319478047967709,0.10354614684978561,0.03745072036605571,0.01544418160671876,0.02778511944873516,0.894421114355888,0.8948525815286051,4.7422112028764305,0.7999891298056284,0.8007611426684089,0.06921553993560484,0.03603411448566262,0.013920274486222083,0.5125986731683015,0.5127876497885602,2.2870869639329854,0.2627573997339033,0.26295117377567506,0.0462051835212498,0.012567029472173967,-0.0017387212243697014,0.35023376249336474,0.3502380783720621,1.5285411676986425,0.12266368839025864,0.12266671154175472,0.046145771087467716,0.017950410895739042,-0.03176481956954912,-0.02058993287894386,-0.008754463155194084,0.002877152134544793,-0.008695050721412002,-0.002506229289020282,0.02301035641435504,0.023467085013488653,0.02306976884813712,0.01808370358992358,5.941243378208144e-05,-0.005383381423565075,LEFT,1.198155143496766e-12,0.9306884192888765,0.0693115807099253,5,0.00019846679791080457,0.0023722921469478023,0.007410143008735504,0.0236611524366836,0.8344955794997551,0.13186236610996732,Ben-LRJ(1-6)-4:9.csv_to_Yaniv-LRJ(6)-4:7.csv,LDA,True
lrj,Yaniv,Yaniv LRJ,Yaniv-LRJ(6)-4:7.csv,/Users/yanivnaggar/Desktop/Spring 2026/IS/OPENBCI_runs/Yaniv/Yaniv-LRJ(6)-4:7.csv,yaniv,LEFT,6,3,False,-3,left_right,1,1->1,6,6,Yaniv::Yaniv-LRJ(6)-4:7.csv::trial_6,20640,21885,82.56,87.54,4.98,1,sliding,20640,20889,82.56,83.556,1.0,1.0,0.5,observed_count 3 vs expected_count 6,-0.013924816881340313,0.23673484944753084,0.23714402684470878,1.1431479882586721,0.0560433889429451,0.056237289468123966,0.009824893312369961,0.006670307499770104,0.010625686372223086,0.20320412477267086,0.20348174742592526,1.0148729872537334,0.04129191632462719,0.041404821535508035,0.008662122171388568,0.005282007478374163,-0.023939957178627645,0.20785422583436505,0.2092283459450888,1.0180640212364591,0.04320337919720323,0.04377650074691775,0.0036637990537505623,0.011336408682183788,0.0227446112611809,0.2556566641572558,0.25666641242951543,1.3607984314582886,0.06536032992801588,0.06587764726943812,0.008398529349608745,0.007299757641321369,0.0011627711409813932,0.0013883000213959409,0.006161094258619399,-0.004666101182413684,0.0014263639627612162,-0.0006294501415512648,0.004998323117638006,-0.006054401203809625,0.000263592821779823,-0.0020177501629472057,-0.004734730295858183,0.004036651040862419,RIGHT,0.0005363526987327611,5.710206101470247e-05,0.9994065452402525,4,0.0013926182230946794,0.004507786467440367,0.055893508333998816,0.36009178442157996,0.3422992666510415,0.23581503590284472,Ben-LRJ(1-6)-4:9.csv_to_Yaniv-LRJ(6)-4:7.csv,LDA,False
lrj,Yaniv,Yaniv LRJ,Yaniv-LRJ(6)-4:7.csv,/Users/yanivnaggar/Desktop/Spring 2026/IS/OPENBCI_runs/Yaniv/Yaniv-LRJ(6)-4:7.csv,yaniv,LEFT,6,3,False,-3,left_right,1,1->1,6,6,Yaniv::Yaniv-LRJ(6)-4:7.csv::trial_6,20640,21885,82.56,87.54,4.98,2,sliding,20765,21014,83.06,84.056,1.0,1.0,0.5,observed_count 3 vs expected_count 6,-0.009154007141360169,0.27654563321295844,0.276697096291053,1.2979365609371196,0.07647748724915615,0.07656128309590024,0.02541044091306258,0.004153733698828659,0.0021812886788469665,0.37677386398573937,0.37678017809200753,1.7835176217611066,0.14195854458274443,0.1419633026030449,0.03865749131127488,0.009965116043808609,-0.005107878621495225,0.4175390179690865,0.4175702598971831,2.1485325886215274,0.17433883152658913,0.17436492195060105,0.03784762583076021,0.01117798833836003,0.00028486396587358744,0.3557846712677567,0.3557847853078948,1.660528150126317,0.12658273230910572,0.1265828134565848,0.04338980124898822,0.016974097817916402,-0.013247050398212303,-0.00581138234497995,-0.012437184917697634,-0.007024254639531372,-0.017979360335925638,-0.012820364119087744,0.0008098654805146696,-0.0012128722945514217,-0.004732309937713335,-0.007008981774107793,-0.005542175418228004,-0.005796109479556371,RIGHT,7.663721938535869e-08,0.0014677185525248783,0.9985322048102558,5,0.006891374863524469,0.01678005764680252,0.2777976812881447,0.19282907958057058,0.3613652537945546,0.1443365528264031,Ben-LRJ(1-6)-4:9.csv_to_Yaniv-LRJ(6)-4:7.csv,LDA,False
lrj,Yaniv,Yaniv LRJ,Yaniv-LRJ(6)-4:7.csv,/Users/yanivnaggar/Desktop/Spring 2026/IS/OPENBCI_runs/Yaniv/Yaniv-LRJ(6)-4:7.csv,yaniv,LEFT,6,3,False,-3,left_right,1,1->1,6,6,Yaniv::Yaniv-LRJ(6)-4:7.csv::trial_6,20640,21885,82.56,87.54,4.98,3,sliding,20890,21139,83.56,84.556,1.0,1.0,0.5,observed_count 3 vs expected_count 6,0.02351542945542033,0.31340143407340204,0.31428241169645144,1.2979365609371196,0.09822045887926495,0.09877343430173778,0.012925605918757823,0.0048112590180920565,0.004214693875496788,0.39806068879874096,0.3980830009073387,1.7835176217611066,0.15845231196692808,0.15847007561139226,0.06335153594553367,0.013241470763568713,0.03974865400534738,0.5023691669809606,0.5039392179900082,2.1717670167531176,0.2523747799331442,0.25395473542838104,0.20898908822490145,0.00946968670279831,0.0015994118928181838,0.3883531149409078,0.38835640847385133,1.767145490839049,0.15081814188430592,0.15082070000270886,0.08980890342833112,0.012753140189168916,-0.05042593002677584,-0.008430211745476656,-0.19606348230614362,-0.004658427684706254,-0.07688329750957329,-0.007941881171076859,-0.14563755227936778,0.003771784060770403,-0.02645736748279745,0.0004883305743997972,0.11918018479657033,-0.0032834534863706057,RIGHT,0.0003148147086530513,4.055278098930437e-06,0.999681130013248,3,1.0612791407534639e-05,9.022443507702771e-06,0.9960208106929777,0.00044531745480704443,0.003098330979239338,0.0004159056380607653,Ben-LRJ(1-6)-4:9.csv_to_Yaniv-LRJ(6)-4:7.csv,LDA,False
lrj,Yaniv,Yaniv LRJ,Yaniv-LRJ(6)-4:7.csv,/Users/yanivnaggar/Desktop/Spring 2026/IS/OPENBCI_runs/Yaniv/Yaniv-LRJ(6)-4:7.csv,yaniv,LEFT,6,3,False,-3,left_right,1,1->1,6,6,Yaniv::Yaniv-LRJ(6)-4:7.csv::trial_6,20640,21885,82.56,87.54,4.98,4,sliding,21015,21264,84.06,85.056,1.0,1.0,0.5,observed_count 3 vs expected_count 6,-0.02962256568351735,0.30363455700161873,0.305076122637029,1.5815870606627618,0.09219394420556927,0.09307144060324356,0.01251302989671273,0.005604933070650839,0.0027601593894452494,0.30805274506424807,0.3080651103605758,1.3750850076090884,0.09489649374161863,0.09490411222147377,0.022368220278908224,0.007958476461276993,0.004345705435289252,0.47993167290835603,0.4799513473429818,2.206888569926975,0.23033441066061322,0.23035329581634356,0.07380777958979237,0.012077614072904882,-0.019962882960975085,0.40235435962734467,0.40284928621910726,1.8432607476219887,0.1618890307111306,0.1622875474072442,0.0900994820370419,0.017527728320974708,-0.009855190382195494,-0.0023535433906261543,-0.061294749693079645,-0.006472681002254043,-0.07758645214032918,-0.01192279525032387,-0.05143955931088415,-0.004119137611627889,-0.06773126175813368,-0.009569251859697715,-0.016291702447249534,-0.005450114248069826,RIGHT,3.1323345260899336e-05,1.5638864261459506e-06,0.9999671127683128,3,0.00014748623738614688,0.0012552390969846955,0.6793764194031722,0.1671231887182669,0.09976269665919701,0.052334969884993185,Ben-LRJ(1-6)-4:9.csv_to_Yaniv-LRJ(6)-4:7.csv,LDA,False
lrj,Yaniv,Yaniv LRJ,Yaniv-LRJ(6)-4:7.csv,/Users/yanivnaggar/Desktop/Spring 2026/IS/OPENBCI_runs/Yaniv/Yaniv-LRJ(6)-4:7.csv,yaniv,LEFT,6,3,False,-3,left_right,1,1->1,6,6,Yaniv::Yaniv-LRJ(6)-4:7.csv::trial_6,20640,21885,82.56,87.54,4.98,5,sliding,21140,21389,84.56,85.556,1.0,1.0,0.5,observed_count 3 vs expected_count 6,-0.021421705115412373,0.3108737471196875,0.3116109370646144,1.5815870606627618,0.09664248664823542,0.09710137609828709,0.041860531672665166,0.004174992087303048,-0.02295505615274344,0.34120796187625035,0.34197925061430307,1.4578376640475983,0.11642287324774471,0.1169498078507203,0.01878736047030069,0.017795377324604206,-0.04321118772038922,0.4752545061342914,0.47721489116031984,2.206888569926975,0.22586684560094922,0.22773405234515592,0.23050340763409635,0.014210162829022766,-0.0259304965870739,0.394239648414181,0.3950914970421273,1.9094556668887324,0.15542490038173706,0.15609729103498932,0.10589109881345343,0.02535007789198672,0.023073171202364476,-0.013620385237301157,-0.1886428759614312,-0.010035170741719716,-0.06403056714078827,-0.02117508580468367,-0.21171604716379566,0.0035852144955814402,-0.08710373834315274,-0.0075547005673825135,0.12461230882064292,-0.011139915062963954,RIGHT,7.225487983120195e-11,3.233150548778468e-09,0.9999999966945945,3,3.527580118118829e-05,0.00020356583529210166,0.9712170656860777,0.009848086492052549,0.012724486660682098,0.005971519524714346,Ben-LRJ(1-6)-4:9.csv_to_Yaniv-LRJ(6)-4:7.csv,LDA,False
lrj,Yaniv,Yaniv LRJ,Yaniv-LRJ(6)-4:7.csv,/Users/yanivnaggar/Desktop/Spring 2026/IS/OPENBCI_runs/Yaniv/Yaniv-LRJ(6)-4:7.csv,yaniv,LEFT,6,3,False,-3,left_right,1,1->1,6,6,Yaniv::Yaniv-LRJ(6)-4:7.csv::trial_6,20640,21885,82.56,87.54,4.98,6,sliding,21265,21514,85.06,86.056,1.0,1.0,0.5,observed_count 3 vs expected_count 6,-0.007815798756773807,0.30027237690644737,0.3003740785141986,1.4733001159082395,0.0901635003330476,0.09022458704325396,0.03321081426308249,0.0068697176905601134,-0.026348312444863603,0.3147082090117324,0.31580926266983433,1.3480772597869706,0.09904125681937226,0.09973549038806442,0.017306297566025693,0.014132449447847197,-0.012454683837896972,0.40650829785714054,0.40669904767064763,2.1292637549412685,0.16524899622670972,0.1654041153762117,0.044307344495560404,0.0069212717233130714,-0.0019295803549820932,0.28768897491100043,0.28769544585496754,1.642452799294782,0.08276494628534223,0.08276866956568857,0.012373689524398653,0.018034974418891948,0.015904516697056798,-0.0072627317572870834,-0.011096530232477912,-5.1554032752957994e-05,0.02083712473868384,-0.011165256728331834,-0.02700104692953471,0.0072111777245341254,0.00493260804162704,-0.0039025249710447508,0.031933654971161754,-0.011113702695578875,RIGHT,8.003534785538402e-09,7.697375322369192e-05,0.9999230182432414,5,0.0020563271023255106,0.015771559762882935,0.02025474523833892,0.1575572720330112,0.40952944896016197,0.39483064690327957,Ben-LRJ(1-6)-4:9.csv_to_Yaniv-LRJ(6)-4:7.csv,LDA,False
lrj,Yaniv,Yaniv LRJ,Yaniv-LRJ(6)-4:7.csv,/Users/yanivnaggar/Desktop/Spring 2026/IS/OPENBCI_runs/Yaniv/Yaniv-LRJ(6)-4:7.csv,yaniv,LEFT,6,3,False,-3,left_right,1,1->1,6,6,Yaniv::Yaniv-LRJ(6)-4:7.csv::trial_6,20640,21885,82.56,87.54,4.98,7,sliding,21390,21639,85.56,86.556,1.0,1.0,0.5,observed_count 3 vs expected_count 6,-0.012765639758451772,0.2869323040300472,0.28721613578354893,1.4709808449288873,0.08233014709599146,0.08249310865443403,0.02795133893957861,0.005072534515389682,-0.04664403132141546,0.4422280218607394,0.44468110930955435,2.401406932613048,0.1955656233188626,0.19774128897677581,0.04844417832108009,0.008984253933975665,0.03894679565634341,0.3722645729549992,0.37429636008017086,1.9347492952055636,0.13858091227736793,0.14009776516926492,0.044023213686385024,0.005466260629471562,0.0021958064844463973,0.2220812364937389,0.22209209163926824,1.0572213909694854,0.049320075602587984,0.04932489716870512,0.03001510789983591,0.006904545338869759,-0.020492839381501482,-0.003911719418585983,-0.016071874746806415,-0.00039372611408187985,-0.0020637689602573013,-0.001832010823480077,0.004420964634695067,0.003517993304504103,0.01842907042124418,0.002079708595105906,0.014008105786549114,-0.001438284709398197,RIGHT,2.2620463321059536e-07,0.011672358500822025,0.9883274152945448,5,0.000327231263798771,0.0006063369869757478,0.0023269811105845312,0.060267652236664505,0.5922126154261973,0.34425918297577907,Ben-LRJ(1-6)-4:9.csv_to_Yaniv-LRJ(6)-4:7.csv,LDA,False
lrj,Yaniv,Yaniv LRJ,Yaniv-LRJ(6)-4:7.csv,/Users/yanivnaggar/Desktop/Spring 2026/IS/OPENBCI_runs/Yaniv/Yaniv-LRJ(6)-4:7.csv,yaniv,LEFT,6,3,False,-3,left_right,1,1->1,6,6,Yaniv::Yaniv-LRJ(6)-4:7.csv::trial_6,20640,21885,82.56,87.54,4.98,8,sliding,21515,21764,86.06,87.056,1.0,1.0,0.5,observed_count 3 vs expected_count 6,-0.003143623924065556,0.2493459475232772,0.24936576332298882,1.2761078843676144,0.06217340154628092,0.06218328391765688,0.00813049580742678,0.007311714494511458,0.0514939819032018,0.45886852556473784,0.4617487995936792,2.401406932613048,0.21056032375395645,0.21321195392620373,0.031282084167644816,0.019641121284288732,-0.027311773839013894,0.33191304920508946,0.333034840854307,1.5434538903670376,0.11016627223262014,0.11091220522285358,0.028901769257448088,0.00931508458842123,-0.014844825579505996,0.2131751089992006,0.21369135673514505,1.0564621152563372,0.04544362709682106,0.04566399594330702,0.004667268285993671,0.014470639239714242,-0.023151588360218037,-0.012329406789777274,-0.020771273450021308,-0.0020033700939097714,0.0034632275214331086,-0.007158924745202784,0.0023803149101967284,0.010326036695867503,0.026614815881651144,0.0051704820445744905,0.024234500971454416,-0.005155554651293012,RIGHT,0.00904843699208616,0.05076178766250099,0.9401897753454129,5,0.0001691140819711445,0.0010265660732299673,0.007724541727257833,0.033363300134381435,0.5469189830688668,0.4107974949142929,Ben-LRJ(1-6)-4:9.csv_to_Yaniv-LRJ(6)-4:7.csv,LDA,False
lrj,Yaniv,Yaniv LRJ,Yaniv-LRJ(6)-4:7.csv,/Users/yanivnaggar/Desktop/Spring 2026/IS/OPENBCI_runs/Yaniv/Yaniv-LRJ(6)-4:7.csv,yaniv,RIGHT,1,1,True,0,left_right,2,2->2,7,1,Yaniv::Yaniv-LRJ(6)-4:7.csv::trial_7,22945,23336,91.78,93.344,1.564,1,sliding,22945,23194,91.78,92.776,1.0,1.0,0.5,,0.03221892913222961,0.19090412307928198,0.19360383158165356,0.9254420122435694,0.03644438420866965,0.03748244360309728,0.00652718578425738,0.007252389585897592,0.022572680168582163,0.19450525896293724,0.19581067809042585,0.9402732952776236,0.03783229576423928,0.03834182165423238,0.011815312508683359,0.009231252163246,0.03724712761285456,0.3216573068737524,0.3238066885978169,1.8324052147826064,0.1034634230652753,0.10485077158068357,0.0040938738018668425,0.0075087563650973735,0.02653952208784272,0.20398255985760969,0.205701801058509,0.9919903470243283,0.04160888472606332,0.042313230958714414,0.027321470535471497,0.011113154640988497,-0.005288126724425979,-0.0019788625773484083,0.0024333119823905375,-0.00025636677919978115,-0.02079428475121412,-0.0038607650550909044,0.0077214387068165165,0.0017224957981486272,-0.015506158026788138,-0.0018819024777424961,-0.023227596733604656,-0.0036043982758911233,RIGHT,1.515017646241308e-08,1.5489542014462262e-07,0.9999998299544033,5,2.611275325920492e-05,1.7853336762148705e-05,0.004755409318752193,0.38150675903330616,0.432079414180804,0.1816144513771163,Ben-LRJ(1-6)-4:9.csv_to_Yaniv-LRJ(6)-4:7.csv,LDA,False
lrj,Yaniv,Yaniv LRJ,Yaniv-LRJ(6)-4:7.csv,/Users/yanivnaggar/Desktop/Spring 2026/IS/OPENBCI_runs/Yaniv/Yaniv-LRJ(6)-4:7.csv,yaniv,RIGHT,1,1,True,0,left_right,2,2->2,7,1,Yaniv::Yaniv-LRJ(6)-4:7.csv::trial_7,22945,23336,91.78,93.344,1.564,2,sliding,23070,23319,92.28,93.276,1.0,1.0,0.5,,-0.016591477998520926,0.19912826858417892,0.19981827867216828,0.9254420122435694,0.039652067349332895,0.0399273444915083,0.006548757553079721,0.007587235113590386,-0.009844546718422493,0.21240825022126744,0.21263626187024587,0.9402732952776236,0.045117264762060565,0.04521417986215178,0.02403586803381801,0.007201109240875271,-0.032679981909793154,0.37225625797800244,0.37368797521650265,1.8324052147826064,0.13857472160378512,0.1396427028214095,0.03111825511624229,0.004986209383725919,0.005979336493749269,0.26414059727274375,0.264208265564322,1.3288579406061156,0.0697702551276018,0.06980600759250728,0.046835690247327096,0.015316383049837954,-0.01748711048073829,0.00038612587271511477,-0.02456949756316257,0.0026010257298644665,-0.04028693269424737,-0.007729147936247569,-0.007082387082424282,0.0022148998571493517,-0.022799822213509086,-0.008115273808962684,-0.015717435131084805,-0.010330173666112035,RIGHT,0.00028956998924134454,1.809617696039798e-05,0.9996923338337982,5,0.0011799078939474332,0.0008395824100210017,0.10884241038572841,0.18408707005891958,0.516790310049885,0.18826071920149853,Ben-LRJ(1-6)-4:9.csv_to_Yaniv-LRJ(6)-4:7.csv,LDA,False
lrj,Yaniv,Yaniv LRJ,Yaniv-LRJ(6)-4:7.csv,/Users/yanivnaggar/Desktop/Spring 2026/IS/OPENBCI_runs/Yaniv/Yaniv-LRJ(6)-4:7.csv,yaniv,RIGHT,2,2,True,0,left_right,2,2->2,8,2,Yaniv::Yaniv-LRJ(6)-4:7.csv::trial_8,24251,24807,97.004,99.228,2.224,1,sliding,24251,24500,97.004,98.0,1.0,1.0,0.5,,-0.0034374650445884196,0.24835511840399058,0.2483789061160246,1.0982566227474202,0.06168026483746018,0.061692081003392955,0.005552726651881143,0.0032348270381218945,-0.024035116185966775,0.2550820533417832,0.256211905943368,1.1075636419216417,0.06506685393706031,0.06564454074713325,0.012918059915971237,0.007154436422732887,0.01023990092446454,0.42071545443904956,0.42084005177121486,2.1437483510624658,0.17700149360385597,0.1771063491747988,0.007586629609114589,0.004843071298234188,0.02125739385725381,0.23842611679913808,0.23937186544270123,1.0903196493382734,0.05684701317191624,0.05729888996551866,0.01128581810559122,0.005939748537782955,-0.007365333264090094,-0.0039196093846109925,-0.002033902957233446,-0.0016082442601122937,-0.0057330914537100765,-0.0027049214996610607,0.0053314303068566484,0.002311365124498699,0.0016322418103800179,0.0012146878849499318,-0.0036991884964766306,-0.001096677239548767,RIGHT,0.0004845430751984608,0.0006570613036248407,0.9988583956211766,6,0.004922946024256061,0.001997539905642079,0.017185901935001868,0.3447573466538634,0.23011925537840172,0.401017010102835,Ben-LRJ(1-6)-4:9.csv_to_Yaniv-LRJ(6)-4:7.csv,LDA,False
lrj,Yaniv,Yaniv LRJ,Yaniv-LRJ(6)-4:7.csv,/Users/yanivnaggar/Desktop/Spring 2026/IS/OPENBCI_runs/Yaniv/Yaniv-LRJ(6)-4:7.csv,yaniv,RIGHT,2,2,True,0,left_right,2,2->2,8,2,Yaniv::Yaniv-LRJ(6)-4:7.csv::trial_8,24251,24807,97.004,99.228,2.224,2,sliding,24376,24625,97.504,98.5,1.0,1.0,0.5,,0.018999972852646593,0.2332839852409305,0.23405643921561312,1.0979752156734848,0.05442141776989068,0.054782416738292,0.006505330293442482,0.0035057909958325457,0.004964279827570515,0.28098152534413184,0.2810253754715425,1.2764470063959683,0.078950617584715,0.07897526165892142,0.02318860801943178,0.010504635303923007,0.020406955361073516,0.4374701643409179,0.4379458739565639,2.1437483510624658,0.19138014468846973,0.1917965885155786,0.008849361642020643,0.0060136871622535944,-0.007021521995303912,0.2722099188473436,0.272300462155333,1.1841728769779398,0.07409823991887737,0.07414754169000792,0.02152145343537815,0.011554637343776658,-0.016683277725989296,-0.006998844308090461,-0.002344031348578161,-0.0025078961664210487,-0.015016123141935667,-0.008048846347944113,0.014339246377411135,0.004490948141669412,0.001667154584053629,-0.0010500020398536512,-0.012672091793357506,-0.005540950181523063,RIGHT,3.249237630810066e-05,3.219617678629443e-05,0.9999353114469057,5,0.0012390173456602903,0.0019189426149286693,0.0970020071191952,0.21345628503607822,0.35445688232557304,0.3319268655585646,Ben-LRJ(1-6)-4:9.csv_to_Yaniv-LRJ(6)-4:7.csv,LDA,False
lrj,Yaniv,Yaniv LRJ,Yaniv-LRJ(6)-4:7.csv,/Users/yanivnaggar/Desktop/Spring 2026/IS/OPENBCI_runs/Yaniv/Yaniv-LRJ(6)-4:7.csv,yaniv,RIGHT,2,2,True,0,left_right,2,2->2,8,2,Yaniv::Yaniv-LRJ(6)-4:7.csv::trial_8,24251,24807,97.004,99.228,2.224,3,sliding,24501,24750,98.004,99.0,1.0,1.0,0.5,,-0.017899675740446538,0.27691123854571,0.2774891573098528,1.4643298281213382,0.07667983403291909,0.07700023242453222,0.016327733893409156,0.008154982262179299,-0.01143812626230259,0.35713830164902,0.3573214200648189,2.1148255128201883,0.1275477665047464,0.12767859723713876,0.1320923953759377,0.0039049215990678114,-0.023629827642199126,0.3873796817043818,0.38809971212536115,2.118517395191604,0.15006301779738818,0.1506213865517882,0.03044428306845519,0.004056165721794496,-0.034133292791253565,0.2884844067778494,0.29049670330442845,1.4420465345241955,0.08322325295396771,0.08438833463074114,0.05750932322587283,0.006687915014841232,-0.11576466148252854,0.0042500606631114875,-0.014116549175046032,0.004098816540384803,-0.04118158933246367,0.0014670672473380665,0.10164811230748251,-0.00015124412272668475,0.07458307215006488,-0.002782993415773421,-0.02706504015741764,-0.0026317492930467363,LEFT,1.6305133782347237e-09,0.9986547608094785,0.001345237560008106,5,0.001588655569166756,0.0002596667085251517,0.08267228442751029,0.18345145745490538,0.6510470263118238,0.08098090952806859,Ben-LRJ(1-6)-4:9.csv_to_Yaniv-LRJ(6)-4:7.csv,LDA,False
lrj,Yaniv,Yaniv LRJ,Yaniv-LRJ(6)-4:7.csv,/Users/yanivnaggar/Desktop/Spring 2026/IS/OPENBCI_runs/Yaniv/Yaniv-LRJ(6)-4:7.csv,yaniv,RIGHT,3,2,False,-1,left_right,2,2->2,9,3,Yaniv::Yaniv-LRJ(6)-4:7.csv::trial_9,25672,26363,102.688,105.452,2.764,1,sliding,25672,25921,102.688,103.684,1.0,1.0,0.5,observed_count 2 vs expected_count 3,-0.0017731529606281953,0.31218669791626164,0.31219173343841283,1.5484550770370125,0.0974605343558592,0.097463678427281,0.01598233389031503,0.005681262998835016,-0.003305126975297938,0.2356458583236125,0.2356690357458843,1.0953105701020607,0.055528970545072054,0.05553989440939489,0.006046433830832338,0.00549781767229004,0.012544886194730116,0.40258941136420306,0.4027848163873785,2.1135447455878933,0.16207823414257552,0.16223560831221423,0.01781824978404013,0.0027147634295996235,0.004153101375498846,0.22405263438320752,0.22409112259322195,1.1714015108070308,0.05019958297405526,0.05021683122509042,0.005985538339275341,0.0052828893316634006,0.009935900059482694,0.00018344532654497592,-0.0018359158937250979,0.0029664995692353924,0.00999679555103969,0.0003983736671716153,-0.011771815953207792,0.0027830542426904165,6.089549155699741e-05,0.0002149283406266394,0.011832711444764788,-0.002568125902063777,RIGHT,0.00035886550382136244,2.4608685777156713e-05,0.9996165258104014,6,0.0006277484007857478,0.004573706484546559,0.004652604176014396,0.13477684995314307,0.267741240059666,0.5876278509258442,Ben-LRJ(1-6)-4:9.csv_to_Yaniv-LRJ(6)-4:7.csv,LDA,False
lrj,Yaniv,Yaniv LRJ,Yaniv-LRJ(6)-4:7.csv,/Users/yanivnaggar/Desktop/Spring 2026/IS/OPENBCI_runs/Yaniv/Yaniv-LRJ(6)-4:7.csv,yaniv,RIGHT,3,2,False,-1,left_right,2,2->2,9,3,Yaniv::Yaniv-LRJ(6)-4:7.csv::trial_9,25672,26363,102.688,105.452,2.764,2,sliding,25797,26046,103.188,104.184,1.0,1.0,0.5,observed_count 2 vs expected_count 3,0.024191775026486475,0.41119967568647436,0.4119106884551478,2.069220656843325,0.1690851732846617,0.16967041526359383,0.0030045765621912017,0.007173099841322227,0.032733626817372984,0.3664005606769536,0.36785983905423136,1.8065775930747772,0.13424937086438593,0.135320861189005,0.001075635401270479,0.0048278212094021574,0.0043498878723080385,0.5181494093491101,0.518167667780742,2.4789179819054112,0.2684788104088317,0.2684977319333334,0.004050626618991046,0.006871523162485269,0.027218312837256304,0.29436338138304274,0.29561907389910663,1.2555144929904247,0.08664980029925869,0.08739063685296546,0.004205381650122423,0.006446147469521952,0.0019289411609207227,0.0023452786319200693,-0.001046050056799844,0.0003015766788369576,-0.0012008050879312214,0.0007269523718002749,-0.002974991217720567,-0.0020437019530831118,-0.0031297462488519443,-0.0016183262601197944,-0.00015475503113137733,0.00042537569296331734,RIGHT,0.02110550572282332,0.017238214381855108,0.9616562798953215,4,0.003110219157266148,0.012961413421124078,0.046376265064395766,0.3923992963365297,0.16190246847116094,0.3832503375495233,Ben-LRJ(1-6)-4:9.csv_to_Yaniv-LRJ(6)-4:7.csv,LDA,False
lrj,Yaniv,Yaniv LRJ,Yaniv-LRJ(6)-4:7.csv,/Users/yanivnaggar/Desktop/Spring 2026/IS/OPENBCI_runs/Yaniv/Yaniv-LRJ(6)-4:7.csv,yaniv,RIGHT,3,2,False,-1,left_right,2,2->2,9,3,Yaniv::Yaniv-LRJ(6)-4:7.csv::trial_9,25672,26363,102.688,105.452,2.764,3,sliding,25922,26171,103.688,104.684,1.0,1.0,0.5,observed_count 2 vs expected_count 3,-0.016686522662305334,0.37950005622244165,0.3798667301980999,1.8240659617170014,0.1440202926728364,0.14429873271139604,0.014221256503317382,0.00981980440884332,-0.038778273706028446,0.3707617004080183,0.3727841104460661,1.818652951194879,0.1374642384894451,0.13896799300106477,0.029399602042789144,0.013991141390688806,-0.011841866524429517,0.38893323076313663,0.38911346390819435,2.156419484492151,0.15126905799185128,0.15140928779463367,0.025957440459764135,0.01474100374201998,0.015371030822587641,0.27907666545635224,0.2794996489993962,1.1668332891145923,0.07788378520223675,0.07812005379078568,0.007204383750832429,0.010866562513468755,-0.015178345539471762,-0.004171336981845486,-0.011736183956446752,-0.004921199333176659,0.007016872752484953,-0.0010467581046254351,0.0034421615830250094,-0.0007498623513311729,0.022195218291956715,0.003124578877220051,0.018753056708931706,0.003874441228551224,RIGHT,0.0002683460166459895,0.20155348070560758,0.7981781732777464,5,0.006908905801549373,0.00959301036886047,0.07104367672448528,0.22417754288610817,0.39448559137045996,0.29379127284853684,Ben-LRJ(1-6)-4:9.csv_to_Yaniv-LRJ(6)-4:7.csv,LDA,False
lrj,Yaniv,Yaniv LRJ,Yaniv-LRJ(6)-4:7.csv,/Users/yanivnaggar/Desktop/Spring 2026/IS/OPENBCI_runs/Yaniv/Yaniv-LRJ(6)-4:7.csv,yaniv,RIGHT,3,2,False,-1,left_right,2,2->2,9,3,Yaniv::Yaniv-LRJ(6)-4:7.csv::trial_9,25672,26363,102.688,105.452,2.764,4,sliding,26047,26296,104.188,105.184,1.0,1.0,0.5,observed_count 2 vs expected_count 3,-0.032415877918958794,0.41707963916740953,0.418337441008181,2.041215177567323,0.17395542540801653,0.17500621454927331,0.011612342776133374,0.005280779155991323,-0.025429467403918552,0.5322813991077617,0.5328884926967022,2.6941323819450558,0.28332348783611633,0.28397014564856327,0.013572582624871843,0.00557749387149711,0.0007125697549962311,0.40973515641958386,0.40973577603357586,2.1255103059493465,0.16788289840618087,0.16788340616183664,0.014204242885528573,0.009498398399626263,-0.09257424680522737,0.35747108712957604,0.36926354992763105,1.773353425786479,0.12778557813360095,0.13635556930515608,0.015492776497806147,0.013340937687116926,-0.001960239848738469,-0.00029671471550578657,-0.002591900109395199,-0.004217619243634939,-0.0038804337216727727,-0.008060158531125603,-0.0006316602606567297,-0.003920904528129153,-0.0019201938729343036,-0.0077634438156198166,-0.0012885336122775738,-0.003842539287490664,LEFT,2.936147102605156e-14,0.999456728505705,0.0005432714942656682,4,1.0991678181200592e-06,3.134061263714724e-06,0.00011550207976867218,0.9970568964453342,2.4447993244421702e-05,0.0027989202525707316,Ben-LRJ(1-6)-4:9.csv_to_Yaniv-LRJ(6)-4:7.csv,LDA,False
lrj,Yaniv,Yaniv LRJ,Yaniv-LRJ(6)-4:7.csv,/Users/yanivnaggar/Desktop/Spring 2026/IS/OPENBCI_runs/Yaniv/Yaniv-LRJ(6)-4:7.csv,yaniv,RIGHT,4,3,False,-1,left_right,2,2->2,10,4,Yaniv::Yaniv-LRJ(6)-4:7.csv::trial_10,27192,28137,108.768,112.548,3.78,1,sliding,27192,27441,108.768,109.764,1.0,1.0,0.5,observed_count 3 vs expected_count 4,-0.02011513684512193,0.312863512809403,0.3135094837125944,1.521410709299169,0.09788357764743949,0.09828819637773749,0.018051441800380215,0.0037663014098167037,0.019710532994821128,0.31370456773219607,0.3143231791118561,1.7841997696067067,0.098410555816044,0.09879906092698397,0.008461779353101394,0.006474309806494603,-0.03464813734632796,0.4458935099993765,0.44723765011583505,1.940806663595624,0.19882102225956408,0.20002151568113408,0.009231099953769232,0.0095819093804106,-0.015630648044466577,0.20168219940739346,0.20228699097098063,1.0708654132271545,0.04067570955780361,0.0409200267160936,0.025052515723042054,0.007934505579264279,0.00958966244727882,-0.0027080083966778993,0.008820341846610983,-0.0058156079705938965,-0.007001073922661839,-0.004168204169447575,-0.0007693206006678371,-0.003107599573915997,-0.01659073636994066,-0.0014601957727696756,-0.015821415769272824,0.0016474038011463216,RIGHT,2.6198931022370813e-05,6.410061559173124e-05,0.9999097004533859,6,5.86528980954864e-06,0.0005615782694501825,0.00013690587771930738,0.06641044224212993,0.23212323896414666,0.7007619693567444,Ben-LRJ(1-6)-4:9.csv_to_Yaniv-LRJ(6)-4:7.csv,LDA,False
lrj,Yaniv,Yaniv LRJ,Yaniv-LRJ(6)-4:7.csv,/Users/yanivnaggar/Desktop/Spring 2026/IS/OPENBCI_runs/Yaniv/Yaniv-LRJ(6)-4:7.csv,yaniv,RIGHT,4,3,False,-1,left_right,2,2->2,10,4,Yaniv::Yaniv-LRJ(6)-4:7.csv::trial_10,27192,28137,108.768,112.548,3.78,2,sliding,27317,27566,109.268,110.264,1.0,1.0,0.5,observed_count 3 vs expected_count 4,0.02377960033906656,0.4016135078142416,0.4023168888465231,2.0406744533672896,0.1612934096588599,0.16185887905114565,0.04324054800606062,0.012990967476216373,0.018908472509635652,0.40954276232526865,0.40997902934864744,1.9092325912371055,0.16772527417301147,0.1680828045056591,0.030594059028545912,0.013280990314923836,0.007360500763623008,0.5683872279224947,0.5684348844299665,2.5753522620801546,0.323064040865418,0.3231182178369093,0.02171265297574658,0.006560189959957128,0.014222916034840992,0.26255776385603463,0.26294271372604217,1.3139875567595127,0.06893657936108123,0.06913887070161535,0.020989011065791537,0.007671320594194878,0.012646488977514709,-0.00029002283870746375,0.02152789503031404,0.006430777516259245,0.022251536940269084,0.005319646882021495,0.008881406052799332,0.006720800354966709,0.009605047962754375,0.005609669720728959,0.0007236419099550424,-0.00111113063423775,RIGHT,1.2258505976709751e-11,0.0015397354744224195,0.9984602645133192,6,8.079118060216382e-05,0.003783729918830706,0.00013925945915318108,0.10348359202968906,0.3206220400332386,0.5718905873784864,Ben-LRJ(1-6)-4:9.csv_to_Yaniv-LRJ(6)-4:7.csv,LDA,False
lrj,Yaniv,Yaniv LRJ,Yaniv-LRJ(6)-4:7.csv,/Users/yanivnaggar/Desktop/Spring 2026/IS/OPENBCI_runs/Yaniv/Yaniv-LRJ(6)-4:7.csv,yaniv,RIGHT,4,3,False,-1,left_right,2,2->2,10,4,Yaniv::Yaniv-LRJ(6)-4:7.csv::trial_10,27192,28137,108.768,112.548,3.78,3,sliding,27442,27691,109.768,110.764,1.0,1.0,0.5,observed_count 3 vs expected_count 4,0.013461016262569885,0.39306771057216694,0.3932981363460371,2.0406744533672896,0.1545022250944448,0.154683424053266,0.030387667005002512,0.00711753670035608,-0.036028540625093176,0.36135677324705634,0.36314841774555273,1.9051695773343424,0.13057871757152448,0.13187677331109848,0.08781307438188936,0.006321107363446868,0.026056305455962225,0.4811626427665565,0.4818676372699367,2.5753522620801546,0.2315174887940969,0.23219641984811126,0.07121161413546913,0.00969185482337149,0.017059177186636163,0.3695851356286534,0.36997863182072444,1.651011884589854,0.13659317247765013,0.13688418800393518,0.139023744419756,0.009347769833957364,-0.057425407376886846,0.0007964293369092119,-0.040823947130466616,-0.0025743181230154103,-0.1086360774147535,-0.0022302331336012836,0.01660146024642023,-0.003370747459924622,-0.051210670037866654,-0.0030266624705104954,-0.06781213028428688,0.0003440849894141267,RIGHT,8.99822854397213e-07,0.027459530564189025,0.9725395696129565,4,0.004229993024408728,0.0009576162860670448,0.22519267740225907,0.4046437560200514,0.3339957165191063,0.030980240748107343,Ben-LRJ(1-6)-4:9.csv_to_Yaniv-LRJ(6)-4:7.csv,LDA,True
lrj,Yaniv,Yaniv LRJ,Yaniv-LRJ(6)-4:7.csv,/Users/yanivnaggar/Desktop/Spring 2026/IS/OPENBCI_runs/Yaniv/Yaniv-LRJ(6)-4:7.csv,yaniv,RIGHT,4,3,False,-1,left_right,2,2->2,10,4,Yaniv::Yaniv-LRJ(6)-4:7.csv::trial_10,27192,28137,108.768,112.548,3.78,4,sliding,27567,27816,110.268,111.264,1.0,1.0,0.5,observed_count 3 vs expected_count 4,-0.04297062183881499,0.31187964981241817,0.3148259682877685,1.2954490460700772,0.09726891596711659,0.09911539030833103,0.007376320207053134,0.004074567404752853,-0.0805134389985313,0.4687525184346261,0.47561679679987623,2.9040278769922354,0.21972892353880452,0.22621133739817476,0.026431436256231365,0.01068278917195322,-0.015485339191331668,0.4594394662755582,0.4597003577347318,2.512162337264625,0.21108462317156979,0.21132441890144038,0.03369598561495254,0.0067161773920651905,-0.026775029980178857,0.38389698017118185,0.38482956437232346,1.651011884589854,0.1473768913845528,0.14809379361499225,0.08241530328940082,0.01371024475949081,-0.01905511604917823,-0.0066082217672003675,-0.026319665407899404,-0.0026416099873123374,-0.07503898308234769,-0.009635677354737957,-0.007264549358721173,0.00396661177988803,-0.05598386703316945,-0.00302745558753759,-0.04871931767444828,-0.00699406736742562,RIGHT,8.415973119845636e-05,0.00025072404750179733,0.9996651162212998,3,0.0029760710226929255,0.0017201626646602562,0.5351030727089608,0.17687432947557427,0.21763527415742312,0.0656910899706885,Ben-LRJ(1-6)-4:9.csv_to_Yaniv-LRJ(6)-4:7.csv,LDA,False
lrj,Yaniv,Yaniv LRJ,Yaniv-LRJ(6)-4:7.csv,/Users/yanivnaggar/Desktop/Spring 2026/IS/OPENBCI_runs/Yaniv/Yaniv-LRJ(6)-4:7.csv,yaniv,RIGHT,4,3,False,-1,left_right,2,2->2,10,4,Yaniv::Yaniv-LRJ(6)-4:7.csv::trial_10,27192,28137,108.768,112.548,3.78,5,sliding,27692,27941,110.768,111.764,1.0,1.0,0.5,observed_count 3 vs expected_count 4,0.005006959923320835,0.25601994300443565,0.2560688986653167,1.1643862306724748,0.06554621121599448,0.06557128086366822,0.009364459123020398,0.009884778514989114,0.0017051845783121423,0.4697741879008135,0.4697772826269007,2.9040278769922354,0.2206877876178688,0.22069069527231494,0.10740234726346823,0.07644646981033593,-0.0002725833254275436,0.49004374830040043,0.49004382411165587,2.512162337264625,0.24014287524830621,0.2401429495499755,0.09762303163183818,0.02054027503101966,0.007994324074908042,0.3130949355240544,0.3131969793408398,1.4188478659667045,0.09802843865081176,0.09809234786822642,0.018983890110619094,0.016915089375414055,-0.09803788814044784,-0.06656169129534681,-0.08825857250881777,-0.010655496516030545,-0.009619430987598696,-0.007030310860424941,0.00977931563163005,0.05590619477931627,0.08841845715284913,0.05953138043492187,0.07863914152121909,0.003625185655605604,LEFT,1.0030304212489669e-05,0.96343145113313,0.03655851856265731,3,0.005897235537386509,0.00019751071949447482,0.7246802715853728,0.011539160804375623,0.23438931737453245,0.02329650397883799,Ben-LRJ(1-6)-4:9.csv_to_Yaniv-LRJ(6)-4:7.csv,LDA,False
lrj,Yaniv,Yaniv LRJ,Yaniv-LRJ(6)-4:7.csv,/Users/yanivnaggar/Desktop/Spring 2026/IS/OPENBCI_runs/Yaniv/Yaniv-LRJ(6)-4:7.csv,yaniv,RIGHT,4,3,False,-1,left_right,2,2->2,10,4,Yaniv::Yaniv-LRJ(6)-4:7.csv::trial_10,27192,28137,108.768,112.548,3.78,6,sliding,27817,28066,111.268,112.264,1.0,1.0,0.5,observed_count 3 vs expected_count 4,-0.02514594565531049,0.4381799199495484,0.43890085535333884,2.6235151022819205,0.19200164224699265,0.19263396082989245,0.06123224171472083,0.004426601901224662,0.06371150841000159,0.501840324097846,0.5058684287386482,2.6012397548343085,0.25184371089063107,0.2559028671945088,0.019415693052616485,0.012984133186289236,-0.04467750227788335,0.7406699717220231,0.7420162304292895,4.175550080967413,0.5485920070107024,0.5505880862204926,0.28050234642627436,0.011586470104674491,0.05806670212446778,0.38859524785184857,0.39290966970622054,2.105492083246853,0.15100626665303962,0.1543780085486513,0.10479868385806662,0.019397993917744664,0.041816548662104346,-0.008557531285064573,-0.21927010471155353,-0.007159868203449829,-0.04356644214334579,-0.01497139201652,-0.2610866533736579,0.0013976630816147449,-0.08538299080545014,-0.006413860731455428,0.17570366256820774,-0.007811523813070173,RIGHT,4.381372398336243e-14,0.00043313035418602816,0.9995668696457701,3,0.11026514089592349,0.0018781562173328854,0.5422210515809306,0.20545387340563445,0.10616010564683355,0.03402167225334508,Ben-LRJ(1-6)-4:9.csv_to_Yaniv-LRJ(6)-4:7.csv,LDA,False
lrj,Yaniv,Yaniv LRJ,Yaniv-LRJ(6)-4:7.csv,/Users/yanivnaggar/Desktop/Spring 2026/IS/OPENBCI_runs/Yaniv/Yaniv-LRJ(6)-4:7.csv,yaniv,RIGHT,5,4,False,-1,left_right,2,2->2,11,5,Yaniv::Yaniv-LRJ(6)-4:7.csv::trial_11,29234,30522,116.936,122.088,5.152,1,sliding,29234,29483,116.936,117.932,1.0,1.0,0.5,observed_count 4 vs expected_count 5,-0.019465662466559414,0.34516518542554303,0.3457136347399557,1.925069947477156,0.1191390052298495,0.11951791724511152,0.023489503148213096,0.0037658224288609353,-0.019724596551409432,0.26336254380194973,0.2641001499184538,1.4604566377644013,0.0693598294778339,0.06974888918694978,0.0074372386501018375,0.010345058968769421,-0.03739235560473865,0.46536078622899596,0.4668606318992216,2.2651443716960875,0.21656066135966928,0.2179588496173405,0.011245125299394816,0.02177964590450451,-0.011653759975439033,0.22314739736909664,0.2234514960213215,1.2234540725790612,0.04979476095260151,0.04993057107416666,0.01616358226935196,0.01071816701881111,0.016052264498111257,-0.006579236539908486,0.01224437784881828,-0.018013823475643575,0.007325920878861136,-0.006952344589950175,-0.0038078866492929787,-0.011434586935735088,-0.008726343619250123,-0.0003731080500416883,-0.004918456969957144,0.0110614788856934,RIGHT,2.6260215709722477e-06,6.652313592256017e-05,0.9999308508425064,6,5.7735373728425874e-05,0.001956805335993759,0.0004918998332858243,0.11669785832696977,0.2227974626540975,0.6579982384759248,Ben-LRJ(1-6)-4:9.csv_to_Yaniv-LRJ(6)-4:7.csv,LDA,False
lrj,Yaniv,Yaniv LRJ,Yaniv-LRJ(6)-4:7.csv,/Users/yanivnaggar/Desktop/Spring 2026/IS/OPENBCI_runs/Yaniv/Yaniv-LRJ(6)-4:7.csv,yaniv,RIGHT,5,4,False,-1,left_right,2,2->2,11,5,Yaniv::Yaniv-LRJ(6)-4:7.csv::trial_11,29234,30522,116.936,122.088,5.152,2,sliding,29359,29608,117.436,118.432,1.0,1.0,0.5,observed_count 4 vs expected_count 5,0.013719940765960644,0.4186295665367704,0.4188543311861365,1.9331070229806038,0.1752507139787643,0.17543895075338575,0.008409815242464487,0.004765697404308612,-0.002577398833354682,0.3418597258501386,0.34186944166315614,1.5471337692767184,0.11686807215833192,0.11687471514307811,0.012266866097485672,0.013254114462030344,0.004374464324756296,0.47812820038297443,0.478148211268839,2.2651443716960875,0.22860657600146175,0.22862571193959028,0.029802065388668926,0.0031538933754898155,0.005243469398923061,0.22441701836871986,0.22447826644208518,1.0040157492565331,0.05036299813350635,0.05039049210484379,0.018244597065080387,0.01102979049805849,-0.003857050855021185,-0.008488417057721732,-0.02139225014620444,0.0016118040288187964,-0.0098347818226159,-0.006264093093749878,-0.017535199291183252,0.010100221086540528,-0.005977730967594715,0.002224323963971854,0.01155746832358854,-0.007875897122568674,RIGHT,0.05681515039567441,0.004786285015129773,0.9383985645891959,6,7.599720270821046e-05,0.0014043564223974764,0.002820185458869277,0.10842567708564885,0.2554712721217511,0.6318025117086251,Ben-LRJ(1-6)-4:9.csv_to_Yaniv-LRJ(6)-4:7.csv,LDA,False
lrj,Yaniv,Yaniv LRJ,Yaniv-LRJ(6)-4:7.csv,/Users/yanivnaggar/Desktop/Spring 2026/IS/OPENBCI_runs/Yaniv/Yaniv-LRJ(6)-4:7.csv,yaniv,RIGHT,5,4,False,-1,left_right,2,2->2,11,5,Yaniv::Yaniv-LRJ(6)-4:7.csv::trial_11,29234,30522,116.936,122.088,5.152,3,sliding,29484,29733,117.936,118.932,1.0,1.0,0.5,observed_count 4 vs expected_count 5,0.008374549115386593,0.45413749681278276,0.45421470593130986,2.3722070889515496,0.20624086601138028,0.2063109990842663,0.039861422572283506,0.013067874339568348,0.004571539371122203,0.4007326915171688,0.4007587666200405,1.7354207514919526,0.16058669005059437,0.16060758902281608,0.006917763558444415,0.011862482319654224,0.031328824701428414,0.43344302473730406,0.4345737577795005,2.3827697768988143,0.18787285569342319,0.188854350950596,0.03120739211512735,0.01115129817213463,-0.0014419326134594642,0.3030986755868249,0.3031021054234845,1.573225210425597,0.09186880714248734,0.09187088631214911,0.00507970243505173,0.010496020924342717,0.03294365901383909,0.0012053920199141237,0.008654030457156157,0.0019165761674337176,0.03478172013723178,0.0025718534152256306,-0.024289628556682933,0.0007111841475195939,0.0018380611233926852,0.0013664613953115069,0.02612768968007562,0.000655277247791913,RIGHT,2.0785044320359606e-09,9.81083019008573e-05,0.9999018896195947,6,0.0004839121669773637,0.03902794080719997,0.008288824675214137,0.2709702856155131,0.23799098724976187,0.4432380494853336,Ben-LRJ(1-6)-4:9.csv_to_Yaniv-LRJ(6)-4:7.csv,LDA,False
lrj,Yaniv,Yaniv LRJ,Yaniv-LRJ(6)-4:7.csv,/Users/yanivnaggar/Desktop/Spring 2026/IS/OPENBCI_runs/Yaniv/Yaniv-LRJ(6)-4:7.csv,yaniv,RIGHT,5,4,False,-1,left_right,2,2->2,11,5,Yaniv::Yaniv-LRJ(6)-4:7.csv::trial_11,29234,30522,116.936,122.088,5.152,4,sliding,29609,29858,118.436,119.432,1.0,1.0,0.5,observed_count 4 vs expected_count 5,0.004342152257819329,0.3938735757172111,0.3938975094291555,2.3722070889515496,0.15513639364826162,0.15515524793449165,0.010305093579708326,0.003221035421208403,0.02460871619980898,0.340523323503414,0.3414113688247852,1.7354207514919526,0.11595613384981077,0.1165617227628135,0.007541008869145707,0.0032283712785112573,0.018851353461655954,0.4126636573759539,0.41309401792598616,2.3827697768988143,0.17029129411889868,0.17064666764623496,0.005533524751087961,0.003169196476256518,0.009731238104059998,0.29256302597207035,0.29272482156621465,1.573225210425597,0.08559312416593431,0.08568782116097222,0.0029153398452551878,0.0039002489422141195,0.002764084710562619,-7.335857302854382e-06,0.004771568828620365,5.183894495188477e-05,0.007389753734453138,-0.0006792135210057166,0.0020074841180577462,5.917480225473915e-05,0.004625669023890519,-0.0006718776637028622,0.002618184905832773,-0.0007310524659576013,RIGHT,0.042770226120350384,0.0006760854730958303,0.9565536884065537,5,0.0050314737140561795,0.02784761073905163,0.10713341848515567,0.26629148756305976,0.31121036213942466,0.2824856473592522,Ben-LRJ(1-6)-4:9.csv_to_Yaniv-LRJ(6)-4:7.csv,LDA,True
lrj,Yaniv,Yaniv LRJ,Yaniv-LRJ(6)-4:7.csv,/Users/yanivnaggar/Desktop/Spring 2026/IS/OPENBCI_runs/Yaniv/Yaniv-LRJ(6)-4:7.csv,yaniv,RIGHT,5,4,False,-1,left_right,2,2->2,11,5,Yaniv::Yaniv-LRJ(6)-4:7.csv::trial_11,29234,30522,116.936,122.088,5.152,5,sliding,29734,29983,118.936,119.932,1.0,1.0,0.5,observed_count 4 vs expected_count 5,0.015312432692702977,0.21299997320548472,0.21354966443547918,1.2663746101420297,0.04536898858553721,0.04560345918050576,0.006953481628647783,0.010673019093273355,0.006214688615331619,0.18401563167592652,0.18412054490380966,0.9567097032167069,0.03386175270109026,0.033900375055675794,0.007940409954382123,0.005795708383344857,0.0077208567396546855,0.2672472817176362,0.267358787426671,1.4512506893998496,0.07142110958546559,0.07148072121425986,0.004943803293336088,0.012702138926187673,0.02130867931503819,0.1742114386955761,0.17550978658335153,0.8749709372692765,0.030349625372382463,0.0308036851865336,0.000532149119373091,0.0072492667053299705,-0.0009869283257343394,0.004877310709928498,0.002009678335311695,-0.0020291198329143185,0.006421332509274692,0.0034237523879433844,0.0029966066610460345,-0.0069064305428428166,0.007408260835009031,-0.0014535583219851137,0.004411654173962997,0.005452872220857703,RIGHT,0.0003385765680414879,8.398120224800644e-05,0.9995774422297105,6,0.0005425041710465122,0.00035449843800257867,0.0015322185764267318,0.15661614830562906,0.23321864794030933,0.6077359825685859,Ben-LRJ(1-6)-4:9.csv_to_Yaniv-LRJ(6)-4:7.csv,LDA,False
lrj,Yaniv,Yaniv LRJ,Yaniv-LRJ(6)-4:7.csv,/Users/yanivnaggar/Desktop/Spring 2026/IS/OPENBCI_runs/Yaniv/Yaniv-LRJ(6)-4:7.csv,yaniv,RIGHT,5,4,False,-1,left_right,2,2->2,11,5,Yaniv::Yaniv-LRJ(6)-4:7.csv::trial_11,29234,30522,116.936,122.088,5.152,6,sliding,29859,30108,119.436,120.432,1.0,1.0,0.5,observed_count 4 vs expected_count 5,-0.006634027939814821,0.20798974215603214,0.20809551453320413,1.2663746101420297,0.04325973284213273,0.043303743168838976,0.004183493701654728,0.011380076204844797,-0.008314084969282784,0.18300055284541417,0.1831893183310743,1.0190161138285234,0.03348920234172722,0.03355832635060367,0.0035056946697922505,0.01046462194511262,-0.0032879186716156922,0.2923704471861031,0.2923889341219894,1.4512506893998496,0.0854804783878019,0.08549128879699305,0.017952404605986225,0.011335751310340222,0.0038980774763168287,0.18634431364829274,0.18638508051092684,0.963386460307927,0.0347242032290533,0.03473939823706468,0.007766413424724752,0.011413291813657182,0.0006777990318624777,0.0009154542597321763,-0.013768910904331497,4.432489450457468e-05,-0.0035829197230700235,-3.3215608812385555e-05,-0.014446709936193975,-0.0008711293652276016,-0.004260718754932501,-0.0009486698685445619,0.010185991181261473,-7.754050331696023e-05,RIGHT,0.0836873430088654,1.5234189624835389e-05,0.9162974228015097,6,0.0005119765574601478,0.0008351499566394562,0.004845019812189833,0.06678626083081571,0.2932782277529611,0.6337433650899338,Ben-LRJ(1-6)-4:9.csv_to_Yaniv-LRJ(6)-4:7.csv,LDA,False
lrj,Yaniv,Yaniv LRJ,Yaniv-LRJ(6)-4:7.csv,/Users/yanivnaggar/Desktop/Spring 2026/IS/OPENBCI_runs/Yaniv/Yaniv-LRJ(6)-4:7.csv,yaniv,RIGHT,5,4,False,-1,left_right,2,2->2,11,5,Yaniv::Yaniv-LRJ(6)-4:7.csv::trial_11,29234,30522,116.936,122.088,5.152,7,sliding,29984,30233,119.936,120.932,1.0,1.0,0.5,observed_count 4 vs expected_count 5,-0.02061439086089067,0.19220674986308733,0.1933090473917271,0.9667378713306292,0.036943434692931425,0.037368387803497,0.006339394245522656,0.008027456121189337,-0.023448004229774107,0.20327510181983446,0.2046230092688102,1.037519884063178,0.04132076701986407,0.04187057592222358,0.017378793464902096,0.010287902235222274,0.0011273544802253995,0.28949706328254254,0.28949925833642565,1.3998149449637887,0.08380854964921643,0.0838098205773405,0.008457258746978405,0.008880489188348753,-0.018972529232275492,0.22214064502013706,0.2229493732564236,1.2073648655807938,0.04934646616996254,0.049706423035432094,0.006960371993121053,0.008436921759517052,-0.01103939921937944,-0.002260446114032937,-0.002117864501455749,-0.0008530330671594165,-0.0006209777475983972,-0.0004094656383277148,0.008921534717923691,0.0014074130468735204,0.010418421471781042,0.001850980475705222,0.0014968867538573518,0.00044356742883170167,RIGHT,1.8478043650784035e-05,1.0584529474464825e-06,0.9999804635034016,5,8.519843563706534e-05,0.0004036632237977588,0.013706748760483679,0.17041748667601617,0.41047860828065447,0.40490829462341077,Ben-LRJ(1-6)-4:9.csv_to_Yaniv-LRJ(6)-4:7.csv,LDA,True
lrj,Yaniv,Yaniv LRJ,Yaniv-LRJ(6)-4:7.csv,/Users/yanivnaggar/Desktop/Spring 2026/IS/OPENBCI_runs/Yaniv/Yaniv-LRJ(6)-4:7.csv,yaniv,RIGHT,5,4,False,-1,left_right,2,2->2,11,5,Yaniv::Yaniv-LRJ(6)-4:7.csv::trial_11,29234,30522,116.936,122.088,5.152,8,sliding,30109,30358,120.436,121.432,1.0,1.0,0.5,observed_count 4 vs expected_count 5,-0.01741119384155413,0.25136543673666806,0.2519677210612582,1.2763559567261415,0.06318458278581586,0.06348773245680403,0.016530351315751285,0.007730392937434886,-0.0033161179680812154,0.21836955024991866,0.21839472776312616,1.037519884063178,0.04768526047635176,0.04769625711472999,0.007314065028820708,0.00890162890905447,-0.026346573038008053,0.3792042963109462,0.3801184555523804,1.459253558606754,0.14379589834067988,0.14449004025152698,0.06964948241074911,0.01003277547922243,-0.031256648810991064,0.35179768065313904,0.35318350217390054,1.7658536524275792,0.12376160811292801,0.1247385862078216,0.06996187770295464,0.012331357384991644,0.009216286286930577,-0.0011712359716195848,-0.05311913109499783,-0.002302382541787544,-0.05343152638720336,-0.004600964447556758,-0.06233541738192841,-0.0011311465701679593,-0.06264781267413394,-0.0034297284759371733,-0.00031239529220553064,-0.002298581905769214,RIGHT,7.357952585906978e-07,5.066456023330316e-09,0.9999992591382854,3,4.824128148560846e-05,0.0019871036067249954,0.4909229158617641,0.34848424535071415,0.07566846355040363,0.08288903034890732,Ben-LRJ(1-6)-4:9.csv_to_Yaniv-LRJ(6)-4:7.csv,LDA,False
lrj,Yaniv,Yaniv LRJ,Yaniv-LRJ(6)-4:7.csv,/Users/yanivnaggar/Desktop/Spring 2026/IS/OPENBCI_runs/Yaniv/Yaniv-LRJ(6)-4:7.csv,yaniv,RIGHT,5,4,False,-1,left_right,2,2->2,11,5,Yaniv::Yaniv-LRJ(6)-4:7.csv::trial_11,29234,30522,116.936,122.088,5.152,9,sliding,30234,30483,120.936,121.932,1.0,1.0,0.5,observed_count 4 vs expected_count 5,0.010283933412729382,0.24459607844586675,0.24481217469222002,1.259222845807408,0.0598272415910966,0.05993300087753405,0.006151481925185886,0.005765035295716123,0.021820254837715405,0.20232595972516437,0.20349918304477707,0.9688789522935026,0.040935793978708834,0.04141191749989168,0.013698014125398988,0.008037431433663863,0.025200081763619285,0.36264989637395245,0.36352440284103565,1.4209810055722816,0.13151494734003846,0.13214999146093157,0.0758496184757192,0.01054508677161479,0.028268823475008923,0.3749094293488543,0.37597367806183557,1.7658536524275792,0.14055708021468358,0.14135620659534479,0.11833787840594162,0.010298788830309316,-0.007546532200213102,-0.0022723961379477395,-0.06969813655053331,-0.004780051475898666,-0.11218639648075573,-0.004533753534593192,-0.0621516043503202,-0.002507655337950927,-0.10463986428054263,-0.002261357396645453,-0.04248825993022243,0.00024629794130547403,RIGHT,0.014778381795523956,2.8572053317787776e-08,0.9852215896324228,3,0.00021109276791011567,0.0002618448099573958,0.8089746131104217,0.15786901681592777,0.02542415273712939,0.007259279758653631,Ben-LRJ(1-6)-4:9.csv_to_Yaniv-LRJ(6)-4:7.csv,LDA,False
lrj,Yaniv,Yaniv LRJ,Yaniv-LRJ(6)-4:7.csv,/Users/yanivnaggar/Desktop/Spring 2026/IS/OPENBCI_runs/Yaniv/Yaniv-LRJ(6)-4:7.csv,yaniv,RIGHT,6,5,False,-1,left_right,2,2->2,12,6,Yaniv::Yaniv-LRJ(6)-4:7.csv::trial_12,31542,33293,126.168,133.172,7.004,1,sliding,31542,31791,126.168,127.164,1.0,1.0,0.5,observed_count 5 vs expected_count 6,0.010160090688544933,0.19051500496345633,0.1907857294428104,0.9235201131879833,0.03629596711622579,0.036399194559025246,0.003928084136556276,0.005296807378135773,-0.002778790145154023,0.21013015637109458,0.21014852911979057,0.9736526598370474,0.04415468261654066,0.04416240429121147,0.004484264083215734,0.008708447573228717,0.020675554611657154,0.18717450065125343,0.18831296358069904,0.9784844252784816,0.03503429369404607,0.03546177225254569,0.005806311671809519,0.006012658243034463,-0.0013270399576841428,0.1907730062287984,0.19077762169767828,1.0464842329987187,0.03639433990557315,0.03639610094062245,0.0015246814957998985,0.009095362462044588,-0.0005561799466594578,-0.003411640195092944,-0.0018782275352532433,-0.0007158508648986896,0.0024034026407563774,-0.0037985550839088143,-0.0013220475885937855,0.0026957893301942544,0.0029595825874158353,-0.0003869148888158702,0.004281630176009621,-0.0030827042190101246,RIGHT,0.04726307387340544,4.655635515692266e-06,0.9527322704910789,6,0.0003829513980582087,0.0009589264986280885,0.010418217176791901,0.090948252638178,0.3551438178581583,0.5421478344301854,Ben-LRJ(1-6)-4:9.csv_to_Yaniv-LRJ(6)-4:7.csv,LDA,True
lrj,Yaniv,Yaniv LRJ,Yaniv-LRJ(6)-4:7.csv,/Users/yanivnaggar/Desktop/Spring 2026/IS/OPENBCI_runs/Yaniv/Yaniv-LRJ(6)-4:7.csv,yaniv,RIGHT,6,5,False,-1,left_right,2,2->2,12,6,Yaniv::Yaniv-LRJ(6)-4:7.csv::trial_12,31542,33293,126.168,133.172,7.004,2,sliding,31667,31916,126.668,127.664,1.0,1.0,0.5,observed_count 5 vs expected_count 6,0.009511442969110153,0.2291879569684612,0.2293852374646892,1.13110680652653,0.05252711961937722,0.05261758716673185,0.02229532965335146,0.008991216485937958,-0.0035472121383604413,0.24729960252023594,0.24732504143458908,1.2451464973585336,0.06115709340666668,0.06116967612062121,0.008877406123636505,0.013296265416210798,0.00029987886080292016,0.2965315214204327,0.2965316730523869,1.6118869491478542,0.08793094319591653,0.08793103312324768,0.019864999174342812,0.0105441467562144,0.00331175412750607,0.23896605817031097,0.2389890053388597,1.0464842329987187,0.05710477695745645,0.0571157446728575,0.01525435028870244,0.012402100665262221,0.013417923529714954,-0.00430504893027284,0.0024303304790086466,-0.001552930270276441,0.007040979364649019,-0.003410884179324263,-0.010987593050706308,0.002752118659996399,-0.006376944165065936,0.000894164750948577,0.004610648885640372,-0.0018579539090478221,RIGHT,7.628374402420582e-07,1.0431904296753036e-05,0.999988805258263,6,0.003294791698980617,0.005433479745648374,0.020986649293588983,0.16261257146284097,0.33548668988499447,0.4721858179139467,Ben-LRJ(1-6)-4:9.csv_to_Yaniv-LRJ(6)-4:7.csv,LDA,True
lrj,Yaniv,Yaniv LRJ,Yaniv-LRJ(6)-4:7.csv,/Users/yanivnaggar/Desktop/Spring 2026/IS/OPENBCI_runs/Yaniv/Yaniv-LRJ(6)-4:7.csv,yaniv,RIGHT,6,5,False,-1,left_right,2,2->2,12,6,Yaniv::Yaniv-LRJ(6)-4:7.csv::trial_12,31542,33293,126.168,133.172,7.004,3,sliding,31792,32041,127.168,128.164,1.0,1.0,0.5,observed_count 5 vs expected_count 6,0.01620920937654009,0.22610213876340196,0.22668241136443995,1.1186477129249845,0.05112217715338467,0.05138491562199718,0.0017026703859484358,0.004969765222121373,0.018018444483360242,0.2511272890026458,0.2517728730888583,1.2451464973585336,0.0630649152818184,0.06338957962341836,0.0072174636217389445,0.006303406575120096,0.0014674677745790347,0.2935065911278088,0.293510259611374,1.4978992724930096,0.08614611903546673,0.08614827249713616,0.009650469008740495,0.004571335654870411,0.0046226291060147634,0.22927807900731803,0.22932467423532457,0.9952291866708296,0.052568437513285965,0.05258980621313774,0.008204353075323871,0.01052523935701816,-0.005514793235790509,-0.0013336413529987231,-0.007947798622792058,0.00039842956725096197,-0.006501682689375435,-0.005555474134896788,-0.00243300538700155,0.001732070920249685,-0.000986889453584927,-0.0042218327818980645,0.001446115933416623,-0.00595390370214775,RIGHT,0.02479879090852715,2.9983870117087283e-05,0.9751712252213558,5,0.0015252885554612042,0.002369779703903467,0.06612547952026236,0.11414797470476025,0.41392358233514986,0.40190789518046294,Ben-LRJ(1-6)-4:9.csv_to_Yaniv-LRJ(6)-4:7.csv,LDA,False
lrj,Yaniv,Yaniv LRJ,Yaniv-LRJ(6)-4:7.csv,/Users/yanivnaggar/Desktop/Spring 2026/IS/OPENBCI_runs/Yaniv/Yaniv-LRJ(6)-4:7.csv,yaniv,RIGHT,6,5,False,-1,left_right,2,2->2,12,6,Yaniv::Yaniv-LRJ(6)-4:7.csv::trial_12,31542,33293,126.168,133.172,7.004,4,sliding,31917,32166,127.668,128.664,1.0,1.0,0.5,observed_count 5 vs expected_count 6,-0.032263532149694046,0.25300217873666864,0.25505104969843895,1.1731957379697673,0.06401010244550122,0.06505103795227557,0.02040028384440956,0.00526896573638076,-0.025491736302165342,0.23321271897883317,0.2346017922207743,1.0034957061224514,0.054388172293500216,0.05503800091319935,0.010560324625423724,0.007167876827355722,-0.01752776042949062,0.24463721062552482,0.24526432110747584,1.1673626138340312,0.059847364822637396,0.06015458720831102,0.01016275512885144,0.004083838497990104,-0.013056149602292023,0.20679361396147022,0.20720536145979185,0.9323807195425067,0.04276359877524557,0.04293406181768299,0.015015616118293999,0.004810511958442102,0.009839959218985837,-0.0018989110909749625,0.01023752871555812,0.0011851272383906555,0.005384667726115563,0.0004584537779386581,0.0003975694965722837,0.003084038329365618,-0.004455291492870274,0.0023573648689136206,-0.004852860989442558,-0.0007266734604519974,RIGHT,3.922556359590003e-08,3.9714883851661794e-07,0.9999995636255979,5,7.09805340216559e-06,0.0002213799389900885,0.0008837904234517617,0.09496816471731354,0.5005493819489124,0.4033701849179301,Ben-LRJ(1-6)-4:9.csv_to_Yaniv-LRJ(6)-4:7.csv,LDA,False
lrj,Yaniv,Yaniv LRJ,Yaniv-LRJ(6)-4:7.csv,/Users/yanivnaggar/Desktop/Spring 2026/IS/OPENBCI_runs/Yaniv/Yaniv-LRJ(6)-4:7.csv,yaniv,RIGHT,6,5,False,-1,left_right,2,2->2,12,6,Yaniv::Yaniv-LRJ(6)-4:7.csv::trial_12,31542,33293,126.168,133.172,7.004,5,sliding,32042,32291,128.168,129.164,1.0,1.0,0.5,observed_count 5 vs expected_count 6,-0.004804400237686913,0.273476223240763,0.2735184215727992,1.0801049526455642,0.07478924467803162,0.0748123269396755,0.004835991242615521,0.002294650990168648,0.010954070197443648,0.2740908264249272,0.27430962940478426,1.4214558943955153,0.07512578113029957,0.07524577278419009,0.005096857070197131,0.004861850302059466,-0.04652683562795091,0.2589248899113751,0.263071938923877,1.1672694287852925,0.0670420986156177,0.06920684504916806,0.005632504515615324,0.00405512435532823,-0.005738177524938834,0.22555078824446345,0.22562376816064061,1.102452233017821,0.05087315807769879,0.0509060847590065,0.007227982025273465,0.004036825945011415,-0.0002608658275816099,-0.002567199311890818,-0.0007965132729998029,-0.0017604733651595816,-0.0023919907826579438,-0.0017421749548427665,-0.000535647445418193,0.0008067259467312363,-0.002131124955076334,0.0008250243570480514,-0.0015954775096581409,1.8298410316815172e-05,RIGHT,0.07740737105043191,2.357049695945554e-05,0.9225690584526086,6,0.00021169256986919573,0.006778987192080368,0.03857148816363227,0.156332690784647,0.3667862303990401,0.43131891089073116,Ben-LRJ(1-6)-4:9.csv_to_Yaniv-LRJ(6)-4:7.csv,LDA,True
lrj,Yaniv,Yaniv LRJ,Yaniv-LRJ(6)-4:7.csv,/Users/yanivnaggar/Desktop/Spring 2026/IS/OPENBCI_runs/Yaniv/Yaniv-LRJ(6)-4:7.csv,yaniv,RIGHT,6,5,False,-1,left_right,2,2->2,12,6,Yaniv::Yaniv-LRJ(6)-4:7.csv::trial_12,31542,33293,126.168,133.172,7.004,6,sliding,32167,32416,128.668,129.664,1.0,1.0,0.5,observed_count 5 vs expected_count 6,0.03513209575587964,0.21566239177311247,0.21850522048111284,0.9181052654464299,0.04651026722529945,0.04774453137749974,0.004327463309980824,0.005687049994604886,0.02725135745005094,0.23769687234816472,0.23925392286641856,1.4214558943955153,0.05649980312409971,0.057242439606970154,0.003225248816708296,0.012843790496454644,0.044780677947210815,0.2230674028987055,0.22751785721869222,1.0027375439995745,0.049759066235973405,0.05176437535338522,0.0026130223394148088,0.00791790891206221,0.02747692268507767,0.2051274765693589,0.20695956833148502,1.0713137445491543,0.04207728164371288,0.04283226292395462,0.00947515019328092,0.010259599139761693,0.001102214493272528,-0.007156740501849758,0.0017144409705660154,-0.002230858917457324,-0.0051476868833000965,-0.004572549145156807,0.0006122264772934873,0.004925881584392434,-0.006249901376572624,0.002584191356692951,-0.006862127853866112,-0.002341690227699483,RIGHT,4.6262539668730835e-07,2.04540629531049e-07,0.9999993328339737,5,3.6619455509123852e-06,3.378631792675884e-05,0.00628470009354541,0.37585983808208834,0.38111582769846836,0.23670218586242003,Ben-LRJ(1-6)-4:9.csv_to_Yaniv-LRJ(6)-4:7.csv,LDA,False
lrj,Yaniv,Yaniv LRJ,Yaniv-LRJ(6)-4:7.csv,/Users/yanivnaggar/Desktop/Spring 2026/IS/OPENBCI_runs/Yaniv/Yaniv-LRJ(6)-4:7.csv,yaniv,RIGHT,6,5,False,-1,left_right,2,2->2,12,6,Yaniv::Yaniv-LRJ(6)-4:7.csv::trial_12,31542,33293,126.168,133.172,7.004,7,sliding,32292,32541,129.168,130.164,1.0,1.0,0.5,observed_count 5 vs expected_count 6,0.013143464014879442,0.23012384130844993,0.23049887848939107,1.1110424956784382,0.05295698233855664,0.053129732984867076,0.0023277692113243932,0.004485204059467319,0.008639026823228283,0.18335475044883326,0.18355815780456716,0.7887947321352148,0.033618964512153925,0.033693597296606384,0.006198229606921292,0.0053021060738881335,0.030207330633742847,0.21649603459261943,0.21859326572048127,0.9188015583645055,0.04687053299432867,0.047783015818344925,0.00593882020621731,0.005772666103514589,0.014151450228429866,0.16640052928944135,0.1670011966764728,0.8421843776651289,0.027689136147806232,0.027889399691373957,0.003288006757027989,0.0077940873960071315,-0.003870460395596899,-0.0008169020144208148,-0.0036110509948929165,-0.0012874620440472707,-0.0009602375457035957,-0.003308883336539813,0.0002594094007039825,-0.0004705600296264559,0.0029102228498933034,-0.002491981322118998,0.002650813449189321,-0.002021421292492542,RIGHT,0.08608141388868522,3.647722936429585e-05,0.9138821088819504,6,3.836492016654224e-05,0.0002477207423004624,0.001422458212680722,0.11099348141672366,0.24582941059046767,0.641468564117661,Ben-LRJ(1-6)-4:9.csv_to_Yaniv-LRJ(6)-4:7.csv,LDA,True
lrj,Yaniv,Yaniv LRJ,Yaniv-LRJ(6)-4:7.csv,/Users/yanivnaggar/Desktop/Spring 2026/IS/OPENBCI_runs/Yaniv/Yaniv-LRJ(6)-4:7.csv,yaniv,RIGHT,6,5,False,-1,left_right,2,2->2,12,6,Yaniv::Yaniv-LRJ(6)-4:7.csv::trial_12,31542,33293,126.168,133.172,7.004,8,sliding,32417,32666,129.668,130.664,1.0,1.0,0.5,observed_count 5 vs expected_count 6,-0.009337957454531164,0.2332817498164493,0.23346856800616025,1.071848343353245,0.054420374797424446,0.054507572246847075,0.008434447147850441,0.012782592977503875,-0.004322801287906149,0.20147380256362754,0.2015201720186401,0.889058237289857,0.04059169311944757,0.04061037973042229,0.006602789813136374,0.006076024374963716,-0.0246801670215047,0.20871253063814188,0.21016667454567262,0.9482332037207759,0.043560920445377314,0.04417003108958668,0.013031173516699864,0.00410102776639644,-0.011668409259245734,0.17580237524833509,0.1761891793431074,0.8917749031948565,0.030906475142956417,0.031042626917597668,0.0031192440688620118,0.005957779984840826,0.0018316573347140677,0.00670656860254016,-0.004596726368849422,0.008681565211107436,0.00531520307898843,0.006824812992663049,-0.00642838370356349,0.0019749966085672753,0.003483545744274362,0.00011824439012288971,0.009911929447837852,-0.0018567522184443856,RIGHT,0.006172770161324875,8.525235135184663e-06,0.9938187046035399,6,4.957460075107372e-05,0.0009076363201882289,0.0020158786237916846,0.07295536404208755,0.2748331858522526,0.6492383605609289,Ben-LRJ(1-6)-4:9.csv_to_Yaniv-LRJ(6)-4:7.csv,LDA,True
lrj,Yaniv,Yaniv LRJ,Yaniv-LRJ(6)-4:7.csv,/Users/yanivnaggar/Desktop/Spring 2026/IS/OPENBCI_runs/Yaniv/Yaniv-LRJ(6)-4:7.csv,yaniv,RIGHT,6,5,False,-1,left_right,2,2->2,12,6,Yaniv::Yaniv-LRJ(6)-4:7.csv::trial_12,31542,33293,126.168,133.172,7.004,9,sliding,32542,32791,130.168,131.164,1.0,1.0,0.5,observed_count 5 vs expected_count 6,-0.03733587486534542,0.23129046330299163,0.2342845406058053,1.138973923860962,0.053495278414912514,0.05488924596687324,0.0034229532008158282,0.0046553800353686565,-0.021517537171059354,0.2125441057558828,0.21363052520058043,0.9548039920025395,0.0451749968915679,0.045638001297475826,0.0042996313500026214,0.00318853733507882,0.001672523130231113,0.21795849981475945,0.21796491684471073,1.2824469184662428,0.0475059076415005,0.047508704975121656,0.004798364022492501,0.003304249744935088,0.0014490427279137386,0.1778554159185856,0.17786131871882765,0.801932583375689,0.031632548971573075,0.03163464869640039,0.003707632593616171,0.005430691025195155,-0.0008766781491867932,0.0014668427002898364,-0.001375410821676673,0.0013511302904335686,-0.00028467939280034295,-0.0007753109898264981,-0.0004987326724898797,-0.00011571240985626787,0.0005919987563864503,-0.0022421536901163345,0.00109073142887633,-0.0021264412802600666,RIGHT,9.758774893709142e-05,2.991773525101992e-07,0.9999021130737105,5,3.5859138472780587e-06,3.080190024366314e-05,0.000846175456064929,0.03198216357812366,0.7009836626814766,0.266153610470244,Ben-LRJ(1-6)-4:9.csv_to_Yaniv-LRJ(6)-4:7.csv,LDA,False
lrj,Yaniv,Yaniv LRJ,Yaniv-LRJ(6)-4:7.csv,/Users/yanivnaggar/Desktop/Spring 2026/IS/OPENBCI_runs/Yaniv/Yaniv-LRJ(6)-4:7.csv,yaniv,RIGHT,6,5,False,-1,left_right,2,2->2,12,6,Yaniv::Yaniv-LRJ(6)-4:7.csv::trial_12,31542,33293,126.168,133.172,7.004,10,sliding,32667,32916,130.668,131.664,1.0,1.0,0.5,observed_count 5 vs expected_count 6,0.00965394946232431,0.20767498065475176,0.20789924562194215,1.138973923860962,0.04312889758995152,0.043222096330172634,0.007603580113497582,0.008321324245142507,0.003711328500862444,0.2113925676530897,0.21142514424308056,0.9387630249546963,0.04468681765896611,0.04470059161820743,0.0210413844385251,0.011148523195769793,0.00897344299513302,0.24979715061483657,0.2499582747869697,1.2832833882834351,0.06239861645529134,0.062479139134478244,0.006833752801700175,0.010491615271947757,0.0019930374941101088,0.1933601615169947,0.19337043274588597,0.8359987337570288,0.037388152061878274,0.03739212426033121,0.0051920759556836815,0.0076629162952477755,-0.01343780432502752,-0.0028271989506272865,0.0007698273117974072,-0.0021702910268052503,0.002411504157813901,0.0006584079498947312,0.014207631636824926,0.0006569079238220362,0.01584930848284142,0.0034856069005220177,0.0016416768460164937,0.0028286989766999815,RIGHT,0.0024133250373743623,7.352813574577221e-05,0.9975131468268799,6,0.0006527581409334987,0.000856430456994255,0.0076031651437477405,0.08184609707161448,0.4024023315867259,0.5066392175999841,Ben-LRJ(1-6)-4:9.csv_to_Yaniv-LRJ(6)-4:7.csv,LDA,True
lrj,Yaniv,Yaniv LRJ,Yaniv-LRJ(6)-4:7.csv,/Users/yanivnaggar/Desktop/Spring 2026/IS/OPENBCI_runs/Yaniv/Yaniv-LRJ(6)-4:7.csv,yaniv,RIGHT,6,5,False,-1,left_right,2,2->2,12,6,Yaniv::Yaniv-LRJ(6)-4:7.csv::trial_12,31542,33293,126.168,133.172,7.004,11,sliding,32792,33041,131.168,132.164,1.0,1.0,0.5,observed_count 5 vs expected_count 6,0.007448059357492796,0.17089272048149903,0.17105494877892452,0.7692164004885984,0.02920432191356776,0.029259795501760496,0.0010701354822840235,0.005249549526642155,-0.010626160676558123,0.22123570171388293,0.22149074699309274,0.9854741265820792,0.048945235712834184,0.04905815100355822,0.005180564932673673,0.007314194004909364,0.00675913352579477,0.27649273917429595,0.27657534362651487,1.6477104153611242,0.07644823481610524,0.07649392070212477,0.01389568026723928,0.004597680089004466,-0.049143053713233964,0.20825472660598407,0.21397446315388888,1.1728543798466247,0.04337003115373317,0.04578507088199495,0.00876814624106254,0.004421913240799207,-0.00411042945038965,-0.002064644478267209,-0.012825544784955257,0.0006518694376376893,-0.007698010758778517,0.0008276362858429479,-0.008715115334565607,0.002716513915904898,-0.0035875813083888677,0.0028922807641101568,0.005127534026176739,0.00017576684820525858,RIGHT,2.1337413445410506e-07,0.00012152891587428279,0.9998782577099912,4,0.00013618832965837954,1.47007794322771e-05,0.001796835532881065,0.9027423305614176,0.0027578984548743165,0.09255204634173626,Ben-LRJ(1-6)-4:9.csv_to_Yaniv-LRJ(6)-4:7.csv,LDA,False
lrj,Yaniv,Yaniv LRJ,Yaniv-LRJ(6)-4:7.csv,/Users/yanivnaggar/Desktop/Spring 2026/IS/OPENBCI_runs/Yaniv/Yaniv-LRJ(6)-4:7.csv,yaniv,RIGHT,6,5,False,-1,left_right,2,2->2,12,6,Yaniv::Yaniv-LRJ(6)-4:7.csv::trial_12,31542,33293,126.168,133.172,7.004,12,sliding,32917,33166,131.668,132.664,1.0,1.0,0.5,observed_count 5 vs expected_count 6,0.01790646200641643,0.1968512069033674,0.19766395483471336,0.9531399742834511,0.03875039765931237,0.039071039040899605,0.006435748451473048,0.005624780313410594,-0.003183842782438653,0.24720928236246456,0.2472297840896764,1.1531729199254726,0.06111242928616473,0.06112256614102802,0.011587379447076256,0.006044046577889851,0.010017487413164076,0.27504352464972687,0.2752258899628046,1.5620117120485635,0.07564894045174492,0.07574929050581783,0.026412196766076597,0.009937298757511927,0.0034695173329235373,0.22404155663532255,0.22406841957335685,1.4698254597291829,0.05019461909957844,0.05020665665010189,0.01749069490241196,0.015055377743267494,-0.005151630995603208,-0.0004192662644792577,-0.01997644831460355,-0.004312518444101333,-0.01105494645093891,-0.0094305974298569,-0.01482481731900034,-0.0038932521796220757,-0.005903315455335702,-0.009011331165377643,0.008921501863664638,-0.005118078985755567,RIGHT,0.003815948214288,4.496456177991321e-06,0.9961795553295341,5,0.0009190341918179134,0.0008499232106885157,0.027238621736144112,0.0791831475413654,0.5727856741893517,0.3190235991306324,Ben-LRJ(1-6)-4:9.csv_to_Yaniv-LRJ(6)-4:7.csv,LDA,False
lrj,Yaniv,Yaniv LRJ,Yaniv-LRJ(6)-4:7.csv,/Users/yanivnaggar/Desktop/Spring 2026/IS/OPENBCI_runs/Yaniv/Yaniv-LRJ(6)-4:7.csv,yaniv,RIGHT,6,5,False,-1,left_right,2,2->2,12,6,Yaniv::Yaniv-LRJ(6)-4:7.csv::trial_12,31542,33293,126.168,133.172,7.004,13,sliding,33042,33291,132.168,133.164,1.0,1.0,0.5,observed_count 5 vs expected_count 6,-0.023350770870341334,0.19519318302542363,0.19658493635025984,0.9679500298675405,0.03810037869959653,0.038645637199835714,0.008398625515333,0.006223968285077932,-0.011830045658875929,0.25393135057148775,0.25420676777645185,1.1868252616755715,0.06448113080305981,0.06462108078335091,0.01382342486660372,0.0066008927956813564,-0.029340544920825905,0.19399218980707877,0.1961984640164053,1.0779377766775533,0.03763296970614568,0.038493837282396685,0.0045041374419703,0.005996938787536518,0.007236952482565938,0.2221911868262138,0.2223090123779879,1.2032121770382718,0.04936892350324145,0.04942129698447637,0.005420249185289751,0.010134853033560983,-0.00542479935127072,-0.00037692451060342483,0.0038944880733627002,0.00022702949754141357,0.0029783763300432493,-0.0039108847484830515,0.009319287424633421,0.0006039540081448384,0.00840317568131397,-0.0035339602378796266,-0.000916111743319451,-0.004137914246024465,RIGHT,2.984537863567941e-05,6.2787372524001635e-06,0.999963875884112,5,0.00010422640964793247,0.0004447721392986693,0.014775757986488959,0.08635225500770569,0.6998266762731767,0.1984963121836821,Ben-LRJ(1-6)-4:9.csv_to_Yaniv-LRJ(6)-4:7.csv,LDA,False
lrj,Yaniv,Yaniv LRJ,Yaniv-LRJ(6)-4:7.csv,/Users/yanivnaggar/Desktop/Spring 2026/IS/OPENBCI_runs/Yaniv/Yaniv-LRJ(6)-4:7.csv,yaniv,JAW,1,1,True,0,jaw,3,3->3,13,1,Yaniv::Yaniv-LRJ(6)-4:7.csv::trial_13,34461,34855,137.844,139.42,1.576,1,sliding,34461,34710,137.844,138.84,1.0,1.0,0.5,,0.00014486101336490088,1.7590597258173166,1.7590597317820695,12.931990455877578,3.0942911189924933,3.0942911399772064,0.0010451937991326403,0.7641946931485384,0.0003726643455886798,1.5356628919666797,1.5356629371845179,9.765856627770972,2.358260517763466,2.35826065664218,0.001628729933727278,0.4860334660687693,-0.00017652627286786427,0.8681252634575254,0.8681252814051222,6.0012829695504,0.753641473053198,0.7536415042147228,0.00018672173418930933,0.18657344362874173,0.00019130199267708648,0.8095331955478604,0.8095332181512892,5.796407775161466,0.6553439946939303,0.6553440312903828,0.0003290492054493296,0.11686978128274043,-0.0005835361345946377,0.2781612270797691,0.000858472064943331,0.5776212495197967,0.0007161445936833108,0.647324911865798,0.0014420081995379687,0.29946002244002756,0.0012996807282779485,0.36916368478602885,-0.00014232747126002025,0.0697036623460013,RIGHT,1.1905799312038664e-13,4.553583566721268e-07,0.9999995446415244,6,0.0029341688580182537,5.0735256735096915e-05,2.4737810147211413e-08,0.032450348415581226,0.0002965748311180103,0.9642681479007372,Ben-LRJ(1-6)-4:9.csv_to_Yaniv-LRJ(6)-4:7.csv,LDA,False
lrj,Yaniv,Yaniv LRJ,Yaniv-LRJ(6)-4:7.csv,/Users/yanivnaggar/Desktop/Spring 2026/IS/OPENBCI_runs/Yaniv/Yaniv-LRJ(6)-4:7.csv,yaniv,JAW,1,1,True,0,jaw,3,3->3,13,1,Yaniv::Yaniv-LRJ(6)-4:7.csv::trial_13,34461,34855,137.844,139.42,1.576,2,sliding,34586,34835,138.344,139.34,1.0,1.0,0.5,,-0.0035614016025657543,1.7098944982513535,1.7098982071256823,12.931990455877578,2.923739195150248,2.923751878731623,5.91859176499432e-05,0.03787950245849365,-0.00805230096259958,1.4779636908851645,1.4779856261566588,9.765856627770972,2.1843766715748982,2.1844415111256907,3.3941284669908386e-05,0.09917612808265483,-0.0023015781585250215,0.8508115866780499,0.8508146997364587,6.0012829695504,0.7238803560256208,0.7238856532876404,1.8008669030506902e-05,0.018665906412048787,-0.0020938917225263244,0.7918287392064668,0.7918315077185603,5.796407775161466,0.6269927522333029,0.6269971366158484,1.052270103961356e-05,0.008023491071156866,2.5244632980034813e-05,-0.06129662562416118,4.117724861943629e-05,0.01921359604644486,4.866321661032964e-05,0.029856011387336782,1.5932615639401484e-05,0.08051022167060604,2.3418583630294827e-05,0.09115263701149796,7.485967990893342e-06,0.010642415340891921,RIGHT,1.59768956776264e-10,1.869720109279238e-07,0.99999981286822,6,0.09340170898228388,1.162039799121836e-06,2.8071951651501385e-07,0.09112714591860484,0.00192604427930998,0.8135436580604857,Ben-LRJ(1-6)-4:9.csv_to_Yaniv-LRJ(6)-4:7.csv,LDA,False
lrj,Yaniv,Yaniv LRJ,Yaniv-LRJ(6)-4:7.csv,/Users/yanivnaggar/Desktop/Spring 2026/IS/OPENBCI_runs/Yaniv/Yaniv-LRJ(6)-4:7.csv,yaniv,JAW,2,2,True,0,jaw,3,3->3,14,2,Yaniv::Yaniv-LRJ(6)-4:7.csv::trial_14,35866,36383,143.464,145.532,2.068,1,sliding,35866,36115,143.464,144.46,1.0,1.0,0.5,,-0.00015092619739151834,2.0063706219420214,2.0063706276186193,13.925343684669416,4.025523072592014,4.0255230953707315,0.0003014897294941616,0.13822058090346126,0.00012630793166754816,1.4265687401029032,1.4265687456945348,8.87130491305123,2.0350983702387846,2.0350983861924785,0.00019398300428848927,0.12715851998193323,0.0015863279165497046,0.8530814008224147,0.8530828757309528,6.546661369928007,0.7277478764291333,0.7277503928653921,0.00018225336427156322,0.038205604038441,0.0010951773263890186,0.8210587625231454,0.8210594929293583,5.900311007745399,0.6741374915160389,0.674138690929415,0.0001412415842581005,0.034926387946717374,0.00010750672520567231,0.011062060921528033,0.00011923636522259836,0.10001497686502026,0.0001602481452360611,0.10329419295674389,1.1729640016926049e-05,0.08895291594349222,5.274142003038878e-05,0.09223213203521585,4.101178001346273e-05,0.003279216091723623,RIGHT,4.240133534546963e-20,4.707512255302848e-09,0.9999999952924876,1,0.9730958047420225,1.736632587546141e-11,1.1981880146823947e-10,0.005428748385870979,2.955070433635255e-06,0.02147249166448777,Ben-LRJ(1-6)-4:9.csv_to_Yaniv-LRJ(6)-4:7.csv,LDA,False
lrj,Yaniv,Yaniv LRJ,Yaniv-LRJ(6)-4:7.csv,/Users/yanivnaggar/Desktop/Spring 2026/IS/OPENBCI_runs/Yaniv/Yaniv-LRJ(6)-4:7.csv,yaniv,JAW,2,2,True,0,jaw,3,3->3,14,2,Yaniv::Yaniv-LRJ(6)-4:7.csv::trial_14,35866,36383,143.464,145.532,2.068,2,sliding,35991,36240,143.964,144.96,1.0,1.0,0.5,,-0.002085682176650348,2.257211180184636,2.2572121437783954,22.673296555483187,5.095002311950518,5.09500666202066,0.00024080137413150628,0.49483463867894395,-0.005708479616241826,1.4045306376603504,1.4045422381922588,11.14848542183822,1.9727063121265904,1.9727388988661196,0.00014775313036662036,0.19841695521781816,-0.005143111997208277,1.0862934210445736,1.0863055961403028,9.80433126022728,1.1800333966047232,1.1800598482057387,0.00011021199400701169,0.14430764980468153,-0.003675551038246724,0.8962391321605778,0.8962466689987642,7.310200085008432,0.8032445820159457,0.8032580916913804,5.332451336922196e-05,0.10007643089676299,9.304824376488592e-05,0.2964176834611258,0.0001305893801244946,0.3505269888742624,0.00018747686076228432,0.39475820778218096,3.7541136359608675e-05,0.05410930541313663,9.44286169973984e-05,0.09834052432105517,5.6887480637789726e-05,0.044231218907918535,RIGHT,9.486856742481027e-26,3.4889557010000103e-09,0.9999999965110442,1,0.9999999893528787,6.533894540099166e-20,3.256925495191333e-18,1.8808940433242467e-10,4.784438633757868e-14,1.0458984137825184e-08,Ben-LRJ(1-6)-4:9.csv_to_Yaniv-LRJ(6)-4:7.csv,LDA,False
lrj,Yaniv,Yaniv LRJ,Yaniv-LRJ(6)-4:7.csv,/Users/yanivnaggar/Desktop/Spring 2026/IS/OPENBCI_runs/Yaniv/Yaniv-LRJ(6)-4:7.csv,yaniv,JAW,2,2,True,0,jaw,3,3->3,14,2,Yaniv::Yaniv-LRJ(6)-4:7.csv::trial_14,35866,36383,143.464,145.532,2.068,3,sliding,36116,36365,144.464,145.46,1.0,1.0,0.5,,0.002049718837796304,2.1720387351303803,2.172039702273901,22.673296555483187,4.717752266906782,4.717756468254097,0.00011910540732876676,0.10658397984073001,0.0014860277962098615,1.3420037772185105,1.342004599972504,11.14848542183822,1.8009741380687494,1.8009763463473607,6.814801913363196e-05,0.045569826795049784,-0.0003221604186059892,1.061285624987786,1.06128567388477,9.80433126022728,1.1263271778057153,1.1263272815930503,4.6883004352879485e-05,0.02530663242075561,0.0001545860054834467,0.8689411979064775,0.8689412116570241,7.310200085008432,0.755058805419144,0.7550588293159771,3.336806843009851e-05,0.01437932769505294,5.0957388195134803e-05,0.061014153045680225,7.222240297588728e-05,0.0812773474199744,8.573733889866825e-05,0.09220465214567707,2.1265014780752476e-05,0.020263194374294174,3.477995070353345e-05,0.031190499099996844,1.3514935922780973e-05,0.01092730472570267,RIGHT,1.8736032825494764e-21,1.9429030280702822e-12,0.9999999999980571,1,0.9999999975571447,1.9970972393253823e-20,5.327908548905086e-17,3.457718667695395e-10,1.5033462239264327e-13,2.0969331681314387e-09,Ben-LRJ(1-6)-4:9.csv_to_Yaniv-LRJ(6)-4:7.csv,LDA,False
lrj,Yaniv,Yaniv LRJ,Yaniv-LRJ(6)-4:7.csv,/Users/yanivnaggar/Desktop/Spring 2026/IS/OPENBCI_runs/Yaniv/Yaniv-LRJ(6)-4:7.csv,yaniv,JAW,3,2,False,-1,jaw,3,3->3,15,3,Yaniv::Yaniv-LRJ(6)-4:7.csv::trial_15,37259,37972,149.036,151.888,2.852,1,sliding,37259,37508,149.036,150.032,1.0,1.0,0.5,observed_count 2 vs expected_count 3,0.0001368241670513295,1.4092544117514472,1.4092544183935596,12.720774469345903,1.9859979970409174,1.9859980157617698,0.00016023122304247654,0.06151300599513025,-1.9470800789862963e-05,1.0698468360587037,1.0698468362358842,8.156397048274487,1.144572252624819,1.1445722530039308,7.683964478627437e-05,0.04656959333406125,0.0006712861670731604,0.6770847375194531,0.6770850702879991,6.56735191581027,0.45844374178178665,0.45844419240690476,7.262705728682242e-05,0.020661915875994558,0.00046933846004534185,0.6178052319158012,0.6178054101908843,5.397894177753008,0.3816833045825368,0.38168352486112683,6.0366676194529214e-05,0.017365676457788765,8.339157825620217e-05,0.014943412661069001,8.760416575565413e-05,0.040851090119135694,9.986454684794733e-05,0.04414732953734149,4.212587499451953e-06,0.025907677458066693,1.6472968591745154e-05,0.029203916876272485,1.2260381092293201e-05,0.0032962394182057923,JAW,0.977810297816178,0.0043989375629655564,0.0177907646208564,1,0.9996805508169112,8.407104827684654e-07,1.93534565791902e-05,0.00021440373941226931,1.6261723182093605e-05,6.858955343270935e-05,Ben-LRJ(1-6)-4:9.csv_to_Yaniv-LRJ(6)-4:7.csv,LDA,False
lrj,Yaniv,Yaniv LRJ,Yaniv-LRJ(6)-4:7.csv,/Users/yanivnaggar/Desktop/Spring 2026/IS/OPENBCI_runs/Yaniv/Yaniv-LRJ(6)-4:7.csv,yaniv,JAW,3,2,False,-1,jaw,3,3->3,15,3,Yaniv::Yaniv-LRJ(6)-4:7.csv::trial_15,37259,37972,149.036,151.888,2.852,2,sliding,37384,37633,149.536,150.532,1.0,1.0,0.5,observed_count 2 vs expected_count 3,-2.0982030625376067e-06,1.6061468460479158,1.6061468460492865,12.720774469345903,2.5797076910696672,2.5797076910740704,8.131223363317953e-05,0.0938256310378181,0.004751392962564413,1.2963851782418652,1.2963938853991395,9.253982939974057,1.6806145303651925,1.680637106100277,0.00010848572674117387,0.0387098784667296,0.0010050087998870626,0.7710319049882433,0.7710325599820589,6.56735191581027,0.5944901985097993,0.5944912085524872,6.475038618280011e-05,0.016469190123128582,-0.0016379544623549567,0.7180929450916977,0.7180948131586029,5.397894177753008,0.515657477790468,0.5156601606852889,8.94753792630543e-05,0.014759674937121065,-2.7173493107994343e-05,0.0551157525710885,1.6561847450379422e-05,0.07735644091468952,-8.163145629874773e-06,0.07906595610069704,4.3735340558373765e-05,0.02224068834360102,1.901034747811957e-05,0.023950203529608537,-2.4724993080254195e-05,0.0017095151860075167,RIGHT,1.1693055599755844e-05,0.0018538310803651121,0.9981344758640353,1,0.9983357890165812,8.779160025790473e-07,9.984862396292932e-07,0.00044825337825184127,1.6889211563442106e-05,0.0011971919913615033,Ben-LRJ(1-6)-4:9.csv_to_Yaniv-LRJ(6)-4:7.csv,LDA,False
lrj,Yaniv,Yaniv LRJ,Yaniv-LRJ(6)-4:7.csv,/Users/yanivnaggar/Desktop/Spring 2026/IS/OPENBCI_runs/Yaniv/Yaniv-LRJ(6)-4:7.csv,yaniv,JAW,3,2,False,-1,jaw,3,3->3,15,3,Yaniv::Yaniv-LRJ(6)-4:7.csv::trial_15,37259,37972,149.036,151.888,2.852,3,sliding,37509,37758,150.036,151.032,1.0,1.0,0.5,observed_count 2 vs expected_count 3,-0.00027182249172346665,1.4701419298501748,1.47014195497954,12.231380655809708,2.1613172939035965,2.1613173677910638,0.000473701903220581,0.4723507803949688,0.0009242188794773571,1.0256104937259831,1.025610910151307,9.518938808030837,1.0518768848408548,1.0518777390213923,0.00036345492888274235,0.1415592787602873,-0.00024016425798772367,0.7032337267259213,0.7032337677356647,6.550400072268134,0.4945376744048278,0.4945377320836988,0.00016049825311927933,0.06764462228571591,0.00041673195131605414,0.586930677348368,0.5869308252921577,5.037224569099129,0.3444876200126141,0.34448779367813337,0.000174732575001068,0.04289813794831688,0.00011024697433783864,0.3307915016346815,0.00031320365010130164,0.4047061581092529,0.000298969328219513,0.42945264244665193,0.00020295667576346302,0.07391465647457138,0.00018872235388167434,0.09866114081197042,-1.4234321881788679e-05,0.02474648433739903,JAW,0.8516389868061122,0.0006990105861591395,0.14766200260772885,1,0.9999118260302987,6.156573120298232e-05,9.144473096086538e-06,5.867067413300527e-06,6.288661725146237e-07,1.0967831816422906e-05,Ben-LRJ(1-6)-4:9.csv_to_Yaniv-LRJ(6)-4:7.csv,LDA,False
lrj,Yaniv,Yaniv LRJ,Yaniv-LRJ(6)-4:7.csv,/Users/yanivnaggar/Desktop/Spring 2026/IS/OPENBCI_runs/Yaniv/Yaniv-LRJ(6)-4:7.csv,yaniv,JAW,3,2,False,-1,jaw,3,3->3,15,3,Yaniv::Yaniv-LRJ(6)-4:7.csv::trial_15,37259,37972,149.036,151.888,2.852,4,sliding,37634,37883,150.536,151.532,1.0,1.0,0.5,observed_count 2 vs expected_count 3,-0.003998537618272211,2.05011582428429,2.0501197236463873,15.89876139283162,4.202974892980854,4.202990881283939,0.00019830652722682373,0.3059162797224727,-0.008000125183495127,1.3742259379815267,1.37424922434912,10.87760732182348,1.888496928621207,1.8885609306241582,0.0002559265370521499,0.21199252624552858,-0.0022145747857351427,0.9232740459586252,0.9232767019059297,6.852939417378357,0.8524349639408094,0.852439868282291,0.00011002818037630582,0.07869428214793098,-5.2345402661508885e-06,0.7644409883048877,0.7644409883228097,5.303023959195157,0.5843700246005535,0.5843700246279541,0.00010454720141797762,0.06943868705404689,-5.762000982532616e-05,0.09392375347694412,8.827834685051791e-05,0.22722199757454173,9.375932580884611e-05,0.23647759266842583,0.00014589835667584407,0.1332982440975976,0.00015137933563417227,0.14255383919148168,5.480978958328201e-06,0.009255595093884086,RIGHT,6.406236514238275e-21,3.057374743537572e-07,0.9999996942625256,1,0.9993994762381362,1.7548022728239003e-13,9.115747145643783e-11,0.00022804760781899405,2.5322269934967424e-08,0.00037245074044209514,Ben-LRJ(1-6)-4:9.csv_to_Yaniv-LRJ(6)-4:7.csv,LDA,False
lrj,Yaniv,Yaniv LRJ,Yaniv-LRJ(6)-4:7.csv,/Users/yanivnaggar/Desktop/Spring 2026/IS/OPENBCI_runs/Yaniv/Yaniv-LRJ(6)-4:7.csv,yaniv,JAW,4,4,True,0,jaw,3,3->3,16,4,Yaniv::Yaniv-LRJ(6)-4:7.csv::trial_16,39001,40042,156.004,160.168,4.164,1,sliding,39001,39250,156.004,157.0,1.0,1.0,0.5,,0.012302862629400092,1.4608571656272726,1.4609089700571445,14.997272742194962,2.1341036583645487,2.134255018793427,8.178974360050708e-05,0.038565455675593385,0.007208292707923475,1.2347259208258532,1.234746961544354,12.46676176320997,1.5245480995592513,1.5246000590430144,9.902261456396144e-05,0.03887717419017481,0.003960813165462535,0.8064877591722517,0.8064974852630425,7.621534905675378,0.6504225056946799,0.6504381937356115,0.00010980594256154084,0.011379288272627006,0.003382361266589475,0.79225851520063,0.7922657352654124,7.385165877013186,0.6276735549079068,0.6276849952756446,8.723503388753938e-05,0.011306738261074423,-1.7232870963454353e-05,-0.00031171851458142164,-2.8016198961033762e-05,0.02718616740296638,-5.445290287032299e-06,0.027258717414518963,-1.0783327997579409e-05,0.0274978859175478,1.1787580676422054e-05,0.027570435929100384,2.2570908674001463e-05,7.25500115525829e-05,JAW,0.9999989011721186,4.65191713987111e-10,1.0983626896044643e-06,1,0.9998385468148628,1.748503766488582e-05,4.009110714825554e-08,1.0688158907483315e-06,1.7298959823566976e-06,0.00014112934449197017,Ben-LRJ(1-6)-4:9.csv_to_Yaniv-LRJ(6)-4:7.csv,LDA,False
lrj,Yaniv,Yaniv LRJ,Yaniv-LRJ(6)-4:7.csv,/Users/yanivnaggar/Desktop/Spring 2026/IS/OPENBCI_runs/Yaniv/Yaniv-LRJ(6)-4:7.csv,yaniv,JAW,4,4,True,0,jaw,3,3->3,16,4,Yaniv::Yaniv-LRJ(6)-4:7.csv::trial_16,39001,40042,156.004,160.168,4.164,2,sliding,39126,39375,156.504,157.5,1.0,1.0,0.5,,-0.00039171904799332856,1.8636386372689777,1.863638678436779,14.997272742194962,3.473148970321772,3.4731491237655847,0.00020508131941239326,1.0666027131282343,-0.0025073370318932186,1.4737512534808574,1.4737533863830101,12.46676176320997,2.1719427571363985,2.1719490438753897,0.00015815365308144864,0.7301777591642646,-0.0008080096294570805,0.9733252149990675,0.9733255503851433,7.621534905675378,0.947361974152981,0.9473626270325423,6.177287329878103e-05,0.3321863241007431,-0.0011602931268446391,0.9522770652133945,0.9522777720873127,7.385165877013186,0.9068316089314357,0.9068329552115759,8.536038702565332e-05,0.2732669033252506,4.6927666330944624e-05,0.33642495396396965,0.00014330844611361223,0.7344163890274912,0.00011972093238673994,0.7933358098029837,9.63807797826676e-05,0.3979914350635215,7.279326605579532e-05,0.45691085583901403,-2.3587513726872284e-05,0.058919420775492504,LEFT,1.865380838232936e-12,0.9951327759147947,0.00486722408333997,6,0.0002268562445515748,2.4544699379298606e-06,8.385332136362413e-14,3.14498037774654e-05,3.570987281845534e-07,0.9997388823829211,Ben-LRJ(1-6)-4:9.csv_to_Yaniv-LRJ(6)-4:7.csv,LDA,False
lrj,Yaniv,Yaniv LRJ,Yaniv-LRJ(6)-4:7.csv,/Users/yanivnaggar/Desktop/Spring 2026/IS/OPENBCI_runs/Yaniv/Yaniv-LRJ(6)-4:7.csv,yaniv,JAW,4,4,True,0,jaw,3,3->3,16,4,Yaniv::Yaniv-LRJ(6)-4:7.csv::trial_16,39001,40042,156.004,160.168,4.164,3,sliding,39251,39500,157.004,158.0,1.0,1.0,0.5,,-0.009744299339200794,1.944274108914097,1.9442985269662985,15.362128492452307,3.7802018105937054,3.7802967619633177,0.00021928365628634132,0.20582695785605723,-0.003470454483459296,1.4161047518705232,1.4161090043935876,11.368365559534002,2.005352668270276,2.0053647123245977,0.00036565513116194534,0.1681179309728186,-0.003401263392924082,1.0102067326353443,1.0102124584731897,8.915406764469154,1.020517642661778,1.020529211254446,0.00014352690165024922,0.07849064249736123,-0.0030344065050153797,0.8898505968750212,0.8898557705503005,8.35748477843919,0.7918340847588314,0.7918432923816692,0.00021369479567986195,0.06982049338429062,-0.00014637147487560402,0.03770902688323863,7.57567546360921e-05,0.127336315358696,5.588860606479365e-06,0.13600646447176662,0.00022212822951169612,0.08962728847545737,0.00015196033548208339,0.09829743758852798,-7.016789402961273e-05,0.00867014911307061,RIGHT,5.743122412078942e-10,1.826178161929445e-06,0.9999981732475257,1,0.9993885767048099,5.442304338338658e-11,4.9713486957474623e-14,1.788160710715013e-06,3.937866348691572e-08,0.00060959570134315,Ben-LRJ(1-6)-4:9.csv_to_Yaniv-LRJ(6)-4:7.csv,LDA,False
lrj,Yaniv,Yaniv LRJ,Yaniv-LRJ(6)-4:7.csv,/Users/yanivnaggar/Desktop/Spring 2026/IS/OPENBCI_runs/Yaniv/Yaniv-LRJ(6)-4:7.csv,yaniv,JAW,4,4,True,0,jaw,3,3->3,16,4,Yaniv::Yaniv-LRJ(6)-4:7.csv::trial_16,39001,40042,156.004,160.168,4.164,4,sliding,39376,39625,157.504,158.5,1.0,1.0,0.5,,0.0018597577818070111,1.5810007348683424,1.5810018287001586,15.362128492452307,2.4995633236542387,2.499566782353246,0.0003031983794417797,0.1103797494449916,0.0020388152813778267,1.1992883123814262,1.1992900453945412,10.950840822250548,1.4382924562146893,1.4382966129824408,0.00022132088728020547,0.1105993123579065,0.0025487937286498737,0.8543767975326736,0.8543805993300986,8.915406764469154,0.7299597121621871,0.7299662085116585,0.0007521150788481969,0.04073589469053311,0.0025472074189987776,0.7204163441535657,0.720420847275552,8.35748477843919,0.5189997089235888,0.5190061971892242,0.0007566126307788233,0.03404396669179905,8.187749216157425e-05,-0.00021956291291490293,-0.00044891669940641716,0.06964385475445849,-0.0004534142513370436,0.07633578275319255,-0.0005307941915679914,0.06986341766737339,-0.0005352917434986178,0.07655534566610744,-4.497551930626427e-06,0.006691927998734061,JAW,0.9999850592999682,1.483937347287399e-08,1.4925860658494477e-05,1,0.999999439770706,1.3013567416753986e-09,3.839276019541636e-10,1.2622792970789774e-07,3.839440418128515e-08,3.9392167566241853e-07,Ben-LRJ(1-6)-4:9.csv_to_Yaniv-LRJ(6)-4:7.csv,LDA,False
lrj,Yaniv,Yaniv LRJ,Yaniv-LRJ(6)-4:7.csv,/Users/yanivnaggar/Desktop/Spring 2026/IS/OPENBCI_runs/Yaniv/Yaniv-LRJ(6)-4:7.csv,yaniv,JAW,4,4,True,0,jaw,3,3->3,16,4,Yaniv::Yaniv-LRJ(6)-4:7.csv::trial_16,39001,40042,156.004,160.168,4.164,5,sliding,39501,39750,158.004,159.0,1.0,1.0,0.5,,-0.0032926590601026406,1.3455791336150296,1.3455831622102958,11.851989252611538,1.8105832048201735,1.8105940464238595,9.48705440987781e-05,0.14134011880005895,-0.0024529396546106525,1.1592545467288646,1.1592571418906568,8.839551929648223,1.3438711041115454,1.3438771210244944,0.00019907469144643698,0.030172062604718882,-0.0007170305987488535,0.7344421568192296,0.7344425068350561,7.078864939834341,0.5394052817132818,0.5394057958461614,0.0004103558097245789,0.03903651258164098,-0.00041663522238679686,0.6288548746045936,0.6288550126212461,6.156344163822672,0.3954584533139591,0.3954586268988676,0.00035517343788759914,0.03690125839319627,-0.00010420414734765889,0.11116805619534006,-0.00031548526562580077,0.10230360621841797,-0.0002603028937888211,0.10443886040686268,-0.0002112811182781419,-0.008864449976922099,-0.00015609874644116216,-0.006729195788477391,5.5182371836979746e-05,0.0021352541884447074,JAW,0.9982499616476038,0.0017305605723568827,1.9477780039301675e-05,1,0.9999037204613136,2.0732899935674135e-05,4.0245596658905045e-06,1.642026807663354e-05,1.287776239435969e-05,4.222404861362944e-05,Ben-LRJ(1-6)-4:9.csv_to_Yaniv-LRJ(6)-4:7.csv,LDA,False
lrj,Yaniv,Yaniv LRJ,Yaniv-LRJ(6)-4:7.csv,/Users/yanivnaggar/Desktop/Spring 2026/IS/OPENBCI_runs/Yaniv/Yaniv-LRJ(6)-4:7.csv,yaniv,JAW,4,4,True,0,jaw,3,3->3,16,4,Yaniv::Yaniv-LRJ(6)-4:7.csv::trial_16,39001,40042,156.004,160.168,4.164,6,sliding,39626,39875,158.504,159.5,1.0,1.0,0.5,,-0.0015953245024558312,1.534054502037062,1.5340553315576486,12.263289431616041,2.353323215220178,2.353325760280447,8.505964506315528e-05,0.019872119294181857,-0.008667845288781216,1.2541282039700061,1.254158157305124,8.839551929648223,1.5728375519930335,1.572912683534984,0.00011271230212329147,0.011963421770812695,-0.0019911629234084633,0.8196488008563052,0.8196512194067467,7.078864939834341,0.6718241567451791,0.6718281214749668,4.901877293108079e-05,0.010768876099360555,-0.0026382126956544065,0.7086577463391678,0.7086626571315409,6.156344163822672,0.5021958014465083,0.5022027616127359,5.69316415149137e-05,0.01131993616514549,-2.7652657060136198e-05,0.007908697523369162,3.6040872132074486e-05,0.009103243194821302,2.8128003548241574e-05,0.008552183129036366,6.369352919221068e-05,0.0011945456714521404,5.578066060837777e-05,0.0006434856056672048,-7.912868583832911e-06,-0.0005510600657849356,RIGHT,0.018631440389440663,0.005860544116061045,0.9755080154944983,1,0.9985768847457905,1.8412571315660383e-06,6.903415575749225e-07,0.0003739205006298029,4.137080534835812e-05,0.0010052923495419475,Ben-LRJ(1-6)-4:9.csv_to_Yaniv-LRJ(6)-4:7.csv,LDA,False
lrj,Yaniv,Yaniv LRJ,Yaniv-LRJ(6)-4:7.csv,/Users/yanivnaggar/Desktop/Spring 2026/IS/OPENBCI_runs/Yaniv/Yaniv-LRJ(6)-4:7.csv,yaniv,JAW,4,4,True,0,jaw,3,3->3,16,4,Yaniv::Yaniv-LRJ(6)-4:7.csv::trial_16,39001,40042,156.004,160.168,4.164,7,sliding,39751,40000,159.004,160.0,1.0,1.0,0.5,,0.0008437556866695377,1.3981893314393936,1.398189586027087,11.00555294397134,1.9549334065509383,1.954934118474597,4.3648639608920027e-05,0.11210433468395864,0.0006208899967471939,1.0400405912285478,1.0400407765599458,8.778602206661038,1.0816844314030272,1.0816848169074151,9.337922314755312e-05,0.08195298932169462,0.00015202124712871011,0.6983088429461238,0.6983088594935724,5.9737450753226815,0.4876352401367542,0.48763526324721373,2.9538692780901728e-05,0.030269018809458464,0.000320409217732762,0.6446080720880845,0.6446081517194643,4.814938595338182,0.4155195666011171,0.4155196692631839,4.541239943345396e-05,0.0235427003913212,-4.973058353863309e-05,0.03015134536226402,1.4109946828018299e-05,0.08183531587450017,-1.7637598245339356e-06,0.08856163429263744,6.384053036665139e-05,0.05168397051223615,4.7966823714099155e-05,0.05841028893037342,-1.5873706652552234e-05,0.006726318418137263,JAW,0.7358106239403107,0.007934928618129524,0.2562544474415598,1,0.9938871301557938,0.00016132276020624101,0.00025866312525014344,0.0027689289081996205,0.0001202157414112318,0.002803739309138929,Ben-LRJ(1-6)-4:9.csv_to_Yaniv-LRJ(6)-4:7.csv,LDA,False
lrj,Yaniv,Yaniv LRJ,Yaniv-LRJ(6)-4:7.csv,/Users/yanivnaggar/Desktop/Spring 2026/IS/OPENBCI_runs/Yaniv/Yaniv-LRJ(6)-4:7.csv,yaniv,JAW,5,5,True,0,jaw,3,3->3,17,5,Yaniv::Yaniv-LRJ(6)-4:7.csv::trial_17,40933,42164,163.732,168.656,4.924,1,sliding,40933,41182,163.732,164.728,1.0,1.0,0.5,,0.0003888783599625327,1.4135749956606751,1.413575049151426,13.192267156110667,1.998194268357078,1.9981944195834567,0.00025812795876019063,0.12038657445844604,0.0005062252233163278,1.1271694999357729,1.1271696136116502,9.369438424438766,1.2705110815854601,1.270511337849437,0.00024536877132884643,0.17162003656933297,-3.7318140874331718e-06,0.7756710680183017,0.7756710680272787,6.5395398403197245,0.6016656057606528,0.6016656057745792,0.000387647869916789,0.04053819822537935,0.0003789591895551725,0.694909351825019,0.6949094551550838,6.0600150070351235,0.4828990072538681,0.4828991508639355,0.00032159501977475176,0.03954448296625447,1.2759187431344199e-05,-0.05123346211088693,-0.0001295199111565984,0.07984837623306669,-6.346706101456113e-05,0.08084209149219157,-0.0001422790985879426,0.13108183834395362,-7.622624844590533e-05,0.1320755536030785,6.605285014203726e-05,0.0009937152591248805,JAW,0.9756241683809544,7.5408490997178e-05,0.024300423128048466,1,0.9269212353093385,0.00011244922053267393,0.00013081878013409303,0.027996898321526076,0.0021026794657844376,0.04273591890268436,Ben-LRJ(1-6)-4:9.csv_to_Yaniv-LRJ(6)-4:7.csv,LDA,False
lrj,Yaniv,Yaniv LRJ,Yaniv-LRJ(6)-4:7.csv,/Users/yanivnaggar/Desktop/Spring 2026/IS/OPENBCI_runs/Yaniv/Yaniv-LRJ(6)-4:7.csv,yaniv,JAW,5,5,True,0,jaw,3,3->3,17,5,Yaniv::Yaniv-LRJ(6)-4:7.csv::trial_17,40933,42164,163.732,168.656,4.924,2,sliding,41058,41307,164.232,165.228,1.0,1.0,0.5,,-0.005546304881418166,1.6609015175281943,1.660910777984566,13.483303853452082,2.7585938509274586,2.7586246124252964,0.00016689006474072108,0.06492867490630452,-0.007819077551852103,1.3339903163714522,1.334013231623498,9.487713521862808,1.7795301641728067,1.7795913021465686,0.00024414102469700325,0.07917973241044944,-0.0026230385468875694,0.901358299775288,0.901362116413274,7.150474091101597,0.8124467845737979,0.8124536649050165,2.0418144094547387e-05,0.01238716352249411,-0.003012475541639884,0.8037746204864261,0.8037802657113369,6.072943380176643,0.6460536405380983,0.6460627155469872,0.00013899292653720457,0.016387671962263966,-7.725095995628217e-05,-0.014251057504144918,0.0001464719206461737,0.05254151138381041,2.789713820351651e-05,0.048541002944040554,0.00022372288060245587,0.06679256888795533,0.00010514809815979868,0.06279206044818547,-0.00011857478244265718,-0.004000508439769856,RIGHT,1.5586208103079237e-07,7.655971856477547e-06,0.9999921881660625,1,0.9363969572603056,2.2504273109602718e-06,1.1312243229234848e-07,0.003817530785801158,0.00012598822428233088,0.05965716017986792,Ben-LRJ(1-6)-4:9.csv_to_Yaniv-LRJ(6)-4:7.csv,LDA,False
lrj,Yaniv,Yaniv LRJ,Yaniv-LRJ(6)-4:7.csv,/Users/yanivnaggar/Desktop/Spring 2026/IS/OPENBCI_runs/Yaniv/Yaniv-LRJ(6)-4:7.csv,yaniv,JAW,5,5,True,0,jaw,3,3->3,17,5,Yaniv::Yaniv-LRJ(6)-4:7.csv::trial_17,40933,42164,163.732,168.656,4.924,3,sliding,41183,41432,164.732,165.728,1.0,1.0,0.5,,-0.000585250832337195,1.3460230131095838,1.3460231403431144,10.657472201172009,1.811777951820603,1.8117782943391396,0.0002754834444144027,0.15906181583111492,-0.00034983168670512656,1.1073542180428615,1.1073542733016957,8.788946841869464,1.226233364217317,1.2262334865995264,0.00014302973704698792,0.10330307334581414,-0.0001929973203075397,0.7063430272444629,0.7063430536112305,5.842393456350934,0.498920472136872,0.49892050938483773,0.0005710898256478737,0.03321876457775818,7.487340856257952e-05,0.6433992427429056,0.6433992470994753,5.2164859264314085,0.4139625855621444,0.4139625911681717,0.000330374368161079,0.03985927367347372,0.0001324537073674148,0.055758742485300786,-0.000295606381233471,0.12584305125335674,-5.4890923746676304e-05,0.1192025421576412,-0.0004280600886008858,0.07008430876805596,-0.0001873446311140911,0.06344379967234041,0.00024071545748679472,-0.006640509095715542,JAW,0.9705772588405381,0.013405246109000901,0.01601749505046096,1,0.950696930109564,0.0032964806616625057,0.0007941605893018802,0.013420541644458541,0.001991917474924078,0.029799969520089016,Ben-LRJ(1-6)-4:9.csv_to_Yaniv-LRJ(6)-4:7.csv,LDA,False
lrj,Yaniv,Yaniv LRJ,Yaniv-LRJ(6)-4:7.csv,/Users/yanivnaggar/Desktop/Spring 2026/IS/OPENBCI_runs/Yaniv/Yaniv-LRJ(6)-4:7.csv,yaniv,JAW,5,5,True,0,jaw,3,3->3,17,5,Yaniv::Yaniv-LRJ(6)-4:7.csv::trial_17,40933,42164,163.732,168.656,4.924,4,sliding,41308,41557,165.232,166.228,1.0,1.0,0.5,,0.006520383334304416,1.5250251408550788,1.5250390800365998,9.85629157611118,2.325701680240053,2.3257441956388787,0.0001270014073939201,0.039688416646197475,-0.0003147214848741271,1.4056004721147295,1.4056005073486433,9.923077953837947,1.9757126872091504,1.9757127862587636,6.283802431747896e-05,0.032259343807109216,0.0028960227918376586,0.7810800122149643,0.7810853810114101,5.690944666814068,0.6100859854817288,0.6100943724297396,0.00020533705684347507,0.007680611730367932,0.001972448447906716,0.742685124209864,0.7426877434531288,5.875276388362485,0.551581193722621,0.5515850842755006,3.244797493001988e-05,0.008689974204738986,6.416338307644114e-05,0.007429072839088259,-7.833564944955497e-05,0.032007804915829545,9.455343246390021e-05,0.03099844244145849,-0.0001424990325259961,0.024578732076741282,3.039004938745908e-05,0.02356936960237023,0.00017288908191345518,-0.0010093624743710535,RIGHT,0.0013801472239898342,0.00037734848073983586,0.9982425042952704,6,0.3091176124176757,0.0026919335636239176,1.0409636517602926e-05,0.02837103727664389,0.007336864283542894,0.652472142821996,Ben-LRJ(1-6)-4:9.csv_to_Yaniv-LRJ(6)-4:7.csv,LDA,False
lrj,Yaniv,Yaniv LRJ,Yaniv-LRJ(6)-4:7.csv,/Users/yanivnaggar/Desktop/Spring 2026/IS/OPENBCI_runs/Yaniv/Yaniv-LRJ(6)-4:7.csv,yaniv,JAW,5,5,True,0,jaw,3,3->3,17,5,Yaniv::Yaniv-LRJ(6)-4:7.csv::trial_17,40933,42164,163.732,168.656,4.924,5,sliding,41433,41682,165.732,166.728,1.0,1.0,0.5,,0.0008387557084151878,1.3014021648125824,1.30140243510223,9.85629157611118,1.6936475945788758,1.693648298090014,0.00018366298429547796,0.20956268376792725,0.000559334850248109,1.1869010789664691,1.1869012107615542,9.923077953837947,1.4087341712517687,1.4087344841072433,9.442876115782859e-05,0.31985191590987344,-4.181210899056964e-05,0.621730516825184,0.6217305182311407,5.690944666814068,0.3865488355517103,0.3865488372999628,6.262732197210589e-05,0.05340925483875696,-0.0002521186467501679,0.5878041105776656,0.5878041646465364,5.875276388362485,0.3455136724120005,0.3455137359758125,2.0598660807861967e-05,0.06891268508978003,8.923422313764937e-05,-0.11028923214194619,0.00012103566232337207,0.15615342892917028,0.000163064323487616,0.1406499986781472,3.1801439185722704e-05,0.26644266107111647,7.383010034996662e-05,0.2509392308200934,4.2028661164243916e-05,-0.015503430251023069,JAW,0.999994806888855,2.52561609619625e-06,2.667495048895678e-06,1,0.518251325988877,0.0007457307920253754,0.0018272575396263177,0.3426471935693519,0.027215144073536302,0.1093133480365831,Ben-LRJ(1-6)-4:9.csv_to_Yaniv-LRJ(6)-4:7.csv,LDA,False
lrj,Yaniv,Yaniv LRJ,Yaniv-LRJ(6)-4:7.csv,/Users/yanivnaggar/Desktop/Spring 2026/IS/OPENBCI_runs/Yaniv/Yaniv-LRJ(6)-4:7.csv,yaniv,JAW,5,5,True,0,jaw,3,3->3,17,5,Yaniv::Yaniv-LRJ(6)-4:7.csv::trial_17,40933,42164,163.732,168.656,4.924,6,sliding,41558,41807,166.232,167.228,1.0,1.0,0.5,,0.0008176754311276273,1.7064044218926848,1.7064046177996643,14.23720404430344,2.9118160510549083,2.911816719648019,4.417571209356023e-05,0.048041866863966096,0.009237501242656371,1.3988971789041549,1.3989276781074893,12.525255106768993,1.9569133171460031,1.956998648575211,0.00010816944343103636,0.06424592402274461,0.0010126856374161792,0.8521900610521452,0.8521906627558528,8.127732714133064,0.726227900156059,0.7262289256882595,3.4114945104603294e-05,0.025111912951136094,0.0023845213727094034,0.784212855978497,0.7842164812244945,7.531919903509536,0.6149898034819509,0.6149954894241279,2.054883300419486e-05,0.019955391051843522,-6.399373133747613e-05,-0.016204057158778512,1.0060766988956933e-05,0.022929953912830002,2.362687908936537e-05,0.028086475812122574,7.405449832643306e-05,0.039134011071608514,8.76206104268415e-05,0.04429053297090109,1.3566112100408436e-05,0.005156521899292572,RIGHT,0.13975438852318758,7.02178263709079e-05,0.8601753936504414,1,0.9999869505303032,3.6201693629102157e-09,1.619004954264294e-10,4.728675534020074e-07,7.620702315016628e-08,1.2496613050348594e-05,Ben-LRJ(1-6)-4:9.csv_to_Yaniv-LRJ(6)-4:7.csv,LDA,False
lrj,Yaniv,Yaniv LRJ,Yaniv-LRJ(6)-4:7.csv,/Users/yanivnaggar/Desktop/Spring 2026/IS/OPENBCI_runs/Yaniv/Yaniv-LRJ(6)-4:7.csv,yaniv,JAW,5,5,True,0,jaw,3,3->3,17,5,Yaniv::Yaniv-LRJ(6)-4:7.csv::trial_17,40933,42164,163.732,168.656,4.924,7,sliding,41683,41932,166.732,167.728,1.0,1.0,0.5,,-0.0032539974375995085,1.6251718364342256,1.6251750940862704,14.23720404430344,2.6411834979389934,2.6411940864383174,3.4515028963932934e-05,0.24173023403605132,-0.0033818979085528983,1.3789126154634446,1.3789167626501977,12.525255106768993,1.9014000010842373,1.9014114383177014,2.831004893934151e-05,0.16395012995773228,-0.0014108945464984402,0.8273293759779013,0.8273305790186924,8.127732714133064,0.6844738963559837,0.684475886979405,0.00010306005595643695,0.05119019301781782,-0.0012914333635837087,0.7694903928438176,0.7694914765473788,7.531919903509536,0.5921154646789327,0.5921171324790653,6.886329430798733e-05,0.040703681778454875,6.204980024591424e-06,0.07778010407831903,-6.8545026992504e-05,0.1905400410182335,-3.43482653440544e-05,0.20102655225759644,-7.475000701709543e-05,0.11275993693991446,-4.055324536864582e-05,0.1232464481792774,3.4196761648449614e-05,0.010486511239362943,JAW,0.9645503462746733,5.89497725367955e-06,0.035443758748073026,1,0.9999815613495021,2.081821714078608e-07,1.5449447941928562e-09,6.429391343144236e-07,1.8274537383426262e-07,1.7403238873538685e-05,Ben-LRJ(1-6)-4:9.csv_to_Yaniv-LRJ(6)-4:7.csv,LDA,False
lrj,Yaniv,Yaniv LRJ,Yaniv-LRJ(6)-4:7.csv,/Users/yanivnaggar/Desktop/Spring 2026/IS/OPENBCI_runs/Yaniv/Yaniv-LRJ(6)-4:7.csv,yaniv,JAW,5,5,True,0,jaw,3,3->3,17,5,Yaniv::Yaniv-LRJ(6)-4:7.csv::trial_17,40933,42164,163.732,168.656,4.924,8,sliding,41808,42057,167.232,168.228,1.0,1.0,0.5,,-0.008026368643869361,2.0073887061995666,2.0074047525028873,20.66322300873277,4.02960941777757,4.029673840371178,8.05133327560556e-05,0.06251732250217866,-0.006898173441994789,1.229917518520218,1.2299368630786567,11.37328862742788,1.5126971023629308,1.5127446871597665,0.00011898868179533397,0.08887664316515365,-0.0051257188428221025,0.9100848842451509,0.910099318495056,8.680660546511227,0.8282544965315096,0.8282807695251654,6.993157934628817e-05,0.043160824060287574,-0.004282088246039275,0.7473883150184273,0.7474005818206398,7.151192586130361,0.5585892934260839,0.5586076297058309,6.182066370448171e-05,0.04739438397149093,-3.847534903927837e-05,-0.026359320662974986,1.0581753409767434e-05,0.019356498441891086,1.8692669051573885e-05,0.015122938530687732,4.90571024490458e-05,0.04571581910486607,5.7168018090852254e-05,0.04148225919366272,8.11091564180645e-06,-0.004233559911203354,RIGHT,5.791075277382546e-12,1.8659243922724394e-05,0.9999813407502861,1,0.9999999689848348,3.2738696601513657e-18,1.772574392561083e-13,2.011327019584757e-08,1.3391805475664117e-11,1.088832604392194e-08,Ben-LRJ(1-6)-4:9.csv_to_Yaniv-LRJ(6)-4:7.csv,LDA,False
lrj,Yaniv,Yaniv LRJ,Yaniv-LRJ(6)-4:7.csv,/Users/yanivnaggar/Desktop/Spring 2026/IS/OPENBCI_runs/Yaniv/Yaniv-LRJ(6)-4:7.csv,yaniv,JAW,6,5,False,-1,jaw,3,3->3,18,6,Yaniv::Yaniv-LRJ(6)-4:7.csv::trial_18,42986,44334,171.944,177.336,5.392,1,sliding,42986,43235,171.944,172.94,1.0,1.0,0.5,observed_count 5 vs expected_count 6,-0.0013988181900896474,1.2857735966983357,1.2857743575989153,10.616513567241764,1.6532137419665747,1.6532156986589033,7.304664367009074e-05,0.11453321712732067,-0.0009965269747465593,1.2646752612362209,1.264675653853159,12.432078534464516,1.5994035163829032,1.5994045094489149,0.00010381513423605349,0.0970021937464857,-0.002005775404293883,0.7595223000270045,0.7595249484864098,7.361194851498707,0.5768741242383111,0.5768781473732835,7.32609370944881e-05,0.038427745054938955,-0.0012673267190106583,0.7131966769055708,0.7131978029033472,6.260824741836066,0.5086494999491491,0.5086511060661617,0.00027317205954971923,0.031126134020264463,-3.0768490565962744e-05,0.01753102338083498,-2.1429342439735044e-07,0.07610547207238172,-0.00020012541587962848,0.08340708310705622,3.0554197141565394e-05,0.05857444869154674,-0.00016935692531366576,0.06587605972622124,-0.00019991112245523114,0.007301611034674492,JAW,0.9999998830992695,7.864275632817365e-08,3.825797425597407e-08,1,0.9991189046906064,0.0008245353171884805,2.225245518431872e-06,1.6897058650472163e-06,2.389116922903258e-06,5.0255923899013256e-05,Ben-LRJ(1-6)-4:9.csv_to_Yaniv-LRJ(6)-4:7.csv,LDA,False
lrj,Yaniv,Yaniv LRJ,Yaniv-LRJ(6)-4:7.csv,/Users/yanivnaggar/Desktop/Spring 2026/IS/OPENBCI_runs/Yaniv/Yaniv-LRJ(6)-4:7.csv,yaniv,JAW,6,5,False,-1,jaw,3,3->3,18,6,Yaniv::Yaniv-LRJ(6)-4:7.csv::trial_18,42986,44334,171.944,177.336,5.392,2,sliding,43111,43360,172.444,173.44,1.0,1.0,0.5,observed_count 5 vs expected_count 6,0.0030022372333969017,1.3227211354956285,1.322724542644934,10.616513567241764,1.749591202286845,1.7496002157152504,0.00031384772868730474,0.8199056584273046,0.0019365113988832588,1.2965496892421937,1.2965511354167358,12.432078534464516,1.681041096674029,1.681044846750427,0.00013455629233530327,0.5639588425223868,0.0005125504300272253,0.7760018576765987,0.7760020269467571,7.361194851498707,0.6021788831175321,0.6021791458254755,7.677208271025201e-05,0.25387552557429993,-4.75727093271594e-06,0.7251790167578015,0.7251790167734056,6.260824741836066,0.5258846063458117,0.5258846063684433,5.4903843327636354e-05,0.20857707545590726,0.00017929143635200148,0.25594681590491775,0.00023707564597705272,0.5660301328530046,0.00025894388535966837,0.6113285829713972,5.778420962505126e-05,0.3100833169480869,7.965244900766692e-05,0.35538176706647956,2.1868239382615653e-05,0.045298450118392675,LEFT,0.022442145039606398,0.9775578465536288,8.40676486730203e-09,1,0.7598720148014654,0.2287906828624829,9.834164658354564e-06,0.0001422831297490405,2.69723951335295e-05,0.011158212646510806,Ben-LRJ(1-6)-4:9.csv_to_Yaniv-LRJ(6)-4:7.csv,LDA,False
lrj,Yaniv,Yaniv LRJ,Yaniv-LRJ(6)-4:7.csv,/Users/yanivnaggar/Desktop/Spring 2026/IS/OPENBCI_runs/Yaniv/Yaniv-LRJ(6)-4:7.csv,yaniv,JAW,6,5,False,-1,jaw,3,3->3,18,6,Yaniv::Yaniv-LRJ(6)-4:7.csv::trial_18,42986,44334,171.944,177.336,5.392,3,sliding,43236,43485,172.944,173.94,1.0,1.0,0.5,observed_count 5 vs expected_count 6,0.002583457189599558,1.407228331518847,1.4072307029340885,12.491703022877068,1.9802915770293181,1.9802982512803686,8.239895822238406e-05,0.08628799293144818,0.0028633987606979934,1.142695331408905,1.1426989189966752,11.748044144009889,1.3057526204237073,1.3057608194761703,8.02710184918115e-05,0.06438104020576456,0.0034771055349611464,0.6751653579137032,0.6751743114112386,6.072582424956858,0.45584826052673894,0.4558603507896402,0.00011740720520557382,0.01921409463379746,0.002127852459237566,0.6256386769411638,0.625642295437879,5.547171922828797,0.39142375408468993,0.39142828184077827,3.767484523909678e-05,0.013477763355869646,2.1279397305725616e-06,0.021906952725683618,-3.500824698318976e-05,0.06707389829765072,4.472411298328728e-05,0.07281022957557853,-3.713618671376232e-05,0.0451669455719671,4.2596173252714716e-05,0.050903276849894916,7.973235996647704e-05,0.0057363312779278135,JAW,0.9999628622030183,4.903261494737845e-07,3.664747083211346e-05,1,0.999498014236544,3.445566459157889e-05,6.06187118965537e-05,9.854367492321113e-05,2.3185577934039437e-05,0.0002851821341106326,Ben-LRJ(1-6)-4:9.csv_to_Yaniv-LRJ(6)-4:7.csv,LDA,False
lrj,Yaniv,Yaniv LRJ,Yaniv-LRJ(6)-4:7.csv,/Users/yanivnaggar/Desktop/Spring 2026/IS/OPENBCI_runs/Yaniv/Yaniv-LRJ(6)-4:7.csv,yaniv,JAW,6,5,False,-1,jaw,3,3->3,18,6,Yaniv::Yaniv-LRJ(6)-4:7.csv::trial_18,42986,44334,171.944,177.336,5.392,4,sliding,43361,43610,173.444,174.44,1.0,1.0,0.5,observed_count 5 vs expected_count 6,-8.449713633708545e-05,1.3877717311029516,1.3877717336753366,12.491703022877068,1.9259103776484832,1.925910384788249,0.00025197986072579077,0.1297300896539765,-0.003425423341638524,1.1272452268464235,1.1272504313474951,11.748044144009889,1.2706818014480445,1.270693534973114,9.869124160136521e-05,0.06091196811693779,-0.0004706338112302273,0.6614758807244263,0.6614760481501502,6.072582424956858,0.43755034078015553,0.43755056227633976,7.401584526786921e-05,0.03758862384205639,-0.0007206249458464536,0.6154111136359395,0.6154115355491313,5.547171922828797,0.3787308387866272,0.3787313580869397,3.229089285998933e-05,0.01939844131794803,0.00015328861912442557,0.06881812153703872,0.00017796401545792156,0.09214146581192012,0.00021968896786580145,0.11033164833602847,2.4675396333496e-05,0.023323344274881398,6.640034874137588e-05,0.04151352679898976,4.172495240787988e-05,0.01819018252410836,JAW,0.9999909337659423,4.5632415933406794e-07,8.609909898420742e-06,1,0.9996524760215083,6.790174854396191e-05,6.298572536996355e-05,4.1657124204376945e-05,1.475349464813805e-05,0.00016022588572551223,Ben-LRJ(1-6)-4:9.csv_to_Yaniv-LRJ(6)-4:7.csv,LDA,False
lrj,Yaniv,Yaniv LRJ,Yaniv-LRJ(6)-4:7.csv,/Users/yanivnaggar/Desktop/Spring 2026/IS/OPENBCI_runs/Yaniv/Yaniv-LRJ(6)-4:7.csv,yaniv,JAW,6,5,False,-1,jaw,3,3->3,18,6,Yaniv::Yaniv-LRJ(6)-4:7.csv::trial_18,42986,44334,171.944,177.336,5.392,5,sliding,43486,43735,173.944,174.94,1.0,1.0,0.5,observed_count 5 vs expected_count 6,0.0004641221030507516,1.1885581200888224,1.1885582107067378,13.926335775806248,1.4126704048290755,1.412670620238402,0.0004746814068833525,0.16320720241575676,-0.0008676404813134902,1.0523358717735067,1.0523362294539282,11.924344923324785,1.1074107870213066,1.107411539821311,0.00035599943254455927,0.15991850302708033,-0.001134780795862131,0.6310885642299018,0.6310895844721363,7.3533949365171845,0.3982727759017589,0.3982740636292136,0.0004523726853018682,0.05995725030859897,-0.0007270483064721376,0.5759430242898004,0.575943483188517,6.756269094514279,0.3317103672280816,0.33171089582732155,0.00044104045168644407,0.061943195132668404,0.00011868197433879322,0.0032886993886764304,2.2308721581484306e-05,0.10324995210715779,3.364095519690842e-05,0.10126400728308835,-9.637325275730892e-05,0.09996125271848136,-8.50410191418848e-05,0.09797530789441192,1.1332233615424117e-05,-0.001985944824069434,JAW,0.9999999999132811,8.667244884480814e-11,4.631027232985835e-14,1,0.9999902112792747,1.6079746150481623e-06,6.2106894448533196e-06,4.355024982205845e-07,7.480401429140226e-07,7.865140241630211e-07,Ben-LRJ(1-6)-4:9.csv_to_Yaniv-LRJ(6)-4:7.csv,LDA,False
lrj,Yaniv,Yaniv LRJ,Yaniv-LRJ(6)-4:7.csv,/Users/yanivnaggar/Desktop/Spring 2026/IS/OPENBCI_runs/Yaniv/Yaniv-LRJ(6)-4:7.csv,yaniv,JAW,6,5,False,-1,jaw,3,3->3,18,6,Yaniv::Yaniv-LRJ(6)-4:7.csv::trial_18,42986,44334,171.944,177.336,5.392,6,sliding,43611,43860,174.444,175.44,1.0,1.0,0.5,observed_count 5 vs expected_count 6,0.015005007795926034,1.751100311059961,1.751164598104144,21.52149595161304,3.066352299394292,3.066577449653248,0.00014525907691465706,0.052430649727634566,0.014316623441670142,1.3206378920714867,1.3207154908161676,13.611176780696331,1.74408444197502,1.7442894076817903,0.00010954418618664227,0.03249062242719431,0.011652920535879473,0.889309966196808,0.889386308942286,11.179943568608525,0.7908722159769679,0.7910080065339834,0.0003344166525233259,0.012640510998676505,0.010955101830870657,0.8132192519039757,0.8132930381623752,9.99691704337955,0.6613255516672618,0.6614455659233867,0.0004040771027095048,0.010653585551323617,3.571489072801479e-05,0.019940027300440255,-0.00018915757560866882,0.03979013872895806,-0.0002588180257948477,0.04177706417631095,-0.0002248724663366836,0.019850111428517808,-0.0002945329165228625,0.021837036875870693,-6.96604501861789e-05,0.001986925447352888,JAW,0.999999805249135,1.3246013099932318e-11,1.947376189444832e-07,1,0.9999999999993747,3.343854360381799e-16,1.821494697699586e-16,2.5626900892615738e-14,2.498161052492295e-14,5.739315818112514e-13,Ben-LRJ(1-6)-4:9.csv_to_Yaniv-LRJ(6)-4:7.csv,LDA,False
lrj,Yaniv,Yaniv LRJ,Yaniv-LRJ(6)-4:7.csv,/Users/yanivnaggar/Desktop/Spring 2026/IS/OPENBCI_runs/Yaniv/Yaniv-LRJ(6)-4:7.csv,yaniv,JAW,6,5,False,-1,jaw,3,3->3,18,6,Yaniv::Yaniv-LRJ(6)-4:7.csv::trial_18,42986,44334,171.944,177.336,5.392,7,sliding,43736,43985,174.944,175.94,1.0,1.0,0.5,observed_count 5 vs expected_count 6,-0.00021580534164478317,1.936517156090302,1.9365171681149684,21.52149595161304,3.750098695832071,3.750098742404017,0.00019369679023862176,0.21377635670881007,-0.0006325974331353681,1.295368038287177,1.2953681927527334,13.611176780696331,1.6779783546159697,1.6779787547954825,0.00017449048851073958,0.19870084282022304,0.0004732908151095541,0.9303509963497797,0.9303511167366991,11.179943568608525,0.8655529764090277,0.8655532004132233,8.780355196941847e-05,0.08903965680943096,-0.00016122587054544346,0.867074212359139,0.8670742273485025,9.99691704337955,0.7518176897382212,0.7518177157320026,0.00025248796265467085,0.097120576813832,1.9206301727882173e-05,0.015075513888587022,0.00010589323826920329,0.1247366998993791,-5.879117241604909e-05,0.11665577989497806,8.668693654132111e-05,0.10966118601079208,-7.799747414393126e-05,0.10158026600639104,-0.00016468441068525236,-0.00808092000440104,RIGHT,0.35369860351333643,0.006117509207885978,0.6401838872787776,1,0.9999999999305202,1.7249033586610773e-17,1.1222973185482651e-17,1.1194632417032745e-12,4.9172659804728326e-14,6.831123354180785e-11,Ben-LRJ(1-6)-4:9.csv_to_Yaniv-LRJ(6)-4:7.csv,LDA,False
lrj,Yaniv,Yaniv LRJ,Yaniv-LRJ(6)-4:7.csv,/Users/yanivnaggar/Desktop/Spring 2026/IS/OPENBCI_runs/Yaniv/Yaniv-LRJ(6)-4:7.csv,yaniv,JAW,6,5,False,-1,jaw,3,3->3,18,6,Yaniv::Yaniv-LRJ(6)-4:7.csv::trial_18,42986,44334,171.944,177.336,5.392,8,sliding,43861,44110,175.444,176.44,1.0,1.0,0.5,observed_count 5 vs expected_count 6,-0.008013004267170859,1.905748113345657,1.9057649592113708,13.977304699767917,3.6318758715205317,3.6319400797579178,9.54059414573992e-05,0.011080117958439425,-0.006602249729434741,1.4649168272345148,1.464931705034855,11.678223524403863,2.145981310714837,2.146024900416327,0.00013520353233957696,0.014071957022692209,-0.006412160515742788,0.9471952188495114,0.9472169225757389,7.14934911238158,0.8971787826113737,0.8972198984138533,0.00012890226846601664,0.005780545891248886,-0.005376258910333147,0.8580598592463649,0.8580767018220239,6.356781505395012,0.7362667220498914,0.7362956262097624,0.0003257042410015923,0.006296817622165492,-3.9797590882177766e-05,-0.0029918390642527833,-3.349632700861744e-05,0.005299572067190539,-0.0002302982995441931,0.004783300336273933,6.301263873560324e-06,0.008291411131443324,-0.00019050070866201532,0.007775139400526716,-0.00019680197253557565,-0.0005162717309166063,RIGHT,1.306440114884863e-13,1.3728139338866329e-08,0.9999999862717301,1,0.9775973096480903,3.9754939578002705e-09,8.119035254774974e-11,0.0001346441109430594,1.8036995694255496e-06,0.022266238484713048,Ben-LRJ(1-6)-4:9.csv_to_Yaniv-LRJ(6)-4:7.csv,LDA,False
lrj,Yaniv,Yaniv LRJ,Yaniv-LRJ(6)-4:7.csv,/Users/yanivnaggar/Desktop/Spring 2026/IS/OPENBCI_runs/Yaniv/Yaniv-LRJ(6)-4:7.csv,yaniv,JAW,6,5,False,-1,jaw,3,3->3,18,6,Yaniv::Yaniv-LRJ(6)-4:7.csv::trial_18,42986,44334,171.944,177.336,5.392,9,sliding,43986,44235,175.944,176.94,1.0,1.0,0.5,observed_count 5 vs expected_count 6,0.0010196674257936173,1.4574999128137713,1.4575002694935637,12.355806138809294,2.124305995852151,2.1243070355738105,0.00018289860799272688,0.14032856482131492,0.001564726507645753,1.2255068611719209,1.2255078600924996,10.945853675010696,1.5018670667794536,1.5018695151484973,0.00030975323627744006,0.20651641594814424,0.0005655544556992389,0.7578477155228301,0.7578479265492615,6.801946371619438,0.5743331599231725,0.5743334797750148,0.00017253831680238215,0.035343639217763366,0.0008165177552798686,0.6902449318563614,0.6902454148016035,5.984599076757139,0.4764380659533929,0.47643873265463765,0.0004338247347497724,0.045690553308823455,-0.00012685462828471318,-0.06618785112682932,1.0360291190344734e-05,0.10498492560355155,-0.0002509261267570455,0.09463801151249146,0.00013721491947505792,0.17117277673038087,-0.00012407149847233232,0.16082586263932078,-0.00026128641794739024,-0.010346914091060089,JAW,0.9903972898380954,0.0002670361160872612,0.00933567404581719,1,0.9954522178566424,1.1524043706252276e-05,1.2637295948018385e-05,0.0016690812528633505,8.737129589811008e-05,0.0027671682549419976,Ben-LRJ(1-6)-4:9.csv_to_Yaniv-LRJ(6)-4:7.csv,LDA,False
lrj,Yaniv,Yaniv LRJ,Yaniv-LRJ(6)-4:7.csv,/Users/yanivnaggar/Desktop/Spring 2026/IS/OPENBCI_runs/Yaniv/Yaniv-LRJ(6)-4:7.csv,yaniv,LEFT,1,1,True,0,left_right,1,1->1,1,1,Yaniv::Yaniv-LRJ(6)-4:7.csv::trial_1,11678,12071,46.712,48.284,1.572,1,sliding,11678,11927,46.712,47.708,1.0,1.0,0.5,,0.021463623582164817,0.27011038996493825,0.2709618237026904,1.3117483648349118,0.07295962276701101,0.07342030990428787,0.01423489045421622,0.0035177630588142626,5.125098713829956e-05,0.4320177625813584,0.43201776562135336,2.5958288349629783,0.18663934718580294,0.1866393498124666,0.01816221778907993,0.018032148853354205,0.027635336724958024,0.2817271313867142,0.28307929700931633,1.6864600082968948,0.07937017655938693,0.08013388839528872,0.00777234933900154,0.007382285966754514,0.02944391661941026,0.19495850612926868,0.19716937728269793,0.9537122917378542,0.03800881911215609,0.03887576333804688,0.0028168643202553635,0.015555662404265931,-0.003927327334863711,-0.014514385794539942,0.00646254111521468,-0.003864522907940251,0.011418026133960858,-0.012037899345451668,0.010389868450078391,0.01064986288659969,0.015345353468824569,0.0024764864490882735,0.004955485018746176,-0.008173376437511417,RIGHT,0.006566586406781275,0.41715444584479416,0.5762789677484246,5,0.09980084101437402,0.07174751095313989,0.09699516421240267,0.18124551634879746,0.2931886125798968,0.25702235489138914,Ben-LRJ(1-6)-4:9.csv_to_Yaniv-LRJ(6)-4:7.csv,LogisticRegression,False
lrj,Yaniv,Yaniv LRJ,Yaniv-LRJ(6)-4:7.csv,/Users/yanivnaggar/Desktop/Spring 2026/IS/OPENBCI_runs/Yaniv/Yaniv-LRJ(6)-4:7.csv,yaniv,LEFT,1,1,True,0,left_right,1,1->1,1,1,Yaniv::Yaniv-LRJ(6)-4:7.csv::trial_1,11678,12071,46.712,48.284,1.572,2,sliding,11803,12052,47.212,48.208,1.0,1.0,0.5,,-0.00017655451050110216,0.2788063642834915,0.2788064201851782,1.360116033214733,0.07773298876497896,0.07773301993647413,0.02148213944130881,0.005673415046694827,0.0006870119895712996,0.4199531255939002,0.41995368754370993,2.5958288349629783,0.17636062769608613,0.17636109968155994,0.03639576286861616,0.015481241202854877,-0.007906471104714097,0.29127164606661693,0.2913789355593267,1.6864600082968948,0.08483917180235657,0.08490168408768625,0.009692020009695183,0.012444899506425106,-0.020018443177978497,0.17042831068845074,0.1715999625623183,0.8485503497788732,0.029045809084119092,0.029446547151389044,0.0017331042856320164,0.014721202050185567,-0.014913623427307354,-0.009807826156160049,0.011790119431613627,-0.0067714844597302785,0.019749035155676792,-0.00904778700349074,0.02670374285892098,0.003036341696429771,0.034662658582984146,0.00076003915266931,0.007958915724063167,-0.002276302543760461,RIGHT,0.0003618603399970354,0.4741886384099542,0.5254495012500487,6,0.10864283178655251,0.0590779925869711,0.0714289823395418,0.1749848581870895,0.2893906163834461,0.29647471871639897,Ben-LRJ(1-6)-4:9.csv_to_Yaniv-LRJ(6)-4:7.csv,LogisticRegression,False
lrj,Yaniv,Yaniv LRJ,Yaniv-LRJ(6)-4:7.csv,/Users/yanivnaggar/Desktop/Spring 2026/IS/OPENBCI_runs/Yaniv/Yaniv-LRJ(6)-4:7.csv,yaniv,LEFT,2,1,False,-1,left_right,1,1->1,2,2,Yaniv::Yaniv-LRJ(6)-4:7.csv::trial_2,13052,13592,52.208,54.368,2.16,1,sliding,13052,13301,52.208,53.204,1.0,1.0,0.5,observed_count 1 vs expected_count 2,-0.02390878684200152,0.40310309068796346,0.403811505297267,2.1551647834504655,0.16249210172218848,0.1630637318104447,0.03202979482594426,0.0065517677778694884,-0.047252799308369293,0.3847110911336189,0.387602180958385,2.1929351411076032,0.1480026236412196,0.15023545068369665,0.025416746602791387,0.014794208205560714,-0.019934081613332995,0.31072889153187067,0.31136764707077724,1.7450007080610819,0.09655244403262506,0.0969498116423921,0.005760663760496395,0.005368839538862979,-0.008923299302979287,0.3213016797305275,0.321425566295074,1.7298272821539267,0.10323476939765847,0.10331439466810903,0.006864276321670769,0.005542090651000294,0.006613048223152871,-0.008242440427691226,0.026269131065447864,0.0011829282390065097,0.02516551850427349,0.0010096771268691945,0.019656082842294993,0.009425368666697735,0.018552470281120618,0.009252117554560419,-0.0011036125611743738,-0.0001732511121373152,LEFT,2.1694473579734323e-05,0.5977901801491918,0.4021881253772285,4,0.08607854367226495,0.11547436197442551,0.06721787617953215,0.28214513747647785,0.20016977146047343,0.24891430923682606,Ben-LRJ(1-6)-4:9.csv_to_Yaniv-LRJ(6)-4:7.csv,LogisticRegression,False
lrj,Yaniv,Yaniv LRJ,Yaniv-LRJ(6)-4:7.csv,/Users/yanivnaggar/Desktop/Spring 2026/IS/OPENBCI_runs/Yaniv/Yaniv-LRJ(6)-4:7.csv,yaniv,LEFT,2,1,False,-1,left_right,1,1->1,2,2,Yaniv::Yaniv-LRJ(6)-4:7.csv::trial_2,13052,13592,52.208,54.368,2.16,2,sliding,13177,13426,52.708,53.704,1.0,1.0,0.5,observed_count 1 vs expected_count 2,0.07897264290773444,0.45524843383324054,0.46204741621986256,2.1551647834504655,0.2072511365076184,0.21348781483545093,0.03447300708707188,0.007220687312715025,0.00628937935004464,0.5466656507865096,0.5467018291925195,3.0046119013275705,0.29884333374983807,0.29888289004244684,0.03276375434255956,0.009499280849476514,-0.009143624241717397,0.33381094673419065,0.3339361526158113,1.7450007080610819,0.11142974815957665,0.11151335402385039,0.013071275234071564,0.00882527898364502,0.02159480458583225,0.32940140884632274,0.3301085029729507,1.7298272821539267,0.10850528814994229,0.10897162373504259,0.006390047406918144,0.0035148870995958398,0.0017092527445123143,-0.002278593536761489,0.021401731853000313,-0.0016045916709299954,0.028082959680153733,0.003705800213119185,0.019692479108488,0.0006740018658314938,0.02637370693564142,0.005984393749880674,0.00668122782715342,0.0053103918840491805,LEFT,6.841474334488641e-06,0.5773800305684517,0.42261312795721373,2,0.05409004851018871,0.25258934056121846,0.08453621720472895,0.1542707800193196,0.23326943887875454,0.2212441748257898,Ben-LRJ(1-6)-4:9.csv_to_Yaniv-LRJ(6)-4:7.csv,LogisticRegression,True
lrj,Yaniv,Yaniv LRJ,Yaniv-LRJ(6)-4:7.csv,/Users/yanivnaggar/Desktop/Spring 2026/IS/OPENBCI_runs/Yaniv/Yaniv-LRJ(6)-4:7.csv,yaniv,LEFT,2,1,False,-1,left_right,1,1->1,2,2,Yaniv::Yaniv-LRJ(6)-4:7.csv::trial_2,13052,13592,52.208,54.368,2.16,3,sliding,13302,13551,53.208,54.204,1.0,1.0,0.5,observed_count 1 vs expected_count 2,0.03385062955024348,0.4680505129365476,0.4692729992031431,2.6075461701797966,0.21907128266016532,0.22021714778111312,0.10651172828592129,0.004679586298900484,0.06587916096987066,0.4581637358884614,0.46287587184186424,3.0046119013275705,0.20991400888327177,0.21425407273336594,0.14991348303871763,0.022452638030536654,0.05216746157191731,0.2942806865422669,0.2988688115522351,1.1689496714202292,0.08660112247178796,0.08932256651864542,0.022155612208859057,0.007343255821905813,0.006326859329863197,0.18523680683115207,0.18534482392012308,1.0123105774352785,0.03431267460500155,0.034352703753981424,0.0078065520107982,0.008855258778327024,-0.04340175475279634,-0.01777305173163617,0.08435611607706223,-0.0026636695230053296,0.09870517627512308,-0.00417567247942654,0.12775787082985857,0.01510938220863084,0.14210693102791944,0.01359737925220963,0.014349060198060856,-0.0015120029564212106,LEFT,6.389897378111842e-19,0.9748320679981577,0.025167932001842374,5,0.02400454180347211,0.0355765597327728,0.00615622312249233,0.3240400117175547,0.39771598593189916,0.2125066776918088,Ben-LRJ(1-6)-4:9.csv_to_Yaniv-LRJ(6)-4:7.csv,LogisticRegression,False
lrj,Yaniv,Yaniv LRJ,Yaniv-LRJ(6)-4:7.csv,/Users/yanivnaggar/Desktop/Spring 2026/IS/OPENBCI_runs/Yaniv/Yaniv-LRJ(6)-4:7.csv,yaniv,LEFT,3,3,True,0,left_right,1,1->1,3,3,Yaniv::Yaniv-LRJ(6)-4:7.csv::trial_3,14419,15160,57.676,60.64,2.964,1,sliding,14419,14668,57.676,58.672,1.0,1.0,0.5,,-0.01812104026939573,0.26165662687700264,0.26228336296665106,1.1694640099657199,0.06846419038865097,0.06879256248909602,0.024699217873865878,0.011665292670044652,-0.01250990750157392,0.39774279711794497,0.39793948088233794,2.083171230970799,0.15819933265920672,0.15835583044490462,0.013355272563150765,0.013229740121783901,-0.0006760374390815506,0.3571528862923714,0.35715352611109785,1.8576074128309448,0.1275581841869716,0.12755864121359067,0.013624981674734006,0.005809734766991244,-0.009562340295543209,0.27246946633796465,0.2726372102968027,1.2484044043184805,0.07423961008649525,0.07433104843842302,0.0073805465240978,0.008105363921611224,0.011343945310715113,-0.0015644474517392485,0.011074236199131872,0.005855557903053408,0.017318671349768076,0.0035599287484334285,-0.00026970911158324083,0.0074200053547926565,0.005974726039052965,0.005124376200172677,0.006244435150636206,-0.0022956291546199796,RIGHT,0.00016661064639111403,0.21311573219349914,0.7867176571601098,6,0.1149492222563669,0.09451888418801459,0.08129800998972933,0.22884138496591305,0.19995552981994977,0.28043696878002644,Ben-LRJ(1-6)-4:9.csv_to_Yaniv-LRJ(6)-4:7.csv,LogisticRegression,False
lrj,Yaniv,Yaniv LRJ,Yaniv-LRJ(6)-4:7.csv,/Users/yanivnaggar/Desktop/Spring 2026/IS/OPENBCI_runs/Yaniv/Yaniv-LRJ(6)-4:7.csv,yaniv,LEFT,3,3,True,0,left_right,1,1->1,3,3,Yaniv::Yaniv-LRJ(6)-4:7.csv::trial_3,14419,15160,57.676,60.64,2.964,2,sliding,14544,14793,58.176,59.172,1.0,1.0,0.5,,-0.0016642311899610328,0.27923947314226516,0.27924443239968716,1.2602566881604418,0.07797468336076983,0.07797745302622346,0.016024600052149035,0.007345520516343315,0.036600139533915194,0.41862533638073424,0.42022225366320726,2.083171230970799,0.17524717225988287,0.17658674247378492,0.009683455982474548,0.004597389021607047,-0.034718206535277005,0.37460879026220867,0.3762141672063156,1.8576074128309448,0.14033174574171545,0.1415370996067416,0.008785850116819633,0.0040498724932586305,0.010577783854751879,0.2348632373761513,0.2351013181206865,1.2484044043184805,0.0551607402708064,0.055272629782084234,0.008124557520552664,0.005520201494376353,0.006341144069674487,0.0027481314947362676,0.007238749935329402,0.0032956480230846843,0.00790004253159637,0.0018253190219669618,0.000897605865654915,0.0005475165283484167,0.001558898461921884,-0.0009228124727693058,0.0006612925962669689,-0.0014703290011177225,RIGHT,0.004573428143946466,0.2875906812281161,0.7078358906279375,6,0.11316444148494736,0.08427140142635169,0.09881658675846365,0.2046122608804554,0.24683299485952842,0.25230231459025354,Ben-LRJ(1-6)-4:9.csv_to_Yaniv-LRJ(6)-4:7.csv,LogisticRegression,False
lrj,Yaniv,Yaniv LRJ,Yaniv-LRJ(6)-4:7.csv,/Users/yanivnaggar/Desktop/Spring 2026/IS/OPENBCI_runs/Yaniv/Yaniv-LRJ(6)-4:7.csv,yaniv,LEFT,3,3,True,0,left_right,1,1->1,3,3,Yaniv::Yaniv-LRJ(6)-4:7.csv::trial_3,14419,15160,57.676,60.64,2.964,3,sliding,14669,14918,58.676,59.672,1.0,1.0,0.5,,0.021229354215371043,0.2923154349037238,0.293085310043603,1.5654896949451196,0.0854483134829532,0.0858989989633549,0.03765206352424202,0.010166560358244031,0.00547218431897387,0.33491792956080774,0.33496263126283055,1.7056239300712788,0.11217001954129815,0.11219996434251897,0.03446016761123754,0.01883828216629055,0.01369552616813196,0.3513688476784628,0.3516356559791865,1.8065858636454855,0.1234600671188908,0.1236476345559128,0.019083976435282708,0.0036518795393994433,-0.006824975320491731,0.17344814628577065,0.17358237162251072,0.750410459841985,0.030084259449970095,0.030130839738095418,0.0025050603386232405,0.004773502773191073,0.0031918959130044777,-0.008671721808046517,0.01856808708895931,0.006514680818844588,0.03514700318561878,0.005393057585052959,0.015376191175954831,0.015186402626891105,0.0319551072726143,0.014064779393099476,0.016578916096659468,-0.0011216232337916293,RIGHT,1.2063286895397677e-06,0.3336616650838033,0.6663371285875072,6,0.06979382170624268,0.07726555811287202,0.04638218221140766,0.20744361261438451,0.26113309720214334,0.3379817281529498,Ben-LRJ(1-6)-4:9.csv_to_Yaniv-LRJ(6)-4:7.csv,LogisticRegression,False
lrj,Yaniv,Yaniv LRJ,Yaniv-LRJ(6)-4:7.csv,/Users/yanivnaggar/Desktop/Spring 2026/IS/OPENBCI_runs/Yaniv/Yaniv-LRJ(6)-4:7.csv,yaniv,LEFT,3,3,True,0,left_right,1,1->1,3,3,Yaniv::Yaniv-LRJ(6)-4:7.csv::trial_3,14419,15160,57.676,60.64,2.964,4,sliding,14794,15043,59.176,60.172,1.0,1.0,0.5,,-0.024326645516952048,0.35767879897575927,0.3585051030583094,1.8163265812371,0.1279341232367416,0.12852590891884905,0.007119889398011325,0.005147687653942968,-0.02173712158833743,0.47607493553207303,0.47657092514841237,2.5390486637989205,0.22664734424186747,0.22711984669681368,0.025562658023999013,0.00458572227200573,0.023447917084397626,0.39491956468384465,0.39561504949341114,2.116703734264486,0.15596146257007734,0.15651126738567414,0.007749428591585462,0.006673072729238446,-0.027289186969522972,0.23145158791842338,0.2330547945771922,1.3674662025168012,0.05356983754995967,0.054314537275417255,0.011140275777488818,0.006067036649958458,-0.018442768625987687,0.0005619653819372381,-0.0006295391935741369,-0.001525385075295478,-0.004020386379477493,-0.0009193489960154901,0.01781322943241355,-0.002087350457232716,0.014422382246510195,-0.0014813143779527282,-0.003390847185903356,0.0006060360792799879,LEFT,0.0926959568690376,0.46415382505060043,0.443150218080362,5,0.10487819478607491,0.07837892600197661,0.11627196973825123,0.2064071761484095,0.2786164189452636,0.21544731438002415,Ben-LRJ(1-6)-4:9.csv_to_Yaniv-LRJ(6)-4:7.csv,LogisticRegression,False
lrj,Yaniv,Yaniv LRJ,Yaniv-LRJ(6)-4:7.csv,/Users/yanivnaggar/Desktop/Spring 2026/IS/OPENBCI_runs/Yaniv/Yaniv-LRJ(6)-4:7.csv,yaniv,LEFT,4,2,False,-2,left_right,1,1->1,4,4,Yaniv::Yaniv-LRJ(6)-4:7.csv::trial_4,16071,17077,64.284,68.308,4.024,1,sliding,16071,16320,64.284,65.28,1.0,1.0,0.5,observed_count 2 vs expected_count 4,-0.017947903625169667,0.22375976587556648,0.22447841782502545,1.1004756862941218,0.05006843282468833,0.0503905600692267,0.005764648731040598,0.006700511350101884,0.005200138479251299,0.20203254429572326,0.20209945669102322,1.1613895619514936,0.04081714895460338,0.04084419039480677,0.008847036239775343,0.007818762488267107,-0.0098626875316913,0.27421566954668486,0.27439297737056695,1.7280621099127145,0.07519423342493667,0.07529150603028446,0.011614123468122182,0.013732035883311382,-0.008742050105675005,0.3169254130912979,0.31704596023784937,1.4848842720965485,0.10044171746308982,0.10051814090313996,0.0711948859588038,0.01603163241054678,-0.003082387508734745,-0.001118251138165223,-0.0058494747370815845,-0.007031524533209498,-0.0654302372277632,-0.009331121060444897,-0.0027670872283468394,-0.005913273395044275,-0.06234784971902846,-0.008212869922279674,-0.059580762490681616,-0.0022995965272353987,RIGHT,0.01793155840813235,0.01586825929174694,0.9662001823001206,4,0.043097784245004725,0.0902547478962768,0.2372818432036827,0.3270022077475826,0.25785904751999095,0.04450436938746224,Ben-LRJ(1-6)-4:9.csv_to_Yaniv-LRJ(6)-4:7.csv,LogisticRegression,False
lrj,Yaniv,Yaniv LRJ,Yaniv-LRJ(6)-4:7.csv,/Users/yanivnaggar/Desktop/Spring 2026/IS/OPENBCI_runs/Yaniv/Yaniv-LRJ(6)-4:7.csv,yaniv,LEFT,4,2,False,-2,left_right,1,1->1,4,4,Yaniv::Yaniv-LRJ(6)-4:7.csv::trial_4,16071,17077,64.284,68.308,4.024,2,sliding,16196,16445,64.784,65.78,1.0,1.0,0.5,observed_count 2 vs expected_count 4,0.008799760381071465,0.20710940573014958,0.2072962655830056,0.9457645459103862,0.042894305941895715,0.04297174172465999,0.014955652206438706,0.012343471456323654,0.011018036409965059,0.2507041211421864,0.25094611669441585,1.4999191494582618,0.06285255635767607,0.06297395348400738,0.031009682671262886,0.01539851308984073,0.013055486404324149,0.3051786418733962,0.3054577698814422,1.7558525256755466,0.09313400345569062,0.09330444918094409,0.08740095076222355,0.010030308425775398,0.020777364343327918,0.3603044434832312,0.3609030214099299,1.7520702628437121,0.12981929199376094,0.13025099086281633,0.06407577349479666,0.012479969512383083,-0.01605403046482418,-0.0030550416335170753,-0.07244529855578485,0.0023131630305482567,-0.04912012128835796,-0.00013649805605942845,-0.056391268090960664,0.005368204664065332,-0.033066090823533775,0.002918543577457647,0.02332517726742689,-0.002449661086607685,RIGHT,0.00038888984435309234,0.006625434124740149,0.9929856760309068,3,0.057325448844673825,0.07796266229163634,0.36413012180283644,0.18062825171599461,0.26266420760220494,0.057289307742653735,Ben-LRJ(1-6)-4:9.csv_to_Yaniv-LRJ(6)-4:7.csv,LogisticRegression,False
lrj,Yaniv,Yaniv LRJ,Yaniv-LRJ(6)-4:7.csv,/Users/yanivnaggar/Desktop/Spring 2026/IS/OPENBCI_runs/Yaniv/Yaniv-LRJ(6)-4:7.csv,yaniv,LEFT,4,2,False,-2,left_right,1,1->1,4,4,Yaniv::Yaniv-LRJ(6)-4:7.csv::trial_4,16071,17077,64.284,68.308,4.024,3,sliding,16321,16570,65.284,66.28,1.0,1.0,0.5,observed_count 2 vs expected_count 4,-0.03189243975206012,0.2848263297901654,0.2866062906760332,1.49493675471878,0.08112603814173606,0.08214316585507483,0.011950659447079716,0.003569660543738942,-0.014517761441363977,0.3544022924847142,0.35469952116642234,1.9157374247831886,0.12560098491842092,0.12581175031568928,0.02438111560150411,0.006386655010171218,-0.0053695032736134855,0.34118909181820856,0.34123134079556544,1.705016497748006,0.11640999637573396,0.11643882794113931,0.04984247705166538,0.010647121542521818,-0.002800038591996796,0.3954686720457977,0.3954785844843983,1.7520702628437121,0.1563954705696667,0.1564033107857834,0.0967165907529376,0.017755171484814026,-0.012430456154424393,-0.002816994466432276,-0.03789181760458567,-0.0070774609987828765,-0.08476593130585788,-0.014185510941075084,-0.025461361450161275,-0.0042604665323506,-0.0723354751514335,-0.011368516474642808,-0.04687411370127222,-0.007108049942292208,RIGHT,0.0010000468587398736,0.006520754047890433,0.9924791990933698,4,0.02648226259100331,0.07483989925734598,0.2972694704418717,0.31708065820039005,0.26410946333195473,0.020218246177434264,Ben-LRJ(1-6)-4:9.csv_to_Yaniv-LRJ(6)-4:7.csv,LogisticRegression,False
lrj,Yaniv,Yaniv LRJ,Yaniv-LRJ(6)-4:7.csv,/Users/yanivnaggar/Desktop/Spring 2026/IS/OPENBCI_runs/Yaniv/Yaniv-LRJ(6)-4:7.csv,yaniv,LEFT,4,2,False,-2,left_right,1,1->1,4,4,Yaniv::Yaniv-LRJ(6)-4:7.csv::trial_4,16071,17077,64.284,68.308,4.024,4,sliding,16446,16695,65.784,66.78,1.0,1.0,0.5,observed_count 2 vs expected_count 4,-0.02667131293326171,0.31687809681612217,0.31799856473794297,1.6834785731101714,0.1004117282418077,0.10112308717539169,0.022365755570367837,0.005683799754068181,-0.06847557361309176,0.4013881762348302,0.4071871464115303,2.0363605765901447,0.1611124680211231,0.16580137220276503,0.05718445875173636,0.016847247345006772,-0.03299093893175352,0.45566005214744,0.4568528047135165,2.493881274409474,0.20762608312300773,0.20871448517460645,0.06759751161286937,0.01381856847950572,-0.03305524616464503,0.40972416826181407,0.41105540180958655,2.162207714931312,0.16787389405783534,0.16896654335684064,0.05660840881585757,0.013946692912411306,-0.034818703181368524,-0.011163447590938591,-0.04523175604250153,-0.008134768725437539,-0.03424265324548973,-0.008262893158343125,-0.010413052861133004,0.0030286788655010527,0.0005760499358787932,0.002900554432595466,0.010989102797011797,-0.00012812443290558667,RIGHT,6.383638878945245e-05,0.05084692137631085,0.9490892422348997,5,0.07552385473943266,0.1015330042258568,0.26880805159110505,0.21128582419023317,0.27261589778582734,0.07023336746754497,Ben-LRJ(1-6)-4:9.csv_to_Yaniv-LRJ(6)-4:7.csv,LogisticRegression,False
lrj,Yaniv,Yaniv LRJ,Yaniv-LRJ(6)-4:7.csv,/Users/yanivnaggar/Desktop/Spring 2026/IS/OPENBCI_runs/Yaniv/Yaniv-LRJ(6)-4:7.csv,yaniv,LEFT,4,2,False,-2,left_right,1,1->1,4,4,Yaniv::Yaniv-LRJ(6)-4:7.csv::trial_4,16071,17077,64.284,68.308,4.024,5,sliding,16571,16820,66.284,67.28,1.0,1.0,0.5,observed_count 2 vs expected_count 4,-0.02610233665939675,0.3684748443326329,0.3693982172196267,1.7294040082972086,0.13577371090595802,0.13645504288503849,0.027705534274106255,0.009774563273792333,-0.016581806554294785,0.49223653824420666,0.4925157519219505,2.638617248177306,0.2422968095826403,0.24257176589124432,0.019290874935435326,0.019068963217620506,-0.011423140111915323,0.6030764410793571,0.6031846167757926,2.82475498744132,0.3637011937849433,0.36383168191495974,0.3554335306570997,0.05584320083544875,-0.01233448260496219,0.4422418832909445,0.4424138591837438,2.3255359066110524,0.19557788333672135,0.19573002279785348,0.18379171079875367,0.02440071981669205,0.00841465933867093,-0.009294399943828174,-0.32772799638299344,-0.04606863756165641,-0.1560861765246474,-0.014626156542899716,-0.33614265572166435,-0.03677423761782824,-0.16450083586331835,-0.005331756599071542,0.17164181985834603,0.0314424810187567,RIGHT,6.475567472795652e-08,7.740776124078954e-08,0.9999998578365641,3,0.002511387738241335,0.01647030901500613,0.817157646281121,0.04586615317897288,0.11567916654851705,0.0023153372381416095,Ben-LRJ(1-6)-4:9.csv_to_Yaniv-LRJ(6)-4:7.csv,LogisticRegression,False
lrj,Yaniv,Yaniv LRJ,Yaniv-LRJ(6)-4:7.csv,/Users/yanivnaggar/Desktop/Spring 2026/IS/OPENBCI_runs/Yaniv/Yaniv-LRJ(6)-4:7.csv,yaniv,LEFT,4,2,False,-2,left_right,1,1->1,4,4,Yaniv::Yaniv-LRJ(6)-4:7.csv::trial_4,16071,17077,64.284,68.308,4.024,6,sliding,16696,16945,66.784,67.78,1.0,1.0,0.5,observed_count 2 vs expected_count 4,0.05307930026014167,0.3474876016307576,0.35151820067132,1.5483449344173659,0.1207476332870961,0.12356504540320239,0.028418165423537284,0.007966521727459408,0.09767510949417318,0.500319334339651,0.5097645175262498,2.5003603826613046,0.2503194363140715,0.25985986332877026,0.04113253921180994,0.009234594968472077,0.017169147485184878,0.5706058396605538,0.5708640852953474,2.579841144714326,0.3255910242547256,0.32588580388009364,0.13967891940856755,0.008015416470706043,0.048403708840884664,0.4809538022211746,0.48338336638796114,2.168711696671031,0.23131655987100475,0.23365947890055788,0.10419441990776351,0.011308602815094,-0.012714373788272657,-0.0012680732410126697,-0.11126075398503027,-4.889474324663509e-05,-0.07577625448422623,-0.0033420810876345925,-0.09854638019675761,0.0012191784977660346,-0.06306188069595357,-0.002074007846621923,0.03548449950080404,-0.0032931863443879574,RIGHT,1.024774182225165e-06,0.0008709130596417335,0.9991280621661761,3,0.016947358166694133,0.12246591605192682,0.4499111145964733,0.13875237175915328,0.25512877164478426,0.01679446778096817,Ben-LRJ(1-6)-4:9.csv_to_Yaniv-LRJ(6)-4:7.csv,LogisticRegression,False
lrj,Yaniv,Yaniv LRJ,Yaniv-LRJ(6)-4:7.csv,/Users/yanivnaggar/Desktop/Spring 2026/IS/OPENBCI_runs/Yaniv/Yaniv-LRJ(6)-4:7.csv,yaniv,LEFT,4,2,False,-2,left_right,1,1->1,4,4,Yaniv::Yaniv-LRJ(6)-4:7.csv::trial_4,16071,17077,64.284,68.308,4.024,7,sliding,16821,17070,67.284,68.28,1.0,1.0,0.5,observed_count 2 vs expected_count 4,0.05806293250731782,0.345618783310338,0.3504620485990854,1.7729620587006147,0.11945234337691839,0.12282364750826773,0.048533097289667176,0.007047471029112516,0.057472556397349224,0.42902005268627535,0.43285251569764616,2.3367561533006955,0.1840582056069345,0.187361300345781,0.0606362636830685,0.01051883093281715,-0.00676833993800064,0.4110994527200143,0.4111551659072419,2.132303912804683,0.1690027600266953,0.1690485704522116,0.2211649416990713,0.022783455693427657,0.016387129950079085,0.4147987917343366,0.4151223622647499,2.1157832226192337,0.17205803762426553,0.17232657565226628,0.0946391014888971,0.02033745471768404,-0.012103166393401324,-0.003471359903704634,-0.17263184440940413,-0.01573598466431514,-0.04610600419922993,-0.013289983688571523,-0.1605286780160028,-0.012264624760610507,-0.034002837805828606,-0.009818623784866889,0.1265258402101742,0.002446000975743618,RIGHT,5.069805666606534e-10,0.0001628079801856192,0.9998371915128339,3,0.020526339135758288,0.09004267268752984,0.4437371206115235,0.10197812095332566,0.30506283940262774,0.03865290720923487,Ben-LRJ(1-6)-4:9.csv_to_Yaniv-LRJ(6)-4:7.csv,LogisticRegression,False
lrj,Yaniv,Yaniv LRJ,Yaniv-LRJ(6)-4:7.csv,/Users/yanivnaggar/Desktop/Spring 2026/IS/OPENBCI_runs/Yaniv/Yaniv-LRJ(6)-4:7.csv,yaniv,LEFT,5,4,False,-1,left_right,1,1->1,5,5,Yaniv::Yaniv-LRJ(6)-4:7.csv::trial_5,18322,19512,73.288,78.048,4.76,1,sliding,18322,18571,73.288,74.284,1.0,1.0,0.5,observed_count 4 vs expected_count 5,0.0040820315797993985,0.19027802186545298,0.19032180271016844,1.1223242584100313,0.0362057256050298,0.03622238858684827,0.0028000755306127048,0.0045020487757014786,0.018661759594114126,0.21617467087427827,0.21697868466453343,1.2933958458777493,0.04673148832760254,0.04707974959875104,0.01949368968494412,0.0022293701142589626,-0.0010889917964277771,0.315660319918968,0.3156621983615997,1.7963363418620415,0.09964143757134522,0.0996426234744779,0.04913788857415428,0.013967027830171739,0.007845889090743206,0.2386769808684398,0.23880590271619714,1.1799407283118213,0.056966701196473575,0.05702825917209782,0.0342148474795588,0.00870517116196079,-0.016693614154331415,0.002272678661442516,-0.04633781304354157,-0.00946497905447026,-0.031414771948946096,-0.004203122386259311,-0.029644198889210157,-0.011737657715912776,-0.014721157794614682,-0.006475801047701827,0.014923041094595475,0.005261856668210949,RIGHT,0.09970383619174034,0.03310273866794812,0.8671934251403115,5,0.09642820531527294,0.05685576096618098,0.2525392184671659,0.16928699537194772,0.29715082074775473,0.12773899913167766,Ben-LRJ(1-6)-4:9.csv_to_Yaniv-LRJ(6)-4:7.csv,LogisticRegression,False
lrj,Yaniv,Yaniv LRJ,Yaniv-LRJ(6)-4:7.csv,/Users/yanivnaggar/Desktop/Spring 2026/IS/OPENBCI_runs/Yaniv/Yaniv-LRJ(6)-4:7.csv,yaniv,LEFT,5,4,False,-1,left_right,1,1->1,5,5,Yaniv::Yaniv-LRJ(6)-4:7.csv::trial_5,18322,19512,73.288,78.048,4.76,2,sliding,18447,18696,73.788,74.784,1.0,1.0,0.5,observed_count 4 vs expected_count 5,-0.0021708212061124356,0.2316391498884876,0.23164932166050073,1.163299428311809,0.05365669576106123,0.05366140822577013,0.043081322970515076,0.007551282425225966,-0.011013291662398615,0.32749840404285274,0.3276835321523751,1.518194276069781,0.10725520465061561,0.10737649724385664,0.023257433599638076,0.013389452201943187,-0.020681368803550825,0.45465622823793833,0.4551263614548566,2.111350685788675,0.20671228587554827,0.20714000489113676,0.17108375175513163,0.015549424069233535,-0.028065871271597886,0.3633237003802494,0.364406098176514,1.6979163281486034,0.13200411125799724,0.13279180438823113,0.04905646765465124,0.020900798861559277,0.019823889370877,-0.005838169776717222,-0.12800242878461654,-0.00799814164400757,-0.005975144684136166,-0.013349516436333312,-0.14782631815549355,-0.0021599718672903473,-0.025799034055013166,-0.0075113466596160895,0.12202728410048039,-0.005351374792325742,RIGHT,1.504574423495265e-08,0.0003736915921050939,0.9996262933621506,3,0.0804197369940191,0.10450612302055376,0.2604962985524878,0.14917598058933637,0.21143349289130425,0.1939683679522987,Ben-LRJ(1-6)-4:9.csv_to_Yaniv-LRJ(6)-4:7.csv,LogisticRegression,False
lrj,Yaniv,Yaniv LRJ,Yaniv-LRJ(6)-4:7.csv,/Users/yanivnaggar/Desktop/Spring 2026/IS/OPENBCI_runs/Yaniv/Yaniv-LRJ(6)-4:7.csv,yaniv,LEFT,5,4,False,-1,left_right,1,1->1,5,5,Yaniv::Yaniv-LRJ(6)-4:7.csv::trial_5,18322,19512,73.288,78.048,4.76,3,sliding,18572,18821,74.288,75.284,1.0,1.0,0.5,observed_count 4 vs expected_count 5,-0.02522990626395406,0.2311795884633357,0.23255225282109215,1.248772891736985,0.05344400212207725,0.05408055029216516,0.011708197715683035,0.007490261330323036,-0.009461959384888502,0.4247262455072614,0.4248316281753229,2.1332947284403927,0.1803923836226945,0.1804819122980958,0.08179713634508048,0.005661757422091462,-0.004398553492973125,0.4798622934430279,0.4798824522122404,2.111350685788675,0.23026782066840262,0.2302871679412332,0.16432116829538332,0.022185412951758635,-0.0015470616251510379,0.4688439212518218,0.4688464736931019,2.1589356775149042,0.21981462249478448,0.21981701589445649,0.32584055939958695,0.017658297850076096,-0.07008893862939745,0.0018285039082315737,-0.15261297057970027,-0.0146951516214356,-0.3141323616839039,-0.01016803651975306,-0.08252403195030283,-0.016523655529667173,-0.24404342305450646,-0.011996540427984634,-0.16151939110420363,0.004527115101682539,RIGHT,8.204457969499276e-08,1.893107891721037e-07,0.999999728644631,3,0.00011132382958264003,0.006329019018312205,0.6149430557279525,0.16878146146179385,0.2098244661857721,1.0673776586701098e-05,Ben-LRJ(1-6)-4:9.csv_to_Yaniv-LRJ(6)-4:7.csv,LogisticRegression,False
lrj,Yaniv,Yaniv LRJ,Yaniv-LRJ(6)-4:7.csv,/Users/yanivnaggar/Desktop/Spring 2026/IS/OPENBCI_runs/Yaniv/Yaniv-LRJ(6)-4:7.csv,yaniv,LEFT,5,4,False,-1,left_right,1,1->1,5,5,Yaniv::Yaniv-LRJ(6)-4:7.csv::trial_5,18322,19512,73.288,78.048,4.76,4,sliding,18697,18946,74.788,75.784,1.0,1.0,0.5,observed_count 4 vs expected_count 5,0.06632224601134015,0.2567680044670958,0.26519511389541717,1.2891464531582102,0.06592980811801454,0.07032844843400328,0.008413223096696367,0.004231376145267861,-0.014189014107934335,0.6120878853912507,0.6122523234452344,3.762137344379125,0.3746515794427328,0.37485290756408796,0.06946459852142739,0.010397047409845218,-0.01534009260998026,0.3895854927642998,0.38988738709233095,1.7995892520307932,0.15177685617240233,0.1520121746136851,0.04109227798146178,0.004134338052409096,0.034944930195368186,0.37744491660690693,0.37905911573098205,2.1589356775149042,0.14246466507239494,0.14368581321875407,0.01576187470396896,0.005099905979323823,-0.06105137542473102,-0.006165671264577357,-0.03267905488476541,9.703809285876563e-05,-0.0073486516072725945,-0.0008685298340559613,0.028372320539965606,0.006262709357436122,0.05370272381745843,0.0052971414305213954,0.02533040327749282,-0.0009655679269147269,RIGHT,0.012437428659142786,0.45848507425729007,0.5290774970835671,3,0.14139358651526793,0.09700340096621146,0.30472456050047103,0.06578402005673098,0.28784420016749307,0.10325023179382549,Ben-LRJ(1-6)-4:9.csv_to_Yaniv-LRJ(6)-4:7.csv,LogisticRegression,False
lrj,Yaniv,Yaniv LRJ,Yaniv-LRJ(6)-4:7.csv,/Users/yanivnaggar/Desktop/Spring 2026/IS/OPENBCI_runs/Yaniv/Yaniv-LRJ(6)-4:7.csv,yaniv,LEFT,5,4,False,-1,left_right,1,1->1,5,5,Yaniv::Yaniv-LRJ(6)-4:7.csv::trial_5,18322,19512,73.288,78.048,4.76,5,sliding,18822,19071,75.288,76.284,1.0,1.0,0.5,observed_count 4 vs expected_count 5,-0.009683619819176406,0.3918378717607634,0.3919575107569783,2.083989928722665,0.15353691774600448,0.15363069023880677,0.0747336406249735,0.0057035338319824744,0.006530217675518127,0.625893392381723,0.6259274577536851,3.6571518509964864,0.39174253862710157,0.39178518236999116,0.15424617846352331,0.02797089610507714,-0.0020198310822755233,0.4365214190762544,0.4365260920379764,2.0247746377508786,0.19055094931234692,0.19055502902994784,0.05905458764870742,0.009795159196320381,-0.012201303634125317,0.23544178037743896,0.23575772258331287,1.4425060701373686,0.0554328319472982,0.05558170375767031,0.013970482311855877,0.01148582444672027,-0.07951253783854982,-0.022267362273094664,0.015679052976266074,-0.004091625364337907,0.06076315831311761,-0.005782290614737796,0.0951915908148159,0.01817573690875676,0.14027569615166743,0.01648507165835687,0.045084105336851546,-0.0016906652503998892,LEFT,6.433206530169843e-14,0.946661723319043,0.05333827668089284,5,0.07477637954094145,0.026006965927245447,0.02760529591656158,0.19997129196981991,0.4917522092732216,0.17988785737220994,Ben-LRJ(1-6)-4:9.csv_to_Yaniv-LRJ(6)-4:7.csv,LogisticRegression,True
lrj,Yaniv,Yaniv LRJ,Yaniv-LRJ(6)-4:7.csv,/Users/yanivnaggar/Desktop/Spring 2026/IS/OPENBCI_runs/Yaniv/Yaniv-LRJ(6)-4:7.csv,yaniv,LEFT,5,4,False,-1,left_right,1,1->1,5,5,Yaniv::Yaniv-LRJ(6)-4:7.csv::trial_5,18322,19512,73.288,78.048,4.76,6,sliding,18947,19196,75.788,76.784,1.0,1.0,0.5,observed_count 4 vs expected_count 5,-0.05214183953434719,0.455529503754276,0.45850398059410846,2.1719449902489885,0.20750712879061695,0.21022590022064258,0.01923421894195028,0.006713846237453572,0.06251590329525027,0.8525130270146034,0.8548021404947597,5.567387492961473,0.7267784612296019,0.7306866993944229,0.061639764475237606,0.013579671867688733,0.05208353259544804,0.6131920105846872,0.6153999806731492,3.093739992192051,0.3760044418448912,0.3787171362125123,0.2329304173727077,0.007231559489037436,0.00012357478429461465,0.3309455743580342,0.33094559742939084,1.9806095497255596,0.10952497318716913,0.10952498845789643,0.051157620163199954,0.011299444692429411,-0.04240554553328733,-0.006865825630235161,-0.21369619843075743,-0.0005177132515838635,-0.031923401221249675,-0.004585598454975839,-0.17129065289747009,0.006348112378651297,0.010482144312037651,0.002280227175259322,0.18177279720950773,-0.004067885203391975,RIGHT,0.0004626594444423678,0.008559080894722643,0.9909782596608349,3,0.08795153523289097,0.02082448586846512,0.4133080622706157,0.0688536520059323,0.3157529632512118,0.09330930137088429,Ben-LRJ(1-6)-4:9.csv_to_Yaniv-LRJ(6)-4:7.csv,LogisticRegression,False
lrj,Yaniv,Yaniv LRJ,Yaniv-LRJ(6)-4:7.csv,/Users/yanivnaggar/Desktop/Spring 2026/IS/OPENBCI_runs/Yaniv/Yaniv-LRJ(6)-4:7.csv,yaniv,LEFT,5,4,False,-1,left_right,1,1->1,5,5,Yaniv::Yaniv-LRJ(6)-4:7.csv::trial_5,18322,19512,73.288,78.048,4.76,7,sliding,19072,19321,76.288,77.284,1.0,1.0,0.5,observed_count 4 vs expected_count 5,0.020486908287068773,0.37713365373053537,0.3776896956329443,2.120569748543036,0.14222979277614337,0.14264950618730612,0.08207333051947835,0.012713407387536705,-0.01074025556629894,0.8201227786324269,0.8201931023371277,5.567387492961473,0.6726013720317727,0.6727167251214021,0.1813456395164286,0.04743404548801759,-0.044884723034692535,0.5506417700756128,0.5524680961955225,3.093739992192051,0.303206358952004,0.30522099731390506,0.09481783746939049,0.006511412923251076,0.04170852535558693,0.36187281022062645,0.36426848870621675,1.9806095497255596,0.13095193077697354,0.13269153186431118,0.07300861889686555,0.013284222116991883,-0.09927230899695025,-0.034720638100480886,-0.012744506949912138,0.00620199446428563,0.009064711622612798,-0.0005708147294551779,0.08652780204703811,0.04092263256476652,0.10833702061956305,0.034149823371025706,0.021809218572524935,-0.0067728091937408075,LEFT,2.508540728418846e-15,0.7251917248295336,0.2748082751704638,5,0.03488005649838703,0.025767179452693727,0.06326499006589166,0.1870512509566051,0.660318515941048,0.02871800708537456,Ben-LRJ(1-6)-4:9.csv_to_Yaniv-LRJ(6)-4:7.csv,LogisticRegression,True
lrj,Yaniv,Yaniv LRJ,Yaniv-LRJ(6)-4:7.csv,/Users/yanivnaggar/Desktop/Spring 2026/IS/OPENBCI_runs/Yaniv/Yaniv-LRJ(6)-4:7.csv,yaniv,LEFT,5,4,False,-1,left_right,1,1->1,5,5,Yaniv::Yaniv-LRJ(6)-4:7.csv::trial_5,18322,19512,73.288,78.048,4.76,8,sliding,19197,19446,76.788,77.784,1.0,1.0,0.5,observed_count 4 vs expected_count 5,0.018744769139909963,0.3212394441529201,0.3217858711158487,1.5918707459979236,0.10319478047967709,0.10354614684978561,0.03745072036605571,0.01544418160671876,0.02778511944873516,0.894421114355888,0.8948525815286051,4.7422112028764305,0.7999891298056284,0.8007611426684089,0.06921553993560484,0.03603411448566262,0.013920274486222083,0.5125986731683015,0.5127876497885602,2.2870869639329854,0.2627573997339033,0.26295117377567506,0.0462051835212498,0.012567029472173967,-0.0017387212243697014,0.35023376249336474,0.3502380783720621,1.5285411676986425,0.12266368839025864,0.12266671154175472,0.046145771087467716,0.017950410895739042,-0.03176481956954912,-0.02058993287894386,-0.008754463155194084,0.002877152134544793,-0.008695050721412002,-0.002506229289020282,0.02301035641435504,0.023467085013488653,0.02306976884813712,0.01808370358992358,5.941243378208144e-05,-0.005383381423565075,RIGHT,2.8666448133187545e-07,0.17773315772560788,0.8222665556099107,5,0.07940668389108126,0.10382551749859947,0.13927167251977404,0.18971010021567775,0.39349755308523965,0.0942884727896279,Ben-LRJ(1-6)-4:9.csv_to_Yaniv-LRJ(6)-4:7.csv,LogisticRegression,False
lrj,Yaniv,Yaniv LRJ,Yaniv-LRJ(6)-4:7.csv,/Users/yanivnaggar/Desktop/Spring 2026/IS/OPENBCI_runs/Yaniv/Yaniv-LRJ(6)-4:7.csv,yaniv,LEFT,6,3,False,-3,left_right,1,1->1,6,6,Yaniv::Yaniv-LRJ(6)-4:7.csv::trial_6,20640,21885,82.56,87.54,4.98,1,sliding,20640,20889,82.56,83.556,1.0,1.0,0.5,observed_count 3 vs expected_count 6,-0.013924816881340313,0.23673484944753084,0.23714402684470878,1.1431479882586721,0.0560433889429451,0.056237289468123966,0.009824893312369961,0.006670307499770104,0.010625686372223086,0.20320412477267086,0.20348174742592526,1.0148729872537334,0.04129191632462719,0.041404821535508035,0.008662122171388568,0.005282007478374163,-0.023939957178627645,0.20785422583436505,0.2092283459450888,1.0180640212364591,0.04320337919720323,0.04377650074691775,0.0036637990537505623,0.011336408682183788,0.0227446112611809,0.2556566641572558,0.25666641242951543,1.3607984314582886,0.06536032992801588,0.06587764726943812,0.008398529349608745,0.007299757641321369,0.0011627711409813932,0.0013883000213959409,0.006161094258619399,-0.004666101182413684,0.0014263639627612162,-0.0006294501415512648,0.004998323117638006,-0.006054401203809625,0.000263592821779823,-0.0020177501629472057,-0.004734730295858183,0.004036651040862419,RIGHT,0.0369073531981519,0.3027862878377143,0.6603063589641338,4,0.12095508659621505,0.0705183893126464,0.12568488686571958,0.2331070399925277,0.22886458103292218,0.22087001619996913,Ben-LRJ(1-6)-4:9.csv_to_Yaniv-LRJ(6)-4:7.csv,LogisticRegression,False
lrj,Yaniv,Yaniv LRJ,Yaniv-LRJ(6)-4:7.csv,/Users/yanivnaggar/Desktop/Spring 2026/IS/OPENBCI_runs/Yaniv/Yaniv-LRJ(6)-4:7.csv,yaniv,LEFT,6,3,False,-3,left_right,1,1->1,6,6,Yaniv::Yaniv-LRJ(6)-4:7.csv::trial_6,20640,21885,82.56,87.54,4.98,2,sliding,20765,21014,83.06,84.056,1.0,1.0,0.5,observed_count 3 vs expected_count 6,-0.009154007141360169,0.27654563321295844,0.276697096291053,1.2979365609371196,0.07647748724915615,0.07656128309590024,0.02541044091306258,0.004153733698828659,0.0021812886788469665,0.37677386398573937,0.37678017809200753,1.7835176217611066,0.14195854458274443,0.1419633026030449,0.03865749131127488,0.009965116043808609,-0.005107878621495225,0.4175390179690865,0.4175702598971831,2.1485325886215274,0.17433883152658913,0.17436492195060105,0.03784762583076021,0.01117798833836003,0.00028486396587358744,0.3557846712677567,0.3557847853078948,1.660528150126317,0.12658273230910572,0.1265828134565848,0.04338980124898822,0.016974097817916402,-0.013247050398212303,-0.00581138234497995,-0.012437184917697634,-0.007024254639531372,-0.017979360335925638,-0.012820364119087744,0.0008098654805146696,-0.0012128722945514217,-0.004732309937713335,-0.007008981774107793,-0.005542175418228004,-0.005796109479556371,RIGHT,2.9670916548358706e-05,0.07810226136022866,0.9218680677232229,5,0.07548411163944889,0.10452606219654749,0.166295718142065,0.2691591637135714,0.2805981683978848,0.10393677591048232,Ben-LRJ(1-6)-4:9.csv_to_Yaniv-LRJ(6)-4:7.csv,LogisticRegression,False
lrj,Yaniv,Yaniv LRJ,Yaniv-LRJ(6)-4:7.csv,/Users/yanivnaggar/Desktop/Spring 2026/IS/OPENBCI_runs/Yaniv/Yaniv-LRJ(6)-4:7.csv,yaniv,LEFT,6,3,False,-3,left_right,1,1->1,6,6,Yaniv::Yaniv-LRJ(6)-4:7.csv::trial_6,20640,21885,82.56,87.54,4.98,3,sliding,20890,21139,83.56,84.556,1.0,1.0,0.5,observed_count 3 vs expected_count 6,0.02351542945542033,0.31340143407340204,0.31428241169645144,1.2979365609371196,0.09822045887926495,0.09877343430173778,0.012925605918757823,0.0048112590180920565,0.004214693875496788,0.39806068879874096,0.3980830009073387,1.7835176217611066,0.15845231196692808,0.15847007561139226,0.06335153594553367,0.013241470763568713,0.03974865400534738,0.5023691669809606,0.5039392179900082,2.1717670167531176,0.2523747799331442,0.25395473542838104,0.20898908822490145,0.00946968670279831,0.0015994118928181838,0.3883531149409078,0.38835640847385133,1.767145490839049,0.15081814188430592,0.15082070000270886,0.08980890342833112,0.012753140189168916,-0.05042593002677584,-0.008430211745476656,-0.19606348230614362,-0.004658427684706254,-0.07688329750957329,-0.007941881171076859,-0.14563755227936778,0.003771784060770403,-0.02645736748279745,0.0004883305743997972,0.11918018479657033,-0.0032834534863706057,RIGHT,0.0001715592576804102,0.0004954164030510821,0.9993330243392686,3,0.022312930155845245,0.03935741245807828,0.6235316868154622,0.05751461903359243,0.23456900788966772,0.02271434364735416,Ben-LRJ(1-6)-4:9.csv_to_Yaniv-LRJ(6)-4:7.csv,LogisticRegression,False
lrj,Yaniv,Yaniv LRJ,Yaniv-LRJ(6)-4:7.csv,/Users/yanivnaggar/Desktop/Spring 2026/IS/OPENBCI_runs/Yaniv/Yaniv-LRJ(6)-4:7.csv,yaniv,LEFT,6,3,False,-3,left_right,1,1->1,6,6,Yaniv::Yaniv-LRJ(6)-4:7.csv::trial_6,20640,21885,82.56,87.54,4.98,4,sliding,21015,21264,84.06,85.056,1.0,1.0,0.5,observed_count 3 vs expected_count 6,-0.02962256568351735,0.30363455700161873,0.305076122637029,1.5815870606627618,0.09219394420556927,0.09307144060324356,0.01251302989671273,0.005604933070650839,0.0027601593894452494,0.30805274506424807,0.3080651103605758,1.3750850076090884,0.09489649374161863,0.09490411222147377,0.022368220278908224,0.007958476461276993,0.004345705435289252,0.47993167290835603,0.4799513473429818,2.206888569926975,0.23033441066061322,0.23035329581634356,0.07380777958979237,0.012077614072904882,-0.019962882960975085,0.40235435962734467,0.40284928621910726,1.8432607476219887,0.1618890307111306,0.1622875474072442,0.0900994820370419,0.017527728320974708,-0.009855190382195494,-0.0023535433906261543,-0.061294749693079645,-0.006472681002254043,-0.07758645214032918,-0.01192279525032387,-0.05143955931088415,-0.004119137611627889,-0.06773126175813368,-0.009569251859697715,-0.016291702447249534,-0.005450114248069826,RIGHT,0.0008677340219188839,0.0034888860054038693,0.9956433799726773,3,0.030878269434334908,0.09388626972933431,0.3311025685169599,0.27307097014837645,0.24183529794710226,0.029226624223892335,Ben-LRJ(1-6)-4:9.csv_to_Yaniv-LRJ(6)-4:7.csv,LogisticRegression,False
lrj,Yaniv,Yaniv LRJ,Yaniv-LRJ(6)-4:7.csv,/Users/yanivnaggar/Desktop/Spring 2026/IS/OPENBCI_runs/Yaniv/Yaniv-LRJ(6)-4:7.csv,yaniv,LEFT,6,3,False,-3,left_right,1,1->1,6,6,Yaniv::Yaniv-LRJ(6)-4:7.csv::trial_6,20640,21885,82.56,87.54,4.98,5,sliding,21140,21389,84.56,85.556,1.0,1.0,0.5,observed_count 3 vs expected_count 6,-0.021421705115412373,0.3108737471196875,0.3116109370646144,1.5815870606627618,0.09664248664823542,0.09710137609828709,0.041860531672665166,0.004174992087303048,-0.02295505615274344,0.34120796187625035,0.34197925061430307,1.4578376640475983,0.11642287324774471,0.1169498078507203,0.01878736047030069,0.017795377324604206,-0.04321118772038922,0.4752545061342914,0.47721489116031984,2.206888569926975,0.22586684560094922,0.22773405234515592,0.23050340763409635,0.014210162829022766,-0.0259304965870739,0.394239648414181,0.3950914970421273,1.9094556668887324,0.15542490038173706,0.15609729103498932,0.10589109881345343,0.02535007789198672,0.023073171202364476,-0.013620385237301157,-0.1886428759614312,-0.010035170741719716,-0.06403056714078827,-0.02117508580468367,-0.21171604716379566,0.0035852144955814402,-0.08710373834315274,-0.0075547005673825135,0.12461230882064292,-0.011139915062963954,RIGHT,5.79991447275069e-09,1.5984776584520416e-05,0.9999840094235009,3,0.02308596878548822,0.07393154785347153,0.45074361215946385,0.17430753311746514,0.23330475418159727,0.04462658390251405,Ben-LRJ(1-6)-4:9.csv_to_Yaniv-LRJ(6)-4:7.csv,LogisticRegression,False
lrj,Yaniv,Yaniv LRJ,Yaniv-LRJ(6)-4:7.csv,/Users/yanivnaggar/Desktop/Spring 2026/IS/OPENBCI_runs/Yaniv/Yaniv-LRJ(6)-4:7.csv,yaniv,LEFT,6,3,False,-3,left_right,1,1->1,6,6,Yaniv::Yaniv-LRJ(6)-4:7.csv::trial_6,20640,21885,82.56,87.54,4.98,6,sliding,21265,21514,85.06,86.056,1.0,1.0,0.5,observed_count 3 vs expected_count 6,-0.007815798756773807,0.30027237690644737,0.3003740785141986,1.4733001159082395,0.0901635003330476,0.09022458704325396,0.03321081426308249,0.0068697176905601134,-0.026348312444863603,0.3147082090117324,0.31580926266983433,1.3480772597869706,0.09904125681937226,0.09973549038806442,0.017306297566025693,0.014132449447847197,-0.012454683837896972,0.40650829785714054,0.40669904767064763,2.1292637549412685,0.16524899622670972,0.1654041153762117,0.044307344495560404,0.0069212717233130714,-0.0019295803549820932,0.28768897491100043,0.28769544585496754,1.642452799294782,0.08276494628534223,0.08276866956568857,0.012373689524398653,0.018034974418891948,0.015904516697056798,-0.0072627317572870834,-0.011096530232477912,-5.1554032752957994e-05,0.02083712473868384,-0.011165256728331834,-0.02700104692953471,0.0072111777245341254,0.00493260804162704,-0.0039025249710447508,0.031933654971161754,-0.011113702695578875,RIGHT,7.93301895706182e-06,0.11166025336922225,0.8883318136118206,6,0.09031704152194152,0.10759924142018976,0.08610447299595629,0.23146136817688165,0.20453450959663802,0.2799833662883928,Ben-LRJ(1-6)-4:9.csv_to_Yaniv-LRJ(6)-4:7.csv,LogisticRegression,False
lrj,Yaniv,Yaniv LRJ,Yaniv-LRJ(6)-4:7.csv,/Users/yanivnaggar/Desktop/Spring 2026/IS/OPENBCI_runs/Yaniv/Yaniv-LRJ(6)-4:7.csv,yaniv,LEFT,6,3,False,-3,left_right,1,1->1,6,6,Yaniv::Yaniv-LRJ(6)-4:7.csv::trial_6,20640,21885,82.56,87.54,4.98,7,sliding,21390,21639,85.56,86.556,1.0,1.0,0.5,observed_count 3 vs expected_count 6,-0.012765639758451772,0.2869323040300472,0.28721613578354893,1.4709808449288873,0.08233014709599146,0.08249310865443403,0.02795133893957861,0.005072534515389682,-0.04664403132141546,0.4422280218607394,0.44468110930955435,2.401406932613048,0.1955656233188626,0.19774128897677581,0.04844417832108009,0.008984253933975665,0.03894679565634341,0.3722645729549992,0.37429636008017086,1.9347492952055636,0.13858091227736793,0.14009776516926492,0.044023213686385024,0.005466260629471562,0.0021958064844463973,0.2220812364937389,0.22209209163926824,1.0572213909694854,0.049320075602587984,0.04932489716870512,0.03001510789983591,0.006904545338869759,-0.020492839381501482,-0.003911719418585983,-0.016071874746806415,-0.00039372611408187985,-0.0020637689602573013,-0.001832010823480077,0.004420964634695067,0.003517993304504103,0.01842907042124418,0.002079708595105906,0.014008105786549114,-0.001438284709398197,RIGHT,1.7234878335771145e-05,0.2032437679145407,0.7967389972071236,5,0.07007938911081059,0.054201752568728126,0.09978125724059553,0.2557300733671359,0.36352493588894946,0.15668259182378036,Ben-LRJ(1-6)-4:9.csv_to_Yaniv-LRJ(6)-4:7.csv,LogisticRegression,False
lrj,Yaniv,Yaniv LRJ,Yaniv-LRJ(6)-4:7.csv,/Users/yanivnaggar/Desktop/Spring 2026/IS/OPENBCI_runs/Yaniv/Yaniv-LRJ(6)-4:7.csv,yaniv,LEFT,6,3,False,-3,left_right,1,1->1,6,6,Yaniv::Yaniv-LRJ(6)-4:7.csv::trial_6,20640,21885,82.56,87.54,4.98,8,sliding,21515,21764,86.06,87.056,1.0,1.0,0.5,observed_count 3 vs expected_count 6,-0.003143623924065556,0.2493459475232772,0.24936576332298882,1.2761078843676144,0.06217340154628092,0.06218328391765688,0.00813049580742678,0.007311714494511458,0.0514939819032018,0.45886852556473784,0.4617487995936792,2.401406932613048,0.21056032375395645,0.21321195392620373,0.031282084167644816,0.019641121284288732,-0.027311773839013894,0.33191304920508946,0.333034840854307,1.5434538903670376,0.11016627223262014,0.11091220522285358,0.028901769257448088,0.00931508458842123,-0.014844825579505996,0.2131751089992006,0.21369135673514505,1.0564621152563372,0.04544362709682106,0.04566399594330702,0.004667268285993671,0.014470639239714242,-0.023151588360218037,-0.012329406789777274,-0.020771273450021308,-0.0020033700939097714,0.0034632275214331086,-0.007158924745202784,0.0023803149101967284,0.010326036695867503,0.026614815881651144,0.0051704820445744905,0.024234500971454416,-0.005155554651293012,RIGHT,0.04516273014997269,0.2873898117803388,0.6674474580696884,5,0.1552350539043455,0.05341429232722554,0.13656240813514628,0.12652892856026832,0.2758860309640964,0.25237328610891796,Ben-LRJ(1-6)-4:9.csv_to_Yaniv-LRJ(6)-4:7.csv,LogisticRegression,False
lrj,Yaniv,Yaniv LRJ,Yaniv-LRJ(6)-4:7.csv,/Users/yanivnaggar/Desktop/Spring 2026/IS/OPENBCI_runs/Yaniv/Yaniv-LRJ(6)-4:7.csv,yaniv,RIGHT,1,1,True,0,left_right,2,2->2,7,1,Yaniv::Yaniv-LRJ(6)-4:7.csv::trial_7,22945,23336,91.78,93.344,1.564,1,sliding,22945,23194,91.78,92.776,1.0,1.0,0.5,,0.03221892913222961,0.19090412307928198,0.19360383158165356,0.9254420122435694,0.03644438420866965,0.03748244360309728,0.00652718578425738,0.007252389585897592,0.022572680168582163,0.19450525896293724,0.19581067809042585,0.9402732952776236,0.03783229576423928,0.03834182165423238,0.011815312508683359,0.009231252163246,0.03724712761285456,0.3216573068737524,0.3238066885978169,1.8324052147826064,0.1034634230652753,0.10485077158068357,0.0040938738018668425,0.0075087563650973735,0.02653952208784272,0.20398255985760969,0.205701801058509,0.9919903470243283,0.04160888472606332,0.042313230958714414,0.027321470535471497,0.011113154640988497,-0.005288126724425979,-0.0019788625773484083,0.0024333119823905375,-0.00025636677919978115,-0.02079428475121412,-0.0038607650550909044,0.0077214387068165165,0.0017224957981486272,-0.015506158026788138,-0.0018819024777424961,-0.023227596733604656,-0.0036043982758911233,RIGHT,0.0351585213203704,0.09783512573849779,0.8670063529411317,5,0.07351258321140958,0.0871718979703725,0.15663653307663392,0.2282402906930259,0.3070570811312053,0.14738161391735277,Ben-LRJ(1-6)-4:9.csv_to_Yaniv-LRJ(6)-4:7.csv,LogisticRegression,False
lrj,Yaniv,Yaniv LRJ,Yaniv-LRJ(6)-4:7.csv,/Users/yanivnaggar/Desktop/Spring 2026/IS/OPENBCI_runs/Yaniv/Yaniv-LRJ(6)-4:7.csv,yaniv,RIGHT,1,1,True,0,left_right,2,2->2,7,1,Yaniv::Yaniv-LRJ(6)-4:7.csv::trial_7,22945,23336,91.78,93.344,1.564,2,sliding,23070,23319,92.28,93.276,1.0,1.0,0.5,,-0.016591477998520926,0.19912826858417892,0.19981827867216828,0.9254420122435694,0.039652067349332895,0.0399273444915083,0.006548757553079721,0.007587235113590386,-0.009844546718422493,0.21240825022126744,0.21263626187024587,0.9402732952776236,0.045117264762060565,0.04521417986215178,0.02403586803381801,0.007201109240875271,-0.032679981909793154,0.37225625797800244,0.37368797521650265,1.8324052147826064,0.13857472160378512,0.1396427028214095,0.03111825511624229,0.004986209383725919,0.005979336493749269,0.26414059727274375,0.264208265564322,1.3288579406061156,0.0697702551276018,0.06980600759250728,0.046835690247327096,0.015316383049837954,-0.01748711048073829,0.00038612587271511477,-0.02456949756316257,0.0026010257298644665,-0.04028693269424737,-0.007729147936247569,-0.007082387082424282,0.0022148998571493517,-0.022799822213509086,-0.008115273808962684,-0.015717435131084805,-0.010330173666112035,RIGHT,0.022183327140441456,0.05144639001505475,0.9263702828445038,5,0.07999774569426643,0.06126927011487774,0.22083446902213433,0.24781462506509958,0.3002875931105898,0.08979629699303224,Ben-LRJ(1-6)-4:9.csv_to_Yaniv-LRJ(6)-4:7.csv,LogisticRegression,False
lrj,Yaniv,Yaniv LRJ,Yaniv-LRJ(6)-4:7.csv,/Users/yanivnaggar/Desktop/Spring 2026/IS/OPENBCI_runs/Yaniv/Yaniv-LRJ(6)-4:7.csv,yaniv,RIGHT,2,2,True,0,left_right,2,2->2,8,2,Yaniv::Yaniv-LRJ(6)-4:7.csv::trial_8,24251,24807,97.004,99.228,2.224,1,sliding,24251,24500,97.004,98.0,1.0,1.0,0.5,,-0.0034374650445884196,0.24835511840399058,0.2483789061160246,1.0982566227474202,0.06168026483746018,0.061692081003392955,0.005552726651881143,0.0032348270381218945,-0.024035116185966775,0.2550820533417832,0.256211905943368,1.1075636419216417,0.06506685393706031,0.06564454074713325,0.012918059915971237,0.007154436422732887,0.01023990092446454,0.42071545443904956,0.42084005177121486,2.1437483510624658,0.17700149360385597,0.1771063491747988,0.007586629609114589,0.004843071298234188,0.02125739385725381,0.23842611679913808,0.23937186544270123,1.0903196493382734,0.05684701317191624,0.05729888996551866,0.01128581810559122,0.005939748537782955,-0.007365333264090094,-0.0039196093846109925,-0.002033902957233446,-0.0016082442601122937,-0.0057330914537100765,-0.0027049214996610607,0.0053314303068566484,0.002311365124498699,0.0016322418103800179,0.0012146878849499318,-0.0036991884964766306,-0.001096677239548767,RIGHT,0.11050661203264099,0.2643999471113324,0.6250934408560266,5,0.10467808972571316,0.07747458921544619,0.13333806507036722,0.2198707752195658,0.25800451939691804,0.2066339613719897,Ben-LRJ(1-6)-4:9.csv_to_Yaniv-LRJ(6)-4:7.csv,LogisticRegression,False
lrj,Yaniv,Yaniv LRJ,Yaniv-LRJ(6)-4:7.csv,/Users/yanivnaggar/Desktop/Spring 2026/IS/OPENBCI_runs/Yaniv/Yaniv-LRJ(6)-4:7.csv,yaniv,RIGHT,2,2,True,0,left_right,2,2->2,8,2,Yaniv::Yaniv-LRJ(6)-4:7.csv::trial_8,24251,24807,97.004,99.228,2.224,2,sliding,24376,24625,97.504,98.5,1.0,1.0,0.5,,0.018999972852646593,0.2332839852409305,0.23405643921561312,1.0979752156734848,0.05442141776989068,0.054782416738292,0.006505330293442482,0.0035057909958325457,0.004964279827570515,0.28098152534413184,0.2810253754715425,1.2764470063959683,0.078950617584715,0.07897526165892142,0.02318860801943178,0.010504635303923007,0.020406955361073516,0.4374701643409179,0.4379458739565639,2.1437483510624658,0.19138014468846973,0.1917965885155786,0.008849361642020643,0.0060136871622535944,-0.007021521995303912,0.2722099188473436,0.272300462155333,1.1841728769779398,0.07409823991887737,0.07414754169000792,0.02152145343537815,0.011554637343776658,-0.016683277725989296,-0.006998844308090461,-0.002344031348578161,-0.0025078961664210487,-0.015016123141935667,-0.008048846347944113,0.014339246377411135,0.004490948141669412,0.001667154584053629,-0.0010500020398536512,-0.012672091793357506,-0.005540950181523063,RIGHT,0.0387934718776439,0.137923370642208,0.8232831574801481,5,0.09688742149647131,0.11190739593656276,0.1726577852401626,0.18660205130918975,0.2665566146462258,0.16538873137138776,Ben-LRJ(1-6)-4:9.csv_to_Yaniv-LRJ(6)-4:7.csv,LogisticRegression,False
lrj,Yaniv,Yaniv LRJ,Yaniv-LRJ(6)-4:7.csv,/Users/yanivnaggar/Desktop/Spring 2026/IS/OPENBCI_runs/Yaniv/Yaniv-LRJ(6)-4:7.csv,yaniv,RIGHT,2,2,True,0,left_right,2,2->2,8,2,Yaniv::Yaniv-LRJ(6)-4:7.csv::trial_8,24251,24807,97.004,99.228,2.224,3,sliding,24501,24750,98.004,99.0,1.0,1.0,0.5,,-0.017899675740446538,0.27691123854571,0.2774891573098528,1.4643298281213382,0.07667983403291909,0.07700023242453222,0.016327733893409156,0.008154982262179299,-0.01143812626230259,0.35713830164902,0.3573214200648189,2.1148255128201883,0.1275477665047464,0.12767859723713876,0.1320923953759377,0.0039049215990678114,-0.023629827642199126,0.3873796817043818,0.38809971212536115,2.118517395191604,0.15006301779738818,0.1506213865517882,0.03044428306845519,0.004056165721794496,-0.034133292791253565,0.2884844067778494,0.29049670330442845,1.4420465345241955,0.08322325295396771,0.08438833463074114,0.05750932322587283,0.006687915014841232,-0.11576466148252854,0.0042500606631114875,-0.014116549175046032,0.004098816540384803,-0.04118158933246367,0.0014670672473380665,0.10164811230748251,-0.00015124412272668475,0.07458307215006488,-0.002782993415773421,-0.02706504015741764,-0.0026317492930467363,LEFT,6.897574504559653e-05,0.702827315450269,0.2971037088046854,5,0.06637796177094017,0.02795902090056565,0.19211771743824735,0.16275580049227134,0.5137622114227439,0.03702728797523168,Ben-LRJ(1-6)-4:9.csv_to_Yaniv-LRJ(6)-4:7.csv,LogisticRegression,False
lrj,Yaniv,Yaniv LRJ,Yaniv-LRJ(6)-4:7.csv,/Users/yanivnaggar/Desktop/Spring 2026/IS/OPENBCI_runs/Yaniv/Yaniv-LRJ(6)-4:7.csv,yaniv,RIGHT,3,2,False,-1,left_right,2,2->2,9,3,Yaniv::Yaniv-LRJ(6)-4:7.csv::trial_9,25672,26363,102.688,105.452,2.764,1,sliding,25672,25921,102.688,103.684,1.0,1.0,0.5,observed_count 2 vs expected_count 3,-0.0017731529606281953,0.31218669791626164,0.31219173343841283,1.5484550770370125,0.0974605343558592,0.097463678427281,0.01598233389031503,0.005681262998835016,-0.003305126975297938,0.2356458583236125,0.2356690357458843,1.0953105701020607,0.055528970545072054,0.05553989440939489,0.006046433830832338,0.00549781767229004,0.012544886194730116,0.40258941136420306,0.4027848163873785,2.1135447455878933,0.16207823414257552,0.16223560831221423,0.01781824978404013,0.0027147634295996235,0.004153101375498846,0.22405263438320752,0.22409112259322195,1.1714015108070308,0.05019958297405526,0.05021683122509042,0.005985538339275341,0.0052828893316634006,0.009935900059482694,0.00018344532654497592,-0.0018359158937250979,0.0029664995692353924,0.00999679555103969,0.0003983736671716153,-0.011771815953207792,0.0027830542426904165,6.089549155699741e-05,0.0002149283406266394,0.011832711444764788,-0.002568125902063777,RIGHT,0.00578325754174586,0.24578400268838704,0.7484327397698671,6,0.08353183760619122,0.09333428778841947,0.09069612119187279,0.22550220653625222,0.22401586047719613,0.28291968640006815,Ben-LRJ(1-6)-4:9.csv_to_Yaniv-LRJ(6)-4:7.csv,LogisticRegression,False
lrj,Yaniv,Yaniv LRJ,Yaniv-LRJ(6)-4:7.csv,/Users/yanivnaggar/Desktop/Spring 2026/IS/OPENBCI_runs/Yaniv/Yaniv-LRJ(6)-4:7.csv,yaniv,RIGHT,3,2,False,-1,left_right,2,2->2,9,3,Yaniv::Yaniv-LRJ(6)-4:7.csv::trial_9,25672,26363,102.688,105.452,2.764,2,sliding,25797,26046,103.188,104.184,1.0,1.0,0.5,observed_count 2 vs expected_count 3,0.024191775026486475,0.41119967568647436,0.4119106884551478,2.069220656843325,0.1690851732846617,0.16967041526359383,0.0030045765621912017,0.007173099841322227,0.032733626817372984,0.3664005606769536,0.36785983905423136,1.8065775930747772,0.13424937086438593,0.135320861189005,0.001075635401270479,0.0048278212094021574,0.0043498878723080385,0.5181494093491101,0.518167667780742,2.4789179819054112,0.2684788104088317,0.2684977319333334,0.004050626618991046,0.006871523162485269,0.027218312837256304,0.29436338138304274,0.29561907389910663,1.2555144929904247,0.08664980029925869,0.08739063685296546,0.004205381650122423,0.006446147469521952,0.0019289411609207227,0.0023452786319200693,-0.001046050056799844,0.0003015766788369576,-0.0012008050879312214,0.0007269523718002749,-0.002974991217720567,-0.0020437019530831118,-0.0031297462488519443,-0.0016183262601197944,-0.00015475503113137733,0.00042537569296331734,JAW,0.5054414802154381,0.2691680035276115,0.22539051625695056,6,0.08183694484506196,0.14956987847098144,0.1380129843557571,0.18287750299711164,0.22325860410698517,0.22444408522410267,Ben-LRJ(1-6)-4:9.csv_to_Yaniv-LRJ(6)-4:7.csv,LogisticRegression,False
lrj,Yaniv,Yaniv LRJ,Yaniv-LRJ(6)-4:7.csv,/Users/yanivnaggar/Desktop/Spring 2026/IS/OPENBCI_runs/Yaniv/Yaniv-LRJ(6)-4:7.csv,yaniv,RIGHT,3,2,False,-1,left_right,2,2->2,9,3,Yaniv::Yaniv-LRJ(6)-4:7.csv::trial_9,25672,26363,102.688,105.452,2.764,3,sliding,25922,26171,103.688,104.684,1.0,1.0,0.5,observed_count 2 vs expected_count 3,-0.016686522662305334,0.37950005622244165,0.3798667301980999,1.8240659617170014,0.1440202926728364,0.14429873271139604,0.014221256503317382,0.00981980440884332,-0.038778273706028446,0.3707617004080183,0.3727841104460661,1.818652951194879,0.1374642384894451,0.13896799300106477,0.029399602042789144,0.013991141390688806,-0.011841866524429517,0.38893323076313663,0.38911346390819435,2.156419484492151,0.15126905799185128,0.15140928779463367,0.025957440459764135,0.01474100374201998,0.015371030822587641,0.27907666545635224,0.2794996489993962,1.1668332891145923,0.07788378520223675,0.07812005379078568,0.007204383750832429,0.010866562513468755,-0.015178345539471762,-0.004171336981845486,-0.011736183956446752,-0.004921199333176659,0.007016872752484953,-0.0010467581046254351,0.0034421615830250094,-0.0007498623513311729,0.022195218291956715,0.003124578877220051,0.018753056708931706,0.003874441228551224,LEFT,0.008648360007075617,0.6309910290095974,0.36036061098332706,5,0.09619913419570135,0.07871073356522292,0.11661881441927995,0.2188946445402554,0.26149195907266315,0.22808471420687715,Ben-LRJ(1-6)-4:9.csv_to_Yaniv-LRJ(6)-4:7.csv,LogisticRegression,False
lrj,Yaniv,Yaniv LRJ,Yaniv-LRJ(6)-4:7.csv,/Users/yanivnaggar/Desktop/Spring 2026/IS/OPENBCI_runs/Yaniv/Yaniv-LRJ(6)-4:7.csv,yaniv,RIGHT,3,2,False,-1,left_right,2,2->2,9,3,Yaniv::Yaniv-LRJ(6)-4:7.csv::trial_9,25672,26363,102.688,105.452,2.764,4,sliding,26047,26296,104.188,105.184,1.0,1.0,0.5,observed_count 2 vs expected_count 3,-0.032415877918958794,0.41707963916740953,0.418337441008181,2.041215177567323,0.17395542540801653,0.17500621454927331,0.011612342776133374,0.005280779155991323,-0.025429467403918552,0.5322813991077617,0.5328884926967022,2.6941323819450558,0.28332348783611633,0.28397014564856327,0.013572582624871843,0.00557749387149711,0.0007125697549962311,0.40973515641958386,0.40973577603357586,2.1255103059493465,0.16788289840618087,0.16788340616183664,0.014204242885528573,0.009498398399626263,-0.09257424680522737,0.35747108712957604,0.36926354992763105,1.773353425786479,0.12778557813360095,0.13635556930515608,0.015492776497806147,0.013340937687116926,-0.001960239848738469,-0.00029671471550578657,-0.002591900109395199,-0.004217619243634939,-0.0038804337216727727,-0.008060158531125603,-0.0006316602606567297,-0.003920904528129153,-0.0019201938729343036,-0.0077634438156198166,-0.0012885336122775738,-0.003842539287490664,RIGHT,0.03082500429347615,0.17984304715741412,0.7893319485491098,6,0.10562646167041914,0.19292426117228834,0.13579320566534525,0.18001516416620056,0.16415742982424317,0.22148347750150346,Ben-LRJ(1-6)-4:9.csv_to_Yaniv-LRJ(6)-4:7.csv,LogisticRegression,False
lrj,Yaniv,Yaniv LRJ,Yaniv-LRJ(6)-4:7.csv,/Users/yanivnaggar/Desktop/Spring 2026/IS/OPENBCI_runs/Yaniv/Yaniv-LRJ(6)-4:7.csv,yaniv,RIGHT,4,3,False,-1,left_right,2,2->2,10,4,Yaniv::Yaniv-LRJ(6)-4:7.csv::trial_10,27192,28137,108.768,112.548,3.78,1,sliding,27192,27441,108.768,109.764,1.0,1.0,0.5,observed_count 3 vs expected_count 4,-0.02011513684512193,0.312863512809403,0.3135094837125944,1.521410709299169,0.09788357764743949,0.09828819637773749,0.018051441800380215,0.0037663014098167037,0.019710532994821128,0.31370456773219607,0.3143231791118561,1.7841997696067067,0.098410555816044,0.09879906092698397,0.008461779353101394,0.006474309806494603,-0.03464813734632796,0.4458935099993765,0.44723765011583505,1.940806663595624,0.19882102225956408,0.20002151568113408,0.009231099953769232,0.0095819093804106,-0.015630648044466577,0.20168219940739346,0.20228699097098063,1.0708654132271545,0.04067570955780361,0.0409200267160936,0.025052515723042054,0.007934505579264279,0.00958966244727882,-0.0027080083966778993,0.008820341846610983,-0.0058156079705938965,-0.007001073922661839,-0.004168204169447575,-0.0007693206006678371,-0.003107599573915997,-0.01659073636994066,-0.0014601957727696756,-0.015821415769272824,0.0016474038011463216,RIGHT,0.001805063169161571,0.1614408649810232,0.8367540718498152,4,0.07214051937352531,0.080651977389443,0.08765485408600363,0.29124600039292525,0.27400222616390296,0.19430442259419992,Ben-LRJ(1-6)-4:9.csv_to_Yaniv-LRJ(6)-4:7.csv,LogisticRegression,True
lrj,Yaniv,Yaniv LRJ,Yaniv-LRJ(6)-4:7.csv,/Users/yanivnaggar/Desktop/Spring 2026/IS/OPENBCI_runs/Yaniv/Yaniv-LRJ(6)-4:7.csv,yaniv,RIGHT,4,3,False,-1,left_right,2,2->2,10,4,Yaniv::Yaniv-LRJ(6)-4:7.csv::trial_10,27192,28137,108.768,112.548,3.78,2,sliding,27317,27566,109.268,110.264,1.0,1.0,0.5,observed_count 3 vs expected_count 4,0.02377960033906656,0.4016135078142416,0.4023168888465231,2.0406744533672896,0.1612934096588599,0.16185887905114565,0.04324054800606062,0.012990967476216373,0.018908472509635652,0.40954276232526865,0.40997902934864744,1.9092325912371055,0.16772527417301147,0.1680828045056591,0.030594059028545912,0.013280990314923836,0.007360500763623008,0.5683872279224947,0.5684348844299665,2.5753522620801546,0.323064040865418,0.3231182178369093,0.02171265297574658,0.006560189959957128,0.014222916034840992,0.26255776385603463,0.26294271372604217,1.3139875567595127,0.06893657936108123,0.06913887070161535,0.020989011065791537,0.007671320594194878,0.012646488977514709,-0.00029002283870746375,0.02152789503031404,0.006430777516259245,0.022251536940269084,0.005319646882021495,0.008881406052799332,0.006720800354966709,0.009605047962754375,0.005609669720728959,0.0007236419099550424,-0.00111113063423775,RIGHT,2.2552912866717137e-07,0.3321325057458632,0.6678672687250081,4,0.045372784257492825,0.13704815094175848,0.05207745812095973,0.2953476699753605,0.2600855697412925,0.21006836696313605,Ben-LRJ(1-6)-4:9.csv_to_Yaniv-LRJ(6)-4:7.csv,LogisticRegression,True
lrj,Yaniv,Yaniv LRJ,Yaniv-LRJ(6)-4:7.csv,/Users/yanivnaggar/Desktop/Spring 2026/IS/OPENBCI_runs/Yaniv/Yaniv-LRJ(6)-4:7.csv,yaniv,RIGHT,4,3,False,-1,left_right,2,2->2,10,4,Yaniv::Yaniv-LRJ(6)-4:7.csv::trial_10,27192,28137,108.768,112.548,3.78,3,sliding,27442,27691,109.768,110.764,1.0,1.0,0.5,observed_count 3 vs expected_count 4,0.013461016262569885,0.39306771057216694,0.3932981363460371,2.0406744533672896,0.1545022250944448,0.154683424053266,0.030387667005002512,0.00711753670035608,-0.036028540625093176,0.36135677324705634,0.36314841774555273,1.9051695773343424,0.13057871757152448,0.13187677331109848,0.08781307438188936,0.006321107363446868,0.026056305455962225,0.4811626427665565,0.4818676372699367,2.5753522620801546,0.2315174887940969,0.23219641984811126,0.07121161413546913,0.00969185482337149,0.017059177186636163,0.3695851356286534,0.36997863182072444,1.651011884589854,0.13659317247765013,0.13688418800393518,0.139023744419756,0.009347769833957364,-0.057425407376886846,0.0007964293369092119,-0.040823947130466616,-0.0025743181230154103,-0.1086360774147535,-0.0022302331336012836,0.01660146024642023,-0.003370747459924622,-0.051210670037866654,-0.0030266624705104954,-0.06781213028428688,0.0003440849894141267,RIGHT,2.4673472660510703e-07,0.012916981243656207,0.9870827720216173,5,0.00512455944683898,0.050388215802625404,0.20565267526512593,0.31829345314280766,0.41593823618416087,0.004602860158441149,Ben-LRJ(1-6)-4:9.csv_to_Yaniv-LRJ(6)-4:7.csv,LogisticRegression,False
lrj,Yaniv,Yaniv LRJ,Yaniv-LRJ(6)-4:7.csv,/Users/yanivnaggar/Desktop/Spring 2026/IS/OPENBCI_runs/Yaniv/Yaniv-LRJ(6)-4:7.csv,yaniv,RIGHT,4,3,False,-1,left_right,2,2->2,10,4,Yaniv::Yaniv-LRJ(6)-4:7.csv::trial_10,27192,28137,108.768,112.548,3.78,4,sliding,27567,27816,110.268,111.264,1.0,1.0,0.5,observed_count 3 vs expected_count 4,-0.04297062183881499,0.31187964981241817,0.3148259682877685,1.2954490460700772,0.09726891596711659,0.09911539030833103,0.007376320207053134,0.004074567404752853,-0.0805134389985313,0.4687525184346261,0.47561679679987623,2.9040278769922354,0.21972892353880452,0.22621133739817476,0.026431436256231365,0.01068278917195322,-0.015485339191331668,0.4594394662755582,0.4597003577347318,2.512162337264625,0.21108462317156979,0.21132441890144038,0.03369598561495254,0.0067161773920651905,-0.026775029980178857,0.38389698017118185,0.38482956437232346,1.651011884589854,0.1473768913845528,0.14809379361499225,0.08241530328940082,0.01371024475949081,-0.01905511604917823,-0.0066082217672003675,-0.026319665407899404,-0.0026416099873123374,-0.07503898308234769,-0.009635677354737957,-0.007264549358721173,0.00396661177988803,-0.05598386703316945,-0.00302745558753759,-0.04871931767444828,-0.00699406736742562,RIGHT,0.009500275003752947,0.022044816597717794,0.9684549083985293,4,0.03968769804279676,0.09399524682382024,0.27552624521516,0.2959118376537386,0.26428326813409275,0.030595704130391758,Ben-LRJ(1-6)-4:9.csv_to_Yaniv-LRJ(6)-4:7.csv,LogisticRegression,True
lrj,Yaniv,Yaniv LRJ,Yaniv-LRJ(6)-4:7.csv,/Users/yanivnaggar/Desktop/Spring 2026/IS/OPENBCI_runs/Yaniv/Yaniv-LRJ(6)-4:7.csv,yaniv,RIGHT,4,3,False,-1,left_right,2,2->2,10,4,Yaniv::Yaniv-LRJ(6)-4:7.csv::trial_10,27192,28137,108.768,112.548,3.78,5,sliding,27692,27941,110.768,111.764,1.0,1.0,0.5,observed_count 3 vs expected_count 4,0.005006959923320835,0.25601994300443565,0.2560688986653167,1.1643862306724748,0.06554621121599448,0.06557128086366822,0.009364459123020398,0.009884778514989114,0.0017051845783121423,0.4697741879008135,0.4697772826269007,2.9040278769922354,0.2206877876178688,0.22069069527231494,0.10740234726346823,0.07644646981033593,-0.0002725833254275436,0.49004374830040043,0.49004382411165587,2.512162337264625,0.24014287524830621,0.2401429495499755,0.09762303163183818,0.02054027503101966,0.007994324074908042,0.3130949355240544,0.3131969793408398,1.4188478659667045,0.09802843865081176,0.09809234786822642,0.018983890110619094,0.016915089375414055,-0.09803788814044784,-0.06656169129534681,-0.08825857250881777,-0.010655496516030545,-0.009619430987598696,-0.007030310860424941,0.00977931563163005,0.05590619477931627,0.08841845715284913,0.05953138043492187,0.07863914152121909,0.003625185655605604,LEFT,0.004256553074590098,0.518682211330218,0.4770612355951918,5,0.16153332051428956,0.027544079149169638,0.2942934816851693,0.06311743587991765,0.34745699154227805,0.10605469122917574,Ben-LRJ(1-6)-4:9.csv_to_Yaniv-LRJ(6)-4:7.csv,LogisticRegression,False
lrj,Yaniv,Yaniv LRJ,Yaniv-LRJ(6)-4:7.csv,/Users/yanivnaggar/Desktop/Spring 2026/IS/OPENBCI_runs/Yaniv/Yaniv-LRJ(6)-4:7.csv,yaniv,RIGHT,4,3,False,-1,left_right,2,2->2,10,4,Yaniv::Yaniv-LRJ(6)-4:7.csv::trial_10,27192,28137,108.768,112.548,3.78,6,sliding,27817,28066,111.268,112.264,1.0,1.0,0.5,observed_count 3 vs expected_count 4,-0.02514594565531049,0.4381799199495484,0.43890085535333884,2.6235151022819205,0.19200164224699265,0.19263396082989245,0.06123224171472083,0.004426601901224662,0.06371150841000159,0.501840324097846,0.5058684287386482,2.6012397548343085,0.25184371089063107,0.2559028671945088,0.019415693052616485,0.012984133186289236,-0.04467750227788335,0.7406699717220231,0.7420162304292895,4.175550080967413,0.5485920070107024,0.5505880862204926,0.28050234642627436,0.011586470104674491,0.05806670212446778,0.38859524785184857,0.39290966970622054,2.105492083246853,0.15100626665303962,0.1543780085486513,0.10479868385806662,0.019397993917744664,0.041816548662104346,-0.008557531285064573,-0.21927010471155353,-0.007159868203449829,-0.04356644214334579,-0.01497139201652,-0.2610866533736579,0.0013976630816147449,-0.08538299080545014,-0.006413860731455428,0.17570366256820774,-0.007811523813070173,RIGHT,2.583568911016348e-11,3.3430533292268144e-05,0.999966569440872,3,0.021123595314273293,0.0483175417594479,0.32133388400839014,0.2373281957979887,0.316947639457431,0.05494914366246913,Ben-LRJ(1-6)-4:9.csv_to_Yaniv-LRJ(6)-4:7.csv,LogisticRegression,False
lrj,Yaniv,Yaniv LRJ,Yaniv-LRJ(6)-4:7.csv,/Users/yanivnaggar/Desktop/Spring 2026/IS/OPENBCI_runs/Yaniv/Yaniv-LRJ(6)-4:7.csv,yaniv,RIGHT,5,4,False,-1,left_right,2,2->2,11,5,Yaniv::Yaniv-LRJ(6)-4:7.csv::trial_11,29234,30522,116.936,122.088,5.152,1,sliding,29234,29483,116.936,117.932,1.0,1.0,0.5,observed_count 4 vs expected_count 5,-0.019465662466559414,0.34516518542554303,0.3457136347399557,1.925069947477156,0.1191390052298495,0.11951791724511152,0.023489503148213096,0.0037658224288609353,-0.019724596551409432,0.26336254380194973,0.2641001499184538,1.4604566377644013,0.0693598294778339,0.06974888918694978,0.0074372386501018375,0.010345058968769421,-0.03739235560473865,0.46536078622899596,0.4668606318992216,2.2651443716960875,0.21656066135966928,0.2179588496173405,0.011245125299394816,0.02177964590450451,-0.011653759975439033,0.22314739736909664,0.2234514960213215,1.2234540725790612,0.04979476095260151,0.04993057107416666,0.01616358226935196,0.01071816701881111,0.016052264498111257,-0.006579236539908486,0.01224437784881828,-0.018013823475643575,0.007325920878861136,-0.006952344589950175,-0.0038078866492929787,-0.011434586935735088,-0.008726343619250123,-0.0003731080500416883,-0.004918456969957144,0.0110614788856934,RIGHT,0.00045395232412691935,0.23519559070108356,0.7643504569747895,4,0.07142670087864919,0.09105689739041062,0.071936685642574,0.2908777797166035,0.2341154181237586,0.24058651824800406,Ben-LRJ(1-6)-4:9.csv_to_Yaniv-LRJ(6)-4:7.csv,LogisticRegression,False
lrj,Yaniv,Yaniv LRJ,Yaniv-LRJ(6)-4:7.csv,/Users/yanivnaggar/Desktop/Spring 2026/IS/OPENBCI_runs/Yaniv/Yaniv-LRJ(6)-4:7.csv,yaniv,RIGHT,5,4,False,-1,left_right,2,2->2,11,5,Yaniv::Yaniv-LRJ(6)-4:7.csv::trial_11,29234,30522,116.936,122.088,5.152,2,sliding,29359,29608,117.436,118.432,1.0,1.0,0.5,observed_count 4 vs expected_count 5,0.013719940765960644,0.4186295665367704,0.4188543311861365,1.9331070229806038,0.1752507139787643,0.17543895075338575,0.008409815242464487,0.004765697404308612,-0.002577398833354682,0.3418597258501386,0.34186944166315614,1.5471337692767184,0.11686807215833192,0.11687471514307811,0.012266866097485672,0.013254114462030344,0.004374464324756296,0.47812820038297443,0.478148211268839,2.2651443716960875,0.22860657600146175,0.22862571193959028,0.029802065388668926,0.0031538933754898155,0.005243469398923061,0.22441701836871986,0.22447826644208518,1.0040157492565331,0.05036299813350635,0.05039049210484379,0.018244597065080387,0.01102979049805849,-0.003857050855021185,-0.008488417057721732,-0.02139225014620444,0.0016118040288187964,-0.0098347818226159,-0.006264093093749878,-0.017535199291183252,0.010100221086540528,-0.005977730967594715,0.002224323963971854,0.01155746832358854,-0.007875897122568674,RIGHT,0.08961421055434582,0.2861862394521682,0.624199549993486,5,0.057397932518279564,0.1092960438974003,0.1305181203079128,0.21302941733360736,0.28893502640046376,0.20082345954233627,Ben-LRJ(1-6)-4:9.csv_to_Yaniv-LRJ(6)-4:7.csv,LogisticRegression,True
lrj,Yaniv,Yaniv LRJ,Yaniv-LRJ(6)-4:7.csv,/Users/yanivnaggar/Desktop/Spring 2026/IS/OPENBCI_runs/Yaniv/Yaniv-LRJ(6)-4:7.csv,yaniv,RIGHT,5,4,False,-1,left_right,2,2->2,11,5,Yaniv::Yaniv-LRJ(6)-4:7.csv::trial_11,29234,30522,116.936,122.088,5.152,3,sliding,29484,29733,117.936,118.932,1.0,1.0,0.5,observed_count 4 vs expected_count 5,0.008374549115386593,0.45413749681278276,0.45421470593130986,2.3722070889515496,0.20624086601138028,0.2063109990842663,0.039861422572283506,0.013067874339568348,0.004571539371122203,0.4007326915171688,0.4007587666200405,1.7354207514919526,0.16058669005059437,0.16060758902281608,0.006917763558444415,0.011862482319654224,0.031328824701428414,0.43344302473730406,0.4345737577795005,2.3827697768988143,0.18787285569342319,0.188854350950596,0.03120739211512735,0.01115129817213463,-0.0014419326134594642,0.3030986755868249,0.3031021054234845,1.573225210425597,0.09186880714248734,0.09187088631214911,0.00507970243505173,0.010496020924342717,0.03294365901383909,0.0012053920199141237,0.008654030457156157,0.0019165761674337176,0.03478172013723178,0.0025718534152256306,-0.024289628556682933,0.0007111841475195939,0.0018380611233926852,0.0013664613953115069,0.02612768968007562,0.000655277247791913,RIGHT,2.7283451143670085e-06,0.2867604884824369,0.7132367831724488,6,0.052396771581241654,0.16632075538170957,0.050210480822090835,0.25159206501371245,0.16355387263021465,0.31592605457103085,Ben-LRJ(1-6)-4:9.csv_to_Yaniv-LRJ(6)-4:7.csv,LogisticRegression,False
lrj,Yaniv,Yaniv LRJ,Yaniv-LRJ(6)-4:7.csv,/Users/yanivnaggar/Desktop/Spring 2026/IS/OPENBCI_runs/Yaniv/Yaniv-LRJ(6)-4:7.csv,yaniv,RIGHT,5,4,False,-1,left_right,2,2->2,11,5,Yaniv::Yaniv-LRJ(6)-4:7.csv::trial_11,29234,30522,116.936,122.088,5.152,4,sliding,29609,29858,118.436,119.432,1.0,1.0,0.5,observed_count 4 vs expected_count 5,0.004342152257819329,0.3938735757172111,0.3938975094291555,2.3722070889515496,0.15513639364826162,0.15515524793449165,0.010305093579708326,0.003221035421208403,0.02460871619980898,0.340523323503414,0.3414113688247852,1.7354207514919526,0.11595613384981077,0.1165617227628135,0.007541008869145707,0.0032283712785112573,0.018851353461655954,0.4126636573759539,0.41309401792598616,2.3827697768988143,0.17029129411889868,0.17064666764623496,0.005533524751087961,0.003169196476256518,0.009731238104059998,0.29256302597207035,0.29272482156621465,1.573225210425597,0.08559312416593431,0.08568782116097222,0.0029153398452551878,0.0039002489422141195,0.002764084710562619,-7.335857302854382e-06,0.004771568828620365,5.183894495188477e-05,0.007389753734453138,-0.0006792135210057166,0.0020074841180577462,5.917480225473915e-05,0.004625669023890519,-0.0006718776637028622,0.002618184905832773,-0.0007310524659576013,LEFT,0.0722174235469483,0.47212561335357317,0.45565696309947856,6,0.09291629967295749,0.1207502889373055,0.11456912098270255,0.20545427064719393,0.2192126243884234,0.24709739537141717,Ben-LRJ(1-6)-4:9.csv_to_Yaniv-LRJ(6)-4:7.csv,LogisticRegression,False
lrj,Yaniv,Yaniv LRJ,Yaniv-LRJ(6)-4:7.csv,/Users/yanivnaggar/Desktop/Spring 2026/IS/OPENBCI_runs/Yaniv/Yaniv-LRJ(6)-4:7.csv,yaniv,RIGHT,5,4,False,-1,left_right,2,2->2,11,5,Yaniv::Yaniv-LRJ(6)-4:7.csv::trial_11,29234,30522,116.936,122.088,5.152,5,sliding,29734,29983,118.936,119.932,1.0,1.0,0.5,observed_count 4 vs expected_count 5,0.015312432692702977,0.21299997320548472,0.21354966443547918,1.2663746101420297,0.04536898858553721,0.04560345918050576,0.006953481628647783,0.010673019093273355,0.006214688615331619,0.18401563167592652,0.18412054490380966,0.9567097032167069,0.03386175270109026,0.033900375055675794,0.007940409954382123,0.005795708383344857,0.0077208567396546855,0.2672472817176362,0.267358787426671,1.4512506893998496,0.07142110958546559,0.07148072121425986,0.004943803293336088,0.012702138926187673,0.02130867931503819,0.1742114386955761,0.17550978658335153,0.8749709372692765,0.030349625372382463,0.0308036851865336,0.000532149119373091,0.0072492667053299705,-0.0009869283257343394,0.004877310709928498,0.002009678335311695,-0.0020291198329143185,0.006421332509274692,0.0034237523879433844,0.0029966066610460345,-0.0069064305428428166,0.007408260835009031,-0.0014535583219851137,0.004411654173962997,0.005452872220857703,RIGHT,0.09408371640855442,0.2694932029325734,0.6364230806588722,6,0.11041415001972599,0.06439096753588891,0.10938512043909634,0.1807628132446477,0.25052286345328134,0.2845240853073596,Ben-LRJ(1-6)-4:9.csv_to_Yaniv-LRJ(6)-4:7.csv,LogisticRegression,False
lrj,Yaniv,Yaniv LRJ,Yaniv-LRJ(6)-4:7.csv,/Users/yanivnaggar/Desktop/Spring 2026/IS/OPENBCI_runs/Yaniv/Yaniv-LRJ(6)-4:7.csv,yaniv,RIGHT,5,4,False,-1,left_right,2,2->2,11,5,Yaniv::Yaniv-LRJ(6)-4:7.csv::trial_11,29234,30522,116.936,122.088,5.152,6,sliding,29859,30108,119.436,120.432,1.0,1.0,0.5,observed_count 4 vs expected_count 5,-0.006634027939814821,0.20798974215603214,0.20809551453320413,1.2663746101420297,0.04325973284213273,0.043303743168838976,0.004183493701654728,0.011380076204844797,-0.008314084969282784,0.18300055284541417,0.1831893183310743,1.0190161138285234,0.03348920234172722,0.03355832635060367,0.0035056946697922505,0.01046462194511262,-0.0032879186716156922,0.2923704471861031,0.2923889341219894,1.4512506893998496,0.0854804783878019,0.08549128879699305,0.017952404605986225,0.011335751310340222,0.0038980774763168287,0.18634431364829274,0.18638508051092684,0.963386460307927,0.0347242032290533,0.03473939823706468,0.007766413424724752,0.011413291813657182,0.0006777990318624777,0.0009154542597321763,-0.013768910904331497,4.432489450457468e-05,-0.0035829197230700235,-3.3215608812385555e-05,-0.014446709936193975,-0.0008711293652276016,-0.004260718754932501,-0.0009486698685445619,0.010185991181261473,-7.754050331696023e-05,RIGHT,0.2159239622530805,0.12376636098426855,0.660309676762651,6,0.11944727857471318,0.05971913092347237,0.1332479353283409,0.18723777740735967,0.23932194806430254,0.2610259297018113,Ben-LRJ(1-6)-4:9.csv_to_Yaniv-LRJ(6)-4:7.csv,LogisticRegression,False
lrj,Yaniv,Yaniv LRJ,Yaniv-LRJ(6)-4:7.csv,/Users/yanivnaggar/Desktop/Spring 2026/IS/OPENBCI_runs/Yaniv/Yaniv-LRJ(6)-4:7.csv,yaniv,RIGHT,5,4,False,-1,left_right,2,2->2,11,5,Yaniv::Yaniv-LRJ(6)-4:7.csv::trial_11,29234,30522,116.936,122.088,5.152,7,sliding,29984,30233,119.936,120.932,1.0,1.0,0.5,observed_count 4 vs expected_count 5,-0.02061439086089067,0.19220674986308733,0.1933090473917271,0.9667378713306292,0.036943434692931425,0.037368387803497,0.006339394245522656,0.008027456121189337,-0.023448004229774107,0.20327510181983446,0.2046230092688102,1.037519884063178,0.04132076701986407,0.04187057592222358,0.017378793464902096,0.010287902235222274,0.0011273544802253995,0.28949706328254254,0.28949925833642565,1.3998149449637887,0.08380854964921643,0.0838098205773405,0.008457258746978405,0.008880489188348753,-0.018972529232275492,0.22214064502013706,0.2229493732564236,1.2073648655807938,0.04934646616996254,0.049706423035432094,0.006960371993121053,0.008436921759517052,-0.01103939921937944,-0.002260446114032937,-0.002117864501455749,-0.0008530330671594165,-0.0006209777475983972,-0.0004094656383277148,0.008921534717923691,0.0014074130468735204,0.010418421471781042,0.001850980475705222,0.0014968867538573518,0.00044356742883170167,RIGHT,0.07441542393966184,0.19534682708147338,0.7302377489788648,6,0.1450055485317211,0.06330296622847376,0.12855403904690751,0.19030858208232024,0.22288312423176437,0.24994573987881297,Ben-LRJ(1-6)-4:9.csv_to_Yaniv-LRJ(6)-4:7.csv,LogisticRegression,False
lrj,Yaniv,Yaniv LRJ,Yaniv-LRJ(6)-4:7.csv,/Users/yanivnaggar/Desktop/Spring 2026/IS/OPENBCI_runs/Yaniv/Yaniv-LRJ(6)-4:7.csv,yaniv,RIGHT,5,4,False,-1,left_right,2,2->2,11,5,Yaniv::Yaniv-LRJ(6)-4:7.csv::trial_11,29234,30522,116.936,122.088,5.152,8,sliding,30109,30358,120.436,121.432,1.0,1.0,0.5,observed_count 4 vs expected_count 5,-0.01741119384155413,0.25136543673666806,0.2519677210612582,1.2763559567261415,0.06318458278581586,0.06348773245680403,0.016530351315751285,0.007730392937434886,-0.0033161179680812154,0.21836955024991866,0.21839472776312616,1.037519884063178,0.04768526047635176,0.04769625711472999,0.007314065028820708,0.00890162890905447,-0.026346573038008053,0.3792042963109462,0.3801184555523804,1.459253558606754,0.14379589834067988,0.14449004025152698,0.06964948241074911,0.01003277547922243,-0.031256648810991064,0.35179768065313904,0.35318350217390054,1.7658536524275792,0.12376160811292801,0.1247385862078216,0.06996187770295464,0.012331357384991644,0.009216286286930577,-0.0011712359716195848,-0.05311913109499783,-0.002302382541787544,-0.05343152638720336,-0.004600964447556758,-0.06233541738192841,-0.0011311465701679593,-0.06264781267413394,-0.0034297284759371733,-0.00031239529220553064,-0.002298581905769214,RIGHT,0.000310341310768874,0.002524648966733948,0.9971650097224971,3,0.04811462673058591,0.11878658450485244,0.2831229298856036,0.25869861161445507,0.2243143290841947,0.06696291818030821,Ben-LRJ(1-6)-4:9.csv_to_Yaniv-LRJ(6)-4:7.csv,LogisticRegression,False
lrj,Yaniv,Yaniv LRJ,Yaniv-LRJ(6)-4:7.csv,/Users/yanivnaggar/Desktop/Spring 2026/IS/OPENBCI_runs/Yaniv/Yaniv-LRJ(6)-4:7.csv,yaniv,RIGHT,5,4,False,-1,left_right,2,2->2,11,5,Yaniv::Yaniv-LRJ(6)-4:7.csv::trial_11,29234,30522,116.936,122.088,5.152,9,sliding,30234,30483,120.936,121.932,1.0,1.0,0.5,observed_count 4 vs expected_count 5,0.010283933412729382,0.24459607844586675,0.24481217469222002,1.259222845807408,0.0598272415910966,0.05993300087753405,0.006151481925185886,0.005765035295716123,0.021820254837715405,0.20232595972516437,0.20349918304477707,0.9688789522935026,0.040935793978708834,0.04141191749989168,0.013698014125398988,0.008037431433663863,0.025200081763619285,0.36264989637395245,0.36352440284103565,1.4209810055722816,0.13151494734003846,0.13214999146093157,0.0758496184757192,0.01054508677161479,0.028268823475008923,0.3749094293488543,0.37597367806183557,1.7658536524275792,0.14055708021468358,0.14135620659534479,0.11833787840594162,0.010298788830309316,-0.007546532200213102,-0.0022723961379477395,-0.06969813655053331,-0.004780051475898666,-0.11218639648075573,-0.004533753534593192,-0.0621516043503202,-0.002507655337950927,-0.10463986428054263,-0.002261357396645453,-0.04248825993022243,0.00024629794130547403,RIGHT,0.0023387271872269497,0.0007368747410382687,0.9969243980717347,3,0.012480191473031404,0.07021509011212342,0.41547309102269253,0.24300559038829253,0.24875439978306615,0.010071637220793815,Ben-LRJ(1-6)-4:9.csv_to_Yaniv-LRJ(6)-4:7.csv,LogisticRegression,False
lrj,Yaniv,Yaniv LRJ,Yaniv-LRJ(6)-4:7.csv,/Users/yanivnaggar/Desktop/Spring 2026/IS/OPENBCI_runs/Yaniv/Yaniv-LRJ(6)-4:7.csv,yaniv,RIGHT,6,5,False,-1,left_right,2,2->2,12,6,Yaniv::Yaniv-LRJ(6)-4:7.csv::trial_12,31542,33293,126.168,133.172,7.004,1,sliding,31542,31791,126.168,127.164,1.0,1.0,0.5,observed_count 5 vs expected_count 6,0.010160090688544933,0.19051500496345633,0.1907857294428104,0.9235201131879833,0.03629596711622579,0.036399194559025246,0.003928084136556276,0.005296807378135773,-0.002778790145154023,0.21013015637109458,0.21014852911979057,0.9736526598370474,0.04415468261654066,0.04416240429121147,0.004484264083215734,0.008708447573228717,0.020675554611657154,0.18717450065125343,0.18831296358069904,0.9784844252784816,0.03503429369404607,0.03546177225254569,0.005806311671809519,0.006012658243034463,-0.0013270399576841428,0.1907730062287984,0.19077762169767828,1.0464842329987187,0.03639433990557315,0.03639610094062245,0.0015246814957998985,0.009095362462044588,-0.0005561799466594578,-0.003411640195092944,-0.0018782275352532433,-0.0007158508648986896,0.0024034026407563774,-0.0037985550839088143,-0.0013220475885937855,0.0026957893301942544,0.0029595825874158353,-0.0003869148888158702,0.004281630176009621,-0.0030827042190101246,RIGHT,0.19129304927193042,0.13767148501234638,0.6710354657157233,6,0.12325042078588981,0.07236314270434416,0.12735319811145332,0.16677979196930692,0.22599589182822855,0.28425755460077723,Ben-LRJ(1-6)-4:9.csv_to_Yaniv-LRJ(6)-4:7.csv,LogisticRegression,True
lrj,Yaniv,Yaniv LRJ,Yaniv-LRJ(6)-4:7.csv,/Users/yanivnaggar/Desktop/Spring 2026/IS/OPENBCI_runs/Yaniv/Yaniv-LRJ(6)-4:7.csv,yaniv,RIGHT,6,5,False,-1,left_right,2,2->2,12,6,Yaniv::Yaniv-LRJ(6)-4:7.csv::trial_12,31542,33293,126.168,133.172,7.004,2,sliding,31667,31916,126.668,127.664,1.0,1.0,0.5,observed_count 5 vs expected_count 6,0.009511442969110153,0.2291879569684612,0.2293852374646892,1.13110680652653,0.05252711961937722,0.05261758716673185,0.02229532965335146,0.008991216485937958,-0.0035472121383604413,0.24729960252023594,0.24732504143458908,1.2451464973585336,0.06115709340666668,0.06116967612062121,0.008877406123636505,0.013296265416210798,0.00029987886080292016,0.2965315214204327,0.2965316730523869,1.6118869491478542,0.08793094319591653,0.08793103312324768,0.019864999174342812,0.0105441467562144,0.00331175412750607,0.23896605817031097,0.2389890053388597,1.0464842329987187,0.05710477695745645,0.0571157446728575,0.01525435028870244,0.012402100665262221,0.013417923529714954,-0.00430504893027284,0.0024303304790086466,-0.001552930270276441,0.007040979364649019,-0.003410884179324263,-0.010987593050706308,0.002752118659996399,-0.006376944165065936,0.000894164750948577,0.004610648885640372,-0.0018579539090478221,RIGHT,0.0002505991492608871,0.09229903669705962,0.9074503641536794,6,0.08772768495541604,0.09860603076322708,0.10153122381554242,0.23242495723636247,0.23194719384975995,0.24776290937969211,Ben-LRJ(1-6)-4:9.csv_to_Yaniv-LRJ(6)-4:7.csv,LogisticRegression,True
lrj,Yaniv,Yaniv LRJ,Yaniv-LRJ(6)-4:7.csv,/Users/yanivnaggar/Desktop/Spring 2026/IS/OPENBCI_runs/Yaniv/Yaniv-LRJ(6)-4:7.csv,yaniv,RIGHT,6,5,False,-1,left_right,2,2->2,12,6,Yaniv::Yaniv-LRJ(6)-4:7.csv::trial_12,31542,33293,126.168,133.172,7.004,3,sliding,31792,32041,127.168,128.164,1.0,1.0,0.5,observed_count 5 vs expected_count 6,0.01620920937654009,0.22610213876340196,0.22668241136443995,1.1186477129249845,0.05112217715338467,0.05138491562199718,0.0017026703859484358,0.004969765222121373,0.018018444483360242,0.2511272890026458,0.2517728730888583,1.2451464973585336,0.0630649152818184,0.06338957962341836,0.0072174636217389445,0.006303406575120096,0.0014674677745790347,0.2935065911278088,0.293510259611374,1.4978992724930096,0.08614611903546673,0.08614827249713616,0.009650469008740495,0.004571335654870411,0.0046226291060147634,0.22927807900731803,0.22932467423532457,0.9952291866708296,0.052568437513285965,0.05258980621313774,0.008204353075323871,0.01052523935701816,-0.005514793235790509,-0.0013336413529987231,-0.007947798622792058,0.00039842956725096197,-0.006501682689375435,-0.005555474134896788,-0.00243300538700155,0.001732070920249685,-0.000986889453584927,-0.0042218327818980645,0.001446115933416623,-0.00595390370214775,RIGHT,0.33554225126659026,0.11769296451106157,0.5467647842223482,5,0.1146438438303776,0.08649796259385588,0.16010248499361143,0.16344926001576318,0.2440759979173439,0.23123045064904804,Ben-LRJ(1-6)-4:9.csv_to_Yaniv-LRJ(6)-4:7.csv,LogisticRegression,False
lrj,Yaniv,Yaniv LRJ,Yaniv-LRJ(6)-4:7.csv,/Users/yanivnaggar/Desktop/Spring 2026/IS/OPENBCI_runs/Yaniv/Yaniv-LRJ(6)-4:7.csv,yaniv,RIGHT,6,5,False,-1,left_right,2,2->2,12,6,Yaniv::Yaniv-LRJ(6)-4:7.csv::trial_12,31542,33293,126.168,133.172,7.004,4,sliding,31917,32166,127.668,128.664,1.0,1.0,0.5,observed_count 5 vs expected_count 6,-0.032263532149694046,0.25300217873666864,0.25505104969843895,1.1731957379697673,0.06401010244550122,0.06505103795227557,0.02040028384440956,0.00526896573638076,-0.025491736302165342,0.23321271897883317,0.2346017922207743,1.0034957061224514,0.054388172293500216,0.05503800091319935,0.010560324625423724,0.007167876827355722,-0.01752776042949062,0.24463721062552482,0.24526432110747584,1.1673626138340312,0.059847364822637396,0.06015458720831102,0.01016275512885144,0.004083838497990104,-0.013056149602292023,0.20679361396147022,0.20720536145979185,0.9323807195425067,0.04276359877524557,0.04293406181768299,0.015015616118293999,0.004810511958442102,0.009839959218985837,-0.0018989110909749625,0.01023752871555812,0.0011851272383906555,0.005384667726115563,0.0004584537779386581,0.0003975694965722837,0.003084038329365618,-0.004455291492870274,0.0023573648689136206,-0.004852860989442558,-0.0007266734604519974,RIGHT,0.0006899494633433258,0.18017082653688565,0.8191392239997711,4,0.0864252192535905,0.06392631975488385,0.07823376252754219,0.2945755214869431,0.23463373666390064,0.24220544031313967,Ben-LRJ(1-6)-4:9.csv_to_Yaniv-LRJ(6)-4:7.csv,LogisticRegression,False
lrj,Yaniv,Yaniv LRJ,Yaniv-LRJ(6)-4:7.csv,/Users/yanivnaggar/Desktop/Spring 2026/IS/OPENBCI_runs/Yaniv/Yaniv-LRJ(6)-4:7.csv,yaniv,RIGHT,6,5,False,-1,left_right,2,2->2,12,6,Yaniv::Yaniv-LRJ(6)-4:7.csv::trial_12,31542,33293,126.168,133.172,7.004,5,sliding,32042,32291,128.168,129.164,1.0,1.0,0.5,observed_count 5 vs expected_count 6,-0.004804400237686913,0.273476223240763,0.2735184215727992,1.0801049526455642,0.07478924467803162,0.0748123269396755,0.004835991242615521,0.002294650990168648,0.010954070197443648,0.2740908264249272,0.27430962940478426,1.4214558943955153,0.07512578113029957,0.07524577278419009,0.005096857070197131,0.004861850302059466,-0.04652683562795091,0.2589248899113751,0.263071938923877,1.1672694287852925,0.0670420986156177,0.06920684504916806,0.005632504515615324,0.00405512435532823,-0.005738177524938834,0.22555078824446345,0.22562376816064061,1.102452233017821,0.05087315807769879,0.0509060847590065,0.007227982025273465,0.004036825945011415,-0.0002608658275816099,-0.002567199311890818,-0.0007965132729998029,-0.0017604733651595816,-0.0023919907826579438,-0.0017421749548427665,-0.000535647445418193,0.0008067259467312363,-0.002131124955076334,0.0008250243570480514,-0.0015954775096581409,1.8298410316815172e-05,RIGHT,0.19989368821452147,0.20813851150164797,0.5919678002838306,6,0.11283717376085997,0.08424520458719667,0.13167103602206792,0.188044647920022,0.2363484881464432,0.24685344956341024,Ben-LRJ(1-6)-4:9.csv_to_Yaniv-LRJ(6)-4:7.csv,LogisticRegression,True
lrj,Yaniv,Yaniv LRJ,Yaniv-LRJ(6)-4:7.csv,/Users/yanivnaggar/Desktop/Spring 2026/IS/OPENBCI_runs/Yaniv/Yaniv-LRJ(6)-4:7.csv,yaniv,RIGHT,6,5,False,-1,left_right,2,2->2,12,6,Yaniv::Yaniv-LRJ(6)-4:7.csv::trial_12,31542,33293,126.168,133.172,7.004,6,sliding,32167,32416,128.668,129.664,1.0,1.0,0.5,observed_count 5 vs expected_count 6,0.03513209575587964,0.21566239177311247,0.21850522048111284,0.9181052654464299,0.04651026722529945,0.04774453137749974,0.004327463309980824,0.005687049994604886,0.02725135745005094,0.23769687234816472,0.23925392286641856,1.4214558943955153,0.05649980312409971,0.057242439606970154,0.003225248816708296,0.012843790496454644,0.044780677947210815,0.2230674028987055,0.22751785721869222,1.0027375439995745,0.049759066235973405,0.05176437535338522,0.0026130223394148088,0.00791790891206221,0.02747692268507767,0.2051274765693589,0.20695956833148502,1.0713137445491543,0.04207728164371288,0.04283226292395462,0.00947515019328092,0.010259599139761693,0.001102214493272528,-0.007156740501849758,0.0017144409705660154,-0.002230858917457324,-0.0051476868833000965,-0.004572549145156807,0.0006122264772934873,0.004925881584392434,-0.006249901376572624,0.002584191356692951,-0.006862127853866112,-0.002341690227699483,RIGHT,0.149049212148632,0.1503730677186442,0.7005777201327238,5,0.09287248755292012,0.094985308119566,0.1450724435240317,0.18322501496543145,0.26271392093525436,0.22113082490279637,Ben-LRJ(1-6)-4:9.csv_to_Yaniv-LRJ(6)-4:7.csv,LogisticRegression,False
lrj,Yaniv,Yaniv LRJ,Yaniv-LRJ(6)-4:7.csv,/Users/yanivnaggar/Desktop/Spring 2026/IS/OPENBCI_runs/Yaniv/Yaniv-LRJ(6)-4:7.csv,yaniv,RIGHT,6,5,False,-1,left_right,2,2->2,12,6,Yaniv::Yaniv-LRJ(6)-4:7.csv::trial_12,31542,33293,126.168,133.172,7.004,7,sliding,32292,32541,129.168,130.164,1.0,1.0,0.5,observed_count 5 vs expected_count 6,0.013143464014879442,0.23012384130844993,0.23049887848939107,1.1110424956784382,0.05295698233855664,0.053129732984867076,0.0023277692113243932,0.004485204059467319,0.008639026823228283,0.18335475044883326,0.18355815780456716,0.7887947321352148,0.033618964512153925,0.033693597296606384,0.006198229606921292,0.0053021060738881335,0.030207330633742847,0.21649603459261943,0.21859326572048127,0.9188015583645055,0.04687053299432867,0.047783015818344925,0.00593882020621731,0.005772666103514589,0.014151450228429866,0.16640052928944135,0.1670011966764728,0.8421843776651289,0.027689136147806232,0.027889399691373957,0.003288006757027989,0.0077940873960071315,-0.003870460395596899,-0.0008169020144208148,-0.0036110509948929165,-0.0012874620440472707,-0.0009602375457035957,-0.003308883336539813,0.0002594094007039825,-0.0004705600296264559,0.0029102228498933034,-0.002491981322118998,0.002650813449189321,-0.002021421292492542,RIGHT,0.324941722921574,0.17642787141586747,0.4986304056625586,6,0.09702835077332138,0.06597652223615386,0.12190980984882839,0.18674366735294037,0.26398013373630963,0.2643615160524464,Ben-LRJ(1-6)-4:9.csv_to_Yaniv-LRJ(6)-4:7.csv,LogisticRegression,True
lrj,Yaniv,Yaniv LRJ,Yaniv-LRJ(6)-4:7.csv,/Users/yanivnaggar/Desktop/Spring 2026/IS/OPENBCI_runs/Yaniv/Yaniv-LRJ(6)-4:7.csv,yaniv,RIGHT,6,5,False,-1,left_right,2,2->2,12,6,Yaniv::Yaniv-LRJ(6)-4:7.csv::trial_12,31542,33293,126.168,133.172,7.004,8,sliding,32417,32666,129.668,130.664,1.0,1.0,0.5,observed_count 5 vs expected_count 6,-0.009337957454531164,0.2332817498164493,0.23346856800616025,1.071848343353245,0.054420374797424446,0.054507572246847075,0.008434447147850441,0.012782592977503875,-0.004322801287906149,0.20147380256362754,0.2015201720186401,0.889058237289857,0.04059169311944757,0.04061037973042229,0.006602789813136374,0.006076024374963716,-0.0246801670215047,0.20871253063814188,0.21016667454567262,0.9482332037207759,0.043560920445377314,0.04417003108958668,0.013031173516699864,0.00410102776639644,-0.011668409259245734,0.17580237524833509,0.1761891793431074,0.8917749031948565,0.030906475142956417,0.031042626917597668,0.0031192440688620118,0.005957779984840826,0.0018316573347140677,0.00670656860254016,-0.004596726368849422,0.008681565211107436,0.00531520307898843,0.006824812992663049,-0.00642838370356349,0.0019749966085672753,0.003483545744274362,0.00011824439012288971,0.009911929447837852,-0.0018567522184443856,RIGHT,0.061691983847192655,0.20822577242118673,0.7300822437316207,6,0.11194626733039025,0.06429476867180542,0.10527647508941132,0.1878453938941466,0.227009962452334,0.3036271325619124,Ben-LRJ(1-6)-4:9.csv_to_Yaniv-LRJ(6)-4:7.csv,LogisticRegression,True
lrj,Yaniv,Yaniv LRJ,Yaniv-LRJ(6)-4:7.csv,/Users/yanivnaggar/Desktop/Spring 2026/IS/OPENBCI_runs/Yaniv/Yaniv-LRJ(6)-4:7.csv,yaniv,RIGHT,6,5,False,-1,left_right,2,2->2,12,6,Yaniv::Yaniv-LRJ(6)-4:7.csv::trial_12,31542,33293,126.168,133.172,7.004,9,sliding,32542,32791,130.168,131.164,1.0,1.0,0.5,observed_count 5 vs expected_count 6,-0.03733587486534542,0.23129046330299163,0.2342845406058053,1.138973923860962,0.053495278414912514,0.05488924596687324,0.0034229532008158282,0.0046553800353686565,-0.021517537171059354,0.2125441057558828,0.21363052520058043,0.9548039920025395,0.0451749968915679,0.045638001297475826,0.0042996313500026214,0.00318853733507882,0.001672523130231113,0.21795849981475945,0.21796491684471073,1.2824469184662428,0.0475059076415005,0.047508704975121656,0.004798364022492501,0.003304249744935088,0.0014490427279137386,0.1778554159185856,0.17786131871882765,0.801932583375689,0.031632548971573075,0.03163464869640039,0.003707632593616171,0.005430691025195155,-0.0008766781491867932,0.0014668427002898364,-0.001375410821676673,0.0013511302904335686,-0.00028467939280034295,-0.0007753109898264981,-0.0004987326724898797,-0.00011571240985626787,0.0005919987563864503,-0.0022421536901163345,0.00109073142887633,-0.0021264412802600666,RIGHT,0.30406020737125944,0.22684339777607143,0.46909639485266913,6,0.11842767347551533,0.04500049775095454,0.10134693415750164,0.23343692263373794,0.23664400933987478,0.26514396264241585,Ben-LRJ(1-6)-4:9.csv_to_Yaniv-LRJ(6)-4:7.csv,LogisticRegression,True
lrj,Yaniv,Yaniv LRJ,Yaniv-LRJ(6)-4:7.csv,/Users/yanivnaggar/Desktop/Spring 2026/IS/OPENBCI_runs/Yaniv/Yaniv-LRJ(6)-4:7.csv,yaniv,RIGHT,6,5,False,-1,left_right,2,2->2,12,6,Yaniv::Yaniv-LRJ(6)-4:7.csv::trial_12,31542,33293,126.168,133.172,7.004,10,sliding,32667,32916,130.668,131.664,1.0,1.0,0.5,observed_count 5 vs expected_count 6,0.00965394946232431,0.20767498065475176,0.20789924562194215,1.138973923860962,0.04312889758995152,0.043222096330172634,0.007603580113497582,0.008321324245142507,0.003711328500862444,0.2113925676530897,0.21142514424308056,0.9387630249546963,0.04468681765896611,0.04470059161820743,0.0210413844385251,0.011148523195769793,0.00897344299513302,0.24979715061483657,0.2499582747869697,1.2832833882834351,0.06239861645529134,0.062479139134478244,0.006833752801700175,0.010491615271947757,0.0019930374941101088,0.1933601615169947,0.19337043274588597,0.8359987337570288,0.037388152061878274,0.03739212426033121,0.0051920759556836815,0.0076629162952477755,-0.01343780432502752,-0.0028271989506272865,0.0007698273117974072,-0.0021702910268052503,0.002411504157813901,0.0006584079498947312,0.014207631636824926,0.0006569079238220362,0.01584930848284142,0.0034856069005220177,0.0016416768460164937,0.0028286989766999815,RIGHT,0.0466470377122748,0.2699102010537294,0.6834427612339957,5,0.11486187182967249,0.06421397829366902,0.12141609382548499,0.1794984719572912,0.2663220923468362,0.25368749174704613,Ben-LRJ(1-6)-4:9.csv_to_Yaniv-LRJ(6)-4:7.csv,LogisticRegression,False
lrj,Yaniv,Yaniv LRJ,Yaniv-LRJ(6)-4:7.csv,/Users/yanivnaggar/Desktop/Spring 2026/IS/OPENBCI_runs/Yaniv/Yaniv-LRJ(6)-4:7.csv,yaniv,RIGHT,6,5,False,-1,left_right,2,2->2,12,6,Yaniv::Yaniv-LRJ(6)-4:7.csv::trial_12,31542,33293,126.168,133.172,7.004,11,sliding,32792,33041,131.168,132.164,1.0,1.0,0.5,observed_count 5 vs expected_count 6,0.007448059357492796,0.17089272048149903,0.17105494877892452,0.7692164004885984,0.02920432191356776,0.029259795501760496,0.0010701354822840235,0.005249549526642155,-0.010626160676558123,0.22123570171388293,0.22149074699309274,0.9854741265820792,0.048945235712834184,0.04905815100355822,0.005180564932673673,0.007314194004909364,0.00675913352579477,0.27649273917429595,0.27657534362651487,1.6477104153611242,0.07644823481610524,0.07649392070212477,0.01389568026723928,0.004597680089004466,-0.049143053713233964,0.20825472660598407,0.21397446315388888,1.1728543798466247,0.04337003115373317,0.04578507088199495,0.00876814624106254,0.004421913240799207,-0.00411042945038965,-0.002064644478267209,-0.012825544784955257,0.0006518694376376893,-0.007698010758778517,0.0008276362858429479,-0.008715115334565607,0.002716513915904898,-0.0035875813083888677,0.0028922807641101568,0.005127534026176739,0.00017576684820525858,RIGHT,0.25893208716095567,0.038757602017557555,0.7023103108214868,6,0.1364703924624366,0.0945769608215088,0.1622490651397948,0.13775633436029863,0.20053192294354993,0.2684153242724112,Ben-LRJ(1-6)-4:9.csv_to_Yaniv-LRJ(6)-4:7.csv,LogisticRegression,True
lrj,Yaniv,Yaniv LRJ,Yaniv-LRJ(6)-4:7.csv,/Users/yanivnaggar/Desktop/Spring 2026/IS/OPENBCI_runs/Yaniv/Yaniv-LRJ(6)-4:7.csv,yaniv,RIGHT,6,5,False,-1,left_right,2,2->2,12,6,Yaniv::Yaniv-LRJ(6)-4:7.csv::trial_12,31542,33293,126.168,133.172,7.004,12,sliding,32917,33166,131.668,132.664,1.0,1.0,0.5,observed_count 5 vs expected_count 6,0.01790646200641643,0.1968512069033674,0.19766395483471336,0.9531399742834511,0.03875039765931237,0.039071039040899605,0.006435748451473048,0.005624780313410594,-0.003183842782438653,0.24720928236246456,0.2472297840896764,1.1531729199254726,0.06111242928616473,0.06112256614102802,0.011587379447076256,0.006044046577889851,0.010017487413164076,0.27504352464972687,0.2752258899628046,1.5620117120485635,0.07564894045174492,0.07574929050581783,0.026412196766076597,0.009937298757511927,0.0034695173329235373,0.22404155663532255,0.22406841957335685,1.4698254597291829,0.05019461909957844,0.05020665665010189,0.01749069490241196,0.015055377743267494,-0.005151630995603208,-0.0004192662644792577,-0.01997644831460355,-0.004312518444101333,-0.01105494645093891,-0.0094305974298569,-0.01482481731900034,-0.0038932521796220757,-0.005903315455335702,-0.009011331165377643,0.008921501863664638,-0.005118078985755567,RIGHT,0.05160052186192207,0.07167718933570223,0.8767222888023758,5,0.10943379272477533,0.08472501344550942,0.17975950062632065,0.16754657190395966,0.25744095688547114,0.20109416441396383,Ben-LRJ(1-6)-4:9.csv_to_Yaniv-LRJ(6)-4:7.csv,LogisticRegression,False
lrj,Yaniv,Yaniv LRJ,Yaniv-LRJ(6)-4:7.csv,/Users/yanivnaggar/Desktop/Spring 2026/IS/OPENBCI_runs/Yaniv/Yaniv-LRJ(6)-4:7.csv,yaniv,RIGHT,6,5,False,-1,left_right,2,2->2,12,6,Yaniv::Yaniv-LRJ(6)-4:7.csv::trial_12,31542,33293,126.168,133.172,7.004,13,sliding,33042,33291,132.168,133.164,1.0,1.0,0.5,observed_count 5 vs expected_count 6,-0.023350770870341334,0.19519318302542363,0.19658493635025984,0.9679500298675405,0.03810037869959653,0.038645637199835714,0.008398625515333,0.006223968285077932,-0.011830045658875929,0.25393135057148775,0.25420676777645185,1.1868252616755715,0.06448113080305981,0.06462108078335091,0.01382342486660372,0.0066008927956813564,-0.029340544920825905,0.19399218980707877,0.1961984640164053,1.0779377766775533,0.03763296970614568,0.038493837282396685,0.0045041374419703,0.005996938787536518,0.007236952482565938,0.2221911868262138,0.2223090123779879,1.2032121770382718,0.04936892350324145,0.04942129698447637,0.005420249185289751,0.010134853033560983,-0.00542479935127072,-0.00037692451060342483,0.0038944880733627002,0.00022702949754141357,0.0029783763300432493,-0.0039108847484830515,0.009319287424633421,0.0006039540081448384,0.00840317568131397,-0.0035339602378796266,-0.000916111743319451,-0.004137914246024465,RIGHT,0.04863514133238531,0.286181423623867,0.6651834350437477,6,0.14791409314866166,0.05241445288973331,0.1178026617998179,0.20646796827614328,0.23347687686781307,0.24192394701783085,Ben-LRJ(1-6)-4:9.csv_to_Yaniv-LRJ(6)-4:7.csv,LogisticRegression,True
lrj,Yaniv,Yaniv LRJ,Yaniv-LRJ(6)-4:7.csv,/Users/yanivnaggar/Desktop/Spring 2026/IS/OPENBCI_runs/Yaniv/Yaniv-LRJ(6)-4:7.csv,yaniv,JAW,1,1,True,0,jaw,3,3->3,13,1,Yaniv::Yaniv-LRJ(6)-4:7.csv::trial_13,34461,34855,137.844,139.42,1.576,1,sliding,34461,34710,137.844,138.84,1.0,1.0,0.5,,0.00014486101336490088,1.7590597258173166,1.7590597317820695,12.931990455877578,3.0942911189924933,3.0942911399772064,0.0010451937991326403,0.7641946931485384,0.0003726643455886798,1.5356628919666797,1.5356629371845179,9.765856627770972,2.358260517763466,2.35826065664218,0.001628729933727278,0.4860334660687693,-0.00017652627286786427,0.8681252634575254,0.8681252814051222,6.0012829695504,0.753641473053198,0.7536415042147228,0.00018672173418930933,0.18657344362874173,0.00019130199267708648,0.8095331955478604,0.8095332181512892,5.796407775161466,0.6553439946939303,0.6553440312903828,0.0003290492054493296,0.11686978128274043,-0.0005835361345946377,0.2781612270797691,0.000858472064943331,0.5776212495197967,0.0007161445936833108,0.647324911865798,0.0014420081995379687,0.29946002244002756,0.0012996807282779485,0.36916368478602885,-0.00014232747126002025,0.0697036623460013,JAW,0.9989303438279734,0.0010696561718205471,2.0615058376157655e-13,1,0.43683841762912634,0.3428832040858991,0.07805121810425752,0.06589114987622649,0.0002696962673436407,0.07606631403714684,Ben-LRJ(1-6)-4:9.csv_to_Yaniv-LRJ(6)-4:7.csv,LogisticRegression,True
lrj,Yaniv,Yaniv LRJ,Yaniv-LRJ(6)-4:7.csv,/Users/yanivnaggar/Desktop/Spring 2026/IS/OPENBCI_runs/Yaniv/Yaniv-LRJ(6)-4:7.csv,yaniv,JAW,1,1,True,0,jaw,3,3->3,13,1,Yaniv::Yaniv-LRJ(6)-4:7.csv::trial_13,34461,34855,137.844,139.42,1.576,2,sliding,34586,34835,138.344,139.34,1.0,1.0,0.5,,-0.0035614016025657543,1.7098944982513535,1.7098982071256823,12.931990455877578,2.923739195150248,2.923751878731623,5.91859176499432e-05,0.03787950245849365,-0.00805230096259958,1.4779636908851645,1.4779856261566588,9.765856627770972,2.1843766715748982,2.1844415111256907,3.3941284669908386e-05,0.09917612808265483,-0.0023015781585250215,0.8508115866780499,0.8508146997364587,6.0012829695504,0.7238803560256208,0.7238856532876404,1.8008669030506902e-05,0.018665906412048787,-0.0020938917225263244,0.7918287392064668,0.7918315077185603,5.796407775161466,0.6269927522333029,0.6269971366158484,1.052270103961356e-05,0.008023491071156866,2.5244632980034813e-05,-0.06129662562416118,4.117724861943629e-05,0.01921359604644486,4.866321661032964e-05,0.029856011387336782,1.5932615639401484e-05,0.08051022167060604,2.3418583630294827e-05,0.09115263701149796,7.485967990893342e-06,0.010642415340891921,JAW,0.9999543069241273,4.569224401117188e-05,8.318614829076422e-10,1,0.5204945678688552,0.03987594751522256,0.10969509869938604,0.2510673007938976,0.008685418859837868,0.07018166626280074,Ben-LRJ(1-6)-4:9.csv_to_Yaniv-LRJ(6)-4:7.csv,LogisticRegression,True
lrj,Yaniv,Yaniv LRJ,Yaniv-LRJ(6)-4:7.csv,/Users/yanivnaggar/Desktop/Spring 2026/IS/OPENBCI_runs/Yaniv/Yaniv-LRJ(6)-4:7.csv,yaniv,JAW,2,2,True,0,jaw,3,3->3,14,2,Yaniv::Yaniv-LRJ(6)-4:7.csv::trial_14,35866,36383,143.464,145.532,2.068,1,sliding,35866,36115,143.464,144.46,1.0,1.0,0.5,,-0.00015092619739151834,2.0063706219420214,2.0063706276186193,13.925343684669416,4.025523072592014,4.0255230953707315,0.0003014897294941616,0.13822058090346126,0.00012630793166754816,1.4265687401029032,1.4265687456945348,8.87130491305123,2.0350983702387846,2.0350983861924785,0.00019398300428848927,0.12715851998193323,0.0015863279165497046,0.8530814008224147,0.8530828757309528,6.546661369928007,0.7277478764291333,0.7277503928653921,0.00018225336427156322,0.038205604038441,0.0010951773263890186,0.8210587625231454,0.8210594929293583,5.900311007745399,0.6741374915160389,0.674138690929415,0.0001412415842581005,0.034926387946717374,0.00010750672520567231,0.011062060921528033,0.00011923636522259836,0.10001497686502026,0.0001602481452360611,0.10329419295674389,1.1729640016926049e-05,0.08895291594349222,5.274142003038878e-05,0.09223213203521585,4.101178001346273e-05,0.003279216091723623,JAW,0.9999931472930382,6.852704531331015e-06,2.4304544576286192e-12,1,0.6074999134538829,0.011760503156272998,0.046191053451837355,0.2881982352175632,0.0011909603976774277,0.045159334322766184,Ben-LRJ(1-6)-4:9.csv_to_Yaniv-LRJ(6)-4:7.csv,LogisticRegression,False
lrj,Yaniv,Yaniv LRJ,Yaniv-LRJ(6)-4:7.csv,/Users/yanivnaggar/Desktop/Spring 2026/IS/OPENBCI_runs/Yaniv/Yaniv-LRJ(6)-4:7.csv,yaniv,JAW,2,2,True,0,jaw,3,3->3,14,2,Yaniv::Yaniv-LRJ(6)-4:7.csv::trial_14,35866,36383,143.464,145.532,2.068,2,sliding,35991,36240,143.964,144.96,1.0,1.0,0.5,,-0.002085682176650348,2.257211180184636,2.2572121437783954,22.673296555483187,5.095002311950518,5.09500666202066,0.00024080137413150628,0.49483463867894395,-0.005708479616241826,1.4045306376603504,1.4045422381922588,11.14848542183822,1.9727063121265904,1.9727388988661196,0.00014775313036662036,0.19841695521781816,-0.005143111997208277,1.0862934210445736,1.0863055961403028,9.80433126022728,1.1800333966047232,1.1800598482057387,0.00011021199400701169,0.14430764980468153,-0.003675551038246724,0.8962391321605778,0.8962466689987642,7.310200085008432,0.8032445820159457,0.8032580916913804,5.332451336922196e-05,0.10007643089676299,9.304824376488592e-05,0.2964176834611258,0.0001305893801244946,0.3505269888742624,0.00018747686076228432,0.39475820778218096,3.7541136359608675e-05,0.05410930541313663,9.44286169973984e-05,0.09834052432105517,5.6887480637789726e-05,0.044231218907918535,JAW,0.9999999296322776,7.036772252010557e-08,1.6074830421500792e-17,1,0.9220181324975963,0.0009832407357866803,0.012970040981430375,0.052248345736403794,3.096446626148208e-05,0.011749275582521342,Ben-LRJ(1-6)-4:9.csv_to_Yaniv-LRJ(6)-4:7.csv,LogisticRegression,False
lrj,Yaniv,Yaniv LRJ,Yaniv-LRJ(6)-4:7.csv,/Users/yanivnaggar/Desktop/Spring 2026/IS/OPENBCI_runs/Yaniv/Yaniv-LRJ(6)-4:7.csv,yaniv,JAW,2,2,True,0,jaw,3,3->3,14,2,Yaniv::Yaniv-LRJ(6)-4:7.csv::trial_14,35866,36383,143.464,145.532,2.068,3,sliding,36116,36365,144.464,145.46,1.0,1.0,0.5,,0.002049718837796304,2.1720387351303803,2.172039702273901,22.673296555483187,4.717752266906782,4.717756468254097,0.00011910540732876676,0.10658397984073001,0.0014860277962098615,1.3420037772185105,1.342004599972504,11.14848542183822,1.8009741380687494,1.8009763463473607,6.814801913363196e-05,0.045569826795049784,-0.0003221604186059892,1.061285624987786,1.06128567388477,9.80433126022728,1.1263271778057153,1.1263272815930503,4.6883004352879485e-05,0.02530663242075561,0.0001545860054834467,0.8689411979064775,0.8689412116570241,7.310200085008432,0.755058805419144,0.7550588293159771,3.336806843009851e-05,0.01437932769505294,5.0957388195134803e-05,0.061014153045680225,7.222240297588728e-05,0.0812773474199744,8.573733889866825e-05,0.09220465214567707,2.1265014780752476e-05,0.020263194374294174,3.477995070353345e-05,0.031190499099996844,1.3514935922780973e-05,0.01092730472570267,JAW,0.9999999719785014,2.8021494083689253e-08,4.51614703614838e-15,1,0.868153047314257,0.00046915881725872154,0.019587721777215517,0.0989957063926594,0.0003104461369267156,0.012483919561682525,Ben-LRJ(1-6)-4:9.csv_to_Yaniv-LRJ(6)-4:7.csv,LogisticRegression,False
lrj,Yaniv,Yaniv LRJ,Yaniv-LRJ(6)-4:7.csv,/Users/yanivnaggar/Desktop/Spring 2026/IS/OPENBCI_runs/Yaniv/Yaniv-LRJ(6)-4:7.csv,yaniv,JAW,3,2,False,-1,jaw,3,3->3,15,3,Yaniv::Yaniv-LRJ(6)-4:7.csv::trial_15,37259,37972,149.036,151.888,2.852,1,sliding,37259,37508,149.036,150.032,1.0,1.0,0.5,observed_count 2 vs expected_count 3,0.0001368241670513295,1.4092544117514472,1.4092544183935596,12.720774469345903,1.9859979970409174,1.9859980157617698,0.00016023122304247654,0.06151300599513025,-1.9470800789862963e-05,1.0698468360587037,1.0698468362358842,8.156397048274487,1.144572252624819,1.1445722530039308,7.683964478627437e-05,0.04656959333406125,0.0006712861670731604,0.6770847375194531,0.6770850702879991,6.56735191581027,0.45844374178178665,0.45844419240690476,7.262705728682242e-05,0.020661915875994558,0.00046933846004534185,0.6178052319158012,0.6178054101908843,5.397894177753008,0.3816833045825368,0.38168352486112683,6.0366676194529214e-05,0.017365676457788765,8.339157825620217e-05,0.014943412661069001,8.760416575565413e-05,0.040851090119135694,9.986454684794733e-05,0.04414732953734149,4.212587499451953e-06,0.025907677458066693,1.6472968591745154e-05,0.029203916876272485,1.2260381092293201e-05,0.0032962394182057923,JAW,0.9996914540601755,0.0003085094679860883,3.647183852385137e-08,1,0.31861329686799655,0.08084661101497882,0.17346836251737435,0.2577555773668736,0.03945353555863096,0.12986261667414567,Ben-LRJ(1-6)-4:9.csv_to_Yaniv-LRJ(6)-4:7.csv,LogisticRegression,False
lrj,Yaniv,Yaniv LRJ,Yaniv-LRJ(6)-4:7.csv,/Users/yanivnaggar/Desktop/Spring 2026/IS/OPENBCI_runs/Yaniv/Yaniv-LRJ(6)-4:7.csv,yaniv,JAW,3,2,False,-1,jaw,3,3->3,15,3,Yaniv::Yaniv-LRJ(6)-4:7.csv::trial_15,37259,37972,149.036,151.888,2.852,2,sliding,37384,37633,149.536,150.532,1.0,1.0,0.5,observed_count 2 vs expected_count 3,-2.0982030625376067e-06,1.6061468460479158,1.6061468460492865,12.720774469345903,2.5797076910696672,2.5797076910740704,8.131223363317953e-05,0.0938256310378181,0.004751392962564413,1.2963851782418652,1.2963938853991395,9.253982939974057,1.6806145303651925,1.680637106100277,0.00010848572674117387,0.0387098784667296,0.0010050087998870626,0.7710319049882433,0.7710325599820589,6.56735191581027,0.5944901985097993,0.5944912085524872,6.475038618280011e-05,0.016469190123128582,-0.0016379544623549567,0.7180929450916977,0.7180948131586029,5.397894177753008,0.515657477790468,0.5156601606852889,8.94753792630543e-05,0.014759674937121065,-2.7173493107994343e-05,0.0551157525710885,1.6561847450379422e-05,0.07735644091468952,-8.163145629874773e-06,0.07906595610069704,4.3735340558373765e-05,0.02224068834360102,1.901034747811957e-05,0.023950203529608537,-2.4724993080254195e-05,0.0017095151860075167,JAW,0.9998711846951027,0.00012881308292851041,2.221968782756362e-09,1,0.4174522321249773,0.06718951043772457,0.1326936296824327,0.2675681681667,0.014228845314822174,0.10086761427334347,Ben-LRJ(1-6)-4:9.csv_to_Yaniv-LRJ(6)-4:7.csv,LogisticRegression,False
lrj,Yaniv,Yaniv LRJ,Yaniv-LRJ(6)-4:7.csv,/Users/yanivnaggar/Desktop/Spring 2026/IS/OPENBCI_runs/Yaniv/Yaniv-LRJ(6)-4:7.csv,yaniv,JAW,3,2,False,-1,jaw,3,3->3,15,3,Yaniv::Yaniv-LRJ(6)-4:7.csv::trial_15,37259,37972,149.036,151.888,2.852,3,sliding,37509,37758,150.036,151.032,1.0,1.0,0.5,observed_count 2 vs expected_count 3,-0.00027182249172346665,1.4701419298501748,1.47014195497954,12.231380655809708,2.1613172939035965,2.1613173677910638,0.000473701903220581,0.4723507803949688,0.0009242188794773571,1.0256104937259831,1.025610910151307,9.518938808030837,1.0518768848408548,1.0518777390213923,0.00036345492888274235,0.1415592787602873,-0.00024016425798772367,0.7032337267259213,0.7032337677356647,6.550400072268134,0.4945376744048278,0.4945377320836988,0.00016049825311927933,0.06764462228571591,0.00041673195131605414,0.586930677348368,0.5869308252921577,5.037224569099129,0.3444876200126141,0.34448779367813337,0.000174732575001068,0.04289813794831688,0.00011024697433783864,0.3307915016346815,0.00031320365010130164,0.4047061581092529,0.000298969328219513,0.42945264244665193,0.00020295667576346302,0.07391465647457138,0.00018872235388167434,0.09866114081197042,-1.4234321881788679e-05,0.02474648433739903,JAW,0.9980301107209216,0.001969889028971521,2.501068464939443e-10,1,0.2854111981085274,0.26635159745276665,0.13223115523257814,0.14957178741797014,0.006273260290954721,0.16016100149720286,Ben-LRJ(1-6)-4:9.csv_to_Yaniv-LRJ(6)-4:7.csv,LogisticRegression,False
lrj,Yaniv,Yaniv LRJ,Yaniv-LRJ(6)-4:7.csv,/Users/yanivnaggar/Desktop/Spring 2026/IS/OPENBCI_runs/Yaniv/Yaniv-LRJ(6)-4:7.csv,yaniv,JAW,3,2,False,-1,jaw,3,3->3,15,3,Yaniv::Yaniv-LRJ(6)-4:7.csv::trial_15,37259,37972,149.036,151.888,2.852,4,sliding,37634,37883,150.536,151.532,1.0,1.0,0.5,observed_count 2 vs expected_count 3,-0.003998537618272211,2.05011582428429,2.0501197236463873,15.89876139283162,4.202974892980854,4.202990881283939,0.00019830652722682373,0.3059162797224727,-0.008000125183495127,1.3742259379815267,1.37424922434912,10.87760732182348,1.888496928621207,1.8885609306241582,0.0002559265370521499,0.21199252624552858,-0.0022145747857351427,0.9232740459586252,0.9232767019059297,6.852939417378357,0.8524349639408094,0.852439868282291,0.00011002818037630582,0.07869428214793098,-5.2345402661508885e-06,0.7644409883048877,0.7644409883228097,5.303023959195157,0.5843700246005535,0.5843700246279541,0.00010454720141797762,0.06943868705404689,-5.762000982532616e-05,0.09392375347694412,8.827834685051791e-05,0.22722199757454173,9.375932580884611e-05,0.23647759266842583,0.00014589835667584407,0.1332982440975976,0.00015137933563417227,0.14255383919148168,5.480978958328201e-06,0.009255595093884086,JAW,0.9999955035744817,4.496425449086834e-06,6.937695812657526e-14,1,0.6973858633114701,0.008225834848688907,0.03625205419333501,0.21050223600643655,0.0005777301461477297,0.0470562814939217,Ben-LRJ(1-6)-4:9.csv_to_Yaniv-LRJ(6)-4:7.csv,LogisticRegression,False
lrj,Yaniv,Yaniv LRJ,Yaniv-LRJ(6)-4:7.csv,/Users/yanivnaggar/Desktop/Spring 2026/IS/OPENBCI_runs/Yaniv/Yaniv-LRJ(6)-4:7.csv,yaniv,JAW,4,4,True,0,jaw,3,3->3,16,4,Yaniv::Yaniv-LRJ(6)-4:7.csv::trial_16,39001,40042,156.004,160.168,4.164,1,sliding,39001,39250,156.004,157.0,1.0,1.0,0.5,,0.012302862629400092,1.4608571656272726,1.4609089700571445,14.997272742194962,2.1341036583645487,2.134255018793427,8.178974360050708e-05,0.038565455675593385,0.007208292707923475,1.2347259208258532,1.234746961544354,12.46676176320997,1.5245480995592513,1.5246000590430144,9.902261456396144e-05,0.03887717419017481,0.003960813165462535,0.8064877591722517,0.8064974852630425,7.621534905675378,0.6504225056946799,0.6504381937356115,0.00010980594256154084,0.011379288272627006,0.003382361266589475,0.79225851520063,0.7922657352654124,7.385165877013186,0.6276735549079068,0.6276849952756446,8.723503388753938e-05,0.011306738261074423,-1.7232870963454353e-05,-0.00031171851458142164,-2.8016198961033762e-05,0.02718616740296638,-5.445290287032299e-06,0.027258717414518963,-1.0783327997579409e-05,0.0274978859175478,1.1787580676422054e-05,0.027570435929100384,2.2570908674001463e-05,7.25500115525829e-05,JAW,0.9999495051550311,5.048741917312036e-05,7.425795885779864e-09,1,0.5523869163957535,0.06153998563336889,0.21139837169404957,0.09879583491103645,0.018151946299134365,0.057726945066657306,Ben-LRJ(1-6)-4:9.csv_to_Yaniv-LRJ(6)-4:7.csv,LogisticRegression,False
lrj,Yaniv,Yaniv LRJ,Yaniv-LRJ(6)-4:7.csv,/Users/yanivnaggar/Desktop/Spring 2026/IS/OPENBCI_runs/Yaniv/Yaniv-LRJ(6)-4:7.csv,yaniv,JAW,4,4,True,0,jaw,3,3->3,16,4,Yaniv::Yaniv-LRJ(6)-4:7.csv::trial_16,39001,40042,156.004,160.168,4.164,2,sliding,39126,39375,156.504,157.5,1.0,1.0,0.5,,-0.00039171904799332856,1.8636386372689777,1.863638678436779,14.997272742194962,3.473148970321772,3.4731491237655847,0.00020508131941239326,1.0666027131282343,-0.0025073370318932186,1.4737512534808574,1.4737533863830101,12.46676176320997,2.1719427571363985,2.1719490438753897,0.00015815365308144864,0.7301777591642646,-0.0008080096294570805,0.9733252149990675,0.9733255503851433,7.621534905675378,0.947361974152981,0.9473626270325423,6.177287329878103e-05,0.3321863241007431,-0.0011602931268446391,0.9522770652133945,0.9522777720873127,7.385165877013186,0.9068316089314357,0.9068329552115759,8.536038702565332e-05,0.2732669033252506,4.6927666330944624e-05,0.33642495396396965,0.00014330844611361223,0.7344163890274912,0.00011972093238673994,0.7933358098029837,9.63807797826676e-05,0.3979914350635215,7.279326605579532e-05,0.45691085583901403,-2.3587513726872284e-05,0.058919420775492504,JAW,0.9996371885561377,0.00036281144386175556,3.571929468596571e-16,1,0.5173523736157154,0.38438163557615806,0.052547092407438656,0.01529145187054619,1.693991979190031e-05,0.030410506610349705,Ben-LRJ(1-6)-4:9.csv_to_Yaniv-LRJ(6)-4:7.csv,LogisticRegression,False
lrj,Yaniv,Yaniv LRJ,Yaniv-LRJ(6)-4:7.csv,/Users/yanivnaggar/Desktop/Spring 2026/IS/OPENBCI_runs/Yaniv/Yaniv-LRJ(6)-4:7.csv,yaniv,JAW,4,4,True,0,jaw,3,3->3,16,4,Yaniv::Yaniv-LRJ(6)-4:7.csv::trial_16,39001,40042,156.004,160.168,4.164,3,sliding,39251,39500,157.004,158.0,1.0,1.0,0.5,,-0.009744299339200794,1.944274108914097,1.9442985269662985,15.362128492452307,3.7802018105937054,3.7802967619633177,0.00021928365628634132,0.20582695785605723,-0.003470454483459296,1.4161047518705232,1.4161090043935876,11.368365559534002,2.005352668270276,2.0053647123245977,0.00036565513116194534,0.1681179309728186,-0.003401263392924082,1.0102067326353443,1.0102124584731897,8.915406764469154,1.020517642661778,1.020529211254446,0.00014352690165024922,0.07849064249736123,-0.0030344065050153797,0.8898505968750212,0.8898557705503005,8.35748477843919,0.7918340847588314,0.7918432923816692,0.00021369479567986195,0.06982049338429062,-0.00014637147487560402,0.03770902688323863,7.57567546360921e-05,0.127336315358696,5.588860606479365e-06,0.13600646447176662,0.00022212822951169612,0.08962728847545737,0.00015196033548208339,0.09829743758852798,-7.016789402961273e-05,0.00867014911307061,JAW,0.99999529941317,4.700585808349929e-06,1.0216752865427606e-12,1,0.7975730047812292,0.014896830572450797,0.05269316009024992,0.10775295818863465,0.0006562704332872016,0.026427775934148186,Ben-LRJ(1-6)-4:9.csv_to_Yaniv-LRJ(6)-4:7.csv,LogisticRegression,False
lrj,Yaniv,Yaniv LRJ,Yaniv-LRJ(6)-4:7.csv,/Users/yanivnaggar/Desktop/Spring 2026/IS/OPENBCI_runs/Yaniv/Yaniv-LRJ(6)-4:7.csv,yaniv,JAW,4,4,True,0,jaw,3,3->3,16,4,Yaniv::Yaniv-LRJ(6)-4:7.csv::trial_16,39001,40042,156.004,160.168,4.164,4,sliding,39376,39625,157.504,158.5,1.0,1.0,0.5,,0.0018597577818070111,1.5810007348683424,1.5810018287001586,15.362128492452307,2.4995633236542387,2.499566782353246,0.0003031983794417797,0.1103797494449916,0.0020388152813778267,1.1992883123814262,1.1992900453945412,10.950840822250548,1.4382924562146893,1.4382966129824408,0.00022132088728020547,0.1105993123579065,0.0025487937286498737,0.8543767975326736,0.8543805993300986,8.915406764469154,0.7299597121621871,0.7299662085116585,0.0007521150788481969,0.04073589469053311,0.0025472074189987776,0.7204163441535657,0.720420847275552,8.35748477843919,0.5189997089235888,0.5190061971892242,0.0007566126307788233,0.03404396669179905,8.187749216157425e-05,-0.00021956291291490293,-0.00044891669940641716,0.06964385475445849,-0.0004534142513370436,0.07633578275319255,-0.0005307941915679914,0.06986341766737339,-0.0005352917434986178,0.07655534566610744,-4.497551930626427e-06,0.006691927998734061,JAW,0.9999671733756255,3.282612332592523e-05,5.010484933306378e-10,1,0.6075084633740009,0.04433931485104699,0.15069968272395773,0.12640009094485652,0.010356223153605907,0.060696224952531866,Ben-LRJ(1-6)-4:9.csv_to_Yaniv-LRJ(6)-4:7.csv,LogisticRegression,False
lrj,Yaniv,Yaniv LRJ,Yaniv-LRJ(6)-4:7.csv,/Users/yanivnaggar/Desktop/Spring 2026/IS/OPENBCI_runs/Yaniv/Yaniv-LRJ(6)-4:7.csv,yaniv,JAW,4,4,True,0,jaw,3,3->3,16,4,Yaniv::Yaniv-LRJ(6)-4:7.csv::trial_16,39001,40042,156.004,160.168,4.164,5,sliding,39501,39750,158.004,159.0,1.0,1.0,0.5,,-0.0032926590601026406,1.3455791336150296,1.3455831622102958,11.851989252611538,1.8105832048201735,1.8105940464238595,9.48705440987781e-05,0.14134011880005895,-0.0024529396546106525,1.1592545467288646,1.1592571418906568,8.839551929648223,1.3438711041115454,1.3438771210244944,0.00019907469144643698,0.030172062604718882,-0.0007170305987488535,0.7344421568192296,0.7344425068350561,7.078864939834341,0.5394052817132818,0.5394057958461614,0.0004103558097245789,0.03903651258164098,-0.00041663522238679686,0.6288548746045936,0.6288550126212461,6.156344163822672,0.3954584533139591,0.3954586268988676,0.00035517343788759914,0.03690125839319627,-0.00010420414734765889,0.11116805619534006,-0.00031548526562580077,0.10230360621841797,-0.0002603028937888211,0.10443886040686268,-0.0002112811182781419,-0.008864449976922099,-0.00015609874644116216,-0.006729195788477391,5.5182371836979746e-05,0.0021352541884447074,JAW,0.9992909494916451,0.0007090079042409719,4.2604113977683156e-08,1,0.3375225314548128,0.14420646539944773,0.1842605231644886,0.17956003764331366,0.02977252429866175,0.1246779180392754,Ben-LRJ(1-6)-4:9.csv_to_Yaniv-LRJ(6)-4:7.csv,LogisticRegression,False
lrj,Yaniv,Yaniv LRJ,Yaniv-LRJ(6)-4:7.csv,/Users/yanivnaggar/Desktop/Spring 2026/IS/OPENBCI_runs/Yaniv/Yaniv-LRJ(6)-4:7.csv,yaniv,JAW,4,4,True,0,jaw,3,3->3,16,4,Yaniv::Yaniv-LRJ(6)-4:7.csv::trial_16,39001,40042,156.004,160.168,4.164,6,sliding,39626,39875,158.504,159.5,1.0,1.0,0.5,,-0.0015953245024558312,1.534054502037062,1.5340553315576486,12.263289431616041,2.353323215220178,2.353325760280447,8.505964506315528e-05,0.019872119294181857,-0.008667845288781216,1.2541282039700061,1.254158157305124,8.839551929648223,1.5728375519930335,1.572912683534984,0.00011271230212329147,0.011963421770812695,-0.0019911629234084633,0.8196488008563052,0.8196512194067467,7.078864939834341,0.6718241567451791,0.6718281214749668,4.901877293108079e-05,0.010768876099360555,-0.0026382126956544065,0.7086577463391678,0.7086626571315409,6.156344163822672,0.5021958014465083,0.5022027616127359,5.69316415149137e-05,0.01131993616514549,-2.7652657060136198e-05,0.007908697523369162,3.6040872132074486e-05,0.009103243194821302,2.8128003548241574e-05,0.008552183129036366,6.369352919221068e-05,0.0011945456714521404,5.578066060837777e-05,0.0006434856056672048,-7.912868583832911e-06,-0.0005510600657849356,JAW,0.9998511073422689,0.00014887853159115683,1.4126140001488091e-08,1,0.4034160278942287,0.07251259205139919,0.1485018900552908,0.25669121391125915,0.022516421265378787,0.09636185482244344,Ben-LRJ(1-6)-4:9.csv_to_Yaniv-LRJ(6)-4:7.csv,LogisticRegression,False
lrj,Yaniv,Yaniv LRJ,Yaniv-LRJ(6)-4:7.csv,/Users/yanivnaggar/Desktop/Spring 2026/IS/OPENBCI_runs/Yaniv/Yaniv-LRJ(6)-4:7.csv,yaniv,JAW,4,4,True,0,jaw,3,3->3,16,4,Yaniv::Yaniv-LRJ(6)-4:7.csv::trial_16,39001,40042,156.004,160.168,4.164,7,sliding,39751,40000,159.004,160.0,1.0,1.0,0.5,,0.0008437556866695377,1.3981893314393936,1.398189586027087,11.00555294397134,1.9549334065509383,1.954934118474597,4.3648639608920027e-05,0.11210433468395864,0.0006208899967471939,1.0400405912285478,1.0400407765599458,8.778602206661038,1.0816844314030272,1.0816848169074151,9.337922314755312e-05,0.08195298932169462,0.00015202124712871011,0.6983088429461238,0.6983088594935724,5.9737450753226815,0.4876352401367542,0.48763526324721373,2.9538692780901728e-05,0.030269018809458464,0.000320409217732762,0.6446080720880845,0.6446081517194643,4.814938595338182,0.4155195666011171,0.4155196692631839,4.541239943345396e-05,0.0235427003913212,-4.973058353863309e-05,0.03015134536226402,1.4109946828018299e-05,0.08183531587450017,-1.7637598245339356e-06,0.08856163429263744,6.384053036665139e-05,0.05168397051223615,4.7966823714099155e-05,0.05841028893037342,-1.5873706652552234e-05,0.006726318418137263,JAW,0.9991715272732444,0.0008284216639859551,5.1062769682966114e-08,1,0.28211006712124487,0.141842422996062,0.17305975794164816,0.23992379112382048,0.028581951217251076,0.13448200959997342,Ben-LRJ(1-6)-4:9.csv_to_Yaniv-LRJ(6)-4:7.csv,LogisticRegression,False
lrj,Yaniv,Yaniv LRJ,Yaniv-LRJ(6)-4:7.csv,/Users/yanivnaggar/Desktop/Spring 2026/IS/OPENBCI_runs/Yaniv/Yaniv-LRJ(6)-4:7.csv,yaniv,JAW,5,5,True,0,jaw,3,3->3,17,5,Yaniv::Yaniv-LRJ(6)-4:7.csv::trial_17,40933,42164,163.732,168.656,4.924,1,sliding,40933,41182,163.732,164.728,1.0,1.0,0.5,,0.0003888783599625327,1.4135749956606751,1.413575049151426,13.192267156110667,1.998194268357078,1.9981944195834567,0.00025812795876019063,0.12038657445844604,0.0005062252233163278,1.1271694999357729,1.1271696136116502,9.369438424438766,1.2705110815854601,1.270511337849437,0.00024536877132884643,0.17162003656933297,-3.7318140874331718e-06,0.7756710680183017,0.7756710680272787,6.5395398403197245,0.6016656057606528,0.6016656057745792,0.000387647869916789,0.04053819822537935,0.0003789591895551725,0.694909351825019,0.6949094551550838,6.0600150070351235,0.4828990072538681,0.4828991508639355,0.00032159501977475176,0.03954448296625447,1.2759187431344199e-05,-0.05123346211088693,-0.0001295199111565984,0.07984837623306669,-6.346706101456113e-05,0.08084209149219157,-0.0001422790985879426,0.13108183834395362,-7.622624844590533e-05,0.1320755536030785,6.605285014203726e-05,0.0009937152591248805,JAW,0.999732470803056,0.00026751537037997443,1.3826564017008027e-08,1,0.40523360708288997,0.10658951240931468,0.19836496240035872,0.16573351880573156,0.022034366460596633,0.10204403284110836,Ben-LRJ(1-6)-4:9.csv_to_Yaniv-LRJ(6)-4:7.csv,LogisticRegression,False
lrj,Yaniv,Yaniv LRJ,Yaniv-LRJ(6)-4:7.csv,/Users/yanivnaggar/Desktop/Spring 2026/IS/OPENBCI_runs/Yaniv/Yaniv-LRJ(6)-4:7.csv,yaniv,JAW,5,5,True,0,jaw,3,3->3,17,5,Yaniv::Yaniv-LRJ(6)-4:7.csv::trial_17,40933,42164,163.732,168.656,4.924,2,sliding,41058,41307,164.232,165.228,1.0,1.0,0.5,,-0.005546304881418166,1.6609015175281943,1.660910777984566,13.483303853452082,2.7585938509274586,2.7586246124252964,0.00016689006474072108,0.06492867490630452,-0.007819077551852103,1.3339903163714522,1.334013231623498,9.487713521862808,1.7795301641728067,1.7795913021465686,0.00024414102469700325,0.07917973241044944,-0.0026230385468875694,0.901358299775288,0.901362116413274,7.150474091101597,0.8124467845737979,0.8124536649050165,2.0418144094547387e-05,0.01238716352249411,-0.003012475541639884,0.8037746204864261,0.8037802657113369,6.072943380176643,0.6460536405380983,0.6460627155469872,0.00013899292653720457,0.016387671962263966,-7.725095995628217e-05,-0.014251057504144918,0.0001464719206461737,0.05254151138381041,2.789713820351651e-05,0.048541002944040554,0.00022372288060245587,0.06679256888795533,0.00010514809815979868,0.06279206044818547,-0.00011857478244265718,-0.004000508439769856,JAW,0.9999457062675379,5.4292703716617816e-05,1.028745337043549e-09,1,0.5153026831415262,0.05181798247189056,0.12574829843140262,0.22635209188417843,0.00896335086363927,0.07181559320736297,Ben-LRJ(1-6)-4:9.csv_to_Yaniv-LRJ(6)-4:7.csv,LogisticRegression,False
lrj,Yaniv,Yaniv LRJ,Yaniv-LRJ(6)-4:7.csv,/Users/yanivnaggar/Desktop/Spring 2026/IS/OPENBCI_runs/Yaniv/Yaniv-LRJ(6)-4:7.csv,yaniv,JAW,5,5,True,0,jaw,3,3->3,17,5,Yaniv::Yaniv-LRJ(6)-4:7.csv::trial_17,40933,42164,163.732,168.656,4.924,3,sliding,41183,41432,164.732,165.728,1.0,1.0,0.5,,-0.000585250832337195,1.3460230131095838,1.3460231403431144,10.657472201172009,1.811777951820603,1.8117782943391396,0.0002754834444144027,0.15906181583111492,-0.00034983168670512656,1.1073542180428615,1.1073542733016957,8.788946841869464,1.226233364217317,1.2262334865995264,0.00014302973704698792,0.10330307334581414,-0.0001929973203075397,0.7063430272444629,0.7063430536112305,5.842393456350934,0.498920472136872,0.49892050938483773,0.0005710898256478737,0.03321876457775818,7.487340856257952e-05,0.6433992427429056,0.6433992470994753,5.2164859264314085,0.4139625855621444,0.4139625911681717,0.000330374368161079,0.03985927367347372,0.0001324537073674148,0.055758742485300786,-0.000295606381233471,0.12584305125335674,-5.4890923746676304e-05,0.1192025421576412,-0.0004280600886008858,0.07008430876805596,-0.0001873446311140911,0.06344379967234041,0.00024071545748679472,-0.006640509095715542,JAW,0.9985339965847327,0.0014659341489055148,6.926636174201982e-08,1,0.2809910839239425,0.19129467632989572,0.1802646469850085,0.18996677633682302,0.025607731207102028,0.13187508521722827,Ben-LRJ(1-6)-4:9.csv_to_Yaniv-LRJ(6)-4:7.csv,LogisticRegression,False
lrj,Yaniv,Yaniv LRJ,Yaniv-LRJ(6)-4:7.csv,/Users/yanivnaggar/Desktop/Spring 2026/IS/OPENBCI_runs/Yaniv/Yaniv-LRJ(6)-4:7.csv,yaniv,JAW,5,5,True,0,jaw,3,3->3,17,5,Yaniv::Yaniv-LRJ(6)-4:7.csv::trial_17,40933,42164,163.732,168.656,4.924,4,sliding,41308,41557,165.232,166.228,1.0,1.0,0.5,,0.006520383334304416,1.5250251408550788,1.5250390800365998,9.85629157611118,2.325701680240053,2.3257441956388787,0.0001270014073939201,0.039688416646197475,-0.0003147214848741271,1.4056004721147295,1.4056005073486433,9.923077953837947,1.9757126872091504,1.9757127862587636,6.283802431747896e-05,0.032259343807109216,0.0028960227918376586,0.7810800122149643,0.7810853810114101,5.690944666814068,0.6100859854817288,0.6100943724297396,0.00020533705684347507,0.007680611730367932,0.001972448447906716,0.742685124209864,0.7426877434531288,5.875276388362485,0.551581193722621,0.5515850842755006,3.244797493001988e-05,0.008689974204738986,6.416338307644114e-05,0.007429072839088259,-7.833564944955497e-05,0.032007804915829545,9.455343246390021e-05,0.03099844244145849,-0.0001424990325259961,0.024578732076741282,3.039004938745908e-05,0.02356936960237023,0.00017288908191345518,-0.0010093624743710535,JAW,0.9995230811715649,0.00047688099469132036,3.783374389286937e-08,1,0.3701566468329168,0.1347402515669302,0.15407982875672208,0.2281899477539062,0.018499878219935578,0.0943334468695892,Ben-LRJ(1-6)-4:9.csv_to_Yaniv-LRJ(6)-4:7.csv,LogisticRegression,False
lrj,Yaniv,Yaniv LRJ,Yaniv-LRJ(6)-4:7.csv,/Users/yanivnaggar/Desktop/Spring 2026/IS/OPENBCI_runs/Yaniv/Yaniv-LRJ(6)-4:7.csv,yaniv,JAW,5,5,True,0,jaw,3,3->3,17,5,Yaniv::Yaniv-LRJ(6)-4:7.csv::trial_17,40933,42164,163.732,168.656,4.924,5,sliding,41433,41682,165.732,166.728,1.0,1.0,0.5,,0.0008387557084151878,1.3014021648125824,1.30140243510223,9.85629157611118,1.6936475945788758,1.693648298090014,0.00018366298429547796,0.20956268376792725,0.000559334850248109,1.1869010789664691,1.1869012107615542,9.923077953837947,1.4087341712517687,1.4087344841072433,9.442876115782859e-05,0.31985191590987344,-4.181210899056964e-05,0.621730516825184,0.6217305182311407,5.690944666814068,0.3865488355517103,0.3865488372999628,6.262732197210589e-05,0.05340925483875696,-0.0002521186467501679,0.5878041105776656,0.5878041646465364,5.875276388362485,0.3455136724120005,0.3455137359758125,2.0598660807861967e-05,0.06891268508978003,8.923422313764937e-05,-0.11028923214194619,0.00012103566232337207,0.15615342892917028,0.000163064323487616,0.1406499986781472,3.1801439185722704e-05,0.26644266107111647,7.383010034996662e-05,0.2509392308200934,4.2028661164243916e-05,-0.015503430251023069,JAW,0.997645318813525,0.0023546220943256296,5.909214927985949e-08,1,0.3102147252435143,0.22147007347660858,0.18776950854071653,0.1312335995203768,0.022186009249231302,0.12712608396955266,Ben-LRJ(1-6)-4:9.csv_to_Yaniv-LRJ(6)-4:7.csv,LogisticRegression,False
lrj,Yaniv,Yaniv LRJ,Yaniv-LRJ(6)-4:7.csv,/Users/yanivnaggar/Desktop/Spring 2026/IS/OPENBCI_runs/Yaniv/Yaniv-LRJ(6)-4:7.csv,yaniv,JAW,5,5,True,0,jaw,3,3->3,17,5,Yaniv::Yaniv-LRJ(6)-4:7.csv::trial_17,40933,42164,163.732,168.656,4.924,6,sliding,41558,41807,166.232,167.228,1.0,1.0,0.5,,0.0008176754311276273,1.7064044218926848,1.7064046177996643,14.23720404430344,2.9118160510549083,2.911816719648019,4.417571209356023e-05,0.048041866863966096,0.009237501242656371,1.3988971789041549,1.3989276781074893,12.525255106768993,1.9569133171460031,1.956998648575211,0.00010816944343103636,0.06424592402274461,0.0010126856374161792,0.8521900610521452,0.8521906627558528,8.127732714133064,0.726227900156059,0.7262289256882595,3.4114945104603294e-05,0.025111912951136094,0.0023845213727094034,0.784212855978497,0.7842164812244945,7.531919903509536,0.6149898034819509,0.6149954894241279,2.054883300419486e-05,0.019955391051843522,-6.399373133747613e-05,-0.016204057158778512,1.0060766988956933e-05,0.022929953912830002,2.362687908936537e-05,0.028086475812122574,7.405449832643306e-05,0.039134011071608514,8.76206104268415e-05,0.04429053297090109,1.3566112100408436e-05,0.005156521899292572,JAW,0.999979695467359,2.030424506267518e-05,2.8757832721065584e-10,1,0.659084968156425,0.028331963914748966,0.1114366300367592,0.14538573924427262,0.006892939837025508,0.04886775881076862,Ben-LRJ(1-6)-4:9.csv_to_Yaniv-LRJ(6)-4:7.csv,LogisticRegression,False
lrj,Yaniv,Yaniv LRJ,Yaniv-LRJ(6)-4:7.csv,/Users/yanivnaggar/Desktop/Spring 2026/IS/OPENBCI_runs/Yaniv/Yaniv-LRJ(6)-4:7.csv,yaniv,JAW,5,5,True,0,jaw,3,3->3,17,5,Yaniv::Yaniv-LRJ(6)-4:7.csv::trial_17,40933,42164,163.732,168.656,4.924,7,sliding,41683,41932,166.732,167.728,1.0,1.0,0.5,,-0.0032539974375995085,1.6251718364342256,1.6251750940862704,14.23720404430344,2.6411834979389934,2.6411940864383174,3.4515028963932934e-05,0.24173023403605132,-0.0033818979085528983,1.3789126154634446,1.3789167626501977,12.525255106768993,1.9014000010842373,1.9014114383177014,2.831004893934151e-05,0.16395012995773228,-0.0014108945464984402,0.8273293759779013,0.8273305790186924,8.127732714133064,0.6844738963559837,0.684475886979405,0.00010306005595643695,0.05119019301781782,-0.0012914333635837087,0.7694903928438176,0.7694914765473788,7.531919903509536,0.5921154646789327,0.5921171324790653,6.886329430798733e-05,0.040703681778454875,6.204980024591424e-06,0.07778010407831903,-6.8545026992504e-05,0.1905400410182335,-3.43482653440544e-05,0.20102655225759644,-7.475000701709543e-05,0.11275993693991446,-4.055324536864582e-05,0.1232464481792774,3.4196761648449614e-05,0.010486511239362943,JAW,0.9999294742670072,7.052563185582067e-05,1.0113701826482838e-10,1,0.6313933779289799,0.07153930214425495,0.1332125071067471,0.09912819668000482,0.00443158805971965,0.060295028080293626,Ben-LRJ(1-6)-4:9.csv_to_Yaniv-LRJ(6)-4:7.csv,LogisticRegression,False
lrj,Yaniv,Yaniv LRJ,Yaniv-LRJ(6)-4:7.csv,/Users/yanivnaggar/Desktop/Spring 2026/IS/OPENBCI_runs/Yaniv/Yaniv-LRJ(6)-4:7.csv,yaniv,JAW,5,5,True,0,jaw,3,3->3,17,5,Yaniv::Yaniv-LRJ(6)-4:7.csv::trial_17,40933,42164,163.732,168.656,4.924,8,sliding,41808,42057,167.232,168.228,1.0,1.0,0.5,,-0.008026368643869361,2.0073887061995666,2.0074047525028873,20.66322300873277,4.02960941777757,4.029673840371178,8.05133327560556e-05,0.06251732250217866,-0.006898173441994789,1.229917518520218,1.2299368630786567,11.37328862742788,1.5126971023629308,1.5127446871597665,0.00011898868179533397,0.08887664316515365,-0.0051257188428221025,0.9100848842451509,0.910099318495056,8.680660546511227,0.8282544965315096,0.8282807695251654,6.993157934628817e-05,0.043160824060287574,-0.004282088246039275,0.7473883150184273,0.7474005818206398,7.151192586130361,0.5585892934260839,0.5586076297058309,6.182066370448171e-05,0.04739438397149093,-3.847534903927837e-05,-0.026359320662974986,1.0581753409767434e-05,0.019356498441891086,1.8692669051573885e-05,0.015122938530687732,4.90571024490458e-05,0.04571581910486607,5.7168018090852254e-05,0.04148225919366272,8.11091564180645e-06,-0.004233559911203354,JAW,0.9999997926755556,2.0732426238768302e-07,1.821723300322341e-13,1,0.7794718026277878,0.0013440891598623672,0.0369835297733061,0.1544015771078726,0.001600680257132721,0.026198321074038532,Ben-LRJ(1-6)-4:9.csv_to_Yaniv-LRJ(6)-4:7.csv,LogisticRegression,False
lrj,Yaniv,Yaniv LRJ,Yaniv-LRJ(6)-4:7.csv,/Users/yanivnaggar/Desktop/Spring 2026/IS/OPENBCI_runs/Yaniv/Yaniv-LRJ(6)-4:7.csv,yaniv,JAW,6,5,False,-1,jaw,3,3->3,18,6,Yaniv::Yaniv-LRJ(6)-4:7.csv::trial_18,42986,44334,171.944,177.336,5.392,1,sliding,42986,43235,171.944,172.94,1.0,1.0,0.5,observed_count 5 vs expected_count 6,-0.0013988181900896474,1.2857735966983357,1.2857743575989153,10.616513567241764,1.6532137419665747,1.6532156986589033,7.304664367009074e-05,0.11453321712732067,-0.0009965269747465593,1.2646752612362209,1.264675653853159,12.432078534464516,1.5994035163829032,1.5994045094489149,0.00010381513423605349,0.0970021937464857,-0.002005775404293883,0.7595223000270045,0.7595249484864098,7.361194851498707,0.5768741242383111,0.5768781473732835,7.32609370944881e-05,0.038427745054938955,-0.0012673267190106583,0.7131966769055708,0.7131978029033472,6.260824741836066,0.5086494999491491,0.5086511060661617,0.00027317205954971923,0.031126134020264463,-3.0768490565962744e-05,0.01753102338083498,-2.1429342439735044e-07,0.07610547207238172,-0.00020012541587962848,0.08340708310705622,3.0554197141565394e-05,0.05857444869154674,-0.00016935692531366576,0.06587605972622124,-0.00019991112245523114,0.007301611034674492,JAW,0.9989320110282409,0.0010678245310249113,1.6444073417264014e-07,1,0.3922956075445113,0.18479147476566415,0.21292715501646606,0.0992414146018199,0.023990819751542745,0.08675352831999596,Ben-LRJ(1-6)-4:9.csv_to_Yaniv-LRJ(6)-4:7.csv,LogisticRegression,False
lrj,Yaniv,Yaniv LRJ,Yaniv-LRJ(6)-4:7.csv,/Users/yanivnaggar/Desktop/Spring 2026/IS/OPENBCI_runs/Yaniv/Yaniv-LRJ(6)-4:7.csv,yaniv,JAW,6,5,False,-1,jaw,3,3->3,18,6,Yaniv::Yaniv-LRJ(6)-4:7.csv::trial_18,42986,44334,171.944,177.336,5.392,2,sliding,43111,43360,172.444,173.44,1.0,1.0,0.5,observed_count 5 vs expected_count 6,0.0030022372333969017,1.3227211354956285,1.322724542644934,10.616513567241764,1.749591202286845,1.7496002157152504,0.00031384772868730474,0.8199056584273046,0.0019365113988832588,1.2965496892421937,1.2965511354167358,12.432078534464516,1.681041096674029,1.681044846750427,0.00013455629233530327,0.5639588425223868,0.0005125504300272253,0.7760018576765987,0.7760020269467571,7.361194851498707,0.6021788831175321,0.6021791458254755,7.677208271025201e-05,0.25387552557429993,-4.75727093271594e-06,0.7251790167578015,0.7251790167734056,6.260824741836066,0.5258846063458117,0.5258846063684433,5.4903843327636354e-05,0.20857707545590726,0.00017929143635200148,0.25594681590491775,0.00023707564597705272,0.5660301328530046,0.00025894388535966837,0.6113285829713972,5.778420962505126e-05,0.3100833169480869,7.965244900766692e-05,0.35538176706647956,2.1868239382615653e-05,0.045298450118392675,JAW,0.9815040290051328,0.01849597094931469,4.555251776866917e-11,2,0.1410956941076843,0.7334673288807543,0.07171008313650527,0.011207739899247591,0.000382433395650232,0.04213672058015835,Ben-LRJ(1-6)-4:9.csv_to_Yaniv-LRJ(6)-4:7.csv,LogisticRegression,False
lrj,Yaniv,Yaniv LRJ,Yaniv-LRJ(6)-4:7.csv,/Users/yanivnaggar/Desktop/Spring 2026/IS/OPENBCI_runs/Yaniv/Yaniv-LRJ(6)-4:7.csv,yaniv,JAW,6,5,False,-1,jaw,3,3->3,18,6,Yaniv::Yaniv-LRJ(6)-4:7.csv::trial_18,42986,44334,171.944,177.336,5.392,3,sliding,43236,43485,172.944,173.94,1.0,1.0,0.5,observed_count 5 vs expected_count 6,0.002583457189599558,1.407228331518847,1.4072307029340885,12.491703022877068,1.9802915770293181,1.9802982512803686,8.239895822238406e-05,0.08628799293144818,0.0028633987606979934,1.142695331408905,1.1426989189966752,11.748044144009889,1.3057526204237073,1.3057608194761703,8.02710184918115e-05,0.06438104020576456,0.0034771055349611464,0.6751653579137032,0.6751743114112386,6.072582424956858,0.45584826052673894,0.4558603507896402,0.00011740720520557382,0.01921409463379746,0.002127852459237566,0.6256386769411638,0.625642295437879,5.547171922828797,0.39142375408468993,0.39142828184077827,3.767484523909678e-05,0.013477763355869646,2.1279397305725616e-06,0.021906952725683618,-3.500824698318976e-05,0.06707389829765072,4.472411298328728e-05,0.07281022957557853,-3.713618671376232e-05,0.0451669455719671,4.2596173252714716e-05,0.050903276849894916,7.973235996647704e-05,0.0057363312779278135,JAW,0.9996729494971939,0.00032702643026444827,2.4072541638508417e-08,1,0.3963479199357478,0.08391039897243004,0.18729095484413455,0.18289247212451842,0.033800038498568295,0.11575821562460077,Ben-LRJ(1-6)-4:9.csv_to_Yaniv-LRJ(6)-4:7.csv,LogisticRegression,False
lrj,Yaniv,Yaniv LRJ,Yaniv-LRJ(6)-4:7.csv,/Users/yanivnaggar/Desktop/Spring 2026/IS/OPENBCI_runs/Yaniv/Yaniv-LRJ(6)-4:7.csv,yaniv,JAW,6,5,False,-1,jaw,3,3->3,18,6,Yaniv::Yaniv-LRJ(6)-4:7.csv::trial_18,42986,44334,171.944,177.336,5.392,4,sliding,43361,43610,173.444,174.44,1.0,1.0,0.5,observed_count 5 vs expected_count 6,-8.449713633708545e-05,1.3877717311029516,1.3877717336753366,12.491703022877068,1.9259103776484832,1.925910384788249,0.00025197986072579077,0.1297300896539765,-0.003425423341638524,1.1272452268464235,1.1272504313474951,11.748044144009889,1.2706818014480445,1.270693534973114,9.869124160136521e-05,0.06091196811693779,-0.0004706338112302273,0.6614758807244263,0.6614760481501502,6.072582424956858,0.43755034078015553,0.43755056227633976,7.401584526786921e-05,0.03758862384205639,-0.0007206249458464536,0.6154111136359395,0.6154115355491313,5.547171922828797,0.3787308387866272,0.3787313580869397,3.229089285998933e-05,0.01939844131794803,0.00015328861912442557,0.06881812153703872,0.00017796401545792156,0.09214146581192012,0.00021968896786580145,0.11033164833602847,2.4675396333496e-05,0.023323344274881398,6.640034874137588e-05,0.04151352679898976,4.172495240787988e-05,0.01819018252410836,JAW,0.9995501965408903,0.0004497834800335755,1.9979076070038548e-08,1,0.3899368527599302,0.09842771021904816,0.18778764433893352,0.17049341523342623,0.03064102530991096,0.12271335213875105,Ben-LRJ(1-6)-4:9.csv_to_Yaniv-LRJ(6)-4:7.csv,LogisticRegression,False
lrj,Yaniv,Yaniv LRJ,Yaniv-LRJ(6)-4:7.csv,/Users/yanivnaggar/Desktop/Spring 2026/IS/OPENBCI_runs/Yaniv/Yaniv-LRJ(6)-4:7.csv,yaniv,JAW,6,5,False,-1,jaw,3,3->3,18,6,Yaniv::Yaniv-LRJ(6)-4:7.csv::trial_18,42986,44334,171.944,177.336,5.392,5,sliding,43486,43735,173.944,174.94,1.0,1.0,0.5,observed_count 5 vs expected_count 6,0.0004641221030507516,1.1885581200888224,1.1885582107067378,13.926335775806248,1.4126704048290755,1.412670620238402,0.0004746814068833525,0.16320720241575676,-0.0008676404813134902,1.0523358717735067,1.0523362294539282,11.924344923324785,1.1074107870213066,1.107411539821311,0.00035599943254455927,0.15991850302708033,-0.001134780795862131,0.6310885642299018,0.6310895844721363,7.3533949365171845,0.3982727759017589,0.3982740636292136,0.0004523726853018682,0.05995725030859897,-0.0007270483064721376,0.5759430242898004,0.575943483188517,6.756269094514279,0.3317103672280816,0.33171089582732155,0.00044104045168644407,0.061943195132668404,0.00011868197433879322,0.0032886993886764304,2.2308721581484306e-05,0.10324995210715779,3.364095519690842e-05,0.10126400728308835,-9.637325275730892e-05,0.09996125271848136,-8.50410191418848e-05,0.09797530789441192,1.1332233615424117e-05,-0.001985944824069434,JAW,0.9995129835451625,0.00048695371407782463,6.27407596629095e-08,1,0.430563498757916,0.09626625861363643,0.24254881404055334,0.08523085158021002,0.04013122450344542,0.10525935250423875,Ben-LRJ(1-6)-4:9.csv_to_Yaniv-LRJ(6)-4:7.csv,LogisticRegression,False
lrj,Yaniv,Yaniv LRJ,Yaniv-LRJ(6)-4:7.csv,/Users/yanivnaggar/Desktop/Spring 2026/IS/OPENBCI_runs/Yaniv/Yaniv-LRJ(6)-4:7.csv,yaniv,JAW,6,5,False,-1,jaw,3,3->3,18,6,Yaniv::Yaniv-LRJ(6)-4:7.csv::trial_18,42986,44334,171.944,177.336,5.392,6,sliding,43611,43860,174.444,175.44,1.0,1.0,0.5,observed_count 5 vs expected_count 6,0.015005007795926034,1.751100311059961,1.751164598104144,21.52149595161304,3.066352299394292,3.066577449653248,0.00014525907691465706,0.052430649727634566,0.014316623441670142,1.3206378920714867,1.3207154908161676,13.611176780696331,1.74408444197502,1.7442894076817903,0.00010954418618664227,0.03249062242719431,0.011652920535879473,0.889309966196808,0.889386308942286,11.179943568608525,0.7908722159769679,0.7910080065339834,0.0003344166525233259,0.012640510998676505,0.010955101830870657,0.8132192519039757,0.8132930381623752,9.99691704337955,0.6613255516672618,0.6614455659233867,0.0004040771027095048,0.010653585551323617,3.571489072801479e-05,0.019940027300440255,-0.00018915757560866882,0.03979013872895806,-0.0002588180257948477,0.04177706417631095,-0.0002248724663366836,0.019850111428517808,-0.0002945329165228625,0.021837036875870693,-6.96604501861789e-05,0.001986925447352888,JAW,0.9999994820765625,5.179181620585701e-07,5.2753846960067355e-12,1,0.8275814610179781,0.0049318277523346145,0.09250216178617165,0.05161186079253644,0.0038489014026914133,0.019523787248287745,Ben-LRJ(1-6)-4:9.csv_to_Yaniv-LRJ(6)-4:7.csv,LogisticRegression,False
lrj,Yaniv,Yaniv LRJ,Yaniv-LRJ(6)-4:7.csv,/Users/yanivnaggar/Desktop/Spring 2026/IS/OPENBCI_runs/Yaniv/Yaniv-LRJ(6)-4:7.csv,yaniv,JAW,6,5,False,-1,jaw,3,3->3,18,6,Yaniv::Yaniv-LRJ(6)-4:7.csv::trial_18,42986,44334,171.944,177.336,5.392,7,sliding,43736,43985,174.944,175.94,1.0,1.0,0.5,observed_count 5 vs expected_count 6,-0.00021580534164478317,1.936517156090302,1.9365171681149684,21.52149595161304,3.750098695832071,3.750098742404017,0.00019369679023862176,0.21377635670881007,-0.0006325974331353681,1.295368038287177,1.2953681927527334,13.611176780696331,1.6779783546159697,1.6779787547954825,0.00017449048851073958,0.19870084282022304,0.0004732908151095541,0.9303509963497797,0.9303511167366991,11.179943568608525,0.8655529764090277,0.8655532004132233,8.780355196941847e-05,0.08903965680943096,-0.00016122587054544346,0.867074212359139,0.8670742273485025,9.99691704337955,0.7518176897382212,0.7518177157320026,0.00025248796265467085,0.097120576813832,1.9206301727882173e-05,0.015075513888587022,0.00010589323826920329,0.1247366998993791,-5.879117241604909e-05,0.11665577989497806,8.668693654132111e-05,0.10966118601079208,-7.799747414393126e-05,0.10158026600639104,-0.00016468441068525236,-0.00808092000440104,JAW,0.999999729910228,2.700897203222622e-07,5.173977681472023e-14,1,0.8970254936123732,0.003121417071112867,0.04678029171608608,0.0395689426419765,0.000515622486553117,0.012988232471898255,Ben-LRJ(1-6)-4:9.csv_to_Yaniv-LRJ(6)-4:7.csv,LogisticRegression,False
lrj,Yaniv,Yaniv LRJ,Yaniv-LRJ(6)-4:7.csv,/Users/yanivnaggar/Desktop/Spring 2026/IS/OPENBCI_runs/Yaniv/Yaniv-LRJ(6)-4:7.csv,yaniv,JAW,6,5,False,-1,jaw,3,3->3,18,6,Yaniv::Yaniv-LRJ(6)-4:7.csv::trial_18,42986,44334,171.944,177.336,5.392,8,sliding,43861,44110,175.444,176.44,1.0,1.0,0.5,observed_count 5 vs expected_count 6,-0.008013004267170859,1.905748113345657,1.9057649592113708,13.977304699767917,3.6318758715205317,3.6319400797579178,9.54059414573992e-05,0.011080117958439425,-0.006602249729434741,1.4649168272345148,1.464931705034855,11.678223524403863,2.145981310714837,2.146024900416327,0.00013520353233957696,0.014071957022692209,-0.006412160515742788,0.9471952188495114,0.9472169225757389,7.14934911238158,0.8971787826113737,0.8972198984138533,0.00012890226846601664,0.005780545891248886,-0.005376258910333147,0.8580598592463649,0.8580767018220239,6.356781505395012,0.7362667220498914,0.7362956262097624,0.0003257042410015923,0.006296817622165492,-3.9797590882177766e-05,-0.0029918390642527833,-3.349632700861744e-05,0.005299572067190539,-0.0002302982995441931,0.004783300336273933,6.301263873560324e-06,0.008291411131443324,-0.00019050070866201532,0.007775139400526716,-0.00019680197253557565,-0.0005162717309166063,JAW,0.9999935953403786,6.404622014309798e-06,3.76073222370355e-11,1,0.6680941847354348,0.012029120872090368,0.060982517992252586,0.21806173272758006,0.0026758094917939622,0.03815663418084814,Ben-LRJ(1-6)-4:9.csv_to_Yaniv-LRJ(6)-4:7.csv,LogisticRegression,False
lrj,Yaniv,Yaniv LRJ,Yaniv-LRJ(6)-4:7.csv,/Users/yanivnaggar/Desktop/Spring 2026/IS/OPENBCI_runs/Yaniv/Yaniv-LRJ(6)-4:7.csv,yaniv,JAW,6,5,False,-1,jaw,3,3->3,18,6,Yaniv::Yaniv-LRJ(6)-4:7.csv::trial_18,42986,44334,171.944,177.336,5.392,9,sliding,43986,44235,175.944,176.94,1.0,1.0,0.5,observed_count 5 vs expected_count 6,0.0010196674257936173,1.4574999128137713,1.4575002694935637,12.355806138809294,2.124305995852151,2.1243070355738105,0.00018289860799272688,0.14032856482131492,0.001564726507645753,1.2255068611719209,1.2255078600924996,10.945853675010696,1.5018670667794536,1.5018695151484973,0.00030975323627744006,0.20651641594814424,0.0005655544556992389,0.7578477155228301,0.7578479265492615,6.801946371619438,0.5743331599231725,0.5743334797750148,0.00017253831680238215,0.035343639217763366,0.0008165177552798686,0.6902449318563614,0.6902454148016035,5.984599076757139,0.4764380659533929,0.47643873265463765,0.0004338247347497724,0.045690553308823455,-0.00012685462828471318,-0.06618785112682932,1.0360291190344734e-05,0.10498492560355155,-0.0002509261267570455,0.09463801151249146,0.00013721491947505792,0.17117277673038087,-0.00012407149847233232,0.16082586263932078,-0.00026128641794739024,-0.010346914091060089,JAW,0.9996760376740859,0.00032395445321841554,7.872695725438245e-09,1,0.4367516305749743,0.11012212892777659,0.1818696513124582,0.15590113708455228,0.017385726855362188,0.09796972524487647,Ben-LRJ(1-6)-4:9.csv_to_Yaniv-LRJ(6)-4:7.csv,LogisticRegression,False
lrj,Yaniv,Yaniv LRJ,Yaniv-LRJ(6)-4:7.csv,/Users/yanivnaggar/Desktop/Spring 2026/IS/OPENBCI_runs/Yaniv/Yaniv-LRJ(6)-4:7.csv,yaniv,LEFT,1,1,True,0,left_right,1,1->1,1,1,Yaniv::Yaniv-LRJ(6)-4:7.csv::trial_1,11678,12071,46.712,48.284,1.572,1,sliding,11678,11927,46.712,47.708,1.0,1.0,0.5,,0.021463623582164817,0.27011038996493825,0.2709618237026904,1.3117483648349118,0.07295962276701101,0.07342030990428787,0.01423489045421622,0.0035177630588142626,5.125098713829956e-05,0.4320177625813584,0.43201776562135336,2.5958288349629783,0.18663934718580294,0.1866393498124666,0.01816221778907993,0.018032148853354205,0.027635336724958024,0.2817271313867142,0.28307929700931633,1.6864600082968948,0.07937017655938693,0.08013388839528872,0.00777234933900154,0.007382285966754514,0.02944391661941026,0.19495850612926868,0.19716937728269793,0.9537122917378542,0.03800881911215609,0.03887576333804688,0.0028168643202553635,0.015555662404265931,-0.003927327334863711,-0.014514385794539942,0.00646254111521468,-0.003864522907940251,0.011418026133960858,-0.012037899345451668,0.010389868450078391,0.01064986288659969,0.015345353468824569,0.0024764864490882735,0.004955485018746176,-0.008173376437511417,RIGHT,0.06,0.42,0.52,6,0.13,0.043333333333333335,0.02,0.22,0.15666666666666668,0.43,Ben-LRJ(1-6)-4:9.csv_to_Yaniv-LRJ(6)-4:7.csv,RandomForest,False
lrj,Yaniv,Yaniv LRJ,Yaniv-LRJ(6)-4:7.csv,/Users/yanivnaggar/Desktop/Spring 2026/IS/OPENBCI_runs/Yaniv/Yaniv-LRJ(6)-4:7.csv,yaniv,LEFT,1,1,True,0,left_right,1,1->1,1,1,Yaniv::Yaniv-LRJ(6)-4:7.csv::trial_1,11678,12071,46.712,48.284,1.572,2,sliding,11803,12052,47.212,48.208,1.0,1.0,0.5,,-0.00017655451050110216,0.2788063642834915,0.2788064201851782,1.360116033214733,0.07773298876497896,0.07773301993647413,0.02148213944130881,0.005673415046694827,0.0006870119895712996,0.4199531255939002,0.41995368754370993,2.5958288349629783,0.17636062769608613,0.17636109968155994,0.03639576286861616,0.015481241202854877,-0.007906471104714097,0.29127164606661693,0.2913789355593267,1.6864600082968948,0.08483917180235657,0.08490168408768625,0.009692020009695183,0.012444899506425106,-0.020018443177978497,0.17042831068845074,0.1715999625623183,0.8485503497788732,0.029045809084119092,0.029446547151389044,0.0017331042856320164,0.014721202050185567,-0.014913623427307354,-0.009807826156160049,0.011790119431613627,-0.0067714844597302785,0.019749035155676792,-0.00904778700349074,0.02670374285892098,0.003036341696429771,0.034662658582984146,0.00076003915266931,0.007958915724063167,-0.002276302543760461,RIGHT,0.11,0.44333333333333336,0.44666666666666666,6,0.12,0.06666666666666667,0.03333333333333333,0.14666666666666667,0.17,0.4633333333333333,Ben-LRJ(1-6)-4:9.csv_to_Yaniv-LRJ(6)-4:7.csv,RandomForest,False
lrj,Yaniv,Yaniv LRJ,Yaniv-LRJ(6)-4:7.csv,/Users/yanivnaggar/Desktop/Spring 2026/IS/OPENBCI_runs/Yaniv/Yaniv-LRJ(6)-4:7.csv,yaniv,LEFT,2,1,False,-1,left_right,1,1->1,2,2,Yaniv::Yaniv-LRJ(6)-4:7.csv::trial_2,13052,13592,52.208,54.368,2.16,1,sliding,13052,13301,52.208,53.204,1.0,1.0,0.5,observed_count 1 vs expected_count 2,-0.02390878684200152,0.40310309068796346,0.403811505297267,2.1551647834504655,0.16249210172218848,0.1630637318104447,0.03202979482594426,0.0065517677778694884,-0.047252799308369293,0.3847110911336189,0.387602180958385,2.1929351411076032,0.1480026236412196,0.15023545068369665,0.025416746602791387,0.014794208205560714,-0.019934081613332995,0.31072889153187067,0.31136764707077724,1.7450007080610819,0.09655244403262506,0.0969498116423921,0.005760663760496395,0.005368839538862979,-0.008923299302979287,0.3213016797305275,0.321425566295074,1.7298272821539267,0.10323476939765847,0.10331439466810903,0.006864276321670769,0.005542090651000294,0.006613048223152871,-0.008242440427691226,0.026269131065447864,0.0011829282390065097,0.02516551850427349,0.0010096771268691945,0.019656082842294993,0.009425368666697735,0.018552470281120618,0.009252117554560419,-0.0011036125611743738,-0.0001732511121373152,RIGHT,0.04666666666666667,0.3566666666666667,0.5966666666666667,6,0.043333333333333335,0.13,0.2,0.19,0.18666666666666668,0.25,Ben-LRJ(1-6)-4:9.csv_to_Yaniv-LRJ(6)-4:7.csv,RandomForest,False
lrj,Yaniv,Yaniv LRJ,Yaniv-LRJ(6)-4:7.csv,/Users/yanivnaggar/Desktop/Spring 2026/IS/OPENBCI_runs/Yaniv/Yaniv-LRJ(6)-4:7.csv,yaniv,LEFT,2,1,False,-1,left_right,1,1->1,2,2,Yaniv::Yaniv-LRJ(6)-4:7.csv::trial_2,13052,13592,52.208,54.368,2.16,2,sliding,13177,13426,52.708,53.704,1.0,1.0,0.5,observed_count 1 vs expected_count 2,0.07897264290773444,0.45524843383324054,0.46204741621986256,2.1551647834504655,0.2072511365076184,0.21348781483545093,0.03447300708707188,0.007220687312715025,0.00628937935004464,0.5466656507865096,0.5467018291925195,3.0046119013275705,0.29884333374983807,0.29888289004244684,0.03276375434255956,0.009499280849476514,-0.009143624241717397,0.33381094673419065,0.3339361526158113,1.7450007080610819,0.11142974815957665,0.11151335402385039,0.013071275234071564,0.00882527898364502,0.02159480458583225,0.32940140884632274,0.3301085029729507,1.7298272821539267,0.10850528814994229,0.10897162373504259,0.006390047406918144,0.0035148870995958398,0.0017092527445123143,-0.002278593536761489,0.021401731853000313,-0.0016045916709299954,0.028082959680153733,0.003705800213119185,0.019692479108488,0.0006740018658314938,0.02637370693564142,0.005984393749880674,0.00668122782715342,0.0053103918840491805,LEFT,0.09333333333333334,0.5233333333333333,0.38333333333333336,5,0.056666666666666664,0.16666666666666666,0.14666666666666667,0.21333333333333335,0.25666666666666665,0.16,Ben-LRJ(1-6)-4:9.csv_to_Yaniv-LRJ(6)-4:7.csv,RandomForest,False
lrj,Yaniv,Yaniv LRJ,Yaniv-LRJ(6)-4:7.csv,/Users/yanivnaggar/Desktop/Spring 2026/IS/OPENBCI_runs/Yaniv/Yaniv-LRJ(6)-4:7.csv,yaniv,LEFT,2,1,False,-1,left_right,1,1->1,2,2,Yaniv::Yaniv-LRJ(6)-4:7.csv::trial_2,13052,13592,52.208,54.368,2.16,3,sliding,13302,13551,53.208,54.204,1.0,1.0,0.5,observed_count 1 vs expected_count 2,0.03385062955024348,0.4680505129365476,0.4692729992031431,2.6075461701797966,0.21907128266016532,0.22021714778111312,0.10651172828592129,0.004679586298900484,0.06587916096987066,0.4581637358884614,0.46287587184186424,3.0046119013275705,0.20991400888327177,0.21425407273336594,0.14991348303871763,0.022452638030536654,0.05216746157191731,0.2942806865422669,0.2988688115522351,1.1689496714202292,0.08660112247178796,0.08932256651864542,0.022155612208859057,0.007343255821905813,0.006326859329863197,0.18523680683115207,0.18534482392012308,1.0123105774352785,0.03431267460500155,0.034352703753981424,0.0078065520107982,0.008855258778327024,-0.04340175475279634,-0.01777305173163617,0.08435611607706223,-0.0026636695230053296,0.09870517627512308,-0.00417567247942654,0.12775787082985857,0.01510938220863084,0.14210693102791944,0.01359737925220963,0.014349060198060856,-0.0015120029564212106,LEFT,0.08,0.56,0.36,6,0.16,0.07333333333333333,0.06,0.17333333333333334,0.20333333333333334,0.33,Ben-LRJ(1-6)-4:9.csv_to_Yaniv-LRJ(6)-4:7.csv,RandomForest,False
lrj,Yaniv,Yaniv LRJ,Yaniv-LRJ(6)-4:7.csv,/Users/yanivnaggar/Desktop/Spring 2026/IS/OPENBCI_runs/Yaniv/Yaniv-LRJ(6)-4:7.csv,yaniv,LEFT,3,3,True,0,left_right,1,1->1,3,3,Yaniv::Yaniv-LRJ(6)-4:7.csv::trial_3,14419,15160,57.676,60.64,2.964,1,sliding,14419,14668,57.676,58.672,1.0,1.0,0.5,,-0.01812104026939573,0.26165662687700264,0.26228336296665106,1.1694640099657199,0.06846419038865097,0.06879256248909602,0.024699217873865878,0.011665292670044652,-0.01250990750157392,0.39774279711794497,0.39793948088233794,2.083171230970799,0.15819933265920672,0.15835583044490462,0.013355272563150765,0.013229740121783901,-0.0006760374390815506,0.3571528862923714,0.35715352611109785,1.8576074128309448,0.1275581841869716,0.12755864121359067,0.013624981674734006,0.005809734766991244,-0.009562340295543209,0.27246946633796465,0.2726372102968027,1.2484044043184805,0.07423961008649525,0.07433104843842302,0.0073805465240978,0.008105363921611224,0.011343945310715113,-0.0015644474517392485,0.011074236199131872,0.005855557903053408,0.017318671349768076,0.0035599287484334285,-0.00026970911158324083,0.0074200053547926565,0.005974726039052965,0.005124376200172677,0.006244435150636206,-0.0022956291546199796,RIGHT,0.03333333333333333,0.10666666666666667,0.86,6,0.04666666666666667,0.07,0.02666666666666667,0.23,0.11,0.5166666666666667,Ben-LRJ(1-6)-4:9.csv_to_Yaniv-LRJ(6)-4:7.csv,RandomForest,False
lrj,Yaniv,Yaniv LRJ,Yaniv-LRJ(6)-4:7.csv,/Users/yanivnaggar/Desktop/Spring 2026/IS/OPENBCI_runs/Yaniv/Yaniv-LRJ(6)-4:7.csv,yaniv,LEFT,3,3,True,0,left_right,1,1->1,3,3,Yaniv::Yaniv-LRJ(6)-4:7.csv::trial_3,14419,15160,57.676,60.64,2.964,2,sliding,14544,14793,58.176,59.172,1.0,1.0,0.5,,-0.0016642311899610328,0.27923947314226516,0.27924443239968716,1.2602566881604418,0.07797468336076983,0.07797745302622346,0.016024600052149035,0.007345520516343315,0.036600139533915194,0.41862533638073424,0.42022225366320726,2.083171230970799,0.17524717225988287,0.17658674247378492,0.009683455982474548,0.004597389021607047,-0.034718206535277005,0.37460879026220867,0.3762141672063156,1.8576074128309448,0.14033174574171545,0.1415370996067416,0.008785850116819633,0.0040498724932586305,0.010577783854751879,0.2348632373761513,0.2351013181206865,1.2484044043184805,0.0551607402708064,0.055272629782084234,0.008124557520552664,0.005520201494376353,0.006341144069674487,0.0027481314947362676,0.007238749935329402,0.0032956480230846843,0.00790004253159637,0.0018253190219669618,0.000897605865654915,0.0005475165283484167,0.001558898461921884,-0.0009228124727693058,0.0006612925962669689,-0.0014703290011177225,RIGHT,0.05333333333333334,0.23666666666666666,0.71,6,0.043333333333333335,0.15666666666666668,0.06666666666666667,0.13666666666666666,0.18,0.4166666666666667,Ben-LRJ(1-6)-4:9.csv_to_Yaniv-LRJ(6)-4:7.csv,RandomForest,False
lrj,Yaniv,Yaniv LRJ,Yaniv-LRJ(6)-4:7.csv,/Users/yanivnaggar/Desktop/Spring 2026/IS/OPENBCI_runs/Yaniv/Yaniv-LRJ(6)-4:7.csv,yaniv,LEFT,3,3,True,0,left_right,1,1->1,3,3,Yaniv::Yaniv-LRJ(6)-4:7.csv::trial_3,14419,15160,57.676,60.64,2.964,3,sliding,14669,14918,58.676,59.672,1.0,1.0,0.5,,0.021229354215371043,0.2923154349037238,0.293085310043603,1.5654896949451196,0.0854483134829532,0.0858989989633549,0.03765206352424202,0.010166560358244031,0.00547218431897387,0.33491792956080774,0.33496263126283055,1.7056239300712788,0.11217001954129815,0.11219996434251897,0.03446016761123754,0.01883828216629055,0.01369552616813196,0.3513688476784628,0.3516356559791865,1.8065858636454855,0.1234600671188908,0.1236476345559128,0.019083976435282708,0.0036518795393994433,-0.006824975320491731,0.17344814628577065,0.17358237162251072,0.750410459841985,0.030084259449970095,0.030130839738095418,0.0025050603386232405,0.004773502773191073,0.0031918959130044777,-0.008671721808046517,0.01856808708895931,0.006514680818844588,0.03514700318561878,0.005393057585052959,0.015376191175954831,0.015186402626891105,0.0319551072726143,0.014064779393099476,0.016578916096659468,-0.0011216232337916293,RIGHT,0.04,0.16666666666666666,0.7933333333333333,6,0.08,0.06333333333333334,0.04,0.19666666666666666,0.16,0.46,Ben-LRJ(1-6)-4:9.csv_to_Yaniv-LRJ(6)-4:7.csv,RandomForest,False
lrj,Yaniv,Yaniv LRJ,Yaniv-LRJ(6)-4:7.csv,/Users/yanivnaggar/Desktop/Spring 2026/IS/OPENBCI_runs/Yaniv/Yaniv-LRJ(6)-4:7.csv,yaniv,LEFT,3,3,True,0,left_right,1,1->1,3,3,Yaniv::Yaniv-LRJ(6)-4:7.csv::trial_3,14419,15160,57.676,60.64,2.964,4,sliding,14794,15043,59.176,60.172,1.0,1.0,0.5,,-0.024326645516952048,0.35767879897575927,0.3585051030583094,1.8163265812371,0.1279341232367416,0.12852590891884905,0.007119889398011325,0.005147687653942968,-0.02173712158833743,0.47607493553207303,0.47657092514841237,2.5390486637989205,0.22664734424186747,0.22711984669681368,0.025562658023999013,0.00458572227200573,0.023447917084397626,0.39491956468384465,0.39561504949341114,2.116703734264486,0.15596146257007734,0.15651126738567414,0.007749428591585462,0.006673072729238446,-0.027289186969522972,0.23145158791842338,0.2330547945771922,1.3674662025168012,0.05356983754995967,0.054314537275417255,0.011140275777488818,0.006067036649958458,-0.018442768625987687,0.0005619653819372381,-0.0006295391935741369,-0.001525385075295478,-0.004020386379477493,-0.0009193489960154901,0.01781322943241355,-0.002087350457232716,0.014422382246510195,-0.0014813143779527282,-0.003390847185903356,0.0006060360792799879,LEFT,0.07333333333333333,0.5233333333333333,0.4033333333333333,6,0.14333333333333334,0.12,0.04666666666666667,0.12,0.16333333333333333,0.4066666666666667,Ben-LRJ(1-6)-4:9.csv_to_Yaniv-LRJ(6)-4:7.csv,RandomForest,False
lrj,Yaniv,Yaniv LRJ,Yaniv-LRJ(6)-4:7.csv,/Users/yanivnaggar/Desktop/Spring 2026/IS/OPENBCI_runs/Yaniv/Yaniv-LRJ(6)-4:7.csv,yaniv,LEFT,4,2,False,-2,left_right,1,1->1,4,4,Yaniv::Yaniv-LRJ(6)-4:7.csv::trial_4,16071,17077,64.284,68.308,4.024,1,sliding,16071,16320,64.284,65.28,1.0,1.0,0.5,observed_count 2 vs expected_count 4,-0.017947903625169667,0.22375976587556648,0.22447841782502545,1.1004756862941218,0.05006843282468833,0.0503905600692267,0.005764648731040598,0.006700511350101884,0.005200138479251299,0.20203254429572326,0.20209945669102322,1.1613895619514936,0.04081714895460338,0.04084419039480677,0.008847036239775343,0.007818762488267107,-0.0098626875316913,0.27421566954668486,0.27439297737056695,1.7280621099127145,0.07519423342493667,0.07529150603028446,0.011614123468122182,0.013732035883311382,-0.008742050105675005,0.3169254130912979,0.31704596023784937,1.4848842720965485,0.10044171746308982,0.10051814090313996,0.0711948859588038,0.01603163241054678,-0.003082387508734745,-0.001118251138165223,-0.0058494747370815845,-0.007031524533209498,-0.0654302372277632,-0.009331121060444897,-0.0027670872283468394,-0.005913273395044275,-0.06234784971902846,-0.008212869922279674,-0.059580762490681616,-0.0022995965272353987,RIGHT,0.14333333333333334,0.0033333333333333335,0.8533333333333334,5,0.08333333333333333,0.02,0.26,0.22,0.33,0.08666666666666667,Ben-LRJ(1-6)-4:9.csv_to_Yaniv-LRJ(6)-4:7.csv,RandomForest,False
lrj,Yaniv,Yaniv LRJ,Yaniv-LRJ(6)-4:7.csv,/Users/yanivnaggar/Desktop/Spring 2026/IS/OPENBCI_runs/Yaniv/Yaniv-LRJ(6)-4:7.csv,yaniv,LEFT,4,2,False,-2,left_right,1,1->1,4,4,Yaniv::Yaniv-LRJ(6)-4:7.csv::trial_4,16071,17077,64.284,68.308,4.024,2,sliding,16196,16445,64.784,65.78,1.0,1.0,0.5,observed_count 2 vs expected_count 4,0.008799760381071465,0.20710940573014958,0.2072962655830056,0.9457645459103862,0.042894305941895715,0.04297174172465999,0.014955652206438706,0.012343471456323654,0.011018036409965059,0.2507041211421864,0.25094611669441585,1.4999191494582618,0.06285255635767607,0.06297395348400738,0.031009682671262886,0.01539851308984073,0.013055486404324149,0.3051786418733962,0.3054577698814422,1.7558525256755466,0.09313400345569062,0.09330444918094409,0.08740095076222355,0.010030308425775398,0.020777364343327918,0.3603044434832312,0.3609030214099299,1.7520702628437121,0.12981929199376094,0.13025099086281633,0.06407577349479666,0.012479969512383083,-0.01605403046482418,-0.0030550416335170753,-0.07244529855578485,0.0023131630305482567,-0.04912012128835796,-0.00013649805605942845,-0.056391268090960664,0.005368204664065332,-0.033066090823533775,0.002918543577457647,0.02332517726742689,-0.002449661086607685,RIGHT,0.056666666666666664,0.0,0.9433333333333334,5,0.02666666666666667,0.006666666666666667,0.29,0.20333333333333334,0.44666666666666666,0.02666666666666667,Ben-LRJ(1-6)-4:9.csv_to_Yaniv-LRJ(6)-4:7.csv,RandomForest,False
lrj,Yaniv,Yaniv LRJ,Yaniv-LRJ(6)-4:7.csv,/Users/yanivnaggar/Desktop/Spring 2026/IS/OPENBCI_runs/Yaniv/Yaniv-LRJ(6)-4:7.csv,yaniv,LEFT,4,2,False,-2,left_right,1,1->1,4,4,Yaniv::Yaniv-LRJ(6)-4:7.csv::trial_4,16071,17077,64.284,68.308,4.024,3,sliding,16321,16570,65.284,66.28,1.0,1.0,0.5,observed_count 2 vs expected_count 4,-0.03189243975206012,0.2848263297901654,0.2866062906760332,1.49493675471878,0.08112603814173606,0.08214316585507483,0.011950659447079716,0.003569660543738942,-0.014517761441363977,0.3544022924847142,0.35469952116642234,1.9157374247831886,0.12560098491842092,0.12581175031568928,0.02438111560150411,0.006386655010171218,-0.0053695032736134855,0.34118909181820856,0.34123134079556544,1.705016497748006,0.11640999637573396,0.11643882794113931,0.04984247705166538,0.010647121542521818,-0.002800038591996796,0.3954686720457977,0.3954785844843983,1.7520702628437121,0.1563954705696667,0.1564033107857834,0.0967165907529376,0.017755171484814026,-0.012430456154424393,-0.002816994466432276,-0.03789181760458567,-0.0070774609987828765,-0.08476593130585788,-0.014185510941075084,-0.025461361450161275,-0.0042604665323506,-0.0723354751514335,-0.011368516474642808,-0.04687411370127222,-0.007108049942292208,RIGHT,0.04666666666666667,0.006666666666666667,0.9466666666666667,5,0.03,0.03666666666666667,0.33666666666666667,0.11,0.4666666666666667,0.02,Ben-LRJ(1-6)-4:9.csv_to_Yaniv-LRJ(6)-4:7.csv,RandomForest,False
lrj,Yaniv,Yaniv LRJ,Yaniv-LRJ(6)-4:7.csv,/Users/yanivnaggar/Desktop/Spring 2026/IS/OPENBCI_runs/Yaniv/Yaniv-LRJ(6)-4:7.csv,yaniv,LEFT,4,2,False,-2,left_right,1,1->1,4,4,Yaniv::Yaniv-LRJ(6)-4:7.csv::trial_4,16071,17077,64.284,68.308,4.024,4,sliding,16446,16695,65.784,66.78,1.0,1.0,0.5,observed_count 2 vs expected_count 4,-0.02667131293326171,0.31687809681612217,0.31799856473794297,1.6834785731101714,0.1004117282418077,0.10112308717539169,0.022365755570367837,0.005683799754068181,-0.06847557361309176,0.4013881762348302,0.4071871464115303,2.0363605765901447,0.1611124680211231,0.16580137220276503,0.05718445875173636,0.016847247345006772,-0.03299093893175352,0.45566005214744,0.4568528047135165,2.493881274409474,0.20762608312300773,0.20871448517460645,0.06759751161286937,0.01381856847950572,-0.03305524616464503,0.40972416826181407,0.41105540180958655,2.162207714931312,0.16787389405783534,0.16896654335684064,0.05660840881585757,0.013946692912411306,-0.034818703181368524,-0.011163447590938591,-0.04523175604250153,-0.008134768725437539,-0.03424265324548973,-0.008262893158343125,-0.010413052861133004,0.0030286788655010527,0.0005760499358787932,0.002900554432595466,0.010989102797011797,-0.00012812443290558667,RIGHT,0.043333333333333335,0.14333333333333334,0.8133333333333334,3,0.04,0.006666666666666667,0.5466666666666666,0.08333333333333333,0.21333333333333335,0.11,Ben-LRJ(1-6)-4:9.csv_to_Yaniv-LRJ(6)-4:7.csv,RandomForest,False
lrj,Yaniv,Yaniv LRJ,Yaniv-LRJ(6)-4:7.csv,/Users/yanivnaggar/Desktop/Spring 2026/IS/OPENBCI_runs/Yaniv/Yaniv-LRJ(6)-4:7.csv,yaniv,LEFT,4,2,False,-2,left_right,1,1->1,4,4,Yaniv::Yaniv-LRJ(6)-4:7.csv::trial_4,16071,17077,64.284,68.308,4.024,5,sliding,16571,16820,66.284,67.28,1.0,1.0,0.5,observed_count 2 vs expected_count 4,-0.02610233665939675,0.3684748443326329,0.3693982172196267,1.7294040082972086,0.13577371090595802,0.13645504288503849,0.027705534274106255,0.009774563273792333,-0.016581806554294785,0.49223653824420666,0.4925157519219505,2.638617248177306,0.2422968095826403,0.24257176589124432,0.019290874935435326,0.019068963217620506,-0.011423140111915323,0.6030764410793571,0.6031846167757926,2.82475498744132,0.3637011937849433,0.36383168191495974,0.3554335306570997,0.05584320083544875,-0.01233448260496219,0.4422418832909445,0.4424138591837438,2.3255359066110524,0.19557788333672135,0.19573002279785348,0.18379171079875367,0.02440071981669205,0.00841465933867093,-0.009294399943828174,-0.32772799638299344,-0.04606863756165641,-0.1560861765246474,-0.014626156542899716,-0.33614265572166435,-0.03677423761782824,-0.16450083586331835,-0.005331756599071542,0.17164181985834603,0.0314424810187567,RIGHT,0.1,0.27,0.63,3,0.08,0.12,0.37666666666666665,0.12333333333333334,0.19666666666666666,0.10333333333333333,Ben-LRJ(1-6)-4:9.csv_to_Yaniv-LRJ(6)-4:7.csv,RandomForest,False
lrj,Yaniv,Yaniv LRJ,Yaniv-LRJ(6)-4:7.csv,/Users/yanivnaggar/Desktop/Spring 2026/IS/OPENBCI_runs/Yaniv/Yaniv-LRJ(6)-4:7.csv,yaniv,LEFT,4,2,False,-2,left_right,1,1->1,4,4,Yaniv::Yaniv-LRJ(6)-4:7.csv::trial_4,16071,17077,64.284,68.308,4.024,6,sliding,16696,16945,66.784,67.78,1.0,1.0,0.5,observed_count 2 vs expected_count 4,0.05307930026014167,0.3474876016307576,0.35151820067132,1.5483449344173659,0.1207476332870961,0.12356504540320239,0.028418165423537284,0.007966521727459408,0.09767510949417318,0.500319334339651,0.5097645175262498,2.5003603826613046,0.2503194363140715,0.25985986332877026,0.04113253921180994,0.009234594968472077,0.017169147485184878,0.5706058396605538,0.5708640852953474,2.579841144714326,0.3255910242547256,0.32588580388009364,0.13967891940856755,0.008015416470706043,0.048403708840884664,0.4809538022211746,0.48338336638796114,2.168711696671031,0.23131655987100475,0.23365947890055788,0.10419441990776351,0.011308602815094,-0.012714373788272657,-0.0012680732410126697,-0.11126075398503027,-4.889474324663509e-05,-0.07577625448422623,-0.0033420810876345925,-0.09854638019675761,0.0012191784977660346,-0.06306188069595357,-0.002074007846621923,0.03548449950080404,-0.0032931863443879574,RIGHT,0.07333333333333333,0.29,0.6366666666666667,3,0.02666666666666667,0.1,0.37333333333333335,0.13666666666666666,0.22333333333333333,0.14,Ben-LRJ(1-6)-4:9.csv_to_Yaniv-LRJ(6)-4:7.csv,RandomForest,False
lrj,Yaniv,Yaniv LRJ,Yaniv-LRJ(6)-4:7.csv,/Users/yanivnaggar/Desktop/Spring 2026/IS/OPENBCI_runs/Yaniv/Yaniv-LRJ(6)-4:7.csv,yaniv,LEFT,4,2,False,-2,left_right,1,1->1,4,4,Yaniv::Yaniv-LRJ(6)-4:7.csv::trial_4,16071,17077,64.284,68.308,4.024,7,sliding,16821,17070,67.284,68.28,1.0,1.0,0.5,observed_count 2 vs expected_count 4,0.05806293250731782,0.345618783310338,0.3504620485990854,1.7729620587006147,0.11945234337691839,0.12282364750826773,0.048533097289667176,0.007047471029112516,0.057472556397349224,0.42902005268627535,0.43285251569764616,2.3367561533006955,0.1840582056069345,0.187361300345781,0.0606362636830685,0.01051883093281715,-0.00676833993800064,0.4110994527200143,0.4111551659072419,2.132303912804683,0.1690027600266953,0.1690485704522116,0.2211649416990713,0.022783455693427657,0.016387129950079085,0.4147987917343366,0.4151223622647499,2.1157832226192337,0.17205803762426553,0.17232657565226628,0.0946391014888971,0.02033745471768404,-0.012103166393401324,-0.003471359903704634,-0.17263184440940413,-0.01573598466431514,-0.04610600419922993,-0.013289983688571523,-0.1605286780160028,-0.012264624760610507,-0.034002837805828606,-0.009818623784866889,0.1265258402101742,0.002446000975743618,RIGHT,0.09333333333333334,0.2833333333333333,0.6233333333333333,3,0.03,0.03,0.4866666666666667,0.15333333333333332,0.23666666666666666,0.06333333333333334,Ben-LRJ(1-6)-4:9.csv_to_Yaniv-LRJ(6)-4:7.csv,RandomForest,False
lrj,Yaniv,Yaniv LRJ,Yaniv-LRJ(6)-4:7.csv,/Users/yanivnaggar/Desktop/Spring 2026/IS/OPENBCI_runs/Yaniv/Yaniv-LRJ(6)-4:7.csv,yaniv,LEFT,5,4,False,-1,left_right,1,1->1,5,5,Yaniv::Yaniv-LRJ(6)-4:7.csv::trial_5,18322,19512,73.288,78.048,4.76,1,sliding,18322,18571,73.288,74.284,1.0,1.0,0.5,observed_count 4 vs expected_count 5,0.0040820315797993985,0.19027802186545298,0.19032180271016844,1.1223242584100313,0.0362057256050298,0.03622238858684827,0.0028000755306127048,0.0045020487757014786,0.018661759594114126,0.21617467087427827,0.21697868466453343,1.2933958458777493,0.04673148832760254,0.04707974959875104,0.01949368968494412,0.0022293701142589626,-0.0010889917964277771,0.315660319918968,0.3156621983615997,1.7963363418620415,0.09964143757134522,0.0996426234744779,0.04913788857415428,0.013967027830171739,0.007845889090743206,0.2386769808684398,0.23880590271619714,1.1799407283118213,0.056966701196473575,0.05702825917209782,0.0342148474795588,0.00870517116196079,-0.016693614154331415,0.002272678661442516,-0.04633781304354157,-0.00946497905447026,-0.031414771948946096,-0.004203122386259311,-0.029644198889210157,-0.011737657715912776,-0.014721157794614682,-0.006475801047701827,0.014923041094595475,0.005261856668210949,RIGHT,0.14,0.0,0.86,5,0.14666666666666667,0.11666666666666667,0.11,0.15,0.36,0.11666666666666667,Ben-LRJ(1-6)-4:9.csv_to_Yaniv-LRJ(6)-4:7.csv,RandomForest,False
lrj,Yaniv,Yaniv LRJ,Yaniv-LRJ(6)-4:7.csv,/Users/yanivnaggar/Desktop/Spring 2026/IS/OPENBCI_runs/Yaniv/Yaniv-LRJ(6)-4:7.csv,yaniv,LEFT,5,4,False,-1,left_right,1,1->1,5,5,Yaniv::Yaniv-LRJ(6)-4:7.csv::trial_5,18322,19512,73.288,78.048,4.76,2,sliding,18447,18696,73.788,74.784,1.0,1.0,0.5,observed_count 4 vs expected_count 5,-0.0021708212061124356,0.2316391498884876,0.23164932166050073,1.163299428311809,0.05365669576106123,0.05366140822577013,0.043081322970515076,0.007551282425225966,-0.011013291662398615,0.32749840404285274,0.3276835321523751,1.518194276069781,0.10725520465061561,0.10737649724385664,0.023257433599638076,0.013389452201943187,-0.020681368803550825,0.45465622823793833,0.4551263614548566,2.111350685788675,0.20671228587554827,0.20714000489113676,0.17108375175513163,0.015549424069233535,-0.028065871271597886,0.3633237003802494,0.364406098176514,1.6979163281486034,0.13200411125799724,0.13279180438823113,0.04905646765465124,0.020900798861559277,0.019823889370877,-0.005838169776717222,-0.12800242878461654,-0.00799814164400757,-0.005975144684136166,-0.013349516436333312,-0.14782631815549355,-0.0021599718672903473,-0.025799034055013166,-0.0075113466596160895,0.12202728410048039,-0.005351374792325742,RIGHT,0.03,0.0,0.97,5,0.03666666666666667,0.02,0.32,0.12333333333333334,0.4533333333333333,0.04666666666666667,Ben-LRJ(1-6)-4:9.csv_to_Yaniv-LRJ(6)-4:7.csv,RandomForest,False
lrj,Yaniv,Yaniv LRJ,Yaniv-LRJ(6)-4:7.csv,/Users/yanivnaggar/Desktop/Spring 2026/IS/OPENBCI_runs/Yaniv/Yaniv-LRJ(6)-4:7.csv,yaniv,LEFT,5,4,False,-1,left_right,1,1->1,5,5,Yaniv::Yaniv-LRJ(6)-4:7.csv::trial_5,18322,19512,73.288,78.048,4.76,3,sliding,18572,18821,74.288,75.284,1.0,1.0,0.5,observed_count 4 vs expected_count 5,-0.02522990626395406,0.2311795884633357,0.23255225282109215,1.248772891736985,0.05344400212207725,0.05408055029216516,0.011708197715683035,0.007490261330323036,-0.009461959384888502,0.4247262455072614,0.4248316281753229,2.1332947284403927,0.1803923836226945,0.1804819122980958,0.08179713634508048,0.005661757422091462,-0.004398553492973125,0.4798622934430279,0.4798824522122404,2.111350685788675,0.23026782066840262,0.2302871679412332,0.16432116829538332,0.022185412951758635,-0.0015470616251510379,0.4688439212518218,0.4688464736931019,2.1589356775149042,0.21981462249478448,0.21981701589445649,0.32584055939958695,0.017658297850076096,-0.07008893862939745,0.0018285039082315737,-0.15261297057970027,-0.0146951516214356,-0.3141323616839039,-0.01016803651975306,-0.08252403195030283,-0.016523655529667173,-0.24404342305450646,-0.011996540427984634,-0.16151939110420363,0.004527115101682539,RIGHT,0.11333333333333333,0.20333333333333334,0.6833333333333333,3,0.023333333333333334,0.023333333333333334,0.51,0.19333333333333333,0.23,0.02,Ben-LRJ(1-6)-4:9.csv_to_Yaniv-LRJ(6)-4:7.csv,RandomForest,False
lrj,Yaniv,Yaniv LRJ,Yaniv-LRJ(6)-4:7.csv,/Users/yanivnaggar/Desktop/Spring 2026/IS/OPENBCI_runs/Yaniv/Yaniv-LRJ(6)-4:7.csv,yaniv,LEFT,5,4,False,-1,left_right,1,1->1,5,5,Yaniv::Yaniv-LRJ(6)-4:7.csv::trial_5,18322,19512,73.288,78.048,4.76,4,sliding,18697,18946,74.788,75.784,1.0,1.0,0.5,observed_count 4 vs expected_count 5,0.06632224601134015,0.2567680044670958,0.26519511389541717,1.2891464531582102,0.06592980811801454,0.07032844843400328,0.008413223096696367,0.004231376145267861,-0.014189014107934335,0.6120878853912507,0.6122523234452344,3.762137344379125,0.3746515794427328,0.37485290756408796,0.06946459852142739,0.010397047409845218,-0.01534009260998026,0.3895854927642998,0.38988738709233095,1.7995892520307932,0.15177685617240233,0.1520121746136851,0.04109227798146178,0.004134338052409096,0.034944930195368186,0.37744491660690693,0.37905911573098205,2.1589356775149042,0.14246466507239494,0.14368581321875407,0.01576187470396896,0.005099905979323823,-0.06105137542473102,-0.006165671264577357,-0.03267905488476541,9.703809285876563e-05,-0.0073486516072725945,-0.0008685298340559613,0.028372320539965606,0.006262709357436122,0.05370272381745843,0.0052971414305213954,0.02533040327749282,-0.0009655679269147269,RIGHT,0.06666666666666667,0.46,0.47333333333333333,5,0.09,0.08,0.25333333333333335,0.10666666666666667,0.32666666666666666,0.14333333333333334,Ben-LRJ(1-6)-4:9.csv_to_Yaniv-LRJ(6)-4:7.csv,RandomForest,False
lrj,Yaniv,Yaniv LRJ,Yaniv-LRJ(6)-4:7.csv,/Users/yanivnaggar/Desktop/Spring 2026/IS/OPENBCI_runs/Yaniv/Yaniv-LRJ(6)-4:7.csv,yaniv,LEFT,5,4,False,-1,left_right,1,1->1,5,5,Yaniv::Yaniv-LRJ(6)-4:7.csv::trial_5,18322,19512,73.288,78.048,4.76,5,sliding,18822,19071,75.288,76.284,1.0,1.0,0.5,observed_count 4 vs expected_count 5,-0.009683619819176406,0.3918378717607634,0.3919575107569783,2.083989928722665,0.15353691774600448,0.15363069023880677,0.0747336406249735,0.0057035338319824744,0.006530217675518127,0.625893392381723,0.6259274577536851,3.6571518509964864,0.39174253862710157,0.39178518236999116,0.15424617846352331,0.02797089610507714,-0.0020198310822755233,0.4365214190762544,0.4365260920379764,2.0247746377508786,0.19055094931234692,0.19055502902994784,0.05905458764870742,0.009795159196320381,-0.012201303634125317,0.23544178037743896,0.23575772258331287,1.4425060701373686,0.0554328319472982,0.05558170375767031,0.013970482311855877,0.01148582444672027,-0.07951253783854982,-0.022267362273094664,0.015679052976266074,-0.004091625364337907,0.06076315831311761,-0.005782290614737796,0.0951915908148159,0.01817573690875676,0.14027569615166743,0.01648507165835687,0.045084105336851546,-0.0016906652503998892,LEFT,0.06666666666666667,0.55,0.38333333333333336,5,0.12666666666666668,0.09333333333333334,0.07666666666666666,0.12,0.30666666666666664,0.27666666666666667,Ben-LRJ(1-6)-4:9.csv_to_Yaniv-LRJ(6)-4:7.csv,RandomForest,True
lrj,Yaniv,Yaniv LRJ,Yaniv-LRJ(6)-4:7.csv,/Users/yanivnaggar/Desktop/Spring 2026/IS/OPENBCI_runs/Yaniv/Yaniv-LRJ(6)-4:7.csv,yaniv,LEFT,5,4,False,-1,left_right,1,1->1,5,5,Yaniv::Yaniv-LRJ(6)-4:7.csv::trial_5,18322,19512,73.288,78.048,4.76,6,sliding,18947,19196,75.788,76.784,1.0,1.0,0.5,observed_count 4 vs expected_count 5,-0.05214183953434719,0.455529503754276,0.45850398059410846,2.1719449902489885,0.20750712879061695,0.21022590022064258,0.01923421894195028,0.006713846237453572,0.06251590329525027,0.8525130270146034,0.8548021404947597,5.567387492961473,0.7267784612296019,0.7306866993944229,0.061639764475237606,0.013579671867688733,0.05208353259544804,0.6131920105846872,0.6153999806731492,3.093739992192051,0.3760044418448912,0.3787171362125123,0.2329304173727077,0.007231559489037436,0.00012357478429461465,0.3309455743580342,0.33094559742939084,1.9806095497255596,0.10952497318716913,0.10952498845789643,0.051157620163199954,0.011299444692429411,-0.04240554553328733,-0.006865825630235161,-0.21369619843075743,-0.0005177132515838635,-0.031923401221249675,-0.004585598454975839,-0.17129065289747009,0.006348112378651297,0.010482144312037651,0.002280227175259322,0.18177279720950773,-0.004067885203391975,RIGHT,0.10666666666666667,0.4266666666666667,0.4666666666666667,5,0.13333333333333333,0.07666666666666666,0.16666666666666666,0.21666666666666667,0.23333333333333334,0.17333333333333334,Ben-LRJ(1-6)-4:9.csv_to_Yaniv-LRJ(6)-4:7.csv,RandomForest,False
lrj,Yaniv,Yaniv LRJ,Yaniv-LRJ(6)-4:7.csv,/Users/yanivnaggar/Desktop/Spring 2026/IS/OPENBCI_runs/Yaniv/Yaniv-LRJ(6)-4:7.csv,yaniv,LEFT,5,4,False,-1,left_right,1,1->1,5,5,Yaniv::Yaniv-LRJ(6)-4:7.csv::trial_5,18322,19512,73.288,78.048,4.76,7,sliding,19072,19321,76.288,77.284,1.0,1.0,0.5,observed_count 4 vs expected_count 5,0.020486908287068773,0.37713365373053537,0.3776896956329443,2.120569748543036,0.14222979277614337,0.14264950618730612,0.08207333051947835,0.012713407387536705,-0.01074025556629894,0.8201227786324269,0.8201931023371277,5.567387492961473,0.6726013720317727,0.6727167251214021,0.1813456395164286,0.04743404548801759,-0.044884723034692535,0.5506417700756128,0.5524680961955225,3.093739992192051,0.303206358952004,0.30522099731390506,0.09481783746939049,0.006511412923251076,0.04170852535558693,0.36187281022062645,0.36426848870621675,1.9806095497255596,0.13095193077697354,0.13269153186431118,0.07300861889686555,0.013284222116991883,-0.09927230899695025,-0.034720638100480886,-0.012744506949912138,0.00620199446428563,0.009064711622612798,-0.0005708147294551779,0.08652780204703811,0.04092263256476652,0.10833702061956305,0.034149823371025706,0.021809218572524935,-0.0067728091937408075,LEFT,0.06,0.5333333333333333,0.4066666666666667,5,0.14666666666666667,0.09666666666666666,0.22333333333333333,0.16,0.23333333333333334,0.14,Ben-LRJ(1-6)-4:9.csv_to_Yaniv-LRJ(6)-4:7.csv,RandomForest,True
lrj,Yaniv,Yaniv LRJ,Yaniv-LRJ(6)-4:7.csv,/Users/yanivnaggar/Desktop/Spring 2026/IS/OPENBCI_runs/Yaniv/Yaniv-LRJ(6)-4:7.csv,yaniv,LEFT,5,4,False,-1,left_right,1,1->1,5,5,Yaniv::Yaniv-LRJ(6)-4:7.csv::trial_5,18322,19512,73.288,78.048,4.76,8,sliding,19197,19446,76.788,77.784,1.0,1.0,0.5,observed_count 4 vs expected_count 5,0.018744769139909963,0.3212394441529201,0.3217858711158487,1.5918707459979236,0.10319478047967709,0.10354614684978561,0.03745072036605571,0.01544418160671876,0.02778511944873516,0.894421114355888,0.8948525815286051,4.7422112028764305,0.7999891298056284,0.8007611426684089,0.06921553993560484,0.03603411448566262,0.013920274486222083,0.5125986731683015,0.5127876497885602,2.2870869639329854,0.2627573997339033,0.26295117377567506,0.0462051835212498,0.012567029472173967,-0.0017387212243697014,0.35023376249336474,0.3502380783720621,1.5285411676986425,0.12266368839025864,0.12266671154175472,0.046145771087467716,0.017950410895739042,-0.03176481956954912,-0.02058993287894386,-0.008754463155194084,0.002877152134544793,-0.008695050721412002,-0.002506229289020282,0.02301035641435504,0.023467085013488653,0.02306976884813712,0.01808370358992358,5.941243378208144e-05,-0.005383381423565075,RIGHT,0.05333333333333334,0.46,0.4866666666666667,5,0.05333333333333334,0.05,0.22333333333333333,0.13333333333333333,0.3933333333333333,0.14666666666666667,Ben-LRJ(1-6)-4:9.csv_to_Yaniv-LRJ(6)-4:7.csv,RandomForest,False
lrj,Yaniv,Yaniv LRJ,Yaniv-LRJ(6)-4:7.csv,/Users/yanivnaggar/Desktop/Spring 2026/IS/OPENBCI_runs/Yaniv/Yaniv-LRJ(6)-4:7.csv,yaniv,LEFT,6,3,False,-3,left_right,1,1->1,6,6,Yaniv::Yaniv-LRJ(6)-4:7.csv::trial_6,20640,21885,82.56,87.54,4.98,1,sliding,20640,20889,82.56,83.556,1.0,1.0,0.5,observed_count 3 vs expected_count 6,-0.013924816881340313,0.23673484944753084,0.23714402684470878,1.1431479882586721,0.0560433889429451,0.056237289468123966,0.009824893312369961,0.006670307499770104,0.010625686372223086,0.20320412477267086,0.20348174742592526,1.0148729872537334,0.04129191632462719,0.041404821535508035,0.008662122171388568,0.005282007478374163,-0.023939957178627645,0.20785422583436505,0.2092283459450888,1.0180640212364591,0.04320337919720323,0.04377650074691775,0.0036637990537505623,0.011336408682183788,0.0227446112611809,0.2556566641572558,0.25666641242951543,1.3607984314582886,0.06536032992801588,0.06587764726943812,0.008398529349608745,0.007299757641321369,0.0011627711409813932,0.0013883000213959409,0.006161094258619399,-0.004666101182413684,0.0014263639627612162,-0.0006294501415512648,0.004998323117638006,-0.006054401203809625,0.000263592821779823,-0.0020177501629472057,-0.004734730295858183,0.004036651040862419,RIGHT,0.19666666666666666,0.02,0.7833333333333333,5,0.19,0.11,0.04666666666666667,0.17666666666666667,0.24666666666666667,0.23,Ben-LRJ(1-6)-4:9.csv_to_Yaniv-LRJ(6)-4:7.csv,RandomForest,False
lrj,Yaniv,Yaniv LRJ,Yaniv-LRJ(6)-4:7.csv,/Users/yanivnaggar/Desktop/Spring 2026/IS/OPENBCI_runs/Yaniv/Yaniv-LRJ(6)-4:7.csv,yaniv,LEFT,6,3,False,-3,left_right,1,1->1,6,6,Yaniv::Yaniv-LRJ(6)-4:7.csv::trial_6,20640,21885,82.56,87.54,4.98,2,sliding,20765,21014,83.06,84.056,1.0,1.0,0.5,observed_count 3 vs expected_count 6,-0.009154007141360169,0.27654563321295844,0.276697096291053,1.2979365609371196,0.07647748724915615,0.07656128309590024,0.02541044091306258,0.004153733698828659,0.0021812886788469665,0.37677386398573937,0.37678017809200753,1.7835176217611066,0.14195854458274443,0.1419633026030449,0.03865749131127488,0.009965116043808609,-0.005107878621495225,0.4175390179690865,0.4175702598971831,2.1485325886215274,0.17433883152658913,0.17436492195060105,0.03784762583076021,0.01117798833836003,0.00028486396587358744,0.3557846712677567,0.3557847853078948,1.660528150126317,0.12658273230910572,0.1265828134565848,0.04338980124898822,0.016974097817916402,-0.013247050398212303,-0.00581138234497995,-0.012437184917697634,-0.007024254639531372,-0.017979360335925638,-0.012820364119087744,0.0008098654805146696,-0.0012128722945514217,-0.004732309937713335,-0.007008981774107793,-0.005542175418228004,-0.005796109479556371,RIGHT,0.043333333333333335,0.02,0.9366666666666666,3,0.043333333333333335,0.006666666666666667,0.4033333333333333,0.10333333333333333,0.39,0.05333333333333334,Ben-LRJ(1-6)-4:9.csv_to_Yaniv-LRJ(6)-4:7.csv,RandomForest,False
lrj,Yaniv,Yaniv LRJ,Yaniv-LRJ(6)-4:7.csv,/Users/yanivnaggar/Desktop/Spring 2026/IS/OPENBCI_runs/Yaniv/Yaniv-LRJ(6)-4:7.csv,yaniv,LEFT,6,3,False,-3,left_right,1,1->1,6,6,Yaniv::Yaniv-LRJ(6)-4:7.csv::trial_6,20640,21885,82.56,87.54,4.98,3,sliding,20890,21139,83.56,84.556,1.0,1.0,0.5,observed_count 3 vs expected_count 6,0.02351542945542033,0.31340143407340204,0.31428241169645144,1.2979365609371196,0.09822045887926495,0.09877343430173778,0.012925605918757823,0.0048112590180920565,0.004214693875496788,0.39806068879874096,0.3980830009073387,1.7835176217611066,0.15845231196692808,0.15847007561139226,0.06335153594553367,0.013241470763568713,0.03974865400534738,0.5023691669809606,0.5039392179900082,2.1717670167531176,0.2523747799331442,0.25395473542838104,0.20898908822490145,0.00946968670279831,0.0015994118928181838,0.3883531149409078,0.38835640847385133,1.767145490839049,0.15081814188430592,0.15082070000270886,0.08980890342833112,0.012753140189168916,-0.05042593002677584,-0.008430211745476656,-0.19606348230614362,-0.004658427684706254,-0.07688329750957329,-0.007941881171076859,-0.14563755227936778,0.003771784060770403,-0.02645736748279745,0.0004883305743997972,0.11918018479657033,-0.0032834534863706057,RIGHT,0.02666666666666667,0.07333333333333333,0.9,3,0.02666666666666667,0.006666666666666667,0.5333333333333333,0.12333333333333334,0.25333333333333335,0.056666666666666664,Ben-LRJ(1-6)-4:9.csv_to_Yaniv-LRJ(6)-4:7.csv,RandomForest,False
lrj,Yaniv,Yaniv LRJ,Yaniv-LRJ(6)-4:7.csv,/Users/yanivnaggar/Desktop/Spring 2026/IS/OPENBCI_runs/Yaniv/Yaniv-LRJ(6)-4:7.csv,yaniv,LEFT,6,3,False,-3,left_right,1,1->1,6,6,Yaniv::Yaniv-LRJ(6)-4:7.csv::trial_6,20640,21885,82.56,87.54,4.98,4,sliding,21015,21264,84.06,85.056,1.0,1.0,0.5,observed_count 3 vs expected_count 6,-0.02962256568351735,0.30363455700161873,0.305076122637029,1.5815870606627618,0.09219394420556927,0.09307144060324356,0.01251302989671273,0.005604933070650839,0.0027601593894452494,0.30805274506424807,0.3080651103605758,1.3750850076090884,0.09489649374161863,0.09490411222147377,0.022368220278908224,0.007958476461276993,0.004345705435289252,0.47993167290835603,0.4799513473429818,2.206888569926975,0.23033441066061322,0.23035329581634356,0.07380777958979237,0.012077614072904882,-0.019962882960975085,0.40235435962734467,0.40284928621910726,1.8432607476219887,0.1618890307111306,0.1622875474072442,0.0900994820370419,0.017527728320974708,-0.009855190382195494,-0.0023535433906261543,-0.061294749693079645,-0.006472681002254043,-0.07758645214032918,-0.01192279525032387,-0.05143955931088415,-0.004119137611627889,-0.06773126175813368,-0.009569251859697715,-0.016291702447249534,-0.005450114248069826,RIGHT,0.04,0.0,0.96,5,0.03,0.01,0.36333333333333334,0.056666666666666664,0.49333333333333335,0.04666666666666667,Ben-LRJ(1-6)-4:9.csv_to_Yaniv-LRJ(6)-4:7.csv,RandomForest,False
lrj,Yaniv,Yaniv LRJ,Yaniv-LRJ(6)-4:7.csv,/Users/yanivnaggar/Desktop/Spring 2026/IS/OPENBCI_runs/Yaniv/Yaniv-LRJ(6)-4:7.csv,yaniv,LEFT,6,3,False,-3,left_right,1,1->1,6,6,Yaniv::Yaniv-LRJ(6)-4:7.csv::trial_6,20640,21885,82.56,87.54,4.98,5,sliding,21140,21389,84.56,85.556,1.0,1.0,0.5,observed_count 3 vs expected_count 6,-0.021421705115412373,0.3108737471196875,0.3116109370646144,1.5815870606627618,0.09664248664823542,0.09710137609828709,0.041860531672665166,0.004174992087303048,-0.02295505615274344,0.34120796187625035,0.34197925061430307,1.4578376640475983,0.11642287324774471,0.1169498078507203,0.01878736047030069,0.017795377324604206,-0.04321118772038922,0.4752545061342914,0.47721489116031984,2.206888569926975,0.22586684560094922,0.22773405234515592,0.23050340763409635,0.014210162829022766,-0.0259304965870739,0.394239648414181,0.3950914970421273,1.9094556668887324,0.15542490038173706,0.15609729103498932,0.10589109881345343,0.02535007789198672,0.023073171202364476,-0.013620385237301157,-0.1886428759614312,-0.010035170741719716,-0.06403056714078827,-0.02117508580468367,-0.21171604716379566,0.0035852144955814402,-0.08710373834315274,-0.0075547005673825135,0.12461230882064292,-0.011139915062963954,RIGHT,0.016666666666666666,0.0,0.9833333333333333,3,0.02,0.016666666666666666,0.45666666666666667,0.14666666666666667,0.30333333333333334,0.056666666666666664,Ben-LRJ(1-6)-4:9.csv_to_Yaniv-LRJ(6)-4:7.csv,RandomForest,False
lrj,Yaniv,Yaniv LRJ,Yaniv-LRJ(6)-4:7.csv,/Users/yanivnaggar/Desktop/Spring 2026/IS/OPENBCI_runs/Yaniv/Yaniv-LRJ(6)-4:7.csv,yaniv,LEFT,6,3,False,-3,left_right,1,1->1,6,6,Yaniv::Yaniv-LRJ(6)-4:7.csv::trial_6,20640,21885,82.56,87.54,4.98,6,sliding,21265,21514,85.06,86.056,1.0,1.0,0.5,observed_count 3 vs expected_count 6,-0.007815798756773807,0.30027237690644737,0.3003740785141986,1.4733001159082395,0.0901635003330476,0.09022458704325396,0.03321081426308249,0.0068697176905601134,-0.026348312444863603,0.3147082090117324,0.31580926266983433,1.3480772597869706,0.09904125681937226,0.09973549038806442,0.017306297566025693,0.014132449447847197,-0.012454683837896972,0.40650829785714054,0.40669904767064763,2.1292637549412685,0.16524899622670972,0.1654041153762117,0.044307344495560404,0.0069212717233130714,-0.0019295803549820932,0.28768897491100043,0.28769544585496754,1.642452799294782,0.08276494628534223,0.08276866956568857,0.012373689524398653,0.018034974418891948,0.015904516697056798,-0.0072627317572870834,-0.011096530232477912,-5.1554032752957994e-05,0.02083712473868384,-0.011165256728331834,-0.02700104692953471,0.0072111777245341254,0.00493260804162704,-0.0039025249710447508,0.031933654971161754,-0.011113702695578875,RIGHT,0.013333333333333334,0.006666666666666667,0.98,5,0.09666666666666666,0.043333333333333335,0.056666666666666664,0.11666666666666667,0.36,0.32666666666666666,Ben-LRJ(1-6)-4:9.csv_to_Yaniv-LRJ(6)-4:7.csv,RandomForest,False
lrj,Yaniv,Yaniv LRJ,Yaniv-LRJ(6)-4:7.csv,/Users/yanivnaggar/Desktop/Spring 2026/IS/OPENBCI_runs/Yaniv/Yaniv-LRJ(6)-4:7.csv,yaniv,LEFT,6,3,False,-3,left_right,1,1->1,6,6,Yaniv::Yaniv-LRJ(6)-4:7.csv::trial_6,20640,21885,82.56,87.54,4.98,7,sliding,21390,21639,85.56,86.556,1.0,1.0,0.5,observed_count 3 vs expected_count 6,-0.012765639758451772,0.2869323040300472,0.28721613578354893,1.4709808449288873,0.08233014709599146,0.08249310865443403,0.02795133893957861,0.005072534515389682,-0.04664403132141546,0.4422280218607394,0.44468110930955435,2.401406932613048,0.1955656233188626,0.19774128897677581,0.04844417832108009,0.008984253933975665,0.03894679565634341,0.3722645729549992,0.37429636008017086,1.9347492952055636,0.13858091227736793,0.14009776516926492,0.044023213686385024,0.005466260629471562,0.0021958064844463973,0.2220812364937389,0.22209209163926824,1.0572213909694854,0.049320075602587984,0.04932489716870512,0.03001510789983591,0.006904545338869759,-0.020492839381501482,-0.003911719418585983,-0.016071874746806415,-0.00039372611408187985,-0.0020637689602573013,-0.001832010823480077,0.004420964634695067,0.003517993304504103,0.01842907042124418,0.002079708595105906,0.014008105786549114,-0.001438284709398197,RIGHT,0.06,0.3933333333333333,0.5466666666666666,6,0.09333333333333334,0.07,0.09,0.09333333333333334,0.2866666666666667,0.36666666666666664,Ben-LRJ(1-6)-4:9.csv_to_Yaniv-LRJ(6)-4:7.csv,RandomForest,False
lrj,Yaniv,Yaniv LRJ,Yaniv-LRJ(6)-4:7.csv,/Users/yanivnaggar/Desktop/Spring 2026/IS/OPENBCI_runs/Yaniv/Yaniv-LRJ(6)-4:7.csv,yaniv,LEFT,6,3,False,-3,left_right,1,1->1,6,6,Yaniv::Yaniv-LRJ(6)-4:7.csv::trial_6,20640,21885,82.56,87.54,4.98,8,sliding,21515,21764,86.06,87.056,1.0,1.0,0.5,observed_count 3 vs expected_count 6,-0.003143623924065556,0.2493459475232772,0.24936576332298882,1.2761078843676144,0.06217340154628092,0.06218328391765688,0.00813049580742678,0.007311714494511458,0.0514939819032018,0.45886852556473784,0.4617487995936792,2.401406932613048,0.21056032375395645,0.21321195392620373,0.031282084167644816,0.019641121284288732,-0.027311773839013894,0.33191304920508946,0.333034840854307,1.5434538903670376,0.11016627223262014,0.11091220522285358,0.028901769257448088,0.00931508458842123,-0.014844825579505996,0.2131751089992006,0.21369135673514505,1.0564621152563372,0.04544362709682106,0.04566399594330702,0.004667268285993671,0.014470639239714242,-0.023151588360218037,-0.012329406789777274,-0.020771273450021308,-0.0020033700939097714,0.0034632275214331086,-0.007158924745202784,0.0023803149101967284,0.010326036695867503,0.026614815881651144,0.0051704820445744905,0.024234500971454416,-0.005155554651293012,RIGHT,0.08666666666666667,0.38333333333333336,0.53,6,0.06666666666666667,0.04,0.06,0.14333333333333334,0.22333333333333333,0.4666666666666667,Ben-LRJ(1-6)-4:9.csv_to_Yaniv-LRJ(6)-4:7.csv,RandomForest,False
lrj,Yaniv,Yaniv LRJ,Yaniv-LRJ(6)-4:7.csv,/Users/yanivnaggar/Desktop/Spring 2026/IS/OPENBCI_runs/Yaniv/Yaniv-LRJ(6)-4:7.csv,yaniv,RIGHT,1,1,True,0,left_right,2,2->2,7,1,Yaniv::Yaniv-LRJ(6)-4:7.csv::trial_7,22945,23336,91.78,93.344,1.564,1,sliding,22945,23194,91.78,92.776,1.0,1.0,0.5,,0.03221892913222961,0.19090412307928198,0.19360383158165356,0.9254420122435694,0.03644438420866965,0.03748244360309728,0.00652718578425738,0.007252389585897592,0.022572680168582163,0.19450525896293724,0.19581067809042585,0.9402732952776236,0.03783229576423928,0.03834182165423238,0.011815312508683359,0.009231252163246,0.03724712761285456,0.3216573068737524,0.3238066885978169,1.8324052147826064,0.1034634230652753,0.10485077158068357,0.0040938738018668425,0.0075087563650973735,0.02653952208784272,0.20398255985760969,0.205701801058509,0.9919903470243283,0.04160888472606332,0.042313230958714414,0.027321470535471497,0.011113154640988497,-0.005288126724425979,-0.0019788625773484083,0.0024333119823905375,-0.00025636677919978115,-0.02079428475121412,-0.0038607650550909044,0.0077214387068165165,0.0017224957981486272,-0.015506158026788138,-0.0018819024777424961,-0.023227596733604656,-0.0036043982758911233,RIGHT,0.17,0.013333333333333334,0.8166666666666667,5,0.12333333333333334,0.08666666666666667,0.05,0.15333333333333332,0.29333333333333333,0.29333333333333333,Ben-LRJ(1-6)-4:9.csv_to_Yaniv-LRJ(6)-4:7.csv,RandomForest,False
lrj,Yaniv,Yaniv LRJ,Yaniv-LRJ(6)-4:7.csv,/Users/yanivnaggar/Desktop/Spring 2026/IS/OPENBCI_runs/Yaniv/Yaniv-LRJ(6)-4:7.csv,yaniv,RIGHT,1,1,True,0,left_right,2,2->2,7,1,Yaniv::Yaniv-LRJ(6)-4:7.csv::trial_7,22945,23336,91.78,93.344,1.564,2,sliding,23070,23319,92.28,93.276,1.0,1.0,0.5,,-0.016591477998520926,0.19912826858417892,0.19981827867216828,0.9254420122435694,0.039652067349332895,0.0399273444915083,0.006548757553079721,0.007587235113590386,-0.009844546718422493,0.21240825022126744,0.21263626187024587,0.9402732952776236,0.045117264762060565,0.04521417986215178,0.02403586803381801,0.007201109240875271,-0.032679981909793154,0.37225625797800244,0.37368797521650265,1.8324052147826064,0.13857472160378512,0.1396427028214095,0.03111825511624229,0.004986209383725919,0.005979336493749269,0.26414059727274375,0.264208265564322,1.3288579406061156,0.0697702551276018,0.06980600759250728,0.046835690247327096,0.015316383049837954,-0.01748711048073829,0.00038612587271511477,-0.02456949756316257,0.0026010257298644665,-0.04028693269424737,-0.007729147936247569,-0.007082387082424282,0.0022148998571493517,-0.022799822213509086,-0.008115273808962684,-0.015717435131084805,-0.010330173666112035,RIGHT,0.12333333333333334,0.0,0.8766666666666667,5,0.16666666666666666,0.06,0.06333333333333334,0.17333333333333334,0.35,0.18666666666666668,Ben-LRJ(1-6)-4:9.csv_to_Yaniv-LRJ(6)-4:7.csv,RandomForest,False
lrj,Yaniv,Yaniv LRJ,Yaniv-LRJ(6)-4:7.csv,/Users/yanivnaggar/Desktop/Spring 2026/IS/OPENBCI_runs/Yaniv/Yaniv-LRJ(6)-4:7.csv,yaniv,RIGHT,2,2,True,0,left_right,2,2->2,8,2,Yaniv::Yaniv-LRJ(6)-4:7.csv::trial_8,24251,24807,97.004,99.228,2.224,1,sliding,24251,24500,97.004,98.0,1.0,1.0,0.5,,-0.0034374650445884196,0.24835511840399058,0.2483789061160246,1.0982566227474202,0.06168026483746018,0.061692081003392955,0.005552726651881143,0.0032348270381218945,-0.024035116185966775,0.2550820533417832,0.256211905943368,1.1075636419216417,0.06506685393706031,0.06564454074713325,0.012918059915971237,0.007154436422732887,0.01023990092446454,0.42071545443904956,0.42084005177121486,2.1437483510624658,0.17700149360385597,0.1771063491747988,0.007586629609114589,0.004843071298234188,0.02125739385725381,0.23842611679913808,0.23937186544270123,1.0903196493382734,0.05684701317191624,0.05729888996551866,0.01128581810559122,0.005939748537782955,-0.007365333264090094,-0.0039196093846109925,-0.002033902957233446,-0.0016082442601122937,-0.0057330914537100765,-0.0027049214996610607,0.0053314303068566484,0.002311365124498699,0.0016322418103800179,0.0012146878849499318,-0.0036991884964766306,-0.001096677239548767,RIGHT,0.04666666666666667,0.013333333333333334,0.94,6,0.15,0.06666666666666667,0.043333333333333335,0.15333333333333332,0.21666666666666667,0.37,Ben-LRJ(1-6)-4:9.csv_to_Yaniv-LRJ(6)-4:7.csv,RandomForest,False
lrj,Yaniv,Yaniv LRJ,Yaniv-LRJ(6)-4:7.csv,/Users/yanivnaggar/Desktop/Spring 2026/IS/OPENBCI_runs/Yaniv/Yaniv-LRJ(6)-4:7.csv,yaniv,RIGHT,2,2,True,0,left_right,2,2->2,8,2,Yaniv::Yaniv-LRJ(6)-4:7.csv::trial_8,24251,24807,97.004,99.228,2.224,2,sliding,24376,24625,97.504,98.5,1.0,1.0,0.5,,0.018999972852646593,0.2332839852409305,0.23405643921561312,1.0979752156734848,0.05442141776989068,0.054782416738292,0.006505330293442482,0.0035057909958325457,0.004964279827570515,0.28098152534413184,0.2810253754715425,1.2764470063959683,0.078950617584715,0.07897526165892142,0.02318860801943178,0.010504635303923007,0.020406955361073516,0.4374701643409179,0.4379458739565639,2.1437483510624658,0.19138014468846973,0.1917965885155786,0.008849361642020643,0.0060136871622535944,-0.007021521995303912,0.2722099188473436,0.272300462155333,1.1841728769779398,0.07409823991887737,0.07414754169000792,0.02152145343537815,0.011554637343776658,-0.016683277725989296,-0.006998844308090461,-0.002344031348578161,-0.0025078961664210487,-0.015016123141935667,-0.008048846347944113,0.014339246377411135,0.004490948141669412,0.001667154584053629,-0.0010500020398536512,-0.012672091793357506,-0.005540950181523063,RIGHT,0.05,0.06666666666666667,0.8833333333333333,6,0.13666666666666666,0.05,0.03666666666666667,0.16,0.28,0.33666666666666667,Ben-LRJ(1-6)-4:9.csv_to_Yaniv-LRJ(6)-4:7.csv,RandomForest,False
lrj,Yaniv,Yaniv LRJ,Yaniv-LRJ(6)-4:7.csv,/Users/yanivnaggar/Desktop/Spring 2026/IS/OPENBCI_runs/Yaniv/Yaniv-LRJ(6)-4:7.csv,yaniv,RIGHT,2,2,True,0,left_right,2,2->2,8,2,Yaniv::Yaniv-LRJ(6)-4:7.csv::trial_8,24251,24807,97.004,99.228,2.224,3,sliding,24501,24750,98.004,99.0,1.0,1.0,0.5,,-0.017899675740446538,0.27691123854571,0.2774891573098528,1.4643298281213382,0.07667983403291909,0.07700023242453222,0.016327733893409156,0.008154982262179299,-0.01143812626230259,0.35713830164902,0.3573214200648189,2.1148255128201883,0.1275477665047464,0.12767859723713876,0.1320923953759377,0.0039049215990678114,-0.023629827642199126,0.3873796817043818,0.38809971212536115,2.118517395191604,0.15006301779738818,0.1506213865517882,0.03044428306845519,0.004056165721794496,-0.034133292791253565,0.2884844067778494,0.29049670330442845,1.4420465345241955,0.08322325295396771,0.08438833463074114,0.05750932322587283,0.006687915014841232,-0.11576466148252854,0.0042500606631114875,-0.014116549175046032,0.004098816540384803,-0.04118158933246367,0.0014670672473380665,0.10164811230748251,-0.00015124412272668475,0.07458307215006488,-0.002782993415773421,-0.02706504015741764,-0.0026317492930467363,RIGHT,0.056666666666666664,0.20666666666666667,0.7366666666666667,5,0.07333333333333333,0.11666666666666667,0.13666666666666666,0.11,0.35333333333333333,0.21,Ben-LRJ(1-6)-4:9.csv_to_Yaniv-LRJ(6)-4:7.csv,RandomForest,False
lrj,Yaniv,Yaniv LRJ,Yaniv-LRJ(6)-4:7.csv,/Users/yanivnaggar/Desktop/Spring 2026/IS/OPENBCI_runs/Yaniv/Yaniv-LRJ(6)-4:7.csv,yaniv,RIGHT,3,2,False,-1,left_right,2,2->2,9,3,Yaniv::Yaniv-LRJ(6)-4:7.csv::trial_9,25672,26363,102.688,105.452,2.764,1,sliding,25672,25921,102.688,103.684,1.0,1.0,0.5,observed_count 2 vs expected_count 3,-0.0017731529606281953,0.31218669791626164,0.31219173343841283,1.5484550770370125,0.0974605343558592,0.097463678427281,0.01598233389031503,0.005681262998835016,-0.003305126975297938,0.2356458583236125,0.2356690357458843,1.0953105701020607,0.055528970545072054,0.05553989440939489,0.006046433830832338,0.00549781767229004,0.012544886194730116,0.40258941136420306,0.4027848163873785,2.1135447455878933,0.16207823414257552,0.16223560831221423,0.01781824978404013,0.0027147634295996235,0.004153101375498846,0.22405263438320752,0.22409112259322195,1.1714015108070308,0.05019958297405526,0.05021683122509042,0.005985538339275341,0.0052828893316634006,0.009935900059482694,0.00018344532654497592,-0.0018359158937250979,0.0029664995692353924,0.00999679555103969,0.0003983736671716153,-0.011771815953207792,0.0027830542426904165,6.089549155699741e-05,0.0002149283406266394,0.011832711444764788,-0.002568125902063777,RIGHT,0.043333333333333335,0.006666666666666667,0.95,6,0.1,0.15,0.04666666666666667,0.18,0.15333333333333332,0.37,Ben-LRJ(1-6)-4:9.csv_to_Yaniv-LRJ(6)-4:7.csv,RandomForest,False
lrj,Yaniv,Yaniv LRJ,Yaniv-LRJ(6)-4:7.csv,/Users/yanivnaggar/Desktop/Spring 2026/IS/OPENBCI_runs/Yaniv/Yaniv-LRJ(6)-4:7.csv,yaniv,RIGHT,3,2,False,-1,left_right,2,2->2,9,3,Yaniv::Yaniv-LRJ(6)-4:7.csv::trial_9,25672,26363,102.688,105.452,2.764,2,sliding,25797,26046,103.188,104.184,1.0,1.0,0.5,observed_count 2 vs expected_count 3,0.024191775026486475,0.41119967568647436,0.4119106884551478,2.069220656843325,0.1690851732846617,0.16967041526359383,0.0030045765621912017,0.007173099841322227,0.032733626817372984,0.3664005606769536,0.36785983905423136,1.8065775930747772,0.13424937086438593,0.135320861189005,0.001075635401270479,0.0048278212094021574,0.0043498878723080385,0.5181494093491101,0.518167667780742,2.4789179819054112,0.2684788104088317,0.2684977319333334,0.004050626618991046,0.006871523162485269,0.027218312837256304,0.29436338138304274,0.29561907389910663,1.2555144929904247,0.08664980029925869,0.08739063685296546,0.004205381650122423,0.006446147469521952,0.0019289411609207227,0.0023452786319200693,-0.001046050056799844,0.0003015766788369576,-0.0012008050879312214,0.0007269523718002749,-0.002974991217720567,-0.0020437019530831118,-0.0031297462488519443,-0.0016183262601197944,-0.00015475503113137733,0.00042537569296331734,RIGHT,0.31333333333333335,0.07666666666666666,0.61,5,0.09333333333333334,0.15666666666666668,0.1,0.13666666666666666,0.2633333333333333,0.25,Ben-LRJ(1-6)-4:9.csv_to_Yaniv-LRJ(6)-4:7.csv,RandomForest,False
lrj,Yaniv,Yaniv LRJ,Yaniv-LRJ(6)-4:7.csv,/Users/yanivnaggar/Desktop/Spring 2026/IS/OPENBCI_runs/Yaniv/Yaniv-LRJ(6)-4:7.csv,yaniv,RIGHT,3,2,False,-1,left_right,2,2->2,9,3,Yaniv::Yaniv-LRJ(6)-4:7.csv::trial_9,25672,26363,102.688,105.452,2.764,3,sliding,25922,26171,103.688,104.684,1.0,1.0,0.5,observed_count 2 vs expected_count 3,-0.016686522662305334,0.37950005622244165,0.3798667301980999,1.8240659617170014,0.1440202926728364,0.14429873271139604,0.014221256503317382,0.00981980440884332,-0.038778273706028446,0.3707617004080183,0.3727841104460661,1.818652951194879,0.1374642384894451,0.13896799300106477,0.029399602042789144,0.013991141390688806,-0.011841866524429517,0.38893323076313663,0.38911346390819435,2.156419484492151,0.15126905799185128,0.15140928779463367,0.025957440459764135,0.01474100374201998,0.015371030822587641,0.27907666545635224,0.2794996489993962,1.1668332891145923,0.07788378520223675,0.07812005379078568,0.007204383750832429,0.010866562513468755,-0.015178345539471762,-0.004171336981845486,-0.011736183956446752,-0.004921199333176659,0.007016872752484953,-0.0010467581046254351,0.0034421615830250094,-0.0007498623513311729,0.022195218291956715,0.003124578877220051,0.018753056708931706,0.003874441228551224,RIGHT,0.03333333333333333,0.21666666666666667,0.75,6,0.10333333333333333,0.04666666666666667,0.06666666666666667,0.10333333333333333,0.2633333333333333,0.4166666666666667,Ben-LRJ(1-6)-4:9.csv_to_Yaniv-LRJ(6)-4:7.csv,RandomForest,False
lrj,Yaniv,Yaniv LRJ,Yaniv-LRJ(6)-4:7.csv,/Users/yanivnaggar/Desktop/Spring 2026/IS/OPENBCI_runs/Yaniv/Yaniv-LRJ(6)-4:7.csv,yaniv,RIGHT,3,2,False,-1,left_right,2,2->2,9,3,Yaniv::Yaniv-LRJ(6)-4:7.csv::trial_9,25672,26363,102.688,105.452,2.764,4,sliding,26047,26296,104.188,105.184,1.0,1.0,0.5,observed_count 2 vs expected_count 3,-0.032415877918958794,0.41707963916740953,0.418337441008181,2.041215177567323,0.17395542540801653,0.17500621454927331,0.011612342776133374,0.005280779155991323,-0.025429467403918552,0.5322813991077617,0.5328884926967022,2.6941323819450558,0.28332348783611633,0.28397014564856327,0.013572582624871843,0.00557749387149711,0.0007125697549962311,0.40973515641958386,0.40973577603357586,2.1255103059493465,0.16788289840618087,0.16788340616183664,0.014204242885528573,0.009498398399626263,-0.09257424680522737,0.35747108712957604,0.36926354992763105,1.773353425786479,0.12778557813360095,0.13635556930515608,0.015492776497806147,0.013340937687116926,-0.001960239848738469,-0.00029671471550578657,-0.002591900109395199,-0.004217619243634939,-0.0038804337216727727,-0.008060158531125603,-0.0006316602606567297,-0.003920904528129153,-0.0019201938729343036,-0.0077634438156198166,-0.0012885336122775738,-0.003842539287490664,RIGHT,0.11333333333333333,0.37,0.5166666666666667,5,0.06,0.17666666666666667,0.20666666666666667,0.11,0.29,0.15666666666666668,Ben-LRJ(1-6)-4:9.csv_to_Yaniv-LRJ(6)-4:7.csv,RandomForest,False
lrj,Yaniv,Yaniv LRJ,Yaniv-LRJ(6)-4:7.csv,/Users/yanivnaggar/Desktop/Spring 2026/IS/OPENBCI_runs/Yaniv/Yaniv-LRJ(6)-4:7.csv,yaniv,RIGHT,4,3,False,-1,left_right,2,2->2,10,4,Yaniv::Yaniv-LRJ(6)-4:7.csv::trial_10,27192,28137,108.768,112.548,3.78,1,sliding,27192,27441,108.768,109.764,1.0,1.0,0.5,observed_count 3 vs expected_count 4,-0.02011513684512193,0.312863512809403,0.3135094837125944,1.521410709299169,0.09788357764743949,0.09828819637773749,0.018051441800380215,0.0037663014098167037,0.019710532994821128,0.31370456773219607,0.3143231791118561,1.7841997696067067,0.098410555816044,0.09879906092698397,0.008461779353101394,0.006474309806494603,-0.03464813734632796,0.4458935099993765,0.44723765011583505,1.940806663595624,0.19882102225956408,0.20002151568113408,0.009231099953769232,0.0095819093804106,-0.015630648044466577,0.20168219940739346,0.20228699097098063,1.0708654132271545,0.04067570955780361,0.0409200267160936,0.025052515723042054,0.007934505579264279,0.00958966244727882,-0.0027080083966778993,0.008820341846610983,-0.0058156079705938965,-0.007001073922661839,-0.004168204169447575,-0.0007693206006678371,-0.003107599573915997,-0.01659073636994066,-0.0014601957727696756,-0.015821415769272824,0.0016474038011463216,RIGHT,0.03666666666666667,0.0,0.9633333333333334,6,0.09,0.10333333333333333,0.06666666666666667,0.09666666666666666,0.30333333333333334,0.34,Ben-LRJ(1-6)-4:9.csv_to_Yaniv-LRJ(6)-4:7.csv,RandomForest,False
lrj,Yaniv,Yaniv LRJ,Yaniv-LRJ(6)-4:7.csv,/Users/yanivnaggar/Desktop/Spring 2026/IS/OPENBCI_runs/Yaniv/Yaniv-LRJ(6)-4:7.csv,yaniv,RIGHT,4,3,False,-1,left_right,2,2->2,10,4,Yaniv::Yaniv-LRJ(6)-4:7.csv::trial_10,27192,28137,108.768,112.548,3.78,2,sliding,27317,27566,109.268,110.264,1.0,1.0,0.5,observed_count 3 vs expected_count 4,0.02377960033906656,0.4016135078142416,0.4023168888465231,2.0406744533672896,0.1612934096588599,0.16185887905114565,0.04324054800606062,0.012990967476216373,0.018908472509635652,0.40954276232526865,0.40997902934864744,1.9092325912371055,0.16772527417301147,0.1680828045056591,0.030594059028545912,0.013280990314923836,0.007360500763623008,0.5683872279224947,0.5684348844299665,2.5753522620801546,0.323064040865418,0.3231182178369093,0.02171265297574658,0.006560189959957128,0.014222916034840992,0.26255776385603463,0.26294271372604217,1.3139875567595127,0.06893657936108123,0.06913887070161535,0.020989011065791537,0.007671320594194878,0.012646488977514709,-0.00029002283870746375,0.02152789503031404,0.006430777516259245,0.022251536940269084,0.005319646882021495,0.008881406052799332,0.006720800354966709,0.009605047962754375,0.005609669720728959,0.0007236419099550424,-0.00111113063423775,RIGHT,0.02666666666666667,0.41333333333333333,0.56,6,0.06666666666666667,0.07333333333333333,0.07333333333333333,0.21,0.19,0.38666666666666666,Ben-LRJ(1-6)-4:9.csv_to_Yaniv-LRJ(6)-4:7.csv,RandomForest,False
lrj,Yaniv,Yaniv LRJ,Yaniv-LRJ(6)-4:7.csv,/Users/yanivnaggar/Desktop/Spring 2026/IS/OPENBCI_runs/Yaniv/Yaniv-LRJ(6)-4:7.csv,yaniv,RIGHT,4,3,False,-1,left_right,2,2->2,10,4,Yaniv::Yaniv-LRJ(6)-4:7.csv::trial_10,27192,28137,108.768,112.548,3.78,3,sliding,27442,27691,109.768,110.764,1.0,1.0,0.5,observed_count 3 vs expected_count 4,0.013461016262569885,0.39306771057216694,0.3932981363460371,2.0406744533672896,0.1545022250944448,0.154683424053266,0.030387667005002512,0.00711753670035608,-0.036028540625093176,0.36135677324705634,0.36314841774555273,1.9051695773343424,0.13057871757152448,0.13187677331109848,0.08781307438188936,0.006321107363446868,0.026056305455962225,0.4811626427665565,0.4818676372699367,2.5753522620801546,0.2315174887940969,0.23219641984811126,0.07121161413546913,0.00969185482337149,0.017059177186636163,0.3695851356286534,0.36997863182072444,1.651011884589854,0.13659317247765013,0.13688418800393518,0.139023744419756,0.009347769833957364,-0.057425407376886846,0.0007964293369092119,-0.040823947130466616,-0.0025743181230154103,-0.1086360774147535,-0.0022302331336012836,0.01660146024642023,-0.003370747459924622,-0.051210670037866654,-0.0030266624705104954,-0.06781213028428688,0.0003440849894141267,RIGHT,0.043333333333333335,0.13333333333333333,0.8233333333333334,5,0.02,0.07,0.3333333333333333,0.14,0.35333333333333333,0.08333333333333333,Ben-LRJ(1-6)-4:9.csv_to_Yaniv-LRJ(6)-4:7.csv,RandomForest,False
lrj,Yaniv,Yaniv LRJ,Yaniv-LRJ(6)-4:7.csv,/Users/yanivnaggar/Desktop/Spring 2026/IS/OPENBCI_runs/Yaniv/Yaniv-LRJ(6)-4:7.csv,yaniv,RIGHT,4,3,False,-1,left_right,2,2->2,10,4,Yaniv::Yaniv-LRJ(6)-4:7.csv::trial_10,27192,28137,108.768,112.548,3.78,4,sliding,27567,27816,110.268,111.264,1.0,1.0,0.5,observed_count 3 vs expected_count 4,-0.04297062183881499,0.31187964981241817,0.3148259682877685,1.2954490460700772,0.09726891596711659,0.09911539030833103,0.007376320207053134,0.004074567404752853,-0.0805134389985313,0.4687525184346261,0.47561679679987623,2.9040278769922354,0.21972892353880452,0.22621133739817476,0.026431436256231365,0.01068278917195322,-0.015485339191331668,0.4594394662755582,0.4597003577347318,2.512162337264625,0.21108462317156979,0.21132441890144038,0.03369598561495254,0.0067161773920651905,-0.026775029980178857,0.38389698017118185,0.38482956437232346,1.651011884589854,0.1473768913845528,0.14809379361499225,0.08241530328940082,0.01371024475949081,-0.01905511604917823,-0.0066082217672003675,-0.026319665407899404,-0.0026416099873123374,-0.07503898308234769,-0.009635677354737957,-0.007264549358721173,0.00396661177988803,-0.05598386703316945,-0.00302745558753759,-0.04871931767444828,-0.00699406736742562,RIGHT,0.07666666666666666,0.2833333333333333,0.64,5,0.03333333333333333,0.02,0.35333333333333333,0.07666666666666666,0.43666666666666665,0.08,Ben-LRJ(1-6)-4:9.csv_to_Yaniv-LRJ(6)-4:7.csv,RandomForest,False
lrj,Yaniv,Yaniv LRJ,Yaniv-LRJ(6)-4:7.csv,/Users/yanivnaggar/Desktop/Spring 2026/IS/OPENBCI_runs/Yaniv/Yaniv-LRJ(6)-4:7.csv,yaniv,RIGHT,4,3,False,-1,left_right,2,2->2,10,4,Yaniv::Yaniv-LRJ(6)-4:7.csv::trial_10,27192,28137,108.768,112.548,3.78,5,sliding,27692,27941,110.768,111.764,1.0,1.0,0.5,observed_count 3 vs expected_count 4,0.005006959923320835,0.25601994300443565,0.2560688986653167,1.1643862306724748,0.06554621121599448,0.06557128086366822,0.009364459123020398,0.009884778514989114,0.0017051845783121423,0.4697741879008135,0.4697772826269007,2.9040278769922354,0.2206877876178688,0.22069069527231494,0.10740234726346823,0.07644646981033593,-0.0002725833254275436,0.49004374830040043,0.49004382411165587,2.512162337264625,0.24014287524830621,0.2401429495499755,0.09762303163183818,0.02054027503101966,0.007994324074908042,0.3130949355240544,0.3131969793408398,1.4188478659667045,0.09802843865081176,0.09809234786822642,0.018983890110619094,0.016915089375414055,-0.09803788814044784,-0.06656169129534681,-0.08825857250881777,-0.010655496516030545,-0.009619430987598696,-0.007030310860424941,0.00977931563163005,0.05590619477931627,0.08841845715284913,0.05953138043492187,0.07863914152121909,0.003625185655605604,RIGHT,0.09,0.43333333333333335,0.4766666666666667,5,0.10333333333333333,0.02,0.15333333333333332,0.12,0.38,0.22333333333333333,Ben-LRJ(1-6)-4:9.csv_to_Yaniv-LRJ(6)-4:7.csv,RandomForest,False
lrj,Yaniv,Yaniv LRJ,Yaniv-LRJ(6)-4:7.csv,/Users/yanivnaggar/Desktop/Spring 2026/IS/OPENBCI_runs/Yaniv/Yaniv-LRJ(6)-4:7.csv,yaniv,RIGHT,4,3,False,-1,left_right,2,2->2,10,4,Yaniv::Yaniv-LRJ(6)-4:7.csv::trial_10,27192,28137,108.768,112.548,3.78,6,sliding,27817,28066,111.268,112.264,1.0,1.0,0.5,observed_count 3 vs expected_count 4,-0.02514594565531049,0.4381799199495484,0.43890085535333884,2.6235151022819205,0.19200164224699265,0.19263396082989245,0.06123224171472083,0.004426601901224662,0.06371150841000159,0.501840324097846,0.5058684287386482,2.6012397548343085,0.25184371089063107,0.2559028671945088,0.019415693052616485,0.012984133186289236,-0.04467750227788335,0.7406699717220231,0.7420162304292895,4.175550080967413,0.5485920070107024,0.5505880862204926,0.28050234642627436,0.011586470104674491,0.05806670212446778,0.38859524785184857,0.39290966970622054,2.105492083246853,0.15100626665303962,0.1543780085486513,0.10479868385806662,0.019397993917744664,0.041816548662104346,-0.008557531285064573,-0.21927010471155353,-0.007159868203449829,-0.04356644214334579,-0.01497139201652,-0.2610866533736579,0.0013976630816147449,-0.08538299080545014,-0.006413860731455428,0.17570366256820774,-0.007811523813070173,RIGHT,0.10666666666666667,0.33,0.5633333333333334,3,0.16333333333333333,0.20333333333333334,0.24666666666666667,0.15333333333333332,0.16,0.07333333333333333,Ben-LRJ(1-6)-4:9.csv_to_Yaniv-LRJ(6)-4:7.csv,RandomForest,False
lrj,Yaniv,Yaniv LRJ,Yaniv-LRJ(6)-4:7.csv,/Users/yanivnaggar/Desktop/Spring 2026/IS/OPENBCI_runs/Yaniv/Yaniv-LRJ(6)-4:7.csv,yaniv,RIGHT,5,4,False,-1,left_right,2,2->2,11,5,Yaniv::Yaniv-LRJ(6)-4:7.csv::trial_11,29234,30522,116.936,122.088,5.152,1,sliding,29234,29483,116.936,117.932,1.0,1.0,0.5,observed_count 4 vs expected_count 5,-0.019465662466559414,0.34516518542554303,0.3457136347399557,1.925069947477156,0.1191390052298495,0.11951791724511152,0.023489503148213096,0.0037658224288609353,-0.019724596551409432,0.26336254380194973,0.2641001499184538,1.4604566377644013,0.0693598294778339,0.06974888918694978,0.0074372386501018375,0.010345058968769421,-0.03739235560473865,0.46536078622899596,0.4668606318992216,2.2651443716960875,0.21656066135966928,0.2179588496173405,0.011245125299394816,0.02177964590450451,-0.011653759975439033,0.22314739736909664,0.2234514960213215,1.2234540725790612,0.04979476095260151,0.04993057107416666,0.01616358226935196,0.01071816701881111,0.016052264498111257,-0.006579236539908486,0.01224437784881828,-0.018013823475643575,0.007325920878861136,-0.006952344589950175,-0.0038078866492929787,-0.011434586935735088,-0.008726343619250123,-0.0003731080500416883,-0.004918456969957144,0.0110614788856934,RIGHT,0.09333333333333334,0.05333333333333334,0.8533333333333334,6,0.11333333333333333,0.05,0.03666666666666667,0.12,0.26666666666666666,0.41333333333333333,Ben-LRJ(1-6)-4:9.csv_to_Yaniv-LRJ(6)-4:7.csv,RandomForest,False
lrj,Yaniv,Yaniv LRJ,Yaniv-LRJ(6)-4:7.csv,/Users/yanivnaggar/Desktop/Spring 2026/IS/OPENBCI_runs/Yaniv/Yaniv-LRJ(6)-4:7.csv,yaniv,RIGHT,5,4,False,-1,left_right,2,2->2,11,5,Yaniv::Yaniv-LRJ(6)-4:7.csv::trial_11,29234,30522,116.936,122.088,5.152,2,sliding,29359,29608,117.436,118.432,1.0,1.0,0.5,observed_count 4 vs expected_count 5,0.013719940765960644,0.4186295665367704,0.4188543311861365,1.9331070229806038,0.1752507139787643,0.17543895075338575,0.008409815242464487,0.004765697404308612,-0.002577398833354682,0.3418597258501386,0.34186944166315614,1.5471337692767184,0.11686807215833192,0.11687471514307811,0.012266866097485672,0.013254114462030344,0.004374464324756296,0.47812820038297443,0.478148211268839,2.2651443716960875,0.22860657600146175,0.22862571193959028,0.029802065388668926,0.0031538933754898155,0.005243469398923061,0.22441701836871986,0.22447826644208518,1.0040157492565331,0.05036299813350635,0.05039049210484379,0.018244597065080387,0.01102979049805849,-0.003857050855021185,-0.008488417057721732,-0.02139225014620444,0.0016118040288187964,-0.0098347818226159,-0.006264093093749878,-0.017535199291183252,0.010100221086540528,-0.005977730967594715,0.002224323963971854,0.01155746832358854,-0.007875897122568674,RIGHT,0.04,0.08666666666666667,0.8733333333333333,5,0.08333333333333333,0.08,0.06,0.12333333333333334,0.4066666666666667,0.24666666666666667,Ben-LRJ(1-6)-4:9.csv_to_Yaniv-LRJ(6)-4:7.csv,RandomForest,True
lrj,Yaniv,Yaniv LRJ,Yaniv-LRJ(6)-4:7.csv,/Users/yanivnaggar/Desktop/Spring 2026/IS/OPENBCI_runs/Yaniv/Yaniv-LRJ(6)-4:7.csv,yaniv,RIGHT,5,4,False,-1,left_right,2,2->2,11,5,Yaniv::Yaniv-LRJ(6)-4:7.csv::trial_11,29234,30522,116.936,122.088,5.152,3,sliding,29484,29733,117.936,118.932,1.0,1.0,0.5,observed_count 4 vs expected_count 5,0.008374549115386593,0.45413749681278276,0.45421470593130986,2.3722070889515496,0.20624086601138028,0.2063109990842663,0.039861422572283506,0.013067874339568348,0.004571539371122203,0.4007326915171688,0.4007587666200405,1.7354207514919526,0.16058669005059437,0.16060758902281608,0.006917763558444415,0.011862482319654224,0.031328824701428414,0.43344302473730406,0.4345737577795005,2.3827697768988143,0.18787285569342319,0.188854350950596,0.03120739211512735,0.01115129817213463,-0.0014419326134594642,0.3030986755868249,0.3031021054234845,1.573225210425597,0.09186880714248734,0.09187088631214911,0.00507970243505173,0.010496020924342717,0.03294365901383909,0.0012053920199141237,0.008654030457156157,0.0019165761674337176,0.03478172013723178,0.0025718534152256306,-0.024289628556682933,0.0007111841475195939,0.0018380611233926852,0.0013664613953115069,0.02612768968007562,0.000655277247791913,RIGHT,0.07666666666666666,0.19333333333333333,0.73,5,0.043333333333333335,0.05333333333333334,0.07,0.25,0.33,0.25333333333333335,Ben-LRJ(1-6)-4:9.csv_to_Yaniv-LRJ(6)-4:7.csv,RandomForest,True
lrj,Yaniv,Yaniv LRJ,Yaniv-LRJ(6)-4:7.csv,/Users/yanivnaggar/Desktop/Spring 2026/IS/OPENBCI_runs/Yaniv/Yaniv-LRJ(6)-4:7.csv,yaniv,RIGHT,5,4,False,-1,left_right,2,2->2,11,5,Yaniv::Yaniv-LRJ(6)-4:7.csv::trial_11,29234,30522,116.936,122.088,5.152,4,sliding,29609,29858,118.436,119.432,1.0,1.0,0.5,observed_count 4 vs expected_count 5,0.004342152257819329,0.3938735757172111,0.3938975094291555,2.3722070889515496,0.15513639364826162,0.15515524793449165,0.010305093579708326,0.003221035421208403,0.02460871619980898,0.340523323503414,0.3414113688247852,1.7354207514919526,0.11595613384981077,0.1165617227628135,0.007541008869145707,0.0032283712785112573,0.018851353461655954,0.4126636573759539,0.41309401792598616,2.3827697768988143,0.17029129411889868,0.17064666764623496,0.005533524751087961,0.003169196476256518,0.009731238104059998,0.29256302597207035,0.29272482156621465,1.573225210425597,0.08559312416593431,0.08568782116097222,0.0029153398452551878,0.0039002489422141195,0.002764084710562619,-7.335857302854382e-06,0.004771568828620365,5.183894495188477e-05,0.007389753734453138,-0.0006792135210057166,0.0020074841180577462,5.917480225473915e-05,0.004625669023890519,-0.0006718776637028622,0.002618184905832773,-0.0007310524659576013,RIGHT,0.056666666666666664,0.09333333333333334,0.85,6,0.08333333333333333,0.19666666666666666,0.06666666666666667,0.15666666666666668,0.21,0.2866666666666667,Ben-LRJ(1-6)-4:9.csv_to_Yaniv-LRJ(6)-4:7.csv,RandomForest,False
lrj,Yaniv,Yaniv LRJ,Yaniv-LRJ(6)-4:7.csv,/Users/yanivnaggar/Desktop/Spring 2026/IS/OPENBCI_runs/Yaniv/Yaniv-LRJ(6)-4:7.csv,yaniv,RIGHT,5,4,False,-1,left_right,2,2->2,11,5,Yaniv::Yaniv-LRJ(6)-4:7.csv::trial_11,29234,30522,116.936,122.088,5.152,5,sliding,29734,29983,118.936,119.932,1.0,1.0,0.5,observed_count 4 vs expected_count 5,0.015312432692702977,0.21299997320548472,0.21354966443547918,1.2663746101420297,0.04536898858553721,0.04560345918050576,0.006953481628647783,0.010673019093273355,0.006214688615331619,0.18401563167592652,0.18412054490380966,0.9567097032167069,0.03386175270109026,0.033900375055675794,0.007940409954382123,0.005795708383344857,0.0077208567396546855,0.2672472817176362,0.267358787426671,1.4512506893998496,0.07142110958546559,0.07148072121425986,0.004943803293336088,0.012702138926187673,0.02130867931503819,0.1742114386955761,0.17550978658335153,0.8749709372692765,0.030349625372382463,0.0308036851865336,0.000532149119373091,0.0072492667053299705,-0.0009869283257343394,0.004877310709928498,0.002009678335311695,-0.0020291198329143185,0.006421332509274692,0.0034237523879433844,0.0029966066610460345,-0.0069064305428428166,0.007408260835009031,-0.0014535583219851137,0.004411654173962997,0.005452872220857703,RIGHT,0.32,0.056666666666666664,0.6233333333333333,6,0.08333333333333333,0.1,0.04,0.15,0.2733333333333333,0.35333333333333333,Ben-LRJ(1-6)-4:9.csv_to_Yaniv-LRJ(6)-4:7.csv,RandomForest,False
lrj,Yaniv,Yaniv LRJ,Yaniv-LRJ(6)-4:7.csv,/Users/yanivnaggar/Desktop/Spring 2026/IS/OPENBCI_runs/Yaniv/Yaniv-LRJ(6)-4:7.csv,yaniv,RIGHT,5,4,False,-1,left_right,2,2->2,11,5,Yaniv::Yaniv-LRJ(6)-4:7.csv::trial_11,29234,30522,116.936,122.088,5.152,6,sliding,29859,30108,119.436,120.432,1.0,1.0,0.5,observed_count 4 vs expected_count 5,-0.006634027939814821,0.20798974215603214,0.20809551453320413,1.2663746101420297,0.04325973284213273,0.043303743168838976,0.004183493701654728,0.011380076204844797,-0.008314084969282784,0.18300055284541417,0.1831893183310743,1.0190161138285234,0.03348920234172722,0.03355832635060367,0.0035056946697922505,0.01046462194511262,-0.0032879186716156922,0.2923704471861031,0.2923889341219894,1.4512506893998496,0.0854804783878019,0.08549128879699305,0.017952404605986225,0.011335751310340222,0.0038980774763168287,0.18634431364829274,0.18638508051092684,0.963386460307927,0.0347242032290533,0.03473939823706468,0.007766413424724752,0.011413291813657182,0.0006777990318624777,0.0009154542597321763,-0.013768910904331497,4.432489450457468e-05,-0.0035829197230700235,-3.3215608812385555e-05,-0.014446709936193975,-0.0008711293652276016,-0.004260718754932501,-0.0009486698685445619,0.010185991181261473,-7.754050331696023e-05,RIGHT,0.23666666666666666,0.0033333333333333335,0.76,6,0.12,0.07666666666666666,0.05333333333333334,0.19666666666666666,0.25333333333333335,0.3,Ben-LRJ(1-6)-4:9.csv_to_Yaniv-LRJ(6)-4:7.csv,RandomForest,False
lrj,Yaniv,Yaniv LRJ,Yaniv-LRJ(6)-4:7.csv,/Users/yanivnaggar/Desktop/Spring 2026/IS/OPENBCI_runs/Yaniv/Yaniv-LRJ(6)-4:7.csv,yaniv,RIGHT,5,4,False,-1,left_right,2,2->2,11,5,Yaniv::Yaniv-LRJ(6)-4:7.csv::trial_11,29234,30522,116.936,122.088,5.152,7,sliding,29984,30233,119.936,120.932,1.0,1.0,0.5,observed_count 4 vs expected_count 5,-0.02061439086089067,0.19220674986308733,0.1933090473917271,0.9667378713306292,0.036943434692931425,0.037368387803497,0.006339394245522656,0.008027456121189337,-0.023448004229774107,0.20327510181983446,0.2046230092688102,1.037519884063178,0.04132076701986407,0.04187057592222358,0.017378793464902096,0.010287902235222274,0.0011273544802253995,0.28949706328254254,0.28949925833642565,1.3998149449637887,0.08380854964921643,0.0838098205773405,0.008457258746978405,0.008880489188348753,-0.018972529232275492,0.22214064502013706,0.2229493732564236,1.2073648655807938,0.04934646616996254,0.049706423035432094,0.006960371993121053,0.008436921759517052,-0.01103939921937944,-0.002260446114032937,-0.002117864501455749,-0.0008530330671594165,-0.0006209777475983972,-0.0004094656383277148,0.008921534717923691,0.0014074130468735204,0.010418421471781042,0.001850980475705222,0.0014968867538573518,0.00044356742883170167,RIGHT,0.13666666666666666,0.11333333333333333,0.75,6,0.12,0.05333333333333334,0.056666666666666664,0.20333333333333334,0.14666666666666667,0.42,Ben-LRJ(1-6)-4:9.csv_to_Yaniv-LRJ(6)-4:7.csv,RandomForest,False
lrj,Yaniv,Yaniv LRJ,Yaniv-LRJ(6)-4:7.csv,/Users/yanivnaggar/Desktop/Spring 2026/IS/OPENBCI_runs/Yaniv/Yaniv-LRJ(6)-4:7.csv,yaniv,RIGHT,5,4,False,-1,left_right,2,2->2,11,5,Yaniv::Yaniv-LRJ(6)-4:7.csv::trial_11,29234,30522,116.936,122.088,5.152,8,sliding,30109,30358,120.436,121.432,1.0,1.0,0.5,observed_count 4 vs expected_count 5,-0.01741119384155413,0.25136543673666806,0.2519677210612582,1.2763559567261415,0.06318458278581586,0.06348773245680403,0.016530351315751285,0.007730392937434886,-0.0033161179680812154,0.21836955024991866,0.21839472776312616,1.037519884063178,0.04768526047635176,0.04769625711472999,0.007314065028820708,0.00890162890905447,-0.026346573038008053,0.3792042963109462,0.3801184555523804,1.459253558606754,0.14379589834067988,0.14449004025152698,0.06964948241074911,0.01003277547922243,-0.031256648810991064,0.35179768065313904,0.35318350217390054,1.7658536524275792,0.12376160811292801,0.1247385862078216,0.06996187770295464,0.012331357384991644,0.009216286286930577,-0.0011712359716195848,-0.05311913109499783,-0.002302382541787544,-0.05343152638720336,-0.004600964447556758,-0.06233541738192841,-0.0011311465701679593,-0.06264781267413394,-0.0034297284759371733,-0.00031239529220553064,-0.002298581905769214,RIGHT,0.056666666666666664,0.0,0.9433333333333334,5,0.02,0.02,0.2633333333333333,0.13666666666666666,0.5,0.06,Ben-LRJ(1-6)-4:9.csv_to_Yaniv-LRJ(6)-4:7.csv,RandomForest,True
lrj,Yaniv,Yaniv LRJ,Yaniv-LRJ(6)-4:7.csv,/Users/yanivnaggar/Desktop/Spring 2026/IS/OPENBCI_runs/Yaniv/Yaniv-LRJ(6)-4:7.csv,yaniv,RIGHT,5,4,False,-1,left_right,2,2->2,11,5,Yaniv::Yaniv-LRJ(6)-4:7.csv::trial_11,29234,30522,116.936,122.088,5.152,9,sliding,30234,30483,120.936,121.932,1.0,1.0,0.5,observed_count 4 vs expected_count 5,0.010283933412729382,0.24459607844586675,0.24481217469222002,1.259222845807408,0.0598272415910966,0.05993300087753405,0.006151481925185886,0.005765035295716123,0.021820254837715405,0.20232595972516437,0.20349918304477707,0.9688789522935026,0.040935793978708834,0.04141191749989168,0.013698014125398988,0.008037431433663863,0.025200081763619285,0.36264989637395245,0.36352440284103565,1.4209810055722816,0.13151494734003846,0.13214999146093157,0.0758496184757192,0.01054508677161479,0.028268823475008923,0.3749094293488543,0.37597367806183557,1.7658536524275792,0.14055708021468358,0.14135620659534479,0.11833787840594162,0.010298788830309316,-0.007546532200213102,-0.0022723961379477395,-0.06969813655053331,-0.004780051475898666,-0.11218639648075573,-0.004533753534593192,-0.0621516043503202,-0.002507655337950927,-0.10463986428054263,-0.002261357396645453,-0.04248825993022243,0.00024629794130547403,RIGHT,0.11666666666666667,0.0,0.8833333333333333,5,0.02666666666666667,0.023333333333333334,0.31,0.14666666666666667,0.4666666666666667,0.02666666666666667,Ben-LRJ(1-6)-4:9.csv_to_Yaniv-LRJ(6)-4:7.csv,RandomForest,True
lrj,Yaniv,Yaniv LRJ,Yaniv-LRJ(6)-4:7.csv,/Users/yanivnaggar/Desktop/Spring 2026/IS/OPENBCI_runs/Yaniv/Yaniv-LRJ(6)-4:7.csv,yaniv,RIGHT,6,5,False,-1,left_right,2,2->2,12,6,Yaniv::Yaniv-LRJ(6)-4:7.csv::trial_12,31542,33293,126.168,133.172,7.004,1,sliding,31542,31791,126.168,127.164,1.0,1.0,0.5,observed_count 5 vs expected_count 6,0.010160090688544933,0.19051500496345633,0.1907857294428104,0.9235201131879833,0.03629596711622579,0.036399194559025246,0.003928084136556276,0.005296807378135773,-0.002778790145154023,0.21013015637109458,0.21014852911979057,0.9736526598370474,0.04415468261654066,0.04416240429121147,0.004484264083215734,0.008708447573228717,0.020675554611657154,0.18717450065125343,0.18831296358069904,0.9784844252784816,0.03503429369404607,0.03546177225254569,0.005806311671809519,0.006012658243034463,-0.0013270399576841428,0.1907730062287984,0.19077762169767828,1.0464842329987187,0.03639433990557315,0.03639610094062245,0.0015246814957998985,0.009095362462044588,-0.0005561799466594578,-0.003411640195092944,-0.0018782275352532433,-0.0007158508648986896,0.0024034026407563774,-0.0037985550839088143,-0.0013220475885937855,0.0026957893301942544,0.0029595825874158353,-0.0003869148888158702,0.004281630176009621,-0.0030827042190101246,RIGHT,0.37,0.006666666666666667,0.6233333333333333,6,0.20333333333333334,0.17,0.07333333333333333,0.13333333333333333,0.18666666666666668,0.23333333333333334,Ben-LRJ(1-6)-4:9.csv_to_Yaniv-LRJ(6)-4:7.csv,RandomForest,True
lrj,Yaniv,Yaniv LRJ,Yaniv-LRJ(6)-4:7.csv,/Users/yanivnaggar/Desktop/Spring 2026/IS/OPENBCI_runs/Yaniv/Yaniv-LRJ(6)-4:7.csv,yaniv,RIGHT,6,5,False,-1,left_right,2,2->2,12,6,Yaniv::Yaniv-LRJ(6)-4:7.csv::trial_12,31542,33293,126.168,133.172,7.004,2,sliding,31667,31916,126.668,127.664,1.0,1.0,0.5,observed_count 5 vs expected_count 6,0.009511442969110153,0.2291879569684612,0.2293852374646892,1.13110680652653,0.05252711961937722,0.05261758716673185,0.02229532965335146,0.008991216485937958,-0.0035472121383604413,0.24729960252023594,0.24732504143458908,1.2451464973585336,0.06115709340666668,0.06116967612062121,0.008877406123636505,0.013296265416210798,0.00029987886080292016,0.2965315214204327,0.2965316730523869,1.6118869491478542,0.08793094319591653,0.08793103312324768,0.019864999174342812,0.0105441467562144,0.00331175412750607,0.23896605817031097,0.2389890053388597,1.0464842329987187,0.05710477695745645,0.0571157446728575,0.01525435028870244,0.012402100665262221,0.013417923529714954,-0.00430504893027284,0.0024303304790086466,-0.001552930270276441,0.007040979364649019,-0.003410884179324263,-0.010987593050706308,0.002752118659996399,-0.006376944165065936,0.000894164750948577,0.004610648885640372,-0.0018579539090478221,RIGHT,0.03,0.0,0.97,4,0.07666666666666666,0.02666666666666667,0.02666666666666667,0.3333333333333333,0.23,0.30666666666666664,Ben-LRJ(1-6)-4:9.csv_to_Yaniv-LRJ(6)-4:7.csv,RandomForest,False
lrj,Yaniv,Yaniv LRJ,Yaniv-LRJ(6)-4:7.csv,/Users/yanivnaggar/Desktop/Spring 2026/IS/OPENBCI_runs/Yaniv/Yaniv-LRJ(6)-4:7.csv,yaniv,RIGHT,6,5,False,-1,left_right,2,2->2,12,6,Yaniv::Yaniv-LRJ(6)-4:7.csv::trial_12,31542,33293,126.168,133.172,7.004,3,sliding,31792,32041,127.168,128.164,1.0,1.0,0.5,observed_count 5 vs expected_count 6,0.01620920937654009,0.22610213876340196,0.22668241136443995,1.1186477129249845,0.05112217715338467,0.05138491562199718,0.0017026703859484358,0.004969765222121373,0.018018444483360242,0.2511272890026458,0.2517728730888583,1.2451464973585336,0.0630649152818184,0.06338957962341836,0.0072174636217389445,0.006303406575120096,0.0014674677745790347,0.2935065911278088,0.293510259611374,1.4978992724930096,0.08614611903546673,0.08614827249713616,0.009650469008740495,0.004571335654870411,0.0046226291060147634,0.22927807900731803,0.22932467423532457,0.9952291866708296,0.052568437513285965,0.05258980621313774,0.008204353075323871,0.01052523935701816,-0.005514793235790509,-0.0013336413529987231,-0.007947798622792058,0.00039842956725096197,-0.006501682689375435,-0.005555474134896788,-0.00243300538700155,0.001732070920249685,-0.000986889453584927,-0.0042218327818980645,0.001446115933416623,-0.00595390370214775,RIGHT,0.15333333333333332,0.013333333333333334,0.8333333333333334,4,0.14,0.13333333333333333,0.043333333333333335,0.25,0.21,0.22333333333333333,Ben-LRJ(1-6)-4:9.csv_to_Yaniv-LRJ(6)-4:7.csv,RandomForest,False
lrj,Yaniv,Yaniv LRJ,Yaniv-LRJ(6)-4:7.csv,/Users/yanivnaggar/Desktop/Spring 2026/IS/OPENBCI_runs/Yaniv/Yaniv-LRJ(6)-4:7.csv,yaniv,RIGHT,6,5,False,-1,left_right,2,2->2,12,6,Yaniv::Yaniv-LRJ(6)-4:7.csv::trial_12,31542,33293,126.168,133.172,7.004,4,sliding,31917,32166,127.668,128.664,1.0,1.0,0.5,observed_count 5 vs expected_count 6,-0.032263532149694046,0.25300217873666864,0.25505104969843895,1.1731957379697673,0.06401010244550122,0.06505103795227557,0.02040028384440956,0.00526896573638076,-0.025491736302165342,0.23321271897883317,0.2346017922207743,1.0034957061224514,0.054388172293500216,0.05503800091319935,0.010560324625423724,0.007167876827355722,-0.01752776042949062,0.24463721062552482,0.24526432110747584,1.1673626138340312,0.059847364822637396,0.06015458720831102,0.01016275512885144,0.004083838497990104,-0.013056149602292023,0.20679361396147022,0.20720536145979185,0.9323807195425067,0.04276359877524557,0.04293406181768299,0.015015616118293999,0.004810511958442102,0.009839959218985837,-0.0018989110909749625,0.01023752871555812,0.0011851272383906555,0.005384667726115563,0.0004584537779386581,0.0003975694965722837,0.003084038329365618,-0.004455291492870274,0.0023573648689136206,-0.004852860989442558,-0.0007266734604519974,RIGHT,0.05,0.013333333333333334,0.9366666666666666,6,0.10333333333333333,0.06666666666666667,0.03333333333333333,0.21666666666666667,0.17333333333333334,0.4066666666666667,Ben-LRJ(1-6)-4:9.csv_to_Yaniv-LRJ(6)-4:7.csv,RandomForest,True
lrj,Yaniv,Yaniv LRJ,Yaniv-LRJ(6)-4:7.csv,/Users/yanivnaggar/Desktop/Spring 2026/IS/OPENBCI_runs/Yaniv/Yaniv-LRJ(6)-4:7.csv,yaniv,RIGHT,6,5,False,-1,left_right,2,2->2,12,6,Yaniv::Yaniv-LRJ(6)-4:7.csv::trial_12,31542,33293,126.168,133.172,7.004,5,sliding,32042,32291,128.168,129.164,1.0,1.0,0.5,observed_count 5 vs expected_count 6,-0.004804400237686913,0.273476223240763,0.2735184215727992,1.0801049526455642,0.07478924467803162,0.0748123269396755,0.004835991242615521,0.002294650990168648,0.010954070197443648,0.2740908264249272,0.27430962940478426,1.4214558943955153,0.07512578113029957,0.07524577278419009,0.005096857070197131,0.004861850302059466,-0.04652683562795091,0.2589248899113751,0.263071938923877,1.1672694287852925,0.0670420986156177,0.06920684504916806,0.005632504515615324,0.00405512435532823,-0.005738177524938834,0.22555078824446345,0.22562376816064061,1.102452233017821,0.05087315807769879,0.0509060847590065,0.007227982025273465,0.004036825945011415,-0.0002608658275816099,-0.002567199311890818,-0.0007965132729998029,-0.0017604733651595816,-0.0023919907826579438,-0.0017421749548427665,-0.000535647445418193,0.0008067259467312363,-0.002131124955076334,0.0008250243570480514,-0.0015954775096581409,1.8298410316815172e-05,RIGHT,0.06,0.0033333333333333335,0.9366666666666666,6,0.12666666666666668,0.13333333333333333,0.056666666666666664,0.23,0.19666666666666666,0.25666666666666665,Ben-LRJ(1-6)-4:9.csv_to_Yaniv-LRJ(6)-4:7.csv,RandomForest,True
lrj,Yaniv,Yaniv LRJ,Yaniv-LRJ(6)-4:7.csv,/Users/yanivnaggar/Desktop/Spring 2026/IS/OPENBCI_runs/Yaniv/Yaniv-LRJ(6)-4:7.csv,yaniv,RIGHT,6,5,False,-1,left_right,2,2->2,12,6,Yaniv::Yaniv-LRJ(6)-4:7.csv::trial_12,31542,33293,126.168,133.172,7.004,6,sliding,32167,32416,128.668,129.664,1.0,1.0,0.5,observed_count 5 vs expected_count 6,0.03513209575587964,0.21566239177311247,0.21850522048111284,0.9181052654464299,0.04651026722529945,0.04774453137749974,0.004327463309980824,0.005687049994604886,0.02725135745005094,0.23769687234816472,0.23925392286641856,1.4214558943955153,0.05649980312409971,0.057242439606970154,0.003225248816708296,0.012843790496454644,0.044780677947210815,0.2230674028987055,0.22751785721869222,1.0027375439995745,0.049759066235973405,0.05176437535338522,0.0026130223394148088,0.00791790891206221,0.02747692268507767,0.2051274765693589,0.20695956833148502,1.0713137445491543,0.04207728164371288,0.04283226292395462,0.00947515019328092,0.010259599139761693,0.001102214493272528,-0.007156740501849758,0.0017144409705660154,-0.002230858917457324,-0.0051476868833000965,-0.004572549145156807,0.0006122264772934873,0.004925881584392434,-0.006249901376572624,0.002584191356692951,-0.006862127853866112,-0.002341690227699483,RIGHT,0.20666666666666667,0.01,0.7833333333333333,6,0.16666666666666666,0.06333333333333334,0.03666666666666667,0.21,0.24333333333333335,0.28,Ben-LRJ(1-6)-4:9.csv_to_Yaniv-LRJ(6)-4:7.csv,RandomForest,True
lrj,Yaniv,Yaniv LRJ,Yaniv-LRJ(6)-4:7.csv,/Users/yanivnaggar/Desktop/Spring 2026/IS/OPENBCI_runs/Yaniv/Yaniv-LRJ(6)-4:7.csv,yaniv,RIGHT,6,5,False,-1,left_right,2,2->2,12,6,Yaniv::Yaniv-LRJ(6)-4:7.csv::trial_12,31542,33293,126.168,133.172,7.004,7,sliding,32292,32541,129.168,130.164,1.0,1.0,0.5,observed_count 5 vs expected_count 6,0.013143464014879442,0.23012384130844993,0.23049887848939107,1.1110424956784382,0.05295698233855664,0.053129732984867076,0.0023277692113243932,0.004485204059467319,0.008639026823228283,0.18335475044883326,0.18355815780456716,0.7887947321352148,0.033618964512153925,0.033693597296606384,0.006198229606921292,0.0053021060738881335,0.030207330633742847,0.21649603459261943,0.21859326572048127,0.9188015583645055,0.04687053299432867,0.047783015818344925,0.00593882020621731,0.005772666103514589,0.014151450228429866,0.16640052928944135,0.1670011966764728,0.8421843776651289,0.027689136147806232,0.027889399691373957,0.003288006757027989,0.0077940873960071315,-0.003870460395596899,-0.0008169020144208148,-0.0036110509948929165,-0.0012874620440472707,-0.0009602375457035957,-0.003308883336539813,0.0002594094007039825,-0.0004705600296264559,0.0029102228498933034,-0.002491981322118998,0.002650813449189321,-0.002021421292492542,RIGHT,0.24666666666666667,0.016666666666666666,0.7366666666666667,5,0.14,0.15,0.06,0.17,0.25,0.23,Ben-LRJ(1-6)-4:9.csv_to_Yaniv-LRJ(6)-4:7.csv,RandomForest,False
lrj,Yaniv,Yaniv LRJ,Yaniv-LRJ(6)-4:7.csv,/Users/yanivnaggar/Desktop/Spring 2026/IS/OPENBCI_runs/Yaniv/Yaniv-LRJ(6)-4:7.csv,yaniv,RIGHT,6,5,False,-1,left_right,2,2->2,12,6,Yaniv::Yaniv-LRJ(6)-4:7.csv::trial_12,31542,33293,126.168,133.172,7.004,8,sliding,32417,32666,129.668,130.664,1.0,1.0,0.5,observed_count 5 vs expected_count 6,-0.009337957454531164,0.2332817498164493,0.23346856800616025,1.071848343353245,0.054420374797424446,0.054507572246847075,0.008434447147850441,0.012782592977503875,-0.004322801287906149,0.20147380256362754,0.2015201720186401,0.889058237289857,0.04059169311944757,0.04061037973042229,0.006602789813136374,0.006076024374963716,-0.0246801670215047,0.20871253063814188,0.21016667454567262,0.9482332037207759,0.043560920445377314,0.04417003108958668,0.013031173516699864,0.00410102776639644,-0.011668409259245734,0.17580237524833509,0.1761891793431074,0.8917749031948565,0.030906475142956417,0.031042626917597668,0.0031192440688620118,0.005957779984840826,0.0018316573347140677,0.00670656860254016,-0.004596726368849422,0.008681565211107436,0.00531520307898843,0.006824812992663049,-0.00642838370356349,0.0019749966085672753,0.003483545744274362,0.00011824439012288971,0.009911929447837852,-0.0018567522184443856,RIGHT,0.19,0.006666666666666667,0.8033333333333333,6,0.09666666666666666,0.12333333333333334,0.043333333333333335,0.18333333333333332,0.23,0.3233333333333333,Ben-LRJ(1-6)-4:9.csv_to_Yaniv-LRJ(6)-4:7.csv,RandomForest,True
lrj,Yaniv,Yaniv LRJ,Yaniv-LRJ(6)-4:7.csv,/Users/yanivnaggar/Desktop/Spring 2026/IS/OPENBCI_runs/Yaniv/Yaniv-LRJ(6)-4:7.csv,yaniv,RIGHT,6,5,False,-1,left_right,2,2->2,12,6,Yaniv::Yaniv-LRJ(6)-4:7.csv::trial_12,31542,33293,126.168,133.172,7.004,9,sliding,32542,32791,130.168,131.164,1.0,1.0,0.5,observed_count 5 vs expected_count 6,-0.03733587486534542,0.23129046330299163,0.2342845406058053,1.138973923860962,0.053495278414912514,0.05488924596687324,0.0034229532008158282,0.0046553800353686565,-0.021517537171059354,0.2125441057558828,0.21363052520058043,0.9548039920025395,0.0451749968915679,0.045638001297475826,0.0042996313500026214,0.00318853733507882,0.001672523130231113,0.21795849981475945,0.21796491684471073,1.2824469184662428,0.0475059076415005,0.047508704975121656,0.004798364022492501,0.003304249744935088,0.0014490427279137386,0.1778554159185856,0.17786131871882765,0.801932583375689,0.031632548971573075,0.03163464869640039,0.003707632593616171,0.005430691025195155,-0.0008766781491867932,0.0014668427002898364,-0.001375410821676673,0.0013511302904335686,-0.00028467939280034295,-0.0007753109898264981,-0.0004987326724898797,-0.00011571240985626787,0.0005919987563864503,-0.0022421536901163345,0.00109073142887633,-0.0021264412802600666,RIGHT,0.21,0.013333333333333334,0.7766666666666666,6,0.10333333333333333,0.17666666666666667,0.056666666666666664,0.12666666666666668,0.23,0.30666666666666664,Ben-LRJ(1-6)-4:9.csv_to_Yaniv-LRJ(6)-4:7.csv,RandomForest,True
lrj,Yaniv,Yaniv LRJ,Yaniv-LRJ(6)-4:7.csv,/Users/yanivnaggar/Desktop/Spring 2026/IS/OPENBCI_runs/Yaniv/Yaniv-LRJ(6)-4:7.csv,yaniv,RIGHT,6,5,False,-1,left_right,2,2->2,12,6,Yaniv::Yaniv-LRJ(6)-4:7.csv::trial_12,31542,33293,126.168,133.172,7.004,10,sliding,32667,32916,130.668,131.664,1.0,1.0,0.5,observed_count 5 vs expected_count 6,0.00965394946232431,0.20767498065475176,0.20789924562194215,1.138973923860962,0.04312889758995152,0.043222096330172634,0.007603580113497582,0.008321324245142507,0.003711328500862444,0.2113925676530897,0.21142514424308056,0.9387630249546963,0.04468681765896611,0.04470059161820743,0.0210413844385251,0.011148523195769793,0.00897344299513302,0.24979715061483657,0.2499582747869697,1.2832833882834351,0.06239861645529134,0.062479139134478244,0.006833752801700175,0.010491615271947757,0.0019930374941101088,0.1933601615169947,0.19337043274588597,0.8359987337570288,0.037388152061878274,0.03739212426033121,0.0051920759556836815,0.0076629162952477755,-0.01343780432502752,-0.0028271989506272865,0.0007698273117974072,-0.0021702910268052503,0.002411504157813901,0.0006584079498947312,0.014207631636824926,0.0006569079238220362,0.01584930848284142,0.0034856069005220177,0.0016416768460164937,0.0028286989766999815,RIGHT,0.11666666666666667,0.17333333333333334,0.71,6,0.10666666666666667,0.05,0.05333333333333334,0.19,0.21,0.39,Ben-LRJ(1-6)-4:9.csv_to_Yaniv-LRJ(6)-4:7.csv,RandomForest,True
lrj,Yaniv,Yaniv LRJ,Yaniv-LRJ(6)-4:7.csv,/Users/yanivnaggar/Desktop/Spring 2026/IS/OPENBCI_runs/Yaniv/Yaniv-LRJ(6)-4:7.csv,yaniv,RIGHT,6,5,False,-1,left_right,2,2->2,12,6,Yaniv::Yaniv-LRJ(6)-4:7.csv::trial_12,31542,33293,126.168,133.172,7.004,11,sliding,32792,33041,131.168,132.164,1.0,1.0,0.5,observed_count 5 vs expected_count 6,0.007448059357492796,0.17089272048149903,0.17105494877892452,0.7692164004885984,0.02920432191356776,0.029259795501760496,0.0010701354822840235,0.005249549526642155,-0.010626160676558123,0.22123570171388293,0.22149074699309274,0.9854741265820792,0.048945235712834184,0.04905815100355822,0.005180564932673673,0.007314194004909364,0.00675913352579477,0.27649273917429595,0.27657534362651487,1.6477104153611242,0.07644823481610524,0.07649392070212477,0.01389568026723928,0.004597680089004466,-0.049143053713233964,0.20825472660598407,0.21397446315388888,1.1728543798466247,0.04337003115373317,0.04578507088199495,0.00876814624106254,0.004421913240799207,-0.00411042945038965,-0.002064644478267209,-0.012825544784955257,0.0006518694376376893,-0.007698010758778517,0.0008276362858429479,-0.008715115334565607,0.002716513915904898,-0.0035875813083888677,0.0028922807641101568,0.005127534026176739,0.00017576684820525858,RIGHT,0.35333333333333333,0.013333333333333334,0.6333333333333333,6,0.14666666666666667,0.10333333333333333,0.07,0.23333333333333334,0.18333333333333332,0.2633333333333333,Ben-LRJ(1-6)-4:9.csv_to_Yaniv-LRJ(6)-4:7.csv,RandomForest,True
lrj,Yaniv,Yaniv LRJ,Yaniv-LRJ(6)-4:7.csv,/Users/yanivnaggar/Desktop/Spring 2026/IS/OPENBCI_runs/Yaniv/Yaniv-LRJ(6)-4:7.csv,yaniv,RIGHT,6,5,False,-1,left_right,2,2->2,12,6,Yaniv::Yaniv-LRJ(6)-4:7.csv::trial_12,31542,33293,126.168,133.172,7.004,12,sliding,32917,33166,131.668,132.664,1.0,1.0,0.5,observed_count 5 vs expected_count 6,0.01790646200641643,0.1968512069033674,0.19766395483471336,0.9531399742834511,0.03875039765931237,0.039071039040899605,0.006435748451473048,0.005624780313410594,-0.003183842782438653,0.24720928236246456,0.2472297840896764,1.1531729199254726,0.06111242928616473,0.06112256614102802,0.011587379447076256,0.006044046577889851,0.010017487413164076,0.27504352464972687,0.2752258899628046,1.5620117120485635,0.07564894045174492,0.07574929050581783,0.026412196766076597,0.009937298757511927,0.0034695173329235373,0.22404155663532255,0.22406841957335685,1.4698254597291829,0.05019461909957844,0.05020665665010189,0.01749069490241196,0.015055377743267494,-0.005151630995603208,-0.0004192662644792577,-0.01997644831460355,-0.004312518444101333,-0.01105494645093891,-0.0094305974298569,-0.01482481731900034,-0.0038932521796220757,-0.005903315455335702,-0.009011331165377643,0.008921501863664638,-0.005118078985755567,RIGHT,0.10666666666666667,0.0,0.8933333333333333,5,0.16333333333333333,0.12,0.07666666666666666,0.22333333333333333,0.28,0.13666666666666666,Ben-LRJ(1-6)-4:9.csv_to_Yaniv-LRJ(6)-4:7.csv,RandomForest,False
lrj,Yaniv,Yaniv LRJ,Yaniv-LRJ(6)-4:7.csv,/Users/yanivnaggar/Desktop/Spring 2026/IS/OPENBCI_runs/Yaniv/Yaniv-LRJ(6)-4:7.csv,yaniv,RIGHT,6,5,False,-1,left_right,2,2->2,12,6,Yaniv::Yaniv-LRJ(6)-4:7.csv::trial_12,31542,33293,126.168,133.172,7.004,13,sliding,33042,33291,132.168,133.164,1.0,1.0,0.5,observed_count 5 vs expected_count 6,-0.023350770870341334,0.19519318302542363,0.19658493635025984,0.9679500298675405,0.03810037869959653,0.038645637199835714,0.008398625515333,0.006223968285077932,-0.011830045658875929,0.25393135057148775,0.25420676777645185,1.1868252616755715,0.06448113080305981,0.06462108078335091,0.01382342486660372,0.0066008927956813564,-0.029340544920825905,0.19399218980707877,0.1961984640164053,1.0779377766775533,0.03763296970614568,0.038493837282396685,0.0045041374419703,0.005996938787536518,0.007236952482565938,0.2221911868262138,0.2223090123779879,1.2032121770382718,0.04936892350324145,0.04942129698447637,0.005420249185289751,0.010134853033560983,-0.00542479935127072,-0.00037692451060342483,0.0038944880733627002,0.00022702949754141357,0.0029783763300432493,-0.0039108847484830515,0.009319287424633421,0.0006039540081448384,0.00840317568131397,-0.0035339602378796266,-0.000916111743319451,-0.004137914246024465,RIGHT,0.13666666666666666,0.10666666666666667,0.7566666666666667,6,0.21666666666666667,0.15,0.056666666666666664,0.12333333333333334,0.14,0.31333333333333335,Ben-LRJ(1-6)-4:9.csv_to_Yaniv-LRJ(6)-4:7.csv,RandomForest,True
lrj,Yaniv,Yaniv LRJ,Yaniv-LRJ(6)-4:7.csv,/Users/yanivnaggar/Desktop/Spring 2026/IS/OPENBCI_runs/Yaniv/Yaniv-LRJ(6)-4:7.csv,yaniv,JAW,1,1,True,0,jaw,3,3->3,13,1,Yaniv::Yaniv-LRJ(6)-4:7.csv::trial_13,34461,34855,137.844,139.42,1.576,1,sliding,34461,34710,137.844,138.84,1.0,1.0,0.5,,0.00014486101336490088,1.7590597258173166,1.7590597317820695,12.931990455877578,3.0942911189924933,3.0942911399772064,0.0010451937991326403,0.7641946931485384,0.0003726643455886798,1.5356628919666797,1.5356629371845179,9.765856627770972,2.358260517763466,2.35826065664218,0.001628729933727278,0.4860334660687693,-0.00017652627286786427,0.8681252634575254,0.8681252814051222,6.0012829695504,0.753641473053198,0.7536415042147228,0.00018672173418930933,0.18657344362874173,0.00019130199267708648,0.8095331955478604,0.8095332181512892,5.796407775161466,0.6553439946939303,0.6553440312903828,0.0003290492054493296,0.11686978128274043,-0.0005835361345946377,0.2781612270797691,0.000858472064943331,0.5776212495197967,0.0007161445936833108,0.647324911865798,0.0014420081995379687,0.29946002244002756,0.0012996807282779485,0.36916368478602885,-0.00014232747126002025,0.0697036623460013,JAW,0.96,0.0033333333333333335,0.03666666666666667,1,0.6333333333333333,0.17,0.11666666666666667,0.02666666666666667,0.006666666666666667,0.04666666666666667,Ben-LRJ(1-6)-4:9.csv_to_Yaniv-LRJ(6)-4:7.csv,RandomForest,True
lrj,Yaniv,Yaniv LRJ,Yaniv-LRJ(6)-4:7.csv,/Users/yanivnaggar/Desktop/Spring 2026/IS/OPENBCI_runs/Yaniv/Yaniv-LRJ(6)-4:7.csv,yaniv,JAW,1,1,True,0,jaw,3,3->3,13,1,Yaniv::Yaniv-LRJ(6)-4:7.csv::trial_13,34461,34855,137.844,139.42,1.576,2,sliding,34586,34835,138.344,139.34,1.0,1.0,0.5,,-0.0035614016025657543,1.7098944982513535,1.7098982071256823,12.931990455877578,2.923739195150248,2.923751878731623,5.91859176499432e-05,0.03787950245849365,-0.00805230096259958,1.4779636908851645,1.4779856261566588,9.765856627770972,2.1843766715748982,2.1844415111256907,3.3941284669908386e-05,0.09917612808265483,-0.0023015781585250215,0.8508115866780499,0.8508146997364587,6.0012829695504,0.7238803560256208,0.7238856532876404,1.8008669030506902e-05,0.018665906412048787,-0.0020938917225263244,0.7918287392064668,0.7918315077185603,5.796407775161466,0.6269927522333029,0.6269971366158484,1.052270103961356e-05,0.008023491071156866,2.5244632980034813e-05,-0.06129662562416118,4.117724861943629e-05,0.01921359604644486,4.866321661032964e-05,0.029856011387336782,1.5932615639401484e-05,0.08051022167060604,2.3418583630294827e-05,0.09115263701149796,7.485967990893342e-06,0.010642415340891921,JAW,0.96,0.006666666666666667,0.03333333333333333,1,0.44333333333333336,0.13666666666666666,0.21333333333333335,0.06,0.03,0.11666666666666667,Ben-LRJ(1-6)-4:9.csv_to_Yaniv-LRJ(6)-4:7.csv,RandomForest,True
lrj,Yaniv,Yaniv LRJ,Yaniv-LRJ(6)-4:7.csv,/Users/yanivnaggar/Desktop/Spring 2026/IS/OPENBCI_runs/Yaniv/Yaniv-LRJ(6)-4:7.csv,yaniv,JAW,2,2,True,0,jaw,3,3->3,14,2,Yaniv::Yaniv-LRJ(6)-4:7.csv::trial_14,35866,36383,143.464,145.532,2.068,1,sliding,35866,36115,143.464,144.46,1.0,1.0,0.5,,-0.00015092619739151834,2.0063706219420214,2.0063706276186193,13.925343684669416,4.025523072592014,4.0255230953707315,0.0003014897294941616,0.13822058090346126,0.00012630793166754816,1.4265687401029032,1.4265687456945348,8.87130491305123,2.0350983702387846,2.0350983861924785,0.00019398300428848927,0.12715851998193323,0.0015863279165497046,0.8530814008224147,0.8530828757309528,6.546661369928007,0.7277478764291333,0.7277503928653921,0.00018225336427156322,0.038205604038441,0.0010951773263890186,0.8210587625231454,0.8210594929293583,5.900311007745399,0.6741374915160389,0.674138690929415,0.0001412415842581005,0.034926387946717374,0.00010750672520567231,0.011062060921528033,0.00011923636522259836,0.10001497686502026,0.0001602481452360611,0.10329419295674389,1.1729640016926049e-05,0.08895291594349222,5.274142003038878e-05,0.09223213203521585,4.101178001346273e-05,0.003279216091723623,JAW,0.9633333333333334,0.0033333333333333335,0.03333333333333333,1,0.48,0.16333333333333333,0.15,0.06333333333333334,0.013333333333333334,0.13,Ben-LRJ(1-6)-4:9.csv_to_Yaniv-LRJ(6)-4:7.csv,RandomForest,False
lrj,Yaniv,Yaniv LRJ,Yaniv-LRJ(6)-4:7.csv,/Users/yanivnaggar/Desktop/Spring 2026/IS/OPENBCI_runs/Yaniv/Yaniv-LRJ(6)-4:7.csv,yaniv,JAW,2,2,True,0,jaw,3,3->3,14,2,Yaniv::Yaniv-LRJ(6)-4:7.csv::trial_14,35866,36383,143.464,145.532,2.068,2,sliding,35991,36240,143.964,144.96,1.0,1.0,0.5,,-0.002085682176650348,2.257211180184636,2.2572121437783954,22.673296555483187,5.095002311950518,5.09500666202066,0.00024080137413150628,0.49483463867894395,-0.005708479616241826,1.4045306376603504,1.4045422381922588,11.14848542183822,1.9727063121265904,1.9727388988661196,0.00014775313036662036,0.19841695521781816,-0.005143111997208277,1.0862934210445736,1.0863055961403028,9.80433126022728,1.1800333966047232,1.1800598482057387,0.00011021199400701169,0.14430764980468153,-0.003675551038246724,0.8962391321605778,0.8962466689987642,7.310200085008432,0.8032445820159457,0.8032580916913804,5.332451336922196e-05,0.10007643089676299,9.304824376488592e-05,0.2964176834611258,0.0001305893801244946,0.3505269888742624,0.00018747686076228432,0.39475820778218096,3.7541136359608675e-05,0.05410930541313663,9.44286169973984e-05,0.09834052432105517,5.6887480637789726e-05,0.044231218907918535,JAW,0.96,0.006666666666666667,0.03333333333333333,1,0.5633333333333334,0.15666666666666668,0.15666666666666668,0.03666666666666667,0.006666666666666667,0.08,Ben-LRJ(1-6)-4:9.csv_to_Yaniv-LRJ(6)-4:7.csv,RandomForest,False
lrj,Yaniv,Yaniv LRJ,Yaniv-LRJ(6)-4:7.csv,/Users/yanivnaggar/Desktop/Spring 2026/IS/OPENBCI_runs/Yaniv/Yaniv-LRJ(6)-4:7.csv,yaniv,JAW,2,2,True,0,jaw,3,3->3,14,2,Yaniv::Yaniv-LRJ(6)-4:7.csv::trial_14,35866,36383,143.464,145.532,2.068,3,sliding,36116,36365,144.464,145.46,1.0,1.0,0.5,,0.002049718837796304,2.1720387351303803,2.172039702273901,22.673296555483187,4.717752266906782,4.717756468254097,0.00011910540732876676,0.10658397984073001,0.0014860277962098615,1.3420037772185105,1.342004599972504,11.14848542183822,1.8009741380687494,1.8009763463473607,6.814801913363196e-05,0.045569826795049784,-0.0003221604186059892,1.061285624987786,1.06128567388477,9.80433126022728,1.1263271778057153,1.1263272815930503,4.6883004352879485e-05,0.02530663242075561,0.0001545860054834467,0.8689411979064775,0.8689412116570241,7.310200085008432,0.755058805419144,0.7550588293159771,3.336806843009851e-05,0.01437932769505294,5.0957388195134803e-05,0.061014153045680225,7.222240297588728e-05,0.0812773474199744,8.573733889866825e-05,0.09220465214567707,2.1265014780752476e-05,0.020263194374294174,3.477995070353345e-05,0.031190499099996844,1.3514935922780973e-05,0.01092730472570267,JAW,0.9566666666666667,0.006666666666666667,0.03666666666666667,1,0.5266666666666666,0.15333333333333332,0.09666666666666666,0.05333333333333334,0.013333333333333334,0.15666666666666668,Ben-LRJ(1-6)-4:9.csv_to_Yaniv-LRJ(6)-4:7.csv,RandomForest,False
lrj,Yaniv,Yaniv LRJ,Yaniv-LRJ(6)-4:7.csv,/Users/yanivnaggar/Desktop/Spring 2026/IS/OPENBCI_runs/Yaniv/Yaniv-LRJ(6)-4:7.csv,yaniv,JAW,3,2,False,-1,jaw,3,3->3,15,3,Yaniv::Yaniv-LRJ(6)-4:7.csv::trial_15,37259,37972,149.036,151.888,2.852,1,sliding,37259,37508,149.036,150.032,1.0,1.0,0.5,observed_count 2 vs expected_count 3,0.0001368241670513295,1.4092544117514472,1.4092544183935596,12.720774469345903,1.9859979970409174,1.9859980157617698,0.00016023122304247654,0.06151300599513025,-1.9470800789862963e-05,1.0698468360587037,1.0698468362358842,8.156397048274487,1.144572252624819,1.1445722530039308,7.683964478627437e-05,0.04656959333406125,0.0006712861670731604,0.6770847375194531,0.6770850702879991,6.56735191581027,0.45844374178178665,0.45844419240690476,7.262705728682242e-05,0.020661915875994558,0.00046933846004534185,0.6178052319158012,0.6178054101908843,5.397894177753008,0.3816833045825368,0.38168352486112683,6.0366676194529214e-05,0.017365676457788765,8.339157825620217e-05,0.014943412661069001,8.760416575565413e-05,0.040851090119135694,9.986454684794733e-05,0.04414732953734149,4.212587499451953e-06,0.025907677458066693,1.6472968591745154e-05,0.029203916876272485,1.2260381092293201e-05,0.0032962394182057923,JAW,0.97,0.0033333333333333335,0.02666666666666667,1,0.43666666666666665,0.11333333333333333,0.15333333333333332,0.09666666666666666,0.016666666666666666,0.18333333333333332,Ben-LRJ(1-6)-4:9.csv_to_Yaniv-LRJ(6)-4:7.csv,RandomForest,False
lrj,Yaniv,Yaniv LRJ,Yaniv-LRJ(6)-4:7.csv,/Users/yanivnaggar/Desktop/Spring 2026/IS/OPENBCI_runs/Yaniv/Yaniv-LRJ(6)-4:7.csv,yaniv,JAW,3,2,False,-1,jaw,3,3->3,15,3,Yaniv::Yaniv-LRJ(6)-4:7.csv::trial_15,37259,37972,149.036,151.888,2.852,2,sliding,37384,37633,149.536,150.532,1.0,1.0,0.5,observed_count 2 vs expected_count 3,-2.0982030625376067e-06,1.6061468460479158,1.6061468460492865,12.720774469345903,2.5797076910696672,2.5797076910740704,8.131223363317953e-05,0.0938256310378181,0.004751392962564413,1.2963851782418652,1.2963938853991395,9.253982939974057,1.6806145303651925,1.680637106100277,0.00010848572674117387,0.0387098784667296,0.0010050087998870626,0.7710319049882433,0.7710325599820589,6.56735191581027,0.5944901985097993,0.5944912085524872,6.475038618280011e-05,0.016469190123128582,-0.0016379544623549567,0.7180929450916977,0.7180948131586029,5.397894177753008,0.515657477790468,0.5156601606852889,8.94753792630543e-05,0.014759674937121065,-2.7173493107994343e-05,0.0551157525710885,1.6561847450379422e-05,0.07735644091468952,-8.163145629874773e-06,0.07906595610069704,4.3735340558373765e-05,0.02224068834360102,1.901034747811957e-05,0.023950203529608537,-2.4724993080254195e-05,0.0017095151860075167,JAW,0.9633333333333334,0.006666666666666667,0.03,1,0.4533333333333333,0.12666666666666668,0.15333333333333332,0.056666666666666664,0.013333333333333334,0.19666666666666666,Ben-LRJ(1-6)-4:9.csv_to_Yaniv-LRJ(6)-4:7.csv,RandomForest,False
lrj,Yaniv,Yaniv LRJ,Yaniv-LRJ(6)-4:7.csv,/Users/yanivnaggar/Desktop/Spring 2026/IS/OPENBCI_runs/Yaniv/Yaniv-LRJ(6)-4:7.csv,yaniv,JAW,3,2,False,-1,jaw,3,3->3,15,3,Yaniv::Yaniv-LRJ(6)-4:7.csv::trial_15,37259,37972,149.036,151.888,2.852,3,sliding,37509,37758,150.036,151.032,1.0,1.0,0.5,observed_count 2 vs expected_count 3,-0.00027182249172346665,1.4701419298501748,1.47014195497954,12.231380655809708,2.1613172939035965,2.1613173677910638,0.000473701903220581,0.4723507803949688,0.0009242188794773571,1.0256104937259831,1.025610910151307,9.518938808030837,1.0518768848408548,1.0518777390213923,0.00036345492888274235,0.1415592787602873,-0.00024016425798772367,0.7032337267259213,0.7032337677356647,6.550400072268134,0.4945376744048278,0.4945377320836988,0.00016049825311927933,0.06764462228571591,0.00041673195131605414,0.586930677348368,0.5869308252921577,5.037224569099129,0.3444876200126141,0.34448779367813337,0.000174732575001068,0.04289813794831688,0.00011024697433783864,0.3307915016346815,0.00031320365010130164,0.4047061581092529,0.000298969328219513,0.42945264244665193,0.00020295667576346302,0.07391465647457138,0.00018872235388167434,0.09866114081197042,-1.4234321881788679e-05,0.02474648433739903,JAW,0.9766666666666667,0.0033333333333333335,0.02,1,0.56,0.056666666666666664,0.19333333333333333,0.09333333333333334,0.01,0.08666666666666667,Ben-LRJ(1-6)-4:9.csv_to_Yaniv-LRJ(6)-4:7.csv,RandomForest,False
lrj,Yaniv,Yaniv LRJ,Yaniv-LRJ(6)-4:7.csv,/Users/yanivnaggar/Desktop/Spring 2026/IS/OPENBCI_runs/Yaniv/Yaniv-LRJ(6)-4:7.csv,yaniv,JAW,3,2,False,-1,jaw,3,3->3,15,3,Yaniv::Yaniv-LRJ(6)-4:7.csv::trial_15,37259,37972,149.036,151.888,2.852,4,sliding,37634,37883,150.536,151.532,1.0,1.0,0.5,observed_count 2 vs expected_count 3,-0.003998537618272211,2.05011582428429,2.0501197236463873,15.89876139283162,4.202974892980854,4.202990881283939,0.00019830652722682373,0.3059162797224727,-0.008000125183495127,1.3742259379815267,1.37424922434912,10.87760732182348,1.888496928621207,1.8885609306241582,0.0002559265370521499,0.21199252624552858,-0.0022145747857351427,0.9232740459586252,0.9232767019059297,6.852939417378357,0.8524349639408094,0.852439868282291,0.00011002818037630582,0.07869428214793098,-5.2345402661508885e-06,0.7644409883048877,0.7644409883228097,5.303023959195157,0.5843700246005535,0.5843700246279541,0.00010454720141797762,0.06943868705404689,-5.762000982532616e-05,0.09392375347694412,8.827834685051791e-05,0.22722199757454173,9.375932580884611e-05,0.23647759266842583,0.00014589835667584407,0.1332982440975976,0.00015137933563417227,0.14255383919148168,5.480978958328201e-06,0.009255595093884086,JAW,0.96,0.006666666666666667,0.03333333333333333,1,0.51,0.16,0.18333333333333332,0.043333333333333335,0.006666666666666667,0.09666666666666666,Ben-LRJ(1-6)-4:9.csv_to_Yaniv-LRJ(6)-4:7.csv,RandomForest,False
lrj,Yaniv,Yaniv LRJ,Yaniv-LRJ(6)-4:7.csv,/Users/yanivnaggar/Desktop/Spring 2026/IS/OPENBCI_runs/Yaniv/Yaniv-LRJ(6)-4:7.csv,yaniv,JAW,4,4,True,0,jaw,3,3->3,16,4,Yaniv::Yaniv-LRJ(6)-4:7.csv::trial_16,39001,40042,156.004,160.168,4.164,1,sliding,39001,39250,156.004,157.0,1.0,1.0,0.5,,0.012302862629400092,1.4608571656272726,1.4609089700571445,14.997272742194962,2.1341036583645487,2.134255018793427,8.178974360050708e-05,0.038565455675593385,0.007208292707923475,1.2347259208258532,1.234746961544354,12.46676176320997,1.5245480995592513,1.5246000590430144,9.902261456396144e-05,0.03887717419017481,0.003960813165462535,0.8064877591722517,0.8064974852630425,7.621534905675378,0.6504225056946799,0.6504381937356115,0.00010980594256154084,0.011379288272627006,0.003382361266589475,0.79225851520063,0.7922657352654124,7.385165877013186,0.6276735549079068,0.6276849952756446,8.723503388753938e-05,0.011306738261074423,-1.7232870963454353e-05,-0.00031171851458142164,-2.8016198961033762e-05,0.02718616740296638,-5.445290287032299e-06,0.027258717414518963,-1.0783327997579409e-05,0.0274978859175478,1.1787580676422054e-05,0.027570435929100384,2.2570908674001463e-05,7.25500115525829e-05,JAW,0.96,0.0033333333333333335,0.03666666666666667,1,0.5366666666666666,0.14333333333333334,0.09,0.04666666666666667,0.013333333333333334,0.17,Ben-LRJ(1-6)-4:9.csv_to_Yaniv-LRJ(6)-4:7.csv,RandomForest,False
lrj,Yaniv,Yaniv LRJ,Yaniv-LRJ(6)-4:7.csv,/Users/yanivnaggar/Desktop/Spring 2026/IS/OPENBCI_runs/Yaniv/Yaniv-LRJ(6)-4:7.csv,yaniv,JAW,4,4,True,0,jaw,3,3->3,16,4,Yaniv::Yaniv-LRJ(6)-4:7.csv::trial_16,39001,40042,156.004,160.168,4.164,2,sliding,39126,39375,156.504,157.5,1.0,1.0,0.5,,-0.00039171904799332856,1.8636386372689777,1.863638678436779,14.997272742194962,3.473148970321772,3.4731491237655847,0.00020508131941239326,1.0666027131282343,-0.0025073370318932186,1.4737512534808574,1.4737533863830101,12.46676176320997,2.1719427571363985,2.1719490438753897,0.00015815365308144864,0.7301777591642646,-0.0008080096294570805,0.9733252149990675,0.9733255503851433,7.621534905675378,0.947361974152981,0.9473626270325423,6.177287329878103e-05,0.3321863241007431,-0.0011602931268446391,0.9522770652133945,0.9522777720873127,7.385165877013186,0.9068316089314357,0.9068329552115759,8.536038702565332e-05,0.2732669033252506,4.6927666330944624e-05,0.33642495396396965,0.00014330844611361223,0.7344163890274912,0.00011972093238673994,0.7933358098029837,9.63807797826676e-05,0.3979914350635215,7.279326605579532e-05,0.45691085583901403,-2.3587513726872284e-05,0.058919420775492504,JAW,0.9633333333333334,0.0033333333333333335,0.03333333333333333,1,0.61,0.12666666666666668,0.15,0.023333333333333334,0.0,0.09,Ben-LRJ(1-6)-4:9.csv_to_Yaniv-LRJ(6)-4:7.csv,RandomForest,False
lrj,Yaniv,Yaniv LRJ,Yaniv-LRJ(6)-4:7.csv,/Users/yanivnaggar/Desktop/Spring 2026/IS/OPENBCI_runs/Yaniv/Yaniv-LRJ(6)-4:7.csv,yaniv,JAW,4,4,True,0,jaw,3,3->3,16,4,Yaniv::Yaniv-LRJ(6)-4:7.csv::trial_16,39001,40042,156.004,160.168,4.164,3,sliding,39251,39500,157.004,158.0,1.0,1.0,0.5,,-0.009744299339200794,1.944274108914097,1.9442985269662985,15.362128492452307,3.7802018105937054,3.7802967619633177,0.00021928365628634132,0.20582695785605723,-0.003470454483459296,1.4161047518705232,1.4161090043935876,11.368365559534002,2.005352668270276,2.0053647123245977,0.00036565513116194534,0.1681179309728186,-0.003401263392924082,1.0102067326353443,1.0102124584731897,8.915406764469154,1.020517642661778,1.020529211254446,0.00014352690165024922,0.07849064249736123,-0.0030344065050153797,0.8898505968750212,0.8898557705503005,8.35748477843919,0.7918340847588314,0.7918432923816692,0.00021369479567986195,0.06982049338429062,-0.00014637147487560402,0.03770902688323863,7.57567546360921e-05,0.127336315358696,5.588860606479365e-06,0.13600646447176662,0.00022212822951169612,0.08962728847545737,0.00015196033548208339,0.09829743758852798,-7.016789402961273e-05,0.00867014911307061,JAW,0.96,0.0033333333333333335,0.03666666666666667,1,0.5966666666666667,0.14666666666666667,0.12333333333333334,0.04666666666666667,0.006666666666666667,0.08,Ben-LRJ(1-6)-4:9.csv_to_Yaniv-LRJ(6)-4:7.csv,RandomForest,False
lrj,Yaniv,Yaniv LRJ,Yaniv-LRJ(6)-4:7.csv,/Users/yanivnaggar/Desktop/Spring 2026/IS/OPENBCI_runs/Yaniv/Yaniv-LRJ(6)-4:7.csv,yaniv,JAW,4,4,True,0,jaw,3,3->3,16,4,Yaniv::Yaniv-LRJ(6)-4:7.csv::trial_16,39001,40042,156.004,160.168,4.164,4,sliding,39376,39625,157.504,158.5,1.0,1.0,0.5,,0.0018597577818070111,1.5810007348683424,1.5810018287001586,15.362128492452307,2.4995633236542387,2.499566782353246,0.0003031983794417797,0.1103797494449916,0.0020388152813778267,1.1992883123814262,1.1992900453945412,10.950840822250548,1.4382924562146893,1.4382966129824408,0.00022132088728020547,0.1105993123579065,0.0025487937286498737,0.8543767975326736,0.8543805993300986,8.915406764469154,0.7299597121621871,0.7299662085116585,0.0007521150788481969,0.04073589469053311,0.0025472074189987776,0.7204163441535657,0.720420847275552,8.35748477843919,0.5189997089235888,0.5190061971892242,0.0007566126307788233,0.03404396669179905,8.187749216157425e-05,-0.00021956291291490293,-0.00044891669940641716,0.06964385475445849,-0.0004534142513370436,0.07633578275319255,-0.0005307941915679914,0.06986341766737339,-0.0005352917434986178,0.07655534566610744,-4.497551930626427e-06,0.006691927998734061,JAW,0.9566666666666667,0.006666666666666667,0.03666666666666667,1,0.54,0.16,0.09666666666666666,0.056666666666666664,0.016666666666666666,0.13,Ben-LRJ(1-6)-4:9.csv_to_Yaniv-LRJ(6)-4:7.csv,RandomForest,False
lrj,Yaniv,Yaniv LRJ,Yaniv-LRJ(6)-4:7.csv,/Users/yanivnaggar/Desktop/Spring 2026/IS/OPENBCI_runs/Yaniv/Yaniv-LRJ(6)-4:7.csv,yaniv,JAW,4,4,True,0,jaw,3,3->3,16,4,Yaniv::Yaniv-LRJ(6)-4:7.csv::trial_16,39001,40042,156.004,160.168,4.164,5,sliding,39501,39750,158.004,159.0,1.0,1.0,0.5,,-0.0032926590601026406,1.3455791336150296,1.3455831622102958,11.851989252611538,1.8105832048201735,1.8105940464238595,9.48705440987781e-05,0.14134011880005895,-0.0024529396546106525,1.1592545467288646,1.1592571418906568,8.839551929648223,1.3438711041115454,1.3438771210244944,0.00019907469144643698,0.030172062604718882,-0.0007170305987488535,0.7344421568192296,0.7344425068350561,7.078864939834341,0.5394052817132818,0.5394057958461614,0.0004103558097245789,0.03903651258164098,-0.00041663522238679686,0.6288548746045936,0.6288550126212461,6.156344163822672,0.3954584533139591,0.3954586268988676,0.00035517343788759914,0.03690125839319627,-0.00010420414734765889,0.11116805619534006,-0.00031548526562580077,0.10230360621841797,-0.0002603028937888211,0.10443886040686268,-0.0002112811182781419,-0.008864449976922099,-0.00015609874644116216,-0.006729195788477391,5.5182371836979746e-05,0.0021352541884447074,JAW,0.9666666666666667,0.006666666666666667,0.02666666666666667,1,0.4766666666666667,0.09666666666666666,0.17,0.056666666666666664,0.02666666666666667,0.17333333333333334,Ben-LRJ(1-6)-4:9.csv_to_Yaniv-LRJ(6)-4:7.csv,RandomForest,False
lrj,Yaniv,Yaniv LRJ,Yaniv-LRJ(6)-4:7.csv,/Users/yanivnaggar/Desktop/Spring 2026/IS/OPENBCI_runs/Yaniv/Yaniv-LRJ(6)-4:7.csv,yaniv,JAW,4,4,True,0,jaw,3,3->3,16,4,Yaniv::Yaniv-LRJ(6)-4:7.csv::trial_16,39001,40042,156.004,160.168,4.164,6,sliding,39626,39875,158.504,159.5,1.0,1.0,0.5,,-0.0015953245024558312,1.534054502037062,1.5340553315576486,12.263289431616041,2.353323215220178,2.353325760280447,8.505964506315528e-05,0.019872119294181857,-0.008667845288781216,1.2541282039700061,1.254158157305124,8.839551929648223,1.5728375519930335,1.572912683534984,0.00011271230212329147,0.011963421770812695,-0.0019911629234084633,0.8196488008563052,0.8196512194067467,7.078864939834341,0.6718241567451791,0.6718281214749668,4.901877293108079e-05,0.010768876099360555,-0.0026382126956544065,0.7086577463391678,0.7086626571315409,6.156344163822672,0.5021958014465083,0.5022027616127359,5.69316415149137e-05,0.01131993616514549,-2.7652657060136198e-05,0.007908697523369162,3.6040872132074486e-05,0.009103243194821302,2.8128003548241574e-05,0.008552183129036366,6.369352919221068e-05,0.0011945456714521404,5.578066060837777e-05,0.0006434856056672048,-7.912868583832911e-06,-0.0005510600657849356,JAW,0.96,0.01,0.03,1,0.4866666666666667,0.09,0.15,0.06333333333333334,0.03666666666666667,0.17333333333333334,Ben-LRJ(1-6)-4:9.csv_to_Yaniv-LRJ(6)-4:7.csv,RandomForest,False
lrj,Yaniv,Yaniv LRJ,Yaniv-LRJ(6)-4:7.csv,/Users/yanivnaggar/Desktop/Spring 2026/IS/OPENBCI_runs/Yaniv/Yaniv-LRJ(6)-4:7.csv,yaniv,JAW,4,4,True,0,jaw,3,3->3,16,4,Yaniv::Yaniv-LRJ(6)-4:7.csv::trial_16,39001,40042,156.004,160.168,4.164,7,sliding,39751,40000,159.004,160.0,1.0,1.0,0.5,,0.0008437556866695377,1.3981893314393936,1.398189586027087,11.00555294397134,1.9549334065509383,1.954934118474597,4.3648639608920027e-05,0.11210433468395864,0.0006208899967471939,1.0400405912285478,1.0400407765599458,8.778602206661038,1.0816844314030272,1.0816848169074151,9.337922314755312e-05,0.08195298932169462,0.00015202124712871011,0.6983088429461238,0.6983088594935724,5.9737450753226815,0.4876352401367542,0.48763526324721373,2.9538692780901728e-05,0.030269018809458464,0.000320409217732762,0.6446080720880845,0.6446081517194643,4.814938595338182,0.4155195666011171,0.4155196692631839,4.541239943345396e-05,0.0235427003913212,-4.973058353863309e-05,0.03015134536226402,1.4109946828018299e-05,0.08183531587450017,-1.7637598245339356e-06,0.08856163429263744,6.384053036665139e-05,0.05168397051223615,4.7966823714099155e-05,0.05841028893037342,-1.5873706652552234e-05,0.006726318418137263,JAW,0.9766666666666667,0.0033333333333333335,0.02,1,0.4666666666666667,0.06,0.23333333333333334,0.056666666666666664,0.013333333333333334,0.17,Ben-LRJ(1-6)-4:9.csv_to_Yaniv-LRJ(6)-4:7.csv,RandomForest,False
lrj,Yaniv,Yaniv LRJ,Yaniv-LRJ(6)-4:7.csv,/Users/yanivnaggar/Desktop/Spring 2026/IS/OPENBCI_runs/Yaniv/Yaniv-LRJ(6)-4:7.csv,yaniv,JAW,5,5,True,0,jaw,3,3->3,17,5,Yaniv::Yaniv-LRJ(6)-4:7.csv::trial_17,40933,42164,163.732,168.656,4.924,1,sliding,40933,41182,163.732,164.728,1.0,1.0,0.5,,0.0003888783599625327,1.4135749956606751,1.413575049151426,13.192267156110667,1.998194268357078,1.9981944195834567,0.00025812795876019063,0.12038657445844604,0.0005062252233163278,1.1271694999357729,1.1271696136116502,9.369438424438766,1.2705110815854601,1.270511337849437,0.00024536877132884643,0.17162003656933297,-3.7318140874331718e-06,0.7756710680183017,0.7756710680272787,6.5395398403197245,0.6016656057606528,0.6016656057745792,0.000387647869916789,0.04053819822537935,0.0003789591895551725,0.694909351825019,0.6949094551550838,6.0600150070351235,0.4828990072538681,0.4828991508639355,0.00032159501977475176,0.03954448296625447,1.2759187431344199e-05,-0.05123346211088693,-0.0001295199111565984,0.07984837623306669,-6.346706101456113e-05,0.08084209149219157,-0.0001422790985879426,0.13108183834395362,-7.622624844590533e-05,0.1320755536030785,6.605285014203726e-05,0.0009937152591248805,JAW,0.97,0.0033333333333333335,0.02666666666666667,1,0.4866666666666667,0.12666666666666668,0.15,0.05333333333333334,0.023333333333333334,0.16,Ben-LRJ(1-6)-4:9.csv_to_Yaniv-LRJ(6)-4:7.csv,RandomForest,False
lrj,Yaniv,Yaniv LRJ,Yaniv-LRJ(6)-4:7.csv,/Users/yanivnaggar/Desktop/Spring 2026/IS/OPENBCI_runs/Yaniv/Yaniv-LRJ(6)-4:7.csv,yaniv,JAW,5,5,True,0,jaw,3,3->3,17,5,Yaniv::Yaniv-LRJ(6)-4:7.csv::trial_17,40933,42164,163.732,168.656,4.924,2,sliding,41058,41307,164.232,165.228,1.0,1.0,0.5,,-0.005546304881418166,1.6609015175281943,1.660910777984566,13.483303853452082,2.7585938509274586,2.7586246124252964,0.00016689006474072108,0.06492867490630452,-0.007819077551852103,1.3339903163714522,1.334013231623498,9.487713521862808,1.7795301641728067,1.7795913021465686,0.00024414102469700325,0.07917973241044944,-0.0026230385468875694,0.901358299775288,0.901362116413274,7.150474091101597,0.8124467845737979,0.8124536649050165,2.0418144094547387e-05,0.01238716352249411,-0.003012475541639884,0.8037746204864261,0.8037802657113369,6.072943380176643,0.6460536405380983,0.6460627155469872,0.00013899292653720457,0.016387671962263966,-7.725095995628217e-05,-0.014251057504144918,0.0001464719206461737,0.05254151138381041,2.789713820351651e-05,0.048541002944040554,0.00022372288060245587,0.06679256888795533,0.00010514809815979868,0.06279206044818547,-0.00011857478244265718,-0.004000508439769856,JAW,0.96,0.006666666666666667,0.03333333333333333,1,0.5266666666666666,0.16333333333333333,0.16666666666666666,0.03666666666666667,0.023333333333333334,0.08333333333333333,Ben-LRJ(1-6)-4:9.csv_to_Yaniv-LRJ(6)-4:7.csv,RandomForest,False
lrj,Yaniv,Yaniv LRJ,Yaniv-LRJ(6)-4:7.csv,/Users/yanivnaggar/Desktop/Spring 2026/IS/OPENBCI_runs/Yaniv/Yaniv-LRJ(6)-4:7.csv,yaniv,JAW,5,5,True,0,jaw,3,3->3,17,5,Yaniv::Yaniv-LRJ(6)-4:7.csv::trial_17,40933,42164,163.732,168.656,4.924,3,sliding,41183,41432,164.732,165.728,1.0,1.0,0.5,,-0.000585250832337195,1.3460230131095838,1.3460231403431144,10.657472201172009,1.811777951820603,1.8117782943391396,0.0002754834444144027,0.15906181583111492,-0.00034983168670512656,1.1073542180428615,1.1073542733016957,8.788946841869464,1.226233364217317,1.2262334865995264,0.00014302973704698792,0.10330307334581414,-0.0001929973203075397,0.7063430272444629,0.7063430536112305,5.842393456350934,0.498920472136872,0.49892050938483773,0.0005710898256478737,0.03321876457775818,7.487340856257952e-05,0.6433992427429056,0.6433992470994753,5.2164859264314085,0.4139625855621444,0.4139625911681717,0.000330374368161079,0.03985927367347372,0.0001324537073674148,0.055758742485300786,-0.000295606381233471,0.12584305125335674,-5.4890923746676304e-05,0.1192025421576412,-0.0004280600886008858,0.07008430876805596,-0.0001873446311140911,0.06344379967234041,0.00024071545748679472,-0.006640509095715542,JAW,0.97,0.0033333333333333335,0.02666666666666667,1,0.44,0.15333333333333332,0.18,0.05,0.02,0.15666666666666668,Ben-LRJ(1-6)-4:9.csv_to_Yaniv-LRJ(6)-4:7.csv,RandomForest,False
lrj,Yaniv,Yaniv LRJ,Yaniv-LRJ(6)-4:7.csv,/Users/yanivnaggar/Desktop/Spring 2026/IS/OPENBCI_runs/Yaniv/Yaniv-LRJ(6)-4:7.csv,yaniv,JAW,5,5,True,0,jaw,3,3->3,17,5,Yaniv::Yaniv-LRJ(6)-4:7.csv::trial_17,40933,42164,163.732,168.656,4.924,4,sliding,41308,41557,165.232,166.228,1.0,1.0,0.5,,0.006520383334304416,1.5250251408550788,1.5250390800365998,9.85629157611118,2.325701680240053,2.3257441956388787,0.0001270014073939201,0.039688416646197475,-0.0003147214848741271,1.4056004721147295,1.4056005073486433,9.923077953837947,1.9757126872091504,1.9757127862587636,6.283802431747896e-05,0.032259343807109216,0.0028960227918376586,0.7810800122149643,0.7810853810114101,5.690944666814068,0.6100859854817288,0.6100943724297396,0.00020533705684347507,0.007680611730367932,0.001972448447906716,0.742685124209864,0.7426877434531288,5.875276388362485,0.551581193722621,0.5515850842755006,3.244797493001988e-05,0.008689974204738986,6.416338307644114e-05,0.007429072839088259,-7.833564944955497e-05,0.032007804915829545,9.455343246390021e-05,0.03099844244145849,-0.0001424990325259961,0.024578732076741282,3.039004938745908e-05,0.02356936960237023,0.00017288908191345518,-0.0010093624743710535,JAW,0.96,0.0033333333333333335,0.03666666666666667,1,0.41,0.2,0.08333333333333333,0.056666666666666664,0.03666666666666667,0.21333333333333335,Ben-LRJ(1-6)-4:9.csv_to_Yaniv-LRJ(6)-4:7.csv,RandomForest,False
lrj,Yaniv,Yaniv LRJ,Yaniv-LRJ(6)-4:7.csv,/Users/yanivnaggar/Desktop/Spring 2026/IS/OPENBCI_runs/Yaniv/Yaniv-LRJ(6)-4:7.csv,yaniv,JAW,5,5,True,0,jaw,3,3->3,17,5,Yaniv::Yaniv-LRJ(6)-4:7.csv::trial_17,40933,42164,163.732,168.656,4.924,5,sliding,41433,41682,165.732,166.728,1.0,1.0,0.5,,0.0008387557084151878,1.3014021648125824,1.30140243510223,9.85629157611118,1.6936475945788758,1.693648298090014,0.00018366298429547796,0.20956268376792725,0.000559334850248109,1.1869010789664691,1.1869012107615542,9.923077953837947,1.4087341712517687,1.4087344841072433,9.442876115782859e-05,0.31985191590987344,-4.181210899056964e-05,0.621730516825184,0.6217305182311407,5.690944666814068,0.3865488355517103,0.3865488372999628,6.262732197210589e-05,0.05340925483875696,-0.0002521186467501679,0.5878041105776656,0.5878041646465364,5.875276388362485,0.3455136724120005,0.3455137359758125,2.0598660807861967e-05,0.06891268508978003,8.923422313764937e-05,-0.11028923214194619,0.00012103566232337207,0.15615342892917028,0.000163064323487616,0.1406499986781472,3.1801439185722704e-05,0.26644266107111647,7.383010034996662e-05,0.2509392308200934,4.2028661164243916e-05,-0.015503430251023069,JAW,0.97,0.0033333333333333335,0.02666666666666667,1,0.39,0.11,0.2633333333333333,0.05,0.023333333333333334,0.16333333333333333,Ben-LRJ(1-6)-4:9.csv_to_Yaniv-LRJ(6)-4:7.csv,RandomForest,False
lrj,Yaniv,Yaniv LRJ,Yaniv-LRJ(6)-4:7.csv,/Users/yanivnaggar/Desktop/Spring 2026/IS/OPENBCI_runs/Yaniv/Yaniv-LRJ(6)-4:7.csv,yaniv,JAW,5,5,True,0,jaw,3,3->3,17,5,Yaniv::Yaniv-LRJ(6)-4:7.csv::trial_17,40933,42164,163.732,168.656,4.924,6,sliding,41558,41807,166.232,167.228,1.0,1.0,0.5,,0.0008176754311276273,1.7064044218926848,1.7064046177996643,14.23720404430344,2.9118160510549083,2.911816719648019,4.417571209356023e-05,0.048041866863966096,0.009237501242656371,1.3988971789041549,1.3989276781074893,12.525255106768993,1.9569133171460031,1.956998648575211,0.00010816944343103636,0.06424592402274461,0.0010126856374161792,0.8521900610521452,0.8521906627558528,8.127732714133064,0.726227900156059,0.7262289256882595,3.4114945104603294e-05,0.025111912951136094,0.0023845213727094034,0.784212855978497,0.7842164812244945,7.531919903509536,0.6149898034819509,0.6149954894241279,2.054883300419486e-05,0.019955391051843522,-6.399373133747613e-05,-0.016204057158778512,1.0060766988956933e-05,0.022929953912830002,2.362687908936537e-05,0.028086475812122574,7.405449832643306e-05,0.039134011071608514,8.76206104268415e-05,0.04429053297090109,1.3566112100408436e-05,0.005156521899292572,JAW,0.9566666666666667,0.0033333333333333335,0.04,1,0.5533333333333333,0.12,0.12666666666666668,0.05333333333333334,0.013333333333333334,0.13333333333333333,Ben-LRJ(1-6)-4:9.csv_to_Yaniv-LRJ(6)-4:7.csv,RandomForest,False
lrj,Yaniv,Yaniv LRJ,Yaniv-LRJ(6)-4:7.csv,/Users/yanivnaggar/Desktop/Spring 2026/IS/OPENBCI_runs/Yaniv/Yaniv-LRJ(6)-4:7.csv,yaniv,JAW,5,5,True,0,jaw,3,3->3,17,5,Yaniv::Yaniv-LRJ(6)-4:7.csv::trial_17,40933,42164,163.732,168.656,4.924,7,sliding,41683,41932,166.732,167.728,1.0,1.0,0.5,,-0.0032539974375995085,1.6251718364342256,1.6251750940862704,14.23720404430344,2.6411834979389934,2.6411940864383174,3.4515028963932934e-05,0.24173023403605132,-0.0033818979085528983,1.3789126154634446,1.3789167626501977,12.525255106768993,1.9014000010842373,1.9014114383177014,2.831004893934151e-05,0.16395012995773228,-0.0014108945464984402,0.8273293759779013,0.8273305790186924,8.127732714133064,0.6844738963559837,0.684475886979405,0.00010306005595643695,0.05119019301781782,-0.0012914333635837087,0.7694903928438176,0.7694914765473788,7.531919903509536,0.5921154646789327,0.5921171324790653,6.886329430798733e-05,0.040703681778454875,6.204980024591424e-06,0.07778010407831903,-6.8545026992504e-05,0.1905400410182335,-3.43482653440544e-05,0.20102655225759644,-7.475000701709543e-05,0.11275993693991446,-4.055324536864582e-05,0.1232464481792774,3.4196761648449614e-05,0.010486511239362943,JAW,0.9633333333333334,0.0033333333333333335,0.03333333333333333,1,0.5433333333333333,0.12666666666666668,0.17666666666666667,0.04,0.013333333333333334,0.1,Ben-LRJ(1-6)-4:9.csv_to_Yaniv-LRJ(6)-4:7.csv,RandomForest,False
lrj,Yaniv,Yaniv LRJ,Yaniv-LRJ(6)-4:7.csv,/Users/yanivnaggar/Desktop/Spring 2026/IS/OPENBCI_runs/Yaniv/Yaniv-LRJ(6)-4:7.csv,yaniv,JAW,5,5,True,0,jaw,3,3->3,17,5,Yaniv::Yaniv-LRJ(6)-4:7.csv::trial_17,40933,42164,163.732,168.656,4.924,8,sliding,41808,42057,167.232,168.228,1.0,1.0,0.5,,-0.008026368643869361,2.0073887061995666,2.0074047525028873,20.66322300873277,4.02960941777757,4.029673840371178,8.05133327560556e-05,0.06251732250217866,-0.006898173441994789,1.229917518520218,1.2299368630786567,11.37328862742788,1.5126971023629308,1.5127446871597665,0.00011898868179533397,0.08887664316515365,-0.0051257188428221025,0.9100848842451509,0.910099318495056,8.680660546511227,0.8282544965315096,0.8282807695251654,6.993157934628817e-05,0.043160824060287574,-0.004282088246039275,0.7473883150184273,0.7474005818206398,7.151192586130361,0.5585892934260839,0.5586076297058309,6.182066370448171e-05,0.04739438397149093,-3.847534903927837e-05,-0.026359320662974986,1.0581753409767434e-05,0.019356498441891086,1.8692669051573885e-05,0.015122938530687732,4.90571024490458e-05,0.04571581910486607,5.7168018090852254e-05,0.04148225919366272,8.11091564180645e-06,-0.004233559911203354,JAW,0.96,0.01,0.03,1,0.5633333333333334,0.11666666666666667,0.16333333333333333,0.05,0.016666666666666666,0.09,Ben-LRJ(1-6)-4:9.csv_to_Yaniv-LRJ(6)-4:7.csv,RandomForest,False
lrj,Yaniv,Yaniv LRJ,Yaniv-LRJ(6)-4:7.csv,/Users/yanivnaggar/Desktop/Spring 2026/IS/OPENBCI_runs/Yaniv/Yaniv-LRJ(6)-4:7.csv,yaniv,JAW,6,5,False,-1,jaw,3,3->3,18,6,Yaniv::Yaniv-LRJ(6)-4:7.csv::trial_18,42986,44334,171.944,177.336,5.392,1,sliding,42986,43235,171.944,172.94,1.0,1.0,0.5,observed_count 5 vs expected_count 6,-0.0013988181900896474,1.2857735966983357,1.2857743575989153,10.616513567241764,1.6532137419665747,1.6532156986589033,7.304664367009074e-05,0.11453321712732067,-0.0009965269747465593,1.2646752612362209,1.264675653853159,12.432078534464516,1.5994035163829032,1.5994045094489149,0.00010381513423605349,0.0970021937464857,-0.002005775404293883,0.7595223000270045,0.7595249484864098,7.361194851498707,0.5768741242383111,0.5768781473732835,7.32609370944881e-05,0.038427745054938955,-0.0012673267190106583,0.7131966769055708,0.7131978029033472,6.260824741836066,0.5086494999491491,0.5086511060661617,0.00027317205954971923,0.031126134020264463,-3.0768490565962744e-05,0.01753102338083498,-2.1429342439735044e-07,0.07610547207238172,-0.00020012541587962848,0.08340708310705622,3.0554197141565394e-05,0.05857444869154674,-0.00016935692531366576,0.06587605972622124,-0.00019991112245523114,0.007301611034674492,JAW,0.97,0.0033333333333333335,0.02666666666666667,1,0.5166666666666667,0.13666666666666666,0.17333333333333334,0.043333333333333335,0.016666666666666666,0.11333333333333333,Ben-LRJ(1-6)-4:9.csv_to_Yaniv-LRJ(6)-4:7.csv,RandomForest,False
lrj,Yaniv,Yaniv LRJ,Yaniv-LRJ(6)-4:7.csv,/Users/yanivnaggar/Desktop/Spring 2026/IS/OPENBCI_runs/Yaniv/Yaniv-LRJ(6)-4:7.csv,yaniv,JAW,6,5,False,-1,jaw,3,3->3,18,6,Yaniv::Yaniv-LRJ(6)-4:7.csv::trial_18,42986,44334,171.944,177.336,5.392,2,sliding,43111,43360,172.444,173.44,1.0,1.0,0.5,observed_count 5 vs expected_count 6,0.0030022372333969017,1.3227211354956285,1.322724542644934,10.616513567241764,1.749591202286845,1.7496002157152504,0.00031384772868730474,0.8199056584273046,0.0019365113988832588,1.2965496892421937,1.2965511354167358,12.432078534464516,1.681041096674029,1.681044846750427,0.00013455629233530327,0.5639588425223868,0.0005125504300272253,0.7760018576765987,0.7760020269467571,7.361194851498707,0.6021788831175321,0.6021791458254755,7.677208271025201e-05,0.25387552557429993,-4.75727093271594e-06,0.7251790167578015,0.7251790167734056,6.260824741836066,0.5258846063458117,0.5258846063684433,5.4903843327636354e-05,0.20857707545590726,0.00017929143635200148,0.25594681590491775,0.00023707564597705272,0.5660301328530046,0.00025894388535966837,0.6113285829713972,5.778420962505126e-05,0.3100833169480869,7.965244900766692e-05,0.35538176706647956,2.1868239382615653e-05,0.045298450118392675,JAW,0.9666666666666667,0.0033333333333333335,0.03,1,0.5833333333333334,0.13,0.15,0.03666666666666667,0.0033333333333333335,0.09666666666666666,Ben-LRJ(1-6)-4:9.csv_to_Yaniv-LRJ(6)-4:7.csv,RandomForest,False
lrj,Yaniv,Yaniv LRJ,Yaniv-LRJ(6)-4:7.csv,/Users/yanivnaggar/Desktop/Spring 2026/IS/OPENBCI_runs/Yaniv/Yaniv-LRJ(6)-4:7.csv,yaniv,JAW,6,5,False,-1,jaw,3,3->3,18,6,Yaniv::Yaniv-LRJ(6)-4:7.csv::trial_18,42986,44334,171.944,177.336,5.392,3,sliding,43236,43485,172.944,173.94,1.0,1.0,0.5,observed_count 5 vs expected_count 6,0.002583457189599558,1.407228331518847,1.4072307029340885,12.491703022877068,1.9802915770293181,1.9802982512803686,8.239895822238406e-05,0.08628799293144818,0.0028633987606979934,1.142695331408905,1.1426989189966752,11.748044144009889,1.3057526204237073,1.3057608194761703,8.02710184918115e-05,0.06438104020576456,0.0034771055349611464,0.6751653579137032,0.6751743114112386,6.072582424956858,0.45584826052673894,0.4558603507896402,0.00011740720520557382,0.01921409463379746,0.002127852459237566,0.6256386769411638,0.625642295437879,5.547171922828797,0.39142375408468993,0.39142828184077827,3.767484523909678e-05,0.013477763355869646,2.1279397305725616e-06,0.021906952725683618,-3.500824698318976e-05,0.06707389829765072,4.472411298328728e-05,0.07281022957557853,-3.713618671376232e-05,0.0451669455719671,4.2596173252714716e-05,0.050903276849894916,7.973235996647704e-05,0.0057363312779278135,JAW,0.97,0.0033333333333333335,0.02666666666666667,1,0.52,0.06666666666666667,0.13333333333333333,0.07333333333333333,0.013333333333333334,0.19333333333333333,Ben-LRJ(1-6)-4:9.csv_to_Yaniv-LRJ(6)-4:7.csv,RandomForest,False
lrj,Yaniv,Yaniv LRJ,Yaniv-LRJ(6)-4:7.csv,/Users/yanivnaggar/Desktop/Spring 2026/IS/OPENBCI_runs/Yaniv/Yaniv-LRJ(6)-4:7.csv,yaniv,JAW,6,5,False,-1,jaw,3,3->3,18,6,Yaniv::Yaniv-LRJ(6)-4:7.csv::trial_18,42986,44334,171.944,177.336,5.392,4,sliding,43361,43610,173.444,174.44,1.0,1.0,0.5,observed_count 5 vs expected_count 6,-8.449713633708545e-05,1.3877717311029516,1.3877717336753366,12.491703022877068,1.9259103776484832,1.925910384788249,0.00025197986072579077,0.1297300896539765,-0.003425423341638524,1.1272452268464235,1.1272504313474951,11.748044144009889,1.2706818014480445,1.270693534973114,9.869124160136521e-05,0.06091196811693779,-0.0004706338112302273,0.6614758807244263,0.6614760481501502,6.072582424956858,0.43755034078015553,0.43755056227633976,7.401584526786921e-05,0.03758862384205639,-0.0007206249458464536,0.6154111136359395,0.6154115355491313,5.547171922828797,0.3787308387866272,0.3787313580869397,3.229089285998933e-05,0.01939844131794803,0.00015328861912442557,0.06881812153703872,0.00017796401545792156,0.09214146581192012,0.00021968896786580145,0.11033164833602847,2.4675396333496e-05,0.023323344274881398,6.640034874137588e-05,0.04151352679898976,4.172495240787988e-05,0.01819018252410836,JAW,0.9666666666666667,0.006666666666666667,0.02666666666666667,1,0.49,0.08,0.20666666666666667,0.08666666666666667,0.006666666666666667,0.13,Ben-LRJ(1-6)-4:9.csv_to_Yaniv-LRJ(6)-4:7.csv,RandomForest,False
lrj,Yaniv,Yaniv LRJ,Yaniv-LRJ(6)-4:7.csv,/Users/yanivnaggar/Desktop/Spring 2026/IS/OPENBCI_runs/Yaniv/Yaniv-LRJ(6)-4:7.csv,yaniv,JAW,6,5,False,-1,jaw,3,3->3,18,6,Yaniv::Yaniv-LRJ(6)-4:7.csv::trial_18,42986,44334,171.944,177.336,5.392,5,sliding,43486,43735,173.944,174.94,1.0,1.0,0.5,observed_count 5 vs expected_count 6,0.0004641221030507516,1.1885581200888224,1.1885582107067378,13.926335775806248,1.4126704048290755,1.412670620238402,0.0004746814068833525,0.16320720241575676,-0.0008676404813134902,1.0523358717735067,1.0523362294539282,11.924344923324785,1.1074107870213066,1.107411539821311,0.00035599943254455927,0.15991850302708033,-0.001134780795862131,0.6310885642299018,0.6310895844721363,7.3533949365171845,0.3982727759017589,0.3982740636292136,0.0004523726853018682,0.05995725030859897,-0.0007270483064721376,0.5759430242898004,0.575943483188517,6.756269094514279,0.3317103672280816,0.33171089582732155,0.00044104045168644407,0.061943195132668404,0.00011868197433879322,0.0032886993886764304,2.2308721581484306e-05,0.10324995210715779,3.364095519690842e-05,0.10126400728308835,-9.637325275730892e-05,0.09996125271848136,-8.50410191418848e-05,0.09797530789441192,1.1332233615424117e-05,-0.001985944824069434,JAW,0.9766666666666667,0.0033333333333333335,0.02,1,0.53,0.12333333333333334,0.16666666666666666,0.05,0.013333333333333334,0.11666666666666667,Ben-LRJ(1-6)-4:9.csv_to_Yaniv-LRJ(6)-4:7.csv,RandomForest,False
lrj,Yaniv,Yaniv LRJ,Yaniv-LRJ(6)-4:7.csv,/Users/yanivnaggar/Desktop/Spring 2026/IS/OPENBCI_runs/Yaniv/Yaniv-LRJ(6)-4:7.csv,yaniv,JAW,6,5,False,-1,jaw,3,3->3,18,6,Yaniv::Yaniv-LRJ(6)-4:7.csv::trial_18,42986,44334,171.944,177.336,5.392,6,sliding,43611,43860,174.444,175.44,1.0,1.0,0.5,observed_count 5 vs expected_count 6,0.015005007795926034,1.751100311059961,1.751164598104144,21.52149595161304,3.066352299394292,3.066577449653248,0.00014525907691465706,0.052430649727634566,0.014316623441670142,1.3206378920714867,1.3207154908161676,13.611176780696331,1.74408444197502,1.7442894076817903,0.00010954418618664227,0.03249062242719431,0.011652920535879473,0.889309966196808,0.889386308942286,11.179943568608525,0.7908722159769679,0.7910080065339834,0.0003344166525233259,0.012640510998676505,0.010955101830870657,0.8132192519039757,0.8132930381623752,9.99691704337955,0.6613255516672618,0.6614455659233867,0.0004040771027095048,0.010653585551323617,3.571489072801479e-05,0.019940027300440255,-0.00018915757560866882,0.03979013872895806,-0.0002588180257948477,0.04177706417631095,-0.0002248724663366836,0.019850111428517808,-0.0002945329165228625,0.021837036875870693,-6.96604501861789e-05,0.001986925447352888,JAW,0.95,0.0033333333333333335,0.04666666666666667,1,0.5366666666666666,0.20333333333333334,0.07,0.03333333333333333,0.016666666666666666,0.14,Ben-LRJ(1-6)-4:9.csv_to_Yaniv-LRJ(6)-4:7.csv,RandomForest,False
lrj,Yaniv,Yaniv LRJ,Yaniv-LRJ(6)-4:7.csv,/Users/yanivnaggar/Desktop/Spring 2026/IS/OPENBCI_runs/Yaniv/Yaniv-LRJ(6)-4:7.csv,yaniv,JAW,6,5,False,-1,jaw,3,3->3,18,6,Yaniv::Yaniv-LRJ(6)-4:7.csv::trial_18,42986,44334,171.944,177.336,5.392,7,sliding,43736,43985,174.944,175.94,1.0,1.0,0.5,observed_count 5 vs expected_count 6,-0.00021580534164478317,1.936517156090302,1.9365171681149684,21.52149595161304,3.750098695832071,3.750098742404017,0.00019369679023862176,0.21377635670881007,-0.0006325974331353681,1.295368038287177,1.2953681927527334,13.611176780696331,1.6779783546159697,1.6779787547954825,0.00017449048851073958,0.19870084282022304,0.0004732908151095541,0.9303509963497797,0.9303511167366991,11.179943568608525,0.8655529764090277,0.8655532004132233,8.780355196941847e-05,0.08903965680943096,-0.00016122587054544346,0.867074212359139,0.8670742273485025,9.99691704337955,0.7518176897382212,0.7518177157320026,0.00025248796265467085,0.097120576813832,1.9206301727882173e-05,0.015075513888587022,0.00010589323826920329,0.1247366998993791,-5.879117241604909e-05,0.11665577989497806,8.668693654132111e-05,0.10966118601079208,-7.799747414393126e-05,0.10158026600639104,-0.00016468441068525236,-0.00808092000440104,JAW,0.96,0.0033333333333333335,0.03666666666666667,1,0.58,0.19,0.12,0.023333333333333334,0.0033333333333333335,0.08333333333333333,Ben-LRJ(1-6)-4:9.csv_to_Yaniv-LRJ(6)-4:7.csv,RandomForest,False
lrj,Yaniv,Yaniv LRJ,Yaniv-LRJ(6)-4:7.csv,/Users/yanivnaggar/Desktop/Spring 2026/IS/OPENBCI_runs/Yaniv/Yaniv-LRJ(6)-4:7.csv,yaniv,JAW,6,5,False,-1,jaw,3,3->3,18,6,Yaniv::Yaniv-LRJ(6)-4:7.csv::trial_18,42986,44334,171.944,177.336,5.392,8,sliding,43861,44110,175.444,176.44,1.0,1.0,0.5,observed_count 5 vs expected_count 6,-0.008013004267170859,1.905748113345657,1.9057649592113708,13.977304699767917,3.6318758715205317,3.6319400797579178,9.54059414573992e-05,0.011080117958439425,-0.006602249729434741,1.4649168272345148,1.464931705034855,11.678223524403863,2.145981310714837,2.146024900416327,0.00013520353233957696,0.014071957022692209,-0.006412160515742788,0.9471952188495114,0.9472169225757389,7.14934911238158,0.8971787826113737,0.8972198984138533,0.00012890226846601664,0.005780545891248886,-0.005376258910333147,0.8580598592463649,0.8580767018220239,6.356781505395012,0.7362667220498914,0.7362956262097624,0.0003257042410015923,0.006296817622165492,-3.9797590882177766e-05,-0.0029918390642527833,-3.349632700861744e-05,0.005299572067190539,-0.0002302982995441931,0.004783300336273933,6.301263873560324e-06,0.008291411131443324,-0.00019050070866201532,0.007775139400526716,-0.00019680197253557565,-0.0005162717309166063,JAW,0.9566666666666667,0.01,0.03333333333333333,1,0.5333333333333333,0.19333333333333333,0.08666666666666667,0.023333333333333334,0.043333333333333335,0.12,Ben-LRJ(1-6)-4:9.csv_to_Yaniv-LRJ(6)-4:7.csv,RandomForest,False
lrj,Yaniv,Yaniv LRJ,Yaniv-LRJ(6)-4:7.csv,/Users/yanivnaggar/Desktop/Spring 2026/IS/OPENBCI_runs/Yaniv/Yaniv-LRJ(6)-4:7.csv,yaniv,JAW,6,5,False,-1,jaw,3,3->3,18,6,Yaniv::Yaniv-LRJ(6)-4:7.csv::trial_18,42986,44334,171.944,177.336,5.392,9,sliding,43986,44235,175.944,176.94,1.0,1.0,0.5,observed_count 5 vs expected_count 6,0.0010196674257936173,1.4574999128137713,1.4575002694935637,12.355806138809294,2.124305995852151,2.1243070355738105,0.00018289860799272688,0.14032856482131492,0.001564726507645753,1.2255068611719209,1.2255078600924996,10.945853675010696,1.5018670667794536,1.5018695151484973,0.00030975323627744006,0.20651641594814424,0.0005655544556992389,0.7578477155228301,0.7578479265492615,6.801946371619438,0.5743331599231725,0.5743334797750148,0.00017253831680238215,0.035343639217763366,0.0008165177552798686,0.6902449318563614,0.6902454148016035,5.984599076757139,0.4764380659533929,0.47643873265463765,0.0004338247347497724,0.045690553308823455,-0.00012685462828471318,-0.06618785112682932,1.0360291190344734e-05,0.10498492560355155,-0.0002509261267570455,0.09463801151249146,0.00013721491947505792,0.17117277673038087,-0.00012407149847233232,0.16082586263932078,-0.00026128641794739024,-0.010346914091060089,JAW,0.97,0.0033333333333333335,0.02666666666666667,1,0.49,0.12,0.17333333333333334,0.05,0.016666666666666666,0.15,Ben-LRJ(1-6)-4:9.csv_to_Yaniv-LRJ(6)-4:7.csv,RandomForest,False
