start_sample,end_sample,center_sample,start_time_sec,end_time_sec,center_time_sec,mapped_label,aggregate_rms,Channel_1_rms,Channel_3_rms,Channel_7_rms,Channel_8_rms,top_rms_window
0,497,249,0.0,1.9944915771484375,0.9992523193359375,BASELINE,0.5755913193340096,0.5323662964389889,0.5655976619572586,0.784415793702852,0.4199855252369393,0
249,746,498,0.9992523193359375,2.993743896484375,1.998504638671875,BASELINE,0.6004412462249255,0.620533431499925,0.6230995956878858,0.7029442648005232,0.4551876929113679,0
498,995,747,1.998504638671875,3.9929962158203125,2.9977569580078125,BASELINE,0.640425750419932,0.6314959319559412,0.8031568576244966,0.656956797430545,0.4700934146687448,0
747,1244,996,2.9977569580078125,4.99224853515625,3.99700927734375,BASELINE,0.46760856299190706,0.4381510630658323,0.670625059468403,0.3944782208258579,0.3671799086075349,0
996,1493,1245,3.99700927734375,5.9915008544921875,4.9962615966796875,BASELINE,0.34573971971491646,0.32163733210263146,0.42358179035026033,0.3012183105082931,0.33652144589848093,0
1245,1742,1494,4.9962615966796875,6.990753173828125,5.995513916015625,BASELINE,0.3403694110096255,0.3102001221645212,0.3906968893506698,0.2839329420747941,0.37664769044851676,0
1494,1991,1743,5.995513916015625,7.9900054931640625,6.9947662353515625,BASELINE,0.337860665607808,0.3012194998390371,0.3795152926360966,0.3099278169496391,0.36078005300645916,0
1743,2240,1992,6.9947662353515625,8.9892578125,7.9940185546875,BASELINE,0.4925787418984657,0.4488821807212267,0.7508060831301325,0.45414987969742177,0.3164768240450817,0
1992,2489,2241,7.9940185546875,9.988510131835938,8.993270874023438,BASELINE,0.6311436831257642,0.5213246611404869,0.8170216009147224,0.678161135856998,0.5080673345908491,0
2241,2738,2490,8.993270874023438,10.987762451171875,9.992523193359375,BASELINE,0.5932537814832353,0.3876929255176849,0.5448387958563606,0.7166359351017336,0.7238474694571617,0
2490,2987,2739,9.992523193359375,11.987014770507812,10.991775512695312,BASELINE,0.5336841263128914,0.3225695212423547,0.4694467876325897,0.5838617852226237,0.7588584111539977,0
2739,3236,2988,10.991775512695312,12.98626708984375,11.99102783203125,BASELINE,0.523590802625138,0.39047804791623136,0.5266489560480698,0.5560424209731943,0.6211937855630568,0
2988,3485,3237,11.99102783203125,13.985519409179688,12.990280151367188,BASELINE,0.46711227113843945,0.4015311589196763,0.5119439266131113,0.5259781771704792,0.4289958218504909,0
3237,3734,3486,12.990280151367188,14.984771728515625,13.989532470703125,BASELINE,0.34655077689238073,0.31748694313326303,0.3690302216541872,0.3608744911323261,0.3388114516497467,0
3486,3983,3735,13.989532470703125,15.984024047851562,14.988784790039062,BASELINE,0.3022082203600357,0.2259326026119935,0.3532256468738177,0.29027677369250326,0.3393978582618283,0
3735,4232,3984,14.988784790039062,16.9832763671875,15.988037109375,BASELINE,0.26948902991385126,0.1784408315355432,0.3400378782341805,0.2570611224634665,0.30241628742221505,0
3984,4481,4233,15.988037109375,17.982528686523438,16.987289428710938,BASELINE,0.3238949012642558,0.29013978384050637,0.3174686335684582,0.36146512598003894,0.32650606166801954,0
4233,4730,4482,16.987289428710938,18.981781005859375,17.986541748046875,BASELINE,0.34703076273874045,0.33228439170061375,0.32345158199709056,0.4119067072431709,0.3204803700140865,0
4482,4979,4731,17.986541748046875,19.981033325195312,18.985794067382812,BASELINE,0.320620007451439,0.25410310478000603,0.37239087969486634,0.3890890781579922,0.26689696717289135,0
4731,5228,4980,18.985794067382812,20.98028564453125,19.98504638671875,BASELINE,0.5747361975995315,0.3605627100650045,0.6401037796268563,0.9266036726873689,0.37167462801889656,0
4980,5477,5229,19.98504638671875,21.979537963867188,20.984298706054688,BASELINE,0.6623323087653534,0.4003997872067411,0.7237578817041594,1.0371269308178241,0.4880446353326889,0
5229,5726,5478,20.984298706054688,22.978790283203125,21.983551025390625,BASELINE,0.5517485639054915,0.36755957663719524,0.6052451814414611,0.7095378715442774,0.5246516259990324,0
5478,5975,5727,21.983551025390625,23.978042602539062,22.982803344726562,BASELINE,0.4184353528311279,0.31576781819884525,0.4503283148676548,0.4800753897713318,0.42756988848667987,0
5727,6224,5976,22.982803344726562,24.977294921875,23.9820556640625,BASELINE,0.29320193800910205,0.254154163359045,0.33232337522719185,0.2851593171274745,0.30117089632269695,0
5976,6473,6225,23.9820556640625,25.976547241210938,24.981307983398438,BASELINE,0.32462413535966417,0.30944968161804076,0.3455993071719355,0.31006289630075184,0.33338465634792847,0
6225,6722,6474,24.981307983398438,26.975799560546875,25.980560302734375,BASELINE,0.3170093424927788,0.3119548823205273,0.2942798962537688,0.28627012021865833,0.3755324711781607,0
6474,6971,6723,25.980560302734375,27.975051879882812,26.979812622070312,BASELINE,0.3099519115215664,0.2725145425616853,0.3191043725585523,0.25902846889356335,0.3891602620724648,0
6723,7220,6972,26.979812622070312,28.97430419921875,27.97906494140625,BASELINE,0.35461903007216444,0.3048784714386681,0.43832194380386763,0.3068781593035993,0.36839754574252254,0
6972,7469,7221,27.97906494140625,29.973556518554688,28.978317260742188,BASELINE,0.362049692468796,0.32977800123206796,0.4679456015930791,0.30499850834302267,0.3454766587070142,0
7221,7718,7470,28.978317260742188,30.972808837890625,29.977569580078125,BASELINE,0.3002946831078551,0.27332165438871053,0.3719406724538158,0.24388666834836828,0.31202973724052574,0
7470,7967,7719,29.977569580078125,31.972061157226562,30.976821899414062,BASELINE,0.27993154102767787,0.24555225383829318,0.3297101793841303,0.247233476423354,0.297230254464934,0
7719,8216,7968,30.976821899414062,32.9713134765625,31.97607421875,BASELINE,0.29478074272267807,0.26582565482066833,0.3758913137001302,0.252700685412412,0.2847053169575017,0
7968,8465,8217,31.97607421875,33.97056579589844,32.97532653808594,BASELINE,0.35810867909659694,0.358385017997198,0.4878237667219113,0.2878055268902218,0.29842040477705667,0
8217,8714,8466,32.97532653808594,34.969818115234375,33.974578857421875,BASELINE,0.3381186406503396,0.3127029498038377,0.4474137483808019,0.2748843526682113,0.31747351174850735,0
8466,8963,8715,33.974578857421875,35.96907043457031,34.97383117675781,BASELINE,0.3133903983506361,0.23778977797143316,0.3637517905387184,0.2898054278399978,0.362214597052395,0
8715,9212,8964,34.97383117675781,36.96832275390625,35.97308349609375,BASELINE,0.40497645992308995,0.3033927079322879,0.44544707847350923,0.4100773947058409,0.4609886585807217,0
8964,9461,9213,35.97308349609375,37.96757507324219,36.97233581542969,BASELINE,0.35915229733778575,0.2722967417963069,0.3924354521601234,0.38795995717187437,0.3839170382228384,0
9213,9710,9462,36.97233581542969,38.966827392578125,37.971588134765625,BASELINE,0.3800338547916581,0.33311935746007987,0.44017315477256524,0.3880982208365464,0.35874468609744076,0
9462,9959,9711,37.971588134765625,39.96607971191406,38.97084045410156,BASELINE,0.5210353675987747,0.4495762997515814,0.6733646531071651,0.4459093815860191,0.5152911359503329,0
9711,10208,9960,38.97084045410156,40.96533203125,39.9700927734375,BASELINE,0.5991953352770982,0.5227504603087634,0.743498927611477,0.5297998389682747,0.6007321142198777,0
9960,10457,10209,39.9700927734375,41.96458435058594,40.96934509277344,BASELINE,0.5899102616476719,0.643516033765642,0.6491193994063478,0.567562988775134,0.4994426246435639,0
10209,10706,10458,40.96934509277344,42.963836669921875,41.968597412109375,BASELINE,0.4392368576126695,0.5473381549332896,0.4858107466746387,0.4351319284643577,0.28866660037839204,0
10458,10955,10707,41.968597412109375,43.96308898925781,42.96784973144531,BASELINE,0.2948614327390412,0.25970936614339707,0.34427691369823443,0.3225410758797822,0.2529183752347509,0
10707,11204,10956,42.96784973144531,44.96234130859375,43.96710205078125,BASELINE,0.30091312549455085,0.28507242560911716,0.3581724035453468,0.29059377810631726,0.2698138947174222,0
10956,11453,11205,43.96710205078125,45.96159362792969,44.96635437011719,BASELINE,0.3369934255796114,0.32877667445750797,0.39030257175500765,0.32317133072444787,0.30572312538148233,0
11205,11702,11454,44.96635437011719,46.960845947265625,45.965606689453125,BASELINE,0.45409721101288775,0.5004170489054456,0.5095039009178627,0.37290925081436527,0.4335586434138777,0
11454,11951,11703,45.965606689453125,47.96009826660156,46.96485900878906,BASELINE,0.4600014076515052,0.49589730410511124,0.5058152251126076,0.3977037556570938,0.4405893457312081,0
11703,12200,11952,46.96485900878906,48.9593505859375,47.964111328125,BASELINE,0.3361211449902006,0.25863257414639,0.3738543786948374,0.37942572804192637,0.3325718990776488,0
11952,12449,12201,47.964111328125,49.95860290527344,48.96336364746094,BASELINE,0.30198821586981606,0.24086796189439275,0.34558792818731077,0.32279503631833895,0.2987019370792217,0
12201,12698,12450,48.96336364746094,50.957855224609375,49.962615966796875,BASELINE,0.29386344614497667,0.2323748071247186,0.3511649020080834,0.2918332768749823,0.3000807985721224,0
12450,12947,12699,49.962615966796875,51.95710754394531,50.96186828613281,BASELINE,0.2763007892086088,0.18106663913729334,0.33142024634819595,0.277911986173516,0.31480428517542997,0
12699,13196,12948,50.96186828613281,52.95635986328125,51.96112060546875,BASELINE,0.2936365692968808,0.24043038712339163,0.34140831767603996,0.3023181940086145,0.29038937837947726,0
12948,13445,13197,51.96112060546875,53.95561218261719,52.96037292480469,BASELINE,0.3184359954099197,0.28559744466396414,0.38544314934117774,0.33125490052283796,0.27144848711169883,0
13197,13694,13446,52.96037292480469,54.954864501953125,53.959625244140625,BASELINE,0.31444192107499114,0.28369223853711434,0.4063935189349573,0.32752634442178197,0.24015558240611112,0
13446,13943,13695,53.959625244140625,55.95411682128906,54.95887756347656,ACTIVE,0.33201112224957546,0.2368164970530315,0.4018640417717688,0.39761012561099995,0.2917538245625016,0
13695,14192,13944,54.95887756347656,56.953369140625,55.9581298828125,ACTIVE,0.3367387559374534,0.20863627103102395,0.37539754257973645,0.4342167976161467,0.32870441252290666,0
13944,14441,14193,55.9581298828125,57.95262145996094,56.95738220214844,ACTIVE,0.35246899698096223,0.2289748259607171,0.42148904080069316,0.4235170645644668,0.3358950565979719,0
14193,14690,14442,56.95738220214844,58.951873779296875,57.956634521484375,ACTIVE,0.3781067987276866,0.25178998406683,0.524487693495294,0.41843030124394476,0.31771921610467746,0
14442,14939,14691,57.956634521484375,59.95112609863281,58.95588684082031,ACTIVE,0.355654888844692,0.23773897185741769,0.4717271337573025,0.41506305085256273,0.298090398911485,0
14691,15188,14940,58.95588684082031,60.95037841796875,59.95513916015625,ACTIVE,0.310050260002762,0.18935206226439957,0.33463053616550964,0.41611086058677893,0.30010758099435975,0
14940,15437,15189,59.95513916015625,61.94963073730469,60.95439147949219,REST,0.2697403063193183,0.17739033179829206,0.3117764413539375,0.3314773545017313,0.2583170976233122,0
15189,15686,15438,60.95439147949219,62.948883056640625,61.953643798828125,REST,0.23425604451860207,0.16932887672197974,0.30460134567417113,0.25547351752537506,0.20762043815288236,0
15438,15935,15687,61.953643798828125,63.94813537597656,62.95289611816406,REST,0.23503216576897717,0.17741619798877367,0.2658558166628495,0.24833569065504166,0.24852095776924388,0
15687,16184,15936,62.95289611816406,64.9473876953125,63.9521484375,REST,0.26051484073540615,0.1931395056219714,0.2664356087488328,0.3136384716033386,0.26884577696748185,0
15936,16433,16185,63.9521484375,65.94664001464844,64.95140075683594,ACTIVE,0.2820216710151516,0.22410763939006634,0.34223024270804103,0.35323535152538915,0.20851345043710978,0
16185,16682,16434,64.95140075683594,66.94589233398438,65.95065307617188,ACTIVE,0.3920419664805152,0.308937032498395,0.4638676569332003,0.5054062675408421,0.28995690894962345,0
16434,16931,16683,65.95065307617188,67.94514465332031,66.94990539550781,ACTIVE,0.9362521385937621,0.4304359665841568,0.5653347537170523,2.143333939960862,0.6059038941129772,1
16683,17180,16932,66.94990539550781,68.94439697265625,67.94915771484375,ACTIVE,0.9113626328931561,0.39146625841505045,0.535772848557251,2.1346783027849945,0.5835331218153287,1
16932,17429,17181,67.94915771484375,69.94364929199219,68.94841003417969,ACTIVE,0.40084667470941265,0.2384781419281703,0.4741534161511576,0.534925806676096,0.3558293340822267,0
17181,17678,17430,68.94841003417969,70.94290161132812,69.94766235351562,REST,0.361774486063185,0.21908089355276747,0.4467221637678989,0.41760656057775775,0.3636883263543161,0
17430,17927,17679,69.94766235351562,71.94215393066406,70.94691467285156,REST,0.3014804629470388,0.22802620473019286,0.36223044921539127,0.30177310697992626,0.31389209086264475,0
17679,18176,17928,70.94691467285156,72.94140625,71.9461669921875,REST,0.27037285859791027,0.19565982996117687,0.30713478887448714,0.26811012764757375,0.31058668790840327,0
17928,18425,18177,71.9461669921875,73.94065856933594,72.94541931152344,REST,0.2857721052386345,0.17891524048747331,0.32542181136292164,0.3122818468002415,0.3264695223039017,0
18177,18674,18426,72.94541931152344,74.93991088867188,73.94467163085938,REST,0.396779031030345,0.2836676454857834,0.39908285156570295,0.4133320465111506,0.4910335805587432,0
18426,18923,18675,73.94467163085938,75.93916320800781,74.94392395019531,REST,0.6737494491398291,0.4559596689810337,0.6835994884632585,0.7127911089028116,0.8426475302122128,0
18675,19172,18924,74.94392395019531,76.93841552734375,75.94317626953125,REST,0.6872106687406697,0.4844707420194085,0.6565880099581201,0.8142065480695528,0.7935773749155974,0
18924,19421,19173,75.94317626953125,77.93766784667969,76.94242858886719,REST,0.397335691530339,0.34629437840158456,0.312386107624312,0.5584023586292997,0.3722599214661597,0
19173,19670,19422,76.94242858886719,78.93692016601562,77.94168090820312,REST,0.2512077111834099,0.22412244158952627,0.25754057318943463,0.27197946248304733,0.2511883674716314,0
19422,19919,19671,77.94168090820312,79.93617248535156,78.94093322753906,REST,0.2291741098060186,0.19850036696488144,0.26096192913778504,0.22763824190236712,0.2295959012190409,0
19671,20168,19920,78.94093322753906,80.9354248046875,79.940185546875,REST,0.2572464365946686,0.2351662549533768,0.2647463336295845,0.2733203582698977,0.25575279952581553,0
19920,20417,20169,79.940185546875,81.93467712402344,80.93943786621094,REST,0.30808427710909836,0.2861236005682093,0.3701186924637716,0.2810122013615083,0.2950826140429042,0
20169,20666,20418,80.93943786621094,82.93392944335938,81.93869018554688,REST,0.4627841604239935,0.4330352881640806,0.691701708252818,0.39862747753265493,0.32777216774642076,0
20418,20915,20667,81.93869018554688,83.93318176269531,82.93794250488281,REST,0.46355071558222827,0.40414301338363673,0.7680609189475534,0.3997994495567911,0.2821994804409319,0
20667,21164,20916,82.93794250488281,84.93243408203125,83.93719482421875,REST,0.2955165506259787,0.20697226494232224,0.5000376328944277,0.2541664394127957,0.22088986525436916,0
20916,21413,21165,83.93719482421875,85.93168640136719,84.93644714355469,REST,0.25060605628557436,0.19466107336735194,0.3230721427089862,0.2576968760940394,0.2269941329719198,0
21165,21662,21414,84.93644714355469,86.93093872070312,85.93569946289062,REST,0.43048391296813404,0.4550947520972862,0.5409360699553314,0.30115226428748704,0.42475256553243146,0
21414,21911,21663,85.93569946289062,87.93019104003906,86.93495178222656,REST,0.49426101235322484,0.551256575664894,0.5649263773829987,0.3767179568235246,0.48414313954148186,0
21663,22160,21912,86.93495178222656,88.929443359375,87.9342041015625,REST,0.48499366099128105,0.528405755328153,0.46977183943077205,0.4899749812142001,0.4518220679919991,0
21912,22409,22161,87.9342041015625,89.92869567871094,88.93345642089844,REST,0.5366484677330746,0.5469855215883199,0.6213330787694167,0.5275942150523458,0.450681055522216,0
22161,22658,22410,88.93345642089844,90.92794799804688,89.93270874023438,REST,0.4848109146586811,0.4731962258748194,0.5836221943638877,0.5187925032437473,0.36363273515226996,0
22410,22907,22659,89.93270874023438,91.92720031738281,90.93196105957031,REST,0.4155807372366125,0.42390743421589233,0.37629107725117794,0.46588995707530395,0.39623448040407583,0
22659,23156,22908,90.93196105957031,92.92645263671875,91.93121337890625,REST,0.3833341178857034,0.39436158299100876,0.3430054058039677,0.39951565244129933,0.39645383030653775,0
22908,23405,23157,91.93121337890625,93.92570495605469,92.93046569824219,REST,0.3744177157812653,0.30981170686721843,0.36219088804838284,0.4478071727499987,0.37786109545946117,0
23157,23654,23406,92.93046569824219,94.92495727539062,93.92971801757812,REST,0.3682443376253087,0.2920443848549789,0.3730117023249722,0.4044983191134573,0.4034229442078265,0
23406,23903,23655,93.92971801757812,95.92420959472656,94.92897033691406,ACTIVE,0.35347892417848287,0.32342683384284626,0.3516429308029413,0.4112262550489956,0.3276196770191484,0
23655,24152,23904,94.92897033691406,96.9234619140625,95.92822265625,ACTIVE,0.3606786554244652,0.2898397105569841,0.4007844290176309,0.4749532442112585,0.2771372379119873,0
23904,24401,24153,95.92822265625,97.92271423339844,96.92747497558594,ACTIVE,0.4915457251704174,0.28010147639228095,0.4308965387876898,0.44107494156249905,0.8141099439392,0
24153,24650,24402,96.92747497558594,98.92196655273438,97.92672729492188,ACTIVE,0.48475491261799886,0.25314732340486823,0.4472865424466583,0.4085420648106136,0.8300437198098551,0
24402,24899,24651,97.92672729492188,99.92121887207031,98.92597961425781,REST,0.30766165327351414,0.2005913193151245,0.3879360300820116,0.319614302159939,0.32250496153698127,0
24651,25148,24900,98.92597961425781,100.92047119140625,99.92523193359375,REST,0.25256131074137794,0.22228718906533998,0.3024631725722169,0.23663311745729576,0.2488617638706592,0
24900,25397,25149,99.92523193359375,101.91972351074219,100.92448425292969,REST,0.2769313746270691,0.2131284704124306,0.38912806647438536,0.25496984921214766,0.2504991124093128,0
25149,25646,25398,100.92448425292969,102.91897583007812,101.92373657226562,REST,0.3164619810527922,0.21280125799453264,0.45155381410745704,0.36015999951187605,0.241332852597303,0
25398,25895,25647,101.92373657226562,103.91822814941406,102.92298889160156,ACTIVE,0.3613885760348876,0.2614542208123823,0.4665859752488343,0.4481555355235916,0.2693585725547424,0
25647,26144,25896,102.92298889160156,104.91748046875,103.9222412109375,ACTIVE,0.40753935401833274,0.2586882230655422,0.42415330407767415,0.5859882053631769,0.36132768356693784,0
25896,26393,26145,103.9222412109375,105.91673278808594,104.92149353027344,ACTIVE,0.4289631078120889,0.25942458405136465,0.4760016998172166,0.6083092274258675,0.37211691995390683,0
26145,26642,26394,104.92149353027344,106.91598510742188,105.92074584960938,ACTIVE,0.4279264594499226,0.286758168337551,0.5494861661592312,0.5089733921021682,0.3664881112007398,0
26394,26891,26643,105.92074584960938,107.91523742675781,106.91999816894531,REST,0.37911201792998733,0.24515691665460823,0.4510057921307278,0.4263180097410324,0.39396735319358084,0
26643,27140,26892,106.91999816894531,108.91448974609375,107.91925048828125,REST,0.3502627429620416,0.25765897481708533,0.36124872996203644,0.3262138377864242,0.45592942928262026,0
26892,27389,27141,107.91925048828125,109.91374206542969,108.91850280761719,REST,0.33068731711744576,0.2847206308350175,0.3518607223286643,0.2886153091205047,0.39755260618559657,0
27141,27638,27390,108.91850280761719,110.91299438476562,109.91775512695312,REST,0.2765689160649627,0.26498517928360626,0.31951885892796356,0.2681104481902845,0.2536611778579965,0
27390,27887,27639,109.91775512695312,111.91224670410156,110.91700744628906,REST,0.3319304407232468,0.3291654967053656,0.40950876784162854,0.3114125937130311,0.27763490463296203,0
27639,28136,27888,110.91700744628906,112.9114990234375,111.916259765625,REST,0.38462765178686953,0.35627431490238504,0.4483035243478493,0.34732678221542,0.3866059856818238,0
27888,28385,28137,111.916259765625,113.91075134277344,112.91551208496094,REST,0.347358042493511,0.3015620778695346,0.3713077087678248,0.3247113477915431,0.39185103554514156,0
28137,28634,28386,112.91551208496094,114.91000366210938,113.91476440429688,REST,0.3124202021358554,0.2745991556087473,0.33476941330062643,0.3322693244502429,0.308042915183805,0
28386,28883,28635,113.91476440429688,115.90925598144531,114.91401672363281,REST,0.30905025450642315,0.26749643024703573,0.353327562128309,0.32839743762166856,0.28697958802867946,0
28635,29132,28884,114.91401672363281,116.90850830078125,115.91326904296875,REST,0.2617889909363379,0.21762048618691904,0.30501611131355494,0.2396519801433415,0.28486738610153595,0
28884,29381,29133,115.91326904296875,117.90776062011719,116.91252136230469,REST,0.2741764948858283,0.2359986505390176,0.3249509723527106,0.23147252591544598,0.30428383073613907,0
29133,29630,29382,116.91252136230469,118.90701293945312,117.91177368164062,REST,0.292876745594743,0.27017813418514136,0.34116466659106653,0.2539039357072479,0.3062602458955163,0
29382,29879,29631,117.91177368164062,119.90626525878906,118.91102600097656,REST,0.2616907421893151,0.23664111237945612,0.2800490792280544,0.23164372178017145,0.2984290553695785,0
29631,30128,29880,118.91102600097656,120.905517578125,119.9102783203125,REST,0.2490817648512052,0.21984707646425927,0.2920085946606463,0.23640205323562177,0.24806933504429335,0
29880,30377,30129,119.9102783203125,121.90476989746094,120.90953063964844,REST,0.25056161958419804,0.2299927108110514,0.31597921565240883,0.26871221045572186,0.18756234141760997,0
30129,30626,30378,120.90953063964844,122.90402221679688,121.90878295898438,REST,0.24852000674502234,0.22109481408621323,0.3217370390563575,0.2593720864062431,0.19187608743127563,0
30378,30875,30627,121.90878295898438,123.90327453613281,122.90803527832031,REST,0.2408861037280161,0.19675699788601297,0.3144368036157456,0.2384139076608916,0.2139367057494144,0
30627,31124,30876,122.90803527832031,124.90252685546875,123.90728759765625,REST,0.3587462803003837,0.24770566052960571,0.4009057615809886,0.44356069933879166,0.34281299975214863,0
30876,31373,31125,123.90728759765625,125.90177917480469,124.90653991699219,REST,0.37267384591559755,0.2640191635217322,0.3966253439544162,0.46236704731109163,0.36768382887515,0
31125,31622,31374,124.90653991699219,126.90103149414062,125.90579223632812,REST,0.27531109190984016,0.22051361586714527,0.2992391257396482,0.3000641733997387,0.28142745263282853,0
31374,31871,31623,125.90579223632812,127.90028381347656,126.90504455566406,REST,0.29022995169365995,0.23337540281277944,0.3599563300766606,0.3047052269142657,0.2628828469709339,0
31623,32120,31872,126.90504455566406,128.8995361328125,127.904296875,REST,0.29006022814003435,0.22825604190276133,0.3630730598787202,0.3244054175134312,0.2445063932652247,0
31872,32369,32121,127.904296875,129.89878845214844,128.90354919433594,ACTIVE,0.4025347109486396,0.2888084742658573,0.5159520433756417,0.4848237747584472,0.32055455139461214,0
32121,32618,32370,128.90354919433594,130.89804077148438,129.90280151367188,ACTIVE,0.491267844980375,0.3843010090296847,0.6033393886954793,0.5894311008898707,0.38799988130646546,0
32370,32867,32619,129.90280151367188,131.8972930908203,130.9020538330078,ACTIVE,0.417650708553845,0.33842272491489744,0.4792775425821819,0.5158310927631548,0.33707147395514586,0
32619,33116,32868,130.9020538330078,132.89654541015625,131.90130615234375,REST,0.2986942760096095,0.22726993336947948,0.38393713385448697,0.34270209691892717,0.24086793989554434,0
32868,33365,33117,131.90130615234375,133.8957977294922,132.9005584716797,REST,0.2713426845693385,0.2159589874991628,0.3653324090627328,0.28228168746063237,0.2217976542548261,0
33117,33614,33366,132.9005584716797,134.89505004882812,133.89981079101562,REST,0.412991445249488,0.32897310345975683,0.5325143602940252,0.46053414211814686,0.329944175126023,0
33366,33863,33615,133.89981079101562,135.89430236816406,134.89906311035156,REST,0.3996740378071901,0.3375698388676123,0.49150439095430754,0.4247889920642845,0.34483292934255605,0
33615,34112,33864,134.89906311035156,136.8935546875,135.8983154296875,REST,0.2543078684711386,0.21464077329216447,0.2797828757792208,0.26713985660652795,0.25566796820664134,0
33864,34361,34113,135.8983154296875,137.89280700683594,136.89756774902344,ACTIVE,0.4091619084518883,0.4404583746915791,0.5683949950807776,0.327208814017519,0.30058545001767745,0
34113,34610,34362,136.89756774902344,138.89205932617188,137.89682006835938,ACTIVE,0.48607181325860427,0.5517589127625265,0.6455742045504299,0.42685030145182634,0.32010383426963424,0
34362,34859,34611,137.89682006835938,139.8913116455078,138.8960723876953,ACTIVE,0.397481423287446,0.3904553583571865,0.4750835607920674,0.44933122713660384,0.27505554686392614,0
34611,35108,34860,138.8960723876953,140.89056396484375,139.89532470703125,ACTIVE,0.34814544655752655,0.23370620315958163,0.43095315952749325,0.45725107220327493,0.27067135133975634,0
34860,35357,35109,139.89532470703125,141.8898162841797,140.8945770263672,ACTIVE,0.3701684587733678,0.2527447727141707,0.40649039282615723,0.49722646400537995,0.32421220554776337,0
35109,35606,35358,140.8945770263672,142.88906860351562,141.89382934570312,ACTIVE,0.37058581742165625,0.24051466966369223,0.3869457867350391,0.5121672290763412,0.3427155842115524,0
35358,35855,35607,141.89382934570312,143.88832092285156,142.89308166503906,REST,0.315793836418048,0.2023503992881571,0.38507846135873874,0.39760620217201137,0.2781402828532848,0
35607,36104,35856,142.89308166503906,144.8875732421875,143.892333984375,REST,0.28274423133494875,0.25505067203275544,0.377451644873197,0.2191303966539765,0.2793442117798659,0
35856,36353,36105,143.892333984375,145.88682556152344,144.89158630371094,REST,0.3086674840000771,0.26709842411169127,0.37406815165913493,0.27714076767323,0.3163625925562521,0
36105,36602,36354,144.89158630371094,146.88607788085938,145.89083862304688,REST,0.32622009527652707,0.2195858532673446,0.3350000202475985,0.35036458529176734,0.3999299222993976,0
36354,36851,36603,145.89083862304688,147.8853302001953,146.8900909423828,REST,0.37141140487108787,0.242804093668539,0.3400653656962123,0.43843875743399296,0.46433740268560736,0
36603,37100,36852,146.8900909423828,148.88458251953125,147.88934326171875,REST,0.33007505739709314,0.24576040517656936,0.3077323778472248,0.3908692531316038,0.3759381934329746,0
36852,37349,37101,147.88934326171875,149.8838348388672,148.8885955810547,REST,0.29014466561103364,0.2622674626151212,0.3274781502922317,0.2742169501563987,0.296616099380383,0
37101,37598,37350,148.8885955810547,150.88308715820312,149.88784790039062,REST,0.29264406611553695,0.27006953374158377,0.34962203804954983,0.26426370363830193,0.2866209890327123,0
37350,37847,37599,149.88784790039062,151.88233947753906,150.88710021972656,REST,0.338505144791242,0.28813781836576546,0.38787241827886854,0.39392344526666573,0.28408689725366837,0
37599,38096,37848,150.88710021972656,152.881591796875,151.8863525390625,REST,0.37438911416363285,0.3098012499672377,0.40562777511223586,0.4409125289856511,0.3412149025894068,0
37848,38345,38097,151.8863525390625,153.88084411621094,152.88560485839844,REST,0.3127243825105313,0.24809347800630194,0.35201304893346114,0.3381081903148328,0.3126828127875294,0
38097,38594,38346,152.88560485839844,154.88009643554688,153.88485717773438,REST,0.2605822595376434,0.19099193578472504,0.3346192685929811,0.26878788321287517,0.24792995055999237,0
38346,38843,38595,153.88485717773438,155.8793487548828,154.8841094970703,REST,0.26503970380192327,0.2153103132806787,0.3361996794979254,0.28868605234103695,0.21996277008805198,0
38595,39092,38844,154.8841094970703,156.87860107421875,155.88336181640625,REST,0.2831397720533172,0.2398643018292728,0.33580731173870587,0.31880111305958897,0.23808636158570112,0
38844,39341,39093,155.88336181640625,157.8778533935547,156.8826141357422,REST,0.29634558274925804,0.25941048155874114,0.3803850673906845,0.2832300352509924,0.26235674679661414,0
39093,39590,39342,156.8826141357422,158.87710571289062,157.88186645507812,REST,0.2962147089279192,0.25210606476395786,0.3938842094258799,0.3005359850134916,0.23833257650834735,0
39342,39839,39591,157.88186645507812,159.87635803222656,158.88111877441406,REST,0.31302517377705286,0.22429251463677777,0.34861285971496414,0.38568134416913996,0.2935139765873296,0
39591,40088,39840,158.88111877441406,160.8756103515625,159.88037109375,REST,0.32152538060243196,0.25090906776774424,0.34618595173957173,0.36699101612596935,0.32201548677644265,0
39840,40337,40089,159.88037109375,161.87486267089844,160.87962341308594,REST,0.26554079397941643,0.21841281582676506,0.315781911713416,0.286887807671942,0.24108064070554264,0
40089,40586,40338,160.87962341308594,162.87411499023438,161.87887573242188,REST,0.2954370259049391,0.19691684743280852,0.35197986278753024,0.3508260004429648,0.28202539295645274,0
40338,40835,40587,161.87887573242188,163.8733673095703,162.8781280517578,ACTIVE,0.3318527392291925,0.22307527822014883,0.38994107471725203,0.3777572023046229,0.33663740167474626,0
40587,41084,40836,162.8781280517578,164.87261962890625,163.87738037109375,ACTIVE,0.3156563061227957,0.21440517747846607,0.36512302835334604,0.3916784188981095,0.29141859976126117,0
40836,41333,41085,163.87738037109375,165.8718719482422,164.8766326904297,ACTIVE,0.37292224400721213,0.2787554288616314,0.4789567711132096,0.40538400290135485,0.3285927731526526,0
41085,41582,41334,164.8766326904297,166.87112426757812,165.87588500976562,ACTIVE,0.3958220472013346,0.3247836729723733,0.5436734013751878,0.3600694140576727,0.3547617004001047,0
41334,41831,41583,165.87588500976562,167.87037658691406,166.87513732910156,ACTIVE,0.3581292671468459,0.2767329538593244,0.47518507913152536,0.3795975498265797,0.30100148576995406,0
41583,42080,41832,166.87513732910156,168.86962890625,167.8743896484375,ACTIVE,0.31236411519509766,0.2314865194440707,0.37134631879909114,0.3630665638360549,0.28355705870117387,0
41832,42329,42081,167.8743896484375,169.86888122558594,168.87364196777344,ACTIVE,0.33142946472474394,0.22467391802132175,0.41320112388387276,0.41009886233584864,0.27774395465793256,0
42081,42578,42330,168.87364196777344,170.86813354492188,169.87289428710938,REST,0.38757465862123647,0.289653814842655,0.5220510471753891,0.45214053219896627,0.28645324026793556,0
42330,42827,42579,169.87289428710938,171.8673858642578,170.8721466064453,REST,0.3718968255520557,0.29365382128782247,0.45327263362637804,0.42130042470294926,0.319360422591073,0
42579,43076,42828,170.8721466064453,172.86663818359375,171.87139892578125,REST,0.3614929707331433,0.3080286657124655,0.435768251399652,0.38107961435541704,0.32109535146503876,0
42828,43325,43077,171.87139892578125,173.8658905029297,172.8706512451172,REST,0.3301297501497764,0.2961128312458472,0.42009182005494383,0.3142049097972492,0.2901094395010656,0
43077,43574,43326,172.8706512451172,174.86514282226562,173.86990356445312,REST,0.30651793210561373,0.2116339886742583,0.3530500468326237,0.3992594051264161,0.2621282877891567,0
43326,43823,43575,173.86990356445312,175.86439514160156,174.86915588378906,ACTIVE,0.418699486754207,0.31813119714123717,0.44872539795958644,0.6095466259589852,0.298394725957019,0
43575,44072,43824,174.86915588378906,176.8636474609375,175.868408203125,ACTIVE,0.48683552165901023,0.3866161662511372,0.5726565521500931,0.6409762260067654,0.34709314222804505,0
43824,44321,44073,175.868408203125,177.86289978027344,176.86766052246094,ACTIVE,0.5757024503540239,0.37103747054924224,0.6698739000096926,0.8647086227913761,0.3971898080657849,0
44073,44570,44322,176.86766052246094,178.86215209960938,177.86691284179688,ACTIVE,0.5508586605401924,0.3549397434545105,0.6387460710368003,0.848642006861195,0.36110682080826384,0
44322,44819,44571,177.86691284179688,179.8614044189453,178.8661651611328,ACTIVE,0.3656382124267925,0.297103340179371,0.44858886883170673,0.43000612451321674,0.28685451618287555,0
44571,45068,44820,178.8661651611328,180.86065673828125,179.86541748046875,REST,0.30261993347696114,0.21519271120349395,0.34352839792903167,0.3638742536913571,0.2878843710839618,0
44820,45317,45069,179.86541748046875,181.8599090576172,180.8646697998047,REST,0.3060851537349877,0.2212500751790643,0.36941263555275666,0.37357219261641733,0.2601057115917124,0
45069,45566,45318,180.8646697998047,182.85916137695312,181.86392211914062,REST,0.30523033024241486,0.2182768314723936,0.32103135783125586,0.3604927746931372,0.32112035697287294,0
45318,45815,45567,181.86392211914062,183.85841369628906,182.86317443847656,REST,0.3264043217577006,0.2092861443490019,0.3390176199113524,0.3499931153776419,0.4073204073928063,0
45567,46064,45816,182.86317443847656,184.857666015625,183.8624267578125,REST,0.35164531587406894,0.2786892043194441,0.34902139198323806,0.39728546777018886,0.3815851994234047,0
45816,46313,46065,183.8624267578125,185.85691833496094,184.86167907714844,REST,0.3178899041409238,0.2744910641725468,0.33454154168161565,0.3711750095291487,0.29135200118038385,0
46065,46562,46314,184.86167907714844,186.85617065429688,185.86093139648438,REST,0.2871653265584707,0.25285278873389777,0.3789850623839232,0.29730677078340123,0.21951668433266064,0
46314,46811,46563,185.86093139648438,187.8554229736328,186.8601837158203,REST,0.34549678050269494,0.2914772891832558,0.42036563968895696,0.38740562909850595,0.282738564040061,0
46563,47060,46812,186.8601837158203,188.85467529296875,187.85943603515625,REST,0.4281099597697911,0.3492811377844838,0.517323980198324,0.4437080176791249,0.4021267034172318,0
46812,47309,47061,187.85943603515625,189.8539276123047,188.8586883544922,REST,0.3875909019420895,0.3270147104390625,0.48368637631428896,0.37109862845225744,0.36856389256274896,0
47061,47558,47310,188.8586883544922,190.85317993164062,189.85794067382812,REST,0.28989390234188456,0.26797738987442515,0.34034697372926487,0.28864709900864416,0.26260414675520405,0
47310,47807,47559,189.85794067382812,191.85243225097656,190.85719299316406,REST,0.2815790458753058,0.2349223809098286,0.34255474658414786,0.25809937771887836,0.29073967828836833,0
47559,48056,47808,190.85719299316406,192.8516845703125,191.8564453125,REST,0.28069587642678884,0.2067734674102982,0.3763152901952584,0.2458411848851051,0.2938535632164937,0
47808,48305,48057,191.8564453125,193.85093688964844,192.85569763183594,REST,0.26779989058166037,0.2337577351387298,0.3488102013262225,0.2492720393048405,0.23935958655684866,0
48057,48554,48306,192.85569763183594,194.85018920898438,193.85494995117188,ACTIVE,0.3026069193284697,0.2139654506030091,0.34549078804526034,0.3753605380431945,0.2756109006224151,0
48306,48803,48555,193.85494995117188,195.8494415283203,194.8542022705078,ACTIVE,0.3429859646238014,0.22974568491452965,0.39239438358950646,0.44305679090434463,0.3067469990868248,0
48555,49052,48804,194.8542022705078,196.84869384765625,195.85345458984375,ACTIVE,0.35990775899656197,0.30740145562411053,0.36664462119865265,0.43742469757634783,0.3281602615871368,0
48804,49301,49053,195.85345458984375,197.8479461669922,196.8527069091797,ACTIVE,0.3941385619699807,0.314061029384447,0.4382970883851369,0.47006410805787036,0.3541320220524684,0
49053,49550,49302,196.8527069091797,198.84719848632812,197.85195922851562,ACTIVE,0.35864135667399016,0.23396533235620684,0.45781829133001983,0.41644553847148097,0.3263362645382531,0
49302,49799,49551,197.85195922851562,199.84645080566406,198.85121154785156,ACTIVE,0.3126805222561835,0.21016934399064383,0.417110593710886,0.34580074200312233,0.2776414093200819,0
49551,50048,49800,198.85121154785156,200.845703125,199.8504638671875,ACTIVE,0.28935935217255815,0.22550628873004575,0.4148763179948399,0.3013328512739318,0.2157219506914153,0
49800,50297,50049,199.8504638671875,201.84495544433594,200.84971618652344,REST,0.2747377094353847,0.2372422434580735,0.40180439106786253,0.25478300852721697,0.205121194688386,0
50049,50546,50298,200.84971618652344,202.84420776367188,201.84896850585938,REST,0.3210576335112209,0.2252638975622488,0.37140350306129966,0.35456122545086627,0.3330019079704689,0
50298,50795,50547,201.84896850585938,203.8434600830078,202.8482208251953,REST,0.38528938075212826,0.1984644318356265,0.33133403551145296,0.442050222348066,0.5693088333133676,0
50547,51044,50796,202.8482208251953,204.84271240234375,203.84747314453125,ACTIVE,0.5041401983400879,0.25031888824703913,0.43961662763169246,0.5791677746339543,0.7474575028476662,0
50796,51293,51045,203.84747314453125,205.8419647216797,204.8467254638672,ACTIVE,0.5365009756678312,0.2716387953580942,0.4918025630339655,0.6345265502144491,0.7480359940648158,0
51045,51542,51294,204.8467254638672,206.84121704101562,205.84597778320312,ACTIVE,0.4873031123370146,0.24655936042821194,0.4510013632316321,0.5895307958119443,0.66212092987627,0
51294,51791,51543,205.84597778320312,207.84046936035156,206.84523010253906,ACTIVE,0.5114842586076676,0.2878350147147172,0.4685348722139619,0.6351810907599663,0.6543860567420251,0
51543,52040,51792,206.84523010253906,208.8397216796875,207.844482421875,ACTIVE,0.4907717178439963,0.281371194346331,0.4574894339613988,0.585732107102158,0.6384941359660975,0
51792,52289,52041,207.844482421875,209.83897399902344,208.84373474121094,ACTIVE,0.4642361854135052,0.2714552318131184,0.4538517308625996,0.5152468538258191,0.6163909251524834,0
52041,52538,52290,208.84373474121094,210.83822631835938,209.84298706054688,REST,0.4329395598571003,0.24561053347430237,0.4133079731156146,0.4765923944388349,0.5962473383996494,0
52290,52787,52539,209.84298706054688,211.8374786376953,210.8422393798828,REST,0.36561652738910744,0.19510623133537525,0.32351670079237665,0.4231626098756379,0.5206805675530398,0
52539,53036,52788,210.8422393798828,212.83673095703125,211.84149169921875,REST,0.3455513951574202,0.20611510189039056,0.3126539339214871,0.4120476549535121,0.45138888986429104,0
52788,53285,53037,211.84149169921875,213.8359832763672,212.8407440185547,REST,0.4367621369838319,0.25938981317009185,0.3850870852926403,0.512374445705686,0.5901972037669092,0
53037,53534,53286,212.8407440185547,214.83523559570312,213.83999633789062,REST,0.47760358371735956,0.2579349007521693,0.3877757305185799,0.613773803359896,0.6509299002387929,0
53286,53783,53535,213.83999633789062,215.83448791503906,214.83924865722656,REST,0.4426951571211558,0.2057138380160332,0.35824433926785815,0.5483530270490065,0.6584694241517255,0
53535,54032,53784,214.83924865722656,216.833740234375,215.8385009765625,REST,0.4834406274464905,0.25334424505022063,0.4073727511120471,0.5889284291821261,0.6841170844415684,0
53784,54281,54033,215.8385009765625,217.83299255371094,216.83775329589844,REST,0.46139241099750944,0.27322454941004914,0.3899512018677326,0.6495893218286515,0.5328045708836047,0
54033,54530,54282,216.83775329589844,218.83224487304688,217.83700561523438,REST,0.46962261859280874,0.34874057819128795,0.4351318787172288,0.6515438205537369,0.4430741969089814,0
54282,54779,54531,217.83700561523438,219.8314971923828,218.8362579345703,REST,0.4840868115929784,0.39922888923345395,0.4679087190997269,0.5364817365080841,0.5327279015306489,0
54531,55028,54780,218.8362579345703,220.83074951171875,219.83551025390625,REST,0.5029671220919216,0.4288086669863202,0.48450276147405796,0.47321657980863147,0.6253404800986767,0
54780,55277,55029,219.83551025390625,221.8300018310547,220.8347625732422,REST,0.6367041099448896,0.566795929089912,0.6205926264994858,0.6350199484631018,0.7244079357270584,0
55029,55526,55278,220.8347625732422,222.82925415039062,221.83401489257812,REST,0.5656845106499112,0.5185222257558083,0.6017316918492911,0.5427320282214309,0.5997520967731144,0
55278,55775,55527,221.83401489257812,223.82850646972656,222.83326721191406,REST,0.3685645349346298,0.33887363839055673,0.4674114677429891,0.318971646125158,0.34900138747981546,0
55527,56024,55776,222.83326721191406,224.8277587890625,223.83251953125,REST,0.319361092047735,0.2662529654196689,0.3945929022417589,0.29842177812144677,0.31817672240806527,0
55776,56273,56025,223.83251953125,225.82701110839844,224.83177185058594,ACTIVE,0.3950057754983751,0.35246133631345633,0.4067560089244399,0.4189572670693372,0.40184848968626696,0
56025,56522,56274,224.83177185058594,226.82626342773438,225.83102416992188,ACTIVE,0.4098492973333301,0.3651049296208582,0.446094098561811,0.43818540848969845,0.3900127526609528,0
56274,56771,56523,225.83102416992188,227.8255157470703,226.8302764892578,ACTIVE,0.3244667507638083,0.23726892544451067,0.46822501037127,0.38163124653796,0.21074182070149255,0
56523,57020,56772,226.8302764892578,228.82476806640625,227.82952880859375,ACTIVE,0.3539857350006948,0.2786517022068536,0.48099542696899444,0.3963147606754483,0.259981050151483,0
56772,57269,57021,227.82952880859375,229.8240203857422,228.8287811279297,ACTIVE,0.4381831045716634,0.4054014775159305,0.5823029647132448,0.39205154816370047,0.37297642789377766,0
57021,57518,57270,228.8287811279297,230.82327270507812,229.82803344726562,ACTIVE,0.4167478224467682,0.378619011458685,0.5674827692002199,0.3828488497425439,0.33804065938562394,0
57270,57767,57519,229.82803344726562,231.82252502441406,230.82728576660156,REST,0.2905309905376109,0.22889797926310682,0.363065582528556,0.33984814939416,0.23031225096462074,0
57519,58016,57768,230.82728576660156,232.82177734375,231.8265380859375,REST,0.3207955373860779,0.247777324092077,0.38209804302938005,0.3310632025097745,0.32224357991308006,0
57768,58265,58017,231.8265380859375,233.82102966308594,232.82579040527344,REST,0.33269644502835716,0.2311777533214111,0.38646483336602755,0.3919513577744915,0.32119183565149856,0
58017,58514,58266,232.82579040527344,234.82028198242188,233.82504272460938,REST,0.31811827130737985,0.24775757522013248,0.3698477122411067,0.3980309120045319,0.2568368857637482,0
58266,58763,58515,233.82504272460938,235.8195343017578,234.8242950439453,REST,0.38491797394534155,0.26663031931310716,0.4714056690891778,0.47283444700514654,0.32880146037393476,0
58515,59012,58764,234.8242950439453,236.81878662109375,235.82354736328125,ACTIVE,0.39735792802154746,0.2668906891626474,0.49657685536765067,0.5151386047131135,0.3108255628427783,0
58764,59261,59013,235.82354736328125,237.8180389404297,236.8227996826172,ACTIVE,0.341248692594936,0.26686252848878517,0.4790336075668999,0.4074588075460116,0.21163982677804755,0
59013,59510,59262,236.8227996826172,238.81729125976562,237.82205200195312,ACTIVE,0.3239346383359957,0.24574667100319417,0.47811027287491786,0.3572952715021994,0.2145863379636712,0
59262,59759,59511,237.82205200195312,239.81654357910156,238.82130432128906,ACTIVE,0.3883232196581671,0.3070862265053012,0.5387927831207957,0.470245018347107,0.2371688506594644,0
59511,60008,59760,238.82130432128906,240.8157958984375,239.820556640625,ACTIVE,0.4087808901686818,0.3299568145743379,0.5273581550520062,0.5169827800114212,0.2608258110369619,0
59760,60257,60009,239.820556640625,241.81504821777344,240.81980895996094,ACTIVE,0.32109117042132407,0.25744940909125763,0.36620424816884817,0.3899270175588718,0.27078400686631865,0
60009,60506,60258,240.81980895996094,242.81430053710938,241.81906127929688,REST,0.2649879098096799,0.23421391120171767,0.2714944547884025,0.28724468521085994,0.2669985880377394,0
60258,60755,60507,241.81906127929688,243.8135528564453,242.8183135986328,REST,0.26665659958391275,0.24307597326065003,0.3134469027689654,0.26642610821868745,0.2436774140873481,0
60507,61004,60756,242.8183135986328,244.81280517578125,243.81756591796875,REST,0.24641104579379178,0.2180443302804011,0.3294869253042295,0.2133833671457383,0.2247295604447982,0
60756,61253,61005,243.81756591796875,245.8120574951172,244.8168182373047,REST,0.2744416162472991,0.23594444320475885,0.35789584266843927,0.24137847894566405,0.26254770017033424,0
61005,61502,61254,244.8168182373047,246.81130981445312,245.81607055664062,REST,0.35885936664872153,0.28014030076716684,0.5250865809442469,0.33575801112936143,0.2944525737541111,0
61254,61751,61503,245.81607055664062,247.81056213378906,246.81532287597656,REST,0.36120175246848923,0.27028024783088755,0.48420334535245463,0.3612979236843797,0.3290254930062351,0
61503,62000,61752,246.81532287597656,248.809814453125,247.8145751953125,REST,0.3033210097420845,0.25384964499958557,0.32289553987467273,0.28917770204599774,0.347361152048082,0
61752,62249,62001,247.8145751953125,249.80906677246094,248.81382751464844,REST,0.9330164979129697,1.4550809232422524,0.6996313906213655,0.8104205629657419,0.7669331148225189,1
62001,62498,62250,248.81382751464844,250.80831909179688,249.81307983398438,REST,0.9430976509307266,1.4513096266680567,0.7059092149737697,0.8421632919105653,0.773008470170515,1
62250,62747,62499,249.81307983398438,251.8075714111328,250.8123321533203,REST,0.3556294131112171,0.32179437125639054,0.38924638423336483,0.3807317673238899,0.3307451296312231,0
62499,62996,62748,250.8123321533203,252.80682373046875,251.81158447265625,REST,0.3783672524493628,0.3913893138707357,0.4258079963565955,0.348927142204558,0.34734455736556197,0
62748,63245,62997,251.81158447265625,253.8060760498047,252.8108367919922,REST,0.3542148299472477,0.36666248012001734,0.4045646062747524,0.3195580944442142,0.3260741389500068,0
62997,63494,63246,252.8108367919922,254.80532836914062,253.81008911132812,REST,0.3452679496852753,0.29054727114133144,0.500086675100905,0.305811946945768,0.2846259055530967,0
63246,63743,63495,253.81008911132812,255.80458068847656,254.80934143066406,ACTIVE,0.5490875210297557,0.274649788666038,1.3109414620756712,0.31236576411749045,0.29839306925982334,0
63495,63992,63744,254.80934143066406,256.8038330078125,255.80859375,ACTIVE,0.5881751108976365,0.3339792630344246,1.2829131582011866,0.4226570548603578,0.31315096749457716,0
63744,64241,63993,255.80859375,257.80308532714844,256.80784606933594,ACTIVE,0.5555041737113351,0.39652687724631475,1.0034525310512545,0.4851950552149942,0.3368422313327768,0
63993,64490,64242,256.80784606933594,258.8023376464844,257.8070983886719,ACTIVE,0.6090651713134173,0.4174332918820615,1.2433924223518056,0.4300663602743663,0.34536861074543584,0
64242,64739,64491,257.8070983886719,259.8015899658203,258.8063507080078,ACTIVE,0.6180636030832564,0.3303401015053845,1.3880152181588963,0.4206365192445487,0.3332625734241962,0
64491,64988,64740,258.8063507080078,260.80084228515625,259.80560302734375,REST,0.5090603434537009,0.24679590373758994,1.1620767013647135,0.36370960888810594,0.26365915982439386,0
64740,65237,64989,259.80560302734375,261.8000946044922,260.8048553466797,REST,0.2659501332878763,0.2241711917477557,0.3752198687781685,0.24494906266180266,0.21946040996377836,0
64989,65486,65238,260.8048553466797,262.7993469238281,261.8041076660156,REST,0.3542122938825569,0.24081810883428467,0.4618170368252715,0.3952621744767056,0.31895185539396587,0
65238,65735,65487,261.8041076660156,263.79859924316406,262.80335998535156,REST,0.38823085556040526,0.290672224641407,0.5027597910662718,0.4293375858255692,0.3301538207083729,0
65487,65984,65736,262.80335998535156,264.7978515625,263.8026123046875,REST,0.3355782783293406,0.27451161506794425,0.38578650060727604,0.3537484167357798,0.32826658090636235,0
65736,66233,65985,263.8026123046875,265.79710388183594,264.80186462402344,REST,0.3413200562243577,0.23262736025777653,0.32242325999310584,0.42145466050690555,0.388774944139643,0
65985,66482,66234,264.80186462402344,266.7963562011719,265.8011169433594,ACTIVE,0.3562667759626802,0.26117287064588235,0.42707379497918035,0.4319791415467607,0.30484129667889737,0
66234,66731,66483,265.8011169433594,267.7956085205078,266.8003692626953,ACTIVE,0.41709206973052027,0.3198942650064782,0.6020529077946083,0.5308759439591562,0.21554516216183825,0
66483,66980,66732,266.8003692626953,268.79486083984375,267.79962158203125,ACTIVE,0.46291051294562996,0.35215914583267394,0.5921048077557495,0.6659464710844897,0.24143162710960656,0
66732,67229,66981,267.79962158203125,269.7941131591797,268.7988739013672,ACTIVE,0.40461132615314166,0.2928862525642542,0.4673328100895735,0.5906109173369967,0.2676153246217424,0
66981,67478,67230,268.7988739013672,270.7933654785156,269.7981262207031,ACTIVE,0.362876611146159,0.20900375174032612,0.4959593646735181,0.4482803542312739,0.2982629739395176,0
67230,67727,67479,269.7981262207031,271.79261779785156,270.79737854003906,ACTIVE,0.41705833587338415,0.2734334785881229,0.6245571073847059,0.46289981936784425,0.30734293815286357,0
67479,67976,67728,270.79737854003906,272.7918701171875,271.796630859375,ACTIVE,0.38876852286840535,0.267827451079078,0.5597607134891824,0.44264652595984066,0.2848394009455201,0
67728,68225,67977,271.796630859375,273.79112243652344,272.79588317871094,ACTIVE,0.3070793424111593,0.22817524112991908,0.3769062308134529,0.3777404737436464,0.2454954239576188,0
67977,68474,68226,272.79588317871094,274.7903747558594,273.7951354980469,REST,0.2959327996990393,0.25478294363996995,0.3804252601320792,0.3305351599671384,0.21798783505696945,0
68226,68723,68475,273.7951354980469,275.7896270751953,274.7943878173828,REST,0.2489627574031602,0.22369003832132223,0.3144490223443002,0.2476411943106448,0.21007077463637355,0
68475,68972,68724,274.7943878173828,276.78887939453125,275.79364013671875,REST,0.22969066375766828,0.21810377996991342,0.270686257654998,0.21191333397440448,0.21805928343135725,0
68724,69221,68973,275.79364013671875,277.7881317138672,276.7928924560547,REST,0.3348820924219857,0.3103649789342885,0.4230114577145809,0.29119290007608545,0.3149590329629881,0
68973,69470,69222,276.7928924560547,278.7873840332031,277.7921447753906,REST,0.438832053193506,0.35400883288793467,0.5767461992425273,0.4323562725187703,0.3922169081247915,0
69222,69719,69471,277.7921447753906,279.78663635253906,278.79139709472656,REST,0.4191190375962607,0.344726567137071,0.5455821868484652,0.425655922896891,0.3605114735026155,0
69471,69968,69720,278.79139709472656,280.785888671875,279.7906494140625,REST,0.4640164188405922,0.38287908348694155,0.5451925938657873,0.4354733150726253,0.4925206829370145,0
69720,70217,69969,279.7906494140625,281.78514099121094,280.78990173339844,REST,0.48158832131032586,0.379231287762864,0.5630414961157889,0.44406650042886825,0.5400140009337824,0
69969,70466,70218,280.78990173339844,282.7843933105469,281.7891540527344,REST,0.37487199501096236,0.31091455162743864,0.49301529027811136,0.3178729510640486,0.3776851870742507,0
70218,70715,70467,281.7891540527344,283.7836456298828,282.7884063720703,REST,0.40541190386366194,0.28821836129373546,0.43218762891732626,0.49295089535765313,0.4082907298859329,0
70467,70964,70716,282.7884063720703,284.78289794921875,283.78765869140625,REST,0.4391684057987161,0.27750416970262215,0.4509945624298057,0.5812694874624694,0.44690540359996683,0
70716,71213,70965,283.78765869140625,285.7821502685547,284.7869110107422,ACTIVE,0.3913264568121687,0.2904158437851995,0.5097526570062518,0.439849513705064,0.3252878127521594,0
70965,71462,71214,284.7869110107422,286.7814025878906,285.7861633300781,ACTIVE,0.3292473747194593,0.278859397787661,0.4285863592201099,0.34870294058215956,0.26084080128790665,0
71214,71711,71463,285.7861633300781,287.78065490722656,286.78541564941406,ACTIVE,0.2975717064486726,0.22401116886660918,0.35634790710390657,0.34424793758382094,0.26567981224035353,0
71463,71960,71712,286.78541564941406,288.7799072265625,287.78466796875,ACTIVE,0.2874458355331466,0.2195991892751804,0.3665713297207766,0.30595544705162425,0.2576573760850053,0
71712,72209,71961,287.78466796875,289.77915954589844,288.78392028808594,ACTIVE,0.2834027187639775,0.22449441690457134,0.3462903721616071,0.3101428775740393,0.2526832084156923,0
71961,72458,72210,288.78392028808594,290.7784118652344,289.7831726074219,REST,0.2757142980932113,0.22078601304056,0.36035094676930485,0.3118786926321469,0.20984153993083354,0
72210,72707,72459,289.7831726074219,291.7776641845703,290.7824249267578,REST,0.2614389702999584,0.21967033450187967,0.3782956514229172,0.27065413089675505,0.17713576437828155,0
72459,72956,72708,290.7824249267578,292.77691650390625,291.78167724609375,REST,0.3517295433354506,0.25487513701132947,0.506024305948218,0.43242303191929465,0.21359569846296014,0
72708,73205,72957,291.78167724609375,293.7761688232422,292.7809295654297,ACTIVE,0.4078496713959999,0.24941829296222504,0.5590248376644714,0.5299706852215526,0.29298486973575055,0
72957,73454,73206,292.7809295654297,294.7754211425781,293.7801818847656,ACTIVE,0.38496910590566086,0.2707883318854383,0.4651523423380047,0.5341797671738417,0.26975598222535857,0
73206,73703,73455,293.7801818847656,295.77467346191406,294.77943420410156,ACTIVE,0.3394620066088531,0.2782804874592676,0.4051421738912756,0.48454800939542897,0.18987735568944047,0
73455,73952,73704,294.77943420410156,296.77392578125,295.7786865234375,ACTIVE,0.3202049624867645,0.2831559456988786,0.33102178746005245,0.36750501209307446,0.2991371046950524,0
73704,74201,73953,295.7786865234375,297.77317810058594,296.77793884277344,ACTIVE,0.29342368360499244,0.2875296487510484,0.26994253062339435,0.299474582821126,0.3167479722244008,0
73953,74450,74202,296.77793884277344,298.7724304199219,297.7771911621094,REST,0.24085286472277992,0.2361432410732431,0.28812027570268145,0.22065328929562025,0.21849465281957492,0
74202,74699,74451,297.7771911621094,299.7716827392578,298.7764434814453,REST,0.21334044080090356,0.21014281806538973,0.29136881090224853,0.18540886658671535,0.16644126764926073,0
74451,74948,74700,298.7764434814453,300.77093505859375,299.77569580078125,REST,0.20192238033141557,0.17576557118092165,0.26491546050633863,0.18326829378620663,0.18374019585219542,0
74700,75197,74949,299.77569580078125,301.7701873779297,300.7749481201172,REST,0.24923884323721188,0.2341027986284425,0.3186275874337736,0.2406485629370264,0.20357642394960496,0
74949,75446,75198,300.7749481201172,302.7694396972656,301.7742004394531,REST,0.2768493453428098,0.27324136563363666,0.3370710531028267,0.2840628408124159,0.21302212182235997,0
75198,75695,75447,301.7742004394531,303.76869201660156,302.77345275878906,REST,0.25449077968480555,0.23250247041491293,0.29354120284090246,0.25293945804793894,0.23897998743546783,0
75447,75944,75696,302.77345275878906,304.7679443359375,303.772705078125,REST,0.26040470215757583,0.24519423613943578,0.304446240895707,0.23050735634271965,0.2614709752524408,0
75696,76193,75945,303.772705078125,305.76719665527344,304.77195739746094,REST,0.2741674578464527,0.2648837537486201,0.3141576524580884,0.24348713348097684,0.2741412916981255,0
75945,76442,76194,304.77195739746094,306.7664489746094,305.7712097167969,REST,0.2620159177807473,0.2614504446396229,0.30983703650466043,0.2407745954860472,0.23600159449265865,0
76194,76691,76443,305.7712097167969,307.7657012939453,306.7704620361328,ACTIVE,0.31907417741994526,0.26822689216353973,0.4721881850800646,0.29510783815346886,0.2407737942827079,0
76443,76940,76692,306.7704620361328,308.76495361328125,307.76971435546875,ACTIVE,0.3383995649461747,0.24152445406597806,0.4874611790565686,0.3278644344240037,0.29674819223814825,0
76692,77189,76941,307.76971435546875,309.7642059326172,308.7689666748047,ACTIVE,0.3623852637828099,0.3094107409172168,0.4526144983080384,0.3738019883898613,0.3137138275161232,0
76941,77438,77190,308.7689666748047,310.7634582519531,309.7682189941406,ACTIVE,0.3841249868361207,0.32012685530734847,0.5119712338016311,0.3910147872943334,0.31338707094116974,0
77190,77687,77439,309.7682189941406,311.76271057128906,310.76747131347656,ACTIVE,0.3517153103926487,0.3029482594210301,0.4793637952325824,0.3424702446315658,0.28207894228541674,0
77439,77936,77688,310.76747131347656,312.761962890625,311.7667236328125,REST,0.4125508766811171,0.3486064096786331,0.6305290509850161,0.3638410730159741,0.30722697304484514,0
77688,78185,77937,311.7667236328125,313.76121520996094,312.76597595214844,REST,0.40124687367070466,0.3312074110810423,0.5845789530556714,0.3723088419306948,0.31689228861541024,0
77937,78434,78186,312.76597595214844,314.7604675292969,313.7652282714844,REST,0.39299926246697425,0.34815646119776356,0.43010919100152056,0.38554267523637803,0.408188722432235,0
78186,78683,78435,313.7652282714844,315.7597198486328,314.7644805908203,REST,0.3852025345273983,0.32080760159531696,0.4514654167120989,0.3668592220897967,0.4016778977123807,0
78435,78932,78684,314.7644805908203,316.75897216796875,315.76373291015625,REST,0.36064282941942627,0.3133780851596789,0.4365656920200777,0.42588053389610414,0.2667470066018445,0
78684,79181,78933,315.76373291015625,317.7582244873047,316.7629852294922,ACTIVE,0.3917157210132377,0.4059123475109642,0.46285446762787846,0.44221117159279777,0.2558848973213104,0
78933,79430,79182,316.7629852294922,318.7574768066406,317.7622375488281,ACTIVE,0.3948063982152047,0.4006953368024823,0.5162756286198354,0.3453862520290035,0.31686837540949775,0
79182,79679,79431,317.7622375488281,319.75672912597656,318.76148986816406,ACTIVE,0.3902566243977976,0.3165878466224093,0.5239179518415068,0.3644262966349057,0.35609440249236857,0
79431,79928,79680,318.76148986816406,320.7559814453125,319.7607421875,ACTIVE,0.34632597207023996,0.24607804858386725,0.4867292062785289,0.35920325961945426,0.2932933737991095,0
79680,80177,79929,319.7607421875,321.75523376464844,320.75999450683594,REST,0.33440818781818854,0.23202378677709107,0.5047069941544898,0.341924480971128,0.2589774893700454,0
79929,80426,80178,320.75999450683594,322.7544860839844,321.7592468261719,REST,0.28541632286139484,0.22265159698097842,0.39232664760604435,0.28965660716167285,0.23703043969688373,0
80178,80675,80427,321.7592468261719,323.7537384033203,322.7584991455078,REST,0.2411653805445364,0.20896647622057973,0.3131973387879835,0.23003171742789938,0.212465989741683,0
80427,80924,80676,322.7584991455078,324.75299072265625,323.75775146484375,REST,0.2852698926478829,0.26424670159366076,0.3861671796140081,0.2625006466481523,0.22816504273571045,0
80676,81173,80925,323.75775146484375,325.7522430419922,324.7570037841797,REST,0.2820363302562017,0.2717129050556951,0.3657127886146274,0.24350381267429383,0.24721581468019027,0
80925,81422,81174,324.7570037841797,326.7514953613281,325.7562561035156,REST,0.4410326451301487,0.331010292192977,0.5482624636010095,0.5135039047348541,0.3713539199917545,0
81174,81671,81423,325.7562561035156,327.75074768066406,326.75550842285156,REST,0.9752552964784502,0.8602235585929339,1.316177109378387,0.7316680684266098,0.99295244951587,1
81423,81920,81672,326.75550842285156,328.75,327.7547607421875,REST,70.71817005140791,65.4153916311078,95.08211698496227,43.839282976001556,78.53588861356003,1
81672,82169,81921,327.7547607421875,329.74925231933594,328.75401306152344,REST,180.6922739497174,163.79855685716228,239.8978343910683,119.56821349427662,199.50449105636227,1
81921,82418,82170,328.75401306152344,330.7485046386719,329.7532653808594,REST,166.28557993497134,150.17572568325102,220.26067228530601,111.30195700461304,183.40396476671538,1
82170,82667,82419,329.7532653808594,331.7477569580078,330.7525177001953,REST,2.101759915775271,1.2169663959761854,1.886833694766666,3.774399997569836,1.5288395747883987,1
82419,82916,82668,330.7525177001953,332.74700927734375,331.75177001953125,REST,4.834106113909117,3.447817264848297,2.903398298781952,10.538952164687508,2.4462567273187132,1
82668,83165,82917,331.75177001953125,333.7462615966797,332.7510223388672,REST,41.2293161599801,44.50312993782467,37.572035768843506,42.731829276597004,40.11026965665523,1
82917,83414,83166,332.7510223388672,334.7455139160156,333.7502746582031,REST,59.229644005040086,57.907263683596035,53.08721397323268,66.28374856400143,59.64034979933022,1
83166,83663,83415,333.7502746582031,335.74476623535156,334.74952697753906,REST,45.104033950227745,37.54665654222072,39.33665902345569,57.44632382957787,46.08649640565671,1
83415,83912,83664,334.74952697753906,336.7440185546875,335.748779296875,REST,16.169776754783324,5.861537056670405,11.670174120249454,28.739218289945786,18.408177552267652,1
83664,84161,83913,335.748779296875,337.74327087402344,336.74803161621094,REST,118.95997781842566,38.005608580645756,74.65343075970213,160.72544885707825,202.45542307627647,1
83913,84410,84162,336.74803161621094,338.7425231933594,337.7472839355469,REST,142.2882458444443,64.22944865395063,90.34962358350577,204.53871004105102,210.03520109926984,1
84162,84659,84411,337.7472839355469,339.7417755126953,338.7465362548828,REST,72.45887709510096,52.063428111415675,51.328946152140404,128.77882153618592,57.664312580661836,1
84411,84908,84660,338.7465362548828,340.74102783203125,339.74578857421875,REST,9.197816019291851,4.622053126377662,6.766104944296627,19.588722157745554,5.81438384874756,1
84660,85157,84909,339.74578857421875,341.7402801513672,340.7450408935547,REST,5.906486077908568,3.10359244556029,2.5477229603697054,14.043772183618442,3.930856722085837,1
84909,85406,85158,340.7450408935547,342.7395324707031,341.7442932128906,REST,14.080710835043252,10.625096009060991,6.959653155686115,31.958569111219852,6.779525064206056,1
85158,85655,85407,341.7442932128906,343.73878479003906,342.74354553222656,REST,14.602836991843594,11.659413467378874,7.558133588842013,31.770729936581336,7.4230709745721475,1
85407,85904,85656,342.74354553222656,344.738037109375,343.7427978515625,REST,11.26414046437457,6.8416145870189595,7.740528284851791,17.806089544364504,12.668329441263024,1
85656,86153,85905,343.7427978515625,345.73728942871094,344.74205017089844,REST,47.93255769570254,33.15324217012931,52.51441758212471,73.34388933287768,32.71868169767846,1
85905,86402,86154,344.74205017089844,346.7365417480469,345.7413024902344,REST,69.5624905709786,37.537956163767184,110.20429362410539,77.62817795837825,52.87953453766358,1
86154,86651,86403,345.7413024902344,347.7357940673828,346.7405548095703,REST,48.36322411402906,18.34798661321767,98.1026800505859,30.035025833118738,46.96720395919394,1
86403,86900,86652,346.7405548095703,348.73504638671875,347.73980712890625,REST,16.10703461592533,4.377041397712887,15.213632050491515,24.14491260792331,20.692552407573608,1
86652,87149,86901,347.73980712890625,349.7342987060547,348.7390594482422,REST,10.685453077061965,2.9245996933343372,6.843156323261799,23.356231880078337,9.617824411573391,1
86901,87398,87150,348.7390594482422,350.7335510253906,349.7383117675781,REST,12.757089729924497,2.442867756165038,4.570543330699148,36.938372799201936,7.0765750336318645,1
87150,87647,87399,349.7383117675781,351.73280334472656,350.73756408691406,REST,32.52547275208527,7.428007832190835,21.669634337176035,89.76641285982441,11.237835979149798,1
87399,87896,87648,350.73756408691406,352.7320556640625,351.73681640625,REST,32.84013650700333,10.707472499466816,21.908369302884743,86.61352823671604,12.131175988945722,1
87648,88145,87897,351.73681640625,353.73130798339844,352.73606872558594,REST,53.37666087277505,22.285515266115635,48.79765811323836,120.45158927932613,21.971880832420084,1
87897,88394,88146,352.73606872558594,354.7305603027344,353.7353210449219,REST,55.13119737034844,21.936685603216528,50.27905830180961,125.4885958689328,22.82044970743479,1
88146,88643,88395,353.7353210449219,355.7298126220703,354.7345733642578,REST,19.888526160563234,7.551882548069854,14.996210528963148,45.54079741206437,11.465214153155577,1
88395,88892,88644,354.7345733642578,356.72906494140625,355.73382568359375,REST,7.3678839627379755,3.6477002660748545,9.30433228121909,10.785432976462525,5.734070327195434,1
88644,89141,88893,355.73382568359375,357.7283172607422,356.7330780029297,REST,4.617830625679721,2.446548447424781,6.287099457047728,7.229886614274292,2.507787983972084,1
88893,89390,89142,356.7330780029297,358.7275695800781,357.7323303222656,REST,68.33732449423674,13.95588052153222,13.161081907456582,233.11911153006193,13.113224017896242,1
89142,89639,89391,357.7323303222656,359.72682189941406,358.73158264160156,REST,99.02933121098401,25.6539961307351,23.680509690636512,322.6797639015598,24.1030551210046,1
89391,89888,89640,358.73158264160156,360.72607421875,359.7308349609375,REST,80.24907544342403,23.52685950430011,21.742642935135468,253.66091880199414,22.06588053226643,1
89640,90137,89889,359.7308349609375,361.72532653808594,360.73008728027344,REST,37.012454821602816,9.468873493958577,9.08855715996682,120.68219429789251,8.810194334593346,1
89889,90386,90138,360.73008728027344,362.7245788574219,361.7293395996094,REST,5.20353227914705,1.6976996701559584,3.519208549924224,12.270266417064109,3.3269544794439083,1
90138,90635,90387,361.7293395996094,363.7238311767578,362.7285919189453,REST,31.281873898748177,33.10617678783365,31.298290353149778,27.155307339719066,33.56772111429022,1
90387,90884,90636,362.7285919189453,364.72308349609375,363.72784423828125,REST,37.08645670988764,35.04309923509012,35.861464207802534,31.587649682199093,45.85361371445882,1
90636,91133,90885,363.72784423828125,365.7223358154297,364.7270965576172,REST,20.092990360743627,11.643635640551514,17.86871356976813,19.440468390562074,31.4191438420928,1
90885,91382,91134,364.7270965576172,366.7215881347656,365.7263488769531,REST,11.396564874143941,5.49292563674668,4.986679304294535,30.23033482529693,4.876319730237619,1
91134,91631,91383,365.7263488769531,367.72084045410156,366.72560119628906,REST,11.962173141666746,5.591611292841279,5.073287539552941,31.90754112298496,5.276252611287806,1
91383,91880,91632,366.72560119628906,368.7200927734375,367.724853515625,REST,4.768054896624474,1.8869102792202874,2.3960336288768262,12.509302070357714,2.279973608043063,1
91632,92129,91881,367.724853515625,369.71934509277344,368.72410583496094,REST,19.12110760236703,13.16232080983414,19.03301186215066,37.57885109403368,6.71024664344964,1
91881,92378,92130,368.72410583496094,370.7185974121094,369.7233581542969,REST,19.93060533362846,13.619945827158496,19.08724943759658,39.722344003380556,7.292882066378211,1
92130,92627,92379,369.7233581542969,371.7178497314453,370.7226104736328,REST,6.470253170041452,4.082383181640883,3.0312070141892855,15.542477532357054,3.224944951978582,1
92379,92876,92628,370.7226104736328,372.71710205078125,371.72186279296875,REST,3.601477120100843,2.4058712393087385,2.312617505490949,7.6005158830533075,2.086903852550378,1
92628,93125,92877,371.72186279296875,373.7163543701172,372.7211151123047,REST,2.5967548776114113,1.7490032419108463,1.6523061943034876,5.307656622323348,1.6780534519079642,1
92877,93374,93126,372.7211151123047,374.7156066894531,373.7203674316406,REST,10.01306045462507,5.814367221581712,2.1764622317605773,20.11104407917247,11.950368285985517,1
93126,93623,93375,373.7203674316406,375.71485900878906,374.71961975097656,REST,406.1316494686773,591.7823892194256,219.19883706034983,340.9362367705649,472.6091348243689,1
93375,93872,93624,374.71961975097656,376.714111328125,375.7188720703125,REST,579.6644998917875,956.4742371116455,296.93836380302514,352.25088666247734,712.9945119900021,1
93624,94121,93873,375.7188720703125,377.71336364746094,376.71812438964844,REST,406.6017522041155,751.4967725493684,201.19094870248406,139.6164300079023,534.1028575567072,1
93873,94370,94122,376.71812438964844,378.7126159667969,377.7173767089844,REST,40.77363377078661,9.404879139649186,19.168968050131625,114.28935929807099,20.23132859529463,1
94122,94619,94371,377.7173767089844,379.7118682861328,378.7166290283203,REST,23.39867219205251,7.049399633854385,6.383510918134262,62.35704546977413,17.80473274644726,1
94371,94868,94620,378.7166290283203,380.71112060546875,379.71588134765625,REST,26.564950366351987,9.931893971108646,8.56291080556092,79.03289722023482,8.732099468503565,1
94620,95117,94869,379.71588134765625,381.7103729248047,380.7151336669922,REST,30.72410586935411,17.743174565885592,12.208687591258741,79.68385899820044,13.260702322071662,1
94869,95366,95118,380.7151336669922,382.7096252441406,381.7143859863281,REST,27.55356890548401,22.09031265528859,17.65947984477449,52.27097136387777,18.193511757995182,1
95118,95615,95367,381.7143859863281,383.70887756347656,382.71363830566406,REST,28.177966275602394,17.16034749881591,15.588834302591035,64.62337289261833,15.339310408384286,1
95367,95864,95616,382.71363830566406,384.7081298828125,383.712890625,REST,25.844021226076954,8.792942049674311,7.445227473913268,79.97781773600828,7.160097644711952,1
95616,96113,95865,383.712890625,385.70738220214844,384.71214294433594,REST,18.879503297556152,4.261829286535933,5.417209453910193,61.44964604058082,4.389328409197657,1
95865,96362,96114,384.71214294433594,386.7066345214844,385.7113952636719,REST,11.119218256877762,1.9420617855937847,3.236297382578688,37.65010529748142,1.6484085618571618,1
96114,96611,96363,385.7113952636719,387.7058868408203,386.7106475830078,REST,6.770364115998473,1.483280256085327,2.7927697572159813,21.356592729788872,1.448813720903711,1
96363,96860,96612,386.7106475830078,388.70513916015625,387.70989990234375,REST,4.156763861201488,2.1297914590144353,2.1702150181644173,10.205285597755191,2.1217633698719065,1
96612,97109,96861,387.70989990234375,389.7043914794922,388.7091522216797,REST,6.805040344562621,3.927879392716503,4.333403592773484,14.909848399481815,4.049029993278684,1
96861,97358,97110,388.7091522216797,390.7036437988281,389.7084045410156,REST,6.343690183560137,3.4426180508824538,4.62829797401066,13.657483543082114,3.646361166265323,1
97110,97607,97359,389.7084045410156,391.70289611816406,390.70765686035156,REST,2.9739690853993666,0.8034321634050082,2.686196783638932,7.288480399774614,1.1177669947789108,1
97359,97856,97608,390.70765686035156,392.7021484375,391.7069091796875,REST,3.935719242880973,2.564956341894387,2.4809141530846643,8.075271264565249,2.6217352119795905,1
97608,98105,97857,391.7069091796875,393.70140075683594,392.70616149902344,REST,6.486411721427729,5.2857960169099485,7.199131548368445,8.194877473663771,5.265841846768751,1
97857,98354,98106,392.70616149902344,394.7006530761719,393.7054138183594,REST,6.505990252389958,5.059050089014165,7.089966451314032,8.983570536605773,4.891373932625859,1
98106,98603,98355,393.7054138183594,395.6999053955078,394.7046661376953,REST,7.946480589668897,9.464092999408354,5.212789113698269,12.480937289305094,4.628102956263869,1
98355,98852,98604,394.7046661376953,396.69915771484375,395.70391845703125,REST,12.631702414044442,17.4968013414102,7.456612429973015,20.4153038150111,5.158092069783453,1
98604,99101,98853,395.70391845703125,397.6984100341797,396.7031707763672,REST,14.950434919650244,15.155966742779176,6.119299200298842,34.74151441593254,3.7849593195904117,1
98853,99350,99102,396.7031707763672,398.6976623535156,397.7024230957031,REST,10.564170178821753,4.274779376792084,3.643048644621894,30.572739052187522,3.7661136416855143,1
99102,99599,99351,397.7024230957031,399.69691467285156,398.70167541503906,REST,5.498278127058996,3.3270747096578965,3.122560034701794,12.429576232555862,3.1139015313204337,1
99351,99848,99600,398.70167541503906,400.6961669921875,399.700927734375,REST,7.529545396811768,3.2774968615054827,3.2778268768922034,18.43237209798784,5.130485750861547,1
99600,100097,99849,399.700927734375,401.69541931152344,400.70018005371094,REST,12.865858171327325,11.656871301707238,4.936047463312632,27.454206362308007,7.416307557981427,1
99849,100346,100098,400.70018005371094,402.6946716308594,401.6994323730469,REST,18.960001385238527,20.161997703653668,6.606077219160269,37.89881844087917,11.173112177260997,1
100098,100595,100347,401.6994323730469,403.6939239501953,402.6986846923828,REST,23.655456363116855,18.75416258787077,9.027891389088376,50.077980539736664,16.76179093577162,1
100347,100844,100596,402.6986846923828,404.69317626953125,403.69793701171875,REST,24.636838476982646,17.996089173423346,8.796388690320128,57.57222759130644,14.182648452880674,1
100596,101093,100845,403.69793701171875,405.6924285888672,404.6971893310547,REST,19.96387929719598,23.028654559944563,7.1418932841577245,44.026734165024855,5.658235179656778,1
100845,101342,101094,404.6971893310547,406.6916809082031,405.6964416503906,REST,14.416011407795809,17.437743056478734,6.801276805551105,24.767469544050503,8.657556225102896,1
101094,101591,101343,405.6964416503906,407.69093322753906,406.69569396972656,REST,9.498696334572132,5.1387091522967845,4.613565175042152,19.859932684681688,8.382578326267902,1
101343,101840,101592,406.69569396972656,408.690185546875,407.6949462890625,REST,2.410416940754673,1.6754446534924077,2.0744451657325875,0.4876724838279926,5.404105459965703,1
101592,102089,101841,407.6949462890625,409.68943786621094,408.69419860839844,REST,2.210535533988648,1.74745846787825,2.160053136735107,0.012450015429090475,4.922180515912145,1
101841,102338,102090,408.69419860839844,410.6886901855469,409.6934509277344,REST,1.9181043746175803,2.1146128965297724,2.2715612121180717,0.012197509289263862,3.2740458805332135,1
102090,102587,102339,409.6934509277344,411.6879425048828,410.6927032470703,REST,1.8357731682063285,1.9864213979408778,1.9958906153954228,1.4733392578151998,1.8874414016738146,1
102339,102836,102588,410.6927032470703,412.68719482421875,411.69195556640625,REST,24.186830721746908,7.625414579927732,4.671961382585989,76.01153176656643,8.438415157907468,1
102588,103085,102837,411.69195556640625,413.6864471435547,412.6912078857422,REST,64.67690251306769,11.875873314618214,12.841033973345974,212.21511840681535,21.77558435749121,1
102837,103334,103086,412.6912078857422,414.6856994628906,413.6904602050781,REST,63.675816363157985,15.508434572167243,12.319287584691077,204.93018708594366,21.945356209829956,1
103086,103583,103335,413.6904602050781,415.68495178222656,414.68971252441406,REST,32.929871349611815,15.671529023909546,5.805454793095769,55.72850058934861,54.514000992093344,1
103335,103832,103584,414.68971252441406,416.6842041015625,415.68896484375,REST,26.838482012405805,13.018212612981403,10.85046147759285,24.933386142825068,58.5518678162239,1
103584,104081,103833,415.68896484375,417.68345642089844,416.68821716308594,REST,17.81037859742903,9.998258065067072,11.294604701136466,21.80175173441708,28.146899889095497,1
103833,104330,104082,416.68821716308594,418.6827087402344,417.6874694824219,REST,22.30327279424303,11.546193740657534,19.310822714149225,26.280319415737274,32.07575530642807,1
104082,104579,104331,417.6874694824219,419.6819610595703,418.6867218017578,REST,21.736886737273647,11.13044243965154,24.961390187641978,21.74871675903448,29.10699756276659,1
104331,104828,104580,418.6867218017578,420.68121337890625,419.68597412109375,REST,7.859343300330764,3.1744840934530085,17.131949613945466,2.2254784863504384,8.905461007574141,1
104580,105077,104829,419.68597412109375,421.6804656982422,420.6852264404297,REST,9.80756462431773,4.570683840693562,3.812583648284727,1.379240472437803,29.467750535854826,1
104829,105326,105078,420.6852264404297,422.6797180175781,421.6844787597656,REST,55.67873919083101,21.696982184609602,16.56373965615252,42.87307273186459,141.5811621906973,1
105078,105575,105327,421.6844787597656,423.67897033691406,422.68373107910156,REST,87.5657246792124,38.310948382788425,30.010005290058476,92.0699395069241,189.87200553707856,1
105327,105824,105576,422.68373107910156,424.67822265625,423.6829833984375,REST,110.93123728140351,82.75342134488932,31.089236752401128,198.19663888168196,131.68565214664164,1
105576,106073,105825,423.6829833984375,425.67747497558594,424.68223571777344,REST,233.88227118865524,266.2369495600113,113.34815453403296,323.26288716235905,232.68109349821765,1
105825,106322,106074,424.68223571777344,426.6767272949219,425.6814880371094,REST,227.17916385223631,256.56853520721114,122.62545784401995,274.6231336710216,254.89952868669263,1
106074,106571,106323,425.6814880371094,427.6759796142578,426.6807403564453,REST,163.20191787794192,346.53587846188015,94.91518198767851,83.42386661918505,127.93274444302394,1
106323,106820,106572,426.6807403564453,428.67523193359375,427.67999267578125,REST,187.4806929142268,388.7220036118267,162.95705319784898,121.18338258503996,77.0603322621915,1
106572,107069,106821,427.67999267578125,429.6744842529297,428.6792449951172,REST,147.71824190402685,180.78572444447417,146.1089339155372,169.45489921870256,94.5234100373935,1
106821,107318,107070,428.6792449951172,430.6737365722656,429.6784973144531,REST,76.84045999681936,30.12804492812949,49.49403841141378,134.10701674976983,93.63273989796434,1
107070,107567,107319,429.6784973144531,431.67298889160156,430.67774963378906,REST,25.23840073092941,4.805706436513309,40.58303997513425,27.087224733645854,28.477631778424225,1
107319,107816,107568,430.67774963378906,432.6722412109375,431.677001953125,REST,38.684719275391764,12.240218199194006,49.40226572756706,66.69548540541005,26.40090776939594,1
107568,108065,107817,431.677001953125,433.67149353027344,432.67625427246094,REST,139.19972856722438,145.1475725985371,87.316845077562,97.39344864819941,226.941047944599,1
107817,108314,108066,432.67625427246094,434.6707458496094,433.6755065917969,REST,207.48871936624516,213.06361815992733,95.59924462316035,172.04950338315842,349.2425112987346,1
108066,108563,108315,433.6755065917969,435.6699981689453,434.6747589111328,REST,213.16815926171492,166.06787806009805,98.99249378173789,271.2080017810956,316.4042634239281,1
108315,108812,108564,434.6747589111328,436.66925048828125,435.67401123046875,REST,135.08230746689873,55.974871364135026,81.44269143685825,224.8732970187705,178.0383700478311,1
108564,109061,108813,435.67401123046875,437.6685028076172,436.6732635498047,REST,32.80798665329437,9.30498721285226,29.06435216283531,38.57161411949397,54.29099311799593,1
108813,109310,109062,436.6732635498047,438.6677551269531,437.6725158691406,REST,25.718611028470455,13.382057727833248,32.67618061463113,30.158628013228768,26.657577758188687,1
109062,109559,109311,437.6725158691406,439.66700744628906,438.67176818847656,REST,30.730381376854602,18.238954580132685,31.19897872681178,44.12764019561721,29.355952004856736,1
109311,109808,109560,438.67176818847656,440.666259765625,439.6710205078125,REST,34.24832790576549,31.493966861303537,20.961142669942387,61.47187645004921,23.06632564176685,1
109560,110057,109809,439.6710205078125,441.66551208496094,440.67027282714844,REST,23.614371812634072,28.065017513362392,1.404291257327737,53.355516294914224,11.632662184931934,1
109809,110306,110058,440.67027282714844,442.6647644042969,441.6695251464844,REST,6.846368134559942,3.9131424144748532,0.7281482397852879,14.90467958807437,7.8395022959052545,1
110058,110555,110307,441.6695251464844,443.6640167236328,442.6687774658203,REST,3.3809530655800852,3.4260518468168515,0.3186840150949092,6.63265098673885,3.14642541366973,1
110307,110804,110556,442.6687774658203,444.66326904296875,443.66802978515625,REST,5.9219569952269495,2.9636098342418777,0.46336108507420254,14.326009458107336,5.934847603484382,1
110556,111053,110805,443.66802978515625,445.6625213623047,444.6672821044922,REST,12.617788939738574,3.306628509223968,0.8627240034089292,34.813812071838775,11.487991174482623,1
110805,111302,111054,444.6672821044922,446.6617736816406,445.6665344238281,REST,42.969081017281866,15.886380981318014,9.334226844689208,108.79191748571432,37.86379875740589,1
111054,111551,111303,445.6665344238281,447.66102600097656,446.66578674316406,REST,48.54087004888862,23.58610996818517,12.221126757069516,113.15490613119984,45.20133733909996,1
111303,111800,111552,446.66578674316406,448.6602783203125,447.6650390625,REST,25.743379963128728,18.651128055667673,9.193434516121256,46.23395495860317,28.89500232212281,1
111552,112049,111801,447.6650390625,449.65953063964844,448.66429138183594,REST,10.28098645615848,7.209138822006367,4.749494766308973,17.12158332010815,12.043728916210428,1
111801,112298,112050,448.66429138183594,450.6587829589844,449.6635437011719,REST,13.423227722122617,7.6715792002523795,4.814202081433437,26.391490490610533,14.815639116194111,1
112050,112547,112299,449.6635437011719,451.6580352783203,450.6627960205078,REST,15.908871518430008,10.437246518990559,6.588070027565481,28.027523451616222,18.582646075547768,1
112299,112796,112548,450.6627960205078,452.65728759765625,451.66204833984375,REST,10.546316347738639,8.236564850005498,4.777795321343854,16.800645104056766,12.37026011554844,1
112548,113045,112797,451.66204833984375,453.6565399169922,452.6613006591797,REST,4.387056295560949,1.9199804357390826,1.3461642101895925,10.174001898023755,4.108078638291366,1
112797,113294,113046,452.6613006591797,454.6557922363281,453.6605529785156,REST,5.178054598095047,1.3042614503511367,1.2582245707542712,10.393595972058547,7.7561363992162295,1
113046,113543,113295,453.6605529785156,455.65504455566406,454.65980529785156,REST,7.045630193183937,1.6481126254978757,9.692581242305286,7.8859907487488,8.955836156183791,1
113295,113792,113544,454.65980529785156,456.654296875,455.6590576171875,REST,5.159355678986113,1.5678745871263446,9.937433828279573,3.6287225241564243,5.503391776382113,1
113544,114041,113793,455.6590576171875,457.65354919433594,456.65830993652344,REST,2.5943640041316134,0.9165857792439709,4.361722030413606,2.9894506273214367,2.1096975795474395,1
113793,114290,114042,456.65830993652344,458.6528015136719,457.6575622558594,REST,9.975296569119037,2.6284672778339893,9.748104740440224,17.936999756892526,9.587614501309407,1
114042,114539,114291,457.6575622558594,459.6520538330078,458.6568145751953,REST,14.071811645801406,4.242727951291011,12.710043752658079,26.411003172777644,12.923471706478887,1
114291,114788,114540,458.6568145751953,460.65130615234375,459.65606689453125,REST,10.283232383554617,3.4539682612211324,9.062210798210216,19.674974746139355,8.941775728647764,1
114540,115037,114789,459.65606689453125,461.6505584716797,460.6553192138672,REST,4.838285438660874,1.370916039627015,4.236580227313232,6.890789799488837,6.854855688214412,1
114789,115286,115038,460.6553192138672,462.6498107910156,461.6545715332031,REST,6.2812102534767575,1.9468932953647473,7.078346734803674,7.379018986954315,8.720581996784293,1
115038,115535,115287,461.6545715332031,463.64906311035156,462.65382385253906,REST,8.870175436925736,4.339746571831635,11.552834678885464,8.07510855289611,11.513011944089735,1
115287,115784,115536,462.65382385253906,464.6483154296875,463.653076171875,REST,29.945916996346078,10.373214458154083,44.82130789918659,17.661899375782568,46.92724625226107,1
115536,116033,115785,463.653076171875,465.64756774902344,464.65232849121094,REST,111.18398461309765,21.406137442491456,308.69462052863634,46.02223986960744,68.61294061165536,1
115785,116282,116034,464.65232849121094,466.6468200683594,465.6515808105469,REST,179.40993411965553,38.56971188241297,325.66087912181683,172.56019910985685,180.84894636453555,1
116034,116531,116283,465.6515808105469,467.6460723876953,466.6508331298828,REST,196.31089065466216,44.42318784053189,185.30866746787615,235.30940265965617,320.2023046505844,1
116283,116780,116532,466.6508331298828,468.64532470703125,467.65008544921875,REST,171.03760298283538,31.434477260276996,169.3207720729741,187.04068476792617,296.3544778301643,1
116532,117029,116781,467.65008544921875,469.6445770263672,468.6493377685547,REST,115.53743423972304,53.2171523438817,106.5202880309962,167.38519913939933,135.0270974446149,1
116781,117278,117030,468.6493377685547,470.6438293457031,469.6485900878906,REST,100.7458798498991,57.22069252615842,74.48290605660367,201.1689486782808,70.11097213855349,1
117030,117527,117279,469.6485900878906,471.64308166503906,470.64784240722656,REST,68.52190205063928,25.515152571843366,36.99280309396504,153.07435670558354,58.50529583116517,1
117279,117776,117528,470.64784240722656,472.642333984375,471.6470947265625,REST,33.781620543398994,10.500512952814187,22.331658737025,62.45715048486285,39.83715999889393,1
117528,118025,117777,471.6470947265625,473.64158630371094,472.64634704589844,REST,19.951542989065402,7.546252980428838,21.7229587278151,27.91789068250172,22.61906956551595,1
117777,118274,118026,472.64634704589844,474.6408386230469,473.6455993652344,REST,13.719698886438763,4.954759892493622,12.869534477117664,20.144960624862932,16.909540551280834,1
118026,118523,118275,473.6455993652344,475.6400909423828,474.6448516845703,REST,6.88172837848176,2.7650606722708146,6.188370021003842,12.349999348533524,6.223483472118858,1
118275,118772,118524,474.6448516845703,476.63934326171875,475.64410400390625,REST,5.658984927800935,2.414616909517246,3.48671265124573,9.690652575432399,7.043957575008364,1
118524,119021,118773,475.64410400390625,477.6385955810547,476.6433563232422,REST,5.869594419946681,2.4180622014493913,2.3470775534669897,8.039246154314462,10.67399177055588,1
118773,119270,119022,476.6433563232422,478.6378479003906,477.6426086425781,REST,38.11714612482274,12.804471722926749,16.77177119756195,60.85573592600054,62.0366056528017,1
119022,119519,119271,477.6426086425781,479.63710021972656,478.64186096191406,REST,70.21087810232171,39.90166661366011,35.00577880386606,106.00466214492393,99.93140484683676,1
119271,119768,119520,478.64186096191406,480.6363525390625,479.64111328125,REST,76.06314503847467,39.40803704435884,36.65311532043831,112.05712564744738,116.13430214165416,1
119520,120017,119769,479.64111328125,481.63560485839844,480.64036560058594,REST,81.70483099556614,15.539262707577917,94.60233446989275,86.27480375957244,130.40292304522143,1
119769,120266,120018,480.64036560058594,482.6348571777344,481.6396179199219,REST,77.42599270496838,15.751289296825112,117.98566032149047,60.279818851432545,115.6872023501254,1
120018,120515,120267,481.6396179199219,483.6341094970703,482.6388702392578,REST,47.18718998600583,11.656986663192765,74.33192089040963,35.738124995717854,67.02172739470308,1
120267,120764,120516,482.6388702392578,484.63336181640625,483.63812255859375,REST,22.485479540182105,9.07170177901134,16.776360811836778,23.41247328643064,40.68138228344967,1
120516,121013,120765,483.63812255859375,485.6326141357422,484.6373748779297,REST,29.929470992527495,12.25436302194189,27.616406159293156,35.71310462771047,44.134010161164454,1
120765,121262,121014,484.6373748779297,486.6318664550781,485.6366271972656,REST,28.15631476013847,11.487591035113747,26.424734263790945,31.94224501443189,42.7706887272173,1
121014,121511,121263,485.6366271972656,487.63111877441406,486.63587951660156,REST,24.340719867542525,12.312071426148556,12.35539128282135,30.650079489272123,42.04533727192808,1
121263,121760,121512,486.63587951660156,488.63037109375,487.6351318359375,REST,27.401409023509757,14.212767813119548,13.551463255718506,36.14656189916407,45.69484312603691,1
121512,122009,121761,487.6351318359375,489.62962341308594,488.63438415527344,REST,34.79433986748858,22.414179068839726,24.227775811772474,45.62820969057063,46.90719489877149,1
121761,122258,122010,488.63438415527344,490.6288757324219,489.6336364746094,REST,57.96349929992519,23.26276412490022,33.84598455405264,113.4032170871762,61.342031433571705,1
122010,122507,122259,489.6336364746094,491.6281280517578,490.6328887939453,REST,50.62893984160671,14.489089861674008,26.81300725586913,107.77320287887427,53.44045937000942,1
122259,122756,122508,490.6328887939453,492.62738037109375,491.63214111328125,REST,14.692065705751723,9.23821601645889,10.429494603707314,18.63927314325155,20.461279059589135,1
122508,123005,122757,491.63214111328125,493.6266326904297,492.6313934326172,REST,43.429461016130944,13.581476824315349,40.85192847581531,91.16759315556952,28.116845608823613,1
122757,123254,123006,492.6313934326172,494.6258850097656,493.6306457519531,REST,128.3605502504879,54.42466403556718,177.60709970101647,134.7978012909734,146.6126359743945,1
123006,123503,123255,493.6306457519531,495.62513732910156,494.62989807128906,REST,161.9415157185,89.05456582384954,174.82251426791947,112.0935565950782,271.79542618715277,1
123255,123752,123504,494.62989807128906,496.6243896484375,495.629150390625,REST,96.3743190093745,72.72996885562614,29.452805880722682,52.99677604087456,230.31772526027464,1
123504,124001,123753,495.629150390625,497.62364196777344,496.62840270996094,REST,27.581023275767816,15.029741211429046,18.06654712317709,42.69458239590835,34.53322237255678,1
123753,124250,124002,496.62840270996094,498.6228942871094,497.6276550292969,REST,34.300889367310845,10.10941455889094,12.51629372327562,71.63088746005637,42.946961727020444,1
124002,124499,124251,497.6276550292969,499.6221466064453,498.6269073486328,REST,72.73039407516502,71.86240486712954,69.37921911993695,77.76658288296422,71.91336943062943,1
124251,124748,124500,498.6269073486328,500.62139892578125,499.62615966796875,REST,68.56533759703676,74.4307602348593,72.01981317307366,57.41384114297294,70.39693583724114,1
124500,124997,124749,499.62615966796875,501.6206512451172,500.6254119873047,REST,24.645988022533547,20.451385038185414,20.75940720053241,36.016847360972655,21.356312490443703,1
124749,125246,124998,500.6254119873047,502.6199035644531,501.6246643066406,REST,12.054981677055066,5.301578626455154,5.199571284321051,32.89838845941272,4.820388338031337,1
124998,125495,125247,501.6246643066406,503.61915588378906,502.62391662597656,REST,125.10123548273774,122.66363379698518,124.8728296138038,126.51198611942107,126.3564924007409,1
125247,125744,125496,502.62391662597656,504.618408203125,503.6231689453125,REST,166.3873672714951,163.18759933832013,167.38750835565725,166.2820085162239,168.69235287577905,1
125496,125993,125745,503.6231689453125,505.61766052246094,504.62242126464844,REST,111.78465643888138,108.72714217023926,112.70245591069627,112.0387169136817,113.67031076090832,1
125745,126242,125994,504.62242126464844,506.6169128417969,505.6216735839844,REST,19.25219399641563,14.91246508373002,16.367443412333607,24.804592455667283,20.924275033931618,1
125994,126491,126243,505.6216735839844,507.6161651611328,506.6209259033203,REST,9.353757892920605,4.878710714048522,6.766954173841709,19.47280302707566,6.29656365671653,1
126243,126740,126492,506.6209259033203,508.61541748046875,507.62017822265625,REST,37.98239217024234,33.21669347292248,37.729550642585984,55.834631784084756,25.148692781376145,1
126492,126989,126741,507.62017822265625,509.6146697998047,508.6194305419922,REST,151.8015828771539,146.25783562891954,115.3769914776632,134.7902159546985,210.78128844733428,1
126741,127238,126990,508.6194305419922,510.6139221191406,509.6186828613281,REST,202.1683102888175,166.64676818033837,111.17487824639139,236.30611642220614,294.5454783063341,1
126990,127487,127239,509.6186828613281,511.61317443847656,510.61793518066406,REST,186.8877138010479,217.74748621610016,120.43913421880491,201.6989203868465,207.66531438244,1
127239,127736,127488,510.61793518066406,512.6124267578125,511.6171875,REST,88.17291767231143,208.03535540197905,121.54076936123799,8.875441269425943,14.240104656602742,1
127488,127985,127737,511.6171875,513.6116790771484,512.6164398193359,REST,42.77524665748146,57.70503352062172,26.497974116515426,43.450489482027635,43.447489510761066,1
127737,128234,127986,512.6164398193359,514.6109313964844,513.6156921386719,REST,22.279076862447248,1.4238343220046499,0.578408967032851,43.55656614662333,43.55749801412816,1
127986,128483,128235,513.6156921386719,515.6101837158203,514.6149444580078,REST,2.804959394777071,0.009180128365062143,0.0033554423857956065,5.6035280303478165,5.603773978009609,1
128235,128732,128484,514.6149444580078,516.6094360351562,515.6141967773438,REST,1.2778664017550747,0.0001948626011722585,8.410284478007108e-05,2.5555474143869605,2.555639227187386,1
128484,128981,128733,515.6141967773438,517.6086883544922,516.6134490966797,REST,1.4303573599037183,1.4758323500300084e-06,4.4074975313023717e-07,2.8606694355549105,2.860758087477859,1
128733,129230,128982,516.6134490966797,518.6079406738281,517.6127014160156,REST,4.3872176526859334,2.6276345648680986e-08,1.2056654184665162e-08,8.774299388392508,8.774571184018226,1
128982,129479,129231,517.6127014160156,519.6071929931641,518.6119537353516,REST,8.632585937572435,2.323784414847591e-10,6.043301131765067e-11,17.26492117791356,17.265422572083367,1
129231,129728,129480,518.6119537353516,520.6064453125,519.6112060546875,REST,9.514770485500183,1.0468174882790945e-11,8.0119433464344e-12,19.029177884725737,19.029904057256513,1
129480,129977,129729,519.6112060546875,521.6056976318359,520.6104583740234,REST,6.494506707103303,8.767698261124403e-12,1.1003333762696558e-11,12.987952974862317,12.990073853531124,1
129729,130226,129978,520.6104583740234,522.6049499511719,521.6097106933594,REST,7.91109335404818,8.68432356424656e-12,1.4760595896117247e-11,15.820311111339455,15.824062304829823,1
129978,130475,130227,521.6097106933594,523.6042022705078,522.6089630126953,REST,14.000183809541104,2.3246943927355658e-10,1.1151359201364917e-11,27.99853170474168,28.002203533179117,1
130227,130724,130476,522.6089630126953,524.6034545898438,523.6082153320312,REST,14.087251098094784,3.394581855868728e-08,8.976772777561678e-12,28.172375224055664,28.176629134368678,1
130476,130973,130725,523.6082153320312,525.6027069091797,524.6074676513672,REST,7.6242838751803825,1.446192503063117e-06,8.442836206012453e-11,15.248139592598502,15.248994461846097,1
130725,131222,130974,524.6074676513672,526.6019592285156,525.6067199707031,REST,2.2881119273932287,0.0002457520013421406,3.00221288336026e-09,5.587042661668385,3.5651592929009737,1
130974,131471,131223,525.6067199707031,527.6012115478516,526.6059722900391,REST,224.85903823888702,0.009282246840624533,5.803157388654778e-07,606.8705166738604,292.55635345453146,1
131223,131720,131472,526.6059722900391,528.6004638671875,527.605224609375,REST,468.3065951094202,1.7540392575574262,2.247382266091159e-05,1232.8429876816417,638.629331024659,1
131472,131969,131721,527.605224609375,529.5997161865234,528.6044769287109,REST,427.84735753054645,63.13337452943374,0.004006289450030139,1075.7480155922285,572.5040337110736,1
131721,132218,131970,528.6044769287109,530.5989685058594,529.6037292480469,REST,307.8148137889972,561.40239770562,0.17628828379080508,307.0571728764507,362.6233962901271,1
131970,132467,132219,529.6037292480469,531.5982208251953,530.6029815673828,REST,468.466504426839,793.7983745164423,27.263913557892742,488.0840433235644,564.7196863094566,1
132219,132716,132468,530.6029815673828,532.5974731445312,531.6022338867188,REST,727.8587382035139,1168.2755081481002,743.6595912758869,441.1415191908761,558.3583341991928,1
132468,132965,132717,531.6022338867188,533.5967254638672,532.6014862060547,REST,605.3845036737732,1032.5376773789637,757.4888749626341,258.9311578133153,372.58030454018,1
132717,133214,132966,532.6014862060547,534.5959777832031,533.6007385253906,REST,195.89707335928534,222.58770098026437,188.49683528892183,188.97411173202468,183.52964543593055,1
132966,133463,133215,533.6007385253906,535.5952301025391,534.5999908447266,REST,132.48634065526943,172.57176790805508,120.43755396623357,117.9004053834694,119.0356353633197,1
133215,133712,133464,534.5999908447266,536.594482421875,535.5992431640625,REST,26.562223937548406,25.677389711431132,26.982795280253058,27.461605060162984,26.127105698346455,1
133464,133961,133713,535.5992431640625,537.5937347412109,536.5984954833984,REST,229.20719654842236,218.18396735929574,222.74969767207278,255.0398543606994,220.85526680162158,1
133713,134210,133962,536.5984954833984,538.5929870605469,537.5977478027344,REST,234.00252085934528,223.3758714754836,227.83799965740593,258.7207555392812,226.0754567652105,1
133962,134459,134211,537.5977478027344,539.5922393798828,538.5970001220703,REST,50.33153758847568,50.27472106821289,50.46826956224467,49.843976479189784,50.73918324425538,1
134211,134708,134460,538.5970001220703,540.5914916992188,539.5962524414062,REST,2.212605561608868,1.996851096360876,1.9967476428106645,2.695881745518182,2.1609417617457494,1
134460,134957,134709,539.5962524414062,541.5907440185547,540.5955047607422,REST,1.0682028205520422,0.6087469184089233,0.9153001990720825,1.2632581493034196,1.4855060154237432,1
134709,135206,134958,540.5955047607422,542.5899963378906,541.5947570800781,REST,0.7266103138002096,0.6206022718703219,0.8366551200744899,0.5613644756625312,0.8878193875934948,0
134958,135455,135207,541.5947570800781,543.5892486572266,542.5940093994141,REST,1.0163713635061566,0.9995222666466541,1.2737008171507267,1.0432374287787973,0.7490249414484487,1
135207,135704,135456,542.5940093994141,544.5885009765625,543.59326171875,REST,0.9760568997743985,0.9549924018405599,1.1827095975712112,1.0155665370943217,0.7509590625915014,1
135456,135953,135705,543.59326171875,545.5877532958984,544.5925140380859,REST,1.3658138869452183,0.8610273143081283,0.724776875786476,1.7289992177331326,2.1484521399531364,1
135705,136202,135954,544.5925140380859,546.5870056152344,545.5917663574219,REST,2.1391888989279173,1.0099663466686841,2.0320576444992984,3.0350805512114065,2.479651053332279,1
135954,136451,136203,545.5917663574219,547.5862579345703,546.5910186767578,REST,4.2845753846738015,1.994917376364194,2.997667074176681,8.504822746540361,3.640894341613969,1
136203,136700,136452,546.5910186767578,548.5855102539062,547.5902709960938,REST,4.890605185248379,3.1290580656394247,2.9561596051379255,8.925684219757605,4.551518850458561,1
136452,136949,136701,547.5902709960938,549.5847625732422,548.5895233154297,REST,2.882613264525568,2.5135945057435873,1.9653294339358216,3.760292918512656,3.291236199910207,1
136701,137198,136950,548.5895233154297,550.5840148925781,549.5887756347656,REST,2.1171924665577535,1.6106120158398833,2.7583925401348015,2.0251317965975715,2.074633513658756,1
136950,137447,137199,549.5887756347656,551.5832672119141,550.5880279541016,REST,10.125877427620157,8.144294447244551,13.158553436030811,11.778321822180201,7.422340005025062,1
137199,137696,137448,550.5880279541016,552.58251953125,551.5872802734375,REST,244.83671861386307,73.95388837040113,153.47597401982202,324.0315585223353,427.8854535428938,1
137448,137945,137697,551.5872802734375,553.5817718505859,552.5865325927734,REST,762.0944225648358,287.5454078667005,501.0196872827753,1127.465704530989,1132.3468905788784,1
137697,138194,137946,552.5865325927734,554.5810241699219,553.5857849121094,REST,724.5499483858014,279.25911031213576,485.1630548168637,1085.3269986258947,1048.450629788311,1
137946,138443,138195,553.5857849121094,555.5802764892578,554.5850372314453,REST,126.72554541213992,26.630814187857695,363.9391128001971,107.79357614856633,8.538678511938535,1
138195,138692,138444,554.5850372314453,556.5795288085938,555.5842895507812,REST,102.23608562274721,0.7358784677354947,406.5334217543975,1.5093110521099742,0.16573121674583408,1
138444,138941,138693,555.5842895507812,557.5787811279297,556.5835418701172,REST,86.97722813950612,0.003995372105766537,347.88981346677855,0.013733479131593418,0.0013702400086365437,1
138693,139190,138942,556.5835418701172,558.5780334472656,557.5827941894531,REST,127.31941354096524,0.00010266623846187793,509.2773010189736,0.00022831178060481148,2.2166868220999995e-05,1
138942,139439,139191,557.5827941894531,559.5772857666016,558.5820465087891,REST,106.75923422852148,6.296359456992735e-07,427.0369343380482,1.7288700090772386e-06,2.175317540863843e-07,1
139191,139688,139440,558.5820465087891,560.5765380859375,559.581298828125,REST,45.39663848055734,1.4122962215827841e-08,181.58655387118398,3.400890209964101e-08,2.9135018887440183e-09,1
139440,139937,139689,559.581298828125,561.5757904052734,560.5805511474609,REST,43.261128269194096,1.051273626876156e-10,173.04451307642134,2.1657248029985718e-10,3.334449809182622e-11,1
139689,140186,139938,560.5805511474609,562.5750427246094,561.5798034667969,REST,6.7362639053692845,3.905021040622164e-12,26.945055621465734,6.262333466636862e-12,1.2346212475833514e-12,1
139938,140435,140187,561.5798034667969,563.5742950439453,562.5790557861328,REST,8.423569567376727,6.2968417778938044e-12,33.69427826948544,8.469962266357556e-12,6.710220239466277e-12,1
140187,140684,140436,562.5790557861328,564.5735473632812,563.5783081054688,REST,18.351331584889465,9.962278801709187e-10,73.40532633631857,1.1025409554902894e-09,1.1405345291963464e-09,1
140436,140933,140685,563.5783081054688,565.5727996826172,564.5775604248047,REST,16.878462276680015,4.554582227139133e-08,67.51384895819606,5.061991312711538e-08,5.235826339778544e-08,1
140685,141182,140934,564.5775604248047,566.5720520019531,565.5768127441406,REST,0.5793345436462092,6.741346302093479e-06,2.317316221306634,7.4818486533704425e-06,7.730083247377106e-06,0
140934,141431,141183,565.5768127441406,567.5713043212891,566.5760650634766,REST,0.20605663099221166,0.000363000190354959,0.8230428176558401,0.0004034326675735006,0.00041727345507810293,0
141183,141680,141432,566.5760650634766,568.570556640625,567.5753173828125,REST,0.5802079167657263,0.04501912094134607,2.1742444548993647,0.04995784671216419,0.05161024451002963,0
141432,141929,141681,567.5753173828125,569.5698089599609,568.5745697021484,REST,3.1297137787650824,2.8735181515298254,3.1494561203410814,3.1932855180381763,3.302595325151247,1
141681,142178,141930,568.5745697021484,570.5690612792969,569.5738220214844,REST,300.7099586400044,295.95053690779497,239.3028220691106,328.3792907578827,339.20718482522926,1
141930,142427,142179,569.5738220214844,571.5683135986328,570.5730743408203,REST,650.9129882423692,640.3025430844679,516.0235531608258,711.8310804717166,735.4947762524665,1
142179,142676,142428,570.5730743408203,572.5675659179688,571.5723266601562,REST,577.3080801518412,567.822443807474,457.19577335983183,631.5867403049285,652.6273631351304,1
142428,142925,142677,571.5723266601562,573.5668182373047,572.5715789794922,REST,4.03095534674539,3.781483190224261,2.9685402764882984,4.747889746827894,4.625908173441106,1
142677,143174,142926,572.5715789794922,574.5660705566406,573.5708312988281,REST,1.0535220624558153,0.9808270681591091,1.0044953903713716,1.2534505884178957,0.9753152028748849,1
142926,143423,143175,573.5708312988281,575.5653228759766,574.5700836181641,REST,0.4615307457424835,0.48524006108240403,0.4816760338943922,0.46905550333558155,0.41015138465755624,0
143175,143672,143424,574.5700836181641,576.5645751953125,575.5693359375,REST,0.5543708653301878,0.5689142614344054,0.5474150516891677,0.5781134011906828,0.5230407470064949,0
143424,143921,143673,575.5693359375,577.5638275146484,576.5685882568359,REST,0.6839755687097959,0.6952607440414615,0.6690446943872698,0.7286857913771495,0.6429110450333027,0
143673,144170,143922,576.5685882568359,578.5630798339844,577.5678405761719,REST,0.7845167540750778,0.6924701349093475,0.8893137850044212,0.8595033212488183,0.6967797751377244,1
143922,144419,144171,577.5678405761719,579.5623321533203,578.5670928955078,REST,0.6892071848934285,0.5738978279365872,0.7968079778609478,0.750157387753844,0.6359655460223348,0
144171,144668,144420,578.5670928955078,580.5615844726562,579.5663452148438,REST,0.49226972993716633,0.5056688681774003,0.4696912663761411,0.4695537251368257,0.5241650600582982,0
144420,144917,144669,579.5663452148438,581.5608367919922,580.5655975341797,REST,0.40637725950027265,0.4056388997963425,0.3943868050612153,0.39889668799778827,0.42658664514574446,0
144669,145166,144918,580.5655975341797,582.5600891113281,581.5648498535156,REST,0.4011426675536974,0.3499561922160866,0.4154545910540864,0.42042191684459457,0.418737970100022,0
144918,145415,145167,581.5648498535156,583.5593414306641,582.5641021728516,REST,0.4880688188591757,0.46043482422518167,0.45271533735651837,0.5348037583270957,0.5043213555279069,0
145167,145664,145416,582.5641021728516,584.55859375,583.5633544921875,REST,0.6514369272820671,0.54309612740332,0.6138955072295647,0.6451109665473262,0.8036451079480577,0
145416,145913,145665,583.5633544921875,585.5578460693359,584.5626068115234,REST,0.5794479860212227,0.451763377692782,0.578374914208912,0.5382029925200654,0.7494506596631316,0
145665,146162,145914,584.5626068115234,586.5570983886719,585.5618591308594,REST,0.3558022122277871,0.32408940616179144,0.34296617578740235,0.371012208636155,0.3851410583257995,0
145914,146411,146163,585.5618591308594,587.5563507080078,586.5611114501953,REST,0.38153338659430164,0.3441409720954515,0.38191987192425636,0.3918680196261397,0.408204682731359,0
146163,146660,146412,586.5611114501953,588.5556030273438,587.5603637695312,REST,0.44215983846281914,0.4204941573104955,0.4435443285963078,0.47184478534427704,0.4327560826001961,0
146412,146909,146661,587.5603637695312,589.5548553466797,588.5596160888672,REST,0.48562193270578513,0.4446655928595865,0.46240850519633925,0.518568180557887,0.5168454522093276,0
146661,147158,146910,588.5596160888672,590.5541076660156,589.5588684082031,REST,0.4625950319347145,0.43309852019869927,0.4408429812956672,0.46195173237924075,0.514486893865251,0
146910,147407,147159,589.5588684082031,591.5533599853516,590.5581207275391,REST,1.329058482985937,1.3035721137384693,1.3796919108481212,1.3778232926108702,1.2551466147462873,1
147159,147656,147408,590.5581207275391,592.5526123046875,591.557373046875,REST,2.0978711175844644,2.308708915793707,2.1407634515336045,1.8669037245714273,2.075108378439119,1
147408,147905,147657,591.557373046875,593.5518646240234,592.5566253662109,REST,2.0281369069882453,2.29984777078267,1.9940801894781082,1.760478609149428,2.058141058542775,1
147657,148154,147906,592.5566253662109,594.5511169433594,593.5558776855469,REST,1.2854976308911006,1.3316833300319375,1.2377594592076235,1.2950339898181484,1.2775137445066929,1
147906,148403,148155,593.5558776855469,595.5503692626953,594.5551300048828,REST,0.7964848378904182,0.7399994975696462,0.8333350662158701,0.8335425241127016,0.7790622636634551,1
148155,148652,148404,594.5551300048828,596.5496215820312,595.5543823242188,REST,0.6541079404754289,0.6061725757819617,0.6514901599328142,0.7035023205077039,0.6552667056792356,0
148404,148901,148653,595.5543823242188,597.5488739013672,596.5536346435547,REST,0.327720452843438,0.2976825293728802,0.3448928694118517,0.33215644106751335,0.3361499715215066,0
148653,149150,148902,596.5536346435547,598.5481262207031,597.5528869628906,REST,0.3108456068027841,0.2971419721660182,0.2942539314806058,0.3492904359278446,0.3026960876366679,0
148902,149399,149151,597.5528869628906,599.5473785400391,598.5521392822266,REST,0.3726104524630816,0.34057545973812087,0.34736784367068335,0.42380304553006826,0.37869546091345385,0
149151,149648,149400,598.5521392822266,600.546630859375,599.5513916015625,REST,0.38789552725896964,0.3305242898287554,0.3988674594766652,0.39831373055096897,0.42387662917948915,0
149400,149897,149649,599.5513916015625,601.5458831787109,600.5506439208984,REST,0.4201903585969664,0.3719279937096917,0.4665992500676406,0.4151986519432395,0.4270355386672936,0
149649,150146,149898,600.5506439208984,602.5451354980469,601.5498962402344,REST,0.4476440651465803,0.4232827421102328,0.4776408190019741,0.4399072190266221,0.4497454804474921,0
149898,150395,150147,601.5498962402344,603.5443878173828,602.5491485595703,REST,0.4146531681190557,0.38090208256318564,0.42664429721600705,0.43454599516460535,0.4165202975324249,0
150147,150644,150396,602.5491485595703,604.5436401367188,603.5484008789062,REST,0.39633388567684025,0.3625496998051388,0.40464716202694034,0.42492089841796804,0.39321778245731387,0
150396,150893,150645,603.5484008789062,605.5428924560547,604.5476531982422,REST,0.40727397920459174,0.3926849097276339,0.41771849118517257,0.41221017596914805,0.4064823399364125,0
150645,151142,150894,604.5476531982422,606.5421447753906,605.5469055175781,REST,0.4338244250325617,0.41029212729128156,0.4101818766496415,0.4467814507047072,0.4680422454846165,0
150894,151391,151143,605.5469055175781,607.5413970947266,606.5461578369141,REST,0.42008613736295947,0.36561158659696025,0.34567419902569796,0.4505804422872188,0.5184783215419608,0
151143,151640,151392,606.5461578369141,608.5406494140625,607.54541015625,REST,0.4368431567121455,0.3825712577866239,0.4193529352283258,0.4544769309763293,0.4909715028573032,0
151392,151889,151641,607.54541015625,609.5399017333984,608.5446624755859,REST,0.4200150601862255,0.37324642109113787,0.44403607180740484,0.42538313138710826,0.437394616459251,0
151641,152138,151890,608.5446624755859,610.5391540527344,609.5439147949219,REST,0.39805125279930076,0.378187325062065,0.41975417471549525,0.3783400119672169,0.41592349945242585,0
151890,152387,152139,609.5439147949219,611.5384063720703,610.5431671142578,REST,0.40420754776141044,0.40332396944386284,0.42536349541034685,0.3985939902237018,0.38954873596773043,0
152139,152636,152388,610.5431671142578,612.5376586914062,611.5424194335938,REST,0.36504449640482073,0.329308054722401,0.3757262173407549,0.3977619747711511,0.35738173878497576,0
152388,152885,152637,611.5424194335938,613.5369110107422,612.5416717529297,REST,0.48667589175858145,0.4506048984890349,0.5011498264012216,0.5215070396600681,0.4734418024840013,0
152637,153134,152886,612.5416717529297,614.5361633300781,613.5409240722656,REST,0.47269026014702314,0.4433278354217868,0.48816809697572877,0.4865271941101017,0.47273791408047533,0
152886,153383,153135,613.5409240722656,615.5354156494141,614.5401763916016,REST,0.5243056881586523,0.5136097230288832,0.576882335429148,0.4911150981718451,0.515615596004733,0
153135,153632,153384,614.5401763916016,616.53466796875,615.5394287109375,REST,0.603389503299292,0.5656303608872969,0.6770176187151676,0.5845929536550882,0.5863170799396149,0
153384,153881,153633,615.5394287109375,617.5339202880859,616.5386810302734,REST,0.4294337515026212,0.37527658963024924,0.4669202743127494,0.44992914029847325,0.42560900176901284,0
153633,154130,153882,616.5386810302734,618.5331726074219,617.5379333496094,REST,0.3219942187158129,0.30707121540501386,0.31263493808315707,0.36056213359043393,0.3077085877846469,0
153882,154379,154131,617.5379333496094,619.5324249267578,618.5371856689453,REST,0.3926342217684502,0.3443927198974999,0.3887882410149502,0.4675583577983463,0.36979756836300426,0
154131,154628,154380,618.5371856689453,620.5316772460938,619.5364379882812,REST,0.3939703612297763,0.33621664152347747,0.37345412649058035,0.4826388840402325,0.38357179286481485,0
154380,154877,154629,619.5364379882812,621.5309295654297,620.5356903076172,REST,0.4138211999748469,0.33676046747773747,0.37776512510976834,0.47541445375188734,0.46534475355999433,0
154629,155126,154878,620.5356903076172,622.5301818847656,621.5349426269531,REST,0.43664380314116136,0.333609551957037,0.41172111988755966,0.4851500595719112,0.5160944811481375,0
154878,155375,155127,621.5349426269531,623.5294342041016,622.5341949462891,REST,0.41041725643341065,0.3649980100537726,0.4264892652675651,0.42083429859094995,0.42934745182135503,0
155127,155624,155376,622.5341949462891,624.5286865234375,623.533447265625,ACTIVE,0.9602725449536953,1.266028770754166,1.1451217193795675,0.7431217354255073,0.6868179542555398,1
155376,155873,155625,623.533447265625,625.5279388427734,624.5326995849609,ACTIVE,1.015350956576034,1.3800636920961535,1.1964386918850187,0.7622801509463238,0.7226212913766391,1
155625,156122,155874,624.5326995849609,626.5271911621094,625.5319519042969,ACTIVE,0.7417174852535062,0.9573525745265543,0.7981866671391243,0.6627153483512949,0.5486153509970515,1
155874,156371,156123,625.5319519042969,627.5264434814453,626.5312042236328,ACTIVE,0.7516326180060685,0.982648179190097,0.8298840234778598,0.6707942232749784,0.5232040460813391,1
156123,156620,156372,626.5312042236328,628.5256958007812,627.5304565429688,ACTIVE,0.6828944849169671,0.9005605084252807,0.7880802475800908,0.524232095530983,0.5187050881315138,0
156372,156869,156621,627.5304565429688,629.5249481201172,628.5297088623047,REST,0.6274066064676003,0.6929350806567907,0.6804599936961016,0.5332915535258937,0.6029397979916153,0
156621,157118,156870,628.5297088623047,630.5242004394531,629.5289611816406,REST,0.47262016365508397,0.4215847070635171,0.4425214810749048,0.519837398287258,0.506537068194656,0
156870,157367,157119,629.5289611816406,631.5234527587891,630.5282135009766,REST,0.3730312872960666,0.3320748892796782,0.39424042618624483,0.4356492896698658,0.3301605440484777,0
157119,157616,157368,630.5282135009766,632.522705078125,631.5274658203125,REST,0.35972959730859255,0.3769333461857774,0.3731060223441684,0.35365371811800056,0.3352253025864237,0
157368,157865,157617,631.5274658203125,633.5219573974609,632.5267181396484,ACTIVE,0.7998366288029404,0.9790654331428463,0.9561966990259502,0.627848713464747,0.6362356695782178,1
157617,158114,157866,632.5267181396484,634.5212097167969,633.5259704589844,ACTIVE,1.2249185901206525,1.482963180276683,1.4713682233993712,0.9831263851684834,0.9622165716380723,1
157866,158363,158115,633.5259704589844,635.5204620361328,634.5252227783203,ACTIVE,1.269465343536773,1.560020464937494,1.505034246204445,1.0331897809462558,0.9796168820588972,1
158115,158612,158364,634.5252227783203,636.5197143554688,635.5244750976562,ACTIVE,1.276995120183789,1.6078351640002428,1.468425791467577,1.0428325844698778,0.988886940797459,1
158364,158861,158613,635.5244750976562,637.5189666748047,636.5237274169922,ACTIVE,1.423018521475446,1.7637924456975698,1.5994770186057428,1.1938144396632613,1.1349901819352104,1
158613,159110,158862,636.5237274169922,638.5182189941406,637.5229797363281,REST,1.0650800313008135,1.296873638095754,1.193719928462743,0.9187623842301784,0.8509641744145784,1
158862,159359,159111,637.5229797363281,639.5174713134766,638.5222320556641,REST,0.524322877507458,0.5112758743714385,0.5285705053684645,0.5421318876425775,0.5153132426473515,0
159111,159608,159360,638.5222320556641,640.5167236328125,639.521484375,REST,0.7671408120967445,0.7542890493848076,0.7824139681357017,0.7591618418228933,0.7726983890435754,1
159360,159857,159609,639.521484375,641.5159759521484,640.5207366943359,REST,0.6772749392103335,0.6681016441479004,0.7010507658009636,0.6624733285713826,0.6774740183210874,0
159609,160106,159858,640.5207366943359,642.5152282714844,641.5199890136719,REST,0.404527093051146,0.3770380572256706,0.41696138493590446,0.3863853813470344,0.4377235486959744,0
159858,160355,160107,641.5199890136719,643.5144805908203,642.5192413330078,REST,0.3816020329054306,0.356149515103133,0.3556563457713677,0.37606143253682267,0.4385408382103989,0
160107,160604,160356,642.5192413330078,644.5137329101562,643.5184936523438,REST,0.373012768689695,0.34243907908820037,0.35091153346826476,0.39100725550656923,0.40769320669574577,0
160356,160853,160605,643.5184936523438,645.5129852294922,644.5177459716797,REST,0.35736961991382565,0.33404812706744574,0.3831385749077892,0.3511401025843318,0.3611516750957358,0
160605,161102,160854,644.5177459716797,646.5122375488281,645.5169982910156,REST,0.3483074562068712,0.3456675954427448,0.37712988653088014,0.345651038205873,0.32478130464798693,0
160854,161351,161103,645.5169982910156,647.5114898681641,646.5162506103516,REST,0.43299656561791533,0.40586599690972286,0.465190692501752,0.4516460169739355,0.40928355608625083,0
161103,161600,161352,646.5162506103516,648.5107421875,647.5155029296875,REST,0.4178614463651801,0.38189279223851,0.4568641958238551,0.4299723538016603,0.40271644359669484,0
161352,161849,161601,647.5155029296875,649.5099945068359,648.5147552490234,REST,0.32890758644654217,0.2950656748258924,0.3327701549411355,0.36138920093325305,0.32640531508588755,0
161601,162098,161850,648.5147552490234,650.5092468261719,649.5140075683594,REST,0.62315818819686,0.777226827491554,0.7159541773349181,0.5403728885370911,0.4590788594238768,0
161850,162347,162099,649.5140075683594,651.5084991455078,650.5132598876953,ACTIVE,0.7197000783669999,0.9531981566197602,0.8870202547046947,0.5498752885097707,0.4887066136337741,0
162099,162596,162348,650.5132598876953,652.5077514648438,651.5125122070312,ACTIVE,0.6301985274410096,0.813793665325202,0.8187607780805597,0.44738581592762844,0.44085385043064823,0
162348,162845,162597,651.5125122070312,653.5070037841797,652.5117645263672,ACTIVE,0.6531991546427547,0.8584741810607924,0.7719528813848853,0.5115265588926625,0.47084299723267864,0
162597,163094,162846,652.5117645263672,654.5062561035156,653.5110168457031,ACTIVE,0.6579257597047119,0.9005228651849259,0.7352096598971193,0.5041479946086845,0.49182251912811775,0
162846,163343,163095,653.5110168457031,655.5055084228516,654.5102691650391,ACTIVE,0.675344184295828,0.9009142593877572,0.7862642494462221,0.5127467199469263,0.5014515084024064,0
163095,163592,163344,654.5102691650391,656.5047607421875,655.509521484375,ACTIVE,0.6713661262949517,0.9137786068896592,0.7775711214823973,0.5268833899078139,0.4672313868999363,0
163344,163841,163593,655.509521484375,657.5040130615234,656.5087738037109,REST,0.6142776291685044,0.7961795544420299,0.6891678129985361,0.4946660589371283,0.4770970902963233,0
163593,164090,163842,656.5087738037109,658.5032653808594,657.5080261230469,REST,0.49753582835401744,0.5433199359496752,0.5194265649162534,0.46524369798189846,0.46215311456824276,0
163842,164339,164091,657.5080261230469,659.5025177001953,658.5072784423828,REST,0.3618976423823216,0.35145950959538347,0.35407046781432844,0.38488927290042263,0.35717131921915163,0
164091,164588,164340,658.5072784423828,660.5017700195312,659.5065307617188,REST,0.43636904594207193,0.4401960356068047,0.5545120832887236,0.35309256297766034,0.39767550189509915,0
164340,164837,164589,659.5065307617188,661.5010223388672,660.5057830810547,ACTIVE,0.9864489363973583,1.2610319728806931,1.2149332003630189,0.7219391473167207,0.7478914250290004,1
164589,165086,164838,660.5057830810547,662.5002746582031,661.5050354003906,ACTIVE,1.538547362078598,1.9833182570207777,1.7951604345276484,1.216614809211339,1.159095947554627,1
164838,165335,165087,661.5050354003906,663.4995269775391,662.5042877197266,ACTIVE,1.656063760208445,2.098596251639358,1.9074858121099802,1.3433260878790785,1.274846889205363,1
165087,165584,165336,662.5042877197266,664.498779296875,663.5035400390625,ACTIVE,1.428444764676568,1.7869572809229515,1.6742146031025351,1.1254888874019342,1.1271182872788506,1
165336,165833,165585,663.5035400390625,665.4980316162109,664.5027923583984,ACTIVE,1.2453117420056194,1.5758674962807415,1.4899762122709668,0.9460626207767849,0.9693406386939845,1
165585,166082,165834,664.5027923583984,666.4972839355469,665.5020446777344,ACTIVE,1.313068432898936,1.7299914830812495,1.5320032405345427,1.009347485119546,0.980931522860406,1
165834,166331,166083,665.5020446777344,667.4965362548828,666.5012969970703,REST,1.0575946617085585,1.3808614839893443,1.2073206497690487,0.8420564264350124,0.8001400866408281,1
166083,166580,166332,666.5012969970703,668.4957885742188,667.5005493164062,REST,0.41820944912776514,0.4373324493047819,0.49774830839217904,0.3934393765231142,0.34431766229098537,0
166332,166829,166581,667.5005493164062,669.4950408935547,668.4998016357422,REST,0.3774531678037072,0.37889668446759456,0.4558416945788026,0.3520570730498544,0.3230172191185772,0
166581,167078,166830,668.4998016357422,670.4942932128906,669.4990539550781,REST,0.36699121035761145,0.34772162184377836,0.43838275913667646,0.35391445464597204,0.32794600580401895,0
166830,167327,167079,669.4990539550781,671.4935455322266,670.4983062744141,REST,0.3167980990002245,0.3055614958581077,0.3300607346838709,0.33210375441849466,0.29946641104042454,0
167079,167576,167328,670.4983062744141,672.4927978515625,671.49755859375,REST,0.3366594453502179,0.33455657872468036,0.3924910646121788,0.3202970683266109,0.2992930697374017,0
167328,167825,167577,671.49755859375,673.4920501708984,672.4968109130859,REST,0.35588622540865755,0.34676393087080387,0.4331252988952379,0.3318359061409094,0.31181976572767883,0
167577,168074,167826,672.4968109130859,674.4913024902344,673.4960632324219,REST,0.3679671904599619,0.3915361886224692,0.3906963741345041,0.3497499935397939,0.3398862055430805,0
167826,168323,168075,673.4960632324219,675.4905548095703,674.4953155517578,REST,0.34937087613906814,0.39705980170954347,0.37283524796114464,0.31970279407385965,0.30788566081172497,0
168075,168572,168324,674.4953155517578,676.4898071289062,675.4945678710938,REST,0.35736373707413716,0.3921854327573729,0.3998184539182907,0.33829090706858117,0.2991601545523039,0
168324,168821,168573,675.4945678710938,677.4890594482422,676.4938201904297,REST,0.9160562927448568,0.972021373319549,0.9602392555942021,1.012087857368262,0.7198766846974142,1
168573,169070,168822,676.4938201904297,678.4883117675781,677.4930725097656,REST,1.4088884755307376,1.4657584039948972,1.4083349461683046,1.5532995340266325,1.2081610179331161,1
168822,169319,169071,677.4930725097656,679.4875640869141,678.4923248291016,ACTIVE,1.5640222401342938,1.924429146970386,1.6972185716913342,1.4389230796443986,1.1955181622310564,1
169071,169568,169320,678.4923248291016,680.48681640625,679.4915771484375,ACTIVE,1.2752778582226423,1.7764627469842333,1.552323790485564,0.9502508973107181,0.822073998110054,1
169320,169817,169569,679.4915771484375,681.4860687255859,680.4908294677734,ACTIVE,0.9112609104816283,1.2079941474036497,1.0803103677986394,0.7243627944714797,0.632376332252744,1
169569,170066,169818,680.4908294677734,682.4853210449219,681.4900817871094,ACTIVE,0.8372578443856351,1.1193972895714892,1.000582457717523,0.6469348220336291,0.5821168082198993,1
169818,170315,170067,681.4900817871094,683.4845733642578,682.4893341064453,ACTIVE,0.7672331811615211,0.9431073761942771,0.9342263638097359,0.590421638510711,0.6011773461313603,1
170067,170564,170316,682.4893341064453,684.4838256835938,683.4885864257812,ACTIVE,0.7427909800326256,0.8191438673129332,0.8012203265912663,0.6228208957484463,0.7279788304778566,1
170316,170813,170565,683.4885864257812,685.4830780029297,684.4878387451172,REST,0.6097278331188494,0.6273723324946884,0.600179731545258,0.5533120839360591,0.6580471844993918,0
170565,171062,170814,684.4878387451172,686.4823303222656,685.4870910644531,REST,0.3439822648425912,0.33732378099369104,0.3392016029551589,0.3381900497122133,0.3612136257093017,0
170814,171311,171063,685.4870910644531,687.4815826416016,686.4863433837891,REST,0.9818944217846547,1.2712494838894788,1.139732075110597,0.7312856785812678,0.7853104495572748,1
171063,171560,171312,686.4863433837891,688.4808349609375,687.485595703125,ACTIVE,1.5805690316952603,2.0171025969909726,1.8783401038970289,1.2110048632497314,1.2158285626433076,1
171312,171809,171561,687.485595703125,689.4800872802734,688.4848480224609,ACTIVE,1.5460380248726349,2.003265237466137,1.8202208061817924,1.1931882101554974,1.1674778456871133,1
171561,172058,171810,688.4848480224609,690.4793395996094,689.4841003417969,ACTIVE,1.5271142749808473,2.043877142946131,1.780715683764795,1.1545942334855268,1.1292700397269357,1
171810,172307,172059,689.4841003417969,691.4785919189453,690.4833526611328,ACTIVE,1.6624296275002513,2.1585961163466583,1.9585289829081476,1.2899569996133318,1.2426364111328676,1
172059,172556,172308,690.4833526611328,692.4778442382812,691.4826049804688,ACTIVE,1.4141456935950711,1.8104487945827925,1.686542963270551,1.1018254022166651,1.057765614310275,1
172308,172805,172557,691.4826049804688,693.4770965576172,692.4818572998047,REST,0.9581243178427741,1.1788217262827325,1.173593435788693,0.7431934550029657,0.7368886542967055,1
172557,173054,172806,692.4818572998047,694.4763488769531,693.4811096191406,REST,0.4325597961006934,0.40309337650120414,0.5301557425710657,0.3803250191584331,0.41666504617207056,0
172806,173303,173055,693.4811096191406,695.4756011962891,694.4803619384766,REST,0.2786840439992172,0.30906637089018923,0.30938086847743435,0.24786474658560412,0.24842419004364114,0
173055,173552,173304,694.4803619384766,696.474853515625,695.4796142578125,REST,0.2936958124251412,0.3088598105886794,0.3256079219105583,0.282095397097873,0.25822012010345413,0
173304,173801,173553,695.4796142578125,697.4741058349609,696.4788665771484,REST,0.2943882157195347,0.2970776832217718,0.31772684889005437,0.2995140643608131,0.26323426640549963,0
173553,174050,173802,696.4788665771484,698.4733581542969,697.4781188964844,REST,0.26854269684028603,0.2821326796357518,0.2841160542765372,0.27546468707051747,0.23245736637833753,0
173802,174299,174051,697.4781188964844,699.4726104736328,698.4773712158203,REST,0.2717714451566051,0.2965259842394215,0.2999116434336047,0.2497839916810307,0.24086416127236354,0
174051,174548,174300,698.4773712158203,700.4718627929688,699.4766235351562,REST,0.2777442443355014,0.28856337287290496,0.31702865769837363,0.2500880988190913,0.2552968479516358,0
174300,174797,174549,699.4766235351562,701.4711151123047,700.4758758544922,REST,0.24956707427922525,0.25952104886677385,0.27937959868324125,0.2398784141046667,0.2194892354622192,0
174549,175046,174798,700.4758758544922,702.4703674316406,701.4751281738281,REST,0.7352724149921689,1.0102074020754344,0.8295573495653299,0.5691477377910604,0.5321771705368508,0
174798,175295,175047,701.4751281738281,703.4696197509766,702.4743804931641,ACTIVE,0.8964623856885133,1.2176136689503994,1.0621090650066354,0.6759196540159795,0.6302071547810392,1
175047,175544,175296,702.4743804931641,704.4688720703125,703.4736328125,ACTIVE,0.7084154558362203,0.945526989177026,0.8912609624432392,0.5143741047222365,0.4824997670023798,0
175296,175793,175545,703.4736328125,705.4681243896484,704.4728851318359,ACTIVE,0.6690843723083199,0.8921084670702357,0.8624944207958384,0.4766382368877599,0.4450963644794451,0
175545,176042,175794,704.4728851318359,706.4673767089844,705.4721374511719,ACTIVE,0.7578326348066089,0.9578936515365339,1.0275682823836711,0.5606312716470471,0.4852373336591834,1
175794,176291,176043,705.4721374511719,707.4666290283203,706.4713897705078,ACTIVE,0.7616611821335926,0.9308429876139369,1.0022386041324565,0.5715583025755917,0.5420048342123854,1
176043,176540,176292,706.4713897705078,708.4658813476562,707.4706420898438,REST,0.5508203736916853,0.6361315915667556,0.6542897826316817,0.4118728050156349,0.5009873155526692,0
176292,176789,176541,707.4706420898438,709.4651336669922,708.4698944091797,REST,0.32846781250428736,0.32354119331969833,0.32787816037785406,0.289281200876227,0.3731706954433701,0
176541,177038,176790,708.4698944091797,710.4643859863281,709.4691467285156,ACTIVE,0.8981957893788837,1.0746735960360994,1.0563284678042575,0.7551126641717031,0.706668429503475,1
176790,177287,177039,709.4691467285156,711.4636383056641,710.4683990478516,ACTIVE,1.160045342687748,1.4352327658278046,1.4015038923144048,0.9300535746623724,0.8733911379464104,1
177039,177536,177288,710.4683990478516,712.462890625,711.4676513671875,ACTIVE,1.0751666509347653,1.4086921106575712,1.340802732527289,0.7961538265006298,0.7550179340535713,1
177288,177785,177537,711.4676513671875,713.4621429443359,712.4669036865234,ACTIVE,1.2723347445330788,1.591456965974812,1.494708431725254,1.0419820501828434,0.961191530249406,1
177537,178034,177786,712.4669036865234,714.4613952636719,713.4661560058594,ACTIVE,1.4088530858375892,1.7626714077652563,1.637256147183434,1.1659393905632283,1.0695453978384375,1
177786,178283,178035,713.4661560058594,715.4606475830078,714.4654083251953,REST,0.9954924648403376,1.2846740048520147,1.1967820708546923,0.7780215981513141,0.7224921855033288,1
178035,178532,178284,714.4654083251953,716.4598999023438,715.4646606445312,REST,0.3515519419752261,0.30784594857137826,0.405487276439882,0.39039900781939074,0.3024755350702532,0
178284,178781,178533,715.4646606445312,717.4591522216797,716.4639129638672,REST,0.4044341550027424,0.34450796953188756,0.4200414862965998,0.48062653953759255,0.3725606246448897,0
178533,179030,178782,716.4639129638672,718.4584045410156,717.4631652832031,REST,0.3728093175818955,0.3507099800413074,0.3688967824217942,0.4149849579659487,0.35664554989853187,0
178782,179279,179031,717.4631652832031,719.4576568603516,718.4624176025391,REST,0.32328212049809596,0.33718274545779797,0.29801860799470065,0.3308022439386994,0.32712488460118583,0
179031,179528,179280,718.4624176025391,720.4569091796875,719.461669921875,REST,0.3243552135598769,0.3261413455676879,0.3168069840849458,0.3224396375351657,0.3320328870517082,0
179280,179777,179529,719.461669921875,721.4561614990234,720.4609222412109,REST,0.3252088727368565,0.31533730715791786,0.3214738960171916,0.3234827514883946,0.34054153628392203,0
179529,180026,179778,720.4609222412109,722.4554138183594,721.4601745605469,REST,0.3209175906069334,0.2869294657213147,0.3299558032240494,0.33459902134801606,0.3321860721343535,0
179778,180275,180027,721.4601745605469,723.4546661376953,722.4594268798828,REST,0.34838884405150855,0.2777633593821992,0.3722505919340507,0.42225442876608754,0.3212869961236968,0
180027,180524,180276,722.4594268798828,724.4539184570312,723.4586791992188,REST,0.9722590614800892,1.2767275131077815,1.1199147300824983,0.7891553822642293,0.7032386204658481,1
180276,180773,180525,723.4586791992188,725.4531707763672,724.4579315185547,ACTIVE,1.0515338728660093,1.469705052570691,1.2209827946435097,0.7889748273292195,0.7264728169206167,1
180525,181022,180774,724.4579315185547,726.4524230957031,725.4571838378906,ACTIVE,0.652334623450052,1.0045881704439874,0.7328511594829508,0.45757258628663694,0.4143265775866329,0
180774,181271,181023,725.4571838378906,727.4516754150391,726.4564361572266,ACTIVE,0.5448451973048752,0.7894139903629662,0.60631042926536,0.4215748689847791,0.3620815006063954,0
181023,181520,181272,726.4564361572266,728.450927734375,727.4556884765625,ACTIVE,0.4887632544183091,0.6372888337006404,0.5499015450695502,0.42026335415060373,0.34759928475244206,0
181272,181769,181521,727.4556884765625,729.4501800537109,728.4549407958984,REST,0.6278353917028953,0.8496217408368437,0.7273828498030054,0.5023854378039898,0.4319515383677423,0
181521,182018,181770,728.4549407958984,730.4494323730469,729.4541931152344,REST,0.565682166953831,0.7493211914430989,0.6614514306216756,0.4559381317166151,0.3960179140339344,0
181770,182267,182019,729.4541931152344,731.4486846923828,730.4534454345703,REST,0.3191459011879047,0.34480403278392446,0.3647897465779023,0.28991891512231743,0.2770709102674747,0
182019,182516,182268,730.4534454345703,732.4479370117188,731.4526977539062,ACTIVE,0.9224352048086047,1.157923371580467,1.1222307334002728,0.7121093266651197,0.6974773875885593,1
182268,182765,182517,731.4526977539062,733.4471893310547,732.4519500732422,ACTIVE,1.0075930366884887,1.2172964895766578,1.1843921942302118,0.8666353887374,0.7620480742096842,1
182517,183014,182766,732.4519500732422,734.4464416503906,733.4512023925781,ACTIVE,0.5358497828280445,0.5342004698333959,0.5374992228890093,0.6272656414209538,0.44443379716881903,0
182766,183263,183015,733.4512023925781,735.4456939697266,734.4504547119141,ACTIVE,0.645081172205896,0.6660801442213572,0.6834005404753847,0.5295466818974431,0.7012973222293992,0
183015,183512,183264,734.4504547119141,736.4449462890625,735.44970703125,ACTIVE,0.6547655330518622,0.6956884643922825,0.6824412721101721,0.48140522124867996,0.7595271744563146,0
183264,183761,183513,735.44970703125,737.4441986083984,736.4489593505859,REST,0.3816446512338021,0.4183796287666055,0.3443333492925401,0.31435391209983204,0.44951171477623053,0
183513,184010,183762,736.4489593505859,738.4434509277344,737.4482116699219,REST,0.3061351282607884,0.3252270142021588,0.3145170861820754,0.2700187371162727,0.31477767554264685,0
183762,184259,184011,737.4482116699219,739.4427032470703,738.4474639892578,REST,0.30755147487150647,0.3377301267268556,0.30895061356406534,0.2590517612053062,0.3244733979897988,0
184011,184508,184260,738.4474639892578,740.4419555664062,739.4467163085938,REST,0.3111683802951979,0.3256524173979841,0.310327096753152,0.27952536233641495,0.3291686446932406,0
184260,184757,184509,739.4467163085938,741.4412078857422,740.4459686279297,REST,0.3190954406740769,0.3274775002915813,0.3409772331056688,0.309865643929857,0.2980613853692004,0
184509,185006,184758,740.4459686279297,742.4404602050781,741.4452209472656,REST,0.3048267763561571,0.31538545836182247,0.32651676779754646,0.2897958900337446,0.28760898923151496,0
184758,185255,185007,741.4452209472656,743.4397125244141,742.4444732666016,REST,0.3274035565916746,0.3478635181801813,0.35340378758996294,0.2655744483914512,0.3427724722051029,0
185007,185504,185256,742.4444732666016,744.43896484375,743.4437255859375,REST,0.35723062298710867,0.3875925921036352,0.4081551863502105,0.2718544572573983,0.36132025623719066,0
185256,185753,185505,743.4437255859375,745.4382171630859,744.4429779052734,REST,0.8043746953833645,1.0635656543367122,0.968216001864966,0.6020337058390255,0.5836834194927539,1
185505,186002,185754,744.4429779052734,746.4374694824219,745.4422302246094,ACTIVE,0.9764665809646077,1.3275496258865707,1.1693223982773793,0.7358083307529051,0.673185968941576,1
185754,186251,186003,745.4422302246094,747.4367218017578,746.4414825439453,ACTIVE,0.7600451397233674,1.0755077025853723,0.888278750733646,0.5612297930816054,0.515164312492846,1
186003,186500,186252,746.4414825439453,748.4359741210938,747.4407348632812,ACTIVE,0.6380382184094768,0.8836955765118089,0.75253950957826,0.4696134548700661,0.446304332677772,0
186252,186749,186501,747.4407348632812,749.4352264404297,748.4399871826172,ACTIVE,0.7210296094767266,0.9539055761672943,0.8387406203334088,0.5495348390159622,0.5419374023902408,0
186501,186998,186750,748.4399871826172,750.4344787597656,749.4392395019531,REST,0.6321952047823257,0.7985198545323821,0.7077583040353501,0.5037993594826733,0.5187033010788972,0
186750,187247,186999,749.4392395019531,751.4337310791016,750.4384918212891,REST,0.35956705595846006,0.33955557770235906,0.42215941286035835,0.3347371815217713,0.3418160517493517,0
186999,187496,187248,750.4384918212891,752.4329833984375,751.437744140625,REST,0.34006018321770315,0.32381919300422085,0.35669528305989995,0.31620343109710614,0.3635228257095855,0
187248,187745,187497,751.437744140625,753.4322357177734,752.4369964599609,REST,0.32000207763141275,0.27176643459869304,0.2886524732120295,0.328037686868394,0.3915517158465344,0
187497,187994,187746,752.4369964599609,754.4314880371094,753.4362487792969,REST,0.8111983643752707,0.9829003780744167,0.9887536711478245,0.6280423624925324,0.6450970457863093,1
187746,188243,187995,753.4362487792969,755.4307403564453,754.4355010986328,ACTIVE,1.5411932116720657,2.002376605020778,1.8482246439256786,1.1674377728395526,1.1467338249022536,1
187995,188492,188244,754.4355010986328,756.4299926757812,755.4347534179688,ACTIVE,1.7033572560712946,2.2446936389013312,2.0134227604116717,1.2930540928301402,1.2622585321420356,1
188244,188741,188493,755.4347534179688,757.4292449951172,756.4340057373047,ACTIVE,1.6716159285865884,2.2121211771254625,1.9667207906095825,1.2683910296747096,1.239230716936599,1
188493,188990,188742,756.4340057373047,758.4284973144531,757.4332580566406,ACTIVE,1.7757065545041393,2.388099137025136,2.087682681302203,1.3350673575700245,1.291977042119193,1
188742,189239,188991,757.4332580566406,759.4277496337891,758.4325103759766,ACTIVE,1.3222934285383525,1.8001594303934356,1.55323891812853,0.9958737297668994,0.9399016358645456,1
188991,189488,189240,758.4325103759766,760.427001953125,759.4317626953125,REST,0.5639480989583094,0.7247246921850602,0.6464419468811468,0.46947517178562376,0.41515058498140706,0
189240,189737,189489,759.4317626953125,761.4262542724609,760.4310150146484,REST,0.3412439740470141,0.3389631930085301,0.3724296511668437,0.3329842468515725,0.3205988051611103,0
189489,189986,189738,760.4310150146484,762.4255065917969,761.4302673339844,REST,0.37343163140255736,0.34696670883175973,0.3957590944954686,0.3472901487925735,0.40371057349042766,0
189738,190235,189987,761.4302673339844,763.4247589111328,762.4295196533203,REST,0.3685363956892683,0.33995468478060464,0.3586677139627208,0.3781028287969242,0.3974203552168236,0
189987,190484,190236,762.4295196533203,764.4240112304688,763.4287719726562,REST,0.36157679921917973,0.36286008000868136,0.3120973134049591,0.42218733402873526,0.34916246943434315,0
190236,190733,190485,763.4287719726562,765.4232635498047,764.4280242919922,REST,0.3479249519367693,0.3603738624860589,0.31008060798908565,0.3889783817438213,0.3322669555281114,0
190485,190982,190734,764.4280242919922,766.4225158691406,765.4272766113281,REST,0.2795880853073974,0.3062197258599277,0.2866800780716148,0.27040099512185384,0.25505154217619336,0
190734,191231,190983,765.4272766113281,767.4217681884766,766.4265289306641,REST,0.27315884814862457,0.29611473512570674,0.3435364955106001,0.20022213699648247,0.25276202496170874,0
190983,191480,191232,766.4265289306641,768.4210205078125,767.42578125,REST,0.8900612003133885,1.220947587378492,1.071061468598899,0.6688105173053552,0.599425227970808,1
191232,191729,191481,767.42578125,769.4202728271484,768.4250335693359,ACTIVE,1.053099223186881,1.4446868420843386,1.2276122402092655,0.8029925120935103,0.7371052983604098,1
191481,191978,191730,768.4250335693359,770.4195251464844,769.4242858886719,ACTIVE,0.811650560357575,1.0450484748225226,0.8765728351070788,0.7206958779903171,0.6042850535103816,1
191730,192227,191979,769.4242858886719,771.4187774658203,770.4235382080078,ACTIVE,0.7551664142589521,0.9907285579207302,0.8358785178503415,0.6706330675444413,0.5234255137202956,1
191979,192476,192228,770.4235382080078,772.4180297851562,771.4227905273438,ACTIVE,0.7064504353384214,0.963868343904528,0.813481177435353,0.5465116647842343,0.5019405552295706,0
192228,192725,192477,771.4227905273438,773.4172821044922,772.4220428466797,REST,0.7684935494325569,0.9645730394421084,0.932066531696736,0.6113519817359733,0.5659826448554098,1
192477,192974,192726,772.4220428466797,774.4165344238281,773.4212951660156,REST,0.6405643339273913,0.7681379426068579,0.7952112994013122,0.5150919189688216,0.4838161747325739,0
192726,193223,192975,773.4212951660156,775.4157867431641,774.4205474853516,REST,0.3239497444174828,0.344968227390892,0.3949261053445712,0.2814153809702243,0.2744892639642437,0
192975,193472,193224,774.4205474853516,776.4150390625,775.4197998046875,REST,0.3304623420188854,0.3420452546335839,0.39304013571364277,0.2983075250204739,0.2884564527078411,0
193224,193721,193473,775.4197998046875,777.4142913818359,776.4190521240234,REST,0.9844415441014135,1.2972779240074992,1.219620362594128,0.7287763687027622,0.6920915211012644,1
193473,193970,193722,776.4190521240234,778.4135437011719,777.4183044433594,ACTIVE,1.7256018141572462,2.3062097961870567,2.0934074932357745,1.2717695716616797,1.231020395544474,1
193722,194219,193971,777.4183044433594,779.4127960205078,778.4175567626953,ACTIVE,1.9524894945279208,2.599696603035324,2.318113633341834,1.4737006215941408,1.4184471201403848,1
193971,194468,194220,778.4175567626953,780.4120483398438,779.4168090820312,ACTIVE,1.8584567075520577,2.440182012741363,2.194932801417041,1.451444672177841,1.347267343871986,1
194220,194717,194469,779.4168090820312,781.4113006591797,780.4160614013672,ACTIVE,1.9008001356937596,2.4816343250524007,2.2727980116281743,1.4747845046112626,1.3739837014832008,1
194469,194966,194718,780.4160614013672,782.4105529785156,781.4153137207031,REST,1.4657358417142554,1.9190528956991435,1.7452518423923886,1.1234902064579035,1.0751484223075856,1
194718,195215,194967,781.4153137207031,783.4098052978516,782.4145660400391,REST,0.5254603723286839,0.674985805045775,0.5600990285956999,0.44074636714464616,0.42601028852861444,0
194967,195464,195216,782.4145660400391,784.4090576171875,783.413818359375,REST,0.27617392422825565,0.30654088665415535,0.30393261350359246,0.24766321310003278,0.2465589836552419,0
195216,195713,195465,783.413818359375,785.4083099365234,784.4130706787109,REST,0.3128342082307072,0.33763323798696543,0.35914823578681965,0.26051455744444807,0.29404080170459546,0
195465,195962,195714,784.4130706787109,786.4075622558594,785.4123229980469,REST,0.3473680545287142,0.3649130424910536,0.38423280704394375,0.30323040247968364,0.3370959661001758,0
195714,196211,195963,785.4123229980469,787.4068145751953,786.4115753173828,REST,0.36816680690160153,0.3498001969411485,0.37000035790655106,0.35146044199375676,0.4014062307649498,0
195963,196460,196212,786.4115753173828,788.4060668945312,787.4108276367188,REST,0.4069236073885365,0.3316742473323579,0.3582318478103115,0.43815390746950256,0.49963442694197413,0
196212,196709,196461,787.4108276367188,789.4053192138672,788.4100799560547,REST,0.3855840204846881,0.34511441820689587,0.3476936170831584,0.4165600670367984,0.43296797961189964,0
196461,196958,196710,788.4100799560547,790.4045715332031,789.4093322753906,REST,0.3490102526265121,0.35714036554614803,0.3423235872041715,0.3314375154516522,0.3651395423040766,0
196710,197207,196959,789.4093322753906,791.4038238525391,790.4085845947266,REST,0.3374507173647301,0.3304781908292308,0.3169315687780683,0.34120748782174964,0.3611856220298718,0
196959,197456,197208,790.4085845947266,792.403076171875,791.4078369140625,REST,0.3252606827547363,0.31735528820832354,0.31881278640285665,0.3502846368520445,0.3145900195557204,0
197208,197705,197457,791.4078369140625,793.4023284912109,792.4070892333984,REST,0.33315431449362554,0.32636419596216654,0.3335586740545784,0.3652893745408126,0.3074050134169445,0
197457,197954,197706,792.4070892333984,794.4015808105469,793.4063415527344,REST,0.33931342451876867,0.3190694199490632,0.3496890691387576,0.36933100597445034,0.3191642030128037,0
197706,198203,197955,793.4063415527344,795.4008331298828,794.4055938720703,REST,0.9417813432353832,1.1918831032052128,1.1187091774554812,0.7518260720864819,0.7047070201943566,1
197955,198452,198204,794.4055938720703,796.4000854492188,795.4048461914062,ACTIVE,1.029784252886496,1.3623449251868014,1.2280394269012371,0.7932953376715002,0.7354573217864454,1
198204,198701,198453,795.4048461914062,797.3993377685547,796.4040985107422,ACTIVE,0.6488652167403065,0.8995750467358973,0.7707278842600656,0.4819080794405979,0.4432498565246653,0
198453,198950,198702,796.4040985107422,798.3985900878906,797.4033508300781,ACTIVE,0.5681133655348458,0.7543280898992335,0.6761181529007446,0.444628128962445,0.39737909037696,0
198702,199199,198951,797.4033508300781,799.3978424072266,798.4026031494141,ACTIVE,0.519650682455687,0.6643445399802801,0.5865309194618537,0.44853773970483124,0.3791895306757833,0
198951,199448,199200,798.4026031494141,800.3970947265625,799.40185546875,REST,0.42047006171796686,0.48572418503395076,0.448325171703362,0.39598067130901815,0.35185021882553663,0
199200,199697,199449,799.40185546875,801.3963470458984,800.4011077880859,REST,0.37122779352171786,0.35299964478007007,0.42037406353563467,0.3587857426705334,0.35275172310063313,0
199449,199946,199698,800.4011077880859,802.3955993652344,801.4003601074219,REST,0.4216930178994137,0.35996430775670923,0.5406231261865536,0.3533276564050155,0.43285698124937666,0
199698,200195,199947,801.4003601074219,803.3948516845703,802.3996124267578,REST,0.4241384363719849,0.326208597936522,0.5219750067421874,0.3447001535710704,0.5036699872381597,0
199947,200444,200196,802.3996124267578,804.3941040039062,803.3988647460938,REST,0.8516447322317114,1.0450173101381848,0.995273938372706,0.6566282779548308,0.7096594024611244,1
200196,200693,200445,803.3988647460938,805.3933563232422,804.3981170654297,ACTIVE,1.5302014621284166,1.9613179959870413,1.8127897922279812,1.193485450917762,1.1532126093808814,1
200445,200942,200694,804.3981170654297,806.3926086425781,805.3973693847656,ACTIVE,1.7196351374651164,2.2313978895098083,2.0260459350882845,1.341676134972256,1.2794205902901166,1
200694,201191,200943,805.3973693847656,807.3918609619141,806.3966217041016,ACTIVE,1.5639785108042419,2.000239572859372,1.8460877345985196,1.2333105119224195,1.1762762238366566,1
200943,201440,201192,806.3966217041016,808.39111328125,807.3958740234375,ACTIVE,1.2762955218718703,1.5978282418825547,1.526262518581128,1.0204373303612215,0.9606539966625767,1
201192,201689,201441,807.3958740234375,809.3903656005859,808.3951263427734,REST,0.6974528936377049,0.8678447912467996,0.8303090025802894,0.5571665987249064,0.5344911819988241,0
201441,201938,201690,808.3951263427734,810.3896179199219,809.3943786621094,REST,0.312870557549605,0.25670732812606223,0.35017410230734547,0.3019574665469346,0.34264333321807783,0
201690,202187,201939,809.3943786621094,811.3888702392578,810.3936309814453,REST,0.2811751429915762,0.2944832016925097,0.28909173361536455,0.263561865245859,0.27756377141257155,0
201939,202436,202188,810.3936309814453,812.3881225585938,811.3928833007812,REST,0.29581207127043857,0.33245290302762065,0.27406333988243,0.29145707074920835,0.2852749714224954,0
202188,202685,202437,811.3928833007812,813.3873748779297,812.3921356201172,REST,0.31788626747554727,0.2942470338135402,0.2757273372443255,0.36959091624491036,0.331979782599413,0
202437,202934,202686,812.3921356201172,814.3866271972656,813.3913879394531,REST,0.3600782941554587,0.2659313259031444,0.28490245596201247,0.44160736773820414,0.447872027018474,0
202686,203183,202935,813.3913879394531,815.3858795166016,814.3906402587891,REST,0.3471432609041559,0.2877353391265888,0.2822878955441381,0.3997825241648371,0.4187672847810596,0
202935,203432,203184,814.3906402587891,816.3851318359375,815.389892578125,REST,0.2833142482301104,0.29883389363991303,0.2547971455558537,0.345623224825563,0.23400272889911203,0
203184,203681,203433,815.389892578125,817.3843841552734,816.3891448974609,REST,0.34123708831025634,0.32156163358798906,0.3135979011504307,0.47232268763305385,0.2574661308695515,0
203433,203930,203682,816.3891448974609,818.3836364746094,817.3883972167969,REST,0.3419664922250603,0.3078631926277841,0.3292943568799271,0.42375415234206354,0.30695426705046663,0
203682,204179,203931,817.3883972167969,819.3828887939453,818.3876495361328,REST,0.2939962982525158,0.27010311475884236,0.3050879602254864,0.2696297765263679,0.3311643414993665,0
203931,204428,204180,818.3876495361328,820.3821411132812,819.3869018554688,ACTIVE,0.9613217744444607,1.1919845246387148,1.1336429075442163,0.782537970050005,0.737121695544906,1
204180,204677,204429,819.3869018554688,821.3813934326172,820.3861541748047,ACTIVE,1.0332173370859143,1.3183069934394054,1.2126040673978657,0.8504483652174963,0.7515099222888898,1
204429,204926,204678,820.3861541748047,822.3806457519531,821.3854064941406,ACTIVE,0.6477984179534118,0.8730284078336435,0.7514231883209408,0.5166581727780059,0.4500839028810567,0
204678,205175,204927,821.3854064941406,823.3798980712891,822.3846588134766,ACTIVE,0.6368110684875813,0.8676760876414061,0.7486460656180125,0.46693357777173145,0.46398854291917513,0
204927,205424,205176,822.3846588134766,824.379150390625,823.3839111328125,ACTIVE,0.5655278934426142,0.7590407084376588,0.6282677338058487,0.480991017473254,0.39381211405369554,0
205176,205673,205425,823.3839111328125,825.3784027099609,824.3831634521484,ACTIVE,0.49459393747574715,0.5864807723576242,0.5203665428945569,0.5192064780327506,0.3523219566180571,0
205425,205922,205674,824.3831634521484,826.3776550292969,825.3824157714844,REST,0.38365274122497117,0.38689717610229196,0.3846520626797628,0.4359230614368953,0.3271386646809345,0
205674,206171,205923,825.3824157714844,827.3769073486328,826.3816680908203,REST,0.28877438903548386,0.30546257982229424,0.31126584162984394,0.26392310677414504,0.27444602791565215,0
205923,206420,206172,826.3816680908203,828.3761596679688,827.3809204101562,REST,0.2954207222068873,0.3508146268595959,0.3244940133871038,0.23132657601873757,0.27504767256211193,0
206172,206669,206421,827.3809204101562,829.3754119873047,828.3801727294922,REST,0.31783688608362676,0.342494548014038,0.32068666325743334,0.29232687024432036,0.3158394628187153,0
206421,206918,206670,828.3801727294922,830.3746643066406,829.3794250488281,REST,1.0370873551926885,1.379912423274424,1.18035025716467,0.8078902303134821,0.7801965100181772,1
206670,207167,206919,829.3794250488281,831.3739166259766,830.3786773681641,ACTIVE,1.58269080981833,2.130493518409811,1.8228204652154611,1.2112577838795575,1.1661914717684903,1
206919,207416,207168,830.3786773681641,832.3731689453125,831.3779296875,ACTIVE,1.6469928149188797,2.17457982722859,1.908340029031618,1.2802331781532759,1.2248182252620345,1
207168,207665,207417,831.3779296875,833.3724212646484,832.3771820068359,ACTIVE,1.5872300648772764,2.0478923478338094,1.8502343129901104,1.260662033878132,1.1901315648070532,1
207417,207914,207666,832.3771820068359,834.3716735839844,833.3764343261719,ACTIVE,1.5557520637742175,2.001835636149863,1.819476788345628,1.2235748249744332,1.1781210056269455,1
207666,208163,207915,833.3764343261719,835.3709259033203,834.3756866455078,ACTIVE,1.4023966438593616,1.7850615194791835,1.6341221053737855,1.1096474146122115,1.0807555359722665,1
207915,208412,208164,834.3756866455078,836.3701782226562,835.3749389648438,REST,0.9399575052184768,1.1699468292453277,1.0801418178519147,0.7692053101063133,0.7405360636703514,1
208164,208661,208413,835.3749389648438,837.3694305419922,836.3741912841797,REST,0.28978039474065226,0.2628025740719806,0.3052867483235044,0.27931125327209677,0.3117210032950273,0
208413,208910,208662,836.3741912841797,838.3686828613281,837.3734436035156,REST,1.1869793366302677,0.41170407771657047,0.4419661080736144,3.2691168634947263,0.62513029723616,1
208662,209159,208911,837.3734436035156,839.3679351806641,838.3726959228516,REST,30.344258737918423,18.844841433252032,20.017972108940803,56.69790954893909,25.816311860541756,1
208911,209408,209160,838.3726959228516,840.3671875,839.3719482421875,REST,30.372618894024995,18.84774881244639,20.018668453172904,56.798415064751104,25.825643245729587,1
209160,209657,209409,839.3719482421875,841.3664398193359,840.3712005615234,REST,1.6689213307705917,0.5669216820538813,0.475587999585451,4.702147226491253,0.9310284149517808,1
209409,209906,209658,840.3712005615234,842.3656921386719,841.3704528808594,REST,0.35230584038246526,0.4361800161356353,0.3308860561188343,0.3496732185397102,0.29248407073568133,0
209658,210155,209907,841.3704528808594,843.3649444580078,842.3697052001953,REST,0.557986611770383,0.8133865884500393,0.6372331288553308,0.4529478621631156,0.3283788676130462,0
209907,210404,210156,842.3697052001953,844.3641967773438,843.3689575195312,REST,0.5564566816231966,0.8141496901661835,0.6728068231600356,0.4190783084438028,0.3197919047227645,0
210156,210653,210405,843.3689575195312,845.3634490966797,844.3682098388672,REST,0.34505133186692194,0.40363604546212223,0.3830565374102509,0.31928256910341185,0.27423017549190287,0
210405,210902,210654,844.3682098388672,846.3627014160156,845.3674621582031,REST,0.6422098146562066,0.7564392455235291,0.7719993203265543,0.6191278869119211,0.4212728058628219,0
210654,211151,210903,845.3674621582031,847.3619537353516,846.3667144775391,REST,0.8930203785777676,1.3420872788299878,1.0331582016746748,0.6865333857357323,0.5103026480706762,1
210903,211400,211152,846.3667144775391,848.3612060546875,847.365966796875,REST,0.7139045779769785,1.1718664179106,0.7858859609002274,0.4965157095905571,0.40135022350652944,0
211152,211649,211401,847.365966796875,849.3604583740234,848.3652191162109,REST,0.3913661710588028,0.4356373348837644,0.45766830880889375,0.3804736884612496,0.2916853520813035,0
211401,211898,211650,848.3652191162109,850.3597106933594,849.3644714355469,REST,0.42994905495696223,0.45167390644578254,0.49325716614960957,0.4115279895803264,0.36333715765213054,0
211650,212147,211899,849.3644714355469,851.3589630126953,850.3637237548828,REST,0.401778601535943,0.40800774119108935,0.4644787522577965,0.38615495451468723,0.34847295818019913,0
211899,212396,212148,850.3637237548828,852.3582153320312,851.3629760742188,REST,0.4174943246579836,0.42108524151194254,0.5097207475170008,0.3750556903029607,0.3641156193000304,0
212148,212645,212397,851.3629760742188,853.3574676513672,852.3622283935547,REST,0.7967380163075679,0.7935695738116038,0.8953731317139842,0.7330643894876057,0.7649449702170779,1
212397,212894,212646,852.3622283935547,854.3567199707031,853.3614807128906,REST,0.922000839201908,0.9390331514218331,1.001373298647914,0.8478881004793227,0.899708806258562,1
212646,213143,212895,853.3614807128906,855.3559722900391,854.3607330322266,REST,0.8176768671959234,0.8378549283119642,0.8599583495936977,0.8022365898287794,0.7706576010492519,1
212895,213392,213144,854.3607330322266,856.355224609375,855.3599853515625,REST,0.7097929135079255,0.731691214885703,0.7584780849304024,0.6991609757982491,0.6498413784173476,0
213144,213641,213393,855.3599853515625,857.3544769287109,856.3592376708984,REST,0.5308129822539711,0.5476859719647253,0.6275520055136734,0.4977477965670371,0.45026615497044836,0
213393,213890,213642,856.3592376708984,858.3537292480469,857.3584899902344,REST,1.1182342353268595,1.050856487499454,1.32673705958986,1.0225132705604194,1.072830123657705,1
213642,214139,213891,857.3584899902344,859.3529815673828,858.3577423095703,REST,1.2247925510961255,1.1405361932658933,1.4531722831479361,1.1085933101808652,1.196868417789808,1
213891,214388,214140,858.3577423095703,860.3522338867188,859.3569946289062,REST,0.6474961088029567,0.5759497280812061,0.7932208018065878,0.5967366914629263,0.6240772138611064,0
214140,214637,214389,859.3569946289062,861.3514862060547,860.3562469482422,REST,0.39478426671616323,0.3870087383560786,0.5121578571877672,0.35652261183259293,0.3234478594882144,0
214389,214886,214638,860.3562469482422,862.3507385253906,861.3554992675781,REST,0.39862024651696265,0.41854515266830566,0.5095891716137013,0.35158872491459764,0.3147579368712459,0
214638,215135,214887,861.3554992675781,863.3499908447266,862.3547515869141,REST,0.3124136249690338,0.32374748193714575,0.36774703962838834,0.29134443047363867,0.26681554783696243,0
214887,215384,215136,862.3547515869141,864.3492431640625,863.35400390625,REST,0.30405951331882397,0.33404416378288754,0.3439574494526181,0.2856780443831633,0.25255839565662713,0
215136,215633,215385,863.35400390625,865.3484954833984,864.3532562255859,REST,0.3216629725845901,0.35131194892075174,0.3576292583940534,0.3083217262308967,0.2693889567926587,0
215385,215882,215634,864.3532562255859,866.3477478027344,865.3525085449219,REST,0.3085849132408199,0.3036654904304137,0.3231463184220435,0.31860793364246115,0.28891991046836113,0
215634,216131,215883,865.3525085449219,867.3470001220703,866.3517608642578,REST,0.36327618482666985,0.36352952384167325,0.3914512044381212,0.33093926769864396,0.36718474332824086,0
215883,216380,216132,866.3517608642578,868.3462524414062,867.3510131835938,REST,0.3570066734787159,0.36609065958062526,0.3992910753580916,0.30423225941312027,0.3584126995630264,0
216132,216629,216381,867.3510131835938,869.3455047607422,868.3502655029297,REST,0.3057803037788045,0.27350845756427133,0.32248531334324687,0.32406635729248423,0.3030610869152154,0
216381,216878,216630,868.3502655029297,870.3447570800781,869.3495178222656,REST,0.29604019373501894,0.26821811473028995,0.3044932004110343,0.3121021048822146,0.2993473549165369,0
216630,217127,216879,869.3495178222656,871.3440093994141,870.3487701416016,REST,0.28794214461226175,0.30820146547509136,0.3225854510722528,0.26196115147224447,0.2590205104294586,0
216879,217376,217128,870.3487701416016,872.34326171875,871.3480224609375,REST,0.2787878175475457,0.3062519101682268,0.3074017929587869,0.2618715751179419,0.23962599194522727,0
217128,217625,217377,871.3480224609375,873.3425140380859,872.3472747802734,REST,0.31936143538171696,0.30782323813521084,0.29731316495583654,0.34994541661301454,0.3223639218228061,0
217377,217874,217626,872.3472747802734,874.3417663574219,873.3465270996094,REST,0.33424003037060984,0.29925109262321214,0.33772625469843787,0.36691468248934467,0.3330680916714448,0
217626,218123,217875,873.3465270996094,875.3410186767578,874.3457794189453,REST,0.27687761014708817,0.2608783244325017,0.3364546452097813,0.2638266335807459,0.24635083736532376,0
217875,218372,218124,874.3457794189453,876.3402709960938,875.3450317382812,REST,0.27244698549917534,0.2872105484849386,0.3259123694860946,0.25306875974079396,0.22359626428487428,0
218124,218621,218373,875.3450317382812,877.3395233154297,876.3442840576172,REST,0.2766741229006422,0.2954048807141374,0.31925442587803393,0.26530451299345087,0.2267326720169466,0
218373,218870,218622,876.3442840576172,878.3387756347656,877.3435363769531,REST,0.2778710598836039,0.2739860534739466,0.3307947497726793,0.26267746955394244,0.2440259667338472,0
218622,219119,218871,877.3435363769531,879.3380279541016,878.3427886962891,REST,0.34971051859726215,0.3356072877671336,0.41246426604752073,0.326693793522911,0.32407672705148327,0
218871,219368,219120,878.3427886962891,880.3372802734375,879.342041015625,REST,0.34598484334744445,0.33227504686438186,0.4044558805023181,0.32473749542164976,0.3224709506014281,0
219120,219617,219369,879.342041015625,881.3365325927734,880.3412933349609,REST,0.2820994777972368,0.286198619282404,0.3176008675507168,0.2779129043452254,0.246685520010601,0
219369,219866,219618,880.3412933349609,882.3357849121094,881.3405456542969,REST,0.3744376453603899,0.3785375752704964,0.49796681153964373,0.32303607755437025,0.29821011707704936,0
219618,220115,219867,881.3405456542969,883.3350372314453,882.3397979736328,REST,0.3858274664591941,0.37113552473596934,0.5281712786796555,0.3172618442354723,0.3267412181856791,0
219867,220364,220116,882.3397979736328,884.3342895507812,883.3390502929688,REST,0.31889976251433,0.30422925578448795,0.3742228983335162,0.2973470862569269,0.2997998096823889,0
220116,220613,220365,883.3390502929688,885.3335418701172,884.3383026123047,REST,0.7240911794986018,0.7173869025737283,0.7346143328435764,0.7293502254391929,0.7150132571379098,0
220365,220862,220614,884.3383026123047,886.3327941894531,885.3375549316406,REST,1.1085743145720566,1.0891359352557506,1.122035743131943,1.1149229754988486,1.1082026044016835,1
220614,221111,220863,885.3375549316406,887.3320465087891,886.3368072509766,REST,0.9195247587552948,0.8927107681313489,0.9591539607778413,0.9151511316746317,0.9110831744373575,1
220863,221360,221112,886.3368072509766,888.331298828125,887.3360595703125,REST,0.3440354555974704,0.31239334977140093,0.4117578794514364,0.3362193577259075,0.3157712354411365,0
221112,221609,221361,887.3360595703125,889.3305511474609,888.3353118896484,REST,0.29768141566079637,0.28593264464428914,0.3318031773153734,0.2829393571304714,0.2900504835530516,0
221361,221858,221610,888.3353118896484,890.3298034667969,889.3345642089844,ACTIVE,0.3663639300038564,0.34295478479511615,0.43765731369452715,0.3278131895016688,0.3570304320241136,0
221610,222107,221859,889.3345642089844,891.3290557861328,890.3338165283203,ACTIVE,0.3464387740805813,0.3274036761640763,0.4112856173262563,0.3245626808105316,0.3225031220214611,0
221859,222356,222108,890.3338165283203,892.3283081054688,891.3330688476562,ACTIVE,0.30668740822952656,0.28150167213027016,0.341235755491293,0.3112223799939559,0.292789825302587,0
222108,222605,222357,891.3330688476562,893.3275604248047,892.3323211669922,ACTIVE,0.29517408270267553,0.2531099852094228,0.3314543757126114,0.3070001140752487,0.28913185581341927,0
222357,222854,222606,892.3323211669922,894.3268127441406,893.3315734863281,ACTIVE,0.29367021176121727,0.2518846806820782,0.3308293951242768,0.33791581894510475,0.25405095229340935,0
222606,223103,222855,893.3315734863281,895.3260650634766,894.3308258056641,ACTIVE,0.36174614365323887,0.2737095969031808,0.5337556778024806,0.3513088919301875,0.28821040797710673,0
222855,223352,223104,894.3308258056641,896.3253173828125,895.330078125,ACTIVE,0.40208831057423355,0.29731683448645463,0.6239298680531143,0.346318721195754,0.34078781856161106,0
223104,223601,223353,895.330078125,897.3245697021484,896.3293304443359,ACTIVE,0.36944609893960223,0.28237007404101017,0.51649448340097,0.33737358742495793,0.3415462508914709,0
223353,223850,223602,896.3293304443359,898.3238220214844,897.3285827636719,ACTIVE,0.29810391990453167,0.2750663072347699,0.3629151668076484,0.28707752054445596,0.2673566850312522,0
223602,224099,223851,897.3285827636719,899.3230743408203,898.3278350830078,REST,0.25828346251311574,0.2629554613884326,0.2621012305615574,0.27841503858853056,0.22966211951394236,0
223851,224348,224100,898.3278350830078,900.3223266601562,899.3270874023438,REST,0.2674432388717277,0.24958103139621735,0.32640818272730276,0.25228186055265284,0.24150188081073776,0
224100,224597,224349,899.3270874023438,901.3215789794922,900.3263397216797,REST,0.28075802080110623,0.24360856472249545,0.3334285818486773,0.2661740645339095,0.27982087209934264,0
224349,224846,224598,900.3263397216797,902.3208312988281,901.3255920410156,REST,0.28490214970523364,0.21695385569420053,0.2753247486901144,0.3151108428193425,0.33221915161727733,0
224598,225095,224847,901.3255920410156,903.3200836181641,902.3248443603516,REST,0.29387233584696965,0.2086841559807569,0.2700716422393901,0.33298653161681885,0.36374701355091266,0
224847,225344,225096,902.3248443603516,904.3193359375,903.3240966796875,REST,0.34062542386011585,0.2638188311355116,0.3408118196008518,0.3538865490026171,0.40398449570148276,0
225096,225593,225345,903.3240966796875,905.3185882568359,904.3233489990234,ACTIVE,0.3678083042860549,0.3172550252424102,0.4039801416560694,0.3829560239407419,0.36704202630499805,0
225345,225842,225594,904.3233489990234,906.3178405761719,905.3226013183594,ACTIVE,0.3599877935594833,0.30927537798125826,0.4385557959961256,0.3606711757739915,0.33144882448655794,0
225594,226091,225843,905.3226013183594,907.3170928955078,906.3218536376953,ACTIVE,0.3499248917507675,0.30483480563573906,0.41839792060126474,0.3421483479721498,0.33431849279391646,0
225843,226340,226092,906.3218536376953,908.3163452148438,907.3211059570312,ACTIVE,0.3237165770401888,0.3037805614451586,0.3740575616762429,0.3386499172480726,0.2783782677912811,0
226092,226589,226341,907.3211059570312,909.3155975341797,908.3203582763672,ACTIVE,0.30866881638133836,0.295519655232084,0.37464456657900924,0.32295083791556245,0.24156020579869772,0
226341,226838,226590,908.3203582763672,910.3148498535156,909.3196105957031,ACTIVE,0.26891260557871616,0.26570743982959055,0.30343816469741774,0.2991799234736865,0.2073248943141698,0
226590,227087,226839,909.3196105957031,911.3141021728516,910.3188629150391,ACTIVE,0.2766920379775178,0.3245554793767648,0.28199975906752334,0.2711316939818029,0.22908121948398014,0
226839,227336,227088,910.3188629150391,912.3133544921875,911.318115234375,ACTIVE,0.2870155151407406,0.33461465676406854,0.294973911156642,0.260739083290881,0.25773440935137076,0
227088,227585,227337,911.318115234375,913.3126068115234,912.3173675537109,REST,0.252686451017694,0.22507890291320073,0.260382699423565,0.24366765953131345,0.2816165422026968,0
227337,227834,227586,912.3173675537109,914.3118591308594,913.3166198730469,REST,0.2665712162540214,0.22967460478537002,0.27757396830759096,0.24371939532960693,0.31531689659351775,0
227586,228083,227835,913.3166198730469,915.3111114501953,914.3158721923828,REST,0.34569674080807494,0.30947972699965665,0.41293466750976504,0.31620866071615106,0.34416390800672697,0
227835,228332,228084,914.3158721923828,916.3103637695312,915.3151245117188,REST,0.3329355163321126,0.29527698670624597,0.40785807524378637,0.3152624025587151,0.31334460081970295,0
228084,228581,228333,915.3151245117188,917.3096160888672,916.3143768310547,REST,0.3340698536190673,0.3293879181761995,0.418377447635807,0.2869974853984567,0.30151656326580617,0
228333,228830,228582,916.3143768310547,918.3088684082031,917.3136291503906,REST,0.42846813479675605,0.39603103890421043,0.4904816782901179,0.4072365179029362,0.42012330408975973,0
228582,229079,228831,917.3136291503906,919.3081207275391,918.3128814697266,REST,0.39648641163597775,0.3695124625489689,0.3998162124309758,0.4082814677278822,0.40833550383608397,0
228831,229328,229080,918.3128814697266,920.307373046875,919.3121337890625,REST,0.2923931496123647,0.2953487429557698,0.28547187528307616,0.29316685254013447,0.2955851276704781,0
229080,229577,229329,919.3121337890625,921.3066253662109,920.3113861083984,REST,0.275075227426688,0.24940597221086896,0.2925090333067958,0.2661667929857997,0.29221911120328764,0
229329,229826,229578,920.3113861083984,922.3058776855469,921.3106384277344,REST,0.2936762783643613,0.28207409862914357,0.33394530060080396,0.2676866316313388,0.29099908259615886,0
229578,230075,229827,921.3106384277344,923.3051300048828,922.3098907470703,REST,0.32093473356751306,0.324228961117678,0.3587713502367467,0.2996225634109981,0.30111605950462933,0
229827,230324,230076,922.3098907470703,924.3043823242188,923.3091430664062,REST,0.31402540186294453,0.2991565115900214,0.32997479018458403,0.3271082259915686,0.29986207968560413,0
230076,230573,230325,923.3091430664062,925.3036346435547,924.3083953857422,ACTIVE,0.2908219600436949,0.24734032589242735,0.2977316560629893,0.3135619338989055,0.3046539243204576,0
230325,230822,230574,924.3083953857422,926.3028869628906,925.3076477050781,ACTIVE,0.275842398587992,0.23576009119877314,0.31283263663927646,0.2695258253992598,0.28525104111465843,0
230574,231071,230823,925.3076477050781,927.3021392822266,926.3069000244141,ACTIVE,0.27182787422904353,0.22692058229942136,0.3025196525123559,0.2665899870339749,0.2912812750704219,0
230823,231320,231072,926.3069000244141,928.3013916015625,927.30615234375,ACTIVE,0.31483837297594597,0.27392438488624116,0.3040731616977184,0.33313900899898324,0.34821693632084105,0
231072,231569,231321,927.30615234375,929.3006439208984,928.3054046630859,ACTIVE,0.31394842513649057,0.2958961668169803,0.33241200454258407,0.3270192922077873,0.30046623697861075,0
231321,231818,231570,928.3054046630859,930.2998962402344,929.3046569824219,ACTIVE,0.289624450890415,0.2703957082714877,0.345297010967216,0.30986869130366324,0.2329363930192931,0
231570,232067,231819,929.3046569824219,931.2991485595703,930.3039093017578,ACTIVE,0.30041660036568607,0.2738976629512442,0.3499250065987168,0.31727446362740436,0.26056926828537913,0
231819,232316,232068,930.3039093017578,932.2984008789062,931.3031616210938,ACTIVE,0.26571182916157954,0.24178420675124676,0.32842165787621885,0.2553211425724972,0.23732030944635535,0
232068,232565,232317,931.3031616210938,933.2976531982422,932.3024139404297,ACTIVE,0.2902535148001755,0.27581076365269647,0.3790403173315528,0.25651664191534745,0.2496463363011054,0
232317,232814,232566,932.3024139404297,934.2969055175781,933.3016662597656,REST,0.30871955181855987,0.2865457816891057,0.3741867617574408,0.28265511020288075,0.29149055362481224,0
232566,233063,232815,933.3016662597656,935.2961578369141,934.3009185791016,REST,0.3192338385031863,0.2154572018973469,0.2588304630063565,0.3947838620770727,0.4078638270319692,0
232815,233312,233064,934.3009185791016,936.29541015625,935.3001708984375,REST,0.33932583365731883,0.233004541657822,0.2551120023272718,0.43791020971893824,0.43127658092524335,0
233064,233561,233313,935.3001708984375,937.2946624755859,936.2994232177734,REST,0.31328117530538435,0.22640010146740885,0.26717610529711106,0.375771418222068,0.38377707623494955,0
233313,233810,233562,936.2994232177734,938.2939147949219,937.2986755371094,REST,0.3169692437577558,0.23193157710229165,0.31672456023649964,0.3425741517018426,0.37664668599038953,0
233562,234059,233811,937.2986755371094,939.2931671142578,938.2979278564453,ACTIVE,0.31596947447404616,0.2586126522749651,0.3569704293397627,0.34974541636674145,0.2985493999147153,0
233811,234308,234060,938.2979278564453,940.2924194335938,939.2971801757812,ACTIVE,0.3450047208197843,0.2943947793075446,0.4514438416439003,0.34788901699252023,0.2862912453351721,0
234060,234557,234309,939.2971801757812,941.2916717529297,940.2964324951172,ACTIVE,0.35510497400145624,0.28932806674867934,0.4760947416341131,0.3420585516823648,0.3129385359406678,0
234309,234806,234558,940.2964324951172,942.2909240722656,941.2956848144531,ACTIVE,0.3390161553809268,0.24335757744583786,0.3756945775238996,0.40929609299988695,0.3277163735540828,0
234558,235055,234807,941.2956848144531,943.2901763916016,942.2949371337891,ACTIVE,0.3476992321317288,0.24929306712857488,0.32776926256114625,0.43827533991034856,0.3754592589268456,0
234807,235304,235056,942.2949371337891,944.2894287109375,943.294189453125,ACTIVE,0.3129191650369313,0.24902015523657117,0.3019525364137053,0.36798415162467146,0.3327198168727772,0
235056,235553,235305,943.294189453125,945.2886810302734,944.2934417724609,REST,0.24135232873146734,0.21107193274623462,0.25445275589963995,0.2575543805044613,0.24233024577553341,0
235305,235802,235554,944.2934417724609,946.2879333496094,945.2926940917969,REST,0.25223715389887813,0.2217044458344278,0.25785127840124933,0.25718179033010125,0.27221110102973406,0
235554,236051,235803,945.2926940917969,947.2871856689453,946.2919464111328,REST,0.25755477745400046,0.25097171270393454,0.26010262033984777,0.25290781356883035,0.26623696320338924,0
235803,236300,236052,946.2919464111328,948.2864379882812,947.2911987304688,REST,0.30871991267687476,0.27282445635511277,0.3113524447265268,0.32233011782326354,0.32837263180259596,0
236052,236549,236301,947.2911987304688,949.2856903076172,948.2904510498047,REST,0.31241208321174885,0.2635082236453291,0.32102930437783644,0.3378577917593995,0.3272530130644304,0
236301,236798,236550,948.2904510498047,950.2849426269531,949.2897033691406,REST,0.24113014490535717,0.20158512727921232,0.24501646378427738,0.2598288722588626,0.2580901162990763,0
236550,237047,236799,949.2897033691406,951.2841949462891,950.2889556884766,REST,0.27467429624940365,0.24956620513634775,0.29587419611173427,0.27440165998273947,0.278855123766793,0
236799,237296,237048,950.2889556884766,952.283447265625,951.2882080078125,REST,0.30158318061689704,0.31716050885049796,0.34997672248179473,0.2709382201450972,0.26825727099019814,0
237048,237545,237297,951.2882080078125,953.2826995849609,952.2874603271484,REST,0.30958629857267495,0.31562844599878015,0.3628819481885729,0.26297949202176535,0.2968553080815815,0
237297,237794,237546,952.2874603271484,954.2819519042969,953.2867126464844,ACTIVE,0.29054452365647665,0.2726663336966872,0.3560754249694714,0.257166903573459,0.2762694323862891,0
237546,238043,237795,953.2867126464844,955.2812042236328,954.2859649658203,ACTIVE,0.26238043463074706,0.25381532317488115,0.33092898785582703,0.25121971774740887,0.21355770974487115,0
237795,238292,238044,954.2859649658203,956.2804565429688,955.2852172851562,ACTIVE,0.36415943828864866,0.2803763309171543,0.531734435261053,0.34593153428763007,0.29859545268875737,0
238044,238541,238293,955.2852172851562,957.2797088623047,956.2844696044922,ACTIVE,0.3872960702031566,0.25932675646254333,0.5775199841992498,0.3696344526922254,0.3427030874586078,0
238293,238790,238542,956.2844696044922,958.2789611816406,957.2837219238281,ACTIVE,0.2823711387976685,0.22089690486509336,0.36246369035683507,0.2747232023974025,0.27140075757134313,0
238542,239039,238791,957.2837219238281,959.2782135009766,958.2829742431641,ACTIVE,0.23052626173433238,0.2063439188851312,0.284961620592599,0.2239723971485654,0.20682711031103398,0
238791,239288,239040,958.2829742431641,960.2774658203125,959.2822265625,ACTIVE,0.30841559068819757,0.3147725581754569,0.41517229097978714,0.25927721008613486,0.24444030351141124,0
239040,239537,239289,959.2822265625,961.2767181396484,960.2814788818359,ACTIVE,0.327141704812819,0.32905425698298923,0.4002745218369061,0.2994999856602566,0.2797380547711242,0
239289,239786,239538,960.2814788818359,962.2759704589844,961.2807312011719,REST,0.250123727233339,0.214317537259004,0.25612306834323173,0.27165542775228435,0.2583988755788358,0
239538,240035,239787,961.2807312011719,963.2752227783203,962.2799835205078,REST,0.2643672336721852,0.20091190880776766,0.237817442860355,0.33887749045674603,0.279862092563872,0
239787,240284,240036,962.2799835205078,964.2744750976562,963.2792358398438,REST,0.38597490636578685,0.2686422770954015,0.28687701493878576,0.5499284885564385,0.43845184487252165,0
240036,240533,240285,963.2792358398438,965.2737274169922,964.2784881591797,REST,0.3817075335947702,0.2781286029602056,0.3060554349562189,0.5039978888474609,0.43864820761519563,0
240285,240782,240534,964.2784881591797,966.2729797363281,965.2777404785156,REST,0.26028222754382774,0.24117434634468296,0.2785575868708258,0.24845386914997178,0.2729431078098303,0
240534,241031,240783,965.2777404785156,967.2722320556641,966.2769927978516,REST,0.22958363607120583,0.21652079266746205,0.28423183596846346,0.20626879600227802,0.21131311964661978,0
240783,241280,241032,966.2769927978516,968.271484375,967.2762451171875,ACTIVE,0.251176993232641,0.2023123741910773,0.3331469138161444,0.24951853323862316,0.21973015168471896,0
241032,241529,241281,967.2762451171875,969.2707366943359,968.2754974365234,ACTIVE,0.32955409533463376,0.33044117773238374,0.4240537409775407,0.3202892423775404,0.24343222025107014,0
241281,241778,241530,968.2754974365234,970.2699890136719,969.2747497558594,ACTIVE,0.5576823956133563,0.5669300803586185,0.6149063042480383,0.5649225792204678,0.48397061862630075,0
241530,242027,241779,969.2747497558594,971.2692413330078,970.2740020751953,ACTIVE,0.6307989165782607,0.5627027709470301,0.6847213731565933,0.6875607612844347,0.588210760924985,0
241779,242276,242028,970.2740020751953,972.2684936523438,971.2732543945312,ACTIVE,0.442903887833861,0.33862475092366473,0.5121717182787842,0.5036351009302982,0.4171839812026967,0
242028,242525,242277,971.2732543945312,973.2677459716797,972.2725067138672,ACTIVE,0.2898724960495921,0.2974551454257501,0.31860319483052024,0.3177946716638616,0.22563697227823643,0
242277,242774,242526,972.2725067138672,974.2669982910156,973.2717590332031,ACTIVE,0.26566406020203015,0.27280941238811907,0.27796931580743883,0.30376449185889315,0.2081130207536697,0
242526,243023,242775,973.2717590332031,975.2662506103516,974.2710113525391,ACTIVE,0.24877696808248156,0.2192301224597191,0.25780910162402554,0.26616332363378625,0.25190532461239534,0
242775,243272,243024,974.2710113525391,976.2655029296875,975.270263671875,REST,0.26686614253304036,0.26317368446093226,0.25262522706231655,0.26975478757822813,0.2819108710306845,0
243024,243521,243273,975.270263671875,977.2647552490234,976.2695159912109,REST,0.2518191168033372,0.24958140630699793,0.23399131494548014,0.26060861981015543,0.26309512615071523,0
243273,243770,243522,976.2695159912109,978.2640075683594,977.2687683105469,REST,0.27450313326114717,0.23224699539487756,0.2831168907288804,0.2903404710948464,0.2923081758259843,0
243522,244019,243771,977.2687683105469,979.2632598876953,978.2680206298828,REST,0.3105064888200502,0.23431227269624058,0.3230237266048408,0.2882477159167083,0.3964422400624112,0
243771,244268,244020,978.2680206298828,980.2625122070312,979.2672729492188,REST,0.3348569717977725,0.22485084871444874,0.31012665950247326,0.33144202222490055,0.47300835674926756,0
244020,244517,244269,979.2672729492188,981.2617645263672,980.2665252685547,REST,0.32427077226941226,0.2388264054231881,0.31727436519116053,0.3308329985601012,0.4101493199031993,0
244269,244766,244518,980.2665252685547,982.2610168457031,981.2657775878906,REST,0.27904156615841735,0.255509661438379,0.29819181744092144,0.24170572706104576,0.3207590586933231,0
244518,245015,244767,981.2657775878906,983.2602691650391,982.2650299072266,REST,0.3543072645814839,0.35062468422592913,0.3724798016013253,0.3633147365821549,0.33080983591652635,0
244767,245264,245016,982.2650299072266,984.259521484375,983.2642822265625,REST,0.35913613187571414,0.3684857041426804,0.41100960692995087,0.3750734533327602,0.2819757630974652,0
245016,245513,245265,983.2642822265625,985.2587738037109,984.2635345458984,REST,0.327663128538839,0.3090768702948852,0.3176061952441221,0.3553780102545711,0.32859143836177757,0
245265,245762,245514,984.2635345458984,986.2580261230469,985.2627868652344,REST,0.42335312757509125,0.4571946874038537,0.40513470920832634,0.4146398790608062,0.41644323462737864,0
245514,246011,245763,985.2627868652344,987.2572784423828,986.2620391845703,REST,1.3792200534050334,1.3321624301570596,1.4794316029318997,1.3267182666058406,1.378567913925334,1
245763,246260,246012,986.2620391845703,988.2565307617188,987.2612915039062,ACTIVE,1.3594218880961664,1.2781592345945332,1.4833339115326472,1.3125561526977887,1.3636382535596967,1
246012,246509,246261,987.2612915039062,989.2557830810547,988.2605438232422,ACTIVE,0.3091188292892311,0.20355303634930919,0.4692809465135579,0.2691449768121112,0.29449635748194614,0
246261,246758,246510,988.2605438232422,990.2550354003906,989.2597961425781,ACTIVE,0.3088835243622841,0.2127998622551396,0.4581501742617896,0.2521401756398619,0.3124438852923454,0
246510,247007,246759,989.2597961425781,991.2542877197266,990.2590484619141,ACTIVE,0.31413091625806505,0.23695787809241403,0.4513480124234485,0.24542445398718105,0.32279332052921655,0
246759,247256,247008,990.2590484619141,992.2535400390625,991.25830078125,ACTIVE,0.30768426990972664,0.24377770436774449,0.41787176315642105,0.251037457578026,0.3180501545367151,0
247008,247505,247257,991.25830078125,993.2527923583984,992.2575531005859,ACTIVE,0.3502897528686624,0.27047502019467623,0.4505645350847065,0.31211267428029654,0.36800678191497044,0
247257,247754,247506,992.2575531005859,994.2520446777344,993.2568054199219,ACTIVE,0.37468509872145483,0.3508962564347001,0.4794965232712233,0.3270761452759753,0.34127146990392065,0
247506,248003,247755,993.2568054199219,995.2512969970703,994.2560577392578,ACTIVE,0.3504924512523902,0.33217564722492393,0.47505135558143435,0.2899459519341939,0.30479685026900855,0
247755,248252,248004,994.2560577392578,996.2505493164062,995.2553100585938,ACTIVE,0.28266965579464953,0.2056458852411866,0.36667139716181746,0.2564564083098551,0.30190493246573896,0
248004,248501,248253,995.2553100585938,997.2498016357422,996.2545623779297,REST,0.27638371638379333,0.19271432554741977,0.27767987228147045,0.2557459475309737,0.3793947201753093,0
248253,248750,248502,996.2545623779297,998.2490539550781,997.2538146972656,REST,0.3206384467244393,0.25361117029604036,0.2925211617254856,0.29442297775678306,0.4419984771194482,0
248502,248999,248751,997.2538146972656,999.2483062744141,998.2530670166016,REST,0.3186221685080036,0.24808491515163542,0.27770424077972766,0.3366741103769453,0.4120254077237062,0
248751,249248,249000,998.2530670166016,1000.24755859375,999.2523193359375,REST,0.30452849103367996,0.23214859551778227,0.2838355600822223,0.3391974333884637,0.3629323751462515,0
249000,249497,249249,999.2523193359375,1001.2468109130859,1000.2515716552734,ACTIVE,0.36008163088423706,0.26561625436618636,0.3401147592109849,0.4057615355269764,0.4288339744328006,0
249249,249746,249498,1000.2515716552734,1002.2460632324219,1001.2508239746094,ACTIVE,0.37190212847265447,0.2569917374461542,0.37041450219585753,0.42732727364823747,0.4328750006003687,0
249498,249995,249747,1001.2508239746094,1003.2453155517578,1002.2500762939453,ACTIVE,0.3251292107768684,0.23301619004250151,0.36784182928682413,0.3814776814246413,0.31818114235350686,0
249747,250244,249996,1002.2500762939453,1004.2445678710938,1003.2493286132812,ACTIVE,0.31829887141376323,0.2717276685425331,0.329542099509019,0.3761228252055826,0.2958028923979182,0
249996,250493,250245,1003.2493286132812,1005.2438201904297,1004.2485809326172,ACTIVE,0.33318743104049686,0.26410407198447117,0.3235180503105458,0.3591871531028772,0.3859404487640933,0
250245,250742,250494,1004.2485809326172,1006.2430725097656,1005.2478332519531,ACTIVE,0.2975940232592249,0.19466002888715522,0.3179392761793437,0.300325592021001,0.3774511959493997,0
250494,250991,250743,1005.2478332519531,1007.2423248291016,1006.2470855712891,ACTIVE,0.28768052010486467,0.19915839992335366,0.30959139311097467,0.3126031282213305,0.32936915916379983,0
250743,251240,250992,1006.2470855712891,1008.2415771484375,1007.246337890625,ACTIVE,0.33029477519681094,0.2449897239495847,0.3437765267223609,0.3673114282561321,0.3651014218591659,0
250992,251489,251241,1007.246337890625,1009.2408294677734,1008.2455902099609,ACTIVE,0.33518624150237664,0.27699805301958175,0.3479479062184168,0.361084920287669,0.35471408648383884,0
251241,251738,251490,1008.2455902099609,1010.2400817871094,1009.2448425292969,REST,0.3187159339421316,0.24123663215984129,0.28683062446592295,0.36438227444704835,0.3824142046957138,0
251490,251987,251739,1009.2448425292969,1011.2393341064453,1010.2440948486328,REST,0.26800241750696363,0.17313460416039012,0.2060414231462705,0.32958172650827133,0.3632519162129226,0
251739,252236,251988,1010.2440948486328,1012.2385864257812,1011.2433471679688,REST,0.30350946820113445,0.20017489310824033,0.2577076998829699,0.344262518492068,0.4118927613212594,0
251988,252485,252237,1011.2433471679688,1013.2378387451172,1012.2425994873047,REST,0.29095805231244,0.20995193877794163,0.257239576392729,0.31370243497386213,0.3829382591052273,0
252237,252734,252486,1012.2425994873047,1014.2370910644531,1013.2418518066406,REST,0.30639875795632526,0.2257867840312991,0.36309022500470467,0.2452832890873072,0.39143473370198995,0
252486,252983,252735,1013.2418518066406,1015.2363433837891,1014.2411041259766,REST,0.397422678560297,0.33663307921975333,0.43748378820262473,0.30723029011816355,0.5083435567006465,0
252735,253232,252984,1014.2411041259766,1016.235595703125,1015.2403564453125,REST,0.39550528758514036,0.38467082015463355,0.40286100925157015,0.33854864586712924,0.45594067506722846,0
252984,253481,253233,1015.2403564453125,1017.2348480224609,1016.2396087646484,REST,0.35332742341026846,0.39777260787766056,0.35010634459925943,0.3053100832940677,0.36012065787008624,0
253233,253730,253482,1016.2396087646484,1018.2341003417969,1017.2388610839844,REST,0.4643442452357754,0.6558439048007986,0.5593544991022436,0.27801705804070487,0.3641615189993545,0
253482,253979,253731,1017.2388610839844,1019.2333526611328,1018.2381134033203,ACTIVE,0.49981198561551754,0.6319248561158831,0.5833371589590942,0.33007387397364585,0.45391205341344687,0
253731,254228,253980,1018.2381134033203,1020.2326049804688,1019.2373657226562,ACTIVE,0.364481456428181,0.30132840226187907,0.39555354160570827,0.3431699854481736,0.4178738963969633,0
253980,254477,254229,1019.2373657226562,1021.2318572998047,1020.2366180419922,ACTIVE,0.30503247222850255,0.2505609118345636,0.3453129624177817,0.3100921064845633,0.3141639081771016,0
254229,254726,254478,1020.2366180419922,1022.2311096191406,1021.2358703613281,ACTIVE,0.27921627074114075,0.25074022817279995,0.28095289799021944,0.2793832711338792,0.30578868566766443,0
254478,254975,254727,1021.2358703613281,1023.2303619384766,1022.2351226806641,ACTIVE,0.28034479110559635,0.2631152332773176,0.32202841615801164,0.26309649952126485,0.2731390154657913,0
254727,255224,254976,1022.2351226806641,1024.2296142578125,1023.234375,ACTIVE,0.2859686539261233,0.24738220473881223,0.32886255982827495,0.2663376072670008,0.3012922438704053,0
254976,255473,255225,1023.234375,1025.2288665771484,1024.233627319336,ACTIVE,0.30018728384815263,0.22050273263725967,0.3067409659408892,0.3049911527064943,0.3685142841079674,0
255225,255722,255474,1024.233627319336,1026.2281188964844,1025.2328796386719,ACTIVE,0.3067169788879509,0.24373663670524212,0.28020683478913916,0.35082402607582097,0.3521004179816014,0
255474,255971,255723,1025.2328796386719,1027.2273712158203,1026.2321319580078,ACTIVE,0.2817334971291044,0.2650851038892077,0.2740558932868903,0.29925960377132005,0.28853338756899943,0
255723,256220,255972,1026.2321319580078,1028.2266235351562,1027.2313842773438,REST,0.3029782871345086,0.28567418736445793,0.29779459481426823,0.3189253680855549,0.3095189982737534,0
255972,256469,256221,1027.2313842773438,1029.2258758544922,1028.2306365966797,REST,0.30913323876798193,0.2712885972561372,0.30753589034216045,0.3461756144499146,0.31153285302371536,0
256221,256718,256470,1028.2306365966797,1030.2251281738281,1029.2298889160156,REST,0.35144667530113793,0.27670036707112494,0.37410498159207084,0.37888092299445386,0.37610042954690226,0
256470,256967,256719,1029.2298889160156,1031.224380493164,1030.2291412353516,REST,0.39445815641561266,0.3720020366529585,0.4262117109974604,0.40237727998905454,0.3772415980229772,0
256719,257216,256968,1030.2291412353516,1032.2236328125,1031.2283935546875,REST,0.37056861269700364,0.34038564898987445,0.3485754875222087,0.39795834515812534,0.39535496911780604,0
256968,257465,257217,1031.2283935546875,1033.222885131836,1032.2276458740234,REST,0.32077524264098906,0.25922904786386464,0.28963897756922535,0.3506676328876794,0.3835653122431868,0
257217,257714,257466,1032.2276458740234,1034.2221374511719,1033.2268981933594,REST,0.2518901631570877,0.24717482301175409,0.2784756737125906,0.2429904604828718,0.23891969542113425,0
257466,257963,257715,1033.2268981933594,1035.2213897705078,1034.2261505126953,ACTIVE,0.3275002752549783,0.2551393458508979,0.28221021909061567,0.500528032950254,0.27212350312814576,0
257715,258212,257964,1034.2261505126953,1036.2206420898438,1035.2254028320312,ACTIVE,1.1275507150629813,1.0931492005101124,1.153776511248736,1.139284330165988,1.1239928183270893,1
257964,258461,258213,1035.2254028320312,1037.2198944091797,1036.2246551513672,ACTIVE,1.102630177498486,1.08049930799952,1.1531488649456085,1.063901981253144,1.112970555795671,1
258213,258710,258462,1036.2246551513672,1038.2191467285156,1037.2239074707031,ACTIVE,0.2988529043022506,0.24318812300117199,0.3205394179155873,0.3697897575987953,0.2618943186934478,0
258462,258959,258711,1037.2239074707031,1039.2183990478516,1038.223159790039,ACTIVE,0.31030679422869056,0.29516401891704935,0.315908177769675,0.35713179998629596,0.27302318024174194,0
258711,259208,258960,1038.223159790039,1040.2176513671875,1039.222412109375,ACTIVE,0.2819613864900893,0.25567180092751784,0.31187572137167807,0.2998027692001295,0.26049525446103167,0
258960,259457,259209,1039.222412109375,1041.2169036865234,1040.221664428711,ACTIVE,0.260238802081494,0.21081495454839883,0.3047261567321333,0.270817143593772,0.2545969534516719,0
259209,259706,259458,1040.221664428711,1042.2161560058594,1041.2209167480469,ACTIVE,0.2679145729755956,0.21775149122515283,0.2672871107886238,0.3169569390632754,0.26966275082533037,0
259458,259955,259707,1041.2209167480469,1043.2154083251953,1042.2201690673828,REST,0.309668539984555,0.281214603196356,0.3020626120618999,0.36210674100758466,0.2932902036723794,0
259707,260204,259956,1042.2201690673828,1044.2146606445312,1043.2194213867188,REST,0.3120233850558318,0.29240600180245835,0.3356041781072768,0.34127882647751223,0.27880453383607995,0
259956,260453,260205,1043.2194213867188,1045.2139129638672,1044.2186737060547,REST,0.2873715106264684,0.24638293919501544,0.3412492548454383,0.2952057818068899,0.2666480666585297,0
260205,260702,260454,1044.2186737060547,1046.2131652832031,1045.2179260253906,REST,0.26957488788833023,0.23049828027935718,0.3300898848514993,0.23675134774366488,0.2809600386787995,0
260454,260951,260703,1045.2179260253906,1047.212417602539,1046.2171783447266,REST,0.6666743478718473,0.6344494628987309,0.7027210307013317,0.6339507776335201,0.6955761202538066,0
260703,261200,260952,1046.2171783447266,1048.211669921875,1047.2164306640625,REST,0.9154814056530811,0.6561639354778508,1.6570953905706847,0.6527221229697999,0.6959441735939892,1
260952,261449,261201,1047.2164306640625,1049.210922241211,1048.2156829833984,REST,0.6046620647435288,0.2974690104146978,1.559560767693713,0.27862002735588215,0.28299845350982217,0
261201,261698,261450,1048.2156829833984,1050.2101745605469,1049.2149353027344,REST,0.3426351887295923,0.3368836707675546,0.48280129546797257,0.2643727374119932,0.28648305127084883,0
261450,261947,261699,1049.2149353027344,1051.2094268798828,1050.2141876220703,REST,0.4192377189656272,0.3744817552996442,0.4230596096583141,0.37630998496808266,0.5030995259364678,0
261699,262196,261948,1050.2141876220703,1052.2086791992188,1051.2134399414062,REST,0.49273897371073194,0.43754543983641975,0.48170263238641764,0.46280946293571024,0.5888983596843802,0
261948,262445,262197,1051.2134399414062,1053.2079315185547,1052.2126922607422,REST,0.4299915926787975,0.4102230653736245,0.4566711301606644,0.39456180434102156,0.45851037083987944,0
262197,262694,262446,1052.2126922607422,1054.2071838378906,1053.2119445800781,REST,0.2943062539688238,0.2791233737730415,0.32192015638697413,0.2602049574135624,0.3159765283017173,0
262446,262943,262695,1053.2119445800781,1055.2064361572266,1054.211196899414,REST,0.2661793429151367,0.2657800134689202,0.30322045908962625,0.24752768052838123,0.24818921857361886,0
262695,263192,262944,1054.211196899414,1056.2056884765625,1055.21044921875,REST,0.25516375723544016,0.23360322992565485,0.27859416404325177,0.240620201849049,0.267837433123805,0
262944,263441,263193,1055.21044921875,1057.2049407958984,1056.209701538086,REST,0.27376220272294316,0.26451338529588325,0.29998681406441957,0.2565163114465637,0.2740323000849061,0
263193,263690,263442,1056.209701538086,1058.2041931152344,1057.2089538574219,REST,0.2619152141617421,0.26186477278575304,0.2705386034735233,0.26790075515294,0.2473567252347521,0
263442,263939,263691,1057.2089538574219,1059.2034454345703,1058.2082061767578,REST,0.24904984183941886,0.23171185453323195,0.23961270136597182,0.2624085261502326,0.2624662853082392,0
263691,264188,263940,1058.2082061767578,1060.2026977539062,1059.2074584960938,REST,0.37006136669171175,0.3524567938733714,0.4229111985954013,0.3475063357965315,0.3573711385015428,0
263940,264437,264189,1059.2074584960938,1061.2019500732422,1060.2067108154297,ACTIVE,0.3516592362795061,0.33203013728658665,0.39385492427103963,0.33488128532277656,0.3458705982376219,0
264189,264686,264438,1060.2067108154297,1062.2012023925781,1061.2059631347656,ACTIVE,0.2851154547937924,0.25166826811656295,0.3364024468899944,0.2540492706615568,0.2983418335070555,0
264438,264935,264687,1061.2059631347656,1063.200454711914,1062.2052154541016,ACTIVE,0.3509517868887519,0.3072111959763794,0.4891753396114576,0.27915318188136934,0.3282674300858012,0
264687,265184,264936,1062.2052154541016,1064.19970703125,1063.2044677734375,ACTIVE,0.30180147230046306,0.26595246853727006,0.412378854288977,0.2506671445986947,0.2782074217769105,0
264936,265433,265185,1063.2044677734375,1065.198959350586,1064.2037200927734,ACTIVE,0.5283982222234593,0.3132381419840266,0.6531951804961834,0.6108462566707384,0.5363133097428888,0
265185,265682,265434,1064.2037200927734,1066.1982116699219,1065.2029724121094,ACTIVE,0.5809045772751872,0.3429312322909803,0.733603265864198,0.6607963133458647,0.5862874975997056,0
265434,265931,265683,1065.2029724121094,1067.1974639892578,1066.2022247314453,ACTIVE,0.3427245382332555,0.25153609455602094,0.4233315305431888,0.34762691116796585,0.34840361666584635,0
265683,266180,265932,1066.2022247314453,1068.1967163085938,1067.2014770507812,ACTIVE,0.2819862971479315,0.2454527006194121,0.3043851774767723,0.2878628019466839,0.29024450854885775,0
265932,266429,266181,1067.2014770507812,1069.1959686279297,1068.2007293701172,ACTIVE,0.33901043085307736,0.25404294589232945,0.5030515484723663,0.28126092948091463,0.3176862995666992,0
266181,266678,266430,1068.2007293701172,1070.1952209472656,1069.1999816894531,ACTIVE,0.33225167004552525,0.27812164368489783,0.49908045884107316,0.260068720687782,0.29173585696834786,0
266430,266927,266679,1069.1999816894531,1071.1944732666016,1070.199234008789,REST,0.28095558487743316,0.2993064189941698,0.3001140616785562,0.2865609253625875,0.23784093347441915,0
266679,267176,266928,1070.199234008789,1072.1937255859375,1071.198486328125,REST,0.28751383804007113,0.2603973506170278,0.28624176280455543,0.2910875034428004,0.312328735295901,0
266928,267425,267177,1071.198486328125,1073.1929779052734,1072.197738647461,REST,0.259199701290623,0.20935911563626625,0.24797953580992474,0.26067792466291795,0.3187822290533828,0
267177,267674,267426,1072.197738647461,1074.1922302246094,1073.1969909667969,REST,0.2882310120912875,0.21281772823024897,0.2882117017198121,0.29318638598223734,0.3587082324328515,0
267426,267923,267675,1073.1969909667969,1075.1914825439453,1074.1962432861328,REST,0.2785020801847678,0.20859981018125234,0.28077496015868764,0.27856556539336524,0.34606798500576597,0
267675,268172,267924,1074.1962432861328,1076.1907348632812,1075.1954956054688,REST,0.2416719648394779,0.2500297156107534,0.24864203607705693,0.23373792472384466,0.23427818294625663,0
267924,268421,268173,1075.1954956054688,1077.1899871826172,1076.1947479248047,REST,0.2672349965158839,0.2905594852116736,0.28490576706218196,0.25186253532504566,0.24161219846463433,0
268173,268670,268422,1076.1947479248047,1078.1892395019531,1077.1940002441406,ACTIVE,0.29403858180330666,0.25053240035900165,0.29568634333071814,0.3366749771598071,0.29326060636369966,0
268422,268919,268671,1077.1940002441406,1079.188491821289,1078.1932525634766,ACTIVE,0.32120271719936433,0.21411209671648523,0.37219411209930586,0.41044339053518675,0.2880612694464795,0
268671,269168,268920,1078.1932525634766,1080.187744140625,1079.1925048828125,ACTIVE,0.2821022665630638,0.21819239469246807,0.3424516826571295,0.35963239615001835,0.20813259275263946,0
268920,269417,269169,1079.1925048828125,1081.186996459961,1080.1917572021484,ACTIVE,0.23648602917066164,0.22547920669342644,0.2524240051695732,0.2677121436994019,0.20032876112024495,0
269169,269666,269418,1080.1917572021484,1082.1862487792969,1081.1910095214844,ACTIVE,0.308457784947767,0.24791606768330193,0.36244426367976484,0.3238196681259422,0.2996511403020591,0
269418,269915,269667,1081.1910095214844,1083.1855010986328,1082.1902618408203,ACTIVE,0.29385339228411905,0.22834851867811487,0.34471997829969203,0.3042753891329804,0.29806968302568876,0
269667,270164,269916,1082.1902618408203,1084.1847534179688,1083.1895141601562,ACTIVE,0.265107815571589,0.20803160304749976,0.3680491507491002,0.2414067324091111,0.24294377608064494,0
269916,270413,270165,1083.1895141601562,1085.1840057373047,1084.1887664794922,ACTIVE,0.27775628375278416,0.20852013438312103,0.37689795490821204,0.2719393278757213,0.2536677178440822,0
270165,270662,270414,1084.1887664794922,1086.1832580566406,1085.1880187988281,ACTIVE,0.2229527415447164,0.1897352468282571,0.25434151232177643,0.23008763107484484,0.2176465759539872,0
270414,270911,270663,1085.1880187988281,1087.1825103759766,1086.187271118164,REST,0.24460446150815252,0.27153573518840507,0.3119388772137968,0.1936891247846278,0.20125410884578038,0
270663,271160,270912,1086.187271118164,1088.1817626953125,1087.1865234375,REST,0.26215848223574323,0.2750081821632358,0.30888921834232863,0.22249298571093226,0.24224354272647636,0
270912,271409,271161,1087.1865234375,1089.1810150146484,1088.185775756836,REST,0.2457640011982246,0.21566136441275363,0.2540184425274537,0.24778221197595088,0.26559398587674016,0
271161,271658,271410,1088.185775756836,1090.1802673339844,1089.1850280761719,REST,0.24088809875537984,0.20683439477483007,0.2604561419441099,0.24291363818048547,0.2533482201220939,0
271410,271907,271659,1089.1850280761719,1091.1795196533203,1090.1842803955078,REST,0.2821747112690622,0.19858060685073176,0.2774225516759382,0.3205169828507426,0.3321787036988362,0
271659,272156,271908,1090.1842803955078,1092.1787719726562,1091.1835327148438,REST,0.31777084923816257,0.20762091838550015,0.24637204772324497,0.4130385211744288,0.40405190966947646,0
271908,272405,272157,1091.1835327148438,1093.1780242919922,1092.1827850341797,REST,0.29238256391300316,0.23593432406805354,0.25424392118043737,0.34555464167283373,0.333797368730688,0
272157,272654,272406,1092.1827850341797,1094.1772766113281,1093.1820373535156,REST,0.24370274865618455,0.22108953502208112,0.2690091697480144,0.22573269952921665,0.25897959032542606,0
272406,272903,272655,1093.1820373535156,1095.176528930664,1094.1812896728516,REST,0.29380670750166377,0.2961789229635558,0.3087135299556894,0.2671296927566662,0.30320468433074366,0
272655,273152,272904,1094.1812896728516,1096.17578125,1095.1805419921875,REST,0.7017808026188485,0.6922261030344996,0.7002573329613776,0.6750993294914571,0.7395404449880595,0
272904,273401,273153,1095.1805419921875,1097.175033569336,1096.1797943115234,REST,1.0911635185637618,1.080399630298742,1.0159741751044475,1.1171892345927696,1.1510910342590883,1
273153,273650,273402,1096.1797943115234,1098.1742858886719,1097.1790466308594,REST,1.6584788068930738,1.436636937090766,2.4398083455623456,1.3614658779609219,1.396004066958262,1
273402,273899,273651,1097.1790466308594,1099.1735382080078,1098.1782989501953,REST,2.0724022346155806,1.895074386352347,2.807028441142049,1.7419863413518066,1.8455197696161196,1
273651,274148,273900,1098.1782989501953,1100.1727905273438,1099.1775512695312,REST,1.52360222656454,1.5307450052624298,1.60842420307219,1.431259335630845,1.5239803622926948,1
273900,274397,274149,1099.1775512695312,1101.1720428466797,1100.1768035888672,ACTIVE,0.3742590643936106,0.32362396965177576,0.4544456648250095,0.33142236506432876,0.3875442580333284,0
274149,274646,274398,1100.1768035888672,1102.1712951660156,1101.1760559082031,ACTIVE,0.3564189615028038,0.2714212497355961,0.4453285856240324,0.32724539863375657,0.3816806120178302,0
274398,274895,274647,1101.1760559082031,1103.1705474853516,1102.175308227539,ACTIVE,0.36948319085031256,0.2224144320668907,0.8181668266062952,0.2129212704967643,0.22443023423130015,0
274647,275144,274896,1102.175308227539,1104.1697998046875,1103.174560546875,ACTIVE,0.7400312385567636,0.26393973770677837,2.268097514830894,0.2218579792053031,0.20622972248407875,0
274896,275393,275145,1103.174560546875,1105.1690521240234,1104.173812866211,ACTIVE,0.7182178319360389,0.2847296001099358,2.145365506607545,0.2450460929334826,0.197730128093192,0
275145,275642,275394,1104.173812866211,1106.1683044433594,1105.1730651855469,ACTIVE,0.30590025036226853,0.2521220600679059,0.4925018189462183,0.2533591463597346,0.22561797607521528,0
275394,275891,275643,1105.1730651855469,1107.1675567626953,1106.1723175048828,ACTIVE,0.7416543381041137,0.49454597236408016,1.91821617921148,0.30044912823075254,0.25340607261014253,1
275643,276140,275892,1106.1723175048828,1108.1668090820312,1107.1715698242188,ACTIVE,0.7282955239354246,0.494538962010995,1.895563023954726,0.2873630451455648,0.23571706463041256,0
275892,276389,276141,1107.1715698242188,1109.1660614013672,1108.1708221435547,REST,0.3191818533486397,0.3027201572445605,0.4056447359078777,0.26801062327946856,0.3003518969626521,0
276141,276638,276390,1108.1708221435547,1110.1653137207031,1109.1700744628906,REST,0.29415201019175236,0.28839505217763406,0.3584395282066007,0.24757884310667225,0.28219461727610234,0
276390,276887,276639,1109.1700744628906,1111.164566040039,1110.1693267822266,REST,0.2248798695564243,0.20675047113701284,0.2630053021228694,0.21516367574366158,0.2146000292221535,0
276639,277136,276888,1110.1693267822266,1112.163818359375,1111.1685791015625,REST,0.24567470647347595,0.1966497233602408,0.24791221473459712,0.25127327094793356,0.2868636168511323,0
276888,277385,277137,1111.1685791015625,1113.163070678711,1112.1678314208984,REST,0.27601365099681063,0.20131439363124587,0.2740542029504274,0.28996601432850744,0.3387199930770618,0
277137,277634,277386,1112.1678314208984,1114.1623229980469,1113.1670837402344,ACTIVE,0.3296854357248072,0.23188304140530525,0.3761810393308314,0.3628542300110121,0.3478234321520801,0
277386,277883,277635,1113.1670837402344,1115.1615753173828,1114.1663360595703,ACTIVE,0.32007066064038525,0.23637253484185555,0.38150321114206226,0.3567131612455555,0.30569373533206756,0
277635,278132,277884,1114.1663360595703,1116.1608276367188,1115.1655883789062,ACTIVE,0.3317815968429022,0.2465631749152814,0.5081004686602435,0.3010120210160059,0.27145072278007804,0
277884,278381,278133,1115.1655883789062,1117.1600799560547,1116.1648406982422,ACTIVE,0.3340490667587446,0.2238208547446503,0.5168578154766319,0.3386593081539027,0.2568582886597934,0
278133,278630,278382,1116.1648406982422,1118.1593322753906,1117.1640930175781,ACTIVE,0.2540783764975636,0.1851799133011378,0.3186385258646512,0.2947161998957216,0.2177788669287439,0
278382,278879,278631,1117.1640930175781,1119.1585845947266,1118.163345336914,ACTIVE,0.2815476118442142,0.4238223915645672,0.2571688549537527,0.23012848152831367,0.2150707193302232,0
278631,279128,278880,1118.163345336914,1120.1578369140625,1119.16259765625,ACTIVE,0.37596840717836183,0.7482278920291853,0.24471235427365515,0.2653326373432425,0.2456007450673645,0
278880,279377,279129,1119.16259765625,1121.1570892333984,1120.161849975586,ACTIVE,0.35343431916101,0.6453978951737879,0.26269253294516737,0.2509435206891349,0.25470332783594996,0
279129,279626,279378,1120.161849975586,1122.1563415527344,1121.1611022949219,REST,0.2964610358165477,0.2738554421962678,0.2668131476818372,0.30961739606872496,0.335558157319361,0
279378,279875,279627,1121.1611022949219,1123.1555938720703,1122.1603546142578,REST,0.29147490060372233,0.27772016622028745,0.23887715012964578,0.3119866945128439,0.33731559155211216,0
279627,280124,279876,1122.1603546142578,1124.1548461914062,1123.1596069335938,REST,0.26696908915918305,0.2535114018278404,0.28226205551186045,0.23558903077191284,0.2965138685251186,0
279876,280373,280125,1123.1596069335938,1125.1540985107422,1124.1588592529297,REST,0.3334487963052201,0.31568437746188444,0.35786814054735333,0.27630070645418336,0.3839419607574594,0
280125,280622,280374,1124.1588592529297,1126.1533508300781,1125.1581115722656,REST,0.5662716968933723,0.489908528927056,0.6291333848021208,0.5735003722447524,0.57254450159956,0
280374,280871,280623,1125.1581115722656,1127.152603149414,1126.1573638916016,REST,0.5872728561416141,0.4898296769200373,0.6588929872434865,0.614939960493218,0.5854287999097144,0
280623,281120,280872,1126.1573638916016,1128.15185546875,1127.1566162109375,REST,0.34603872700962,0.30525039591020203,0.3714726829692109,0.34877018589503883,0.3586616432640285,0
280872,281369,281121,1127.1566162109375,1129.151107788086,1128.1558685302734,REST,0.2646204910691373,0.2661055838858835,0.24614172954302113,0.28441032172725156,0.2618243291203931,0
281121,281618,281370,1128.1558685302734,1130.1503601074219,1129.1551208496094,ACTIVE,0.32260675736343736,0.29507551349909794,0.3133680946883082,0.31466766729858214,0.36731575396776106,0
281370,281867,281619,1129.1551208496094,1131.1496124267578,1130.1543731689453,ACTIVE,0.31997424638951527,0.29181182113774135,0.3546390871837907,0.28428411747616794,0.34916195976036096,0
281619,282116,281868,1130.1543731689453,1132.1488647460938,1131.1536254882812,ACTIVE,0.2985369896842385,0.2449746466358139,0.36665476123343366,0.2878454625340238,0.29467308833368255,0
281868,282365,282117,1131.1536254882812,1133.1481170654297,1132.1528778076172,ACTIVE,0.293698684064839,0.22711724863605656,0.39017933804302213,0.27212030744702526,0.28537784213325196,0
282117,282614,282366,1132.1528778076172,1134.1473693847656,1133.1521301269531,ACTIVE,0.2779490791452329,0.23108857831991972,0.37446536934977365,0.256600964198921,0.24964140471231727,0
282366,282863,282615,1133.1521301269531,1135.1466217041016,1134.151382446289,ACTIVE,0.29178768502749863,0.25133737397320893,0.37498678383437656,0.2800377256055746,0.2607888566968344,0
282615,283112,282864,1134.151382446289,1136.1458740234375,1135.150634765625,ACTIVE,0.2676296509831225,0.2470996015908544,0.32756676137263646,0.25412485827662384,0.2417273826923753,0
282864,283361,283113,1135.150634765625,1137.1451263427734,1136.149887084961,ACTIVE,0.3988320718528005,0.23751949784278092,0.9427217156782541,0.21516442474454692,0.1999226491456199,0
283113,283610,283362,1136.149887084961,1138.1443786621094,1137.1491394042969,ACTIVE,0.409291603695799,0.22231219800712526,0.9678500106557064,0.25168026026287627,0.19532394585748797,0
283362,283859,283611,1137.1491394042969,1139.1436309814453,1138.1483917236328,REST,0.2652295187965571,0.22380814329011853,0.34214688566106244,0.2560088172893998,0.23895422894564758,0
283611,284108,283860,1138.1483917236328,1140.1428833007812,1139.1476440429688,REST,0.2726316211216375,0.25793087028435013,0.309106549991327,0.2526032394919134,0.2708858247189597,0
283860,284357,284109,1139.1476440429688,1141.1421356201172,1140.1468963623047,REST,0.27287661699279214,0.23024820722080921,0.3216302456080908,0.257039663836745,0.2825883513055236,0
284109,284606,284358,1140.1468963623047,1142.1413879394531,1141.1461486816406,REST,0.2589896505594307,0.2286608177102683,0.2745767917269707,0.24985943340757485,0.2828615593929087,0
284358,284855,284607,1141.1461486816406,1143.140640258789,1142.1454010009766,REST,0.23952009459716123,0.22920869037795502,0.23412164314997438,0.23418272249665983,0.2605673223640557,0
284607,285104,284856,1142.1454010009766,1144.139892578125,1143.1446533203125,REST,0.22107620708333947,0.18347096527450196,0.22461513340408262,0.2448686047180552,0.2313501249367182,0
284856,285353,285105,1143.1446533203125,1145.139144897461,1144.1439056396484,REST,0.2641492352974974,0.2391219022259213,0.28429916194400784,0.2944759787878089,0.2386998982322514,0
285105,285602,285354,1144.1439056396484,1146.1383972167969,1145.1431579589844,ACTIVE,0.29609023735929235,0.2610856483375304,0.29895708390081177,0.3798998483512081,0.24441836884761917,0
285354,285851,285603,1145.1431579589844,1147.1376495361328,1146.1424102783203,ACTIVE,0.38948841100559606,0.5614767738391447,0.3270329679971419,0.41060924596831927,0.25883465621777824,0
285603,286100,285852,1146.1424102783203,1148.1369018554688,1147.1416625976562,ACTIVE,0.5328985240207046,1.0127643609535455,0.47937614481553026,0.36179265023755075,0.2776609400761918,0
285852,286349,286101,1147.1416625976562,1149.1361541748047,1148.1409149169922,ACTIVE,0.4960392323348906,0.8815082780870794,0.5054102442269904,0.32263277783975536,0.2746056291857372,0
286101,286598,286350,1148.1409149169922,1150.1354064941406,1149.1401672363281,ACTIVE,0.31899040863685985,0.31848405041453703,0.4060201091077972,0.283672556392214,0.2677849186328911,0
286350,286847,286599,1149.1401672363281,1151.1346588134766,1150.139419555664,ACTIVE,0.30206387591834366,0.34349730947255397,0.32354966876543373,0.29451923361952753,0.24668929181585936,0
286599,287096,286848,1150.139419555664,1152.1339111328125,1151.138671875,ACTIVE,0.2962609153080472,0.30018914156625753,0.29449722279856333,0.3102587032977582,0.2800985935696099,0
286848,287345,287097,1151.138671875,1153.1331634521484,1152.137924194336,ACTIVE,0.38221638806121494,0.5297616857117515,0.41092610835484444,0.3068935407276622,0.2812842174506017,0
287097,287594,287346,1152.137924194336,1154.1324157714844,1153.1371765136719,ACTIVE,0.3830115443275573,0.5442065097436491,0.3889314016121259,0.3066356786272424,0.2922725873272116,0
287346,287843,287595,1153.1371765136719,1155.1316680908203,1154.1364288330078,REST,0.2724279526581225,0.2976631231590331,0.2304814154523016,0.2594576237222963,0.30210964829885895,0
287595,288092,287844,1154.1364288330078,1156.1309204101562,1155.1356811523438,REST,0.23040699460260217,0.25791476964827414,0.21077498109103707,0.21137875784223514,0.24155946982886228,0
287844,288341,288093,1155.1356811523438,1157.1301727294922,1156.1349334716797,REST,0.2584123543396168,0.26414510660212087,0.28297556247038863,0.23231431387545518,0.25421443441050245,0
288093,288590,288342,1156.1349334716797,1158.1294250488281,1157.1341857910156,REST,0.2716784507862417,0.2608052026865339,0.28394610437895795,0.2953755394996787,0.24658695657979626,0
288342,288839,288591,1157.1341857910156,1159.128677368164,1158.1334381103516,REST,0.3025205597529246,0.3106263259106398,0.24275440915613378,0.3224556316702794,0.33424587227464525,0
288591,289088,288840,1158.1334381103516,1160.1279296875,1159.1326904296875,REST,0.37127584636070765,0.37062529819421663,0.3861294458052892,0.31393689623383697,0.4144117452094877,0
288840,289337,289089,1159.1326904296875,1161.127182006836,1160.1319427490234,REST,0.3646293028690066,0.32186088992956297,0.38041897675081354,0.3140635886482189,0.442173756147431,0
289089,289586,289338,1160.1319427490234,1162.1264343261719,1161.1311950683594,ACTIVE,0.4036676293042525,0.3846431279477857,0.35002733529275215,0.3513405438623038,0.5286595101141681,0
289338,289835,289587,1161.1311950683594,1163.1256866455078,1162.1304473876953,ACTIVE,0.4110301550602421,0.4168407847752391,0.4616961742922668,0.3197074827434599,0.44587617843000277,0
289587,290084,289836,1162.1304473876953,1164.1249389648438,1163.1296997070312,ACTIVE,0.30867107230821256,0.31516194615963644,0.4109327197472603,0.2603458418699382,0.24824378145601522,0
289836,290333,290085,1163.1296997070312,1165.1241912841797,1164.1289520263672,ACTIVE,0.27494781455907785,0.2769403232013725,0.3175501503399316,0.2652069393028921,0.24009384539211523,0
290085,290582,290334,1164.1289520263672,1166.1234436035156,1165.1282043457031,ACTIVE,0.28886001642352144,0.27132174328498015,0.3698660410514897,0.27401288862455847,0.24023939273305756,0
290334,290831,290583,1165.1282043457031,1167.1226959228516,1166.127456665039,ACTIVE,0.3097806017893901,0.2742025270063997,0.40323026643396304,0.30076524421292183,0.2609243695042757,0
290583,291080,290832,1166.127456665039,1168.1219482421875,1167.126708984375,ACTIVE,0.3111856539017227,0.2945386436561637,0.3535947786220969,0.3093654704835821,0.287243722845048,0
290832,291329,291081,1167.126708984375,1169.1212005615234,1168.125961303711,ACTIVE,0.2749806739942443,0.24623639868463643,0.294891433683243,0.2738174314956144,0.28497743211348353,0
291081,291578,291330,1168.125961303711,1170.1204528808594,1169.1252136230469,ACTIVE,0.2742979318008142,0.20096055855895764,0.2820581794008036,0.3099113802996304,0.3042616089438651,0
291330,291827,291579,1169.1252136230469,1171.1197052001953,1170.1244659423828,REST,0.2686897373848434,0.22255890372401202,0.2637249792917903,0.3016934147106145,0.2867816518129569,0
291579,292076,291828,1170.1244659423828,1172.1189575195312,1171.1237182617188,REST,0.22288626785114535,0.24115094281014715,0.2269596600549147,0.20599416446067828,0.21744030407884132,0
291828,292325,292077,1171.1237182617188,1173.1182098388672,1172.1229705810547,REST,0.2707651238679131,0.2543034876358595,0.2317225089962949,0.2221878774473432,0.3748466213921549,0
292077,292574,292326,1172.1229705810547,1174.1174621582031,1173.1222229003906,REST,0.2969588352315715,0.27740390754062494,0.28057037696255577,0.22733006477339482,0.4025309916497104,0
292326,292823,292575,1173.1222229003906,1175.116714477539,1174.1214752197266,REST,0.2637622485450306,0.2849822220418851,0.2848768410346207,0.22287506103895752,0.2623148700646592,0
292575,293072,292824,1174.1214752197266,1176.115966796875,1175.1207275390625,REST,0.2372932551812018,0.25406397634816813,0.24925127212146048,0.23017774314970224,0.21568002910547635,0
292824,293321,293073,1175.1207275390625,1177.115219116211,1176.1199798583984,ACTIVE,0.28920272919893336,0.2788248133616633,0.27298348396261085,0.3564450865990771,0.24855753287238216,0
293073,293570,293322,1176.1199798583984,1178.1144714355469,1177.1192321777344,ACTIVE,0.3519780335110508,0.32687098843301715,0.3192416774339912,0.43384177753361625,0.32795769064357866,0
293322,293819,293571,1177.1192321777344,1179.1137237548828,1178.1184844970703,ACTIVE,0.34282633460691814,0.291649449106525,0.30169139234803816,0.41223560540848586,0.3657288915646235,0
293571,294068,293820,1178.1184844970703,1180.1129760742188,1179.1177368164062,ACTIVE,0.3082742367376451,0.2227067762052221,0.31249731336797654,0.3345173686452415,0.3633754887321402,0
293820,294317,294069,1179.1177368164062,1181.1122283935547,1180.1169891357422,ACTIVE,0.31734745021232125,0.23567008521188118,0.32429978407145815,0.32646254207140996,0.38295738949453567,0
294069,294566,294318,1180.1169891357422,1182.1114807128906,1181.1162414550781,ACTIVE,0.29204086076875047,0.23982007523327342,0.28673374415522845,0.31835729864551915,0.3232523250409808,0
294318,294815,294567,1181.1162414550781,1183.1107330322266,1182.115493774414,ACTIVE,0.23483592642417556,0.19706692476616097,0.28849406157243407,0.2346629069204322,0.21911981243767495,0
294567,295064,294816,1182.115493774414,1184.1099853515625,1183.11474609375,ACTIVE,0.26821384902834283,0.2510037115534297,0.3098600386368716,0.2564997600146602,0.2554918859084098,0
294816,295313,295065,1183.11474609375,1185.1092376708984,1184.113998413086,REST,0.2746571090402406,0.2761846147242817,0.27754987979261375,0.2641725701767702,0.2807213714672968,0
295065,295562,295314,1184.113998413086,1186.1084899902344,1185.1132507324219,REST,0.2673103532646105,0.2545363187160934,0.25016335569243026,0.27865771316986204,0.2858840254800564,0
295314,295811,295563,1185.1132507324219,1187.1077423095703,1186.1125030517578,REST,0.31579121051135295,0.305572689810406,0.31847772465574276,0.32194484675102397,0.31716958082823915,0
295563,296060,295812,1186.1125030517578,1188.1069946289062,1187.1117553710938,REST,0.33281947645957577,0.34319770336585215,0.347570776238841,0.3196280580893113,0.3208813681442986,0
295812,296309,296061,1187.1117553710938,1189.1062469482422,1188.1110076904297,REST,0.3048568320201453,0.3323413625994597,0.32307615914055277,0.29731185792340215,0.2666979484171665,0
296061,296558,296310,1188.1110076904297,1190.1054992675781,1189.1102600097656,REST,2.025046144477767,6.591984858947612,0.7135136277370601,0.37354968974782043,0.4211364014785772,1
296310,296807,296559,1189.1102600097656,1191.104751586914,1190.1095123291016,REST,34.99687992287802,74.44905425436063,24.850761449126974,18.16440480086418,22.5232991871603,1
296559,297056,296808,1190.1095123291016,1192.10400390625,1191.1087646484375,REST,34.94116739834177,74.23357853979083,24.845645863137662,18.162972513419625,22.522472677018946,1
296808,297305,297057,1191.1087646484375,1193.103256225586,1192.1080169677734,REST,1.163614576737135,3.560983305144887,0.47488686426721777,0.24305118297083425,0.37553695456560093,1
297057,297554,297306,1192.1080169677734,1194.1025085449219,1193.1072692871094,REST,0.6176515372824841,1.6388175326212902,0.239487033352146,0.28112400083151456,0.31117758232498566,0
297306,297803,297555,1193.1072692871094,1195.1017608642578,1194.1065216064453,REST,0.6715451109515865,1.783847654952478,0.2933458946521349,0.3019833157453905,0.3070035784563429,0
297555,298052,297804,1194.1065216064453,1196.1010131835938,1195.1057739257812,REST,0.6013942143999448,1.6951868829302967,0.2627127200644639,0.22678618619128205,0.22089106841373624,0
297804,298301,298053,1195.1057739257812,1197.1002655029297,1196.1050262451172,REST,0.5529831180660493,1.4562700361165235,0.2937359181509735,0.21776967274255196,0.24415684525414819,0
298053,298550,298302,1196.1050262451172,1198.0995178222656,1197.1042785644531,REST,0.5527231970932768,1.441584915422422,0.31928087411890743,0.21514210291446476,0.23488489591731287,0
298302,298799,298551,1197.1042785644531,1199.0987701416016,1198.103530883789,REST,0.7153126471266403,2.134649649378598,0.30430455325471767,0.22256180916551296,0.1997345767077326,0
298551,299048,298800,1198.103530883789,1200.0980224609375,1199.102783203125,REST,3.5369660465026964,12.095405719285619,1.0860363666574504,0.7047213079794084,0.26170079208830654,1
298800,299297,299049,1199.102783203125,1201.0972747802734,1200.102035522461,REST,3.882869486152465,13.151797224595393,1.128509992221586,0.9070271671545674,0.3441435606383135,1
299049,299546,299298,1200.102035522461,1202.0965270996094,1201.1012878417969,REST,1.9102008741542105,6.209121848459837,0.421186722929108,0.6892606200596867,0.32123430516820967,1
299298,299795,299547,1201.1012878417969,1203.0957794189453,1202.1005401611328,REST,1.2387677991653867,4.0431684236280425,0.22050548131864392,0.45699533622167365,0.23440195549318682,1
299547,300044,299796,1202.1005401611328,1204.0950317382812,1203.0997924804688,REST,1.0523568519554276,3.2987777545551986,0.2426387080860664,0.431355801988619,0.23665514319182632,1
299796,300293,300045,1203.0997924804688,1205.0942840576172,1204.0990447998047,REST,0.7711918737301501,2.134893914349604,0.2915058527242821,0.4098962273291397,0.24847150051757425,1
300045,300542,300294,1204.0990447998047,1206.0935363769531,1205.0982971191406,REST,0.7250233701429173,1.722528463958826,0.5018226260484038,0.40062070833694596,0.2751216822274934,0
300294,300791,300543,1205.0982971191406,1207.092788696289,1206.0975494384766,REST,0.6927229722609659,1.668344455031805,0.48716898802028724,0.3356560183253328,0.2797224276664383,0
300543,301040,300792,1206.0975494384766,1208.092041015625,1207.0968017578125,REST,0.6616490754606524,1.7345278105318684,0.3588237523151658,0.2677030095541696,0.2855417294414061,0
300792,301289,301041,1207.0968017578125,1209.091293334961,1208.0960540771484,REST,1.7721899934410605,3.7070603706120693,1.647950664102269,1.2164537112362963,0.517295227813608,1
301041,301538,301290,1208.0960540771484,1210.0905456542969,1209.0953063964844,REST,2.443195234358645,4.9058067594497565,2.579177884437058,1.6949096646401116,0.5928866289076545,1
301290,301787,301539,1209.0953063964844,1211.0897979736328,1210.0945587158203,REST,1.7897844985946063,3.520759713934361,2.0211956857479234,1.2125239334931945,0.40465866120294647,1
301539,302036,301788,1210.0945587158203,1212.0890502929688,1211.0938110351562,REST,0.488969489178638,1.1499302135522766,0.33901584813599195,0.22545183769383126,0.24148005733245195,0
301788,302285,302037,1211.0938110351562,1213.0883026123047,1212.0930633544922,REST,0.4694018288260443,1.120349718840046,0.28617237576101734,0.22528124634808028,0.24580397435503373,0
302037,302534,302286,1212.0930633544922,1214.0875549316406,1213.0923156738281,REST,0.4773308875597134,0.9694664780307486,0.3518551395262845,0.3077728610190897,0.28022907166273103,0
302286,302783,302535,1213.0923156738281,1215.0868072509766,1214.091567993164,REST,0.5745419812131363,1.3045551685732395,0.36457984668289173,0.34357207931502026,0.28546083028139363,0
302535,303032,302784,1214.091567993164,1216.0860595703125,1215.0908203125,REST,0.7293063196701668,1.86744233963131,0.44728372027972035,0.3254299864215084,0.27706923234812864,0
302784,303281,303033,1215.0908203125,1217.0853118896484,1216.090072631836,REST,0.696256681457524,1.8032734497218097,0.43626960223934935,0.2919205830907665,0.25356309077817,0
303033,303530,303282,1216.090072631836,1218.0845642089844,1217.0893249511719,REST,0.6132736917924274,1.7389257678691123,0.2483533633881153,0.24091557123193755,0.22490006468054421,0
303282,303779,303531,1217.0893249511719,1219.0838165283203,1218.0885772705078,REST,1.594097834999682,4.209813057806192,1.4651168620509158,0.3203847970429465,0.38107662309867296,1
303531,304028,303780,1218.0885772705078,1220.0830688476562,1219.0878295898438,REST,2.048334753069242,4.909570574888644,1.819589395756799,1.023475926432363,0.440703115199164,1
303780,304277,304029,1219.0878295898438,1221.0823211669922,1220.0870819091797,REST,1.7417478527610006,3.4014847741386385,1.8491051033135915,1.2035160061378198,0.5128855274539531,1
304029,304526,304278,1220.0870819091797,1222.0815734863281,1221.0863342285156,REST,1.1671654303371526,1.8248352250707887,1.6075079434786648,0.7301383660394276,0.5061801867597293,1
304278,304775,304527,1221.0863342285156,1223.080825805664,1222.0855865478516,REST,0.8978379792991917,2.1104833381573482,0.768511077872232,0.3747947772425191,0.33756272392466796,1
304527,305024,304776,1222.0855865478516,1224.080078125,1223.0848388671875,REST,5.886498897230392,19.605435256720007,2.6296863419180863,0.8884441080556513,0.42242988222782046,1
304776,305273,305025,1223.0848388671875,1225.079330444336,1224.0840911865234,REST,5.906722125327534,19.713700705053874,2.6209131094244307,0.873814303508941,0.41846038332288976,1
305025,305522,305274,1224.0840911865234,1226.0785827636719,1225.0833435058594,REST,1.0715150632928858,3.0776898581415044,0.521477909880395,0.32517232313472905,0.3617201620149153,1
305274,305771,305523,1225.0833435058594,1227.0778350830078,1226.0825958251953,REST,0.546024427417023,1.124135153572004,0.37503268194579353,0.2737912967593793,0.41113857739091464,0
305523,306020,305772,1226.0825958251953,1228.0770874023438,1227.0818481445312,REST,0.5602050979731984,1.2531103758021285,0.3346648095269237,0.2516601401965895,0.401385066367152,0
305772,306269,306021,1227.0818481445312,1229.0763397216797,1228.0811004638672,REST,0.6634394443981938,1.2503641805797228,0.32701764432943276,0.6868251565211936,0.3895507961624262,0
306021,306518,306270,1228.0811004638672,1230.0755920410156,1229.0803527832031,REST,1.8853239446097403,3.1332047168330486,0.6342709993353434,3.154677972208243,0.6191420900623253,1
306270,306767,306519,1229.0803527832031,1231.0748443603516,1230.079605102539,REST,1.8669174578966616,3.117348350492711,0.6420177869892181,3.1189095069720247,0.5893941871326931,1
306519,307016,306768,1230.079605102539,1232.0740966796875,1231.078857421875,REST,0.6051600060584438,0.9977248860797054,0.27384186861301474,0.9024778695489165,0.24659539999213803,0
306768,307265,307017,1231.078857421875,1233.0733489990234,1232.078109741211,REST,1.964173947707851,6.3655021415377275,0.41399612181417444,0.8228615568013952,0.2543359706781068,1
307017,307514,307266,1232.078109741211,1234.0726013183594,1233.0773620605469,REST,2.1446884376624236,7.095410113180371,0.4865342238588411,0.6562030325155689,0.3406063810949132,1
307266,307763,307515,1233.0773620605469,1235.0718536376953,1234.0766143798828,REST,1.2564537191577174,3.438745995764841,0.4051313177267641,0.8522779489472072,0.3296596141920578,1
307515,308012,307764,1234.0766143798828,1236.0711059570312,1235.0758666992188,REST,1.8110168401861306,1.7478232487148637,0.44148763442643074,4.765738240140299,0.2890182374629291,1
307764,308261,308013,1235.0758666992188,1237.0703582763672,1236.0751190185547,REST,3.6373549184551184,6.392855645403143,0.5224666191540523,7.22315759477457,0.41093981448870825,1
308013,308510,308262,1236.0751190185547,1238.0696105957031,1237.0743713378906,REST,3.3702888096809613,6.868281010838993,0.7265992193289014,5.476689531877486,0.4095854766784643,1
308262,308759,308511,1237.0743713378906,1239.068862915039,1238.0736236572266,REST,1.776340122124207,3.685205313954238,1.2216137050566682,1.5099085039825906,0.6886329655033311,1
308511,309008,308760,1238.0736236572266,1240.068115234375,1239.0728759765625,REST,1.665133975554295,2.7736317247736015,1.3894197747401404,1.5949179334889891,0.9025664692144498,1
308760,309257,309009,1239.0728759765625,1241.067367553711,1240.0721282958984,REST,1.3814511950385844,2.363087328666312,0.9969354260188225,1.464898149681232,0.7008838757879701,1
309009,309506,309258,1240.0721282958984,1242.0666198730469,1241.0713806152344,REST,1.2225824791752942,1.9773020617063477,1.1166905405426706,1.340172823071365,0.4561644913807936,1
309258,309755,309507,1241.0713806152344,1243.0658721923828,1242.0706329345703,REST,0.8523848593713427,1.250360139805244,1.152128822584101,0.5529672801421247,0.45408319495390065,1
309507,310004,309756,1242.0706329345703,1244.0651245117188,1243.0698852539062,REST,0.8787726350303918,1.4095139608654268,0.9266633524099276,0.6766323498385288,0.5022808770076842,1
309756,310253,310005,1243.0698852539062,1245.0643768310547,1244.0691375732422,REST,0.8880467300637835,1.129383209862304,1.22671837084861,0.6143573732193682,0.5817279663248519,1
310005,310502,310254,1244.0691375732422,1246.0636291503906,1245.0683898925781,REST,0.8713619837276521,1.0179600961087791,1.1441772232767018,0.7374895573893621,0.5858210581357649,1
310254,310751,310503,1245.0683898925781,1247.0628814697266,1246.067642211914,REST,0.831873043757225,1.204356691961914,0.8549913134724724,0.7613435387939991,0.5068006308005152,1
310503,311000,310752,1246.067642211914,1248.0621337890625,1247.06689453125,REST,0.775495475805865,1.0073102865331522,1.0539796202019847,0.5406604762148253,0.5000315202734976,1
310752,311249,311001,1247.06689453125,1249.0613861083984,1248.066146850586,REST,0.79455007926357,1.0681427881082224,1.0601918071824956,0.5278949617690754,0.5219707599944867,1
311001,311498,311250,1248.066146850586,1250.0606384277344,1249.0653991699219,REST,0.7547949743439337,1.119727004265511,0.9474114897943735,0.520479115628577,0.4315622876872736,1
311250,311747,311499,1249.0653991699219,1251.0598907470703,1250.0646514892578,REST,0.6066821711220572,0.7849196043684566,0.907521209894771,0.38704862197493395,0.3472392482500672,0
311499,311996,311748,1250.0646514892578,1252.0591430664062,1251.0639038085938,REST,1.0924040168898326,0.8855994854936394,0.8009067019895814,2.331505962871312,0.35160391720479767,1
311748,312245,311997,1251.0639038085938,1253.0583953857422,1252.0631561279297,REST,1.4431253263453938,2.227190227231628,0.7683943111833008,2.417947006513496,0.35896976045315,1
311997,312494,312246,1252.0631561279297,1254.0576477050781,1253.0624084472656,REST,0.9470664840952805,2.2305585953774996,0.5035724307723355,0.7409940749909563,0.31314083524033104,1
312246,312743,312495,1253.0624084472656,1255.056900024414,1254.0616607666016,REST,1.3415266465011928,1.9031058987049632,0.5182720279659955,2.6024345624856333,0.3422940968481788,1
312495,312992,312744,1254.0616607666016,1256.05615234375,1255.0609130859375,REST,2.681013918152657,4.694156616021414,0.8858827722867285,4.675908226142797,0.46810805815968887,1
312744,313241,312993,1255.0609130859375,1257.055404663086,1256.0601654052734,REST,4.212742676982991,4.9351166687639925,0.8279167245707475,10.48961554860022,0.5983217659970034,1
312993,313490,313242,1256.0601654052734,1258.0546569824219,1257.0594177246094,REST,3.333133414979235,2.5655621637073596,0.4966269044816901,9.767628881643978,0.5027157100839142,1
313242,313739,313491,1257.0594177246094,1259.0539093017578,1258.0586700439453,REST,1.7681821989358484,1.7063772211274466,0.6083006547107973,4.394066570030571,0.3639843498745781,1
313491,313988,313740,1258.0586700439453,1260.0531616210938,1259.0579223632812,REST,1.8647501529673596,1.4376729503954315,1.1394306203365228,4.419331552728206,0.4625654884092782,1
313740,314237,313989,1259.0579223632812,1261.0524139404297,1260.0571746826172,REST,2.8701845157346466,4.476682600792587,1.2015795562542282,5.387377063148665,0.4150988427431085,1
313989,314486,314238,1260.0571746826172,1262.0516662597656,1261.0564270019531,REST,2.9943326072237113,4.806149463458003,0.7251485035955202,6.162270056074107,0.28376240576721745,1
314238,314735,314487,1261.0564270019531,1263.0509185791016,1262.055679321289,REST,2.4114651249678194,2.285717511444998,1.2623366449363562,5.73210348989542,0.36570285359450355,1
314487,314984,314736,1262.055679321289,1264.0501708984375,1263.054931640625,REST,2.4466908303894237,1.4521481893967048,1.4132651497937643,6.467297305586456,0.4540526767807713,1
314736,315233,314985,1263.054931640625,1265.0494232177734,1264.054183959961,REST,1.8974004155731323,0.7004857891939199,1.1488478321893938,5.2596545879560805,0.4806134529531356,1
314985,315482,315234,1264.054183959961,1266.0486755371094,1265.0534362792969,REST,1.4753873144680234,1.0441779326904195,1.1453694853715246,3.1518820876317752,0.560119752178374,1
315234,315731,315483,1265.0534362792969,1267.0479278564453,1266.0526885986328,REST,1.6230835159287342,3.6972412627928968,0.8523767492586717,1.4354860849048767,0.507229966758492,1
315483,315980,315732,1266.0526885986328,1268.0471801757812,1267.0519409179688,REST,1.4620657539634885,3.708841839462101,0.539242635366455,1.2254708358629338,0.37470770516246316,1
315732,316229,315981,1267.0519409179688,1269.0464324951172,1268.0511932373047,REST,1.0061139472435818,1.6489737475589037,0.9067947234725161,0.917505634984854,0.5511816829580536,1
315981,316478,316230,1268.0511932373047,1270.0456848144531,1269.0504455566406,REST,2.031276316488291,4.146963798192019,1.1351967523000865,2.3135552196880695,0.5293894957729899,1
316230,316727,316479,1269.0504455566406,1271.044937133789,1270.0496978759766,REST,1.9041282001804465,4.132201606306804,0.7734844778811039,2.4058895087079626,0.30493720782591544,1
316479,316976,316728,1270.0496978759766,1272.044189453125,1271.0489501953125,REST,1.1322260104190989,1.747862692245829,0.8879319948405019,1.2002265408996289,0.6928828136904361,1
316728,317225,316977,1271.0489501953125,1273.043441772461,1272.0482025146484,REST,1.1287333838869502,1.6004725217894362,1.165128554784989,0.9652405460539144,0.7840919129194613,1
316977,317474,317226,1272.0482025146484,1274.0426940917969,1273.0474548339844,REST,0.9853944871436869,1.4182746663573893,1.116302438635901,0.7988043933453746,0.608196450236083,1
317226,317723,317475,1273.0474548339844,1275.0419464111328,1274.0467071533203,REST,0.846158168057483,1.1886053431641599,0.8609154209231303,0.8363917708378386,0.49872013730480363,1
317475,317972,317724,1274.0467071533203,1276.0411987304688,1275.0459594726562,REST,0.8755266506903936,1.1547622609751589,0.781857834699282,1.1647448459239338,0.40074166116319965,1
317724,318221,317973,1275.0459594726562,1277.0404510498047,1276.0452117919922,REST,0.8604250510958845,1.0128339268392563,0.9978005785244141,1.0029605369288805,0.42810516209098687,1
317973,318470,318222,1276.0452117919922,1278.0397033691406,1277.0444641113281,REST,0.7712162038527752,1.134173822527231,0.7722449932295375,0.7802498365923758,0.3981961630619562,1
318222,318719,318471,1277.0444641113281,1279.0389556884766,1278.043716430664,REST,1.0970222818022184,1.2588792504743813,0.9209469396158867,1.8351270476214592,0.3731358894971456,1
318471,318968,318720,1278.043716430664,1280.0382080078125,1279.04296875,REST,1.3369907748503944,1.4309329945250033,1.317586112483748,1.896789244412008,0.7026547479808186,1
318720,319217,318969,1279.04296875,1281.0374603271484,1280.042221069336,REST,1.15462110498425,1.529592370228278,1.1756989475890822,1.1284948986341032,0.7846982034855362,1
318969,319466,319218,1280.042221069336,1282.0367126464844,1281.0414733886719,REST,1.0288311700736772,1.300086341417946,0.8060956693737455,1.5280368200865175,0.48110584941649964,1
319218,319715,319467,1281.0414733886719,1283.0359649658203,1282.0407257080078,REST,2.4815635267754454,4.354235076510345,1.7371096608333114,2.727822857348124,1.1070865124100013,1
319467,319964,319716,1282.0407257080078,1284.0352172851562,1283.0399780273438,REST,2.488067436605318,4.660969907690286,1.7268838251514613,2.4453941670992223,1.119021846480303,1
319716,320213,319965,1283.0399780273438,1285.0344696044922,1284.0392303466797,REST,0.8522834888982365,1.955285878116838,0.5046886007208727,0.6411005257413216,0.3080589510139136,1
319965,320462,320214,1284.0392303466797,1286.0337219238281,1285.0384826660156,REST,0.302107643664832,0.4417931638094184,0.2528269494292195,0.2722241025422443,0.2415863588784459,0
320214,320711,320463,1285.0384826660156,1287.032974243164,1286.0377349853516,REST,0.3353636303248644,0.4512586783285198,0.2901115500695284,0.32596228497309065,0.2741220079283187,0
320463,320960,320712,1286.0377349853516,1288.0322265625,1287.0369873046875,REST,0.5515850480574521,0.947864802703559,0.35827642071382965,0.5582914553753751,0.34190751343704495,0
320712,321209,320961,1287.0369873046875,1289.031478881836,1288.0362396240234,REST,0.7949646667682098,0.9671548209252699,0.9557963994279803,0.8272105245093311,0.429696922210258,1
320961,321458,321210,1288.0362396240234,1290.0307312011719,1289.0354919433594,REST,0.7191380000487559,0.7226742065522136,1.009006605629477,0.743338634087052,0.40153255392628107,0
321210,321707,321459,1289.0354919433594,1291.0299835205078,1290.0347442626953,REST,0.666991495364346,1.0275008675109598,0.5928545745067578,0.5746539533983157,0.47295658604135105,0
321459,321956,321708,1290.0347442626953,1292.0292358398438,1291.0339965820312,REST,0.6685878830612544,0.934696025655202,0.7387156698707221,0.5142415521669635,0.48669828455213016,0
321708,322205,321957,1291.0339965820312,1293.0284881591797,1292.0332489013672,REST,0.5437007290231359,0.8216505181949268,0.6834374160314567,0.3316869738183752,0.33802800804778493,0
321957,322454,322206,1292.0332489013672,1294.0277404785156,1293.0325012207031,REST,0.6786509548314701,0.9903243049029624,0.520714602000232,0.9001086239950057,0.30345628842767997,0
