start_sample,end_sample,center_sample,start_time_sec,end_time_sec,center_time_sec,mapped_label,aggregate_rms,Channel_1_rms,Channel_3_rms,Channel_7_rms,Channel_8_rms,top_rms_window
0,497,249,0.0,1.9940176010131836,0.9990148544311523,BASELINE,0.4057779404449854,0.3739858824325063,0.4308343486963237,0.3722357598937916,0.44605577075732006,0
249,746,498,0.9990148544311523,2.993032455444336,1.9980297088623047,BASELINE,0.2621082109301299,0.2248923590750113,0.2720499096008488,0.2501678147644937,0.3013227602801659,0
498,995,747,1.9980297088623047,3.9920473098754883,2.997044563293457,BASELINE,0.23857160831395682,0.21656570324749913,0.22992152277103106,0.24156361413177546,0.2662355931055217,0
747,1244,996,2.997044563293457,4.991062164306641,3.9960594177246094,BASELINE,0.24204512083930468,0.2394692760076915,0.2744757985340525,0.2292161961451477,0.22501921267032698,0
996,1493,1245,3.9960594177246094,5.990077018737793,4.995074272155762,BASELINE,0.28564693508306427,0.2964800502257708,0.3198105947518962,0.2673856292978265,0.2589114660567635,0
1245,1742,1494,4.995074272155762,6.989091873168945,5.994089126586914,BASELINE,0.42643235415418845,0.46735994096374855,0.47031977602748826,0.3612241353113776,0.4068255643141393,0
1494,1991,1743,5.994089126586914,7.988106727600098,6.993103981018066,BASELINE,0.43271424030730715,0.4773085615447112,0.49508651333376513,0.3527608981187167,0.40570098823203554,0
1743,2240,1992,6.993103981018066,8.98712158203125,7.992118835449219,BASELINE,0.38798435035343865,0.35234152902315097,0.46008147421624557,0.3643444633941734,0.3751699347801847,0
1992,2489,2241,7.992118835449219,9.986136436462402,8.991133689880371,BASELINE,0.9451034194345843,1.1746851714132525,1.5148169187412344,0.5382100878991783,0.5527014996846722,0
2241,2738,2490,8.991133689880371,10.985151290893555,9.990148544311523,BASELINE,1.5208151655901703,2.5003239124309213,1.8864119822266932,0.8441525839771499,0.8523721837259168,0
2490,2987,2739,9.990148544311523,11.984166145324707,10.989163398742676,BASELINE,4.111683286860767,8.029337408036223,5.281486950452604,1.6200726063429056,1.515836182611339,0
2739,3236,2988,10.989163398742676,12.98318099975586,11.988178253173828,BASELINE,10.743578760027834,18.7785692646052,18.54664736133501,3.909221149917319,1.739877264253805,0
2988,3485,3237,11.988178253173828,13.982195854187012,12.98719310760498,BASELINE,11.744188024614044,20.90617742230188,19.926396117005954,4.299369040529163,1.8448095186191802,0
3237,3734,3486,12.98719310760498,14.981210708618164,13.986207962036133,BASELINE,6.322804665458788,12.248909551378748,9.089859242083747,2.3584074580675507,1.594042410305108,0
3486,3983,3735,13.986207962036133,15.980225563049316,14.985222816467285,BASELINE,4.236249475199461,12.464227649608654,2.3431986862137753,1.3280810037472173,0.8094905612281967,0
3735,4232,3984,14.985222816467285,16.97924041748047,15.984237670898438,BASELINE,4.249908127294579,12.556194265676696,2.0760679524294168,1.5690110908002444,0.7983592002719565,0
3984,4481,4233,15.984237670898438,17.97825527191162,16.98325252532959,BASELINE,4.6780527886003815,8.548412539231654,7.3575544643815025,1.390242665879107,1.416001484909264,0
4233,4730,4482,16.98325252532959,18.977270126342773,17.982267379760742,BASELINE,6.105914704238178,12.23166467153272,9.434955282147783,1.34389015503485,1.4131487082373602,0
4482,4979,4731,17.982267379760742,19.976284980773926,18.981282234191895,BASELINE,5.1399532197723,10.10446080810749,7.995498099953731,1.3755138975363836,1.0843400734915973,0
4731,5228,4980,18.981282234191895,20.975299835205078,19.980297088623047,BASELINE,5.360090663527569,5.714800034087108,13.430549553204123,1.203220713014641,1.0917923538044039,0
4980,5477,5229,19.980297088623047,21.97431468963623,20.9793119430542,BASELINE,5.909867354469398,4.324330514111786,17.461312220104105,0.7744651649727963,1.079361518688904,0
5229,5726,5478,20.9793119430542,22.973329544067383,21.97832679748535,BASELINE,5.044960023282661,5.2683010384405415,13.289964218953019,0.6704753591481767,0.9510994765889037,0
5478,5975,5727,21.97832679748535,23.972344398498535,22.977341651916504,BASELINE,3.8252678331475716,5.233641720339106,8.918417357278473,0.6718818232700132,0.4771304317026936,0
5727,6224,5976,22.977341651916504,24.971359252929688,23.976356506347656,BASELINE,2.563386898072982,1.7803234026624895,7.464432435247348,0.6257419285013337,0.3830498258807579,0
5976,6473,6225,23.976356506347656,25.97037410736084,24.97537136077881,BASELINE,1.1154342526066194,2.1817357880459185,1.368234290096352,0.5390651498650381,0.3727017824191693,0
6225,6722,6474,24.97537136077881,26.969388961791992,25.97438621520996,BASELINE,1.1684027565436956,2.3318788556164236,1.081577999104447,0.676715851259956,0.5834383201939559,0
6474,6971,6723,25.97438621520996,27.968403816223145,26.973401069641113,BASELINE,0.6998603686121974,0.9989312382414668,0.6805100579239236,0.6066808293071897,0.5133193489762096,0
6723,7220,6972,26.973401069641113,28.967418670654297,27.972415924072266,BASELINE,0.2579046211223779,0.21502882931400946,0.3663015938776756,0.24413587212766508,0.2061521891701615,0
6972,7469,7221,27.972415924072266,29.96643352508545,28.971430778503418,BASELINE,0.26636842047939524,0.23496818147042714,0.40201619539889755,0.2272077242628496,0.2012815807854068,0
7221,7718,7470,28.971430778503418,30.9654483795166,29.97044563293457,BASELINE,0.27720634705696284,0.24961785355590682,0.41688670590399257,0.22822018644044945,0.21410064232750242,0
7470,7967,7719,29.97044563293457,31.964463233947754,30.969460487365723,BASELINE,0.4291842008215384,0.3232580145164663,0.7807981017416665,0.29785875440095894,0.3148219326270618,0
7719,8216,7968,30.969460487365723,32.963478088378906,31.968475341796875,BASELINE,0.6199350634859438,0.5102104760711857,0.896087127979631,0.5664210582808197,0.5070215916121387,0
7968,8465,8217,31.968475341796875,33.96249294281006,32.96749019622803,BASELINE,0.5118135583450726,0.47135769473001266,0.5814527172886477,0.5399723072963563,0.45447151406527386,0
8217,8714,8466,32.96749019622803,34.96150779724121,33.96650505065918,BASELINE,0.26065217297283544,0.24105969078213968,0.32556698351189656,0.24458610162309538,0.2313959159742102,0
8466,8963,8715,33.96650505065918,35.96052265167236,34.96551990509033,BASELINE,0.2576209012436199,0.21332160745341286,0.3469631639671094,0.25742430822659407,0.2127745253273635,0
8715,9212,8964,34.96551990509033,36.959537506103516,35.964534759521484,BASELINE,0.3699751888239065,0.35407385230768884,0.48610793780431183,0.31880156121535913,0.3209174039682663,0
8964,9461,9213,35.964534759521484,37.95855236053467,36.96354961395264,BASELINE,0.5322391978071633,0.8296359344069366,0.49057888360882623,0.42712089159384975,0.38162108161904074,0
9213,9710,9462,36.96354961395264,38.95756721496582,37.96256446838379,BASELINE,0.5047948687585054,0.8037396817931244,0.3763406106931364,0.46769898835587265,0.3714001941918884,0
9462,9959,9711,37.96256446838379,39.95658206939697,38.96157932281494,BASELINE,0.41320206670951487,0.34039216684163337,0.38583038916270496,0.44795945848877833,0.478626252344943,0
9711,10208,9960,38.96157932281494,40.955596923828125,39.960594177246094,BASELINE,0.41625461405016995,0.3125160327146084,0.3843214591368255,0.46370573635485457,0.5044752279943912,0
9960,10457,10209,39.960594177246094,41.95461177825928,40.959609031677246,BASELINE,0.37108229469677956,0.32249722864905295,0.36741472313816237,0.41968244274645217,0.37473478425345075,0
10209,10706,10458,40.959609031677246,42.95362663269043,41.9586238861084,BASELINE,0.37220915070934535,0.3496273295747446,0.3785233426926992,0.3941446731711494,0.36654125739878834,0
10458,10955,10707,41.9586238861084,43.95264148712158,42.95763874053955,BASELINE,0.37323855977989023,0.31818558293150817,0.3736192621366699,0.3872052926034412,0.41394410144794175,0
10707,11204,10956,42.95763874053955,44.951656341552734,43.9566535949707,BASELINE,0.344482398579875,0.28760003829936615,0.37914399182507363,0.3555922922233673,0.35559327197169277,0
10956,11453,11205,43.9566535949707,45.95067119598389,44.955668449401855,BASELINE,0.3302312736512809,0.28836791611631135,0.41516009877590376,0.3362198472354942,0.2811772324774141,0
11205,11702,11454,44.955668449401855,46.94968605041504,45.95468330383301,ACTIVE,0.35407258289866744,0.3711462140314779,0.43733176735318047,0.3001001396627798,0.3077122105472317,0
11454,11951,11703,45.95468330383301,47.94870090484619,46.95369815826416,ACTIVE,0.35337410585383516,0.3473605168339704,0.47111771422985976,0.2740519548764882,0.3209662374750224,0
11703,12200,11952,46.95369815826416,48.947715759277344,47.95271301269531,ACTIVE,0.2961911616568516,0.21761099352888494,0.4261050694686392,0.28116767272733223,0.2598809109025501,0
11952,12449,12201,47.95271301269531,49.946730613708496,48.951727867126465,ACTIVE,0.2939428087413991,0.2137430007645106,0.3535726744948845,0.3383440085896095,0.2701115511165919,0
12201,12698,12450,48.951727867126465,50.94574546813965,49.95074272155762,ACTIVE,0.2974455070408519,0.21226529007401665,0.34330643255287985,0.3450976901948079,0.2891126153417032,0
12450,12947,12699,49.95074272155762,51.9447603225708,50.94975757598877,ACTIVE,0.3081250090606088,0.2541081211792716,0.37443131584854544,0.32356301946574695,0.2803975797488712,0
12699,13196,12948,50.94975757598877,52.94377517700195,51.94877243041992,ACTIVE,0.3397623860179336,0.279899429281905,0.42794885631203755,0.30309326965949657,0.34810798881829536,0
12948,13445,13197,51.94877243041992,53.942790031433105,52.947787284851074,ACTIVE,0.310418440023423,0.22924809754762523,0.39792625024624984,0.28754136375024714,0.32695804854956984,0
13197,13694,13446,52.947787284851074,54.94180488586426,53.94680213928223,ACTIVE,0.2872109428450403,0.24992797758978763,0.37216104530301436,0.278881401283345,0.24787334720401427,0
13446,13943,13695,53.94680213928223,55.94081974029541,54.94581699371338,ACTIVE,0.3239982799068516,0.2559535658044535,0.40672230830900324,0.30014787051682246,0.3331693749971271,0
13695,14192,13944,54.94581699371338,56.93983459472656,55.94483184814453,ACTIVE,0.34002719264818265,0.22753736566329574,0.4444429585224864,0.32915131838386325,0.35897712802308507,0
13944,14441,14193,55.94483184814453,57.938849449157715,56.943846702575684,ACTIVE,0.3134568529533689,0.2522144482844325,0.3820815225778451,0.31237154240220233,0.30715989854899556,0
14193,14690,14442,56.943846702575684,58.93786430358887,57.942861557006836,REST,0.3107655170585169,0.27734879341561,0.3420364194490518,0.28509194384155184,0.338584911527854,0
14442,14939,14691,57.942861557006836,59.93687915802002,58.94187641143799,REST,0.3055956072918704,0.24456490613428686,0.3395804477707842,0.27681685620550417,0.3614202190569064,0
14691,15188,14940,58.94187641143799,60.93589401245117,59.94089126586914,REST,0.25758141416701363,0.18181128157939724,0.28309142516995084,0.27764685797152056,0.2877760919471858,0
14940,15437,15189,59.94089126586914,61.934908866882324,60.93990612030029,REST,0.2433455996533302,0.17954471483571052,0.24639605161452888,0.27465557902782317,0.27278605313525817,0
15189,15686,15438,60.93990612030029,62.93392372131348,61.938920974731445,REST,0.2622880027652864,0.2256870728957728,0.29584367005310586,0.25691087630867027,0.2707103918035968,0
15438,15935,15687,61.938920974731445,63.93293857574463,62.9379358291626,REST,0.29483544213318524,0.2605952201542626,0.36176434613083713,0.2864095274869302,0.270572674760711,0
15687,16184,15936,62.9379358291626,64.93195343017578,63.93695068359375,ACTIVE,0.3102725441018679,0.28465053982164634,0.37210980572408786,0.3191691319094806,0.26516069895225675,0
15936,16433,16185,63.93695068359375,65.93096828460693,64.9359655380249,ACTIVE,0.3139058096951172,0.27653346080556934,0.40126578620914016,0.35096348688259477,0.2268605048831647,0
16185,16682,16434,64.9359655380249,66.92998313903809,65.93498039245605,ACTIVE,0.28749046231373976,0.20792053840419647,0.3621290104860823,0.35251937810571016,0.22739292225897004,0
16434,16931,16683,65.93498039245605,67.92899799346924,66.9339952468872,ACTIVE,0.2684995957475838,0.17643631107900912,0.2575361508279197,0.34163632949980505,0.2983895915836013,0
16683,17180,16932,66.9339952468872,68.92801284790039,67.93301010131836,ACTIVE,0.33454062467665807,0.31826778338288403,0.330927476648489,0.3474965270297905,0.3414707116454687,0
16932,17429,17181,67.93301010131836,69.92702770233154,68.93202495574951,ACTIVE,0.31627459152036824,0.3252416182499416,0.34695129243347517,0.29446033710667807,0.29844511829137804,0
17181,17678,17430,68.93202495574951,70.9260425567627,69.93103981018066,ACTIVE,0.25959925693489655,0.23706805633047148,0.3007844030624673,0.26613818976218084,0.2344063785844666,0
17430,17927,17679,69.93103981018066,71.92505741119385,70.93005466461182,ACTIVE,0.29604057154785196,0.26630460005702333,0.381338497135999,0.32027714399178137,0.2162420450066043,0
17679,18176,17928,70.93005466461182,72.924072265625,71.92906951904297,REST,0.2999210763525652,0.23710030937734644,0.34376439726869606,0.3394888545417898,0.2793307442224286,0
17928,18425,18177,71.92906951904297,73.92308712005615,72.92808437347412,REST,0.2846662558095456,0.25281944792256333,0.32820593527870195,0.29419948970253484,0.2634401503343822,0
18177,18674,18426,72.92808437347412,74.9221019744873,73.92709922790527,REST,0.3214823848259922,0.2939707244132479,0.3475719728747842,0.438864350404664,0.20552249161127262,0
18426,18923,18675,73.92709922790527,75.92111682891846,74.92611408233643,REST,0.3555451581097424,0.2895345367893999,0.3358919606114124,0.5360477421417579,0.2607063928963993,0
18675,19172,18924,74.92611408233643,76.92013168334961,75.92512893676758,REST,0.3358556928167098,0.27004835291261725,0.34740138838450063,0.4161506484652794,0.3098223815044419,0
18924,19421,19173,75.92512893676758,77.91914653778076,76.92414379119873,REST,0.30754453460362025,0.2459692015984876,0.3109265623569193,0.3402722107188218,0.3330101637402523,0
19173,19670,19422,76.92414379119873,78.91816139221191,77.92315864562988,REST,0.3189213311132958,0.23545164827175072,0.30282515802412385,0.4044891165741786,0.33291940158313016,0
19422,19919,19671,77.92315864562988,79.91717624664307,78.92217350006104,REST,0.32794275935966044,0.30080577919946655,0.3492375018478309,0.3710583270636238,0.29066942932772055,0
19671,20168,19920,78.92217350006104,80.91619110107422,79.92118835449219,REST,0.31665579322308635,0.33050815600887756,0.3541869883538273,0.3066563325191708,0.2752716960104698,0
19920,20417,20169,79.92118835449219,81.91520595550537,80.92020320892334,REST,0.3378712497870713,0.28091928736965804,0.355739668782224,0.3240780658186654,0.39074797717773757,0
20169,20666,20418,80.92020320892334,82.91422080993652,81.91921806335449,REST,0.38691562473104746,0.2657008665053019,0.38417380307080345,0.413605361041962,0.4841824683061223,0
20418,20915,20667,81.91921806335449,83.91323566436768,82.91823291778564,REST,0.39312187914346325,0.31053966085310025,0.41797982833182595,0.4008337070618303,0.4431343203270964,0
20667,21164,20916,82.91823291778564,84.91225051879883,83.9172477722168,REST,0.34666242227061517,0.28541490197773617,0.392710063483978,0.3432071644402166,0.36531755918053005,0
20916,21413,21165,83.9172477722168,85.91126537322998,84.91626262664795,REST,0.3116340794638853,0.24514533136655164,0.30772540114717484,0.36562449330947255,0.32804109203234233,0
21165,21662,21414,84.91626262664795,86.91028022766113,85.9152774810791,REST,0.3521095519993772,0.35573703030121934,0.34980014049859626,0.38192072653019027,0.320980310667503,0
21414,21911,21663,85.9152774810791,87.90929508209229,86.91429233551025,REST,0.3609927596005853,0.3558587649083758,0.3698710571503373,0.40514445720560194,0.3130967591380259,0
21663,22160,21912,86.91429233551025,88.90830993652344,87.9133071899414,REST,0.40227160709459775,0.33330171134408637,0.37449557742354767,0.4709801562230287,0.4303089833877284,0
21912,22409,22161,87.9133071899414,89.90732479095459,88.91232204437256,REST,0.38747275922174146,0.3123610871071391,0.3496384691914677,0.4544860739923847,0.43340540659597454,0
22161,22658,22410,88.91232204437256,90.90633964538574,89.91133689880371,ACTIVE,0.3004937506528792,0.23105644515942245,0.32766247445910457,0.3230033489246056,0.32025273406838417,0
22410,22907,22659,89.91133689880371,91.9053544998169,90.91035175323486,ACTIVE,0.35004469779802977,0.3946301347454211,0.4222102547677691,0.28696110926661916,0.2963772924123098,0
22659,23156,22908,90.91035175323486,92.90436935424805,91.90936660766602,ACTIVE,0.40349271051640917,0.5061252704875135,0.4587067533035058,0.33407770214771054,0.3150611161269068,0
22908,23405,23157,91.90936660766602,93.9033842086792,92.90838146209717,ACTIVE,0.4141163421411218,0.40360196986574154,0.4595658076134376,0.4120269371752174,0.3812706539100907,0
23157,23654,23406,92.90838146209717,94.90239906311035,93.90739631652832,ACTIVE,0.34342317714408266,0.29326239456897507,0.4018826260058152,0.3605632922977158,0.31798439570382453,0
23406,23903,23655,93.90739631652832,95.9014139175415,94.90641117095947,ACTIVE,0.287073638014573,0.31333661276424746,0.32176432181852865,0.28609499992453125,0.22709861755098468,0
23655,24152,23904,94.90641117095947,96.90042877197266,95.90542602539062,ACTIVE,0.3167126612112732,0.33802518120143865,0.36095106583516584,0.32822517369863896,0.2396492241098493,0
23904,24401,24153,95.90542602539062,97.89944362640381,96.90444087982178,ACTIVE,0.28612390894668804,0.3003865404719101,0.3268835061875758,0.2801068194387759,0.23711876968849033,0
24153,24650,24402,96.90444087982178,98.89845848083496,97.90345573425293,ACTIVE,0.2325310843060662,0.21477654955220846,0.27082689730121673,0.21977684625748026,0.22474404411335935,0
24402,24899,24651,97.90345573425293,99.89747333526611,98.90247058868408,REST,0.27961427648712256,0.2731999948755394,0.3654835041242421,0.23111695942259752,0.24865664752611105,0
24651,25148,24900,98.90247058868408,100.89648818969727,99.90148544311523,REST,0.27999660606774823,0.24989119089860778,0.33987388568781457,0.2378607111333091,0.29236063655126154,0
24900,25397,25149,99.90148544311523,101.89550304412842,100.90050029754639,REST,0.21738838612620928,0.15645699288755888,0.1968543355787135,0.21050045475031984,0.30574176128824493,0
25149,25646,25398,100.90050029754639,102.89451789855957,101.89951515197754,REST,0.2728926902992026,0.22038927927709845,0.22874724089125628,0.31815003614626103,0.3242842048821946,0
25398,25895,25647,101.89951515197754,103.89353275299072,102.89853000640869,REST,0.32496974045281724,0.28864464860180444,0.3281502596010178,0.3673514545390236,0.315732599069423,0
25647,26144,25896,102.89853000640869,104.89254760742188,103.89754486083984,ACTIVE,0.32367296998527484,0.2861241734020745,0.40188585028495594,0.3337413173311742,0.27294053892289477,0
25896,26393,26145,103.89754486083984,105.89156246185303,104.896559715271,ACTIVE,0.2927584453741564,0.22993965035800037,0.3518676755570932,0.3291146125386093,0.26011184304292284,0
26145,26642,26394,104.896559715271,106.89057731628418,105.89557456970215,ACTIVE,0.252705813686942,0.20701804495328036,0.32362761198071327,0.27710319448523146,0.2030744033285428,0
26394,26891,26643,105.89557456970215,107.88959217071533,106.8945894241333,ACTIVE,0.2305891691183995,0.2016231785317893,0.3110459203867082,0.23194894615991615,0.17773863139518442,0
26643,27140,26892,106.8945894241333,108.88860702514648,107.89360427856445,ACTIVE,0.21810533937679963,0.18083411498137938,0.26151633390908746,0.23256993479592683,0.19750097382080486,0
26892,27389,27141,107.89360427856445,109.88762187957764,108.8926191329956,ACTIVE,0.21557425353869966,0.18517739729616145,0.2686214733913938,0.22819081344821374,0.18030733001902968,0
27141,27638,27390,108.8926191329956,110.88663673400879,109.89163398742676,ACTIVE,0.23798001111441833,0.20332168103060938,0.27792894044042765,0.2370892461762294,0.23358017681040688,0
27390,27887,27639,109.89163398742676,111.88565158843994,110.89064884185791,ACTIVE,0.2776279292514572,0.22202069663163312,0.3342979556874438,0.2872219695329807,0.2669710951537712,0
27639,28136,27888,110.89064884185791,112.8846664428711,111.88966369628906,REST,0.24075806042177206,0.1995340201846248,0.3029429456639327,0.26440732267541284,0.1961479531631178,0
27888,28385,28137,111.88966369628906,113.88368129730225,112.88867855072021,REST,0.26699119355613044,0.2571652412228025,0.33700371002555535,0.24267361216461766,0.2311222108115462,0
28137,28634,28386,112.88867855072021,114.8826961517334,113.88769340515137,REST,0.3375975932878714,0.3058744271536019,0.41717285299114615,0.2950567330311731,0.33228635997556466,0
28386,28883,28635,113.88769340515137,115.88171100616455,114.88670825958252,REST,0.3414887040503638,0.27217101716866804,0.3951953085952465,0.3369108350619887,0.36167765537555197,0
28635,29132,28884,114.88670825958252,116.8807258605957,115.88572311401367,REST,0.2923672120585144,0.20283618712154,0.3096665521260539,0.33321732040886787,0.323748788577596,0
28884,29381,29133,115.88572311401367,117.87974071502686,116.88473796844482,REST,0.2558817058851027,0.18275576302827493,0.2823811788429909,0.30041708724939614,0.2579727944197487,0
29133,29630,29382,116.88473796844482,118.87875556945801,117.88375282287598,REST,0.26011927948916064,0.2041757247231975,0.28006440498799406,0.2760637881171405,0.28017320012831043,0
29382,29879,29631,117.88375282287598,119.87777042388916,118.88276767730713,REST,0.27121015071230964,0.21128736330965578,0.2629305177238754,0.28739618266960915,0.3232265391460982,0
29631,30128,29880,118.88276767730713,120.87678527832031,119.88178253173828,REST,0.2821800436592684,0.20985384338564572,0.27890023563183713,0.28835397011315445,0.3516121255064365,0
29880,30377,30129,119.88178253173828,121.87580013275146,120.88079738616943,REST,0.33805533266069393,0.27118218450758097,0.30809726206329496,0.41300758126411974,0.35993430280778005,0
30129,30626,30378,120.88079738616943,122.87481498718262,121.87981224060059,REST,0.3440198125372581,0.28439600702203227,0.30435697980427323,0.46330480125206897,0.32402146207065774,0
30378,30875,30627,121.87981224060059,123.87382984161377,122.87882709503174,REST,0.31646623333711826,0.2643927820066131,0.3235452714129099,0.3914015163214551,0.286525363607495,0
30627,31124,30876,122.87882709503174,124.87284469604492,123.87784194946289,REST,0.3371541182217169,0.3023071875174589,0.3307322013847047,0.4280595689999845,0.28751751498471956,0
30876,31373,31125,123.87784194946289,125.87185955047607,124.87685680389404,REST,0.3513393550273524,0.3128462094837283,0.2916878541811853,0.4663563537085895,0.3344670027359064,0
31125,31622,31374,124.87685680389404,126.87087440490723,125.8758716583252,REST,0.3495274458790929,0.31625216791083016,0.27842616283524935,0.438999449685427,0.3644320030848651,0
31374,31871,31623,125.8758716583252,127.86988925933838,126.87488651275635,REST,0.31796066548257335,0.28850696620759303,0.26834714190142656,0.37194314229435593,0.343045411526918,0
31623,32120,31872,126.87488651275635,128.86890411376953,127.8739013671875,ACTIVE,0.4213874818164091,0.4897517760565418,0.46566367829120464,0.41117648610921576,0.3189579868086742,0
31872,32369,32121,127.8739013671875,129.86791896820068,128.87291622161865,ACTIVE,0.4256292110946126,0.5645487375324072,0.5024620105239032,0.38203938483378913,0.25346671148835087,0
32121,32618,32370,128.87291622161865,130.86693382263184,129.8719310760498,ACTIVE,0.28408945361803334,0.36084588557631886,0.33965631221188136,0.2610932500334067,0.17476236665052652,0
32370,32867,32619,129.8719310760498,131.865948677063,130.87094593048096,ACTIVE,0.27650938447525175,0.2800210567480916,0.32363625759541587,0.26578643247190487,0.23659379108559458,0
32619,33116,32868,130.87094593048096,132.86496353149414,131.8699607849121,ACTIVE,0.3588285665706061,0.3384893366016724,0.36610236438763916,0.35001660246272565,0.3807059628303871,0
32868,33365,33117,131.8699607849121,133.8639783859253,132.86897563934326,ACTIVE,0.33488109000291844,0.2782303054841655,0.31364389433794876,0.36735008764119975,0.38030007254835985,0
33117,33614,33366,132.86897563934326,134.86299324035645,133.8679904937744,ACTIVE,0.2636489705414976,0.19983670421216732,0.2758565862077154,0.32106064078235347,0.2578419509637541,0
33366,33863,33615,133.8679904937744,135.8620080947876,134.86700534820557,ACTIVE,0.2827515807337241,0.17202429884481163,0.30319571614322544,0.3509773110839029,0.3048089968629564,0
33615,34112,33864,134.86700534820557,136.86102294921875,135.86602020263672,ACTIVE,0.34140701013907293,0.2697003670731767,0.3510322712469402,0.31638200550233236,0.4285133967338425,0
33864,34361,34113,135.86602020263672,137.8600378036499,136.86503505706787,REST,0.3121147229079686,0.27546835754444876,0.34885160408284527,0.24317564735413688,0.3809632826504434,0
34113,34610,34362,136.86503505706787,138.85905265808105,137.86404991149902,REST,0.23717368253802973,0.16464897903682177,0.26126125400631633,0.2779983983685745,0.24478609874040624,0
34362,34859,34611,137.86404991149902,139.8580675125122,138.86306476593018,REST,0.256622612458001,0.2183137085171738,0.2597723428036719,0.2752713283270436,0.2731330701841146,0
34611,35108,34860,138.86306476593018,140.85708236694336,139.86207962036133,REST,0.39138744908583817,0.38730904801923693,0.4057398990433672,0.36139781181146935,0.41110303746927923,0
34860,35357,35109,139.86207962036133,141.8560972213745,140.86109447479248,REST,0.545630410052971,0.8053272594715103,0.4517589137819327,0.44290304339483466,0.48253242356360604,1
35109,35606,35358,140.86109447479248,142.85511207580566,141.86010932922363,ACTIVE,0.4874832396082908,0.7483961904775969,0.3590787190709504,0.3541957692166109,0.48826227966800523,1
35358,35855,35607,141.86010932922363,143.85412693023682,142.85912418365479,ACTIVE,0.4016596040161138,0.29978067433318223,0.35396463947325907,0.4115216452845741,0.5413714569734398,0
35607,36104,35856,142.85912418365479,144.85314178466797,143.85813903808594,ACTIVE,0.4082994058121695,0.3079213345876195,0.34866766679762745,0.4915404976804899,0.48506812418294143,0
35856,36353,36105,143.85813903808594,145.85215663909912,144.8571538925171,ACTIVE,0.30337924688766754,0.25029956382147617,0.28554236768997754,0.3664860081065898,0.31118904793262653,0
36105,36602,36354,144.8571538925171,146.85117149353027,145.85616874694824,ACTIVE,0.29662532870727,0.2786045011907969,0.2934522243181486,0.38375724889224516,0.23068734042788933,0
36354,36851,36603,145.85616874694824,147.85018634796143,146.8551836013794,ACTIVE,0.367637265221715,0.2738800595071533,0.299667057139818,0.45692862523533206,0.440073319004557,0
36603,37100,36852,146.8551836013794,148.84920120239258,147.85419845581055,ACTIVE,0.4009805374750904,0.24707056791284446,0.31216163295507543,0.47945113364153874,0.5652388153909029,0
36852,37349,37101,147.85419845581055,149.84821605682373,148.8532133102417,ACTIVE,0.4216616413186288,0.23803849347556705,0.30883560822518197,0.5764497218006354,0.5633227417731308,0
37101,37598,37350,148.8532133102417,150.84723091125488,149.85222816467285,ACTIVE,0.3863950573227092,0.24050994362245393,0.29778843454497333,0.5051755414477158,0.5021063096756935,0
37350,37847,37599,149.85222816467285,151.84624576568604,150.851243019104,REST,0.37039419810450724,0.2933050162260276,0.35110024122621286,0.43053643970129873,0.40663509526448977,0
37599,38096,37848,150.851243019104,152.8452606201172,151.85025787353516,REST,0.3697369294828581,0.2689930574818186,0.3353987925067608,0.439586524465441,0.43496934347741195,0
37848,38345,38097,151.85025787353516,153.84427547454834,152.8492727279663,REST,0.3629527346949979,0.19585388644404184,0.2942225228998156,0.40944644341093495,0.5522880860251993,0
38097,38594,38346,152.8492727279663,154.8432903289795,153.84828758239746,REST,0.3990737806923669,0.3028694158365476,0.36972228254730133,0.42778621307029935,0.49591721131531913,0
38346,38843,38595,153.84828758239746,155.84230518341064,154.8473024368286,REST,0.42332406817904583,0.3478524883747339,0.42887715633244017,0.4414037389325257,0.4751628890764834,0
38595,39092,38844,154.8473024368286,156.8413200378418,155.84631729125977,REST,0.3620134557420739,0.2661932871301172,0.36592528219827486,0.3757793818931451,0.44015587174675835,0
38844,39341,39093,155.84631729125977,157.84033489227295,156.84533214569092,REST,0.2649372277666383,0.20991967735987457,0.2980332929328264,0.2832485265153385,0.2685474142585137,0
39093,39590,39342,156.84533214569092,158.8393497467041,157.84434700012207,REST,0.3253928296827945,0.23984635740031846,0.3110201540375895,0.3814763928761406,0.3692284144171295,0
39342,39839,39591,157.84434700012207,159.83836460113525,158.84336185455322,REST,0.33012642161283884,0.24775099156217656,0.3059729055148769,0.38958837492494447,0.3771934144493574,0
39591,40088,39840,158.84336185455322,160.8373794555664,159.84237670898438,REST,0.30460848019072667,0.2410287270022194,0.3266701613327195,0.3052676081856261,0.3454674242423416,0
39840,40337,40089,159.84237670898438,161.83639430999756,160.84139156341553,REST,0.3076111297090725,0.2272467735510756,0.3342038775386841,0.3139599554794381,0.3550339122670922,0
40089,40586,40338,160.84139156341553,162.8354091644287,161.84040641784668,REST,0.3111082677182992,0.2194670614662139,0.3363126946587003,0.33726602227173796,0.35138729247654465,0
40338,40835,40587,161.84040641784668,163.83442401885986,162.83942127227783,REST,0.3213328904523621,0.24773867440351766,0.3271647905166675,0.29511713938620604,0.4153109575030572,0
40587,41084,40836,162.83942127227783,164.83343887329102,163.83843612670898,REST,0.35125714062052354,0.2682982651372,0.31579130749024287,0.37219066158226277,0.4487483282723885,0
40836,41333,41085,163.83843612670898,165.83245372772217,164.83745098114014,REST,0.32058846099472826,0.2335989315282533,0.30578544771450117,0.3748145611823664,0.3681549035537922,0
41085,41582,41334,164.83745098114014,166.83146858215332,165.8364658355713,ACTIVE,0.27301074423903704,0.19432565991745604,0.26419248524737055,0.30361619148931235,0.3299086403020093,0
41334,41831,41583,165.8364658355713,167.83048343658447,166.83548069000244,ACTIVE,0.32181796532218476,0.23193611895950503,0.27742791186071997,0.38101223537017975,0.3968955950983344,0
41583,42080,41832,166.83548069000244,168.82949829101562,167.8344955444336,ACTIVE,0.3052383144221399,0.23342387395045763,0.2848347245792383,0.35505098781767785,0.3476436713411858,0
41832,42329,42081,167.8344955444336,169.82851314544678,168.83351039886475,ACTIVE,0.2411415824444271,0.1890241958528593,0.2775135351892754,0.2541670142193848,0.24386158451618892,0
42081,42578,42330,168.83351039886475,170.82752799987793,169.8325252532959,ACTIVE,0.2642613428990605,0.18201760583647197,0.31423527857042177,0.27218545003713746,0.28860703715221087,0
42330,42827,42579,169.8325252532959,171.82654285430908,170.83154010772705,ACTIVE,0.33021074444779025,0.21812876601265468,0.3308164569080559,0.36951278875736787,0.4023849661130825,0
42579,43076,42828,170.83154010772705,172.82555770874023,171.8305549621582,ACTIVE,0.38480919493745075,0.253126080763067,0.31576294083564527,0.5056158765783018,0.46473188157278905,0
42828,43325,43077,171.8305549621582,173.8245725631714,172.82956981658936,ACTIVE,0.3662202897574081,0.2440018434053294,0.28711662442343333,0.522129028119955,0.4116336630809147,0
43077,43574,43326,172.82956981658936,174.82358741760254,173.8285846710205,ACTIVE,0.3516246800854684,0.24850102599004198,0.3040136584080703,0.4360796210987886,0.4179044148449725,0
43326,43823,43575,173.8285846710205,175.8226022720337,174.82759952545166,REST,0.32952664836482615,0.2440877002955389,0.2898581485957609,0.35984829180249767,0.42431245276550705,0
43575,44072,43824,174.82759952545166,176.82161712646484,175.8266143798828,REST,0.2959406652848422,0.20010770232830422,0.2799871880083076,0.3686199610661962,0.33504780973656073,0
43824,44321,44073,175.8266143798828,177.820631980896,176.82562923431396,REST,0.39275276757689215,0.21128074597022106,0.3085812494219604,0.5068312756985335,0.5443177992168534,0
44073,44570,44322,176.82562923431396,178.81964683532715,177.82464408874512,REST,0.38375657770163585,0.22944842595534926,0.2756523340526755,0.4472707534210346,0.5826547973774839,0
44322,44819,44571,177.82464408874512,179.8186616897583,178.82365894317627,REST,0.3321606443470898,0.26333859242289265,0.2841097826442472,0.31838191591350185,0.46281228640771754,0
44571,45068,44820,178.82365894317627,180.81767654418945,179.82267379760742,ACTIVE,0.31428044923575404,0.24816043057008041,0.3076767964909672,0.31926262075843304,0.38202194912353543,0
44820,45317,45069,179.82267379760742,181.8166913986206,180.82168865203857,ACTIVE,0.22537121045621028,0.1657877475719203,0.2706155634669565,0.2647722575950938,0.20030927319087052,0
45069,45566,45318,180.82168865203857,182.81570625305176,181.82070350646973,ACTIVE,0.2426256823016793,0.1577974846885636,0.21774377014271679,0.28496233134052096,0.3099991430349158,0
45318,45815,45567,181.82070350646973,183.8147211074829,182.81971836090088,ACTIVE,0.252067689040044,0.16577145475605243,0.21047031992067103,0.2773427211790591,0.3546862603043935,0
45567,46064,45816,182.81971836090088,184.81373596191406,183.81873321533203,ACTIVE,0.23038890129321077,0.16059299646394418,0.24015656555702783,0.2668421663775659,0.2539638767743051,0
45816,46313,46065,183.81873321533203,185.81275081634521,184.81774806976318,ACTIVE,0.26712007757327527,0.22515751862455646,0.3369598274997407,0.28075454126219,0.22560842290661387,0
46065,46562,46314,184.81774806976318,186.81176567077637,185.81676292419434,ACTIVE,0.3043756248900128,0.2293517014887691,0.3494873331038586,0.32769421528085846,0.3109692496865651,0
46314,46811,46563,185.81676292419434,187.81078052520752,186.8157777786255,ACTIVE,0.3454106916805161,0.18550919247327596,0.25485381971547955,0.422391488465005,0.5188882660683037,0
46563,47060,46812,186.8157777786255,188.80979537963867,187.81479263305664,ACTIVE,0.40466793340083373,0.19858799526992443,0.2949752757930085,0.4894202820646986,0.6356881804757035,0
46812,47309,47061,187.81479263305664,189.80881023406982,188.8138074874878,REST,0.4088226394515898,0.19341960084915266,0.3179032750002174,0.5271067650025282,0.596860916954461,0
47061,47558,47310,188.8138074874878,190.80782508850098,189.81282234191895,REST,0.42027572207453967,0.21817621970588835,0.3001132000950977,0.5875831822281972,0.5752302862689754,0
47310,47807,47559,189.81282234191895,191.80683994293213,190.8118371963501,REST,0.4379900483538577,0.29335488134961313,0.36250126744418015,0.5382058849083571,0.5578981597132805,0
47559,48056,47808,190.8118371963501,192.80585479736328,191.81085205078125,REST,0.38490818404281696,0.299145433143137,0.347715453366657,0.41679963190385366,0.47597221775762016,0
47808,48305,48057,191.81085205078125,193.80486965179443,192.8098669052124,REST,0.3830680655369634,0.33376539045504133,0.35051385013275105,0.422636328313124,0.42535669324693703,0
48057,48554,48306,192.8098669052124,194.8038845062256,193.80888175964355,REST,0.3513073436531681,0.322787999744103,0.36052437675649757,0.36628009346441004,0.3556369046476619,0
48306,48803,48555,193.80888175964355,195.80289936065674,194.8078966140747,REST,0.30756110483631455,0.27602819901045145,0.3517076897678377,0.3187262060688102,0.2837823244981589,0
48555,49052,48804,194.8078966140747,196.8019142150879,195.80691146850586,REST,0.39988183326319093,0.3547400152534177,0.41189027384305515,0.4453485807502858,0.38754846320600483,0
48804,49301,49053,195.80691146850586,197.80092906951904,196.805926322937,REST,0.520231974780041,0.46626361914605513,0.48440296661675797,0.5730829977987449,0.5571783155586056,1
49053,49550,49302,196.805926322937,198.7999439239502,197.80494117736816,REST,0.4537324450148129,0.40108724618747954,0.46118960108382634,0.4655526372281479,0.48710029555979784,1
49302,49799,49551,197.80494117736816,199.79895877838135,198.80395603179932,REST,0.2962427280159704,0.22427698921954603,0.3806246671746629,0.2673163002166742,0.31275295545299847,0
49551,50048,49800,198.80395603179932,200.7979736328125,199.80297088623047,REST,0.31227242296051233,0.26557282548090105,0.3820558068533369,0.2827499150059692,0.31871114450184224,0
49800,50297,50049,199.80297088623047,201.79698848724365,200.80198574066162,REST,0.3545346552456219,0.36792183404846956,0.41576400377698236,0.37589113089528164,0.2585616522617539,0
50049,50546,50298,200.80198574066162,202.7960033416748,201.80100059509277,REST,0.4674018747616656,0.4428110158966925,0.5360313391278833,0.504800749121924,0.38596439490016266,1
50298,50795,50547,201.80100059509277,203.79501819610596,202.80001544952393,REST,0.5683284832790948,0.4789807966006768,0.6214143071037309,0.6002297759111692,0.5726890535008022,1
50547,51044,50796,202.80001544952393,204.7940330505371,203.79903030395508,ACTIVE,0.4777484247151155,0.4062681601450011,0.508558740521413,0.504939841199493,0.49122695699455515,1
50796,51293,51045,203.79903030395508,205.79304790496826,204.79804515838623,ACTIVE,0.2619701239319777,0.2361307384366737,0.33154972741929833,0.24820146036480747,0.2319985695071314,0
51045,51542,51294,204.79804515838623,206.7920627593994,205.79706001281738,ACTIVE,0.25791530075594593,0.22840937717706314,0.32296374975261183,0.24499906714490963,0.2352890089491991,0
51294,51791,51543,205.79706001281738,207.79107761383057,206.79607486724854,ACTIVE,0.25964744532063,0.2361135949502074,0.30181849699087016,0.2741856530167536,0.22647203632468887,0
51543,52040,51792,206.79607486724854,208.79009246826172,207.7950897216797,ACTIVE,0.2508310356305353,0.21893677523235444,0.29665694893157435,0.2676319795708942,0.2200984387873184,0
51792,52289,52041,207.7950897216797,209.78910732269287,208.79410457611084,ACTIVE,0.2634359444002493,0.21378751767943124,0.3142601650044292,0.27872882219821005,0.2469672727189267,0
52041,52538,52290,208.79410457611084,210.78812217712402,209.793119430542,ACTIVE,0.27982040252769524,0.22175624662743307,0.3338991020303705,0.30185947978820277,0.26176678166477463,0
52290,52787,52539,209.793119430542,211.78713703155518,210.79213428497314,ACTIVE,0.2726097870557175,0.23856953631096808,0.3397441752255343,0.27997667489380007,0.23214876179256738,0
52539,53036,52788,210.79213428497314,212.78615188598633,211.7911491394043,ACTIVE,0.28265892033963214,0.2676468462769081,0.3481198025870193,0.30881636980996,0.20605266268464112,0
52788,53285,53037,211.7911491394043,213.78516674041748,212.79016399383545,REST,0.2676359139889525,0.25457422133421315,0.3265080627734058,0.3006779982141629,0.1887833736340281,0
53037,53534,53286,212.79016399383545,214.78418159484863,213.7891788482666,REST,0.24798090613744855,0.21158975883379963,0.309961287012426,0.27553434076652966,0.194838237937039,0
53286,53783,53535,213.7891788482666,215.78319644927979,214.78819370269775,REST,0.238824078065902,0.19169218021122736,0.29372531760588644,0.2639668662972612,0.20591194814923308,0
53535,54032,53784,214.78819370269775,216.78221130371094,215.7872085571289,REST,0.2103402248827962,0.17531873313496893,0.2554375389533791,0.21772035522950872,0.192884272213328,0
53784,54281,54033,215.7872085571289,217.7812261581421,216.78622341156006,REST,0.302675705975025,0.25925286311092666,0.39748540895270434,0.243452104909911,0.31051244692655805,0
54033,54530,54282,216.78622341156006,218.78024101257324,217.7852382659912,ACTIVE,0.3442281730668225,0.2949338137611527,0.403854326519175,0.2857768467067304,0.39234770528023183,0
54282,54779,54531,217.7852382659912,219.7792558670044,218.78425312042236,ACTIVE,0.3173991521069744,0.3062374034346456,0.3345780964263722,0.31998922968655424,0.30879187888032544,0
54531,55028,54780,218.78425312042236,220.77827072143555,219.78326797485352,ACTIVE,0.31967273528838747,0.3321317838671669,0.3618471169210999,0.39115898679184236,0.1935530535734406,0
54780,55277,55029,219.78326797485352,221.7772855758667,220.78228282928467,ACTIVE,0.3141333292315794,0.3007123724959728,0.3470411750976117,0.39191059913270265,0.21686917020003027,0
55029,55526,55278,220.78228282928467,222.77630043029785,221.78129768371582,ACTIVE,0.2881069503958557,0.2663115765294868,0.3206668367121222,0.3053724059115741,0.2600769824302398,0
55278,55775,55527,221.78129768371582,223.775315284729,222.78031253814697,ACTIVE,0.268433286488981,0.22473938403440072,0.30074841405951297,0.28173030242582714,0.26651504543618326,0
55527,56024,55776,222.78031253814697,224.77433013916016,223.77932739257812,ACTIVE,0.27660936952864495,0.22650682265282868,0.3179931079865117,0.29857160824324513,0.26336593923199436,0
55776,56273,56025,223.77932739257812,225.7733449935913,224.77834224700928,ACTIVE,0.3717859931573203,0.3801573049474562,0.47173422809109233,0.30284544977686373,0.3324069898138689,0
56025,56522,56274,224.77834224700928,226.77235984802246,225.77735710144043,ACTIVE,0.41948365509404023,0.3567059794306227,0.4500737023720888,0.4185206015553149,0.45263433701813444,0
56274,56771,56523,225.77735710144043,227.7713747024536,226.77637195587158,REST,0.42563301381175955,0.2540648451172584,0.35076090593991954,0.5537031087626809,0.5440031954271793,0
56523,57020,56772,226.77637195587158,228.77038955688477,227.77538681030273,REST,0.4313661590171951,0.28309571281400375,0.40697552328777187,0.5085828111613063,0.5268105888056985,0
56772,57269,57021,227.77538681030273,229.76940441131592,228.7744016647339,REST,0.32238355514419165,0.2190443864450516,0.3257735041258866,0.3543077411608984,0.39040858884493007,0
57021,57518,57270,228.7744016647339,230.76841926574707,229.77341651916504,REST,0.2630718325605729,0.2054841875012518,0.30157022737838646,0.27726288560147305,0.26797002976118034,0
57270,57767,57519,229.77341651916504,231.76743412017822,230.7724313735962,REST,0.3038221081852128,0.23785368088507744,0.3862957929177605,0.31867484388048045,0.2724641150575328,0
57519,58016,57768,230.7724313735962,232.76644897460938,231.77144622802734,REST,0.2752275465259981,0.200672085540245,0.3584927659067409,0.29129015957580406,0.2504551750812026,0
57768,58265,58017,231.77144622802734,233.76546382904053,232.7704610824585,REST,0.21301570013968915,0.17473301994165338,0.2616894222755744,0.19002931579748153,0.22561104254404726,0
58017,58514,58266,232.7704610824585,234.76447868347168,233.76947593688965,REST,0.3668384985529053,0.2969025644646486,0.38270134516055027,0.39688380228547043,0.390866282300952,0
58266,58763,58515,233.76947593688965,235.76349353790283,234.7684907913208,REST,0.4654507760003964,0.29253439106991275,0.38832059542967584,0.5333053152337975,0.6476428022681997,1
58515,59012,58764,234.7684907913208,236.76250839233398,235.76750564575195,REST,0.4245176462499507,0.19590155120071356,0.2874822904615744,0.48401394409035364,0.7306727992471611,0
58764,59261,59013,235.76750564575195,237.76152324676514,236.7665205001831,REST,0.42214675649928135,0.2546603197273588,0.3302055525492333,0.5071710094806017,0.5965501442399318,0
59013,59510,59262,236.7665205001831,238.7605381011963,237.76553535461426,REST,0.43199346724765403,0.25952061968132434,0.3034157141240742,0.589075539305197,0.5759619958800206,0
59262,59759,59511,237.76553535461426,239.75955295562744,238.7645502090454,REST,0.47361787571671954,0.2966862991626314,0.3383149807429197,0.6057877097722356,0.6536825131890917,1
59511,60008,59760,238.7645502090454,240.7585678100586,239.76356506347656,REST,0.40799042868751745,0.29425444852813887,0.3318143808519167,0.49245729766843244,0.5134355877015817,0
59760,60257,60009,239.76356506347656,241.75758266448975,240.76257991790771,REST,0.2836063961716764,0.21778564115181562,0.2560022192132221,0.3124849190475448,0.34815280527412307,0
60009,60506,60258,240.76257991790771,242.7565975189209,241.76159477233887,REST,0.3215401334771974,0.2338947319674225,0.3175129826297107,0.35261793449336365,0.3821348848182927,0
60258,60755,60507,241.76159477233887,243.75561237335205,242.76060962677002,ACTIVE,0.32682997058709357,0.23409542509830022,0.3679916678037568,0.3784313555874016,0.32680143385891564,0
60507,61004,60756,242.76060962677002,244.7546272277832,243.75962448120117,ACTIVE,0.2579935456663035,0.19030789716798174,0.3225624584809798,0.28717849372577803,0.23192533329047452,0
60756,61253,61005,243.75962448120117,245.75364208221436,244.75863933563232,ACTIVE,0.22802405911383433,0.14932682314510864,0.27970464334882494,0.2908031232339707,0.19226164672743312,0
61005,61502,61254,244.75863933563232,246.7526569366455,245.75765419006348,ACTIVE,0.22990078739958875,0.1737745047510479,0.2846499303352795,0.2990793314235623,0.16209938308846528,0
61254,61751,61503,245.75765419006348,247.75167179107666,246.75666904449463,ACTIVE,0.22703962554813845,0.17642225011531384,0.29615820358442674,0.2573726630020756,0.17820538549073764,0
61503,62000,61752,246.75666904449463,248.7506866455078,247.75568389892578,ACTIVE,0.24652819610344218,0.19201479034785687,0.30120941734851153,0.2942543292317978,0.1986342474856024,0
61752,62249,62001,247.75568389892578,249.74970149993896,248.75469875335693,ACTIVE,0.23892219264645723,0.19584339060316752,0.2800520701888505,0.2760641743143787,0.2037291354794323,0
62001,62498,62250,248.75469875335693,250.74871635437012,249.7537136077881,ACTIVE,0.23472608597283307,0.18470560164209962,0.32271257054151914,0.23029901055296575,0.20118716115474775,0
62250,62747,62499,249.7537136077881,251.74773120880127,250.75272846221924,REST,0.265587970603551,0.2541566112431763,0.3655521719442416,0.240595966064171,0.20204713316261508,0
62499,62996,62748,250.75272846221924,252.74674606323242,251.7517433166504,REST,0.2662286390224261,0.24359811985677435,0.3028392414736157,0.24599116750799183,0.2724860272513226,0
62748,63245,62997,251.7517433166504,253.74576091766357,252.75075817108154,REST,0.24382191600861108,0.1919276772693476,0.2578127648834421,0.24402131907143765,0.281525902810217,0
62997,63494,63246,252.75075817108154,254.74477577209473,253.7497730255127,REST,0.3465821075322215,0.30684719877390876,0.4626753801058522,0.2906157804079675,0.3261900708411575,0
63246,63743,63495,253.7497730255127,255.74379062652588,254.74878787994385,REST,0.35137421956600323,0.3253475288504795,0.47653741565754204,0.2785700937806654,0.3250418399753258,0
63495,63992,63744,254.74878787994385,256.74280548095703,255.747802734375,REST,0.27051805053908445,0.263558947612058,0.310097782722072,0.2264509163931063,0.28196455542910154,0
63744,64241,63993,255.747802734375,257.7418203353882,256.74681758880615,ACTIVE,0.3248282652753971,0.25499015108383166,0.4113288175973767,0.30554776581548626,0.32744632660489387,0
63993,64490,64242,256.74681758880615,258.74083518981934,257.7458324432373,ACTIVE,0.3457394864730711,0.293733591080495,0.43678684486815483,0.34606079528902867,0.306376714654606,0
64242,64739,64491,257.7458324432373,259.7398500442505,258.74484729766846,ACTIVE,0.2999186401889216,0.2845453627282309,0.3091695225283034,0.33823531352906094,0.2677243619700913,0
64491,64988,64740,258.74484729766846,260.73886489868164,259.7438621520996,ACTIVE,0.29557750925073445,0.21237760898777297,0.341134315711567,0.3330090539832436,0.2957890583203543,0
64740,65237,64989,259.7438621520996,261.7378797531128,260.74287700653076,ACTIVE,0.29640779210035145,0.21795722782957233,0.3510587508641569,0.3232008603543009,0.29341432935337575,0
64989,65486,65238,260.74287700653076,262.73689460754395,261.7418918609619,ACTIVE,0.2794162591090809,0.2444919986431541,0.3006468866506703,0.32917444097070847,0.24335171017179077,0
65238,65735,65487,261.7418918609619,263.7359094619751,262.74090671539307,ACTIVE,0.2703189966335352,0.22155229004406007,0.29426519451592315,0.303679008821407,0.26177949315275073,0
65487,65984,65736,262.74090671539307,264.73492431640625,263.7399215698242,ACTIVE,0.2601291739800517,0.2104832473513834,0.27326697068104583,0.29620661011136484,0.26055986777641266,0
65736,66233,65985,263.7399215698242,265.7339391708374,264.73893642425537,ACTIVE,0.31450682901895843,0.2714968171213831,0.40734484591659553,0.31370557121135756,0.2654800818264974,0
65985,66482,66234,264.73893642425537,266.73295402526855,265.7379512786865,REST,0.3349453170372739,0.26232618438559585,0.45361118037094283,0.3271145968260237,0.29672930656653324,0
66234,66731,66483,265.7379512786865,267.7319688796997,266.7369661331177,REST,0.36507640183578477,0.3250991081506539,0.4833599849223049,0.33778452813255827,0.31406198613762193,0
66483,66980,66732,266.7369661331177,268.73098373413086,267.7359809875488,REST,0.4332561353106156,0.4120361134725713,0.589300249310057,0.34610816007635825,0.38558001838347583,0
66732,67229,66981,267.7359809875488,269.729998588562,268.73499584198,REST,0.3614923838068278,0.32295876821824915,0.4746205053827981,0.30203835602156004,0.346351905604704,0
66981,67478,67230,268.73499584198,270.72901344299316,269.73401069641113,REST,0.23526844017899468,0.18370120953460992,0.27959353844392065,0.22420346232430677,0.2535755504131414,0
67230,67727,67479,269.73401069641113,271.7280282974243,270.7330255508423,REST,0.30322695027261215,0.2320104917154055,0.3295692949306781,0.31415995318356843,0.33716806126079657,0
67479,67976,67728,270.7330255508423,272.72704315185547,271.73204040527344,REST,0.3232552851184153,0.24684754387570654,0.32552844473309744,0.37783653388580696,0.34280861797905027,0
67728,68225,67977,271.73204040527344,273.7260580062866,272.7310552597046,REST,0.24810338935585852,0.1992320472271011,0.26213158157104594,0.28153105140006507,0.24951887722522198,0
67977,68474,68226,272.7310552597046,274.7250728607178,273.73007011413574,REST,0.2318275638040832,0.18126458674793688,0.3049266388495267,0.21297335757253172,0.22814567204633746,0
68226,68723,68475,273.73007011413574,275.7240877151489,274.7290849685669,REST,0.30771503173335546,0.2575211263121946,0.3763862894567767,0.3087425242801696,0.2882101868842811,0
68475,68972,68724,274.7290849685669,276.7231025695801,275.72809982299805,REST,0.39424151513917904,0.27861743772248293,0.3561056711945974,0.39947319637457834,0.5427697552650574,0
68724,69221,68973,275.72809982299805,277.72211742401123,276.7271146774292,REST,0.4763067193689862,0.25708473328794657,0.29818909316364806,0.6359429772091484,0.7140100738152018,1
68973,69470,69222,276.7271146774292,278.7211322784424,277.72612953186035,REST,0.5249376922577568,0.305798570227612,0.4246444833081008,0.7037461439706985,0.6655615715246158,1
69222,69719,69471,277.72612953186035,279.72014713287354,278.7251443862915,REST,0.4142747663325091,0.2983354255439396,0.41663951694707757,0.4680675616924479,0.47405656114657124,0
69471,69968,69720,278.7251443862915,280.7191619873047,279.72415924072266,REST,0.3022944341918776,0.28611549048709134,0.34737931000506883,0.27472709343016755,0.30095584284518295,0
69720,70217,69969,279.72415924072266,281.71817684173584,280.7231740951538,ACTIVE,0.3077757716377231,0.25587895980976433,0.34530375682596326,0.3421790789209594,0.28774129099420537,0
69969,70466,70218,280.7231740951538,282.717191696167,281.72218894958496,ACTIVE,0.2707103640833607,0.18377375792990452,0.22958369576687823,0.3671787671056527,0.30230523553100713,0
70218,70715,70467,281.72218894958496,283.71620655059814,282.7212038040161,ACTIVE,0.27803307333091104,0.2259042980504835,0.2606122894129397,0.3125377460992605,0.31307795976096053,0
70467,70964,70716,282.7212038040161,284.7152214050293,283.72021865844727,ACTIVE,0.24359041629543488,0.21658335369301784,0.26288617172065076,0.25018011971041476,0.24471202005765616,0
70716,71213,70965,283.72021865844727,285.71423625946045,284.7192335128784,ACTIVE,0.25385633636970906,0.18960639969172977,0.26318880619758966,0.3279754287578758,0.23465471083164102,0
70965,71462,71214,284.7192335128784,286.7132511138916,285.71824836730957,ACTIVE,0.32330632951808436,0.20672039885351848,0.30504995030578785,0.4463353540124808,0.3351196149005502,0
71214,71711,71463,285.71824836730957,287.71226596832275,286.7172632217407,ACTIVE,0.390365761597602,0.2829127530594276,0.4039596027734702,0.48653240488009114,0.38805828567741907,0
71463,71960,71712,286.7172632217407,288.7112808227539,287.7162780761719,ACTIVE,0.46743964836559776,0.3742091014118706,0.5724516763450929,0.5078132713880005,0.4152845443174272,1
71712,72209,71961,287.7162780761719,289.71029567718506,288.715292930603,ACTIVE,0.44157752597921884,0.35458649858869257,0.5412256197168125,0.4581108497238471,0.4123871358875233,1
71961,72458,72210,288.715292930603,290.7093105316162,289.7143077850342,REST,0.3057680909342109,0.2581399612786515,0.3090617549957937,0.308793483993926,0.3470771634684726,0
72210,72707,72459,289.7143077850342,291.70832538604736,290.71332263946533,REST,0.23798793088630188,0.2164885135569033,0.23166539117239388,0.24307980043542016,0.2607180183804902,0
72459,72956,72708,290.71332263946533,292.7073402404785,291.7123374938965,REST,0.2617439550683457,0.2158200550259851,0.3054137918269778,0.26404930215872185,0.26169267126169815,0
72708,73205,72957,291.7123374938965,293.70635509490967,292.71135234832764,REST,0.3268213807816416,0.2486132131784774,0.41694527080953775,0.3531516125679237,0.28857542657062746,0
72957,73454,73206,292.71135234832764,294.7053699493408,293.7103672027588,REST,0.4138103087193965,0.4271895206691509,0.4891191780533624,0.4232129085379023,0.3157196276171704,0
73206,73703,73455,293.7103672027588,295.704384803772,294.70938205718994,ACTIVE,0.42090907989180154,0.41468983809187443,0.4715764689671559,0.41550980857157094,0.3818602039366048,0
73455,73952,73704,294.70938205718994,296.7033996582031,295.7083969116211,ACTIVE,0.3269830803266161,0.2263592935662372,0.3951337186591719,0.34854737328237534,0.33789193579868,0
73704,74201,73953,295.7083969116211,297.7024145126343,296.70741176605225,ACTIVE,0.25603110008331725,0.17813852134218866,0.3455306258566641,0.2601997131789019,0.24025553995551424,0
73953,74450,74202,296.70741176605225,298.70142936706543,297.7064266204834,ACTIVE,0.26768139492058785,0.18854825314945117,0.36610293412006123,0.2752362415060579,0.24083815090678115,0
74202,74699,74451,297.7064266204834,299.7004442214966,298.70544147491455,ACTIVE,0.27542273821473257,0.20533360161304798,0.3801477672621069,0.2898935904807488,0.22631599350302647,0
74451,74948,74700,298.70544147491455,300.69945907592773,299.7044563293457,ACTIVE,0.29009519070826906,0.1906354115627008,0.40986139900326274,0.28803703770699074,0.27184691456012183,0
74700,75197,74949,299.7044563293457,301.6984739303589,300.70347118377686,ACTIVE,0.2925263404661812,0.20804007263444935,0.3610366927883448,0.2772344814721465,0.3237941149697841,0
74949,75446,75198,300.70347118377686,302.69748878479004,301.702486038208,ACTIVE,0.2911352600959934,0.21713767339467996,0.3278038083370848,0.30041190528916156,0.31918765336304733,0
75198,75695,75447,301.702486038208,303.6965036392212,302.70150089263916,ACTIVE,0.2878108005286193,0.2055355614777664,0.36241397085912536,0.3025908684169598,0.28070280136062553,0
75447,75944,75696,302.70150089263916,304.69551849365234,303.7005157470703,REST,0.303540279178582,0.1963904016774144,0.32864082909048453,0.4030753306143412,0.28605455533208796,0
75696,76193,75945,303.7005157470703,305.6945333480835,304.69953060150146,REST,0.29445133169922083,0.20530603403543443,0.28287371998296024,0.39933217212480226,0.2902934006536863,0
75945,76442,76194,304.69953060150146,306.69354820251465,305.6985454559326,REST,0.3161382861088854,0.2560564776310019,0.3436135890377982,0.3014970789048199,0.36338599886192136,0
76194,76691,76443,305.6985454559326,307.6925630569458,306.69756031036377,REST,0.31220048696873803,0.27103796216315623,0.36364708727123934,0.2761323789358603,0.33798451950469616,0
76443,76940,76692,306.69756031036377,308.69157791137695,307.6965751647949,REST,0.3270018831230875,0.3006685223132129,0.33128770655825274,0.34412236145435837,0.3319289421665259,0
76692,77189,76941,307.6965751647949,309.6905927658081,308.6955900192261,REST,0.3363892581893569,0.286977399319618,0.3199759625292298,0.3882130661470555,0.3503906047615242,0
76941,77438,77190,308.6955900192261,310.68960762023926,309.6946048736572,REST,0.25497058585276905,0.20519822557408762,0.27274565671026546,0.30281118051731326,0.23912728060940983,0
77190,77687,77439,309.6946048736572,311.6886224746704,310.6936197280884,REST,0.3420486176360747,0.281125401921739,0.3083924073995055,0.435959706646528,0.34271695457652634,0
77439,77936,77688,310.6936197280884,312.68763732910156,311.69263458251953,REST,0.5283266507863423,0.3653196219456167,0.4294044329977889,0.7417151249431774,0.5768674232587861,1
77688,78185,77937,311.69263458251953,313.6866521835327,312.6916494369507,REST,0.4989404889604221,0.3288924299767373,0.384109224599583,0.7151349252993724,0.5676253759659957,1
77937,78434,78186,312.6916494369507,314.68566703796387,313.69066429138184,REST,0.4088998812705311,0.3482129571587666,0.28205153606778477,0.47691362863577424,0.5284214032197989,0
78186,78683,78435,313.69066429138184,315.684681892395,314.689679145813,REST,0.4213838781155024,0.344586858999239,0.3603530246467465,0.4105844301534755,0.5700111986625486,0
78435,78932,78684,314.689679145813,316.6836967468262,315.68869400024414,REST,0.4818951001870416,0.3008110366799669,0.4022577351973593,0.5307563003213951,0.6937553285494453,1
78684,79181,78933,315.68869400024414,317.6827116012573,316.6877088546753,REST,0.573991252834659,0.38869660660545374,0.4068085613050046,0.6939831532951206,0.806476690133057,1
78933,79430,79182,316.6877088546753,318.6817264556885,317.68672370910645,REST,0.5175827843967548,0.35187090478052824,0.3814330727321832,0.5432824126365482,0.7937447474377596,1
79182,79679,79431,317.68672370910645,319.68074131011963,318.6857385635376,REST,0.41283708728679086,0.28243832405179053,0.3385176913911607,0.3153016943285494,0.7150906393756629,0
79431,79928,79680,318.6857385635376,320.6797561645508,319.68475341796875,ACTIVE,0.3922903670586315,0.2817056914714496,0.30203720945133183,0.40927005593102195,0.5761485113807225,0
79680,80177,79929,319.68475341796875,321.67877101898193,320.6837682723999,ACTIVE,0.4236133982019495,0.2865156876605474,0.37515186779674464,0.4553963480879852,0.5773896892625208,0
79929,80426,80178,320.6837682723999,322.6777858734131,321.68278312683105,ACTIVE,0.3664170035526924,0.28227669831330987,0.3738939688720677,0.35991542327593223,0.4495819237494598,0
80178,80675,80427,321.68278312683105,323.67680072784424,322.6817979812622,ACTIVE,0.2624696649435976,0.23219908822872534,0.31866955107142625,0.27313481117794364,0.22587520929629507,0
80427,80924,80676,322.6817979812622,324.6758155822754,323.68081283569336,ACTIVE,0.23948157958943728,0.2086460305207655,0.31570955871588013,0.24227714352539162,0.19129358559571186,0
80676,81173,80925,323.68081283569336,325.67483043670654,324.6798276901245,ACTIVE,0.19995831842411735,0.1763000750823029,0.2485807347480729,0.19093477672949963,0.18401768713659394,0
80925,81422,81174,324.6798276901245,326.6738452911377,325.67884254455566,ACTIVE,0.28824110035275535,0.2714722402629833,0.37468409624596294,0.2682169227994753,0.2385911421026,0
81174,81671,81423,325.67884254455566,327.67286014556885,326.6778573989868,ACTIVE,0.3650955406780611,0.33468953768494464,0.41766025928315464,0.377630250077609,0.33040211566653627,0
81423,81920,81672,326.6778573989868,328.671875,327.67687225341797,REST,0.3127049064039768,0.25636847012886044,0.28933955605839373,0.3628627823359591,0.3422488170926939,0
81672,82169,81921,327.67687225341797,329.67088985443115,328.6758871078491,REST,0.31712469744040017,0.21528330269579435,0.2672597871890273,0.4501249567755497,0.33583074310122923,0
81921,82418,82170,328.6758871078491,330.6699047088623,329.6749019622803,REST,0.3672148461823629,0.23176651758301214,0.29555459716592414,0.5066634375394559,0.4348748324410594,0
82170,82667,82419,329.6749019622803,331.66891956329346,330.6739168167114,REST,0.3237559054596037,0.24296001337847453,0.3065634719347803,0.3600833479974431,0.3854167885277168,0
82419,82916,82668,330.6739168167114,332.6679344177246,331.6729316711426,REST,0.37393791811283666,0.3762851994338634,0.4852745916395648,0.2971424200379524,0.337049461339966,0
82668,83165,82917,331.6729316711426,333.66694927215576,332.67194652557373,REST,0.40311038610008265,0.363829289511691,0.5158747386172019,0.32907140850687394,0.40366610776456385,0
82917,83414,83166,332.67194652557373,334.6659641265869,333.6709613800049,ACTIVE,0.33419007542447937,0.2218029330117798,0.37179746852614515,0.29522469635431736,0.4479352038056752,0
83166,83663,83415,333.6709613800049,335.66497898101807,334.66997623443604,ACTIVE,0.33135298604236707,0.21627288403562847,0.37996047867624794,0.29215789687996335,0.43702068457762866,0
83415,83912,83664,334.66997623443604,336.6639938354492,335.6689910888672,ACTIVE,0.2970356129803795,0.215578926072334,0.3787045532905283,0.2826019185672868,0.31125705399136905,0
83664,84161,83913,335.6689910888672,337.66300868988037,336.66800594329834,ACTIVE,0.24512019465392193,0.1914936573433741,0.31688622890604207,0.2331420364192268,0.23895885594704475,0
83913,84410,84162,336.66800594329834,338.6620235443115,337.6670207977295,ACTIVE,0.2515127319749695,0.18842093978522048,0.32992263371309416,0.24399138307959353,0.24371597132196987,0
84162,84659,84411,337.6670207977295,339.6610383987427,338.66603565216064,ACTIVE,0.2567972357791315,0.19089571439269515,0.3302172222491753,0.26048447176204453,0.24559153471261105,0
84411,84908,84660,338.66603565216064,340.6600532531738,339.6650505065918,ACTIVE,0.26524195656241073,0.19223753404457716,0.30431682755400064,0.2828988945171295,0.2815145701339356,0
84660,85157,84909,339.6650505065918,341.659068107605,340.66406536102295,ACTIVE,0.34481090093711975,0.22146050020976174,0.29697301023109013,0.5324464502300956,0.32836364307753174,0
84909,85406,85158,340.66406536102295,342.65808296203613,341.6630802154541,ACTIVE,0.32979050901744,0.23439318181565785,0.2709429653254359,0.5230038156873935,0.29082207324127274,0
85158,85655,85407,341.6630802154541,343.6570978164673,342.66209506988525,REST,0.23411719863203462,0.19817219554790766,0.26554088582606034,0.2646502910006474,0.20810542215352298,0
85407,85904,85656,342.66209506988525,344.65611267089844,343.6611099243164,REST,0.23942528431953902,0.19377581892204962,0.3042692421521866,0.2613280961782121,0.1983279800257078,0
85656,86153,85905,343.6611099243164,345.6551275253296,344.66012477874756,REST,0.2636031590418854,0.2538134084882666,0.3131534519342481,0.26424178914645263,0.22320398659857435,0
85905,86402,86154,344.66012477874756,346.65414237976074,345.6591396331787,REST,0.2690054012370522,0.2516923910934716,0.32876331973945216,0.2409607205840741,0.25460517353121076,0
86154,86651,86403,345.6591396331787,347.6531572341919,346.65815448760986,REST,0.30941989273108444,0.24674838333623925,0.3832828729569156,0.30958987449147934,0.29805844013970356,0
86403,86900,86652,346.65815448760986,348.65217208862305,347.657169342041,REST,0.3298892386112666,0.31853151367579013,0.38586318098706124,0.3309952302366301,0.2841670295455849,0
86652,87149,86901,347.657169342041,349.6511869430542,348.65618419647217,REST,0.2908823877190614,0.32389789112678985,0.34860476106774957,0.24060271774214945,0.25042418093955665,0
86901,87398,87150,348.65618419647217,350.65020179748535,349.6551990509033,REST,0.26218081905573754,0.24605522627489562,0.28440454237386914,0.24015848792328057,0.2781050196509048,0
87150,87647,87399,349.6551990509033,351.6492166519165,350.6542139053345,REST,0.3125705910821175,0.21000506333653482,0.2681745014639703,0.35362970491732587,0.41847309461063886,0
87399,87896,87648,350.6542139053345,352.64823150634766,351.6532287597656,REST,0.31303234763882076,0.19376132180839073,0.28166998952927236,0.3711634657105889,0.40553461350703096,0
87648,88145,87897,351.6532287597656,353.6472463607788,352.6522436141968,REST,0.31552249540436006,0.1651231919049528,0.2968559783320989,0.3632430087661282,0.4368678026142602,0
87897,88394,88146,352.6522436141968,354.64626121520996,353.65125846862793,REST,0.36276591149178783,0.20967038935976978,0.3540748722550932,0.3877647618167902,0.49955362253549795,0
88146,88643,88395,353.65125846862793,355.6452760696411,354.6502733230591,REST,0.3923206764799665,0.25835513606147265,0.38224522665357086,0.4520850490242706,0.4765972941805518,0
88395,88892,88644,354.6502733230591,356.64429092407227,355.64928817749023,REST,0.4056981183731223,0.2439799001364272,0.3580996591920728,0.5412217715808735,0.47949114258311576,0
88644,89141,88893,355.64928817749023,357.6433057785034,356.6483030319214,REST,0.3775879212547888,0.20740213015017622,0.31358864653504137,0.5758891842181628,0.41347172411577476,0
88893,89390,89142,356.6483030319214,358.64232063293457,357.64731788635254,REST,0.3872344979693428,0.23539560323507108,0.30070819796925435,0.5937501791326387,0.4190840115404069,0
89142,89639,89391,357.64731788635254,359.6413354873657,358.6463327407837,ACTIVE,0.415532854165144,0.25660955242846456,0.28996261865316625,0.6188354372453947,0.4967238083335506,0
89391,89888,89640,358.6463327407837,360.6403503417969,359.64534759521484,ACTIVE,0.4254596146696439,0.27388116451554795,0.2917145953435571,0.6266017255793397,0.5096409732401309,0
89640,90137,89889,359.64534759521484,361.639365196228,360.644362449646,ACTIVE,0.4591265310287693,0.2900969391773055,0.3363357436695177,0.6387109047477351,0.5713625365205189,1
89889,90386,90138,360.644362449646,362.6383800506592,361.64337730407715,ACTIVE,0.40634225464968277,0.24429636983847575,0.33270681758576476,0.5190048044016718,0.5293610267728187,0
90138,90635,90387,361.64337730407715,363.63739490509033,362.6423921585083,ACTIVE,0.2525215078480612,0.1835611040551818,0.2673598430156842,0.26464608583840693,0.29451899848297186,0
90387,90884,90636,362.6423921585083,364.6364097595215,363.64140701293945,ACTIVE,0.2220051693204097,0.17399626603028137,0.2614915424064199,0.2328521279331547,0.21968074091178286,0
90636,91133,90885,363.64140701293945,365.63542461395264,364.6404218673706,ACTIVE,0.24671243514667374,0.2087561681903584,0.28845454064771353,0.28292975731693676,0.2067092744316863,0
90885,91382,91134,364.6404218673706,366.6344394683838,365.63943672180176,ACTIVE,0.23030315817902203,0.20474780701410217,0.28861562315662764,0.26704889136750776,0.1608003111778506,0
91134,91631,91383,365.63943672180176,367.63345432281494,366.6384515762329,REST,0.2173066175080636,0.17042435050747035,0.27500901831116714,0.23878582928274755,0.1850072719308694,0
91383,91880,91632,366.6384515762329,368.6324691772461,367.63746643066406,REST,0.28194793280499325,0.2223964014112601,0.3110694188561594,0.3148273519042275,0.279498559048326,0
91632,92129,91881,367.63746643066406,369.63148403167725,368.6364812850952,REST,0.31653196532182004,0.23487401682775055,0.32415259412392305,0.38202421364623457,0.325077036689372,0
91881,92378,92130,368.6364812850952,370.6304988861084,369.63549613952637,REST,0.30710001888026695,0.22480960087907784,0.32390583645310356,0.3468419828329258,0.33284265535596064,0
92130,92627,92379,369.63549613952637,371.62951374053955,370.6345109939575,REST,0.2784716590368303,0.21014303458838565,0.30796511039207325,0.26716162957261586,0.3286168615942464,0
92379,92876,92628,370.6345109939575,372.6285285949707,371.6335258483887,REST,0.2531943324084417,0.174532346980436,0.27792551229912443,0.25481845744565884,0.30550101290854753,0
92628,93125,92877,371.6335258483887,373.62754344940186,372.6325407028198,ACTIVE,0.27707243721829933,0.1778778156940423,0.31927620629636844,0.30416927425852813,0.30696645262425837,0
92877,93374,93126,372.6325407028198,374.626558303833,373.631555557251,ACTIVE,0.295057568597891,0.18712672567516997,0.3495069234824373,0.31995880362866297,0.3236378216052938,0
93126,93623,93375,373.631555557251,375.62557315826416,374.63057041168213,ACTIVE,0.36493065295734717,0.3714595282734697,0.427211773232764,0.33704280192675523,0.32400850839639983,0
93375,93872,93624,374.63057041168213,376.6245880126953,375.6295852661133,ACTIVE,0.3452009132449767,0.3771780233223926,0.41320271356901683,0.32892508520506486,0.26149783088343265,0
93624,94121,93873,375.6295852661133,377.62360286712646,376.62860012054443,ACTIVE,0.25264148161945293,0.201976495333538,0.31222394415100624,0.2772731986334115,0.21909228835985597,0
93873,94370,94122,376.62860012054443,378.6226177215576,377.6276149749756,ACTIVE,0.2318575214033093,0.1795819691449777,0.29241963009962885,0.24818219270836206,0.20724629366026867,0
94122,94619,94371,377.6276149749756,379.62163257598877,378.62662982940674,ACTIVE,0.24420963098924084,0.21938500262108768,0.3572992650863063,0.22183032167061623,0.17832393457895312,0
94371,94868,94620,378.62662982940674,380.6206474304199,379.6256446838379,ACTIVE,0.24960249990615546,0.24710848673778446,0.37064048141877826,0.19350684876902416,0.1871541826990351,0
94620,95117,94869,379.6256446838379,381.6196622848511,380.62465953826904,ACTIVE,0.2860614624149885,0.2664564521799623,0.34110911889908163,0.2823482481867609,0.254332030394149,0
94869,95366,95118,380.62465953826904,382.6186771392822,381.6236743927002,REST,0.2973117461782953,0.245114208926249,0.3277841691721721,0.33651637529862416,0.2798322313161358,0
95118,95615,95367,381.6236743927002,383.6176919937134,382.62268924713135,REST,0.25378201894460123,0.2001750978109037,0.27455891994789655,0.27811346757739297,0.26228059044221164,0
95367,95864,95616,382.62268924713135,384.61670684814453,383.6217041015625,REST,0.26113377135034427,0.21280518571666043,0.2861865972793231,0.26629016235681424,0.2792531400485792,0
95616,96113,95865,383.6217041015625,385.6157217025757,384.62071895599365,REST,0.25805907885143664,0.2077881263203266,0.2945238990800176,0.25039287615553907,0.2795314138498633,0
95865,96362,96114,384.62071895599365,386.61473655700684,385.6197338104248,REST,0.23019327364267994,0.18479771916830018,0.24936001022231313,0.21296007896225247,0.273655286217854,0
96114,96611,96363,385.6197338104248,387.613751411438,386.61874866485596,REST,0.25189739354700164,0.2309460478187207,0.2694553162034643,0.24574241270695518,0.2614457974588665,0
96363,96860,96612,386.61874866485596,388.61276626586914,387.6177635192871,REST,0.2360701330437223,0.22424318191600023,0.257693645749667,0.2400894292724267,0.22225427523679522,0
96612,97109,96861,387.6177635192871,389.6117811203003,388.61677837371826,REST,0.20169344724778926,0.1712948399132783,0.19018565299177378,0.23501370119874543,0.21027959488735948,0
96861,97358,97110,388.61677837371826,390.61079597473145,389.6157932281494,REST,0.36313840262115943,0.3412176025572057,0.44420656439471307,0.33190590801002273,0.3352235355226963,0
97110,97607,97359,389.6157932281494,391.6098108291626,390.61480808258057,REST,0.3568778798045423,0.3385334849277032,0.45575734440647325,0.30045449243346684,0.3327661974505258,0
97359,97856,97608,390.61480808258057,392.60882568359375,391.6138229370117,REST,0.25999600374693976,0.22692898080948745,0.2668863352385184,0.2916793814448783,0.25448931749487486,0
97608,98105,97857,391.6138229370117,393.6078405380249,392.61283779144287,REST,0.28474306797628535,0.2548051961995712,0.2850799128987917,0.3160037321343037,0.2830834306724749,0
97857,98354,98106,392.61283779144287,394.60685539245605,393.611852645874,REST,0.2736591491609953,0.23433530311346892,0.3018713890866959,0.27828647142839474,0.28014343301542177,0
98106,98603,98355,393.611852645874,395.6058702468872,394.6108675003052,REST,0.2735031336064352,0.22625639822473576,0.32901741282773905,0.28081869943705867,0.2579200239362071,0
98355,98852,98604,394.6108675003052,396.60488510131836,395.6098823547363,REST,0.32059377142259093,0.24510363513856165,0.337402668451554,0.35058915028297566,0.3492796318172724,0
98604,99101,98853,395.6098823547363,397.6038999557495,396.6088972091675,REST,0.3579765405277521,0.2745055420082612,0.320330713505156,0.4565918019247992,0.380478104672792,0
98853,99350,99102,396.6088972091675,398.60291481018066,397.60791206359863,ACTIVE,0.3022175351655826,0.24783779450111149,0.27263340131543357,0.39339301613265254,0.29500592871313264,0
99102,99599,99351,397.60791206359863,399.6019296646118,398.6069269180298,ACTIVE,0.24180128952822943,0.18651963182669465,0.26982507346534723,0.24524527565127,0.265615177169606,0
99351,99848,99600,398.6069269180298,400.60094451904297,399.60594177246094,ACTIVE,0.2651792948944295,0.17657038488143056,0.31126520301025085,0.2846773059478187,0.2882042857382178,0
99600,100097,99849,399.60594177246094,401.5999593734741,400.6049566268921,ACTIVE,0.2967021665763898,0.2008912580867316,0.36252124865073904,0.34273009047800984,0.2806660690900788,0
99849,100346,100098,400.6049566268921,402.5989742279053,401.60397148132324,ACTIVE,0.28979935424004105,0.1983860807497863,0.3823406927686624,0.33271672213820674,0.2457539213035088,0
100098,100595,100347,401.60397148132324,403.5979890823364,402.6029863357544,ACTIVE,0.258039988367401,0.19287840075194546,0.3385465294323152,0.2861687791034354,0.2145662441819079,0
100347,100844,100596,402.6029863357544,404.5970039367676,403.60200119018555,ACTIVE,0.20950332420768908,0.1835723200945416,0.2486926167710348,0.23148240620906543,0.1742659537561144,0
100596,101093,100845,403.60200119018555,405.59601879119873,404.6010160446167,ACTIVE,0.19490035670258044,0.1841909462671416,0.20989409893959232,0.20945828919786835,0.1760580924057195,0
100845,101342,101094,404.6010160446167,406.5950336456299,405.60003089904785,REST,0.21731312750717174,0.18597343177466638,0.2616476322149748,0.20390505308305806,0.21772639295598778,0
101094,101591,101343,405.60003089904785,407.59404850006104,406.599045753479,REST,0.25651439442283736,0.2578726364329587,0.31615233824829325,0.19931220038798422,0.25272040262211315,0
101343,101840,101592,406.599045753479,408.5930633544922,407.59806060791016,REST,0.3053092820264051,0.2808612377439872,0.3523849174299146,0.2868886139120447,0.3011023590196739,0
101592,102089,101841,407.59806060791016,409.59207820892334,408.5970754623413,REST,0.4143178723572225,0.3227541620363351,0.4001308415445992,0.49554399468303545,0.4388424911649202,0
101841,102338,102090,408.5970754623413,410.5910930633545,409.59609031677246,REST,0.44406169942694346,0.35300485541111215,0.45057494008441107,0.4998700983170515,0.4727969038951992,1
102090,102587,102339,409.59609031677246,411.59010791778564,410.5951051712036,REST,0.37215759331724696,0.2448952738950011,0.42878187334542217,0.42369717067942947,0.391256055349135,0
102339,102836,102588,410.5951051712036,412.5891227722168,411.59412002563477,REST,0.32539427818294686,0.20720842335095127,0.38865474653371074,0.3936098056950636,0.31210413715206187,0
102588,103085,102837,411.59412002563477,413.58813762664795,412.5931348800659,ACTIVE,0.2694705741216437,0.21874322185788722,0.3435741826726971,0.2609212159848288,0.2546436759711616,0
102837,103334,103086,412.5931348800659,414.5871524810791,413.59214973449707,ACTIVE,0.2802958961362863,0.23731808025581322,0.34593426572534486,0.285076748056148,0.2528544905078392,0
103086,103583,103335,413.59214973449707,415.58616733551025,414.5911645889282,ACTIVE,0.28730327672375594,0.25703567687945794,0.36312527486350177,0.2814989956087871,0.24755315954327686,0
103335,103832,103584,414.5911645889282,416.5851821899414,415.5901794433594,ACTIVE,0.2720492075231987,0.29046083277270224,0.2975079930496984,0.2797892307384223,0.22043877353197192,0
103584,104081,103833,415.5901794433594,417.58419704437256,416.5891942977905,ACTIVE,0.273555847529769,0.2939940514832995,0.27518875532795417,0.3142451122182194,0.21079547108960295,0
103833,104330,104082,416.5891942977905,418.5832118988037,417.5882091522217,ACTIVE,0.23900576049368247,0.2178666935489929,0.27076683062727985,0.2706209995306036,0.19676851826785344,0
104082,104579,104331,417.5882091522217,419.58222675323486,418.58722400665283,ACTIVE,0.2433229324894354,0.2018681768051822,0.2972313026364957,0.26838779671951396,0.20580445379654963,0
104331,104828,104580,418.58722400665283,420.581241607666,419.586238861084,ACTIVE,0.25100363883793575,0.21083666511841714,0.30105518688462973,0.2785055272785067,0.2136171760701894,0
104580,105077,104829,419.586238861084,421.58025646209717,420.58525371551514,ACTIVE,0.22998102197019565,0.19671833005256711,0.2483492525408768,0.2693405550222345,0.20551595026510433,0
104829,105326,105078,420.58525371551514,422.5792713165283,421.5842685699463,REST,0.23643271500348753,0.1826004167807116,0.2572390689995735,0.2579445096432245,0.24794686459044046,0
105078,105575,105327,421.5842685699463,423.5782861709595,422.58328342437744,REST,0.2281757862870634,0.15065723942745246,0.278055189361169,0.23749130619274106,0.24649941016689103,0
105327,105824,105576,422.58328342437744,424.5773010253906,423.5822982788086,REST,0.22707537009458384,0.15880510858077518,0.28787242142957065,0.23502282457645748,0.22660112579153208,0
105576,106073,105825,423.5822982788086,425.5763158798218,424.58131313323975,REST,0.26396371244846106,0.20028594351191634,0.3511854606063003,0.2870172660450752,0.2173661796305523,0
105825,106322,106074,424.58131313323975,426.57533073425293,425.5803279876709,REST,0.25775438506246867,0.2163629103607607,0.32725923912272087,0.27650710835392295,0.21088828241247018,0
106074,106571,106323,425.5803279876709,427.5743455886841,426.57934284210205,REST,0.3895519623542214,0.3784813037597388,0.4389987478811742,0.5073959043316201,0.2333318934443524,0
106323,106820,106572,426.57934284210205,428.57336044311523,427.5783576965332,REST,31.048074327528077,33.86929295930247,29.85690578630383,46.12259744670277,14.343501117803235,1
106572,107069,106821,427.5783576965332,429.5723752975464,428.57737255096436,REST,68.70644855238235,76.31423977886496,68.33712893118435,98.94005242492791,31.234373074552195,1
106821,107318,107070,428.57737255096436,430.57139015197754,429.5763874053955,REST,61.28856942334641,68.38987693036606,61.472404334289294,87.53488669773996,27.757109730990333,1
107070,107567,107319,429.5763874053955,431.5704050064087,430.57540225982666,REST,0.6680948184062386,0.6160139269065802,0.46897546770395127,0.6637785675445873,0.9236113114698357,1
107319,107816,107568,430.57540225982666,432.56941986083984,431.5744171142578,REST,0.4951553710335409,0.31970224463163044,0.45432210140630547,0.5041026847137677,0.70249445338246,1
107568,108065,107817,431.5744171142578,433.568434715271,432.57343196868896,REST,0.4306086602875647,0.29248850967593143,0.47509937685952797,0.4222241035619624,0.5326226510528372,0
107817,108314,108066,432.57343196868896,434.56744956970215,433.5724468231201,REST,0.3828909530786283,0.2754434255865964,0.37787523442279797,0.4049781679591474,0.4732669843459716,0
108066,108563,108315,433.5724468231201,435.5664644241333,434.57146167755127,REST,0.3424181621935625,0.2663161990582787,0.320966257240953,0.3299979494975173,0.45239224297750114,0
108315,108812,108564,434.57146167755127,436.56547927856445,435.5704765319824,REST,0.35688062432884265,0.37339294184845717,0.394302008898304,0.32376896267295385,0.33605858389565557,0
108564,109061,108813,435.5704765319824,437.5644941329956,436.5694913864136,REST,0.4214505608287295,0.3697964890399442,0.4047233443481446,0.44981463395798654,0.46146777596884253,0
108813,109310,109062,436.5694913864136,438.56350898742676,437.5685062408447,REST,0.41869702344685034,0.29502186697855415,0.32538958556029285,0.5152758962251336,0.5391007450234208,0
109062,109559,109311,437.5685062408447,439.5625238418579,438.5675210952759,REST,0.4535949489484734,0.3145558953798839,0.3142027181045693,0.5446239495652514,0.6409972327441892,1
109311,109808,109560,438.5675210952759,440.56153869628906,439.56653594970703,REST,0.47879760627824003,0.317669649934156,0.3218706637635425,0.5728236834021939,0.7028264280130678,1
109560,110057,109809,439.56653594970703,441.5605535507202,440.5655508041382,REST,0.5219027292180637,0.32790055109177507,0.3689610240393338,0.62401500951846,0.7667343322226857,1
109809,110306,110058,440.5655508041382,442.55956840515137,441.56456565856934,REST,0.539631193880134,0.32057544298010565,0.3936199062086232,0.588090467616835,0.8562389587149721,1
110058,110555,110307,441.56456565856934,443.5585832595825,442.5635805130005,REST,0.5225934756496913,0.31676763634035904,0.3803263113862197,0.5854417185604271,0.8078382363117592,1
110307,110804,110556,442.5635805130005,444.5575981140137,443.56259536743164,REST,0.5068615998825556,0.3325911909314103,0.3521600353186929,0.5792296311339693,0.7634655421461499,1
110556,111053,110805,443.56259536743164,445.5566129684448,444.5616102218628,REST,0.5037210559182537,0.33305548611783603,0.35483867393494734,0.5543004155244363,0.7726896480957952,1
110805,111302,111054,444.5616102218628,446.555627822876,445.56062507629395,REST,0.4611272197012817,0.3805031003026338,0.3617653595025623,0.48910837710363037,0.6131320418963002,1
111054,111551,111303,445.56062507629395,447.55464267730713,446.5596399307251,REST,0.3659635779529755,0.3954517738814176,0.3343485039332589,0.33393071243025024,0.40012332156697533,0
111303,111800,111552,446.5596399307251,448.5536575317383,447.55865478515625,REST,0.35372223510701545,0.3346773467325942,0.32200721565532003,0.3560147760550623,0.4021896019850853,0
111552,112049,111801,447.55865478515625,449.55267238616943,448.5576696395874,REST,0.39089663993876556,0.3748726176257985,0.3707736778080682,0.41745128964810085,0.4004889746730947,0
111801,112298,112050,448.5576696395874,450.5516872406006,449.55668449401855,REST,0.4012264692550642,0.374685992511299,0.35857603531472426,0.3902884877705971,0.48135536142363644,0
112050,112547,112299,449.55668449401855,451.55070209503174,450.5556993484497,REST,0.349340288185541,0.32092757453669885,0.30954713233092457,0.3016874836478704,0.4651989622266704,0
112299,112796,112548,450.5556993484497,452.5497169494629,451.55471420288086,REST,0.3319651842611936,0.28762897174808777,0.28925157437047455,0.38186191752625287,0.36911827339995923,0
112548,113045,112797,451.55471420288086,453.54873180389404,452.553729057312,REST,0.3045080281220722,0.2350057333543127,0.2661868695385649,0.39233262835115146,0.3245068812442599,0
112797,113294,113046,452.553729057312,454.5477466583252,453.55274391174316,REST,0.29040717144610473,0.232101550544414,0.2618017559007719,0.30221524130101096,0.3655101380382221,0
113046,113543,113295,453.55274391174316,455.54676151275635,454.5517587661743,REST,0.3723377189284937,0.3135283580039712,0.3209903059376272,0.4218133972764089,0.43301881449596746,0
113295,113792,113544,454.5517587661743,456.5457763671875,455.55077362060547,REST,0.3788116489879607,0.3361550734214048,0.33419839619556624,0.4685815375403621,0.3763115887945097,0
113544,114041,113793,455.55077362060547,457.54479122161865,456.5497884750366,REST,0.36566596346422386,0.3071606023408837,0.335544552978639,0.39344090364389034,0.4265177948934825,0
113793,114290,114042,456.5497884750366,458.5438060760498,457.5488033294678,REST,0.4639936614725278,0.3485261131930785,0.362892007637656,0.46546493747419554,0.6790915875851811,1
114042,114539,114291,457.5488033294678,459.54282093048096,458.5478181838989,REST,0.5310685818484944,0.36312364730815466,0.4243489818420367,0.523841039610627,0.8129606586331588,1
114291,114788,114540,458.5478181838989,460.5418357849121,459.5468330383301,REST,0.5391622921800577,0.3370762926685416,0.4720902129417382,0.6251303531900783,0.7223523099198726,1
114540,115037,114789,459.5468330383301,461.54085063934326,460.54584789276123,REST,0.5371339782962481,0.3530948051382073,0.4167124170132797,0.6805833119716228,0.6981453790618823,1
114789,115286,115038,460.54584789276123,462.5398654937744,461.5448627471924,REST,0.5073615209554958,0.3444831197610801,0.34962487901490635,0.5689656407625331,0.766372444283464,1
115038,115535,115287,461.5448627471924,463.53888034820557,462.54387760162354,REST,0.5157089675100184,0.36468231749654006,0.338405055996114,0.6012065721514862,0.7585419243959335,1
115287,115784,115536,462.54387760162354,464.5378952026367,463.5428924560547,REST,0.5185695952395741,0.37174218324494546,0.356594754431391,0.5868541212319971,0.759087322049963,1
115536,116033,115785,463.5428924560547,465.53691005706787,464.54190731048584,REST,0.4881730174629565,0.31283329557210904,0.3913008909808476,0.5215779175566304,0.726979965742239,1
115785,116282,116034,464.54190731048584,466.535924911499,465.540922164917,REST,0.5333142319624817,0.3907183350328775,0.42806476031268037,0.6828997892348617,0.6315740432695071,1
116034,116531,116283,465.540922164917,467.5349397659302,466.53993701934814,REST,0.4579087442862042,0.38567212353690333,0.37395226012963034,0.597230481367628,0.47478011211065496,1
116283,116780,116532,466.53993701934814,468.5339546203613,467.5389518737793,REST,0.30691208717656965,0.2954604082850637,0.28605266764068554,0.31133576401927765,0.33479950876125175,0
116532,117029,116781,467.5389518737793,469.5329694747925,468.53796672821045,REST,0.32258874510141583,0.26940193030158244,0.34462579947285354,0.285569922927536,0.3907573277036913,0
116781,117278,117030,468.53796672821045,470.53198432922363,469.5369815826416,REST,0.36089071320861166,0.2668024190355314,0.3999620340760025,0.33756500762485037,0.43923339209806234,0
117030,117527,117279,469.5369815826416,471.5309991836548,470.53599643707275,REST,0.3855225641328697,0.3208293361429909,0.37340323399515446,0.36058970655506567,0.487267979838268,0
117279,117776,117528,470.53599643707275,472.53001403808594,471.5350112915039,REST,0.3379446249131417,0.28934497269921633,0.3049381761003435,0.3143934188623716,0.4431019319906354,0
117528,118025,117777,471.5350112915039,473.5290288925171,472.53402614593506,REST,0.29807434095108915,0.23897763738468503,0.26060099334156717,0.31382876734757187,0.3788899657305325,0
117777,118274,118026,472.53402614593506,474.52804374694824,473.5330410003662,REST,0.5855956124649682,0.6514617981390423,0.6196590063967179,0.5647193564337571,0.5065422888903556,1
118026,118523,118275,473.5330410003662,475.5270586013794,474.53205585479736,ACTIVE,0.6996583353893591,0.8539929342501524,0.7835100803056475,0.6205971444605376,0.5405331825410984,1
118275,118772,118524,474.53205585479736,476.52607345581055,475.5310707092285,ACTIVE,0.6784296973502428,0.8153929107743505,0.8177478545256252,0.5106374472709727,0.5699405768300226,1
118524,119021,118773,475.5310707092285,477.5250883102417,476.53008556365967,ACTIVE,0.7006103544029453,0.7842945136942712,0.8843550193329519,0.5197747585447434,0.6140171260398145,1
118773,119270,119022,476.53008556365967,478.52410316467285,477.5291004180908,ACTIVE,0.6488683828057347,0.7127805414766993,0.8138803921628015,0.4970083342045879,0.5718042633788498,1
119022,119519,119271,477.5291004180908,479.523118019104,478.528115272522,ACTIVE,0.6048813235635991,0.6677117529886697,0.737278797466334,0.47979484519905713,0.534739898600336,1
119271,119768,119520,478.528115272522,480.52213287353516,479.5271301269531,ACTIVE,0.5860057769764654,0.6543636047439064,0.6754630469753901,0.5151850696960817,0.4990113864904835,1
119520,120017,119769,479.5271301269531,481.5211477279663,480.5261449813843,ACTIVE,0.5737492595834139,0.6185220862342378,0.6299947605040547,0.5724266112356471,0.4740535803597164,1
119769,120266,120018,480.5261449813843,482.52016258239746,481.52515983581543,ACTIVE,0.6105280398884038,0.6394979578637948,0.6117030229989865,0.62893427666485,0.5619769020259836,1
120018,120515,120267,481.52515983581543,483.5191774368286,482.5241746902466,REST,0.587948990863978,0.6069561612088293,0.587532764302184,0.5652223321593347,0.592084705785564,1
120267,120764,120516,482.5241746902466,484.51819229125977,483.52318954467773,REST,0.4573818892904148,0.40451325215671796,0.45914368666490535,0.40344999806334525,0.5624206202766906,1
120516,121013,120765,483.52318954467773,485.5172071456909,484.5222043991089,REST,0.3799755880675457,0.26838903514928014,0.35767055425321376,0.3581834542709035,0.5356593085967855,0
120765,121262,121014,484.5222043991089,486.51622200012207,485.52121925354004,REST,0.42614799186947605,0.3424167379121446,0.4252655154331231,0.42307407244726003,0.5138356416853765,0
121014,121511,121263,485.52121925354004,487.5152368545532,486.5202341079712,REST,0.40010836242402165,0.34532393591600385,0.3955722149372501,0.40744477094625803,0.45209252789657467,0
121263,121760,121512,486.5202341079712,488.5142517089844,487.51924896240234,REST,0.3324955399568552,0.30514499914110765,0.33250450334375875,0.33480302666386874,0.35752963067868576,0
121512,122009,121761,487.51924896240234,489.5132665634155,488.5182638168335,ACTIVE,1.1850229072071468,1.412719397399602,1.4316640236868785,1.0030746606394556,0.8926335471026514,1
121761,122258,122010,488.5182638168335,490.5122814178467,489.51727867126465,ACTIVE,1.5979799777938972,1.8560035348250428,1.897093344891383,1.335402126852753,1.3034209046064102,1
122010,122507,122259,489.51727867126465,491.51129627227783,490.5162935256958,ACTIVE,1.5582896236681394,1.7755416130742165,1.7956672925963566,1.3376828773541758,1.324266711647809,1
122259,122756,122508,490.5162935256958,492.510311126709,491.51530838012695,ACTIVE,1.502304731219012,1.6929028362849992,1.694366924034833,1.282000294599819,1.3399488699563977,1
122508,123005,122757,491.51530838012695,493.50932598114014,492.5143232345581,ACTIVE,1.4319865033205275,1.5933979916445478,1.645460140068177,1.2259452939309348,1.2631425876384503,1
122757,123254,123006,492.5143232345581,494.5083408355713,493.51333808898926,ACTIVE,1.361233799161616,1.5318576478015051,1.5726373859501648,1.208611089829033,1.1318290730657614,1
123006,123503,123255,493.51333808898926,495.50735569000244,494.5123529434204,ACTIVE,1.2933899335245151,1.428235891280507,1.4779059068596132,1.1656759504339202,1.1017419855240203,1
123255,123752,123504,494.5123529434204,496.5063705444336,495.51136779785156,ACTIVE,1.1670404121256335,1.2925914988189324,1.354582914404883,1.0918867313456189,0.9291005039330992,1
123504,124001,123753,495.51136779785156,497.50538539886475,496.5103826522827,ACTIVE,0.9565579672557323,1.0474268174499188,1.0569178675922848,0.9161448841021949,0.8057422998785304,1
123753,124250,124002,496.5103826522827,498.5044002532959,497.50939750671387,REST,0.6872484845878587,0.7262701317266771,0.7515075452050216,0.6786758517857978,0.5925404096339384,1
124002,124499,124251,497.50939750671387,499.50341510772705,498.508412361145,REST,0.3390442560229459,0.3196670966962518,0.3691028073988566,0.3688370989451287,0.2985700210515465,0
124251,124748,124500,498.508412361145,500.5024299621582,499.5074272155762,REST,0.3164153427611606,0.2568322484113888,0.2898033033311737,0.33849214564485797,0.380533673657222,0
124500,124997,124749,499.5074272155762,501.50144481658936,500.5064420700073,REST,0.3627873386622078,0.2534855321961837,0.3103246338978376,0.3988457686286345,0.4884934199261753,0
124749,125246,124998,500.5064420700073,502.5004596710205,501.5054569244385,REST,0.36353376046964325,0.22850037811609603,0.2813339858353407,0.4451984673437212,0.4991022105834151,0
124998,125495,125247,501.5054569244385,503.49947452545166,502.50447177886963,REST,0.35335780020113294,0.218837449568657,0.26050932979589314,0.4340760022205151,0.5000084192194664,0
125247,125744,125496,502.50447177886963,504.4984893798828,503.5034866333008,REST,0.304696361595514,0.21532894369262118,0.24584219784060948,0.31563672677940696,0.4419775780694184,0
125496,125993,125745,503.5034866333008,505.49750423431396,504.50250148773193,REST,0.2952114089876964,0.2356320196605089,0.27431249890867637,0.2877145483979769,0.38318656898362335,0
125745,126242,125994,504.50250148773193,506.4965190887451,505.5015163421631,REST,0.33344331191110593,0.25660979576907633,0.28079067477246217,0.3488415743819147,0.44753120272097063,0
125994,126491,126243,505.5015163421631,507.49553394317627,506.50053119659424,REST,0.42821945260960026,0.31220207806703165,0.326930779992495,0.4583416379997635,0.6154033143791108,0
126243,126740,126492,506.50053119659424,508.4945487976074,507.4995460510254,REST,0.4360500306966003,0.3024384817559172,0.3219767341905649,0.5245685029642362,0.5952164038756829,0
126492,126989,126741,507.4995460510254,509.4935636520386,508.49856090545654,REST,0.33863905639951714,0.25177406114111855,0.2627401466730069,0.43317595778803464,0.40686605999590847,0
126741,127238,126990,508.49856090545654,510.4925785064697,509.4975757598877,REST,0.33298997003843755,0.2780394441419797,0.2833853661128957,0.3478775836966363,0.4226574862022385,0
126990,127487,127239,509.4975757598877,511.4915933609009,510.49659061431885,REST,0.36068276571145624,0.27229751649459066,0.3128949535420992,0.35857367230754106,0.49896492050159397,0
127239,127736,127488,510.49659061431885,512.490608215332,511.49560546875,REST,0.3986304658246175,0.24432701589319306,0.3167426385168334,0.46597988130159756,0.5674723275868458,0
127488,127985,127737,511.49560546875,513.4896230697632,512.4946203231812,REST,0.47979459596238366,0.33059568954693613,0.4836536856224521,0.5565817301492202,0.5483472785309262,1
127737,128234,127986,512.4946203231812,514.4886379241943,513.4936351776123,ACTIVE,0.8032048303716561,0.9227054874729468,0.8912849950535794,0.6966977613092334,0.7021310776508649,1
127986,128483,128235,513.4936351776123,515.4876527786255,514.4926500320435,ACTIVE,0.8160726381533332,0.9798726124964151,0.871535819431202,0.7167830893445267,0.6960990313411892,1
128235,128732,128484,514.4926500320435,516.4866676330566,515.4916648864746,ACTIVE,0.5979521593514364,0.6783398361094605,0.5930430557289025,0.6328351130649773,0.4875906325024057,1
128484,128981,128733,515.4916648864746,517.4856824874878,516.4906797409058,ACTIVE,0.7020268887476535,0.8529843174550698,0.6993359315052523,0.6794601184169151,0.5763271876133771,1
128733,129230,128982,516.4906797409058,518.484697341919,517.4896945953369,ACTIVE,0.7207046072464307,0.8669079935418741,0.749211819731923,0.6926936875174242,0.5740049281945014,1
128982,129479,129231,517.4896945953369,519.4837121963501,518.4887094497681,ACTIVE,0.6960025733779038,0.7842635052322507,0.6999949934801044,0.7630710790136147,0.5366807157856456,1
129231,129728,129480,518.4887094497681,520.4827270507812,519.4877243041992,ACTIVE,0.6961329457177676,0.7696366733333638,0.6943377965483142,0.7350705384946082,0.5854867744947841,1
129480,129977,129729,519.4877243041992,521.4817419052124,520.4867391586304,ACTIVE,0.6583821862809355,0.7021910930579236,0.689349675479564,0.6374473598524544,0.6045406167337996,1
129729,130226,129978,520.4867391586304,522.4807567596436,521.4857540130615,ACTIVE,0.5788335546035303,0.6030999068350454,0.594342610477036,0.5597336740956129,0.5581580270064269,1
129978,130475,130227,521.4857540130615,523.4797716140747,522.4847688674927,REST,0.43362633880962465,0.43344128473221427,0.4187554903589918,0.38716846727784227,0.4951401128694505,0
130227,130724,130476,522.4847688674927,524.4787864685059,523.4837837219238,REST,0.3801838554528597,0.2854014775275123,0.2688232029939799,0.4620533240570911,0.5044574172328556,0
130476,130973,130725,523.4837837219238,525.477801322937,524.482798576355,REST,0.42572790192699134,0.2732561781439265,0.31838854461857324,0.5285601132174074,0.5827067717280583,0
130725,131222,130974,524.482798576355,526.4768161773682,525.4818134307861,REST,0.36475560121600575,0.25598243682182664,0.3203434324914837,0.3891647942266014,0.4935317413241112,0
130974,131471,131223,525.4818134307861,527.4758310317993,526.4808282852173,REST,0.3719585045567862,0.34267667423234976,0.43819834662053336,0.3507944946862575,0.356164502688004,0
131223,131720,131472,526.4808282852173,528.4748458862305,527.4798431396484,ACTIVE,0.9654651961399077,1.0596332029360451,1.165083201524372,0.7654317493759928,0.8717126307232209,1
131472,131969,131721,527.4798431396484,529.4738607406616,528.4788579940796,ACTIVE,1.450295295565765,1.7086334385103505,1.754620256608013,1.184110914760678,1.1538165723840184,1
131721,132218,131970,528.4788579940796,530.4728755950928,529.4778728485107,ACTIVE,1.5202344705728745,1.8163613985157978,1.8384031070782427,1.2416179832877594,1.1845553934096982,1
131970,132467,132219,529.4778728485107,531.4718904495239,530.4768877029419,ACTIVE,1.41556051539032,1.6496858105003696,1.7056436301755582,1.1223135993018742,1.1845990215834779,1
132219,132716,132468,530.4768877029419,532.4709053039551,531.475902557373,ACTIVE,1.3664218588488037,1.5937319209397331,1.6285167215913994,1.1195551739852934,1.1238836188787884,1
132468,132965,132717,531.475902557373,533.4699201583862,532.4749174118042,ACTIVE,1.3263643730082078,1.5397480500227172,1.5508948075337705,1.0919473460825515,1.1228672883937914,1
132717,133214,132966,532.4749174118042,534.4689350128174,533.4739322662354,ACTIVE,1.3077118393459224,1.5097641602787497,1.5563491728607235,1.078512910162461,1.086221114081756,1
132966,133463,133215,533.4739322662354,535.4679498672485,534.4729471206665,ACTIVE,1.2954245429289095,1.507729519300958,1.5640030460188707,1.0563335144095114,1.0536320919862976,1
133215,133712,133464,534.4729471206665,536.4669647216797,535.4719619750977,ACTIVE,1.1847798249430381,1.3567996567047045,1.4108386582608285,0.9647967934419655,1.006684191364654,1
133464,133961,133713,535.4719619750977,537.4659795761108,536.4709768295288,REST,0.8081292957568855,0.8932123144436279,0.9506323130015252,0.6929213899609776,0.6957511656214115,1
133713,134210,133962,536.4709768295288,538.464994430542,537.46999168396,REST,0.3629771110994545,0.33948509843658414,0.3685943820714603,0.3446342404574977,0.3991947234322759,0
133962,134459,134211,537.46999168396,539.4640092849731,538.4690065383911,REST,0.3071862442670428,0.2704946366697764,0.27645066114929917,0.29127468910423016,0.39052499014486536,0
134211,134708,134460,538.4690065383911,540.4630241394043,539.4680213928223,REST,0.2951481740111539,0.27892069229511585,0.27932055400429306,0.2480507624223169,0.37430068732288974,0
134460,134957,134709,539.4680213928223,541.4620389938354,540.4670362472534,REST,0.39408383413616466,0.2757428879991468,0.31594729476170735,0.43727214312809454,0.5473730106557099,0
134709,135206,134958,540.4670362472534,542.4610538482666,541.4660511016846,REST,0.4682989486538771,0.33684425843632576,0.3502237167367602,0.5548308870141662,0.6312969324282562,1
134958,135455,135207,541.4660511016846,543.4600687026978,542.4650659561157,REST,0.43848744235106996,0.3136560449693168,0.32363380348780135,0.4732596553566167,0.643400265590545,1
135207,135704,135456,542.4650659561157,544.4590835571289,543.4640808105469,REST,0.4675414964199854,0.26214229143446754,0.35592676388403055,0.48811681436919646,0.763980115992247,1
135456,135953,135705,543.4640808105469,545.4580984115601,544.463095664978,REST,0.5606385473746253,0.3364822636714204,0.43432596389711875,0.6490295415916475,0.8227164203383145,1
135705,136202,135954,544.463095664978,546.4571132659912,545.4621105194092,REST,0.5477062860272084,0.4147555961660411,0.4059448611341404,0.6675692877206563,0.7025553990879958,1
135954,136451,136203,545.4621105194092,547.4561281204224,546.4611253738403,REST,0.4519675783167193,0.3837836997455234,0.33664358084165413,0.559632037739867,0.5278109949398327,1
136203,136700,136452,546.4611253738403,548.4551429748535,547.4601402282715,REST,0.40808203673844357,0.3314731508309198,0.37019466382547583,0.4882770283206258,0.4423833039767525,0
136452,136949,136701,547.4601402282715,549.4541578292847,548.4591550827026,REST,0.39181492101575227,0.2984104376455754,0.34708419825061987,0.5081441218784989,0.413620926288315,0
136701,137198,136950,548.4591550827026,550.4531726837158,549.4581699371338,REST,0.39134099002604184,0.26806873098531825,0.29324641938317547,0.5391694838145058,0.46487932592116776,0
136950,137447,137199,549.4581699371338,551.452187538147,550.4571847915649,REST,0.3846108906991145,0.34027862436165746,0.3412261101715834,0.419205167462843,0.4377336608003744,0
137199,137696,137448,550.4571847915649,552.4512023925781,551.4561996459961,REST,0.35438990028667616,0.34073397217845447,0.3659826811392315,0.32797207162701186,0.38287087620200666,0
137448,137945,137697,551.4561996459961,553.4502172470093,552.4552145004272,ACTIVE,0.9187074075005865,1.03918877704917,1.152588851781682,0.7527660844069675,0.730285916764527,1
137697,138194,137946,552.4552145004272,554.4492321014404,553.4542293548584,ACTIVE,0.9935735779397887,1.167158823574453,1.249368693746919,0.8060007765580702,0.7517660178797129,1
137946,138443,138195,553.4542293548584,555.4482469558716,554.4532442092896,ACTIVE,0.623170829962152,0.755532400359969,0.7341222359943889,0.5349173467611847,0.4681113367330655,1
138195,138692,138444,554.4532442092896,556.4472618103027,555.4522590637207,ACTIVE,0.5851762416761981,0.6651182051559947,0.6912902539288608,0.4669341046964781,0.5173624029234585,1
138444,138941,138693,555.4522590637207,557.4462766647339,556.4512739181519,ACTIVE,0.576150051589944,0.6109353245242607,0.6798682756665255,0.42929928158464914,0.5844973245843406,1
138693,139190,138942,556.4512739181519,558.445291519165,557.450288772583,ACTIVE,0.6154034535776363,0.6646681090203178,0.7055589041104702,0.5128037372026167,0.5785830639771403,1
138942,139439,139191,557.450288772583,559.4443063735962,558.4493036270142,ACTIVE,0.7189360493089177,0.900062348464135,0.7908231476744373,0.6339547267960111,0.5509039743010878,1
139191,139688,139440,558.4493036270142,560.4433212280273,559.4483184814453,ACTIVE,0.762974993236365,0.9885634768485683,0.8255601551557157,0.6488217925424903,0.5889545483986857,1
139440,139937,139689,559.4483184814453,561.4423360824585,560.4473333358765,ACTIVE,0.6481416010719614,0.7605796919411434,0.7310200960324116,0.534404152385081,0.5665624639292093,1
139689,140186,139938,560.4473333358765,562.4413509368896,561.4463481903076,REST,0.4924472615949323,0.46650991952196413,0.5657344633190539,0.4415018297081339,0.4960428338305773,1
139938,140435,140187,561.4463481903076,563.4403657913208,562.4453630447388,REST,0.43430533137835975,0.3101053856949563,0.4126035737988322,0.45278922652381143,0.5617231394958391,0
140187,140684,140436,562.4453630447388,564.439380645752,563.4443778991699,REST,0.44940205885270573,0.2966060919658893,0.37854076574222745,0.5162406846356481,0.6062206930670582,1
140436,140933,140685,563.4443778991699,565.4383955001831,564.4433927536011,REST,0.4318345839514819,0.3216404080803172,0.394148519712963,0.5012498072683439,0.5102996007443036,0
140685,141182,140934,564.4433927536011,566.4374103546143,565.4424076080322,REST,0.4103128864616347,0.29077032116688284,0.32478014849265874,0.46404238728078007,0.5616586889062172,0
140934,141431,141183,565.4424076080322,567.4364252090454,566.4414224624634,REST,0.7518033892552429,0.7588281873695386,0.8208677590499875,0.655007472964314,0.7725101376371317,1
141183,141680,141432,566.4414224624634,568.4354400634766,567.4404373168945,ACTIVE,1.0851795346672577,1.2271897311078583,1.2850016617311926,0.9339047043953209,0.8946220414346591,1
141432,141929,141681,567.4404373168945,569.4344549179077,568.4394521713257,ACTIVE,1.2442328555423972,1.4440789561550262,1.4375052236013777,1.0736271348834032,1.0217201075297815,1
141681,142178,141930,568.4394521713257,570.4334697723389,569.4384670257568,ACTIVE,1.346019275402798,1.5796237016361494,1.580095366455338,1.1596617332167365,1.0646963003029681,1
141930,142427,142179,569.4384670257568,571.43248462677,570.437481880188,ACTIVE,1.3976428826235514,1.66561085332985,1.6734674671995573,1.2185658870539378,1.0329273229108604,1
142179,142676,142428,570.437481880188,572.4314994812012,571.4364967346191,ACTIVE,1.3512987168139887,1.6004090610675084,1.5989245487996295,1.1695440063451383,1.0363172510436789,1
142428,142925,142677,571.4364967346191,573.4305143356323,572.4355115890503,ACTIVE,1.444572563040593,1.7064172585928048,1.682484837987379,1.2086294449114061,1.1807587106707824,1
142677,143174,142926,572.4355115890503,574.4295291900635,573.4345264434814,ACTIVE,1.5520897676816143,1.810688775101994,1.833767387669759,1.2768833637912174,1.2870195441634869,1
142926,143423,143175,573.4345264434814,575.4285440444946,574.4335412979126,ACTIVE,1.5173187772563848,1.8163248332708268,1.8469124572147628,1.2654478251351922,1.140589993404757,1
143175,143672,143424,574.4335412979126,576.4275588989258,575.4325561523438,ACTIVE,1.3904961142702514,1.663955567371082,1.6895333651418694,1.2372495424636758,0.9712459821043785,1
143424,143921,143673,575.4325561523438,577.4265737533569,576.4315710067749,REST,1.0509882733658946,1.1856455799773322,1.2417318995279416,0.9730998942183176,0.8034757197399869,1
143673,144170,143922,576.4315710067749,578.4255886077881,577.430585861206,REST,0.5936032485118643,0.665537604450347,0.6361762769034975,0.545995485725601,0.5267036269680115,1
143922,144419,144171,577.430585861206,579.4246034622192,578.4296007156372,REST,0.37412066043688286,0.2885398644694604,0.28839923138649054,0.4936003384760575,0.4259432074155229,0
144171,144668,144420,578.4296007156372,580.4236183166504,579.4286155700684,REST,0.42476417943285266,0.3223484615123432,0.3290331451739755,0.5890041663828314,0.4586709446622605,0
144420,144917,144669,579.4286155700684,581.4226331710815,580.4276304244995,REST,0.3905927945433323,0.320377244286946,0.32953601659016796,0.5088267951821828,0.4036311221140326,0
144669,145166,144918,580.4276304244995,582.4216480255127,581.4266452789307,REST,0.3167996347682653,0.28337423454398314,0.2749645794240066,0.353275100376481,0.35558462472859037,0
144918,145415,145167,581.4266452789307,583.4206628799438,582.4256601333618,REST,0.3248707203094383,0.28799944731880667,0.2885753640160774,0.3414393862863216,0.38146868361654745,0
145167,145664,145416,582.4256601333618,584.419677734375,583.424674987793,REST,0.42027224250055023,0.3116330398662364,0.39000527190597645,0.4080024381840586,0.5714482200459294,0
145416,145913,145665,583.424674987793,585.4186925888062,584.4236898422241,REST,0.4857236179442145,0.3100183233762942,0.41573796925581386,0.5131288805606921,0.7040092985840579,1
145665,146162,145914,584.4236898422241,586.4177074432373,585.4227046966553,REST,0.4768457595887038,0.3254219117245951,0.4150880490715026,0.503285584423188,0.6635874931355293,1
145914,146411,146163,585.4227046966553,587.4167222976685,586.4217195510864,REST,0.4635931280280947,0.4254559676902326,0.4129256868230462,0.4964781753278228,0.5195126822712773,1
146163,146660,146412,586.4217195510864,588.4157371520996,587.4207344055176,REST,0.43702480920540515,0.4630060786312754,0.3412055344297126,0.46872553368144315,0.4751620900791896,0
146412,146909,146661,587.4207344055176,589.4147520065308,588.4197492599487,REST,0.4130934596372794,0.4192751567573072,0.3323651717568627,0.3640418748815185,0.5366916351534293,0
146661,147158,146910,588.4197492599487,590.4137668609619,589.4187641143799,REST,0.4384257346027999,0.35572664654590225,0.4197500011144132,0.4316326609918017,0.5465936297590823,1
146910,147407,147159,589.4187641143799,591.4127817153931,590.417778968811,REST,0.4551476227308892,0.3424588916620152,0.4444846227370292,0.4658340548131678,0.5678129217113446,1
147159,147656,147408,590.417778968811,592.4117965698242,591.4167938232422,REST,0.7483430557976392,0.8095091831762798,0.8353542152665372,0.6068909791736729,0.741617845574067,1
147408,147905,147657,591.4167938232422,593.4108114242554,592.4158086776733,ACTIVE,0.8062903270098434,0.9049248511806904,0.9581301075062663,0.6529074115145069,0.70919893783791,1
147657,148154,147906,592.4158086776733,594.4098262786865,593.4148235321045,ACTIVE,0.6079084473661748,0.6579254836964763,0.6888340486872682,0.5589139518256391,0.5259603052553157,1
147906,148403,148155,593.4148235321045,595.4088411331177,594.4138383865356,ACTIVE,0.542220270522515,0.5626927208774842,0.5884129735967404,0.5013543217709582,0.5164210658448773,1
148155,148652,148404,594.4138383865356,596.4078559875488,595.4128532409668,ACTIVE,0.5327890037838289,0.46324184589728673,0.5543906494358515,0.4988572842764459,0.6146662355257316,1
148404,148901,148653,595.4128532409668,597.40687084198,596.411868095398,ACTIVE,0.5076252628531637,0.4320695400484096,0.5349271862894883,0.4773431844686564,0.5861611406061004,1
148653,149150,148902,596.411868095398,598.4058856964111,597.4108829498291,ACTIVE,0.4883050219265881,0.454829953857163,0.572989691459334,0.47538030765869677,0.45002013473115865,1
148902,149399,149151,597.4108829498291,599.4049005508423,598.4098978042603,ACTIVE,0.5756208499875681,0.5615161914172832,0.6036685567916723,0.5069282437128284,0.6303704080284884,1
149151,149648,149400,598.4098978042603,600.4039154052734,599.4089126586914,ACTIVE,0.5650134676902618,0.5786474291376457,0.557295416173508,0.4634473064817176,0.6606637189681763,1
149400,149897,149649,599.4089126586914,601.4029302597046,600.4079275131226,REST,0.4730962926396515,0.42856333235422167,0.47822099670490914,0.4391806879722402,0.5464201535272348,1
149649,150146,149898,600.4079275131226,602.4019451141357,601.4069423675537,REST,0.3746360594430008,0.27706704225053047,0.38912904661406617,0.36712675929147487,0.4652213896159318,0
149898,150395,150147,601.4069423675537,603.4009599685669,602.4059572219849,REST,0.3317568909760709,0.2652466894088149,0.29504801692495064,0.35280749432234787,0.41392536324817036,0
150147,150644,150396,602.4059572219849,604.399974822998,603.404972076416,REST,0.3890549221427097,0.34819025035089246,0.38226974626107524,0.3571634465964988,0.46859624536237215,0
150396,150893,150645,603.404972076416,605.3989896774292,604.4039869308472,REST,0.3856415306200976,0.3410292259786022,0.37885716279264037,0.3519512391153848,0.47072849459376315,0
150645,151142,150894,604.4039869308472,606.3980045318604,605.4030017852783,REST,0.7197832488387552,0.780320847551095,0.8010864952044287,0.6793298266631753,0.618395825936322,1
150894,151391,151143,605.4030017852783,607.3970193862915,606.4020166397095,ACTIVE,1.0858924317143381,1.1931085843377967,1.250411141649773,0.9054942053050534,0.9945557955647293,1
151143,151640,151392,606.4020166397095,608.3960342407227,607.4010314941406,ACTIVE,1.126213523010187,1.2546861770592301,1.3241542505646562,0.9234317417537007,1.0025819226631614,1
151392,151889,151641,607.4010314941406,609.3950490951538,608.4000463485718,ACTIVE,1.1090301911304963,1.2749207425565374,1.3099844646337213,0.959085883235271,0.8921296740964553,1
151641,152138,151890,608.4000463485718,610.394063949585,609.3990612030029,ACTIVE,1.1342684443778146,1.3575737566134818,1.308528183612331,0.9728831288015561,0.8980887084838894,1
151890,152387,152139,609.3990612030029,611.3930788040161,610.3980760574341,ACTIVE,1.2197905840223418,1.4616922831865782,1.4610205133446945,1.0329503140619511,0.9234992254961435,1
152139,152636,152388,610.3980760574341,612.3920936584473,611.3970909118652,ACTIVE,1.1366421041166859,1.3108271487334051,1.3565782207202803,0.9437630371800882,0.9354000098329698,1
152388,152885,152637,611.3970909118652,613.3911085128784,612.3961057662964,ACTIVE,1.0946143592436377,1.2353764029021677,1.3018244078981875,0.9241591910642158,0.91709743510998,1
152637,153134,152886,612.3961057662964,614.3901233673096,613.3951206207275,ACTIVE,1.2377280570083649,1.4217467885668047,1.4468044474112458,1.06366255619959,1.0186984358558187,1
152886,153383,153135,613.3951206207275,615.3891382217407,614.3941354751587,ACTIVE,1.1044473558550736,1.2332245561876327,1.1916505988439432,0.9873143652801778,1.0055999031085403,1
153135,153632,153384,614.3941354751587,616.3881530761719,615.3931503295898,REST,0.7812431679454446,0.7638563320407477,0.7861764088259579,0.7542788932742424,0.8206610376408305,1
153384,153881,153633,615.3931503295898,617.387167930603,616.392165184021,REST,0.4998199463039782,0.34584341233932925,0.41751320440343254,0.49321520066263647,0.7427079678105147,1
153633,154130,153882,616.392165184021,618.3861827850342,617.3911800384521,REST,0.5202263441856755,0.30097590676343017,0.40007965322658096,0.5446608180705662,0.8351889986821247,1
153882,154379,154131,617.3911800384521,619.3851976394653,618.3901948928833,REST,0.5448224000541826,0.3536802318723236,0.3933147115786992,0.5949753973228036,0.8373192594429041,1
154131,154628,154380,618.3901948928833,620.3842124938965,619.3892097473145,REST,0.5008331382214237,0.39589676803236556,0.431129273923811,0.49187280591628874,0.6844337050132296,1
154380,154877,154629,619.3892097473145,621.3832273483276,620.3882246017456,REST,0.4519407591410764,0.3624228162236259,0.39900725061530207,0.5151849452483259,0.5311480244770517,1
154629,155126,154878,620.3882246017456,622.3822422027588,621.3872394561768,REST,0.447883030686099,0.29103403653846216,0.3126742237857882,0.5317051676236063,0.6561186947965397,1
154878,155375,155127,621.3872394561768,623.3812570571899,622.3862543106079,REST,0.46854851176704526,0.2879867514503496,0.35748036733705807,0.522545464873326,0.7061814634074475,1
155127,155624,155376,622.3862543106079,624.3802719116211,623.3852691650391,REST,0.4653883704366192,0.29552684980524935,0.40165508981194026,0.5106247332731185,0.6537468088561686,1
155376,155873,155625,623.3852691650391,625.3792867660522,624.3842840194702,REST,0.4502874638164507,0.29979451526296363,0.38145021965119597,0.5443394618115197,0.5755656585401235,1
155625,156122,155874,624.3842840194702,626.3783016204834,625.3832988739014,REST,0.5123377403104733,0.3596397470990704,0.40712586718416793,0.6083829994314722,0.6742023475271827,1
155874,156371,156123,625.3832988739014,627.3773164749146,626.3823137283325,REST,0.519245126687244,0.35879326543837176,0.43415213326550445,0.5173898170108471,0.7666452910342528,1
156123,156620,156372,626.3823137283325,628.3763313293457,627.3813285827637,REST,0.43014751790934297,0.28609545583961427,0.37912680377141256,0.4312519041869867,0.6241159078393583,0
156372,156869,156621,627.3813285827637,629.3753461837769,628.3803434371948,REST,0.4528791804709299,0.305904678839409,0.390815493854286,0.5258343534022475,0.5889621957877772,1
156621,157118,156870,628.3803434371948,630.374361038208,629.379358291626,REST,0.48213111647581813,0.3292079400004735,0.4392422209230867,0.5271467378039348,0.6329275671757777,1
156870,157367,157119,629.379358291626,631.3733758926392,630.3783731460571,REST,0.7824590248502524,0.7781663918421123,0.8599863378589127,0.7171716608673997,0.7745117088325849,1
157119,157616,157368,630.3783731460571,632.3723907470703,631.3773880004883,ACTIVE,0.8105178755610042,0.8397636382387623,0.9071313355758442,0.7534708024337757,0.7417057259956343,1
157368,157865,157617,631.3773880004883,633.3714056015015,632.3764028549194,ACTIVE,0.624249263857612,0.5529010357290612,0.67227376002581,0.6159544129954212,0.6558678466801557,1
157617,158114,157866,632.3764028549194,634.3704204559326,633.3754177093506,ACTIVE,0.6605272898675064,0.5556265893142083,0.6802984475178065,0.6877005839418326,0.7184835386961783,1
157866,158363,158115,633.3754177093506,635.3694353103638,634.3744325637817,ACTIVE,0.6065330667485322,0.5268188842937078,0.5989426007458672,0.6142146684484047,0.6861561135061496,1
158115,158612,158364,634.3744325637817,636.3684501647949,635.3734474182129,ACTIVE,0.5833443941927902,0.4804571019442204,0.6013361869403014,0.5742805937969465,0.6773036940896922,1
158364,158861,158613,635.3734474182129,637.3674650192261,636.372462272644,ACTIVE,0.5076409209794998,0.44497939993488117,0.5749202254089573,0.5039734226704532,0.5066906359037072,1
158613,159110,158862,636.372462272644,638.3664798736572,637.3714771270752,ACTIVE,0.4429911131565225,0.43750594817337657,0.5451139167515584,0.3980165050984625,0.3913280826026926,1
158862,159359,159111,637.3714771270752,639.3654947280884,638.3704919815063,ACTIVE,0.5619759839077886,0.509029775564001,0.5878389608438287,0.520605801621052,0.6304293976022728,1
159111,159608,159360,638.3704919815063,640.3645095825195,639.3695068359375,REST,0.5569332124702844,0.49880155634988865,0.516898511604021,0.5157345104202348,0.6962982715069927,1
159360,159857,159609,639.3695068359375,641.3635244369507,640.3685216903687,REST,0.48333054981368806,0.39527617473065485,0.41423826258117336,0.6316229589307563,0.4921848030121679,1
159609,160106,159858,640.3685216903687,642.3625392913818,641.3675365447998,REST,0.5198338191956497,0.31135423294149855,0.43389546960857345,0.7099634027412512,0.6241221714912759,1
159858,160355,160107,641.3675365447998,643.361554145813,642.366551399231,REST,0.5173444643928351,0.3353542989643908,0.3849184853154519,0.6170355451847825,0.7320695281067153,1
160107,160604,160356,642.366551399231,644.3605690002441,643.3655662536621,REST,0.5292829972295794,0.44786615721872874,0.3846800728013251,0.6181959450643678,0.6663898138338962,1
160356,160853,160605,643.3655662536621,645.3595838546753,644.3645811080933,REST,0.49156902266832303,0.45031322620014025,0.40288796732965265,0.537905294488908,0.5751696026545913,1
160605,161102,160854,644.3645811080933,646.3585987091064,645.3635959625244,ACTIVE,1.0139508511519983,1.152475927761036,1.1185966343197387,0.8551989291613878,0.929531913365831,1
160854,161351,161103,645.3635959625244,647.3576135635376,646.3626108169556,ACTIVE,1.3063543241306945,1.4725309047990123,1.520860694547937,1.0588001874799056,1.1732255096959228,1
161103,161600,161352,646.3626108169556,648.3566284179688,647.3616256713867,ACTIVE,1.3205848810283445,1.4518826072259527,1.5364019217838993,1.1490434448054678,1.1450115502980582,1
161352,161849,161601,647.3616256713867,649.3556432723999,648.3606405258179,ACTIVE,1.3074309431826654,1.4247966471221736,1.4606567610503927,1.1884550145512203,1.1558153500068755,1
161601,162098,161850,648.3606405258179,650.354658126831,649.359655380249,ACTIVE,1.2213289926201125,1.317501303459005,1.3674213967743651,1.0866599534305559,1.1137333168165235,1
161850,162347,162099,649.359655380249,651.3536729812622,650.3586702346802,ACTIVE,1.1702413349649756,1.2503169824175868,1.3108625555241427,0.9781138217651556,1.1416719801530177,1
162099,162596,162348,650.3586702346802,652.3526878356934,651.3576850891113,ACTIVE,1.2380884037973,1.3041848128781368,1.359189650004187,1.0511689404845743,1.237810211822301,1
162348,162845,162597,651.3576850891113,653.3517026901245,652.3566999435425,ACTIVE,1.2187173775999591,1.2986311361632286,1.3403408650769442,1.0889426743923896,1.1469548347672736,1
162597,163094,162846,652.3566999435425,654.3507175445557,653.3557147979736,ACTIVE,0.8653051619386463,0.9193268708437234,0.924081919455603,0.7797602418157854,0.8380516156394731,1
162846,163343,163095,653.3557147979736,655.3497323989868,654.3547296524048,REST,0.5271521295784758,0.4843665778072992,0.4528542187775358,0.5751834593083324,0.596204262420736,1
163095,163592,163344,654.3547296524048,656.348747253418,655.3537445068359,REST,0.4275221539180687,0.3024284237877725,0.36000892771704673,0.47866692323491583,0.5689843409325397,0
163344,163841,163593,655.3537445068359,657.3477621078491,656.3527593612671,REST,0.4727057445981134,0.3397991892614944,0.42511736882097073,0.4428100810496288,0.6830963392603595,1
163593,164090,163842,656.3527593612671,658.3467769622803,657.3517742156982,REST,0.5299194274629194,0.3851442585761165,0.47148655785397314,0.5063418734915349,0.756705019930053,1
163842,164339,164091,657.3517742156982,659.3457918167114,658.3507890701294,REST,0.4655450473495055,0.3456679834364161,0.41854317681177894,0.49543818665460004,0.6025308424952271,1
164091,164588,164340,658.3507890701294,660.3448066711426,659.3498039245605,REST,0.4317338958740312,0.3583190848758203,0.3664661436330061,0.4766699691434344,0.5254803858438639,0
164340,164837,164589,659.3498039245605,661.3438215255737,660.3488187789917,REST,0.5485136386049885,0.43324480764966045,0.39915595794923486,0.6808568068659239,0.6807969819551348,1
164589,165086,164838,660.3488187789917,662.3428363800049,661.3478336334229,REST,0.5195883802159311,0.39141083459603326,0.40230842301144965,0.6559738416967006,0.6286604215595408,1
164838,165335,165087,661.3478336334229,663.341851234436,662.346848487854,REST,0.4139251773303313,0.3551157885206842,0.3782361516089303,0.42086577105533296,0.5014829981363779,0
165087,165584,165336,662.346848487854,664.3408660888672,663.3458633422852,REST,0.390327164828423,0.3305342248167309,0.34621128583303085,0.40825479333776493,0.47630835532616544,0
165336,165833,165585,663.3458633422852,665.3398809432983,664.3448781967163,REST,0.4457252150465289,0.2632986940199508,0.3986693893112444,0.5161911332397419,0.6047416436151785,1
165585,166082,165834,664.3448781967163,666.3388957977295,665.3438930511475,REST,0.5070314756198323,0.28649406623128115,0.43820834337706716,0.5451299033738639,0.7582935894971169,1
165834,166331,166083,665.3438930511475,667.3379106521606,666.3429079055786,REST,0.5059017360288567,0.30401300253035396,0.40183259960347767,0.5261664326883355,0.7915949092932596,1
166083,166580,166332,666.3429079055786,668.3369255065918,667.3419227600098,REST,0.46560833353194975,0.2739458183859729,0.3404714306023028,0.5434717506682162,0.704544334471307,1
166332,166829,166581,667.3419227600098,669.335940361023,668.3409376144409,REST,0.48688677713274703,0.3283240852638061,0.34864540605461947,0.5685230861940612,0.7020545310185013,1
166581,167078,166830,668.3409376144409,670.3349552154541,669.3399524688721,ACTIVE,0.9709133854226131,1.0753622565050631,1.0772671356899837,0.8555065030446013,0.8755176464508042,1
166830,167327,167079,669.3399524688721,671.3339700698853,670.3389673233032,ACTIVE,0.9650684817991122,1.1349259615223943,1.1543127697798472,0.817181103144029,0.753854092750178,1
167079,167576,167328,670.3389673233032,672.3329849243164,671.3379821777344,ACTIVE,0.5778008771000013,0.6327362759735758,0.7102989959115881,0.5116865965488314,0.45648163996600977,1
167328,167825,167577,671.3379821777344,673.3319997787476,672.3369970321655,ACTIVE,0.6167839938963907,0.703265031537504,0.8078152627000393,0.4782534703350476,0.4778022110129717,1
167577,168074,167826,672.3369970321655,674.3310146331787,673.3360118865967,ACTIVE,0.7993024193877178,0.9396352821483476,1.0695942897461128,0.5849704208805427,0.6030096847758687,1
167826,168323,168075,673.3360118865967,675.3300294876099,674.3350267410278,ACTIVE,0.883256974363051,1.0094480220829727,1.1982776552057903,0.678666174554567,0.6466360456088738,1
168075,168572,168324,674.3350267410278,676.329044342041,675.334041595459,ACTIVE,0.9301810882683299,1.0771396158315911,1.2860739858792711,0.7072441729081617,0.6502665784542955,1
168324,168821,168573,675.334041595459,677.3280591964722,676.3330564498901,ACTIVE,1.0311265906125986,1.1933407469100374,1.4238524802754646,0.7714547511441465,0.7358583841207459,1
168573,169070,168822,676.3330564498901,678.3270740509033,677.3320713043213,ACTIVE,0.9840722746277701,1.1246616788583625,1.343913702465609,0.7605418296946374,0.7071718874924718,1
168822,169319,169071,677.3320713043213,679.3260889053345,678.3310861587524,REST,0.6760668395800395,0.7708304946206517,0.8932187443922537,0.5554181317466879,0.4847999875605649,1
169071,169568,169320,678.3310861587524,680.3251037597656,679.3301010131836,REST,0.2624380171057583,0.2263157059213594,0.31729016458227177,0.26134754854456044,0.24479864937484164,0
169320,169817,169569,679.3301010131836,681.3241186141968,680.3291158676147,REST,0.25490850899193906,0.19089458206254226,0.28875628144904897,0.26067799565795313,0.27930517679821176,0
169569,170066,169818,680.3291158676147,682.3231334686279,681.3281307220459,REST,0.2714068031426713,0.25820132213890123,0.25619014701574244,0.25876588869543,0.3124698547206116,0
169818,170315,170067,681.3281307220459,683.3221483230591,682.327145576477,REST,0.2746941118862389,0.31778186898969846,0.2844346717104496,0.22773463442950131,0.2688252724153061,0
170067,170564,170316,682.327145576477,684.3211631774902,683.3261604309082,ACTIVE,1.090490432706501,1.2880296783957315,1.3966726585140579,0.8611633642211317,0.816096029695083,1
170316,170813,170565,683.3261604309082,685.3201780319214,684.3251752853394,ACTIVE,1.4634121706430938,1.7203472336949521,1.8672405411040274,1.1371254755023952,1.1289354322710001,1
170565,171062,170814,684.3251752853394,686.3191928863525,685.3241901397705,ACTIVE,1.4364432459728107,1.721973823190074,1.735216449716325,1.1568210560736665,1.131761654911177,1
170814,171311,171063,685.3241901397705,687.3182077407837,686.3232049942017,ACTIVE,1.435571410287944,1.7158556070542366,1.756803855457258,1.178257757152771,1.0913684214875108,1
171063,171560,171312,686.3232049942017,688.3172225952148,687.3222198486328,ACTIVE,1.3566639085852361,1.5979788201485792,1.7343383555412517,1.0759163210213214,1.0184221376297917,1
171312,171809,171561,687.3222198486328,689.316237449646,688.321234703064,ACTIVE,1.299420674051814,1.5455256130570396,1.5958800088876757,1.0538505772220421,1.0024264970404986,1
171561,172058,171810,688.321234703064,690.3152523040771,689.3202495574951,ACTIVE,1.3221650698344862,1.5548757125772485,1.6058089008313579,1.1086608022361988,1.01931486369314,1
171810,172307,172059,689.3202495574951,691.3142671585083,690.3192644119263,ACTIVE,1.4062795313842604,1.6506257717978652,1.7234369034561923,1.1674252262562534,1.0836302240267308,1
172059,172556,172308,690.3192644119263,692.3132820129395,691.3182792663574,ACTIVE,1.3187758810731514,1.5606779914067153,1.6276142599043688,1.0561010957766768,1.0307101772048444,1
172308,172805,172557,691.3182792663574,693.3122968673706,692.3172941207886,REST,0.8372874344852177,0.9895356853944897,1.042259987804186,0.6479786791905422,0.6693753855516531,1
172557,173054,172806,692.3172941207886,694.3113117218018,693.3163089752197,REST,0.2887050152579262,0.2534152954082466,0.3564018335100639,0.2253129835680396,0.31968994854535454,0
172806,173303,173055,693.3163089752197,695.3103265762329,694.3153238296509,REST,0.35027010297096983,0.3042916892262953,0.4222044971312233,0.2992386750897387,0.37534555043662216,0
173055,173552,173304,694.3153238296509,696.3093414306641,695.314338684082,REST,0.4170752780729654,0.3924824498468952,0.5643112570454054,0.35558614145280126,0.3559212639467596,0
173304,173801,173553,695.314338684082,697.3083562850952,696.3133535385132,REST,0.4496443708867676,0.43118309197919835,0.6188713015522512,0.39006881083346345,0.3584542791821577,1
173553,174050,173802,696.3133535385132,698.3073711395264,697.3123683929443,REST,0.3767773562754574,0.3470122364706497,0.43687038253965677,0.40232014716216724,0.32090665892935594,0
173802,174299,174051,697.3123683929443,699.3063859939575,698.3113832473755,REST,0.3198307317968311,0.23789470582607186,0.33479115895785744,0.38455435906105057,0.32208270334234446,0
174051,174548,174300,698.3113832473755,700.3054008483887,699.3103981018066,REST,0.3157325675161622,0.25414686511030443,0.3346179455372851,0.3427040299067807,0.33146142951027835,0
174300,174797,174549,699.3103981018066,701.3044157028198,700.3094129562378,REST,0.33044344233926015,0.3560636846880639,0.322519303924072,0.3266467941694421,0.31654398657546257,0
174549,175046,174798,700.3094129562378,702.303430557251,701.308427810669,REST,0.3131070752627715,0.321075389033241,0.2973259630465986,0.34201441193683585,0.29201253703441044,0
174798,175295,175047,701.308427810669,703.3024454116821,702.3074426651001,REST,0.3367950708152321,0.27861839447292763,0.3378303894451922,0.41894929449811613,0.31178220484469227,0
175047,175544,175296,702.3074426651001,704.3014602661133,703.3064575195312,REST,0.36690496967510355,0.2942096816850374,0.3850250344912295,0.44732583373595075,0.3410593287881966,0
175296,175793,175545,703.3064575195312,705.3004751205444,704.3054723739624,REST,0.35466628878437795,0.2641079434223925,0.3091207771245918,0.5020938176940265,0.34334261689650103,0
175545,176042,175794,704.3054723739624,706.2994899749756,705.3044872283936,REST,0.3584408392981945,0.26591041180200836,0.29031878701363045,0.535162331375243,0.34237182700189606,0
175794,176291,176043,705.3044872283936,707.2985048294067,706.3035020828247,REST,0.3227000920666825,0.24737011451967889,0.34078723913619097,0.38997537674260613,0.3126676378682539,0
176043,176540,176292,706.3035020828247,708.2975196838379,707.3025169372559,REST,0.3969382767340463,0.3383275963397534,0.44615573451371493,0.38543546388953825,0.41783431219317874,0
176292,176789,176541,707.3025169372559,709.296534538269,708.301531791687,ACTIVE,0.8990316928729052,1.015407105657394,1.145414731275466,0.7115414945935853,0.723763439965176,1
176541,177038,176790,708.301531791687,710.2955493927002,709.3005466461182,ACTIVE,1.0648925257713806,1.2199899528220175,1.4030413667596537,0.8270466577454658,0.8094921257583855,1
176790,177287,177039,709.3005466461182,711.2945642471313,710.2995615005493,ACTIVE,1.0992403311996999,1.312283268145135,1.3841755621885767,0.8932218797043071,0.8072806147607808,1
177039,177536,177288,710.2995615005493,712.2935791015625,711.2985763549805,ACTIVE,1.174593251626538,1.399768160671194,1.5776431992105178,0.9052139701315204,0.8157476764929203,1
177288,177785,177537,711.2985763549805,713.2925939559937,712.2975912094116,ACTIVE,1.1738247409225295,1.3888255520093133,1.6919357320540436,0.8481019984723172,0.7664356811544447,1
177537,178034,177786,712.2975912094116,714.2916088104248,713.2966060638428,ACTIVE,1.2511252453537092,1.4259495469175387,1.815266434334119,0.9101215940619749,0.8531634061012036,1
177786,178283,178035,713.2966060638428,715.290623664856,714.2956209182739,ACTIVE,1.2893714990454859,1.4394995935146595,1.8777145847499346,0.9344598762531615,0.9058119416641881,1
178035,178532,178284,714.2956209182739,716.2896385192871,715.2946357727051,ACTIVE,1.2464349971178295,1.502450415480537,1.672546738604775,0.9503139586591708,0.860428875726835,1
178284,178781,178533,715.2946357727051,717.2886533737183,716.2936506271362,REST,0.8615211832241003,1.057620221042136,1.0604175797846773,0.7169588940459802,0.6110880380236078,1
178533,179030,178782,716.2936506271362,718.2876682281494,717.2926654815674,REST,0.29124663318630506,0.2678749584852547,0.29567918237906443,0.31238150422892585,0.28905088765197523,0
178782,179279,179031,717.2926654815674,719.2866830825806,718.2916803359985,REST,0.24225563127785774,0.2106827329154851,0.2818131688277459,0.23318630800182866,0.24334031536637127,0
179031,179528,179280,718.2916803359985,720.2856979370117,719.2906951904297,REST,0.33648750985978926,0.3226700647923181,0.4012565762596275,0.32005238166669575,0.3019710167205155,0
179280,179777,179529,719.2906951904297,721.2847127914429,720.2897100448608,REST,0.475715290412413,0.44430976613964973,0.5393875708794004,0.45957873605045263,0.4595850885801494,1
179529,180026,179778,720.2897100448608,722.283727645874,721.288724899292,ACTIVE,1.0986247392245228,1.248988996764277,1.3701785038433503,0.8714819847062079,0.9038494715842561,1
179778,180275,180027,721.288724899292,723.2827425003052,722.2877397537231,ACTIVE,1.3280026015733362,1.5577460108317644,1.6537922309644544,1.033092756920372,1.067379407576753,1
180027,180524,180276,722.2877397537231,724.2817573547363,723.2867546081543,ACTIVE,1.2052804170340947,1.3915772925162857,1.487896097080209,0.9304340263740539,1.01121425216583,1
180276,180773,180525,723.2867546081543,725.2807722091675,724.2857694625854,ACTIVE,1.0268763934649945,1.1845598383777691,1.2631287866415726,0.8017460150776358,0.8580709337630004,1
180525,181022,180774,724.2857694625854,726.2797870635986,725.2847843170166,ACTIVE,0.9333375470179952,1.098578073017236,1.1539697486686469,0.7734204196823208,0.7073819467037773,1
180774,181271,181023,725.2847843170166,727.2788019180298,726.2837991714478,ACTIVE,1.2677198769741378,1.482945920325573,1.5538064714810556,1.0876856357518174,0.9464414803381056,1
181023,181520,181272,726.2837991714478,728.2778167724609,727.2828140258789,ACTIVE,1.2887672027519512,1.5077431809042656,1.5816363221326522,1.1030202880890208,0.9626690198818659,1
181272,181769,181521,727.2828140258789,729.2768316268921,728.2818288803101,ACTIVE,1.2469907171330723,1.448601391849724,1.5638411109703256,1.0506792998513916,0.9248410658608486,1
181521,182018,181770,728.2818288803101,730.2758464813232,729.2808437347412,REST,1.0204383853627528,1.1762903299265985,1.2595871465143194,0.8917539762459086,0.7541220887641849,1
181770,182267,182019,729.2808437347412,731.2748613357544,730.2798585891724,REST,0.41140794801750813,0.4195451270709131,0.47330702738806446,0.3861389641545183,0.36664067345653667,0
182019,182516,182268,730.2798585891724,732.2738761901855,731.2788734436035,REST,0.36684357018919816,0.3476498181414394,0.38980264953898425,0.3367733757648242,0.3931484373115448,0
182268,182765,182517,731.2788734436035,733.2728910446167,732.2778882980347,REST,0.49409415849466704,0.41876670246047526,0.4662248875459908,0.48922288268278824,0.6021621612894139,1
182517,183014,182766,732.2778882980347,734.2719058990479,733.2769031524658,REST,0.49810787503694187,0.3856484729060903,0.4712318687647288,0.5210166209409243,0.614534537536024,1
182766,183263,183015,733.2769031524658,735.270920753479,734.275918006897,REST,0.3695272952297449,0.2949509284780463,0.4045016770746493,0.38086510465822493,0.3977914707080591,0
183015,183512,183264,734.275918006897,736.2699356079102,735.2749328613281,REST,0.3950487004472411,0.31616743733907926,0.4276615051027306,0.35465844396189483,0.4817074153852598,0
183264,183761,183513,735.2749328613281,737.2689504623413,736.2739477157593,REST,0.4205153264294469,0.3430504151122887,0.41614393396769417,0.4486776575997919,0.47418929903801277,0
183513,184010,183762,736.2739477157593,738.2679653167725,737.2729625701904,REST,0.3800173274328966,0.383358433555275,0.37101140895295825,0.37871222133793714,0.38698724588541594,0
183762,184259,184011,737.2729625701904,739.2669801712036,738.2719774246216,REST,0.3837976582869333,0.4167311874978553,0.3589107259516539,0.2445572639827401,0.514991455715484,0
184011,184508,184260,738.2719774246216,740.2659950256348,739.2709922790527,REST,0.33719927293131424,0.3409109817108356,0.29670469004255495,0.26144771408317924,0.4497337058886871,0
184260,184757,184509,739.2709922790527,741.2650098800659,740.2700071334839,REST,0.2299869683981167,0.21142790680990767,0.21533161609065124,0.23647565248194236,0.25671269820996556,0
184509,185006,184758,740.2700071334839,742.2640247344971,741.269021987915,REST,0.27610744979615515,0.24108139763798833,0.3046345004649619,0.2510951881040677,0.3076187129776027,0
184758,185255,185007,741.269021987915,743.2630395889282,742.2680368423462,REST,0.43145292497459614,0.3559610712912334,0.40895574822197733,0.4476274134549537,0.51326746693022,0
185007,185504,185256,742.2680368423462,744.2620544433594,743.2670516967773,REST,0.47950397072199824,0.3501573842591418,0.40367957037855984,0.5343249631408865,0.6298539651094047,1
185256,185753,185505,743.2670516967773,745.2610692977905,744.2660665512085,REST,0.7130348301241385,0.6392025101591425,0.7365752291286359,0.6921384338710317,0.7842231473377435,1
185505,186002,185754,744.2660665512085,746.2600841522217,745.2650814056396,ACTIVE,0.9279595102405989,0.8965234625060081,1.0231221435092974,0.8779464070088461,0.914246027938244,1
185754,186251,186003,745.2650814056396,747.2590990066528,746.2640962600708,ACTIVE,0.8977277775573145,0.853912746202481,0.9377058235180095,0.8977591862437372,0.9015333542650306,1
186003,186500,186252,746.2640962600708,748.258113861084,747.263111114502,ACTIVE,0.7895664698335432,0.7172519634979287,0.8138448042578332,0.7921965767902208,0.8349725347881904,1
186252,186749,186501,747.263111114502,749.2571287155151,748.2621259689331,ACTIVE,0.6186405862974703,0.5943318257690748,0.725504123806177,0.5607236369656454,0.5940027586489841,1
186501,186998,186750,748.2621259689331,750.2561435699463,749.2611408233643,ACTIVE,0.43811617237454437,0.4855897845893406,0.5732119758874414,0.37637262710269065,0.3172903019187047,0
186750,187247,186999,749.2611408233643,751.2551584243774,750.2601556777954,ACTIVE,0.40608039325959105,0.4610394876812235,0.5144638257247511,0.3361069975277419,0.31271126210464767,0
186999,187496,187248,750.2601556777954,752.2541732788086,751.2591705322266,ACTIVE,0.4049016822984817,0.46209731023270306,0.5226242370617106,0.3252120104288002,0.30967317147071305,0
187248,187745,187497,751.2591705322266,753.2531881332397,752.2581853866577,ACTIVE,0.4571331636799143,0.46563717292368706,0.6427357530639362,0.35847401219114744,0.3616857165408866,1
187497,187994,187746,752.2581853866577,754.2522029876709,753.2572002410889,REST,0.42433193464177776,0.3967924665046898,0.5593609153625966,0.3909303353097632,0.3502440213900615,0
187746,188243,187995,753.2572002410889,755.251217842102,754.25621509552,REST,0.3458842710453726,0.2634639341836799,0.3300489750092484,0.3957763046905012,0.39424787029806097,0
187995,188492,188244,754.25621509552,756.2502326965332,755.2552299499512,REST,0.3694680142681061,0.2873911543943987,0.33128149071363133,0.39735828197878437,0.46184112998560994,0
188244,188741,188493,755.2552299499512,757.2492475509644,756.2542448043823,REST,0.34143147772991195,0.31597172965209214,0.3044205241639195,0.38155357232393816,0.3637800847796979,0
188493,188990,188742,756.2542448043823,758.2482624053955,757.2532596588135,REST,0.7043168604251105,0.7983918140104975,0.8706050483342975,0.5919724983707866,0.5562980809848606,1
188742,189239,188991,757.2532596588135,759.2472772598267,758.2522745132446,ACTIVE,0.9721354129375249,1.1102002926583576,1.193224371092108,0.8259044941801026,0.7592124938195314,1
188991,189488,189240,758.2522745132446,760.2462921142578,759.2512893676758,ACTIVE,1.0605898717869295,1.2520930535438288,1.2453257500194692,0.9283874753151606,0.8165532082692595,1
189240,189737,189489,759.2512893676758,761.245306968689,760.2503042221069,ACTIVE,1.092840437899583,1.2648033073164664,1.3130532718219472,0.9199059115254045,0.8735992609345149,1
189489,189986,189738,760.2503042221069,762.2443218231201,761.2493190765381,ACTIVE,1.145251362280793,1.3060287769340542,1.4050543843648435,0.973738114287084,0.8961841735371896,1
189738,190235,189987,761.2493190765381,763.2433366775513,762.2483339309692,ACTIVE,1.0130253371197147,1.1616771869633016,1.238476601074714,0.8668262903476945,0.7851212700931485,1
189987,190484,190236,762.2483339309692,764.2423515319824,763.2473487854004,ACTIVE,0.9964251749475657,1.0975949642934362,1.2186173225728665,0.8148747945041506,0.8546136184198095,1
190236,190733,190485,763.2473487854004,765.2413663864136,764.2463636398315,ACTIVE,1.09120602215185,1.2037491473968447,1.3167243076256614,0.9334333028975995,0.910917330687295,1
190485,190982,190734,764.2463636398315,766.2403812408447,765.2453784942627,ACTIVE,0.9411838869385996,1.0210187472328283,1.1242976932550326,0.7617121236678579,0.8577069835986796,1
190734,191231,190983,765.2453784942627,767.2393960952759,766.2443933486938,REST,0.697690421384491,0.7403714397299666,0.8178223754058576,0.5107882739663948,0.7217795964357451,1
190983,191480,191232,766.2443933486938,768.238410949707,767.243408203125,REST,0.38153666153966875,0.33375176634441445,0.3637525707145238,0.37910760319055786,0.44953470590917893,0
191232,191729,191481,767.243408203125,769.2374258041382,768.2424230575562,REST,0.4171257338989788,0.2803169151812628,0.3136896489995283,0.47365764852074843,0.6008387228943758,0
191481,191978,191730,768.2424230575562,770.2364406585693,769.2414379119873,REST,0.42850641503437903,0.2608337399308244,0.3052933857983999,0.5610044640029571,0.5868940704053348,0
191730,192227,191979,769.2414379119873,771.2354555130005,770.2404527664185,REST,0.3728885724330756,0.26338163250132224,0.33181188449864774,0.5024110495373779,0.39394972319495436,0
191979,192476,192228,770.2404527664185,772.2344703674316,771.2394676208496,REST,0.3220684400153645,0.2831764872945974,0.3220005223454229,0.3603242006763648,0.32277254974507275,0
192228,192725,192477,771.2394676208496,773.2334852218628,772.2384824752808,REST,0.28788031368424527,0.2461554690280807,0.29976868153235375,0.2919390173905783,0.3136580867859685,0
192477,192974,192726,772.2384824752808,774.232500076294,773.2374973297119,REST,0.2980753910049858,0.20765661946397332,0.3026550001231199,0.33561835743600954,0.34637158699684034,0
192726,193223,192975,773.2374973297119,775.2315149307251,774.2365121841431,REST,0.32554985190482016,0.2600523094509419,0.264863255768967,0.4104165255598022,0.3668673168395695,0
192975,193472,193224,774.2365121841431,776.2305297851562,775.2355270385742,REST,0.41386354270808723,0.338246669478349,0.37101049083314064,0.5316749562186412,0.41452205430221817,0
193224,193721,193473,775.2355270385742,777.2295446395874,776.2345418930054,REST,0.4329318620975954,0.36003811025740956,0.4561848755586077,0.4918268493566427,0.4236776132177217,0
193473,193970,193722,776.2345418930054,778.2285594940186,777.2335567474365,REST,0.34487848970666,0.3168564632042254,0.3719512602139517,0.34293792413624685,0.34776831127221597,0
193722,194219,193971,777.2335567474365,779.2275743484497,778.2325716018677,REST,0.27987447839006546,0.28186185321220997,0.279030561207714,0.30823994695081364,0.2503655521895242,0
193971,194468,194220,778.2325716018677,780.2265892028809,779.2315864562988,REST,0.2682352200545266,0.2733686020163598,0.2854719793405907,0.26209448668429064,0.25200581217686513,0
194220,194717,194469,779.2315864562988,781.225604057312,780.23060131073,REST,0.2704255844298677,0.2541776012429558,0.27802794279005005,0.2707049423637004,0.2787918513227646,0
194469,194966,194718,780.23060131073,782.2246189117432,781.2296161651611,ACTIVE,0.4391471820487681,0.43877166628810443,0.5414979162671137,0.35989767502367037,0.41642147061618406,1
194718,195215,194967,781.2296161651611,783.2236337661743,782.2286310195923,ACTIVE,0.5585258156595707,0.6438793956577539,0.684104255325122,0.4288948914040706,0.4772247202513362,1
194967,195464,195216,782.2286310195923,784.2226486206055,783.2276458740234,ACTIVE,0.5155865660944396,0.6442981560344228,0.6133122772509516,0.4004507122951159,0.40428511879726814,1
195216,195713,195465,783.2276458740234,785.2216634750366,784.2266607284546,ACTIVE,0.5005465549392499,0.5474592667610776,0.6122304538050108,0.3670266826727384,0.4754698165181729,1
195465,195962,195714,784.2266607284546,786.2206783294678,785.2256755828857,ACTIVE,0.5164016092114615,0.4861414178851354,0.6316590583942034,0.4212037885681345,0.5266021719983726,1
195714,196211,195963,785.2256755828857,787.2196931838989,786.2246904373169,REST,0.4070949831085752,0.37651391045444527,0.4960018618930382,0.36799769494566753,0.3878664651411498,0
195963,196460,196212,786.2246904373169,788.2187080383301,787.223705291748,REST,0.2546648286751061,0.2532433261833173,0.32106672710419903,0.22635400746254478,0.21799525395036323,0
196212,196709,196461,787.223705291748,789.2177228927612,788.2227201461792,REST,0.25661962588997234,0.26955301053657477,0.2673201277219778,0.28245550648202744,0.20714985881930936,0
196461,196958,196710,788.2227201461792,790.2167377471924,789.2217350006104,REST,0.25947628459132366,0.2739901357171703,0.26702032280074334,0.27223272452047326,0.22466195532690786,0
196710,197207,196959,789.2217350006104,791.2157526016235,790.2207498550415,REST,0.24553890048757734,0.2361522345729137,0.2883936224851701,0.22482715014639879,0.23278259474582685,0
196959,197456,197208,790.2207498550415,792.2147674560547,791.2197647094727,REST,0.25954853731780336,0.23487124765917025,0.29005760697359007,0.24834395195248565,0.26492134268596756,0
197208,197705,197457,791.2197647094727,793.2137823104858,792.2187795639038,REST,0.276599454467498,0.2594860734996853,0.3041584985475454,0.2621212676234666,0.2806319781992947,0
197457,197954,197706,792.2187795639038,794.212797164917,793.217794418335,REST,0.26723125725919333,0.28301909797629493,0.2974500565471227,0.24652233679304322,0.24193353772031237,0
197706,198203,197955,793.217794418335,795.2118120193481,794.2168092727661,REST,0.2926859916669157,0.30941485207588054,0.34147847798794423,0.25413418753263156,0.2657164490712065,0
197955,198452,198204,794.2168092727661,796.2108268737793,795.2158241271973,REST,0.36472894758010904,0.3282789853555685,0.39024826963324494,0.3104045236604796,0.4299840116711431,0
198204,198701,198453,795.2158241271973,797.2098417282104,796.2148389816284,REST,0.7985987970871771,0.9255985130509498,0.9408444684084531,0.6835025017135462,0.6444497051757593,1
198453,198950,198702,796.2148389816284,798.2088565826416,797.2138538360596,REST,1.2238997015561799,1.4690762502204742,1.4263836897389945,1.0455508160049496,0.954588050260301,1
198702,199199,198951,797.2138538360596,799.2078714370728,798.2128686904907,REST,1.4302614574656152,1.6658173761576949,1.6623178665039737,1.2047132647397758,1.1881973224610158,1
198951,199448,199200,798.2128686904907,800.2068862915039,799.2118835449219,REST,1.3489800555734406,1.5678013030789058,1.6093105678606006,1.1442943583316678,1.0745139930225884,1
199200,199697,199449,799.2118835449219,801.2059011459351,800.210898399353,REST,1.168405532186067,1.3765761825694984,1.3679680775108563,0.9692332633173252,0.9598446053465877,1
199449,199946,199698,800.210898399353,802.2049160003662,801.2099132537842,REST,1.1304360081627798,1.2959254835633838,1.3095455016228033,0.9430862274204189,0.9731868200445124,1
199698,200195,199947,801.2099132537842,803.2039308547974,802.2089281082153,REST,1.1172048561624228,1.2804264982154467,1.2992319539747916,1.0059878104163529,0.8831731620430996,1
199947,200444,200196,802.2089281082153,804.2029457092285,803.2079429626465,REST,1.093274335012714,1.1998921563226752,1.2824066925706243,0.9498934444658239,0.9409050466917324,1
200196,200693,200445,803.2079429626465,805.2019605636597,804.2069578170776,REST,1.0787931495307057,1.142926641098103,1.2823694710936755,0.9294249338076308,0.9604515521234137,1
200445,200942,200694,804.2069578170776,806.2009754180908,805.2059726715088,REST,0.9040317689561722,0.9470964829847243,1.0402217063290673,0.8063467654407088,0.8224621210701888,1
200694,201191,200943,805.2059726715088,807.199990272522,806.2049875259399,REST,0.5354099489049676,0.5383522580362216,0.5939178442701594,0.4640101650359697,0.5453595282775198,1
200943,201440,201192,806.2049875259399,808.1990051269531,807.2040023803711,REST,0.33777633514112687,0.381583991549222,0.32798977547987423,0.35919668584452397,0.28233488769088727,0
201192,201689,201441,807.2040023803711,809.1980199813843,808.2030172348022,REST,0.3411029962843515,0.3394327346385105,0.342578751218515,0.3569654503096255,0.325435048970755,0
201441,201938,201690,808.2030172348022,810.1970348358154,809.2020320892334,REST,0.3286276127524971,0.3043496800526786,0.37358060166775,0.316851917491738,0.31972825179782166,0
201690,202187,201939,809.2020320892334,811.1960496902466,810.2010469436646,REST,0.33919451728790667,0.36119948409744007,0.378112816439893,0.3129956521305065,0.304470116483787,0
201939,202436,202188,810.2010469436646,812.1950645446777,811.2000617980957,REST,0.35613605938252213,0.40365000552829916,0.40003731850338486,0.3018790829613736,0.3189778305370311,0
202188,202685,202437,811.2000617980957,813.1940793991089,812.1990766525269,REST,0.3917122032811032,0.36733996762945076,0.36046810456692474,0.49054483397996806,0.34849590694806903,0
202437,202934,202686,812.1990766525269,814.19309425354,813.198091506958,REST,0.3882092740993459,0.32919826392977386,0.3017129125371312,0.5705635648587754,0.3513623550717031,0
202686,203183,202935,813.198091506958,815.1921091079712,814.1971063613892,REST,0.35463522520614227,0.301271296499678,0.30553760035386324,0.4386829425597373,0.37304906141129046,0
202935,203432,203184,814.1971063613892,816.1911239624023,815.1961212158203,REST,0.29968271336736907,0.2682689203650899,0.27811045437525295,0.29700643203585314,0.3553450466932802,0
203184,203681,203433,815.1961212158203,817.1901388168335,816.1951360702515,REST,0.410234654658516,0.3944191057783107,0.5147704298449285,0.33666330457034804,0.3950857784404769,0
203433,203930,203682,816.1951360702515,818.1891536712646,817.1941509246826,REST,0.42201261716789357,0.38731268871903685,0.5432111733096872,0.3481380812593923,0.4093885253834581,0
203682,204179,203931,817.1941509246826,819.1881685256958,818.1931657791138,REST,0.3143644743596866,0.2502557190232753,0.32955993501336855,0.3464343649836409,0.3312078784184618,0
203931,204428,204180,818.1931657791138,820.187183380127,819.1921806335449,REST,0.36619394531484045,0.2745865436888566,0.2837490563287486,0.48570479974032565,0.420735381501431,0
204180,204677,204429,819.1921806335449,821.1861982345581,820.1911954879761,REST,0.7565695978168301,0.8011311094616738,0.884224781135106,0.6625045281395505,0.67841797253099,1
204429,204926,204678,820.1911954879761,822.1852130889893,821.1902103424072,ACTIVE,0.8214763659550649,0.9627557032989394,1.0166702475172313,0.6438220668083582,0.6626574461957309,1
204678,205175,204927,821.1902103424072,823.1842279434204,822.1892251968384,ACTIVE,0.6097801575714351,0.7693407196786667,0.74457463460231,0.4832827296176012,0.4419225463871626,1
204927,205424,205176,822.1892251968384,824.1832427978516,823.1882400512695,ACTIVE,0.615825008100479,0.6925893200587081,0.7448665625406096,0.4940112534651543,0.5318328963374445,1
205176,205673,205425,823.1882400512695,825.1822576522827,824.1872549057007,ACTIVE,0.567341589465265,0.5795416290178708,0.6769183305389368,0.48905207354165603,0.5238543247625963,1
205425,205922,205674,824.1872549057007,826.1812725067139,825.1862697601318,ACTIVE,0.5541047317952021,0.6119815534555667,0.7451790949927873,0.4356228119000924,0.4236354668323623,1
205674,206171,205923,825.1862697601318,827.180287361145,826.185284614563,ACTIVE,0.6484146770290979,0.6763737925745734,0.8872317800777455,0.4530448533990285,0.5770082820650445,1
205923,206420,206172,826.185284614563,828.1793022155762,827.1842994689941,ACTIVE,0.5867558312311405,0.583058592485855,0.7700450031001992,0.4393123853470121,0.5546073439914957,1
206172,206669,206421,827.1842994689941,829.1783170700073,828.1833143234253,ACTIVE,0.4802720930498637,0.52786723328351,0.62766391761653,0.40000771930761825,0.36554950199179653,1
206421,206918,206670,828.1833143234253,830.1773319244385,829.1823291778564,REST,0.4494479028883015,0.4451937285295609,0.5289781341084566,0.3627447701576744,0.460874978757514,1
206670,207167,206919,829.1823291778564,831.1763467788696,830.1813440322876,REST,0.43374399960206117,0.34756867872507413,0.44441940965838,0.3948648849816855,0.5481230250431051,0
206919,207416,207168,830.1813440322876,832.1753616333008,831.1803588867188,REST,0.39136821420836676,0.3473876804184777,0.4022811001952139,0.3786310873227462,0.43717298889702927,0
207168,207665,207417,831.1803588867188,833.1743764877319,832.1793737411499,REST,0.2766243242721684,0.28865938218192144,0.2973575798064237,0.26731285652287073,0.25316747857745764,0
207417,207914,207666,832.1793737411499,834.1733913421631,833.178388595581,REST,0.3181187704808834,0.32214843327532794,0.3716385432553389,0.2951031650076312,0.2835849403852355,0
207666,208163,207915,833.178388595581,835.1724061965942,834.1774034500122,REST,0.7460762635548949,0.8584287579056987,0.8966393792735156,0.6403090810454253,0.5889278359949399,1
207915,208412,208164,834.1774034500122,836.1714210510254,835.1764183044434,ACTIVE,1.119969653889541,1.3437366110654996,1.3161893279954837,0.9657372650075368,0.8542154114896443,1
208164,208661,208413,835.1764183044434,837.1704359054565,836.1754331588745,ACTIVE,1.3224409989686299,1.563825718718627,1.5983121281550525,1.0702916541471699,1.0573344948536698,1
208413,208910,208662,836.1754331588745,838.1694507598877,837.1744480133057,ACTIVE,1.2806968921593547,1.4799755477247092,1.5882131188695785,1.035730321605278,1.018868580437854,1
208662,209159,208911,837.1744480133057,839.1684656143188,838.1734628677368,ACTIVE,1.1738393582545064,1.3623750680788635,1.4014906044293933,1.000557568530713,0.9309341919790555,1
208911,209408,209160,838.1734628677368,840.16748046875,839.172477722168,ACTIVE,1.2056527836570254,1.3567027863535586,1.4575487591837222,0.9918059377921569,1.0165536512986637,1
209160,209657,209409,839.172477722168,841.1664953231812,840.1714925765991,ACTIVE,1.155715905410578,1.3026593483255688,1.4306857642522828,0.9621321733216978,0.9273863357427621,1
209409,209906,209658,840.1714925765991,842.1655101776123,841.1705074310303,ACTIVE,1.1735788083986334,1.3421749721247802,1.4169782338332835,0.9672167570822102,0.96794527055426,1
209658,210155,209907,841.1705074310303,843.1645250320435,842.1695222854614,ACTIVE,1.0724827670838808,1.220974610352854,1.2709159374814472,0.8849510740700447,0.913089446431177,1
209907,210404,210156,842.1695222854614,844.1635398864746,843.1685371398926,REST,0.6747470282863498,0.7651030336155656,0.7981957202785742,0.5884963208529488,0.5471930383983108,1
210156,210653,210405,843.1685371398926,845.1625547409058,844.1675519943237,REST,0.37037804151748077,0.34096785636218346,0.4410338351214373,0.33770909124119947,0.3618013833451029,0
210405,210902,210654,844.1675519943237,846.1615695953369,845.1665668487549,REST,0.33317031050619567,0.2748402044018603,0.3257896179622584,0.3342369361634334,0.39781448349723053,0
210654,211151,210903,845.1665668487549,847.1605844497681,846.165581703186,REST,0.30493981519068697,0.258006661582779,0.29014203133881883,0.3053844500646172,0.3662261177765329,0
210903,211400,211152,846.165581703186,848.1595993041992,847.1645965576172,REST,0.31221633482744715,0.2526658059671482,0.33106586591897197,0.28290803268189696,0.3822256347417713,0
211152,211649,211401,847.1645965576172,849.1586141586304,848.1636114120483,REST,0.33722999972252726,0.29437902161371093,0.3863638599166489,0.2581654892373196,0.4100116281224298,0
