filename,start_time_sec,end_time_sec,label,true_label,projected_p_active,gate_open,left_right_pred,final_pred
LR-3-15-26-(04).csv,0.0,0.9950027465820312,BASELINE,REST,0.21,0,LEFT,REST
LR-3-15-26-(04).csv,0.4975013732910156,1.4925041198730469,BASELINE,REST,0.21,0,LEFT,REST
LR-3-15-26-(04).csv,0.9950027465820312,1.9900054931640625,BASELINE,REST,0.21,0,LEFT,REST
LR-3-15-26-(04).csv,1.4925041198730469,2.487506866455078,BASELINE,REST,0.21,0,LEFT,REST
LR-3-15-26-(04).csv,1.9900054931640625,2.9850082397460938,BASELINE,REST,0.18666666666666668,0,LEFT,REST
LR-3-15-26-(04).csv,2.487506866455078,3.4825096130371094,BASELINE,REST,0.18666666666666668,0,LEFT,REST
LR-3-15-26-(04).csv,2.9850082397460938,3.980010986328125,BASELINE,REST,0.16666666666666666,0,LEFT,REST
LR-3-15-26-(04).csv,3.4825096130371094,4.477512359619141,BASELINE,REST,0.16666666666666666,0,LEFT,REST
LR-3-15-26-(04).csv,3.980010986328125,4.975013732910156,BASELINE,REST,0.17333333333333334,0,LEFT,REST
LR-3-15-26-(04).csv,4.477512359619141,5.472515106201172,BASELINE,REST,0.17333333333333334,0,LEFT,REST
LR-3-15-26-(04).csv,4.975013732910156,5.9700164794921875,BASELINE,REST,0.31,1,LEFT,LEFT
LR-3-15-26-(04).csv,5.472515106201172,6.467517852783203,BASELINE,REST,0.31,1,RIGHT,RIGHT
LR-3-15-26-(04).csv,5.9700164794921875,6.965019226074219,BASELINE,REST,0.31666666666666665,1,LEFT,LEFT
LR-3-15-26-(04).csv,6.467517852783203,7.462520599365234,BASELINE,REST,0.31666666666666665,1,LEFT,LEFT
LR-3-15-26-(04).csv,6.965019226074219,7.96002197265625,BASELINE,REST,0.31666666666666665,1,LEFT,LEFT
LR-3-15-26-(04).csv,7.462520599365234,8.457523345947266,BASELINE,REST,0.31666666666666665,1,LEFT,LEFT
LR-3-15-26-(04).csv,7.96002197265625,8.955024719238281,BASELINE,REST,0.4533333333333333,1,RIGHT,RIGHT
LR-3-15-26-(04).csv,8.457523345947266,9.452526092529297,BASELINE,REST,0.4533333333333333,1,LEFT,LEFT
LR-3-15-26-(04).csv,8.955024719238281,9.950027465820312,BASELINE,REST,0.6633333333333333,1,LEFT,LEFT
LR-3-15-26-(04).csv,9.452526092529297,10.447528839111328,BASELINE,REST,0.6633333333333333,1,RIGHT,RIGHT
LR-3-15-26-(04).csv,9.950027465820312,10.945030212402344,BASELINE,REST,0.6633333333333333,1,RIGHT,RIGHT
LR-3-15-26-(04).csv,10.447528839111328,11.44253158569336,BASELINE,REST,0.6633333333333333,1,RIGHT,RIGHT
LR-3-15-26-(04).csv,10.945030212402344,11.940032958984375,BASELINE,REST,0.36333333333333334,1,RIGHT,RIGHT
LR-3-15-26-(04).csv,11.44253158569336,12.43753433227539,BASELINE,REST,0.36333333333333334,1,RIGHT,RIGHT
LR-3-15-26-(04).csv,11.940032958984375,12.935035705566406,BASELINE,REST,0.13,0,RIGHT,REST
LR-3-15-26-(04).csv,12.43753433227539,13.432537078857422,BASELINE,REST,0.13,0,RIGHT,REST
LR-3-15-26-(04).csv,12.935035705566406,13.930038452148438,BASELINE,REST,0.3566666666666667,1,RIGHT,RIGHT
LR-3-15-26-(04).csv,13.432537078857422,14.427539825439453,BASELINE,REST,0.3566666666666667,1,RIGHT,RIGHT
LR-3-15-26-(04).csv,13.930038452148438,14.925041198730469,BASELINE,REST,0.5033333333333333,1,LEFT,LEFT
LR-3-15-26-(04).csv,14.427539825439453,15.422542572021484,BASELINE,REST,0.5033333333333333,1,RIGHT,RIGHT
LR-3-15-26-(04).csv,14.925041198730469,15.9200439453125,BASELINE,REST,0.5033333333333333,1,LEFT,LEFT
LR-3-15-26-(04).csv,15.422542572021484,16.417545318603516,BASELINE,REST,0.5033333333333333,1,RIGHT,RIGHT
LR-3-15-26-(04).csv,15.9200439453125,16.91504669189453,BASELINE,REST,0.4066666666666667,1,RIGHT,RIGHT
LR-3-15-26-(04).csv,16.417545318603516,17.412548065185547,BASELINE,REST,0.4066666666666667,1,RIGHT,RIGHT
LR-3-15-26-(04).csv,16.91504669189453,17.910049438476562,BASELINE,REST,0.4066666666666667,1,LEFT,LEFT
LR-3-15-26-(04).csv,17.412548065185547,18.407550811767578,BASELINE,REST,0.4066666666666667,1,RIGHT,RIGHT
LR-3-15-26-(04).csv,17.910049438476562,18.905052185058594,BASELINE,REST,0.27,0,LEFT,REST
LR-3-15-26-(04).csv,18.407550811767578,19.40255355834961,BASELINE,REST,0.27,0,LEFT,REST
LR-3-15-26-(04).csv,18.905052185058594,19.900054931640625,BASELINE,REST,0.31,1,LEFT,LEFT
LR-3-15-26-(04).csv,19.40255355834961,20.39755630493164,BASELINE,REST,0.31,1,LEFT,LEFT
LR-3-15-26-(04).csv,19.900054931640625,20.895057678222656,BASELINE,REST,0.38666666666666666,1,LEFT,LEFT
LR-3-15-26-(04).csv,20.39755630493164,21.392559051513672,BASELINE,REST,0.38666666666666666,1,LEFT,LEFT
LR-3-15-26-(04).csv,20.895057678222656,21.890060424804688,BASELINE,REST,0.45,1,LEFT,LEFT
LR-3-15-26-(04).csv,21.392559051513672,22.387561798095703,BASELINE,REST,0.45,1,LEFT,LEFT
LR-3-15-26-(04).csv,21.890060424804688,22.88506317138672,BASELINE,REST,0.48333333333333334,1,LEFT,LEFT
LR-3-15-26-(04).csv,22.387561798095703,23.382564544677734,BASELINE,REST,0.48333333333333334,1,LEFT,LEFT
LR-3-15-26-(04).csv,22.88506317138672,23.88006591796875,BASELINE,REST,0.48333333333333334,1,LEFT,LEFT
LR-3-15-26-(04).csv,23.382564544677734,24.377567291259766,BASELINE,REST,0.48333333333333334,1,RIGHT,RIGHT
LR-3-15-26-(04).csv,23.88006591796875,24.87506866455078,BASELINE,REST,0.37666666666666665,1,RIGHT,RIGHT
LR-3-15-26-(04).csv,24.377567291259766,25.372570037841797,BASELINE,REST,0.37666666666666665,1,RIGHT,RIGHT
LR-3-15-26-(04).csv,24.87506866455078,25.870071411132812,BASELINE,REST,0.56,1,LEFT,LEFT
LR-3-15-26-(04).csv,25.372570037841797,26.367572784423828,BASELINE,REST,0.56,1,RIGHT,RIGHT
LR-3-15-26-(04).csv,25.870071411132812,26.865074157714844,BASELINE,REST,0.56,1,RIGHT,RIGHT
LR-3-15-26-(04).csv,26.367572784423828,27.36257553100586,BASELINE,REST,0.56,1,LEFT,LEFT
LR-3-15-26-(04).csv,26.865074157714844,27.860076904296875,BASELINE,REST,0.39666666666666667,1,LEFT,LEFT
LR-3-15-26-(04).csv,27.36257553100586,28.35757827758789,BASELINE,REST,0.39666666666666667,1,LEFT,LEFT
LR-3-15-26-(04).csv,27.860076904296875,28.855079650878906,BASELINE,REST,0.20333333333333334,0,LEFT,REST
LR-3-15-26-(04).csv,28.35757827758789,29.352581024169922,BASELINE,REST,0.20333333333333334,0,LEFT,REST
LR-3-15-26-(04).csv,28.855079650878906,29.850082397460938,BASELINE,REST,0.20333333333333334,0,LEFT,REST
LR-3-15-26-(04).csv,29.352581024169922,30.347583770751953,BASELINE,REST,0.20333333333333334,0,LEFT,REST
LR-3-15-26-(04).csv,29.850082397460938,30.84508514404297,BASELINE,REST,0.21666666666666667,0,LEFT,REST
LR-3-15-26-(04).csv,30.347583770751953,31.342586517333984,BASELINE,REST,0.21666666666666667,0,LEFT,REST
LR-3-15-26-(04).csv,30.84508514404297,31.840087890625,BASELINE,REST,0.37,1,LEFT,LEFT
LR-3-15-26-(04).csv,31.342586517333984,32.337589263916016,BASELINE,REST,0.37,1,LEFT,LEFT
LR-3-15-26-(04).csv,31.840087890625,32.83509063720703,BASELINE,REST,0.37,1,RIGHT,RIGHT
LR-3-15-26-(04).csv,32.337589263916016,33.33259201049805,BASELINE,REST,0.37,1,RIGHT,RIGHT
LR-3-15-26-(04).csv,32.83509063720703,33.83009338378906,BASELINE,REST,0.36333333333333334,1,LEFT,LEFT
LR-3-15-26-(04).csv,33.33259201049805,34.32759475708008,BASELINE,REST,0.36333333333333334,1,LEFT,LEFT
LR-3-15-26-(04).csv,33.83009338378906,34.825096130371094,BASELINE,REST,0.18333333333333332,0,LEFT,REST
LR-3-15-26-(04).csv,34.32759475708008,35.32259750366211,BASELINE,REST,0.18333333333333332,0,LEFT,REST
LR-3-15-26-(04).csv,34.825096130371094,35.820098876953125,BASELINE,REST,0.22,0,LEFT,REST
LR-3-15-26-(04).csv,35.32259750366211,36.31760025024414,BASELINE,REST,0.22,0,LEFT,REST
LR-3-15-26-(04).csv,35.820098876953125,36.815101623535156,BASELINE,REST,0.3433333333333333,1,LEFT,LEFT
LR-3-15-26-(04).csv,36.31760025024414,37.31260299682617,BASELINE,REST,0.3433333333333333,1,LEFT,LEFT
LR-3-15-26-(04).csv,36.815101623535156,37.81010437011719,BASELINE,REST,0.3433333333333333,1,RIGHT,RIGHT
LR-3-15-26-(04).csv,37.31260299682617,38.3076057434082,BASELINE,REST,0.3433333333333333,1,RIGHT,RIGHT
LR-3-15-26-(04).csv,37.81010437011719,38.80510711669922,BASELINE,REST,0.33,1,LEFT,LEFT
LR-3-15-26-(04).csv,38.3076057434082,39.302608489990234,BASELINE,REST,0.33,1,RIGHT,RIGHT
LR-3-15-26-(04).csv,38.80510711669922,39.80010986328125,BASELINE,REST,0.19666666666666666,0,LEFT,REST
LR-3-15-26-(04).csv,39.302608489990234,40.297611236572266,BASELINE,REST,0.19666666666666666,0,RIGHT,REST
LR-3-15-26-(04).csv,39.80010986328125,40.79511260986328,BASELINE,REST,0.19333333333333333,0,LEFT,REST
LR-3-15-26-(04).csv,40.297611236572266,41.2926139831543,BASELINE,REST,0.19333333333333333,0,LEFT,REST
LR-3-15-26-(04).csv,40.79511260986328,41.79011535644531,BASELINE,REST,0.19666666666666666,0,LEFT,REST
LR-3-15-26-(04).csv,41.2926139831543,42.28761672973633,BASELINE,REST,0.19666666666666666,0,LEFT,REST
LR-3-15-26-(04).csv,41.79011535644531,42.785118103027344,BASELINE,REST,0.22,0,LEFT,REST
LR-3-15-26-(04).csv,42.28761672973633,43.28261947631836,BASELINE,REST,0.22,0,LEFT,REST
LR-3-15-26-(04).csv,42.785118103027344,43.780120849609375,BASELINE,REST,0.22,0,LEFT,REST
LR-3-15-26-(04).csv,43.28261947631836,44.27762222290039,BASELINE,REST,0.22,0,LEFT,REST
LR-3-15-26-(04).csv,43.780120849609375,44.775123596191406,BASELINE,REST,0.20666666666666667,0,LEFT,REST
LR-3-15-26-(04).csv,44.27762222290039,45.27262496948242,BASELINE,REST,0.20666666666666667,0,LEFT,REST
LR-3-15-26-(04).csv,45.70994472503662,46.70494747161865,LEFT,LEFT,0.18333333333333332,0,LEFT,REST
LR-3-15-26-(04).csv,46.20744609832764,47.20244884490967,LEFT,LEFT,0.18333333333333332,0,LEFT,REST
LR-3-15-26-(04).csv,46.70494747161865,47.699950218200684,LEFT,LEFT,0.19,0,LEFT,REST
LR-3-15-26-(04).csv,47.20244884490967,48.1974515914917,LEFT,LEFT,0.19,0,LEFT,REST
LR-3-15-26-(04).csv,47.699950218200684,48.694952964782715,LEFT,LEFT,0.19,0,LEFT,REST
LR-3-15-26-(04).csv,48.1974515914917,49.19245433807373,LEFT,LEFT,0.19,0,LEFT,REST
LR-3-15-26-(04).csv,48.694952964782715,49.689955711364746,LEFT,LEFT,0.17666666666666667,0,LEFT,REST
LR-3-15-26-(04).csv,49.19245433807373,50.18745708465576,LEFT,LEFT,0.17666666666666667,0,LEFT,REST
LR-3-15-26-(04).csv,49.689955711364746,50.68495845794678,LEFT,LEFT,0.16333333333333333,0,LEFT,REST
LR-3-15-26-(04).csv,50.18745708465576,51.18245983123779,LEFT,LEFT,0.16333333333333333,0,LEFT,REST
LR-3-15-26-(04).csv,50.68495845794678,51.67996120452881,LEFT,LEFT,0.18666666666666668,0,LEFT,REST
LR-3-15-26-(04).csv,51.18245983123779,52.177462577819824,LEFT,LEFT,0.18666666666666668,0,LEFT,REST
LR-3-15-26-(04).csv,51.67996120452881,52.67496395111084,LEFT,LEFT,0.19333333333333333,0,LEFT,REST
LR-3-15-26-(04).csv,52.177462577819824,53.172465324401855,LEFT,LEFT,0.19333333333333333,0,LEFT,REST
LR-3-15-26-(04).csv,52.67496395111084,53.66996669769287,LEFT,LEFT,0.20666666666666667,0,LEFT,REST
LR-3-15-26-(04).csv,53.172465324401855,54.16746807098389,LEFT,LEFT,0.20666666666666667,0,LEFT,REST
LR-3-15-26-(04).csv,53.66996669769287,54.6649694442749,LEFT,LEFT,0.20666666666666667,0,LEFT,REST
LR-3-15-26-(04).csv,54.16746807098389,55.16247081756592,LEFT,LEFT,0.20666666666666667,0,LEFT,REST
LR-3-15-26-(04).csv,54.6649694442749,55.659972190856934,LEFT,LEFT,0.19,0,LEFT,REST
LR-3-15-26-(04).csv,55.16247081756592,56.15747356414795,LEFT,LEFT,0.19,0,LEFT,REST
LR-3-15-26-(04).csv,55.659972190856934,56.654974937438965,LEFT,LEFT,0.19,0,LEFT,REST
LR-3-15-26-(04).csv,56.15747356414795,57.15247631072998,LEFT,LEFT,0.19,0,LEFT,REST
LR-3-15-26-(04).csv,57.32900905609131,58.32401180267334,REST,REST,0.15666666666666668,0,LEFT,REST
LR-3-15-26-(04).csv,57.826510429382324,58.821513175964355,REST,REST,0.15666666666666668,0,LEFT,REST
LR-3-15-26-(04).csv,58.32401180267334,59.31901454925537,REST,REST,0.17666666666666667,0,LEFT,REST
LR-3-15-26-(04).csv,58.821513175964355,59.81651592254639,REST,REST,0.17666666666666667,0,LEFT,REST
LR-3-15-26-(04).csv,59.31901454925537,60.3140172958374,REST,REST,0.17666666666666667,0,LEFT,REST
LR-3-15-26-(04).csv,59.81651592254639,60.81151866912842,REST,REST,0.17666666666666667,0,LEFT,REST
LR-3-15-26-(04).csv,60.3140172958374,61.309020042419434,REST,REST,0.16333333333333333,0,LEFT,REST
LR-3-15-26-(04).csv,60.81151866912842,61.80652141571045,REST,REST,0.16333333333333333,0,LEFT,REST
LR-3-15-26-(04).csv,61.309020042419434,62.304022789001465,REST,REST,0.18666666666666668,0,LEFT,REST
LR-3-15-26-(04).csv,61.80652141571045,62.80152416229248,REST,REST,0.18666666666666668,0,LEFT,REST
LR-3-15-26-(04).csv,62.304022789001465,63.299025535583496,REST,REST,0.18666666666666668,0,LEFT,REST
LR-3-15-26-(04).csv,63.367231369018555,64.36223411560059,RIGHT,RIGHT,0.16,0,LEFT,REST
LR-3-15-26-(04).csv,63.86473274230957,64.8597354888916,RIGHT,RIGHT,0.16,0,LEFT,REST
LR-3-15-26-(04).csv,64.36223411560059,65.35723686218262,RIGHT,RIGHT,0.19333333333333333,0,LEFT,REST
LR-3-15-26-(04).csv,64.8597354888916,65.85473823547363,RIGHT,RIGHT,0.19333333333333333,0,LEFT,REST
LR-3-15-26-(04).csv,65.35723686218262,66.35223960876465,RIGHT,RIGHT,0.19333333333333333,0,LEFT,REST
LR-3-15-26-(04).csv,65.85473823547363,66.84974098205566,RIGHT,RIGHT,0.19333333333333333,0,LEFT,REST
LR-3-15-26-(04).csv,66.35223960876465,67.34724235534668,RIGHT,RIGHT,0.18666666666666668,0,LEFT,REST
LR-3-15-26-(04).csv,66.84974098205566,67.8447437286377,RIGHT,RIGHT,0.18666666666666668,0,LEFT,REST
LR-3-15-26-(04).csv,67.34724235534668,68.34224510192871,RIGHT,RIGHT,0.16333333333333333,0,RIGHT,REST
LR-3-15-26-(04).csv,67.8447437286377,68.83974647521973,RIGHT,RIGHT,0.16333333333333333,0,LEFT,REST
LR-3-15-26-(04).csv,68.34224510192871,69.33724784851074,RIGHT,RIGHT,0.16333333333333333,0,LEFT,REST
LR-3-15-26-(04).csv,68.83974647521973,69.83474922180176,RIGHT,RIGHT,0.16333333333333333,0,LEFT,REST
LR-3-15-26-(04).csv,69.33724784851074,70.33225059509277,RIGHT,RIGHT,0.19666666666666666,0,LEFT,REST
LR-3-15-26-(04).csv,69.83474922180176,70.82975196838379,RIGHT,RIGHT,0.19666666666666666,0,LEFT,REST
LR-3-15-26-(04).csv,70.33225059509277,71.3272533416748,RIGHT,RIGHT,0.19666666666666666,0,LEFT,REST
LR-3-15-26-(04).csv,71.80469417572021,72.79969692230225,REST,REST,0.16666666666666666,0,LEFT,REST
LR-3-15-26-(04).csv,72.30219554901123,73.29719829559326,REST,REST,0.16666666666666666,0,LEFT,REST
LR-3-15-26-(04).csv,72.79969692230225,73.79469966888428,REST,REST,0.17666666666666667,0,LEFT,REST
LR-3-15-26-(04).csv,73.29719829559326,74.2922010421753,REST,REST,0.17666666666666667,0,LEFT,REST
LR-3-15-26-(04).csv,73.79469966888428,74.78970241546631,REST,REST,0.17666666666666667,0,RIGHT,REST
LR-3-15-26-(04).csv,74.2922010421753,75.28720378875732,REST,REST,0.17666666666666667,0,RIGHT,REST
LR-3-15-26-(04).csv,74.78970241546631,75.78470516204834,REST,REST,0.15666666666666668,0,RIGHT,REST
LR-3-15-26-(04).csv,75.28720378875732,76.28220653533936,REST,REST,0.15666666666666668,0,LEFT,REST
LR-3-15-26-(04).csv,75.78470516204834,76.77970790863037,REST,REST,0.15666666666666668,0,LEFT,REST
LR-3-15-26-(04).csv,76.28220653533936,77.27720928192139,REST,REST,0.15666666666666668,0,LEFT,REST
LR-3-15-26-(04).csv,76.77970790863037,77.7747106552124,REST,REST,0.17666666666666667,0,LEFT,REST
LR-3-15-26-(04).csv,77.27720928192139,78.27221202850342,REST,REST,0.17666666666666667,0,RIGHT,REST
LR-3-15-26-(04).csv,77.7747106552124,78.76971340179443,REST,REST,0.17666666666666667,0,LEFT,REST
LR-3-15-26-(04).csv,78.27221202850342,79.26721477508545,REST,REST,0.17666666666666667,0,LEFT,REST
LR-3-15-26-(04).csv,78.76971340179443,79.76471614837646,REST,REST,0.16,0,LEFT,REST
LR-3-15-26-(04).csv,79.26721477508545,80.26221752166748,REST,REST,0.16,0,LEFT,REST
LR-3-15-26-(04).csv,79.76471614837646,80.7597188949585,REST,REST,0.17333333333333334,0,LEFT,REST
LR-3-15-26-(04).csv,80.26221752166748,81.25722026824951,REST,REST,0.17333333333333334,0,LEFT,REST
LR-3-15-26-(04).csv,80.7597188949585,81.75472164154053,REST,REST,0.21666666666666667,0,LEFT,REST
LR-3-15-26-(04).csv,81.25722026824951,82.25222301483154,REST,REST,0.21666666666666667,0,LEFT,REST
LR-3-15-26-(04).csv,81.75472164154053,82.74972438812256,REST,REST,0.21666666666666667,0,LEFT,REST
LR-3-15-26-(04).csv,82.25222301483154,83.24722576141357,REST,REST,0.21666666666666667,0,RIGHT,REST
LR-3-15-26-(04).csv,82.74972438812256,83.74472713470459,REST,REST,0.20333333333333334,0,LEFT,REST
LR-3-15-26-(04).csv,83.24722576141357,84.2422285079956,REST,REST,0.20333333333333334,0,LEFT,REST
LR-3-15-26-(04).csv,83.74472713470459,84.73972988128662,REST,REST,0.17666666666666667,0,LEFT,REST
LR-3-15-26-(04).csv,84.2422285079956,85.23723125457764,REST,REST,0.17666666666666667,0,LEFT,REST
LR-3-15-26-(04).csv,84.73972988128662,85.73473262786865,REST,REST,0.17666666666666667,0,LEFT,REST
LR-3-15-26-(04).csv,85.23723125457764,86.23223400115967,REST,REST,0.17666666666666667,0,LEFT,REST
LR-3-15-26-(04).csv,85.73473262786865,86.72973537445068,REST,REST,0.15666666666666668,0,LEFT,REST
LR-3-15-26-(04).csv,86.23223400115967,87.2272367477417,REST,REST,0.15666666666666668,0,RIGHT,REST
LR-3-15-26-(04).csv,86.72973537445068,87.72473812103271,REST,REST,0.19666666666666666,0,RIGHT,REST
LR-3-15-26-(04).csv,87.2272367477417,88.22223949432373,REST,REST,0.19666666666666666,0,RIGHT,REST
LR-3-15-26-(04).csv,87.72473812103271,88.71974086761475,REST,REST,0.19666666666666666,0,RIGHT,REST
LR-3-15-26-(04).csv,88.22223949432373,89.21724224090576,REST,REST,0.19666666666666666,0,LEFT,REST
LR-3-15-26-(04).csv,88.71974086761475,89.71474361419678,REST,REST,0.18666666666666668,0,LEFT,REST
LR-3-15-26-(04).csv,89.79899787902832,90.79400062561035,LEFT,LEFT,0.16333333333333333,0,LEFT,REST
LR-3-15-26-(04).csv,90.29649925231934,91.29150199890137,LEFT,LEFT,0.16333333333333333,0,LEFT,REST
LR-3-15-26-(04).csv,90.79400062561035,91.78900337219238,LEFT,LEFT,0.2733333333333333,0,LEFT,REST
LR-3-15-26-(04).csv,91.29150199890137,92.2865047454834,LEFT,LEFT,0.2733333333333333,0,LEFT,REST
LR-3-15-26-(04).csv,91.78900337219238,92.78400611877441,LEFT,LEFT,0.2733333333333333,0,LEFT,REST
LR-3-15-26-(04).csv,92.2865047454834,93.28150749206543,LEFT,LEFT,0.2733333333333333,0,LEFT,REST
LR-3-15-26-(04).csv,92.78400611877441,93.77900886535645,LEFT,LEFT,0.25666666666666665,0,RIGHT,REST
LR-3-15-26-(04).csv,93.28150749206543,94.27651023864746,LEFT,LEFT,0.25666666666666665,0,RIGHT,REST
LR-3-15-26-(04).csv,93.77900886535645,94.77401161193848,LEFT,LEFT,0.18333333333333332,0,LEFT,REST
LR-3-15-26-(04).csv,94.27651023864746,95.27151298522949,LEFT,LEFT,0.18333333333333332,0,LEFT,REST
LR-3-15-26-(04).csv,94.77401161193848,95.76901435852051,LEFT,LEFT,0.19333333333333333,0,LEFT,REST
LR-3-15-26-(04).csv,95.27151298522949,96.26651573181152,LEFT,LEFT,0.19333333333333333,0,LEFT,REST
LR-3-15-26-(04).csv,95.76901435852051,96.76401710510254,LEFT,LEFT,0.19333333333333333,0,LEFT,REST
LR-3-15-26-(04).csv,96.26651573181152,97.26151847839355,LEFT,LEFT,0.19333333333333333,0,LEFT,REST
LR-3-15-26-(04).csv,96.76401710510254,97.75901985168457,LEFT,LEFT,0.18666666666666668,0,LEFT,REST
LR-3-15-26-(04).csv,97.26151847839355,98.25652122497559,LEFT,LEFT,0.18666666666666668,0,LEFT,REST
LR-3-15-26-(04).csv,98.52934455871582,99.52434730529785,REST,REST,0.19666666666666666,0,LEFT,REST
LR-3-15-26-(04).csv,99.02684593200684,100.02184867858887,REST,REST,0.19666666666666666,0,LEFT,REST
LR-3-15-26-(04).csv,99.52434730529785,100.51935005187988,REST,REST,0.19666666666666666,0,LEFT,REST
LR-3-15-26-(04).csv,100.02184867858887,101.0168514251709,REST,REST,0.19666666666666666,0,LEFT,REST
LR-3-15-26-(04).csv,100.51935005187988,101.51435279846191,REST,REST,0.16333333333333333,0,LEFT,REST
LR-3-15-26-(04).csv,101.0168514251709,102.01185417175293,REST,REST,0.16333333333333333,0,LEFT,REST
LR-3-15-26-(04).csv,101.51435279846191,102.50935554504395,REST,REST,0.16333333333333333,0,LEFT,REST
LR-3-15-26-(04).csv,102.01185417175293,103.00685691833496,REST,REST,0.16333333333333333,0,LEFT,REST
LR-3-15-26-(04).csv,103.14326858520508,104.13827133178711,RIGHT,RIGHT,0.16333333333333333,0,LEFT,REST
LR-3-15-26-(04).csv,103.6407699584961,104.63577270507812,RIGHT,RIGHT,0.16333333333333333,0,LEFT,REST
LR-3-15-26-(04).csv,104.13827133178711,105.13327407836914,RIGHT,RIGHT,0.18333333333333332,0,LEFT,REST
LR-3-15-26-(04).csv,104.63577270507812,105.63077545166016,RIGHT,RIGHT,0.18333333333333332,0,LEFT,REST
LR-3-15-26-(04).csv,105.13327407836914,106.12827682495117,RIGHT,RIGHT,0.18333333333333332,0,LEFT,REST
LR-3-15-26-(04).csv,105.63077545166016,106.62577819824219,RIGHT,RIGHT,0.18333333333333332,0,LEFT,REST
LR-3-15-26-(04).csv,106.12827682495117,107.1232795715332,RIGHT,RIGHT,0.19333333333333333,0,LEFT,REST
LR-3-15-26-(04).csv,106.62577819824219,107.62078094482422,RIGHT,RIGHT,0.19333333333333333,0,LEFT,REST
LR-3-15-26-(04).csv,107.1232795715332,108.11828231811523,RIGHT,RIGHT,0.19333333333333333,0,LEFT,REST
LR-3-15-26-(04).csv,107.62078094482422,108.61578369140625,RIGHT,RIGHT,0.19333333333333333,0,LEFT,REST
LR-3-15-26-(04).csv,108.11828231811523,109.11328506469727,RIGHT,RIGHT,0.18666666666666668,0,LEFT,REST
LR-3-15-26-(04).csv,108.61578369140625,109.61078643798828,RIGHT,RIGHT,0.18666666666666668,0,LEFT,REST
LR-3-15-26-(04).csv,109.11328506469727,110.1082878112793,RIGHT,RIGHT,0.2,0,LEFT,REST
LR-3-15-26-(04).csv,109.61078643798828,110.60578918457031,RIGHT,RIGHT,0.2,0,LEFT,REST
LR-3-15-26-(04).csv,110.1082878112793,111.10329055786133,RIGHT,RIGHT,0.2,0,LEFT,REST
LR-3-15-26-(04).csv,110.60578918457031,111.60079193115234,RIGHT,RIGHT,0.2,0,LEFT,REST
LR-3-15-26-(04).csv,111.67702198028564,112.67202472686768,REST,REST,0.2,0,LEFT,REST
LR-3-15-26-(04).csv,112.17452335357666,113.16952610015869,REST,REST,0.2,0,LEFT,REST
LR-3-15-26-(04).csv,112.67202472686768,113.6670274734497,REST,REST,0.20333333333333334,0,LEFT,REST
LR-3-15-26-(04).csv,113.16952610015869,114.16452884674072,REST,REST,0.20333333333333334,0,LEFT,REST
LR-3-15-26-(04).csv,113.6670274734497,114.66203022003174,REST,REST,0.20333333333333334,0,LEFT,REST
LR-3-15-26-(04).csv,114.16452884674072,115.15953159332275,REST,REST,0.20333333333333334,0,LEFT,REST
LR-3-15-26-(04).csv,114.66203022003174,115.65703296661377,REST,REST,0.20333333333333334,0,LEFT,REST
LR-3-15-26-(04).csv,115.15953159332275,116.15453433990479,REST,REST,0.20333333333333334,0,LEFT,REST
LR-3-15-26-(04).csv,115.65703296661377,116.6520357131958,REST,REST,0.17666666666666667,0,LEFT,REST
LR-3-15-26-(04).csv,116.15453433990479,117.14953708648682,REST,REST,0.17666666666666667,0,LEFT,REST
LR-3-15-26-(04).csv,116.6520357131958,117.64703845977783,REST,REST,0.15333333333333332,0,LEFT,REST
LR-3-15-26-(04).csv,117.14953708648682,118.14453983306885,REST,REST,0.15333333333333332,0,LEFT,REST
LR-3-15-26-(04).csv,117.64703845977783,118.64204120635986,REST,REST,0.16,0,LEFT,REST
LR-3-15-26-(04).csv,118.14453983306885,119.13954257965088,REST,REST,0.16,0,LEFT,REST
LR-3-15-26-(04).csv,118.64204120635986,119.6370439529419,REST,REST,0.16,0,LEFT,REST
LR-3-15-26-(04).csv,119.13954257965088,120.13454532623291,REST,REST,0.16,0,LEFT,REST
LR-3-15-26-(04).csv,119.6370439529419,120.63204669952393,REST,REST,0.18,0,LEFT,REST
LR-3-15-26-(04).csv,120.13454532623291,121.12954807281494,REST,REST,0.18,0,LEFT,REST
LR-3-15-26-(04).csv,120.63204669952393,121.62704944610596,REST,REST,0.18,0,RIGHT,REST
LR-3-15-26-(04).csv,121.12954807281494,122.12455081939697,REST,REST,0.18,0,RIGHT,REST
LR-3-15-26-(04).csv,121.62704944610596,122.62205219268799,REST,REST,0.15666666666666668,0,RIGHT,REST
LR-3-15-26-(04).csv,122.12455081939697,123.119553565979,REST,REST,0.15666666666666668,0,LEFT,REST
LR-3-15-26-(04).csv,122.62205219268799,123.61705493927002,REST,REST,0.15666666666666668,0,LEFT,REST
LR-3-15-26-(04).csv,123.119553565979,124.11455631256104,REST,REST,0.15666666666666668,0,RIGHT,REST
LR-3-15-26-(04).csv,123.61705493927002,124.61205768585205,REST,REST,0.15,0,RIGHT,REST
LR-3-15-26-(04).csv,124.11455631256104,125.10955905914307,REST,REST,0.15,0,LEFT,REST
LR-3-15-26-(04).csv,124.61205768585205,125.60706043243408,REST,REST,0.16666666666666666,0,LEFT,REST
LR-3-15-26-(04).csv,125.10955905914307,126.1045618057251,REST,REST,0.16666666666666666,0,RIGHT,REST
LR-3-15-26-(04).csv,125.60706043243408,126.60206317901611,REST,REST,0.16666666666666666,0,RIGHT,REST
LR-3-15-26-(04).csv,126.1045618057251,127.09956455230713,REST,REST,0.16666666666666666,0,LEFT,REST
LR-3-15-26-(04).csv,127.36436367034912,128.35936641693115,LEFT,LEFT,0.23333333333333334,0,LEFT,REST
LR-3-15-26-(04).csv,127.86186504364014,128.85686779022217,LEFT,LEFT,0.23333333333333334,0,RIGHT,REST
LR-3-15-26-(04).csv,128.35936641693115,129.35436916351318,LEFT,LEFT,0.23333333333333334,0,LEFT,REST
LR-3-15-26-(04).csv,128.85686779022217,129.8518705368042,LEFT,LEFT,0.23333333333333334,0,LEFT,REST
LR-3-15-26-(04).csv,129.35436916351318,130.34937191009521,LEFT,LEFT,0.22666666666666666,0,LEFT,REST
LR-3-15-26-(04).csv,129.8518705368042,130.84687328338623,LEFT,LEFT,0.22666666666666666,0,LEFT,REST
LR-3-15-26-(04).csv,130.34937191009521,131.34437465667725,LEFT,LEFT,0.17333333333333334,0,LEFT,REST
LR-3-15-26-(04).csv,130.84687328338623,131.84187602996826,LEFT,LEFT,0.17333333333333334,0,LEFT,REST
LR-3-15-26-(04).csv,131.34437465667725,132.33937740325928,LEFT,LEFT,0.17666666666666667,0,LEFT,REST
LR-3-15-26-(04).csv,131.84187602996826,132.8368787765503,LEFT,LEFT,0.17666666666666667,0,LEFT,REST
LR-3-15-26-(04).csv,132.33937740325928,133.3343801498413,LEFT,LEFT,0.19333333333333333,0,RIGHT,REST
LR-3-15-26-(04).csv,132.8368787765503,133.83188152313232,LEFT,LEFT,0.19333333333333333,0,LEFT,REST
LR-3-15-26-(04).csv,133.3343801498413,134.32938289642334,LEFT,LEFT,0.19666666666666666,0,LEFT,REST
LR-3-15-26-(04).csv,133.83188152313232,134.82688426971436,LEFT,LEFT,0.19666666666666666,0,LEFT,REST
LR-3-15-26-(04).csv,134.32938289642334,135.32438564300537,LEFT,LEFT,0.19666666666666666,0,LEFT,REST
LR-3-15-26-(04).csv,134.82688426971436,135.8218870162964,LEFT,LEFT,0.19666666666666666,0,LEFT,REST
LR-3-15-26-(04).csv,136.23513412475586,137.2301368713379,REST,REST,0.15666666666666668,0,LEFT,REST
LR-3-15-26-(04).csv,136.73263549804688,137.7276382446289,REST,REST,0.15666666666666668,0,LEFT,REST
LR-3-15-26-(04).csv,137.2301368713379,138.22513961791992,REST,REST,0.15666666666666668,0,LEFT,REST
LR-3-15-26-(04).csv,137.7276382446289,138.72264099121094,REST,REST,0.15666666666666668,0,LEFT,REST
LR-3-15-26-(04).csv,138.22513961791992,139.22014236450195,REST,REST,0.16333333333333333,0,LEFT,REST
LR-3-15-26-(04).csv,138.72264099121094,139.71764373779297,REST,REST,0.16333333333333333,0,LEFT,REST
LR-3-15-26-(04).csv,139.22014236450195,140.21514511108398,REST,REST,0.23,0,LEFT,REST
LR-3-15-26-(04).csv,139.71764373779297,140.712646484375,REST,REST,0.23,0,LEFT,REST
LR-3-15-26-(04).csv,140.21514511108398,141.21014785766602,REST,REST,0.23,0,LEFT,REST
LR-3-15-26-(04).csv,141.36662006378174,142.36162281036377,RIGHT,RIGHT,0.33666666666666667,1,LEFT,LEFT
LR-3-15-26-(04).csv,141.86412143707275,142.85912418365479,RIGHT,RIGHT,0.33666666666666667,1,LEFT,LEFT
LR-3-15-26-(04).csv,142.36162281036377,143.3566255569458,RIGHT,RIGHT,0.33666666666666667,1,LEFT,LEFT
LR-3-15-26-(04).csv,142.85912418365479,143.85412693023682,RIGHT,RIGHT,0.33666666666666667,1,LEFT,LEFT
LR-3-15-26-(04).csv,143.3566255569458,144.35162830352783,RIGHT,RIGHT,0.21,0,LEFT,REST
LR-3-15-26-(04).csv,143.85412693023682,144.84912967681885,RIGHT,RIGHT,0.21,0,LEFT,REST
LR-3-15-26-(04).csv,144.35162830352783,145.34663105010986,RIGHT,RIGHT,0.19333333333333333,0,LEFT,REST
LR-3-15-26-(04).csv,144.84912967681885,145.84413242340088,RIGHT,RIGHT,0.19333333333333333,0,LEFT,REST
LR-3-15-26-(04).csv,145.34663105010986,146.3416337966919,RIGHT,RIGHT,0.17,0,LEFT,REST
LR-3-15-26-(04).csv,145.84413242340088,146.8391351699829,RIGHT,RIGHT,0.17,0,RIGHT,REST
LR-3-15-26-(04).csv,146.3416337966919,147.33663654327393,RIGHT,RIGHT,0.18666666666666668,0,RIGHT,REST
LR-3-15-26-(04).csv,146.8391351699829,147.83413791656494,RIGHT,RIGHT,0.18666666666666668,0,LEFT,REST
LR-3-15-26-(04).csv,147.33663654327393,148.33163928985596,RIGHT,RIGHT,0.21333333333333335,0,LEFT,REST
LR-3-15-26-(04).csv,147.83413791656494,148.82914066314697,RIGHT,RIGHT,0.21333333333333335,0,RIGHT,REST
LR-3-15-26-(04).csv,148.33163928985596,149.326642036438,RIGHT,RIGHT,0.21333333333333335,0,RIGHT,REST
LR-3-15-26-(04).csv,148.82914066314697,149.824143409729,RIGHT,RIGHT,0.21333333333333335,0,RIGHT,REST
LR-3-15-26-(04).csv,149.91240978240967,150.9074125289917,REST,REST,0.18333333333333332,0,LEFT,REST
LR-3-15-26-(04).csv,150.40991115570068,151.40491390228271,REST,REST,0.18333333333333332,0,LEFT,REST
LR-3-15-26-(04).csv,150.9074125289917,151.90241527557373,REST,REST,0.18333333333333332,0,RIGHT,REST
LR-3-15-26-(04).csv,151.40491390228271,152.39991664886475,REST,REST,0.18333333333333332,0,RIGHT,REST
LR-3-15-26-(04).csv,151.90241527557373,152.89741802215576,REST,REST,0.23666666666666666,0,LEFT,REST
LR-3-15-26-(04).csv,152.39991664886475,153.39491939544678,REST,REST,0.23666666666666666,0,LEFT,REST
LR-3-15-26-(04).csv,152.89741802215576,153.8924207687378,REST,REST,0.23666666666666666,0,LEFT,REST
LR-3-15-26-(04).csv,153.39491939544678,154.3899221420288,REST,REST,0.23666666666666666,0,RIGHT,REST
LR-3-15-26-(04).csv,153.8924207687378,154.88742351531982,REST,REST,0.2,0,LEFT,REST
LR-3-15-26-(04).csv,154.3899221420288,155.38492488861084,REST,REST,0.2,0,LEFT,REST
LR-3-15-26-(04).csv,154.88742351531982,155.88242626190186,REST,REST,0.21,0,LEFT,REST
LR-3-15-26-(04).csv,155.38492488861084,156.37992763519287,REST,REST,0.21,0,LEFT,REST
LR-3-15-26-(04).csv,155.88242626190186,156.8774290084839,REST,REST,0.21,0,LEFT,REST
LR-3-15-26-(04).csv,156.37992763519287,157.3749303817749,REST,REST,0.21,0,LEFT,REST
LR-3-15-26-(04).csv,156.8774290084839,157.87243175506592,REST,REST,0.18666666666666668,0,LEFT,REST
LR-3-15-26-(04).csv,157.3749303817749,158.36993312835693,REST,REST,0.18666666666666668,0,LEFT,REST
LR-3-15-26-(04).csv,157.87243175506592,158.86743450164795,REST,REST,0.18666666666666668,0,LEFT,REST
LR-3-15-26-(04).csv,158.36993312835693,159.36493587493896,REST,REST,0.18666666666666668,0,RIGHT,REST
LR-3-15-26-(04).csv,158.86743450164795,159.86243724822998,REST,REST,0.18333333333333332,0,LEFT,REST
LR-3-15-26-(04).csv,159.36493587493896,160.359938621521,REST,REST,0.18333333333333332,0,LEFT,REST
LR-3-15-26-(04).csv,159.86243724822998,160.857439994812,REST,REST,0.18666666666666668,0,LEFT,REST
LR-3-15-26-(04).csv,160.359938621521,161.35494136810303,REST,REST,0.18666666666666668,0,LEFT,REST
LR-3-15-26-(04).csv,160.857439994812,161.85244274139404,REST,REST,0.19333333333333333,0,LEFT,REST
LR-3-15-26-(04).csv,161.35494136810303,162.34994411468506,REST,REST,0.19333333333333333,0,LEFT,REST
LR-3-15-26-(04).csv,161.85244274139404,162.84744548797607,REST,REST,0.19333333333333333,0,LEFT,REST
LR-3-15-26-(04).csv,162.34994411468506,163.3449468612671,REST,REST,0.19333333333333333,0,LEFT,REST
LR-3-15-26-(04).csv,162.84744548797607,163.8424482345581,REST,REST,0.20666666666666667,0,LEFT,REST
LR-3-15-26-(04).csv,163.3449468612671,164.33994960784912,REST,REST,0.20666666666666667,0,LEFT,REST
LR-3-15-26-(04).csv,163.8424482345581,164.83745098114014,REST,REST,0.20666666666666667,0,LEFT,REST
LR-3-15-26-(04).csv,164.33994960784912,165.33495235443115,REST,REST,0.20666666666666667,0,LEFT,REST
LR-3-15-26-(04).csv,165.41118240356445,166.40618515014648,LEFT,LEFT,0.17666666666666667,0,LEFT,REST
LR-3-15-26-(04).csv,165.90868377685547,166.9036865234375,LEFT,LEFT,0.17666666666666667,0,LEFT,REST
LR-3-15-26-(04).csv,166.40618515014648,167.40118789672852,LEFT,LEFT,0.17666666666666667,0,LEFT,REST
LR-3-15-26-(04).csv,166.9036865234375,167.89868927001953,LEFT,LEFT,0.17666666666666667,0,LEFT,REST
LR-3-15-26-(04).csv,167.40118789672852,168.39619064331055,LEFT,LEFT,0.19,0,LEFT,REST
LR-3-15-26-(04).csv,167.89868927001953,168.89369201660156,LEFT,LEFT,0.19,0,LEFT,REST
LR-3-15-26-(04).csv,168.39619064331055,169.39119338989258,LEFT,LEFT,0.19,0,LEFT,REST
LR-3-15-26-(04).csv,168.89369201660156,169.8886947631836,LEFT,LEFT,0.19,0,LEFT,REST
LR-3-15-26-(04).csv,169.39119338989258,170.3861961364746,LEFT,LEFT,0.19,0,LEFT,REST
LR-3-15-26-(04).csv,169.8886947631836,170.88369750976562,LEFT,LEFT,0.19,0,LEFT,REST
LR-3-15-26-(04).csv,170.3861961364746,171.38119888305664,LEFT,LEFT,0.19,0,LEFT,REST
LR-3-15-26-(04).csv,170.88369750976562,171.87870025634766,LEFT,LEFT,0.19,0,RIGHT,REST
LR-3-15-26-(04).csv,171.38119888305664,172.37620162963867,LEFT,LEFT,0.19,0,RIGHT,REST
LR-3-15-26-(04).csv,171.87870025634766,172.8737030029297,LEFT,LEFT,0.19,0,RIGHT,REST
LR-3-15-26-(04).csv,172.37620162963867,173.3712043762207,LEFT,LEFT,0.17666666666666667,0,RIGHT,REST
LR-3-15-26-(04).csv,172.8737030029297,173.86870574951172,LEFT,LEFT,0.17666666666666667,0,LEFT,REST
LR-3-15-26-(04).csv,174.0572748184204,175.05227756500244,REST,REST,0.18333333333333332,0,LEFT,REST
LR-3-15-26-(04).csv,174.55477619171143,175.54977893829346,REST,REST,0.18333333333333332,0,LEFT,REST
LR-3-15-26-(04).csv,175.05227756500244,176.04728031158447,REST,REST,0.19333333333333333,0,LEFT,REST
LR-3-15-26-(04).csv,175.54977893829346,176.5447816848755,REST,REST,0.19333333333333333,0,LEFT,REST
LR-3-15-26-(04).csv,176.04728031158447,177.0422830581665,REST,REST,0.22,0,RIGHT,REST
LR-3-15-26-(04).csv,176.5447816848755,177.53978443145752,REST,REST,0.22,0,LEFT,REST
LR-3-15-26-(04).csv,177.0422830581665,178.03728580474854,REST,REST,0.22,0,LEFT,REST
LR-3-15-26-(04).csv,177.53978443145752,178.53478717803955,REST,REST,0.22,0,LEFT,REST
LR-3-15-26-(04).csv,178.03728580474854,179.03228855133057,REST,REST,0.18,0,LEFT,REST
LR-3-15-26-(04).csv,178.53478717803955,179.52978992462158,REST,REST,0.18,0,LEFT,REST
LR-3-15-26-(04).csv,179.56188678741455,180.55688953399658,RIGHT,RIGHT,0.16666666666666666,0,LEFT,REST
LR-3-15-26-(04).csv,180.05938816070557,181.0543909072876,RIGHT,RIGHT,0.16666666666666666,0,LEFT,REST
LR-3-15-26-(04).csv,180.55688953399658,181.5518922805786,RIGHT,RIGHT,0.19666666666666666,0,LEFT,REST
LR-3-15-26-(04).csv,181.0543909072876,182.04939365386963,RIGHT,RIGHT,0.19666666666666666,0,LEFT,REST
LR-3-15-26-(04).csv,181.5518922805786,182.54689502716064,RIGHT,RIGHT,0.19666666666666666,0,LEFT,REST
LR-3-15-26-(04).csv,182.04939365386963,183.04439640045166,RIGHT,RIGHT,0.19666666666666666,0,LEFT,REST
LR-3-15-26-(04).csv,182.54689502716064,183.54189777374268,RIGHT,RIGHT,0.16666666666666666,0,LEFT,REST
LR-3-15-26-(04).csv,183.04439640045166,184.0393991470337,RIGHT,RIGHT,0.16666666666666666,0,LEFT,REST
LR-3-15-26-(04).csv,183.54189777374268,184.5369005203247,RIGHT,RIGHT,0.19666666666666666,0,LEFT,REST
LR-3-15-26-(04).csv,184.0393991470337,185.03440189361572,RIGHT,RIGHT,0.19666666666666666,0,LEFT,REST
LR-3-15-26-(04).csv,184.5369005203247,185.53190326690674,RIGHT,RIGHT,0.19666666666666666,0,LEFT,REST
LR-3-15-26-(04).csv,185.03440189361572,186.02940464019775,RIGHT,RIGHT,0.19666666666666666,0,LEFT,REST
LR-3-15-26-(04).csv,185.53190326690674,186.52690601348877,RIGHT,RIGHT,0.17333333333333334,0,LEFT,REST
LR-3-15-26-(04).csv,186.02940464019775,187.02440738677979,RIGHT,RIGHT,0.17333333333333334,0,LEFT,REST
LR-3-15-26-(04).csv,186.52690601348877,187.5219087600708,RIGHT,RIGHT,0.17,0,LEFT,REST
LR-3-15-26-(04).csv,187.02440738677979,188.01941013336182,RIGHT,RIGHT,0.17,0,LEFT,REST
LR-3-15-26-(04).csv,188.16384601593018,189.1588487625122,REST,REST,0.2,0,RIGHT,REST
LR-3-15-26-(04).csv,188.6613473892212,189.65635013580322,REST,REST,0.2,0,LEFT,REST
LR-3-15-26-(04).csv,189.1588487625122,190.15385150909424,REST,REST,0.22,0,LEFT,REST
LR-3-15-26-(04).csv,189.65635013580322,190.65135288238525,REST,REST,0.22,0,LEFT,REST
LR-3-15-26-(04).csv,190.15385150909424,191.14885425567627,REST,REST,0.22,0,RIGHT,REST
LR-3-15-26-(04).csv,190.65135288238525,191.64635562896729,REST,REST,0.22,0,LEFT,REST
LR-3-15-26-(04).csv,191.14885425567627,192.1438570022583,REST,REST,0.2,0,LEFT,REST
LR-3-15-26-(04).csv,191.64635562896729,192.64135837554932,REST,REST,0.2,0,LEFT,REST
LR-3-15-26-(04).csv,192.1438570022583,193.13885974884033,REST,REST,0.24333333333333335,0,RIGHT,REST
LR-3-15-26-(04).csv,192.64135837554932,193.63636112213135,REST,REST,0.24333333333333335,0,RIGHT,REST
LR-3-15-26-(04).csv,193.13885974884033,194.13386249542236,REST,REST,0.24333333333333335,0,LEFT,REST
LR-3-15-26-(04).csv,193.63636112213135,194.63136386871338,REST,REST,0.24333333333333335,0,LEFT,REST
LR-3-15-26-(04).csv,194.13386249542236,195.1288652420044,REST,REST,0.20333333333333334,0,LEFT,REST
LR-3-15-26-(04).csv,194.63136386871338,195.6263666152954,REST,REST,0.20333333333333334,0,LEFT,REST
LR-3-15-26-(04).csv,195.1288652420044,196.12386798858643,REST,REST,0.22666666666666666,0,LEFT,REST
LR-3-15-26-(04).csv,195.6263666152954,196.62136936187744,REST,REST,0.22666666666666666,0,RIGHT,REST
LR-3-15-26-(04).csv,196.12386798858643,197.11887073516846,REST,REST,0.2833333333333333,0,RIGHT,REST
LR-3-15-26-(04).csv,196.62136936187744,197.61637210845947,REST,REST,0.2833333333333333,0,LEFT,REST
LR-3-15-26-(04).csv,197.11887073516846,198.1138734817505,REST,REST,0.2833333333333333,0,LEFT,REST
LR-3-15-26-(04).csv,197.61637210845947,198.6113748550415,REST,REST,0.2833333333333333,0,LEFT,REST
LR-3-15-26-(04).csv,198.1138734817505,199.10887622833252,REST,REST,0.2,0,LEFT,REST
LR-3-15-26-(04).csv,198.6113748550415,199.60637760162354,REST,REST,0.2,0,LEFT,REST
LR-3-15-26-(04).csv,199.10887622833252,200.10387897491455,REST,REST,0.24,0,LEFT,REST
LR-3-15-26-(04).csv,199.60637760162354,200.60138034820557,REST,REST,0.24,0,LEFT,REST
LR-3-15-26-(04).csv,200.10387897491455,201.09888172149658,REST,REST,0.24,0,LEFT,REST
LR-3-15-26-(04).csv,200.60138034820557,201.5963830947876,REST,REST,0.24,0,LEFT,REST
LR-3-15-26-(04).csv,201.09888172149658,202.0938844680786,REST,REST,0.23333333333333334,0,RIGHT,REST
LR-3-15-26-(04).csv,201.5963830947876,202.59138584136963,REST,REST,0.23333333333333334,0,RIGHT,REST
LR-3-15-26-(04).csv,202.0938844680786,203.08888721466064,REST,REST,0.23333333333333334,0,LEFT,REST
LR-3-15-26-(04).csv,202.59138584136963,203.58638858795166,REST,REST,0.23333333333333334,0,RIGHT,REST
LR-3-15-26-(04).csv,203.6345338821411,204.62953662872314,LEFT,LEFT,0.19666666666666666,0,LEFT,REST
LR-3-15-26-(04).csv,204.13203525543213,205.12703800201416,LEFT,LEFT,0.19666666666666666,0,LEFT,REST
LR-3-15-26-(04).csv,204.62953662872314,205.62453937530518,LEFT,LEFT,0.19666666666666666,0,LEFT,REST
LR-3-15-26-(04).csv,205.12703800201416,206.1220407485962,LEFT,LEFT,0.19666666666666666,0,LEFT,REST
LR-3-15-26-(04).csv,205.62453937530518,206.6195421218872,LEFT,LEFT,0.19333333333333333,0,LEFT,REST
LR-3-15-26-(04).csv,206.1220407485962,207.11704349517822,LEFT,LEFT,0.19333333333333333,0,LEFT,REST
LR-3-15-26-(04).csv,206.6195421218872,207.61454486846924,LEFT,LEFT,0.19333333333333333,0,LEFT,REST
LR-3-15-26-(04).csv,207.11704349517822,208.11204624176025,LEFT,LEFT,0.19333333333333333,0,LEFT,REST
LR-3-15-26-(04).csv,207.61454486846924,208.60954761505127,LEFT,LEFT,0.19333333333333333,0,LEFT,REST
LR-3-15-26-(04).csv,208.11204624176025,209.10704898834229,LEFT,LEFT,0.19333333333333333,0,LEFT,REST
LR-3-15-26-(04).csv,208.60954761505127,209.6045503616333,LEFT,LEFT,0.19333333333333333,0,LEFT,REST
LR-3-15-26-(04).csv,209.10704898834229,210.10205173492432,LEFT,LEFT,0.19333333333333333,0,LEFT,REST
LR-3-15-26-(04).csv,209.6045503616333,210.59955310821533,LEFT,LEFT,0.19,0,LEFT,REST
LR-3-15-26-(04).csv,210.10205173492432,211.09705448150635,LEFT,LEFT,0.19,0,LEFT,REST
LR-3-15-26-(04).csv,210.59955310821533,211.59455585479736,LEFT,LEFT,0.18333333333333332,0,LEFT,REST
LR-3-15-26-(04).csv,211.09705448150635,212.09205722808838,LEFT,LEFT,0.18333333333333332,0,LEFT,REST
LR-3-15-26-(04).csv,212.3046989440918,213.29970169067383,REST,REST,0.2,0,LEFT,REST
LR-3-15-26-(04).csv,212.8022003173828,213.79720306396484,REST,REST,0.2,0,LEFT,REST
LR-3-15-26-(04).csv,213.29970169067383,214.29470443725586,REST,REST,0.2,0,LEFT,REST
LR-3-15-26-(04).csv,213.79720306396484,214.79220581054688,REST,REST,0.2,0,LEFT,REST
LR-3-15-26-(04).csv,214.29470443725586,215.2897071838379,REST,REST,0.19666666666666666,0,LEFT,REST
LR-3-15-26-(04).csv,214.79220581054688,215.7872085571289,REST,REST,0.19666666666666666,0,LEFT,REST
LR-3-15-26-(04).csv,215.2897071838379,216.28470993041992,REST,REST,0.21,0,LEFT,REST
LR-3-15-26-(04).csv,215.7872085571289,216.78221130371094,REST,REST,0.21,0,LEFT,REST
LR-3-15-26-(04).csv,216.28470993041992,217.27971267700195,REST,REST,0.21,0,LEFT,REST
LR-3-15-26-(04).csv,217.76918983459473,218.76419258117676,RIGHT,RIGHT,0.19666666666666666,0,LEFT,REST
LR-3-15-26-(04).csv,218.26669120788574,219.26169395446777,RIGHT,RIGHT,0.19666666666666666,0,LEFT,REST
LR-3-15-26-(04).csv,218.76419258117676,219.7591953277588,RIGHT,RIGHT,0.19666666666666666,0,LEFT,REST
LR-3-15-26-(04).csv,219.26169395446777,220.2566967010498,RIGHT,RIGHT,0.19666666666666666,0,LEFT,REST
LR-3-15-26-(04).csv,219.7591953277588,220.75419807434082,RIGHT,RIGHT,0.19666666666666666,0,RIGHT,REST
LR-3-15-26-(04).csv,220.2566967010498,221.25169944763184,RIGHT,RIGHT,0.19666666666666666,0,LEFT,REST
LR-3-15-26-(04).csv,220.75419807434082,221.74920082092285,RIGHT,RIGHT,0.19666666666666666,0,LEFT,REST
LR-3-15-26-(04).csv,221.25169944763184,222.24670219421387,RIGHT,RIGHT,0.19666666666666666,0,LEFT,REST
LR-3-15-26-(04).csv,221.74920082092285,222.74420356750488,RIGHT,RIGHT,0.18666666666666668,0,LEFT,REST
LR-3-15-26-(04).csv,222.24670219421387,223.2417049407959,RIGHT,RIGHT,0.18666666666666668,0,LEFT,REST
LR-3-15-26-(04).csv,222.74420356750488,223.7392063140869,RIGHT,RIGHT,0.22,0,LEFT,REST
LR-3-15-26-(04).csv,223.2417049407959,224.23670768737793,RIGHT,RIGHT,0.22,0,LEFT,REST
LR-3-15-26-(04).csv,223.7392063140869,224.73420906066895,RIGHT,RIGHT,0.22,0,LEFT,REST
LR-3-15-26-(04).csv,224.23670768737793,225.23171043395996,RIGHT,RIGHT,0.22,0,LEFT,REST
LR-3-15-26-(04).csv,224.73420906066895,225.72921180725098,RIGHT,RIGHT,0.21,0,LEFT,REST
LR-3-15-26-(04).csv,226.17455577850342,227.16955852508545,REST,REST,0.23,0,LEFT,REST
LR-3-15-26-(04).csv,226.67205715179443,227.66705989837646,REST,REST,0.23,0,RIGHT,REST
LR-3-15-26-(04).csv,227.16955852508545,228.16456127166748,REST,REST,0.23,0,RIGHT,REST
LR-3-15-26-(04).csv,227.66705989837646,228.6620626449585,REST,REST,0.23,0,RIGHT,REST
LR-3-15-26-(04).csv,228.16456127166748,229.1595640182495,REST,REST,0.17666666666666667,0,LEFT,REST
LR-3-15-26-(04).csv,228.6620626449585,229.65706539154053,REST,REST,0.17666666666666667,0,LEFT,REST
LR-3-15-26-(04).csv,229.1595640182495,230.15456676483154,REST,REST,0.17333333333333334,0,LEFT,REST
LR-3-15-26-(04).csv,229.65706539154053,230.65206813812256,REST,REST,0.17333333333333334,0,LEFT,REST
LR-3-15-26-(04).csv,230.15456676483154,231.14956951141357,REST,REST,0.18666666666666668,0,LEFT,REST
LR-3-15-26-(04).csv,230.65206813812256,231.6470708847046,REST,REST,0.18666666666666668,0,LEFT,REST
LR-3-15-26-(04).csv,231.14956951141357,232.1445722579956,REST,REST,0.18666666666666668,0,LEFT,REST
LR-3-15-26-(04).csv,231.6470708847046,232.64207363128662,REST,REST,0.18666666666666668,0,LEFT,REST
LR-3-15-26-(04).csv,232.1445722579956,233.13957500457764,REST,REST,0.19666666666666666,0,LEFT,REST
LR-3-15-26-(04).csv,232.64207363128662,233.63707637786865,REST,REST,0.19666666666666666,0,LEFT,REST
LR-3-15-26-(04).csv,233.13957500457764,234.13457775115967,REST,REST,0.21333333333333335,0,LEFT,REST
LR-3-15-26-(04).csv,233.63707637786865,234.63207912445068,REST,REST,0.21333333333333335,0,RIGHT,REST
LR-3-15-26-(04).csv,234.13457775115967,235.1295804977417,REST,REST,0.21333333333333335,0,RIGHT,REST
LR-3-15-26-(04).csv,234.63207912445068,235.62708187103271,REST,REST,0.21333333333333335,0,LEFT,REST
LR-3-15-26-(04).csv,235.1295804977417,236.12458324432373,REST,REST,0.23,0,LEFT,REST
LR-3-15-26-(04).csv,235.62708187103271,236.62208461761475,REST,REST,0.23,0,LEFT,REST
LR-3-15-26-(04).csv,236.12458324432373,237.11958599090576,REST,REST,0.23,0,LEFT,REST
LR-3-15-26-(04).csv,236.62208461761475,237.61708736419678,REST,REST,0.23,0,RIGHT,REST
LR-3-15-26-(04).csv,237.11958599090576,238.1145887374878,REST,REST,0.22,0,RIGHT,REST
LR-3-15-26-(04).csv,237.61708736419678,238.6120901107788,REST,REST,0.22,0,RIGHT,REST
LR-3-15-26-(04).csv,238.1145887374878,239.10959148406982,REST,REST,0.21333333333333335,0,RIGHT,REST
LR-3-15-26-(04).csv,238.6120901107788,239.60709285736084,REST,REST,0.21333333333333335,0,LEFT,REST
LR-3-15-26-(04).csv,239.10959148406982,240.10459423065186,REST,REST,0.21333333333333335,0,LEFT,REST
LR-3-15-26-(04).csv,239.60709285736084,240.60209560394287,REST,REST,0.21333333333333335,0,LEFT,REST
LR-3-15-26-(04).csv,240.10459423065186,241.0995969772339,REST,REST,0.19666666666666666,0,LEFT,REST
LR-3-15-26-(04).csv,240.60209560394287,241.5970983505249,REST,REST,0.19666666666666666,0,LEFT,REST
LR-3-15-26-(04).csv,241.84986114501953,242.84486389160156,LEFT,LEFT,0.18666666666666668,0,LEFT,REST
LR-3-15-26-(04).csv,242.34736251831055,243.34236526489258,LEFT,LEFT,0.18666666666666668,0,RIGHT,REST
LR-3-15-26-(04).csv,242.84486389160156,243.8398666381836,LEFT,LEFT,0.19666666666666666,0,LEFT,REST
LR-3-15-26-(04).csv,243.34236526489258,244.3373680114746,LEFT,LEFT,0.19666666666666666,0,LEFT,REST
LR-3-15-26-(04).csv,243.8398666381836,244.83486938476562,LEFT,LEFT,0.19666666666666666,0,LEFT,REST
LR-3-15-26-(04).csv,244.3373680114746,245.33237075805664,LEFT,LEFT,0.19666666666666666,0,LEFT,REST
LR-3-15-26-(04).csv,244.83486938476562,245.82987213134766,LEFT,LEFT,0.19666666666666666,0,LEFT,REST
LR-3-15-26-(04).csv,245.33237075805664,246.32737350463867,LEFT,LEFT,0.19666666666666666,0,LEFT,REST
LR-3-15-26-(04).csv,245.82987213134766,246.8248748779297,LEFT,LEFT,0.19666666666666666,0,LEFT,REST
LR-3-15-26-(04).csv,246.32737350463867,247.3223762512207,LEFT,LEFT,0.19666666666666666,0,LEFT,REST
LR-3-15-26-(04).csv,246.8248748779297,247.81987762451172,LEFT,LEFT,0.19333333333333333,0,LEFT,REST
LR-3-15-26-(04).csv,247.3223762512207,248.31737899780273,LEFT,LEFT,0.19333333333333333,0,LEFT,REST
LR-3-15-26-(04).csv,247.81987762451172,248.81488037109375,LEFT,LEFT,0.18333333333333332,0,LEFT,REST
LR-3-15-26-(04).csv,248.31737899780273,249.31238174438477,LEFT,LEFT,0.18333333333333332,0,LEFT,REST
LR-3-15-26-(04).csv,248.81488037109375,249.80988311767578,LEFT,LEFT,0.17666666666666667,0,LEFT,REST
LR-3-15-26-(04).csv,249.31238174438477,250.3073844909668,LEFT,LEFT,0.17666666666666667,0,LEFT,REST
LR-3-15-26-(04).csv,250.52403831481934,251.51904106140137,REST,REST,0.19,0,LEFT,REST
LR-3-15-26-(04).csv,251.02153968811035,252.01654243469238,REST,REST,0.19,0,LEFT,REST
LR-3-15-26-(04).csv,251.51904106140137,252.5140438079834,REST,REST,0.19,0,LEFT,REST
LR-3-15-26-(04).csv,252.01654243469238,253.0115451812744,REST,REST,0.19,0,LEFT,REST
LR-3-15-26-(04).csv,252.5140438079834,253.50904655456543,REST,REST,0.19666666666666666,0,LEFT,REST
LR-3-15-26-(04).csv,253.0115451812744,254.00654792785645,REST,REST,0.19666666666666666,0,LEFT,REST
LR-3-15-26-(04).csv,253.50904655456543,254.50404930114746,REST,REST,0.19666666666666666,0,LEFT,REST
LR-3-15-26-(04).csv,254.00654792785645,255.00155067443848,REST,REST,0.19666666666666666,0,LEFT,REST
LR-3-15-26-(04).csv,254.50404930114746,255.4990520477295,REST,REST,0.19333333333333333,0,LEFT,REST
LR-3-15-26-(04).csv,255.00155067443848,255.9965534210205,REST,REST,0.19333333333333333,0,LEFT,REST
LR-3-15-26-(04).csv,256.0366744995117,257.03167724609375,RIGHT,RIGHT,0.19666666666666666,0,LEFT,REST
LR-3-15-26-(04).csv,256.53417587280273,257.52917861938477,RIGHT,RIGHT,0.19666666666666666,0,LEFT,REST
LR-3-15-26-(04).csv,257.03167724609375,258.0266799926758,RIGHT,RIGHT,0.21666666666666667,0,LEFT,REST
LR-3-15-26-(04).csv,257.52917861938477,258.5241813659668,RIGHT,RIGHT,0.21666666666666667,0,LEFT,REST
LR-3-15-26-(04).csv,258.0266799926758,259.0216827392578,RIGHT,RIGHT,0.21666666666666667,0,LEFT,REST
LR-3-15-26-(04).csv,258.5241813659668,259.5191841125488,RIGHT,RIGHT,0.21666666666666667,0,LEFT,REST
LR-3-15-26-(04).csv,259.0216827392578,260.01668548583984,RIGHT,RIGHT,0.19333333333333333,0,LEFT,REST
LR-3-15-26-(04).csv,259.5191841125488,260.51418685913086,RIGHT,RIGHT,0.19333333333333333,0,LEFT,REST
LR-3-15-26-(04).csv,260.01668548583984,261.0116882324219,RIGHT,RIGHT,0.19333333333333333,0,LEFT,REST
LR-3-15-26-(04).csv,260.51418685913086,261.5091896057129,RIGHT,RIGHT,0.19333333333333333,0,LEFT,REST
LR-3-15-26-(04).csv,261.0116882324219,262.0066909790039,RIGHT,RIGHT,0.18666666666666668,0,LEFT,REST
LR-3-15-26-(04).csv,261.5091896057129,262.5041923522949,RIGHT,RIGHT,0.18666666666666668,0,LEFT,REST
LR-3-15-26-(04).csv,262.0066909790039,263.00169372558594,RIGHT,RIGHT,0.18666666666666668,0,LEFT,REST
LR-3-15-26-(04).csv,262.5041923522949,263.49919509887695,RIGHT,RIGHT,0.18666666666666668,0,LEFT,REST
LR-3-15-26-(04).csv,263.00169372558594,263.99669647216797,RIGHT,RIGHT,0.15666666666666668,0,LEFT,REST
LR-3-15-26-(04).csv,263.49919509887695,264.494197845459,RIGHT,RIGHT,0.15666666666666668,0,LEFT,REST
LR-3-15-26-(04).csv,264.8954086303711,265.8904113769531,REST,REST,0.20333333333333334,0,LEFT,REST
LR-3-15-26-(04).csv,265.3929100036621,266.38791275024414,REST,REST,0.20333333333333334,0,LEFT,REST
LR-3-15-26-(04).csv,265.8904113769531,266.88541412353516,REST,REST,0.20666666666666667,0,LEFT,REST
LR-3-15-26-(04).csv,266.38791275024414,267.3829154968262,REST,REST,0.20666666666666667,0,LEFT,REST
LR-3-15-26-(04).csv,266.88541412353516,267.8804168701172,REST,REST,0.20666666666666667,0,LEFT,REST
LR-3-15-26-(04).csv,267.3829154968262,268.3779182434082,REST,REST,0.20666666666666667,0,LEFT,REST
LR-3-15-26-(04).csv,267.8804168701172,268.8754196166992,REST,REST,0.2,0,LEFT,REST
LR-3-15-26-(04).csv,268.3779182434082,269.37292098999023,REST,REST,0.2,0,LEFT,REST
LR-3-15-26-(04).csv,268.8754196166992,269.87042236328125,REST,REST,0.2,0,LEFT,REST
LR-3-15-26-(04).csv,269.37292098999023,270.36792373657227,REST,REST,0.2,0,LEFT,REST
LR-3-15-26-(04).csv,269.87042236328125,270.8654251098633,REST,REST,0.17,0,LEFT,REST
LR-3-15-26-(04).csv,270.36792373657227,271.3629264831543,REST,REST,0.17,0,LEFT,REST
LR-3-15-26-(04).csv,270.8654251098633,271.8604278564453,REST,REST,0.18,0,LEFT,REST
LR-3-15-26-(04).csv,271.3629264831543,272.3579292297363,REST,REST,0.18,0,LEFT,REST
LR-3-15-26-(04).csv,271.8604278564453,272.85543060302734,REST,REST,0.18,0,LEFT,REST
LR-3-15-26-(04).csv,272.3579292297363,273.35293197631836,REST,REST,0.18,0,LEFT,REST
LR-3-15-26-(04).csv,272.85543060302734,273.8504333496094,REST,REST,0.19333333333333333,0,LEFT,REST
LR-3-15-26-(04).csv,273.35293197631836,274.3479347229004,REST,REST,0.19333333333333333,0,LEFT,REST
LR-3-15-26-(04).csv,273.8504333496094,274.8454360961914,REST,REST,0.19333333333333333,0,LEFT,REST
LR-3-15-26-(04).csv,274.3479347229004,275.3429374694824,REST,REST,0.19333333333333333,0,LEFT,REST
LR-3-15-26-(04).csv,274.8454360961914,275.84043884277344,REST,REST,0.22333333333333333,0,LEFT,REST
LR-3-15-26-(04).csv,275.3429374694824,276.33794021606445,REST,REST,0.22333333333333333,0,LEFT,REST
LR-3-15-26-(04).csv,275.84043884277344,276.83544158935547,REST,REST,0.22333333333333333,0,LEFT,REST
LR-3-15-26-(04).csv,276.33794021606445,277.3329429626465,REST,REST,0.22333333333333333,0,RIGHT,REST
LR-3-15-26-(04).csv,276.83544158935547,277.8304443359375,REST,REST,0.22666666666666666,0,RIGHT,REST
LR-3-15-26-(04).csv,277.3329429626465,278.3279457092285,REST,REST,0.22666666666666666,0,RIGHT,REST
LR-3-15-26-(04).csv,277.8304443359375,278.82544708251953,REST,REST,0.22666666666666666,0,RIGHT,REST
LR-3-15-26-(04).csv,278.3279457092285,279.32294845581055,REST,REST,0.22666666666666666,0,LEFT,REST
LR-3-15-26-(04).csv,278.82544708251953,279.82044982910156,REST,REST,0.18333333333333332,0,LEFT,REST
LR-3-15-26-(04).csv,279.32294845581055,280.3179512023926,REST,REST,0.18333333333333332,0,LEFT,REST
LR-3-15-26-(04).csv,280.6228713989258,281.6178741455078,LEFT,LEFT,0.17,0,LEFT,REST
LR-3-15-26-(04).csv,281.1203727722168,282.1153755187988,LEFT,LEFT,0.17,0,LEFT,REST
LR-3-15-26-(04).csv,281.6178741455078,282.61287689208984,LEFT,LEFT,0.17,0,LEFT,REST
LR-3-15-26-(04).csv,282.1153755187988,283.11037826538086,LEFT,LEFT,0.17,0,LEFT,REST
LR-3-15-26-(04).csv,282.61287689208984,283.6078796386719,LEFT,LEFT,0.16666666666666666,0,LEFT,REST
LR-3-15-26-(04).csv,283.11037826538086,284.1053810119629,LEFT,LEFT,0.16666666666666666,0,LEFT,REST
LR-3-15-26-(04).csv,283.6078796386719,284.6028823852539,LEFT,LEFT,0.17,0,LEFT,REST
LR-3-15-26-(04).csv,284.1053810119629,285.1003837585449,LEFT,LEFT,0.17,0,LEFT,REST
LR-3-15-26-(04).csv,284.6028823852539,285.59788513183594,LEFT,LEFT,0.17,0,LEFT,REST
LR-3-15-26-(04).csv,285.1003837585449,286.09538650512695,LEFT,LEFT,0.17,0,RIGHT,REST
LR-3-15-26-(04).csv,285.59788513183594,286.59288787841797,LEFT,LEFT,0.17333333333333334,0,RIGHT,REST
LR-3-15-26-(04).csv,286.09538650512695,287.090389251709,LEFT,LEFT,0.17333333333333334,0,LEFT,REST
LR-3-15-26-(04).csv,286.59288787841797,287.587890625,LEFT,LEFT,0.18,0,RIGHT,REST
LR-3-15-26-(04).csv,287.090389251709,288.085391998291,LEFT,LEFT,0.18,0,RIGHT,REST
LR-3-15-26-(04).csv,287.587890625,288.58289337158203,LEFT,LEFT,0.18,0,RIGHT,REST
LR-3-15-26-(04).csv,289.06033420562744,290.0553369522095,REST,REST,0.18,0,LEFT,REST
LR-3-15-26-(04).csv,289.55783557891846,290.5528383255005,REST,REST,0.18,0,LEFT,REST
LR-3-15-26-(04).csv,290.0553369522095,291.0503396987915,REST,REST,0.18,0,LEFT,REST
LR-3-15-26-(04).csv,290.5528383255005,291.5478410720825,REST,REST,0.18,0,LEFT,REST
LR-3-15-26-(04).csv,291.0503396987915,292.04534244537354,REST,REST,0.20666666666666667,0,LEFT,REST
LR-3-15-26-(04).csv,291.5478410720825,292.54284381866455,REST,REST,0.20666666666666667,0,LEFT,REST
LR-3-15-26-(04).csv,292.04534244537354,293.04034519195557,REST,REST,0.22333333333333333,0,LEFT,REST
LR-3-15-26-(04).csv,292.54284381866455,293.5378465652466,REST,REST,0.22333333333333333,0,LEFT,REST
LR-3-15-26-(04).csv,293.04034519195557,294.0353479385376,REST,REST,0.22333333333333333,0,RIGHT,REST
LR-3-15-26-(04).csv,293.5378465652466,294.5328493118286,REST,REST,0.22333333333333333,0,RIGHT,REST
LR-3-15-26-(04).csv,294.645188331604,295.64019107818604,RIGHT,RIGHT,0.22333333333333333,0,LEFT,REST
LR-3-15-26-(04).csv,295.142689704895,296.13769245147705,RIGHT,RIGHT,0.22333333333333333,0,LEFT,REST
LR-3-15-26-(04).csv,295.64019107818604,296.63519382476807,RIGHT,RIGHT,0.22333333333333333,0,LEFT,REST
LR-3-15-26-(04).csv,296.13769245147705,297.1326951980591,RIGHT,RIGHT,0.22333333333333333,0,LEFT,REST
LR-3-15-26-(04).csv,296.63519382476807,297.6301965713501,RIGHT,RIGHT,0.19,0,LEFT,REST
LR-3-15-26-(04).csv,297.1326951980591,298.1276979446411,RIGHT,RIGHT,0.19,0,LEFT,REST
LR-3-15-26-(04).csv,297.6301965713501,298.62519931793213,RIGHT,RIGHT,0.21,0,LEFT,REST
LR-3-15-26-(04).csv,298.1276979446411,299.12270069122314,RIGHT,RIGHT,0.21,0,LEFT,REST
LR-3-15-26-(04).csv,298.62519931793213,299.62020206451416,RIGHT,RIGHT,0.21,0,LEFT,REST
LR-3-15-26-(04).csv,299.12270069122314,300.1177034378052,RIGHT,RIGHT,0.21,0,LEFT,REST
LR-3-15-26-(04).csv,299.62020206451416,300.6152048110962,RIGHT,RIGHT,0.18666666666666668,0,LEFT,REST
LR-3-15-26-(04).csv,300.1177034378052,301.1127061843872,RIGHT,RIGHT,0.18666666666666668,0,LEFT,REST
LR-3-15-26-(04).csv,300.6152048110962,301.6102075576782,RIGHT,RIGHT,0.17666666666666667,0,LEFT,REST
LR-3-15-26-(04).csv,301.1127061843872,302.10770893096924,RIGHT,RIGHT,0.17666666666666667,0,LEFT,REST
LR-3-15-26-(04).csv,301.6102075576782,302.60521030426025,RIGHT,RIGHT,0.16333333333333333,0,LEFT,REST
LR-3-15-26-(04).csv,302.10770893096924,303.10271167755127,RIGHT,RIGHT,0.16333333333333333,0,LEFT,REST
LR-3-15-26-(04).csv,303.3193655014038,304.31436824798584,REST,REST,0.15666666666666668,0,RIGHT,REST
LR-3-15-26-(04).csv,303.8168668746948,304.81186962127686,REST,REST,0.15666666666666668,0,RIGHT,REST
LR-3-15-26-(04).csv,304.31436824798584,305.30937099456787,REST,REST,0.20333333333333334,0,LEFT,REST
LR-3-15-26-(04).csv,304.81186962127686,305.8068723678589,REST,REST,0.20333333333333334,0,LEFT,REST
LR-3-15-26-(04).csv,305.30937099456787,306.3043737411499,REST,REST,0.20333333333333334,0,LEFT,REST
LR-3-15-26-(04).csv,305.8068723678589,306.8018751144409,REST,REST,0.20333333333333334,0,LEFT,REST
LR-3-15-26-(04).csv,306.3043737411499,307.29937648773193,REST,REST,0.19666666666666666,0,LEFT,REST
LR-3-15-26-(04).csv,306.8018751144409,307.79687786102295,REST,REST,0.19666666666666666,0,LEFT,REST
LR-3-15-26-(04).csv,307.29937648773193,308.29437923431396,REST,REST,0.19666666666666666,0,LEFT,REST
LR-3-15-26-(04).csv,307.79687786102295,308.791880607605,REST,REST,0.19666666666666666,0,LEFT,REST
LR-3-15-26-(04).csv,308.29437923431396,309.289381980896,REST,REST,0.17,0,LEFT,REST
LR-3-15-26-(04).csv,308.791880607605,309.786883354187,REST,REST,0.17,0,LEFT,REST
LR-3-15-26-(04).csv,309.289381980896,310.284384727478,REST,REST,0.17,0,LEFT,REST
LR-3-15-26-(04).csv,309.786883354187,310.78188610076904,REST,REST,0.17,0,LEFT,REST
LR-3-15-26-(04).csv,310.284384727478,311.27938747406006,REST,REST,0.19333333333333333,0,LEFT,REST
LR-3-15-26-(04).csv,310.78188610076904,311.7768888473511,REST,REST,0.19333333333333333,0,RIGHT,REST
LR-3-15-26-(04).csv,311.27938747406006,312.2743902206421,REST,REST,0.23,0,RIGHT,REST
LR-3-15-26-(04).csv,311.7768888473511,312.7718915939331,REST,REST,0.23,0,RIGHT,REST
LR-3-15-26-(04).csv,312.2743902206421,313.2693929672241,REST,REST,0.23,0,RIGHT,REST
LR-3-15-26-(04).csv,312.7718915939331,313.76689434051514,REST,REST,0.23,0,LEFT,REST
LR-3-15-26-(04).csv,313.2693929672241,314.26439571380615,REST,REST,0.21666666666666667,0,LEFT,REST
LR-3-15-26-(04).csv,313.76689434051514,314.76189708709717,REST,REST,0.21666666666666667,0,LEFT,REST
LR-3-15-26-(04).csv,314.26439571380615,315.2593984603882,REST,REST,0.23,0,LEFT,REST
LR-3-15-26-(04).csv,314.76189708709717,315.7568998336792,REST,REST,0.23,0,LEFT,REST
LR-3-15-26-(04).csv,315.2593984603882,316.2544012069702,REST,REST,0.23,0,LEFT,REST
LR-3-15-26-(04).csv,315.7568998336792,316.75190258026123,REST,REST,0.23,0,RIGHT,REST
LR-3-15-26-(04).csv,316.2544012069702,317.24940395355225,REST,REST,0.22,0,RIGHT,REST
LR-3-15-26-(04).csv,316.75190258026123,317.74690532684326,REST,REST,0.22,0,RIGHT,REST
LR-3-15-26-(04).csv,317.24940395355225,318.2444067001343,REST,REST,0.21666666666666667,0,LEFT,REST
LR-3-15-26-(04).csv,317.74690532684326,318.7419080734253,REST,REST,0.21666666666666667,0,LEFT,REST
LR-3-15-26-(04).csv,319.2033004760742,320.19830322265625,LEFT,LEFT,0.19666666666666666,0,LEFT,REST
LR-3-15-26-(04).csv,319.70080184936523,320.69580459594727,LEFT,LEFT,0.19666666666666666,0,LEFT,REST
LR-3-15-26-(04).csv,320.19830322265625,321.1933059692383,LEFT,LEFT,0.20666666666666667,0,LEFT,REST
LR-3-15-26-(04).csv,320.69580459594727,321.6908073425293,LEFT,LEFT,0.20666666666666667,0,LEFT,REST
LR-3-15-26-(04).csv,321.1933059692383,322.1883087158203,LEFT,LEFT,0.20666666666666667,0,LEFT,REST
LR-3-15-26-(04).csv,321.6908073425293,322.6858100891113,LEFT,LEFT,0.20666666666666667,0,LEFT,REST
LR-3-15-26-(04).csv,322.1883087158203,323.18331146240234,LEFT,LEFT,0.18666666666666668,0,LEFT,REST
LR-3-15-26-(04).csv,322.6858100891113,323.68081283569336,LEFT,LEFT,0.18666666666666668,0,LEFT,REST
LR-3-15-26-(04).csv,323.18331146240234,324.1783142089844,LEFT,LEFT,0.19,0,LEFT,REST
LR-3-15-26-(04).csv,323.68081283569336,324.6758155822754,LEFT,LEFT,0.19,0,LEFT,REST
LR-3-15-26-(04).csv,324.1783142089844,325.1733169555664,LEFT,LEFT,0.19,0,LEFT,REST
LR-3-15-26-(04).csv,324.6758155822754,325.6708183288574,LEFT,LEFT,0.19,0,LEFT,REST
LR-3-15-26-(04).csv,325.1733169555664,326.16831970214844,LEFT,LEFT,0.19666666666666666,0,LEFT,REST
LR-3-15-26-(04).csv,325.6708183288574,326.66582107543945,LEFT,LEFT,0.19666666666666666,0,LEFT,REST
LR-3-15-26-(04).csv,326.16831970214844,327.16332244873047,LEFT,LEFT,0.19666666666666666,0,LEFT,REST
LR-3-15-26-(04).csv,327.4361457824707,328.43114852905273,REST,REST,0.16666666666666666,0,LEFT,REST
LR-3-15-26-(04).csv,327.9336471557617,328.92864990234375,REST,REST,0.16666666666666666,0,LEFT,REST
LR-3-15-26-(04).csv,328.43114852905273,329.42615127563477,REST,REST,0.17333333333333334,0,RIGHT,REST
LR-3-15-26-(04).csv,328.92864990234375,329.9236526489258,REST,REST,0.17333333333333334,0,RIGHT,REST
LR-3-15-26-(04).csv,329.42615127563477,330.4211540222168,REST,REST,0.18333333333333332,0,LEFT,REST
LR-3-15-26-(04).csv,329.9236526489258,330.9186553955078,REST,REST,0.18333333333333332,0,LEFT,REST
LR-3-15-26-(04).csv,330.4211540222168,331.4161567687988,REST,REST,0.23,0,LEFT,REST
LR-3-15-26-(04).csv,330.9186553955078,331.91365814208984,REST,REST,0.23,0,LEFT,REST
LR-3-15-26-(04).csv,331.4161567687988,332.41115951538086,REST,REST,0.23,0,LEFT,REST
LR-3-15-26-(04).csv,331.91365814208984,332.9086608886719,REST,REST,0.23,0,LEFT,REST
LR-3-15-26-(04).csv,332.41115951538086,333.4061622619629,REST,REST,0.20666666666666667,0,LEFT,REST
LR-3-15-26-(04).csv,333.5826950073242,334.57769775390625,RIGHT,RIGHT,0.21666666666666667,0,LEFT,REST
LR-3-15-26-(04).csv,334.08019638061523,335.07519912719727,RIGHT,RIGHT,0.21666666666666667,0,LEFT,REST
LR-3-15-26-(04).csv,334.57769775390625,335.5727005004883,RIGHT,RIGHT,0.21666666666666667,0,LEFT,REST
LR-3-15-26-(04).csv,335.07519912719727,336.0702018737793,RIGHT,RIGHT,0.21666666666666667,0,LEFT,REST
LR-3-15-26-(04).csv,335.5727005004883,336.5677032470703,RIGHT,RIGHT,0.18,0,LEFT,REST
LR-3-15-26-(04).csv,336.0702018737793,337.0652046203613,RIGHT,RIGHT,0.18,0,LEFT,REST
LR-3-15-26-(04).csv,336.5677032470703,337.56270599365234,RIGHT,RIGHT,0.17333333333333334,0,LEFT,REST
LR-3-15-26-(04).csv,337.0652046203613,338.06020736694336,RIGHT,RIGHT,0.17333333333333334,0,LEFT,REST
LR-3-15-26-(04).csv,337.56270599365234,338.5577087402344,RIGHT,RIGHT,0.17333333333333334,0,LEFT,REST
LR-3-15-26-(04).csv,338.06020736694336,339.0552101135254,RIGHT,RIGHT,0.17333333333333334,0,LEFT,REST
LR-3-15-26-(04).csv,338.5577087402344,339.5527114868164,RIGHT,RIGHT,0.18,0,LEFT,REST
LR-3-15-26-(04).csv,339.0552101135254,340.0502128601074,RIGHT,RIGHT,0.18,0,LEFT,REST
LR-3-15-26-(04).csv,339.5527114868164,340.54771423339844,RIGHT,RIGHT,0.18,0,LEFT,REST
LR-3-15-26-(04).csv,340.0502128601074,341.04521560668945,RIGHT,RIGHT,0.18,0,LEFT,REST
LR-3-15-26-(04).csv,340.54771423339844,341.54271697998047,RIGHT,RIGHT,0.17333333333333334,0,RIGHT,REST
LR-3-15-26-(04).csv,341.04521560668945,342.0402183532715,RIGHT,RIGHT,0.17333333333333334,0,RIGHT,REST
LR-3-15-26-(04).csv,342.0642910003662,343.05929374694824,REST,REST,0.17,0,LEFT,REST
LR-3-15-26-(04).csv,342.5617923736572,343.55679512023926,REST,REST,0.17,0,LEFT,REST
LR-3-15-26-(04).csv,343.05929374694824,344.0542964935303,REST,REST,0.17333333333333334,0,LEFT,REST
LR-3-15-26-(04).csv,343.55679512023926,344.5517978668213,REST,REST,0.17333333333333334,0,LEFT,REST
LR-3-15-26-(04).csv,344.0542964935303,345.0492992401123,REST,REST,0.17333333333333334,0,LEFT,REST
LR-3-15-26-(04).csv,344.5517978668213,345.5468006134033,REST,REST,0.17333333333333334,0,LEFT,REST
LR-3-15-26-(04).csv,345.0492992401123,346.04430198669434,REST,REST,0.16666666666666666,0,LEFT,REST
LR-3-15-26-(04).csv,345.5468006134033,346.54180335998535,REST,REST,0.16666666666666666,0,LEFT,REST
LR-3-15-26-(04).csv,346.04430198669434,347.03930473327637,REST,REST,0.16333333333333333,0,LEFT,REST
LR-3-15-26-(04).csv,346.54180335998535,347.5368061065674,REST,REST,0.16333333333333333,0,LEFT,REST
LR-3-15-26-(04).csv,347.03930473327637,348.0343074798584,REST,REST,0.16333333333333333,0,LEFT,REST
LR-3-15-26-(04).csv,347.5368061065674,348.5318088531494,REST,REST,0.16333333333333333,0,LEFT,REST
LR-3-15-26-(04).csv,348.0343074798584,349.02931022644043,REST,REST,0.16333333333333333,0,LEFT,REST
LR-3-15-26-(04).csv,348.5318088531494,349.52681159973145,REST,REST,0.16333333333333333,0,LEFT,REST
LR-3-15-26-(04).csv,349.02931022644043,350.02431297302246,REST,REST,0.16333333333333333,0,LEFT,REST
LR-3-15-26-(04).csv,349.52681159973145,350.5218143463135,REST,REST,0.16333333333333333,0,LEFT,REST
LR-3-15-26-(04).csv,350.02431297302246,351.0193157196045,REST,REST,0.17666666666666667,0,LEFT,REST
LR-3-15-26-(04).csv,350.5218143463135,351.5168170928955,REST,REST,0.17666666666666667,0,LEFT,REST
LR-3-15-26-(04).csv,351.0193157196045,352.0143184661865,REST,REST,0.17666666666666667,0,LEFT,REST
LR-3-15-26-(04).csv,351.5168170928955,352.51181983947754,REST,REST,0.17666666666666667,0,LEFT,REST
LR-3-15-26-(04).csv,352.0143184661865,353.00932121276855,REST,REST,0.21,0,LEFT,REST
LR-3-15-26-(04).csv,352.51181983947754,353.50682258605957,REST,REST,0.21,0,LEFT,REST
LR-3-15-26-(04).csv,353.00932121276855,354.0043239593506,REST,REST,0.21,0,LEFT,REST
LR-3-15-26-(04).csv,353.50682258605957,354.5018253326416,REST,REST,0.21,0,LEFT,REST
LR-3-15-26-(04).csv,354.0043239593506,354.9993267059326,REST,REST,0.20333333333333334,0,LEFT,REST
LR-3-15-26-(04).csv,354.5018253326416,355.49682807922363,REST,REST,0.20333333333333334,0,LEFT,REST
LR-3-15-26-(04).csv,354.9993267059326,355.99432945251465,REST,REST,0.18333333333333332,0,RIGHT,REST
LR-3-15-26-(04).csv,355.49682807922363,356.49183082580566,REST,REST,0.18333333333333332,0,RIGHT,REST
LR-3-15-26-(04).csv,355.99432945251465,356.9893321990967,REST,REST,0.18333333333333332,0,RIGHT,REST
LR-3-15-26-(04).csv,356.49183082580566,357.4868335723877,REST,REST,0.18333333333333332,0,RIGHT,REST
LR-3-15-26-(04).csv,357.83989906311035,358.8349018096924,LEFT,LEFT,0.17,0,RIGHT,REST
LR-3-15-26-(04).csv,358.33740043640137,359.3324031829834,LEFT,LEFT,0.17,0,RIGHT,REST
LR-3-15-26-(04).csv,358.8349018096924,359.8299045562744,LEFT,LEFT,0.18666666666666668,0,RIGHT,REST
LR-3-15-26-(04).csv,359.3324031829834,360.32740592956543,LEFT,LEFT,0.18666666666666668,0,RIGHT,REST
LR-3-15-26-(04).csv,359.8299045562744,360.82490730285645,LEFT,LEFT,0.20333333333333334,0,RIGHT,REST
LR-3-15-26-(04).csv,360.32740592956543,361.32240867614746,LEFT,LEFT,0.20333333333333334,0,RIGHT,REST
LR-3-15-26-(04).csv,360.82490730285645,361.8199100494385,LEFT,LEFT,0.20333333333333334,0,LEFT,REST
LR-3-15-26-(04).csv,361.32240867614746,362.3174114227295,LEFT,LEFT,0.20333333333333334,0,RIGHT,REST
LR-3-15-26-(04).csv,361.8199100494385,362.8149127960205,LEFT,LEFT,0.18333333333333332,0,LEFT,REST
LR-3-15-26-(04).csv,362.3174114227295,363.3124141693115,LEFT,LEFT,0.18333333333333332,0,LEFT,REST
LR-3-15-26-(04).csv,362.8149127960205,363.80991554260254,LEFT,LEFT,0.18666666666666668,0,LEFT,REST
LR-3-15-26-(04).csv,363.3124141693115,364.30741691589355,LEFT,LEFT,0.18666666666666668,0,LEFT,REST
LR-3-15-26-(04).csv,363.80991554260254,364.80491828918457,LEFT,LEFT,0.19333333333333333,0,LEFT,REST
LR-3-15-26-(04).csv,364.30741691589355,365.3024196624756,LEFT,LEFT,0.19333333333333333,0,LEFT,REST
LR-3-15-26-(04).csv,364.80491828918457,365.7999210357666,LEFT,LEFT,0.19333333333333333,0,LEFT,REST
LR-3-15-26-(04).csv,365.3024196624756,366.2974224090576,LEFT,LEFT,0.19333333333333333,0,LEFT,REST
LR-3-15-26-(04).csv,366.4980278015137,367.4930305480957,REST,REST,0.2,0,LEFT,REST
LR-3-15-26-(04).csv,366.9955291748047,367.9905319213867,REST,REST,0.2,0,LEFT,REST
LR-3-15-26-(04).csv,367.4930305480957,368.48803329467773,REST,REST,0.2,0,LEFT,REST
LR-3-15-26-(04).csv,367.9905319213867,368.98553466796875,REST,REST,0.2,0,LEFT,REST
LR-3-15-26-(04).csv,368.48803329467773,369.48303604125977,REST,REST,0.19666666666666666,0,LEFT,REST
LR-3-15-26-(04).csv,368.98553466796875,369.9805374145508,REST,REST,0.19666666666666666,0,RIGHT,REST
LR-3-15-26-(04).csv,369.48303604125977,370.4780387878418,REST,REST,0.2,0,LEFT,REST
LR-3-15-26-(04).csv,369.9805374145508,370.9755401611328,REST,REST,0.2,0,LEFT,REST
LR-3-15-26-(04).csv,370.4780387878418,371.4730415344238,REST,REST,0.2,0,LEFT,REST
LR-3-15-26-(04).csv,370.9755401611328,371.97054290771484,REST,REST,0.2,0,LEFT,REST
LR-3-15-26-(04).csv,372.3035478591919,373.2985506057739,RIGHT,RIGHT,0.17,0,LEFT,REST
LR-3-15-26-(04).csv,372.8010492324829,373.79605197906494,RIGHT,RIGHT,0.17,0,LEFT,REST
LR-3-15-26-(04).csv,373.2985506057739,374.29355335235596,RIGHT,RIGHT,0.19,0,LEFT,REST
LR-3-15-26-(04).csv,373.79605197906494,374.791054725647,RIGHT,RIGHT,0.19,0,LEFT,REST
LR-3-15-26-(04).csv,374.29355335235596,375.288556098938,RIGHT,RIGHT,0.19,0,LEFT,REST
LR-3-15-26-(04).csv,374.791054725647,375.786057472229,RIGHT,RIGHT,0.19,0,LEFT,REST
LR-3-15-26-(04).csv,375.288556098938,376.28355884552,RIGHT,RIGHT,0.17333333333333334,0,LEFT,REST
LR-3-15-26-(04).csv,375.786057472229,376.78106021881104,RIGHT,RIGHT,0.17333333333333334,0,LEFT,REST
LR-3-15-26-(04).csv,376.28355884552,377.27856159210205,RIGHT,RIGHT,0.17,0,LEFT,REST
LR-3-15-26-(04).csv,376.78106021881104,377.77606296539307,RIGHT,RIGHT,0.17,0,LEFT,REST
LR-3-15-26-(04).csv,377.27856159210205,378.2735643386841,RIGHT,RIGHT,0.19,0,LEFT,REST
LR-3-15-26-(04).csv,377.77606296539307,378.7710657119751,RIGHT,RIGHT,0.19,0,LEFT,REST
LR-3-15-26-(04).csv,378.2735643386841,379.2685670852661,RIGHT,RIGHT,0.19333333333333333,0,LEFT,REST
LR-3-15-26-(04).csv,378.7710657119751,379.76606845855713,RIGHT,RIGHT,0.19333333333333333,0,LEFT,REST
LR-3-15-26-(04).csv,379.2685670852661,380.26356983184814,RIGHT,RIGHT,0.19333333333333333,0,LEFT,REST
LR-3-15-26-(04).csv,379.76606845855713,380.76107120513916,RIGHT,RIGHT,0.19333333333333333,0,LEFT,REST
LR-3-15-26-(04).csv,380.8613739013672,381.8563766479492,REST,REST,0.2,0,LEFT,REST
LR-3-15-26-(04).csv,381.3588752746582,382.35387802124023,REST,REST,0.2,0,LEFT,REST
LR-3-15-26-(04).csv,381.8563766479492,382.85137939453125,REST,REST,0.2,0,LEFT,REST
LR-3-15-26-(04).csv,382.35387802124023,383.34888076782227,REST,REST,0.2,0,LEFT,REST
LR-3-15-26-(04).csv,382.85137939453125,383.8463821411133,REST,REST,0.18,0,LEFT,REST
LR-3-15-26-(04).csv,383.34888076782227,384.3438835144043,REST,REST,0.18,0,LEFT,REST
LR-3-15-26-(04).csv,383.8463821411133,384.8413848876953,REST,REST,0.18,0,LEFT,REST
LR-3-15-26-(04).csv,384.3438835144043,385.3388862609863,REST,REST,0.18,0,LEFT,REST
LR-3-15-26-(04).csv,384.8413848876953,385.83638763427734,REST,REST,0.18,0,LEFT,REST
LR-3-15-26-(04).csv,385.3388862609863,386.33388900756836,REST,REST,0.18,0,LEFT,REST
LR-3-15-26-(04).csv,385.83638763427734,386.8313903808594,REST,REST,0.18333333333333332,0,LEFT,REST
LR-3-15-26-(04).csv,386.33388900756836,387.3288917541504,REST,REST,0.18333333333333332,0,LEFT,REST
LR-3-15-26-(04).csv,386.8313903808594,387.8263931274414,REST,REST,0.18333333333333332,0,LEFT,REST
LR-3-15-26-(04).csv,387.3288917541504,388.3238945007324,REST,REST,0.18333333333333332,0,LEFT,REST
LR-3-15-26-(04).csv,387.8263931274414,388.82139587402344,REST,REST,0.18333333333333332,0,LEFT,REST
LR-3-15-26-(04).csv,388.3238945007324,389.31889724731445,REST,REST,0.18333333333333332,0,LEFT,REST
LR-3-15-26-(04).csv,388.82139587402344,389.81639862060547,REST,REST,0.21333333333333335,0,LEFT,REST
LR-3-15-26-(04).csv,389.31889724731445,390.3138999938965,REST,REST,0.21333333333333335,0,LEFT,REST
LR-3-15-26-(04).csv,389.81639862060547,390.8114013671875,REST,REST,0.21333333333333335,0,LEFT,REST
LR-3-15-26-(04).csv,390.3138999938965,391.3089027404785,REST,REST,0.21333333333333335,0,LEFT,REST
LR-3-15-26-(04).csv,390.8114013671875,391.80640411376953,REST,REST,0.21,0,LEFT,REST
LR-3-15-26-(04).csv,391.3089027404785,392.30390548706055,REST,REST,0.21,0,LEFT,REST
LR-3-15-26-(04).csv,391.80640411376953,392.80140686035156,REST,REST,0.16333333333333333,0,LEFT,REST
LR-3-15-26-(04).csv,392.30390548706055,393.2989082336426,REST,REST,0.16333333333333333,0,LEFT,REST
LR-3-15-26-(04).csv,392.80140686035156,393.7964096069336,REST,REST,0.17,0,LEFT,REST
LR-3-15-26-(04).csv,393.2989082336426,394.2939109802246,REST,REST,0.17,0,LEFT,REST
LR-3-15-26-(04).csv,393.7964096069336,394.7914123535156,REST,REST,0.17,0,LEFT,REST
LR-3-15-26-(04).csv,394.2939109802246,395.28891372680664,REST,REST,0.17,0,LEFT,REST
LR-3-15-26-(04).csv,394.7914123535156,395.78641510009766,REST,REST,0.16333333333333333,0,LEFT,REST
LR-3-15-26-(04).csv,395.28891372680664,396.2839164733887,REST,REST,0.16333333333333333,0,LEFT,REST
LR-3-15-26-(04).csv,396.6129093170166,397.60791206359863,LEFT,LEFT,0.15,0,RIGHT,REST
LR-3-15-26-(04).csv,397.1104106903076,398.10541343688965,LEFT,LEFT,0.15,0,LEFT,REST
LR-3-15-26-(04).csv,397.60791206359863,398.60291481018066,LEFT,LEFT,0.17,0,LEFT,REST
LR-3-15-26-(04).csv,398.10541343688965,399.1004161834717,LEFT,LEFT,0.17,0,LEFT,REST
LR-3-15-26-(04).csv,398.60291481018066,399.5979175567627,LEFT,LEFT,0.17,0,LEFT,REST
LR-3-15-26-(04).csv,399.1004161834717,400.0954189300537,LEFT,LEFT,0.17,0,LEFT,REST
LR-3-15-26-(04).csv,399.5979175567627,400.5929203033447,LEFT,LEFT,0.15,0,LEFT,REST
LR-3-15-26-(04).csv,400.0954189300537,401.09042167663574,LEFT,LEFT,0.15,0,LEFT,REST
LR-3-15-26-(04).csv,400.5929203033447,401.58792304992676,LEFT,LEFT,0.19666666666666666,0,LEFT,REST
LR-3-15-26-(04).csv,401.09042167663574,402.0854244232178,LEFT,LEFT,0.19666666666666666,0,LEFT,REST
LR-3-15-26-(04).csv,401.58792304992676,402.5829257965088,LEFT,LEFT,0.19666666666666666,0,LEFT,REST
LR-3-15-26-(04).csv,402.0854244232178,403.0804271697998,LEFT,LEFT,0.19666666666666666,0,LEFT,REST
LR-3-15-26-(04).csv,402.5829257965088,403.5779285430908,LEFT,LEFT,0.18666666666666668,0,LEFT,REST
LR-3-15-26-(04).csv,403.0804271697998,404.07542991638184,LEFT,LEFT,0.18666666666666668,0,LEFT,REST
LR-3-15-26-(04).csv,403.5779285430908,404.57293128967285,LEFT,LEFT,0.17666666666666667,0,LEFT,REST
LR-3-15-26-(04).csv,404.07542991638184,405.07043266296387,LEFT,LEFT,0.17666666666666667,0,LEFT,REST
LR-3-15-26-(04).csv,405.3432559967041,406.33825874328613,REST,REST,0.18333333333333332,0,LEFT,REST
LR-3-15-26-(04).csv,405.8407573699951,406.83576011657715,REST,REST,0.18333333333333332,0,LEFT,REST
LR-3-15-26-(04).csv,406.33825874328613,407.33326148986816,REST,REST,0.18333333333333332,0,LEFT,REST
LR-3-15-26-(04).csv,406.83576011657715,407.8307628631592,REST,REST,0.18333333333333332,0,LEFT,REST
LR-3-15-26-(04).csv,407.33326148986816,408.3282642364502,REST,REST,0.17333333333333334,0,LEFT,REST
LR-3-15-26-(04).csv,407.8307628631592,408.8257656097412,REST,REST,0.17333333333333334,0,RIGHT,REST
LR-3-15-26-(04).csv,408.3282642364502,409.3232669830322,REST,REST,0.19666666666666666,0,RIGHT,REST
LR-3-15-26-(04).csv,408.8257656097412,409.82076835632324,REST,REST,0.19666666666666666,0,RIGHT,REST
LR-3-15-26-(04).csv,409.3232669830322,410.31826972961426,REST,REST,0.21,0,LEFT,REST
LR-3-15-26-(04).csv,409.82076835632324,410.8157711029053,REST,REST,0.21,0,LEFT,REST
LR-3-15-26-(04).csv,410.31826972961426,411.3132724761963,REST,REST,0.21,0,RIGHT,REST
LR-3-15-26-(04).csv,410.8157711029053,411.8107738494873,REST,REST,0.21,0,RIGHT,REST
LR-3-15-26-(04).csv,412.05150032043457,413.0465030670166,RIGHT,RIGHT,0.18333333333333332,0,LEFT,REST
LR-3-15-26-(04).csv,412.5490016937256,413.5440044403076,RIGHT,RIGHT,0.18333333333333332,0,LEFT,REST
LR-3-15-26-(04).csv,413.0465030670166,414.04150581359863,RIGHT,RIGHT,0.20333333333333334,0,LEFT,REST
LR-3-15-26-(04).csv,413.5440044403076,414.53900718688965,RIGHT,RIGHT,0.20333333333333334,0,LEFT,REST
LR-3-15-26-(04).csv,414.04150581359863,415.03650856018066,RIGHT,RIGHT,0.20333333333333334,0,LEFT,REST
LR-3-15-26-(04).csv,414.53900718688965,415.5340099334717,RIGHT,RIGHT,0.20333333333333334,0,LEFT,REST
LR-3-15-26-(04).csv,415.03650856018066,416.0315113067627,RIGHT,RIGHT,0.18666666666666668,0,LEFT,REST
LR-3-15-26-(04).csv,415.5340099334717,416.5290126800537,RIGHT,RIGHT,0.18666666666666668,0,LEFT,REST
LR-3-15-26-(04).csv,416.0315113067627,417.0265140533447,RIGHT,RIGHT,0.18333333333333332,0,LEFT,REST
LR-3-15-26-(04).csv,416.5290126800537,417.52401542663574,RIGHT,RIGHT,0.18333333333333332,0,LEFT,REST
LR-3-15-26-(04).csv,417.0265140533447,418.02151679992676,RIGHT,RIGHT,0.19,0,LEFT,REST
LR-3-15-26-(04).csv,417.52401542663574,418.5190181732178,RIGHT,RIGHT,0.19,0,LEFT,REST
LR-3-15-26-(04).csv,418.02151679992676,419.0165195465088,RIGHT,RIGHT,0.19,0,LEFT,REST
LR-3-15-26-(04).csv,418.5190181732178,419.5140209197998,RIGHT,RIGHT,0.19,0,LEFT,REST
LR-3-15-26-(04).csv,419.0165195465088,420.0115222930908,RIGHT,RIGHT,0.18333333333333332,0,LEFT,REST
LR-3-15-26-(04).csv,419.5140209197998,420.50902366638184,RIGHT,RIGHT,0.18333333333333332,0,LEFT,REST
LR-3-15-26-(04).csv,420.7738227844238,421.76882553100586,REST,REST,0.17333333333333334,0,LEFT,REST
LR-3-15-26-(04).csv,421.27132415771484,422.2663269042969,REST,REST,0.17333333333333334,0,LEFT,REST
LR-3-15-26-(04).csv,421.76882553100586,422.7638282775879,REST,REST,0.17333333333333334,0,LEFT,REST
LR-3-15-26-(04).csv,422.2663269042969,423.2613296508789,REST,REST,0.17333333333333334,0,LEFT,REST
LR-3-15-26-(04).csv,422.7638282775879,423.7588310241699,REST,REST,0.18,0,LEFT,REST
LR-3-15-26-(04).csv,423.2613296508789,424.25633239746094,REST,REST,0.18,0,LEFT,REST
LR-3-15-26-(04).csv,423.7588310241699,424.75383377075195,REST,REST,0.18333333333333332,0,LEFT,REST
LR-3-15-26-(04).csv,424.25633239746094,425.25133514404297,REST,REST,0.18333333333333332,0,LEFT,REST
LR-3-15-26-(04).csv,424.75383377075195,425.748836517334,REST,REST,0.19333333333333333,0,LEFT,REST
LR-3-15-26-(04).csv,425.25133514404297,426.246337890625,REST,REST,0.19333333333333333,0,LEFT,REST
LR-3-15-26-(04).csv,425.748836517334,426.743839263916,REST,REST,0.3,1,LEFT,LEFT
LR-3-15-26-(04).csv,426.246337890625,427.24134063720703,REST,REST,0.3,1,LEFT,LEFT
LR-3-15-26-(04).csv,426.743839263916,427.73884201049805,REST,REST,0.31,1,RIGHT,RIGHT
LR-3-15-26-(04).csv,427.24134063720703,428.23634338378906,REST,REST,0.31,1,RIGHT,RIGHT
LR-3-15-26-(04).csv,427.73884201049805,428.7338447570801,REST,REST,0.31,1,RIGHT,RIGHT
LR-3-15-26-(04).csv,428.23634338378906,429.2313461303711,REST,REST,0.31,1,RIGHT,RIGHT
LR-3-15-26-(04).csv,428.7338447570801,429.7288475036621,REST,REST,0.25333333333333335,0,RIGHT,REST
LR-3-15-26-(04).csv,429.2313461303711,430.2263488769531,REST,REST,0.25333333333333335,0,RIGHT,REST
LR-3-15-26-(04).csv,429.7288475036621,430.72385025024414,REST,REST,0.37,1,RIGHT,RIGHT
LR-3-15-26-(04).csv,430.2263488769531,431.22135162353516,REST,REST,0.37,1,LEFT,LEFT
LR-3-15-26-(04).csv,430.72385025024414,431.7188529968262,REST,REST,0.37,1,LEFT,LEFT
LR-3-15-26-(04).csv,431.22135162353516,432.2163543701172,REST,REST,0.37,1,LEFT,LEFT
LR-3-15-26-(04).csv,431.7188529968262,432.7138557434082,REST,REST,0.23666666666666666,0,LEFT,REST
LR-3-15-26-(04).csv,432.2163543701172,433.2113571166992,REST,REST,0.23666666666666666,0,LEFT,REST
LR-3-15-26-(04).csv,432.7138557434082,433.70885848999023,REST,REST,0.23666666666666666,0,RIGHT,REST
LR-3-15-26-(04).csv,433.2113571166992,434.20635986328125,REST,REST,0.23666666666666666,0,LEFT,REST
LR-3-15-26-(04).csv,433.70885848999023,434.70386123657227,REST,REST,0.22666666666666666,0,LEFT,REST
LR-3-15-26-(04).csv,434.20635986328125,435.2013626098633,REST,REST,0.22666666666666666,0,LEFT,REST
LR-3-15-26-(04).csv,434.70386123657227,435.6988639831543,REST,REST,0.22,0,LEFT,REST
LR-3-15-26-(04).csv,435.2013626098633,436.1963653564453,REST,REST,0.22,0,LEFT,REST
LR-3-15-26-(04).csv,435.6988639831543,436.6938667297363,REST,REST,0.22,0,LEFT,REST
LR-3-15-26-(04).csv,436.1963653564453,437.19136810302734,REST,REST,0.22,0,LEFT,REST
LR-3-15-26-(04).csv,436.6938667297363,437.68886947631836,REST,REST,0.22,0,RIGHT,REST
LR-3-15-26-(04).csv,437.19136810302734,438.1863708496094,REST,REST,0.22,0,LEFT,REST
LR-3-15-26-(04).csv,437.68886947631836,438.6838722229004,REST,REST,0.22666666666666666,0,RIGHT,REST
LR-3-15-26-(04).csv,438.1863708496094,439.1813735961914,REST,REST,0.22666666666666666,0,RIGHT,REST
LR-3-15-26-(04).csv,438.6838722229004,439.6788749694824,REST,REST,0.23333333333333334,0,LEFT,REST
LR-3-15-26-(04).csv,439.1813735961914,440.17637634277344,REST,REST,0.23333333333333334,0,LEFT,REST
LR-3-15-26-(04).csv,439.6788749694824,440.67387771606445,REST,REST,0.23333333333333334,0,RIGHT,REST
LR-3-15-26-(04).csv,440.17637634277344,441.17137908935547,REST,REST,0.23333333333333334,0,LEFT,REST
LR-3-15-26-(04).csv,440.67387771606445,441.6688804626465,REST,REST,0.23,0,RIGHT,REST
LR-3-15-26-(04).csv,441.17137908935547,442.1663818359375,REST,REST,0.23,0,LEFT,REST
LR-3-15-26-(04).csv,441.6688804626465,442.6638832092285,REST,REST,0.23,0,LEFT,REST
LR-3-15-26-(04).csv,442.1663818359375,443.16138458251953,REST,REST,0.23,0,LEFT,REST
LR-3-15-26-(04).csv,442.6638832092285,443.65888595581055,REST,REST,0.23,0,RIGHT,REST
LR-3-15-26-(04).csv,443.16138458251953,444.15638732910156,REST,REST,0.23,0,LEFT,REST
LR-3-15-26-(04).csv,443.65888595581055,444.6538887023926,REST,REST,0.22333333333333333,0,LEFT,REST
LR-3-15-26-(04).csv,444.15638732910156,445.1513900756836,REST,REST,0.22333333333333333,0,LEFT,REST
LR-3-15-26-(04).csv,444.6538887023926,445.6488914489746,REST,REST,0.24666666666666667,0,LEFT,REST
LR-3-15-26-(04).csv,445.1513900756836,446.1463928222656,REST,REST,0.24666666666666667,0,LEFT,REST
LR-3-15-26-(04).csv,445.6488914489746,446.64389419555664,REST,REST,0.24666666666666667,0,LEFT,REST
LR-3-15-26-(04).csv,446.1463928222656,447.14139556884766,REST,REST,0.24666666666666667,0,LEFT,REST
LR-3-15-26-(04).csv,446.64389419555664,447.6388969421387,REST,REST,0.18,0,LEFT,REST
LR-3-15-26-(04).csv,447.14139556884766,448.1363983154297,REST,REST,0.18,0,LEFT,REST
LR-3-15-26-(04).csv,447.6388969421387,448.6338996887207,REST,REST,0.18333333333333332,0,LEFT,REST
LR-3-15-26-(04).csv,448.1363983154297,449.1314010620117,REST,REST,0.18333333333333332,0,LEFT,REST
LR-3-15-26-(04).csv,448.6338996887207,449.62890243530273,REST,REST,0.20666666666666667,0,RIGHT,REST
LR-3-15-26-(04).csv,449.1314010620117,450.12640380859375,REST,REST,0.20666666666666667,0,LEFT,REST
LR-3-15-26-(04).csv,449.62890243530273,450.62390518188477,REST,REST,0.20666666666666667,0,LEFT,REST
LR-3-15-26-(04).csv,450.12640380859375,451.1214065551758,REST,REST,0.20666666666666667,0,LEFT,REST
LR-3-15-26-(04).csv,450.62390518188477,451.6189079284668,REST,REST,0.20333333333333334,0,LEFT,REST
LR-3-15-26-(04).csv,451.1214065551758,452.1164093017578,REST,REST,0.20333333333333334,0,LEFT,REST
LR-3-15-26-(04).csv,451.6189079284668,452.6139106750488,REST,REST,0.16666666666666666,0,LEFT,REST
LR-3-15-26-(04).csv,452.1164093017578,453.11141204833984,REST,REST,0.16666666666666666,0,LEFT,REST
LR-3-15-26-(04).csv,452.6139106750488,453.60891342163086,REST,REST,0.19,0,LEFT,REST
LR-3-15-26-(04).csv,453.11141204833984,454.1064147949219,REST,REST,0.19,0,LEFT,REST
LR-3-15-26-(04).csv,453.60891342163086,454.6039161682129,REST,REST,0.2,0,LEFT,REST
LR-3-15-26-(04).csv,454.1064147949219,455.1014175415039,REST,REST,0.2,0,LEFT,REST
LR-3-15-26-(04).csv,454.6039161682129,455.5989189147949,REST,REST,0.2,0,RIGHT,REST
LR-3-15-26-(04).csv,455.1014175415039,456.09642028808594,REST,REST,0.2,0,RIGHT,REST
LR-3-15-26-(04).csv,455.5989189147949,456.59392166137695,REST,REST,0.18666666666666668,0,LEFT,REST
LR-3-15-26-(04).csv,456.09642028808594,457.09142303466797,REST,REST,0.18666666666666668,0,LEFT,REST
LR-3-15-26-(04).csv,456.59392166137695,457.588924407959,REST,REST,0.24333333333333335,0,LEFT,REST
LR-3-15-26-(04).csv,457.09142303466797,458.08642578125,REST,REST,0.24333333333333335,0,LEFT,REST
LR-3-15-26-(04).csv,457.588924407959,458.583927154541,REST,REST,0.24333333333333335,0,LEFT,REST
LR-3-15-26-(04).csv,458.08642578125,459.08142852783203,REST,REST,0.24333333333333335,0,LEFT,REST
LR-3-15-26-(04).csv,458.583927154541,459.57892990112305,REST,REST,0.24,0,LEFT,REST
LR-3-15-26-(04).csv,459.08142852783203,460.07643127441406,REST,REST,0.24,0,LEFT,REST
LR-3-15-26-(04).csv,459.57892990112305,460.5739326477051,REST,REST,0.24,0,RIGHT,REST
LR-3-15-26-(04).csv,460.07643127441406,461.0714340209961,REST,REST,0.24,0,RIGHT,REST
LR-3-15-26-(04).csv,460.5739326477051,461.5689353942871,REST,REST,0.24333333333333335,0,LEFT,REST
LR-3-15-26-(04).csv,461.0714340209961,462.0664367675781,REST,REST,0.24333333333333335,0,LEFT,REST
LR-3-15-26-(04).csv,461.5689353942871,462.56393814086914,REST,REST,0.24333333333333335,0,LEFT,REST
LR-3-15-26-(04).csv,462.0664367675781,463.06143951416016,REST,REST,0.24333333333333335,0,RIGHT,REST
LR-3-15-26-(04).csv,462.56393814086914,463.5589408874512,REST,REST,0.22,0,RIGHT,REST
LR-3-15-26-(04).csv,463.06143951416016,464.0564422607422,REST,REST,0.22,0,LEFT,REST
LR-3-15-26-(04).csv,463.5589408874512,464.5539436340332,REST,REST,0.24333333333333335,0,LEFT,REST
LR-3-15-26-(04).csv,464.0564422607422,465.0514450073242,REST,REST,0.24333333333333335,0,RIGHT,REST
LR-3-15-26-(04).csv,464.5539436340332,465.54894638061523,REST,REST,0.24333333333333335,0,LEFT,REST
LR-3-15-26-(04).csv,465.0514450073242,466.04644775390625,REST,REST,0.24333333333333335,0,RIGHT,REST
LR-3-15-26-(04).csv,465.54894638061523,466.54394912719727,REST,REST,0.22333333333333333,0,RIGHT,REST
LR-3-15-26-(04).csv,466.04644775390625,467.0414505004883,REST,REST,0.22333333333333333,0,RIGHT,REST
LR-3-15-26-(04).csv,466.54394912719727,467.5389518737793,REST,REST,0.19,0,LEFT,REST
LR-3-15-26-(04).csv,467.0414505004883,468.0364532470703,REST,REST,0.19,0,LEFT,REST
LR-3-15-26-(04).csv,467.5389518737793,468.5339546203613,REST,REST,0.18666666666666668,0,LEFT,REST
LR-3-15-26-(04).csv,468.0364532470703,469.03145599365234,REST,REST,0.18666666666666668,0,LEFT,REST
LR-3-15-26-(04).csv,468.5339546203613,469.52895736694336,REST,REST,0.22333333333333333,0,LEFT,REST
LR-3-15-26-(04).csv,469.03145599365234,470.0264587402344,REST,REST,0.22333333333333333,0,LEFT,REST
LR-3-15-26-(04).csv,469.52895736694336,470.5239601135254,REST,REST,0.22333333333333333,0,LEFT,REST
LR-3-15-26-(04).csv,470.0264587402344,471.0214614868164,REST,REST,0.22333333333333333,0,LEFT,REST
LR-3-15-26-(04).csv,470.5239601135254,471.5189628601074,REST,REST,0.21666666666666667,0,LEFT,REST
LR-3-15-26-(04).csv,471.0214614868164,472.01646423339844,REST,REST,0.21666666666666667,0,LEFT,REST
LR-3-15-26-(04).csv,471.5189628601074,472.51396560668945,REST,REST,0.21,0,LEFT,REST
LR-3-15-26-(04).csv,472.01646423339844,473.01146697998047,REST,REST,0.21,0,LEFT,REST
LR-3-15-26-(04).csv,472.51396560668945,473.5089683532715,REST,REST,0.17666666666666667,0,LEFT,REST
LR-3-15-26-(04).csv,473.757719039917,474.752721786499,LEFT,LEFT,0.4,1,RIGHT,RIGHT
LR-3-15-26-(04).csv,474.255220413208,475.25022315979004,LEFT,LEFT,0.4,1,RIGHT,RIGHT
LR-3-15-26-(04).csv,474.752721786499,475.74772453308105,LEFT,LEFT,0.4533333333333333,1,LEFT,LEFT
LR-3-15-26-(04).csv,475.25022315979004,476.24522590637207,LEFT,LEFT,0.4533333333333333,1,RIGHT,RIGHT
LR-3-15-26-(04).csv,475.74772453308105,476.7427272796631,LEFT,LEFT,0.4533333333333333,1,LEFT,LEFT
LR-3-15-26-(04).csv,476.24522590637207,477.2402286529541,LEFT,LEFT,0.4533333333333333,1,LEFT,LEFT
LR-3-15-26-(04).csv,476.7427272796631,477.7377300262451,LEFT,LEFT,0.43333333333333335,1,RIGHT,RIGHT
LR-3-15-26-(04).csv,477.2402286529541,478.23523139953613,LEFT,LEFT,0.43333333333333335,1,LEFT,LEFT
LR-3-15-26-(04).csv,477.7377300262451,478.73273277282715,LEFT,LEFT,0.43333333333333335,1,LEFT,LEFT
LR-3-15-26-(04).csv,478.23523139953613,479.23023414611816,LEFT,LEFT,0.43333333333333335,1,LEFT,LEFT
LR-3-15-26-(04).csv,478.73273277282715,479.7277355194092,LEFT,LEFT,0.43333333333333335,1,LEFT,LEFT
LR-3-15-26-(04).csv,479.23023414611816,480.2252368927002,LEFT,LEFT,0.43333333333333335,1,LEFT,LEFT
LR-3-15-26-(04).csv,479.7277355194092,480.7227382659912,LEFT,LEFT,0.3933333333333333,1,RIGHT,RIGHT
LR-3-15-26-(04).csv,480.2252368927002,481.2202396392822,LEFT,LEFT,0.3933333333333333,1,RIGHT,RIGHT
LR-3-15-26-(04).csv,480.7227382659912,481.71774101257324,LEFT,LEFT,0.37,1,RIGHT,RIGHT
LR-3-15-26-(04).csv,481.2202396392822,482.21524238586426,LEFT,LEFT,0.37,1,LEFT,LEFT
LR-3-15-26-(04).csv,482.504114151001,483.499116897583,REST,REST,0.25,0,LEFT,REST
LR-3-15-26-(04).csv,483.001615524292,483.996618270874,REST,REST,0.25,0,LEFT,REST
LR-3-15-26-(04).csv,483.499116897583,484.49411964416504,REST,REST,0.25,0,LEFT,REST
LR-3-15-26-(04).csv,483.996618270874,484.99162101745605,REST,REST,0.25,0,LEFT,REST
LR-3-15-26-(04).csv,484.49411964416504,485.48912239074707,REST,REST,0.23,0,LEFT,REST
LR-3-15-26-(04).csv,484.99162101745605,485.9866237640381,REST,REST,0.23,0,LEFT,REST
LR-3-15-26-(04).csv,485.48912239074707,486.4841251373291,REST,REST,0.20333333333333334,0,RIGHT,REST
LR-3-15-26-(04).csv,485.9866237640381,486.9816265106201,REST,REST,0.20333333333333334,0,RIGHT,REST
LR-3-15-26-(04).csv,486.4841251373291,487.47912788391113,REST,REST,0.20333333333333334,0,LEFT,REST
LR-3-15-26-(04).csv,486.9816265106201,487.97662925720215,REST,REST,0.20333333333333334,0,LEFT,REST
LR-3-15-26-(04).csv,488.22537994384766,489.2203826904297,RIGHT,RIGHT,0.46,1,RIGHT,RIGHT
LR-3-15-26-(04).csv,488.7228813171387,489.7178840637207,RIGHT,RIGHT,0.46,1,RIGHT,RIGHT
LR-3-15-26-(04).csv,489.2203826904297,490.2153854370117,RIGHT,RIGHT,0.46,1,RIGHT,RIGHT
LR-3-15-26-(04).csv,489.7178840637207,490.71288681030273,RIGHT,RIGHT,0.46,1,RIGHT,RIGHT
LR-3-15-26-(04).csv,490.2153854370117,491.21038818359375,RIGHT,RIGHT,0.44666666666666666,1,RIGHT,RIGHT
LR-3-15-26-(04).csv,490.71288681030273,491.70788955688477,RIGHT,RIGHT,0.44666666666666666,1,RIGHT,RIGHT
LR-3-15-26-(04).csv,491.21038818359375,492.2053909301758,RIGHT,RIGHT,0.44666666666666666,1,RIGHT,RIGHT
LR-3-15-26-(04).csv,491.70788955688477,492.7028923034668,RIGHT,RIGHT,0.44666666666666666,1,RIGHT,RIGHT
LR-3-15-26-(04).csv,492.2053909301758,493.2003936767578,RIGHT,RIGHT,0.44,1,RIGHT,RIGHT
LR-3-15-26-(04).csv,492.7028923034668,493.6978950500488,RIGHT,RIGHT,0.44,1,RIGHT,RIGHT
LR-3-15-26-(04).csv,493.2003936767578,494.19539642333984,RIGHT,RIGHT,0.44666666666666666,1,RIGHT,RIGHT
LR-3-15-26-(04).csv,493.6978950500488,494.69289779663086,RIGHT,RIGHT,0.44666666666666666,1,RIGHT,RIGHT
LR-3-15-26-(04).csv,494.19539642333984,495.1903991699219,RIGHT,RIGHT,0.44666666666666666,1,RIGHT,RIGHT
LR-3-15-26-(04).csv,494.69289779663086,495.6879005432129,RIGHT,RIGHT,0.44666666666666666,1,RIGHT,RIGHT
LR-3-15-26-(04).csv,495.1903991699219,496.1854019165039,RIGHT,RIGHT,0.44333333333333336,1,RIGHT,RIGHT
LR-3-15-26-(04).csv,495.6879005432129,496.6829032897949,RIGHT,RIGHT,0.44333333333333336,1,RIGHT,RIGHT
LR-3-15-26-(04).csv,496.9276418685913,497.92264461517334,REST,REST,0.18666666666666668,0,RIGHT,REST
LR-3-15-26-(04).csv,497.4251432418823,498.42014598846436,REST,REST,0.18666666666666668,0,RIGHT,REST
LR-3-15-26-(04).csv,497.92264461517334,498.91764736175537,REST,REST,0.2,0,LEFT,REST
LR-3-15-26-(04).csv,498.42014598846436,499.4151487350464,REST,REST,0.2,0,LEFT,REST
LR-3-15-26-(04).csv,498.91764736175537,499.9126501083374,REST,REST,0.2,0,LEFT,REST
LR-3-15-26-(04).csv,499.4151487350464,500.4101514816284,REST,REST,0.2,0,LEFT,REST
LR-3-15-26-(04).csv,499.9126501083374,500.90765285491943,REST,REST,0.19666666666666666,0,LEFT,REST
LR-3-15-26-(04).csv,500.4101514816284,501.40515422821045,REST,REST,0.19666666666666666,0,LEFT,REST
LR-3-15-26-(04).csv,500.90765285491943,501.90265560150146,REST,REST,0.18333333333333332,0,LEFT,REST
LR-3-15-26-(04).csv,501.40515422821045,502.4001569747925,REST,REST,0.18333333333333332,0,LEFT,REST
LR-3-15-26-(04).csv,501.90265560150146,502.8976583480835,REST,REST,0.18333333333333332,0,RIGHT,REST
LR-3-15-26-(04).csv,502.4001569747925,503.3951597213745,REST,REST,0.18333333333333332,0,LEFT,REST
LR-3-15-26-(04).csv,502.8976583480835,503.8926610946655,REST,REST,0.18666666666666668,0,LEFT,REST
LR-3-15-26-(04).csv,503.3951597213745,504.39016246795654,REST,REST,0.18666666666666668,0,LEFT,REST
LR-3-15-26-(04).csv,503.8926610946655,504.88766384124756,REST,REST,0.18666666666666668,0,LEFT,REST
LR-3-15-26-(04).csv,504.39016246795654,505.3851652145386,REST,REST,0.18666666666666668,0,LEFT,REST
LR-3-15-26-(04).csv,504.88766384124756,505.8826665878296,REST,REST,0.20666666666666667,0,LEFT,REST
LR-3-15-26-(04).csv,505.3851652145386,506.3801679611206,REST,REST,0.20666666666666667,0,LEFT,REST
LR-3-15-26-(04).csv,505.8826665878296,506.8776693344116,REST,REST,0.22666666666666666,0,LEFT,REST
LR-3-15-26-(04).csv,506.3801679611206,507.37517070770264,REST,REST,0.22666666666666666,0,LEFT,REST
LR-3-15-26-(04).csv,506.8776693344116,507.87267208099365,REST,REST,0.22666666666666666,0,RIGHT,REST
LR-3-15-26-(04).csv,507.37517070770264,508.37017345428467,REST,REST,0.22666666666666666,0,RIGHT,REST
LR-3-15-26-(04).csv,507.87267208099365,508.8676748275757,REST,REST,0.18666666666666668,0,LEFT,REST
LR-3-15-26-(04).csv,508.37017345428467,509.3651762008667,REST,REST,0.18666666666666668,0,LEFT,REST
LR-3-15-26-(04).csv,508.8676748275757,509.8626775741577,REST,REST,0.18666666666666668,0,LEFT,REST
LR-3-15-26-(04).csv,509.3651762008667,510.36017894744873,REST,REST,0.18666666666666668,0,LEFT,REST
LR-3-15-26-(04).csv,509.8626775741577,510.85768032073975,REST,REST,0.21666666666666667,0,LEFT,REST
LR-3-15-26-(04).csv,510.36017894744873,511.35518169403076,REST,REST,0.21666666666666667,0,LEFT,REST
LR-3-15-26-(04).csv,510.85768032073975,511.8526830673218,REST,REST,0.21666666666666667,0,LEFT,REST
LR-3-15-26-(04).csv,511.35518169403076,512.3501844406128,REST,REST,0.21666666666666667,0,RIGHT,REST
LR-3-15-26-(04).csv,512.5909109115601,513.5859136581421,LEFT,LEFT,0.4033333333333333,1,RIGHT,RIGHT
LR-3-15-26-(04).csv,513.0884122848511,514.0834150314331,LEFT,LEFT,0.4033333333333333,1,RIGHT,RIGHT
LR-3-15-26-(04).csv,513.5859136581421,514.5809164047241,LEFT,LEFT,0.43666666666666665,1,RIGHT,RIGHT
LR-3-15-26-(04).csv,514.0834150314331,515.0784177780151,LEFT,LEFT,0.43666666666666665,1,RIGHT,RIGHT
LR-3-15-26-(04).csv,514.5809164047241,515.5759191513062,LEFT,LEFT,0.43666666666666665,1,RIGHT,RIGHT
LR-3-15-26-(04).csv,515.0784177780151,516.0734205245972,LEFT,LEFT,0.43666666666666665,1,RIGHT,RIGHT
LR-3-15-26-(04).csv,515.5759191513062,516.5709218978882,LEFT,LEFT,0.4066666666666667,1,RIGHT,RIGHT
LR-3-15-26-(04).csv,516.0734205245972,517.0684232711792,LEFT,LEFT,0.4066666666666667,1,RIGHT,RIGHT
LR-3-15-26-(04).csv,516.5709218978882,517.5659246444702,LEFT,LEFT,0.42333333333333334,1,RIGHT,RIGHT
LR-3-15-26-(04).csv,517.0684232711792,518.0634260177612,LEFT,LEFT,0.42333333333333334,1,RIGHT,RIGHT
LR-3-15-26-(04).csv,517.5659246444702,518.5609273910522,LEFT,LEFT,0.42333333333333334,1,RIGHT,RIGHT
LR-3-15-26-(04).csv,518.0634260177612,519.0584287643433,LEFT,LEFT,0.42333333333333334,1,RIGHT,RIGHT
LR-3-15-26-(04).csv,518.5609273910522,519.5559301376343,LEFT,LEFT,0.4066666666666667,1,RIGHT,RIGHT
LR-3-15-26-(04).csv,519.0584287643433,520.0534315109253,LEFT,LEFT,0.4066666666666667,1,RIGHT,RIGHT
LR-3-15-26-(04).csv,519.5559301376343,520.5509328842163,LEFT,LEFT,0.4066666666666667,1,RIGHT,RIGHT
LR-3-15-26-(04).csv,520.0534315109253,521.0484342575073,LEFT,LEFT,0.4066666666666667,1,RIGHT,RIGHT
LR-3-15-26-(04).csv,520.5509328842163,521.5459356307983,LEFT,LEFT,0.4066666666666667,1,LEFT,LEFT
LR-3-15-26-(04).csv,521.6542625427246,522.6492652893066,REST,REST,0.23333333333333334,0,LEFT,REST
LR-3-15-26-(04).csv,522.1517639160156,523.1467666625977,REST,REST,0.23333333333333334,0,LEFT,REST
LR-3-15-26-(04).csv,522.6492652893066,523.6442680358887,REST,REST,0.23333333333333334,0,LEFT,REST
LR-3-15-26-(04).csv,523.1467666625977,524.1417694091797,REST,REST,0.23333333333333334,0,RIGHT,REST
LR-3-15-26-(04).csv,523.6442680358887,524.6392707824707,REST,REST,0.21,0,RIGHT,REST
LR-3-15-26-(04).csv,524.1417694091797,525.1367721557617,REST,REST,0.21,0,LEFT,REST
LR-3-15-26-(04).csv,524.6392707824707,525.6342735290527,REST,REST,0.21,0,LEFT,REST
LR-3-15-26-(04).csv,525.1367721557617,526.1317749023438,REST,REST,0.21,0,LEFT,REST
LR-3-15-26-(04).csv,525.6342735290527,526.6292762756348,REST,REST,0.20333333333333334,0,LEFT,REST
LR-3-15-26-(04).csv,526.1317749023438,527.1267776489258,REST,REST,0.20333333333333334,0,LEFT,REST
LR-3-15-26-(04).csv,527.3875646591187,528.3825674057007,RIGHT,RIGHT,0.42,1,RIGHT,RIGHT
LR-3-15-26-(04).csv,527.8850660324097,528.8800687789917,RIGHT,RIGHT,0.42,1,RIGHT,RIGHT
LR-3-15-26-(04).csv,528.3825674057007,529.3775701522827,RIGHT,RIGHT,0.44666666666666666,1,RIGHT,RIGHT
LR-3-15-26-(04).csv,528.8800687789917,529.8750715255737,RIGHT,RIGHT,0.44666666666666666,1,RIGHT,RIGHT
LR-3-15-26-(04).csv,529.3775701522827,530.3725728988647,RIGHT,RIGHT,0.44666666666666666,1,RIGHT,RIGHT
LR-3-15-26-(04).csv,529.8750715255737,530.8700742721558,RIGHT,RIGHT,0.44666666666666666,1,RIGHT,RIGHT
LR-3-15-26-(04).csv,530.3725728988647,531.3675756454468,RIGHT,RIGHT,0.45666666666666667,1,RIGHT,RIGHT
LR-3-15-26-(04).csv,530.8700742721558,531.8650770187378,RIGHT,RIGHT,0.45666666666666667,1,RIGHT,RIGHT
LR-3-15-26-(04).csv,531.3675756454468,532.3625783920288,RIGHT,RIGHT,0.45666666666666667,1,RIGHT,RIGHT
LR-3-15-26-(04).csv,531.8650770187378,532.8600797653198,RIGHT,RIGHT,0.45666666666666667,1,RIGHT,RIGHT
LR-3-15-26-(04).csv,532.3625783920288,533.3575811386108,RIGHT,RIGHT,0.45666666666666667,1,RIGHT,RIGHT
LR-3-15-26-(04).csv,532.8600797653198,533.8550825119019,RIGHT,RIGHT,0.45666666666666667,1,RIGHT,RIGHT
LR-3-15-26-(04).csv,533.3575811386108,534.3525838851929,RIGHT,RIGHT,0.45666666666666667,1,RIGHT,RIGHT
LR-3-15-26-(04).csv,533.8550825119019,534.8500852584839,RIGHT,RIGHT,0.45666666666666667,1,RIGHT,RIGHT
LR-3-15-26-(04).csv,534.3525838851929,535.3475866317749,RIGHT,RIGHT,0.45666666666666667,1,RIGHT,RIGHT
LR-3-15-26-(04).csv,534.8500852584839,535.8450880050659,RIGHT,RIGHT,0.45666666666666667,1,RIGHT,RIGHT
LR-3-15-26-(04).csv,535.9895238876343,536.9845266342163,REST,REST,0.25666666666666665,0,LEFT,REST
LR-3-15-26-(04).csv,536.4870252609253,537.4820280075073,REST,REST,0.25666666666666665,0,LEFT,REST
LR-3-15-26-(04).csv,536.9845266342163,537.9795293807983,REST,REST,0.25666666666666665,0,RIGHT,REST
LR-3-15-26-(04).csv,537.4820280075073,538.4770307540894,REST,REST,0.25666666666666665,0,LEFT,REST
LR-3-15-26-(04).csv,537.9795293807983,538.9745321273804,REST,REST,0.18,0,LEFT,REST
LR-3-15-26-(04).csv,538.4770307540894,539.4720335006714,REST,REST,0.18,0,LEFT,REST
LR-3-15-26-(04).csv,538.9745321273804,539.9695348739624,REST,REST,0.19,0,LEFT,REST
LR-3-15-26-(04).csv,539.4720335006714,540.4670362472534,REST,REST,0.19,0,LEFT,REST
LR-3-15-26-(04).csv,539.9695348739624,540.9645376205444,REST,REST,0.23333333333333334,0,LEFT,REST
LR-3-15-26-(04).csv,540.4670362472534,541.4620389938354,REST,REST,0.23333333333333334,0,RIGHT,REST
LR-3-15-26-(04).csv,540.9645376205444,541.9595403671265,REST,REST,0.23333333333333334,0,RIGHT,REST
LR-3-15-26-(04).csv,541.4620389938354,542.4570417404175,REST,REST,0.23333333333333334,0,LEFT,REST
LR-3-15-26-(04).csv,541.9595403671265,542.9545431137085,REST,REST,0.23,0,LEFT,REST
LR-3-15-26-(04).csv,542.4570417404175,543.4520444869995,REST,REST,0.23,0,LEFT,REST
LR-3-15-26-(04).csv,542.9545431137085,543.9495458602905,REST,REST,0.23333333333333334,0,LEFT,REST
LR-3-15-26-(04).csv,543.4520444869995,544.4470472335815,REST,REST,0.23333333333333334,0,LEFT,REST
LR-3-15-26-(04).csv,543.9495458602905,544.9445486068726,REST,REST,0.23333333333333334,0,LEFT,REST
LR-3-15-26-(04).csv,544.4470472335815,545.4420499801636,REST,REST,0.23333333333333334,0,RIGHT,REST
LR-3-15-26-(04).csv,544.9445486068726,545.9395513534546,REST,REST,0.23666666666666666,0,RIGHT,REST
LR-3-15-26-(04).csv,545.4420499801636,546.4370527267456,REST,REST,0.23666666666666666,0,RIGHT,REST
LR-3-15-26-(04).csv,545.9395513534546,546.9345541000366,REST,REST,0.23666666666666666,0,RIGHT,REST
LR-3-15-26-(04).csv,546.4370527267456,547.4320554733276,REST,REST,0.23666666666666666,0,RIGHT,REST
LR-3-15-26-(04).csv,546.9345541000366,547.9295568466187,REST,REST,0.19,0,LEFT,REST
LR-3-15-26-(04).csv,547.4320554733276,548.4270582199097,REST,REST,0.19,0,LEFT,REST
LR-3-15-26-(04).csv,547.9295568466187,548.9245595932007,REST,REST,0.19,0,RIGHT,REST
LR-3-15-26-(04).csv,548.4270582199097,549.4220609664917,REST,REST,0.19,0,RIGHT,REST
LR-3-15-26-(04).csv,548.9245595932007,549.9195623397827,REST,REST,0.17666666666666667,0,RIGHT,REST
LR-3-15-26-(04).csv,549.4220609664917,550.4170637130737,REST,REST,0.17666666666666667,0,LEFT,REST
LR-3-15-26-(04).csv,549.9195623397827,550.9145650863647,REST,REST,0.17333333333333334,0,LEFT,REST
LR-3-15-26-(04).csv,550.4170637130737,551.4120664596558,REST,REST,0.17333333333333334,0,LEFT,REST
LR-3-15-26-(04).csv,550.9145650863647,551.9095678329468,REST,REST,0.15,0,LEFT,REST
LR-3-15-26-(04).csv,552.0058584213257,553.0008611679077,LEFT,LEFT,0.39,1,RIGHT,RIGHT
LR-3-15-26-(04).csv,552.5033597946167,553.4983625411987,LEFT,LEFT,0.39,1,RIGHT,RIGHT
LR-3-15-26-(04).csv,553.0008611679077,553.9958639144897,LEFT,LEFT,0.39,1,RIGHT,RIGHT
LR-3-15-26-(04).csv,553.4983625411987,554.4933652877808,LEFT,LEFT,0.39,1,RIGHT,RIGHT
LR-3-15-26-(04).csv,553.9958639144897,554.9908666610718,LEFT,LEFT,0.39,1,RIGHT,RIGHT
LR-3-15-26-(04).csv,554.4933652877808,555.4883680343628,LEFT,LEFT,0.39,1,RIGHT,RIGHT
LR-3-15-26-(04).csv,554.9908666610718,555.9858694076538,LEFT,LEFT,0.43333333333333335,1,LEFT,LEFT
LR-3-15-26-(04).csv,555.4883680343628,556.4833707809448,LEFT,LEFT,0.43333333333333335,1,LEFT,LEFT
LR-3-15-26-(04).csv,555.9858694076538,556.9808721542358,LEFT,LEFT,0.44,1,LEFT,LEFT
LR-3-15-26-(04).csv,556.4833707809448,557.4783735275269,LEFT,LEFT,0.44,1,LEFT,LEFT
LR-3-15-26-(04).csv,556.9808721542358,557.9758749008179,LEFT,LEFT,0.44,1,LEFT,LEFT
LR-3-15-26-(04).csv,557.4783735275269,558.4733762741089,LEFT,LEFT,0.44,1,LEFT,LEFT
LR-3-15-26-(04).csv,557.9758749008179,558.9708776473999,LEFT,LEFT,0.43666666666666665,1,RIGHT,RIGHT
LR-3-15-26-(04).csv,558.4733762741089,559.4683790206909,LEFT,LEFT,0.43666666666666665,1,RIGHT,RIGHT
LR-3-15-26-(04).csv,558.9708776473999,559.9658803939819,LEFT,LEFT,0.43666666666666665,1,LEFT,LEFT
LR-3-15-26-(04).csv,559.4683790206909,560.463381767273,LEFT,LEFT,0.43666666666666665,1,LEFT,LEFT
LR-3-15-26-(04).csv,560.7843503952026,561.7793531417847,REST,REST,0.19666666666666666,0,LEFT,REST
LR-3-15-26-(04).csv,561.2818517684937,562.2768545150757,REST,REST,0.19666666666666666,0,LEFT,REST
LR-3-15-26-(04).csv,561.7793531417847,562.7743558883667,REST,REST,0.19666666666666666,0,RIGHT,REST
LR-3-15-26-(04).csv,562.2768545150757,563.2718572616577,REST,REST,0.19666666666666666,0,RIGHT,REST
LR-3-15-26-(04).csv,562.7743558883667,563.7693586349487,REST,REST,0.23,0,LEFT,REST
LR-3-15-26-(04).csv,563.2718572616577,564.2668600082397,REST,REST,0.23,0,LEFT,REST
LR-3-15-26-(04).csv,563.7693586349487,564.7643613815308,REST,REST,0.23,0,LEFT,REST
LR-3-15-26-(04).csv,564.2668600082397,565.2618627548218,REST,REST,0.23,0,LEFT,REST
LR-3-15-26-(04).csv,564.7643613815308,565.7593641281128,REST,REST,0.23,0,RIGHT,REST
LR-3-15-26-(04).csv,565.2618627548218,566.2568655014038,REST,REST,0.23,0,LEFT,REST
LR-3-15-26-(04).csv,565.7593641281128,566.7543668746948,REST,REST,0.22,0,LEFT,REST
LR-3-15-26-(04).csv,566.9670085906982,567.9620113372803,RIGHT,RIGHT,0.38,1,RIGHT,RIGHT
LR-3-15-26-(04).csv,567.4645099639893,568.4595127105713,RIGHT,RIGHT,0.38,1,RIGHT,RIGHT
LR-3-15-26-(04).csv,567.9620113372803,568.9570140838623,RIGHT,RIGHT,0.45666666666666667,1,RIGHT,RIGHT
LR-3-15-26-(04).csv,568.4595127105713,569.4545154571533,RIGHT,RIGHT,0.45666666666666667,1,RIGHT,RIGHT
LR-3-15-26-(04).csv,568.9570140838623,569.9520168304443,RIGHT,RIGHT,0.45666666666666667,1,RIGHT,RIGHT
LR-3-15-26-(04).csv,569.4545154571533,570.4495182037354,RIGHT,RIGHT,0.45666666666666667,1,RIGHT,RIGHT
LR-3-15-26-(04).csv,569.9520168304443,570.9470195770264,RIGHT,RIGHT,0.4633333333333333,1,RIGHT,RIGHT
LR-3-15-26-(04).csv,570.4495182037354,571.4445209503174,RIGHT,RIGHT,0.4633333333333333,1,RIGHT,RIGHT
LR-3-15-26-(04).csv,570.9470195770264,571.9420223236084,RIGHT,RIGHT,0.4633333333333333,1,RIGHT,RIGHT
LR-3-15-26-(04).csv,571.4445209503174,572.4395236968994,RIGHT,RIGHT,0.4633333333333333,1,RIGHT,RIGHT
LR-3-15-26-(04).csv,571.9420223236084,572.9370250701904,RIGHT,RIGHT,0.46,1,RIGHT,RIGHT
LR-3-15-26-(04).csv,572.4395236968994,573.4345264434814,RIGHT,RIGHT,0.46,1,RIGHT,RIGHT
LR-3-15-26-(04).csv,572.9370250701904,573.9320278167725,RIGHT,RIGHT,0.47333333333333333,1,RIGHT,RIGHT
LR-3-15-26-(04).csv,573.4345264434814,574.4295291900635,RIGHT,RIGHT,0.47333333333333333,1,RIGHT,RIGHT
LR-3-15-26-(04).csv,573.9320278167725,574.9270305633545,RIGHT,RIGHT,0.47333333333333333,1,RIGHT,RIGHT
LR-3-15-26-(04).csv,574.4295291900635,575.4245319366455,RIGHT,RIGHT,0.47333333333333333,1,RIGHT,RIGHT
LR-3-15-26-(04).csv,575.9140090942383,576.9090118408203,REST,REST,0.36333333333333334,1,RIGHT,RIGHT
LR-3-15-26-(04).csv,576.4115104675293,577.4065132141113,REST,REST,0.36333333333333334,1,RIGHT,RIGHT
LR-3-15-26-(04).csv,576.9090118408203,577.9040145874023,REST,REST,0.36333333333333334,1,RIGHT,RIGHT
LR-3-15-26-(04).csv,577.4065132141113,578.4015159606934,REST,REST,0.36333333333333334,1,LEFT,LEFT
LR-3-15-26-(04).csv,577.9040145874023,578.8990173339844,REST,REST,0.19,0,RIGHT,REST
LR-3-15-26-(04).csv,578.4015159606934,579.3965187072754,REST,REST,0.19,0,RIGHT,REST
LR-3-15-26-(04).csv,578.8990173339844,579.8940200805664,REST,REST,0.18,0,RIGHT,REST
LR-3-15-26-(04).csv,579.3965187072754,580.3915214538574,REST,REST,0.18,0,RIGHT,REST
LR-3-15-26-(04).csv,579.8940200805664,580.8890228271484,REST,REST,0.18,0,RIGHT,REST
LR-3-15-26-(04).csv,580.3915214538574,581.3865242004395,REST,REST,0.18,0,LEFT,REST
LR-3-15-26-(04).csv,580.8890228271484,581.8840255737305,REST,REST,0.16666666666666666,0,LEFT,REST
LR-3-15-26-(04).csv,581.3865242004395,582.3815269470215,REST,REST,0.16666666666666666,0,LEFT,REST
LR-3-15-26-(04).csv,581.8840255737305,582.8790283203125,REST,REST,0.22,0,LEFT,REST
LR-3-15-26-(04).csv,582.3815269470215,583.3765296936035,REST,REST,0.22,0,LEFT,REST
LR-3-15-26-(04).csv,582.8790283203125,583.8740310668945,REST,REST,0.24333333333333335,0,RIGHT,REST
LR-3-15-26-(04).csv,583.3765296936035,584.3715324401855,REST,REST,0.24333333333333335,0,LEFT,REST
LR-3-15-26-(04).csv,583.8740310668945,584.8690338134766,REST,REST,0.24333333333333335,0,LEFT,REST
LR-3-15-26-(04).csv,584.3715324401855,585.3665351867676,REST,REST,0.24333333333333335,0,LEFT,REST
LR-3-15-26-(04).csv,584.8690338134766,585.8640365600586,REST,REST,0.24666666666666667,0,LEFT,REST
LR-3-15-26-(04).csv,585.3665351867676,586.3615379333496,REST,REST,0.24666666666666667,0,LEFT,REST
LR-3-15-26-(04).csv,585.8640365600586,586.8590393066406,REST,REST,0.24666666666666667,0,LEFT,REST
LR-3-15-26-(04).csv,586.3615379333496,587.3565406799316,REST,REST,0.24666666666666667,0,RIGHT,REST
LR-3-15-26-(04).csv,586.8590393066406,587.8540420532227,REST,REST,0.30666666666666664,1,RIGHT,RIGHT
LR-3-15-26-(04).csv,587.3565406799316,588.3515434265137,REST,REST,0.30666666666666664,1,LEFT,LEFT
LR-3-15-26-(04).csv,587.8540420532227,588.8490447998047,REST,REST,0.30666666666666664,1,LEFT,LEFT
LR-3-15-26-(04).csv,588.3515434265137,589.3465461730957,REST,REST,0.30666666666666664,1,LEFT,LEFT
LR-3-15-26-(04).csv,588.8490447998047,589.8440475463867,REST,REST,0.24666666666666667,0,LEFT,REST
LR-3-15-26-(04).csv,589.3465461730957,590.3415489196777,REST,REST,0.24666666666666667,0,RIGHT,REST
LR-3-15-26-(04).csv,589.8440475463867,590.8390502929688,REST,REST,0.23333333333333334,0,RIGHT,REST
LR-3-15-26-(04).csv,590.3415489196777,591.3365516662598,REST,REST,0.23333333333333334,0,RIGHT,REST
LR-3-15-26-(04).csv,591.4488906860352,592.4438934326172,LEFT,LEFT,0.43666666666666665,1,RIGHT,RIGHT
LR-3-15-26-(04).csv,591.9463920593262,592.9413948059082,LEFT,LEFT,0.43666666666666665,1,RIGHT,RIGHT
LR-3-15-26-(04).csv,592.4438934326172,593.4388961791992,LEFT,LEFT,0.43666666666666665,1,RIGHT,RIGHT
LR-3-15-26-(04).csv,592.9413948059082,593.9363975524902,LEFT,LEFT,0.43666666666666665,1,RIGHT,RIGHT
LR-3-15-26-(04).csv,593.4388961791992,594.4338989257812,LEFT,LEFT,0.38333333333333336,1,RIGHT,RIGHT
LR-3-15-26-(04).csv,593.9363975524902,594.9314002990723,LEFT,LEFT,0.38333333333333336,1,LEFT,LEFT
LR-3-15-26-(04).csv,594.4338989257812,595.4289016723633,LEFT,LEFT,0.35333333333333333,1,LEFT,LEFT
LR-3-15-26-(04).csv,594.9314002990723,595.9264030456543,LEFT,LEFT,0.35333333333333333,1,LEFT,LEFT
LR-3-15-26-(04).csv,595.4289016723633,596.4239044189453,LEFT,LEFT,0.31333333333333335,1,LEFT,LEFT
LR-3-15-26-(04).csv,595.9264030456543,596.9214057922363,LEFT,LEFT,0.31333333333333335,1,LEFT,LEFT
LR-3-15-26-(04).csv,596.4239044189453,597.4189071655273,LEFT,LEFT,0.26666666666666666,0,LEFT,REST
LR-3-15-26-(04).csv,596.9214057922363,597.9164085388184,LEFT,LEFT,0.26666666666666666,0,LEFT,REST
LR-3-15-26-(04).csv,597.4189071655273,598.4139099121094,LEFT,LEFT,0.3933333333333333,1,RIGHT,RIGHT
LR-3-15-26-(04).csv,597.9164085388184,598.9114112854004,LEFT,LEFT,0.3933333333333333,1,LEFT,LEFT
LR-3-15-26-(04).csv,598.4139099121094,599.4089126586914,LEFT,LEFT,0.3933333333333333,1,LEFT,LEFT
LR-3-15-26-(04).csv,598.9114112854004,599.9064140319824,LEFT,LEFT,0.3933333333333333,1,LEFT,LEFT
LR-3-15-26-(04).csv,600.3316974639893,601.3267002105713,REST,REST,0.21,0,LEFT,REST
LR-3-15-26-(04).csv,600.8291988372803,601.8242015838623,REST,REST,0.21,0,LEFT,REST
LR-3-15-26-(04).csv,601.3267002105713,602.3217029571533,REST,REST,0.21,0,LEFT,REST
LR-3-15-26-(04).csv,601.8242015838623,602.8192043304443,REST,REST,0.21,0,LEFT,REST
LR-3-15-26-(04).csv,602.3217029571533,603.3167057037354,REST,REST,0.20333333333333334,0,LEFT,REST
LR-3-15-26-(04).csv,602.8192043304443,603.8142070770264,REST,REST,0.20333333333333334,0,LEFT,REST
LR-3-15-26-(04).csv,603.3167057037354,604.3117084503174,REST,REST,0.20333333333333334,0,LEFT,REST
LR-3-15-26-(04).csv,603.8142070770264,604.8092098236084,REST,REST,0.20333333333333334,0,LEFT,REST
LR-3-15-26-(04).csv,604.3117084503174,605.3067111968994,REST,REST,0.2,0,LEFT,REST
LR-3-15-26-(04).csv,604.8092098236084,605.8042125701904,REST,REST,0.2,0,LEFT,REST
LR-3-15-26-(04).csv,605.8603820800781,606.8553848266602,RIGHT,RIGHT,0.42333333333333334,1,RIGHT,RIGHT
LR-3-15-26-(04).csv,606.3578834533691,607.3528861999512,RIGHT,RIGHT,0.42333333333333334,1,RIGHT,RIGHT
LR-3-15-26-(04).csv,606.8553848266602,607.8503875732422,RIGHT,RIGHT,0.45,1,RIGHT,RIGHT
LR-3-15-26-(04).csv,607.3528861999512,608.3478889465332,RIGHT,RIGHT,0.45,1,RIGHT,RIGHT
LR-3-15-26-(04).csv,607.8503875732422,608.8453903198242,RIGHT,RIGHT,0.45,1,RIGHT,RIGHT
LR-3-15-26-(04).csv,608.3478889465332,609.3428916931152,RIGHT,RIGHT,0.45,1,RIGHT,RIGHT
LR-3-15-26-(04).csv,608.8453903198242,609.8403930664062,RIGHT,RIGHT,0.43333333333333335,1,RIGHT,RIGHT
LR-3-15-26-(04).csv,609.3428916931152,610.3378944396973,RIGHT,RIGHT,0.43333333333333335,1,RIGHT,RIGHT
LR-3-15-26-(04).csv,609.8403930664062,610.8353958129883,RIGHT,RIGHT,0.44666666666666666,1,RIGHT,RIGHT
LR-3-15-26-(04).csv,610.3378944396973,611.3328971862793,RIGHT,RIGHT,0.44666666666666666,1,RIGHT,RIGHT
LR-3-15-26-(04).csv,610.8353958129883,611.8303985595703,RIGHT,RIGHT,0.44666666666666666,1,RIGHT,RIGHT
LR-3-15-26-(04).csv,611.3328971862793,612.3278999328613,RIGHT,RIGHT,0.44666666666666666,1,RIGHT,RIGHT
LR-3-15-26-(04).csv,611.8303985595703,612.8254013061523,RIGHT,RIGHT,0.47333333333333333,1,RIGHT,RIGHT
LR-3-15-26-(04).csv,612.3278999328613,613.3229026794434,RIGHT,RIGHT,0.47333333333333333,1,RIGHT,RIGHT
LR-3-15-26-(04).csv,612.8254013061523,613.8204040527344,RIGHT,RIGHT,0.47333333333333333,1,RIGHT,RIGHT
LR-3-15-26-(04).csv,613.3229026794434,614.3179054260254,RIGHT,RIGHT,0.47333333333333333,1,RIGHT,RIGHT
LR-3-15-26-(04).csv,614.7311525344849,615.7261552810669,REST,REST,0.4,1,RIGHT,RIGHT
LR-3-15-26-(04).csv,615.2286539077759,616.2236566543579,REST,REST,0.4,1,RIGHT,RIGHT
LR-3-15-26-(04).csv,615.7261552810669,616.7211580276489,REST,REST,0.4,1,LEFT,LEFT
LR-3-15-26-(04).csv,616.2236566543579,617.2186594009399,REST,REST,0.4,1,LEFT,LEFT
LR-3-15-26-(04).csv,616.7211580276489,617.716160774231,REST,REST,0.24,0,LEFT,REST
LR-3-15-26-(04).csv,617.2186594009399,618.213662147522,REST,REST,0.24,0,LEFT,REST
LR-3-15-26-(04).csv,617.716160774231,618.711163520813,REST,REST,0.22666666666666666,0,RIGHT,REST
LR-3-15-26-(04).csv,618.213662147522,619.208664894104,REST,REST,0.22666666666666666,0,LEFT,REST
LR-3-15-26-(04).csv,618.711163520813,619.706166267395,REST,REST,0.23333333333333334,0,LEFT,REST
LR-3-15-26-(04).csv,619.208664894104,620.203667640686,REST,REST,0.23333333333333334,0,RIGHT,REST
LR-3-15-26-(04).csv,619.706166267395,620.701169013977,REST,REST,0.24333333333333335,0,LEFT,REST
LR-3-15-26-(04).csv,620.203667640686,621.1986703872681,REST,REST,0.24333333333333335,0,LEFT,REST
LR-3-15-26-(04).csv,620.701169013977,621.6961717605591,REST,REST,0.24333333333333335,0,LEFT,REST
LR-3-15-26-(04).csv,621.1986703872681,622.1936731338501,REST,REST,0.24333333333333335,0,LEFT,REST
LR-3-15-26-(04).csv,621.6961717605591,622.6911745071411,REST,REST,0.23666666666666666,0,RIGHT,REST
LR-3-15-26-(04).csv,622.1936731338501,623.1886758804321,REST,REST,0.23666666666666666,0,LEFT,REST
LR-3-15-26-(04).csv,622.6911745071411,623.6861772537231,REST,REST,0.23,0,LEFT,REST
LR-3-15-26-(04).csv,623.1886758804321,624.1836786270142,REST,REST,0.23,0,LEFT,REST
LR-3-15-26-(04).csv,623.6861772537231,624.6811800003052,REST,REST,0.23333333333333334,0,LEFT,REST
LR-3-15-26-(04).csv,624.1836786270142,625.1786813735962,REST,REST,0.23333333333333334,0,RIGHT,REST
LR-3-15-26-(04).csv,624.6811800003052,625.6761827468872,REST,REST,0.23666666666666666,0,RIGHT,REST
LR-3-15-26-(04).csv,625.1786813735962,626.1736841201782,REST,REST,0.23666666666666666,0,LEFT,REST
LR-3-15-26-(04).csv,625.6761827468872,626.6711854934692,REST,REST,0.23666666666666666,0,LEFT,REST
LR-3-15-26-(04).csv,626.1736841201782,627.1686868667603,REST,REST,0.23666666666666666,0,LEFT,REST
LR-3-15-26-(04).csv,626.6711854934692,627.6661882400513,REST,REST,0.25,0,LEFT,REST
LR-3-15-26-(04).csv,627.1686868667603,628.1636896133423,REST,REST,0.25,0,LEFT,REST
LR-3-15-26-(04).csv,627.6661882400513,628.6611909866333,REST,REST,0.25,0,LEFT,REST
LR-3-15-26-(04).csv,628.1636896133423,629.1586923599243,REST,REST,0.25,0,LEFT,REST
LR-3-15-26-(04).csv,628.6611909866333,629.6561937332153,REST,REST,0.22333333333333333,0,RIGHT,REST
LR-3-15-26-(04).csv,629.1586923599243,630.1536951065063,REST,REST,0.22333333333333333,0,LEFT,REST
LR-3-15-26-(04).csv,630.4546031951904,631.4496059417725,LEFT,LEFT,0.43666666666666665,1,RIGHT,RIGHT
LR-3-15-26-(04).csv,630.9521045684814,631.9471073150635,LEFT,LEFT,0.43666666666666665,1,LEFT,LEFT
LR-3-15-26-(04).csv,631.4496059417725,632.4446086883545,LEFT,LEFT,0.43666666666666665,1,RIGHT,RIGHT
LR-3-15-26-(04).csv,631.9471073150635,632.9421100616455,LEFT,LEFT,0.43666666666666665,1,LEFT,LEFT
LR-3-15-26-(04).csv,632.4446086883545,633.4396114349365,LEFT,LEFT,0.35333333333333333,1,RIGHT,RIGHT
LR-3-15-26-(04).csv,632.9421100616455,633.9371128082275,LEFT,LEFT,0.35333333333333333,1,RIGHT,RIGHT
LR-3-15-26-(04).csv,633.4396114349365,634.4346141815186,LEFT,LEFT,0.36666666666666664,1,RIGHT,RIGHT
LR-3-15-26-(04).csv,633.9371128082275,634.9321155548096,LEFT,LEFT,0.36666666666666664,1,LEFT,LEFT
LR-3-15-26-(04).csv,634.4346141815186,635.4296169281006,LEFT,LEFT,0.36666666666666664,1,LEFT,LEFT
LR-3-15-26-(04).csv,634.9321155548096,635.9271183013916,LEFT,LEFT,0.36666666666666664,1,RIGHT,RIGHT
LR-3-15-26-(04).csv,635.4296169281006,636.4246196746826,LEFT,LEFT,0.33666666666666667,1,RIGHT,RIGHT
LR-3-15-26-(04).csv,635.9271183013916,636.9221210479736,LEFT,LEFT,0.33666666666666667,1,LEFT,LEFT
LR-3-15-26-(04).csv,636.4246196746826,637.4196224212646,LEFT,LEFT,0.28,0,LEFT,REST
LR-3-15-26-(04).csv,636.9221210479736,637.9171237945557,LEFT,LEFT,0.28,0,LEFT,REST
LR-3-15-26-(04).csv,637.4196224212646,638.4146251678467,LEFT,LEFT,0.28,0,RIGHT,REST
LR-3-15-26-(04).csv,637.9171237945557,638.9121265411377,LEFT,LEFT,0.28,0,LEFT,REST
LR-3-15-26-(04).csv,639.1769256591797,640.1719284057617,REST,REST,0.24333333333333335,0,LEFT,REST
LR-3-15-26-(04).csv,639.6744270324707,640.6694297790527,REST,REST,0.24333333333333335,0,RIGHT,REST
LR-3-15-26-(04).csv,640.1719284057617,641.1669311523438,REST,REST,0.24333333333333335,0,RIGHT,REST
LR-3-15-26-(04).csv,640.6694297790527,641.6644325256348,REST,REST,0.24333333333333335,0,RIGHT,REST
LR-3-15-26-(04).csv,641.1669311523438,642.1619338989258,REST,REST,0.24333333333333335,0,RIGHT,REST
LR-3-15-26-(04).csv,641.6644325256348,642.6594352722168,REST,REST,0.24333333333333335,0,LEFT,REST
LR-3-15-26-(04).csv,642.1619338989258,643.1569366455078,REST,REST,0.24333333333333335,0,LEFT,REST
LR-3-15-26-(04).csv,642.6594352722168,643.6544380187988,REST,REST,0.24333333333333335,0,LEFT,REST
LR-3-15-26-(04).csv,643.1569366455078,644.1519393920898,REST,REST,0.23,0,RIGHT,REST
LR-3-15-26-(04).csv,643.6544380187988,644.6494407653809,REST,REST,0.23,0,LEFT,REST
LR-3-15-26-(04).csv,644.9503488540649,645.945351600647,RIGHT,RIGHT,0.37333333333333335,1,RIGHT,RIGHT
LR-3-15-26-(04).csv,645.447850227356,646.442852973938,RIGHT,RIGHT,0.37333333333333335,1,RIGHT,RIGHT
LR-3-15-26-(04).csv,645.945351600647,646.940354347229,RIGHT,RIGHT,0.37333333333333335,1,RIGHT,RIGHT
LR-3-15-26-(04).csv,646.442852973938,647.43785572052,RIGHT,RIGHT,0.37333333333333335,1,RIGHT,RIGHT
LR-3-15-26-(04).csv,646.940354347229,647.935357093811,RIGHT,RIGHT,0.41333333333333333,1,RIGHT,RIGHT
LR-3-15-26-(04).csv,647.43785572052,648.432858467102,RIGHT,RIGHT,0.41333333333333333,1,RIGHT,RIGHT
LR-3-15-26-(04).csv,647.935357093811,648.9303598403931,RIGHT,RIGHT,0.41333333333333333,1,RIGHT,RIGHT
LR-3-15-26-(04).csv,648.432858467102,649.4278612136841,RIGHT,RIGHT,0.41333333333333333,1,RIGHT,RIGHT
LR-3-15-26-(04).csv,648.9303598403931,649.9253625869751,RIGHT,RIGHT,0.37333333333333335,1,RIGHT,RIGHT
LR-3-15-26-(04).csv,649.4278612136841,650.4228639602661,RIGHT,RIGHT,0.37333333333333335,1,RIGHT,RIGHT
LR-3-15-26-(04).csv,649.9253625869751,650.9203653335571,RIGHT,RIGHT,0.4166666666666667,1,RIGHT,RIGHT
LR-3-15-26-(04).csv,650.4228639602661,651.4178667068481,RIGHT,RIGHT,0.4166666666666667,1,RIGHT,RIGHT
LR-3-15-26-(04).csv,650.9203653335571,651.9153680801392,RIGHT,RIGHT,0.42333333333333334,1,RIGHT,RIGHT
LR-3-15-26-(04).csv,651.4178667068481,652.4128694534302,RIGHT,RIGHT,0.42333333333333334,1,RIGHT,RIGHT
LR-3-15-26-(04).csv,651.9153680801392,652.9103708267212,RIGHT,RIGHT,0.42333333333333334,1,RIGHT,RIGHT
LR-3-15-26-(04).csv,652.4128694534302,653.4078722000122,RIGHT,RIGHT,0.42333333333333334,1,RIGHT,RIGHT
LR-3-15-26-(04).csv,653.435956954956,654.4309597015381,REST,REST,0.22333333333333333,0,RIGHT,REST
LR-3-15-26-(04).csv,653.9334583282471,654.9284610748291,REST,REST,0.22333333333333333,0,LEFT,REST
LR-3-15-26-(04).csv,654.4309597015381,655.4259624481201,REST,REST,0.22333333333333333,0,RIGHT,REST
LR-3-15-26-(04).csv,654.9284610748291,655.9234638214111,REST,REST,0.22333333333333333,0,RIGHT,REST
LR-3-15-26-(04).csv,655.4259624481201,656.4209651947021,REST,REST,0.24666666666666667,0,LEFT,REST
LR-3-15-26-(04).csv,655.9234638214111,656.9184665679932,REST,REST,0.24666666666666667,0,LEFT,REST
LR-3-15-26-(04).csv,656.4209651947021,657.4159679412842,REST,REST,0.24666666666666667,0,LEFT,REST
LR-3-15-26-(04).csv,656.9184665679932,657.9134693145752,REST,REST,0.24666666666666667,0,LEFT,REST
LR-3-15-26-(04).csv,657.4159679412842,658.4109706878662,REST,REST,0.24666666666666667,0,LEFT,REST
LR-3-15-26-(04).csv,657.9134693145752,658.9084720611572,REST,REST,0.24666666666666667,0,RIGHT,REST
LR-3-15-26-(04).csv,658.4109706878662,659.4059734344482,REST,REST,0.24666666666666667,0,RIGHT,REST
LR-3-15-26-(04).csv,658.9084720611572,659.9034748077393,REST,REST,0.24666666666666667,0,LEFT,REST
LR-3-15-26-(04).csv,659.4059734344482,660.4009761810303,REST,REST,0.22666666666666666,0,LEFT,REST
LR-3-15-26-(04).csv,659.9034748077393,660.8984775543213,REST,REST,0.22666666666666666,0,RIGHT,REST
LR-3-15-26-(04).csv,660.4009761810303,661.3959789276123,REST,REST,0.22666666666666666,0,RIGHT,REST
LR-3-15-26-(04).csv,660.8984775543213,661.8934803009033,REST,REST,0.22666666666666666,0,LEFT,REST
LR-3-15-26-(04).csv,661.3959789276123,662.3909816741943,REST,REST,0.22666666666666666,0,LEFT,REST
LR-3-15-26-(04).csv,661.8934803009033,662.8884830474854,REST,REST,0.22666666666666666,0,LEFT,REST
LR-3-15-26-(04).csv,662.3909816741943,663.3859844207764,REST,REST,0.20333333333333334,0,LEFT,REST
LR-3-15-26-(04).csv,662.8884830474854,663.8834857940674,REST,REST,0.20333333333333334,0,LEFT,REST
LR-3-15-26-(04).csv,663.3859844207764,664.3809871673584,REST,REST,0.22666666666666666,0,LEFT,REST
LR-3-15-26-(04).csv,663.8834857940674,664.8784885406494,REST,REST,0.22666666666666666,0,RIGHT,REST
LR-3-15-26-(04).csv,664.3809871673584,665.3759899139404,REST,REST,0.23333333333333334,0,LEFT,REST
LR-3-15-26-(04).csv,664.8784885406494,665.8734912872314,REST,REST,0.23333333333333334,0,LEFT,REST
LR-3-15-26-(04).csv,665.3759899139404,666.3709926605225,REST,REST,0.24,0,LEFT,REST
LR-3-15-26-(04).csv,665.8734912872314,666.8684940338135,REST,REST,0.24,0,LEFT,REST
LR-3-15-26-(04).csv,666.3709926605225,667.3659954071045,REST,REST,0.24,0,LEFT,REST
LR-3-15-26-(04).csv,666.8684940338135,667.8634967803955,REST,REST,0.24,0,LEFT,REST
LR-3-15-26-(04).csv,667.3659954071045,668.3609981536865,REST,REST,0.21,0,LEFT,REST
LR-3-15-26-(04).csv,667.8634967803955,668.8584995269775,REST,REST,0.21,0,LEFT,REST
LR-3-15-26-(04).csv,669.1473712921143,670.1423740386963,LEFT,LEFT,0.43666666666666665,1,RIGHT,RIGHT
LR-3-15-26-(04).csv,669.6448726654053,670.6398754119873,LEFT,LEFT,0.43666666666666665,1,RIGHT,RIGHT
LR-3-15-26-(04).csv,670.1423740386963,671.1373767852783,LEFT,LEFT,0.43666666666666665,1,RIGHT,RIGHT
LR-3-15-26-(04).csv,670.6398754119873,671.6348781585693,LEFT,LEFT,0.43666666666666665,1,RIGHT,RIGHT
LR-3-15-26-(04).csv,671.1373767852783,672.1323795318604,LEFT,LEFT,0.36333333333333334,1,RIGHT,RIGHT
LR-3-15-26-(04).csv,671.6348781585693,672.6298809051514,LEFT,LEFT,0.36333333333333334,1,LEFT,LEFT
LR-3-15-26-(04).csv,672.1323795318604,673.1273822784424,LEFT,LEFT,0.46,1,LEFT,LEFT
LR-3-15-26-(04).csv,672.6298809051514,673.6248836517334,LEFT,LEFT,0.46,1,RIGHT,RIGHT
LR-3-15-26-(04).csv,673.1273822784424,674.1223850250244,LEFT,LEFT,0.47,1,RIGHT,RIGHT
LR-3-15-26-(04).csv,673.6248836517334,674.6198863983154,LEFT,LEFT,0.47,1,RIGHT,RIGHT
LR-3-15-26-(04).csv,674.1223850250244,675.1173877716064,LEFT,LEFT,0.47333333333333333,1,RIGHT,RIGHT
LR-3-15-26-(04).csv,674.6198863983154,675.6148891448975,LEFT,LEFT,0.47333333333333333,1,RIGHT,RIGHT
LR-3-15-26-(04).csv,675.1173877716064,676.1123905181885,LEFT,LEFT,0.47333333333333333,1,LEFT,LEFT
LR-3-15-26-(04).csv,675.6148891448975,676.6098918914795,LEFT,LEFT,0.47333333333333333,1,RIGHT,RIGHT
LR-3-15-26-(04).csv,676.1123905181885,677.1073932647705,LEFT,LEFT,0.4633333333333333,1,RIGHT,RIGHT
LR-3-15-26-(04).csv,676.6098918914795,677.6048946380615,LEFT,LEFT,0.4633333333333333,1,RIGHT,RIGHT
LR-3-15-26-(04).csv,677.7493305206299,678.7443332672119,REST,REST,0.32,1,RIGHT,RIGHT
LR-3-15-26-(04).csv,678.2468318939209,679.2418346405029,REST,REST,0.32,1,LEFT,LEFT
LR-3-15-26-(04).csv,678.7443332672119,679.739336013794,REST,REST,0.32,1,LEFT,LEFT
LR-3-15-26-(04).csv,679.2418346405029,680.236837387085,REST,REST,0.32,1,LEFT,LEFT
LR-3-15-26-(04).csv,679.739336013794,680.734338760376,REST,REST,0.19333333333333333,0,LEFT,REST
LR-3-15-26-(04).csv,680.236837387085,681.231840133667,REST,REST,0.19333333333333333,0,LEFT,REST
LR-3-15-26-(04).csv,680.734338760376,681.729341506958,REST,REST,0.17333333333333334,0,LEFT,REST
LR-3-15-26-(04).csv,681.231840133667,682.226842880249,REST,REST,0.17333333333333334,0,LEFT,REST
LR-3-15-26-(04).csv,681.729341506958,682.72434425354,REST,REST,0.17333333333333334,0,LEFT,REST
LR-3-15-26-(04).csv,682.226842880249,683.221845626831,REST,REST,0.17333333333333334,0,LEFT,REST
LR-3-15-26-(04).csv,683.2258577346802,684.2208604812622,RIGHT,RIGHT,0.4866666666666667,1,RIGHT,RIGHT
LR-3-15-26-(04).csv,683.7233591079712,684.7183618545532,RIGHT,RIGHT,0.4866666666666667,1,RIGHT,RIGHT
LR-3-15-26-(04).csv,684.2208604812622,685.2158632278442,RIGHT,RIGHT,0.4866666666666667,1,RIGHT,RIGHT
LR-3-15-26-(04).csv,684.7183618545532,685.7133646011353,RIGHT,RIGHT,0.4866666666666667,1,RIGHT,RIGHT
LR-3-15-26-(04).csv,685.2158632278442,686.2108659744263,RIGHT,RIGHT,0.45,1,RIGHT,RIGHT
LR-3-15-26-(04).csv,685.7133646011353,686.7083673477173,RIGHT,RIGHT,0.45,1,RIGHT,RIGHT
LR-3-15-26-(04).csv,686.2108659744263,687.2058687210083,RIGHT,RIGHT,0.45,1,RIGHT,RIGHT
LR-3-15-26-(04).csv,686.7083673477173,687.7033700942993,RIGHT,RIGHT,0.45,1,RIGHT,RIGHT
LR-3-15-26-(04).csv,687.2058687210083,688.2008714675903,RIGHT,RIGHT,0.48,1,RIGHT,RIGHT
LR-3-15-26-(04).csv,687.7033700942993,688.6983728408813,RIGHT,RIGHT,0.48,1,RIGHT,RIGHT
LR-3-15-26-(04).csv,688.2008714675903,689.1958742141724,RIGHT,RIGHT,0.48,1,RIGHT,RIGHT
LR-3-15-26-(04).csv,688.6983728408813,689.6933755874634,RIGHT,RIGHT,0.48,1,RIGHT,RIGHT
LR-3-15-26-(04).csv,689.1958742141724,690.1908769607544,RIGHT,RIGHT,0.47333333333333333,1,RIGHT,RIGHT
LR-3-15-26-(04).csv,689.6933755874634,690.6883783340454,RIGHT,RIGHT,0.47333333333333333,1,RIGHT,RIGHT
LR-3-15-26-(04).csv,690.1908769607544,691.1858797073364,RIGHT,RIGHT,0.43666666666666665,1,RIGHT,RIGHT
LR-3-15-26-(04).csv,691.6071510314941,692.6021537780762,REST,REST,0.31333333333333335,1,LEFT,LEFT
LR-3-15-26-(04).csv,692.1046524047852,693.0996551513672,REST,REST,0.31333333333333335,1,LEFT,LEFT
LR-3-15-26-(04).csv,692.6021537780762,693.5971565246582,REST,REST,0.31333333333333335,1,LEFT,LEFT
LR-3-15-26-(04).csv,693.0996551513672,694.0946578979492,REST,REST,0.31333333333333335,1,LEFT,LEFT
LR-3-15-26-(04).csv,693.5971565246582,694.5921592712402,REST,REST,0.20666666666666667,0,LEFT,REST
LR-3-15-26-(04).csv,694.0946578979492,695.0896606445312,REST,REST,0.20666666666666667,0,LEFT,REST
LR-3-15-26-(04).csv,694.5921592712402,695.5871620178223,REST,REST,0.22666666666666666,0,LEFT,REST
LR-3-15-26-(04).csv,695.0896606445312,696.0846633911133,REST,REST,0.22666666666666666,0,LEFT,REST
LR-3-15-26-(04).csv,695.5871620178223,696.5821647644043,REST,REST,0.26,0,LEFT,REST
LR-3-15-26-(04).csv,696.0846633911133,697.0796661376953,REST,REST,0.26,0,LEFT,REST
LR-3-15-26-(04).csv,696.5821647644043,697.5771675109863,REST,REST,0.26,0,RIGHT,REST
LR-3-15-26-(04).csv,697.0796661376953,698.0746688842773,REST,REST,0.26,0,LEFT,REST
LR-3-15-26-(04).csv,697.5771675109863,698.5721702575684,REST,REST,0.2,0,LEFT,REST
LR-3-15-26-(04).csv,698.0746688842773,699.0696716308594,REST,REST,0.2,0,LEFT,REST
LR-3-15-26-(04).csv,698.5721702575684,699.5671730041504,REST,REST,0.2,0,LEFT,REST
LR-3-15-26-(04).csv,699.0696716308594,700.0646743774414,REST,REST,0.2,0,LEFT,REST
LR-3-15-26-(04).csv,699.5671730041504,700.5621757507324,REST,REST,0.20666666666666667,0,LEFT,REST
LR-3-15-26-(04).csv,700.0646743774414,701.0596771240234,REST,REST,0.20666666666666667,0,LEFT,REST
LR-3-15-26-(04).csv,700.5621757507324,701.5571784973145,REST,REST,0.20666666666666667,0,LEFT,REST
LR-3-15-26-(04).csv,701.0596771240234,702.0546798706055,REST,REST,0.20666666666666667,0,LEFT,REST
LR-3-15-26-(04).csv,701.5571784973145,702.5521812438965,REST,REST,0.20333333333333334,0,LEFT,REST
LR-3-15-26-(04).csv,702.0546798706055,703.0496826171875,REST,REST,0.20333333333333334,0,LEFT,REST
LR-3-15-26-(04).csv,702.5521812438965,703.5471839904785,REST,REST,0.20333333333333334,0,RIGHT,REST
LR-3-15-26-(04).csv,703.0496826171875,704.0446853637695,REST,REST,0.20333333333333334,0,RIGHT,REST
LR-3-15-26-(04).csv,703.5471839904785,704.5421867370605,REST,REST,0.17666666666666667,0,RIGHT,REST
LR-3-15-26-(04).csv,704.0446853637695,705.0396881103516,REST,REST,0.17666666666666667,0,RIGHT,REST
LR-3-15-26-(04).csv,704.5421867370605,705.5371894836426,REST,REST,0.15333333333333332,0,RIGHT,REST
LR-3-15-26-(04).csv,705.0396881103516,706.0346908569336,REST,REST,0.15333333333333332,0,RIGHT,REST
LR-3-15-26-(04).csv,705.5371894836426,706.5321922302246,REST,REST,0.18,0,RIGHT,REST
LR-3-15-26-(04).csv,706.0346908569336,707.0296936035156,REST,REST,0.18,0,LEFT,REST
LR-3-15-26-(04).csv,706.5321922302246,707.5271949768066,REST,REST,0.18,0,LEFT,REST
LR-3-15-26-(04).csv,707.6194734573364,708.6144762039185,LEFT,LEFT,0.42333333333333334,1,RIGHT,RIGHT
LR-3-15-26-(04).csv,708.1169748306274,709.1119775772095,LEFT,LEFT,0.42333333333333334,1,RIGHT,RIGHT
LR-3-15-26-(04).csv,708.6144762039185,709.6094789505005,LEFT,LEFT,0.4666666666666667,1,RIGHT,RIGHT
LR-3-15-26-(04).csv,709.1119775772095,710.1069803237915,LEFT,LEFT,0.4666666666666667,1,RIGHT,RIGHT
LR-3-15-26-(04).csv,709.6094789505005,710.6044816970825,LEFT,LEFT,0.47,1,RIGHT,RIGHT
LR-3-15-26-(04).csv,710.1069803237915,711.1019830703735,LEFT,LEFT,0.47,1,RIGHT,RIGHT
LR-3-15-26-(04).csv,710.6044816970825,711.5994844436646,LEFT,LEFT,0.47,1,RIGHT,RIGHT
LR-3-15-26-(04).csv,711.1019830703735,712.0969858169556,LEFT,LEFT,0.47,1,RIGHT,RIGHT
LR-3-15-26-(04).csv,711.5994844436646,712.5944871902466,LEFT,LEFT,0.46,1,RIGHT,RIGHT
LR-3-15-26-(04).csv,712.0969858169556,713.0919885635376,LEFT,LEFT,0.46,1,RIGHT,RIGHT
LR-3-15-26-(04).csv,712.5944871902466,713.5894899368286,LEFT,LEFT,0.47,1,RIGHT,RIGHT
LR-3-15-26-(04).csv,713.0919885635376,714.0869913101196,LEFT,LEFT,0.47,1,RIGHT,RIGHT
LR-3-15-26-(04).csv,713.5894899368286,714.5844926834106,LEFT,LEFT,0.47,1,RIGHT,RIGHT
LR-3-15-26-(04).csv,714.0869913101196,715.0819940567017,LEFT,LEFT,0.47,1,RIGHT,RIGHT
LR-3-15-26-(04).csv,714.5844926834106,715.5794954299927,LEFT,LEFT,0.3933333333333333,1,RIGHT,RIGHT
LR-3-15-26-(04).csv,715.8001613616943,716.7951641082764,REST,REST,0.36,1,RIGHT,RIGHT
LR-3-15-26-(04).csv,716.2976627349854,717.2926654815674,REST,REST,0.36,1,LEFT,LEFT
LR-3-15-26-(04).csv,716.7951641082764,717.7901668548584,REST,REST,0.36,1,LEFT,LEFT
LR-3-15-26-(04).csv,717.2926654815674,718.2876682281494,REST,REST,0.36,1,LEFT,LEFT
LR-3-15-26-(04).csv,717.7901668548584,718.7851696014404,REST,REST,0.19333333333333333,0,LEFT,REST
LR-3-15-26-(04).csv,718.2876682281494,719.2826709747314,REST,REST,0.19333333333333333,0,LEFT,REST
LR-3-15-26-(04).csv,718.7851696014404,719.7801723480225,REST,REST,0.19333333333333333,0,LEFT,REST
LR-3-15-26-(04).csv,719.2826709747314,720.2776737213135,REST,REST,0.19333333333333333,0,LEFT,REST
LR-3-15-26-(04).csv,720.6989450454712,721.6939477920532,RIGHT,RIGHT,0.47,1,RIGHT,RIGHT
LR-3-15-26-(04).csv,721.1964464187622,722.1914491653442,RIGHT,RIGHT,0.47,1,RIGHT,RIGHT
LR-3-15-26-(04).csv,721.6939477920532,722.6889505386353,RIGHT,RIGHT,0.47,1,RIGHT,RIGHT
LR-3-15-26-(04).csv,722.1914491653442,723.1864519119263,RIGHT,RIGHT,0.47,1,RIGHT,RIGHT
LR-3-15-26-(04).csv,722.6889505386353,723.6839532852173,RIGHT,RIGHT,0.4666666666666667,1,RIGHT,RIGHT
LR-3-15-26-(04).csv,723.1864519119263,724.1814546585083,RIGHT,RIGHT,0.4666666666666667,1,RIGHT,RIGHT
LR-3-15-26-(04).csv,723.6839532852173,724.6789560317993,RIGHT,RIGHT,0.4666666666666667,1,RIGHT,RIGHT
LR-3-15-26-(04).csv,724.1814546585083,725.1764574050903,RIGHT,RIGHT,0.4666666666666667,1,RIGHT,RIGHT
LR-3-15-26-(04).csv,724.6789560317993,725.6739587783813,RIGHT,RIGHT,0.4166666666666667,1,RIGHT,RIGHT
LR-3-15-26-(04).csv,725.1764574050903,726.1714601516724,RIGHT,RIGHT,0.4166666666666667,1,RIGHT,RIGHT
LR-3-15-26-(04).csv,725.6739587783813,726.6689615249634,RIGHT,RIGHT,0.4166666666666667,1,RIGHT,RIGHT
LR-3-15-26-(04).csv,726.1714601516724,727.1664628982544,RIGHT,RIGHT,0.4166666666666667,1,RIGHT,RIGHT
LR-3-15-26-(04).csv,726.6689615249634,727.6639642715454,RIGHT,RIGHT,0.44666666666666666,1,RIGHT,RIGHT
LR-3-15-26-(04).csv,727.1664628982544,728.1614656448364,RIGHT,RIGHT,0.44666666666666666,1,RIGHT,RIGHT
LR-3-15-26-(04).csv,727.6639642715454,728.6589670181274,RIGHT,RIGHT,0.44666666666666666,1,RIGHT,RIGHT
LR-3-15-26-(04).csv,728.8716087341309,729.8666114807129,REST,REST,0.42333333333333334,1,RIGHT,RIGHT
LR-3-15-26-(04).csv,729.3691101074219,730.3641128540039,REST,REST,0.42333333333333334,1,LEFT,LEFT
LR-3-15-26-(04).csv,729.8666114807129,730.8616142272949,REST,REST,0.42333333333333334,1,LEFT,LEFT
LR-3-15-26-(04).csv,730.3641128540039,731.3591156005859,REST,REST,0.42333333333333334,1,LEFT,LEFT
LR-3-15-26-(04).csv,730.8616142272949,731.856616973877,REST,REST,0.20666666666666667,0,LEFT,REST
LR-3-15-26-(04).csv,731.3591156005859,732.354118347168,REST,REST,0.20666666666666667,0,LEFT,REST
LR-3-15-26-(04).csv,731.856616973877,732.851619720459,REST,REST,0.23666666666666666,0,LEFT,REST
LR-3-15-26-(04).csv,732.354118347168,733.34912109375,REST,REST,0.23666666666666666,0,LEFT,REST
LR-3-15-26-(04).csv,732.851619720459,733.846622467041,REST,REST,0.2633333333333333,0,RIGHT,REST
LR-3-15-26-(04).csv,733.34912109375,734.344123840332,REST,REST,0.2633333333333333,0,LEFT,REST
LR-3-15-26-(04).csv,733.846622467041,734.841625213623,REST,REST,0.2633333333333333,0,LEFT,REST
LR-3-15-26-(04).csv,734.344123840332,735.3391265869141,REST,REST,0.2633333333333333,0,LEFT,REST
LR-3-15-26-(04).csv,734.841625213623,735.8366279602051,REST,REST,0.23,0,LEFT,REST
LR-3-15-26-(04).csv,735.3391265869141,736.3341293334961,REST,REST,0.23,0,LEFT,REST
LR-3-15-26-(04).csv,735.8366279602051,736.8316307067871,REST,REST,0.20333333333333334,0,LEFT,REST
LR-3-15-26-(04).csv,736.3341293334961,737.3291320800781,REST,REST,0.20333333333333334,0,RIGHT,REST
LR-3-15-26-(04).csv,736.8316307067871,737.8266334533691,REST,REST,0.22333333333333333,0,LEFT,REST
LR-3-15-26-(04).csv,737.3291320800781,738.3241348266602,REST,REST,0.22333333333333333,0,LEFT,REST
LR-3-15-26-(04).csv,737.8266334533691,738.8216361999512,REST,REST,0.22333333333333333,0,LEFT,REST
LR-3-15-26-(04).csv,738.3241348266602,739.3191375732422,REST,REST,0.22333333333333333,0,LEFT,REST
LR-3-15-26-(04).csv,738.8216361999512,739.8166389465332,REST,REST,0.21666666666666667,0,LEFT,REST
LR-3-15-26-(04).csv,739.3191375732422,740.3141403198242,REST,REST,0.21666666666666667,0,LEFT,REST
LR-3-15-26-(04).csv,739.8166389465332,740.8116416931152,REST,REST,0.18,0,LEFT,REST
LR-3-15-26-(04).csv,740.3141403198242,741.3091430664062,REST,REST,0.18,0,LEFT,REST
LR-3-15-26-(04).csv,740.8116416931152,741.8066444396973,REST,REST,0.18333333333333332,0,LEFT,REST
LR-3-15-26-(04).csv,741.3091430664062,742.3041458129883,REST,REST,0.18333333333333332,0,LEFT,REST
LR-3-15-26-(04).csv,741.8066444396973,742.8016471862793,REST,REST,0.25333333333333335,0,LEFT,REST
LR-3-15-26-(04).csv,742.3041458129883,743.2991485595703,REST,REST,0.25333333333333335,0,LEFT,REST
LR-3-15-26-(04).csv,742.8016471862793,743.7966499328613,REST,REST,0.25333333333333335,0,RIGHT,REST
LR-3-15-26-(04).csv,743.2991485595703,744.2941513061523,REST,REST,0.25333333333333335,0,LEFT,REST
LR-3-15-26-(04).csv,744.3743934631348,745.3693962097168,LEFT,LEFT,0.36,1,RIGHT,RIGHT
LR-3-15-26-(04).csv,744.8718948364258,745.8668975830078,LEFT,LEFT,0.36,1,RIGHT,RIGHT
LR-3-15-26-(04).csv,745.3693962097168,746.3643989562988,LEFT,LEFT,0.36,1,RIGHT,RIGHT
LR-3-15-26-(04).csv,745.8668975830078,746.8619003295898,LEFT,LEFT,0.36,1,RIGHT,RIGHT
LR-3-15-26-(04).csv,746.3643989562988,747.3594017028809,LEFT,LEFT,0.36333333333333334,1,RIGHT,RIGHT
LR-3-15-26-(04).csv,746.8619003295898,747.8569030761719,LEFT,LEFT,0.36333333333333334,1,RIGHT,RIGHT
LR-3-15-26-(04).csv,747.3594017028809,748.3544044494629,LEFT,LEFT,0.4033333333333333,1,RIGHT,RIGHT
LR-3-15-26-(04).csv,747.8569030761719,748.8519058227539,LEFT,LEFT,0.4033333333333333,1,LEFT,LEFT
LR-3-15-26-(04).csv,748.3544044494629,749.3494071960449,LEFT,LEFT,0.4033333333333333,1,LEFT,LEFT
LR-3-15-26-(04).csv,748.8519058227539,749.8469085693359,LEFT,LEFT,0.4033333333333333,1,LEFT,LEFT
LR-3-15-26-(04).csv,749.3494071960449,750.344409942627,LEFT,LEFT,0.29333333333333333,0,LEFT,REST
LR-3-15-26-(04).csv,749.8469085693359,750.841911315918,LEFT,LEFT,0.29333333333333333,0,LEFT,REST
LR-3-15-26-(04).csv,750.344409942627,751.339412689209,LEFT,LEFT,0.26666666666666666,0,LEFT,REST
LR-3-15-26-(04).csv,750.841911315918,751.8369140625,LEFT,LEFT,0.26666666666666666,0,LEFT,REST
LR-3-15-26-(04).csv,751.339412689209,752.334415435791,LEFT,LEFT,0.22333333333333333,0,LEFT,REST
LR-3-15-26-(04).csv,752.6714324951172,753.6664352416992,REST,REST,0.18666666666666668,0,LEFT,REST
LR-3-15-26-(04).csv,753.1689338684082,754.1639366149902,REST,REST,0.18666666666666668,0,LEFT,REST
LR-3-15-26-(04).csv,753.6664352416992,754.6614379882812,REST,REST,0.18666666666666668,0,RIGHT,REST
LR-3-15-26-(04).csv,754.1639366149902,755.1589393615723,REST,REST,0.18666666666666668,0,LEFT,REST
LR-3-15-26-(04).csv,754.6614379882812,755.6564407348633,REST,REST,0.19,0,LEFT,REST
LR-3-15-26-(04).csv,755.1589393615723,756.1539421081543,REST,REST,0.19,0,LEFT,REST
LR-3-15-26-(04).csv,755.6564407348633,756.6514434814453,REST,REST,0.19,0,LEFT,REST
LR-3-15-26-(04).csv,756.1539421081543,757.1489448547363,REST,REST,0.19,0,LEFT,REST
LR-3-15-26-(04).csv,756.6514434814453,757.6464462280273,REST,REST,0.19,0,LEFT,REST
LR-3-15-26-(04).csv,757.6504583358765,758.6454610824585,RIGHT,RIGHT,0.45,1,RIGHT,RIGHT
LR-3-15-26-(04).csv,758.1479597091675,759.1429624557495,RIGHT,RIGHT,0.45,1,RIGHT,RIGHT
LR-3-15-26-(04).csv,758.6454610824585,759.6404638290405,RIGHT,RIGHT,0.46,1,RIGHT,RIGHT
LR-3-15-26-(04).csv,759.1429624557495,760.1379652023315,RIGHT,RIGHT,0.46,1,RIGHT,RIGHT
LR-3-15-26-(04).csv,759.6404638290405,760.6354665756226,RIGHT,RIGHT,0.46,1,RIGHT,RIGHT
LR-3-15-26-(04).csv,760.1379652023315,761.1329679489136,RIGHT,RIGHT,0.46,1,RIGHT,RIGHT
LR-3-15-26-(04).csv,760.6354665756226,761.6304693222046,RIGHT,RIGHT,0.46,1,RIGHT,RIGHT
LR-3-15-26-(04).csv,761.1329679489136,762.1279706954956,RIGHT,RIGHT,0.46,1,RIGHT,RIGHT
LR-3-15-26-(04).csv,761.6304693222046,762.6254720687866,RIGHT,RIGHT,0.43,1,RIGHT,RIGHT
LR-3-15-26-(04).csv,762.1279706954956,763.1229734420776,RIGHT,RIGHT,0.43,1,RIGHT,RIGHT
LR-3-15-26-(04).csv,762.6254720687866,763.6204748153687,RIGHT,RIGHT,0.4266666666666667,1,RIGHT,RIGHT
LR-3-15-26-(04).csv,763.1229734420776,764.1179761886597,RIGHT,RIGHT,0.4266666666666667,1,RIGHT,RIGHT
LR-3-15-26-(04).csv,763.6204748153687,764.6154775619507,RIGHT,RIGHT,0.47,1,RIGHT,RIGHT
LR-3-15-26-(04).csv,764.1179761886597,765.1129789352417,RIGHT,RIGHT,0.47,1,RIGHT,RIGHT
LR-3-15-26-(04).csv,764.6154775619507,765.6104803085327,RIGHT,RIGHT,0.47,1,RIGHT,RIGHT
LR-3-15-26-(04).csv,765.8391704559326,766.8341732025146,REST,REST,0.41333333333333333,1,LEFT,LEFT
LR-3-15-26-(04).csv,766.3366718292236,767.3316745758057,REST,REST,0.41333333333333333,1,LEFT,LEFT
LR-3-15-26-(04).csv,766.8341732025146,767.8291759490967,REST,REST,0.41333333333333333,1,LEFT,LEFT
LR-3-15-26-(04).csv,767.3316745758057,768.3266773223877,REST,REST,0.41333333333333333,1,LEFT,LEFT
LR-3-15-26-(04).csv,767.8291759490967,768.8241786956787,REST,REST,0.21,0,LEFT,REST
LR-3-15-26-(04).csv,768.3266773223877,769.3216800689697,REST,REST,0.21,0,LEFT,REST
LR-3-15-26-(04).csv,768.8241786956787,769.8191814422607,REST,REST,0.21,0,RIGHT,REST
LR-3-15-26-(04).csv,769.3216800689697,770.3166828155518,REST,REST,0.21,0,RIGHT,REST
LR-3-15-26-(04).csv,769.8191814422607,770.8141841888428,REST,REST,0.19333333333333333,0,RIGHT,REST
LR-3-15-26-(04).csv,770.3166828155518,771.3116855621338,REST,REST,0.19333333333333333,0,LEFT,REST
LR-3-15-26-(04).csv,770.8141841888428,771.8091869354248,REST,REST,0.16666666666666666,0,LEFT,REST
LR-3-15-26-(04).csv,771.3116855621338,772.3066883087158,REST,REST,0.16666666666666666,0,LEFT,REST
LR-3-15-26-(04).csv,771.8091869354248,772.8041896820068,REST,REST,0.17,0,LEFT,REST
LR-3-15-26-(04).csv,772.3066883087158,773.3016910552979,REST,REST,0.17,0,LEFT,REST
LR-3-15-26-(04).csv,772.8041896820068,773.7991924285889,REST,REST,0.17,0,LEFT,REST
LR-3-15-26-(04).csv,773.3016910552979,774.2966938018799,REST,REST,0.17,0,LEFT,REST
LR-3-15-26-(04).csv,773.7991924285889,774.7941951751709,REST,REST,0.17333333333333334,0,LEFT,REST
LR-3-15-26-(04).csv,774.2966938018799,775.2916965484619,REST,REST,0.17333333333333334,0,RIGHT,REST
LR-3-15-26-(04).csv,774.7941951751709,775.7891979217529,REST,REST,0.18666666666666668,0,RIGHT,REST
LR-3-15-26-(04).csv,775.2916965484619,776.286699295044,REST,REST,0.18666666666666668,0,RIGHT,REST
LR-3-15-26-(04).csv,775.7891979217529,776.784200668335,REST,REST,0.18666666666666668,0,LEFT,REST
LR-3-15-26-(04).csv,776.286699295044,777.281702041626,REST,REST,0.18666666666666668,0,LEFT,REST
LR-3-15-26-(04).csv,776.784200668335,777.779203414917,REST,REST,0.18666666666666668,0,LEFT,REST
LR-3-15-26-(04).csv,777.281702041626,778.276704788208,REST,REST,0.18666666666666668,0,LEFT,REST
LR-3-15-26-(04).csv,777.779203414917,778.774206161499,REST,REST,0.17,0,LEFT,REST
LR-3-15-26-(04).csv,778.276704788208,779.27170753479,REST,REST,0.17,0,LEFT,REST
LR-3-15-26-(04).csv,778.774206161499,779.769208908081,REST,REST,0.15666666666666668,0,LEFT,REST
LR-3-15-26-(04).csv,779.27170753479,780.2667102813721,REST,REST,0.15666666666666668,0,LEFT,REST
LR-3-15-26-(04).csv,779.769208908081,780.7642116546631,REST,REST,0.15666666666666668,0,LEFT,REST
LR-3-15-26-(04).csv,780.96080493927,781.955807685852,LEFT,LEFT,0.36666666666666664,1,LEFT,LEFT
LR-3-15-26-(04).csv,781.458306312561,782.4533090591431,LEFT,LEFT,0.36666666666666664,1,LEFT,LEFT
LR-3-15-26-(04).csv,781.955807685852,782.9508104324341,LEFT,LEFT,0.38,1,RIGHT,RIGHT
LR-3-15-26-(04).csv,782.4533090591431,783.4483118057251,LEFT,LEFT,0.38,1,LEFT,LEFT
LR-3-15-26-(04).csv,782.9508104324341,783.9458131790161,LEFT,LEFT,0.38,1,LEFT,LEFT
LR-3-15-26-(04).csv,783.4483118057251,784.4433145523071,LEFT,LEFT,0.38,1,LEFT,LEFT
LR-3-15-26-(04).csv,783.9458131790161,784.9408159255981,LEFT,LEFT,0.37333333333333335,1,LEFT,LEFT
LR-3-15-26-(04).csv,784.4433145523071,785.4383172988892,LEFT,LEFT,0.37333333333333335,1,LEFT,LEFT
LR-3-15-26-(04).csv,784.9408159255981,785.9358186721802,LEFT,LEFT,0.35333333333333333,1,LEFT,LEFT
LR-3-15-26-(04).csv,786.0441455841064,787.0391483306885,REST,REST,0.19,0,LEFT,REST
LR-3-15-26-(04).csv,786.5416469573975,787.5366497039795,REST,REST,0.19,0,LEFT,REST
LR-3-15-26-(04).csv,787.0391483306885,788.0341510772705,REST,REST,0.19,0,LEFT,REST
LR-3-15-26-(04).csv,787.5366497039795,788.5316524505615,REST,REST,0.19,0,LEFT,REST
LR-3-15-26-(04).csv,788.0341510772705,789.0291538238525,REST,REST,0.17333333333333334,0,LEFT,REST
LR-3-15-26-(04).csv,788.5316524505615,789.5266551971436,REST,REST,0.17333333333333334,0,LEFT,REST
LR-3-15-26-(04).csv,789.0291538238525,790.0241565704346,REST,REST,0.16333333333333333,0,LEFT,REST
LR-3-15-26-(04).csv,789.5266551971436,790.5216579437256,REST,REST,0.16333333333333333,0,LEFT,REST
LR-3-15-26-(04).csv,790.0241565704346,791.0191593170166,REST,REST,0.16666666666666666,0,LEFT,REST
LR-3-15-26-(04).csv,790.5216579437256,791.5166606903076,REST,REST,0.16666666666666666,0,LEFT,REST
LR-3-15-26-(04).csv,791.0191593170166,792.0141620635986,REST,REST,0.16666666666666666,0,LEFT,REST
LR-3-15-26-(04).csv,791.5166606903076,792.5116634368896,REST,REST,0.16666666666666666,0,LEFT,REST
LR-3-15-26-(04).csv,792.0141620635986,793.0091648101807,REST,REST,0.17,0,LEFT,REST
LR-3-15-26-(04).csv,792.5116634368896,793.5066661834717,REST,REST,0.17,0,LEFT,REST
LR-3-15-26-(04).csv,793.0091648101807,794.0041675567627,REST,REST,0.17666666666666667,0,LEFT,REST
LR-3-15-26-(04).csv,793.5066661834717,794.5016689300537,REST,REST,0.17666666666666667,0,LEFT,REST
LR-3-15-26-(04).csv,794.0041675567627,794.9991703033447,REST,REST,0.24333333333333335,0,LEFT,REST
LR-3-15-26-(04).csv,794.5016689300537,795.4966716766357,REST,REST,0.24333333333333335,0,LEFT,REST
LR-3-15-26-(04).csv,794.9991703033447,795.9941730499268,REST,REST,0.3933333333333333,1,LEFT,LEFT
LR-3-15-26-(04).csv,795.4966716766357,796.4916744232178,REST,REST,0.3933333333333333,1,LEFT,LEFT
LR-3-15-26-(04).csv,795.9941730499268,796.9891757965088,REST,REST,0.4166666666666667,1,RIGHT,RIGHT
LR-3-15-26-(04).csv,796.4916744232178,797.4866771697998,REST,REST,0.4166666666666667,1,RIGHT,RIGHT
LR-3-15-26-(04).csv,796.9891757965088,797.9841785430908,REST,REST,0.4633333333333333,1,RIGHT,RIGHT
LR-3-15-26-(04).csv,797.4866771697998,798.4816799163818,REST,REST,0.4633333333333333,1,RIGHT,RIGHT
LR-3-15-26-(04).csv,797.9841785430908,798.9791812896729,REST,REST,0.4766666666666667,1,RIGHT,RIGHT
LR-3-15-26-(04).csv,798.4816799163818,799.4766826629639,REST,REST,0.4766666666666667,1,RIGHT,RIGHT
LR-3-15-26-(04).csv,798.9791812896729,799.9741840362549,REST,REST,0.4766666666666667,1,RIGHT,RIGHT
LR-3-15-26-(04).csv,799.4766826629639,800.4716854095459,REST,REST,0.4766666666666667,1,RIGHT,RIGHT
LR-3-15-26-(04).csv,799.9741840362549,800.9691867828369,REST,REST,0.44,1,RIGHT,RIGHT
LR-3-15-26-(04).csv,800.4716854095459,801.4666881561279,REST,REST,0.44,1,RIGHT,RIGHT
LR-3-15-26-(04).csv,800.9691867828369,801.964189529419,REST,REST,0.47333333333333333,1,RIGHT,RIGHT
LR-3-15-26-(04).csv,801.4666881561279,802.46169090271,REST,REST,0.47333333333333333,1,RIGHT,RIGHT
LR-3-15-26-(04).csv,801.964189529419,802.959192276001,REST,REST,0.47333333333333333,1,RIGHT,RIGHT
LR-3-15-26-(04).csv,802.46169090271,803.456693649292,REST,REST,0.47333333333333333,1,RIGHT,RIGHT
LR-3-15-26-(04).csv,802.959192276001,803.954195022583,REST,REST,0.43666666666666665,1,RIGHT,RIGHT
LR-3-15-26-(04).csv,803.456693649292,804.451696395874,REST,REST,0.43666666666666665,1,RIGHT,RIGHT
LR-3-15-26-(04).csv,803.954195022583,804.949197769165,REST,REST,0.4066666666666667,1,RIGHT,RIGHT
LR-3-15-26-(04).csv,804.451696395874,805.446699142456,REST,REST,0.4066666666666667,1,RIGHT,RIGHT
LR-3-15-26-(04).csv,804.949197769165,805.9442005157471,REST,REST,0.4066666666666667,1,RIGHT,RIGHT
LR-3-15-26-(04).csv,805.446699142456,806.4417018890381,REST,REST,0.4066666666666667,1,LEFT,LEFT
LR-3-15-26-(04).csv,805.9442005157471,806.9392032623291,REST,REST,0.38,1,LEFT,LEFT
LR-3-15-26-(04).csv,806.4417018890381,807.4367046356201,REST,REST,0.38,1,LEFT,LEFT
LR-3-15-26-(04).csv,806.9392032623291,807.9342060089111,REST,REST,0.19,0,LEFT,REST
LR-3-15-26-(04).csv,807.4367046356201,808.4317073822021,REST,REST,0.19,0,RIGHT,REST
LR-3-15-26-(04).csv,807.9342060089111,808.9292087554932,REST,REST,0.18,0,LEFT,REST
LR-3-15-26-(04).csv,808.4317073822021,809.4267101287842,REST,REST,0.18,0,LEFT,REST
LR-3-15-26-(04).csv,808.9292087554932,809.9242115020752,REST,REST,0.18,0,LEFT,REST
LR-3-15-26-(04).csv,809.4267101287842,810.4217128753662,REST,REST,0.18,0,LEFT,REST
LR-3-15-26-(04).csv,809.9242115020752,810.9192142486572,REST,REST,0.19,0,LEFT,REST
LR-3-15-26-(04).csv,810.4217128753662,811.4167156219482,REST,REST,0.19,0,LEFT,REST
LR-3-15-26-(04).csv,810.9192142486572,811.9142169952393,REST,REST,0.19666666666666666,0,LEFT,REST
LR-3-15-26-(04).csv,811.4167156219482,812.4117183685303,REST,REST,0.19666666666666666,0,LEFT,REST
LR-3-15-26-(04).csv,811.9142169952393,812.9092197418213,REST,REST,0.19666666666666666,0,RIGHT,REST
LR-3-15-26-(04).csv,812.4117183685303,813.4067211151123,REST,REST,0.19666666666666666,0,RIGHT,REST
LR-3-15-26-(04).csv,812.9092197418213,813.9042224884033,REST,REST,0.15333333333333332,0,RIGHT,REST
LR-3-15-26-(04).csv,813.4067211151123,814.4017238616943,REST,REST,0.15333333333333332,0,RIGHT,REST
LR-3-15-26-(04).csv,813.9042224884033,814.8992252349854,REST,REST,0.17333333333333334,0,LEFT,REST
LR-3-15-26-(04).csv,814.4017238616943,815.3967266082764,REST,REST,0.17333333333333334,0,LEFT,REST
LR-3-15-26-(04).csv,814.8992252349854,815.8942279815674,REST,REST,0.22666666666666666,0,LEFT,REST
LR-3-15-26-(04).csv,815.3967266082764,816.3917293548584,REST,REST,0.22666666666666666,0,LEFT,REST
LR-3-15-26-(04).csv,815.8942279815674,816.8892307281494,REST,REST,0.22666666666666666,0,LEFT,REST
LR-3-15-26-(04).csv,816.3917293548584,817.3867321014404,REST,REST,0.22666666666666666,0,LEFT,REST
LR-3-15-26-(04).csv,816.8892307281494,817.8842334747314,REST,REST,0.21666666666666667,0,LEFT,REST
LR-3-15-26-(04).csv,817.3867321014404,818.3817348480225,REST,REST,0.21666666666666667,0,LEFT,REST
LR-3-15-26-(04).csv,817.8842334747314,818.8792362213135,REST,REST,0.17666666666666667,0,LEFT,REST
LR-3-15-26-(04).csv,818.3817348480225,819.3767375946045,REST,REST,0.17666666666666667,0,LEFT,REST
LR-3-15-26-(04).csv,818.8792362213135,819.8742389678955,REST,REST,0.16,0,RIGHT,REST
LR-3-15-26-(04).csv,820.2674255371094,821.2624282836914,LEFT,LEFT,0.4633333333333333,1,RIGHT,RIGHT
LR-3-15-26-(04).csv,820.7649269104004,821.7599296569824,LEFT,LEFT,0.4633333333333333,1,RIGHT,RIGHT
LR-3-15-26-(04).csv,821.2624282836914,822.2574310302734,LEFT,LEFT,0.4633333333333333,1,LEFT,LEFT
LR-3-15-26-(04).csv,821.7599296569824,822.7549324035645,LEFT,LEFT,0.4633333333333333,1,LEFT,LEFT
LR-3-15-26-(04).csv,822.2574310302734,823.2524337768555,LEFT,LEFT,0.4533333333333333,1,LEFT,LEFT
LR-3-15-26-(04).csv,822.7549324035645,823.7499351501465,LEFT,LEFT,0.4533333333333333,1,LEFT,LEFT
LR-3-15-26-(04).csv,823.2524337768555,824.2474365234375,LEFT,LEFT,0.4533333333333333,1,LEFT,LEFT
LR-3-15-26-(04).csv,823.7499351501465,824.7449378967285,LEFT,LEFT,0.4533333333333333,1,RIGHT,RIGHT
LR-3-15-26-(04).csv,824.2474365234375,825.2424392700195,LEFT,LEFT,0.36,1,LEFT,LEFT
LR-3-15-26-(04).csv,824.7449378967285,825.7399406433105,LEFT,LEFT,0.36,1,LEFT,LEFT
LR-3-15-26-(04).csv,825.2424392700195,826.2374420166016,LEFT,LEFT,0.43,1,LEFT,LEFT
LR-3-15-26-(04).csv,825.7399406433105,826.7349433898926,LEFT,LEFT,0.43,1,LEFT,LEFT
LR-3-15-26-(04).csv,826.2374420166016,827.2324447631836,LEFT,LEFT,0.43,1,LEFT,LEFT
LR-3-15-26-(04).csv,826.7349433898926,827.7299461364746,LEFT,LEFT,0.43,1,LEFT,LEFT
LR-3-15-26-(04).csv,827.2324447631836,828.2274475097656,LEFT,LEFT,0.41,1,LEFT,LEFT
LR-3-15-26-(04).csv,827.7299461364746,828.7249488830566,LEFT,LEFT,0.41,1,LEFT,LEFT
LR-3-15-26-(04).csv,829.0178327560425,830.0128355026245,REST,REST,0.25,0,LEFT,REST
LR-3-15-26-(04).csv,829.5153341293335,830.5103368759155,REST,REST,0.25,0,LEFT,REST
LR-3-15-26-(04).csv,830.0128355026245,831.0078382492065,REST,REST,0.25,0,LEFT,REST
LR-3-15-26-(04).csv,830.5103368759155,831.5053396224976,REST,REST,0.25,0,LEFT,REST
LR-3-15-26-(04).csv,831.0078382492065,832.0028409957886,REST,REST,0.20333333333333334,0,LEFT,REST
LR-3-15-26-(04).csv,831.5053396224976,832.5003423690796,REST,REST,0.20333333333333334,0,LEFT,REST
LR-3-15-26-(04).csv,832.0028409957886,832.9978437423706,REST,REST,0.18333333333333332,0,LEFT,REST
LR-3-15-26-(04).csv,832.5003423690796,833.4953451156616,REST,REST,0.18333333333333332,0,LEFT,REST
LR-3-15-26-(04).csv,832.9978437423706,833.9928464889526,REST,REST,0.18333333333333332,0,LEFT,REST
LR-3-15-26-(04).csv,834.2977666854858,835.2927694320679,RIGHT,RIGHT,0.4633333333333333,1,RIGHT,RIGHT
LR-3-15-26-(04).csv,834.7952680587769,835.7902708053589,RIGHT,RIGHT,0.4633333333333333,1,RIGHT,RIGHT
LR-3-15-26-(04).csv,835.2927694320679,836.2877721786499,RIGHT,RIGHT,0.4866666666666667,1,RIGHT,RIGHT
LR-3-15-26-(04).csv,835.7902708053589,836.7852735519409,RIGHT,RIGHT,0.4866666666666667,1,RIGHT,RIGHT
LR-3-15-26-(04).csv,836.2877721786499,837.2827749252319,RIGHT,RIGHT,0.4866666666666667,1,RIGHT,RIGHT
LR-3-15-26-(04).csv,836.7852735519409,837.780276298523,RIGHT,RIGHT,0.4866666666666667,1,RIGHT,RIGHT
LR-3-15-26-(04).csv,837.2827749252319,838.277777671814,RIGHT,RIGHT,0.4533333333333333,1,RIGHT,RIGHT
LR-3-15-26-(04).csv,837.780276298523,838.775279045105,RIGHT,RIGHT,0.4533333333333333,1,RIGHT,RIGHT
LR-3-15-26-(04).csv,838.277777671814,839.272780418396,RIGHT,RIGHT,0.43666666666666665,1,RIGHT,RIGHT
LR-3-15-26-(04).csv,838.775279045105,839.770281791687,RIGHT,RIGHT,0.43666666666666665,1,RIGHT,RIGHT
LR-3-15-26-(04).csv,839.272780418396,840.267783164978,RIGHT,RIGHT,0.4533333333333333,1,RIGHT,RIGHT
LR-3-15-26-(04).csv,839.770281791687,840.765284538269,RIGHT,RIGHT,0.4533333333333333,1,RIGHT,RIGHT
LR-3-15-26-(04).csv,840.267783164978,841.2627859115601,RIGHT,RIGHT,0.4533333333333333,1,RIGHT,RIGHT
LR-3-15-26-(04).csv,840.765284538269,841.7602872848511,RIGHT,RIGHT,0.4533333333333333,1,RIGHT,RIGHT
LR-3-15-26-(04).csv,841.2627859115601,842.2577886581421,RIGHT,RIGHT,0.39666666666666667,1,RIGHT,RIGHT
LR-3-15-26-(04).csv,842.58678150177,843.581784248352,REST,REST,0.33,1,RIGHT,RIGHT
LR-3-15-26-(04).csv,843.084282875061,844.0792856216431,REST,REST,0.33,1,LEFT,LEFT
LR-3-15-26-(04).csv,843.581784248352,844.5767869949341,REST,REST,0.33,1,LEFT,LEFT
LR-3-15-26-(04).csv,844.0792856216431,845.0742883682251,REST,REST,0.33,1,LEFT,LEFT
LR-3-15-26-(04).csv,844.5767869949341,845.5717897415161,REST,REST,0.21333333333333335,0,LEFT,REST
LR-3-15-26-(04).csv,845.0742883682251,846.0692911148071,REST,REST,0.21333333333333335,0,LEFT,REST
LR-3-15-26-(04).csv,845.5717897415161,846.5667924880981,REST,REST,0.19333333333333333,0,LEFT,REST
LR-3-15-26-(04).csv,846.0692911148071,847.0642938613892,REST,REST,0.19333333333333333,0,LEFT,REST
LR-3-15-26-(04).csv,846.5667924880981,847.5617952346802,REST,REST,0.21666666666666667,0,LEFT,REST
LR-3-15-26-(04).csv,847.0642938613892,848.0592966079712,REST,REST,0.21666666666666667,0,LEFT,REST
LR-3-15-26-(04).csv,847.5617952346802,848.5567979812622,REST,REST,0.21666666666666667,0,LEFT,REST
LR-3-15-26-(04).csv,848.0592966079712,849.0542993545532,REST,REST,0.21666666666666667,0,LEFT,REST
LR-3-15-26-(04).csv,848.5567979812622,849.5518007278442,REST,REST,0.21333333333333335,0,LEFT,REST
