run_time_sec,mode,decoded_state,player_lane,score,hits,misses,active_targets,hold_active,jaw_enabled,hand_enabled
0.09227299690246582,REPLAY,NEUTRAL,3,0,0,0,0,False,True,True
0.19256973266601562,REPLAY,NEUTRAL,3,0,0,0,0,False,True,True
0.29286646842956543,REPLAY,NEUTRAL,3,0,0,0,0,False,True,True
0.39316320419311523,REPLAY,NEUTRAL,3,0,0,0,0,False,True,True
0.4934599399566651,REPLAY,NEUTRAL,3,0,0,0,0,False,True,True
0.5937566757202148,REPLAY,NEUTRAL,3,0,0,0,0,False,True,True
0.6940534114837646,REPLAY,NEUTRAL,3,0,0,0,0,False,True,True
0.7943501472473145,REPLAY,NEUTRAL,3,0,0,0,0,False,True,True
0.8946468830108643,REPLAY,NEUTRAL,3,0,0,0,0,False,True,True
0.9949436187744142,REPLAY,NEUTRAL,3,0,0,0,0,False,True,True
1.0952403545379639,REPLAY,NEUTRAL,3,0,0,0,1,False,True,True
1.1955370903015137,REPLAY,NEUTRAL,3,0,0,0,1,False,True,True
1.2958338260650635,REPLAY,NEUTRAL,3,0,0,0,1,False,True,True
1.3921186923980713,REPLAY,NEUTRAL,3,0,0,0,1,False,True,True
1.492415428161621,REPLAY,NEUTRAL,3,0,0,0,1,False,True,True
1.592712163925171,REPLAY,NEUTRAL,3,0,0,0,1,False,True,True
1.6930088996887207,REPLAY,NEUTRAL,3,0,0,0,1,False,True,True
1.7933056354522705,REPLAY,NEUTRAL,3,0,0,0,1,False,True,True
1.8936023712158203,REPLAY,NEUTRAL,3,0,0,0,1,False,True,True
1.9938991069793703,REPLAY,NEUTRAL,3,0,0,0,2,False,True,True
2.09419584274292,REPLAY,NEUTRAL,3,0,0,0,2,False,True,True
2.1944925785064697,REPLAY,NEUTRAL,3,0,0,0,2,False,True,True
2.2947893142700195,REPLAY,NEUTRAL,3,0,0,0,2,False,True,True
2.3950860500335693,REPLAY,NEUTRAL,3,0,0,0,2,False,True,True
2.495382785797119,REPLAY,NEUTRAL,3,0,0,0,2,False,True,True
2.595679521560669,REPLAY,NEUTRAL,3,0,0,0,2,False,True,True
2.6959762573242188,REPLAY,NEUTRAL,3,0,0,0,2,False,True,True
2.7922611236572266,REPLAY,NEUTRAL,3,0,0,0,2,False,True,True
2.8925578594207764,REPLAY,NEUTRAL,3,0,0,0,2,False,True,True
2.992854595184326,REPLAY,NEUTRAL,3,0,0,0,2,False,True,True
3.093151330947876,REPLAY,NEUTRAL,3,0,0,0,2,False,True,True
3.193448066711426,REPLAY,NEUTRAL,3,0,0,0,2,False,True,True
3.2937448024749756,REPLAY,NEUTRAL,3,0,0,0,2,False,True,True
3.3940415382385254,REPLAY,NEUTRAL,3,0,0,0,3,False,True,True
3.494338274002075,REPLAY,NEUTRAL,3,0,0,0,3,False,True,True
3.594635009765625,REPLAY,NEUTRAL,3,0,0,0,3,False,True,True
3.694931745529175,REPLAY,NEUTRAL,3,0,0,0,3,False,True,True
3.7952284812927246,REPLAY,NEUTRAL,3,0,0,0,3,False,True,True
3.8955252170562744,REPLAY,NEUTRAL,3,0,0,0,3,False,True,True
3.9958219528198247,REPLAY,NEUTRAL,3,0,0,0,3,False,True,True
4.092106819152832,REPLAY,NEUTRAL,3,0,0,0,3,False,True,True
4.192403554916382,REPLAY,NEUTRAL,3,0,0,1,3,False,True,True
4.292700290679932,REPLAY,NEUTRAL,3,0,0,1,3,False,True,True
4.3929970264434814,REPLAY,NEUTRAL,3,0,0,1,3,False,True,True
4.493293762207031,REPLAY,NEUTRAL,3,0,0,1,3,False,True,True
4.593590497970581,REPLAY,NEUTRAL,3,0,0,1,3,False,True,True
4.693887233734131,REPLAY,NEUTRAL,3,0,0,1,3,False,True,True
4.794183969497681,REPLAY,NEUTRAL,3,0,0,1,3,False,True,True
4.8944807052612305,REPLAY,NEUTRAL,3,0,0,1,3,False,True,True
4.99477744102478,REPLAY,NEUTRAL,3,0,0,1,3,False,True,True
5.09507417678833,REPLAY,NEUTRAL,3,0,0,1,3,False,True,True
5.19537091255188,REPLAY,NEUTRAL,3,1,1,1,2,False,True,True
5.29566764831543,REPLAY,NEUTRAL,3,1,1,1,2,False,True,True
5.3959643840789795,REPLAY,NEUTRAL,3,1,1,1,2,False,True,True
5.492249250411987,REPLAY,NEUTRAL,3,1,1,1,3,False,True,True
5.592545986175537,REPLAY,NEUTRAL,3,1,1,1,3,False,True,True
5.692842721939087,REPLAY,NEUTRAL,3,1,1,1,3,False,True,True
5.793139457702637,REPLAY,NEUTRAL,3,1,1,1,3,False,True,True
5.8934361934661865,REPLAY,NEUTRAL,3,1,1,1,3,False,True,True
5.993732929229736,REPLAY,NEUTRAL,3,1,1,1,3,False,True,True
6.094029664993286,REPLAY,NEUTRAL,3,1,1,1,3,False,True,True
6.194326400756836,REPLAY,NEUTRAL,3,1,1,1,3,False,True,True
6.294623136520386,REPLAY,NEUTRAL,3,1,1,1,3,False,True,True
6.3949198722839355,REPLAY,NEUTRAL,3,1,1,1,4,False,True,True
6.495216608047485,REPLAY,NEUTRAL,3,1,1,1,4,False,True,True
6.595513343811035,REPLAY,NEUTRAL,3,1,1,1,4,False,True,True
6.695810079574585,REPLAY,NEUTRAL,3,1,1,2,3,False,True,True
6.792094945907593,REPLAY,NEUTRAL,3,1,1,2,3,False,True,True
6.892391681671143,REPLAY,NEUTRAL,3,1,1,2,3,False,True,True
6.992688417434692,REPLAY,NEUTRAL,3,1,1,2,3,False,True,True
7.092985153198242,REPLAY,NEUTRAL,3,1,1,2,3,False,True,True
7.193281888961792,REPLAY,NEUTRAL,3,1,1,2,3,False,True,True
7.293578624725342,REPLAY,NEUTRAL,3,1,1,2,3,False,True,True
7.393875360488892,REPLAY,NEUTRAL,3,1,1,3,2,False,True,True
7.494172096252441,REPLAY,NEUTRAL,3,1,1,3,2,False,True,True
7.594468832015991,REPLAY,NEUTRAL,3,1,1,3,2,False,True,True
7.694765567779541,REPLAY,NEUTRAL,3,1,1,3,2,False,True,True
7.795062303543091,REPLAY,NEUTRAL,3,1,1,3,2,False,True,True
7.8953590393066415,REPLAY,NEUTRAL,3,1,1,3,3,False,True,True
7.995655775070191,REPLAY,NEUTRAL,3,1,1,3,3,False,True,True
8.09595251083374,REPLAY,NEUTRAL,3,1,1,3,3,False,True,True
8.192237377166748,REPLAY,NEUTRAL,3,1,1,3,3,False,True,True
8.292534112930298,REPLAY,NEUTRAL,3,1,1,3,3,False,True,True
8.392830848693848,REPLAY,NEUTRAL,3,1,1,3,3,False,True,True
8.493127584457397,REPLAY,RIGHT,3,1,1,3,3,False,True,True
8.593424320220947,REPLAY,RIGHT,3,1,1,3,3,False,True,True
8.693721055984497,REPLAY,RIGHT,3,1,1,4,3,False,True,True
8.794017791748047,REPLAY,NEUTRAL,3,1,1,4,3,False,True,True
8.894314527511597,REPLAY,NEUTRAL,3,1,1,4,3,False,True,True
8.994611263275146,REPLAY,NEUTRAL,3,1,1,4,3,False,True,True
9.094907999038696,REPLAY,NEUTRAL,3,1,1,4,3,False,True,True
9.195204734802246,REPLAY,NEUTRAL,3,1,1,4,3,False,True,True
9.295501470565796,REPLAY,NEUTRAL,3,1,1,4,3,False,True,True
9.395798206329346,REPLAY,NEUTRAL,3,1,1,5,2,False,True,True
9.492083072662354,REPLAY,NEUTRAL,3,1,1,5,2,False,True,True
9.592379808425903,REPLAY,NEUTRAL,3,1,1,5,2,False,True,True
9.692676544189453,REPLAY,RIGHT,3,1,1,5,2,False,True,True
9.792973279953003,REPLAY,RIGHT,3,1,1,5,3,False,True,True
9.893270015716553,REPLAY,RIGHT,3,1,1,5,3,False,True,True
9.993566751480103,REPLAY,NEUTRAL,3,1,1,5,3,False,True,True
10.093863487243652,REPLAY,NEUTRAL,3,1,1,5,3,False,True,True
10.194160223007202,REPLAY,NEUTRAL,3,1,1,5,3,False,True,True
10.294456958770752,REPLAY,NEUTRAL,3,1,1,5,3,False,True,True
10.394753694534302,REPLAY,NEUTRAL,3,1,1,5,3,False,True,True
10.495050430297852,REPLAY,NEUTRAL,3,1,1,5,3,False,True,True
10.595347166061401,REPLAY,CLICK,3,3,2,5,2,False,True,True
10.695643901824951,REPLAY,NEUTRAL,3,3,2,5,2,False,True,True
10.795940637588501,REPLAY,NEUTRAL,3,3,2,5,2,False,True,True
10.892225503921509,REPLAY,RIGHT,3,3,2,5,2,False,True,True
10.992522239685059,REPLAY,RIGHT,3,3,2,5,2,False,True,True
11.092818975448608,REPLAY,RIGHT,3,3,2,5,2,False,True,True
11.193115711212158,REPLAY,NEUTRAL,3,3,2,5,2,False,True,True
11.293412446975708,REPLAY,NEUTRAL,3,3,2,5,3,False,True,True
11.393709182739258,REPLAY,NEUTRAL,3,3,2,5,3,False,True,True
11.494005918502808,REPLAY,NEUTRAL,3,3,2,5,3,False,True,True
11.594302654266357,REPLAY,NEUTRAL,3,3,2,5,3,False,True,True
11.694599390029907,REPLAY,NEUTRAL,3,3,2,5,3,False,True,True
11.794896125793457,REPLAY,NEUTRAL,3,3,2,5,3,False,True,True
11.895192861557007,REPLAY,NEUTRAL,3,3,2,5,3,False,True,True
11.995489597320557,REPLAY,CLICK + HOLD,3,3,2,5,3,True,True,True
12.095786333084106,REPLAY,CLICK + HOLD,3,3,2,5,3,True,True,True
12.192071199417114,REPLAY,CLICK + HOLD,3,3,2,5,3,True,True,True
12.292367935180664,REPLAY,CLICK + HOLD,3,3,2,6,2,True,True,True
12.392664670944214,REPLAY,NEUTRAL,3,3,2,6,2,False,True,True
12.492961406707764,REPLAY,NEUTRAL,3,3,2,6,2,False,True,True
12.593258142471313,REPLAY,NEUTRAL,3,3,2,6,2,False,True,True
12.693554878234863,REPLAY,NEUTRAL,3,3,2,6,2,False,True,True
12.793851613998413,REPLAY,NEUTRAL,3,3,2,6,2,False,True,True
12.894148349761963,REPLAY,NEUTRAL,3,3,2,6,3,False,True,True
12.994445085525513,REPLAY,NEUTRAL,3,3,2,7,2,False,True,True
13.094741821289062,REPLAY,NEUTRAL,3,3,2,7,2,False,True,True
13.195038557052612,REPLAY,NEUTRAL,3,3,2,7,2,False,True,True
13.295335292816162,REPLAY,NEUTRAL,3,3,2,7,2,False,True,True
13.395632028579712,REPLAY,NEUTRAL,3,3,2,7,2,False,True,True
13.495928764343262,REPLAY,NEUTRAL,3,3,2,7,2,False,True,True
13.59221363067627,REPLAY,NEUTRAL,3,3,2,7,2,False,True,True
13.69251036643982,REPLAY,NEUTRAL,3,3,2,7,2,False,True,True
13.79280710220337,REPLAY,NEUTRAL,3,3,2,7,2,False,True,True
13.893103837966919,REPLAY,NEUTRAL,3,3,2,7,2,False,True,True
13.993400573730469,REPLAY,NEUTRAL,3,3,2,7,2,False,True,True
14.093697309494019,REPLAY,NEUTRAL,3,3,2,7,2,False,True,True
14.193994045257568,REPLAY,NEUTRAL,3,3,2,7,3,False,True,True
14.294290781021118,REPLAY,NEUTRAL,3,3,2,7,3,False,True,True
14.394587516784668,REPLAY,NEUTRAL,3,3,2,7,3,False,True,True
14.494884252548218,REPLAY,NEUTRAL,3,3,2,7,3,False,True,True
14.595180988311768,REPLAY,NEUTRAL,3,3,2,7,3,False,True,True
14.695477724075317,REPLAY,NEUTRAL,3,3,2,7,3,False,True,True
14.795774459838867,REPLAY,NEUTRAL,3,3,2,8,2,False,True,True
14.892059326171875,REPLAY,NEUTRAL,3,3,2,8,2,False,True,True
14.992356061935425,REPLAY,NEUTRAL,3,3,2,8,2,False,True,True
15.092652797698975,REPLAY,NEUTRAL,3,3,2,8,2,False,True,True
15.192949533462524,REPLAY,NEUTRAL,3,3,2,8,2,False,True,True
15.293246269226074,REPLAY,NEUTRAL,3,3,2,8,2,False,True,True
15.393543004989624,REPLAY,NEUTRAL,3,3,2,8,2,False,True,True
15.493839740753174,REPLAY,NEUTRAL,3,3,2,8,2,False,True,True
15.594136476516724,REPLAY,NEUTRAL,3,3,2,8,3,False,True,True
15.694433212280275,REPLAY,NEUTRAL,3,3,2,8,3,False,True,True
15.794729948043825,REPLAY,NEUTRAL,3,3,2,8,3,False,True,True
15.895026683807375,REPLAY,NEUTRAL,3,3,2,8,3,False,True,True
15.995323419570925,REPLAY,NEUTRAL,3,4,3,8,2,False,True,True
16.095620155334473,REPLAY,NEUTRAL,3,4,3,8,2,False,True,True
16.195916891098022,REPLAY,NEUTRAL,3,4,3,8,2,False,True,True
16.29220175743103,REPLAY,NEUTRAL,3,4,3,8,2,False,True,True
16.39249849319458,REPLAY,NEUTRAL,3,4,3,8,2,False,True,True
16.49279522895813,REPLAY,NEUTRAL,3,4,3,8,2,False,True,True
16.59309196472168,REPLAY,NEUTRAL,3,4,3,8,3,False,True,True
16.69338870048523,REPLAY,NEUTRAL,3,4,3,8,3,False,True,True
16.79368543624878,REPLAY,NEUTRAL,3,4,3,8,3,False,True,True
16.89398217201233,REPLAY,NEUTRAL,3,4,3,8,3,False,True,True
16.99427890777588,REPLAY,NEUTRAL,3,4,3,8,3,False,True,True
17.09457564353943,REPLAY,NEUTRAL,3,4,3,8,3,False,True,True
17.19487237930298,REPLAY,NEUTRAL,3,4,3,8,3,False,True,True
17.29516911506653,REPLAY,NEUTRAL,3,4,3,8,3,False,True,True
17.395465850830078,REPLAY,NEUTRAL,3,4,3,9,3,False,True,True
17.495762586593628,REPLAY,NEUTRAL,3,4,3,9,3,False,True,True
17.592047452926636,REPLAY,NEUTRAL,3,4,3,9,3,False,True,True
17.692344188690186,REPLAY,NEUTRAL,3,4,3,9,3,False,True,True
17.792640924453735,REPLAY,NEUTRAL,3,4,3,9,3,False,True,True
17.892937660217285,REPLAY,NEUTRAL,3,4,3,9,3,False,True,True
17.993234395980835,REPLAY,NEUTRAL,3,4,3,9,3,False,True,True
18.093531131744385,REPLAY,NEUTRAL,3,4,3,9,3,False,True,True
18.193827867507935,REPLAY,NEUTRAL,3,4,3,9,3,False,True,True
18.294124603271484,REPLAY,NEUTRAL,3,4,3,9,4,False,True,True
18.394421339035034,REPLAY,NEUTRAL,3,4,3,9,4,False,True,True
18.494718074798584,REPLAY,NEUTRAL,3,4,3,9,4,False,True,True
18.595014810562134,REPLAY,NEUTRAL,3,4,3,9,4,False,True,True
18.695311546325684,REPLAY,NEUTRAL,3,5,4,9,3,False,True,True
18.795608282089233,REPLAY,NEUTRAL,3,5,4,9,3,False,True,True
18.895905017852783,REPLAY,NEUTRAL,3,5,4,9,3,False,True,True
18.99218988418579,REPLAY,NEUTRAL,3,5,4,9,3,False,True,True
19.09248661994934,REPLAY,NEUTRAL,3,5,4,9,3,False,True,True
19.19278335571289,REPLAY,NEUTRAL,3,5,4,9,3,False,True,True
19.29308009147644,REPLAY,NEUTRAL,3,5,4,9,3,False,True,True
19.39337682723999,REPLAY,NEUTRAL,3,5,4,9,3,False,True,True
19.49367356300354,REPLAY,NEUTRAL,3,5,4,9,3,False,True,True
19.59397029876709,REPLAY,NEUTRAL,3,5,4,9,3,False,True,True
19.69426703453064,REPLAY,NEUTRAL,3,6,5,9,2,False,True,True
19.79456377029419,REPLAY,NEUTRAL,3,6,5,9,2,False,True,True
19.89486050605774,REPLAY,NEUTRAL,3,6,5,9,3,False,True,True
19.99515724182129,REPLAY,NEUTRAL,3,6,5,9,3,False,True,True
20.09545397758484,REPLAY,NEUTRAL,3,6,5,9,3,False,True,True
20.19575071334839,REPLAY,RIGHT,3,6,5,9,3,False,True,True
20.292035579681396,REPLAY,RIGHT,3,6,5,9,3,False,True,True
20.392332315444946,REPLAY,NEUTRAL,3,6,5,10,2,False,True,True
20.492629051208496,REPLAY,NEUTRAL,3,6,5,10,2,False,True,True
20.592925786972046,REPLAY,NEUTRAL,3,6,5,10,2,False,True,True
20.693222522735596,REPLAY,NEUTRAL,3,6,5,10,2,False,True,True
20.793519258499146,REPLAY,NEUTRAL,3,6,5,10,2,False,True,True
20.893815994262695,REPLAY,NEUTRAL,3,6,5,10,2,False,True,True
20.994112730026245,REPLAY,NEUTRAL,3,6,5,10,2,False,True,True
21.094409465789795,REPLAY,NEUTRAL,3,6,5,10,2,False,True,True
21.194706201553345,REPLAY,NEUTRAL,3,6,5,10,3,False,True,True
21.295002937316895,REPLAY,NEUTRAL,3,6,5,10,3,False,True,True
21.395299673080444,REPLAY,NEUTRAL,3,6,5,10,3,False,True,True
21.495596408843994,REPLAY,LEFT,3,6,5,10,3,False,True,True
21.595893144607544,REPLAY,NEUTRAL,3,6,5,10,3,False,True,True
21.69217801094055,REPLAY,NEUTRAL,3,6,5,11,2,False,True,True
21.7924747467041,REPLAY,NEUTRAL,3,6,5,11,2,False,True,True
21.89277148246765,REPLAY,NEUTRAL,3,6,5,11,2,False,True,True
21.9930682182312,REPLAY,NEUTRAL,3,6,5,11,2,False,True,True
22.09336495399475,REPLAY,NEUTRAL,3,6,5,11,2,False,True,True
22.1936616897583,REPLAY,NEUTRAL,3,6,5,11,2,False,True,True
22.29395842552185,REPLAY,NEUTRAL,3,6,5,11,2,False,True,True
22.3942551612854,REPLAY,NEUTRAL,3,6,5,11,2,False,True,True
22.49455189704895,REPLAY,NEUTRAL,3,6,5,11,2,False,True,True
22.5948486328125,REPLAY,NEUTRAL,3,6,5,11,2,False,True,True
22.69514536857605,REPLAY,NEUTRAL,3,6,5,11,2,False,True,True
22.7954421043396,REPLAY,NEUTRAL,3,6,5,11,3,False,True,True
22.89573884010315,REPLAY,NEUTRAL,3,6,5,11,3,False,True,True
22.992023706436157,REPLAY,NEUTRAL,3,6,5,11,3,False,True,True
23.092320442199707,REPLAY,NEUTRAL,3,6,5,12,2,False,True,True
23.192617177963257,REPLAY,LEFT,3,6,5,12,2,False,True,True
23.292913913726807,REPLAY,NEUTRAL,3,6,5,12,2,False,True,True
23.393210649490356,REPLAY,NEUTRAL,3,6,5,12,2,False,True,True
23.493507385253906,REPLAY,NEUTRAL,3,6,5,12,2,False,True,True
23.593804121017456,REPLAY,NEUTRAL,3,6,5,12,2,False,True,True
23.694100856781006,REPLAY,NEUTRAL,3,6,5,12,2,False,True,True
23.794397592544556,REPLAY,NEUTRAL,3,6,5,12,3,False,True,True
23.894694328308105,REPLAY,NEUTRAL,3,6,5,12,3,False,True,True
23.994991064071655,REPLAY,NEUTRAL,3,6,5,12,3,False,True,True
24.095287799835205,REPLAY,NEUTRAL,3,6,5,12,3,False,True,True
24.195584535598755,REPLAY,NEUTRAL,3,7,6,12,2,False,True,True
24.295881271362305,REPLAY,NEUTRAL,3,7,6,12,2,False,True,True
24.392166137695312,REPLAY,NEUTRAL,3,7,6,12,2,False,True,True
24.492462873458862,REPLAY,NEUTRAL,3,7,6,12,2,False,True,True
24.592759609222412,REPLAY,NEUTRAL,3,7,6,12,3,False,True,True
24.693056344985962,REPLAY,NEUTRAL,3,7,6,12,3,False,True,True
24.79335308074951,REPLAY,LEFT,3,7,6,12,3,False,True,True
24.89364981651306,REPLAY,LEFT,3,7,6,12,3,False,True,True
24.99394655227661,REPLAY,LEFT,3,7,6,12,3,False,True,True
25.09424328804016,REPLAY,NEUTRAL,3,7,6,12,3,False,True,True
25.19454002380371,REPLAY,NEUTRAL,3,7,6,12,3,False,True,True
25.29483675956726,REPLAY,NEUTRAL,3,7,6,12,3,False,True,True
25.39513349533081,REPLAY,NEUTRAL,3,7,6,12,3,False,True,True
25.49543023109436,REPLAY,NEUTRAL,3,7,6,12,3,False,True,True
25.59572696685791,REPLAY,NEUTRAL,3,7,6,12,3,False,True,True
25.692011833190918,REPLAY,NEUTRAL,3,7,6,12,3,False,True,True
25.792308568954468,REPLAY,NEUTRAL,3,7,6,12,3,False,True,True
25.892605304718018,REPLAY,NEUTRAL,3,7,6,12,3,False,True,True
25.992902040481567,REPLAY,NEUTRAL,3,7,6,12,3,False,True,True
26.093198776245117,REPLAY,NEUTRAL,3,7,6,12,3,False,True,True
26.193495512008667,REPLAY,NEUTRAL,3,7,6,12,4,False,True,True
26.293792247772217,REPLAY,NEUTRAL,3,7,6,13,3,False,True,True
26.394088983535767,REPLAY,RIGHT,3,7,6,13,3,False,True,True
26.494385719299316,REPLAY,RIGHT,3,7,6,13,3,False,True,True
26.594682455062866,REPLAY,NEUTRAL,3,7,6,13,3,False,True,True
26.694979190826416,REPLAY,NEUTRAL,3,7,6,13,3,False,True,True
26.795275926589966,REPLAY,NEUTRAL,3,7,6,13,3,False,True,True
26.895572662353516,REPLAY,NEUTRAL,3,7,6,13,3,False,True,True
26.995869398117065,REPLAY,NEUTRAL,3,7,6,13,3,False,True,True
27.092154264450073,REPLAY,NEUTRAL,3,7,6,13,3,False,True,True
27.192451000213623,REPLAY,RIGHT,3,7,6,13,3,False,True,True
27.292747735977173,REPLAY,RIGHT,3,7,6,14,2,False,True,True
27.393044471740723,REPLAY,RIGHT,3,7,6,14,2,False,True,True
27.493341207504272,REPLAY,NEUTRAL,3,7,6,14,3,False,True,True
27.593637943267822,REPLAY,NEUTRAL,3,7,6,14,3,False,True,True
27.693934679031372,REPLAY,NEUTRAL,3,7,6,14,3,False,True,True
27.794231414794922,REPLAY,NEUTRAL,3,7,6,14,3,False,True,True
27.89452815055847,REPLAY,NEUTRAL,3,7,6,14,3,False,True,True
27.99482488632202,REPLAY,NEUTRAL,3,7,6,14,3,False,True,True
28.09512162208557,REPLAY,NEUTRAL,3,7,6,14,3,False,True,True
28.19541835784912,REPLAY,NEUTRAL,3,7,6,15,2,False,True,True
28.29571509361267,REPLAY,NEUTRAL,3,7,6,15,2,False,True,True
28.39199995994568,REPLAY,LEFT,3,7,6,15,2,False,True,True
28.49229669570923,REPLAY,LEFT,3,7,6,15,3,False,True,True
28.59259343147278,REPLAY,LEFT,3,7,6,15,3,False,True,True
28.692890167236328,REPLAY,NEUTRAL,3,7,6,15,3,False,True,True
28.793186902999878,REPLAY,NEUTRAL,3,7,6,15,3,False,True,True
28.893483638763428,REPLAY,NEUTRAL,3,7,6,15,3,False,True,True
28.993780374526978,REPLAY,NEUTRAL,3,7,6,15,3,False,True,True
29.094077110290527,REPLAY,NEUTRAL,3,7,6,15,3,False,True,True
29.194373846054077,REPLAY,NEUTRAL,3,7,6,15,3,False,True,True
29.294670581817627,REPLAY,NEUTRAL,3,7,6,15,3,False,True,True
29.394967317581177,REPLAY,LEFT,3,7,6,15,3,False,True,True
29.495264053344727,REPLAY,NEUTRAL,3,7,6,15,3,False,True,True
29.595560789108276,REPLAY,NEUTRAL,3,7,6,16,2,False,True,True
29.695857524871826,REPLAY,NEUTRAL,3,7,6,16,2,False,True,True
29.792142391204834,REPLAY,NEUTRAL,3,7,6,16,2,False,True,True
29.892439126968384,REPLAY,NEUTRAL,3,7,6,16,2,False,True,True
29.992735862731934,REPLAY,NEUTRAL,3,7,6,16,3,False,True,True
30.093032598495483,REPLAY,NEUTRAL,3,7,6,16,3,False,True,True
30.193329334259033,REPLAY,LEFT,3,7,6,16,3,False,True,True
30.293626070022583,REPLAY,LEFT,3,7,6,16,3,False,True,True
30.393922805786133,REPLAY,LEFT,3,7,6,16,3,False,True,True
30.494219541549683,REPLAY,NEUTRAL,3,7,6,16,3,False,True,True
30.594516277313232,REPLAY,NEUTRAL,3,7,6,16,3,False,True,True
30.694813013076782,REPLAY,NEUTRAL,3,7,6,16,3,False,True,True
30.795109748840332,REPLAY,NEUTRAL,3,7,6,17,2,False,True,True
30.895406484603882,REPLAY,NEUTRAL,3,7,6,17,3,False,True,True
30.99570322036743,REPLAY,NEUTRAL,3,7,6,17,3,False,True,True
31.09198808670044,REPLAY,NEUTRAL,3,7,6,17,3,False,True,True
31.19228482246399,REPLAY,NEUTRAL,3,7,6,17,3,False,True,True
31.292581558227543,REPLAY,LEFT,3,7,6,17,3,False,True,True
31.392878293991092,REPLAY,NEUTRAL,3,7,6,17,3,False,True,True
31.493175029754642,REPLAY,NEUTRAL,3,7,6,17,3,False,True,True
31.593471765518192,REPLAY,NEUTRAL,3,7,6,17,3,False,True,True
31.693768501281742,REPLAY,NEUTRAL,3,7,6,18,2,False,True,True
31.79406523704529,REPLAY,NEUTRAL,3,7,6,18,2,False,True,True
31.89436197280884,REPLAY,LEFT,3,7,6,18,2,False,True,True
31.99465870857239,REPLAY,NEUTRAL,3,7,6,18,2,False,True,True
32.09495544433594,REPLAY,NEUTRAL,3,7,6,18,2,False,True,True
32.19525218009949,REPLAY,NEUTRAL,3,7,6,18,2,False,True,True
32.29554891586304,REPLAY,NEUTRAL,3,7,6,18,3,False,True,True
32.39584565162659,REPLAY,LEFT,3,7,6,18,3,False,True,True
32.492130517959595,REPLAY,NEUTRAL,3,7,6,18,3,False,True,True
32.592427253723145,REPLAY,NEUTRAL,3,7,6,18,3,False,True,True
32.692723989486694,REPLAY,NEUTRAL,3,7,6,18,3,False,True,True
32.793020725250244,REPLAY,NEUTRAL,3,7,6,18,3,False,True,True
32.893317461013794,REPLAY,NEUTRAL,3,7,6,18,3,False,True,True
32.993614196777344,REPLAY,NEUTRAL,3,7,6,18,3,False,True,True
33.093910932540894,REPLAY,NEUTRAL,3,7,6,18,3,False,True,True
33.19420766830444,REPLAY,NEUTRAL,3,7,6,18,3,False,True,True
33.29450440406799,REPLAY,NEUTRAL,3,7,6,19,2,False,True,True
33.39480113983154,REPLAY,NEUTRAL,3,7,6,19,2,False,True,True
33.49509787559509,REPLAY,LEFT,3,7,6,19,2,False,True,True
33.59539461135864,REPLAY,NEUTRAL,3,7,6,19,2,False,True,True
33.69569134712219,REPLAY,NEUTRAL,3,7,6,19,2,False,True,True
33.79598808288574,REPLAY,NEUTRAL,3,7,6,19,3,False,True,True
33.89227294921875,REPLAY,NEUTRAL,3,7,6,19,3,False,True,True
33.9925696849823,REPLAY,LEFT,3,7,6,19,3,False,True,True
34.09286642074585,REPLAY,LEFT,3,7,6,19,3,False,True,True
34.1931631565094,REPLAY,NEUTRAL,3,7,6,20,2,False,True,True
34.29345989227295,REPLAY,NEUTRAL,3,7,6,20,2,False,True,True
34.3937566280365,REPLAY,NEUTRAL,3,7,6,20,2,False,True,True
34.49405336380005,REPLAY,NEUTRAL,3,7,6,20,2,False,True,True
34.5943500995636,REPLAY,NEUTRAL,3,7,6,20,2,False,True,True
34.69464683532715,REPLAY,NEUTRAL,3,7,6,20,2,False,True,True
34.7949435710907,REPLAY,NEUTRAL,3,7,6,20,2,False,True,True
34.89524030685425,REPLAY,NEUTRAL,3,7,6,20,2,False,True,True
34.9955370426178,REPLAY,LEFT,3,7,6,20,2,False,True,True
35.09583377838135,REPLAY,LEFT,3,7,6,20,3,False,True,True
35.192118644714355,REPLAY,NEUTRAL,3,7,6,20,3,False,True,True
35.292415380477905,REPLAY,NEUTRAL,3,7,6,20,3,False,True,True
35.392712116241455,REPLAY,NEUTRAL,3,7,6,20,3,False,True,True
35.493008852005005,REPLAY,NEUTRAL,3,7,6,21,2,False,True,True
35.593305587768555,REPLAY,NEUTRAL,3,7,6,21,2,False,True,True
35.693602323532104,REPLAY,NEUTRAL,3,7,6,21,2,False,True,True
35.793899059295654,REPLAY,NEUTRAL,3,7,6,21,2,False,True,True
35.894195795059204,REPLAY,NEUTRAL,3,7,6,21,2,False,True,True
35.994492530822754,REPLAY,NEUTRAL,3,7,6,21,2,False,True,True
36.094789266586304,REPLAY,NEUTRAL,3,7,6,21,2,False,True,True
36.19508600234985,REPLAY,LEFT,3,7,6,21,2,False,True,True
36.2953827381134,REPLAY,LEFT,3,7,6,21,2,False,True,True
36.39567947387695,REPLAY,LEFT,3,7,6,21,2,False,True,True
36.4959762096405,REPLAY,NEUTRAL,3,7,6,21,2,False,True,True
36.59226107597351,REPLAY,NEUTRAL,3,7,6,21,3,False,True,True
36.69255781173706,REPLAY,NEUTRAL,3,7,6,21,3,False,True,True
36.79285454750061,REPLAY,NEUTRAL,3,7,6,21,3,False,True,True
36.89315128326416,REPLAY,NEUTRAL,3,7,6,21,3,False,True,True
36.99344801902771,REPLAY,NEUTRAL,3,7,6,21,3,False,True,True
37.09374475479126,REPLAY,NEUTRAL,3,7,6,22,2,False,True,True
37.19404149055481,REPLAY,NEUTRAL,3,7,6,22,2,False,True,True
37.29433822631836,REPLAY,NEUTRAL,3,7,6,22,2,False,True,True
37.39463496208191,REPLAY,NEUTRAL,3,7,6,22,2,False,True,True
37.49493169784546,REPLAY,NEUTRAL,3,7,6,22,2,False,True,True
37.59522843360901,REPLAY,NEUTRAL,3,7,6,22,2,False,True,True
37.69552516937256,REPLAY,NEUTRAL,3,7,6,22,2,False,True,True
37.79582190513611,REPLAY,LEFT,3,7,6,22,2,False,True,True
37.892106771469116,REPLAY,LEFT,3,7,6,22,2,False,True,True
37.992403507232666,REPLAY,LEFT,3,7,6,23,2,False,True,True
38.092700242996216,REPLAY,NEUTRAL,3,7,6,23,2,False,True,True
38.192996978759766,REPLAY,NEUTRAL,3,7,6,23,2,False,True,True
38.293293714523315,REPLAY,NEUTRAL,3,7,6,23,2,False,True,True
38.393590450286865,REPLAY,NEUTRAL,3,7,6,23,2,False,True,True
38.493887186050415,REPLAY,NEUTRAL,3,7,6,23,2,False,True,True
38.594183921813965,REPLAY,NEUTRAL,3,7,6,23,2,False,True,True
38.694480657577515,REPLAY,LEFT,3,7,6,23,2,False,True,True
38.794777393341064,REPLAY,NEUTRAL,3,7,6,23,2,False,True,True
38.895074129104614,REPLAY,NEUTRAL,3,7,6,23,2,False,True,True
38.995370864868164,REPLAY,NEUTRAL,3,7,6,23,3,False,True,True
39.095667600631714,REPLAY,NEUTRAL,3,7,6,23,3,False,True,True
39.195964336395264,REPLAY,LEFT,3,7,6,23,3,False,True,True
39.29224920272827,REPLAY,LEFT,3,7,6,23,3,False,True,True
39.39254593849182,REPLAY,NEUTRAL,3,8,7,23,2,False,True,True
39.49284267425537,REPLAY,NEUTRAL,3,8,7,23,2,False,True,True
39.59313941001892,REPLAY,NEUTRAL,3,8,7,23,2,False,True,True
39.69343614578247,REPLAY,NEUTRAL,3,8,7,23,2,False,True,True
39.79373288154602,REPLAY,NEUTRAL,3,8,7,23,2,False,True,True
39.89402961730957,REPLAY,NEUTRAL,3,8,7,23,2,False,True,True
39.99432635307312,REPLAY,NEUTRAL,3,8,7,23,2,False,True,True
40.09462308883667,REPLAY,NEUTRAL,3,8,7,23,2,False,True,True
40.19491982460022,REPLAY,LEFT,3,8,7,23,2,False,True,True
40.29521656036377,REPLAY,LEFT,3,8,7,23,2,False,True,True
40.39551329612732,REPLAY,LEFT,3,8,7,23,2,False,True,True
40.49581003189087,REPLAY,NEUTRAL,3,8,7,23,2,False,True,True
40.59209489822388,REPLAY,NEUTRAL,3,8,7,23,3,False,True,True
40.69239163398743,REPLAY,NEUTRAL,3,8,7,23,3,False,True,True
40.79268836975098,REPLAY,LEFT,3,8,7,23,3,False,True,True
40.892985105514526,REPLAY,NEUTRAL,3,8,7,23,3,False,True,True
40.993281841278076,REPLAY,NEUTRAL,3,8,7,23,3,False,True,True
41.093578577041626,REPLAY,LEFT,3,8,7,24,2,False,True,True
41.193875312805176,REPLAY,LEFT,3,8,7,24,2,False,True,True
41.294172048568726,REPLAY,NEUTRAL,3,8,7,24,2,False,True,True
41.394468784332275,REPLAY,NEUTRAL,3,8,7,24,2,False,True,True
41.494765520095825,REPLAY,NEUTRAL,3,8,7,24,2,False,True,True
41.595062255859375,REPLAY,NEUTRAL,3,8,7,24,2,False,True,True
41.695358991622925,REPLAY,NEUTRAL,3,8,7,24,2,False,True,True
41.795655727386475,REPLAY,NEUTRAL,3,8,7,24,2,False,True,True
41.895952463150024,REPLAY,NEUTRAL,3,8,7,24,2,False,True,True
41.99223732948303,REPLAY,LEFT,3,8,7,24,2,False,True,True
42.09253406524658,REPLAY,LEFT,3,8,7,24,3,False,True,True
42.19283080101013,REPLAY,NEUTRAL,3,8,7,24,3,False,True,True
42.29312753677368,REPLAY,NEUTRAL,3,8,7,25,2,False,True,True
42.39342427253723,REPLAY,NEUTRAL,3,8,7,25,2,False,True,True
42.49372100830078,REPLAY,NEUTRAL,3,8,7,25,2,False,True,True
42.59401774406433,REPLAY,NEUTRAL,3,8,7,25,2,False,True,True
42.69431447982788,REPLAY,NEUTRAL,3,8,7,25,2,False,True,True
42.79461121559143,REPLAY,NEUTRAL,3,8,7,25,2,False,True,True
42.89490795135498,REPLAY,NEUTRAL,3,8,7,25,2,False,True,True
42.99520468711853,REPLAY,NEUTRAL,3,8,7,25,2,False,True,True
43.09550142288208,REPLAY,LEFT,3,8,7,25,3,False,True,True
43.19579815864563,REPLAY,NEUTRAL,3,8,7,25,3,False,True,True
43.29208302497864,REPLAY,NEUTRAL,3,8,7,25,3,False,True,True
43.39237976074219,REPLAY,NEUTRAL,3,8,7,25,3,False,True,True
43.49267649650574,REPLAY,NEUTRAL,3,8,7,26,2,False,True,True
43.59297323226929,REPLAY,NEUTRAL,3,8,7,26,2,False,True,True
43.69326996803284,REPLAY,NEUTRAL,3,8,7,26,2,False,True,True
43.79356670379639,REPLAY,NEUTRAL,3,8,7,26,2,False,True,True
43.89386343955994,REPLAY,NEUTRAL,3,8,7,26,2,False,True,True
43.994160175323486,REPLAY,NEUTRAL,3,8,7,26,2,False,True,True
44.094456911087036,REPLAY,NEUTRAL,3,8,7,26,2,False,True,True
44.194753646850586,REPLAY,NEUTRAL,3,8,7,26,3,False,True,True
44.295050382614136,REPLAY,NEUTRAL,3,8,7,26,3,False,True,True
44.395347118377686,REPLAY,NEUTRAL,3,8,7,26,3,False,True,True
44.495643854141235,REPLAY,NEUTRAL,3,8,7,26,3,False,True,True
44.595940589904785,REPLAY,NEUTRAL,3,8,7,26,3,False,True,True
44.69222545623779,REPLAY,NEUTRAL,3,8,7,26,3,False,True,True
44.79252219200134,REPLAY,NEUTRAL,3,8,7,26,3,False,True,True
44.89281892776489,REPLAY,NEUTRAL,3,8,7,26,3,False,True,True
44.99311566352844,REPLAY,NEUTRAL,3,8,7,26,3,False,True,True
45.09341239929199,REPLAY,NEUTRAL,3,8,7,27,2,False,True,True
45.19370913505554,REPLAY,NEUTRAL,3,8,7,27,2,False,True,True
45.29400587081909,REPLAY,NEUTRAL,3,8,7,27,2,False,True,True
45.39430260658264,REPLAY,NEUTRAL,3,8,7,27,2,False,True,True
45.49459934234619,REPLAY,NEUTRAL,3,8,7,27,2,False,True,True
45.59489607810974,REPLAY,NEUTRAL,3,8,7,27,2,False,True,True
45.69519281387329,REPLAY,NEUTRAL,3,8,7,27,3,False,True,True
45.79548954963684,REPLAY,NEUTRAL,3,8,7,27,3,False,True,True
45.89578628540039,REPLAY,NEUTRAL,3,8,7,27,3,False,True,True
45.9920711517334,REPLAY,NEUTRAL,3,8,7,27,3,False,True,True
46.09236788749695,REPLAY,LEFT,3,8,7,27,3,False,True,True
46.1926646232605,REPLAY,NEUTRAL,3,8,7,27,3,False,True,True
46.29296135902405,REPLAY,NEUTRAL,3,8,7,27,3,False,True,True
46.3932580947876,REPLAY,NEUTRAL,3,8,7,27,3,False,True,True
46.49355483055115,REPLAY,NEUTRAL,3,8,7,27,3,False,True,True
46.5938515663147,REPLAY,NEUTRAL,3,8,7,28,2,False,True,True
46.69414830207825,REPLAY,NEUTRAL,3,8,7,28,2,False,True,True
46.7944450378418,REPLAY,NEUTRAL,3,8,7,28,2,False,True,True
46.89474177360535,REPLAY,NEUTRAL,3,8,7,28,2,False,True,True
46.9950385093689,REPLAY,NEUTRAL,3,8,7,28,2,False,True,True
47.095335245132446,REPLAY,LEFT,3,8,7,28,2,False,True,True
47.195631980895996,REPLAY,LEFT,3,8,7,29,1,False,True,True
47.295928716659546,REPLAY,LEFT,3,8,7,29,2,False,True,True
47.392213582992554,REPLAY,NEUTRAL,3,8,7,29,2,False,True,True
47.4925103187561,REPLAY,LEFT,3,8,7,29,2,False,True,True
47.59280705451965,REPLAY,LEFT,3,8,7,29,2,False,True,True
47.6931037902832,REPLAY,NEUTRAL,3,8,7,29,2,False,True,True
47.79340052604675,REPLAY,NEUTRAL,3,8,7,29,2,False,True,True
47.8936972618103,REPLAY,NEUTRAL,3,8,7,29,2,False,True,True
47.99399399757385,REPLAY,LEFT,3,8,7,29,2,False,True,True
48.0942907333374,REPLAY,NEUTRAL,3,8,7,29,2,False,True,True
48.19458746910095,REPLAY,NEUTRAL,3,8,7,29,2,False,True,True
48.2948842048645,REPLAY,NEUTRAL,3,8,7,29,3,False,True,True
48.39518094062805,REPLAY,NEUTRAL,3,8,7,29,3,False,True,True
48.4954776763916,REPLAY,NEUTRAL,3,8,7,29,3,False,True,True
48.59577441215515,REPLAY,NEUTRAL,3,8,7,29,3,False,True,True
48.69205927848816,REPLAY,NEUTRAL,3,8,7,29,3,False,True,True
48.79235601425171,REPLAY,NEUTRAL,3,8,7,29,3,False,True,True
48.89265275001526,REPLAY,LEFT,3,8,7,29,3,False,True,True
48.99294948577881,REPLAY,LEFT,3,9,8,29,2,False,True,True
49.09324622154236,REPLAY,NEUTRAL,3,9,8,29,3,False,True,True
49.19354295730591,REPLAY,NEUTRAL,3,9,8,29,3,False,True,True
49.29383969306946,REPLAY,NEUTRAL,3,9,8,29,3,False,True,True
49.39413642883301,REPLAY,NEUTRAL,3,9,8,29,3,False,True,True
49.49443316459656,REPLAY,NEUTRAL,3,9,8,29,3,False,True,True
49.59472990036011,REPLAY,NEUTRAL,3,9,8,29,3,False,True,True
49.69502663612366,REPLAY,NEUTRAL,3,9,8,29,3,False,True,True
49.79532337188721,REPLAY,NEUTRAL,3,9,8,29,3,False,True,True
49.89562010765076,REPLAY,LEFT,3,9,8,29,3,False,True,True
49.99591684341431,REPLAY,LEFT,3,9,8,29,3,False,True,True
50.092201709747314,REPLAY,NEUTRAL,3,9,8,29,3,False,True,True
50.192498445510864,REPLAY,NEUTRAL,3,9,8,29,3,False,True,True
50.292795181274414,REPLAY,NEUTRAL,3,9,8,30,2,False,True,True
50.393091917037964,REPLAY,NEUTRAL,3,9,8,30,3,False,True,True
50.493388652801514,REPLAY,NEUTRAL,3,9,8,30,3,False,True,True
50.59368538856506,REPLAY,NEUTRAL,3,9,8,30,3,False,True,True
50.69398212432861,REPLAY,NEUTRAL,3,9,8,30,3,False,True,True
50.79427886009216,REPLAY,NEUTRAL,3,9,8,30,3,False,True,True
50.89457559585571,REPLAY,NEUTRAL,3,9,8,30,3,False,True,True
50.99487233161926,REPLAY,NEUTRAL,3,9,8,30,3,False,True,True
51.09516906738281,REPLAY,NEUTRAL,3,9,8,30,3,False,True,True
51.19546580314636,REPLAY,NEUTRAL,3,9,8,31,2,False,True,True
51.29576253890991,REPLAY,NEUTRAL,3,9,8,31,2,False,True,True
51.39204740524292,REPLAY,NEUTRAL,3,9,8,31,2,False,True,True
51.49234414100647,REPLAY,NEUTRAL,3,9,8,31,2,False,True,True
51.59264087677002,REPLAY,LEFT,3,9,8,31,2,False,True,True
51.69293761253357,REPLAY,LEFT,3,9,8,31,2,False,True,True
51.79323434829712,REPLAY,NEUTRAL,3,9,8,31,2,False,True,True
51.89353108406067,REPLAY,NEUTRAL,3,9,8,31,2,False,True,True
51.99382781982422,REPLAY,NEUTRAL,3,9,8,32,2,False,True,True
52.09412455558777,REPLAY,NEUTRAL,3,9,8,32,2,False,True,True
52.19442129135132,REPLAY,LEFT,3,9,8,32,2,False,True,True
52.29471802711487,REPLAY,NEUTRAL,3,9,8,32,2,False,True,True
52.39501476287842,REPLAY,NEUTRAL,3,9,8,32,2,False,True,True
52.49531149864197,REPLAY,NEUTRAL,3,9,8,32,2,False,True,True
52.59560823440552,REPLAY,NEUTRAL,3,9,8,32,2,False,True,True
52.69590497016907,REPLAY,NEUTRAL,3,9,8,32,2,False,True,True
52.792189836502075,REPLAY,NEUTRAL,3,9,8,32,2,False,True,True
52.892486572265625,REPLAY,NEUTRAL,3,9,8,32,2,False,True,True
52.992783308029175,REPLAY,NEUTRAL,3,9,8,32,2,False,True,True
53.093080043792725,REPLAY,NEUTRAL,3,9,8,32,3,False,True,True
53.193376779556274,REPLAY,NEUTRAL,3,10,9,32,2,False,True,True
53.293673515319824,REPLAY,NEUTRAL,3,10,9,32,2,False,True,True
53.393970251083374,REPLAY,LEFT,3,10,9,32,2,False,True,True
53.494266986846924,REPLAY,LEFT,3,10,9,32,2,False,True,True
53.594563722610474,REPLAY,LEFT,3,10,9,32,2,False,True,True
53.69486045837402,REPLAY,NEUTRAL,3,10,9,32,2,False,True,True
53.79515719413757,REPLAY,NEUTRAL,3,10,9,32,2,False,True,True
53.89545392990112,REPLAY,NEUTRAL,3,10,9,32,2,False,True,True
53.99575066566467,REPLAY,NEUTRAL,3,10,9,32,2,False,True,True
54.09203553199768,REPLAY,NEUTRAL,3,10,9,32,2,False,True,True
54.19233226776123,REPLAY,NEUTRAL,3,10,9,32,2,False,True,True
54.29262900352478,REPLAY,NEUTRAL,3,10,9,32,2,False,True,True
54.39292573928833,REPLAY,NEUTRAL,3,10,9,32,2,False,True,True
54.49322247505188,REPLAY,NEUTRAL,3,10,9,32,3,False,True,True
54.59351921081543,REPLAY,NEUTRAL,3,10,9,32,3,False,True,True
54.69381594657898,REPLAY,NEUTRAL,3,10,9,32,3,False,True,True
54.79411268234253,REPLAY,NEUTRAL,3,10,9,32,3,False,True,True
54.89440941810608,REPLAY,NEUTRAL,3,10,9,32,3,False,True,True
54.99470615386963,REPLAY,NEUTRAL,3,10,9,33,2,False,True,True
55.09500288963318,REPLAY,LEFT,3,10,9,33,2,False,True,True
55.19529962539673,REPLAY,LEFT,3,10,9,33,2,False,True,True
55.29559636116028,REPLAY,NEUTRAL,3,10,9,33,2,False,True,True
55.39589309692383,REPLAY,NEUTRAL,3,10,9,33,2,False,True,True
55.492177963256836,REPLAY,NEUTRAL,3,10,9,33,2,False,True,True
55.592474699020386,REPLAY,LEFT,3,10,9,33,2,False,True,True
55.692771434783936,REPLAY,NEUTRAL,3,10,9,33,2,False,True,True
55.793068170547485,REPLAY,NEUTRAL,3,10,9,33,3,False,True,True
55.893364906311035,REPLAY,NEUTRAL,3,10,9,33,3,False,True,True
55.993661642074585,REPLAY,NEUTRAL,3,10,9,33,3,False,True,True
56.093958377838135,REPLAY,NEUTRAL,3,10,9,33,3,False,True,True
56.194255113601685,REPLAY,NEUTRAL,3,10,9,34,2,False,True,True
56.294551849365234,REPLAY,NEUTRAL,3,10,9,34,2,False,True,True
56.394848585128784,REPLAY,NEUTRAL,3,10,9,34,2,False,True,True
56.495145320892334,REPLAY,NEUTRAL,3,10,9,34,2,False,True,True
56.595442056655884,REPLAY,LEFT,3,10,9,34,2,False,True,True
56.695738792419434,REPLAY,LEFT,3,10,9,34,2,False,True,True
56.79202365875244,REPLAY,NEUTRAL,3,10,9,34,3,False,True,True
56.89232039451599,REPLAY,NEUTRAL,3,10,9,34,3,False,True,True
56.99261713027954,REPLAY,NEUTRAL,3,10,9,34,3,False,True,True
57.09291386604309,REPLAY,NEUTRAL,3,11,10,34,2,False,True,True
57.19321060180664,REPLAY,NEUTRAL,3,11,10,34,2,False,True,True
57.29350733757019,REPLAY,NEUTRAL,3,11,10,34,2,False,True,True
57.39380407333374,REPLAY,NEUTRAL,3,11,10,34,2,False,True,True
57.49410080909729,REPLAY,NEUTRAL,3,11,10,34,2,False,True,True
57.59439754486084,REPLAY,NEUTRAL,3,11,10,34,2,False,True,True
57.69469428062439,REPLAY,LEFT,3,11,10,34,2,False,True,True
57.79499101638794,REPLAY,NEUTRAL,3,11,10,34,2,False,True,True
57.89528775215149,REPLAY,NEUTRAL,3,11,10,34,2,False,True,True
57.99558448791504,REPLAY,NEUTRAL,3,11,10,34,3,False,True,True
58.09588122367859,REPLAY,NEUTRAL,3,11,10,34,3,False,True,True
58.1921660900116,REPLAY,NEUTRAL,3,11,10,34,3,False,True,True
58.29246282577515,REPLAY,NEUTRAL,3,11,10,34,3,False,True,True
58.392759561538696,REPLAY,NEUTRAL,3,11,10,34,3,False,True,True
58.493056297302246,REPLAY,LEFT,3,11,10,34,3,False,True,True
58.593353033065796,REPLAY,NEUTRAL,3,11,10,34,3,False,True,True
58.693649768829346,REPLAY,NEUTRAL,3,11,10,34,3,False,True,True
58.793946504592896,REPLAY,LEFT,3,11,10,34,3,False,True,True
58.894243240356445,REPLAY,LEFT,3,11,10,34,3,False,True,True
58.994539976119995,REPLAY,LEFT,3,11,10,34,3,False,True,True
59.094836711883545,REPLAY,NEUTRAL,3,11,10,35,2,False,True,True
59.195133447647095,REPLAY,NEUTRAL,3,11,10,35,2,False,True,True
59.295430183410645,REPLAY,NEUTRAL,3,11,10,35,3,False,True,True
59.395726919174194,REPLAY,NEUTRAL,3,11,10,35,3,False,True,True
59.4920117855072,REPLAY,NEUTRAL,3,11,10,35,3,False,True,True
59.59230852127075,REPLAY,LEFT,3,11,10,35,3,False,True,True
59.6926052570343,REPLAY,LEFT,3,11,10,35,3,False,True,True
59.79290199279785,REPLAY,LEFT,3,11,10,35,3,False,True,True
59.8931987285614,REPLAY,NEUTRAL,3,11,10,35,3,False,True,True
59.99349546432495,REPLAY,NEUTRAL,3,11,10,35,3,False,True,True
60.0937922000885,REPLAY,NEUTRAL,3,12,11,35,3,False,True,True
60.19408893585205,REPLAY,NEUTRAL,3,12,11,35,3,False,True,True
60.2943856716156,REPLAY,NEUTRAL,3,12,11,35,3,False,True,True
60.39468240737915,REPLAY,NEUTRAL,3,12,11,35,3,False,True,True
60.4949791431427,REPLAY,LEFT,3,12,11,35,3,False,True,True
60.59527587890625,REPLAY,LEFT,3,12,11,35,3,False,True,True
60.6955726146698,REPLAY,LEFT,3,12,11,35,3,False,True,True
60.79586935043335,REPLAY,NEUTRAL,3,12,11,35,3,False,True,True
60.89215421676636,REPLAY,NEUTRAL,3,12,11,35,3,False,True,True
60.99245095252991,REPLAY,NEUTRAL,3,12,11,35,3,False,True,True
61.09274768829346,REPLAY,NEUTRAL,3,12,11,35,3,False,True,True
61.19304442405701,REPLAY,NEUTRAL,3,12,11,35,3,False,True,True
61.29334115982056,REPLAY,NEUTRAL,3,12,11,35,3,False,True,True
61.393637895584106,REPLAY,NEUTRAL,3,12,11,35,4,False,True,True
61.493934631347656,REPLAY,LEFT,3,12,11,35,4,False,True,True
61.594231367111206,REPLAY,NEUTRAL,3,12,11,36,3,False,True,True
61.694528102874756,REPLAY,NEUTRAL,3,12,11,36,3,False,True,True
61.794824838638306,REPLAY,NEUTRAL,3,12,11,36,3,False,True,True
61.895121574401855,REPLAY,NEUTRAL,3,12,11,36,3,False,True,True
61.995418310165405,REPLAY,NEUTRAL,3,12,11,36,3,False,True,True
62.095715045928955,REPLAY,LEFT,3,12,11,36,3,False,True,True
62.19199991226196,REPLAY,NEUTRAL,3,12,11,36,3,False,True,True
62.29229664802551,REPLAY,NEUTRAL,3,12,11,37,2,False,True,True
62.39259338378906,REPLAY,NEUTRAL,3,12,11,37,3,False,True,True
62.49289011955261,REPLAY,NEUTRAL,3,12,11,37,3,False,True,True
62.59318685531617,REPLAY,NEUTRAL,3,12,11,37,3,False,True,True
62.69348359107972,REPLAY,NEUTRAL,3,12,11,37,3,False,True,True
62.79378032684327,REPLAY,NEUTRAL,3,12,11,37,3,False,True,True
62.89407706260682,REPLAY,LEFT,3,12,11,37,3,False,True,True
62.99437379837037,REPLAY,LEFT,3,12,11,37,3,False,True,True
63.09467053413392,REPLAY,NEUTRAL,3,12,11,37,3,False,True,True
63.19496726989747,REPLAY,NEUTRAL,3,12,11,37,4,False,True,True
63.29526400566102,REPLAY,NEUTRAL,3,12,11,37,4,False,True,True
63.39556074142457,REPLAY,NEUTRAL,3,12,11,38,3,False,True,True
63.49585747718812,REPLAY,LEFT,3,12,11,38,3,False,True,True
63.592142343521125,REPLAY,LEFT,3,12,11,38,3,False,True,True
63.692439079284675,REPLAY,NEUTRAL,3,12,11,38,3,False,True,True
63.792735815048225,REPLAY,NEUTRAL,3,12,11,38,3,False,True,True
63.893032550811775,REPLAY,NEUTRAL,3,12,11,38,3,False,True,True
63.993329286575324,REPLAY,NEUTRAL,3,12,11,38,3,False,True,True
64.09362602233887,REPLAY,NEUTRAL,3,12,11,38,3,False,True,True
64.19392275810242,REPLAY,NEUTRAL,3,12,11,38,3,False,True,True
64.29421949386597,REPLAY,NEUTRAL,3,12,11,38,3,False,True,True
64.39451622962952,REPLAY,NEUTRAL,3,12,11,38,3,False,True,True
64.49481296539307,REPLAY,NEUTRAL,3,12,11,38,3,False,True,True
64.59510970115662,REPLAY,NEUTRAL,3,12,11,39,2,False,True,True
64.69540643692017,REPLAY,NEUTRAL,3,12,11,39,3,False,True,True
64.79570317268372,REPLAY,NEUTRAL,3,12,11,39,3,False,True,True
64.89198803901672,REPLAY,NEUTRAL,3,12,11,39,3,False,True,True
64.99228477478027,REPLAY,NEUTRAL,3,12,11,39,3,False,True,True
65.09258151054382,REPLAY,NEUTRAL,3,12,11,39,3,False,True,True
65.19287824630737,REPLAY,NEUTRAL,3,12,11,39,3,False,True,True
65.29317498207092,REPLAY,NEUTRAL,3,12,11,39,3,False,True,True
65.39347171783447,REPLAY,NEUTRAL,3,12,11,39,3,False,True,True
65.49376845359802,REPLAY,NEUTRAL,3,13,12,39,2,False,True,True
65.59406518936157,REPLAY,NEUTRAL,3,13,12,39,2,False,True,True
65.69436192512512,REPLAY,NEUTRAL,3,13,12,39,2,False,True,True
65.79465866088867,REPLAY,NEUTRAL,3,13,12,39,2,False,True,True
65.89495539665222,REPLAY,NEUTRAL,3,13,12,39,2,False,True,True
65.99525213241577,REPLAY,NEUTRAL,3,13,12,39,3,False,True,True
66.09554886817932,REPLAY,NEUTRAL,3,13,12,39,3,False,True,True
66.19584560394287,REPLAY,NEUTRAL,3,14,13,39,2,False,True,True
66.29213047027588,REPLAY,NEUTRAL,3,14,13,39,2,False,True,True
66.39242720603943,REPLAY,NEUTRAL,3,14,13,39,2,False,True,True
66.49272394180298,REPLAY,LEFT,3,14,13,39,2,False,True,True
66.59302067756653,REPLAY,LEFT,3,14,13,39,2,False,True,True
66.69331741333008,REPLAY,LEFT,3,14,13,39,2,False,True,True
66.79361414909363,REPLAY,NEUTRAL,3,14,13,39,2,False,True,True
66.89391088485718,REPLAY,NEUTRAL,3,14,13,39,2,False,True,True
66.99420762062073,REPLAY,NEUTRAL,3,14,13,39,2,False,True,True
67.09450435638428,REPLAY,NEUTRAL,3,14,13,39,2,False,True,True
67.19480109214783,REPLAY,NEUTRAL,3,14,13,39,2,False,True,True
67.29509782791138,REPLAY,LEFT,3,14,13,39,2,False,True,True
67.39539456367493,REPLAY,LEFT,3,14,13,39,2,False,True,True
67.49569129943848,REPLAY,NEUTRAL,3,15,14,39,2,False,True,True
67.59598803520203,REPLAY,NEUTRAL,3,15,14,39,2,False,True,True
67.69227290153503,REPLAY,NEUTRAL,3,15,14,39,2,False,True,True
67.79256963729858,REPLAY,NEUTRAL,3,15,14,39,2,False,True,True
67.89286637306213,REPLAY,NEUTRAL,3,15,14,39,2,False,True,True
67.99316310882568,REPLAY,NEUTRAL,3,15,14,39,2,False,True,True
68.09345984458923,REPLAY,NEUTRAL,3,15,14,39,2,False,True,True
68.19375658035278,REPLAY,LEFT,3,15,14,39,2,False,True,True
68.29405331611633,REPLAY,LEFT,3,15,14,39,2,False,True,True
68.39435005187988,REPLAY,LEFT,3,15,14,39,2,False,True,True
68.49464678764343,REPLAY,NEUTRAL,3,15,14,39,2,False,True,True
68.59494352340698,REPLAY,NEUTRAL,3,15,14,39,2,False,True,True
68.69524025917053,REPLAY,NEUTRAL,3,15,14,39,3,False,True,True
68.79553699493408,REPLAY,NEUTRAL,3,16,15,39,2,False,True,True
68.89583373069763,REPLAY,NEUTRAL,3,16,15,39,2,False,True,True
68.99211859703064,REPLAY,NEUTRAL,3,16,15,39,2,False,True,True
69.09241533279419,REPLAY,NEUTRAL,3,16,15,39,2,False,True,True
69.19271206855774,REPLAY,NEUTRAL,3,16,15,39,2,False,True,True
69.29300880432129,REPLAY,NEUTRAL,3,16,15,39,2,False,True,True
69.39330554008484,REPLAY,NEUTRAL,3,16,15,39,2,False,True,True
69.49360227584839,REPLAY,NEUTRAL,3,16,15,39,2,False,True,True
69.59389901161194,REPLAY,NEUTRAL,3,16,15,39,2,False,True,True
69.69419574737549,REPLAY,NEUTRAL,3,16,15,39,2,False,True,True
69.79449248313904,REPLAY,NEUTRAL,3,16,15,39,2,False,True,True
69.89478921890259,REPLAY,NEUTRAL,3,16,15,39,3,False,True,True
69.99508595466614,REPLAY,NEUTRAL,3,16,15,39,3,False,True,True
70.09538269042969,REPLAY,NEUTRAL,3,16,15,39,3,False,True,True
70.19567942619324,REPLAY,NEUTRAL,3,16,15,39,3,False,True,True
70.29597616195679,REPLAY,NEUTRAL,3,16,15,39,3,False,True,True
70.3922610282898,REPLAY,NEUTRAL,3,16,15,39,3,False,True,True
70.49255776405334,REPLAY,NEUTRAL,3,16,15,39,3,False,True,True
70.5928544998169,REPLAY,NEUTRAL,3,17,16,39,2,False,True,True
70.69315123558044,REPLAY,NEUTRAL,3,17,16,39,2,False,True,True
70.793447971344,REPLAY,NEUTRAL,3,17,16,39,2,False,True,True
70.89374470710754,REPLAY,NEUTRAL,3,17,16,39,2,False,True,True
70.9940414428711,REPLAY,LEFT,3,17,16,39,2,False,True,True
71.09433817863464,REPLAY,LEFT,3,17,16,39,2,False,True,True
71.1946349143982,REPLAY,NEUTRAL,3,17,16,39,2,False,True,True
71.29493165016174,REPLAY,NEUTRAL,3,17,16,39,2,False,True,True
71.3952283859253,REPLAY,NEUTRAL,3,17,16,39,3,False,True,True
71.49552512168884,REPLAY,NEUTRAL,3,17,16,39,3,False,True,True
71.59582185745239,REPLAY,NEUTRAL,3,17,16,39,3,False,True,True
71.6921067237854,REPLAY,NEUTRAL,3,17,16,39,3,False,True,True
71.79240345954895,REPLAY,NEUTRAL,3,18,17,39,2,False,True,True
71.8927001953125,REPLAY,NEUTRAL,3,18,17,39,2,False,True,True
71.99299693107605,REPLAY,NEUTRAL,3,18,17,39,2,False,True,True
72.0932936668396,REPLAY,NEUTRAL,3,18,17,39,2,False,True,True
72.19359040260315,REPLAY,NEUTRAL,3,18,17,39,2,False,True,True
72.2938871383667,REPLAY,NEUTRAL,3,18,17,39,2,False,True,True
72.39418387413025,REPLAY,NEUTRAL,3,18,17,39,2,False,True,True
72.4944806098938,REPLAY,NEUTRAL,3,18,17,39,2,False,True,True
72.59477734565735,REPLAY,NEUTRAL,3,18,17,39,2,False,True,True
72.6950740814209,REPLAY,NEUTRAL,3,18,17,39,3,False,True,True
72.79537081718445,REPLAY,NEUTRAL,3,18,17,39,3,False,True,True
72.895667552948,REPLAY,NEUTRAL,3,18,17,39,3,False,True,True
72.99596428871155,REPLAY,NEUTRAL,3,18,17,39,3,False,True,True
73.09224915504456,REPLAY,NEUTRAL,3,18,17,39,3,False,True,True
73.1925458908081,REPLAY,NEUTRAL,3,18,17,40,2,False,True,True
73.29284262657166,REPLAY,LEFT,3,18,17,40,2,False,True,True
73.3931393623352,REPLAY,NEUTRAL,3,18,17,40,2,False,True,True
73.49343609809875,REPLAY,NEUTRAL,3,18,17,40,2,False,True,True
73.5937328338623,REPLAY,NEUTRAL,3,18,17,40,2,False,True,True
73.69402956962585,REPLAY,NEUTRAL,3,18,17,40,2,False,True,True
73.7943263053894,REPLAY,NEUTRAL,3,18,17,40,2,False,True,True
73.89462304115295,REPLAY,NEUTRAL,3,18,17,40,2,False,True,True
73.9949197769165,REPLAY,NEUTRAL,3,18,17,40,2,False,True,True
74.09521651268005,REPLAY,NEUTRAL,3,18,17,40,3,False,True,True
74.1955132484436,REPLAY,NEUTRAL,3,18,17,40,3,False,True,True
74.29580998420715,REPLAY,NEUTRAL,3,18,17,40,3,False,True,True
74.39209485054016,REPLAY,NEUTRAL,3,18,17,40,3,False,True,True
74.49239158630371,REPLAY,NEUTRAL,3,18,17,41,2,False,True,True
74.59268832206726,REPLAY,NEUTRAL,3,18,17,41,2,False,True,True
74.69298505783081,REPLAY,NEUTRAL,3,18,17,41,2,False,True,True
74.79328179359436,REPLAY,NEUTRAL,3,18,17,41,2,False,True,True
74.89357852935791,REPLAY,NEUTRAL,3,18,17,41,2,False,True,True
74.99387526512146,REPLAY,NEUTRAL,3,18,17,41,3,False,True,True
75.09417200088501,REPLAY,NEUTRAL,3,18,17,41,3,False,True,True
75.19446873664856,REPLAY,NEUTRAL,3,18,17,41,3,False,True,True
75.29476547241211,REPLAY,NEUTRAL,3,18,17,41,3,False,True,True
75.39506220817566,REPLAY,NEUTRAL,3,18,17,41,3,False,True,True
75.49535894393921,REPLAY,LEFT,3,18,17,41,3,False,True,True
75.59565567970276,REPLAY,LEFT,3,18,17,41,3,False,True,True
75.69595241546631,REPLAY,NEUTRAL,3,18,17,41,3,False,True,True
75.79223728179932,REPLAY,NEUTRAL,3,18,17,41,4,False,True,True
75.89253401756287,REPLAY,NEUTRAL,3,19,18,41,3,False,True,True
75.99283075332642,REPLAY,NEUTRAL,3,19,18,41,3,False,True,True
76.09312748908997,REPLAY,NEUTRAL,3,19,18,41,3,False,True,True
76.19342422485352,REPLAY,NEUTRAL,3,19,18,41,3,False,True,True
76.29372096061707,REPLAY,NEUTRAL,3,19,18,41,3,False,True,True
76.39401769638062,REPLAY,RIGHT,3,19,18,41,3,False,True,True
76.49431443214417,REPLAY,RIGHT,3,19,18,41,3,False,True,True
76.59461116790771,REPLAY,NEUTRAL,3,19,18,41,3,False,True,True
76.69490790367126,REPLAY,NEUTRAL,3,19,18,41,3,False,True,True
76.79520463943481,REPLAY,NEUTRAL,3,19,18,41,4,False,True,True
76.89550137519836,REPLAY,NEUTRAL,3,19,18,41,4,False,True,True
76.99579811096191,REPLAY,NEUTRAL,3,20,19,41,3,False,True,True
77.09208297729492,REPLAY,LEFT,3,20,19,41,3,False,True,True
77.19237971305847,REPLAY,LEFT,3,20,19,41,3,False,True,True
77.29267644882202,REPLAY,LEFT,3,20,19,41,3,False,True,True
77.39297318458557,REPLAY,NEUTRAL,3,20,19,41,3,False,True,True
77.49326992034912,REPLAY,NEUTRAL,3,20,19,41,3,False,True,True
77.59356665611267,REPLAY,NEUTRAL,3,20,19,41,3,False,True,True
77.69386339187622,REPLAY,NEUTRAL,3,20,19,41,3,False,True,True
77.79416012763977,REPLAY,NEUTRAL,3,20,19,41,3,False,True,True
77.89445686340332,REPLAY,RIGHT,3,20,19,41,3,False,True,True
77.99475359916687,REPLAY,RIGHT,3,20,19,41,3,False,True,True
78.09505033493042,REPLAY,RIGHT,3,20,19,41,4,False,True,True
78.19534707069397,REPLAY,NEUTRAL,3,20,19,41,4,False,True,True
78.29564380645752,REPLAY,NEUTRAL,3,20,19,41,4,False,True,True
78.39594054222107,REPLAY,NEUTRAL,3,20,19,41,4,False,True,True
78.49222540855408,REPLAY,NEUTRAL,3,20,19,42,3,False,True,True
78.59252214431763,REPLAY,NEUTRAL,3,20,19,42,3,False,True,True
78.69281888008118,REPLAY,NEUTRAL,3,20,19,42,3,False,True,True
78.79311561584473,REPLAY,LEFT,3,20,19,42,3,False,True,True
78.89341235160828,REPLAY,NEUTRAL,3,20,19,43,2,False,True,True
78.99370908737183,REPLAY,NEUTRAL,3,20,19,43,3,False,True,True
79.09400582313538,REPLAY,NEUTRAL,3,20,19,43,3,False,True,True
79.19430255889893,REPLAY,NEUTRAL,3,20,19,43,3,False,True,True
79.29459929466248,REPLAY,NEUTRAL,3,20,19,43,3,False,True,True
79.39489603042603,REPLAY,NEUTRAL,3,20,19,43,3,False,True,True
79.49519276618958,REPLAY,NEUTRAL,3,20,19,43,3,False,True,True
79.59548950195312,REPLAY,NEUTRAL,3,20,19,43,3,False,True,True
79.69578623771667,REPLAY,NEUTRAL,3,20,19,44,2,False,True,True
79.79207110404968,REPLAY,NEUTRAL,3,20,19,44,3,False,True,True
79.89236783981323,REPLAY,NEUTRAL,3,20,19,44,3,False,True,True
79.99266457557678,REPLAY,LEFT,3,20,19,44,3,False,True,True
80.09296131134033,REPLAY,LEFT,3,20,19,44,3,False,True,True
80.19325804710388,REPLAY,NEUTRAL,3,20,19,44,3,False,True,True
80.29355478286743,REPLAY,NEUTRAL,3,20,19,44,3,False,True,True
80.39385151863098,REPLAY,NEUTRAL,3,20,19,44,3,False,True,True
80.49414825439453,REPLAY,NEUTRAL,3,20,19,44,3,False,True,True
80.59444499015808,REPLAY,NEUTRAL,3,20,19,44,3,False,True,True
80.69474172592163,REPLAY,NEUTRAL,3,20,19,44,3,False,True,True
80.79503846168518,REPLAY,NEUTRAL,3,20,19,44,3,False,True,True
80.89533519744873,REPLAY,NEUTRAL,3,20,19,44,3,False,True,True
80.99563193321228,REPLAY,LEFT,3,20,19,44,4,False,True,True
81.09592866897583,REPLAY,LEFT,3,20,19,44,4,False,True,True
81.19221353530884,REPLAY,LEFT,3,20,19,44,4,False,True,True
81.29251027107239,REPLAY,NEUTRAL,3,20,19,44,4,False,True,True
81.39280700683594,REPLAY,NEUTRAL,3,20,19,44,4,False,True,True
81.49310374259949,REPLAY,NEUTRAL,3,20,19,44,4,False,True,True
81.59340047836304,REPLAY,NEUTRAL,3,20,19,45,3,False,True,True
81.69369721412659,REPLAY,NEUTRAL,3,20,19,45,3,False,True,True
81.79399394989014,REPLAY,NEUTRAL,3,21,20,45,2,False,True,True
81.89429068565369,REPLAY,NEUTRAL,3,21,20,45,2,False,True,True
81.99458742141724,REPLAY,NEUTRAL,3,21,20,45,2,False,True,True
82.09488415718079,REPLAY,NEUTRAL,3,21,20,45,2,False,True,True
82.19518089294434,REPLAY,LEFT,3,21,20,45,3,False,True,True
82.29547762870789,REPLAY,LEFT,3,21,20,45,3,False,True,True
82.39577436447144,REPLAY,LEFT,3,21,20,45,3,False,True,True
82.49205923080444,REPLAY,NEUTRAL,3,21,20,45,3,False,True,True
82.592355966568,REPLAY,NEUTRAL,3,21,20,45,3,False,True,True
82.69265270233154,REPLAY,NEUTRAL,3,21,20,45,3,False,True,True
82.79294943809509,REPLAY,NEUTRAL,3,21,20,45,3,False,True,True
82.89324617385864,REPLAY,NEUTRAL,3,21,20,45,3,False,True,True
82.99354290962219,REPLAY,NEUTRAL,3,21,20,46,2,False,True,True
83.09383964538574,REPLAY,NEUTRAL,3,21,20,46,2,False,True,True
83.19413638114929,REPLAY,NEUTRAL,3,21,20,46,2,False,True,True
83.29443311691284,REPLAY,NEUTRAL,3,21,20,46,2,False,True,True
83.39472985267639,REPLAY,NEUTRAL,3,21,20,46,2,False,True,True
83.49502658843994,REPLAY,NEUTRAL,3,21,20,46,2,False,True,True
83.59532332420349,REPLAY,NEUTRAL,3,21,20,46,3,False,True,True
83.69562005996704,REPLAY,NEUTRAL,3,21,20,46,3,False,True,True
83.79591679573059,REPLAY,NEUTRAL,3,21,20,46,3,False,True,True
83.8922016620636,REPLAY,NEUTRAL,3,21,20,46,3,False,True,True
83.99249839782715,REPLAY,NEUTRAL,3,21,20,46,3,False,True,True
84.0927951335907,REPLAY,NEUTRAL,3,21,20,46,3,False,True,True
84.19309186935425,REPLAY,NEUTRAL,3,21,20,46,3,False,True,True
84.2933886051178,REPLAY,NEUTRAL,3,21,20,46,3,False,True,True
84.39368534088135,REPLAY,LEFT,3,21,20,46,3,False,True,True
84.4939820766449,REPLAY,LEFT,3,21,20,46,3,False,True,True
84.59427881240845,REPLAY,NEUTRAL,3,21,20,47,2,False,True,True
84.694575548172,REPLAY,NEUTRAL,3,21,20,47,2,False,True,True
84.79487228393555,REPLAY,NEUTRAL,3,21,20,47,3,False,True,True
84.8951690196991,REPLAY,NEUTRAL,3,21,20,47,3,False,True,True
84.99546575546265,REPLAY,NEUTRAL,3,21,20,47,3,False,True,True
85.0957624912262,REPLAY,NEUTRAL,3,21,20,47,3,False,True,True
85.1920473575592,REPLAY,NEUTRAL,3,21,20,47,3,False,True,True
85.29234409332275,REPLAY,NEUTRAL,3,21,20,47,3,False,True,True
85.3926408290863,REPLAY,NEUTRAL,3,21,20,48,2,False,True,True
85.49293756484985,REPLAY,NEUTRAL,3,21,20,48,2,False,True,True
85.5932343006134,REPLAY,NEUTRAL,3,21,20,48,2,False,True,True
85.69353103637695,REPLAY,NEUTRAL,3,21,20,48,2,False,True,True
85.7938277721405,REPLAY,NEUTRAL,3,21,20,48,2,False,True,True
85.89412450790405,REPLAY,NEUTRAL,3,21,20,48,2,False,True,True
85.9944212436676,REPLAY,NEUTRAL,3,21,20,48,3,False,True,True
86.09471797943115,REPLAY,NEUTRAL,3,21,20,48,3,False,True,True
86.1950147151947,REPLAY,NEUTRAL,3,21,20,48,3,False,True,True
86.29531145095825,REPLAY,NEUTRAL,3,21,20,48,3,False,True,True
86.3956081867218,REPLAY,NEUTRAL,3,21,20,48,3,False,True,True
86.49590492248535,REPLAY,NEUTRAL,3,21,20,48,3,False,True,True
86.59218978881836,REPLAY,NEUTRAL,3,21,20,49,2,False,True,True
86.69248652458191,REPLAY,NEUTRAL,3,21,20,49,2,False,True,True
86.79278326034546,REPLAY,NEUTRAL,3,21,20,49,2,False,True,True
86.89307999610901,REPLAY,LEFT,3,21,20,49,2,False,True,True
86.99337673187256,REPLAY,LEFT,3,21,20,49,3,False,True,True
87.09367346763611,REPLAY,NEUTRAL,3,21,20,49,3,False,True,True
87.19397020339966,REPLAY,NEUTRAL,3,21,20,49,3,False,True,True
87.29426693916321,REPLAY,NEUTRAL,3,21,20,49,3,False,True,True
87.39456367492676,REPLAY,NEUTRAL,3,21,20,49,3,False,True,True
87.49486041069031,REPLAY,NEUTRAL,3,21,20,49,3,False,True,True
87.59515714645386,REPLAY,NEUTRAL,3,21,20,49,3,False,True,True
87.69545388221741,REPLAY,NEUTRAL,3,21,20,49,3,False,True,True
87.79575061798096,REPLAY,NEUTRAL,3,21,20,49,3,False,True,True
87.89203548431396,REPLAY,NEUTRAL,3,21,20,49,3,False,True,True
87.99233222007751,REPLAY,NEUTRAL,3,21,20,50,2,False,True,True
88.09262895584106,REPLAY,LEFT,3,21,20,50,3,False,True,True
88.19292569160461,REPLAY,LEFT,3,21,20,50,3,False,True,True
88.29322242736816,REPLAY,LEFT,3,21,20,50,3,False,True,True
88.39351916313171,REPLAY,NEUTRAL,3,21,20,50,3,False,True,True
88.49381589889526,REPLAY,NEUTRAL,3,21,20,50,3,False,True,True
88.59411263465881,REPLAY,NEUTRAL,3,21,20,50,3,False,True,True
88.69440937042236,REPLAY,NEUTRAL,3,21,20,50,3,False,True,True
88.79470610618591,REPLAY,NEUTRAL,3,21,20,50,3,False,True,True
88.89500284194946,REPLAY,NEUTRAL,3,21,20,50,3,False,True,True
88.99529957771301,REPLAY,NEUTRAL,3,21,20,50,3,False,True,True
89.09559631347656,REPLAY,NEUTRAL,3,21,20,50,3,False,True,True
89.19589304924011,REPLAY,NEUTRAL,3,21,20,50,3,False,True,True
89.29217791557312,REPLAY,NEUTRAL,3,21,20,50,3,False,True,True
89.39247465133667,REPLAY,NEUTRAL,3,21,20,51,2,False,True,True
89.49277138710022,REPLAY,NEUTRAL,3,21,20,51,2,False,True,True
89.59306812286377,REPLAY,NEUTRAL,3,21,20,51,3,False,True,True
89.69336485862732,REPLAY,NEUTRAL,3,21,20,51,3,False,True,True
89.79366159439087,REPLAY,NEUTRAL,3,21,20,51,3,False,True,True
89.89395833015442,REPLAY,NEUTRAL,3,21,20,51,3,False,True,True
89.99425506591797,REPLAY,LEFT,3,21,20,51,3,False,True,True
90.09455180168152,REPLAY,LEFT,3,21,20,51,3,False,True,True
90.19484853744507,REPLAY,NEUTRAL,3,21,20,51,3,False,True,True
90.29514527320862,REPLAY,NEUTRAL,3,21,20,51,3,False,True,True
90.39544200897217,REPLAY,NEUTRAL,3,21,20,52,2,False,True,True
90.49573874473572,REPLAY,NEUTRAL,3,21,20,52,2,False,True,True
90.59202361106873,REPLAY,NEUTRAL,3,21,20,52,2,False,True,True
90.69232034683228,REPLAY,NEUTRAL,3,21,20,52,2,False,True,True
90.79261708259583,REPLAY,NEUTRAL,3,21,20,52,2,False,True,True
90.89291381835938,REPLAY,NEUTRAL,3,21,20,52,2,False,True,True
90.99321055412292,REPLAY,NEUTRAL,3,21,20,52,2,False,True,True
91.09350728988647,REPLAY,LEFT,3,21,20,52,2,False,True,True
91.19380402565002,REPLAY,LEFT,3,21,20,52,2,False,True,True
91.29410076141357,REPLAY,NEUTRAL,3,21,20,52,3,False,True,True
91.39439749717712,REPLAY,NEUTRAL,3,21,20,53,2,False,True,True
91.49469423294067,REPLAY,NEUTRAL,3,21,20,53,2,False,True,True
91.59499096870422,REPLAY,NEUTRAL,3,21,20,53,2,False,True,True
91.69528770446777,REPLAY,NEUTRAL,3,21,20,53,2,False,True,True
91.79558444023132,REPLAY,NEUTRAL,3,21,20,53,2,False,True,True
91.89588117599487,REPLAY,NEUTRAL,3,21,20,53,2,False,True,True
91.99216604232788,REPLAY,NEUTRAL,3,21,20,53,2,False,True,True
92.09246277809143,REPLAY,NEUTRAL,3,21,20,53,2,False,True,True
92.19275951385498,REPLAY,NEUTRAL,3,21,20,53,2,False,True,True
92.29305624961853,REPLAY,NEUTRAL,3,21,20,53,2,False,True,True
92.39335298538208,REPLAY,NEUTRAL,3,21,20,53,2,False,True,True
92.49364972114563,REPLAY,NEUTRAL,3,21,20,53,3,False,True,True
92.59394645690918,REPLAY,NEUTRAL,3,21,20,53,3,False,True,True
92.69424319267273,REPLAY,NEUTRAL,3,21,20,53,3,False,True,True
92.79453992843628,REPLAY,NEUTRAL,3,21,20,53,3,False,True,True
92.89483666419983,REPLAY,NEUTRAL,3,21,20,54,2,False,True,True
92.99513339996338,REPLAY,NEUTRAL,3,21,20,54,2,False,True,True
93.09543013572693,REPLAY,NEUTRAL,3,21,20,54,2,False,True,True
93.19572687149048,REPLAY,NEUTRAL,3,21,20,54,2,False,True,True
93.29201173782349,REPLAY,LEFT,3,21,20,54,3,False,True,True
93.39230847358704,REPLAY,LEFT,3,21,20,54,3,False,True,True
93.49260520935059,REPLAY,NEUTRAL,3,21,20,54,3,False,True,True
93.59290194511414,REPLAY,NEUTRAL,3,21,20,54,3,False,True,True
93.69319868087769,REPLAY,NEUTRAL,3,21,20,54,3,False,True,True
93.79349541664124,REPLAY,NEUTRAL,3,21,20,54,3,False,True,True
93.89379215240479,REPLAY,NEUTRAL,3,21,20,54,3,False,True,True
93.99408888816833,REPLAY,NEUTRAL,3,21,20,54,3,False,True,True
94.09438562393188,REPLAY,NEUTRAL,3,21,20,54,3,False,True,True
94.19468235969543,REPLAY,NEUTRAL,3,21,20,54,3,False,True,True
94.29497909545898,REPLAY,NEUTRAL,3,21,20,54,3,False,True,True
94.39527583122253,REPLAY,NEUTRAL,3,21,20,54,3,False,True,True
94.49557256698608,REPLAY,NEUTRAL,3,21,20,55,2,False,True,True
94.59586930274963,REPLAY,LEFT,3,21,20,55,2,False,True,True
94.69215416908264,REPLAY,LEFT,3,21,20,55,2,False,True,True
94.79245090484619,REPLAY,NEUTRAL,3,21,20,55,3,False,True,True
94.89274764060974,REPLAY,NEUTRAL,3,21,20,55,3,False,True,True
94.99304437637329,REPLAY,NEUTRAL,3,21,20,55,3,False,True,True
95.09334111213684,REPLAY,NEUTRAL,3,21,20,55,3,False,True,True
95.19363784790039,REPLAY,NEUTRAL,3,21,20,55,3,False,True,True
95.29393458366394,REPLAY,NEUTRAL,3,21,20,55,3,False,True,True
95.39423131942749,REPLAY,NEUTRAL,3,21,20,55,3,False,True,True
95.49452805519104,REPLAY,NEUTRAL,3,22,21,55,2,False,True,True
95.59482479095459,REPLAY,LEFT,3,22,21,55,2,False,True,True
95.69512152671814,REPLAY,LEFT,3,22,21,55,2,False,True,True
95.79541826248169,REPLAY,LEFT,3,22,21,55,2,False,True,True
95.89571499824524,REPLAY,NEUTRAL,3,22,21,55,2,False,True,True
95.99199986457825,REPLAY,NEUTRAL,3,22,21,55,2,False,True,True
96.0922966003418,REPLAY,NEUTRAL,3,22,21,55,2,False,True,True
96.19259333610535,REPLAY,NEUTRAL,3,22,21,55,2,False,True,True
96.2928900718689,REPLAY,NEUTRAL,3,22,21,55,3,False,True,True
96.39318680763245,REPLAY,NEUTRAL,3,22,21,55,3,False,True,True
96.493483543396,REPLAY,NEUTRAL,3,22,21,55,3,False,True,True
96.59378027915955,REPLAY,NEUTRAL,3,22,21,55,3,False,True,True
96.6940770149231,REPLAY,NEUTRAL,3,22,21,55,3,False,True,True
96.79437375068665,REPLAY,RIGHT,3,22,21,56,2,False,True,True
96.8946704864502,REPLAY,RIGHT,3,22,21,56,2,False,True,True
96.99496722221375,REPLAY,RIGHT,3,22,21,56,2,False,True,True
97.0952639579773,REPLAY,NEUTRAL,3,22,21,56,2,False,True,True
97.19556069374084,REPLAY,NEUTRAL,3,22,21,56,2,False,True,True
97.2958574295044,REPLAY,NEUTRAL,3,22,21,56,3,False,True,True
97.3921422958374,REPLAY,NEUTRAL,3,22,21,56,3,False,True,True
97.49243903160095,REPLAY,NEUTRAL,3,22,21,56,3,False,True,True
97.5927357673645,REPLAY,NEUTRAL,3,22,21,56,3,False,True,True
97.69303250312805,REPLAY,NEUTRAL,3,22,21,57,2,False,True,True
97.7933292388916,REPLAY,LEFT,3,22,21,57,2,False,True,True
97.89362597465515,REPLAY,LEFT,3,22,21,57,2,False,True,True
97.9939227104187,REPLAY,NEUTRAL,3,22,21,57,2,False,True,True
98.09421944618225,REPLAY,NEUTRAL,3,22,21,57,2,False,True,True
98.1945161819458,REPLAY,NEUTRAL,3,22,21,57,2,False,True,True
98.29481291770935,REPLAY,NEUTRAL,3,22,21,57,2,False,True,True
98.3951096534729,REPLAY,LEFT,3,22,21,57,2,False,True,True
98.49540638923645,REPLAY,LEFT,3,22,21,57,2,False,True,True
98.595703125,REPLAY,NEUTRAL,3,22,21,57,2,False,True,True
98.69198799133301,REPLAY,NEUTRAL,3,22,21,57,2,False,True,True
98.79228472709656,REPLAY,NEUTRAL,3,22,21,57,2,False,True,True
98.89258146286011,REPLAY,NEUTRAL,3,22,21,57,3,False,True,True
98.99287819862366,REPLAY,NEUTRAL,3,22,21,57,3,False,True,True
99.0931749343872,REPLAY,LEFT,3,22,21,57,3,False,True,True
99.19347167015076,REPLAY,LEFT,3,22,21,57,3,False,True,True
99.2937684059143,REPLAY,LEFT,3,22,21,58,2,False,True,True
99.39406514167786,REPLAY,NEUTRAL,3,22,21,58,2,False,True,True
99.4943618774414,REPLAY,NEUTRAL,3,22,21,58,2,False,True,True
99.59465861320496,REPLAY,NEUTRAL,3,22,21,58,2,False,True,True
99.6949553489685,REPLAY,NEUTRAL,3,22,21,58,2,False,True,True
99.79525208473206,REPLAY,NEUTRAL,3,22,21,58,2,False,True,True
99.8955488204956,REPLAY,NEUTRAL,3,22,21,58,2,False,True,True
99.99584555625916,REPLAY,NEUTRAL,3,22,21,58,2,False,True,True
100.09213042259216,REPLAY,NEUTRAL,3,22,21,58,2,False,True,True
100.19242715835571,REPLAY,NEUTRAL,3,22,21,58,3,False,True,True
100.29272389411926,REPLAY,NEUTRAL,3,22,21,58,3,False,True,True
100.39302062988281,REPLAY,NEUTRAL,3,22,21,58,3,False,True,True
100.49331736564636,REPLAY,NEUTRAL,3,22,21,58,3,False,True,True
100.59361410140991,REPLAY,NEUTRAL,3,22,21,58,3,False,True,True
100.69391083717346,REPLAY,NEUTRAL,3,22,21,59,2,False,True,True
100.79420757293701,REPLAY,NEUTRAL,3,22,21,59,2,False,True,True
100.89450430870056,REPLAY,LEFT,3,22,21,59,2,False,True,True
100.99480104446411,REPLAY,NEUTRAL,3,22,21,59,2,False,True,True
101.09509778022766,REPLAY,NEUTRAL,3,22,21,59,2,False,True,True
101.19539451599121,REPLAY,NEUTRAL,3,22,21,59,2,False,True,True
101.29569125175476,REPLAY,NEUTRAL,3,22,21,59,2,False,True,True
101.39598798751831,REPLAY,NEUTRAL,3,22,21,59,2,False,True,True
101.49227285385132,REPLAY,NEUTRAL,3,22,21,59,2,False,True,True
101.59256958961487,REPLAY,NEUTRAL,3,22,21,59,2,False,True,True
101.69286632537842,REPLAY,LEFT,3,22,21,59,3,False,True,True
101.79316306114197,REPLAY,LEFT,3,22,21,59,3,False,True,True
101.89345979690552,REPLAY,LEFT,3,22,21,59,3,False,True,True
101.99375653266907,REPLAY,NEUTRAL,3,22,21,59,3,False,True,True
102.09405326843262,REPLAY,NEUTRAL,3,22,21,59,3,False,True,True
102.19435000419617,REPLAY,NEUTRAL,3,22,21,59,3,False,True,True
102.29464673995972,REPLAY,NEUTRAL,3,22,21,60,2,False,True,True
102.39494347572327,REPLAY,NEUTRAL,3,22,21,60,2,False,True,True
102.49524021148682,REPLAY,NEUTRAL,3,22,21,60,2,False,True,True
102.59553694725037,REPLAY,LEFT,3,22,21,60,2,False,True,True
102.69583368301392,REPLAY,LEFT,3,22,21,60,2,False,True,True
102.79211854934692,REPLAY,NEUTRAL,3,22,21,60,2,False,True,True
102.89241528511047,REPLAY,NEUTRAL,3,22,21,60,2,False,True,True
102.99271202087402,REPLAY,NEUTRAL,3,22,21,60,2,False,True,True
103.09300875663757,REPLAY,NEUTRAL,3,22,21,60,2,False,True,True
103.19330549240112,REPLAY,NEUTRAL,3,22,21,60,3,False,True,True
103.29360222816467,REPLAY,NEUTRAL,3,22,21,61,2,False,True,True
103.39389896392822,REPLAY,NEUTRAL,3,22,21,61,2,False,True,True
103.49419569969177,REPLAY,NEUTRAL,3,22,21,61,2,False,True,True
103.59449243545532,REPLAY,NEUTRAL,3,22,21,61,2,False,True,True
103.69478917121887,REPLAY,NEUTRAL,3,22,21,61,2,False,True,True
103.79508590698242,REPLAY,NEUTRAL,3,22,21,61,2,False,True,True
103.89538264274597,REPLAY,LEFT,3,22,21,61,2,False,True,True
103.99567937850952,REPLAY,LEFT,3,22,21,61,2,False,True,True
104.09597611427307,REPLAY,LEFT,3,22,21,61,2,False,True,True
104.19226098060608,REPLAY,NEUTRAL,3,22,21,61,3,False,True,True
104.29255771636963,REPLAY,NEUTRAL,3,22,21,61,3,False,True,True
104.39285445213318,REPLAY,NEUTRAL,3,22,21,61,3,False,True,True
104.49315118789673,REPLAY,NEUTRAL,3,22,21,61,3,False,True,True
104.59344792366028,REPLAY,NEUTRAL,3,22,21,61,3,False,True,True
104.69374465942383,REPLAY,LEFT,3,22,21,62,2,False,True,True
104.79404139518738,REPLAY,LEFT,3,22,21,62,2,False,True,True
104.89433813095093,REPLAY,NEUTRAL,3,22,21,62,2,False,True,True
104.99463486671448,REPLAY,NEUTRAL,3,22,21,62,2,False,True,True
105.09493160247803,REPLAY,NEUTRAL,3,22,21,62,2,False,True,True
105.19522833824158,REPLAY,NEUTRAL,3,22,21,62,2,False,True,True
105.29552507400513,REPLAY,NEUTRAL,3,22,21,62,2,False,True,True
105.39582180976868,REPLAY,NEUTRAL,3,22,21,62,2,False,True,True
105.49210667610168,REPLAY,NEUTRAL,3,22,21,62,3,False,True,True
105.59240341186523,REPLAY,LEFT,3,22,21,62,3,False,True,True
105.69270014762878,REPLAY,LEFT,3,22,21,62,3,False,True,True
105.79299688339233,REPLAY,NEUTRAL,3,22,21,62,3,False,True,True
105.89329361915588,REPLAY,NEUTRAL,3,22,21,62,3,False,True,True
105.99359035491943,REPLAY,NEUTRAL,3,22,21,62,3,False,True,True
106.09388709068298,REPLAY,NEUTRAL,3,22,21,62,3,False,True,True
106.19418382644653,REPLAY,NEUTRAL,3,23,22,62,2,False,True,True
106.29448056221008,REPLAY,NEUTRAL,3,23,22,62,2,False,True,True
106.39477729797363,REPLAY,NEUTRAL,3,23,22,62,2,False,True,True
106.49507403373718,REPLAY,NEUTRAL,3,23,22,62,2,False,True,True
106.59537076950073,REPLAY,LEFT,3,23,22,62,2,False,True,True
106.69566750526428,REPLAY,LEFT,3,23,22,62,2,False,True,True
106.79596424102783,REPLAY,LEFT,3,23,22,62,2,False,True,True
106.89224910736084,REPLAY,NEUTRAL,3,24,23,62,2,False,True,True
106.99254584312439,REPLAY,NEUTRAL,3,24,23,62,2,False,True,True
107.09284257888794,REPLAY,NEUTRAL,3,24,23,62,2,False,True,True
107.19313931465149,REPLAY,NEUTRAL,3,24,23,62,2,False,True,True
107.29343605041504,REPLAY,NEUTRAL,3,24,23,62,2,False,True,True
107.39373278617859,REPLAY,NEUTRAL,3,24,23,62,2,False,True,True
107.49402952194214,REPLAY,NEUTRAL,3,24,23,62,2,False,True,True
107.59432625770569,REPLAY,NEUTRAL,3,24,23,62,2,False,True,True
107.69462299346924,REPLAY,NEUTRAL,3,24,23,62,2,False,True,True
107.79491972923279,REPLAY,NEUTRAL,3,24,23,62,2,False,True,True
107.89521646499634,REPLAY,LEFT,3,24,23,62,2,False,True,True
107.99551320075989,REPLAY,NEUTRAL,3,24,23,62,2,False,True,True
108.09580993652344,REPLAY,NEUTRAL,3,24,23,62,2,False,True,True
108.19209480285645,REPLAY,NEUTRAL,3,24,23,62,2,False,True,True
108.29239153862,REPLAY,NEUTRAL,3,24,23,62,2,False,True,True
108.39268827438354,REPLAY,LEFT,3,24,23,62,3,False,True,True
108.4929850101471,REPLAY,LEFT,3,24,23,62,3,False,True,True
108.59328174591064,REPLAY,NEUTRAL,3,24,23,62,3,False,True,True
108.6935784816742,REPLAY,NEUTRAL,3,24,23,62,3,False,True,True
108.79387521743774,REPLAY,NEUTRAL,3,24,23,63,2,False,True,True
108.8941719532013,REPLAY,NEUTRAL,3,24,23,63,2,False,True,True
108.99446868896484,REPLAY,NEUTRAL,3,24,23,63,2,False,True,True
109.0947654247284,REPLAY,NEUTRAL,3,24,23,63,2,False,True,True
109.19506216049194,REPLAY,NEUTRAL,3,24,23,63,2,False,True,True
109.2953588962555,REPLAY,NEUTRAL,3,24,23,63,2,False,True,True
109.39565563201904,REPLAY,NEUTRAL,3,24,23,63,2,False,True,True
109.49595236778259,REPLAY,NEUTRAL,3,24,23,63,3,False,True,True
109.5922372341156,REPLAY,NEUTRAL,3,24,23,63,3,False,True,True
109.69253396987915,REPLAY,NEUTRAL,3,24,23,63,3,False,True,True
109.7928307056427,REPLAY,NEUTRAL,3,24,23,63,3,False,True,True
109.89312744140625,REPLAY,NEUTRAL,3,24,23,63,3,False,True,True
109.9934241771698,REPLAY,NEUTRAL,3,24,23,63,3,False,True,True
110.09372091293335,REPLAY,NEUTRAL,3,24,23,63,3,False,True,True
110.1940176486969,REPLAY,LEFT,3,24,23,63,3,False,True,True
110.29431438446045,REPLAY,LEFT,3,24,23,63,3,False,True,True
110.394611120224,REPLAY,NEUTRAL,3,24,23,63,3,False,True,True
110.49490785598755,REPLAY,NEUTRAL,3,24,23,64,3,False,True,True
110.5952045917511,REPLAY,NEUTRAL,3,24,23,64,3,False,True,True
110.69550132751465,REPLAY,NEUTRAL,3,24,23,64,3,False,True,True
110.7957980632782,REPLAY,LEFT,3,24,23,64,3,False,True,True
110.8920829296112,REPLAY,LEFT,3,24,23,64,3,False,True,True
110.99237966537476,REPLAY,NEUTRAL,3,24,23,64,3,False,True,True
111.0926764011383,REPLAY,NEUTRAL,3,24,23,64,3,False,True,True
111.19297313690186,REPLAY,NEUTRAL,3,24,23,64,3,False,True,True
111.2932698726654,REPLAY,NEUTRAL,3,24,23,64,4,False,True,True
111.39356660842896,REPLAY,NEUTRAL,3,24,23,64,4,False,True,True
111.4938633441925,REPLAY,NEUTRAL,3,24,23,64,4,False,True,True
111.59416007995605,REPLAY,NEUTRAL,3,24,23,64,4,False,True,True
111.6944568157196,REPLAY,LEFT,3,24,23,64,4,False,True,True
111.79475355148315,REPLAY,LEFT,3,24,23,64,4,False,True,True
111.8950502872467,REPLAY,LEFT,3,24,23,64,4,False,True,True
111.99534702301025,REPLAY,NEUTRAL,3,24,23,65,3,False,True,True
112.0956437587738,REPLAY,NEUTRAL,3,24,23,65,3,False,True,True
112.19594049453735,REPLAY,NEUTRAL,3,24,23,65,4,False,True,True
112.29222536087036,REPLAY,NEUTRAL,3,24,23,65,4,False,True,True
112.39252209663391,REPLAY,NEUTRAL,3,24,23,65,4,False,True,True
112.49281883239746,REPLAY,NEUTRAL,3,24,23,65,4,False,True,True
112.59311556816101,REPLAY,NEUTRAL,3,24,23,65,4,False,True,True
112.69341230392456,REPLAY,LEFT,3,25,24,65,3,False,True,True
112.79370903968811,REPLAY,LEFT,3,25,24,65,3,False,True,True
112.89400577545166,REPLAY,NEUTRAL,3,25,24,65,3,False,True,True
112.99430251121521,REPLAY,NEUTRAL,3,25,24,65,3,False,True,True
113.09459924697876,REPLAY,NEUTRAL,3,25,24,65,3,False,True,True
113.19489598274231,REPLAY,NEUTRAL,3,25,24,65,3,False,True,True
113.29519271850586,REPLAY,NEUTRAL,3,25,24,65,3,False,True,True
113.39548945426941,REPLAY,NEUTRAL,3,25,24,66,2,False,True,True
113.49578619003296,REPLAY,NEUTRAL,3,25,24,66,3,False,True,True
113.59207105636597,REPLAY,NEUTRAL,3,25,24,66,3,False,True,True
113.69236779212952,REPLAY,NEUTRAL,3,25,24,66,3,False,True,True
113.79266452789307,REPLAY,NEUTRAL,3,25,24,66,3,False,True,True
113.89296126365662,REPLAY,NEUTRAL,3,25,24,66,3,False,True,True
113.99325799942017,REPLAY,NEUTRAL,3,25,24,66,3,False,True,True
114.09355473518372,REPLAY,LEFT,3,25,24,66,3,False,True,True
114.19385147094727,REPLAY,NEUTRAL,3,25,24,66,3,False,True,True
114.29414820671082,REPLAY,NEUTRAL,3,25,24,66,3,False,True,True
114.39444494247437,REPLAY,NEUTRAL,3,25,24,66,3,False,True,True
114.49474167823792,REPLAY,NEUTRAL,3,25,24,66,3,False,True,True
114.59503841400146,REPLAY,NEUTRAL,3,25,24,66,3,False,True,True
114.69533514976501,REPLAY,NEUTRAL,3,25,24,67,2,False,True,True
114.79563188552856,REPLAY,NEUTRAL,3,25,24,67,2,False,True,True
114.89592862129211,REPLAY,NEUTRAL,3,25,24,67,2,False,True,True
114.99221348762512,REPLAY,NEUTRAL,3,25,24,67,2,False,True,True
115.09251022338867,REPLAY,NEUTRAL,3,25,24,67,3,False,True,True
115.19280695915222,REPLAY,NEUTRAL,3,25,24,67,3,False,True,True
115.29310369491577,REPLAY,NEUTRAL,3,25,24,67,3,False,True,True
115.39340043067932,REPLAY,NEUTRAL,3,25,24,67,3,False,True,True
115.49369716644287,REPLAY,NEUTRAL,3,25,24,68,2,False,True,True
115.59399390220642,REPLAY,NEUTRAL,3,25,24,68,2,False,True,True
115.69429063796997,REPLAY,LEFT,3,25,24,68,2,False,True,True
115.79458737373352,REPLAY,NEUTRAL,3,25,24,68,2,False,True,True
115.89488410949707,REPLAY,NEUTRAL,3,25,24,68,2,False,True,True
115.99518084526062,REPLAY,NEUTRAL,3,25,24,68,2,False,True,True
116.09547758102417,REPLAY,NEUTRAL,3,25,24,68,2,False,True,True
116.19577431678772,REPLAY,NEUTRAL,3,25,24,68,2,False,True,True
116.29205918312073,REPLAY,NEUTRAL,3,25,24,68,2,False,True,True
116.39235591888428,REPLAY,NEUTRAL,3,25,24,68,2,False,True,True
116.49265265464783,REPLAY,NEUTRAL,3,25,24,69,2,False,True,True
116.59294939041138,REPLAY,NEUTRAL,3,25,24,69,2,False,True,True
116.69324612617493,REPLAY,NEUTRAL,3,25,24,69,2,False,True,True
116.79354286193848,REPLAY,NEUTRAL,3,25,24,69,2,False,True,True
116.89383959770203,REPLAY,NEUTRAL,3,25,24,69,2,False,True,True
116.99413633346558,REPLAY,NEUTRAL,3,25,24,69,2,False,True,True
117.09443306922913,REPLAY,NEUTRAL,3,25,24,69,2,False,True,True
117.19472980499268,REPLAY,NEUTRAL,3,25,24,69,2,False,True,True
117.29502654075623,REPLAY,NEUTRAL,3,25,24,69,2,False,True,True
117.39532327651978,REPLAY,LEFT,3,25,24,69,2,False,True,True
117.49562001228333,REPLAY,NEUTRAL,3,25,24,69,2,False,True,True
117.59591674804688,REPLAY,NEUTRAL,3,25,24,69,2,False,True,True
117.69220161437988,REPLAY,NEUTRAL,3,25,24,69,2,False,True,True
117.79249835014343,REPLAY,NEUTRAL,3,25,24,69,2,False,True,True
117.89279508590698,REPLAY,NEUTRAL,3,25,24,69,2,False,True,True
117.99309182167053,REPLAY,NEUTRAL,3,25,24,69,3,False,True,True
118.09338855743408,REPLAY,NEUTRAL,3,25,24,69,3,False,True,True
118.19368529319763,REPLAY,LEFT,3,25,24,69,3,False,True,True
118.29398202896118,REPLAY,NEUTRAL,3,25,24,69,3,False,True,True
118.39427876472473,REPLAY,NEUTRAL,3,26,25,69,2,False,True,True
118.49457550048828,REPLAY,LEFT,3,26,25,69,2,False,True,True
118.59487223625183,REPLAY,NEUTRAL,3,26,25,69,2,False,True,True
118.69516897201538,REPLAY,NEUTRAL,3,26,25,69,2,False,True,True
118.79546570777893,REPLAY,NEUTRAL,3,26,25,69,2,False,True,True
118.89576244354248,REPLAY,NEUTRAL,3,26,25,69,2,False,True,True
118.99204730987549,REPLAY,NEUTRAL,3,26,25,69,2,False,True,True
119.09234404563904,REPLAY,NEUTRAL,3,26,25,69,2,False,True,True
119.19264078140259,REPLAY,LEFT,3,27,26,69,1,False,True,True
119.29293751716614,REPLAY,LEFT,3,27,26,69,1,False,True,True
119.39323425292969,REPLAY,NEUTRAL,3,27,26,69,2,False,True,True
119.49353098869324,REPLAY,NEUTRAL,3,27,26,69,2,False,True,True
119.59382772445679,REPLAY,NEUTRAL,3,27,26,69,2,False,True,True
119.69412446022034,REPLAY,NEUTRAL,3,27,26,69,2,False,True,True
119.79442119598389,REPLAY,NEUTRAL,3,27,26,69,2,False,True,True
119.89471793174744,REPLAY,NEUTRAL,3,27,26,69,2,False,True,True
119.99501466751099,REPLAY,NEUTRAL,3,27,26,69,2,False,True,True
120.09531140327454,REPLAY,NEUTRAL,3,27,26,69,2,False,True,True
120.19560813903809,REPLAY,NEUTRAL,3,27,26,69,2,False,True,True
120.29590487480164,REPLAY,NEUTRAL,3,27,26,69,2,False,True,True
120.39218974113464,REPLAY,NEUTRAL,3,27,26,69,3,False,True,True
120.4924864768982,REPLAY,NEUTRAL,3,27,26,69,3,False,True,True
120.59278321266174,REPLAY,NEUTRAL,3,27,26,69,3,False,True,True
120.6930799484253,REPLAY,NEUTRAL,3,27,26,69,3,False,True,True
120.79337668418884,REPLAY,NEUTRAL,3,27,26,69,3,False,True,True
120.89367341995239,REPLAY,NEUTRAL,3,27,26,69,3,False,True,True
120.99397015571594,REPLAY,NEUTRAL,3,27,26,69,3,False,True,True
121.09426689147949,REPLAY,NEUTRAL,3,27,26,69,3,False,True,True
121.19456362724304,REPLAY,NEUTRAL,3,27,26,69,3,False,True,True
121.29486036300659,REPLAY,NEUTRAL,3,27,26,69,3,False,True,True
121.39515709877014,REPLAY,NEUTRAL,3,27,26,69,3,False,True,True
121.49545383453369,REPLAY,NEUTRAL,3,27,26,70,2,False,True,True
121.59575057029724,REPLAY,NEUTRAL,3,27,26,70,2,False,True,True
121.69203543663025,REPLAY,NEUTRAL,3,27,26,70,2,False,True,True
121.7923321723938,REPLAY,NEUTRAL,3,27,26,70,2,False,True,True
121.89262890815735,REPLAY,NEUTRAL,3,27,26,70,3,False,True,True
121.9929256439209,REPLAY,NEUTRAL,3,27,26,70,3,False,True,True
122.09322237968445,REPLAY,LEFT,3,27,26,70,3,False,True,True
122.193519115448,REPLAY,NEUTRAL,3,27,26,70,3,False,True,True
122.29381585121155,REPLAY,NEUTRAL,3,27,26,70,3,False,True,True
122.3941125869751,REPLAY,NEUTRAL,3,27,26,71,2,False,True,True
122.49440932273865,REPLAY,NEUTRAL,3,27,26,71,2,False,True,True
122.5947060585022,REPLAY,NEUTRAL,3,27,26,71,2,False,True,True
122.69500279426575,REPLAY,NEUTRAL,3,27,26,71,2,False,True,True
122.7952995300293,REPLAY,NEUTRAL,3,27,26,71,3,False,True,True
122.89559626579285,REPLAY,NEUTRAL,3,27,26,71,3,False,True,True
122.9958930015564,REPLAY,NEUTRAL,3,27,26,71,3,False,True,True
123.0921778678894,REPLAY,NEUTRAL,3,27,26,71,3,False,True,True
123.19247460365295,REPLAY,LEFT,3,27,26,71,3,False,True,True
123.2927713394165,REPLAY,LEFT,3,27,26,71,3,False,True,True
123.39306807518005,REPLAY,LEFT,3,28,27,71,2,False,True,True
123.4933648109436,REPLAY,NEUTRAL,3,28,27,71,2,False,True,True
123.59366154670715,REPLAY,NEUTRAL,3,28,27,71,2,False,True,True
123.6939582824707,REPLAY,NEUTRAL,3,28,27,71,2,False,True,True
123.79425501823425,REPLAY,NEUTRAL,3,28,27,71,2,False,True,True
123.8945517539978,REPLAY,NEUTRAL,3,28,27,71,2,False,True,True
123.99484848976135,REPLAY,NEUTRAL,3,28,27,71,2,False,True,True
124.0951452255249,REPLAY,NEUTRAL,3,28,27,71,2,False,True,True
124.19544196128845,REPLAY,NEUTRAL,3,28,27,71,3,False,True,True
124.295738697052,REPLAY,NEUTRAL,3,28,27,71,3,False,True,True
124.39202356338501,REPLAY,NEUTRAL,3,28,27,71,3,False,True,True
124.49232029914856,REPLAY,NEUTRAL,3,28,27,71,3,False,True,True
124.59261703491211,REPLAY,NEUTRAL,3,28,27,71,3,False,True,True
124.69291377067566,REPLAY,NEUTRAL,3,28,27,71,3,False,True,True
124.79321050643921,REPLAY,NEUTRAL,3,28,27,71,3,False,True,True
124.89350724220276,REPLAY,NEUTRAL,3,28,27,71,3,False,True,True
124.99380397796631,REPLAY,NEUTRAL,3,28,27,71,3,False,True,True
125.09410071372987,REPLAY,NEUTRAL,3,28,27,71,3,False,True,True
125.19439744949342,REPLAY,NEUTRAL,3,28,27,71,3,False,True,True
125.29469418525697,REPLAY,NEUTRAL,3,28,27,71,3,False,True,True
125.39499092102052,REPLAY,NEUTRAL,3,28,27,71,3,False,True,True
125.49528765678407,REPLAY,LEFT,3,28,27,72,2,False,True,True
125.59558439254762,REPLAY,NEUTRAL,3,28,27,72,2,False,True,True
125.69588112831117,REPLAY,NEUTRAL,3,28,27,72,2,False,True,True
125.79216599464418,REPLAY,NEUTRAL,3,28,27,72,2,False,True,True
125.89246273040773,REPLAY,LEFT,3,28,27,72,3,False,True,True
125.99275946617128,REPLAY,LEFT,3,28,27,72,3,False,True,True
126.09305620193483,REPLAY,NEUTRAL,3,28,27,72,3,False,True,True
126.19335293769838,REPLAY,NEUTRAL,3,28,27,72,3,False,True,True
126.29364967346193,REPLAY,NEUTRAL,3,28,27,72,3,False,True,True
126.39394640922548,REPLAY,NEUTRAL,3,28,27,73,2,False,True,True
126.49424314498903,REPLAY,NEUTRAL,3,28,27,73,2,False,True,True
126.59453988075258,REPLAY,NEUTRAL,3,28,27,73,2,False,True,True
126.69483661651613,REPLAY,LEFT,3,28,27,73,2,False,True,True
126.79513335227968,REPLAY,LEFT,3,28,27,73,2,False,True,True
126.89543008804323,REPLAY,LEFT,3,28,27,73,2,False,True,True
126.99572682380678,REPLAY,NEUTRAL,3,28,27,73,2,False,True,True
127.09201169013978,REPLAY,NEUTRAL,3,28,27,73,2,False,True,True
127.19230842590333,REPLAY,NEUTRAL,3,28,27,73,2,False,True,True
127.29260516166688,REPLAY,NEUTRAL,3,28,27,73,2,False,True,True
127.39290189743043,REPLAY,NEUTRAL,3,28,27,73,2,False,True,True
127.49319863319398,REPLAY,NEUTRAL,3,28,27,74,2,False,True,True
127.59349536895753,REPLAY,NEUTRAL,3,28,27,74,2,False,True,True
127.69379210472108,REPLAY,NEUTRAL,3,28,27,74,2,False,True,True
127.79408884048463,REPLAY,NEUTRAL,3,28,27,74,2,False,True,True
127.89438557624818,REPLAY,NEUTRAL,3,28,27,74,2,False,True,True
127.99468231201173,REPLAY,NEUTRAL,3,28,27,74,2,False,True,True
128.09497904777527,REPLAY,NEUTRAL,3,28,27,74,2,False,True,True
128.19527578353882,REPLAY,NEUTRAL,3,28,27,74,2,False,True,True
128.29557251930237,REPLAY,NEUTRAL,3,28,27,74,2,False,True,True
128.39586925506592,REPLAY,NEUTRAL,3,28,27,74,2,False,True,True
128.49215412139893,REPLAY,NEUTRAL,3,28,27,74,2,False,True,True
128.59245085716248,REPLAY,NEUTRAL,3,28,27,74,2,False,True,True
128.69274759292603,REPLAY,NEUTRAL,3,28,27,74,2,False,True,True
128.79304432868958,REPLAY,NEUTRAL,3,28,27,74,3,False,True,True
128.89334106445312,REPLAY,LEFT,3,28,27,74,3,False,True,True
128.99363780021667,REPLAY,LEFT,3,28,27,74,3,False,True,True
129.09393453598022,REPLAY,NEUTRAL,3,28,27,74,3,False,True,True
129.19423127174377,REPLAY,NEUTRAL,3,28,27,74,3,False,True,True
129.29452800750732,REPLAY,NEUTRAL,3,28,27,74,3,False,True,True
129.39482474327087,REPLAY,NEUTRAL,3,28,27,74,3,False,True,True
129.49512147903442,REPLAY,NEUTRAL,3,28,27,75,2,False,True,True
129.59541821479797,REPLAY,LEFT,3,28,27,75,2,False,True,True
129.69571495056152,REPLAY,LEFT,3,28,27,75,2,False,True,True
129.79199981689453,REPLAY,NEUTRAL,3,28,27,75,2,False,True,True
129.89229655265808,REPLAY,NEUTRAL,3,28,27,75,2,False,True,True
129.99259328842163,REPLAY,NEUTRAL,3,28,27,75,2,False,True,True
130.09289002418518,REPLAY,NEUTRAL,3,28,27,75,3,False,True,True
130.19318675994873,REPLAY,NEUTRAL,3,28,27,75,3,False,True,True
130.29348349571228,REPLAY,NEUTRAL,3,28,27,75,3,False,True,True
130.39378023147583,REPLAY,NEUTRAL,3,28,27,75,3,False,True,True
130.49407696723938,REPLAY,NEUTRAL,3,28,27,75,3,False,True,True
130.59437370300293,REPLAY,NEUTRAL,3,28,27,75,3,False,True,True
130.69467043876648,REPLAY,NEUTRAL,3,28,27,75,3,False,True,True
130.79496717453003,REPLAY,LEFT,3,28,27,75,3,False,True,True
130.89526391029358,REPLAY,LEFT,3,28,27,75,3,False,True,True
130.99556064605713,REPLAY,NEUTRAL,3,28,27,75,4,False,True,True
131.09585738182068,REPLAY,NEUTRAL,3,28,27,76,3,False,True,True
131.1921422481537,REPLAY,NEUTRAL,3,28,27,76,3,False,True,True
131.29243898391724,REPLAY,NEUTRAL,3,28,27,76,3,False,True,True
131.3927357196808,REPLAY,NEUTRAL,3,28,27,76,3,False,True,True
131.49303245544434,REPLAY,NEUTRAL,3,28,27,76,3,False,True,True
131.59332919120789,REPLAY,NEUTRAL,3,28,27,76,3,False,True,True
131.69362592697144,REPLAY,LEFT,3,28,27,76,3,False,True,True
131.79392266273499,REPLAY,LEFT,3,28,27,76,3,False,True,True
131.89421939849854,REPLAY,LEFT,3,28,27,76,3,False,True,True
131.99451613426208,REPLAY,NEUTRAL,3,28,27,76,3,False,True,True
132.09481287002563,REPLAY,NEUTRAL,3,28,27,76,3,False,True,True
132.19510960578918,REPLAY,NEUTRAL,3,28,27,77,3,False,True,True
132.29540634155273,REPLAY,NEUTRAL,3,28,27,77,3,False,True,True
132.39570307731628,REPLAY,NEUTRAL,3,28,27,77,3,False,True,True
132.4919879436493,REPLAY,NEUTRAL,3,28,27,77,3,False,True,True
132.59228467941284,REPLAY,NEUTRAL,3,28,27,77,3,False,True,True
132.6925814151764,REPLAY,NEUTRAL,3,28,27,77,3,False,True,True
132.79287815093994,REPLAY,NEUTRAL,3,29,28,77,2,False,True,True
132.8931748867035,REPLAY,LEFT,3,29,28,77,2,False,True,True
132.99347162246704,REPLAY,LEFT,3,29,28,77,2,False,True,True
133.0937683582306,REPLAY,LEFT,3,29,28,77,2,False,True,True
133.19406509399414,REPLAY,NEUTRAL,3,29,28,77,2,False,True,True
133.2943618297577,REPLAY,NEUTRAL,3,29,28,77,2,False,True,True
133.39465856552124,REPLAY,NEUTRAL,3,29,28,77,2,False,True,True
133.4949553012848,REPLAY,NEUTRAL,3,29,28,77,2,False,True,True
133.59525203704834,REPLAY,NEUTRAL,3,29,28,77,3,False,True,True
133.6955487728119,REPLAY,NEUTRAL,3,29,28,77,3,False,True,True
133.79584550857544,REPLAY,LEFT,3,29,28,77,3,False,True,True
133.89213037490845,REPLAY,LEFT,3,29,28,77,3,False,True,True
133.992427110672,REPLAY,LEFT,3,30,29,77,2,False,True,True
134.09272384643555,REPLAY,NEUTRAL,3,30,29,77,2,False,True,True
134.1930205821991,REPLAY,NEUTRAL,3,30,29,77,2,False,True,True
134.29331731796265,REPLAY,NEUTRAL,3,30,29,77,2,False,True,True
134.3936140537262,REPLAY,NEUTRAL,3,30,29,77,2,False,True,True
134.49391078948975,REPLAY,LEFT,3,30,29,77,2,False,True,True
134.5942075252533,REPLAY,NEUTRAL,3,30,29,77,2,False,True,True
134.69450426101685,REPLAY,NEUTRAL,3,30,29,77,2,False,True,True
134.7948009967804,REPLAY,NEUTRAL,3,30,29,77,2,False,True,True
134.89509773254395,REPLAY,NEUTRAL,3,30,29,77,2,False,True,True
134.9953944683075,REPLAY,NEUTRAL,3,30,29,77,2,False,True,True
135.09569120407104,REPLAY,NEUTRAL,3,30,29,77,2,False,True,True
135.1959879398346,REPLAY,NEUTRAL,3,30,29,77,3,False,True,True
135.2922728061676,REPLAY,LEFT,3,30,29,78,2,False,True,True
135.39256954193115,REPLAY,LEFT,3,30,29,78,2,False,True,True
135.4928662776947,REPLAY,NEUTRAL,3,30,29,78,2,False,True,True
135.59316301345825,REPLAY,NEUTRAL,3,30,29,78,2,False,True,True
135.6934597492218,REPLAY,NEUTRAL,3,30,29,78,2,False,True,True
135.79375648498535,REPLAY,NEUTRAL,3,30,29,78,2,False,True,True
135.8940532207489,REPLAY,NEUTRAL,3,30,29,78,2,False,True,True
135.99434995651245,REPLAY,NEUTRAL,3,30,29,78,2,False,True,True
136.094646692276,REPLAY,NEUTRAL,3,30,29,78,2,False,True,True
136.19494342803955,REPLAY,NEUTRAL,3,30,29,78,2,False,True,True
136.2952401638031,REPLAY,NEUTRAL,3,30,29,78,2,False,True,True
136.39553689956665,REPLAY,LEFT,3,30,29,78,2,False,True,True
136.4958336353302,REPLAY,NEUTRAL,3,30,29,78,2,False,True,True
136.5921185016632,REPLAY,NEUTRAL,3,30,29,78,2,False,True,True
136.69241523742676,REPLAY,NEUTRAL,3,30,29,78,2,False,True,True
136.7927119731903,REPLAY,NEUTRAL,3,30,29,78,3,False,True,True
136.89300870895386,REPLAY,NEUTRAL,3,30,29,79,2,False,True,True
136.9933054447174,REPLAY,NEUTRAL,3,30,29,79,2,False,True,True
137.09360218048096,REPLAY,NEUTRAL,3,30,29,79,2,False,True,True
137.1938989162445,REPLAY,NEUTRAL,3,30,29,79,2,False,True,True
137.29419565200806,REPLAY,NEUTRAL,3,30,29,79,2,False,True,True
137.3944923877716,REPLAY,NEUTRAL,3,30,29,79,2,False,True,True
137.49478912353516,REPLAY,NEUTRAL,3,30,29,79,2,False,True,True
137.5950858592987,REPLAY,NEUTRAL,3,30,29,79,2,False,True,True
137.69538259506226,REPLAY,NEUTRAL,3,30,29,79,2,False,True,True
137.7956793308258,REPLAY,NEUTRAL,3,30,29,79,2,False,True,True
137.89597606658936,REPLAY,NEUTRAL,3,30,29,79,2,False,True,True
137.99226093292236,REPLAY,NEUTRAL,3,30,29,79,2,False,True,True
138.0925576686859,REPLAY,NEUTRAL,3,30,29,79,3,False,True,True
138.19285440444946,REPLAY,LEFT,3,30,29,79,3,False,True,True
138.293151140213,REPLAY,NEUTRAL,3,30,29,79,3,False,True,True
138.39344787597656,REPLAY,NEUTRAL,3,30,29,79,3,False,True,True
138.4937446117401,REPLAY,NEUTRAL,3,30,29,79,3,False,True,True
138.59404134750366,REPLAY,NEUTRAL,3,30,29,80,2,False,True,True
138.6943380832672,REPLAY,NEUTRAL,3,30,29,80,2,False,True,True
138.79463481903076,REPLAY,CLICK,3,30,29,80,2,False,True,True
138.8949315547943,REPLAY,NEUTRAL,3,30,29,80,2,False,True,True
138.99522829055786,REPLAY,NEUTRAL,3,30,29,80,3,False,True,True
139.0955250263214,REPLAY,LEFT,3,30,29,80,3,False,True,True
139.19582176208496,REPLAY,CLICK + HOLD | LEFT,3,30,29,80,3,True,True,True
139.29210662841797,REPLAY,CLICK + HOLD | LEFT,3,30,29,80,3,True,True,True
139.39240336418152,REPLAY,CLICK + HOLD,3,30,29,80,3,True,True,True
139.49270009994507,REPLAY,CLICK + HOLD,3,30,29,80,3,True,True,True
139.59299683570862,REPLAY,NEUTRAL,3,30,29,80,3,False,True,True
139.69329357147217,REPLAY,NEUTRAL,3,30,29,80,3,False,True,True
139.79359030723572,REPLAY,NEUTRAL,3,30,29,80,3,False,True,True
139.89388704299927,REPLAY,NEUTRAL,3,30,29,80,3,False,True,True
139.99418377876282,REPLAY,NEUTRAL,3,30,29,81,2,False,True,True
140.09448051452637,REPLAY,NEUTRAL,3,30,29,81,2,False,True,True
140.19477725028992,REPLAY,NEUTRAL,3,30,29,81,2,False,True,True
140.29507398605347,REPLAY,NEUTRAL,3,30,29,81,2,False,True,True
140.39537072181702,REPLAY,NEUTRAL,3,30,29,81,2,False,True,True
140.49566745758057,REPLAY,NEUTRAL,3,30,29,81,3,False,True,True
140.59596419334412,REPLAY,NEUTRAL,3,30,29,81,3,False,True,True
140.69224905967712,REPLAY,NEUTRAL,3,30,29,81,3,False,True,True
140.79254579544067,REPLAY,NEUTRAL,3,30,29,81,3,False,True,True
140.89284253120422,REPLAY,NEUTRAL,3,30,29,81,3,False,True,True
140.99313926696777,REPLAY,NEUTRAL,3,30,29,81,3,False,True,True
141.09343600273132,REPLAY,NEUTRAL,3,30,29,81,3,False,True,True
141.19373273849487,REPLAY,NEUTRAL,3,30,29,81,3,False,True,True
141.29402947425842,REPLAY,NEUTRAL,3,30,29,81,3,False,True,True
141.39432621002197,REPLAY,NEUTRAL,3,30,29,81,3,False,True,True
141.49462294578552,REPLAY,NEUTRAL,3,30,29,82,2,False,True,True
141.59491968154907,REPLAY,NEUTRAL,3,30,29,82,2,False,True,True
141.69521641731262,REPLAY,NEUTRAL,3,30,29,82,2,False,True,True
141.79551315307617,REPLAY,NEUTRAL,3,31,30,82,1,False,True,True
141.89580988883972,REPLAY,NEUTRAL,3,31,30,82,1,False,True,True
141.99209475517273,REPLAY,NEUTRAL,3,31,30,82,2,False,True,True
142.09239149093628,REPLAY,NEUTRAL,3,31,30,82,2,False,True,True
142.19268822669983,REPLAY,NEUTRAL,3,31,30,82,2,False,True,True
142.29298496246338,REPLAY,NEUTRAL,3,31,30,82,2,False,True,True
142.39328169822693,REPLAY,NEUTRAL,3,31,30,82,2,False,True,True
142.49357843399048,REPLAY,NEUTRAL,3,31,30,82,2,False,True,True
142.59387516975403,REPLAY,NEUTRAL,3,31,30,82,2,False,True,True
142.69417190551758,REPLAY,NEUTRAL,3,31,30,82,2,False,True,True
142.79446864128113,REPLAY,NEUTRAL,3,31,30,82,2,False,True,True
142.89476537704468,REPLAY,NEUTRAL,3,31,30,82,2,False,True,True
142.99506211280823,REPLAY,NEUTRAL,3,31,30,82,2,False,True,True
143.09535884857178,REPLAY,NEUTRAL,3,31,30,82,2,False,True,True
143.19565558433533,REPLAY,NEUTRAL,3,31,30,82,2,False,True,True
143.29595232009888,REPLAY,NEUTRAL,3,31,30,82,3,False,True,True
143.39223718643188,REPLAY,NEUTRAL,3,31,30,82,3,False,True,True
143.49253392219543,REPLAY,NEUTRAL,3,31,30,82,3,False,True,True
143.59283065795898,REPLAY,NEUTRAL,3,31,30,82,3,False,True,True
143.69312739372253,REPLAY,NEUTRAL,3,31,30,82,3,False,True,True
143.79342412948608,REPLAY,NEUTRAL,3,31,30,83,2,False,True,True
143.89372086524963,REPLAY,NEUTRAL,3,31,30,83,2,False,True,True
143.99401760101318,REPLAY,NEUTRAL,3,31,30,83,2,False,True,True
144.09431433677673,REPLAY,CLICK,3,33,31,83,1,False,True,True
144.19461107254028,REPLAY,NEUTRAL,3,33,31,83,1,False,True,True
144.29490780830383,REPLAY,NEUTRAL,3,33,31,83,1,False,True,True
144.39520454406738,REPLAY,NEUTRAL,3,33,31,83,1,False,True,True
144.49550127983093,REPLAY,CLICK + HOLD,3,33,31,83,1,True,True,True
144.59579801559448,REPLAY,CLICK + HOLD | LEFT,3,33,31,83,1,True,True,True
144.6920828819275,REPLAY,CLICK + HOLD,3,33,31,83,2,True,True,True
144.79237961769104,REPLAY,CLICK + HOLD,3,33,31,83,2,True,True,True
144.8926763534546,REPLAY,CLICK + HOLD,3,33,31,83,2,True,True,True
144.99297308921814,REPLAY,CLICK + HOLD,3,33,31,83,2,True,True,True
145.0932698249817,REPLAY,CLICK + HOLD,3,33,31,83,2,True,True,True
145.19356656074524,REPLAY,CLICK + HOLD,3,33,31,83,2,True,True,True
145.2938632965088,REPLAY,CLICK + HOLD,3,33,31,84,1,True,True,True
145.39416003227234,REPLAY,CLICK + HOLD | LEFT,3,33,31,84,1,True,True,True
145.4944567680359,REPLAY,CLICK + HOLD | LEFT,3,33,31,84,1,True,True,True
145.59475350379944,REPLAY,CLICK + HOLD,3,33,31,84,1,True,True,True
145.695050239563,REPLAY,NEUTRAL,3,33,31,84,1,False,True,True
145.79534697532654,REPLAY,NEUTRAL,3,33,31,84,1,False,True,True
145.8956437110901,REPLAY,NEUTRAL,3,33,31,84,1,False,True,True
145.99594044685364,REPLAY,NEUTRAL,3,33,31,84,1,False,True,True
146.09222531318665,REPLAY,NEUTRAL,3,33,31,84,2,False,True,True
146.1925220489502,REPLAY,NEUTRAL,3,33,31,84,2,False,True,True
146.29281878471375,REPLAY,NEUTRAL,3,33,31,84,2,False,True,True
146.3931155204773,REPLAY,NEUTRAL,3,33,31,84,2,False,True,True
146.49341225624084,REPLAY,NEUTRAL,3,33,31,84,2,False,True,True
146.5937089920044,REPLAY,NEUTRAL,3,33,31,84,2,False,True,True
146.69400572776794,REPLAY,NEUTRAL,3,33,31,84,2,False,True,True
146.7943024635315,REPLAY,NEUTRAL,3,33,31,84,2,False,True,True
146.89459919929504,REPLAY,NEUTRAL,3,33,31,84,2,False,True,True
146.9948959350586,REPLAY,NEUTRAL,3,33,31,84,2,False,True,True
147.09519267082214,REPLAY,NEUTRAL,3,33,31,84,2,False,True,True
147.1954894065857,REPLAY,NEUTRAL,3,33,31,84,2,False,True,True
147.29578614234924,REPLAY,NEUTRAL,3,33,31,84,2,False,True,True
147.39207100868225,REPLAY,NEUTRAL,3,33,31,84,2,False,True,True
147.4923677444458,REPLAY,NEUTRAL,3,33,31,84,3,False,True,True
147.59266448020935,REPLAY,NEUTRAL,3,33,31,84,3,False,True,True
147.6929612159729,REPLAY,NEUTRAL,3,33,31,85,2,False,True,True
147.79325795173645,REPLAY,NEUTRAL,3,33,31,85,2,False,True,True
147.8935546875,REPLAY,NEUTRAL,3,33,31,85,2,False,True,True
147.99385142326355,REPLAY,NEUTRAL,3,33,31,85,2,False,True,True
148.0941481590271,REPLAY,NEUTRAL,3,33,31,85,2,False,True,True
148.19444489479065,REPLAY,NEUTRAL,3,33,31,85,2,False,True,True
148.2947416305542,REPLAY,NEUTRAL,3,33,31,85,2,False,True,True
148.39503836631775,REPLAY,NEUTRAL,3,33,31,85,2,False,True,True
148.4953351020813,REPLAY,NEUTRAL,3,33,31,85,2,False,True,True
148.59563183784485,REPLAY,NEUTRAL,3,33,31,85,2,False,True,True
148.6959285736084,REPLAY,NEUTRAL,3,33,31,85,2,False,True,True
148.7922134399414,REPLAY,NEUTRAL,3,33,31,85,2,False,True,True
148.89251017570496,REPLAY,NEUTRAL,3,33,31,85,3,False,True,True
148.9928069114685,REPLAY,NEUTRAL,3,33,31,85,3,False,True,True
149.09310364723206,REPLAY,NEUTRAL,3,33,31,85,3,False,True,True
149.1934003829956,REPLAY,NEUTRAL,3,33,31,85,3,False,True,True
149.29369711875916,REPLAY,NEUTRAL,3,33,31,85,3,False,True,True
149.3939938545227,REPLAY,NEUTRAL,3,33,31,85,3,False,True,True
149.49429059028625,REPLAY,NEUTRAL,3,33,31,86,2,False,True,True
149.5945873260498,REPLAY,NEUTRAL,3,33,31,86,2,False,True,True
149.69488406181335,REPLAY,NEUTRAL,3,33,31,86,2,False,True,True
149.7951807975769,REPLAY,NEUTRAL,3,33,31,86,3,False,True,True
149.89547753334045,REPLAY,NEUTRAL,3,33,31,86,3,False,True,True
149.995774269104,REPLAY,NEUTRAL,3,33,31,86,3,False,True,True
150.092059135437,REPLAY,NEUTRAL,3,33,31,86,3,False,True,True
150.19235587120056,REPLAY,CLICK,3,35,32,86,2,False,True,True
150.2926526069641,REPLAY,NEUTRAL,3,35,32,86,2,False,True,True
150.39294934272766,REPLAY,NEUTRAL,3,35,32,86,2,False,True,True
150.4932460784912,REPLAY,LEFT,3,35,32,87,1,False,True,True
150.59354281425476,REPLAY,LEFT,3,35,32,87,1,False,True,True
150.6938395500183,REPLAY,LEFT,3,35,32,87,1,False,True,True
150.79413628578186,REPLAY,NEUTRAL,3,35,32,87,1,False,True,True
150.8944330215454,REPLAY,CLICK,3,35,32,87,1,False,True,True
150.99472975730896,REPLAY,NEUTRAL,3,35,32,87,1,False,True,True
151.0950264930725,REPLAY,NEUTRAL,3,35,32,87,2,False,True,True
151.19532322883606,REPLAY,NEUTRAL,3,35,32,87,2,False,True,True
151.2956199645996,REPLAY,LEFT,3,35,32,87,2,False,True,True
151.39591670036316,REPLAY,LEFT,3,35,32,87,2,False,True,True
151.49220156669617,REPLAY,NEUTRAL,3,35,32,87,2,False,True,True
151.59249830245972,REPLAY,CLICK,3,37,33,87,1,False,True,True
151.69279503822327,REPLAY,NEUTRAL,3,37,33,87,1,False,True,True
151.79309177398682,REPLAY,NEUTRAL,3,37,33,87,1,False,True,True
151.89338850975037,REPLAY,NEUTRAL,3,37,33,88,0,False,True,True
151.99368524551392,REPLAY,NEUTRAL,3,37,33,88,0,False,True,True
152.09398198127747,REPLAY,NEUTRAL,3,37,33,88,0,False,True,True
152.19427871704102,REPLAY,NEUTRAL,3,37,33,88,0,False,True,True
152.29457545280457,REPLAY,NEUTRAL,3,37,33,88,0,False,True,True
152.39487218856812,REPLAY,NEUTRAL,3,37,33,88,1,False,True,True
152.49516892433167,REPLAY,NEUTRAL,3,37,33,88,1,False,True,True
152.59546566009521,REPLAY,NEUTRAL,3,37,33,88,1,False,True,True
152.69576239585876,REPLAY,NEUTRAL,3,37,33,88,1,False,True,True
152.79204726219177,REPLAY,NEUTRAL,3,37,33,88,1,False,True,True
152.89234399795532,REPLAY,NEUTRAL,3,37,33,88,1,False,True,True
152.99264073371887,REPLAY,NEUTRAL,3,37,33,88,1,False,True,True
153.09293746948242,REPLAY,NEUTRAL,3,37,33,88,1,False,True,True
153.19323420524597,REPLAY,NEUTRAL,3,37,33,88,1,False,True,True
153.29353094100952,REPLAY,NEUTRAL,3,37,33,88,1,False,True,True
153.39382767677307,REPLAY,NEUTRAL,3,37,33,88,1,False,True,True
153.49412441253662,REPLAY,NEUTRAL,3,37,33,88,2,False,True,True
153.59442114830017,REPLAY,NEUTRAL,3,37,33,88,2,False,True,True
153.69471788406372,REPLAY,NEUTRAL,3,37,33,88,2,False,True,True
153.79501461982727,REPLAY,NEUTRAL,3,37,33,88,2,False,True,True
153.89531135559082,REPLAY,NEUTRAL,3,37,33,88,2,False,True,True
153.99560809135437,REPLAY,NEUTRAL,3,37,33,88,2,False,True,True
154.09590482711792,REPLAY,NEUTRAL,3,37,33,88,2,False,True,True
154.19218969345093,REPLAY,NEUTRAL,3,37,33,88,2,False,True,True
154.29248642921448,REPLAY,NEUTRAL,3,37,33,88,2,False,True,True
154.39278316497803,REPLAY,NEUTRAL,3,37,33,88,2,False,True,True
154.49307990074158,REPLAY,NEUTRAL,3,37,33,88,2,False,True,True
154.59337663650513,REPLAY,NEUTRAL,3,37,33,88,2,False,True,True
154.69367337226868,REPLAY,NEUTRAL,3,37,33,88,2,False,True,True
154.79397010803223,REPLAY,NEUTRAL,3,37,33,88,2,False,True,True
154.89426684379578,REPLAY,NEUTRAL,3,37,33,88,2,False,True,True
154.99456357955933,REPLAY,NEUTRAL,3,37,33,88,2,False,True,True
155.09486031532288,REPLAY,NEUTRAL,3,37,33,88,3,False,True,True
155.19515705108643,REPLAY,NEUTRAL,3,37,33,88,3,False,True,True
155.29545378684998,REPLAY,NEUTRAL,3,37,33,88,3,False,True,True
155.39575052261353,REPLAY,NEUTRAL,3,37,33,88,3,False,True,True
155.49203538894653,REPLAY,NEUTRAL,3,37,33,88,3,False,True,True
155.59233212471008,REPLAY,NEUTRAL,3,37,33,88,3,False,True,True
155.69262886047363,REPLAY,NEUTRAL,3,37,33,89,2,False,True,True
155.79292559623718,REPLAY,CLICK + HOLD,3,38,34,89,1,True,True,True
155.89322233200073,REPLAY,CLICK + HOLD,3,38,34,89,1,True,True,True
155.99351906776428,REPLAY,CLICK + HOLD,3,38,34,89,2,True,True,True
156.09381580352783,REPLAY,CLICK + HOLD,3,38,34,89,2,True,True,True
156.19411253929138,REPLAY,NEUTRAL,3,38,34,89,2,False,True,True
156.29440927505493,REPLAY,NEUTRAL,3,38,34,89,2,False,True,True
156.39470601081848,REPLAY,NEUTRAL,3,38,34,89,2,False,True,True
156.49500274658203,REPLAY,NEUTRAL,3,38,34,89,2,False,True,True
156.59529948234558,REPLAY,NEUTRAL,3,38,34,89,2,False,True,True
156.69559621810913,REPLAY,NEUTRAL,3,38,34,89,2,False,True,True
156.79589295387268,REPLAY,NEUTRAL,3,38,34,89,3,False,True,True
156.8921778202057,REPLAY,NEUTRAL,3,38,34,89,3,False,True,True
156.99247455596924,REPLAY,NEUTRAL,3,38,34,89,3,False,True,True
157.0927712917328,REPLAY,NEUTRAL,3,38,34,89,3,False,True,True
157.19306802749634,REPLAY,NEUTRAL,3,38,34,89,3,False,True,True
157.2933647632599,REPLAY,CLICK,3,38,34,89,3,False,True,True
157.39366149902344,REPLAY,NEUTRAL,3,38,34,89,3,False,True,True
157.493958234787,REPLAY,NEUTRAL,3,38,34,89,3,False,True,True
157.59425497055054,REPLAY,NEUTRAL,3,38,34,89,3,False,True,True
157.6945517063141,REPLAY,CLICK + HOLD | LEFT,3,38,34,89,4,True,True,True
157.79484844207764,REPLAY,CLICK + HOLD | LEFT,3,38,34,89,4,True,True,True
157.8951451778412,REPLAY,CLICK + HOLD,3,38,34,89,4,True,True,True
157.99544191360474,REPLAY,CLICK + HOLD,3,38,34,89,4,True,True,True
158.0957386493683,REPLAY,CLICK + HOLD,3,38,34,89,4,True,True,True
158.1920235157013,REPLAY,CLICK + HOLD,3,38,34,90,3,True,True,True
158.29232025146484,REPLAY,CLICK + HOLD,3,38,34,90,3,True,True,True
158.3926169872284,REPLAY,CLICK + HOLD,3,38,34,90,3,True,True,True
158.49291372299194,REPLAY,CLICK + HOLD | LEFT,3,38,34,90,3,True,True,True
158.5932104587555,REPLAY,CLICK + HOLD | LEFT,3,38,34,90,3,True,True,True
158.69350719451904,REPLAY,CLICK + HOLD | LEFT,3,38,34,90,3,True,True,True
158.7938039302826,REPLAY,CLICK + HOLD,3,38,34,90,3,True,True,True
158.89410066604614,REPLAY,CLICK + HOLD,3,38,34,90,3,True,True,True
158.9943974018097,REPLAY,CLICK + HOLD,3,38,34,90,4,True,True,True
159.09469413757324,REPLAY,CLICK + HOLD,3,38,34,90,4,True,True,True
159.1949908733368,REPLAY,CLICK + HOLD,3,38,34,91,3,True,True,True
159.29528760910034,REPLAY,CLICK + HOLD,3,38,34,91,3,True,True,True
159.3955843448639,REPLAY,CLICK + HOLD | LEFT,3,38,34,91,3,True,True,True
159.49588108062744,REPLAY,CLICK + HOLD | LEFT,3,38,34,91,3,True,True,True
159.59216594696045,REPLAY,CLICK + HOLD,3,38,34,91,3,True,True,True
159.692462682724,REPLAY,CLICK + HOLD,3,38,34,91,3,True,True,True
159.79275941848755,REPLAY,CLICK + HOLD,3,38,34,91,3,True,True,True
159.8930561542511,REPLAY,CLICK + HOLD,3,39,35,91,2,True,True,True
159.99335289001465,REPLAY,CLICK + HOLD,3,39,35,91,2,True,True,True
160.0936496257782,REPLAY,CLICK + HOLD,3,39,35,91,2,True,True,True
160.19394636154175,REPLAY,CLICK + HOLD,3,39,35,91,2,True,True,True
160.2942430973053,REPLAY,CLICK + HOLD | LEFT,3,39,35,91,2,True,True,True
160.39453983306885,REPLAY,CLICK + HOLD | LEFT,3,39,35,92,2,True,True,True
160.4948365688324,REPLAY,CLICK + HOLD,3,39,35,92,2,True,True,True
160.59513330459595,REPLAY,NEUTRAL,3,39,35,93,1,False,True,True
160.6954300403595,REPLAY,NEUTRAL,3,39,35,93,1,False,True,True
160.79572677612305,REPLAY,NEUTRAL,3,39,35,93,1,False,True,True
160.89201164245605,REPLAY,NEUTRAL,3,39,35,93,1,False,True,True
160.9923083782196,REPLAY,NEUTRAL,3,39,35,93,1,False,True,True
161.09260511398315,REPLAY,NEUTRAL,3,39,35,93,1,False,True,True
161.1929018497467,REPLAY,NEUTRAL,3,39,35,93,1,False,True,True
161.29319858551025,REPLAY,NEUTRAL,3,39,35,93,1,False,True,True
161.3934953212738,REPLAY,NEUTRAL,3,39,35,93,1,False,True,True
161.49379205703735,REPLAY,NEUTRAL,3,39,35,93,2,False,True,True
161.5940887928009,REPLAY,NEUTRAL,3,39,35,93,2,False,True,True
161.69438552856445,REPLAY,NEUTRAL,3,39,35,93,2,False,True,True
161.794682264328,REPLAY,NEUTRAL,3,39,35,93,2,False,True,True
161.89497900009155,REPLAY,NEUTRAL,3,39,35,93,2,False,True,True
161.9952757358551,REPLAY,NEUTRAL,3,39,35,93,2,False,True,True
162.09557247161865,REPLAY,NEUTRAL,3,39,35,93,2,False,True,True
162.1958692073822,REPLAY,NEUTRAL,3,39,35,93,2,False,True,True
162.2921540737152,REPLAY,NEUTRAL,3,39,35,93,2,False,True,True
162.39245080947876,REPLAY,NEUTRAL,3,39,35,93,2,False,True,True
162.4927475452423,REPLAY,NEUTRAL,3,39,35,93,3,False,True,True
162.59304428100586,REPLAY,NEUTRAL,3,39,35,93,3,False,True,True
162.6933410167694,REPLAY,NEUTRAL,3,39,35,93,3,False,True,True
162.79363775253296,REPLAY,NEUTRAL,3,39,35,93,3,False,True,True
162.8939344882965,REPLAY,NEUTRAL,3,39,35,93,3,False,True,True
162.99423122406006,REPLAY,NEUTRAL,3,39,35,93,3,False,True,True
163.0945279598236,REPLAY,NEUTRAL,3,39,35,93,3,False,True,True
163.19482469558716,REPLAY,NEUTRAL,3,39,35,93,3,False,True,True
163.2951214313507,REPLAY,NEUTRAL,3,39,35,93,3,False,True,True
163.39541816711426,REPLAY,NEUTRAL,3,39,35,94,2,False,True,True
163.4957149028778,REPLAY,NEUTRAL,3,39,35,94,2,False,True,True
163.59199976921082,REPLAY,NEUTRAL,3,39,35,94,2,False,True,True
163.69229650497437,REPLAY,NEUTRAL,3,39,35,94,2,False,True,True
163.79259324073792,REPLAY,NEUTRAL,3,39,35,94,2,False,True,True
163.89288997650146,REPLAY,NEUTRAL,3,39,35,94,3,False,True,True
163.99318671226501,REPLAY,NEUTRAL,3,39,35,94,3,False,True,True
164.09348344802856,REPLAY,NEUTRAL,3,39,35,94,3,False,True,True
164.19378018379211,REPLAY,NEUTRAL,3,39,35,94,3,False,True,True
164.29407691955566,REPLAY,NEUTRAL,3,39,35,94,3,False,True,True
164.3943736553192,REPLAY,NEUTRAL,3,39,35,94,3,False,True,True
164.49467039108276,REPLAY,NEUTRAL,3,39,35,94,3,False,True,True
164.5949671268463,REPLAY,NEUTRAL,3,39,35,94,3,False,True,True
164.69526386260986,REPLAY,NEUTRAL,3,39,35,94,3,False,True,True
164.7955605983734,REPLAY,NEUTRAL,3,39,35,95,3,False,True,True
164.89585733413696,REPLAY,CLICK,3,39,35,95,3,False,True,True
164.99214220046997,REPLAY,NEUTRAL,3,39,35,95,3,False,True,True
165.09243893623352,REPLAY,NEUTRAL,3,39,35,95,3,False,True,True
165.19273567199707,REPLAY,CLICK + HOLD | LEFT,3,39,35,95,3,True,True,True
165.29303240776062,REPLAY,CLICK + HOLD | LEFT,3,39,35,95,3,True,True,True
165.39332914352417,REPLAY,CLICK + HOLD,3,39,35,95,3,True,True,True
165.49362587928772,REPLAY,CLICK + HOLD,3,39,35,95,3,True,True,True
165.59392261505127,REPLAY,CLICK + HOLD,3,39,35,95,3,True,True,True
165.69421935081482,REPLAY,CLICK + HOLD,3,39,35,95,3,True,True,True
165.79451608657837,REPLAY,CLICK + HOLD,3,39,35,95,3,True,True,True
165.89481282234192,REPLAY,CLICK + HOLD,3,39,35,96,2,True,True,True
165.99510955810547,REPLAY,CLICK + HOLD,3,39,35,96,2,True,True,True
166.09540629386902,REPLAY,CLICK + HOLD | LEFT,3,39,35,96,2,True,True,True
166.19570302963257,REPLAY,CLICK + HOLD | LEFT,3,39,35,96,2,True,True,True
166.29198789596558,REPLAY,CLICK + HOLD,3,39,35,96,3,True,True,True
166.39228463172913,REPLAY,CLICK + HOLD,3,39,35,96,3,True,True,True
166.49258136749268,REPLAY,CLICK + HOLD,3,39,35,96,3,True,True,True
166.59287810325623,REPLAY,CLICK + HOLD,3,39,35,96,3,True,True,True
166.69317483901978,REPLAY,CLICK + HOLD,3,39,35,96,3,True,True,True
166.79347157478333,REPLAY,CLICK + HOLD,3,39,35,96,3,True,True,True
166.89376831054688,REPLAY,CLICK + HOLD | LEFT,3,39,35,96,3,True,True,True
166.99406504631042,REPLAY,CLICK + HOLD | LEFT,3,39,35,96,3,True,True,True
167.09436178207397,REPLAY,CLICK + HOLD,3,39,35,96,3,True,True,True
167.19465851783752,REPLAY,CLICK + HOLD,3,39,35,96,3,True,True,True
167.29495525360107,REPLAY,CLICK + HOLD,3,40,36,97,1,True,True,True
167.39525198936462,REPLAY,CLICK + HOLD,3,40,36,97,2,True,True,True
167.49554872512817,REPLAY,CLICK + HOLD,3,40,36,97,2,True,True,True
167.59584546089172,REPLAY,CLICK + HOLD,3,40,36,97,2,True,True,True
167.69213032722473,REPLAY,CLICK + HOLD | LEFT,3,40,36,97,2,True,True,True
167.79242706298828,REPLAY,CLICK + HOLD | LEFT,3,40,36,97,2,True,True,True
167.89272379875183,REPLAY,CLICK + HOLD,3,40,36,97,2,True,True,True
167.99302053451538,REPLAY,NEUTRAL,3,40,36,97,2,False,True,True
168.09331727027893,REPLAY,NEUTRAL,3,40,36,97,2,False,True,True
168.19361400604248,REPLAY,NEUTRAL,3,40,36,98,1,False,True,True
168.29391074180603,REPLAY,NEUTRAL,3,40,36,98,1,False,True,True
168.39420747756958,REPLAY,CLICK,3,40,36,98,1,False,True,True
168.49450421333313,REPLAY,NEUTRAL,3,40,36,98,2,False,True,True
168.59480094909668,REPLAY,CLICK + HOLD,3,40,36,98,2,True,True,True
168.69509768486023,REPLAY,CLICK + HOLD | LEFT,3,40,36,98,2,True,True,True
168.79539442062378,REPLAY,CLICK + HOLD | LEFT,3,40,36,98,2,True,True,True
168.89569115638733,REPLAY,CLICK + HOLD,3,40,36,98,2,True,True,True
168.99598789215088,REPLAY,CLICK + HOLD,3,40,36,98,2,True,True,True
169.0922727584839,REPLAY,CLICK + HOLD,3,40,36,98,2,True,True,True
169.19256949424744,REPLAY,CLICK + HOLD,3,40,36,98,2,True,True,True
169.292866230011,REPLAY,CLICK + HOLD,3,40,36,98,2,True,True,True
169.39316296577454,REPLAY,CLICK + HOLD,3,40,36,98,2,True,True,True
169.4934597015381,REPLAY,NEUTRAL,3,40,36,98,2,False,True,True
169.59375643730164,REPLAY,NEUTRAL,3,40,36,98,2,False,True,True
169.69405317306519,REPLAY,NEUTRAL,3,40,36,98,2,False,True,True
169.79434990882874,REPLAY,NEUTRAL,3,40,36,98,2,False,True,True
169.89464664459229,REPLAY,NEUTRAL,3,40,36,98,2,False,True,True
169.99494338035583,REPLAY,NEUTRAL,3,40,36,98,3,False,True,True
170.09524011611938,REPLAY,NEUTRAL,3,40,36,98,3,False,True,True
170.19553685188293,REPLAY,NEUTRAL,3,40,36,98,3,False,True,True
170.29583358764648,REPLAY,NEUTRAL,3,40,36,98,3,False,True,True
170.3921184539795,REPLAY,NEUTRAL,3,40,36,98,3,False,True,True
170.49241518974304,REPLAY,NEUTRAL,3,40,36,98,3,False,True,True
170.5927119255066,REPLAY,NEUTRAL,3,40,36,98,3,False,True,True
170.69300866127014,REPLAY,NEUTRAL,3,40,36,98,3,False,True,True
170.7933053970337,REPLAY,LEFT,3,40,36,98,3,False,True,True
170.89360213279724,REPLAY,NEUTRAL,3,40,36,98,3,False,True,True
170.9938988685608,REPLAY,NEUTRAL,3,40,36,99,2,False,True,True
171.09419560432434,REPLAY,NEUTRAL,3,40,36,99,2,False,True,True
171.1944923400879,REPLAY,NEUTRAL,3,40,36,99,2,False,True,True
171.29478907585144,REPLAY,NEUTRAL,3,40,36,99,2,False,True,True
171.395085811615,REPLAY,NEUTRAL,3,40,36,99,3,False,True,True
171.49538254737854,REPLAY,NEUTRAL,3,40,36,99,3,False,True,True
171.5956792831421,REPLAY,NEUTRAL,3,40,36,99,3,False,True,True
171.69597601890564,REPLAY,NEUTRAL,3,41,37,99,2,False,True,True
171.79226088523865,REPLAY,NEUTRAL,3,41,37,99,2,False,True,True
171.8925576210022,REPLAY,NEUTRAL,3,41,37,99,2,False,True,True
171.99285435676575,REPLAY,NEUTRAL,3,41,37,99,2,False,True,True
172.0931510925293,REPLAY,NEUTRAL,3,41,37,99,2,False,True,True
172.19344782829285,REPLAY,NEUTRAL,3,41,37,99,2,False,True,True
172.2937445640564,REPLAY,NEUTRAL,3,41,37,99,2,False,True,True
172.39404129981995,REPLAY,NEUTRAL,3,41,37,99,2,False,True,True
172.4943380355835,REPLAY,NEUTRAL,3,41,37,99,2,False,True,True
172.59463477134705,REPLAY,NEUTRAL,3,41,37,99,3,False,True,True
172.6949315071106,REPLAY,NEUTRAL,3,41,37,99,3,False,True,True
172.79522824287415,REPLAY,NEUTRAL,3,41,37,99,3,False,True,True
172.8955249786377,REPLAY,NEUTRAL,3,41,37,99,3,False,True,True
172.99582171440125,REPLAY,NEUTRAL,3,41,37,99,3,False,True,True
173.09210658073425,REPLAY,NEUTRAL,3,41,37,99,3,False,True,True
173.1924033164978,REPLAY,NEUTRAL,3,41,37,100,2,False,True,True
173.29270005226135,REPLAY,CLICK,3,41,37,100,2,False,True,True
173.3929967880249,REPLAY,NEUTRAL,3,41,37,100,2,False,True,True
173.49329352378845,REPLAY,NEUTRAL,3,41,37,100,2,False,True,True
173.593590259552,REPLAY,LEFT,3,41,37,100,2,False,True,True
173.69388699531555,REPLAY,NEUTRAL,3,41,37,100,2,False,True,True
173.7941837310791,REPLAY,NEUTRAL,3,41,37,100,2,False,True,True
173.89448046684265,REPLAY,NEUTRAL,3,41,37,100,2,False,True,True
173.9947772026062,REPLAY,NEUTRAL,3,41,37,100,2,False,True,True
174.09507393836975,REPLAY,NEUTRAL,3,41,37,100,3,False,True,True
174.1953706741333,REPLAY,CLICK,3,43,38,100,2,False,True,True
174.29566740989685,REPLAY,NEUTRAL,3,43,38,100,2,False,True,True
174.3959641456604,REPLAY,NEUTRAL,3,43,38,100,2,False,True,True
174.4922490119934,REPLAY,CLICK + HOLD | LEFT,3,43,38,100,2,True,True,True
174.59254574775696,REPLAY,CLICK + HOLD | LEFT,3,43,38,101,1,True,True,True
174.6928424835205,REPLAY,CLICK + HOLD,3,43,38,101,1,True,True,True
174.79313921928406,REPLAY,CLICK + HOLD,3,43,38,101,1,True,True,True
174.8934359550476,REPLAY,NEUTRAL,3,43,38,101,1,False,True,True
174.99373269081116,REPLAY,NEUTRAL,3,43,38,101,1,False,True,True
175.0940294265747,REPLAY,CLICK,3,43,38,101,1,False,True,True
175.19432616233826,REPLAY,NEUTRAL,3,43,38,101,1,False,True,True
175.2946228981018,REPLAY,NEUTRAL,3,43,38,101,1,False,True,True
175.39491963386536,REPLAY,LEFT,3,43,38,101,1,False,True,True
175.4952163696289,REPLAY,LEFT,3,43,38,101,2,False,True,True
175.59551310539246,REPLAY,LEFT,3,43,38,101,2,False,True,True
175.695809841156,REPLAY,NEUTRAL,3,43,38,102,1,False,True,True
175.792094707489,REPLAY,NEUTRAL,3,43,38,102,1,False,True,True
175.89239144325256,REPLAY,CLICK,3,43,38,102,1,False,True,True
175.9926881790161,REPLAY,NEUTRAL,3,43,38,102,1,False,True,True
176.09298491477966,REPLAY,NEUTRAL,3,43,38,102,1,False,True,True
176.1932816505432,REPLAY,NEUTRAL,3,43,38,102,1,False,True,True
176.29357838630676,REPLAY,LEFT,3,43,38,102,1,False,True,True
176.3938751220703,REPLAY,LEFT,3,43,38,102,1,False,True,True
176.49417185783386,REPLAY,NEUTRAL,3,43,38,102,2,False,True,True
176.5944685935974,REPLAY,NEUTRAL,3,43,38,102,2,False,True,True
176.69476532936096,REPLAY,NEUTRAL,3,43,38,102,2,False,True,True
176.7950620651245,REPLAY,CLICK,3,45,39,102,1,False,True,True
176.89535880088806,REPLAY,NEUTRAL,3,45,39,102,1,False,True,True
176.9956555366516,REPLAY,NEUTRAL,3,45,39,102,1,False,True,True
177.09595227241516,REPLAY,NEUTRAL,3,45,39,102,1,False,True,True
177.19223713874817,REPLAY,LEFT,3,45,39,102,1,False,True,True
177.29253387451172,REPLAY,LEFT,3,45,39,102,1,False,True,True
177.39283061027527,REPLAY,NEUTRAL,3,45,39,102,1,False,True,True
177.49312734603882,REPLAY,NEUTRAL,3,45,39,102,1,False,True,True
177.59342408180237,REPLAY,NEUTRAL,3,45,39,102,1,False,True,True
177.69372081756592,REPLAY,CLICK,3,45,39,102,1,False,True,True
177.79401755332947,REPLAY,NEUTRAL,3,45,39,102,1,False,True,True
177.89431428909302,REPLAY,NEUTRAL,3,45,39,102,2,False,True,True
177.99461102485657,REPLAY,NEUTRAL,3,45,39,102,2,False,True,True
178.09490776062012,REPLAY,LEFT,3,45,39,102,2,False,True,True
178.19520449638367,REPLAY,LEFT,3,45,39,102,2,False,True,True
178.29550123214722,REPLAY,NEUTRAL,3,45,39,102,2,False,True,True
178.39579796791077,REPLAY,NEUTRAL,3,45,39,102,2,False,True,True
178.49208283424377,REPLAY,NEUTRAL,3,45,39,102,2,False,True,True
178.59237957000732,REPLAY,NEUTRAL,3,45,39,102,2,False,True,True
178.69267630577087,REPLAY,NEUTRAL,3,45,39,102,2,False,True,True
178.79297304153442,REPLAY,NEUTRAL,3,45,39,103,1,False,True,True
178.89326977729797,REPLAY,NEUTRAL,3,45,39,103,1,False,True,True
178.99356651306152,REPLAY,NEUTRAL,3,45,39,103,1,False,True,True
179.09386324882507,REPLAY,NEUTRAL,3,45,39,103,1,False,True,True
179.19415998458862,REPLAY,NEUTRAL,3,45,39,103,1,False,True,True
179.29445672035217,REPLAY,NEUTRAL,3,45,39,103,1,False,True,True
179.39475345611572,REPLAY,NEUTRAL,3,45,39,103,2,False,True,True
179.49505019187927,REPLAY,NEUTRAL,3,45,39,103,2,False,True,True
179.59534692764282,REPLAY,NEUTRAL,3,45,39,103,2,False,True,True
179.69564366340637,REPLAY,NEUTRAL,3,45,39,103,2,False,True,True
179.79594039916992,REPLAY,NEUTRAL,3,45,39,103,2,False,True,True
179.89222526550293,REPLAY,NEUTRAL,3,45,39,103,2,False,True,True
179.99252200126648,REPLAY,NEUTRAL,3,45,39,103,2,False,True,True
180.09281873703003,REPLAY,NEUTRAL,3,45,39,103,2,False,True,True
180.19311547279358,REPLAY,NEUTRAL,3,45,39,103,2,False,True,True
180.29341220855713,REPLAY,NEUTRAL,3,45,39,103,2,False,True,True
180.39370894432068,REPLAY,NEUTRAL,3,45,39,103,2,False,True,True
180.49400568008423,REPLAY,NEUTRAL,3,45,39,103,3,False,True,True
180.59430241584778,REPLAY,NEUTRAL,3,45,39,103,3,False,True,True
180.69459915161133,REPLAY,NEUTRAL,3,45,39,103,3,False,True,True
180.79489588737488,REPLAY,NEUTRAL,3,45,39,103,3,False,True,True
180.89519262313843,REPLAY,NEUTRAL,3,45,39,104,2,False,True,True
180.99548935890198,REPLAY,NEUTRAL,3,45,39,104,2,False,True,True
181.09578609466553,REPLAY,NEUTRAL,3,45,39,104,2,False,True,True
181.19207096099854,REPLAY,NEUTRAL,3,45,39,104,2,False,True,True
181.29236769676208,REPLAY,NEUTRAL,3,45,39,104,2,False,True,True
181.39266443252563,REPLAY,LEFT,3,45,39,104,2,False,True,True
181.49296116828918,REPLAY,NEUTRAL,3,45,39,104,2,False,True,True
181.59325790405273,REPLAY,NEUTRAL,3,45,39,104,2,False,True,True
181.69355463981628,REPLAY,NEUTRAL,3,45,39,104,3,False,True,True
181.79385137557983,REPLAY,NEUTRAL,3,45,39,104,3,False,True,True
181.89414811134338,REPLAY,NEUTRAL,3,45,39,104,3,False,True,True
181.99444484710693,REPLAY,NEUTRAL,3,45,39,104,3,False,True,True
182.09474158287048,REPLAY,NEUTRAL,3,45,39,104,3,False,True,True
182.19503831863403,REPLAY,NEUTRAL,3,45,39,104,3,False,True,True
182.29533505439758,REPLAY,NEUTRAL,3,45,39,104,3,False,True,True
182.39563179016113,REPLAY,NEUTRAL,3,45,39,104,3,False,True,True
182.49592852592468,REPLAY,NEUTRAL,3,45,39,104,3,False,True,True
182.5922133922577,REPLAY,NEUTRAL,3,45,39,104,3,False,True,True
182.69251012802124,REPLAY,NEUTRAL,3,45,39,104,3,False,True,True
182.7928068637848,REPLAY,NEUTRAL,3,45,39,104,4,False,True,True
182.89310359954834,REPLAY,NEUTRAL,3,45,39,104,4,False,True,True
182.9934003353119,REPLAY,NEUTRAL,3,45,39,105,3,False,True,True
183.09369707107544,REPLAY,NEUTRAL,3,45,39,105,3,False,True,True
183.193993806839,REPLAY,NEUTRAL,3,45,39,105,3,False,True,True
183.25417184829712,REPLAY,NEUTRAL,3,45,39,105,3,False,True,True
