run_time_sec,mode,decoded_state,player_lane,score,hits,misses,active_targets,hold_active,jaw_enabled,hand_enabled
0.0923004150390625,REPLAY,NEUTRAL,3,0,0,0,0,False,False,True
0.192626953125,REPLAY,NEUTRAL,3,0,0,0,0,False,False,True
0.2929534912109375,REPLAY,NEUTRAL,3,0,0,0,0,False,False,True
0.393280029296875,REPLAY,NEUTRAL,3,0,0,0,0,False,False,True
0.4936065673828125,REPLAY,NEUTRAL,3,0,0,0,0,False,False,True
0.59393310546875,REPLAY,NEUTRAL,3,0,0,0,0,False,False,True
0.6942596435546875,REPLAY,NEUTRAL,3,0,0,0,0,False,False,True
0.794586181640625,REPLAY,NEUTRAL,3,0,0,0,0,False,False,True
0.8949127197265625,REPLAY,NEUTRAL,3,0,0,0,0,False,False,True
0.9952392578125,REPLAY,NEUTRAL,3,0,0,0,0,False,False,True
1.0955657958984375,REPLAY,NEUTRAL,3,0,0,0,1,False,False,True
1.195892333984375,REPLAY,NEUTRAL,3,0,0,0,1,False,False,True
1.292205810546875,REPLAY,NEUTRAL,3,0,0,0,1,False,False,True
1.3925323486328125,REPLAY,NEUTRAL,3,0,0,0,1,False,False,True
1.49285888671875,REPLAY,NEUTRAL,3,0,0,0,1,False,False,True
1.5931854248046875,REPLAY,NEUTRAL,3,0,0,0,1,False,False,True
1.693511962890625,REPLAY,NEUTRAL,3,0,0,0,1,False,False,True
1.7938385009765625,REPLAY,NEUTRAL,3,0,0,0,1,False,False,True
1.8941650390625,REPLAY,NEUTRAL,3,0,0,0,1,False,False,True
1.9944915771484375,REPLAY,NEUTRAL,3,0,0,0,2,False,False,True
2.094818115234375,REPLAY,RIGHT,3,0,0,0,2,False,False,True
2.1951446533203125,REPLAY,RIGHT,3,0,0,0,2,False,False,True
2.29547119140625,REPLAY,NEUTRAL,3,0,0,0,2,False,False,True
2.3957977294921875,REPLAY,LEFT,3,0,0,0,2,False,False,True
2.4921112060546875,REPLAY,LEFT,3,0,0,0,2,False,False,True
2.592437744140625,REPLAY,LEFT,3,0,0,0,2,False,False,True
2.6927642822265625,REPLAY,NEUTRAL,3,0,0,0,2,False,False,True
2.7930908203125,REPLAY,NEUTRAL,3,0,0,0,2,False,False,True
2.8934173583984375,REPLAY,NEUTRAL,3,0,0,0,2,False,False,True
2.993743896484375,REPLAY,NEUTRAL,3,0,0,0,2,False,False,True
3.0940704345703125,REPLAY,NEUTRAL,3,0,0,0,2,False,False,True
3.19439697265625,REPLAY,NEUTRAL,3,0,0,0,2,False,False,True
3.2947235107421875,REPLAY,NEUTRAL,3,0,0,0,2,False,False,True
3.395050048828125,REPLAY,NEUTRAL,3,0,0,0,3,False,False,True
3.4953765869140625,REPLAY,NEUTRAL,3,0,0,0,3,False,False,True
3.595703125,REPLAY,NEUTRAL,3,0,0,0,3,False,False,True
3.6920166015625,REPLAY,NEUTRAL,3,0,0,0,3,False,False,True
3.7923431396484375,REPLAY,NEUTRAL,3,0,0,0,3,False,False,True
3.892669677734375,REPLAY,NEUTRAL,3,0,0,0,3,False,False,True
3.9929962158203125,REPLAY,NEUTRAL,3,0,0,0,3,False,False,True
4.09332275390625,REPLAY,NEUTRAL,3,0,0,0,3,False,False,True
4.1936492919921875,REPLAY,NEUTRAL,3,0,0,1,3,False,False,True
4.293975830078125,REPLAY,NEUTRAL,3,0,0,1,3,False,False,True
4.3943023681640625,REPLAY,NEUTRAL,3,0,0,1,3,False,False,True
4.49462890625,REPLAY,NEUTRAL,3,0,0,1,3,False,False,True
4.5949554443359375,REPLAY,NEUTRAL,3,0,0,1,3,False,False,True
4.695281982421875,REPLAY,NEUTRAL,3,0,0,1,3,False,False,True
4.7956085205078125,REPLAY,NEUTRAL,3,0,0,1,3,False,False,True
4.89593505859375,REPLAY,NEUTRAL,3,0,0,1,3,False,False,True
4.99224853515625,REPLAY,NEUTRAL,3,0,0,1,3,False,False,True
5.0925750732421875,REPLAY,NEUTRAL,3,0,0,1,3,False,False,True
5.192901611328125,REPLAY,NEUTRAL,3,1,1,1,2,False,False,True
5.2932281494140625,REPLAY,NEUTRAL,3,1,1,1,2,False,False,True
5.3935546875,REPLAY,NEUTRAL,3,1,1,1,2,False,False,True
5.4938812255859375,REPLAY,NEUTRAL,3,1,1,1,3,False,False,True
5.594207763671875,REPLAY,NEUTRAL,3,1,1,1,3,False,False,True
5.6945343017578125,REPLAY,NEUTRAL,3,1,1,1,3,False,False,True
5.79486083984375,REPLAY,NEUTRAL,3,1,1,1,3,False,False,True
5.8951873779296875,REPLAY,NEUTRAL,3,1,1,1,3,False,False,True
5.995513916015625,REPLAY,NEUTRAL,3,1,1,1,3,False,False,True
6.0958404541015625,REPLAY,NEUTRAL,3,1,1,1,3,False,False,True
6.1921539306640625,REPLAY,NEUTRAL,3,1,1,1,3,False,False,True
6.29248046875,REPLAY,NEUTRAL,3,1,1,1,3,False,False,True
6.3928070068359375,REPLAY,NEUTRAL,3,1,1,1,4,False,False,True
6.493133544921875,REPLAY,NEUTRAL,3,1,1,1,4,False,False,True
6.5934600830078125,REPLAY,NEUTRAL,3,1,1,1,4,False,False,True
6.69378662109375,REPLAY,NEUTRAL,3,1,1,2,3,False,False,True
6.7941131591796875,REPLAY,NEUTRAL,3,1,1,2,3,False,False,True
6.894439697265625,REPLAY,NEUTRAL,3,1,1,2,3,False,False,True
6.9947662353515625,REPLAY,NEUTRAL,3,1,1,2,3,False,False,True
7.0950927734375,REPLAY,NEUTRAL,3,1,1,2,3,False,False,True
7.1954193115234375,REPLAY,NEUTRAL,3,1,1,2,3,False,False,True
7.295745849609375,REPLAY,NEUTRAL,3,1,1,2,3,False,False,True
7.392059326171875,REPLAY,NEUTRAL,3,1,1,3,2,False,False,True
7.4923858642578125,REPLAY,NEUTRAL,3,1,1,3,2,False,False,True
7.59271240234375,REPLAY,NEUTRAL,3,1,1,3,2,False,False,True
7.6930389404296875,REPLAY,NEUTRAL,3,1,1,3,2,False,False,True
7.793365478515625,REPLAY,NEUTRAL,3,1,1,3,2,False,False,True
7.8936920166015625,REPLAY,NEUTRAL,3,1,1,3,3,False,False,True
7.9940185546875,REPLAY,NEUTRAL,3,1,1,3,3,False,False,True
8.094345092773438,REPLAY,NEUTRAL,3,1,1,3,3,False,False,True
8.194671630859375,REPLAY,NEUTRAL,3,1,1,3,3,False,False,True
8.294998168945312,REPLAY,NEUTRAL,3,1,1,3,3,False,False,True
8.39532470703125,REPLAY,NEUTRAL,3,1,1,3,3,False,False,True
8.495651245117188,REPLAY,NEUTRAL,3,1,1,3,3,False,False,True
8.595977783203125,REPLAY,NEUTRAL,3,1,1,3,3,False,False,True
8.692291259765625,REPLAY,NEUTRAL,3,1,1,4,3,False,False,True
8.792617797851562,REPLAY,NEUTRAL,3,1,1,4,3,False,False,True
8.8929443359375,REPLAY,NEUTRAL,3,1,1,4,3,False,False,True
8.993270874023438,REPLAY,NEUTRAL,3,1,1,4,3,False,False,True
9.093597412109375,REPLAY,NEUTRAL,3,1,1,4,3,False,False,True
9.193923950195312,REPLAY,NEUTRAL,3,1,1,4,3,False,False,True
9.29425048828125,REPLAY,NEUTRAL,3,1,1,4,3,False,False,True
9.394577026367188,REPLAY,NEUTRAL,3,1,1,5,2,False,False,True
9.494903564453125,REPLAY,NEUTRAL,3,1,1,5,2,False,False,True
9.595230102539062,REPLAY,NEUTRAL,3,1,1,5,2,False,False,True
9.695556640625,REPLAY,NEUTRAL,3,1,1,5,2,False,False,True
9.795883178710938,REPLAY,NEUTRAL,3,1,1,5,3,False,False,True
9.892196655273438,REPLAY,NEUTRAL,3,1,1,5,3,False,False,True
9.992523193359375,REPLAY,NEUTRAL,3,1,1,5,3,False,False,True
10.092849731445312,REPLAY,LEFT,3,1,1,5,3,False,False,True
10.19317626953125,REPLAY,NEUTRAL,3,1,1,5,3,False,False,True
10.293502807617188,REPLAY,NEUTRAL,3,1,1,5,3,False,False,True
10.393829345703125,REPLAY,NEUTRAL,3,1,1,5,3,False,False,True
10.494155883789062,REPLAY,NEUTRAL,3,1,1,5,3,False,False,True
10.594482421875,REPLAY,NEUTRAL,3,1,1,5,3,False,False,True
10.694808959960938,REPLAY,NEUTRAL,3,1,1,5,3,False,False,True
10.795135498046875,REPLAY,NEUTRAL,3,1,1,5,3,False,False,True
10.895462036132812,REPLAY,LEFT,3,2,2,5,2,False,False,True
10.99578857421875,REPLAY,NEUTRAL,3,2,2,5,2,False,False,True
11.09210205078125,REPLAY,NEUTRAL,3,2,2,5,2,False,False,True
11.192428588867188,REPLAY,NEUTRAL,3,2,2,5,2,False,False,True
11.292755126953125,REPLAY,NEUTRAL,3,2,2,5,3,False,False,True
11.393081665039062,REPLAY,NEUTRAL,3,2,2,5,3,False,False,True
11.493408203125,REPLAY,NEUTRAL,3,2,2,5,3,False,False,True
11.593734741210938,REPLAY,NEUTRAL,3,2,2,5,3,False,False,True
11.694061279296875,REPLAY,NEUTRAL,3,2,2,5,3,False,False,True
11.794387817382812,REPLAY,NEUTRAL,3,2,2,5,3,False,False,True
11.89471435546875,REPLAY,NEUTRAL,3,2,2,5,3,False,False,True
11.995040893554688,REPLAY,LEFT,3,2,2,5,3,False,False,True
12.095367431640625,REPLAY,NEUTRAL,3,2,2,5,3,False,False,True
12.195693969726562,REPLAY,NEUTRAL,3,2,2,5,3,False,False,True
12.292007446289062,REPLAY,NEUTRAL,3,2,2,6,2,False,False,True
12.392333984375,REPLAY,NEUTRAL,3,2,2,6,2,False,False,True
12.492660522460938,REPLAY,NEUTRAL,3,2,2,6,2,False,False,True
12.592987060546875,REPLAY,NEUTRAL,3,2,2,6,2,False,False,True
12.693313598632812,REPLAY,NEUTRAL,3,2,2,6,2,False,False,True
12.79364013671875,REPLAY,LEFT,3,2,2,6,2,False,False,True
12.893966674804688,REPLAY,NEUTRAL,3,2,2,6,3,False,False,True
12.994293212890625,REPLAY,NEUTRAL,3,2,2,7,2,False,False,True
13.094619750976562,REPLAY,NEUTRAL,3,2,2,7,2,False,False,True
13.1949462890625,REPLAY,NEUTRAL,3,2,2,7,2,False,False,True
13.295272827148438,REPLAY,RIGHT,3,2,2,7,2,False,False,True
13.395599365234375,REPLAY,RIGHT,3,2,2,7,2,False,False,True
13.495925903320312,REPLAY,NEUTRAL,3,2,2,7,2,False,False,True
13.592239379882812,REPLAY,NEUTRAL,3,2,2,7,2,False,False,True
13.69256591796875,REPLAY,NEUTRAL,3,2,2,7,2,False,False,True
13.792892456054688,REPLAY,NEUTRAL,3,2,2,7,2,False,False,True
13.893218994140625,REPLAY,LEFT,3,2,2,7,2,False,False,True
13.993545532226562,REPLAY,LEFT,3,2,2,7,2,False,False,True
14.0938720703125,REPLAY,NEUTRAL,3,2,2,7,2,False,False,True
14.194198608398438,REPLAY,NEUTRAL,3,2,2,7,3,False,False,True
14.294525146484375,REPLAY,NEUTRAL,3,2,2,7,3,False,False,True
14.394851684570312,REPLAY,NEUTRAL,3,2,2,7,3,False,False,True
14.49517822265625,REPLAY,NEUTRAL,3,2,2,7,3,False,False,True
14.595504760742188,REPLAY,NEUTRAL,3,2,2,7,3,False,False,True
14.695831298828125,REPLAY,NEUTRAL,3,2,2,7,3,False,False,True
14.792144775390625,REPLAY,NEUTRAL,3,2,2,8,2,False,False,True
14.892471313476562,REPLAY,LEFT,3,2,2,8,2,False,False,True
14.9927978515625,REPLAY,LEFT,3,2,2,8,2,False,False,True
15.093124389648438,REPLAY,LEFT,3,2,2,8,2,False,False,True
15.193450927734375,REPLAY,LEFT,3,2,2,8,2,False,False,True
15.293777465820312,REPLAY,LEFT,3,2,2,8,2,False,False,True
15.39410400390625,REPLAY,NEUTRAL,3,2,2,8,2,False,False,True
15.494430541992188,REPLAY,NEUTRAL,3,2,2,8,2,False,False,True
15.594757080078125,REPLAY,NEUTRAL,3,2,2,8,3,False,False,True
15.695083618164062,REPLAY,NEUTRAL,3,2,2,8,3,False,False,True
15.79541015625,REPLAY,NEUTRAL,3,2,2,8,3,False,False,True
15.895736694335938,REPLAY,LEFT,3,2,2,8,3,False,False,True
15.992050170898438,REPLAY,LEFT,3,3,3,8,2,False,False,True
16.092376708984375,REPLAY,LEFT,3,3,3,8,2,False,False,True
16.192703247070312,REPLAY,RIGHT,3,3,3,8,2,False,False,True
16.29302978515625,REPLAY,RIGHT,3,3,3,8,2,False,False,True
16.393356323242188,REPLAY,RIGHT,3,3,3,8,2,False,False,True
16.493682861328125,REPLAY,NEUTRAL,3,3,3,8,2,False,False,True
16.594009399414062,REPLAY,NEUTRAL,3,3,3,8,3,False,False,True
16.6943359375,REPLAY,NEUTRAL,3,3,3,8,3,False,False,True
16.794662475585938,REPLAY,NEUTRAL,3,3,3,8,3,False,False,True
16.894989013671875,REPLAY,NEUTRAL,3,3,3,8,3,False,False,True
16.995315551757812,REPLAY,NEUTRAL,3,3,3,8,3,False,False,True
17.09564208984375,REPLAY,NEUTRAL,3,3,3,8,3,False,False,True
17.195968627929688,REPLAY,NEUTRAL,3,3,3,8,3,False,False,True
17.292282104492188,REPLAY,NEUTRAL,3,3,3,8,3,False,False,True
17.392608642578125,REPLAY,NEUTRAL,3,3,3,9,3,False,False,True
17.492935180664062,REPLAY,NEUTRAL,3,3,3,9,3,False,False,True
17.59326171875,REPLAY,NEUTRAL,3,3,3,9,3,False,False,True
17.693588256835938,REPLAY,NEUTRAL,3,3,3,9,3,False,False,True
17.793914794921875,REPLAY,NEUTRAL,3,3,3,9,3,False,False,True
17.894241333007812,REPLAY,NEUTRAL,3,3,3,9,3,False,False,True
17.99456787109375,REPLAY,NEUTRAL,3,3,3,9,3,False,False,True
18.094894409179688,REPLAY,NEUTRAL,3,3,3,9,3,False,False,True
18.195220947265625,REPLAY,NEUTRAL,3,3,3,9,3,False,False,True
18.295547485351562,REPLAY,NEUTRAL,3,3,3,9,4,False,False,True
18.3958740234375,REPLAY,NEUTRAL,3,3,3,9,4,False,False,True
18.4921875,REPLAY,NEUTRAL,3,3,3,9,4,False,False,True
18.592514038085938,REPLAY,NEUTRAL,3,3,3,9,4,False,False,True
18.692840576171875,REPLAY,NEUTRAL,3,4,4,9,3,False,False,True
18.793167114257812,REPLAY,NEUTRAL,3,4,4,9,3,False,False,True
18.89349365234375,REPLAY,NEUTRAL,3,4,4,9,3,False,False,True
18.993820190429688,REPLAY,NEUTRAL,3,4,4,9,3,False,False,True
19.094146728515625,REPLAY,NEUTRAL,3,4,4,9,3,False,False,True
19.194473266601562,REPLAY,NEUTRAL,3,4,4,9,3,False,False,True
19.2947998046875,REPLAY,NEUTRAL,3,4,4,9,3,False,False,True
19.395126342773438,REPLAY,NEUTRAL,3,4,4,9,3,False,False,True
19.495452880859375,REPLAY,NEUTRAL,3,4,4,9,3,False,False,True
19.595779418945312,REPLAY,NEUTRAL,3,4,4,9,3,False,False,True
19.692092895507812,REPLAY,NEUTRAL,3,5,5,9,2,False,False,True
19.79241943359375,REPLAY,NEUTRAL,3,5,5,9,2,False,False,True
19.892745971679688,REPLAY,NEUTRAL,3,5,5,9,3,False,False,True
19.993072509765625,REPLAY,LEFT,3,5,5,9,3,False,False,True
20.093399047851562,REPLAY,LEFT,3,5,5,9,3,False,False,True
20.1937255859375,REPLAY,NEUTRAL,3,5,5,9,3,False,False,True
20.294052124023438,REPLAY,NEUTRAL,3,5,5,9,3,False,False,True
20.394378662109375,REPLAY,NEUTRAL,3,5,5,10,2,False,False,True
20.494705200195312,REPLAY,NEUTRAL,3,5,5,10,2,False,False,True
20.59503173828125,REPLAY,NEUTRAL,3,5,5,10,2,False,False,True
20.695358276367188,REPLAY,NEUTRAL,3,5,5,10,2,False,False,True
20.795684814453125,REPLAY,NEUTRAL,3,5,5,10,2,False,False,True
20.891998291015625,REPLAY,NEUTRAL,3,5,5,10,2,False,False,True
20.992324829101562,REPLAY,NEUTRAL,3,5,5,10,2,False,False,True
21.0926513671875,REPLAY,NEUTRAL,3,5,5,10,2,False,False,True
21.192977905273438,REPLAY,NEUTRAL,3,5,5,10,3,False,False,True
21.293304443359375,REPLAY,NEUTRAL,3,5,5,10,3,False,False,True
21.393630981445312,REPLAY,NEUTRAL,3,5,5,10,3,False,False,True
21.49395751953125,REPLAY,NEUTRAL,3,5,5,10,3,False,False,True
21.594284057617188,REPLAY,NEUTRAL,3,5,5,10,3,False,False,True
21.694610595703125,REPLAY,NEUTRAL,3,5,5,11,2,False,False,True
21.794937133789062,REPLAY,NEUTRAL,3,5,5,11,2,False,False,True
21.895263671875,REPLAY,NEUTRAL,3,5,5,11,2,False,False,True
21.995590209960938,REPLAY,NEUTRAL,3,5,5,11,2,False,False,True
22.095916748046875,REPLAY,NEUTRAL,3,5,5,11,2,False,False,True
22.192230224609375,REPLAY,NEUTRAL,3,5,5,11,2,False,False,True
22.292556762695312,REPLAY,NEUTRAL,3,5,5,11,2,False,False,True
22.39288330078125,REPLAY,NEUTRAL,3,5,5,11,2,False,False,True
22.493209838867188,REPLAY,NEUTRAL,3,5,5,11,2,False,False,True
22.593536376953125,REPLAY,NEUTRAL,3,5,5,11,2,False,False,True
22.693862915039062,REPLAY,NEUTRAL,3,5,5,11,2,False,False,True
22.794189453125,REPLAY,NEUTRAL,3,5,5,11,3,False,False,True
22.894515991210938,REPLAY,NEUTRAL,3,5,5,11,3,False,False,True
22.994842529296875,REPLAY,NEUTRAL,3,5,5,12,2,False,False,True
23.095169067382812,REPLAY,NEUTRAL,3,5,5,12,2,False,False,True
23.19549560546875,REPLAY,NEUTRAL,3,5,5,12,2,False,False,True
23.295822143554688,REPLAY,NEUTRAL,3,5,5,12,2,False,False,True
23.392135620117188,REPLAY,NEUTRAL,3,5,5,12,2,False,False,True
23.492462158203125,REPLAY,NEUTRAL,3,5,5,12,2,False,False,True
23.592788696289062,REPLAY,NEUTRAL,3,5,5,12,2,False,False,True
23.693115234375,REPLAY,NEUTRAL,3,5,5,12,2,False,False,True
23.793441772460938,REPLAY,NEUTRAL,3,5,5,12,3,False,False,True
23.893768310546875,REPLAY,NEUTRAL,3,5,5,12,3,False,False,True
23.994094848632812,REPLAY,LEFT,3,5,5,12,3,False,False,True
24.09442138671875,REPLAY,NEUTRAL,3,5,5,12,3,False,False,True
24.194747924804688,REPLAY,NEUTRAL,3,6,6,12,2,False,False,True
24.295074462890625,REPLAY,NEUTRAL,3,6,6,12,2,False,False,True
24.395401000976562,REPLAY,RIGHT,3,6,6,12,2,False,False,True
24.4957275390625,REPLAY,NEUTRAL,3,6,6,12,2,False,False,True
24.592041015625,REPLAY,NEUTRAL,3,6,6,12,3,False,False,True
24.692367553710938,REPLAY,NEUTRAL,3,6,6,12,3,False,False,True
24.792694091796875,REPLAY,NEUTRAL,3,6,6,12,3,False,False,True
24.893020629882812,REPLAY,NEUTRAL,3,6,6,12,3,False,False,True
24.99334716796875,REPLAY,NEUTRAL,3,6,6,12,3,False,False,True
25.093673706054688,REPLAY,NEUTRAL,3,6,6,12,3,False,False,True
25.194000244140625,REPLAY,NEUTRAL,3,6,6,12,3,False,False,True
25.294326782226562,REPLAY,NEUTRAL,3,6,6,12,3,False,False,True
25.3946533203125,REPLAY,NEUTRAL,3,6,6,12,3,False,False,True
25.494979858398438,REPLAY,NEUTRAL,3,6,6,12,3,False,False,True
25.595306396484375,REPLAY,RIGHT,3,6,6,12,3,False,False,True
25.695632934570312,REPLAY,RIGHT,3,6,6,12,3,False,False,True
25.79595947265625,REPLAY,NEUTRAL,3,6,6,12,3,False,False,True
25.89227294921875,REPLAY,NEUTRAL,3,6,6,12,3,False,False,True
25.992599487304688,REPLAY,NEUTRAL,3,6,6,12,3,False,False,True
26.092926025390625,REPLAY,NEUTRAL,3,6,6,12,3,False,False,True
26.193252563476562,REPLAY,NEUTRAL,3,6,6,12,4,False,False,True
26.2935791015625,REPLAY,NEUTRAL,3,6,6,13,3,False,False,True
26.393905639648438,REPLAY,NEUTRAL,3,6,6,13,3,False,False,True
26.494232177734375,REPLAY,NEUTRAL,3,6,6,13,3,False,False,True
26.594558715820312,REPLAY,NEUTRAL,3,6,6,13,3,False,False,True
26.69488525390625,REPLAY,NEUTRAL,3,6,6,13,3,False,False,True
26.795211791992188,REPLAY,NEUTRAL,3,6,6,13,3,False,False,True
26.895538330078125,REPLAY,NEUTRAL,3,6,6,13,3,False,False,True
26.995864868164062,REPLAY,NEUTRAL,3,6,6,13,3,False,False,True
27.092178344726562,REPLAY,NEUTRAL,3,6,6,13,3,False,False,True
27.1925048828125,REPLAY,NEUTRAL,3,6,6,13,3,False,False,True
27.292831420898438,REPLAY,RIGHT,3,6,6,14,2,False,False,True
27.393157958984375,REPLAY,RIGHT,3,6,6,14,2,False,False,True
27.493484497070312,REPLAY,RIGHT,3,6,6,14,3,False,False,True
27.59381103515625,REPLAY,RIGHT,3,6,6,14,3,False,False,True
27.694137573242188,REPLAY,NEUTRAL,3,6,6,14,3,False,False,True
27.794464111328125,REPLAY,NEUTRAL,3,6,6,14,3,False,False,True
27.894790649414062,REPLAY,NEUTRAL,3,6,6,14,3,False,False,True
27.9951171875,REPLAY,NEUTRAL,3,6,6,14,3,False,False,True
28.095443725585938,REPLAY,NEUTRAL,3,6,6,14,3,False,False,True
28.195770263671875,REPLAY,NEUTRAL,3,6,6,15,2,False,False,True
28.292083740234375,REPLAY,LEFT,3,6,6,15,2,False,False,True
28.392410278320312,REPLAY,LEFT,3,6,6,15,2,False,False,True
28.49273681640625,REPLAY,NEUTRAL,3,6,6,15,3,False,False,True
28.593063354492188,REPLAY,NEUTRAL,3,6,6,15,3,False,False,True
28.693389892578125,REPLAY,NEUTRAL,3,6,6,15,3,False,False,True
28.793716430664062,REPLAY,NEUTRAL,3,6,6,15,3,False,False,True
28.89404296875,REPLAY,NEUTRAL,3,6,6,15,3,False,False,True
28.994369506835938,REPLAY,NEUTRAL,3,6,6,15,3,False,False,True
29.094696044921875,REPLAY,NEUTRAL,3,6,6,15,3,False,False,True
29.195022583007812,REPLAY,NEUTRAL,3,6,6,15,3,False,False,True
29.29534912109375,REPLAY,NEUTRAL,3,6,6,15,3,False,False,True
29.395675659179688,REPLAY,NEUTRAL,3,6,6,15,3,False,False,True
29.491989135742188,REPLAY,NEUTRAL,3,6,6,15,3,False,False,True
29.592315673828125,REPLAY,NEUTRAL,3,6,6,16,2,False,False,True
29.692642211914062,REPLAY,NEUTRAL,3,6,6,16,2,False,False,True
29.79296875,REPLAY,NEUTRAL,3,6,6,16,2,False,False,True
29.893295288085938,REPLAY,NEUTRAL,3,6,6,16,2,False,False,True
29.993621826171875,REPLAY,NEUTRAL,3,6,6,16,3,False,False,True
30.093948364257812,REPLAY,NEUTRAL,3,6,6,16,3,False,False,True
30.19427490234375,REPLAY,NEUTRAL,3,6,6,16,3,False,False,True
30.294601440429688,REPLAY,NEUTRAL,3,6,6,16,3,False,False,True
30.394927978515625,REPLAY,NEUTRAL,3,6,6,16,3,False,False,True
30.495254516601562,REPLAY,NEUTRAL,3,6,6,16,3,False,False,True
30.5955810546875,REPLAY,NEUTRAL,3,6,6,16,3,False,False,True
30.695907592773438,REPLAY,NEUTRAL,3,6,6,16,3,False,False,True
30.792221069335938,REPLAY,NEUTRAL,3,6,6,17,2,False,False,True
30.892547607421875,REPLAY,NEUTRAL,3,6,6,17,3,False,False,True
30.992874145507812,REPLAY,NEUTRAL,3,6,6,17,3,False,False,True
31.09320068359375,REPLAY,NEUTRAL,3,6,6,17,3,False,False,True
31.193527221679688,REPLAY,NEUTRAL,3,6,6,17,3,False,False,True
31.293853759765625,REPLAY,NEUTRAL,3,6,6,17,3,False,False,True
31.394180297851562,REPLAY,NEUTRAL,3,6,6,17,3,False,False,True
31.4945068359375,REPLAY,NEUTRAL,3,6,6,17,3,False,False,True
31.594833374023438,REPLAY,NEUTRAL,3,6,6,17,3,False,False,True
31.695159912109375,REPLAY,NEUTRAL,3,6,6,18,2,False,False,True
31.795486450195312,REPLAY,NEUTRAL,3,6,6,18,2,False,False,True
31.89581298828125,REPLAY,NEUTRAL,3,6,6,18,2,False,False,True
31.99212646484375,REPLAY,NEUTRAL,3,6,6,18,2,False,False,True
32.09245300292969,REPLAY,NEUTRAL,3,6,6,18,2,False,False,True
32.192779541015625,REPLAY,NEUTRAL,3,6,6,18,2,False,False,True
32.29310607910156,REPLAY,NEUTRAL,3,6,6,18,3,False,False,True
32.3934326171875,REPLAY,NEUTRAL,3,6,6,18,3,False,False,True
32.49375915527344,REPLAY,NEUTRAL,3,6,6,18,3,False,False,True
32.594085693359375,REPLAY,NEUTRAL,3,6,6,18,3,False,False,True
32.69441223144531,REPLAY,NEUTRAL,3,6,6,18,3,False,False,True
32.79473876953125,REPLAY,NEUTRAL,3,6,6,18,3,False,False,True
32.89506530761719,REPLAY,NEUTRAL,3,6,6,18,3,False,False,True
32.995391845703125,REPLAY,NEUTRAL,3,6,6,18,3,False,False,True
33.09571838378906,REPLAY,NEUTRAL,3,6,6,18,3,False,False,True
33.19203186035156,REPLAY,NEUTRAL,3,6,6,18,3,False,False,True
33.2923583984375,REPLAY,NEUTRAL,3,6,6,19,2,False,False,True
33.39268493652344,REPLAY,NEUTRAL,3,6,6,19,2,False,False,True
33.493011474609375,REPLAY,NEUTRAL,3,6,6,19,2,False,False,True
33.59333801269531,REPLAY,NEUTRAL,3,6,6,19,2,False,False,True
33.69366455078125,REPLAY,NEUTRAL,3,6,6,19,2,False,False,True
33.79399108886719,REPLAY,NEUTRAL,3,6,6,19,3,False,False,True
33.894317626953125,REPLAY,NEUTRAL,3,6,6,19,3,False,False,True
33.99464416503906,REPLAY,NEUTRAL,3,6,6,19,3,False,False,True
34.094970703125,REPLAY,NEUTRAL,3,6,6,20,2,False,False,True
34.19529724121094,REPLAY,NEUTRAL,3,6,6,20,2,False,False,True
34.295623779296875,REPLAY,NEUTRAL,3,6,6,20,2,False,False,True
34.39595031738281,REPLAY,NEUTRAL,3,6,6,20,2,False,False,True
34.49226379394531,REPLAY,NEUTRAL,3,6,6,20,2,False,False,True
34.59259033203125,REPLAY,NEUTRAL,3,6,6,20,2,False,False,True
34.69291687011719,REPLAY,NEUTRAL,3,6,6,20,2,False,False,True
34.793243408203125,REPLAY,NEUTRAL,3,6,6,20,2,False,False,True
34.89356994628906,REPLAY,NEUTRAL,3,6,6,20,2,False,False,True
34.993896484375,REPLAY,NEUTRAL,3,6,6,20,2,False,False,True
35.09422302246094,REPLAY,NEUTRAL,3,6,6,20,3,False,False,True
35.194549560546875,REPLAY,NEUTRAL,3,6,6,20,3,False,False,True
35.29487609863281,REPLAY,NEUTRAL,3,6,6,20,3,False,False,True
35.39520263671875,REPLAY,NEUTRAL,3,6,6,20,3,False,False,True
35.49552917480469,REPLAY,NEUTRAL,3,6,6,21,2,False,False,True
35.595855712890625,REPLAY,NEUTRAL,3,6,6,21,2,False,False,True
35.692169189453125,REPLAY,NEUTRAL,3,6,6,21,2,False,False,True
35.79249572753906,REPLAY,NEUTRAL,3,6,6,21,2,False,False,True
35.892822265625,REPLAY,NEUTRAL,3,6,6,21,2,False,False,True
35.99314880371094,REPLAY,NEUTRAL,3,6,6,21,2,False,False,True
36.093475341796875,REPLAY,NEUTRAL,3,6,6,21,2,False,False,True
36.19380187988281,REPLAY,NEUTRAL,3,6,6,21,2,False,False,True
36.29412841796875,REPLAY,NEUTRAL,3,6,6,21,2,False,False,True
36.39445495605469,REPLAY,NEUTRAL,3,6,6,21,2,False,False,True
36.494781494140625,REPLAY,NEUTRAL,3,6,6,21,2,False,False,True
36.59510803222656,REPLAY,NEUTRAL,3,6,6,21,3,False,False,True
36.6954345703125,REPLAY,NEUTRAL,3,6,6,21,3,False,False,True
36.79576110839844,REPLAY,NEUTRAL,3,6,6,21,3,False,False,True
36.89207458496094,REPLAY,NEUTRAL,3,6,6,21,3,False,False,True
36.992401123046875,REPLAY,NEUTRAL,3,6,6,21,3,False,False,True
37.09272766113281,REPLAY,NEUTRAL,3,6,6,22,2,False,False,True
37.19305419921875,REPLAY,NEUTRAL,3,6,6,22,2,False,False,True
37.29338073730469,REPLAY,RIGHT,3,6,6,22,2,False,False,True
37.393707275390625,REPLAY,NEUTRAL,3,6,6,22,2,False,False,True
37.49403381347656,REPLAY,NEUTRAL,3,6,6,22,2,False,False,True
37.5943603515625,REPLAY,NEUTRAL,3,6,6,22,2,False,False,True
37.69468688964844,REPLAY,NEUTRAL,3,6,6,22,2,False,False,True
37.795013427734375,REPLAY,NEUTRAL,3,6,6,22,2,False,False,True
37.89533996582031,REPLAY,NEUTRAL,3,6,6,22,2,False,False,True
37.99566650390625,REPLAY,NEUTRAL,3,6,6,23,2,False,False,True
38.09197998046875,REPLAY,NEUTRAL,3,6,6,23,2,False,False,True
38.19230651855469,REPLAY,NEUTRAL,3,6,6,23,2,False,False,True
38.292633056640625,REPLAY,NEUTRAL,3,6,6,23,2,False,False,True
38.39295959472656,REPLAY,NEUTRAL,3,6,6,23,2,False,False,True
38.4932861328125,REPLAY,NEUTRAL,3,6,6,23,2,False,False,True
38.59361267089844,REPLAY,NEUTRAL,3,6,6,23,2,False,False,True
38.693939208984375,REPLAY,NEUTRAL,3,6,6,23,2,False,False,True
38.79426574707031,REPLAY,NEUTRAL,3,6,6,23,2,False,False,True
38.89459228515625,REPLAY,NEUTRAL,3,6,6,23,2,False,False,True
38.99491882324219,REPLAY,NEUTRAL,3,6,6,23,3,False,False,True
39.095245361328125,REPLAY,LEFT,3,6,6,23,3,False,False,True
39.19557189941406,REPLAY,LEFT,3,6,6,23,3,False,False,True
39.2958984375,REPLAY,NEUTRAL,3,6,6,23,3,False,False,True
39.3922119140625,REPLAY,NEUTRAL,3,7,7,23,2,False,False,True
39.49253845214844,REPLAY,NEUTRAL,3,7,7,23,2,False,False,True
39.592864990234375,REPLAY,NEUTRAL,3,7,7,23,2,False,False,True
39.69319152832031,REPLAY,NEUTRAL,3,7,7,23,2,False,False,True
39.79351806640625,REPLAY,NEUTRAL,3,7,7,23,2,False,False,True
39.89384460449219,REPLAY,NEUTRAL,3,7,7,23,2,False,False,True
39.994171142578125,REPLAY,RIGHT,3,7,7,23,2,False,False,True
40.09449768066406,REPLAY,RIGHT,3,7,7,23,2,False,False,True
40.19482421875,REPLAY,NEUTRAL,3,7,7,23,2,False,False,True
40.29515075683594,REPLAY,NEUTRAL,3,7,7,23,2,False,False,True
40.395477294921875,REPLAY,LEFT,3,7,7,23,2,False,False,True
40.49580383300781,REPLAY,LEFT,3,7,7,23,2,False,False,True
40.59211730957031,REPLAY,NEUTRAL,3,7,7,23,3,False,False,True
40.69244384765625,REPLAY,NEUTRAL,3,7,7,23,3,False,False,True
40.79277038574219,REPLAY,NEUTRAL,3,7,7,23,3,False,False,True
40.893096923828125,REPLAY,LEFT,3,7,7,23,3,False,False,True
40.99342346191406,REPLAY,NEUTRAL,3,7,7,23,3,False,False,True
41.09375,REPLAY,NEUTRAL,3,7,7,24,2,False,False,True
41.19407653808594,REPLAY,NEUTRAL,3,7,7,24,2,False,False,True
41.294403076171875,REPLAY,NEUTRAL,3,7,7,24,2,False,False,True
41.39472961425781,REPLAY,NEUTRAL,3,7,7,24,2,False,False,True
41.49505615234375,REPLAY,NEUTRAL,3,7,7,24,2,False,False,True
41.59538269042969,REPLAY,NEUTRAL,3,7,7,24,2,False,False,True
41.695709228515625,REPLAY,LEFT,3,7,7,24,2,False,False,True
41.792022705078125,REPLAY,LEFT,3,7,7,24,2,False,False,True
41.89234924316406,REPLAY,NEUTRAL,3,7,7,24,2,False,False,True
41.99267578125,REPLAY,NEUTRAL,3,7,7,24,2,False,False,True
42.09300231933594,REPLAY,NEUTRAL,3,7,7,24,3,False,False,True
42.193328857421875,REPLAY,NEUTRAL,3,7,7,24,3,False,False,True
42.29365539550781,REPLAY,NEUTRAL,3,7,7,25,2,False,False,True
42.39398193359375,REPLAY,NEUTRAL,3,7,7,25,2,False,False,True
42.49430847167969,REPLAY,NEUTRAL,3,7,7,25,2,False,False,True
42.594635009765625,REPLAY,NEUTRAL,3,7,7,25,2,False,False,True
42.69496154785156,REPLAY,NEUTRAL,3,7,7,25,2,False,False,True
42.7952880859375,REPLAY,LEFT,3,7,7,25,2,False,False,True
42.89561462402344,REPLAY,NEUTRAL,3,7,7,25,2,False,False,True
42.995941162109375,REPLAY,NEUTRAL,3,7,7,25,2,False,False,True
43.092254638671875,REPLAY,NEUTRAL,3,7,7,25,3,False,False,True
43.19258117675781,REPLAY,NEUTRAL,3,7,7,25,3,False,False,True
43.29290771484375,REPLAY,NEUTRAL,3,7,7,25,3,False,False,True
43.39323425292969,REPLAY,LEFT,3,7,7,25,3,False,False,True
43.493560791015625,REPLAY,LEFT,3,7,7,26,2,False,False,True
43.59388732910156,REPLAY,NEUTRAL,3,7,7,26,2,False,False,True
43.6942138671875,REPLAY,NEUTRAL,3,7,7,26,2,False,False,True
43.79454040527344,REPLAY,NEUTRAL,3,7,7,26,2,False,False,True
43.894866943359375,REPLAY,NEUTRAL,3,7,7,26,2,False,False,True
43.99519348144531,REPLAY,NEUTRAL,3,7,7,26,2,False,False,True
44.09552001953125,REPLAY,NEUTRAL,3,7,7,26,2,False,False,True
44.19584655761719,REPLAY,LEFT,3,7,7,26,3,False,False,True
44.29216003417969,REPLAY,LEFT,3,7,7,26,3,False,False,True
44.392486572265625,REPLAY,NEUTRAL,3,7,7,26,3,False,False,True
44.49281311035156,REPLAY,LEFT,3,7,7,26,3,False,False,True
44.5931396484375,REPLAY,NEUTRAL,3,7,7,26,3,False,False,True
44.69346618652344,REPLAY,LEFT,3,7,7,26,3,False,False,True
44.793792724609375,REPLAY,NEUTRAL,3,7,7,26,3,False,False,True
44.89411926269531,REPLAY,NEUTRAL,3,7,7,26,3,False,False,True
44.99444580078125,REPLAY,NEUTRAL,3,7,7,26,3,False,False,True
45.09477233886719,REPLAY,NEUTRAL,3,7,7,27,2,False,False,True
45.195098876953125,REPLAY,NEUTRAL,3,7,7,27,2,False,False,True
45.29542541503906,REPLAY,NEUTRAL,3,7,7,27,2,False,False,True
45.395751953125,REPLAY,RIGHT,3,7,7,27,2,False,False,True
45.4920654296875,REPLAY,NEUTRAL,3,7,7,27,2,False,False,True
45.59239196777344,REPLAY,NEUTRAL,3,7,7,27,2,False,False,True
45.692718505859375,REPLAY,NEUTRAL,3,7,7,27,3,False,False,True
45.79304504394531,REPLAY,NEUTRAL,3,7,7,27,3,False,False,True
45.89337158203125,REPLAY,NEUTRAL,3,7,7,27,3,False,False,True
45.99369812011719,REPLAY,NEUTRAL,3,7,7,27,3,False,False,True
46.094024658203125,REPLAY,NEUTRAL,3,7,7,27,3,False,False,True
46.19435119628906,REPLAY,NEUTRAL,3,7,7,27,3,False,False,True
46.294677734375,REPLAY,NEUTRAL,3,7,7,27,3,False,False,True
46.39500427246094,REPLAY,LEFT,3,7,7,27,3,False,False,True
46.495330810546875,REPLAY,LEFT,3,7,7,27,3,False,False,True
46.59565734863281,REPLAY,NEUTRAL,3,7,7,28,2,False,False,True
46.69598388671875,REPLAY,NEUTRAL,3,7,7,28,2,False,False,True
46.79229736328125,REPLAY,NEUTRAL,3,7,7,28,2,False,False,True
46.89262390136719,REPLAY,NEUTRAL,3,7,7,28,2,False,False,True
46.992950439453125,REPLAY,NEUTRAL,3,7,7,28,2,False,False,True
47.09327697753906,REPLAY,NEUTRAL,3,7,7,28,2,False,False,True
47.193603515625,REPLAY,LEFT,3,7,7,29,1,False,False,True
47.29393005371094,REPLAY,LEFT,3,7,7,29,2,False,False,True
47.394256591796875,REPLAY,NEUTRAL,3,7,7,29,2,False,False,True
47.49458312988281,REPLAY,NEUTRAL,3,7,7,29,2,False,False,True
47.59490966796875,REPLAY,NEUTRAL,3,7,7,29,2,False,False,True
47.69523620605469,REPLAY,NEUTRAL,3,7,7,29,2,False,False,True
47.795562744140625,REPLAY,NEUTRAL,3,7,7,29,2,False,False,True
47.89588928222656,REPLAY,NEUTRAL,3,7,7,29,2,False,False,True
47.99220275878906,REPLAY,NEUTRAL,3,7,7,29,2,False,False,True
48.092529296875,REPLAY,NEUTRAL,3,7,7,29,2,False,False,True
48.19285583496094,REPLAY,NEUTRAL,3,7,7,29,2,False,False,True
48.293182373046875,REPLAY,LEFT,3,7,7,29,3,False,False,True
48.39350891113281,REPLAY,NEUTRAL,3,7,7,29,3,False,False,True
48.49383544921875,REPLAY,NEUTRAL,3,7,7,29,3,False,False,True
48.59416198730469,REPLAY,NEUTRAL,3,7,7,29,3,False,False,True
48.694488525390625,REPLAY,NEUTRAL,3,7,7,29,3,False,False,True
48.79481506347656,REPLAY,NEUTRAL,3,7,7,29,3,False,False,True
48.8951416015625,REPLAY,NEUTRAL,3,7,7,29,3,False,False,True
48.99546813964844,REPLAY,NEUTRAL,3,8,8,29,2,False,False,True
49.095794677734375,REPLAY,NEUTRAL,3,8,8,29,3,False,False,True
49.192108154296875,REPLAY,NEUTRAL,3,8,8,29,3,False,False,True
49.29243469238281,REPLAY,NEUTRAL,3,8,8,29,3,False,False,True
49.39276123046875,REPLAY,NEUTRAL,3,8,8,29,3,False,False,True
49.49308776855469,REPLAY,NEUTRAL,3,8,8,29,3,False,False,True
49.593414306640625,REPLAY,NEUTRAL,3,8,8,29,3,False,False,True
49.69374084472656,REPLAY,NEUTRAL,3,8,8,29,3,False,False,True
49.7940673828125,REPLAY,NEUTRAL,3,8,8,29,3,False,False,True
49.89439392089844,REPLAY,LEFT,3,8,8,29,3,False,False,True
49.994720458984375,REPLAY,LEFT,3,8,8,29,3,False,False,True
50.09504699707031,REPLAY,NEUTRAL,3,8,8,29,3,False,False,True
50.19537353515625,REPLAY,NEUTRAL,3,8,8,29,3,False,False,True
50.29570007324219,REPLAY,NEUTRAL,3,8,8,30,2,False,False,True
50.39201354980469,REPLAY,RIGHT,3,8,8,30,3,False,False,True
50.492340087890625,REPLAY,RIGHT,3,8,8,30,3,False,False,True
50.59266662597656,REPLAY,NEUTRAL,3,8,8,30,3,False,False,True
50.6929931640625,REPLAY,NEUTRAL,3,8,8,30,3,False,False,True
50.79331970214844,REPLAY,NEUTRAL,3,8,8,30,3,False,False,True
50.893646240234375,REPLAY,NEUTRAL,3,8,8,30,3,False,False,True
50.99397277832031,REPLAY,NEUTRAL,3,8,8,30,3,False,False,True
51.09429931640625,REPLAY,NEUTRAL,3,8,8,30,3,False,False,True
51.19462585449219,REPLAY,NEUTRAL,3,8,8,31,2,False,False,True
51.294952392578125,REPLAY,NEUTRAL,3,8,8,31,2,False,False,True
51.39527893066406,REPLAY,NEUTRAL,3,8,8,31,2,False,False,True
51.49560546875,REPLAY,NEUTRAL,3,8,8,31,2,False,False,True
51.59593200683594,REPLAY,NEUTRAL,3,8,8,31,2,False,False,True
51.69224548339844,REPLAY,NEUTRAL,3,8,8,31,2,False,False,True
51.792572021484375,REPLAY,NEUTRAL,3,8,8,31,2,False,False,True
51.89289855957031,REPLAY,NEUTRAL,3,8,8,31,2,False,False,True
51.99322509765625,REPLAY,NEUTRAL,3,8,8,32,2,False,False,True
52.09355163574219,REPLAY,NEUTRAL,3,8,8,32,2,False,False,True
52.193878173828125,REPLAY,NEUTRAL,3,8,8,32,2,False,False,True
52.29420471191406,REPLAY,NEUTRAL,3,8,8,32,2,False,False,True
52.39453125,REPLAY,NEUTRAL,3,8,8,32,2,False,False,True
52.49485778808594,REPLAY,NEUTRAL,3,8,8,32,2,False,False,True
52.595184326171875,REPLAY,NEUTRAL,3,8,8,32,2,False,False,True
52.69551086425781,REPLAY,NEUTRAL,3,8,8,32,2,False,False,True
52.79583740234375,REPLAY,NEUTRAL,3,8,8,32,2,False,False,True
52.89215087890625,REPLAY,NEUTRAL,3,8,8,32,2,False,False,True
52.99247741699219,REPLAY,NEUTRAL,3,8,8,32,2,False,False,True
53.092803955078125,REPLAY,NEUTRAL,3,8,8,32,3,False,False,True
53.19313049316406,REPLAY,NEUTRAL,3,9,9,32,2,False,False,True
53.29345703125,REPLAY,NEUTRAL,3,9,9,32,2,False,False,True
53.39378356933594,REPLAY,NEUTRAL,3,9,9,32,2,False,False,True
53.494110107421875,REPLAY,NEUTRAL,3,9,9,32,2,False,False,True
53.59443664550781,REPLAY,NEUTRAL,3,9,9,32,2,False,False,True
53.69476318359375,REPLAY,NEUTRAL,3,9,9,32,2,False,False,True
53.79508972167969,REPLAY,NEUTRAL,3,9,9,32,2,False,False,True
53.895416259765625,REPLAY,NEUTRAL,3,9,9,32,2,False,False,True
53.99574279785156,REPLAY,NEUTRAL,3,9,9,32,2,False,False,True
54.09205627441406,REPLAY,NEUTRAL,3,9,9,32,2,False,False,True
54.1923828125,REPLAY,NEUTRAL,3,9,9,32,2,False,False,True
54.29270935058594,REPLAY,NEUTRAL,3,9,9,32,2,False,False,True
54.393035888671875,REPLAY,NEUTRAL,3,9,9,32,2,False,False,True
54.49336242675781,REPLAY,NEUTRAL,3,9,9,32,3,False,False,True
54.59368896484375,REPLAY,NEUTRAL,3,9,9,32,3,False,False,True
54.69401550292969,REPLAY,RIGHT,3,9,9,32,3,False,False,True
54.794342041015625,REPLAY,NEUTRAL,3,9,9,32,3,False,False,True
54.89466857910156,REPLAY,NEUTRAL,3,9,9,32,3,False,False,True
54.9949951171875,REPLAY,NEUTRAL,3,9,9,33,2,False,False,True
55.09532165527344,REPLAY,NEUTRAL,3,9,9,33,2,False,False,True
55.195648193359375,REPLAY,NEUTRAL,3,9,9,33,2,False,False,True
55.29597473144531,REPLAY,NEUTRAL,3,9,9,33,2,False,False,True
55.39228820800781,REPLAY,NEUTRAL,3,9,9,33,2,False,False,True
55.49261474609375,REPLAY,NEUTRAL,3,9,9,33,2,False,False,True
55.59294128417969,REPLAY,LEFT,3,9,9,33,2,False,False,True
55.693267822265625,REPLAY,LEFT,3,9,9,33,2,False,False,True
55.79359436035156,REPLAY,NEUTRAL,3,9,9,33,3,False,False,True
55.8939208984375,REPLAY,NEUTRAL,3,9,9,33,3,False,False,True
55.99424743652344,REPLAY,NEUTRAL,3,9,9,33,3,False,False,True
56.094573974609375,REPLAY,NEUTRAL,3,9,9,33,3,False,False,True
56.19490051269531,REPLAY,NEUTRAL,3,9,9,34,2,False,False,True
56.29522705078125,REPLAY,NEUTRAL,3,9,9,34,2,False,False,True
56.39555358886719,REPLAY,NEUTRAL,3,9,9,34,2,False,False,True
56.495880126953125,REPLAY,NEUTRAL,3,9,9,34,2,False,False,True
56.592193603515625,REPLAY,NEUTRAL,3,9,9,34,2,False,False,True
56.69252014160156,REPLAY,NEUTRAL,3,9,9,34,2,False,False,True
56.7928466796875,REPLAY,NEUTRAL,3,9,9,34,3,False,False,True
56.89317321777344,REPLAY,NEUTRAL,3,9,9,34,3,False,False,True
56.993499755859375,REPLAY,NEUTRAL,3,9,9,34,3,False,False,True
57.09382629394531,REPLAY,LEFT,3,10,10,34,2,False,False,True
57.19415283203125,REPLAY,LEFT,3,10,10,34,2,False,False,True
57.29447937011719,REPLAY,NEUTRAL,3,10,10,34,2,False,False,True
57.394805908203125,REPLAY,NEUTRAL,3,10,10,34,2,False,False,True
57.49513244628906,REPLAY,NEUTRAL,3,10,10,34,2,False,False,True
57.595458984375,REPLAY,NEUTRAL,3,10,10,34,2,False,False,True
57.69578552246094,REPLAY,NEUTRAL,3,10,10,34,2,False,False,True
57.79209899902344,REPLAY,NEUTRAL,3,10,10,34,2,False,False,True
57.892425537109375,REPLAY,LEFT,3,10,10,34,2,False,False,True
57.99275207519531,REPLAY,LEFT,3,10,10,34,3,False,False,True
58.09307861328125,REPLAY,LEFT,3,10,10,34,3,False,False,True
58.19340515136719,REPLAY,NEUTRAL,3,10,10,34,3,False,False,True
58.293731689453125,REPLAY,NEUTRAL,3,10,10,34,3,False,False,True
58.39405822753906,REPLAY,NEUTRAL,3,10,10,34,3,False,False,True
58.494384765625,REPLAY,NEUTRAL,3,10,10,34,3,False,False,True
58.59471130371094,REPLAY,NEUTRAL,3,10,10,34,3,False,False,True
58.695037841796875,REPLAY,NEUTRAL,3,10,10,34,3,False,False,True
58.79536437988281,REPLAY,NEUTRAL,3,10,10,34,3,False,False,True
58.89569091796875,REPLAY,NEUTRAL,3,10,10,34,3,False,False,True
58.99200439453125,REPLAY,LEFT,3,10,10,34,3,False,False,True
59.09233093261719,REPLAY,NEUTRAL,3,10,10,35,2,False,False,True
59.192657470703125,REPLAY,NEUTRAL,3,10,10,35,2,False,False,True
59.29298400878906,REPLAY,NEUTRAL,3,10,10,35,3,False,False,True
59.393310546875,REPLAY,NEUTRAL,3,10,10,35,3,False,False,True
59.49363708496094,REPLAY,NEUTRAL,3,10,10,35,3,False,False,True
59.593963623046875,REPLAY,NEUTRAL,3,10,10,35,3,False,False,True
59.69429016113281,REPLAY,NEUTRAL,3,10,10,35,3,False,False,True
59.79461669921875,REPLAY,NEUTRAL,3,10,10,35,3,False,False,True
59.89494323730469,REPLAY,NEUTRAL,3,10,10,35,3,False,False,True
59.995269775390625,REPLAY,NEUTRAL,3,10,10,35,3,False,False,True
60.09559631347656,REPLAY,NEUTRAL,3,11,11,35,3,False,False,True
60.1959228515625,REPLAY,NEUTRAL,3,11,11,35,3,False,False,True
60.292236328125,REPLAY,LEFT,3,11,11,35,3,False,False,True
60.39256286621094,REPLAY,LEFT,3,11,11,35,3,False,False,True
60.492889404296875,REPLAY,NEUTRAL,3,11,11,35,3,False,False,True
60.59321594238281,REPLAY,NEUTRAL,3,11,11,35,3,False,False,True
60.69354248046875,REPLAY,NEUTRAL,3,11,11,35,3,False,False,True
60.79386901855469,REPLAY,RIGHT,3,11,11,35,3,False,False,True
60.894195556640625,REPLAY,RIGHT,3,11,11,35,3,False,False,True
60.99452209472656,REPLAY,NEUTRAL,3,11,11,35,3,False,False,True
61.0948486328125,REPLAY,NEUTRAL,3,11,11,35,3,False,False,True
61.19517517089844,REPLAY,NEUTRAL,3,11,11,35,3,False,False,True
61.295501708984375,REPLAY,NEUTRAL,3,11,11,35,3,False,False,True
61.39582824707031,REPLAY,NEUTRAL,3,11,11,35,4,False,False,True
61.49214172363281,REPLAY,NEUTRAL,3,11,11,35,4,False,False,True
61.59246826171875,REPLAY,NEUTRAL,3,11,11,36,3,False,False,True
61.69279479980469,REPLAY,NEUTRAL,3,11,11,36,3,False,False,True
61.793121337890625,REPLAY,NEUTRAL,3,11,11,36,3,False,False,True
61.89344787597656,REPLAY,NEUTRAL,3,11,11,36,3,False,False,True
61.9937744140625,REPLAY,NEUTRAL,3,11,11,36,3,False,False,True
62.09410095214844,REPLAY,NEUTRAL,3,11,11,36,3,False,False,True
62.194427490234375,REPLAY,NEUTRAL,3,11,11,36,3,False,False,True
62.29475402832031,REPLAY,LEFT,3,11,11,37,2,False,False,True
62.39508056640625,REPLAY,LEFT,3,11,11,37,3,False,False,True
62.49540710449219,REPLAY,NEUTRAL,3,11,11,37,3,False,False,True
62.595733642578125,REPLAY,NEUTRAL,3,11,11,37,3,False,False,True
62.692047119140625,REPLAY,NEUTRAL,3,11,11,37,3,False,False,True
62.79237365722656,REPLAY,NEUTRAL,3,11,11,37,3,False,False,True
62.8927001953125,REPLAY,NEUTRAL,3,11,11,37,3,False,False,True
62.99302673339844,REPLAY,NEUTRAL,3,11,11,37,3,False,False,True
63.093353271484375,REPLAY,NEUTRAL,3,11,11,37,3,False,False,True
63.19367980957031,REPLAY,NEUTRAL,3,11,11,37,4,False,False,True
63.29400634765625,REPLAY,NEUTRAL,3,11,11,37,4,False,False,True
63.39433288574219,REPLAY,NEUTRAL,3,11,11,38,3,False,False,True
63.494659423828125,REPLAY,NEUTRAL,3,11,11,38,3,False,False,True
63.59498596191406,REPLAY,NEUTRAL,3,11,11,38,3,False,False,True
63.6953125,REPLAY,NEUTRAL,3,11,11,38,3,False,False,True
63.79563903808594,REPLAY,NEUTRAL,3,11,11,38,3,False,False,True
63.895965576171875,REPLAY,NEUTRAL,3,11,11,38,3,False,False,True
63.992279052734375,REPLAY,NEUTRAL,3,11,11,38,3,False,False,True
64.09260559082031,REPLAY,NEUTRAL,3,11,11,38,3,False,False,True
64.19293212890625,REPLAY,NEUTRAL,3,11,11,38,3,False,False,True
64.29325866699219,REPLAY,NEUTRAL,3,11,11,38,3,False,False,True
64.39358520507812,REPLAY,NEUTRAL,3,11,11,38,3,False,False,True
64.49391174316406,REPLAY,NEUTRAL,3,11,11,38,3,False,False,True
64.59423828125,REPLAY,NEUTRAL,3,11,11,39,2,False,False,True
64.69456481933594,REPLAY,LEFT,3,11,11,39,3,False,False,True
64.79489135742188,REPLAY,LEFT,3,11,11,39,3,False,False,True
64.89521789550781,REPLAY,NEUTRAL,3,11,11,39,3,False,False,True
64.99554443359375,REPLAY,NEUTRAL,3,11,11,39,3,False,False,True
65.09587097167969,REPLAY,NEUTRAL,3,11,11,39,3,False,False,True
65.19218444824219,REPLAY,NEUTRAL,3,11,11,39,3,False,False,True
65.29251098632812,REPLAY,NEUTRAL,3,11,11,39,3,False,False,True
65.39283752441406,REPLAY,NEUTRAL,3,11,11,39,3,False,False,True
65.4931640625,REPLAY,NEUTRAL,3,12,12,39,2,False,False,True
65.59349060058594,REPLAY,NEUTRAL,3,12,12,39,2,False,False,True
65.69381713867188,REPLAY,NEUTRAL,3,12,12,39,2,False,False,True
65.79414367675781,REPLAY,NEUTRAL,3,12,12,39,2,False,False,True
65.89447021484375,REPLAY,LEFT,3,12,12,39,2,False,False,True
65.99479675292969,REPLAY,NEUTRAL,3,12,12,39,3,False,False,True
66.09512329101562,REPLAY,NEUTRAL,3,12,12,39,3,False,False,True
66.19544982910156,REPLAY,NEUTRAL,3,13,13,39,2,False,False,True
66.2957763671875,REPLAY,NEUTRAL,3,13,13,39,2,False,False,True
66.39208984375,REPLAY,NEUTRAL,3,13,13,39,2,False,False,True
66.49241638183594,REPLAY,NEUTRAL,3,13,13,39,2,False,False,True
66.59274291992188,REPLAY,NEUTRAL,3,13,13,39,2,False,False,True
66.69306945800781,REPLAY,LEFT,3,13,13,39,2,False,False,True
66.79339599609375,REPLAY,LEFT,3,13,13,39,2,False,False,True
66.89372253417969,REPLAY,NEUTRAL,3,13,13,39,2,False,False,True
66.99404907226562,REPLAY,NEUTRAL,3,13,13,39,2,False,False,True
67.09437561035156,REPLAY,NEUTRAL,3,13,13,39,2,False,False,True
67.1947021484375,REPLAY,NEUTRAL,3,13,13,39,2,False,False,True
67.29502868652344,REPLAY,NEUTRAL,3,13,13,39,2,False,False,True
67.39535522460938,REPLAY,NEUTRAL,3,13,13,39,2,False,False,True
67.49568176269531,REPLAY,NEUTRAL,3,14,14,39,2,False,False,True
67.59199523925781,REPLAY,NEUTRAL,3,14,14,39,2,False,False,True
67.69232177734375,REPLAY,NEUTRAL,3,14,14,39,2,False,False,True
67.79264831542969,REPLAY,NEUTRAL,3,14,14,39,2,False,False,True
67.89297485351562,REPLAY,NEUTRAL,3,14,14,39,2,False,False,True
67.99330139160156,REPLAY,NEUTRAL,3,14,14,39,2,False,False,True
68.0936279296875,REPLAY,NEUTRAL,3,14,14,39,2,False,False,True
68.19395446777344,REPLAY,NEUTRAL,3,14,14,39,2,False,False,True
68.29428100585938,REPLAY,NEUTRAL,3,14,14,39,2,False,False,True
68.39460754394531,REPLAY,NEUTRAL,3,14,14,39,2,False,False,True
68.49493408203125,REPLAY,NEUTRAL,3,14,14,39,2,False,False,True
68.59526062011719,REPLAY,NEUTRAL,3,14,14,39,2,False,False,True
68.69558715820312,REPLAY,LEFT,3,14,14,39,3,False,False,True
68.79591369628906,REPLAY,LEFT,3,15,15,39,2,False,False,True
68.89222717285156,REPLAY,LEFT,3,15,15,39,2,False,False,True
68.9925537109375,REPLAY,NEUTRAL,3,15,15,39,2,False,False,True
69.09288024902344,REPLAY,NEUTRAL,3,15,15,39,2,False,False,True
69.19320678710938,REPLAY,NEUTRAL,3,15,15,39,2,False,False,True
69.29353332519531,REPLAY,NEUTRAL,3,15,15,39,2,False,False,True
69.39385986328125,REPLAY,NEUTRAL,3,15,15,39,2,False,False,True
69.49418640136719,REPLAY,NEUTRAL,3,15,15,39,2,False,False,True
69.59451293945312,REPLAY,NEUTRAL,3,15,15,39,2,False,False,True
69.69483947753906,REPLAY,NEUTRAL,3,15,15,39,2,False,False,True
69.795166015625,REPLAY,NEUTRAL,3,15,15,39,2,False,False,True
69.89549255371094,REPLAY,NEUTRAL,3,15,15,39,3,False,False,True
69.99581909179688,REPLAY,NEUTRAL,3,15,15,39,3,False,False,True
70.09213256835938,REPLAY,NEUTRAL,3,15,15,39,3,False,False,True
70.19245910644531,REPLAY,NEUTRAL,3,15,15,39,3,False,False,True
70.29278564453125,REPLAY,NEUTRAL,3,15,15,39,3,False,False,True
70.39311218261719,REPLAY,NEUTRAL,3,15,15,39,3,False,False,True
70.49343872070312,REPLAY,NEUTRAL,3,15,15,39,3,False,False,True
70.59376525878906,REPLAY,NEUTRAL,3,16,16,39,2,False,False,True
70.694091796875,REPLAY,NEUTRAL,3,16,16,39,2,False,False,True
70.79441833496094,REPLAY,NEUTRAL,3,16,16,39,2,False,False,True
70.89474487304688,REPLAY,NEUTRAL,3,16,16,39,2,False,False,True
70.99507141113281,REPLAY,NEUTRAL,3,16,16,39,2,False,False,True
71.09539794921875,REPLAY,NEUTRAL,3,16,16,39,2,False,False,True
71.19572448730469,REPLAY,NEUTRAL,3,16,16,39,2,False,False,True
71.29203796386719,REPLAY,NEUTRAL,3,16,16,39,2,False,False,True
71.39236450195312,REPLAY,NEUTRAL,3,16,16,39,3,False,False,True
71.49269104003906,REPLAY,NEUTRAL,3,16,16,39,3,False,False,True
71.593017578125,REPLAY,NEUTRAL,3,16,16,39,3,False,False,True
71.69334411621094,REPLAY,NEUTRAL,3,16,16,39,3,False,False,True
71.79367065429688,REPLAY,NEUTRAL,3,17,17,39,2,False,False,True
71.89399719238281,REPLAY,NEUTRAL,3,17,17,39,2,False,False,True
71.99432373046875,REPLAY,NEUTRAL,3,17,17,39,2,False,False,True
72.09465026855469,REPLAY,NEUTRAL,3,17,17,39,2,False,False,True
72.19497680664062,REPLAY,NEUTRAL,3,17,17,39,2,False,False,True
72.29530334472656,REPLAY,NEUTRAL,3,17,17,39,2,False,False,True
72.3956298828125,REPLAY,NEUTRAL,3,17,17,39,2,False,False,True
72.49595642089844,REPLAY,NEUTRAL,3,17,17,39,2,False,False,True
72.59226989746094,REPLAY,NEUTRAL,3,17,17,39,2,False,False,True
72.69259643554688,REPLAY,NEUTRAL,3,17,17,39,3,False,False,True
72.79292297363281,REPLAY,NEUTRAL,3,17,17,39,3,False,False,True
72.89324951171875,REPLAY,NEUTRAL,3,17,17,39,3,False,False,True
72.99357604980469,REPLAY,NEUTRAL,3,17,17,39,3,False,False,True
73.09390258789062,REPLAY,NEUTRAL,3,17,17,39,3,False,False,True
73.19422912597656,REPLAY,NEUTRAL,3,17,17,40,2,False,False,True
73.2945556640625,REPLAY,NEUTRAL,3,17,17,40,2,False,False,True
73.39488220214844,REPLAY,NEUTRAL,3,17,17,40,2,False,False,True
73.49520874023438,REPLAY,NEUTRAL,3,17,17,40,2,False,False,True
73.59553527832031,REPLAY,NEUTRAL,3,17,17,40,2,False,False,True
73.69586181640625,REPLAY,NEUTRAL,3,17,17,40,2,False,False,True
73.79217529296875,REPLAY,NEUTRAL,3,17,17,40,2,False,False,True
73.89250183105469,REPLAY,NEUTRAL,3,17,17,40,2,False,False,True
73.99282836914062,REPLAY,NEUTRAL,3,17,17,40,2,False,False,True
74.09315490722656,REPLAY,NEUTRAL,3,17,17,40,3,False,False,True
74.1934814453125,REPLAY,NEUTRAL,3,17,17,40,3,False,False,True
74.29380798339844,REPLAY,NEUTRAL,3,17,17,40,3,False,False,True
74.39413452148438,REPLAY,NEUTRAL,3,17,17,40,3,False,False,True
74.49446105957031,REPLAY,NEUTRAL,3,17,17,41,2,False,False,True
74.59478759765625,REPLAY,NEUTRAL,3,17,17,41,2,False,False,True
74.69511413574219,REPLAY,NEUTRAL,3,17,17,41,2,False,False,True
74.79544067382812,REPLAY,NEUTRAL,3,17,17,41,2,False,False,True
74.89576721191406,REPLAY,NEUTRAL,3,17,17,41,2,False,False,True
74.99208068847656,REPLAY,NEUTRAL,3,17,17,41,2,False,False,True
75.0924072265625,REPLAY,NEUTRAL,3,17,17,41,3,False,False,True
75.19273376464844,REPLAY,NEUTRAL,3,17,17,41,3,False,False,True
75.29306030273438,REPLAY,NEUTRAL,3,17,17,41,3,False,False,True
75.39338684082031,REPLAY,NEUTRAL,3,17,17,41,3,False,False,True
75.49371337890625,REPLAY,NEUTRAL,3,17,17,41,3,False,False,True
75.59403991699219,REPLAY,NEUTRAL,3,17,17,41,3,False,False,True
75.69436645507812,REPLAY,NEUTRAL,3,17,17,41,3,False,False,True
75.79469299316406,REPLAY,NEUTRAL,3,17,17,41,4,False,False,True
75.89501953125,REPLAY,NEUTRAL,3,18,18,41,3,False,False,True
75.99534606933594,REPLAY,NEUTRAL,3,18,18,41,3,False,False,True
76.09567260742188,REPLAY,NEUTRAL,3,18,18,41,3,False,False,True
76.19198608398438,REPLAY,NEUTRAL,3,18,18,41,3,False,False,True
76.29231262207031,REPLAY,NEUTRAL,3,18,18,41,3,False,False,True
76.39263916015625,REPLAY,NEUTRAL,3,18,18,41,3,False,False,True
76.49296569824219,REPLAY,NEUTRAL,3,18,18,41,3,False,False,True
76.59329223632812,REPLAY,NEUTRAL,3,18,18,41,3,False,False,True
76.69361877441406,REPLAY,NEUTRAL,3,18,18,41,3,False,False,True
76.7939453125,REPLAY,NEUTRAL,3,18,18,41,4,False,False,True
76.89427185058594,REPLAY,NEUTRAL,3,18,18,41,4,False,False,True
76.99459838867188,REPLAY,NEUTRAL,3,19,19,41,3,False,False,True
77.09492492675781,REPLAY,NEUTRAL,3,19,19,41,3,False,False,True
77.19525146484375,REPLAY,NEUTRAL,3,19,19,41,3,False,False,True
77.29557800292969,REPLAY,NEUTRAL,3,19,19,41,3,False,False,True
77.39590454101562,REPLAY,NEUTRAL,3,19,19,41,3,False,False,True
77.49221801757812,REPLAY,NEUTRAL,3,19,19,41,3,False,False,True
77.59254455566406,REPLAY,NEUTRAL,3,19,19,41,3,False,False,True
77.69287109375,REPLAY,NEUTRAL,3,19,19,41,3,False,False,True
77.79319763183594,REPLAY,NEUTRAL,3,19,19,41,3,False,False,True
77.89352416992188,REPLAY,NEUTRAL,3,19,19,41,3,False,False,True
77.99385070800781,REPLAY,LEFT,3,19,19,41,3,False,False,True
78.09417724609375,REPLAY,NEUTRAL,3,19,19,41,4,False,False,True
78.19450378417969,REPLAY,NEUTRAL,3,19,19,41,4,False,False,True
78.29483032226562,REPLAY,NEUTRAL,3,19,19,41,4,False,False,True
78.39515686035156,REPLAY,NEUTRAL,3,19,19,41,4,False,False,True
78.4954833984375,REPLAY,NEUTRAL,3,19,19,41,4,False,False,True
78.59580993652344,REPLAY,NEUTRAL,3,19,19,42,3,False,False,True
78.69212341308594,REPLAY,LEFT,3,19,19,42,3,False,False,True
78.79244995117188,REPLAY,LEFT,3,19,19,42,3,False,False,True
78.89277648925781,REPLAY,NEUTRAL,3,19,19,43,2,False,False,True
78.99310302734375,REPLAY,NEUTRAL,3,19,19,43,3,False,False,True
79.09342956542969,REPLAY,NEUTRAL,3,19,19,43,3,False,False,True
79.19375610351562,REPLAY,NEUTRAL,3,19,19,43,3,False,False,True
79.29408264160156,REPLAY,NEUTRAL,3,19,19,43,3,False,False,True
79.3944091796875,REPLAY,NEUTRAL,3,19,19,43,3,False,False,True
79.49473571777344,REPLAY,NEUTRAL,3,19,19,43,3,False,False,True
79.59506225585938,REPLAY,NEUTRAL,3,19,19,43,3,False,False,True
79.69538879394531,REPLAY,LEFT,3,19,19,44,2,False,False,True
79.79571533203125,REPLAY,NEUTRAL,3,19,19,44,3,False,False,True
79.89202880859375,REPLAY,NEUTRAL,3,19,19,44,3,False,False,True
79.99235534667969,REPLAY,LEFT,3,19,19,44,3,False,False,True
80.09268188476562,REPLAY,NEUTRAL,3,19,19,44,3,False,False,True
80.19300842285156,REPLAY,NEUTRAL,3,19,19,44,3,False,False,True
80.2933349609375,REPLAY,NEUTRAL,3,19,19,44,3,False,False,True
80.39366149902344,REPLAY,NEUTRAL,3,19,19,44,3,False,False,True
80.49398803710938,REPLAY,NEUTRAL,3,19,19,44,3,False,False,True
80.59431457519531,REPLAY,NEUTRAL,3,19,19,44,3,False,False,True
80.69464111328125,REPLAY,NEUTRAL,3,19,19,44,3,False,False,True
80.79496765136719,REPLAY,NEUTRAL,3,19,19,44,3,False,False,True
80.89529418945312,REPLAY,NEUTRAL,3,19,19,44,3,False,False,True
80.99562072753906,REPLAY,NEUTRAL,3,19,19,44,4,False,False,True
81.095947265625,REPLAY,NEUTRAL,3,19,19,44,4,False,False,True
81.1922607421875,REPLAY,NEUTRAL,3,19,19,44,4,False,False,True
81.29258728027344,REPLAY,NEUTRAL,3,19,19,44,4,False,False,True
81.39291381835938,REPLAY,NEUTRAL,3,19,19,44,4,False,False,True
81.49324035644531,REPLAY,LEFT,3,19,19,44,4,False,False,True
81.59356689453125,REPLAY,LEFT,3,19,19,45,3,False,False,True
81.69389343261719,REPLAY,NEUTRAL,3,19,19,45,3,False,False,True
81.79421997070312,REPLAY,NEUTRAL,3,20,20,45,2,False,False,True
81.89454650878906,REPLAY,NEUTRAL,3,20,20,45,2,False,False,True
81.994873046875,REPLAY,NEUTRAL,3,20,20,45,2,False,False,True
82.09519958496094,REPLAY,NEUTRAL,3,20,20,45,2,False,False,True
82.19552612304688,REPLAY,NEUTRAL,3,20,20,45,3,False,False,True
82.29585266113281,REPLAY,NEUTRAL,3,20,20,45,3,False,False,True
82.39216613769531,REPLAY,NEUTRAL,3,20,20,45,3,False,False,True
82.49249267578125,REPLAY,NEUTRAL,3,20,20,45,3,False,False,True
82.59281921386719,REPLAY,NEUTRAL,3,20,20,45,3,False,False,True
82.69314575195312,REPLAY,NEUTRAL,3,20,20,45,3,False,False,True
82.79347229003906,REPLAY,NEUTRAL,3,20,20,45,3,False,False,True
82.893798828125,REPLAY,NEUTRAL,3,20,20,45,3,False,False,True
82.99412536621094,REPLAY,NEUTRAL,3,20,20,46,2,False,False,True
83.09445190429688,REPLAY,NEUTRAL,3,20,20,46,2,False,False,True
83.19477844238281,REPLAY,NEUTRAL,3,20,20,46,2,False,False,True
83.29510498046875,REPLAY,NEUTRAL,3,20,20,46,2,False,False,True
83.39543151855469,REPLAY,NEUTRAL,3,20,20,46,2,False,False,True
83.49575805664062,REPLAY,NEUTRAL,3,20,20,46,2,False,False,True
83.59207153320312,REPLAY,NEUTRAL,3,20,20,46,3,False,False,True
83.69239807128906,REPLAY,NEUTRAL,3,20,20,46,3,False,False,True
83.792724609375,REPLAY,LEFT,3,20,20,46,3,False,False,True
83.89305114746094,REPLAY,LEFT,3,20,20,46,3,False,False,True
83.99337768554688,REPLAY,NEUTRAL,3,20,20,46,3,False,False,True
84.09370422363281,REPLAY,NEUTRAL,3,20,20,46,3,False,False,True
84.19403076171875,REPLAY,NEUTRAL,3,20,20,46,3,False,False,True
84.29435729980469,REPLAY,NEUTRAL,3,20,20,46,3,False,False,True
84.39468383789062,REPLAY,NEUTRAL,3,20,20,46,3,False,False,True
84.49501037597656,REPLAY,NEUTRAL,3,20,20,46,3,False,False,True
84.5953369140625,REPLAY,NEUTRAL,3,20,20,47,2,False,False,True
84.69566345214844,REPLAY,NEUTRAL,3,20,20,47,2,False,False,True
84.79197692871094,REPLAY,NEUTRAL,3,20,20,47,3,False,False,True
84.89230346679688,REPLAY,NEUTRAL,3,20,20,47,3,False,False,True
84.99263000488281,REPLAY,NEUTRAL,3,20,20,47,3,False,False,True
85.09295654296875,REPLAY,NEUTRAL,3,20,20,47,3,False,False,True
85.19328308105469,REPLAY,RIGHT,3,20,20,47,3,False,False,True
85.29360961914062,REPLAY,RIGHT,3,20,20,47,3,False,False,True
85.39393615722656,REPLAY,NEUTRAL,3,20,20,48,2,False,False,True
85.4942626953125,REPLAY,NEUTRAL,3,20,20,48,2,False,False,True
85.59458923339844,REPLAY,NEUTRAL,3,20,20,48,2,False,False,True
85.69491577148438,REPLAY,NEUTRAL,3,20,20,48,2,False,False,True
85.79524230957031,REPLAY,NEUTRAL,3,20,20,48,2,False,False,True
85.89556884765625,REPLAY,NEUTRAL,3,20,20,48,2,False,False,True
85.99589538574219,REPLAY,NEUTRAL,3,20,20,48,3,False,False,True
86.09220886230469,REPLAY,NEUTRAL,3,20,20,48,3,False,False,True
86.19253540039062,REPLAY,NEUTRAL,3,20,20,48,3,False,False,True
86.29286193847656,REPLAY,NEUTRAL,3,20,20,48,3,False,False,True
86.3931884765625,REPLAY,NEUTRAL,3,20,20,48,3,False,False,True
86.49351501464844,REPLAY,NEUTRAL,3,20,20,48,3,False,False,True
86.59384155273438,REPLAY,LEFT,3,20,20,49,2,False,False,True
86.69416809082031,REPLAY,NEUTRAL,3,20,20,49,2,False,False,True
86.79449462890625,REPLAY,NEUTRAL,3,20,20,49,2,False,False,True
86.89482116699219,REPLAY,NEUTRAL,3,20,20,49,2,False,False,True
86.99514770507812,REPLAY,NEUTRAL,3,20,20,49,3,False,False,True
87.09547424316406,REPLAY,NEUTRAL,3,20,20,49,3,False,False,True
87.19580078125,REPLAY,NEUTRAL,3,20,20,49,3,False,False,True
87.2921142578125,REPLAY,NEUTRAL,3,20,20,49,3,False,False,True
87.39244079589844,REPLAY,LEFT,3,20,20,49,3,False,False,True
87.49276733398438,REPLAY,LEFT,3,20,20,49,3,False,False,True
87.59309387207031,REPLAY,NEUTRAL,3,20,20,49,3,False,False,True
87.69342041015625,REPLAY,NEUTRAL,3,20,20,49,3,False,False,True
87.79374694824219,REPLAY,NEUTRAL,3,20,20,49,3,False,False,True
87.89407348632812,REPLAY,NEUTRAL,3,20,20,49,3,False,False,True
87.99440002441406,REPLAY,NEUTRAL,3,20,20,50,2,False,False,True
88.0947265625,REPLAY,NEUTRAL,3,20,20,50,3,False,False,True
88.19505310058594,REPLAY,NEUTRAL,3,20,20,50,3,False,False,True
88.29537963867188,REPLAY,NEUTRAL,3,20,20,50,3,False,False,True
88.39570617675781,REPLAY,LEFT,3,20,20,50,3,False,False,True
88.49201965332031,REPLAY,NEUTRAL,3,20,20,50,3,False,False,True
88.59234619140625,REPLAY,LEFT,3,20,20,50,3,False,False,True
88.69267272949219,REPLAY,LEFT,3,20,20,50,3,False,False,True
88.79299926757812,REPLAY,LEFT,3,20,20,50,3,False,False,True
88.89332580566406,REPLAY,NEUTRAL,3,20,20,50,3,False,False,True
88.99365234375,REPLAY,NEUTRAL,3,20,20,50,3,False,False,True
89.09397888183594,REPLAY,NEUTRAL,3,20,20,50,3,False,False,True
89.19430541992188,REPLAY,LEFT,3,20,20,50,3,False,False,True
89.29463195800781,REPLAY,LEFT,3,20,20,50,3,False,False,True
89.39495849609375,REPLAY,NEUTRAL,3,20,20,51,2,False,False,True
89.49528503417969,REPLAY,NEUTRAL,3,20,20,51,2,False,False,True
89.59561157226562,REPLAY,NEUTRAL,3,20,20,51,3,False,False,True
89.69593811035156,REPLAY,NEUTRAL,3,20,20,51,3,False,False,True
89.79225158691406,REPLAY,NEUTRAL,3,20,20,51,3,False,False,True
89.892578125,REPLAY,NEUTRAL,3,20,20,51,3,False,False,True
89.99290466308594,REPLAY,NEUTRAL,3,20,20,51,3,False,False,True
90.09323120117188,REPLAY,NEUTRAL,3,20,20,51,3,False,False,True
90.19355773925781,REPLAY,NEUTRAL,3,20,20,51,3,False,False,True
90.29388427734375,REPLAY,RIGHT,3,20,20,51,3,False,False,True
90.39421081542969,REPLAY,RIGHT,3,20,20,51,3,False,False,True
90.49453735351562,REPLAY,NEUTRAL,3,20,20,52,2,False,False,True
90.59486389160156,REPLAY,NEUTRAL,3,20,20,52,2,False,False,True
90.6951904296875,REPLAY,NEUTRAL,3,20,20,52,2,False,False,True
90.79551696777344,REPLAY,NEUTRAL,3,20,20,52,2,False,False,True
90.89584350585938,REPLAY,NEUTRAL,3,20,20,52,2,False,False,True
90.99215698242188,REPLAY,NEUTRAL,3,20,20,52,2,False,False,True
91.09248352050781,REPLAY,NEUTRAL,3,20,20,52,2,False,False,True
91.19281005859375,REPLAY,NEUTRAL,3,20,20,52,2,False,False,True
91.29313659667969,REPLAY,NEUTRAL,3,20,20,52,3,False,False,True
91.39346313476562,REPLAY,NEUTRAL,3,20,20,53,2,False,False,True
91.49378967285156,REPLAY,NEUTRAL,3,20,20,53,2,False,False,True
91.5941162109375,REPLAY,NEUTRAL,3,20,20,53,2,False,False,True
91.69444274902344,REPLAY,NEUTRAL,3,20,20,53,2,False,False,True
91.79476928710938,REPLAY,NEUTRAL,3,20,20,53,2,False,False,True
91.89509582519531,REPLAY,NEUTRAL,3,20,20,53,2,False,False,True
91.99542236328125,REPLAY,NEUTRAL,3,20,20,53,2,False,False,True
92.09574890136719,REPLAY,NEUTRAL,3,20,20,53,2,False,False,True
92.19206237792969,REPLAY,NEUTRAL,3,20,20,53,2,False,False,True
92.29238891601562,REPLAY,NEUTRAL,3,20,20,53,2,False,False,True
92.39271545410156,REPLAY,NEUTRAL,3,20,20,53,2,False,False,True
92.4930419921875,REPLAY,NEUTRAL,3,20,20,53,3,False,False,True
92.59336853027344,REPLAY,NEUTRAL,3,20,20,53,3,False,False,True
92.69369506835938,REPLAY,NEUTRAL,3,20,20,53,3,False,False,True
92.79402160644531,REPLAY,NEUTRAL,3,20,20,53,3,False,False,True
92.89434814453125,REPLAY,LEFT,3,20,20,54,2,False,False,True
92.99467468261719,REPLAY,LEFT,3,20,20,54,2,False,False,True
93.09500122070312,REPLAY,LEFT,3,20,20,54,2,False,False,True
93.19532775878906,REPLAY,NEUTRAL,3,20,20,54,2,False,False,True
93.295654296875,REPLAY,NEUTRAL,3,20,20,54,3,False,False,True
93.39598083496094,REPLAY,NEUTRAL,3,20,20,54,3,False,False,True
93.49229431152344,REPLAY,NEUTRAL,3,20,20,54,3,False,False,True
93.59262084960938,REPLAY,NEUTRAL,3,20,20,54,3,False,False,True
93.69294738769531,REPLAY,NEUTRAL,3,20,20,54,3,False,False,True
93.79327392578125,REPLAY,RIGHT,3,20,20,54,3,False,False,True
93.89360046386719,REPLAY,NEUTRAL,3,20,20,54,3,False,False,True
93.99392700195312,REPLAY,NEUTRAL,3,20,20,54,3,False,False,True
94.09425354003906,REPLAY,NEUTRAL,3,20,20,54,3,False,False,True
94.194580078125,REPLAY,NEUTRAL,3,20,20,54,3,False,False,True
94.29490661621094,REPLAY,NEUTRAL,3,20,20,54,3,False,False,True
94.39523315429688,REPLAY,NEUTRAL,3,20,20,54,3,False,False,True
94.49555969238281,REPLAY,NEUTRAL,3,20,20,55,2,False,False,True
94.59588623046875,REPLAY,NEUTRAL,3,20,20,55,2,False,False,True
94.69219970703125,REPLAY,NEUTRAL,3,20,20,55,2,False,False,True
94.79252624511719,REPLAY,NEUTRAL,3,20,20,55,3,False,False,True
94.89285278320312,REPLAY,NEUTRAL,3,20,20,55,3,False,False,True
94.99317932128906,REPLAY,NEUTRAL,3,20,20,55,3,False,False,True
95.093505859375,REPLAY,NEUTRAL,3,20,20,55,3,False,False,True
95.19383239746094,REPLAY,NEUTRAL,3,20,20,55,3,False,False,True
95.29415893554688,REPLAY,NEUTRAL,3,20,20,55,3,False,False,True
95.39448547363281,REPLAY,NEUTRAL,3,20,20,55,3,False,False,True
95.49481201171875,REPLAY,LEFT,3,21,21,55,2,False,False,True
95.59513854980469,REPLAY,LEFT,3,21,21,55,2,False,False,True
95.69546508789062,REPLAY,LEFT,3,21,21,55,2,False,False,True
95.79579162597656,REPLAY,NEUTRAL,3,21,21,55,2,False,False,True
95.89210510253906,REPLAY,NEUTRAL,3,21,21,55,2,False,False,True
95.992431640625,REPLAY,NEUTRAL,3,21,21,55,2,False,False,True
96.09275817871094,REPLAY,NEUTRAL,3,21,21,55,2,False,False,True
96.19308471679688,REPLAY,NEUTRAL,3,21,21,55,2,False,False,True
96.29341125488281,REPLAY,NEUTRAL,3,21,21,55,3,False,False,True
96.39373779296875,REPLAY,LEFT,3,21,21,55,3,False,False,True
96.49406433105469,REPLAY,LEFT,3,21,21,55,3,False,False,True
96.59439086914062,REPLAY,NEUTRAL,3,21,21,55,3,False,False,True
96.69471740722656,REPLAY,NEUTRAL,3,21,21,55,3,False,False,True
96.7950439453125,REPLAY,NEUTRAL,3,21,21,56,2,False,False,True
96.89537048339844,REPLAY,NEUTRAL,3,21,21,56,2,False,False,True
96.99569702148438,REPLAY,NEUTRAL,3,21,21,56,2,False,False,True
97.09201049804688,REPLAY,NEUTRAL,3,21,21,56,2,False,False,True
97.19233703613281,REPLAY,NEUTRAL,3,21,21,56,2,False,False,True
97.29266357421875,REPLAY,NEUTRAL,3,21,21,56,3,False,False,True
97.39299011230469,REPLAY,NEUTRAL,3,21,21,56,3,False,False,True
97.49331665039062,REPLAY,NEUTRAL,3,21,21,56,3,False,False,True
97.59364318847656,REPLAY,NEUTRAL,3,21,21,56,3,False,False,True
97.6939697265625,REPLAY,NEUTRAL,3,21,21,57,2,False,False,True
97.79429626464844,REPLAY,LEFT,3,21,21,57,2,False,False,True
97.89462280273438,REPLAY,LEFT,3,21,21,57,2,False,False,True
97.99494934082031,REPLAY,NEUTRAL,3,21,21,57,2,False,False,True
98.09527587890625,REPLAY,NEUTRAL,3,21,21,57,2,False,False,True
98.19560241699219,REPLAY,NEUTRAL,3,21,21,57,2,False,False,True
98.29592895507812,REPLAY,NEUTRAL,3,21,21,57,2,False,False,True
98.39224243164062,REPLAY,NEUTRAL,3,21,21,57,2,False,False,True
98.49256896972656,REPLAY,NEUTRAL,3,21,21,57,2,False,False,True
98.5928955078125,REPLAY,NEUTRAL,3,21,21,57,2,False,False,True
98.69322204589844,REPLAY,NEUTRAL,3,21,21,57,2,False,False,True
98.79354858398438,REPLAY,NEUTRAL,3,21,21,57,2,False,False,True
98.89387512207031,REPLAY,NEUTRAL,3,21,21,57,3,False,False,True
98.99420166015625,REPLAY,NEUTRAL,3,21,21,57,3,False,False,True
99.09452819824219,REPLAY,NEUTRAL,3,21,21,57,3,False,False,True
99.19485473632812,REPLAY,NEUTRAL,3,21,21,57,3,False,False,True
99.29518127441406,REPLAY,NEUTRAL,3,21,21,58,2,False,False,True
99.3955078125,REPLAY,NEUTRAL,3,21,21,58,2,False,False,True
99.49583435058594,REPLAY,RIGHT,3,21,21,58,2,False,False,True
99.59214782714844,REPLAY,NEUTRAL,3,21,21,58,2,False,False,True
99.69247436523438,REPLAY,NEUTRAL,3,21,21,58,2,False,False,True
99.79280090332031,REPLAY,NEUTRAL,3,21,21,58,2,False,False,True
99.89312744140625,REPLAY,NEUTRAL,3,21,21,58,2,False,False,True
99.99345397949219,REPLAY,NEUTRAL,3,21,21,58,2,False,False,True
100.09378051757812,REPLAY,NEUTRAL,3,21,21,58,2,False,False,True
100.19410705566406,REPLAY,NEUTRAL,3,21,21,58,3,False,False,True
100.29443359375,REPLAY,NEUTRAL,3,21,21,58,3,False,False,True
100.39476013183594,REPLAY,NEUTRAL,3,21,21,58,3,False,False,True
100.49508666992188,REPLAY,NEUTRAL,3,21,21,58,3,False,False,True
100.59541320800781,REPLAY,NEUTRAL,3,21,21,58,3,False,False,True
100.69573974609375,REPLAY,NEUTRAL,3,21,21,59,2,False,False,True
100.79205322265625,REPLAY,NEUTRAL,3,21,21,59,2,False,False,True
100.89237976074219,REPLAY,NEUTRAL,3,21,21,59,2,False,False,True
100.99270629882812,REPLAY,RIGHT,3,21,21,59,2,False,False,True
101.09303283691406,REPLAY,NEUTRAL,3,21,21,59,2,False,False,True
101.193359375,REPLAY,NEUTRAL,3,21,21,59,2,False,False,True
101.29368591308594,REPLAY,NEUTRAL,3,21,21,59,2,False,False,True
101.39401245117188,REPLAY,NEUTRAL,3,21,21,59,2,False,False,True
101.49433898925781,REPLAY,NEUTRAL,3,21,21,59,2,False,False,True
101.59466552734375,REPLAY,LEFT,3,21,21,59,2,False,False,True
101.69499206542969,REPLAY,LEFT,3,21,21,59,3,False,False,True
101.79531860351562,REPLAY,NEUTRAL,3,21,21,59,3,False,False,True
101.89564514160156,REPLAY,LEFT,3,21,21,59,3,False,False,True
101.9959716796875,REPLAY,NEUTRAL,3,21,21,59,3,False,False,True
102.09228515625,REPLAY,NEUTRAL,3,21,21,59,3,False,False,True
102.19261169433594,REPLAY,NEUTRAL,3,21,21,59,3,False,False,True
102.29293823242188,REPLAY,NEUTRAL,3,21,21,60,2,False,False,True
102.39326477050781,REPLAY,NEUTRAL,3,21,21,60,2,False,False,True
102.49359130859375,REPLAY,LEFT,3,21,21,60,2,False,False,True
102.59391784667969,REPLAY,LEFT,3,21,21,60,2,False,False,True
102.69424438476562,REPLAY,LEFT,3,21,21,60,2,False,False,True
102.79457092285156,REPLAY,NEUTRAL,3,21,21,60,2,False,False,True
102.8948974609375,REPLAY,NEUTRAL,3,21,21,60,2,False,False,True
102.99522399902344,REPLAY,NEUTRAL,3,21,21,60,2,False,False,True
103.09555053710938,REPLAY,NEUTRAL,3,21,21,60,2,False,False,True
103.19587707519531,REPLAY,NEUTRAL,3,21,21,60,3,False,False,True
103.29219055175781,REPLAY,NEUTRAL,3,21,21,61,2,False,False,True
103.39251708984375,REPLAY,NEUTRAL,3,21,21,61,2,False,False,True
103.49284362792969,REPLAY,NEUTRAL,3,21,21,61,2,False,False,True
103.59317016601562,REPLAY,NEUTRAL,3,21,21,61,2,False,False,True
103.69349670410156,REPLAY,LEFT,3,21,21,61,2,False,False,True
103.7938232421875,REPLAY,LEFT,3,21,21,61,2,False,False,True
103.89414978027344,REPLAY,NEUTRAL,3,21,21,61,2,False,False,True
103.99447631835938,REPLAY,NEUTRAL,3,21,21,61,2,False,False,True
104.09480285644531,REPLAY,NEUTRAL,3,21,21,61,2,False,False,True
104.19512939453125,REPLAY,NEUTRAL,3,21,21,61,3,False,False,True
104.29545593261719,REPLAY,NEUTRAL,3,21,21,61,3,False,False,True
104.39578247070312,REPLAY,NEUTRAL,3,21,21,61,3,False,False,True
104.49209594726562,REPLAY,NEUTRAL,3,21,21,61,3,False,False,True
104.59242248535156,REPLAY,NEUTRAL,3,21,21,61,3,False,False,True
104.6927490234375,REPLAY,NEUTRAL,3,21,21,62,2,False,False,True
104.79307556152344,REPLAY,NEUTRAL,3,21,21,62,2,False,False,True
104.89340209960938,REPLAY,NEUTRAL,3,21,21,62,2,False,False,True
104.99372863769531,REPLAY,NEUTRAL,3,21,21,62,2,False,False,True
105.09405517578125,REPLAY,RIGHT,3,21,21,62,2,False,False,True
105.19438171386719,REPLAY,RIGHT,3,21,21,62,2,False,False,True
105.29470825195312,REPLAY,NEUTRAL,3,21,21,62,2,False,False,True
105.39503479003906,REPLAY,RIGHT,3,21,21,62,2,False,False,True
105.495361328125,REPLAY,NEUTRAL,3,21,21,62,3,False,False,True
105.59568786621094,REPLAY,NEUTRAL,3,21,21,62,3,False,False,True
105.69200134277344,REPLAY,NEUTRAL,3,21,21,62,3,False,False,True
105.79232788085938,REPLAY,NEUTRAL,3,21,21,62,3,False,False,True
105.89265441894531,REPLAY,NEUTRAL,3,21,21,62,3,False,False,True
105.99298095703125,REPLAY,NEUTRAL,3,21,21,62,3,False,False,True
106.09330749511719,REPLAY,NEUTRAL,3,21,21,62,3,False,False,True
106.19363403320312,REPLAY,NEUTRAL,3,22,22,62,2,False,False,True
106.29396057128906,REPLAY,NEUTRAL,3,22,22,62,2,False,False,True
106.394287109375,REPLAY,NEUTRAL,3,22,22,62,2,False,False,True
106.49461364746094,REPLAY,NEUTRAL,3,22,22,62,2,False,False,True
106.59494018554688,REPLAY,NEUTRAL,3,22,22,62,2,False,False,True
106.69526672363281,REPLAY,NEUTRAL,3,22,22,62,2,False,False,True
106.79559326171875,REPLAY,NEUTRAL,3,22,22,62,2,False,False,True
106.89591979980469,REPLAY,NEUTRAL,3,23,23,62,2,False,False,True
106.99223327636719,REPLAY,NEUTRAL,3,23,23,62,2,False,False,True
107.09255981445312,REPLAY,NEUTRAL,3,23,23,62,2,False,False,True
107.19288635253906,REPLAY,NEUTRAL,3,23,23,62,2,False,False,True
107.293212890625,REPLAY,NEUTRAL,3,23,23,62,2,False,False,True
107.39353942871094,REPLAY,NEUTRAL,3,23,23,62,2,False,False,True
107.49386596679688,REPLAY,NEUTRAL,3,23,23,62,2,False,False,True
107.59419250488281,REPLAY,LEFT,3,23,23,62,2,False,False,True
107.69451904296875,REPLAY,LEFT,3,23,23,62,2,False,False,True
107.79484558105469,REPLAY,NEUTRAL,3,23,23,62,2,False,False,True
107.89517211914062,REPLAY,NEUTRAL,3,23,23,62,2,False,False,True
107.99549865722656,REPLAY,NEUTRAL,3,23,23,62,2,False,False,True
108.0958251953125,REPLAY,NEUTRAL,3,23,23,62,2,False,False,True
108.192138671875,REPLAY,NEUTRAL,3,23,23,62,2,False,False,True
108.29246520996094,REPLAY,NEUTRAL,3,23,23,62,2,False,False,True
108.39279174804688,REPLAY,NEUTRAL,3,23,23,62,3,False,False,True
108.49311828613281,REPLAY,NEUTRAL,3,23,23,62,3,False,False,True
108.59344482421875,REPLAY,NEUTRAL,3,23,23,62,3,False,False,True
108.69377136230469,REPLAY,RIGHT,3,23,23,62,3,False,False,True
108.79409790039062,REPLAY,RIGHT,3,23,23,63,2,False,False,True
108.89442443847656,REPLAY,NEUTRAL,3,23,23,63,2,False,False,True
108.9947509765625,REPLAY,NEUTRAL,3,23,23,63,2,False,False,True
109.09507751464844,REPLAY,NEUTRAL,3,23,23,63,2,False,False,True
109.19540405273438,REPLAY,NEUTRAL,3,23,23,63,2,False,False,True
109.29573059082031,REPLAY,NEUTRAL,3,23,23,63,2,False,False,True
109.39204406738281,REPLAY,NEUTRAL,3,23,23,63,2,False,False,True
109.49237060546875,REPLAY,NEUTRAL,3,23,23,63,3,False,False,True
109.59269714355469,REPLAY,NEUTRAL,3,23,23,63,3,False,False,True
109.69302368164062,REPLAY,NEUTRAL,3,23,23,63,3,False,False,True
109.79335021972656,REPLAY,NEUTRAL,3,23,23,63,3,False,False,True
109.8936767578125,REPLAY,NEUTRAL,3,23,23,63,3,False,False,True
109.99400329589844,REPLAY,NEUTRAL,3,23,23,63,3,False,False,True
110.09432983398438,REPLAY,NEUTRAL,3,23,23,63,3,False,False,True
110.19465637207031,REPLAY,NEUTRAL,3,23,23,63,3,False,False,True
110.29498291015625,REPLAY,NEUTRAL,3,23,23,63,3,False,False,True
110.39530944824219,REPLAY,RIGHT,3,23,23,63,3,False,False,True
110.49563598632812,REPLAY,NEUTRAL,3,23,23,64,3,False,False,True
110.59596252441406,REPLAY,NEUTRAL,3,23,23,64,3,False,False,True
110.69227600097656,REPLAY,RIGHT,3,23,23,64,3,False,False,True
110.7926025390625,REPLAY,RIGHT,3,23,23,64,3,False,False,True
110.89292907714844,REPLAY,NEUTRAL,3,23,23,64,3,False,False,True
110.99325561523438,REPLAY,NEUTRAL,3,23,23,64,3,False,False,True
111.09358215332031,REPLAY,NEUTRAL,3,23,23,64,3,False,False,True
111.19390869140625,REPLAY,NEUTRAL,3,23,23,64,3,False,False,True
111.29423522949219,REPLAY,NEUTRAL,3,23,23,64,4,False,False,True
111.39456176757812,REPLAY,NEUTRAL,3,23,23,64,4,False,False,True
111.49488830566406,REPLAY,NEUTRAL,3,23,23,64,4,False,False,True
111.59521484375,REPLAY,NEUTRAL,3,23,23,64,4,False,False,True
111.69554138183594,REPLAY,NEUTRAL,3,23,23,64,4,False,False,True
111.79586791992188,REPLAY,NEUTRAL,3,23,23,64,4,False,False,True
111.89218139648438,REPLAY,NEUTRAL,3,23,23,64,4,False,False,True
111.99250793457031,REPLAY,NEUTRAL,3,23,23,65,3,False,False,True
112.09283447265625,REPLAY,NEUTRAL,3,23,23,65,3,False,False,True
112.19316101074219,REPLAY,LEFT,3,23,23,65,4,False,False,True
112.29348754882812,REPLAY,NEUTRAL,3,23,23,65,4,False,False,True
112.39381408691406,REPLAY,NEUTRAL,3,23,23,65,4,False,False,True
112.494140625,REPLAY,NEUTRAL,3,23,23,65,4,False,False,True
112.59446716308594,REPLAY,NEUTRAL,3,23,23,65,4,False,False,True
112.69479370117188,REPLAY,NEUTRAL,3,24,24,65,3,False,False,True
112.79512023925781,REPLAY,NEUTRAL,3,24,24,65,3,False,False,True
112.89544677734375,REPLAY,NEUTRAL,3,24,24,65,3,False,False,True
112.99577331542969,REPLAY,NEUTRAL,3,24,24,65,3,False,False,True
113.09208679199219,REPLAY,NEUTRAL,3,24,24,65,3,False,False,True
113.19241333007812,REPLAY,NEUTRAL,3,24,24,65,3,False,False,True
113.29273986816406,REPLAY,NEUTRAL,3,24,24,65,3,False,False,True
113.39306640625,REPLAY,LEFT,3,24,24,66,2,False,False,True
113.49339294433594,REPLAY,LEFT,3,24,24,66,3,False,False,True
113.59371948242188,REPLAY,NEUTRAL,3,24,24,66,3,False,False,True
113.69404602050781,REPLAY,NEUTRAL,3,24,24,66,3,False,False,True
113.79437255859375,REPLAY,NEUTRAL,3,24,24,66,3,False,False,True
113.89469909667969,REPLAY,NEUTRAL,3,24,24,66,3,False,False,True
113.99502563476562,REPLAY,NEUTRAL,3,24,24,66,3,False,False,True
114.09535217285156,REPLAY,NEUTRAL,3,24,24,66,3,False,False,True
114.1956787109375,REPLAY,NEUTRAL,3,24,24,66,3,False,False,True
114.2919921875,REPLAY,NEUTRAL,3,24,24,66,3,False,False,True
114.39231872558594,REPLAY,NEUTRAL,3,24,24,66,3,False,False,True
114.49264526367188,REPLAY,NEUTRAL,3,24,24,66,3,False,False,True
114.59297180175781,REPLAY,LEFT,3,24,24,66,3,False,False,True
114.69329833984375,REPLAY,LEFT,3,24,24,67,2,False,False,True
114.79362487792969,REPLAY,LEFT,3,24,24,67,2,False,False,True
114.89395141601562,REPLAY,NEUTRAL,3,24,24,67,2,False,False,True
114.99427795410156,REPLAY,NEUTRAL,3,24,24,67,2,False,False,True
115.0946044921875,REPLAY,NEUTRAL,3,24,24,67,3,False,False,True
115.19493103027344,REPLAY,NEUTRAL,3,24,24,67,3,False,False,True
115.29525756835938,REPLAY,NEUTRAL,3,24,24,67,3,False,False,True
115.39558410644531,REPLAY,NEUTRAL,3,24,24,67,3,False,False,True
115.49591064453125,REPLAY,NEUTRAL,3,24,24,68,2,False,False,True
115.59222412109375,REPLAY,NEUTRAL,3,24,24,68,2,False,False,True
115.69255065917969,REPLAY,NEUTRAL,3,24,24,68,2,False,False,True
115.79287719726562,REPLAY,NEUTRAL,3,24,24,68,2,False,False,True
115.89320373535156,REPLAY,NEUTRAL,3,24,24,68,2,False,False,True
115.9935302734375,REPLAY,NEUTRAL,3,24,24,68,2,False,False,True
116.09385681152344,REPLAY,NEUTRAL,3,24,24,68,2,False,False,True
116.19418334960938,REPLAY,NEUTRAL,3,24,24,68,2,False,False,True
116.29450988769531,REPLAY,RIGHT,3,24,24,68,2,False,False,True
116.39483642578125,REPLAY,NEUTRAL,3,24,24,68,2,False,False,True
116.49516296386719,REPLAY,NEUTRAL,3,24,24,69,2,False,False,True
116.59548950195312,REPLAY,NEUTRAL,3,24,24,69,2,False,False,True
116.69581604003906,REPLAY,LEFT,3,24,24,69,2,False,False,True
116.79212951660156,REPLAY,LEFT,3,24,24,69,2,False,False,True
116.8924560546875,REPLAY,NEUTRAL,3,24,24,69,2,False,False,True
116.99278259277344,REPLAY,NEUTRAL,3,24,24,69,2,False,False,True
117.09310913085938,REPLAY,NEUTRAL,3,24,24,69,2,False,False,True
117.19343566894531,REPLAY,NEUTRAL,3,24,24,69,2,False,False,True
117.29376220703125,REPLAY,NEUTRAL,3,24,24,69,2,False,False,True
117.39408874511719,REPLAY,NEUTRAL,3,24,24,69,2,False,False,True
117.49441528320312,REPLAY,NEUTRAL,3,24,24,69,2,False,False,True
117.59474182128906,REPLAY,NEUTRAL,3,24,24,69,2,False,False,True
117.695068359375,REPLAY,NEUTRAL,3,24,24,69,2,False,False,True
117.79539489746094,REPLAY,NEUTRAL,3,24,24,69,2,False,False,True
117.89572143554688,REPLAY,NEUTRAL,3,24,24,69,2,False,False,True
117.99203491210938,REPLAY,NEUTRAL,3,24,24,69,3,False,False,True
118.09236145019531,REPLAY,LEFT,3,24,24,69,3,False,False,True
118.19268798828125,REPLAY,LEFT,3,24,24,69,3,False,False,True
118.29301452636719,REPLAY,NEUTRAL,3,24,24,69,3,False,False,True
118.39334106445312,REPLAY,NEUTRAL,3,25,25,69,2,False,False,True
118.49366760253906,REPLAY,NEUTRAL,3,25,25,69,2,False,False,True
118.593994140625,REPLAY,NEUTRAL,3,25,25,69,2,False,False,True
118.69432067871094,REPLAY,NEUTRAL,3,25,25,69,2,False,False,True
118.79464721679688,REPLAY,NEUTRAL,3,25,25,69,2,False,False,True
118.89497375488281,REPLAY,NEUTRAL,3,25,25,69,2,False,False,True
118.99530029296875,REPLAY,NEUTRAL,3,25,25,69,2,False,False,True
119.09562683105469,REPLAY,NEUTRAL,3,25,25,69,2,False,False,True
119.19595336914062,REPLAY,NEUTRAL,3,26,26,69,1,False,False,True
119.29226684570312,REPLAY,NEUTRAL,3,26,26,69,1,False,False,True
119.39259338378906,REPLAY,NEUTRAL,3,26,26,69,2,False,False,True
119.492919921875,REPLAY,NEUTRAL,3,26,26,69,2,False,False,True
119.59324645996094,REPLAY,NEUTRAL,3,26,26,69,2,False,False,True
119.69357299804688,REPLAY,LEFT,3,26,26,69,2,False,False,True
119.79389953613281,REPLAY,LEFT,3,26,26,69,2,False,False,True
119.89422607421875,REPLAY,LEFT,3,26,26,69,2,False,False,True
119.99455261230469,REPLAY,LEFT,3,26,26,69,2,False,False,True
120.09487915039062,REPLAY,RIGHT,3,26,26,69,2,False,False,True
120.19520568847656,REPLAY,RIGHT,3,26,26,69,2,False,False,True
120.2955322265625,REPLAY,NEUTRAL,3,26,26,69,2,False,False,True
120.39585876464844,REPLAY,NEUTRAL,3,26,26,69,3,False,False,True
120.49217224121094,REPLAY,NEUTRAL,3,26,26,69,3,False,False,True
120.59249877929688,REPLAY,LEFT,3,26,26,69,3,False,False,True
120.69282531738281,REPLAY,LEFT,3,26,26,69,3,False,False,True
120.79315185546875,REPLAY,LEFT,3,26,26,69,3,False,False,True
120.89347839355469,REPLAY,LEFT,3,26,26,69,3,False,False,True
120.99380493164062,REPLAY,NEUTRAL,3,26,26,69,3,False,False,True
121.09413146972656,REPLAY,NEUTRAL,3,26,26,69,3,False,False,True
121.1944580078125,REPLAY,NEUTRAL,3,26,26,69,3,False,False,True
121.29478454589844,REPLAY,NEUTRAL,3,26,26,69,3,False,False,True
121.39511108398438,REPLAY,LEFT,3,26,26,69,3,False,False,True
121.49543762207031,REPLAY,LEFT,3,26,26,70,2,False,False,True
121.59576416015625,REPLAY,NEUTRAL,3,26,26,70,2,False,False,True
121.69207763671875,REPLAY,NEUTRAL,3,26,26,70,2,False,False,True
121.79240417480469,REPLAY,NEUTRAL,3,26,26,70,2,False,False,True
121.89273071289062,REPLAY,NEUTRAL,3,26,26,70,3,False,False,True
121.99305725097656,REPLAY,NEUTRAL,3,26,26,70,3,False,False,True
122.0933837890625,REPLAY,NEUTRAL,3,26,26,70,3,False,False,True
122.19371032714844,REPLAY,NEUTRAL,3,26,26,70,3,False,False,True
122.29403686523438,REPLAY,NEUTRAL,3,26,26,70,3,False,False,True
122.39436340332031,REPLAY,NEUTRAL,3,26,26,71,2,False,False,True
122.49468994140625,REPLAY,LEFT,3,26,26,71,2,False,False,True
122.59501647949219,REPLAY,LEFT,3,26,26,71,2,False,False,True
122.69534301757812,REPLAY,NEUTRAL,3,26,26,71,2,False,False,True
122.79566955566406,REPLAY,NEUTRAL,3,26,26,71,3,False,False,True
122.89198303222656,REPLAY,NEUTRAL,3,26,26,71,3,False,False,True
122.9923095703125,REPLAY,NEUTRAL,3,26,26,71,3,False,False,True
123.09263610839844,REPLAY,NEUTRAL,3,26,26,71,3,False,False,True
123.19296264648438,REPLAY,NEUTRAL,3,26,26,71,3,False,False,True
123.29328918457031,REPLAY,NEUTRAL,3,26,26,71,3,False,False,True
123.39361572265625,REPLAY,LEFT,3,27,27,71,2,False,False,True
123.49394226074219,REPLAY,LEFT,3,27,27,71,2,False,False,True
123.59426879882812,REPLAY,LEFT,3,27,27,71,2,False,False,True
123.69459533691406,REPLAY,LEFT,3,27,27,71,2,False,False,True
123.794921875,REPLAY,NEUTRAL,3,27,27,71,2,False,False,True
123.89524841308594,REPLAY,NEUTRAL,3,27,27,71,2,False,False,True
123.99557495117188,REPLAY,NEUTRAL,3,27,27,71,2,False,False,True
124.09590148925781,REPLAY,NEUTRAL,3,27,27,71,2,False,False,True
124.19221496582031,REPLAY,NEUTRAL,3,27,27,71,3,False,False,True
124.29254150390625,REPLAY,NEUTRAL,3,27,27,71,3,False,False,True
124.39286804199219,REPLAY,NEUTRAL,3,27,27,71,3,False,False,True
124.49319458007812,REPLAY,NEUTRAL,3,27,27,71,3,False,False,True
124.59352111816406,REPLAY,NEUTRAL,3,27,27,71,3,False,False,True
124.69384765625,REPLAY,NEUTRAL,3,27,27,71,3,False,False,True
124.79417419433594,REPLAY,NEUTRAL,3,27,27,71,3,False,False,True
124.89450073242188,REPLAY,NEUTRAL,3,27,27,71,3,False,False,True
124.99482727050781,REPLAY,NEUTRAL,3,27,27,71,3,False,False,True
125.09515380859375,REPLAY,NEUTRAL,3,27,27,71,3,False,False,True
125.19548034667969,REPLAY,NEUTRAL,3,27,27,71,3,False,False,True
125.29580688476562,REPLAY,NEUTRAL,3,27,27,71,3,False,False,True
125.39212036132812,REPLAY,NEUTRAL,3,27,27,71,3,False,False,True
125.49244689941406,REPLAY,LEFT,3,27,27,72,2,False,False,True
125.5927734375,REPLAY,LEFT,3,27,27,72,2,False,False,True
125.69309997558594,REPLAY,NEUTRAL,3,27,27,72,2,False,False,True
125.79342651367188,REPLAY,NEUTRAL,3,27,27,72,2,False,False,True
125.89375305175781,REPLAY,NEUTRAL,3,27,27,72,3,False,False,True
125.99407958984375,REPLAY,NEUTRAL,3,27,27,72,3,False,False,True
126.09440612792969,REPLAY,NEUTRAL,3,27,27,72,3,False,False,True
126.19473266601562,REPLAY,NEUTRAL,3,27,27,72,3,False,False,True
126.29505920410156,REPLAY,LEFT,3,27,27,72,3,False,False,True
126.3953857421875,REPLAY,LEFT,3,27,27,73,2,False,False,True
126.49571228027344,REPLAY,NEUTRAL,3,27,27,73,2,False,False,True
126.59202575683594,REPLAY,NEUTRAL,3,27,27,73,2,False,False,True
126.69235229492188,REPLAY,NEUTRAL,3,27,27,73,2,False,False,True
126.79267883300781,REPLAY,NEUTRAL,3,27,27,73,2,False,False,True
126.89300537109375,REPLAY,NEUTRAL,3,27,27,73,2,False,False,True
126.99333190917969,REPLAY,NEUTRAL,3,27,27,73,2,False,False,True
127.09365844726562,REPLAY,NEUTRAL,3,27,27,73,2,False,False,True
127.19398498535156,REPLAY,NEUTRAL,3,27,27,73,2,False,False,True
127.2943115234375,REPLAY,LEFT,3,27,27,73,2,False,False,True
127.39463806152344,REPLAY,LEFT,3,27,27,73,2,False,False,True
127.49496459960938,REPLAY,NEUTRAL,3,27,27,74,2,False,False,True
127.59529113769531,REPLAY,NEUTRAL,3,27,27,74,2,False,False,True
127.69561767578125,REPLAY,NEUTRAL,3,27,27,74,2,False,False,True
127.79594421386719,REPLAY,NEUTRAL,3,27,27,74,2,False,False,True
127.89225769042969,REPLAY,NEUTRAL,3,27,27,74,2,False,False,True
127.99258422851562,REPLAY,NEUTRAL,3,27,27,74,2,False,False,True
128.09291076660156,REPLAY,NEUTRAL,3,27,27,74,2,False,False,True
128.1932373046875,REPLAY,NEUTRAL,3,27,27,74,2,False,False,True
128.29356384277344,REPLAY,NEUTRAL,3,27,27,74,2,False,False,True
128.39389038085938,REPLAY,NEUTRAL,3,27,27,74,2,False,False,True
128.4942169189453,REPLAY,NEUTRAL,3,27,27,74,2,False,False,True
128.59454345703125,REPLAY,NEUTRAL,3,27,27,74,2,False,False,True
128.6948699951172,REPLAY,NEUTRAL,3,27,27,74,2,False,False,True
128.79519653320312,REPLAY,NEUTRAL,3,27,27,74,3,False,False,True
128.89552307128906,REPLAY,RIGHT,3,27,27,74,3,False,False,True
128.995849609375,REPLAY,RIGHT,3,27,27,74,3,False,False,True
129.0921630859375,REPLAY,NEUTRAL,3,27,27,74,3,False,False,True
129.19248962402344,REPLAY,NEUTRAL,3,27,27,74,3,False,False,True
129.29281616210938,REPLAY,NEUTRAL,3,27,27,74,3,False,False,True
129.3931427001953,REPLAY,NEUTRAL,3,27,27,74,3,False,False,True
129.49346923828125,REPLAY,NEUTRAL,3,27,27,75,2,False,False,True
129.5937957763672,REPLAY,NEUTRAL,3,27,27,75,2,False,False,True
129.69412231445312,REPLAY,NEUTRAL,3,27,27,75,2,False,False,True
129.79444885253906,REPLAY,NEUTRAL,3,27,27,75,2,False,False,True
129.894775390625,REPLAY,NEUTRAL,3,27,27,75,2,False,False,True
129.99510192871094,REPLAY,NEUTRAL,3,27,27,75,2,False,False,True
130.09542846679688,REPLAY,NEUTRAL,3,27,27,75,3,False,False,True
130.1957550048828,REPLAY,NEUTRAL,3,27,27,75,3,False,False,True
130.2920684814453,REPLAY,NEUTRAL,3,27,27,75,3,False,False,True
130.39239501953125,REPLAY,NEUTRAL,3,27,27,75,3,False,False,True
130.4927215576172,REPLAY,NEUTRAL,3,27,27,75,3,False,False,True
130.59304809570312,REPLAY,NEUTRAL,3,27,27,75,3,False,False,True
130.69337463378906,REPLAY,LEFT,3,27,27,75,3,False,False,True
130.793701171875,REPLAY,LEFT,3,27,27,75,3,False,False,True
130.89402770996094,REPLAY,NEUTRAL,3,27,27,75,3,False,False,True
130.99435424804688,REPLAY,NEUTRAL,3,27,27,75,4,False,False,True
131.0946807861328,REPLAY,NEUTRAL,3,27,27,76,3,False,False,True
131.19500732421875,REPLAY,NEUTRAL,3,27,27,76,3,False,False,True
131.2953338623047,REPLAY,NEUTRAL,3,27,27,76,3,False,False,True
131.39566040039062,REPLAY,NEUTRAL,3,27,27,76,3,False,False,True
131.49598693847656,REPLAY,NEUTRAL,3,27,27,76,3,False,False,True
131.59230041503906,REPLAY,NEUTRAL,3,27,27,76,3,False,False,True
131.692626953125,REPLAY,NEUTRAL,3,27,27,76,3,False,False,True
131.79295349121094,REPLAY,NEUTRAL,3,27,27,76,3,False,False,True
131.89328002929688,REPLAY,NEUTRAL,3,27,27,76,3,False,False,True
131.9936065673828,REPLAY,LEFT,3,27,27,76,3,False,False,True
132.09393310546875,REPLAY,NEUTRAL,3,27,27,76,3,False,False,True
132.1942596435547,REPLAY,NEUTRAL,3,27,27,77,3,False,False,True
132.29458618164062,REPLAY,NEUTRAL,3,27,27,77,3,False,False,True
132.39491271972656,REPLAY,NEUTRAL,3,27,27,77,3,False,False,True
132.4952392578125,REPLAY,NEUTRAL,3,27,27,77,3,False,False,True
132.59556579589844,REPLAY,NEUTRAL,3,27,27,77,3,False,False,True
132.69589233398438,REPLAY,NEUTRAL,3,27,27,77,3,False,False,True
132.79220581054688,REPLAY,LEFT,3,28,28,77,2,False,False,True
132.8925323486328,REPLAY,LEFT,3,28,28,77,2,False,False,True
132.99285888671875,REPLAY,NEUTRAL,3,28,28,77,2,False,False,True
133.0931854248047,REPLAY,NEUTRAL,3,28,28,77,2,False,False,True
133.19351196289062,REPLAY,NEUTRAL,3,28,28,77,2,False,False,True
133.29383850097656,REPLAY,NEUTRAL,3,28,28,77,2,False,False,True
133.3941650390625,REPLAY,NEUTRAL,3,28,28,77,2,False,False,True
133.49449157714844,REPLAY,NEUTRAL,3,28,28,77,2,False,False,True
133.59481811523438,REPLAY,LEFT,3,28,28,77,3,False,False,True
133.6951446533203,REPLAY,NEUTRAL,3,28,28,77,3,False,False,True
133.79547119140625,REPLAY,NEUTRAL,3,28,28,77,3,False,False,True
133.8957977294922,REPLAY,NEUTRAL,3,28,28,77,3,False,False,True
133.9921112060547,REPLAY,NEUTRAL,3,29,29,77,2,False,False,True
134.09243774414062,REPLAY,NEUTRAL,3,29,29,77,2,False,False,True
134.19276428222656,REPLAY,NEUTRAL,3,29,29,77,2,False,False,True
134.2930908203125,REPLAY,NEUTRAL,3,29,29,77,2,False,False,True
134.39341735839844,REPLAY,LEFT,3,29,29,77,2,False,False,True
134.49374389648438,REPLAY,LEFT,3,29,29,77,2,False,False,True
134.5940704345703,REPLAY,NEUTRAL,3,29,29,77,2,False,False,True
134.69439697265625,REPLAY,NEUTRAL,3,29,29,77,2,False,False,True
134.7947235107422,REPLAY,NEUTRAL,3,29,29,77,2,False,False,True
134.89505004882812,REPLAY,NEUTRAL,3,29,29,77,2,False,False,True
134.99537658691406,REPLAY,NEUTRAL,3,29,29,77,2,False,False,True
135.095703125,REPLAY,NEUTRAL,3,29,29,77,2,False,False,True
135.1920166015625,REPLAY,NEUTRAL,3,29,29,77,3,False,False,True
135.29234313964844,REPLAY,LEFT,3,29,29,78,2,False,False,True
135.39266967773438,REPLAY,LEFT,3,29,29,78,2,False,False,True
135.4929962158203,REPLAY,LEFT,3,29,29,78,2,False,False,True
135.59332275390625,REPLAY,NEUTRAL,3,29,29,78,2,False,False,True
135.6936492919922,REPLAY,NEUTRAL,3,29,29,78,2,False,False,True
135.79397583007812,REPLAY,NEUTRAL,3,29,29,78,2,False,False,True
135.89430236816406,REPLAY,NEUTRAL,3,29,29,78,2,False,False,True
135.99462890625,REPLAY,LEFT,3,29,29,78,2,False,False,True
136.09495544433594,REPLAY,LEFT,3,29,29,78,2,False,False,True
136.19528198242188,REPLAY,LEFT,3,29,29,78,2,False,False,True
136.2956085205078,REPLAY,NEUTRAL,3,29,29,78,2,False,False,True
136.39593505859375,REPLAY,NEUTRAL,3,29,29,78,2,False,False,True
136.49224853515625,REPLAY,NEUTRAL,3,29,29,78,2,False,False,True
136.5925750732422,REPLAY,NEUTRAL,3,29,29,78,2,False,False,True
136.69290161132812,REPLAY,NEUTRAL,3,29,29,78,2,False,False,True
136.79322814941406,REPLAY,NEUTRAL,3,29,29,78,3,False,False,True
136.8935546875,REPLAY,NEUTRAL,3,29,29,79,2,False,False,True
136.99388122558594,REPLAY,NEUTRAL,3,29,29,79,2,False,False,True
137.09420776367188,REPLAY,NEUTRAL,3,29,29,79,2,False,False,True
137.1945343017578,REPLAY,NEUTRAL,3,29,29,79,2,False,False,True
137.29486083984375,REPLAY,NEUTRAL,3,29,29,79,2,False,False,True
137.3951873779297,REPLAY,NEUTRAL,3,29,29,79,2,False,False,True
137.49551391601562,REPLAY,NEUTRAL,3,29,29,79,2,False,False,True
137.59584045410156,REPLAY,NEUTRAL,3,29,29,79,2,False,False,True
137.69215393066406,REPLAY,LEFT,3,29,29,79,2,False,False,True
137.79248046875,REPLAY,LEFT,3,29,29,79,2,False,False,True
137.89280700683594,REPLAY,NEUTRAL,3,29,29,79,2,False,False,True
137.99313354492188,REPLAY,NEUTRAL,3,29,29,79,2,False,False,True
138.0934600830078,REPLAY,NEUTRAL,3,29,29,79,3,False,False,True
138.19378662109375,REPLAY,NEUTRAL,3,29,29,79,3,False,False,True
138.2941131591797,REPLAY,RIGHT,3,29,29,79,3,False,False,True
138.39443969726562,REPLAY,RIGHT,3,29,29,79,3,False,False,True
138.49476623535156,REPLAY,NEUTRAL,3,29,29,79,3,False,False,True
138.5950927734375,REPLAY,NEUTRAL,3,29,29,80,2,False,False,True
138.69541931152344,REPLAY,RIGHT,3,29,29,80,2,False,False,True
138.79574584960938,REPLAY,RIGHT,3,29,29,80,2,False,False,True
138.89205932617188,REPLAY,NEUTRAL,3,29,29,80,2,False,False,True
138.9923858642578,REPLAY,NEUTRAL,3,29,29,80,3,False,False,True
139.09271240234375,REPLAY,NEUTRAL,3,29,29,80,3,False,False,True
139.1930389404297,REPLAY,NEUTRAL,3,29,29,80,3,False,False,True
139.29336547851562,REPLAY,NEUTRAL,3,29,29,80,3,False,False,True
139.39369201660156,REPLAY,NEUTRAL,3,29,29,80,3,False,False,True
139.4940185546875,REPLAY,NEUTRAL,3,29,29,80,3,False,False,True
139.59434509277344,REPLAY,NEUTRAL,3,29,29,80,3,False,False,True
139.69467163085938,REPLAY,RIGHT,3,29,29,80,3,False,False,True
139.7949981689453,REPLAY,RIGHT,3,29,29,80,3,False,False,True
139.89532470703125,REPLAY,RIGHT,3,29,29,80,3,False,False,True
139.9956512451172,REPLAY,NEUTRAL,3,29,29,81,2,False,False,True
140.09597778320312,REPLAY,NEUTRAL,3,29,29,81,2,False,False,True
140.19229125976562,REPLAY,NEUTRAL,3,29,29,81,2,False,False,True
140.29261779785156,REPLAY,NEUTRAL,3,29,29,81,2,False,False,True
140.3929443359375,REPLAY,NEUTRAL,3,29,29,81,2,False,False,True
140.49327087402344,REPLAY,NEUTRAL,3,29,29,81,3,False,False,True
140.59359741210938,REPLAY,NEUTRAL,3,29,29,81,3,False,False,True
140.6939239501953,REPLAY,NEUTRAL,3,29,29,81,3,False,False,True
140.79425048828125,REPLAY,NEUTRAL,3,29,29,81,3,False,False,True
140.8945770263672,REPLAY,NEUTRAL,3,29,29,81,3,False,False,True
140.99490356445312,REPLAY,LEFT,3,29,29,81,3,False,False,True
141.09523010253906,REPLAY,NEUTRAL,3,29,29,81,3,False,False,True
141.195556640625,REPLAY,NEUTRAL,3,29,29,81,3,False,False,True
141.29588317871094,REPLAY,NEUTRAL,3,29,29,81,3,False,False,True
141.39219665527344,REPLAY,NEUTRAL,3,29,29,81,3,False,False,True
141.49252319335938,REPLAY,LEFT,3,29,29,82,2,False,False,True
141.5928497314453,REPLAY,NEUTRAL,3,29,29,82,2,False,False,True
141.69317626953125,REPLAY,NEUTRAL,3,29,29,82,2,False,False,True
141.7935028076172,REPLAY,NEUTRAL,3,30,30,82,1,False,False,True
141.89382934570312,REPLAY,NEUTRAL,3,30,30,82,1,False,False,True
141.99415588378906,REPLAY,NEUTRAL,3,30,30,82,2,False,False,True
142.094482421875,REPLAY,NEUTRAL,3,30,30,82,2,False,False,True
142.19480895996094,REPLAY,NEUTRAL,3,30,30,82,2,False,False,True
142.29513549804688,REPLAY,NEUTRAL,3,30,30,82,2,False,False,True
142.3954620361328,REPLAY,NEUTRAL,3,30,30,82,2,False,False,True
142.49578857421875,REPLAY,NEUTRAL,3,30,30,82,2,False,False,True
142.59210205078125,REPLAY,NEUTRAL,3,30,30,82,2,False,False,True
142.6924285888672,REPLAY,LEFT,3,30,30,82,2,False,False,True
142.79275512695312,REPLAY,LEFT,3,30,30,82,2,False,False,True
142.89308166503906,REPLAY,LEFT,3,30,30,82,2,False,False,True
142.993408203125,REPLAY,NEUTRAL,3,30,30,82,2,False,False,True
143.09373474121094,REPLAY,NEUTRAL,3,30,30,82,2,False,False,True
143.19406127929688,REPLAY,NEUTRAL,3,30,30,82,2,False,False,True
143.2943878173828,REPLAY,NEUTRAL,3,30,30,82,3,False,False,True
143.39471435546875,REPLAY,NEUTRAL,3,30,30,82,3,False,False,True
143.4950408935547,REPLAY,NEUTRAL,3,30,30,82,3,False,False,True
143.59536743164062,REPLAY,NEUTRAL,3,30,30,82,3,False,False,True
143.69569396972656,REPLAY,NEUTRAL,3,30,30,82,3,False,False,True
143.79200744628906,REPLAY,NEUTRAL,3,30,30,83,2,False,False,True
143.892333984375,REPLAY,NEUTRAL,3,30,30,83,2,False,False,True
143.99266052246094,REPLAY,NEUTRAL,3,30,30,83,2,False,False,True
144.09298706054688,REPLAY,LEFT,3,30,30,83,2,False,False,True
144.1933135986328,REPLAY,NEUTRAL,3,30,30,83,2,False,False,True
144.29364013671875,REPLAY,NEUTRAL,3,30,30,83,2,False,False,True
144.3939666748047,REPLAY,NEUTRAL,3,30,30,83,2,False,False,True
144.49429321289062,REPLAY,NEUTRAL,3,30,30,83,2,False,False,True
144.59461975097656,REPLAY,NEUTRAL,3,30,30,83,2,False,False,True
144.6949462890625,REPLAY,RIGHT,3,30,30,83,3,False,False,True
144.79527282714844,REPLAY,RIGHT,3,30,30,83,3,False,False,True
144.89559936523438,REPLAY,RIGHT,3,30,30,83,3,False,False,True
144.9959259033203,REPLAY,NEUTRAL,3,30,30,83,3,False,False,True
145.0922393798828,REPLAY,NEUTRAL,3,30,30,83,3,False,False,True
145.19256591796875,REPLAY,NEUTRAL,3,30,30,83,3,False,False,True
145.2928924560547,REPLAY,NEUTRAL,3,30,30,84,2,False,False,True
145.39321899414062,REPLAY,NEUTRAL,3,30,30,84,2,False,False,True
145.49354553222656,REPLAY,NEUTRAL,3,30,30,84,2,False,False,True
145.5938720703125,REPLAY,NEUTRAL,3,30,30,84,2,False,False,True
145.69419860839844,REPLAY,NEUTRAL,3,30,30,84,2,False,False,True
145.79452514648438,REPLAY,NEUTRAL,3,30,30,84,2,False,False,True
145.8948516845703,REPLAY,NEUTRAL,3,30,30,84,2,False,False,True
145.99517822265625,REPLAY,NEUTRAL,3,30,30,84,2,False,False,True
146.0955047607422,REPLAY,NEUTRAL,3,30,30,84,3,False,False,True
146.19583129882812,REPLAY,RIGHT,3,30,30,84,3,False,False,True
146.29214477539062,REPLAY,NEUTRAL,3,31,31,84,2,False,False,True
146.39247131347656,REPLAY,NEUTRAL,3,31,31,84,2,False,False,True
146.4927978515625,REPLAY,NEUTRAL,3,31,31,84,2,False,False,True
146.59312438964844,REPLAY,NEUTRAL,3,31,31,84,2,False,False,True
146.69345092773438,REPLAY,NEUTRAL,3,31,31,84,2,False,False,True
146.7937774658203,REPLAY,NEUTRAL,3,31,31,84,2,False,False,True
146.89410400390625,REPLAY,NEUTRAL,3,31,31,84,2,False,False,True
146.9944305419922,REPLAY,NEUTRAL,3,31,31,84,2,False,False,True
147.09475708007812,REPLAY,NEUTRAL,3,31,31,84,2,False,False,True
147.19508361816406,REPLAY,NEUTRAL,3,31,31,84,2,False,False,True
147.29541015625,REPLAY,NEUTRAL,3,31,31,84,2,False,False,True
147.39573669433594,REPLAY,NEUTRAL,3,31,31,84,2,False,False,True
147.49205017089844,REPLAY,LEFT,3,31,31,84,3,False,False,True
147.59237670898438,REPLAY,NEUTRAL,3,31,31,84,3,False,False,True
147.6927032470703,REPLAY,NEUTRAL,3,31,31,85,2,False,False,True
147.79302978515625,REPLAY,LEFT,3,31,31,85,2,False,False,True
147.8933563232422,REPLAY,LEFT,3,31,31,85,2,False,False,True
147.99368286132812,REPLAY,NEUTRAL,3,31,31,85,2,False,False,True
148.09400939941406,REPLAY,NEUTRAL,3,31,31,85,2,False,False,True
148.1943359375,REPLAY,NEUTRAL,3,31,31,85,2,False,False,True
148.29466247558594,REPLAY,NEUTRAL,3,31,31,85,2,False,False,True
148.39498901367188,REPLAY,NEUTRAL,3,31,31,85,2,False,False,True
148.4953155517578,REPLAY,NEUTRAL,3,31,31,85,2,False,False,True
148.59564208984375,REPLAY,NEUTRAL,3,31,31,85,2,False,False,True
148.6959686279297,REPLAY,LEFT,3,31,31,85,2,False,False,True
148.7922821044922,REPLAY,LEFT,3,31,31,85,2,False,False,True
148.89260864257812,REPLAY,LEFT,3,31,31,85,3,False,False,True
148.99293518066406,REPLAY,NEUTRAL,3,31,31,85,3,False,False,True
149.09326171875,REPLAY,NEUTRAL,3,31,31,85,3,False,False,True
149.19358825683594,REPLAY,NEUTRAL,3,31,31,85,3,False,False,True
149.29391479492188,REPLAY,NEUTRAL,3,31,31,85,3,False,False,True
149.3942413330078,REPLAY,NEUTRAL,3,31,31,85,3,False,False,True
149.49456787109375,REPLAY,LEFT,3,31,31,86,2,False,False,True
149.5948944091797,REPLAY,LEFT,3,31,31,86,2,False,False,True
149.69522094726562,REPLAY,LEFT,3,31,31,86,2,False,False,True
149.79554748535156,REPLAY,NEUTRAL,3,31,31,86,3,False,False,True
149.8958740234375,REPLAY,NEUTRAL,3,31,31,86,3,False,False,True
149.9921875,REPLAY,NEUTRAL,3,31,31,86,3,False,False,True
150.09251403808594,REPLAY,NEUTRAL,3,31,31,86,3,False,False,True
150.19284057617188,REPLAY,RIGHT,3,31,31,86,3,False,False,True
150.2931671142578,REPLAY,RIGHT,3,31,31,86,3,False,False,True
150.39349365234375,REPLAY,NEUTRAL,3,31,31,86,3,False,False,True
150.4938201904297,REPLAY,NEUTRAL,3,31,31,87,2,False,False,True
150.59414672851562,REPLAY,NEUTRAL,3,31,31,87,2,False,False,True
150.69447326660156,REPLAY,NEUTRAL,3,31,31,87,2,False,False,True
150.7947998046875,REPLAY,NEUTRAL,3,31,31,87,2,False,False,True
150.89512634277344,REPLAY,NEUTRAL,3,31,31,87,2,False,False,True
150.99545288085938,REPLAY,NEUTRAL,3,31,31,87,2,False,False,True
151.0957794189453,REPLAY,NEUTRAL,3,31,31,87,3,False,False,True
151.1920928955078,REPLAY,NEUTRAL,3,31,31,87,3,False,False,True
151.29241943359375,REPLAY,NEUTRAL,3,31,31,87,3,False,False,True
151.3927459716797,REPLAY,NEUTRAL,3,31,31,87,3,False,False,True
151.49307250976562,REPLAY,NEUTRAL,3,31,31,87,3,False,False,True
151.59339904785156,REPLAY,NEUTRAL,3,31,31,87,3,False,False,True
151.6937255859375,REPLAY,NEUTRAL,3,31,31,87,3,False,False,True
151.79405212402344,REPLAY,NEUTRAL,3,31,31,87,3,False,False,True
151.89437866210938,REPLAY,NEUTRAL,3,31,31,88,2,False,False,True
151.9947052001953,REPLAY,NEUTRAL,3,31,31,88,2,False,False,True
152.09503173828125,REPLAY,NEUTRAL,3,31,31,88,2,False,False,True
152.1953582763672,REPLAY,LEFT,3,31,31,88,2,False,False,True
152.29568481445312,REPLAY,NEUTRAL,3,31,31,88,2,False,False,True
152.39199829101562,REPLAY,NEUTRAL,3,32,32,88,2,False,False,True
152.49232482910156,REPLAY,NEUTRAL,3,32,32,88,2,False,False,True
152.5926513671875,REPLAY,NEUTRAL,3,32,32,88,2,False,False,True
152.69297790527344,REPLAY,NEUTRAL,3,32,32,88,2,False,False,True
152.79330444335938,REPLAY,LEFT,3,32,32,88,2,False,False,True
152.8936309814453,REPLAY,LEFT,3,32,32,88,2,False,False,True
152.99395751953125,REPLAY,NEUTRAL,3,32,32,88,2,False,False,True
153.0942840576172,REPLAY,NEUTRAL,3,32,32,88,2,False,False,True
153.19461059570312,REPLAY,NEUTRAL,3,32,32,88,2,False,False,True
153.29493713378906,REPLAY,NEUTRAL,3,32,32,88,2,False,False,True
153.395263671875,REPLAY,NEUTRAL,3,32,32,88,2,False,False,True
153.49559020996094,REPLAY,NEUTRAL,3,32,32,88,3,False,False,True
153.59591674804688,REPLAY,NEUTRAL,3,32,32,88,3,False,False,True
153.69223022460938,REPLAY,NEUTRAL,3,32,32,88,3,False,False,True
153.7925567626953,REPLAY,NEUTRAL,3,32,32,88,3,False,False,True
153.89288330078125,REPLAY,NEUTRAL,3,32,32,88,3,False,False,True
153.9932098388672,REPLAY,LEFT,3,32,32,88,3,False,False,True
154.09353637695312,REPLAY,LEFT,3,33,33,88,2,False,False,True
154.19386291503906,REPLAY,NEUTRAL,3,33,33,88,2,False,False,True
154.294189453125,REPLAY,NEUTRAL,3,33,33,88,2,False,False,True
154.39451599121094,REPLAY,NEUTRAL,3,33,33,88,2,False,False,True
154.49484252929688,REPLAY,NEUTRAL,3,33,33,88,2,False,False,True
154.5951690673828,REPLAY,NEUTRAL,3,33,33,88,2,False,False,True
154.69549560546875,REPLAY,NEUTRAL,3,33,33,88,2,False,False,True
154.7958221435547,REPLAY,NEUTRAL,3,33,33,88,2,False,False,True
154.8921356201172,REPLAY,LEFT,3,33,33,88,2,False,False,True
154.99246215820312,REPLAY,LEFT,3,33,33,88,2,False,False,True
155.09278869628906,REPLAY,NEUTRAL,3,33,33,88,3,False,False,True
155.193115234375,REPLAY,NEUTRAL,3,33,33,88,3,False,False,True
155.29344177246094,REPLAY,NEUTRAL,3,33,33,88,3,False,False,True
155.39376831054688,REPLAY,NEUTRAL,3,33,33,88,3,False,False,True
155.4940948486328,REPLAY,NEUTRAL,3,33,33,88,3,False,False,True
155.59442138671875,REPLAY,LEFT,3,33,33,88,3,False,False,True
155.6947479248047,REPLAY,NEUTRAL,3,33,33,89,2,False,False,True
155.79507446289062,REPLAY,NEUTRAL,3,33,33,89,2,False,False,True
155.89540100097656,REPLAY,NEUTRAL,3,33,33,89,2,False,False,True
155.9957275390625,REPLAY,NEUTRAL,3,33,33,89,3,False,False,True
156.092041015625,REPLAY,NEUTRAL,3,33,33,89,3,False,False,True
156.19236755371094,REPLAY,NEUTRAL,3,33,33,89,3,False,False,True
156.29269409179688,REPLAY,NEUTRAL,3,34,34,89,2,False,False,True
156.3930206298828,REPLAY,NEUTRAL,3,34,34,89,2,False,False,True
156.49334716796875,REPLAY,LEFT,3,34,34,89,2,False,False,True
156.5936737060547,REPLAY,LEFT,3,34,34,89,2,False,False,True
156.69400024414062,REPLAY,NEUTRAL,3,34,34,89,2,False,False,True
156.79432678222656,REPLAY,NEUTRAL,3,34,34,89,3,False,False,True
156.8946533203125,REPLAY,NEUTRAL,3,34,34,89,3,False,False,True
156.99497985839844,REPLAY,NEUTRAL,3,34,34,89,3,False,False,True
157.09530639648438,REPLAY,NEUTRAL,3,34,34,89,3,False,False,True
157.1956329345703,REPLAY,NEUTRAL,3,34,34,89,3,False,False,True
157.29595947265625,REPLAY,LEFT,3,34,34,89,3,False,False,True
157.39227294921875,REPLAY,LEFT,3,34,34,89,3,False,False,True
157.4925994873047,REPLAY,NEUTRAL,3,34,34,89,3,False,False,True
157.59292602539062,REPLAY,NEUTRAL,3,34,34,89,3,False,False,True
157.69325256347656,REPLAY,NEUTRAL,3,34,34,89,4,False,False,True
157.7935791015625,REPLAY,NEUTRAL,3,34,34,89,4,False,False,True
157.89390563964844,REPLAY,NEUTRAL,3,34,34,89,4,False,False,True
157.99423217773438,REPLAY,NEUTRAL,3,34,34,89,4,False,False,True
158.0945587158203,REPLAY,NEUTRAL,3,34,34,89,4,False,False,True
158.19488525390625,REPLAY,LEFT,3,34,34,90,3,False,False,True
158.2952117919922,REPLAY,LEFT,3,34,34,90,3,False,False,True
158.39553833007812,REPLAY,NEUTRAL,3,34,34,90,3,False,False,True
158.49586486816406,REPLAY,NEUTRAL,3,34,34,90,3,False,False,True
158.59217834472656,REPLAY,NEUTRAL,3,34,34,90,3,False,False,True
158.6925048828125,REPLAY,NEUTRAL,3,34,34,90,3,False,False,True
158.79283142089844,REPLAY,NEUTRAL,3,34,34,90,3,False,False,True
158.89315795898438,REPLAY,NEUTRAL,3,34,34,90,3,False,False,True
158.9934844970703,REPLAY,NEUTRAL,3,34,34,90,4,False,False,True
159.09381103515625,REPLAY,NEUTRAL,3,34,34,90,4,False,False,True
159.1941375732422,REPLAY,NEUTRAL,3,34,34,91,3,False,False,True
159.29446411132812,REPLAY,NEUTRAL,3,34,34,91,3,False,False,True
159.39479064941406,REPLAY,NEUTRAL,3,34,34,91,3,False,False,True
159.4951171875,REPLAY,NEUTRAL,3,34,34,91,3,False,False,True
159.59544372558594,REPLAY,NEUTRAL,3,34,34,91,3,False,False,True
159.69577026367188,REPLAY,LEFT,3,34,34,91,3,False,False,True
159.79208374023438,REPLAY,LEFT,3,34,34,91,3,False,False,True
159.8924102783203,REPLAY,NEUTRAL,3,34,34,91,3,False,False,True
159.99273681640625,REPLAY,NEUTRAL,3,34,34,91,3,False,False,True
160.0930633544922,REPLAY,NEUTRAL,3,34,34,91,3,False,False,True
160.19338989257812,REPLAY,NEUTRAL,3,34,34,91,3,False,False,True
160.29371643066406,REPLAY,NEUTRAL,3,34,34,92,2,False,False,True
160.39404296875,REPLAY,NEUTRAL,3,34,34,92,3,False,False,True
160.49436950683594,REPLAY,NEUTRAL,3,34,34,92,3,False,False,True
160.59469604492188,REPLAY,NEUTRAL,3,34,34,93,2,False,False,True
160.6950225830078,REPLAY,LEFT,3,34,34,93,2,False,False,True
160.79534912109375,REPLAY,NEUTRAL,3,34,34,93,2,False,False,True
160.8956756591797,REPLAY,NEUTRAL,3,34,34,93,2,False,False,True
160.9919891357422,REPLAY,NEUTRAL,3,34,34,93,2,False,False,True
161.09231567382812,REPLAY,NEUTRAL,3,34,34,93,2,False,False,True
161.19264221191406,REPLAY,NEUTRAL,3,34,34,93,2,False,False,True
161.29296875,REPLAY,RIGHT,3,34,34,93,2,False,False,True
161.39329528808594,REPLAY,RIGHT,3,34,34,93,2,False,False,True
161.49362182617188,REPLAY,RIGHT,3,34,34,93,3,False,False,True
161.5939483642578,REPLAY,NEUTRAL,3,34,34,93,3,False,False,True
161.69427490234375,REPLAY,NEUTRAL,3,34,34,93,3,False,False,True
161.7946014404297,REPLAY,NEUTRAL,3,35,35,93,2,False,False,True
161.89492797851562,REPLAY,NEUTRAL,3,35,35,93,2,False,False,True
161.99525451660156,REPLAY,NEUTRAL,3,35,35,93,2,False,False,True
162.0955810546875,REPLAY,NEUTRAL,3,35,35,93,2,False,False,True
162.19590759277344,REPLAY,NEUTRAL,3,35,35,93,2,False,False,True
162.29222106933594,REPLAY,NEUTRAL,3,35,35,93,2,False,False,True
162.39254760742188,REPLAY,NEUTRAL,3,35,35,93,2,False,False,True
162.4928741455078,REPLAY,NEUTRAL,3,35,35,93,3,False,False,True
162.59320068359375,REPLAY,NEUTRAL,3,35,35,93,3,False,False,True
162.6935272216797,REPLAY,NEUTRAL,3,35,35,93,3,False,False,True
162.79385375976562,REPLAY,NEUTRAL,3,35,35,93,3,False,False,True
162.89418029785156,REPLAY,NEUTRAL,3,35,35,93,3,False,False,True
162.9945068359375,REPLAY,NEUTRAL,3,35,35,93,3,False,False,True
163.09483337402344,REPLAY,NEUTRAL,3,35,35,93,3,False,False,True
163.19515991210938,REPLAY,NEUTRAL,3,35,35,93,3,False,False,True
163.2954864501953,REPLAY,NEUTRAL,3,35,35,93,3,False,False,True
163.39581298828125,REPLAY,NEUTRAL,3,35,35,94,2,False,False,True
163.49212646484375,REPLAY,NEUTRAL,3,35,35,94,2,False,False,True
163.5924530029297,REPLAY,NEUTRAL,3,35,35,94,2,False,False,True
163.69277954101562,REPLAY,NEUTRAL,3,35,35,94,2,False,False,True
163.79310607910156,REPLAY,NEUTRAL,3,35,35,94,2,False,False,True
163.8934326171875,REPLAY,NEUTRAL,3,35,35,94,3,False,False,True
163.99375915527344,REPLAY,NEUTRAL,3,35,35,94,3,False,False,True
164.09408569335938,REPLAY,NEUTRAL,3,35,35,94,3,False,False,True
164.1944122314453,REPLAY,NEUTRAL,3,35,35,94,3,False,False,True
164.29473876953125,REPLAY,NEUTRAL,3,35,35,94,3,False,False,True
164.3950653076172,REPLAY,NEUTRAL,3,35,35,94,3,False,False,True
164.49539184570312,REPLAY,NEUTRAL,3,35,35,94,3,False,False,True
164.59571838378906,REPLAY,NEUTRAL,3,35,35,94,3,False,False,True
164.69203186035156,REPLAY,NEUTRAL,3,35,35,94,3,False,False,True
164.7923583984375,REPLAY,NEUTRAL,3,35,35,95,3,False,False,True
164.89268493652344,REPLAY,NEUTRAL,3,35,35,95,3,False,False,True
164.99301147460938,REPLAY,NEUTRAL,3,35,35,95,3,False,False,True
165.0933380126953,REPLAY,NEUTRAL,3,35,35,95,3,False,False,True
165.19366455078125,REPLAY,LEFT,3,35,35,95,3,False,False,True
165.2939910888672,REPLAY,NEUTRAL,3,35,35,95,3,False,False,True
165.39431762695312,REPLAY,NEUTRAL,3,35,35,95,3,False,False,True
165.49464416503906,REPLAY,NEUTRAL,3,35,35,95,3,False,False,True
165.594970703125,REPLAY,NEUTRAL,3,35,35,95,3,False,False,True
165.69529724121094,REPLAY,NEUTRAL,3,35,35,95,3,False,False,True
165.79562377929688,REPLAY,NEUTRAL,3,35,35,95,3,False,False,True
165.8959503173828,REPLAY,NEUTRAL,3,35,35,96,2,False,False,True
165.9922637939453,REPLAY,NEUTRAL,3,35,35,96,2,False,False,True
166.09259033203125,REPLAY,NEUTRAL,3,35,35,96,2,False,False,True
166.1929168701172,REPLAY,LEFT,3,35,35,96,2,False,False,True
166.29324340820312,REPLAY,LEFT,3,35,35,96,3,False,False,True
166.39356994628906,REPLAY,NEUTRAL,3,35,35,96,3,False,False,True
166.493896484375,REPLAY,NEUTRAL,3,35,35,96,3,False,False,True
166.59422302246094,REPLAY,NEUTRAL,3,35,35,96,3,False,False,True
166.69454956054688,REPLAY,NEUTRAL,3,35,35,96,3,False,False,True
166.7948760986328,REPLAY,NEUTRAL,3,35,35,96,3,False,False,True
166.89520263671875,REPLAY,NEUTRAL,3,35,35,96,3,False,False,True
166.9955291748047,REPLAY,LEFT,3,35,35,96,3,False,False,True
167.09585571289062,REPLAY,LEFT,3,35,35,96,3,False,False,True
167.19216918945312,REPLAY,NEUTRAL,3,35,35,96,3,False,False,True
167.29249572753906,REPLAY,NEUTRAL,3,35,35,97,2,False,False,True
167.392822265625,REPLAY,NEUTRAL,3,35,35,97,3,False,False,True
167.49314880371094,REPLAY,NEUTRAL,3,35,35,97,3,False,False,True
167.59347534179688,REPLAY,LEFT,3,35,35,97,3,False,False,True
167.6938018798828,REPLAY,LEFT,3,35,35,97,3,False,False,True
167.79412841796875,REPLAY,LEFT,3,35,35,97,3,False,False,True
167.8944549560547,REPLAY,NEUTRAL,3,35,35,97,3,False,False,True
167.99478149414062,REPLAY,NEUTRAL,3,35,35,97,3,False,False,True
168.09510803222656,REPLAY,NEUTRAL,3,35,35,97,3,False,False,True
168.1954345703125,REPLAY,NEUTRAL,3,35,35,98,2,False,False,True
168.29576110839844,REPLAY,NEUTRAL,3,35,35,98,2,False,False,True
168.39207458496094,REPLAY,NEUTRAL,3,35,35,98,2,False,False,True
168.49240112304688,REPLAY,NEUTRAL,3,35,35,98,3,False,False,True
168.5927276611328,REPLAY,RIGHT,3,35,35,98,3,False,False,True
168.69305419921875,REPLAY,RIGHT,3,35,35,98,3,False,False,True
168.7933807373047,REPLAY,NEUTRAL,3,35,35,98,3,False,False,True
168.89370727539062,REPLAY,NEUTRAL,3,35,35,98,3,False,False,True
168.99403381347656,REPLAY,NEUTRAL,3,35,35,98,3,False,False,True
169.0943603515625,REPLAY,NEUTRAL,3,35,35,98,3,False,False,True
169.19468688964844,REPLAY,NEUTRAL,3,35,35,98,3,False,False,True
169.29501342773438,REPLAY,NEUTRAL,3,35,35,98,3,False,False,True
169.3953399658203,REPLAY,NEUTRAL,3,35,35,98,3,False,False,True
169.49566650390625,REPLAY,NEUTRAL,3,36,36,98,2,False,False,True
169.59197998046875,REPLAY,NEUTRAL,3,36,36,98,2,False,False,True
169.6923065185547,REPLAY,NEUTRAL,3,36,36,98,2,False,False,True
169.79263305664062,REPLAY,NEUTRAL,3,36,36,98,2,False,False,True
169.89295959472656,REPLAY,NEUTRAL,3,36,36,98,2,False,False,True
169.9932861328125,REPLAY,NEUTRAL,3,36,36,98,3,False,False,True
170.09361267089844,REPLAY,NEUTRAL,3,36,36,98,3,False,False,True
170.19393920898438,REPLAY,NEUTRAL,3,36,36,98,3,False,False,True
170.2942657470703,REPLAY,LEFT,3,36,36,98,3,False,False,True
170.39459228515625,REPLAY,LEFT,3,36,36,98,3,False,False,True
170.4949188232422,REPLAY,LEFT,3,36,36,98,3,False,False,True
170.59524536132812,REPLAY,NEUTRAL,3,36,36,98,3,False,False,True
170.69557189941406,REPLAY,NEUTRAL,3,36,36,98,3,False,False,True
170.7958984375,REPLAY,NEUTRAL,3,36,36,98,3,False,False,True
170.8922119140625,REPLAY,LEFT,3,36,36,98,3,False,False,True
170.99253845214844,REPLAY,LEFT,3,36,36,99,2,False,False,True
171.09286499023438,REPLAY,NEUTRAL,3,36,36,99,2,False,False,True
171.1931915283203,REPLAY,NEUTRAL,3,36,36,99,2,False,False,True
171.29351806640625,REPLAY,NEUTRAL,3,36,36,99,2,False,False,True
171.3938446044922,REPLAY,NEUTRAL,3,36,36,99,3,False,False,True
171.49417114257812,REPLAY,NEUTRAL,3,36,36,99,3,False,False,True
171.59449768066406,REPLAY,NEUTRAL,3,36,36,99,3,False,False,True
171.69482421875,REPLAY,NEUTRAL,3,37,37,99,2,False,False,True
171.79515075683594,REPLAY,NEUTRAL,3,37,37,99,2,False,False,True
171.89547729492188,REPLAY,NEUTRAL,3,37,37,99,2,False,False,True
171.9958038330078,REPLAY,LEFT,3,37,37,99,2,False,False,True
172.0921173095703,REPLAY,NEUTRAL,3,37,37,99,2,False,False,True
172.19244384765625,REPLAY,NEUTRAL,3,37,37,99,2,False,False,True
172.2927703857422,REPLAY,NEUTRAL,3,37,37,99,2,False,False,True
172.39309692382812,REPLAY,NEUTRAL,3,37,37,99,2,False,False,True
172.49342346191406,REPLAY,NEUTRAL,3,37,37,99,2,False,False,True
172.59375,REPLAY,NEUTRAL,3,37,37,99,3,False,False,True
172.69407653808594,REPLAY,NEUTRAL,3,37,37,99,3,False,False,True
172.79440307617188,REPLAY,LEFT,3,37,37,99,3,False,False,True
172.8947296142578,REPLAY,LEFT,3,37,37,99,3,False,False,True
172.99505615234375,REPLAY,LEFT,3,37,37,99,3,False,False,True
173.0953826904297,REPLAY,LEFT,3,37,37,99,3,False,False,True
173.19570922851562,REPLAY,LEFT,3,37,37,100,2,False,False,True
173.29202270507812,REPLAY,NEUTRAL,3,37,37,100,2,False,False,True
173.39234924316406,REPLAY,NEUTRAL,3,37,37,100,2,False,False,True
173.49267578125,REPLAY,NEUTRAL,3,37,37,100,2,False,False,True
173.59300231933594,REPLAY,NEUTRAL,3,37,37,100,2,False,False,True
173.69332885742188,REPLAY,NEUTRAL,3,37,37,100,2,False,False,True
173.7936553955078,REPLAY,NEUTRAL,3,37,37,100,2,False,False,True
173.89398193359375,REPLAY,NEUTRAL,3,37,37,100,2,False,False,True
173.9943084716797,REPLAY,NEUTRAL,3,37,37,100,2,False,False,True
174.09463500976562,REPLAY,NEUTRAL,3,37,37,100,3,False,False,True
174.19496154785156,REPLAY,NEUTRAL,3,37,37,100,3,False,False,True
174.2952880859375,REPLAY,NEUTRAL,3,37,37,100,3,False,False,True
174.39561462402344,REPLAY,NEUTRAL,3,37,37,100,3,False,False,True
174.49594116210938,REPLAY,NEUTRAL,3,37,37,100,3,False,False,True
174.59225463867188,REPLAY,NEUTRAL,3,37,37,101,2,False,False,True
174.6925811767578,REPLAY,NEUTRAL,3,37,37,101,2,False,False,True
174.79290771484375,REPLAY,NEUTRAL,3,37,37,101,2,False,False,True
174.8932342529297,REPLAY,NEUTRAL,3,37,37,101,2,False,False,True
174.99356079101562,REPLAY,NEUTRAL,3,37,37,101,2,False,False,True
175.09388732910156,REPLAY,NEUTRAL,3,37,37,101,2,False,False,True
175.1942138671875,REPLAY,NEUTRAL,3,37,37,101,2,False,False,True
175.29454040527344,REPLAY,NEUTRAL,3,37,37,101,2,False,False,True
175.39486694335938,REPLAY,NEUTRAL,3,37,37,101,2,False,False,True
175.4951934814453,REPLAY,NEUTRAL,3,37,37,101,3,False,False,True
175.59552001953125,REPLAY,NEUTRAL,3,37,37,101,3,False,False,True
175.6958465576172,REPLAY,NEUTRAL,3,37,37,102,2,False,False,True
175.7921600341797,REPLAY,NEUTRAL,3,37,37,102,2,False,False,True
175.89248657226562,REPLAY,NEUTRAL,3,37,37,102,2,False,False,True
175.99281311035156,REPLAY,NEUTRAL,3,37,37,102,2,False,False,True
176.0931396484375,REPLAY,NEUTRAL,3,37,37,102,2,False,False,True
176.19346618652344,REPLAY,NEUTRAL,3,37,37,102,2,False,False,True
176.29379272460938,REPLAY,NEUTRAL,3,37,37,102,2,False,False,True
176.3941192626953,REPLAY,NEUTRAL,3,37,37,102,2,False,False,True
176.49444580078125,REPLAY,NEUTRAL,3,37,37,102,3,False,False,True
176.5947723388672,REPLAY,NEUTRAL,3,37,37,102,3,False,False,True
176.69509887695312,REPLAY,NEUTRAL,3,37,37,102,3,False,False,True
176.79542541503906,REPLAY,NEUTRAL,3,37,37,102,3,False,False,True
176.895751953125,REPLAY,RIGHT,3,37,37,102,3,False,False,True
176.9920654296875,REPLAY,RIGHT,3,38,38,102,2,False,False,True
177.09239196777344,REPLAY,NEUTRAL,3,38,38,102,2,False,False,True
177.19271850585938,REPLAY,NEUTRAL,3,38,38,102,2,False,False,True
177.2930450439453,REPLAY,NEUTRAL,3,38,38,102,2,False,False,True
177.39337158203125,REPLAY,NEUTRAL,3,38,38,102,2,False,False,True
177.4936981201172,REPLAY,NEUTRAL,3,38,38,102,2,False,False,True
177.59402465820312,REPLAY,NEUTRAL,3,38,38,102,2,False,False,True
177.69435119628906,REPLAY,NEUTRAL,3,38,38,102,2,False,False,True
177.794677734375,REPLAY,NEUTRAL,3,38,38,102,2,False,False,True
177.89500427246094,REPLAY,NEUTRAL,3,38,38,102,3,False,False,True
177.99533081054688,REPLAY,NEUTRAL,3,38,38,102,3,False,False,True
178.0956573486328,REPLAY,RIGHT,3,38,38,102,3,False,False,True
178.19598388671875,REPLAY,RIGHT,3,38,38,102,3,False,False,True
178.29229736328125,REPLAY,NEUTRAL,3,38,38,102,3,False,False,True
178.3926239013672,REPLAY,NEUTRAL,3,38,38,102,3,False,False,True
178.49295043945312,REPLAY,NEUTRAL,3,38,38,102,3,False,False,True
178.59327697753906,REPLAY,NEUTRAL,3,38,38,102,3,False,False,True
178.693603515625,REPLAY,NEUTRAL,3,38,38,102,3,False,False,True
178.79393005371094,REPLAY,NEUTRAL,3,38,38,103,2,False,False,True
178.89425659179688,REPLAY,NEUTRAL,3,38,38,103,2,False,False,True
178.9945831298828,REPLAY,LEFT,3,38,38,103,2,False,False,True
179.09490966796875,REPLAY,LEFT,3,38,38,103,2,False,False,True
179.1952362060547,REPLAY,NEUTRAL,3,38,38,103,2,False,False,True
179.29556274414062,REPLAY,NEUTRAL,3,38,38,103,2,False,False,True
179.39588928222656,REPLAY,NEUTRAL,3,38,38,103,3,False,False,True
179.49220275878906,REPLAY,NEUTRAL,3,39,39,103,2,False,False,True
179.592529296875,REPLAY,NEUTRAL,3,39,39,103,2,False,False,True
179.69285583496094,REPLAY,NEUTRAL,3,39,39,103,2,False,False,True
179.79318237304688,REPLAY,NEUTRAL,3,39,39,103,2,False,False,True
179.8935089111328,REPLAY,NEUTRAL,3,39,39,103,2,False,False,True
179.99383544921875,REPLAY,NEUTRAL,3,39,39,103,2,False,False,True
180.0941619873047,REPLAY,RIGHT,3,39,39,103,2,False,False,True
180.19448852539062,REPLAY,NEUTRAL,3,39,39,103,2,False,False,True
180.29481506347656,REPLAY,NEUTRAL,3,39,39,103,2,False,False,True
180.3951416015625,REPLAY,NEUTRAL,3,39,39,103,2,False,False,True
180.49546813964844,REPLAY,NEUTRAL,3,39,39,103,3,False,False,True
180.59579467773438,REPLAY,NEUTRAL,3,39,39,103,3,False,False,True
180.69210815429688,REPLAY,LEFT,3,39,39,103,3,False,False,True
180.7924346923828,REPLAY,LEFT,3,39,39,103,3,False,False,True
180.89276123046875,REPLAY,NEUTRAL,3,39,39,104,2,False,False,True
180.9930877685547,REPLAY,NEUTRAL,3,39,39,104,2,False,False,True
181.09341430664062,REPLAY,NEUTRAL,3,39,39,104,2,False,False,True
181.19374084472656,REPLAY,NEUTRAL,3,39,39,104,2,False,False,True
181.2940673828125,REPLAY,NEUTRAL,3,39,39,104,2,False,False,True
181.39439392089844,REPLAY,NEUTRAL,3,39,39,104,2,False,False,True
181.49472045898438,REPLAY,NEUTRAL,3,39,39,104,2,False,False,True
181.5950469970703,REPLAY,LEFT,3,39,39,104,2,False,False,True
181.69537353515625,REPLAY,LEFT,3,39,39,104,3,False,False,True
181.7957000732422,REPLAY,LEFT,3,39,39,104,3,False,False,True
181.8920135498047,REPLAY,NEUTRAL,3,39,39,104,3,False,False,True
181.99234008789062,REPLAY,NEUTRAL,3,39,39,104,3,False,False,True
182.09266662597656,REPLAY,NEUTRAL,3,39,39,104,3,False,False,True
182.1929931640625,REPLAY,NEUTRAL,3,39,39,104,3,False,False,True
182.29331970214844,REPLAY,NEUTRAL,3,39,39,104,3,False,False,True
182.39364624023438,REPLAY,NEUTRAL,3,39,39,104,3,False,False,True
182.4939727783203,REPLAY,NEUTRAL,3,39,39,104,3,False,False,True
182.59429931640625,REPLAY,NEUTRAL,3,39,39,104,3,False,False,True
182.6946258544922,REPLAY,NEUTRAL,3,39,39,104,3,False,False,True
182.79495239257812,REPLAY,LEFT,3,39,39,104,4,False,False,True
182.89527893066406,REPLAY,LEFT,3,39,39,104,4,False,False,True
182.99560546875,REPLAY,NEUTRAL,3,39,39,105,3,False,False,True
183.09593200683594,REPLAY,NEUTRAL,3,39,39,105,3,False,False,True
183.19224548339844,REPLAY,NEUTRAL,3,39,39,105,3,False,False,True
183.29257202148438,REPLAY,LEFT,3,39,39,105,3,False,False,True
183.3928985595703,REPLAY,LEFT,3,39,39,105,3,False,False,True
183.49322509765625,REPLAY,LEFT,3,39,39,105,3,False,False,True
183.5935516357422,REPLAY,NEUTRAL,3,39,39,105,3,False,False,True
183.69387817382812,REPLAY,NEUTRAL,3,39,39,105,3,False,False,True
183.79420471191406,REPLAY,NEUTRAL,3,39,39,105,3,False,False,True
183.89453125,REPLAY,NEUTRAL,3,39,39,105,3,False,False,True
183.99485778808594,REPLAY,NEUTRAL,3,39,39,105,3,False,False,True
184.09518432617188,REPLAY,LEFT,3,39,39,106,2,False,False,True
184.1955108642578,REPLAY,NEUTRAL,3,39,39,106,2,False,False,True
184.29583740234375,REPLAY,NEUTRAL,3,39,39,106,3,False,False,True
184.39215087890625,REPLAY,NEUTRAL,3,39,39,106,3,False,False,True
184.4924774169922,REPLAY,NEUTRAL,3,39,39,106,3,False,False,True
184.59280395507812,REPLAY,NEUTRAL,3,39,39,106,3,False,False,True
184.69313049316406,REPLAY,NEUTRAL,3,39,39,106,3,False,False,True
184.79345703125,REPLAY,NEUTRAL,3,39,39,106,3,False,False,True
184.89378356933594,REPLAY,NEUTRAL,3,39,39,106,3,False,False,True
184.99411010742188,REPLAY,NEUTRAL,3,39,39,106,3,False,False,True
185.0944366455078,REPLAY,LEFT,3,39,39,106,3,False,False,True
185.19476318359375,REPLAY,LEFT,3,39,39,106,3,False,False,True
185.2950897216797,REPLAY,LEFT,3,39,39,107,2,False,False,True
185.39541625976562,REPLAY,NEUTRAL,3,39,39,107,2,False,False,True
185.49574279785156,REPLAY,NEUTRAL,3,39,39,107,2,False,False,True
185.59205627441406,REPLAY,NEUTRAL,3,39,39,107,2,False,False,True
185.6923828125,REPLAY,LEFT,3,39,39,107,2,False,False,True
185.79270935058594,REPLAY,LEFT,3,39,39,107,3,False,False,True
185.89303588867188,REPLAY,NEUTRAL,3,39,39,107,3,False,False,True
185.9933624267578,REPLAY,NEUTRAL,3,39,39,107,3,False,False,True
186.09368896484375,REPLAY,NEUTRAL,3,39,39,107,3,False,False,True
186.1940155029297,REPLAY,NEUTRAL,3,39,39,108,2,False,False,True
186.29434204101562,REPLAY,NEUTRAL,3,39,39,108,2,False,False,True
186.39466857910156,REPLAY,NEUTRAL,3,39,39,108,2,False,False,True
186.4949951171875,REPLAY,NEUTRAL,3,39,39,108,2,False,False,True
186.59532165527344,REPLAY,NEUTRAL,3,39,39,108,2,False,False,True
186.69564819335938,REPLAY,NEUTRAL,3,39,39,108,2,False,False,True
186.7959747314453,REPLAY,LEFT,3,39,39,108,2,False,False,True
186.8922882080078,REPLAY,LEFT,3,39,39,108,2,False,False,True
186.99261474609375,REPLAY,NEUTRAL,3,39,39,108,2,False,False,True
187.0929412841797,REPLAY,NEUTRAL,3,39,39,108,2,False,False,True
187.19326782226562,REPLAY,NEUTRAL,3,39,39,108,2,False,False,True
187.29359436035156,REPLAY,NEUTRAL,3,39,39,108,2,False,False,True
187.3939208984375,REPLAY,NEUTRAL,3,39,39,108,2,False,False,True
187.49424743652344,REPLAY,LEFT,3,39,39,108,3,False,False,True
187.59457397460938,REPLAY,LEFT,3,39,39,109,2,False,False,True
187.6949005126953,REPLAY,NEUTRAL,3,39,39,109,2,False,False,True
187.79522705078125,REPLAY,NEUTRAL,3,39,39,109,2,False,False,True
187.8955535888672,REPLAY,NEUTRAL,3,39,39,109,2,False,False,True
187.99588012695312,REPLAY,NEUTRAL,3,39,39,109,2,False,False,True
188.09219360351562,REPLAY,NEUTRAL,3,39,39,109,2,False,False,True
188.19252014160156,REPLAY,NEUTRAL,3,39,39,109,2,False,False,True
188.2928466796875,REPLAY,LEFT,3,39,39,109,2,False,False,True
188.39317321777344,REPLAY,LEFT,3,39,39,109,2,False,False,True
188.49349975585938,REPLAY,NEUTRAL,3,39,39,109,2,False,False,True
188.5938262939453,REPLAY,NEUTRAL,3,39,39,109,2,False,False,True
188.69415283203125,REPLAY,NEUTRAL,3,39,39,109,2,False,False,True
188.7944793701172,REPLAY,NEUTRAL,3,39,39,109,2,False,False,True
188.89480590820312,REPLAY,NEUTRAL,3,39,39,109,2,False,False,True
188.99513244628906,REPLAY,NEUTRAL,3,39,39,110,1,False,False,True
189.095458984375,REPLAY,NEUTRAL,3,39,39,110,2,False,False,True
189.19578552246094,REPLAY,LEFT,3,39,39,110,2,False,False,True
189.29209899902344,REPLAY,LEFT,3,39,39,110,2,False,False,True
189.39242553710938,REPLAY,NEUTRAL,3,39,39,110,2,False,False,True
189.4927520751953,REPLAY,NEUTRAL,3,39,39,110,2,False,False,True
189.59307861328125,REPLAY,NEUTRAL,3,39,39,110,2,False,False,True
189.6934051513672,REPLAY,NEUTRAL,3,39,39,110,2,False,False,True
189.79373168945312,REPLAY,NEUTRAL,3,39,39,110,2,False,False,True
189.89405822753906,REPLAY,NEUTRAL,3,39,39,110,2,False,False,True
189.994384765625,REPLAY,NEUTRAL,3,39,39,110,2,False,False,True
190.09471130371094,REPLAY,NEUTRAL,3,39,39,110,3,False,False,True
190.19503784179688,REPLAY,NEUTRAL,3,39,39,110,3,False,False,True
190.2953643798828,REPLAY,NEUTRAL,3,39,39,110,3,False,False,True
190.39569091796875,REPLAY,NEUTRAL,3,39,39,110,3,False,False,True
190.49200439453125,REPLAY,NEUTRAL,3,39,39,110,3,False,False,True
190.5923309326172,REPLAY,NEUTRAL,3,39,39,110,3,False,False,True
190.69265747070312,REPLAY,NEUTRAL,3,39,39,110,3,False,False,True
190.79298400878906,REPLAY,NEUTRAL,3,39,39,110,3,False,False,True
190.893310546875,REPLAY,NEUTRAL,3,39,39,110,4,False,False,True
190.99363708496094,REPLAY,NEUTRAL,3,39,39,110,4,False,False,True
191.09396362304688,REPLAY,NEUTRAL,3,39,39,111,3,False,False,True
191.1942901611328,REPLAY,NEUTRAL,3,39,39,111,3,False,False,True
191.29461669921875,REPLAY,NEUTRAL,3,39,39,111,3,False,False,True
191.3949432373047,REPLAY,NEUTRAL,3,39,39,111,3,False,False,True
191.49526977539062,REPLAY,NEUTRAL,3,39,39,111,3,False,False,True
191.59559631347656,REPLAY,NEUTRAL,3,39,39,111,3,False,False,True
191.6959228515625,REPLAY,NEUTRAL,3,39,39,111,3,False,False,True
191.792236328125,REPLAY,NEUTRAL,3,39,39,111,3,False,False,True
191.89256286621094,REPLAY,NEUTRAL,3,39,39,111,3,False,False,True
191.99288940429688,REPLAY,LEFT,3,39,39,111,3,False,False,True
192.0932159423828,REPLAY,NEUTRAL,3,39,39,111,4,False,False,True
192.19354248046875,REPLAY,NEUTRAL,3,39,39,111,4,False,False,True
192.2938690185547,REPLAY,NEUTRAL,3,39,39,111,4,False,False,True
192.39419555664062,REPLAY,NEUTRAL,3,40,40,111,3,False,False,True
192.49452209472656,REPLAY,NEUTRAL,3,40,40,111,3,False,False,True
192.5948486328125,REPLAY,NEUTRAL,3,40,40,111,3,False,False,True
192.69517517089844,REPLAY,NEUTRAL,3,40,40,111,3,False,False,True
192.79550170898438,REPLAY,NEUTRAL,3,40,40,111,3,False,False,True
192.8958282470703,REPLAY,NEUTRAL,3,40,40,111,3,False,False,True
192.9921417236328,REPLAY,LEFT,3,40,40,111,3,False,False,True
193.09246826171875,REPLAY,LEFT,3,40,40,111,3,False,False,True
193.1927947998047,REPLAY,NEUTRAL,3,40,40,111,3,False,False,True
193.29312133789062,REPLAY,NEUTRAL,3,40,40,111,3,False,False,True
193.39344787597656,REPLAY,NEUTRAL,3,40,40,111,4,False,False,True
193.4937744140625,REPLAY,NEUTRAL,3,40,40,111,4,False,False,True
193.59410095214844,REPLAY,NEUTRAL,3,40,40,112,3,False,False,True
193.69442749023438,REPLAY,NEUTRAL,3,40,40,112,3,False,False,True
193.7947540283203,REPLAY,NEUTRAL,3,40,40,113,2,False,False,True
193.89508056640625,REPLAY,NEUTRAL,3,40,40,113,2,False,False,True
193.9954071044922,REPLAY,NEUTRAL,3,40,40,113,2,False,False,True
194.09573364257812,REPLAY,NEUTRAL,3,40,40,113,2,False,False,True
194.19204711914062,REPLAY,NEUTRAL,3,40,40,113,2,False,False,True
194.29237365722656,REPLAY,NEUTRAL,3,40,40,113,3,False,False,True
194.3927001953125,REPLAY,NEUTRAL,3,40,40,113,3,False,False,True
194.49302673339844,REPLAY,NEUTRAL,3,40,40,113,3,False,False,True
194.59335327148438,REPLAY,LEFT,3,40,40,113,3,False,False,True
194.6936798095703,REPLAY,NEUTRAL,3,40,40,113,3,False,False,True
194.79400634765625,REPLAY,NEUTRAL,3,40,40,113,3,False,False,True
194.8943328857422,REPLAY,NEUTRAL,3,40,40,113,3,False,False,True
194.99465942382812,REPLAY,NEUTRAL,3,40,40,113,3,False,False,True
195.09498596191406,REPLAY,NEUTRAL,3,40,40,113,3,False,False,True
195.1953125,REPLAY,NEUTRAL,3,40,40,113,3,False,False,True
195.29563903808594,REPLAY,NEUTRAL,3,40,40,113,4,False,False,True
195.39596557617188,REPLAY,NEUTRAL,3,40,40,113,4,False,False,True
195.49227905273438,REPLAY,NEUTRAL,3,40,40,113,4,False,False,True
195.5926055908203,REPLAY,NEUTRAL,3,40,40,114,3,False,False,True
195.69293212890625,REPLAY,NEUTRAL,3,40,40,114,3,False,False,True
195.7932586669922,REPLAY,NEUTRAL,3,40,40,114,3,False,False,True
195.89358520507812,REPLAY,NEUTRAL,3,40,40,114,3,False,False,True
195.99391174316406,REPLAY,NEUTRAL,3,40,40,114,3,False,False,True
196.09423828125,REPLAY,NEUTRAL,3,40,40,114,3,False,False,True
196.19456481933594,REPLAY,NEUTRAL,3,40,40,114,3,False,False,True
196.29489135742188,REPLAY,NEUTRAL,3,40,40,114,3,False,False,True
196.3952178955078,REPLAY,NEUTRAL,3,40,40,114,3,False,False,True
196.49554443359375,REPLAY,NEUTRAL,3,40,40,115,2,False,False,True
196.5958709716797,REPLAY,NEUTRAL,3,40,40,115,2,False,False,True
196.6921844482422,REPLAY,NEUTRAL,3,40,40,115,3,False,False,True
196.79251098632812,REPLAY,NEUTRAL,3,40,40,115,3,False,False,True
196.89283752441406,REPLAY,NEUTRAL,3,40,40,115,3,False,False,True
196.9931640625,REPLAY,NEUTRAL,3,40,40,115,3,False,False,True
197.09349060058594,REPLAY,NEUTRAL,3,40,40,115,3,False,False,True
197.19381713867188,REPLAY,NEUTRAL,3,40,40,115,3,False,False,True
197.2941436767578,REPLAY,NEUTRAL,3,40,40,115,3,False,False,True
197.39447021484375,REPLAY,NEUTRAL,3,40,40,115,3,False,False,True
197.4947967529297,REPLAY,NEUTRAL,3,40,40,115,3,False,False,True
197.59512329101562,REPLAY,NEUTRAL,3,40,40,115,3,False,False,True
197.69544982910156,REPLAY,NEUTRAL,3,40,40,115,3,False,False,True
197.7957763671875,REPLAY,NEUTRAL,3,40,40,115,3,False,False,True
197.89208984375,REPLAY,NEUTRAL,3,40,40,116,2,False,False,True
197.99241638183594,REPLAY,NEUTRAL,3,40,40,116,3,False,False,True
198.09274291992188,REPLAY,RIGHT,3,40,40,116,3,False,False,True
198.1930694580078,REPLAY,RIGHT,3,40,40,116,3,False,False,True
198.29339599609375,REPLAY,RIGHT,3,41,41,116,2,False,False,True
198.3937225341797,REPLAY,NEUTRAL,3,41,41,116,2,False,False,True
198.49404907226562,REPLAY,NEUTRAL,3,41,41,116,2,False,False,True
198.59437561035156,REPLAY,NEUTRAL,3,41,41,116,2,False,False,True
198.6947021484375,REPLAY,NEUTRAL,3,41,41,116,2,False,False,True
198.79502868652344,REPLAY,NEUTRAL,3,41,41,116,2,False,False,True
198.89535522460938,REPLAY,NEUTRAL,3,41,41,116,2,False,False,True
198.9956817626953,REPLAY,NEUTRAL,3,41,41,116,2,False,False,True
199.0919952392578,REPLAY,NEUTRAL,3,41,41,116,2,False,False,True
199.19232177734375,REPLAY,NEUTRAL,3,41,41,116,2,False,False,True
199.2926483154297,REPLAY,LEFT,3,41,41,116,2,False,False,True
199.39297485351562,REPLAY,LEFT,3,41,41,116,2,False,False,True
199.49330139160156,REPLAY,LEFT,3,42,42,116,2,False,False,True
199.5936279296875,REPLAY,NEUTRAL,3,42,42,116,2,False,False,True
199.69395446777344,REPLAY,NEUTRAL,3,42,42,116,2,False,False,True
199.79428100585938,REPLAY,NEUTRAL,3,42,42,116,2,False,False,True
199.8946075439453,REPLAY,NEUTRAL,3,42,42,116,2,False,False,True
199.99493408203125,REPLAY,NEUTRAL,3,42,42,116,2,False,False,True
200.0952606201172,REPLAY,NEUTRAL,3,42,42,116,2,False,False,True
200.19558715820312,REPLAY,NEUTRAL,3,42,42,116,2,False,False,True
200.29591369628906,REPLAY,NEUTRAL,3,42,42,116,2,False,False,True
200.39222717285156,REPLAY,NEUTRAL,3,42,42,116,2,False,False,True
200.4925537109375,REPLAY,NEUTRAL,3,42,42,116,2,False,False,True
200.59288024902344,REPLAY,LEFT,3,42,42,116,2,False,False,True
200.69320678710938,REPLAY,LEFT,3,43,43,116,1,False,False,True
200.7935333251953,REPLAY,NEUTRAL,3,43,43,116,2,False,False,True
200.89385986328125,REPLAY,NEUTRAL,3,43,43,116,2,False,False,True
200.9941864013672,REPLAY,NEUTRAL,3,43,43,116,2,False,False,True
201.09451293945312,REPLAY,NEUTRAL,3,43,43,116,2,False,False,True
201.19483947753906,REPLAY,NEUTRAL,3,43,43,116,2,False,False,True
201.295166015625,REPLAY,NEUTRAL,3,43,43,116,2,False,False,True
201.39549255371094,REPLAY,NEUTRAL,3,43,43,116,2,False,False,True
201.49581909179688,REPLAY,NEUTRAL,3,43,43,116,2,False,False,True
201.59213256835938,REPLAY,NEUTRAL,3,43,43,116,2,False,False,True
201.6924591064453,REPLAY,LEFT,3,43,43,116,2,False,False,True
201.79278564453125,REPLAY,LEFT,3,43,43,116,2,False,False,True
201.8931121826172,REPLAY,LEFT,3,43,43,116,2,False,False,True
201.99343872070312,REPLAY,LEFT,3,43,43,116,2,False,False,True
202.09376525878906,REPLAY,NEUTRAL,3,43,43,116,3,False,False,True
202.194091796875,REPLAY,NEUTRAL,3,43,43,116,3,False,False,True
202.29441833496094,REPLAY,NEUTRAL,3,43,43,116,3,False,False,True
202.39474487304688,REPLAY,NEUTRAL,3,43,43,116,3,False,False,True
202.4950714111328,REPLAY,NEUTRAL,3,43,43,117,2,False,False,True
202.59539794921875,REPLAY,NEUTRAL,3,43,43,117,2,False,False,True
202.6957244873047,REPLAY,LEFT,3,43,43,117,2,False,False,True
202.7920379638672,REPLAY,LEFT,3,43,43,117,2,False,False,True
202.89236450195312,REPLAY,NEUTRAL,3,43,43,117,3,False,False,True
202.99269104003906,REPLAY,NEUTRAL,3,43,43,117,3,False,False,True
203.093017578125,REPLAY,NEUTRAL,3,43,43,117,3,False,False,True
203.19334411621094,REPLAY,NEUTRAL,3,43,43,117,3,False,False,True
203.29367065429688,REPLAY,NEUTRAL,3,43,43,117,3,False,False,True
203.3939971923828,REPLAY,NEUTRAL,3,43,43,117,3,False,False,True
203.49432373046875,REPLAY,NEUTRAL,3,43,43,117,3,False,False,True
203.5946502685547,REPLAY,NEUTRAL,3,43,43,117,3,False,False,True
203.69497680664062,REPLAY,NEUTRAL,3,44,44,117,2,False,False,True
203.79530334472656,REPLAY,NEUTRAL,3,44,44,117,2,False,False,True
203.8956298828125,REPLAY,NEUTRAL,3,44,44,117,2,False,False,True
203.99595642089844,REPLAY,LEFT,3,44,44,117,2,False,False,True
204.09226989746094,REPLAY,LEFT,3,44,44,117,2,False,False,True
204.19259643554688,REPLAY,LEFT,3,44,44,117,2,False,False,True
204.2929229736328,REPLAY,LEFT,3,44,44,117,2,False,False,True
204.39324951171875,REPLAY,NEUTRAL,3,44,44,117,2,False,False,True
204.4935760498047,REPLAY,NEUTRAL,3,44,44,117,3,False,False,True
204.59390258789062,REPLAY,NEUTRAL,3,44,44,117,3,False,False,True
204.69422912597656,REPLAY,NEUTRAL,3,44,44,117,3,False,False,True
204.7945556640625,REPLAY,NEUTRAL,3,44,44,117,3,False,False,True
204.89488220214844,REPLAY,NEUTRAL,3,45,45,117,2,False,False,True
204.99520874023438,REPLAY,NEUTRAL,3,45,45,117,2,False,False,True
205.0955352783203,REPLAY,NEUTRAL,3,45,45,117,2,False,False,True
205.19586181640625,REPLAY,LEFT,3,45,45,117,2,False,False,True
205.29217529296875,REPLAY,LEFT,3,45,45,117,2,False,False,True
205.3925018310547,REPLAY,NEUTRAL,3,45,45,117,3,False,False,True
205.49282836914062,REPLAY,NEUTRAL,3,45,45,117,3,False,False,True
205.59315490722656,REPLAY,NEUTRAL,3,45,45,117,3,False,False,True
205.6934814453125,REPLAY,NEUTRAL,3,45,45,117,3,False,False,True
205.79380798339844,REPLAY,NEUTRAL,3,45,45,117,3,False,False,True
205.89413452148438,REPLAY,LEFT,3,45,45,117,3,False,False,True
205.9944610595703,REPLAY,LEFT,3,45,45,117,3,False,False,True
206.09478759765625,REPLAY,LEFT,3,46,46,117,2,False,False,True
206.1951141357422,REPLAY,LEFT,3,46,46,117,2,False,False,True
206.29544067382812,REPLAY,NEUTRAL,3,46,46,117,2,False,False,True
206.39576721191406,REPLAY,NEUTRAL,3,46,46,117,3,False,False,True
206.49208068847656,REPLAY,NEUTRAL,3,46,46,117,3,False,False,True
206.5924072265625,REPLAY,NEUTRAL,3,46,46,117,3,False,False,True
206.69273376464844,REPLAY,NEUTRAL,3,46,46,117,3,False,False,True
206.79306030273438,REPLAY,NEUTRAL,3,46,46,117,3,False,False,True
206.8933868408203,REPLAY,LEFT,3,46,46,117,3,False,False,True
206.99371337890625,REPLAY,LEFT,3,46,46,117,3,False,False,True
207.0940399169922,REPLAY,NEUTRAL,3,46,46,117,3,False,False,True
207.19436645507812,REPLAY,NEUTRAL,3,46,46,117,3,False,False,True
207.29469299316406,REPLAY,NEUTRAL,3,46,46,117,3,False,False,True
207.39501953125,REPLAY,NEUTRAL,3,46,46,117,3,False,False,True
207.49534606933594,REPLAY,NEUTRAL,3,46,46,117,3,False,False,True
207.59567260742188,REPLAY,NEUTRAL,3,46,46,117,4,False,False,True
207.69198608398438,REPLAY,NEUTRAL,3,46,46,117,4,False,False,True
207.7923126220703,REPLAY,NEUTRAL,3,46,46,118,3,False,False,True
207.89263916015625,REPLAY,NEUTRAL,3,46,46,118,3,False,False,True
207.9929656982422,REPLAY,NEUTRAL,3,46,46,118,3,False,False,True
208.09329223632812,REPLAY,NEUTRAL,3,46,46,118,3,False,False,True
208.19361877441406,REPLAY,NEUTRAL,3,46,46,118,3,False,False,True
208.2939453125,REPLAY,NEUTRAL,3,46,46,119,2,False,False,True
208.39427185058594,REPLAY,NEUTRAL,3,46,46,119,2,False,False,True
208.49459838867188,REPLAY,NEUTRAL,3,46,46,119,2,False,False,True
208.5949249267578,REPLAY,NEUTRAL,3,46,46,119,2,False,False,True
208.69525146484375,REPLAY,NEUTRAL,3,46,46,119,2,False,False,True
208.7955780029297,REPLAY,NEUTRAL,3,46,46,119,2,False,False,True
208.89590454101562,REPLAY,NEUTRAL,3,46,46,119,2,False,False,True
208.99221801757812,REPLAY,NEUTRAL,3,46,46,119,2,False,False,True
209.09254455566406,REPLAY,LEFT,3,46,46,119,3,False,False,True
209.19287109375,REPLAY,NEUTRAL,3,46,46,119,3,False,False,True
209.29319763183594,REPLAY,NEUTRAL,3,46,46,119,3,False,False,True
209.39352416992188,REPLAY,NEUTRAL,3,46,46,119,3,False,False,True
209.4938507080078,REPLAY,NEUTRAL,3,46,46,120,2,False,False,True
209.59417724609375,REPLAY,NEUTRAL,3,46,46,120,2,False,False,True
209.6945037841797,REPLAY,NEUTRAL,3,46,46,120,2,False,False,True
209.79483032226562,REPLAY,NEUTRAL,3,46,46,120,2,False,False,True
209.89515686035156,REPLAY,LEFT,3,46,46,120,2,False,False,True
209.9954833984375,REPLAY,NEUTRAL,3,46,46,120,2,False,False,True
210.09580993652344,REPLAY,NEUTRAL,3,46,46,120,2,False,False,True
210.19212341308594,REPLAY,NEUTRAL,3,46,46,120,3,False,False,True
210.29244995117188,REPLAY,NEUTRAL,3,46,46,120,3,False,False,True
210.3927764892578,REPLAY,NEUTRAL,3,46,46,120,3,False,False,True
210.49310302734375,REPLAY,NEUTRAL,3,46,46,120,3,False,False,True
210.5934295654297,REPLAY,NEUTRAL,3,46,46,120,3,False,False,True
210.69375610351562,REPLAY,NEUTRAL,3,46,46,120,3,False,False,True
210.79408264160156,REPLAY,NEUTRAL,3,46,46,120,3,False,False,True
210.8944091796875,REPLAY,LEFT,3,46,46,120,3,False,False,True
210.99473571777344,REPLAY,NEUTRAL,3,46,46,121,2,False,False,True
211.09506225585938,REPLAY,NEUTRAL,3,46,46,121,2,False,False,True
211.1953887939453,REPLAY,NEUTRAL,3,46,46,121,2,False,False,True
211.29571533203125,REPLAY,NEUTRAL,3,46,46,121,3,False,False,True
211.39202880859375,REPLAY,LEFT,3,46,46,121,3,False,False,True
211.4923553466797,REPLAY,LEFT,3,46,46,121,3,False,False,True
211.59268188476562,REPLAY,NEUTRAL,3,46,46,121,3,False,False,True
211.69300842285156,REPLAY,NEUTRAL,3,46,46,121,3,False,False,True
211.7933349609375,REPLAY,NEUTRAL,3,46,46,121,3,False,False,True
211.89366149902344,REPLAY,NEUTRAL,3,46,46,121,3,False,False,True
211.99398803710938,REPLAY,NEUTRAL,3,46,46,121,3,False,False,True
212.0943145751953,REPLAY,NEUTRAL,3,46,46,121,3,False,False,True
212.19464111328125,REPLAY,NEUTRAL,3,46,46,121,4,False,False,True
212.2949676513672,REPLAY,NEUTRAL,3,46,46,121,4,False,False,True
212.39529418945312,REPLAY,NEUTRAL,3,46,46,121,4,False,False,True
212.49562072753906,REPLAY,NEUTRAL,3,46,46,122,3,False,False,True
212.595947265625,REPLAY,NEUTRAL,3,46,46,122,3,False,False,True
212.6922607421875,REPLAY,NEUTRAL,3,46,46,122,3,False,False,True
212.79258728027344,REPLAY,NEUTRAL,3,46,46,122,3,False,False,True
212.89291381835938,REPLAY,NEUTRAL,3,46,46,122,3,False,False,True
212.9932403564453,REPLAY,NEUTRAL,3,46,46,122,3,False,False,True
213.09356689453125,REPLAY,NEUTRAL,3,46,46,122,3,False,False,True
213.1938934326172,REPLAY,LEFT,3,46,46,122,4,False,False,True
213.29421997070312,REPLAY,LEFT,3,46,46,122,4,False,False,True
213.39454650878906,REPLAY,LEFT,3,46,46,123,3,False,False,True
213.494873046875,REPLAY,NEUTRAL,3,46,46,123,3,False,False,True
213.59519958496094,REPLAY,NEUTRAL,3,46,46,123,3,False,False,True
213.69552612304688,REPLAY,NEUTRAL,3,46,46,123,3,False,False,True
213.7958526611328,REPLAY,NEUTRAL,3,46,46,123,3,False,False,True
213.8921661376953,REPLAY,RIGHT,3,46,46,123,3,False,False,True
213.99249267578125,REPLAY,LEFT,3,47,47,123,2,False,False,True
214.0928192138672,REPLAY,LEFT,3,47,47,123,2,False,False,True
214.19314575195312,REPLAY,NEUTRAL,3,47,47,123,2,False,False,True
214.29347229003906,REPLAY,NEUTRAL,3,47,47,123,2,False,False,True
214.393798828125,REPLAY,NEUTRAL,3,47,47,123,2,False,False,True
214.49412536621094,REPLAY,NEUTRAL,3,47,47,123,3,False,False,True
214.59445190429688,REPLAY,NEUTRAL,3,47,47,123,3,False,False,True
214.6947784423828,REPLAY,NEUTRAL,3,47,47,123,3,False,False,True
214.79510498046875,REPLAY,NEUTRAL,3,47,47,123,3,False,False,True
214.8954315185547,REPLAY,NEUTRAL,3,47,47,123,3,False,False,True
214.99575805664062,REPLAY,NEUTRAL,3,47,47,123,3,False,False,True
215.09207153320312,REPLAY,NEUTRAL,3,47,47,123,3,False,False,True
215.19239807128906,REPLAY,NEUTRAL,3,47,47,123,3,False,False,True
215.292724609375,REPLAY,NEUTRAL,3,47,47,123,3,False,False,True
215.39305114746094,REPLAY,NEUTRAL,3,47,47,123,3,False,False,True
215.49337768554688,REPLAY,NEUTRAL,3,47,47,123,3,False,False,True
215.5937042236328,REPLAY,NEUTRAL,3,47,47,124,3,False,False,True
215.69403076171875,REPLAY,NEUTRAL,3,47,47,124,3,False,False,True
215.7943572998047,REPLAY,LEFT,3,47,47,124,3,False,False,True
215.89468383789062,REPLAY,LEFT,3,47,47,124,3,False,False,True
215.99501037597656,REPLAY,NEUTRAL,3,47,47,124,3,False,False,True
216.0953369140625,REPLAY,NEUTRAL,3,47,47,124,3,False,False,True
216.19566345214844,REPLAY,NEUTRAL,3,47,47,124,3,False,False,True
216.29197692871094,REPLAY,NEUTRAL,3,47,47,124,3,False,False,True
216.39230346679688,REPLAY,NEUTRAL,3,47,47,125,2,False,False,True
216.4926300048828,REPLAY,LEFT,3,47,47,125,2,False,False,True
216.59295654296875,REPLAY,LEFT,3,47,47,125,2,False,False,True
216.6932830810547,REPLAY,LEFT,3,47,47,125,2,False,False,True
216.79360961914062,REPLAY,NEUTRAL,3,47,47,125,2,False,False,True
216.89393615722656,REPLAY,NEUTRAL,3,47,47,125,2,False,False,True
216.9942626953125,REPLAY,NEUTRAL,3,47,47,125,3,False,False,True
217.09458923339844,REPLAY,NEUTRAL,3,47,47,125,3,False,False,True
217.19491577148438,REPLAY,NEUTRAL,3,47,47,125,3,False,False,True
217.2952423095703,REPLAY,NEUTRAL,3,47,47,125,3,False,False,True
217.39556884765625,REPLAY,NEUTRAL,3,47,47,125,3,False,False,True
217.4958953857422,REPLAY,NEUTRAL,3,47,47,125,3,False,False,True
217.5922088623047,REPLAY,NEUTRAL,3,47,47,126,2,False,False,True
217.69253540039062,REPLAY,NEUTRAL,3,47,47,126,2,False,False,True
217.79286193847656,REPLAY,NEUTRAL,3,47,47,126,2,False,False,True
217.8931884765625,REPLAY,NEUTRAL,3,47,47,126,2,False,False,True
217.99351501464844,REPLAY,NEUTRAL,3,47,47,126,3,False,False,True
218.09384155273438,REPLAY,NEUTRAL,3,47,47,126,3,False,False,True
218.1941680908203,REPLAY,NEUTRAL,3,47,47,126,3,False,False,True
218.29449462890625,REPLAY,LEFT,3,47,47,126,3,False,False,True
218.3948211669922,REPLAY,LEFT,3,47,47,126,3,False,False,True
218.49514770507812,REPLAY,NEUTRAL,3,47,47,126,3,False,False,True
218.59547424316406,REPLAY,NEUTRAL,3,47,47,126,3,False,False,True
218.69580078125,REPLAY,NEUTRAL,3,47,47,126,3,False,False,True
218.7921142578125,REPLAY,NEUTRAL,3,47,47,126,3,False,False,True
218.89244079589844,REPLAY,NEUTRAL,3,47,47,127,2,False,False,True
218.99276733398438,REPLAY,NEUTRAL,3,47,47,127,2,False,False,True
219.0930938720703,REPLAY,NEUTRAL,3,47,47,127,3,False,False,True
219.19342041015625,REPLAY,NEUTRAL,3,47,47,127,3,False,False,True
219.2937469482422,REPLAY,NEUTRAL,3,47,47,127,3,False,False,True
219.39407348632812,REPLAY,NEUTRAL,3,47,47,127,3,False,False,True
219.49440002441406,REPLAY,NEUTRAL,3,47,47,127,3,False,False,True
219.5947265625,REPLAY,NEUTRAL,3,47,47,127,3,False,False,True
219.69505310058594,REPLAY,NEUTRAL,3,47,47,127,3,False,False,True
219.79537963867188,REPLAY,NEUTRAL,3,47,47,127,3,False,False,True
219.8957061767578,REPLAY,NEUTRAL,3,47,47,127,3,False,False,True
219.9920196533203,REPLAY,NEUTRAL,3,47,47,127,3,False,False,True
220.09234619140625,REPLAY,NEUTRAL,3,47,47,127,3,False,False,True
220.1926727294922,REPLAY,NEUTRAL,3,47,47,127,3,False,False,True
220.29299926757812,REPLAY,LEFT,3,47,47,127,3,False,False,True
220.39332580566406,REPLAY,LEFT,3,47,47,127,3,False,False,True
220.49365234375,REPLAY,LEFT,3,47,47,127,4,False,False,True
220.59397888183594,REPLAY,NEUTRAL,3,47,47,128,3,False,False,True
220.69430541992188,REPLAY,NEUTRAL,3,47,47,128,3,False,False,True
220.7946319580078,REPLAY,LEFT,3,47,47,128,3,False,False,True
220.89495849609375,REPLAY,LEFT,3,47,47,128,3,False,False,True
220.9952850341797,REPLAY,NEUTRAL,3,47,47,128,3,False,False,True
221.09561157226562,REPLAY,NEUTRAL,3,47,47,129,2,False,False,True
221.19593811035156,REPLAY,NEUTRAL,3,47,47,129,2,False,False,True
221.29225158691406,REPLAY,NEUTRAL,3,47,47,129,2,False,False,True
221.392578125,REPLAY,NEUTRAL,3,47,47,129,2,False,False,True
221.49290466308594,REPLAY,NEUTRAL,3,47,47,129,3,False,False,True
221.59323120117188,REPLAY,LEFT,3,47,47,129,3,False,False,True
221.6935577392578,REPLAY,LEFT,3,47,47,129,3,False,False,True
221.79388427734375,REPLAY,NEUTRAL,3,47,47,129,3,False,False,True
221.8942108154297,REPLAY,NEUTRAL,3,47,47,129,3,False,False,True
221.99453735351562,REPLAY,NEUTRAL,3,47,47,129,3,False,False,True
222.09486389160156,REPLAY,NEUTRAL,3,47,47,129,3,False,False,True
222.1951904296875,REPLAY,NEUTRAL,3,47,47,129,3,False,False,True
222.29551696777344,REPLAY,NEUTRAL,3,47,47,129,3,False,False,True
222.39584350585938,REPLAY,NEUTRAL,3,47,47,130,3,False,False,True
222.49215698242188,REPLAY,LEFT,3,47,47,130,3,False,False,True
222.5924835205078,REPLAY,NEUTRAL,3,47,47,130,3,False,False,True
222.69281005859375,REPLAY,NEUTRAL,3,47,47,130,3,False,False,True
222.7931365966797,REPLAY,NEUTRAL,3,47,47,130,3,False,False,True
222.89346313476562,REPLAY,NEUTRAL,3,47,47,130,3,False,False,True
222.99378967285156,REPLAY,NEUTRAL,3,47,47,130,3,False,False,True
223.0941162109375,REPLAY,NEUTRAL,3,47,47,130,3,False,False,True
223.19444274902344,REPLAY,NEUTRAL,3,47,47,130,3,False,False,True
223.29476928710938,REPLAY,NEUTRAL,3,47,47,130,4,False,False,True
223.3950958251953,REPLAY,NEUTRAL,3,47,47,130,4,False,False,True
223.49542236328125,REPLAY,NEUTRAL,3,47,47,130,4,False,False,True
223.5957489013672,REPLAY,NEUTRAL,3,47,47,130,4,False,False,True
223.6920623779297,REPLAY,NEUTRAL,3,47,47,130,4,False,False,True
223.79238891601562,REPLAY,NEUTRAL,3,47,47,131,3,False,False,True
223.89271545410156,REPLAY,NEUTRAL,3,47,47,131,3,False,False,True
223.9930419921875,REPLAY,NEUTRAL,3,47,47,131,3,False,False,True
224.09336853027344,REPLAY,NEUTRAL,3,47,47,131,3,False,False,True
224.19369506835938,REPLAY,NEUTRAL,3,47,47,131,3,False,False,True
224.2940216064453,REPLAY,LEFT,3,47,47,131,3,False,False,True
224.39434814453125,REPLAY,NEUTRAL,3,47,47,131,3,False,False,True
224.4946746826172,REPLAY,NEUTRAL,3,47,47,131,3,False,False,True
224.59500122070312,REPLAY,NEUTRAL,3,47,47,131,3,False,False,True
224.69532775878906,REPLAY,NEUTRAL,3,47,47,131,3,False,False,True
224.795654296875,REPLAY,NEUTRAL,3,47,47,131,3,False,False,True
224.89598083496094,REPLAY,NEUTRAL,3,47,47,131,4,False,False,True
224.99229431152344,REPLAY,NEUTRAL,3,47,47,132,3,False,False,True
225.09262084960938,REPLAY,NEUTRAL,3,47,47,132,3,False,False,True
225.1929473876953,REPLAY,NEUTRAL,3,47,47,132,3,False,False,True
225.29327392578125,REPLAY,NEUTRAL,3,47,47,132,3,False,False,True
225.3936004638672,REPLAY,NEUTRAL,3,47,47,132,3,False,False,True
225.49392700195312,REPLAY,RIGHT,3,47,47,133,2,False,False,True
225.59425354003906,REPLAY,RIGHT,3,47,47,133,2,False,False,True
225.694580078125,REPLAY,NEUTRAL,3,47,47,133,2,False,False,True
225.79490661621094,REPLAY,NEUTRAL,3,47,47,133,2,False,False,True
225.89523315429688,REPLAY,NEUTRAL,3,47,47,133,2,False,False,True
225.9955596923828,REPLAY,NEUTRAL,3,47,47,133,2,False,False,True
226.09588623046875,REPLAY,NEUTRAL,3,47,47,133,2,False,False,True
226.19219970703125,REPLAY,LEFT,3,47,47,133,2,False,False,True
226.2925262451172,REPLAY,LEFT,3,47,47,133,2,False,False,True
226.39285278320312,REPLAY,LEFT,3,47,47,134,2,False,False,True
226.49317932128906,REPLAY,NEUTRAL,3,47,47,134,2,False,False,True
226.593505859375,REPLAY,LEFT,3,47,47,134,2,False,False,True
226.69383239746094,REPLAY,LEFT,3,47,47,134,2,False,False,True
226.79415893554688,REPLAY,LEFT,3,47,47,134,2,False,False,True
226.8944854736328,REPLAY,NEUTRAL,3,47,47,134,2,False,False,True
226.99481201171875,REPLAY,NEUTRAL,3,47,47,134,2,False,False,True
227.0951385498047,REPLAY,NEUTRAL,3,47,47,134,2,False,False,True
227.19546508789062,REPLAY,NEUTRAL,3,47,47,134,3,False,False,True
227.29579162597656,REPLAY,NEUTRAL,3,47,47,134,3,False,False,True
227.39210510253906,REPLAY,NEUTRAL,3,47,47,134,3,False,False,True
227.492431640625,REPLAY,LEFT,3,47,47,134,3,False,False,True
227.59275817871094,REPLAY,LEFT,3,47,47,134,3,False,False,True
227.69308471679688,REPLAY,NEUTRAL,3,47,47,134,3,False,False,True
227.7934112548828,REPLAY,NEUTRAL,3,47,47,135,2,False,False,True
227.89373779296875,REPLAY,NEUTRAL,3,47,47,135,2,False,False,True
227.9940643310547,REPLAY,NEUTRAL,3,47,47,135,3,False,False,True
228.09439086914062,REPLAY,NEUTRAL,3,47,47,135,3,False,False,True
228.19471740722656,REPLAY,NEUTRAL,3,47,47,135,3,False,False,True
228.2950439453125,REPLAY,LEFT,3,47,47,135,3,False,False,True
228.39537048339844,REPLAY,LEFT,3,47,47,135,3,False,False,True
228.49569702148438,REPLAY,NEUTRAL,3,47,47,135,3,False,False,True
228.59201049804688,REPLAY,NEUTRAL,3,47,47,135,3,False,False,True
228.6923370361328,REPLAY,NEUTRAL,3,47,47,135,3,False,False,True
228.79266357421875,REPLAY,NEUTRAL,3,47,47,135,3,False,False,True
228.8929901123047,REPLAY,LEFT,3,47,47,135,3,False,False,True
228.99331665039062,REPLAY,LEFT,3,47,47,135,3,False,False,True
229.09364318847656,REPLAY,LEFT,3,47,47,135,3,False,False,True
229.1939697265625,REPLAY,NEUTRAL,3,47,47,135,3,False,False,True
229.29429626464844,REPLAY,NEUTRAL,3,47,47,135,3,False,False,True
229.39462280273438,REPLAY,NEUTRAL,3,47,47,135,4,False,False,True
229.4949493408203,REPLAY,NEUTRAL,3,47,47,135,4,False,False,True
229.59527587890625,REPLAY,NEUTRAL,3,47,47,135,4,False,False,True
229.6956024169922,REPLAY,NEUTRAL,3,47,47,135,4,False,False,True
229.79592895507812,REPLAY,LEFT,3,47,47,135,4,False,False,True
229.89224243164062,REPLAY,LEFT,3,47,47,136,3,False,False,True
229.99256896972656,REPLAY,LEFT,3,47,47,136,3,False,False,True
230.0928955078125,REPLAY,NEUTRAL,3,47,47,136,3,False,False,True
230.19322204589844,REPLAY,LEFT,3,47,47,136,3,False,False,True
230.29354858398438,REPLAY,NEUTRAL,3,47,47,136,3,False,False,True
230.3938751220703,REPLAY,NEUTRAL,3,47,47,136,4,False,False,True
230.49420166015625,REPLAY,NEUTRAL,3,47,47,136,4,False,False,True
230.5945281982422,REPLAY,NEUTRAL,3,47,47,136,4,False,False,True
230.69485473632812,REPLAY,NEUTRAL,3,47,47,136,4,False,False,True
230.79518127441406,REPLAY,NEUTRAL,3,47,47,137,3,False,False,True
230.8955078125,REPLAY,NEUTRAL,3,47,47,137,3,False,False,True
230.99583435058594,REPLAY,NEUTRAL,3,47,47,137,3,False,False,True
231.09214782714844,REPLAY,LEFT,3,47,47,138,2,False,False,True
231.19247436523438,REPLAY,LEFT,3,47,47,138,3,False,False,True
231.2928009033203,REPLAY,NEUTRAL,3,47,47,138,3,False,False,True
231.39312744140625,REPLAY,NEUTRAL,3,47,47,138,3,False,False,True
231.4934539794922,REPLAY,NEUTRAL,3,47,47,138,3,False,False,True
231.59378051757812,REPLAY,NEUTRAL,3,47,47,138,3,False,False,True
231.69410705566406,REPLAY,NEUTRAL,3,47,47,138,3,False,False,True
231.79443359375,REPLAY,NEUTRAL,3,47,47,138,3,False,False,True
231.89476013183594,REPLAY,NEUTRAL,3,47,47,138,3,False,False,True
231.99508666992188,REPLAY,NEUTRAL,3,47,47,138,4,False,False,True
232.0954132080078,REPLAY,NEUTRAL,3,47,47,138,4,False,False,True
232.19573974609375,REPLAY,NEUTRAL,3,47,47,138,4,False,False,True
232.29205322265625,REPLAY,NEUTRAL,3,47,47,138,4,False,False,True
232.3923797607422,REPLAY,LEFT,3,47,47,138,4,False,False,True
232.49270629882812,REPLAY,LEFT,3,47,47,138,4,False,False,True
232.59303283691406,REPLAY,NEUTRAL,3,47,47,138,4,False,False,True
232.693359375,REPLAY,NEUTRAL,3,48,48,138,3,False,False,True
232.79368591308594,REPLAY,NEUTRAL,3,48,48,138,4,False,False,True
232.89401245117188,REPLAY,NEUTRAL,3,48,48,138,4,False,False,True
232.9943389892578,REPLAY,NEUTRAL,3,48,48,138,4,False,False,True
233.09466552734375,REPLAY,NEUTRAL,3,48,48,138,4,False,False,True
233.1949920654297,REPLAY,NEUTRAL,3,48,48,138,4,False,False,True
233.29531860351562,REPLAY,NEUTRAL,3,48,48,138,4,False,False,True
233.39564514160156,REPLAY,NEUTRAL,3,48,48,138,4,False,False,True
233.4959716796875,REPLAY,NEUTRAL,3,48,48,138,4,False,False,True
233.59228515625,REPLAY,NEUTRAL,3,48,48,138,4,False,False,True
233.69261169433594,REPLAY,NEUTRAL,3,48,48,138,4,False,False,True
233.79293823242188,REPLAY,NEUTRAL,3,48,48,138,5,False,False,True
233.8932647705078,REPLAY,NEUTRAL,3,48,48,139,4,False,False,True
233.99359130859375,REPLAY,NEUTRAL,3,48,48,139,4,False,False,True
234.0939178466797,REPLAY,NEUTRAL,3,48,48,139,4,False,False,True
234.19424438476562,REPLAY,LEFT,3,48,48,139,4,False,False,True
234.29457092285156,REPLAY,LEFT,3,48,48,139,4,False,False,True
234.3948974609375,REPLAY,NEUTRAL,3,49,49,139,3,False,False,True
234.49522399902344,REPLAY,NEUTRAL,3,49,49,139,3,False,False,True
234.59555053710938,REPLAY,NEUTRAL,3,49,49,139,3,False,False,True
234.6958770751953,REPLAY,NEUTRAL,3,49,49,139,3,False,False,True
234.7921905517578,REPLAY,NEUTRAL,3,49,49,139,3,False,False,True
234.89251708984375,REPLAY,NEUTRAL,3,49,49,139,3,False,False,True
234.9928436279297,REPLAY,LEFT,3,49,49,139,4,False,False,True
235.09317016601562,REPLAY,LEFT,3,49,49,139,4,False,False,True
235.19349670410156,REPLAY,NEUTRAL,3,49,49,140,3,False,False,True
235.2938232421875,REPLAY,NEUTRAL,3,49,49,140,3,False,False,True
235.39414978027344,REPLAY,NEUTRAL,3,49,49,140,3,False,False,True
235.49447631835938,REPLAY,NEUTRAL,3,49,49,140,3,False,False,True
235.5948028564453,REPLAY,NEUTRAL,3,49,49,140,3,False,False,True
235.69512939453125,REPLAY,NEUTRAL,3,50,50,140,2,False,False,True
235.7954559326172,REPLAY,NEUTRAL,3,50,50,140,2,False,False,True
235.89578247070312,REPLAY,NEUTRAL,3,50,50,140,2,False,False,True
235.99209594726562,REPLAY,NEUTRAL,3,50,50,140,2,False,False,True
236.09242248535156,REPLAY,NEUTRAL,3,50,50,140,2,False,False,True
236.1927490234375,REPLAY,NEUTRAL,3,50,50,140,3,False,False,True
236.29307556152344,REPLAY,NEUTRAL,3,50,50,140,3,False,False,True
236.39340209960938,REPLAY,NEUTRAL,3,50,50,140,3,False,False,True
236.4937286376953,REPLAY,NEUTRAL,3,50,50,140,3,False,False,True
236.59405517578125,REPLAY,NEUTRAL,3,50,50,140,3,False,False,True
236.6943817138672,REPLAY,NEUTRAL,3,50,50,140,3,False,False,True
236.79470825195312,REPLAY,NEUTRAL,3,50,50,140,3,False,False,True
236.89503479003906,REPLAY,NEUTRAL,3,50,50,140,3,False,False,True
236.995361328125,REPLAY,LEFT,3,50,50,141,2,False,False,True
237.09568786621094,REPLAY,LEFT,3,50,50,141,2,False,False,True
237.19200134277344,REPLAY,LEFT,3,50,50,141,2,False,False,True
237.29232788085938,REPLAY,LEFT,3,50,50,141,2,False,False,True
237.3926544189453,REPLAY,NEUTRAL,3,50,50,141,2,False,False,True
237.49298095703125,REPLAY,NEUTRAL,3,50,50,141,3,False,False,True
237.5933074951172,REPLAY,LEFT,3,50,50,141,3,False,False,True
237.69363403320312,REPLAY,LEFT,3,50,50,141,3,False,False,True
237.79396057128906,REPLAY,LEFT,3,50,50,141,3,False,False,True
237.894287109375,REPLAY,NEUTRAL,3,50,50,141,3,False,False,True
237.99461364746094,REPLAY,NEUTRAL,3,50,50,141,3,False,False,True
238.09494018554688,REPLAY,NEUTRAL,3,50,50,141,3,False,False,True
238.1952667236328,REPLAY,NEUTRAL,3,50,50,141,3,False,False,True
238.29559326171875,REPLAY,NEUTRAL,3,50,50,141,3,False,False,True
238.3959197998047,REPLAY,NEUTRAL,3,50,50,141,3,False,False,True
238.4922332763672,REPLAY,NEUTRAL,3,50,50,142,2,False,False,True
238.59255981445312,REPLAY,NEUTRAL,3,50,50,142,2,False,False,True
238.69288635253906,REPLAY,NEUTRAL,3,50,50,142,2,False,False,True
238.793212890625,REPLAY,RIGHT,3,50,50,142,3,False,False,True
238.89353942871094,REPLAY,NEUTRAL,3,50,50,142,3,False,False,True
238.99386596679688,REPLAY,NEUTRAL,3,50,50,142,3,False,False,True
239.0941925048828,REPLAY,NEUTRAL,3,50,50,142,3,False,False,True
239.19451904296875,REPLAY,NEUTRAL,3,50,50,142,3,False,False,True
239.2948455810547,REPLAY,NEUTRAL,3,51,51,142,2,False,False,True
239.39517211914062,REPLAY,NEUTRAL,3,51,51,142,2,False,False,True
239.49549865722656,REPLAY,NEUTRAL,3,51,51,142,2,False,False,True
239.5958251953125,REPLAY,NEUTRAL,3,51,51,142,2,False,False,True
239.692138671875,REPLAY,NEUTRAL,3,51,51,142,3,False,False,True
239.79246520996094,REPLAY,NEUTRAL,3,51,51,142,3,False,False,True
239.89279174804688,REPLAY,NEUTRAL,3,51,51,142,3,False,False,True
239.9931182861328,REPLAY,NEUTRAL,3,51,51,142,3,False,False,True
240.09344482421875,REPLAY,NEUTRAL,3,51,51,142,3,False,False,True
240.1937713623047,REPLAY,NEUTRAL,3,51,51,142,3,False,False,True
240.29409790039062,REPLAY,NEUTRAL,3,51,51,142,3,False,False,True
240.39442443847656,REPLAY,NEUTRAL,3,51,51,142,3,False,False,True
240.4947509765625,REPLAY,LEFT,3,51,51,142,3,False,False,True
240.59507751464844,REPLAY,NEUTRAL,3,51,51,142,3,False,False,True
240.69540405273438,REPLAY,NEUTRAL,3,51,51,143,2,False,False,True
240.7957305908203,REPLAY,NEUTRAL,3,51,51,143,2,False,False,True
240.8920440673828,REPLAY,NEUTRAL,3,51,51,143,2,False,False,True
240.99237060546875,REPLAY,NEUTRAL,3,51,51,143,3,False,False,True
241.0926971435547,REPLAY,NEUTRAL,3,51,51,143,3,False,False,True
241.19302368164062,REPLAY,NEUTRAL,3,51,51,143,3,False,False,True
241.29335021972656,REPLAY,LEFT,3,51,51,143,3,False,False,True
241.3936767578125,REPLAY,NEUTRAL,3,51,51,143,3,False,False,True
241.49400329589844,REPLAY,NEUTRAL,3,51,51,143,3,False,False,True
241.59432983398438,REPLAY,NEUTRAL,3,51,51,143,3,False,False,True
241.6946563720703,REPLAY,NEUTRAL,3,51,51,143,3,False,False,True
241.79498291015625,REPLAY,NEUTRAL,3,51,51,143,3,False,False,True
241.8953094482422,REPLAY,LEFT,3,51,51,143,3,False,False,True
241.99563598632812,REPLAY,LEFT,3,51,51,143,3,False,False,True
242.09596252441406,REPLAY,LEFT,3,51,51,143,3,False,False,True
242.19227600097656,REPLAY,LEFT,3,51,51,143,4,False,False,True
242.2926025390625,REPLAY,NEUTRAL,3,51,51,144,3,False,False,True
242.39292907714844,REPLAY,NEUTRAL,3,51,51,144,3,False,False,True
242.49325561523438,REPLAY,NEUTRAL,3,51,51,144,3,False,False,True
242.5935821533203,REPLAY,NEUTRAL,3,51,51,144,3,False,False,True
242.69390869140625,REPLAY,NEUTRAL,3,51,51,144,3,False,False,True
242.7942352294922,REPLAY,LEFT,3,51,51,144,3,False,False,True
242.89456176757812,REPLAY,LEFT,3,51,51,144,3,False,False,True
242.99488830566406,REPLAY,LEFT,3,51,51,144,3,False,False,True
243.09521484375,REPLAY,LEFT,3,51,51,145,2,False,False,True
243.19554138183594,REPLAY,NEUTRAL,3,51,51,145,3,False,False,True
243.29586791992188,REPLAY,NEUTRAL,3,51,51,145,3,False,False,True
243.39218139648438,REPLAY,NEUTRAL,3,51,51,145,3,False,False,True
243.4925079345703,REPLAY,NEUTRAL,3,51,51,145,3,False,False,True
243.59283447265625,REPLAY,NEUTRAL,3,51,51,145,3,False,False,True
243.6931610107422,REPLAY,RIGHT,3,51,51,145,3,False,False,True
243.79348754882812,REPLAY,NEUTRAL,3,51,51,145,3,False,False,True
243.89381408691406,REPLAY,NEUTRAL,3,52,52,145,2,False,False,True
243.994140625,REPLAY,NEUTRAL,3,52,52,145,2,False,False,True
244.09446716308594,REPLAY,NEUTRAL,3,52,52,145,2,False,False,True
244.19479370117188,REPLAY,NEUTRAL,3,52,52,145,2,False,False,True
244.2951202392578,REPLAY,NEUTRAL,3,52,52,145,2,False,False,True
244.39544677734375,REPLAY,NEUTRAL,3,52,52,145,2,False,False,True
244.4957733154297,REPLAY,NEUTRAL,3,52,52,145,2,False,False,True
244.5920867919922,REPLAY,NEUTRAL,3,52,52,145,2,False,False,True
244.69241333007812,REPLAY,NEUTRAL,3,52,52,145,2,False,False,True
244.79273986816406,REPLAY,LEFT,3,52,52,145,3,False,False,True
244.89306640625,REPLAY,NEUTRAL,3,52,52,145,3,False,False,True
244.99339294433594,REPLAY,NEUTRAL,3,52,52,145,3,False,False,True
245.09371948242188,REPLAY,NEUTRAL,3,52,52,145,3,False,False,True
245.1940460205078,REPLAY,RIGHT,3,52,52,145,3,False,False,True
245.29437255859375,REPLAY,RIGHT,3,52,52,145,3,False,False,True
245.3946990966797,REPLAY,NEUTRAL,3,52,52,145,3,False,False,True
245.49502563476562,REPLAY,NEUTRAL,3,52,52,145,3,False,False,True
245.59535217285156,REPLAY,NEUTRAL,3,52,52,146,2,False,False,True
245.6956787109375,REPLAY,NEUTRAL,3,52,52,146,2,False,False,True
245.7919921875,REPLAY,NEUTRAL,3,52,52,146,2,False,False,True
245.89231872558594,REPLAY,NEUTRAL,3,52,52,146,2,False,False,True
245.99264526367188,REPLAY,NEUTRAL,3,52,52,146,2,False,False,True
246.0929718017578,REPLAY,NEUTRAL,3,52,52,146,2,False,False,True
246.19329833984375,REPLAY,RIGHT,3,52,52,146,2,False,False,True
246.2936248779297,REPLAY,RIGHT,3,52,52,147,2,False,False,True
246.39395141601562,REPLAY,RIGHT,3,52,52,147,2,False,False,True
246.49427795410156,REPLAY,NEUTRAL,3,52,52,147,2,False,False,True
246.5946044921875,REPLAY,NEUTRAL,3,52,52,147,2,False,False,True
246.69493103027344,REPLAY,NEUTRAL,3,52,52,147,2,False,False,True
246.79525756835938,REPLAY,NEUTRAL,3,52,52,147,2,False,False,True
246.8955841064453,REPLAY,NEUTRAL,3,52,52,147,2,False,False,True
246.99591064453125,REPLAY,NEUTRAL,3,52,52,147,2,False,False,True
247.09222412109375,REPLAY,NEUTRAL,3,52,52,147,2,False,False,True
247.1925506591797,REPLAY,NEUTRAL,3,52,52,147,2,False,False,True
247.29287719726562,REPLAY,NEUTRAL,3,52,52,147,2,False,False,True
247.39320373535156,REPLAY,NEUTRAL,3,52,52,147,2,False,False,True
247.4935302734375,REPLAY,NEUTRAL,3,52,52,147,2,False,False,True
247.59385681152344,REPLAY,NEUTRAL,3,52,52,147,3,False,False,True
247.69418334960938,REPLAY,NEUTRAL,3,52,52,147,3,False,False,True
247.7945098876953,REPLAY,NEUTRAL,3,52,52,147,3,False,False,True
247.89483642578125,REPLAY,NEUTRAL,3,52,52,147,3,False,False,True
247.9951629638672,REPLAY,LEFT,3,52,52,148,2,False,False,True
248.09548950195312,REPLAY,NEUTRAL,3,52,52,148,2,False,False,True
248.19581604003906,REPLAY,NEUTRAL,3,52,52,148,2,False,False,True
248.29212951660156,REPLAY,NEUTRAL,3,52,52,148,2,False,False,True
248.3924560546875,REPLAY,NEUTRAL,3,52,52,148,3,False,False,True
248.49278259277344,REPLAY,NEUTRAL,3,52,52,148,3,False,False,True
248.59310913085938,REPLAY,NEUTRAL,3,52,52,148,3,False,False,True
248.6934356689453,REPLAY,NEUTRAL,3,52,52,148,3,False,False,True
248.79376220703125,REPLAY,NEUTRAL,3,52,52,148,3,False,False,True
248.8940887451172,REPLAY,NEUTRAL,3,52,52,148,3,False,False,True
248.99441528320312,REPLAY,NEUTRAL,3,52,52,148,3,False,False,True
249.09474182128906,REPLAY,NEUTRAL,3,52,52,148,3,False,False,True
249.195068359375,REPLAY,NEUTRAL,3,52,52,148,3,False,False,True
249.29539489746094,REPLAY,NEUTRAL,3,52,52,148,3,False,False,True
249.39572143554688,REPLAY,NEUTRAL,3,52,52,148,3,False,False,True
249.49203491210938,REPLAY,NEUTRAL,3,52,52,149,2,False,False,True
249.5923614501953,REPLAY,NEUTRAL,3,52,52,149,2,False,False,True
249.69268798828125,REPLAY,NEUTRAL,3,52,52,149,3,False,False,True
249.7930145263672,REPLAY,NEUTRAL,3,52,52,149,3,False,False,True
249.89334106445312,REPLAY,LEFT,3,52,52,149,3,False,False,True
249.99366760253906,REPLAY,LEFT,3,52,52,149,3,False,False,True
250.093994140625,REPLAY,NEUTRAL,3,52,52,149,3,False,False,True
250.19432067871094,REPLAY,NEUTRAL,3,52,52,149,3,False,False,True
250.29464721679688,REPLAY,NEUTRAL,3,52,52,149,3,False,False,True
250.3949737548828,REPLAY,NEUTRAL,3,52,52,149,3,False,False,True
250.49530029296875,REPLAY,NEUTRAL,3,52,52,149,3,False,False,True
250.5956268310547,REPLAY,NEUTRAL,3,52,52,149,3,False,False,True
250.69595336914062,REPLAY,NEUTRAL,3,52,52,149,4,False,False,True
250.79226684570312,REPLAY,RIGHT,3,52,52,149,4,False,False,True
250.89259338378906,REPLAY,RIGHT,3,52,52,149,4,False,False,True
250.992919921875,REPLAY,NEUTRAL,3,52,52,149,4,False,False,True
251.09324645996094,REPLAY,NEUTRAL,3,52,52,150,3,False,False,True
251.19357299804688,REPLAY,NEUTRAL,3,52,52,150,3,False,False,True
251.2938995361328,REPLAY,RIGHT,3,52,52,150,3,False,False,True
251.39422607421875,REPLAY,NEUTRAL,3,52,52,150,3,False,False,True
251.4945526123047,REPLAY,NEUTRAL,3,52,52,151,2,False,False,True
251.59487915039062,REPLAY,RIGHT,3,52,52,151,2,False,False,True
251.69520568847656,REPLAY,RIGHT,3,52,52,151,2,False,False,True
251.7955322265625,REPLAY,NEUTRAL,3,52,52,151,2,False,False,True
251.89585876464844,REPLAY,NEUTRAL,3,52,52,151,3,False,False,True
251.99217224121094,REPLAY,NEUTRAL,3,52,52,151,3,False,False,True
252.09249877929688,REPLAY,NEUTRAL,3,52,52,151,3,False,False,True
252.1928253173828,REPLAY,NEUTRAL,3,52,52,151,3,False,False,True
252.29315185546875,REPLAY,NEUTRAL,3,52,52,151,3,False,False,True
252.3934783935547,REPLAY,NEUTRAL,3,52,52,151,3,False,False,True
252.49380493164062,REPLAY,NEUTRAL,3,52,52,151,3,False,False,True
252.59413146972656,REPLAY,NEUTRAL,3,52,52,151,3,False,False,True
252.6944580078125,REPLAY,NEUTRAL,3,52,52,151,3,False,False,True
252.79478454589844,REPLAY,NEUTRAL,3,52,52,151,3,False,False,True
252.89511108398438,REPLAY,NEUTRAL,3,52,52,151,3,False,False,True
252.9954376220703,REPLAY,LEFT,3,52,52,152,2,False,False,True
253.09576416015625,REPLAY,LEFT,3,52,52,152,3,False,False,True
253.19207763671875,REPLAY,LEFT,3,52,52,152,3,False,False,True
253.2924041748047,REPLAY,NEUTRAL,3,52,52,152,3,False,False,True
253.39273071289062,REPLAY,NEUTRAL,3,52,52,152,3,False,False,True
253.49305725097656,REPLAY,NEUTRAL,3,52,52,152,3,False,False,True
253.5933837890625,REPLAY,NEUTRAL,3,52,52,152,3,False,False,True
253.69371032714844,REPLAY,NEUTRAL,3,52,52,152,3,False,False,True
253.79403686523438,REPLAY,NEUTRAL,3,52,52,152,3,False,False,True
253.8943634033203,REPLAY,NEUTRAL,3,52,52,153,2,False,False,True
253.99468994140625,REPLAY,NEUTRAL,3,52,52,153,3,False,False,True
254.0950164794922,REPLAY,NEUTRAL,3,52,52,153,3,False,False,True
254.19534301757812,REPLAY,NEUTRAL,3,52,52,153,3,False,False,True
254.29566955566406,REPLAY,NEUTRAL,3,52,52,153,3,False,False,True
254.39198303222656,REPLAY,NEUTRAL,3,52,52,153,3,False,False,True
254.4923095703125,REPLAY,NEUTRAL,3,52,52,153,3,False,False,True
254.59263610839844,REPLAY,NEUTRAL,3,52,52,153,3,False,False,True
254.69296264648438,REPLAY,NEUTRAL,3,52,52,153,3,False,False,True
254.7932891845703,REPLAY,NEUTRAL,3,52,52,153,3,False,False,True
254.89361572265625,REPLAY,NEUTRAL,3,52,52,153,3,False,False,True
254.9939422607422,REPLAY,NEUTRAL,3,52,52,153,3,False,False,True
255.09426879882812,REPLAY,NEUTRAL,3,52,52,153,3,False,False,True
255.19459533691406,REPLAY,NEUTRAL,3,53,53,153,2,False,False,True
255.294921875,REPLAY,NEUTRAL,3,53,53,153,2,False,False,True
255.39524841308594,REPLAY,NEUTRAL,3,53,53,153,2,False,False,True
255.49557495117188,REPLAY,NEUTRAL,3,53,53,153,2,False,False,True
255.5959014892578,REPLAY,NEUTRAL,3,53,53,153,3,False,False,True
255.6922149658203,REPLAY,NEUTRAL,3,53,53,153,3,False,False,True
255.79254150390625,REPLAY,NEUTRAL,3,53,53,153,3,False,False,True
255.8928680419922,REPLAY,NEUTRAL,3,53,53,153,3,False,False,True
255.99319458007812,REPLAY,NEUTRAL,3,53,53,153,3,False,False,True
256.09352111816406,REPLAY,NEUTRAL,3,53,53,153,3,False,False,True
256.19384765625,REPLAY,NEUTRAL,3,53,53,153,3,False,False,True
256.29417419433594,REPLAY,NEUTRAL,3,53,53,153,3,False,False,True
256.3945007324219,REPLAY,NEUTRAL,3,53,53,153,3,False,False,True
256.4948272705078,REPLAY,LEFT,3,53,53,153,3,False,False,True
256.59515380859375,REPLAY,LEFT,3,53,53,153,3,False,False,True
256.6954803466797,REPLAY,LEFT,3,53,53,154,2,False,False,True
256.7958068847656,REPLAY,NEUTRAL,3,53,53,154,2,False,False,True
256.8921203613281,REPLAY,NEUTRAL,3,53,53,154,3,False,False,True
256.99244689941406,REPLAY,NEUTRAL,3,53,53,154,3,False,False,True
257.0927734375,REPLAY,NEUTRAL,3,53,53,154,3,False,False,True
257.19309997558594,REPLAY,NEUTRAL,3,53,53,155,2,False,False,True
257.2934265136719,REPLAY,NEUTRAL,3,53,53,155,2,False,False,True
257.3937530517578,REPLAY,NEUTRAL,3,53,53,155,2,False,False,True
257.49407958984375,REPLAY,NEUTRAL,3,53,53,155,2,False,False,True
257.5944061279297,REPLAY,NEUTRAL,3,53,53,155,2,False,False,True
257.6947326660156,REPLAY,NEUTRAL,3,53,53,155,2,False,False,True
257.79505920410156,REPLAY,NEUTRAL,3,53,53,155,2,False,False,True
257.8953857421875,REPLAY,NEUTRAL,3,53,53,155,2,False,False,True
257.99571228027344,REPLAY,NEUTRAL,3,53,53,155,2,False,False,True
258.09202575683594,REPLAY,RIGHT,3,53,53,155,2,False,False,True
258.1923522949219,REPLAY,RIGHT,3,53,53,155,3,False,False,True
258.2926788330078,REPLAY,NEUTRAL,3,53,53,155,3,False,False,True
258.39300537109375,REPLAY,NEUTRAL,3,53,53,155,3,False,False,True
258.4933319091797,REPLAY,NEUTRAL,3,53,53,155,3,False,False,True
258.5936584472656,REPLAY,NEUTRAL,3,53,53,156,2,False,False,True
258.69398498535156,REPLAY,NEUTRAL,3,53,53,156,2,False,False,True
258.7943115234375,REPLAY,NEUTRAL,3,53,53,156,2,False,False,True
258.89463806152344,REPLAY,NEUTRAL,3,53,53,156,2,False,False,True
258.9949645996094,REPLAY,NEUTRAL,3,53,53,156,2,False,False,True
259.0952911376953,REPLAY,NEUTRAL,3,53,53,156,2,False,False,True
259.19561767578125,REPLAY,NEUTRAL,3,53,53,156,2,False,False,True
259.2959442138672,REPLAY,NEUTRAL,3,53,53,156,2,False,False,True
259.3922576904297,REPLAY,NEUTRAL,3,53,53,156,3,False,False,True
259.4925842285156,REPLAY,LEFT,3,53,53,156,3,False,False,True
259.59291076660156,REPLAY,LEFT,3,53,53,156,3,False,False,True
259.6932373046875,REPLAY,NEUTRAL,3,53,53,156,3,False,False,True
259.79356384277344,REPLAY,NEUTRAL,3,53,53,156,3,False,False,True
259.8938903808594,REPLAY,NEUTRAL,3,53,53,156,3,False,False,True
259.9942169189453,REPLAY,NEUTRAL,3,53,53,156,3,False,False,True
260.09454345703125,REPLAY,NEUTRAL,3,53,53,156,3,False,False,True
260.1948699951172,REPLAY,NEUTRAL,3,53,53,157,2,False,False,True
260.2951965332031,REPLAY,NEUTRAL,3,53,53,157,2,False,False,True
260.39552307128906,REPLAY,NEUTRAL,3,53,53,157,2,False,False,True
260.495849609375,REPLAY,NEUTRAL,3,53,53,157,3,False,False,True
260.5921630859375,REPLAY,NEUTRAL,3,53,53,157,3,False,False,True
260.69248962402344,REPLAY,NEUTRAL,3,53,53,157,3,False,False,True
260.7928161621094,REPLAY,NEUTRAL,3,53,53,157,3,False,False,True
260.8931427001953,REPLAY,NEUTRAL,3,53,53,157,3,False,False,True
260.99346923828125,REPLAY,NEUTRAL,3,53,53,157,3,False,False,True
261.0937957763672,REPLAY,NEUTRAL,3,53,53,158,2,False,False,True
261.1941223144531,REPLAY,NEUTRAL,3,53,53,158,2,False,False,True
261.29444885253906,REPLAY,NEUTRAL,3,53,53,158,2,False,False,True
261.394775390625,REPLAY,NEUTRAL,3,53,53,158,2,False,False,True
261.49510192871094,REPLAY,NEUTRAL,3,53,53,158,3,False,False,True
261.5954284667969,REPLAY,LEFT,3,53,53,158,3,False,False,True
261.6957550048828,REPLAY,NEUTRAL,3,53,53,158,3,False,False,True
261.7920684814453,REPLAY,NEUTRAL,3,53,53,158,3,False,False,True
261.89239501953125,REPLAY,NEUTRAL,3,53,53,158,3,False,False,True
261.9927215576172,REPLAY,NEUTRAL,3,53,53,158,3,False,False,True
262.0930480957031,REPLAY,NEUTRAL,3,53,53,158,3,False,False,True
262.19337463378906,REPLAY,NEUTRAL,3,53,53,158,3,False,False,True
262.293701171875,REPLAY,LEFT,3,53,53,158,3,False,False,True
262.39402770996094,REPLAY,LEFT,3,53,53,158,3,False,False,True
262.4943542480469,REPLAY,NEUTRAL,3,53,53,158,3,False,False,True
262.5946807861328,REPLAY,NEUTRAL,3,53,53,158,4,False,False,True
262.69500732421875,REPLAY,NEUTRAL,3,53,53,159,3,False,False,True
262.7953338623047,REPLAY,NEUTRAL,3,53,53,159,3,False,False,True
262.8956604003906,REPLAY,NEUTRAL,3,53,53,159,3,False,False,True
262.99598693847656,REPLAY,NEUTRAL,3,53,53,159,3,False,False,True
263.09230041503906,REPLAY,NEUTRAL,3,53,53,159,3,False,False,True
263.192626953125,REPLAY,LEFT,3,53,53,159,3,False,False,True
263.29295349121094,REPLAY,LEFT,3,53,53,159,3,False,False,True
263.3932800292969,REPLAY,LEFT,3,53,53,159,3,False,False,True
263.4936065673828,REPLAY,NEUTRAL,3,53,53,160,2,False,False,True
263.59393310546875,REPLAY,NEUTRAL,3,53,53,160,2,False,False,True
263.6942596435547,REPLAY,NEUTRAL,3,53,53,160,3,False,False,True
263.7945861816406,REPLAY,NEUTRAL,3,53,53,160,3,False,False,True
263.89491271972656,REPLAY,NEUTRAL,3,53,53,160,3,False,False,True
263.9952392578125,REPLAY,NEUTRAL,3,53,53,160,3,False,False,True
264.09556579589844,REPLAY,NEUTRAL,3,53,53,160,3,False,False,True
264.1958923339844,REPLAY,NEUTRAL,3,53,53,160,3,False,False,True
264.2922058105469,REPLAY,NEUTRAL,3,53,53,160,3,False,False,True
264.3925323486328,REPLAY,NEUTRAL,3,53,53,160,3,False,False,True
264.49285888671875,REPLAY,NEUTRAL,3,53,53,160,3,False,False,True
264.5931854248047,REPLAY,NEUTRAL,3,53,53,161,2,False,False,True
264.6935119628906,REPLAY,NEUTRAL,3,53,53,161,2,False,False,True
264.79383850097656,REPLAY,LEFT,3,53,53,161,2,False,False,True
264.8941650390625,REPLAY,NEUTRAL,3,53,53,161,3,False,False,True
264.99449157714844,REPLAY,NEUTRAL,3,53,53,161,3,False,False,True
265.0948181152344,REPLAY,NEUTRAL,3,53,53,161,3,False,False,True
265.1951446533203,REPLAY,NEUTRAL,3,53,53,161,3,False,False,True
265.29547119140625,REPLAY,NEUTRAL,3,53,53,161,3,False,False,True
265.3957977294922,REPLAY,NEUTRAL,3,53,53,161,3,False,False,True
265.4921112060547,REPLAY,NEUTRAL,3,53,53,161,3,False,False,True
265.5924377441406,REPLAY,NEUTRAL,3,53,53,161,3,False,False,True
265.69276428222656,REPLAY,NEUTRAL,3,53,53,161,3,False,False,True
265.7930908203125,REPLAY,NEUTRAL,3,53,53,161,3,False,False,True
265.89341735839844,REPLAY,NEUTRAL,3,53,53,162,2,False,False,True
265.9937438964844,REPLAY,NEUTRAL,3,53,53,162,2,False,False,True
266.0940704345703,REPLAY,NEUTRAL,3,53,53,162,3,False,False,True
266.19439697265625,REPLAY,NEUTRAL,3,53,53,162,3,False,False,True
266.2947235107422,REPLAY,NEUTRAL,3,53,53,162,3,False,False,True
266.3950500488281,REPLAY,NEUTRAL,3,53,53,162,3,False,False,True
266.49537658691406,REPLAY,NEUTRAL,3,53,53,162,3,False,False,True
266.595703125,REPLAY,NEUTRAL,3,53,53,162,3,False,False,True
266.6920166015625,REPLAY,NEUTRAL,3,53,53,162,3,False,False,True
266.79234313964844,REPLAY,NEUTRAL,3,53,53,162,3,False,False,True
266.8926696777344,REPLAY,NEUTRAL,3,53,53,162,3,False,False,True
266.9929962158203,REPLAY,NEUTRAL,3,53,53,163,2,False,False,True
267.09332275390625,REPLAY,NEUTRAL,3,53,53,163,2,False,False,True
267.1936492919922,REPLAY,NEUTRAL,3,53,53,163,2,False,False,True
267.2939758300781,REPLAY,NEUTRAL,3,53,53,163,2,False,False,True
267.39430236816406,REPLAY,NEUTRAL,3,53,53,163,3,False,False,True
267.49462890625,REPLAY,NEUTRAL,3,53,53,163,3,False,False,True
267.59495544433594,REPLAY,LEFT,3,53,53,163,3,False,False,True
267.6952819824219,REPLAY,LEFT,3,53,53,163,3,False,False,True
267.7956085205078,REPLAY,LEFT,3,53,53,163,3,False,False,True
267.89593505859375,REPLAY,NEUTRAL,3,53,53,164,2,False,False,True
267.99224853515625,REPLAY,NEUTRAL,3,53,53,164,2,False,False,True
268.0925750732422,REPLAY,NEUTRAL,3,53,53,164,2,False,False,True
268.1929016113281,REPLAY,NEUTRAL,3,53,53,164,2,False,False,True
268.29322814941406,REPLAY,NEUTRAL,3,53,53,164,3,False,False,True
268.3935546875,REPLAY,NEUTRAL,3,53,53,164,3,False,False,True
268.49388122558594,REPLAY,NEUTRAL,3,53,53,164,3,False,False,True
268.5942077636719,REPLAY,NEUTRAL,3,53,53,164,3,False,False,True
268.6945343017578,REPLAY,NEUTRAL,3,53,53,164,3,False,False,True
268.79486083984375,REPLAY,LEFT,3,53,53,164,3,False,False,True
268.8951873779297,REPLAY,LEFT,3,53,53,164,3,False,False,True
268.9955139160156,REPLAY,NEUTRAL,3,54,54,164,2,False,False,True
269.09584045410156,REPLAY,NEUTRAL,3,54,54,164,2,False,False,True
269.19215393066406,REPLAY,NEUTRAL,3,54,54,164,2,False,False,True
269.29248046875,REPLAY,NEUTRAL,3,54,54,164,2,False,False,True
269.39280700683594,REPLAY,NEUTRAL,3,54,54,164,2,False,False,True
269.4931335449219,REPLAY,NEUTRAL,3,54,54,164,2,False,False,True
269.5934600830078,REPLAY,NEUTRAL,3,54,54,164,2,False,False,True
269.69378662109375,REPLAY,NEUTRAL,3,54,54,164,3,False,False,True
269.7941131591797,REPLAY,NEUTRAL,3,54,54,164,3,False,False,True
269.8944396972656,REPLAY,NEUTRAL,3,54,54,164,3,False,False,True
269.99476623535156,REPLAY,NEUTRAL,3,54,54,164,3,False,False,True
270.0950927734375,REPLAY,NEUTRAL,3,54,54,164,3,False,False,True
270.19541931152344,REPLAY,NEUTRAL,3,55,55,164,2,False,False,True
270.2957458496094,REPLAY,LEFT,3,55,55,164,2,False,False,True
270.3920593261719,REPLAY,LEFT,3,55,55,164,2,False,False,True
270.4923858642578,REPLAY,LEFT,3,55,55,164,2,False,False,True
270.59271240234375,REPLAY,LEFT,3,55,55,164,2,False,False,True
270.6930389404297,REPLAY,NEUTRAL,3,55,55,164,2,False,False,True
270.7933654785156,REPLAY,NEUTRAL,3,55,55,164,2,False,False,True
270.89369201660156,REPLAY,LEFT,3,55,55,164,2,False,False,True
270.9940185546875,REPLAY,LEFT,3,55,55,164,3,False,False,True
271.09434509277344,REPLAY,NEUTRAL,3,55,55,164,3,False,False,True
271.1946716308594,REPLAY,NEUTRAL,3,55,55,164,3,False,False,True
271.2949981689453,REPLAY,NEUTRAL,3,55,55,164,3,False,False,True
271.39532470703125,REPLAY,NEUTRAL,3,55,55,164,3,False,False,True
271.4956512451172,REPLAY,NEUTRAL,3,55,55,164,3,False,False,True
271.5959777832031,REPLAY,NEUTRAL,3,55,55,165,2,False,False,True
271.6922912597656,REPLAY,NEUTRAL,3,55,55,165,3,False,False,True
271.79261779785156,REPLAY,NEUTRAL,3,55,55,165,3,False,False,True
271.8929443359375,REPLAY,NEUTRAL,3,55,55,165,3,False,False,True
271.99327087402344,REPLAY,NEUTRAL,3,55,55,165,3,False,False,True
272.0935974121094,REPLAY,NEUTRAL,3,55,55,165,3,False,False,True
272.1939239501953,REPLAY,NEUTRAL,3,55,55,165,3,False,False,True
272.29425048828125,REPLAY,NEUTRAL,3,56,56,165,2,False,False,True
272.3945770263672,REPLAY,NEUTRAL,3,56,56,165,2,False,False,True
272.4949035644531,REPLAY,NEUTRAL,3,56,56,165,2,False,False,True
272.59523010253906,REPLAY,NEUTRAL,3,56,56,165,2,False,False,True
272.695556640625,REPLAY,NEUTRAL,3,56,56,165,2,False,False,True
272.79588317871094,REPLAY,NEUTRAL,3,56,56,165,2,False,False,True
272.89219665527344,REPLAY,NEUTRAL,3,56,56,165,2,False,False,True
272.9925231933594,REPLAY,NEUTRAL,3,56,56,165,2,False,False,True
273.0928497314453,REPLAY,NEUTRAL,3,56,56,165,2,False,False,True
273.19317626953125,REPLAY,NEUTRAL,3,56,56,165,2,False,False,True
273.2935028076172,REPLAY,NEUTRAL,3,56,56,165,3,False,False,True
273.3938293457031,REPLAY,NEUTRAL,3,56,56,165,3,False,False,True
273.49415588378906,REPLAY,NEUTRAL,3,56,56,165,3,False,False,True
273.594482421875,REPLAY,NEUTRAL,3,56,56,165,3,False,False,True
273.69480895996094,REPLAY,NEUTRAL,3,56,56,165,3,False,False,True
273.7951354980469,REPLAY,NEUTRAL,3,56,56,165,3,False,False,True
273.8954620361328,REPLAY,NEUTRAL,3,56,56,165,3,False,False,True
273.99578857421875,REPLAY,NEUTRAL,3,56,56,165,3,False,False,True
274.09210205078125,REPLAY,NEUTRAL,3,56,56,165,3,False,False,True
274.1924285888672,REPLAY,LEFT,3,56,56,165,4,False,False,True
274.2927551269531,REPLAY,LEFT,3,56,56,165,4,False,False,True
274.39308166503906,REPLAY,LEFT,3,56,56,166,3,False,False,True
274.493408203125,REPLAY,NEUTRAL,3,56,56,166,3,False,False,True
274.59373474121094,REPLAY,NEUTRAL,3,56,56,167,2,False,False,True
274.6940612792969,REPLAY,NEUTRAL,3,56,56,167,2,False,False,True
274.7943878173828,REPLAY,NEUTRAL,3,56,56,167,2,False,False,True
274.89471435546875,REPLAY,NEUTRAL,3,56,56,167,2,False,False,True
274.9950408935547,REPLAY,LEFT,3,56,56,167,2,False,False,True
275.0953674316406,REPLAY,LEFT,3,56,56,167,2,False,False,True
275.19569396972656,REPLAY,NEUTRAL,3,56,56,167,3,False,False,True
275.29200744628906,REPLAY,NEUTRAL,3,56,56,167,3,False,False,True
275.392333984375,REPLAY,NEUTRAL,3,56,56,167,3,False,False,True
275.49266052246094,REPLAY,NEUTRAL,3,56,56,167,3,False,False,True
275.5929870605469,REPLAY,NEUTRAL,3,56,56,167,3,False,False,True
275.6933135986328,REPLAY,LEFT,3,56,56,167,3,False,False,True
275.79364013671875,REPLAY,NEUTRAL,3,56,56,167,3,False,False,True
275.8939666748047,REPLAY,NEUTRAL,3,56,56,167,3,False,False,True
275.9942932128906,REPLAY,NEUTRAL,3,56,56,167,3,False,False,True
276.09461975097656,REPLAY,NEUTRAL,3,56,56,167,3,False,False,True
276.1949462890625,REPLAY,NEUTRAL,3,56,56,167,3,False,False,True
276.29527282714844,REPLAY,NEUTRAL,3,56,56,167,3,False,False,True
276.3955993652344,REPLAY,NEUTRAL,3,56,56,168,3,False,False,True
276.4959259033203,REPLAY,LEFT,3,56,56,168,3,False,False,True
276.5922393798828,REPLAY,LEFT,3,56,56,168,3,False,False,True
276.69256591796875,REPLAY,NEUTRAL,3,56,56,168,3,False,False,True
276.7928924560547,REPLAY,NEUTRAL,3,56,56,168,3,False,False,True
276.8932189941406,REPLAY,NEUTRAL,3,56,56,168,3,False,False,True
276.99354553222656,REPLAY,NEUTRAL,3,56,56,168,3,False,False,True
277.0938720703125,REPLAY,NEUTRAL,3,56,56,168,3,False,False,True
277.19419860839844,REPLAY,NEUTRAL,3,56,56,168,3,False,False,True
277.2945251464844,REPLAY,NEUTRAL,3,56,56,168,3,False,False,True
277.3948516845703,REPLAY,LEFT,3,56,56,169,2,False,False,True
277.49517822265625,REPLAY,LEFT,3,56,56,169,2,False,False,True
277.5955047607422,REPLAY,LEFT,3,56,56,169,2,False,False,True
277.6958312988281,REPLAY,LEFT,3,56,56,169,2,False,False,True
277.7921447753906,REPLAY,LEFT,3,56,56,169,2,False,False,True
277.89247131347656,REPLAY,NEUTRAL,3,56,56,169,2,False,False,True
277.9927978515625,REPLAY,NEUTRAL,3,56,56,169,3,False,False,True
278.09312438964844,REPLAY,NEUTRAL,3,56,56,169,3,False,False,True
278.1934509277344,REPLAY,NEUTRAL,3,56,56,169,3,False,False,True
278.2937774658203,REPLAY,RIGHT,3,57,57,169,2,False,False,True
278.39410400390625,REPLAY,RIGHT,3,57,57,169,2,False,False,True
278.4944305419922,REPLAY,NEUTRAL,3,57,57,169,2,False,False,True
278.5947570800781,REPLAY,NEUTRAL,3,57,57,169,2,False,False,True
278.69508361816406,REPLAY,NEUTRAL,3,57,57,169,2,False,False,True
278.79541015625,REPLAY,RIGHT,3,57,57,169,2,False,False,True
278.89573669433594,REPLAY,RIGHT,3,57,57,169,2,False,False,True
278.99205017089844,REPLAY,NEUTRAL,3,57,57,169,2,False,False,True
279.0923767089844,REPLAY,NEUTRAL,3,57,57,169,2,False,False,True
279.1927032470703,REPLAY,NEUTRAL,3,57,57,169,2,False,False,True
279.29302978515625,REPLAY,NEUTRAL,3,57,57,169,2,False,False,True
279.3933563232422,REPLAY,NEUTRAL,3,57,57,169,2,False,False,True
279.4936828613281,REPLAY,NEUTRAL,3,57,57,169,3,False,False,True
279.59400939941406,REPLAY,NEUTRAL,3,57,57,170,2,False,False,True
279.6943359375,REPLAY,NEUTRAL,3,57,57,170,2,False,False,True
279.79466247558594,REPLAY,NEUTRAL,3,57,57,170,2,False,False,True
279.8949890136719,REPLAY,LEFT,3,57,57,170,2,False,False,True
279.9953155517578,REPLAY,LEFT,3,57,57,170,2,False,False,True
280.09564208984375,REPLAY,NEUTRAL,3,57,57,170,2,False,False,True
280.1959686279297,REPLAY,NEUTRAL,3,57,57,170,2,False,False,True
280.2922821044922,REPLAY,NEUTRAL,3,57,57,170,2,False,False,True
280.3926086425781,REPLAY,NEUTRAL,3,57,57,170,2,False,False,True
280.49293518066406,REPLAY,NEUTRAL,3,57,57,170,2,False,False,True
280.59326171875,REPLAY,LEFT,3,57,57,170,2,False,False,True
280.69358825683594,REPLAY,LEFT,3,57,57,170,2,False,False,True
280.7939147949219,REPLAY,NEUTRAL,3,57,57,170,2,False,False,True
280.8942413330078,REPLAY,NEUTRAL,3,57,57,170,2,False,False,True
280.99456787109375,REPLAY,NEUTRAL,3,57,57,170,3,False,False,True
281.0948944091797,REPLAY,NEUTRAL,3,57,57,171,2,False,False,True
281.1952209472656,REPLAY,NEUTRAL,3,57,57,171,2,False,False,True
281.29554748535156,REPLAY,NEUTRAL,3,57,57,171,2,False,False,True
281.3958740234375,REPLAY,NEUTRAL,3,57,57,171,2,False,False,True
281.4921875,REPLAY,NEUTRAL,3,57,57,171,2,False,False,True
281.59251403808594,REPLAY,LEFT,3,57,57,171,2,False,False,True
281.6928405761719,REPLAY,LEFT,3,57,57,171,2,False,False,True
281.7931671142578,REPLAY,NEUTRAL,3,57,57,171,2,False,False,True
281.89349365234375,REPLAY,NEUTRAL,3,57,57,171,2,False,False,True
281.9938201904297,REPLAY,NEUTRAL,3,57,57,171,2,False,False,True
282.0941467285156,REPLAY,NEUTRAL,3,57,57,171,2,False,False,True
282.19447326660156,REPLAY,NEUTRAL,3,57,57,171,2,False,False,True
282.2947998046875,REPLAY,NEUTRAL,3,57,57,171,3,False,False,True
282.39512634277344,REPLAY,NEUTRAL,3,57,57,171,3,False,False,True
282.4954528808594,REPLAY,NEUTRAL,3,57,57,171,3,False,False,True
282.5957794189453,REPLAY,NEUTRAL,3,57,57,171,3,False,False,True
282.6920928955078,REPLAY,NEUTRAL,3,57,57,172,2,False,False,True
282.79241943359375,REPLAY,NEUTRAL,3,57,57,172,2,False,False,True
282.8927459716797,REPLAY,NEUTRAL,3,57,57,172,2,False,False,True
282.9930725097656,REPLAY,NEUTRAL,3,57,57,172,2,False,False,True
283.09339904785156,REPLAY,NEUTRAL,3,57,57,172,2,False,False,True
283.1937255859375,REPLAY,NEUTRAL,3,57,57,172,2,False,False,True
283.29405212402344,REPLAY,NEUTRAL,3,57,57,172,2,False,False,True
283.3943786621094,REPLAY,NEUTRAL,3,57,57,172,2,False,False,True
283.4947052001953,REPLAY,RIGHT,3,57,57,172,3,False,False,True
283.59503173828125,REPLAY,RIGHT,3,57,57,172,3,False,False,True
283.6953582763672,REPLAY,RIGHT,3,57,57,172,3,False,False,True
283.7956848144531,REPLAY,NEUTRAL,3,57,57,172,3,False,False,True
283.8919982910156,REPLAY,NEUTRAL,3,57,57,172,3,False,False,True
283.99232482910156,REPLAY,NEUTRAL,3,57,57,173,2,False,False,True
284.0926513671875,REPLAY,NEUTRAL,3,57,57,173,2,False,False,True
284.19297790527344,REPLAY,NEUTRAL,3,57,57,173,2,False,False,True
284.2933044433594,REPLAY,NEUTRAL,3,57,57,173,2,False,False,True
284.3936309814453,REPLAY,NEUTRAL,3,57,57,173,2,False,False,True
284.49395751953125,REPLAY,NEUTRAL,3,57,57,173,2,False,False,True
284.5942840576172,REPLAY,NEUTRAL,3,57,57,173,3,False,False,True
284.6946105957031,REPLAY,NEUTRAL,3,57,57,173,3,False,False,True
284.79493713378906,REPLAY,NEUTRAL,3,57,57,173,3,False,False,True
284.895263671875,REPLAY,NEUTRAL,3,57,57,173,3,False,False,True
284.99559020996094,REPLAY,NEUTRAL,3,57,57,173,3,False,False,True
285.0959167480469,REPLAY,NEUTRAL,3,57,57,173,3,False,False,True
285.1922302246094,REPLAY,LEFT,3,57,57,173,3,False,False,True
285.2925567626953,REPLAY,NEUTRAL,3,57,57,173,3,False,False,True
285.39288330078125,REPLAY,NEUTRAL,3,57,57,173,3,False,False,True
285.4932098388672,REPLAY,NEUTRAL,3,57,57,173,3,False,False,True
285.5935363769531,REPLAY,NEUTRAL,3,57,57,173,3,False,False,True
285.69386291503906,REPLAY,NEUTRAL,3,57,57,173,3,False,False,True
285.794189453125,REPLAY,NEUTRAL,3,57,57,174,2,False,False,True
285.89451599121094,REPLAY,NEUTRAL,3,57,57,174,2,False,False,True
285.9948425292969,REPLAY,LEFT,3,57,57,174,3,False,False,True
286.0951690673828,REPLAY,LEFT,3,57,57,174,3,False,False,True
286.19549560546875,REPLAY,LEFT,3,57,57,174,3,False,False,True
286.2958221435547,REPLAY,NEUTRAL,3,57,57,174,3,False,False,True
286.3921356201172,REPLAY,NEUTRAL,3,57,57,174,3,False,False,True
286.4924621582031,REPLAY,NEUTRAL,3,57,57,174,3,False,False,True
286.59278869628906,REPLAY,NEUTRAL,3,57,57,175,2,False,False,True
286.693115234375,REPLAY,NEUTRAL,3,57,57,175,2,False,False,True
286.79344177246094,REPLAY,NEUTRAL,3,57,57,175,2,False,False,True
286.8937683105469,REPLAY,NEUTRAL,3,57,57,175,2,False,False,True
286.9940948486328,REPLAY,NEUTRAL,3,57,57,175,2,False,False,True
287.09442138671875,REPLAY,NEUTRAL,3,57,57,175,3,False,False,True
287.1947479248047,REPLAY,NEUTRAL,3,57,57,175,3,False,False,True
287.2950744628906,REPLAY,NEUTRAL,3,57,57,175,3,False,False,True
287.39540100097656,REPLAY,LEFT,3,57,57,175,3,False,False,True
287.4957275390625,REPLAY,NEUTRAL,3,57,57,175,3,False,False,True
287.592041015625,REPLAY,NEUTRAL,3,57,57,175,3,False,False,True
287.69236755371094,REPLAY,NEUTRAL,3,57,57,175,3,False,False,True
287.7926940917969,REPLAY,NEUTRAL,3,57,57,175,3,False,False,True
287.8930206298828,REPLAY,NEUTRAL,3,57,57,175,3,False,False,True
287.99334716796875,REPLAY,NEUTRAL,3,57,57,175,3,False,False,True
288.0936737060547,REPLAY,NEUTRAL,3,57,57,176,2,False,False,True
288.1940002441406,REPLAY,LEFT,3,57,57,176,2,False,False,True
288.29432678222656,REPLAY,NEUTRAL,3,57,57,176,2,False,False,True
288.3946533203125,REPLAY,NEUTRAL,3,57,57,176,2,False,False,True
288.49497985839844,REPLAY,NEUTRAL,3,57,57,176,2,False,False,True
288.5953063964844,REPLAY,NEUTRAL,3,57,57,176,3,False,False,True
288.6956329345703,REPLAY,NEUTRAL,3,57,57,176,3,False,False,True
288.79595947265625,REPLAY,NEUTRAL,3,57,57,176,3,False,False,True
288.89227294921875,REPLAY,NEUTRAL,3,57,57,176,3,False,False,True
288.9925994873047,REPLAY,NEUTRAL,3,57,57,177,2,False,False,True
289.0929260253906,REPLAY,NEUTRAL,3,57,57,177,2,False,False,True
289.19325256347656,REPLAY,RIGHT,3,57,57,177,2,False,False,True
289.2935791015625,REPLAY,NEUTRAL,3,57,57,177,2,False,False,True
289.39390563964844,REPLAY,NEUTRAL,3,57,57,177,2,False,False,True
289.4942321777344,REPLAY,NEUTRAL,3,57,57,177,2,False,False,True
289.5945587158203,REPLAY,NEUTRAL,3,57,57,177,2,False,False,True
289.69488525390625,REPLAY,NEUTRAL,3,57,57,177,2,False,False,True
289.7952117919922,REPLAY,NEUTRAL,3,57,57,177,2,False,False,True
289.8955383300781,REPLAY,NEUTRAL,3,58,58,177,2,False,False,True
289.99586486816406,REPLAY,NEUTRAL,3,58,58,177,2,False,False,True
290.09217834472656,REPLAY,NEUTRAL,3,58,58,177,2,False,False,True
290.1925048828125,REPLAY,NEUTRAL,3,58,58,177,2,False,False,True
290.29283142089844,REPLAY,NEUTRAL,3,58,58,177,2,False,False,True
290.3931579589844,REPLAY,NEUTRAL,3,58,58,177,2,False,False,True
290.4934844970703,REPLAY,NEUTRAL,3,58,58,177,2,False,False,True
290.59381103515625,REPLAY,RIGHT,3,58,58,177,2,False,False,True
290.6941375732422,REPLAY,RIGHT,3,58,58,177,2,False,False,True
290.7944641113281,REPLAY,NEUTRAL,3,58,58,177,2,False,False,True
290.89479064941406,REPLAY,NEUTRAL,3,58,58,177,2,False,False,True
290.9951171875,REPLAY,NEUTRAL,3,58,58,177,2,False,False,True
291.09544372558594,REPLAY,NEUTRAL,3,58,58,177,2,False,False,True
291.1957702636719,REPLAY,NEUTRAL,3,58,58,177,2,False,False,True
291.2920837402344,REPLAY,NEUTRAL,3,58,58,177,2,False,False,True
291.3924102783203,REPLAY,RIGHT,3,58,58,177,2,False,False,True
291.49273681640625,REPLAY,RIGHT,3,58,58,177,3,False,False,True
291.5930633544922,REPLAY,NEUTRAL,3,58,58,178,2,False,False,True
291.6933898925781,REPLAY,NEUTRAL,3,58,58,178,2,False,False,True
291.79371643066406,REPLAY,NEUTRAL,3,58,58,178,2,False,False,True
291.89404296875,REPLAY,NEUTRAL,3,58,58,178,2,False,False,True
291.99436950683594,REPLAY,NEUTRAL,3,58,58,178,2,False,False,True
292.0946960449219,REPLAY,NEUTRAL,3,58,58,178,2,False,False,True
292.1950225830078,REPLAY,NEUTRAL,3,58,58,178,2,False,False,True
292.29534912109375,REPLAY,NEUTRAL,3,58,58,178,2,False,False,True
292.3956756591797,REPLAY,NEUTRAL,3,58,58,178,2,False,False,True
292.4919891357422,REPLAY,LEFT,3,58,58,178,2,False,False,True
292.5923156738281,REPLAY,NEUTRAL,3,58,58,178,2,False,False,True
292.69264221191406,REPLAY,NEUTRAL,3,58,58,178,3,False,False,True
292.79296875,REPLAY,NEUTRAL,3,58,58,178,3,False,False,True
292.89329528808594,REPLAY,NEUTRAL,3,58,58,178,3,False,False,True
292.9936218261719,REPLAY,NEUTRAL,3,58,58,178,3,False,False,True
293.0939483642578,REPLAY,NEUTRAL,3,58,58,178,3,False,False,True
293.19427490234375,REPLAY,LEFT,3,58,58,178,3,False,False,True
293.2946014404297,REPLAY,NEUTRAL,3,58,58,178,3,False,False,True
293.3949279785156,REPLAY,NEUTRAL,3,58,58,179,2,False,False,True
293.49525451660156,REPLAY,NEUTRAL,3,58,58,179,3,False,False,True
293.5955810546875,REPLAY,NEUTRAL,3,58,58,179,3,False,False,True
293.69590759277344,REPLAY,NEUTRAL,3,58,58,179,3,False,False,True
293.79222106933594,REPLAY,NEUTRAL,3,58,58,179,3,False,False,True
293.8925476074219,REPLAY,NEUTRAL,3,58,58,179,3,False,False,True
293.9928741455078,REPLAY,NEUTRAL,3,58,58,179,3,False,False,True
294.09320068359375,REPLAY,NEUTRAL,3,58,58,179,3,False,False,True
294.1935272216797,REPLAY,NEUTRAL,3,58,58,179,3,False,False,True
294.2938537597656,REPLAY,NEUTRAL,3,58,58,179,3,False,False,True
294.39418029785156,REPLAY,NEUTRAL,3,58,58,179,3,False,False,True
294.4945068359375,REPLAY,NEUTRAL,3,58,58,180,2,False,False,True
294.59483337402344,REPLAY,NEUTRAL,3,58,58,180,2,False,False,True
294.6951599121094,REPLAY,NEUTRAL,3,58,58,180,2,False,False,True
294.7954864501953,REPLAY,RIGHT,3,58,58,180,2,False,False,True
294.89581298828125,REPLAY,RIGHT,3,58,58,180,2,False,False,True
294.99212646484375,REPLAY,RIGHT,3,58,58,180,3,False,False,True
295.0924530029297,REPLAY,NEUTRAL,3,58,58,180,3,False,False,True
295.1927795410156,REPLAY,NEUTRAL,3,58,58,180,3,False,False,True
295.29310607910156,REPLAY,NEUTRAL,3,58,58,180,3,False,False,True
295.3934326171875,REPLAY,NEUTRAL,3,58,58,180,3,False,False,True
295.49375915527344,REPLAY,NEUTRAL,3,58,58,180,3,False,False,True
295.5940856933594,REPLAY,NEUTRAL,3,58,58,180,3,False,False,True
295.6944122314453,REPLAY,RIGHT,3,58,58,180,3,False,False,True
295.79473876953125,REPLAY,RIGHT,3,58,58,180,3,False,False,True
295.8950653076172,REPLAY,NEUTRAL,3,58,58,180,3,False,False,True
295.9953918457031,REPLAY,NEUTRAL,3,59,59,180,2,False,False,True
296.09571838378906,REPLAY,NEUTRAL,3,59,59,180,2,False,False,True
296.19203186035156,REPLAY,NEUTRAL,3,59,59,180,2,False,False,True
296.2923583984375,REPLAY,NEUTRAL,3,59,59,180,3,False,False,True
296.39268493652344,REPLAY,NEUTRAL,3,59,59,180,3,False,False,True
296.4930114746094,REPLAY,NEUTRAL,3,59,59,180,3,False,False,True
296.5933380126953,REPLAY,LEFT,3,59,59,180,3,False,False,True
296.69366455078125,REPLAY,LEFT,3,59,59,180,3,False,False,True
296.7939910888672,REPLAY,LEFT,3,59,59,180,3,False,False,True
296.8943176269531,REPLAY,NEUTRAL,3,59,59,180,3,False,False,True
296.99464416503906,REPLAY,NEUTRAL,3,59,59,180,3,False,False,True
297.094970703125,REPLAY,NEUTRAL,3,59,59,181,2,False,False,True
297.19529724121094,REPLAY,RIGHT,3,59,59,181,2,False,False,True
297.2956237792969,REPLAY,RIGHT,3,59,59,181,2,False,False,True
297.3959503173828,REPLAY,NEUTRAL,3,59,59,181,2,False,False,True
297.4922637939453,REPLAY,NEUTRAL,3,59,59,181,2,False,False,True
297.59259033203125,REPLAY,NEUTRAL,3,59,59,181,3,False,False,True
297.6929168701172,REPLAY,NEUTRAL,3,59,59,181,3,False,False,True
297.7932434082031,REPLAY,NEUTRAL,3,59,59,181,3,False,False,True
297.89356994628906,REPLAY,NEUTRAL,3,59,59,181,3,False,False,True
297.993896484375,REPLAY,NEUTRAL,3,59,59,181,3,False,False,True
298.09422302246094,REPLAY,NEUTRAL,3,59,59,182,2,False,False,True
298.1945495605469,REPLAY,NEUTRAL,3,59,59,182,2,False,False,True
298.2948760986328,REPLAY,LEFT,3,59,59,182,2,False,False,True
298.39520263671875,REPLAY,LEFT,3,59,59,182,2,False,False,True
298.4955291748047,REPLAY,NEUTRAL,3,59,59,182,2,False,False,True
298.5958557128906,REPLAY,RIGHT,3,59,59,182,2,False,False,True
298.6921691894531,REPLAY,RIGHT,3,59,59,182,2,False,False,True
298.79249572753906,REPLAY,RIGHT,3,59,59,182,2,False,False,True
298.892822265625,REPLAY,NEUTRAL,3,59,59,182,2,False,False,True
298.99314880371094,REPLAY,LEFT,3,59,59,182,3,False,False,True
299.0934753417969,REPLAY,LEFT,3,59,59,182,3,False,False,True
299.1938018798828,REPLAY,LEFT,3,59,59,182,3,False,False,True
299.29412841796875,REPLAY,LEFT,3,59,59,182,3,False,False,True
299.3944549560547,REPLAY,NEUTRAL,3,59,59,183,2,False,False,True
299.4947814941406,REPLAY,NEUTRAL,3,59,59,183,2,False,False,True
299.59510803222656,REPLAY,NEUTRAL,3,59,59,183,2,False,False,True
299.6954345703125,REPLAY,NEUTRAL,3,59,59,183,2,False,False,True
299.79576110839844,REPLAY,LEFT,3,59,59,183,2,False,False,True
299.89207458496094,REPLAY,LEFT,3,59,59,183,2,False,False,True
299.9924011230469,REPLAY,NEUTRAL,3,59,59,183,3,False,False,True
300.0927276611328,REPLAY,NEUTRAL,3,59,59,183,3,False,False,True
300.19305419921875,REPLAY,NEUTRAL,3,59,59,183,3,False,False,True
300.2933807373047,REPLAY,NEUTRAL,3,59,59,183,3,False,False,True
300.3937072753906,REPLAY,NEUTRAL,3,59,59,183,3,False,False,True
300.49403381347656,REPLAY,NEUTRAL,3,59,59,183,3,False,False,True
300.5943603515625,REPLAY,NEUTRAL,3,59,59,183,3,False,False,True
300.69468688964844,REPLAY,NEUTRAL,3,59,59,184,2,False,False,True
300.7950134277344,REPLAY,NEUTRAL,3,59,59,184,2,False,False,True
300.8953399658203,REPLAY,NEUTRAL,3,59,59,184,2,False,False,True
300.99566650390625,REPLAY,NEUTRAL,3,59,59,184,2,False,False,True
301.09197998046875,REPLAY,NEUTRAL,3,59,59,184,2,False,False,True
301.1923065185547,REPLAY,RIGHT,3,59,59,184,2,False,False,True
301.2926330566406,REPLAY,RIGHT,3,59,59,184,2,False,False,True
301.39295959472656,REPLAY,NEUTRAL,3,59,59,184,3,False,False,True
301.4932861328125,REPLAY,NEUTRAL,3,59,59,184,3,False,False,True
301.59361267089844,REPLAY,NEUTRAL,3,59,59,184,3,False,False,True
301.6939392089844,REPLAY,NEUTRAL,3,59,59,184,3,False,False,True
301.7942657470703,REPLAY,NEUTRAL,3,59,59,184,3,False,False,True
301.89459228515625,REPLAY,NEUTRAL,3,59,59,184,3,False,False,True
301.9949188232422,REPLAY,NEUTRAL,3,59,59,184,3,False,False,True
302.0952453613281,REPLAY,NEUTRAL,3,59,59,184,3,False,False,True
302.19557189941406,REPLAY,NEUTRAL,3,59,59,185,2,False,False,True
302.2958984375,REPLAY,NEUTRAL,3,59,59,185,2,False,False,True
302.3922119140625,REPLAY,NEUTRAL,3,59,59,185,2,False,False,True
302.49253845214844,REPLAY,NEUTRAL,3,59,59,185,2,False,False,True
302.5928649902344,REPLAY,NEUTRAL,3,59,59,185,2,False,False,True
302.6931915283203,REPLAY,NEUTRAL,3,59,59,185,2,False,False,True
302.79351806640625,REPLAY,NEUTRAL,3,59,59,185,3,False,False,True
302.8938446044922,REPLAY,NEUTRAL,3,59,59,186,2,False,False,True
302.9941711425781,REPLAY,NEUTRAL,3,59,59,186,2,False,False,True
303.09449768066406,REPLAY,NEUTRAL,3,59,59,186,2,False,False,True
303.19482421875,REPLAY,NEUTRAL,3,59,59,186,2,False,False,True
303.29515075683594,REPLAY,NEUTRAL,3,59,59,186,2,False,False,True
303.3954772949219,REPLAY,NEUTRAL,3,59,59,186,2,False,False,True
303.4958038330078,REPLAY,LEFT,3,59,59,186,2,False,False,True
303.5921173095703,REPLAY,LEFT,3,59,59,186,2,False,False,True
303.69244384765625,REPLAY,LEFT,3,59,59,186,2,False,False,True
303.7927703857422,REPLAY,NEUTRAL,3,59,59,186,3,False,False,True
303.8930969238281,REPLAY,NEUTRAL,3,59,59,186,3,False,False,True
303.99342346191406,REPLAY,NEUTRAL,3,59,59,186,3,False,False,True
304.09375,REPLAY,NEUTRAL,3,59,59,186,3,False,False,True
304.19407653808594,REPLAY,NEUTRAL,3,59,59,186,3,False,False,True
304.2944030761719,REPLAY,NEUTRAL,3,59,59,186,3,False,False,True
304.3947296142578,REPLAY,NEUTRAL,3,59,59,186,3,False,False,True
304.49505615234375,REPLAY,NEUTRAL,3,59,59,187,2,False,False,True
304.5953826904297,REPLAY,NEUTRAL,3,59,59,187,3,False,False,True
304.6957092285156,REPLAY,NEUTRAL,3,59,59,187,3,False,False,True
304.7920227050781,REPLAY,NEUTRAL,3,59,59,187,3,False,False,True
304.89234924316406,REPLAY,LEFT,3,59,59,187,3,False,False,True
304.99267578125,REPLAY,LEFT,3,59,59,187,3,False,False,True
305.09300231933594,REPLAY,NEUTRAL,3,59,59,187,3,False,False,True
305.1933288574219,REPLAY,NEUTRAL,3,59,59,187,3,False,False,True
305.2936553955078,REPLAY,NEUTRAL,3,59,59,187,3,False,False,True
305.39398193359375,REPLAY,NEUTRAL,3,59,59,187,3,False,False,True
305.4943084716797,REPLAY,NEUTRAL,3,59,59,187,3,False,False,True
305.5946350097656,REPLAY,NEUTRAL,3,59,59,187,3,False,False,True
305.69496154785156,REPLAY,LEFT,3,59,59,187,3,False,False,True
305.7952880859375,REPLAY,LEFT,3,59,59,187,4,False,False,True
305.89561462402344,REPLAY,NEUTRAL,3,60,60,187,3,False,False,True
305.9959411621094,REPLAY,NEUTRAL,3,60,60,187,3,False,False,True
306.0922546386719,REPLAY,NEUTRAL,3,60,60,187,3,False,False,True
306.1925811767578,REPLAY,NEUTRAL,3,60,60,187,3,False,False,True
306.29290771484375,REPLAY,NEUTRAL,3,60,60,187,3,False,False,True
306.3932342529297,REPLAY,NEUTRAL,3,60,60,187,3,False,False,True
306.4935607910156,REPLAY,LEFT,3,60,60,187,3,False,False,True
306.59388732910156,REPLAY,LEFT,3,60,60,187,3,False,False,True
306.6942138671875,REPLAY,NEUTRAL,3,60,60,187,4,False,False,True
306.79454040527344,REPLAY,NEUTRAL,3,61,61,187,3,False,False,True
306.8948669433594,REPLAY,NEUTRAL,3,61,61,187,3,False,False,True
306.9951934814453,REPLAY,NEUTRAL,3,61,61,187,3,False,False,True
307.09552001953125,REPLAY,NEUTRAL,3,61,61,187,3,False,False,True
307.1958465576172,REPLAY,NEUTRAL,3,61,61,187,3,False,False,True
307.2921600341797,REPLAY,NEUTRAL,3,61,61,187,3,False,False,True
307.3924865722656,REPLAY,NEUTRAL,3,61,61,187,3,False,False,True
307.49281311035156,REPLAY,NEUTRAL,3,61,61,187,3,False,False,True
307.5931396484375,REPLAY,NEUTRAL,3,61,61,187,3,False,False,True
307.69346618652344,REPLAY,NEUTRAL,3,61,61,187,4,False,False,True
307.7937927246094,REPLAY,NEUTRAL,3,62,62,187,3,False,False,True
307.8941192626953,REPLAY,NEUTRAL,3,62,62,187,3,False,False,True
307.99444580078125,REPLAY,NEUTRAL,3,62,62,187,3,False,False,True
308.0947723388672,REPLAY,NEUTRAL,3,62,62,187,3,False,False,True
308.1950988769531,REPLAY,NEUTRAL,3,62,62,187,3,False,False,True
308.29542541503906,REPLAY,NEUTRAL,3,62,62,187,3,False,False,True
308.395751953125,REPLAY,NEUTRAL,3,62,62,187,3,False,False,True
308.4920654296875,REPLAY,NEUTRAL,3,62,62,187,3,False,False,True
308.59239196777344,REPLAY,NEUTRAL,3,62,62,187,3,False,False,True
308.6927185058594,REPLAY,NEUTRAL,3,62,62,187,3,False,False,True
308.7930450439453,REPLAY,NEUTRAL,3,62,62,187,3,False,False,True
308.89337158203125,REPLAY,NEUTRAL,3,62,62,187,3,False,False,True
308.9936981201172,REPLAY,NEUTRAL,3,62,62,187,4,False,False,True
309.0940246582031,REPLAY,NEUTRAL,3,62,62,187,4,False,False,True
309.19435119628906,REPLAY,NEUTRAL,3,62,62,187,4,False,False,True
309.294677734375,REPLAY,NEUTRAL,3,62,62,188,3,False,False,True
309.39500427246094,REPLAY,NEUTRAL,3,62,62,188,3,False,False,True
309.4953308105469,REPLAY,NEUTRAL,3,63,63,188,2,False,False,True
309.5956573486328,REPLAY,LEFT,3,63,63,188,2,False,False,True
309.69598388671875,REPLAY,LEFT,3,63,63,188,2,False,False,True
309.79229736328125,REPLAY,LEFT,3,63,63,188,2,False,False,True
309.8926239013672,REPLAY,NEUTRAL,3,63,63,188,2,False,False,True
309.9929504394531,REPLAY,NEUTRAL,3,63,63,188,2,False,False,True
310.09327697753906,REPLAY,NEUTRAL,3,63,63,188,2,False,False,True
310.193603515625,REPLAY,NEUTRAL,3,63,63,188,2,False,False,True
310.29393005371094,REPLAY,NEUTRAL,3,63,63,188,2,False,False,True
310.3942565917969,REPLAY,NEUTRAL,3,63,63,188,2,False,False,True
310.4945831298828,REPLAY,NEUTRAL,3,63,63,188,3,False,False,True
310.59490966796875,REPLAY,NEUTRAL,3,63,63,188,3,False,False,True
310.6952362060547,REPLAY,RIGHT,3,63,63,188,3,False,False,True
310.7955627441406,REPLAY,NEUTRAL,3,63,63,188,3,False,False,True
310.89588928222656,REPLAY,NEUTRAL,3,63,63,188,3,False,False,True
310.99220275878906,REPLAY,NEUTRAL,3,63,63,188,3,False,False,True
311.092529296875,REPLAY,NEUTRAL,3,63,63,188,3,False,False,True
311.19285583496094,REPLAY,NEUTRAL,3,63,63,189,2,False,False,True
311.2931823730469,REPLAY,NEUTRAL,3,63,63,189,3,False,False,True
311.3935089111328,REPLAY,NEUTRAL,3,63,63,189,3,False,False,True
311.49383544921875,REPLAY,NEUTRAL,3,63,63,189,3,False,False,True
311.5941619873047,REPLAY,NEUTRAL,3,63,63,189,3,False,False,True
311.6944885253906,REPLAY,NEUTRAL,3,63,63,189,3,False,False,True
311.79481506347656,REPLAY,NEUTRAL,3,63,63,189,3,False,False,True
311.8951416015625,REPLAY,NEUTRAL,3,63,63,189,3,False,False,True
311.99546813964844,REPLAY,NEUTRAL,3,63,63,189,3,False,False,True
312.0957946777344,REPLAY,NEUTRAL,3,63,63,189,3,False,False,True
312.1921081542969,REPLAY,NEUTRAL,3,63,63,189,3,False,False,True
312.2924346923828,REPLAY,LEFT,3,63,63,189,3,False,False,True
312.39276123046875,REPLAY,LEFT,3,63,63,189,3,False,False,True
312.4930877685547,REPLAY,LEFT,3,63,63,189,3,False,False,True
312.5934143066406,REPLAY,NEUTRAL,3,63,63,190,2,False,False,True
312.69374084472656,REPLAY,NEUTRAL,3,63,63,190,2,False,False,True
312.7940673828125,REPLAY,NEUTRAL,3,63,63,190,2,False,False,True
312.89439392089844,REPLAY,NEUTRAL,3,63,63,190,3,False,False,True
312.9947204589844,REPLAY,NEUTRAL,3,63,63,190,3,False,False,True
313.0950469970703,REPLAY,NEUTRAL,3,63,63,190,3,False,False,True
313.19537353515625,REPLAY,NEUTRAL,3,63,63,190,3,False,False,True
313.2957000732422,REPLAY,NEUTRAL,3,63,63,190,3,False,False,True
313.3920135498047,REPLAY,NEUTRAL,3,63,63,190,3,False,False,True
313.4923400878906,REPLAY,NEUTRAL,3,63,63,190,3,False,False,True
313.59266662597656,REPLAY,LEFT,3,63,63,190,3,False,False,True
313.6929931640625,REPLAY,LEFT,3,63,63,191,2,False,False,True
313.79331970214844,REPLAY,LEFT,3,63,63,191,3,False,False,True
313.8936462402344,REPLAY,NEUTRAL,3,63,63,191,3,False,False,True
313.9939727783203,REPLAY,NEUTRAL,3,63,63,191,3,False,False,True
314.09429931640625,REPLAY,NEUTRAL,3,63,63,191,3,False,False,True
314.1946258544922,REPLAY,NEUTRAL,3,63,63,191,3,False,False,True
314.2949523925781,REPLAY,NEUTRAL,3,63,63,191,3,False,False,True
314.39527893066406,REPLAY,NEUTRAL,3,63,63,191,3,False,False,True
314.49560546875,REPLAY,LEFT,3,63,63,191,3,False,False,True
314.59593200683594,REPLAY,LEFT,3,63,63,191,3,False,False,True
314.69224548339844,REPLAY,NEUTRAL,3,63,63,192,2,False,False,True
314.7925720214844,REPLAY,NEUTRAL,3,63,63,192,2,False,False,True
314.8928985595703,REPLAY,NEUTRAL,3,63,63,192,3,False,False,True
314.99322509765625,REPLAY,NEUTRAL,3,63,63,192,3,False,False,True
315.0935516357422,REPLAY,NEUTRAL,3,63,63,192,3,False,False,True
315.1938781738281,REPLAY,NEUTRAL,3,63,63,192,3,False,False,True
315.29420471191406,REPLAY,NEUTRAL,3,63,63,192,3,False,False,True
315.39453125,REPLAY,RIGHT,3,63,63,192,3,False,False,True
315.49485778808594,REPLAY,RIGHT,3,63,63,192,3,False,False,True
315.5951843261719,REPLAY,RIGHT,3,64,64,192,2,False,False,True
315.6955108642578,REPLAY,NEUTRAL,3,64,64,192,2,False,False,True
315.79583740234375,REPLAY,NEUTRAL,3,64,64,192,2,False,False,True
315.89215087890625,REPLAY,NEUTRAL,3,64,64,192,2,False,False,True
315.9924774169922,REPLAY,NEUTRAL,3,64,64,192,3,False,False,True
316.0928039550781,REPLAY,NEUTRAL,3,64,64,192,3,False,False,True
316.19313049316406,REPLAY,NEUTRAL,3,64,64,192,3,False,False,True
316.29345703125,REPLAY,NEUTRAL,3,64,64,192,3,False,False,True
316.39378356933594,REPLAY,NEUTRAL,3,64,64,192,3,False,False,True
316.4941101074219,REPLAY,NEUTRAL,3,64,64,192,3,False,False,True
316.5944366455078,REPLAY,RIGHT,3,64,64,192,3,False,False,True
316.69476318359375,REPLAY,RIGHT,3,64,64,192,4,False,False,True
316.7950897216797,REPLAY,RIGHT,3,64,64,192,4,False,False,True
316.8954162597656,REPLAY,NEUTRAL,3,64,64,192,4,False,False,True
316.99574279785156,REPLAY,NEUTRAL,3,65,65,192,3,False,False,True
317.09205627441406,REPLAY,NEUTRAL,3,65,65,192,3,False,False,True
317.1923828125,REPLAY,NEUTRAL,3,65,65,192,3,False,False,True
317.29270935058594,REPLAY,LEFT,3,65,65,192,3,False,False,True
317.3930358886719,REPLAY,NEUTRAL,3,65,65,192,3,False,False,True
317.4933624267578,REPLAY,NEUTRAL,3,65,65,192,4,False,False,True
317.59368896484375,REPLAY,NEUTRAL,3,65,65,192,4,False,False,True
317.6940155029297,REPLAY,NEUTRAL,3,65,65,192,4,False,False,True
317.7943420410156,REPLAY,NEUTRAL,3,65,65,193,3,False,False,True
317.89466857910156,REPLAY,NEUTRAL,3,65,65,193,3,False,False,True
317.9949951171875,REPLAY,NEUTRAL,3,65,65,193,3,False,False,True
318.09532165527344,REPLAY,RIGHT,3,65,65,193,3,False,False,True
318.1956481933594,REPLAY,RIGHT,3,65,65,193,3,False,False,True
318.2959747314453,REPLAY,NEUTRAL,3,65,65,193,3,False,False,True
318.3922882080078,REPLAY,NEUTRAL,3,65,65,193,3,False,False,True
318.49261474609375,REPLAY,NEUTRAL,3,65,65,193,3,False,False,True
318.5929412841797,REPLAY,NEUTRAL,3,65,65,193,3,False,False,True
318.6932678222656,REPLAY,NEUTRAL,3,65,65,193,3,False,False,True
318.79359436035156,REPLAY,NEUTRAL,3,65,65,193,3,False,False,True
318.8939208984375,REPLAY,NEUTRAL,3,65,65,193,3,False,False,True
318.99424743652344,REPLAY,NEUTRAL,3,65,65,193,3,False,False,True
319.0945739746094,REPLAY,NEUTRAL,3,65,65,193,4,False,False,True
319.1949005126953,REPLAY,NEUTRAL,3,65,65,193,4,False,False,True
319.29522705078125,REPLAY,NEUTRAL,3,65,65,194,3,False,False,True
319.3955535888672,REPLAY,NEUTRAL,3,65,65,194,3,False,False,True
319.4958801269531,REPLAY,NEUTRAL,3,65,65,194,3,False,False,True
319.5921936035156,REPLAY,NEUTRAL,3,65,65,194,3,False,False,True
319.69252014160156,REPLAY,NEUTRAL,3,65,65,194,3,False,False,True
319.7928466796875,REPLAY,LEFT,3,65,65,195,2,False,False,True
319.89317321777344,REPLAY,LEFT,3,65,65,195,2,False,False,True
319.9934997558594,REPLAY,LEFT,3,65,65,195,2,False,False,True
320.0938262939453,REPLAY,LEFT,3,65,65,195,3,False,False,True
320.19415283203125,REPLAY,NEUTRAL,3,66,66,195,2,False,False,True
320.2944793701172,REPLAY,NEUTRAL,3,66,66,195,2,False,False,True
320.3948059082031,REPLAY,NEUTRAL,3,66,66,195,2,False,False,True
320.49513244628906,REPLAY,NEUTRAL,3,66,66,195,2,False,False,True
320.595458984375,REPLAY,NEUTRAL,3,66,66,195,2,False,False,True
320.69578552246094,REPLAY,NEUTRAL,3,66,66,195,2,False,False,True
320.79209899902344,REPLAY,NEUTRAL,3,66,66,195,2,False,False,True
320.8924255371094,REPLAY,NEUTRAL,3,66,66,195,2,False,False,True
320.9927520751953,REPLAY,NEUTRAL,3,66,66,195,2,False,False,True
321.09307861328125,REPLAY,NEUTRAL,3,66,66,195,2,False,False,True
321.1934051513672,REPLAY,NEUTRAL,3,66,66,195,2,False,False,True
321.2937316894531,REPLAY,LEFT,3,66,66,195,2,False,False,True
321.39405822753906,REPLAY,LEFT,3,66,66,195,2,False,False,True
321.494384765625,REPLAY,LEFT,3,66,66,195,2,False,False,True
321.59471130371094,REPLAY,NEUTRAL,3,66,66,195,3,False,False,True
321.6950378417969,REPLAY,NEUTRAL,3,66,66,195,3,False,False,True
321.7953643798828,REPLAY,NEUTRAL,3,66,66,195,3,False,False,True
321.89569091796875,REPLAY,NEUTRAL,3,66,66,195,3,False,False,True
321.99200439453125,REPLAY,NEUTRAL,3,66,66,195,3,False,False,True
322.0923309326172,REPLAY,NEUTRAL,3,66,66,195,3,False,False,True
322.1926574707031,REPLAY,NEUTRAL,3,66,66,195,3,False,False,True
322.29298400878906,REPLAY,RIGHT,3,66,66,196,2,False,False,True
322.393310546875,REPLAY,RIGHT,3,66,66,196,2,False,False,True
322.49363708496094,REPLAY,RIGHT,3,66,66,196,2,False,False,True
322.5939636230469,REPLAY,NEUTRAL,3,66,66,196,2,False,False,True
322.6942901611328,REPLAY,NEUTRAL,3,66,66,196,2,False,False,True
322.79461669921875,REPLAY,NEUTRAL,3,66,66,196,2,False,False,True
322.8949432373047,REPLAY,NEUTRAL,3,66,66,196,3,False,False,True
322.9952697753906,REPLAY,NEUTRAL,3,66,66,196,3,False,False,True
323.09559631347656,REPLAY,NEUTRAL,3,66,66,196,3,False,False,True
323.1959228515625,REPLAY,NEUTRAL,3,66,66,196,3,False,False,True
323.292236328125,REPLAY,NEUTRAL,3,66,66,196,3,False,False,True
323.39256286621094,REPLAY,NEUTRAL,3,66,66,196,3,False,False,True
323.4928894042969,REPLAY,NEUTRAL,3,66,66,197,2,False,False,True
323.5932159423828,REPLAY,NEUTRAL,3,66,66,197,2,False,False,True
323.69354248046875,REPLAY,LEFT,3,66,66,197,2,False,False,True
323.7938690185547,REPLAY,LEFT,3,66,66,197,2,False,False,True
323.8941955566406,REPLAY,NEUTRAL,3,66,66,197,2,False,False,True
323.99452209472656,REPLAY,NEUTRAL,3,66,66,197,2,False,False,True
324.0948486328125,REPLAY,NEUTRAL,3,66,66,197,2,False,False,True
324.19517517089844,REPLAY,NEUTRAL,3,66,66,197,2,False,False,True
324.2955017089844,REPLAY,NEUTRAL,3,66,66,197,3,False,False,True
324.3958282470703,REPLAY,NEUTRAL,3,66,66,197,3,False,False,True
324.4921417236328,REPLAY,NEUTRAL,3,66,66,197,3,False,False,True
324.59246826171875,REPLAY,NEUTRAL,3,66,66,198,2,False,False,True
324.6927947998047,REPLAY,NEUTRAL,3,66,66,198,2,False,False,True
324.7931213378906,REPLAY,NEUTRAL,3,66,66,198,2,False,False,True
324.89344787597656,REPLAY,NEUTRAL,3,66,66,198,2,False,False,True
324.9937744140625,REPLAY,NEUTRAL,3,66,66,198,2,False,False,True
325.09410095214844,REPLAY,NEUTRAL,3,66,66,198,2,False,False,True
325.1944274902344,REPLAY,NEUTRAL,3,66,66,198,3,False,False,True
325.2947540283203,REPLAY,LEFT,3,66,66,198,3,False,False,True
325.39508056640625,REPLAY,LEFT,3,66,66,198,3,False,False,True
325.4954071044922,REPLAY,NEUTRAL,3,66,66,198,3,False,False,True
325.5957336425781,REPLAY,NEUTRAL,3,66,66,198,3,False,False,True
325.6920471191406,REPLAY,NEUTRAL,3,66,66,198,3,False,False,True
325.79237365722656,REPLAY,NEUTRAL,3,66,66,198,3,False,False,True
325.8927001953125,REPLAY,NEUTRAL,3,66,66,198,3,False,False,True
325.99302673339844,REPLAY,NEUTRAL,3,66,66,198,3,False,False,True
326.0933532714844,REPLAY,LEFT,3,66,66,198,4,False,False,True
326.1936798095703,REPLAY,NEUTRAL,3,66,66,198,4,False,False,True
326.29400634765625,REPLAY,NEUTRAL,3,66,66,198,4,False,False,True
326.3943328857422,REPLAY,NEUTRAL,3,66,66,198,4,False,False,True
326.4946594238281,REPLAY,NEUTRAL,3,66,66,199,3,False,False,True
326.59498596191406,REPLAY,NEUTRAL,3,66,66,199,3,False,False,True
326.6953125,REPLAY,NEUTRAL,3,66,66,199,3,False,False,True
326.79563903808594,REPLAY,NEUTRAL,3,66,66,199,3,False,False,True
326.8959655761719,REPLAY,RIGHT,3,66,66,199,3,False,False,True
326.9922790527344,REPLAY,RIGHT,3,66,66,199,3,False,False,True
327.0926055908203,REPLAY,RIGHT,3,66,66,199,3,False,False,True
327.19293212890625,REPLAY,NEUTRAL,3,66,66,199,3,False,False,True
327.2932586669922,REPLAY,NEUTRAL,3,67,67,199,2,False,False,True
327.3935852050781,REPLAY,NEUTRAL,3,67,67,199,2,False,False,True
327.49391174316406,REPLAY,NEUTRAL,3,67,67,199,2,False,False,True
327.59423828125,REPLAY,NEUTRAL,3,67,67,199,2,False,False,True
327.69456481933594,REPLAY,LEFT,3,67,67,199,3,False,False,True
327.7948913574219,REPLAY,LEFT,3,67,67,199,3,False,False,True
327.8952178955078,REPLAY,NEUTRAL,3,67,67,199,3,False,False,True
327.99554443359375,REPLAY,NEUTRAL,3,67,67,199,3,False,False,True
328.0958709716797,REPLAY,NEUTRAL,3,67,67,199,3,False,False,True
328.1921844482422,REPLAY,NEUTRAL,3,67,67,199,3,False,False,True
328.2925109863281,REPLAY,NEUTRAL,3,67,67,200,2,False,False,True
328.39283752441406,REPLAY,NEUTRAL,3,67,67,200,2,False,False,True
328.4931640625,REPLAY,NEUTRAL,3,67,67,200,2,False,False,True
328.59349060058594,REPLAY,LEFT,3,67,67,200,2,False,False,True
328.6938171386719,REPLAY,LEFT,3,67,67,200,3,False,False,True
328.7941436767578,REPLAY,NEUTRAL,3,67,67,200,3,False,False,True
328.89447021484375,REPLAY,NEUTRAL,3,67,67,200,3,False,False,True
328.9947967529297,REPLAY,NEUTRAL,3,68,68,200,2,False,False,True
329.0951232910156,REPLAY,NEUTRAL,3,68,68,200,2,False,False,True
329.19544982910156,REPLAY,NEUTRAL,3,68,68,200,2,False,False,True
329.2957763671875,REPLAY,NEUTRAL,3,68,68,200,2,False,False,True
329.39208984375,REPLAY,LEFT,3,68,68,200,2,False,False,True
329.49241638183594,REPLAY,LEFT,3,68,68,200,2,False,False,True
329.5927429199219,REPLAY,NEUTRAL,3,68,68,200,2,False,False,True
329.6930694580078,REPLAY,NEUTRAL,3,68,68,200,3,False,False,True
329.79339599609375,REPLAY,NEUTRAL,3,68,68,200,3,False,False,True
329.8937225341797,REPLAY,NEUTRAL,3,68,68,200,3,False,False,True
329.9940490722656,REPLAY,NEUTRAL,3,68,68,200,3,False,False,True
330.09437561035156,REPLAY,NEUTRAL,3,68,68,200,3,False,False,True
330.1947021484375,REPLAY,LEFT,3,68,68,200,3,False,False,True
330.29502868652344,REPLAY,LEFT,3,68,68,200,3,False,False,True
330.3953552246094,REPLAY,NEUTRAL,3,68,68,200,3,False,False,True
330.4956817626953,REPLAY,NEUTRAL,3,68,68,200,3,False,False,True
330.5919952392578,REPLAY,NEUTRAL,3,68,68,200,3,False,False,True
330.69232177734375,REPLAY,NEUTRAL,3,68,68,201,2,False,False,True
330.7926483154297,REPLAY,NEUTRAL,3,68,68,201,2,False,False,True
330.8929748535156,REPLAY,NEUTRAL,3,68,68,201,2,False,False,True
330.99330139160156,REPLAY,NEUTRAL,3,68,68,201,2,False,False,True
331.0936279296875,REPLAY,NEUTRAL,3,68,68,201,2,False,False,True
331.19395446777344,REPLAY,NEUTRAL,3,68,68,201,2,False,False,True
331.2942810058594,REPLAY,NEUTRAL,3,69,69,201,1,False,False,True
331.3946075439453,REPLAY,NEUTRAL,3,69,69,201,2,False,False,True
331.49493408203125,REPLAY,NEUTRAL,3,69,69,201,2,False,False,True
331.5952606201172,REPLAY,NEUTRAL,3,69,69,201,2,False,False,True
331.6955871582031,REPLAY,NEUTRAL,3,69,69,201,2,False,False,True
331.79591369628906,REPLAY,RIGHT,3,69,69,201,2,False,False,True
331.89222717285156,REPLAY,RIGHT,3,69,69,201,2,False,False,True
331.9925537109375,REPLAY,RIGHT,3,69,69,201,2,False,False,True
332.09288024902344,REPLAY,NEUTRAL,3,69,69,201,2,False,False,True
332.1932067871094,REPLAY,NEUTRAL,3,69,69,201,2,False,False,True
332.2935333251953,REPLAY,NEUTRAL,3,69,69,201,2,False,False,True
332.39385986328125,REPLAY,NEUTRAL,3,69,69,201,2,False,False,True
332.4941864013672,REPLAY,NEUTRAL,3,69,69,201,2,False,False,True
332.5945129394531,REPLAY,NEUTRAL,3,69,69,201,2,False,False,True
332.69483947753906,REPLAY,NEUTRAL,3,69,69,201,2,False,False,True
332.795166015625,REPLAY,NEUTRAL,3,69,69,201,2,False,False,True
332.89549255371094,REPLAY,NEUTRAL,3,69,69,201,3,False,False,True
332.9958190917969,REPLAY,LEFT,3,69,69,201,3,False,False,True
333.0921325683594,REPLAY,LEFT,3,69,69,201,3,False,False,True
333.1924591064453,REPLAY,NEUTRAL,3,69,69,201,3,False,False,True
333.29278564453125,REPLAY,NEUTRAL,3,69,69,202,2,False,False,True
333.3931121826172,REPLAY,NEUTRAL,3,69,69,202,2,False,False,True
333.4934387207031,REPLAY,NEUTRAL,3,69,69,202,2,False,False,True
333.59376525878906,REPLAY,NEUTRAL,3,69,69,202,2,False,False,True
333.694091796875,REPLAY,NEUTRAL,3,69,69,202,2,False,False,True
333.79441833496094,REPLAY,NEUTRAL,3,69,69,202,2,False,False,True
333.8947448730469,REPLAY,NEUTRAL,3,69,69,202,2,False,False,True
333.9950714111328,REPLAY,NEUTRAL,3,70,70,202,1,False,False,True
334.09539794921875,REPLAY,NEUTRAL,3,70,70,202,1,False,False,True
334.1957244873047,REPLAY,NEUTRAL,3,70,70,202,1,False,False,True
334.2920379638672,REPLAY,NEUTRAL,3,70,70,202,1,False,False,True
334.3923645019531,REPLAY,NEUTRAL,3,70,70,202,2,False,False,True
334.49269104003906,REPLAY,NEUTRAL,3,70,70,202,2,False,False,True
334.593017578125,REPLAY,NEUTRAL,3,70,70,202,2,False,False,True
334.69334411621094,REPLAY,NEUTRAL,3,70,70,202,2,False,False,True
334.7936706542969,REPLAY,NEUTRAL,3,70,70,202,2,False,False,True
334.8939971923828,REPLAY,NEUTRAL,3,70,70,202,2,False,False,True
334.99432373046875,REPLAY,NEUTRAL,3,70,70,202,2,False,False,True
335.0946502685547,REPLAY,NEUTRAL,3,70,70,202,2,False,False,True
335.1949768066406,REPLAY,NEUTRAL,3,70,70,202,2,False,False,True
335.29530334472656,REPLAY,RIGHT,3,70,70,202,3,False,False,True
335.3956298828125,REPLAY,NEUTRAL,3,70,70,202,3,False,False,True
335.49595642089844,REPLAY,NEUTRAL,3,71,71,202,2,False,False,True
335.59226989746094,REPLAY,NEUTRAL,3,71,71,202,2,False,False,True
335.6925964355469,REPLAY,NEUTRAL,3,71,71,202,2,False,False,True
335.7929229736328,REPLAY,NEUTRAL,3,71,71,202,2,False,False,True
335.89324951171875,REPLAY,NEUTRAL,3,71,71,202,2,False,False,True
335.9935760498047,REPLAY,NEUTRAL,3,71,71,202,2,False,False,True
336.0939025878906,REPLAY,NEUTRAL,3,71,71,202,2,False,False,True
336.19422912597656,REPLAY,NEUTRAL,3,71,71,202,2,False,False,True
336.2945556640625,REPLAY,NEUTRAL,3,71,71,202,2,False,False,True
336.39488220214844,REPLAY,NEUTRAL,3,71,71,202,2,False,False,True
336.4952087402344,REPLAY,NEUTRAL,3,71,71,202,2,False,False,True
336.5955352783203,REPLAY,NEUTRAL,3,71,71,202,2,False,False,True
336.69586181640625,REPLAY,NEUTRAL,3,71,71,202,2,False,False,True
336.79217529296875,REPLAY,RIGHT,3,71,71,202,3,False,False,True
336.8925018310547,REPLAY,NEUTRAL,3,71,71,202,3,False,False,True
336.9928283691406,REPLAY,NEUTRAL,3,71,71,202,3,False,False,True
337.09315490722656,REPLAY,NEUTRAL,3,71,71,202,3,False,False,True
337.1934814453125,REPLAY,NEUTRAL,3,71,71,202,3,False,False,True
337.29380798339844,REPLAY,NEUTRAL,3,71,71,202,3,False,False,True
337.3941345214844,REPLAY,NEUTRAL,3,71,71,202,3,False,False,True
337.4944610595703,REPLAY,NEUTRAL,3,71,71,202,3,False,False,True
337.59478759765625,REPLAY,NEUTRAL,3,71,71,202,3,False,False,True
337.6951141357422,REPLAY,NEUTRAL,3,71,71,203,2,False,False,True
337.7954406738281,REPLAY,NEUTRAL,3,71,71,203,2,False,False,True
337.89576721191406,REPLAY,NEUTRAL,3,71,71,203,2,False,False,True
337.99208068847656,REPLAY,NEUTRAL,3,71,71,203,2,False,False,True
338.0924072265625,REPLAY,NEUTRAL,3,71,71,203,2,False,False,True
338.19273376464844,REPLAY,NEUTRAL,3,71,71,203,2,False,False,True
338.2930603027344,REPLAY,LEFT,3,72,72,203,1,False,False,True
338.3933868408203,REPLAY,NEUTRAL,3,72,72,203,2,False,False,True
338.49371337890625,REPLAY,NEUTRAL,3,72,72,203,2,False,False,True
338.5940399169922,REPLAY,NEUTRAL,3,72,72,203,2,False,False,True
338.6943664550781,REPLAY,NEUTRAL,3,72,72,203,2,False,False,True
338.79469299316406,REPLAY,NEUTRAL,3,72,72,203,2,False,False,True
338.89501953125,REPLAY,NEUTRAL,3,72,72,203,2,False,False,True
338.99534606933594,REPLAY,NEUTRAL,3,72,72,203,2,False,False,True
339.0956726074219,REPLAY,NEUTRAL,3,72,72,203,3,False,False,True
339.1919860839844,REPLAY,NEUTRAL,3,72,72,203,3,False,False,True
339.2923126220703,REPLAY,RIGHT,3,72,72,203,3,False,False,True
339.39263916015625,REPLAY,NEUTRAL,3,72,72,203,3,False,False,True
339.4929656982422,REPLAY,NEUTRAL,3,73,73,203,2,False,False,True
339.5932922363281,REPLAY,NEUTRAL,3,73,73,203,2,False,False,True
339.69361877441406,REPLAY,NEUTRAL,3,73,73,203,2,False,False,True
339.7939453125,REPLAY,RIGHT,3,73,73,203,2,False,False,True
339.89427185058594,REPLAY,RIGHT,3,73,73,203,2,False,False,True
339.9945983886719,REPLAY,RIGHT,3,73,73,203,2,False,False,True
340.0949249267578,REPLAY,NEUTRAL,3,73,73,203,2,False,False,True
340.19525146484375,REPLAY,NEUTRAL,3,73,73,203,2,False,False,True
340.2955780029297,REPLAY,NEUTRAL,3,73,73,203,2,False,False,True
340.3959045410156,REPLAY,NEUTRAL,3,73,73,203,3,False,False,True
340.4922180175781,REPLAY,NEUTRAL,3,73,73,203,3,False,False,True
340.59254455566406,REPLAY,NEUTRAL,3,73,73,203,3,False,False,True
340.69287109375,REPLAY,NEUTRAL,3,73,73,203,3,False,False,True
340.79319763183594,REPLAY,NEUTRAL,3,73,73,203,3,False,False,True
340.8935241699219,REPLAY,NEUTRAL,3,73,73,203,3,False,False,True
340.9938507080078,REPLAY,NEUTRAL,3,73,73,203,3,False,False,True
341.09417724609375,REPLAY,NEUTRAL,3,73,73,203,3,False,False,True
341.1945037841797,REPLAY,NEUTRAL,3,73,73,203,3,False,False,True
341.2948303222656,REPLAY,NEUTRAL,3,73,73,203,3,False,False,True
341.39515686035156,REPLAY,NEUTRAL,3,73,73,203,3,False,False,True
341.4954833984375,REPLAY,NEUTRAL,3,74,74,203,2,False,False,True
341.59580993652344,REPLAY,NEUTRAL,3,74,74,203,2,False,False,True
341.69212341308594,REPLAY,NEUTRAL,3,74,74,203,2,False,False,True
341.7924499511719,REPLAY,NEUTRAL,3,74,74,203,2,False,False,True
341.8927764892578,REPLAY,LEFT,3,74,74,203,2,False,False,True
341.99310302734375,REPLAY,LEFT,3,74,74,203,3,False,False,True
342.0934295654297,REPLAY,NEUTRAL,3,74,74,203,3,False,False,True
342.1937561035156,REPLAY,NEUTRAL,3,74,74,203,3,False,False,True
342.29408264160156,REPLAY,LEFT,3,74,74,203,3,False,False,True
342.3944091796875,REPLAY,LEFT,3,74,74,203,3,False,False,True
342.49473571777344,REPLAY,LEFT,3,74,74,204,2,False,False,True
342.5950622558594,REPLAY,NEUTRAL,3,74,74,204,2,False,False,True
342.6953887939453,REPLAY,LEFT,3,74,74,204,2,False,False,True
342.79571533203125,REPLAY,LEFT,3,74,74,204,3,False,False,True
342.89202880859375,REPLAY,NEUTRAL,3,74,74,204,3,False,False,True
342.9923553466797,REPLAY,NEUTRAL,3,74,74,204,3,False,False,True
343.0926818847656,REPLAY,NEUTRAL,3,74,74,204,3,False,False,True
343.19300842285156,REPLAY,NEUTRAL,3,74,74,204,3,False,False,True
343.2933349609375,REPLAY,NEUTRAL,3,74,74,204,3,False,False,True
343.39366149902344,REPLAY,NEUTRAL,3,74,74,205,2,False,False,True
343.4939880371094,REPLAY,NEUTRAL,3,74,74,205,2,False,False,True
343.5943145751953,REPLAY,NEUTRAL,3,74,74,205,3,False,False,True
343.69464111328125,REPLAY,NEUTRAL,3,74,74,205,3,False,False,True
343.7949676513672,REPLAY,NEUTRAL,3,74,74,205,3,False,False,True
343.8952941894531,REPLAY,NEUTRAL,3,74,74,205,3,False,False,True
343.99562072753906,REPLAY,NEUTRAL,3,74,74,205,3,False,False,True
344.095947265625,REPLAY,NEUTRAL,3,74,74,205,3,False,False,True
344.1922607421875,REPLAY,NEUTRAL,3,74,74,205,3,False,False,True
344.29258728027344,REPLAY,NEUTRAL,3,74,74,205,3,False,False,True
344.3929138183594,REPLAY,NEUTRAL,3,74,74,205,3,False,False,True
344.4932403564453,REPLAY,NEUTRAL,3,74,74,205,3,False,False,True
344.59356689453125,REPLAY,NEUTRAL,3,74,74,205,3,False,False,True
344.6938934326172,REPLAY,NEUTRAL,3,74,74,205,3,False,False,True
344.7942199707031,REPLAY,RIGHT,3,74,74,205,4,False,False,True
344.89454650878906,REPLAY,RIGHT,3,74,74,205,4,False,False,True
344.994873046875,REPLAY,NEUTRAL,3,74,74,205,4,False,False,True
345.09519958496094,REPLAY,NEUTRAL,3,74,74,205,4,False,False,True
345.1955261230469,REPLAY,NEUTRAL,3,75,75,205,3,False,False,True
345.2958526611328,REPLAY,NEUTRAL,3,75,75,205,3,False,False,True
345.3921661376953,REPLAY,NEUTRAL,3,76,76,205,2,False,False,True
345.49249267578125,REPLAY,NEUTRAL,3,76,76,205,2,False,False,True
345.5928192138672,REPLAY,NEUTRAL,3,76,76,205,2,False,False,True
345.6931457519531,REPLAY,NEUTRAL,3,76,76,205,2,False,False,True
345.79347229003906,REPLAY,NEUTRAL,3,76,76,205,2,False,False,True
345.893798828125,REPLAY,NEUTRAL,3,76,76,205,2,False,False,True
345.99412536621094,REPLAY,NEUTRAL,3,76,76,205,3,False,False,True
346.0944519042969,REPLAY,NEUTRAL,3,76,76,205,3,False,False,True
346.1947784423828,REPLAY,NEUTRAL,3,76,76,205,3,False,False,True
346.29510498046875,REPLAY,NEUTRAL,3,76,76,205,3,False,False,True
346.3954315185547,REPLAY,NEUTRAL,3,76,76,205,3,False,False,True
346.4957580566406,REPLAY,NEUTRAL,3,76,76,205,3,False,False,True
346.5920715332031,REPLAY,NEUTRAL,3,76,76,205,3,False,False,True
346.69239807128906,REPLAY,NEUTRAL,3,76,76,205,3,False,False,True
346.792724609375,REPLAY,LEFT,3,76,76,205,3,False,False,True
346.89305114746094,REPLAY,NEUTRAL,3,76,76,205,3,False,False,True
346.9933776855469,REPLAY,NEUTRAL,3,76,76,205,3,False,False,True
347.0937042236328,REPLAY,NEUTRAL,3,76,76,206,2,False,False,True
347.19403076171875,REPLAY,LEFT,3,76,76,206,3,False,False,True
347.2943572998047,REPLAY,LEFT,3,76,76,206,3,False,False,True
347.3946838378906,REPLAY,LEFT,3,76,76,206,3,False,False,True
347.49501037597656,REPLAY,NEUTRAL,3,76,76,206,3,False,False,True
347.5953369140625,REPLAY,NEUTRAL,3,76,76,206,3,False,False,True
347.69566345214844,REPLAY,NEUTRAL,3,76,76,206,3,False,False,True
347.79197692871094,REPLAY,NEUTRAL,3,76,76,206,3,False,False,True
347.8923034667969,REPLAY,NEUTRAL,3,76,76,207,2,False,False,True
347.9926300048828,REPLAY,NEUTRAL,3,76,76,207,2,False,False,True
348.09295654296875,REPLAY,NEUTRAL,3,76,76,207,2,False,False,True
348.1932830810547,REPLAY,NEUTRAL,3,76,76,207,2,False,False,True
348.2936096191406,REPLAY,LEFT,3,76,76,207,3,False,False,True
348.39393615722656,REPLAY,LEFT,3,76,76,207,3,False,False,True
348.4942626953125,REPLAY,NEUTRAL,3,76,76,207,3,False,False,True
348.59458923339844,REPLAY,NEUTRAL,3,76,76,207,3,False,False,True
348.6949157714844,REPLAY,NEUTRAL,3,76,76,207,3,False,False,True
348.7952423095703,REPLAY,NEUTRAL,3,76,76,207,3,False,False,True
348.89556884765625,REPLAY,NEUTRAL,3,76,76,207,3,False,False,True
348.9958953857422,REPLAY,NEUTRAL,3,76,76,207,3,False,False,True
349.0922088623047,REPLAY,NEUTRAL,3,76,76,207,3,False,False,True
349.1925354003906,REPLAY,LEFT,3,76,76,207,4,False,False,True
349.29286193847656,REPLAY,LEFT,3,76,76,207,4,False,False,True
349.3931884765625,REPLAY,NEUTRAL,3,76,76,207,4,False,False,True
349.49351501464844,REPLAY,NEUTRAL,3,76,76,208,3,False,False,True
349.5938415527344,REPLAY,NEUTRAL,3,76,76,208,3,False,False,True
349.6941680908203,REPLAY,NEUTRAL,3,76,76,208,3,False,False,True
349.79449462890625,REPLAY,NEUTRAL,3,76,76,208,3,False,False,True
349.8948211669922,REPLAY,LEFT,3,76,76,208,3,False,False,True
349.9951477050781,REPLAY,LEFT,3,76,76,208,3,False,False,True
350.09547424316406,REPLAY,NEUTRAL,3,77,77,208,3,False,False,True
350.19580078125,REPLAY,NEUTRAL,3,77,77,208,3,False,False,True
350.2921142578125,REPLAY,NEUTRAL,3,77,77,208,3,False,False,True
350.39244079589844,REPLAY,NEUTRAL,3,77,77,208,3,False,False,True
350.4927673339844,REPLAY,NEUTRAL,3,77,77,208,3,False,False,True
350.5930938720703,REPLAY,NEUTRAL,3,77,77,208,3,False,False,True
350.69342041015625,REPLAY,RIGHT,3,77,77,208,3,False,False,True
350.7937469482422,REPLAY,RIGHT,3,77,77,208,3,False,False,True
350.8940734863281,REPLAY,RIGHT,3,77,77,208,3,False,False,True
350.99440002441406,REPLAY,RIGHT,3,77,77,208,3,False,False,True
351.0947265625,REPLAY,NEUTRAL,3,77,77,208,3,False,False,True
351.19505310058594,REPLAY,NEUTRAL,3,77,77,208,3,False,False,True
351.2953796386719,REPLAY,NEUTRAL,3,77,77,208,3,False,False,True
351.3957061767578,REPLAY,NEUTRAL,3,77,77,209,3,False,False,True
351.4920196533203,REPLAY,NEUTRAL,3,77,77,209,3,False,False,True
351.59234619140625,REPLAY,NEUTRAL,3,77,77,209,3,False,False,True
351.6926727294922,REPLAY,NEUTRAL,3,77,77,209,3,False,False,True
351.7929992675781,REPLAY,NEUTRAL,3,77,77,209,3,False,False,True
351.89332580566406,REPLAY,NEUTRAL,3,77,77,209,3,False,False,True
351.99365234375,REPLAY,NEUTRAL,3,77,77,209,3,False,False,True
352.09397888183594,REPLAY,NEUTRAL,3,77,77,209,3,False,False,True
352.1943054199219,REPLAY,NEUTRAL,3,77,77,210,2,False,False,True
352.2946319580078,REPLAY,NEUTRAL,3,77,77,210,2,False,False,True
352.39495849609375,REPLAY,RIGHT,3,77,77,210,2,False,False,True
352.4952850341797,REPLAY,RIGHT,3,77,77,210,2,False,False,True
352.5956115722656,REPLAY,NEUTRAL,3,77,77,210,2,False,False,True
352.69593811035156,REPLAY,NEUTRAL,3,77,77,210,2,False,False,True
352.79225158691406,REPLAY,NEUTRAL,3,77,77,210,2,False,False,True
352.892578125,REPLAY,NEUTRAL,3,77,77,210,2,False,False,True
352.99290466308594,REPLAY,NEUTRAL,3,77,77,210,3,False,False,True
353.0932312011719,REPLAY,NEUTRAL,3,77,77,211,2,False,False,True
353.1935577392578,REPLAY,NEUTRAL,3,77,77,211,2,False,False,True
353.29388427734375,REPLAY,NEUTRAL,3,77,77,211,2,False,False,True
353.3942108154297,REPLAY,NEUTRAL,3,77,77,211,2,False,False,True
353.4945373535156,REPLAY,RIGHT,3,77,77,211,2,False,False,True
353.59486389160156,REPLAY,RIGHT,3,77,77,211,2,False,False,True
353.6951904296875,REPLAY,NEUTRAL,3,77,77,211,2,False,False,True
353.79551696777344,REPLAY,NEUTRAL,3,77,77,211,2,False,False,True
353.8958435058594,REPLAY,LEFT,3,77,77,211,2,False,False,True
353.9921569824219,REPLAY,LEFT,3,77,77,211,2,False,False,True
354.0924835205078,REPLAY,NEUTRAL,3,77,77,211,2,False,False,True
354.19281005859375,REPLAY,NEUTRAL,3,77,77,211,2,False,False,True
354.2931365966797,REPLAY,NEUTRAL,3,77,77,211,2,False,False,True
354.3934631347656,REPLAY,NEUTRAL,3,77,77,211,3,False,False,True
354.49378967285156,REPLAY,NEUTRAL,3,78,78,211,2,False,False,True
354.5941162109375,REPLAY,NEUTRAL,3,78,78,211,2,False,False,True
354.69444274902344,REPLAY,NEUTRAL,3,78,78,211,2,False,False,True
354.7947692871094,REPLAY,NEUTRAL,3,78,78,211,2,False,False,True
354.8950958251953,REPLAY,NEUTRAL,3,78,78,211,2,False,False,True
354.99542236328125,REPLAY,NEUTRAL,3,78,78,211,2,False,False,True
355.0957489013672,REPLAY,NEUTRAL,3,78,78,211,2,False,False,True
355.1920623779297,REPLAY,NEUTRAL,3,78,78,211,3,False,False,True
355.2923889160156,REPLAY,NEUTRAL,3,78,78,211,3,False,False,True
355.39271545410156,REPLAY,NEUTRAL,3,78,78,211,3,False,False,True
355.4930419921875,REPLAY,NEUTRAL,3,78,78,211,3,False,False,True
355.59336853027344,REPLAY,LEFT,3,78,78,211,3,False,False,True
355.6936950683594,REPLAY,NEUTRAL,3,78,78,211,3,False,False,True
355.7940216064453,REPLAY,RIGHT,3,78,78,211,3,False,False,True
355.89434814453125,REPLAY,NEUTRAL,3,78,78,211,3,False,False,True
355.9946746826172,REPLAY,NEUTRAL,3,78,78,211,3,False,False,True
356.0950012207031,REPLAY,NEUTRAL,3,78,78,211,4,False,False,True
356.19532775878906,REPLAY,NEUTRAL,3,78,78,211,4,False,False,True
356.295654296875,REPLAY,NEUTRAL,3,78,78,212,3,False,False,True
356.39598083496094,REPLAY,NEUTRAL,3,78,78,212,3,False,False,True
356.49229431152344,REPLAY,NEUTRAL,3,78,78,212,3,False,False,True
356.5926208496094,REPLAY,NEUTRAL,3,78,78,212,3,False,False,True
356.6929473876953,REPLAY,NEUTRAL,3,78,78,212,3,False,False,True
356.79327392578125,REPLAY,NEUTRAL,3,78,78,212,3,False,False,True
356.8936004638672,REPLAY,NEUTRAL,3,78,78,212,3,False,False,True
356.9939270019531,REPLAY,NEUTRAL,3,78,78,212,4,False,False,True
357.09425354003906,REPLAY,NEUTRAL,3,78,78,212,4,False,False,True
357.194580078125,REPLAY,NEUTRAL,3,78,78,212,4,False,False,True
357.29490661621094,REPLAY,NEUTRAL,3,78,78,213,3,False,False,True
357.3952331542969,REPLAY,NEUTRAL,3,78,78,213,3,False,False,True
357.4955596923828,REPLAY,NEUTRAL,3,78,78,213,3,False,False,True
357.59588623046875,REPLAY,NEUTRAL,3,78,78,213,3,False,False,True
357.69219970703125,REPLAY,NEUTRAL,3,78,78,213,3,False,False,True
357.7925262451172,REPLAY,NEUTRAL,3,78,78,213,3,False,False,True
357.8928527832031,REPLAY,NEUTRAL,3,78,78,213,3,False,False,True
357.99317932128906,REPLAY,NEUTRAL,3,78,78,213,3,False,False,True
358.093505859375,REPLAY,NEUTRAL,3,78,78,213,3,False,False,True
358.19383239746094,REPLAY,NEUTRAL,3,78,78,213,3,False,False,True
358.2941589355469,REPLAY,NEUTRAL,3,78,78,214,2,False,False,True
358.3944854736328,REPLAY,NEUTRAL,3,78,78,214,2,False,False,True
358.49481201171875,REPLAY,NEUTRAL,3,78,78,214,3,False,False,True
358.5951385498047,REPLAY,RIGHT,3,78,78,214,3,False,False,True
358.6954650878906,REPLAY,NEUTRAL,3,78,78,214,3,False,False,True
358.79579162597656,REPLAY,NEUTRAL,3,78,78,214,3,False,False,True
358.89210510253906,REPLAY,NEUTRAL,3,78,78,214,3,False,False,True
358.992431640625,REPLAY,NEUTRAL,3,78,78,214,3,False,False,True
359.09275817871094,REPLAY,RIGHT,3,78,78,214,3,False,False,True
359.1930847167969,REPLAY,RIGHT,3,78,78,214,3,False,False,True
359.2934112548828,REPLAY,NEUTRAL,3,78,78,214,3,False,False,True
359.39373779296875,REPLAY,NEUTRAL,3,78,78,214,4,False,False,True
359.4940643310547,REPLAY,NEUTRAL,3,78,78,214,4,False,False,True
359.5943908691406,REPLAY,NEUTRAL,3,78,78,215,3,False,False,True
359.69471740722656,REPLAY,NEUTRAL,3,78,78,215,3,False,False,True
359.7950439453125,REPLAY,NEUTRAL,3,78,78,215,3,False,False,True
359.89537048339844,REPLAY,LEFT,3,78,78,215,3,False,False,True
359.9956970214844,REPLAY,LEFT,3,78,78,215,3,False,False,True
360.0920104980469,REPLAY,NEUTRAL,3,78,78,216,2,False,False,True
360.1923370361328,REPLAY,NEUTRAL,3,78,78,216,2,False,False,True
360.29266357421875,REPLAY,NEUTRAL,3,78,78,216,3,False,False,True
360.3929901123047,REPLAY,NEUTRAL,3,78,78,216,3,False,False,True
360.4933166503906,REPLAY,NEUTRAL,3,78,78,216,3,False,False,True
360.59364318847656,REPLAY,NEUTRAL,3,78,78,216,3,False,False,True
360.6939697265625,REPLAY,NEUTRAL,3,78,78,216,3,False,False,True
360.79429626464844,REPLAY,NEUTRAL,3,78,78,216,3,False,False,True
360.8946228027344,REPLAY,NEUTRAL,3,78,78,216,3,False,False,True
360.9949493408203,REPLAY,NEUTRAL,3,78,78,216,3,False,False,True
361.09527587890625,REPLAY,NEUTRAL,3,78,78,216,3,False,False,True
361.1956024169922,REPLAY,NEUTRAL,3,78,78,216,3,False,False,True
361.2959289550781,REPLAY,NEUTRAL,3,78,78,216,3,False,False,True
361.3922424316406,REPLAY,NEUTRAL,3,78,78,216,4,False,False,True
361.49256896972656,REPLAY,NEUTRAL,3,78,78,217,3,False,False,True
361.5928955078125,REPLAY,NEUTRAL,3,78,78,217,3,False,False,True
361.69322204589844,REPLAY,NEUTRAL,3,78,78,217,3,False,False,True
361.7935485839844,REPLAY,NEUTRAL,3,78,78,217,3,False,False,True
361.8938751220703,REPLAY,NEUTRAL,3,78,78,217,3,False,False,True
361.99420166015625,REPLAY,NEUTRAL,3,78,78,217,3,False,False,True
362.0945281982422,REPLAY,NEUTRAL,3,78,78,217,3,False,False,True
362.1948547363281,REPLAY,NEUTRAL,3,78,78,217,3,False,False,True
362.29518127441406,REPLAY,NEUTRAL,3,78,78,217,4,False,False,True
362.3955078125,REPLAY,NEUTRAL,3,78,78,217,4,False,False,True
362.49583435058594,REPLAY,NEUTRAL,3,79,79,217,3,False,False,True
362.59214782714844,REPLAY,NEUTRAL,3,79,79,217,3,False,False,True
362.6924743652344,REPLAY,NEUTRAL,3,79,79,217,3,False,False,True
362.7928009033203,REPLAY,NEUTRAL,3,79,79,217,3,False,False,True
362.89312744140625,REPLAY,NEUTRAL,3,79,79,217,3,False,False,True
362.9934539794922,REPLAY,NEUTRAL,3,79,79,217,3,False,False,True
363.0937805175781,REPLAY,NEUTRAL,3,79,79,217,3,False,False,True
363.19410705566406,REPLAY,NEUTRAL,3,79,79,217,3,False,False,True
363.29443359375,REPLAY,NEUTRAL,3,79,79,217,3,False,False,True
363.39476013183594,REPLAY,LEFT,3,79,79,217,3,False,False,True
363.4950866699219,REPLAY,LEFT,3,79,79,217,4,False,False,True
363.5954132080078,REPLAY,LEFT,3,79,79,217,4,False,False,True
363.69573974609375,REPLAY,LEFT,3,79,79,217,4,False,False,True
363.79205322265625,REPLAY,NEUTRAL,3,79,79,218,3,False,False,True
363.8923797607422,REPLAY,NEUTRAL,3,79,79,218,3,False,False,True
363.9927062988281,REPLAY,NEUTRAL,3,79,79,218,3,False,False,True
364.09303283691406,REPLAY,NEUTRAL,3,79,79,218,3,False,False,True
364.193359375,REPLAY,LEFT,3,79,79,218,3,False,False,True
364.29368591308594,REPLAY,NEUTRAL,3,79,79,218,3,False,False,True
364.3940124511719,REPLAY,NEUTRAL,3,79,79,218,3,False,False,True
364.4943389892578,REPLAY,NEUTRAL,3,79,79,218,3,False,False,True
364.59466552734375,REPLAY,NEUTRAL,3,79,79,218,4,False,False,True
364.6949920654297,REPLAY,NEUTRAL,3,79,79,218,4,False,False,True
364.7953186035156,REPLAY,NEUTRAL,3,79,79,219,3,False,False,True
364.89564514160156,REPLAY,NEUTRAL,3,79,79,219,3,False,False,True
364.9959716796875,REPLAY,NEUTRAL,3,79,79,219,3,False,False,True
365.09228515625,REPLAY,NEUTRAL,3,80,80,219,2,False,False,True
365.19261169433594,REPLAY,NEUTRAL,3,80,80,219,2,False,False,True
365.2929382324219,REPLAY,RIGHT,3,80,80,219,2,False,False,True
365.3932647705078,REPLAY,RIGHT,3,80,80,219,2,False,False,True
365.49359130859375,REPLAY,NEUTRAL,3,80,80,219,2,False,False,True
365.5939178466797,REPLAY,NEUTRAL,3,80,80,219,2,False,False,True
365.6942443847656,REPLAY,NEUTRAL,3,80,80,219,2,False,False,True
365.79457092285156,REPLAY,NEUTRAL,3,80,80,219,2,False,False,True
365.8948974609375,REPLAY,NEUTRAL,3,80,80,219,2,False,False,True
365.99522399902344,REPLAY,NEUTRAL,3,80,80,219,2,False,False,True
366.0955505371094,REPLAY,LEFT,3,80,80,219,2,False,False,True
366.1958770751953,REPLAY,LEFT,3,80,80,219,3,False,False,True
366.2921905517578,REPLAY,LEFT,3,80,80,219,3,False,False,True
366.39251708984375,REPLAY,NEUTRAL,3,81,81,219,2,False,False,True
366.4928436279297,REPLAY,NEUTRAL,3,81,81,219,2,False,False,True
366.5931701660156,REPLAY,NEUTRAL,3,81,81,219,2,False,False,True
366.69349670410156,REPLAY,NEUTRAL,3,81,81,219,2,False,False,True
366.7938232421875,REPLAY,NEUTRAL,3,81,81,219,2,False,False,True
366.89414978027344,REPLAY,NEUTRAL,3,81,81,219,2,False,False,True
366.9944763183594,REPLAY,NEUTRAL,3,81,81,219,2,False,False,True
367.0948028564453,REPLAY,NEUTRAL,3,81,81,219,2,False,False,True
367.19512939453125,REPLAY,LEFT,3,81,81,219,2,False,False,True
367.2954559326172,REPLAY,LEFT,3,81,81,219,2,False,False,True
367.3957824707031,REPLAY,NEUTRAL,3,81,81,219,2,False,False,True
367.4920959472656,REPLAY,NEUTRAL,3,82,82,219,1,False,False,True
367.59242248535156,REPLAY,NEUTRAL,3,82,82,219,1,False,False,True
367.6927490234375,REPLAY,LEFT,3,82,82,219,2,False,False,True
367.79307556152344,REPLAY,LEFT,3,82,82,219,2,False,False,True
367.8934020996094,REPLAY,NEUTRAL,3,82,82,219,2,False,False,True
367.9937286376953,REPLAY,RIGHT,3,82,82,219,2,False,False,True
368.09405517578125,REPLAY,RIGHT,3,82,82,219,2,False,False,True
368.1943817138672,REPLAY,RIGHT,3,82,82,219,2,False,False,True
368.2947082519531,REPLAY,NEUTRAL,3,82,82,219,2,False,False,True
368.39503479003906,REPLAY,NEUTRAL,3,82,82,219,2,False,False,True
368.495361328125,REPLAY,NEUTRAL,3,82,82,219,3,False,False,True
368.59568786621094,REPLAY,NEUTRAL,3,82,82,219,3,False,False,True
368.69200134277344,REPLAY,NEUTRAL,3,82,82,219,3,False,False,True
368.7923278808594,REPLAY,NEUTRAL,3,82,82,219,3,False,False,True
368.8926544189453,REPLAY,NEUTRAL,3,83,83,219,2,False,False,True
368.99298095703125,REPLAY,NEUTRAL,3,83,83,219,2,False,False,True
369.0933074951172,REPLAY,NEUTRAL,3,83,83,219,2,False,False,True
369.1936340332031,REPLAY,NEUTRAL,3,83,83,219,2,False,False,True
369.29396057128906,REPLAY,RIGHT,3,83,83,219,2,False,False,True
369.394287109375,REPLAY,RIGHT,3,83,83,219,2,False,False,True
369.49461364746094,REPLAY,NEUTRAL,3,83,83,219,2,False,False,True
369.5949401855469,REPLAY,RIGHT,3,83,83,219,2,False,False,True
369.6952667236328,REPLAY,NEUTRAL,3,83,83,219,2,False,False,True
369.79559326171875,REPLAY,NEUTRAL,3,83,83,219,3,False,False,True
369.8959197998047,REPLAY,NEUTRAL,3,83,83,219,3,False,False,True
369.9922332763672,REPLAY,RIGHT,3,83,83,219,3,False,False,True
370.0925598144531,REPLAY,RIGHT,3,83,83,219,3,False,False,True
370.19288635253906,REPLAY,NEUTRAL,3,83,83,219,3,False,False,True
370.293212890625,REPLAY,NEUTRAL,3,83,83,219,3,False,False,True
370.39353942871094,REPLAY,NEUTRAL,3,83,83,219,3,False,False,True
370.4938659667969,REPLAY,NEUTRAL,3,84,84,219,2,False,False,True
370.5941925048828,REPLAY,NEUTRAL,3,84,84,219,2,False,False,True
370.69451904296875,REPLAY,NEUTRAL,3,84,84,219,3,False,False,True
370.7948455810547,REPLAY,NEUTRAL,3,84,84,219,3,False,False,True
370.8951721191406,REPLAY,NEUTRAL,3,84,84,219,3,False,False,True
370.99549865722656,REPLAY,NEUTRAL,3,84,84,219,3,False,False,True
371.0958251953125,REPLAY,NEUTRAL,3,84,84,219,3,False,False,True
371.192138671875,REPLAY,NEUTRAL,3,84,84,219,3,False,False,True
371.29246520996094,REPLAY,NEUTRAL,3,84,84,219,3,False,False,True
371.3927917480469,REPLAY,LEFT,3,84,84,219,3,False,False,True
371.4931182861328,REPLAY,LEFT,3,84,84,219,3,False,False,True
371.59344482421875,REPLAY,NEUTRAL,3,84,84,219,3,False,False,True
371.6937713623047,REPLAY,NEUTRAL,3,84,84,219,3,False,False,True
371.7940979003906,REPLAY,NEUTRAL,3,84,84,220,2,False,False,True
371.89442443847656,REPLAY,NEUTRAL,3,84,84,220,2,False,False,True
371.9947509765625,REPLAY,NEUTRAL,3,84,84,220,3,False,False,True
372.09507751464844,REPLAY,NEUTRAL,3,84,84,220,3,False,False,True
372.1954040527344,REPLAY,NEUTRAL,3,84,84,220,3,False,False,True
372.2957305908203,REPLAY,NEUTRAL,3,84,84,220,3,False,False,True
372.3920440673828,REPLAY,LEFT,3,84,84,220,3,False,False,True
372.49237060546875,REPLAY,LEFT,3,84,84,220,3,False,False,True
372.5926971435547,REPLAY,LEFT,3,84,84,220,3,False,False,True
372.6930236816406,REPLAY,NEUTRAL,3,84,84,220,3,False,False,True
372.79335021972656,REPLAY,NEUTRAL,3,84,84,220,3,False,False,True
372.8936767578125,REPLAY,NEUTRAL,3,84,84,220,3,False,False,True
372.99400329589844,REPLAY,NEUTRAL,3,85,85,220,2,False,False,True
373.0943298339844,REPLAY,LEFT,3,85,85,220,2,False,False,True
373.1946563720703,REPLAY,LEFT,3,85,85,220,2,False,False,True
373.29498291015625,REPLAY,LEFT,3,85,85,220,2,False,False,True
373.3953094482422,REPLAY,LEFT,3,85,85,220,2,False,False,True
373.4956359863281,REPLAY,NEUTRAL,3,85,85,220,2,False,False,True
373.59596252441406,REPLAY,NEUTRAL,3,85,85,220,3,False,False,True
373.69227600097656,REPLAY,NEUTRAL,3,85,85,220,3,False,False,True
373.7926025390625,REPLAY,NEUTRAL,3,85,85,220,3,False,False,True
373.89292907714844,REPLAY,NEUTRAL,3,85,85,220,3,False,False,True
373.9932556152344,REPLAY,NEUTRAL,3,85,85,220,3,False,False,True
374.0935821533203,REPLAY,NEUTRAL,3,85,85,220,3,False,False,True
374.19390869140625,REPLAY,LEFT,3,85,85,221,2,False,False,True
374.2942352294922,REPLAY,LEFT,3,85,85,221,2,False,False,True
374.3945617675781,REPLAY,NEUTRAL,3,85,85,221,2,False,False,True
374.49488830566406,REPLAY,NEUTRAL,3,85,85,221,2,False,False,True
374.59521484375,REPLAY,NEUTRAL,3,85,85,221,2,False,False,True
374.69554138183594,REPLAY,NEUTRAL,3,85,85,221,2,False,False,True
374.7958679199219,REPLAY,NEUTRAL,3,85,85,221,3,False,False,True
374.8921813964844,REPLAY,NEUTRAL,3,85,85,221,3,False,False,True
374.9925079345703,REPLAY,NEUTRAL,3,85,85,221,3,False,False,True
375.09283447265625,REPLAY,RIGHT,3,85,85,221,3,False,False,True
375.1931610107422,REPLAY,RIGHT,3,85,85,221,3,False,False,True
375.2934875488281,REPLAY,RIGHT,3,85,85,221,3,False,False,True
375.39381408691406,REPLAY,NEUTRAL,3,85,85,222,2,False,False,True
375.494140625,REPLAY,NEUTRAL,3,85,85,222,2,False,False,True
375.59446716308594,REPLAY,NEUTRAL,3,85,85,222,2,False,False,True
375.6947937011719,REPLAY,RIGHT,3,85,85,222,2,False,False,True
375.7951202392578,REPLAY,RIGHT,3,85,85,222,2,False,False,True
375.89544677734375,REPLAY,NEUTRAL,3,85,85,222,2,False,False,True
375.9957733154297,REPLAY,NEUTRAL,3,85,85,222,2,False,False,True
376.0920867919922,REPLAY,LEFT,3,85,85,222,3,False,False,True
376.1924133300781,REPLAY,LEFT,3,85,85,222,3,False,False,True
376.29273986816406,REPLAY,NEUTRAL,3,85,85,222,3,False,False,True
376.39306640625,REPLAY,NEUTRAL,3,85,85,222,3,False,False,True
376.49339294433594,REPLAY,NEUTRAL,3,86,86,222,2,False,False,True
376.5937194824219,REPLAY,NEUTRAL,3,86,86,222,2,False,False,True
376.6940460205078,REPLAY,NEUTRAL,3,86,86,222,2,False,False,True
376.79437255859375,REPLAY,NEUTRAL,3,86,86,222,2,False,False,True
376.8946990966797,REPLAY,NEUTRAL,3,86,86,222,2,False,False,True
376.9950256347656,REPLAY,NEUTRAL,3,86,86,222,2,False,False,True
377.09535217285156,REPLAY,NEUTRAL,3,86,86,222,2,False,False,True
377.1956787109375,REPLAY,NEUTRAL,3,86,86,222,3,False,False,True
377.2919921875,REPLAY,NEUTRAL,3,86,86,222,3,False,False,True
377.39231872558594,REPLAY,NEUTRAL,3,86,86,222,3,False,False,True
377.4926452636719,REPLAY,NEUTRAL,3,86,86,222,3,False,False,True
377.5929718017578,REPLAY,NEUTRAL,3,86,86,222,3,False,False,True
377.69329833984375,REPLAY,NEUTRAL,3,86,86,222,3,False,False,True
377.7936248779297,REPLAY,NEUTRAL,3,86,86,223,2,False,False,True
377.8939514160156,REPLAY,NEUTRAL,3,86,86,223,2,False,False,True
377.99427795410156,REPLAY,NEUTRAL,3,86,86,223,2,False,False,True
378.0946044921875,REPLAY,NEUTRAL,3,86,86,223,2,False,False,True
378.19493103027344,REPLAY,LEFT,3,86,86,223,2,False,False,True
378.2952575683594,REPLAY,NEUTRAL,3,86,86,223,2,False,False,True
378.3955841064453,REPLAY,NEUTRAL,3,86,86,223,3,False,False,True
378.49591064453125,REPLAY,NEUTRAL,3,86,86,223,3,False,False,True
378.59222412109375,REPLAY,NEUTRAL,3,86,86,223,3,False,False,True
378.6925506591797,REPLAY,NEUTRAL,3,86,86,223,3,False,False,True
378.7928771972656,REPLAY,NEUTRAL,3,86,86,223,3,False,False,True
378.89320373535156,REPLAY,NEUTRAL,3,86,86,223,3,False,False,True
378.9935302734375,REPLAY,NEUTRAL,3,86,86,223,3,False,False,True
379.09385681152344,REPLAY,NEUTRAL,3,86,86,224,2,False,False,True
379.1941833496094,REPLAY,NEUTRAL,3,86,86,224,2,False,False,True
379.2945098876953,REPLAY,NEUTRAL,3,86,86,224,2,False,False,True
379.39483642578125,REPLAY,RIGHT,3,86,86,224,3,False,False,True
379.4951629638672,REPLAY,RIGHT,3,86,86,224,3,False,False,True
379.5954895019531,REPLAY,NEUTRAL,3,86,86,224,3,False,False,True
379.69581604003906,REPLAY,NEUTRAL,3,86,86,224,3,False,False,True
379.79212951660156,REPLAY,NEUTRAL,3,86,86,224,3,False,False,True
379.8924560546875,REPLAY,NEUTRAL,3,86,86,224,3,False,False,True
379.99278259277344,REPLAY,NEUTRAL,3,86,86,224,3,False,False,True
380.0931091308594,REPLAY,NEUTRAL,3,86,86,224,3,False,False,True
380.1934356689453,REPLAY,NEUTRAL,3,87,87,224,2,False,False,True
380.29376220703125,REPLAY,NEUTRAL,3,87,87,224,2,False,False,True
380.3940887451172,REPLAY,NEUTRAL,3,87,87,224,2,False,False,True
380.4944152832031,REPLAY,NEUTRAL,3,87,87,224,2,False,False,True
380.59474182128906,REPLAY,NEUTRAL,3,87,87,224,3,False,False,True
380.695068359375,REPLAY,NEUTRAL,3,87,87,224,3,False,False,True
380.79539489746094,REPLAY,NEUTRAL,3,87,87,224,3,False,False,True
380.8957214355469,REPLAY,NEUTRAL,3,87,87,224,3,False,False,True
380.9920349121094,REPLAY,NEUTRAL,3,87,87,224,3,False,False,True
381.0923614501953,REPLAY,NEUTRAL,3,87,87,224,3,False,False,True
381.19268798828125,REPLAY,NEUTRAL,3,87,87,224,3,False,False,True
381.2930145263672,REPLAY,NEUTRAL,3,87,87,224,3,False,False,True
381.3933410644531,REPLAY,LEFT,3,87,87,224,3,False,False,True
381.49366760253906,REPLAY,NEUTRAL,3,87,87,224,3,False,False,True
381.593994140625,REPLAY,NEUTRAL,3,87,87,224,3,False,False,True
381.69432067871094,REPLAY,NEUTRAL,3,87,87,224,4,False,False,True
381.7946472167969,REPLAY,NEUTRAL,3,87,87,225,3,False,False,True
381.8949737548828,REPLAY,NEUTRAL,3,87,87,225,3,False,False,True
381.99530029296875,REPLAY,NEUTRAL,3,87,87,225,3,False,False,True
382.0956268310547,REPLAY,NEUTRAL,3,87,87,225,3,False,False,True
382.1959533691406,REPLAY,LEFT,3,87,87,225,3,False,False,True
382.2922668457031,REPLAY,NEUTRAL,3,87,87,225,3,False,False,True
382.39259338378906,REPLAY,NEUTRAL,3,87,87,225,3,False,False,True
382.492919921875,REPLAY,NEUTRAL,3,87,87,226,2,False,False,True
382.59324645996094,REPLAY,NEUTRAL,3,87,87,226,2,False,False,True
382.6935729980469,REPLAY,NEUTRAL,3,87,87,226,2,False,False,True
382.7938995361328,REPLAY,NEUTRAL,3,87,87,226,2,False,False,True
382.89422607421875,REPLAY,LEFT,3,87,87,226,2,False,False,True
382.9945526123047,REPLAY,LEFT,3,87,87,226,3,False,False,True
383.0948791503906,REPLAY,NEUTRAL,3,87,87,226,3,False,False,True
383.19520568847656,REPLAY,NEUTRAL,3,87,87,226,3,False,False,True
383.2955322265625,REPLAY,NEUTRAL,3,87,87,226,3,False,False,True
383.39585876464844,REPLAY,NEUTRAL,3,87,87,226,3,False,False,True
383.49217224121094,REPLAY,NEUTRAL,3,87,87,226,3,False,False,True
383.5924987792969,REPLAY,NEUTRAL,3,87,87,226,3,False,False,True
383.6928253173828,REPLAY,RIGHT,3,87,87,226,3,False,False,True
383.79315185546875,REPLAY,RIGHT,3,88,88,226,2,False,False,True
383.8934783935547,REPLAY,RIGHT,3,88,88,226,2,False,False,True
383.9938049316406,REPLAY,RIGHT,3,88,88,226,2,False,False,True
384.09413146972656,REPLAY,NEUTRAL,3,88,88,226,2,False,False,True
384.1944580078125,REPLAY,NEUTRAL,3,88,88,226,2,False,False,True
384.29478454589844,REPLAY,NEUTRAL,3,88,88,226,3,False,False,True
384.3951110839844,REPLAY,NEUTRAL,3,88,88,226,3,False,False,True
384.4954376220703,REPLAY,NEUTRAL,3,88,88,226,3,False,False,True
384.59576416015625,REPLAY,NEUTRAL,3,88,88,226,3,False,False,True
384.69207763671875,REPLAY,NEUTRAL,3,88,88,227,2,False,False,True
384.7924041748047,REPLAY,NEUTRAL,3,88,88,227,2,False,False,True
384.8927307128906,REPLAY,LEFT,3,88,88,227,2,False,False,True
384.99305725097656,REPLAY,LEFT,3,88,88,227,2,False,False,True
385.0933837890625,REPLAY,NEUTRAL,3,88,88,227,2,False,False,True
385.19371032714844,REPLAY,NEUTRAL,3,88,88,227,2,False,False,True
385.2940368652344,REPLAY,NEUTRAL,3,88,88,227,2,False,False,True
385.3943634033203,REPLAY,NEUTRAL,3,88,88,227,2,False,False,True
385.49468994140625,REPLAY,NEUTRAL,3,88,88,227,2,False,False,True
385.5950164794922,REPLAY,NEUTRAL,3,88,88,227,2,False,False,True
385.6953430175781,REPLAY,NEUTRAL,3,88,88,227,2,False,False,True
385.79566955566406,REPLAY,NEUTRAL,3,88,88,227,3,False,False,True
385.89198303222656,REPLAY,NEUTRAL,3,88,88,227,3,False,False,True
385.9923095703125,REPLAY,NEUTRAL,3,88,88,227,3,False,False,True
386.09263610839844,REPLAY,NEUTRAL,3,88,88,227,3,False,False,True
386.1929626464844,REPLAY,NEUTRAL,3,88,88,228,2,False,False,True
386.2932891845703,REPLAY,NEUTRAL,3,88,88,228,2,False,False,True
386.39361572265625,REPLAY,NEUTRAL,3,88,88,228,2,False,False,True
386.4939422607422,REPLAY,NEUTRAL,3,88,88,228,2,False,False,True
386.5942687988281,REPLAY,NEUTRAL,3,88,88,228,2,False,False,True
386.69459533691406,REPLAY,NEUTRAL,3,88,88,228,2,False,False,True
386.794921875,REPLAY,NEUTRAL,3,88,88,228,3,False,False,True
386.89524841308594,REPLAY,NEUTRAL,3,88,88,228,3,False,False,True
386.9955749511719,REPLAY,NEUTRAL,3,88,88,228,3,False,False,True
387.0959014892578,REPLAY,NEUTRAL,3,88,88,228,3,False,False,True
387.1922149658203,REPLAY,NEUTRAL,3,88,88,228,3,False,False,True
387.29254150390625,REPLAY,NEUTRAL,3,88,88,228,3,False,False,True
387.3928680419922,REPLAY,RIGHT,3,88,88,229,2,False,False,True
387.4931945800781,REPLAY,RIGHT,3,88,88,229,2,False,False,True
387.59352111816406,REPLAY,RIGHT,3,88,88,229,2,False,False,True
387.69384765625,REPLAY,NEUTRAL,3,88,88,229,3,False,False,True
387.79417419433594,REPLAY,NEUTRAL,3,88,88,229,3,False,False,True
387.8945007324219,REPLAY,NEUTRAL,3,88,88,229,3,False,False,True
387.9948272705078,REPLAY,NEUTRAL,3,88,88,229,3,False,False,True
388.09515380859375,REPLAY,NEUTRAL,3,88,88,229,3,False,False,True
388.1954803466797,REPLAY,NEUTRAL,3,88,88,229,3,False,False,True
388.2958068847656,REPLAY,LEFT,3,88,88,229,3,False,False,True
388.3921203613281,REPLAY,LEFT,3,88,88,229,3,False,False,True
388.49244689941406,REPLAY,NEUTRAL,3,88,88,229,3,False,False,True
388.5927734375,REPLAY,NEUTRAL,3,88,88,229,3,False,False,True
388.69309997558594,REPLAY,NEUTRAL,3,88,88,229,3,False,False,True
388.7934265136719,REPLAY,NEUTRAL,3,88,88,229,4,False,False,True
388.8937530517578,REPLAY,NEUTRAL,3,88,88,229,4,False,False,True
388.99407958984375,REPLAY,NEUTRAL,3,88,88,229,4,False,False,True
389.0944061279297,REPLAY,NEUTRAL,3,88,88,229,4,False,False,True
389.1947326660156,REPLAY,RIGHT,3,88,88,229,4,False,False,True
389.29505920410156,REPLAY,RIGHT,3,88,88,229,4,False,False,True
389.3953857421875,REPLAY,NEUTRAL,3,88,88,230,3,False,False,True
389.49571228027344,REPLAY,NEUTRAL,3,88,88,230,3,False,False,True
389.59202575683594,REPLAY,NEUTRAL,3,88,88,230,3,False,False,True
389.6923522949219,REPLAY,LEFT,3,88,88,230,3,False,False,True
389.7926788330078,REPLAY,LEFT,3,88,88,230,3,False,False,True
389.89300537109375,REPLAY,NEUTRAL,3,88,88,230,3,False,False,True
389.9933319091797,REPLAY,NEUTRAL,3,88,88,231,3,False,False,True
390.0936584472656,REPLAY,NEUTRAL,3,88,88,231,3,False,False,True
390.19398498535156,REPLAY,NEUTRAL,3,88,88,231,3,False,False,True
390.2943115234375,REPLAY,NEUTRAL,3,88,88,231,3,False,False,True
390.39463806152344,REPLAY,NEUTRAL,3,88,88,231,3,False,False,True
390.4949645996094,REPLAY,NEUTRAL,3,88,88,231,3,False,False,True
390.5952911376953,REPLAY,NEUTRAL,3,88,88,231,3,False,False,True
390.69561767578125,REPLAY,NEUTRAL,3,88,88,232,2,False,False,True
390.7959442138672,REPLAY,NEUTRAL,3,88,88,232,2,False,False,True
390.8922576904297,REPLAY,NEUTRAL,3,88,88,232,2,False,False,True
390.9925842285156,REPLAY,NEUTRAL,3,88,88,232,2,False,False,True
391.09291076660156,REPLAY,RIGHT,3,88,88,232,2,False,False,True
391.1932373046875,REPLAY,RIGHT,3,88,88,232,2,False,False,True
391.29356384277344,REPLAY,NEUTRAL,3,88,88,232,2,False,False,True
391.3938903808594,REPLAY,NEUTRAL,3,88,88,232,2,False,False,True
391.4942169189453,REPLAY,NEUTRAL,3,88,88,232,3,False,False,True
391.59454345703125,REPLAY,NEUTRAL,3,88,88,232,3,False,False,True
391.6948699951172,REPLAY,LEFT,3,88,88,232,3,False,False,True
391.7951965332031,REPLAY,LEFT,3,88,88,232,3,False,False,True
391.89552307128906,REPLAY,NEUTRAL,3,88,88,233,2,False,False,True
391.995849609375,REPLAY,NEUTRAL,3,88,88,233,2,False,False,True
392.0921630859375,REPLAY,NEUTRAL,3,88,88,233,2,False,False,True
392.19248962402344,REPLAY,NEUTRAL,3,88,88,233,2,False,False,True
392.2928161621094,REPLAY,NEUTRAL,3,88,88,233,3,False,False,True
392.3931427001953,REPLAY,NEUTRAL,3,88,88,233,3,False,False,True
392.49346923828125,REPLAY,NEUTRAL,3,88,88,233,3,False,False,True
392.5937957763672,REPLAY,NEUTRAL,3,88,88,233,3,False,False,True
392.6941223144531,REPLAY,NEUTRAL,3,88,88,233,3,False,False,True
392.79444885253906,REPLAY,NEUTRAL,3,88,88,233,3,False,False,True
392.894775390625,REPLAY,LEFT,3,88,88,233,3,False,False,True
392.99510192871094,REPLAY,LEFT,3,88,88,233,4,False,False,True
393.0954284667969,REPLAY,NEUTRAL,3,88,88,233,4,False,False,True
393.1957550048828,REPLAY,NEUTRAL,3,88,88,234,3,False,False,True
393.2920684814453,REPLAY,NEUTRAL,3,88,88,234,3,False,False,True
393.39239501953125,REPLAY,NEUTRAL,3,88,88,234,3,False,False,True
393.4927215576172,REPLAY,NEUTRAL,3,88,88,234,3,False,False,True
393.5930480957031,REPLAY,NEUTRAL,3,88,88,234,3,False,False,True
393.69337463378906,REPLAY,NEUTRAL,3,88,88,234,3,False,False,True
393.793701171875,REPLAY,LEFT,3,88,88,234,3,False,False,True
393.89402770996094,REPLAY,NEUTRAL,3,88,88,234,3,False,False,True
393.9943542480469,REPLAY,NEUTRAL,3,88,88,234,3,False,False,True
394.0946807861328,REPLAY,NEUTRAL,3,88,88,234,4,False,False,True
394.19500732421875,REPLAY,NEUTRAL,3,88,88,234,4,False,False,True
394.2953338623047,REPLAY,NEUTRAL,3,88,88,234,4,False,False,True
394.3956604003906,REPLAY,NEUTRAL,3,88,88,234,4,False,False,True
394.49598693847656,REPLAY,NEUTRAL,3,88,88,234,4,False,False,True
394.59230041503906,REPLAY,NEUTRAL,3,88,88,235,3,False,False,True
394.692626953125,REPLAY,NEUTRAL,3,88,88,235,3,False,False,True
394.79295349121094,REPLAY,NEUTRAL,3,88,88,235,3,False,False,True
394.8932800292969,REPLAY,NEUTRAL,3,88,88,235,3,False,False,True
394.9936065673828,REPLAY,NEUTRAL,3,88,88,235,3,False,False,True
395.09393310546875,REPLAY,NEUTRAL,3,88,88,235,3,False,False,True
395.1942596435547,REPLAY,RIGHT,3,88,88,235,3,False,False,True
395.2945861816406,REPLAY,RIGHT,3,88,88,235,4,False,False,True
395.39491271972656,REPLAY,NEUTRAL,3,88,88,236,3,False,False,True
395.4952392578125,REPLAY,NEUTRAL,3,88,88,236,3,False,False,True
395.59556579589844,REPLAY,NEUTRAL,3,88,88,236,3,False,False,True
395.6958923339844,REPLAY,NEUTRAL,3,88,88,236,3,False,False,True
395.7922058105469,REPLAY,NEUTRAL,3,88,88,236,3,False,False,True
395.8925323486328,REPLAY,NEUTRAL,3,88,88,236,3,False,False,True
395.99285888671875,REPLAY,NEUTRAL,3,88,88,236,3,False,False,True
396.0931854248047,REPLAY,NEUTRAL,3,88,88,236,3,False,False,True
396.1935119628906,REPLAY,NEUTRAL,3,88,88,236,3,False,False,True
396.29383850097656,REPLAY,LEFT,3,88,88,236,3,False,False,True
396.3941650390625,REPLAY,LEFT,3,88,88,237,2,False,False,True
396.49449157714844,REPLAY,LEFT,3,88,88,237,2,False,False,True
396.5948181152344,REPLAY,NEUTRAL,3,88,88,237,2,False,False,True
396.6951446533203,REPLAY,NEUTRAL,3,88,88,237,2,False,False,True
396.79547119140625,REPLAY,LEFT,3,89,89,237,1,False,False,True
396.8957977294922,REPLAY,LEFT,3,89,89,237,1,False,False,True
396.9921112060547,REPLAY,LEFT,3,89,89,237,2,False,False,True
397.0924377441406,REPLAY,NEUTRAL,3,89,89,237,2,False,False,True
397.19276428222656,REPLAY,NEUTRAL,3,89,89,237,2,False,False,True
397.2930908203125,REPLAY,NEUTRAL,3,89,89,237,2,False,False,True
397.39341735839844,REPLAY,NEUTRAL,3,89,89,237,2,False,False,True
397.4937438964844,REPLAY,NEUTRAL,3,89,89,237,2,False,False,True
397.5940704345703,REPLAY,NEUTRAL,3,89,89,237,2,False,False,True
397.69439697265625,REPLAY,NEUTRAL,3,89,89,237,2,False,False,True
397.7947235107422,REPLAY,NEUTRAL,3,89,89,237,2,False,False,True
397.8950500488281,REPLAY,NEUTRAL,3,89,89,237,2,False,False,True
397.99537658691406,REPLAY,RIGHT,3,89,89,237,2,False,False,True
398.095703125,REPLAY,RIGHT,3,89,89,237,3,False,False,True
398.1920166015625,REPLAY,RIGHT,3,89,89,237,3,False,False,True
398.29234313964844,REPLAY,NEUTRAL,3,89,89,237,3,False,False,True
398.3926696777344,REPLAY,NEUTRAL,3,89,89,238,2,False,False,True
398.4929962158203,REPLAY,NEUTRAL,3,89,89,238,2,False,False,True
398.59332275390625,REPLAY,NEUTRAL,3,89,89,238,2,False,False,True
398.6936492919922,REPLAY,NEUTRAL,3,89,89,238,2,False,False,True
398.7939758300781,REPLAY,NEUTRAL,3,89,89,238,2,False,False,True
398.89430236816406,REPLAY,NEUTRAL,3,89,89,238,2,False,False,True
398.99462890625,REPLAY,RIGHT,3,89,89,238,2,False,False,True
399.09495544433594,REPLAY,NEUTRAL,3,89,89,238,2,False,False,True
399.1952819824219,REPLAY,NEUTRAL,3,89,89,238,2,False,False,True
399.2956085205078,REPLAY,NEUTRAL,3,89,89,238,2,False,False,True
399.39593505859375,REPLAY,NEUTRAL,3,89,89,238,2,False,False,True
399.49224853515625,REPLAY,NEUTRAL,3,89,89,238,3,False,False,True
399.5925750732422,REPLAY,NEUTRAL,3,89,89,238,3,False,False,True
399.6929016113281,REPLAY,NEUTRAL,3,89,89,238,3,False,False,True
399.79322814941406,REPLAY,NEUTRAL,3,89,89,238,3,False,False,True
399.8935546875,REPLAY,NEUTRAL,3,90,90,238,2,False,False,True
399.99388122558594,REPLAY,NEUTRAL,3,90,90,238,2,False,False,True
400.0942077636719,REPLAY,NEUTRAL,3,90,90,238,2,False,False,True
400.1945343017578,REPLAY,NEUTRAL,3,90,90,238,2,False,False,True
400.29486083984375,REPLAY,NEUTRAL,3,90,90,238,2,False,False,True
400.3951873779297,REPLAY,LEFT,3,90,90,238,2,False,False,True
400.4955139160156,REPLAY,LEFT,3,90,90,238,2,False,False,True
400.59584045410156,REPLAY,NEUTRAL,3,90,90,238,2,False,False,True
400.69215393066406,REPLAY,NEUTRAL,3,90,90,238,2,False,False,True
400.79248046875,REPLAY,NEUTRAL,3,90,90,238,2,False,False,True
400.89280700683594,REPLAY,NEUTRAL,3,90,90,238,2,False,False,True
400.9931335449219,REPLAY,NEUTRAL,3,90,90,238,3,False,False,True
401.0934600830078,REPLAY,NEUTRAL,3,90,90,238,3,False,False,True
401.19378662109375,REPLAY,NEUTRAL,3,90,90,238,3,False,False,True
401.2941131591797,REPLAY,NEUTRAL,3,90,90,238,3,False,False,True
401.3944396972656,REPLAY,NEUTRAL,3,90,90,239,2,False,False,True
401.49476623535156,REPLAY,NEUTRAL,3,90,90,239,2,False,False,True
401.5950927734375,REPLAY,NEUTRAL,3,90,90,239,2,False,False,True
401.69541931152344,REPLAY,NEUTRAL,3,90,90,239,2,False,False,True
401.7957458496094,REPLAY,LEFT,3,90,90,239,2,False,False,True
401.8920593261719,REPLAY,LEFT,3,90,90,239,2,False,False,True
401.9923858642578,REPLAY,LEFT,3,90,90,239,2,False,False,True
402.09271240234375,REPLAY,NEUTRAL,3,90,90,239,2,False,False,True
402.1930389404297,REPLAY,NEUTRAL,3,90,90,239,2,False,False,True
402.2933654785156,REPLAY,NEUTRAL,3,90,90,239,2,False,False,True
402.39369201660156,REPLAY,NEUTRAL,3,90,90,239,3,False,False,True
402.4940185546875,REPLAY,NEUTRAL,3,90,90,239,3,False,False,True
402.59434509277344,REPLAY,NEUTRAL,3,90,90,239,3,False,False,True
402.6946716308594,REPLAY,NEUTRAL,3,90,90,240,2,False,False,True
402.7949981689453,REPLAY,RIGHT,3,90,90,240,2,False,False,True
402.89532470703125,REPLAY,RIGHT,3,90,90,240,2,False,False,True
402.9956512451172,REPLAY,NEUTRAL,3,90,90,240,2,False,False,True
403.0959777832031,REPLAY,NEUTRAL,3,90,90,240,2,False,False,True
403.1922912597656,REPLAY,NEUTRAL,3,90,90,240,2,False,False,True
403.29261779785156,REPLAY,NEUTRAL,3,90,90,240,2,False,False,True
403.3929443359375,REPLAY,NEUTRAL,3,90,90,240,2,False,False,True
403.49327087402344,REPLAY,NEUTRAL,3,90,90,240,2,False,False,True
403.5935974121094,REPLAY,NEUTRAL,3,90,90,240,2,False,False,True
403.6939239501953,REPLAY,NEUTRAL,3,90,90,240,3,False,False,True
403.79425048828125,REPLAY,NEUTRAL,3,90,90,240,3,False,False,True
403.8945770263672,REPLAY,NEUTRAL,3,90,90,240,3,False,False,True
403.9949035644531,REPLAY,NEUTRAL,3,90,90,240,3,False,False,True
404.09523010253906,REPLAY,NEUTRAL,3,90,90,240,3,False,False,True
404.195556640625,REPLAY,RIGHT,3,90,90,241,2,False,False,True
404.29588317871094,REPLAY,RIGHT,3,90,90,241,2,False,False,True
404.39219665527344,REPLAY,RIGHT,3,90,90,241,2,False,False,True
404.4925231933594,REPLAY,NEUTRAL,3,90,90,241,3,False,False,True
404.5928497314453,REPLAY,NEUTRAL,3,90,90,241,3,False,False,True
404.69317626953125,REPLAY,RIGHT,3,90,90,241,3,False,False,True
404.7935028076172,REPLAY,RIGHT,3,90,90,241,3,False,False,True
404.8938293457031,REPLAY,NEUTRAL,3,90,90,241,3,False,False,True
404.99415588378906,REPLAY,NEUTRAL,3,90,90,241,3,False,False,True
405.094482421875,REPLAY,NEUTRAL,3,90,90,241,3,False,False,True
405.19480895996094,REPLAY,NEUTRAL,3,90,90,241,3,False,False,True
405.2951354980469,REPLAY,NEUTRAL,3,90,90,241,3,False,False,True
405.3954620361328,REPLAY,NEUTRAL,3,90,90,241,3,False,False,True
405.49578857421875,REPLAY,NEUTRAL,3,90,90,241,3,False,False,True
405.59210205078125,REPLAY,NEUTRAL,3,90,90,241,3,False,False,True
405.6924285888672,REPLAY,NEUTRAL,3,90,90,242,2,False,False,True
405.7927551269531,REPLAY,LEFT,3,90,90,242,3,False,False,True
405.89308166503906,REPLAY,NEUTRAL,3,90,90,242,3,False,False,True
405.993408203125,REPLAY,NEUTRAL,3,90,90,242,3,False,False,True
406.09373474121094,REPLAY,NEUTRAL,3,90,90,242,3,False,False,True
406.1940612792969,REPLAY,NEUTRAL,3,90,90,242,3,False,False,True
406.2943878173828,REPLAY,NEUTRAL,3,90,90,242,3,False,False,True
406.39471435546875,REPLAY,NEUTRAL,3,90,90,242,3,False,False,True
406.4950408935547,REPLAY,NEUTRAL,3,90,90,242,3,False,False,True
406.5953674316406,REPLAY,RIGHT,3,90,90,242,3,False,False,True
406.69569396972656,REPLAY,RIGHT,3,90,90,242,3,False,False,True
406.79200744628906,REPLAY,NEUTRAL,3,90,90,243,2,False,False,True
406.892333984375,REPLAY,NEUTRAL,3,90,90,243,3,False,False,True
406.99266052246094,REPLAY,NEUTRAL,3,90,90,243,3,False,False,True
407.0929870605469,REPLAY,NEUTRAL,3,90,90,243,3,False,False,True
407.1933135986328,REPLAY,NEUTRAL,3,90,90,243,3,False,False,True
407.29364013671875,REPLAY,NEUTRAL,3,90,90,243,3,False,False,True
407.3939666748047,REPLAY,NEUTRAL,3,90,90,243,3,False,False,True
407.4942932128906,REPLAY,LEFT,3,90,90,243,3,False,False,True
407.59461975097656,REPLAY,LEFT,3,90,90,244,2,False,False,True
407.6949462890625,REPLAY,LEFT,3,90,90,244,2,False,False,True
407.79527282714844,REPLAY,LEFT,3,90,90,244,2,False,False,True
407.8955993652344,REPLAY,NEUTRAL,3,90,90,244,2,False,False,True
407.9959259033203,REPLAY,NEUTRAL,3,90,90,244,2,False,False,True
408.0922393798828,REPLAY,NEUTRAL,3,90,90,244,2,False,False,True
408.19256591796875,REPLAY,NEUTRAL,3,90,90,244,2,False,False,True
408.2928924560547,REPLAY,NEUTRAL,3,90,90,244,2,False,False,True
408.3932189941406,REPLAY,NEUTRAL,3,90,90,244,2,False,False,True
408.49354553222656,REPLAY,NEUTRAL,3,90,90,244,3,False,False,True
408.5938720703125,REPLAY,NEUTRAL,3,90,90,244,3,False,False,True
408.69419860839844,REPLAY,NEUTRAL,3,90,90,244,3,False,False,True
408.7945251464844,REPLAY,NEUTRAL,3,90,90,244,3,False,False,True
408.8948516845703,REPLAY,RIGHT,3,90,90,244,3,False,False,True
408.99517822265625,REPLAY,RIGHT,3,90,90,244,3,False,False,True
409.0955047607422,REPLAY,NEUTRAL,3,90,90,244,3,False,False,True
409.1958312988281,REPLAY,NEUTRAL,3,90,90,244,3,False,False,True
409.2921447753906,REPLAY,RIGHT,3,90,90,244,3,False,False,True
409.39247131347656,REPLAY,RIGHT,3,90,90,245,2,False,False,True
409.4927978515625,REPLAY,RIGHT,3,90,90,245,3,False,False,True
409.59312438964844,REPLAY,LEFT,3,90,90,245,3,False,False,True
409.6934509277344,REPLAY,LEFT,3,90,90,245,3,False,False,True
409.7937774658203,REPLAY,LEFT,3,90,90,245,3,False,False,True
409.89410400390625,REPLAY,NEUTRAL,3,90,90,245,3,False,False,True
409.9944305419922,REPLAY,NEUTRAL,3,90,90,245,3,False,False,True
410.0947570800781,REPLAY,NEUTRAL,3,90,90,245,3,False,False,True
410.19508361816406,REPLAY,NEUTRAL,3,90,90,245,3,False,False,True
410.29541015625,REPLAY,NEUTRAL,3,90,90,245,3,False,False,True
410.39573669433594,REPLAY,LEFT,3,90,90,246,2,False,False,True
410.49205017089844,REPLAY,NEUTRAL,3,90,90,246,3,False,False,True
410.5923767089844,REPLAY,NEUTRAL,3,90,90,246,3,False,False,True
410.6927032470703,REPLAY,NEUTRAL,3,90,90,246,3,False,False,True
410.79302978515625,REPLAY,NEUTRAL,3,90,90,246,3,False,False,True
410.8933563232422,REPLAY,NEUTRAL,3,90,90,246,3,False,False,True
410.9936828613281,REPLAY,NEUTRAL,3,90,90,246,3,False,False,True
411.09400939941406,REPLAY,NEUTRAL,3,90,90,246,3,False,False,True
411.1943359375,REPLAY,NEUTRAL,3,90,90,246,3,False,False,True
411.29466247558594,REPLAY,NEUTRAL,3,90,90,246,3,False,False,True
411.3949890136719,REPLAY,NEUTRAL,3,90,90,246,3,False,False,True
411.4953155517578,REPLAY,LEFT,3,90,90,246,3,False,False,True
411.59564208984375,REPLAY,LEFT,3,90,90,246,3,False,False,True
411.6959686279297,REPLAY,NEUTRAL,3,90,90,246,4,False,False,True
411.7922821044922,REPLAY,NEUTRAL,3,90,90,246,4,False,False,True
411.8926086425781,REPLAY,NEUTRAL,3,90,90,247,3,False,False,True
411.99293518066406,REPLAY,NEUTRAL,3,90,90,247,3,False,False,True
412.09326171875,REPLAY,NEUTRAL,3,90,90,247,3,False,False,True
412.19358825683594,REPLAY,NEUTRAL,3,90,90,247,3,False,False,True
412.2939147949219,REPLAY,NEUTRAL,3,91,91,247,2,False,False,True
412.3942413330078,REPLAY,NEUTRAL,3,91,91,247,2,False,False,True
412.49456787109375,REPLAY,NEUTRAL,3,91,91,247,2,False,False,True
412.5948944091797,REPLAY,NEUTRAL,3,91,91,247,2,False,False,True
412.6952209472656,REPLAY,LEFT,3,91,91,247,2,False,False,True
412.79554748535156,REPLAY,LEFT,3,91,91,247,2,False,False,True
412.8958740234375,REPLAY,LEFT,3,91,91,247,2,False,False,True
412.9921875,REPLAY,NEUTRAL,3,91,91,247,2,False,False,True
413.09251403808594,REPLAY,NEUTRAL,3,91,91,247,2,False,False,True
413.1928405761719,REPLAY,NEUTRAL,3,91,91,247,3,False,False,True
413.2931671142578,REPLAY,NEUTRAL,3,91,91,247,3,False,False,True
413.39349365234375,REPLAY,RIGHT,3,91,91,247,3,False,False,True
413.4938201904297,REPLAY,RIGHT,3,91,91,247,3,False,False,True
413.5941467285156,REPLAY,RIGHT,3,91,91,247,3,False,False,True
413.69447326660156,REPLAY,NEUTRAL,3,91,91,247,3,False,False,True
413.7947998046875,REPLAY,NEUTRAL,3,91,91,247,3,False,False,True
413.89512634277344,REPLAY,NEUTRAL,3,91,91,247,3,False,False,True
413.9954528808594,REPLAY,NEUTRAL,3,91,91,248,2,False,False,True
414.0957794189453,REPLAY,NEUTRAL,3,91,91,248,2,False,False,True
414.1920928955078,REPLAY,NEUTRAL,3,91,91,248,2,False,False,True
414.29241943359375,REPLAY,NEUTRAL,3,91,91,248,2,False,False,True
414.3927459716797,REPLAY,NEUTRAL,3,91,91,248,2,False,False,True
414.4930725097656,REPLAY,NEUTRAL,3,91,91,248,2,False,False,True
414.59339904785156,REPLAY,LEFT,3,91,91,248,2,False,False,True
414.6937255859375,REPLAY,LEFT,3,91,91,248,2,False,False,True
414.79405212402344,REPLAY,LEFT,3,91,91,248,3,False,False,True
414.8943786621094,REPLAY,NEUTRAL,3,91,91,248,3,False,False,True
414.9947052001953,REPLAY,LEFT,3,91,91,248,3,False,False,True
415.09503173828125,REPLAY,NEUTRAL,3,91,91,248,3,False,False,True
415.1953582763672,REPLAY,NEUTRAL,3,91,91,248,3,False,False,True
415.2956848144531,REPLAY,NEUTRAL,3,91,91,249,2,False,False,True
415.3919982910156,REPLAY,NEUTRAL,3,91,91,249,2,False,False,True
415.49232482910156,REPLAY,NEUTRAL,3,91,91,249,2,False,False,True
415.5926513671875,REPLAY,NEUTRAL,3,91,91,249,2,False,False,True
415.69297790527344,REPLAY,NEUTRAL,3,91,91,249,2,False,False,True
415.7933044433594,REPLAY,NEUTRAL,3,91,91,249,2,False,False,True
415.8936309814453,REPLAY,NEUTRAL,3,91,91,249,3,False,False,True
415.99395751953125,REPLAY,NEUTRAL,3,91,91,249,3,False,False,True
416.0942840576172,REPLAY,NEUTRAL,3,91,91,249,3,False,False,True
416.1946105957031,REPLAY,NEUTRAL,3,91,91,249,3,False,False,True
416.29493713378906,REPLAY,NEUTRAL,3,91,91,249,3,False,False,True
416.395263671875,REPLAY,LEFT,3,91,91,249,3,False,False,True
416.49559020996094,REPLAY,LEFT,3,92,92,249,2,False,False,True
416.5959167480469,REPLAY,NEUTRAL,3,92,92,249,2,False,False,True
416.6922302246094,REPLAY,NEUTRAL,3,92,92,249,3,False,False,True
416.7925567626953,REPLAY,NEUTRAL,3,92,92,249,3,False,False,True
416.89288330078125,REPLAY,NEUTRAL,3,92,92,249,3,False,False,True
416.9932098388672,REPLAY,NEUTRAL,3,92,92,249,3,False,False,True
417.0935363769531,REPLAY,NEUTRAL,3,92,92,249,3,False,False,True
417.19386291503906,REPLAY,NEUTRAL,3,92,92,249,3,False,False,True
417.294189453125,REPLAY,NEUTRAL,3,92,92,249,3,False,False,True
417.39451599121094,REPLAY,LEFT,3,92,92,249,3,False,False,True
417.4948425292969,REPLAY,NEUTRAL,3,92,92,249,3,False,False,True
417.5951690673828,REPLAY,NEUTRAL,3,92,92,249,3,False,False,True
417.69549560546875,REPLAY,NEUTRAL,3,92,92,249,3,False,False,True
417.7958221435547,REPLAY,NEUTRAL,3,92,92,249,3,False,False,True
417.8921356201172,REPLAY,NEUTRAL,3,92,92,249,4,False,False,True
417.9924621582031,REPLAY,NEUTRAL,3,92,92,249,4,False,False,True
418.09278869628906,REPLAY,RIGHT,3,92,92,250,3,False,False,True
418.193115234375,REPLAY,RIGHT,3,92,92,250,3,False,False,True
418.29344177246094,REPLAY,RIGHT,3,92,92,250,3,False,False,True
418.3937683105469,REPLAY,NEUTRAL,3,92,92,250,3,False,False,True
418.4940948486328,REPLAY,NEUTRAL,3,92,92,250,3,False,False,True
418.59442138671875,REPLAY,NEUTRAL,3,92,92,250,3,False,False,True
418.6947479248047,REPLAY,NEUTRAL,3,92,92,250,3,False,False,True
418.7950744628906,REPLAY,NEUTRAL,3,92,92,250,3,False,False,True
418.89540100097656,REPLAY,NEUTRAL,3,92,92,250,3,False,False,True
418.9957275390625,REPLAY,NEUTRAL,3,92,92,250,3,False,False,True
419.092041015625,REPLAY,NEUTRAL,3,92,92,250,3,False,False,True
419.19236755371094,REPLAY,NEUTRAL,3,92,92,250,3,False,False,True
419.2926940917969,REPLAY,NEUTRAL,3,92,92,250,3,False,False,True
419.3930206298828,REPLAY,NEUTRAL,3,92,92,250,4,False,False,True
419.49334716796875,REPLAY,NEUTRAL,3,92,92,251,3,False,False,True
419.5936737060547,REPLAY,NEUTRAL,3,92,92,251,3,False,False,True
419.6940002441406,REPLAY,NEUTRAL,3,92,92,252,2,False,False,True
419.79432678222656,REPLAY,LEFT,3,92,92,252,2,False,False,True
419.8946533203125,REPLAY,LEFT,3,92,92,252,2,False,False,True
419.99497985839844,REPLAY,NEUTRAL,3,92,92,252,2,False,False,True
420.0953063964844,REPLAY,NEUTRAL,3,92,92,252,2,False,False,True
420.1956329345703,REPLAY,NEUTRAL,3,92,92,252,3,False,False,True
420.29595947265625,REPLAY,NEUTRAL,3,92,92,252,3,False,False,True
420.39227294921875,REPLAY,NEUTRAL,3,92,92,252,3,False,False,True
420.4925994873047,REPLAY,NEUTRAL,3,92,92,252,3,False,False,True
420.5929260253906,REPLAY,NEUTRAL,3,92,92,252,3,False,False,True
420.69325256347656,REPLAY,NEUTRAL,3,92,92,252,3,False,False,True
420.7935791015625,REPLAY,NEUTRAL,3,92,92,252,3,False,False,True
420.89390563964844,REPLAY,NEUTRAL,3,92,92,252,3,False,False,True
420.9942321777344,REPLAY,NEUTRAL,3,92,92,252,3,False,False,True
421.0945587158203,REPLAY,NEUTRAL,3,92,92,252,3,False,False,True
421.19488525390625,REPLAY,NEUTRAL,3,92,92,252,4,False,False,True
421.2952117919922,REPLAY,NEUTRAL,3,92,92,252,4,False,False,True
421.3955383300781,REPLAY,NEUTRAL,3,92,92,252,4,False,False,True
421.49586486816406,REPLAY,NEUTRAL,3,92,92,253,3,False,False,True
421.59217834472656,REPLAY,NEUTRAL,3,92,92,253,3,False,False,True
421.6925048828125,REPLAY,NEUTRAL,3,92,92,253,3,False,False,True
421.79283142089844,REPLAY,NEUTRAL,3,92,92,253,3,False,False,True
421.8931579589844,REPLAY,NEUTRAL,3,92,92,253,3,False,False,True
421.9934844970703,REPLAY,NEUTRAL,3,92,92,253,3,False,False,True
422.09381103515625,REPLAY,NEUTRAL,3,92,92,253,3,False,False,True
422.1941375732422,REPLAY,LEFT,3,92,92,253,3,False,False,True
422.2944641113281,REPLAY,LEFT,3,92,92,253,3,False,False,True
422.39479064941406,REPLAY,NEUTRAL,3,92,92,253,3,False,False,True
422.4951171875,REPLAY,NEUTRAL,3,92,92,253,4,False,False,True
422.59544372558594,REPLAY,LEFT,3,92,92,253,4,False,False,True
422.6957702636719,REPLAY,NEUTRAL,3,92,92,254,3,False,False,True
422.7920837402344,REPLAY,NEUTRAL,3,92,92,254,3,False,False,True
422.8924102783203,REPLAY,NEUTRAL,3,92,92,254,3,False,False,True
422.99273681640625,REPLAY,NEUTRAL,3,92,92,254,3,False,False,True
423.0930633544922,REPLAY,NEUTRAL,3,92,92,254,3,False,False,True
423.1933898925781,REPLAY,LEFT,3,92,92,254,3,False,False,True
423.29371643066406,REPLAY,NEUTRAL,3,92,92,254,3,False,False,True
423.39404296875,REPLAY,NEUTRAL,3,92,92,254,3,False,False,True
423.49436950683594,REPLAY,LEFT,3,92,92,254,3,False,False,True
423.5946960449219,REPLAY,LEFT,3,92,92,255,2,False,False,True
423.6950225830078,REPLAY,NEUTRAL,3,92,92,255,2,False,False,True
423.79534912109375,REPLAY,NEUTRAL,3,92,92,255,2,False,False,True
423.8956756591797,REPLAY,NEUTRAL,3,92,92,255,3,False,False,True
423.9919891357422,REPLAY,NEUTRAL,3,92,92,255,3,False,False,True
424.0923156738281,REPLAY,NEUTRAL,3,92,92,255,3,False,False,True
424.19264221191406,REPLAY,NEUTRAL,3,92,92,255,3,False,False,True
424.29296875,REPLAY,NEUTRAL,3,92,92,255,3,False,False,True
424.39329528808594,REPLAY,NEUTRAL,3,92,92,256,2,False,False,True
424.4936218261719,REPLAY,NEUTRAL,3,92,92,256,2,False,False,True
424.5939483642578,REPLAY,NEUTRAL,3,92,92,256,2,False,False,True
424.69427490234375,REPLAY,NEUTRAL,3,92,92,256,3,False,False,True
424.7946014404297,REPLAY,NEUTRAL,3,92,92,256,3,False,False,True
424.8949279785156,REPLAY,LEFT,3,92,92,256,3,False,False,True
424.99525451660156,REPLAY,LEFT,3,92,92,256,3,False,False,True
425.0955810546875,REPLAY,LEFT,3,92,92,256,3,False,False,True
425.19590759277344,REPLAY,NEUTRAL,3,92,92,256,3,False,False,True
425.29222106933594,REPLAY,NEUTRAL,3,92,92,256,3,False,False,True
425.3925476074219,REPLAY,NEUTRAL,3,92,92,256,3,False,False,True
425.4928741455078,REPLAY,NEUTRAL,3,92,92,256,3,False,False,True
425.59320068359375,REPLAY,NEUTRAL,3,92,92,256,3,False,False,True
425.6935272216797,REPLAY,NEUTRAL,3,92,92,256,3,False,False,True
425.7938537597656,REPLAY,LEFT,3,92,92,256,3,False,False,True
425.89418029785156,REPLAY,LEFT,3,92,92,257,2,False,False,True
425.9945068359375,REPLAY,NEUTRAL,3,92,92,257,2,False,False,True
426.09483337402344,REPLAY,NEUTRAL,3,92,92,257,3,False,False,True
426.1951599121094,REPLAY,NEUTRAL,3,92,92,257,3,False,False,True
426.2954864501953,REPLAY,NEUTRAL,3,92,92,257,3,False,False,True
426.39581298828125,REPLAY,NEUTRAL,3,92,92,257,3,False,False,True
426.49212646484375,REPLAY,NEUTRAL,3,92,92,257,3,False,False,True
426.5924530029297,REPLAY,NEUTRAL,3,92,92,257,3,False,False,True
426.6927795410156,REPLAY,NEUTRAL,3,92,92,257,3,False,False,True
426.79310607910156,REPLAY,NEUTRAL,3,92,92,257,3,False,False,True
426.8934326171875,REPLAY,NEUTRAL,3,92,92,257,3,False,False,True
426.99375915527344,REPLAY,NEUTRAL,3,92,92,257,3,False,False,True
427.0940856933594,REPLAY,NEUTRAL,3,92,92,257,3,False,False,True
427.1944122314453,REPLAY,NEUTRAL,3,92,92,257,3,False,False,True
427.29473876953125,REPLAY,RIGHT,3,92,92,257,3,False,False,True
427.3950653076172,REPLAY,RIGHT,3,92,92,258,2,False,False,True
427.4953918457031,REPLAY,NEUTRAL,3,92,92,258,3,False,False,True
427.59571838378906,REPLAY,NEUTRAL,3,92,92,258,3,False,False,True
427.69203186035156,REPLAY,NEUTRAL,3,92,92,258,3,False,False,True
427.7923583984375,REPLAY,NEUTRAL,3,92,92,258,3,False,False,True
427.89268493652344,REPLAY,NEUTRAL,3,92,92,259,2,False,False,True
427.9930114746094,REPLAY,LEFT,3,92,92,259,2,False,False,True
428.0933380126953,REPLAY,LEFT,3,92,92,259,2,False,False,True
428.19366455078125,REPLAY,NEUTRAL,3,92,92,259,2,False,False,True
428.2939910888672,REPLAY,NEUTRAL,3,92,92,259,2,False,False,True
428.3943176269531,REPLAY,NEUTRAL,3,92,92,259,2,False,False,True
428.49464416503906,REPLAY,NEUTRAL,3,92,92,259,2,False,False,True
428.594970703125,REPLAY,NEUTRAL,3,92,92,259,3,False,False,True
428.69529724121094,REPLAY,NEUTRAL,3,92,92,259,3,False,False,True
428.7956237792969,REPLAY,NEUTRAL,3,92,92,259,3,False,False,True
428.8959503173828,REPLAY,NEUTRAL,3,92,92,259,3,False,False,True
428.9922637939453,REPLAY,NEUTRAL,3,92,92,260,2,False,False,True
429.09259033203125,REPLAY,LEFT,3,92,92,260,2,False,False,True
429.1929168701172,REPLAY,LEFT,3,92,92,260,2,False,False,True
429.2932434082031,REPLAY,NEUTRAL,3,92,92,260,2,False,False,True
429.39356994628906,REPLAY,NEUTRAL,3,92,92,260,2,False,False,True
429.493896484375,REPLAY,NEUTRAL,3,92,92,260,2,False,False,True
429.59422302246094,REPLAY,NEUTRAL,3,92,92,260,2,False,False,True
429.6945495605469,REPLAY,NEUTRAL,3,92,92,260,2,False,False,True
429.7948760986328,REPLAY,NEUTRAL,3,92,92,260,2,False,False,True
429.89520263671875,REPLAY,NEUTRAL,3,92,92,260,2,False,False,True
429.9955291748047,REPLAY,NEUTRAL,3,92,92,260,2,False,False,True
430.0958557128906,REPLAY,NEUTRAL,3,92,92,260,2,False,False,True
430.1921691894531,REPLAY,NEUTRAL,3,92,92,260,2,False,False,True
430.29249572753906,REPLAY,NEUTRAL,3,92,92,260,3,False,False,True
430.392822265625,REPLAY,NEUTRAL,3,92,92,260,3,False,False,True
430.49314880371094,REPLAY,NEUTRAL,3,92,92,260,3,False,False,True
430.5934753417969,REPLAY,NEUTRAL,3,92,92,261,2,False,False,True
430.6938018798828,REPLAY,NEUTRAL,3,92,92,261,2,False,False,True
430.79412841796875,REPLAY,LEFT,3,92,92,261,2,False,False,True
430.8944549560547,REPLAY,LEFT,3,92,92,261,2,False,False,True
430.9947814941406,REPLAY,NEUTRAL,3,92,92,261,2,False,False,True
431.09510803222656,REPLAY,NEUTRAL,3,92,92,261,2,False,False,True
431.1954345703125,REPLAY,NEUTRAL,3,92,92,261,2,False,False,True
431.29576110839844,REPLAY,NEUTRAL,3,92,92,261,2,False,False,True
431.39207458496094,REPLAY,NEUTRAL,3,92,92,261,3,False,False,True
431.4924011230469,REPLAY,NEUTRAL,3,92,92,261,3,False,False,True
431.5927276611328,REPLAY,LEFT,3,92,92,261,3,False,False,True
431.69305419921875,REPLAY,LEFT,3,92,92,262,2,False,False,True
431.7933807373047,REPLAY,NEUTRAL,3,92,92,262,2,False,False,True
431.8937072753906,REPLAY,NEUTRAL,3,92,92,262,2,False,False,True
431.99403381347656,REPLAY,NEUTRAL,3,92,92,262,2,False,False,True
432.0943603515625,REPLAY,NEUTRAL,3,92,92,262,2,False,False,True
432.19468688964844,REPLAY,NEUTRAL,3,92,92,262,2,False,False,True
432.2950134277344,REPLAY,NEUTRAL,3,92,92,262,2,False,False,True
432.3953399658203,REPLAY,NEUTRAL,3,92,92,262,3,False,False,True
432.49566650390625,REPLAY,RIGHT,3,92,92,262,3,False,False,True
432.59197998046875,REPLAY,NEUTRAL,3,92,92,262,3,False,False,True
432.6923065185547,REPLAY,NEUTRAL,3,92,92,262,3,False,False,True
432.7926330566406,REPLAY,NEUTRAL,3,92,92,262,3,False,False,True
432.89295959472656,REPLAY,NEUTRAL,3,92,92,262,3,False,False,True
432.9932861328125,REPLAY,NEUTRAL,3,92,92,262,3,False,False,True
433.09361267089844,REPLAY,NEUTRAL,3,92,92,262,3,False,False,True
433.1939392089844,REPLAY,RIGHT,3,92,92,262,3,False,False,True
433.2942657470703,REPLAY,RIGHT,3,92,92,262,3,False,False,True
433.39459228515625,REPLAY,RIGHT,3,92,92,262,4,False,False,True
433.4949188232422,REPLAY,NEUTRAL,3,92,92,262,4,False,False,True
433.5952453613281,REPLAY,NEUTRAL,3,92,92,262,4,False,False,True
433.69557189941406,REPLAY,NEUTRAL,3,92,92,263,3,False,False,True
433.7958984375,REPLAY,NEUTRAL,3,92,92,263,3,False,False,True
433.8922119140625,REPLAY,NEUTRAL,3,92,92,263,3,False,False,True
433.99253845214844,REPLAY,RIGHT,3,92,92,263,3,False,False,True
434.0928649902344,REPLAY,RIGHT,3,92,92,263,3,False,False,True
434.1931915283203,REPLAY,NEUTRAL,3,92,92,263,3,False,False,True
434.29351806640625,REPLAY,NEUTRAL,3,92,92,263,3,False,False,True
434.3938446044922,REPLAY,NEUTRAL,3,92,92,263,4,False,False,True
434.4941711425781,REPLAY,NEUTRAL,3,92,92,263,4,False,False,True
434.59449768066406,REPLAY,NEUTRAL,3,92,92,263,4,False,False,True
434.69482421875,REPLAY,NEUTRAL,3,92,92,263,4,False,False,True
434.79515075683594,REPLAY,RIGHT,3,92,92,264,3,False,False,True
434.8954772949219,REPLAY,RIGHT,3,92,92,264,3,False,False,True
434.9958038330078,REPLAY,RIGHT,3,92,92,264,3,False,False,True
435.0921173095703,REPLAY,NEUTRAL,3,92,92,264,3,False,False,True
435.19244384765625,REPLAY,NEUTRAL,3,92,92,264,3,False,False,True
435.2927703857422,REPLAY,NEUTRAL,3,93,93,264,2,False,False,True
435.3930969238281,REPLAY,NEUTRAL,3,93,93,264,2,False,False,True
435.49342346191406,REPLAY,NEUTRAL,3,93,93,264,2,False,False,True
435.59375,REPLAY,NEUTRAL,3,93,93,264,2,False,False,True
435.69407653808594,REPLAY,NEUTRAL,3,93,93,264,3,False,False,True
435.7944030761719,REPLAY,NEUTRAL,3,93,93,264,3,False,False,True
435.8947296142578,REPLAY,NEUTRAL,3,93,93,264,3,False,False,True
435.99505615234375,REPLAY,NEUTRAL,3,93,93,264,3,False,False,True
436.0953826904297,REPLAY,NEUTRAL,3,93,93,264,3,False,False,True
436.1957092285156,REPLAY,NEUTRAL,3,93,93,264,3,False,False,True
436.2920227050781,REPLAY,NEUTRAL,3,93,93,264,3,False,False,True
436.39234924316406,REPLAY,NEUTRAL,3,93,93,264,3,False,False,True
436.49267578125,REPLAY,RIGHT,3,93,93,264,3,False,False,True
436.59300231933594,REPLAY,RIGHT,3,93,93,264,3,False,False,True
436.6933288574219,REPLAY,NEUTRAL,3,93,93,265,2,False,False,True
436.7936553955078,REPLAY,NEUTRAL,3,93,93,265,2,False,False,True
436.89398193359375,REPLAY,NEUTRAL,3,93,93,265,2,False,False,True
436.9943084716797,REPLAY,NEUTRAL,3,93,93,265,2,False,False,True
437.0946350097656,REPLAY,NEUTRAL,3,93,93,265,2,False,False,True
437.19496154785156,REPLAY,NEUTRAL,3,93,93,265,3,False,False,True
437.2952880859375,REPLAY,LEFT,3,93,93,265,3,False,False,True
437.39561462402344,REPLAY,LEFT,3,93,93,265,3,False,False,True
437.4959411621094,REPLAY,NEUTRAL,3,93,93,265,3,False,False,True
437.5922546386719,REPLAY,NEUTRAL,3,93,93,265,3,False,False,True
437.6925811767578,REPLAY,NEUTRAL,3,93,93,265,3,False,False,True
437.79290771484375,REPLAY,NEUTRAL,3,93,93,265,3,False,False,True
437.8932342529297,REPLAY,NEUTRAL,3,93,93,265,3,False,False,True
437.9935607910156,REPLAY,NEUTRAL,3,93,93,266,2,False,False,True
438.09388732910156,REPLAY,NEUTRAL,3,93,93,266,2,False,False,True
438.1942138671875,REPLAY,LEFT,3,93,93,266,2,False,False,True
438.29454040527344,REPLAY,LEFT,3,93,93,266,2,False,False,True
438.3948669433594,REPLAY,NEUTRAL,3,93,93,266,3,False,False,True
438.4951934814453,REPLAY,NEUTRAL,3,93,93,266,3,False,False,True
438.59552001953125,REPLAY,NEUTRAL,3,93,93,266,3,False,False,True
438.6958465576172,REPLAY,NEUTRAL,3,93,93,266,3,False,False,True
438.7921600341797,REPLAY,NEUTRAL,3,93,93,266,3,False,False,True
438.8924865722656,REPLAY,RIGHT,3,93,93,267,2,False,False,True
438.99281311035156,REPLAY,RIGHT,3,93,93,267,2,False,False,True
439.0931396484375,REPLAY,RIGHT,3,93,93,267,2,False,False,True
439.19346618652344,REPLAY,NEUTRAL,3,93,93,267,2,False,False,True
439.2937927246094,REPLAY,NEUTRAL,3,93,93,267,3,False,False,True
439.3941192626953,REPLAY,NEUTRAL,3,93,93,267,3,False,False,True
439.49444580078125,REPLAY,NEUTRAL,3,93,93,267,3,False,False,True
439.5947723388672,REPLAY,NEUTRAL,3,93,93,267,3,False,False,True
439.6950988769531,REPLAY,NEUTRAL,3,93,93,267,3,False,False,True
439.79542541503906,REPLAY,RIGHT,3,93,93,267,3,False,False,True
439.895751953125,REPLAY,NEUTRAL,3,94,94,267,2,False,False,True
439.9920654296875,REPLAY,NEUTRAL,3,94,94,267,2,False,False,True
440.09239196777344,REPLAY,NEUTRAL,3,94,94,267,2,False,False,True
440.1927185058594,REPLAY,NEUTRAL,3,94,94,267,2,False,False,True
440.2930450439453,REPLAY,NEUTRAL,3,94,94,267,2,False,False,True
440.39337158203125,REPLAY,NEUTRAL,3,94,94,267,2,False,False,True
440.4936981201172,REPLAY,NEUTRAL,3,94,94,267,2,False,False,True
440.5940246582031,REPLAY,NEUTRAL,3,94,94,267,2,False,False,True
440.69435119628906,REPLAY,NEUTRAL,3,94,94,267,2,False,False,True
440.794677734375,REPLAY,NEUTRAL,3,94,94,267,2,False,False,True
440.89500427246094,REPLAY,NEUTRAL,3,94,94,267,3,False,False,True
440.9953308105469,REPLAY,NEUTRAL,3,94,94,267,3,False,False,True
441.0956573486328,REPLAY,NEUTRAL,3,94,94,267,3,False,False,True
441.19598388671875,REPLAY,NEUTRAL,3,94,94,267,3,False,False,True
441.29229736328125,REPLAY,NEUTRAL,3,94,94,267,3,False,False,True
441.3926239013672,REPLAY,NEUTRAL,3,94,94,267,3,False,False,True
441.4929504394531,REPLAY,RIGHT,3,94,94,267,3,False,False,True
441.59327697753906,REPLAY,NEUTRAL,3,94,94,267,3,False,False,True
441.693603515625,REPLAY,NEUTRAL,3,94,94,268,2,False,False,True
441.79393005371094,REPLAY,NEUTRAL,3,94,94,268,2,False,False,True
441.8942565917969,REPLAY,NEUTRAL,3,94,94,268,2,False,False,True
441.9945831298828,REPLAY,NEUTRAL,3,94,94,268,2,False,False,True
442.09490966796875,REPLAY,NEUTRAL,3,94,94,268,2,False,False,True
442.1952362060547,REPLAY,NEUTRAL,3,94,94,268,3,False,False,True
442.2955627441406,REPLAY,NEUTRAL,3,94,94,268,3,False,False,True
442.39588928222656,REPLAY,NEUTRAL,3,94,94,268,3,False,False,True
442.49220275878906,REPLAY,NEUTRAL,3,95,95,268,2,False,False,True
442.592529296875,REPLAY,NEUTRAL,3,95,95,268,2,False,False,True
442.69285583496094,REPLAY,NEUTRAL,3,95,95,268,2,False,False,True
442.7931823730469,REPLAY,NEUTRAL,3,95,95,268,2,False,False,True
442.8935089111328,REPLAY,NEUTRAL,3,95,95,268,2,False,False,True
442.99383544921875,REPLAY,NEUTRAL,3,95,95,268,2,False,False,True
443.0941619873047,REPLAY,RIGHT,3,95,95,268,2,False,False,True
443.1944885253906,REPLAY,NEUTRAL,3,95,95,268,2,False,False,True
443.29481506347656,REPLAY,NEUTRAL,3,95,95,268,2,False,False,True
443.3951416015625,REPLAY,NEUTRAL,3,95,95,268,2,False,False,True
443.49546813964844,REPLAY,NEUTRAL,3,95,95,268,2,False,False,True
443.5957946777344,REPLAY,NEUTRAL,3,95,95,268,2,False,False,True
443.6921081542969,REPLAY,NEUTRAL,3,95,95,268,2,False,False,True
443.7924346923828,REPLAY,NEUTRAL,3,95,95,268,2,False,False,True
443.89276123046875,REPLAY,NEUTRAL,3,95,95,268,3,False,False,True
443.9930877685547,REPLAY,NEUTRAL,3,95,95,268,3,False,False,True
444.0934143066406,REPLAY,NEUTRAL,3,95,95,268,3,False,False,True
444.19374084472656,REPLAY,LEFT,3,95,95,268,3,False,False,True
444.2940673828125,REPLAY,NEUTRAL,3,95,95,268,3,False,False,True
444.39439392089844,REPLAY,NEUTRAL,3,95,95,268,3,False,False,True
444.4947204589844,REPLAY,NEUTRAL,3,95,95,269,2,False,False,True
444.5950469970703,REPLAY,NEUTRAL,3,95,95,269,2,False,False,True
444.69537353515625,REPLAY,LEFT,3,95,95,269,2,False,False,True
444.7957000732422,REPLAY,LEFT,3,95,95,269,2,False,False,True
444.8920135498047,REPLAY,NEUTRAL,3,95,95,269,2,False,False,True
444.9923400878906,REPLAY,NEUTRAL,3,96,96,269,2,False,False,True
445.09266662597656,REPLAY,NEUTRAL,3,96,96,269,2,False,False,True
445.1929931640625,REPLAY,NEUTRAL,3,96,96,269,2,False,False,True
445.29331970214844,REPLAY,NEUTRAL,3,96,96,269,2,False,False,True
445.3936462402344,REPLAY,LEFT,3,96,96,269,2,False,False,True
445.4939727783203,REPLAY,LEFT,3,96,96,269,2,False,False,True
445.59429931640625,REPLAY,LEFT,3,96,96,269,2,False,False,True
445.6946258544922,REPLAY,NEUTRAL,3,96,96,269,2,False,False,True
445.7949523925781,REPLAY,NEUTRAL,3,96,96,269,2,False,False,True
445.89527893066406,REPLAY,NEUTRAL,3,96,96,269,2,False,False,True
445.99560546875,REPLAY,NEUTRAL,3,96,96,269,2,False,False,True
446.09593200683594,REPLAY,NEUTRAL,3,96,96,269,2,False,False,True
446.19224548339844,REPLAY,NEUTRAL,3,96,96,269,2,False,False,True
446.2925720214844,REPLAY,NEUTRAL,3,96,96,269,3,False,False,True
446.3928985595703,REPLAY,NEUTRAL,3,96,96,269,3,False,False,True
446.49322509765625,REPLAY,NEUTRAL,3,96,96,269,3,False,False,True
446.5935516357422,REPLAY,NEUTRAL,3,96,96,269,3,False,False,True
446.6938781738281,REPLAY,NEUTRAL,3,96,96,269,3,False,False,True
446.79420471191406,REPLAY,NEUTRAL,3,96,96,269,3,False,False,True
446.89453125,REPLAY,NEUTRAL,3,96,96,269,3,False,False,True
446.99485778808594,REPLAY,NEUTRAL,3,96,96,269,3,False,False,True
447.0951843261719,REPLAY,NEUTRAL,3,96,96,269,3,False,False,True
447.1955108642578,REPLAY,NEUTRAL,3,96,96,269,3,False,False,True
447.29583740234375,REPLAY,NEUTRAL,3,96,96,269,3,False,False,True
447.39215087890625,REPLAY,NEUTRAL,3,96,96,270,3,False,False,True
447.4924774169922,REPLAY,NEUTRAL,3,96,96,270,3,False,False,True
447.5928039550781,REPLAY,NEUTRAL,3,96,96,270,3,False,False,True
447.69313049316406,REPLAY,NEUTRAL,3,97,97,270,2,False,False,True
447.79345703125,REPLAY,NEUTRAL,3,97,97,270,2,False,False,True
447.89378356933594,REPLAY,LEFT,3,97,97,270,2,False,False,True
447.9941101074219,REPLAY,LEFT,3,97,97,270,2,False,False,True
448.0944366455078,REPLAY,NEUTRAL,3,97,97,270,2,False,False,True
448.19476318359375,REPLAY,NEUTRAL,3,97,97,270,2,False,False,True
448.2950897216797,REPLAY,NEUTRAL,3,97,97,270,2,False,False,True
448.3954162597656,REPLAY,NEUTRAL,3,97,97,270,3,False,False,True
448.49574279785156,REPLAY,NEUTRAL,3,97,97,270,3,False,False,True
448.59205627441406,REPLAY,NEUTRAL,3,97,97,270,3,False,False,True
448.6923828125,REPLAY,NEUTRAL,3,97,97,270,3,False,False,True
448.79270935058594,REPLAY,NEUTRAL,3,97,97,270,3,False,False,True
448.8930358886719,REPLAY,NEUTRAL,3,97,97,270,3,False,False,True
448.9933624267578,REPLAY,NEUTRAL,3,97,97,270,3,False,False,True
449.09368896484375,REPLAY,NEUTRAL,3,98,98,270,2,False,False,True
449.1940155029297,REPLAY,NEUTRAL,3,98,98,270,2,False,False,True
449.2943420410156,REPLAY,RIGHT,3,98,98,270,2,False,False,True
449.39466857910156,REPLAY,RIGHT,3,98,98,270,2,False,False,True
449.4949951171875,REPLAY,RIGHT,3,98,98,270,2,False,False,True
449.59532165527344,REPLAY,NEUTRAL,3,98,98,270,2,False,False,True
449.6956481933594,REPLAY,NEUTRAL,3,98,98,270,3,False,False,True
449.7959747314453,REPLAY,NEUTRAL,3,98,98,270,3,False,False,True
449.8922882080078,REPLAY,NEUTRAL,3,98,98,270,3,False,False,True
449.99261474609375,REPLAY,LEFT,3,98,98,270,3,False,False,True
450.0929412841797,REPLAY,NEUTRAL,3,98,98,270,3,False,False,True
450.1932678222656,REPLAY,NEUTRAL,3,98,98,270,3,False,False,True
450.29359436035156,REPLAY,NEUTRAL,3,98,98,270,3,False,False,True
450.3939208984375,REPLAY,NEUTRAL,3,98,98,270,3,False,False,True
450.49424743652344,REPLAY,NEUTRAL,3,98,98,271,3,False,False,True
450.5945739746094,REPLAY,NEUTRAL,3,98,98,271,3,False,False,True
450.6949005126953,REPLAY,LEFT,3,98,98,271,3,False,False,True
450.79522705078125,REPLAY,LEFT,3,98,98,271,3,False,False,True
450.8955535888672,REPLAY,LEFT,3,98,98,271,3,False,False,True
450.9958801269531,REPLAY,NEUTRAL,3,98,98,271,3,False,False,True
451.0921936035156,REPLAY,NEUTRAL,3,98,98,271,3,False,False,True
451.19252014160156,REPLAY,NEUTRAL,3,98,98,271,3,False,False,True
451.2928466796875,REPLAY,NEUTRAL,3,98,98,272,2,False,False,True
451.39317321777344,REPLAY,NEUTRAL,3,98,98,272,2,False,False,True
451.4934997558594,REPLAY,NEUTRAL,3,98,98,272,2,False,False,True
451.5938262939453,REPLAY,NEUTRAL,3,98,98,272,3,False,False,True
451.69415283203125,REPLAY,RIGHT,3,98,98,272,3,False,False,True
451.7944793701172,REPLAY,RIGHT,3,98,98,272,3,False,False,True
451.8948059082031,REPLAY,NEUTRAL,3,98,98,272,3,False,False,True
451.99513244628906,REPLAY,NEUTRAL,3,98,98,272,3,False,False,True
452.095458984375,REPLAY,NEUTRAL,3,98,98,272,3,False,False,True
452.19578552246094,REPLAY,NEUTRAL,3,98,98,272,3,False,False,True
452.29209899902344,REPLAY,NEUTRAL,3,98,98,272,3,False,False,True
452.3924255371094,REPLAY,NEUTRAL,3,98,98,272,3,False,False,True
452.4927520751953,REPLAY,NEUTRAL,3,98,98,272,3,False,False,True
452.59307861328125,REPLAY,NEUTRAL,3,98,98,272,3,False,False,True
452.6934051513672,REPLAY,NEUTRAL,3,98,98,272,4,False,False,True
452.7937316894531,REPLAY,NEUTRAL,3,98,98,272,4,False,False,True
452.89405822753906,REPLAY,NEUTRAL,3,98,98,273,3,False,False,True
452.994384765625,REPLAY,NEUTRAL,3,98,98,273,3,False,False,True
453.09471130371094,REPLAY,NEUTRAL,3,98,98,273,3,False,False,True
453.1950378417969,REPLAY,NEUTRAL,3,98,98,273,3,False,False,True
453.2953643798828,REPLAY,NEUTRAL,3,98,98,273,3,False,False,True
453.39569091796875,REPLAY,NEUTRAL,3,98,98,273,3,False,False,True
453.49200439453125,REPLAY,NEUTRAL,3,98,98,273,3,False,False,True
453.5923309326172,REPLAY,NEUTRAL,3,98,98,274,2,False,False,True
453.6926574707031,REPLAY,NEUTRAL,3,98,98,274,2,False,False,True
453.79298400878906,REPLAY,NEUTRAL,3,98,98,274,2,False,False,True
453.893310546875,REPLAY,NEUTRAL,3,98,98,274,2,False,False,True
453.99363708496094,REPLAY,RIGHT,3,98,98,274,2,False,False,True
454.0939636230469,REPLAY,NEUTRAL,3,98,98,274,3,False,False,True
454.1942901611328,REPLAY,NEUTRAL,3,98,98,274,3,False,False,True
454.29461669921875,REPLAY,NEUTRAL,3,98,98,274,3,False,False,True
454.3949432373047,REPLAY,NEUTRAL,3,98,98,274,3,False,False,True
454.4952697753906,REPLAY,NEUTRAL,3,98,98,274,3,False,False,True
454.59559631347656,REPLAY,NEUTRAL,3,98,98,274,3,False,False,True
454.6959228515625,REPLAY,NEUTRAL,3,98,98,274,3,False,False,True
454.792236328125,REPLAY,LEFT,3,98,98,274,3,False,False,True
454.89256286621094,REPLAY,LEFT,3,98,98,274,3,False,False,True
454.9928894042969,REPLAY,NEUTRAL,3,98,98,275,3,False,False,True
455.0932159423828,REPLAY,NEUTRAL,3,98,98,275,3,False,False,True
455.19354248046875,REPLAY,NEUTRAL,3,98,98,275,3,False,False,True
455.2938690185547,REPLAY,NEUTRAL,3,98,98,275,3,False,False,True
455.3941955566406,REPLAY,NEUTRAL,3,98,98,275,3,False,False,True
455.49452209472656,REPLAY,NEUTRAL,3,98,98,275,3,False,False,True
455.5948486328125,REPLAY,RIGHT,3,98,98,275,3,False,False,True
455.69517517089844,REPLAY,RIGHT,3,98,98,275,3,False,False,True
455.7955017089844,REPLAY,NEUTRAL,3,98,98,275,3,False,False,True
455.8958282470703,REPLAY,NEUTRAL,3,98,98,275,3,False,False,True
455.9921417236328,REPLAY,NEUTRAL,3,98,98,275,4,False,False,True
456.09246826171875,REPLAY,NEUTRAL,3,98,98,275,4,False,False,True
456.1927947998047,REPLAY,NEUTRAL,3,98,98,276,3,False,False,True
456.2931213378906,REPLAY,NEUTRAL,3,98,98,276,3,False,False,True
456.39344787597656,REPLAY,NEUTRAL,3,98,98,276,3,False,False,True
456.4937744140625,REPLAY,NEUTRAL,3,98,98,276,3,False,False,True
456.59410095214844,REPLAY,NEUTRAL,3,98,98,276,3,False,False,True
456.6944274902344,REPLAY,NEUTRAL,3,98,98,276,3,False,False,True
456.7947540283203,REPLAY,NEUTRAL,3,98,98,276,3,False,False,True
456.89508056640625,REPLAY,RIGHT,3,98,98,276,3,False,False,True
456.9954071044922,REPLAY,RIGHT,3,98,98,276,3,False,False,True
457.0957336425781,REPLAY,NEUTRAL,3,98,98,277,2,False,False,True
457.1920471191406,REPLAY,NEUTRAL,3,98,98,277,2,False,False,True
457.29237365722656,REPLAY,RIGHT,3,98,98,277,2,False,False,True
457.3927001953125,REPLAY,NEUTRAL,3,98,98,277,2,False,False,True
457.49302673339844,REPLAY,NEUTRAL,3,98,98,277,3,False,False,True
457.5933532714844,REPLAY,NEUTRAL,3,98,98,277,3,False,False,True
457.6936798095703,REPLAY,NEUTRAL,3,98,98,277,3,False,False,True
457.79400634765625,REPLAY,NEUTRAL,3,98,98,277,3,False,False,True
457.8943328857422,REPLAY,NEUTRAL,3,98,98,277,3,False,False,True
457.9946594238281,REPLAY,LEFT,3,98,98,277,3,False,False,True
458.09498596191406,REPLAY,LEFT,3,98,98,277,3,False,False,True
458.1953125,REPLAY,NEUTRAL,3,98,98,277,3,False,False,True
458.29563903808594,REPLAY,NEUTRAL,3,98,98,278,2,False,False,True
458.3959655761719,REPLAY,NEUTRAL,3,98,98,278,2,False,False,True
458.4922790527344,REPLAY,NEUTRAL,3,98,98,278,3,False,False,True
458.5926055908203,REPLAY,NEUTRAL,3,98,98,278,3,False,False,True
458.69293212890625,REPLAY,NEUTRAL,3,98,98,278,3,False,False,True
458.7932586669922,REPLAY,LEFT,3,98,98,278,3,False,False,True
458.8935852050781,REPLAY,LEFT,3,98,98,278,3,False,False,True
458.99391174316406,REPLAY,NEUTRAL,3,98,98,278,3,False,False,True
459.09423828125,REPLAY,NEUTRAL,3,98,98,278,3,False,False,True
459.19456481933594,REPLAY,NEUTRAL,3,98,98,278,3,False,False,True
459.2948913574219,REPLAY,NEUTRAL,3,98,98,278,3,False,False,True
459.3952178955078,REPLAY,NEUTRAL,3,98,98,279,2,False,False,True
459.49554443359375,REPLAY,NEUTRAL,3,98,98,279,2,False,False,True
459.5958709716797,REPLAY,NEUTRAL,3,98,98,279,2,False,False,True
459.6921844482422,REPLAY,LEFT,3,98,98,279,2,False,False,True
459.7925109863281,REPLAY,LEFT,3,98,98,279,2,False,False,True
459.89283752441406,REPLAY,NEUTRAL,3,98,98,279,2,False,False,True
459.9931640625,REPLAY,NEUTRAL,3,98,98,279,3,False,False,True
460.09349060058594,REPLAY,NEUTRAL,3,98,98,279,3,False,False,True
460.1938171386719,REPLAY,NEUTRAL,3,98,98,279,3,False,False,True
460.2941436767578,REPLAY,LEFT,3,98,98,279,3,False,False,True
460.39447021484375,REPLAY,LEFT,3,98,98,279,3,False,False,True
460.4947967529297,REPLAY,NEUTRAL,3,98,98,279,3,False,False,True
460.5951232910156,REPLAY,NEUTRAL,3,98,98,279,3,False,False,True
460.69544982910156,REPLAY,NEUTRAL,3,98,98,279,3,False,False,True
460.7957763671875,REPLAY,NEUTRAL,3,98,98,279,3,False,False,True
460.89208984375,REPLAY,NEUTRAL,3,98,98,279,3,False,False,True
460.99241638183594,REPLAY,NEUTRAL,3,98,98,280,2,False,False,True
461.0927429199219,REPLAY,NEUTRAL,3,98,98,280,2,False,False,True
461.1930694580078,REPLAY,LEFT,3,98,98,280,2,False,False,True
461.29339599609375,REPLAY,NEUTRAL,3,98,98,280,2,False,False,True
461.3937225341797,REPLAY,NEUTRAL,3,98,98,280,2,False,False,True
461.4940490722656,REPLAY,NEUTRAL,3,98,98,280,3,False,False,True
461.59437561035156,REPLAY,NEUTRAL,3,98,98,281,2,False,False,True
461.6947021484375,REPLAY,NEUTRAL,3,98,98,281,2,False,False,True
461.79502868652344,REPLAY,NEUTRAL,3,98,98,281,2,False,False,True
461.8953552246094,REPLAY,LEFT,3,98,98,281,2,False,False,True
461.9956817626953,REPLAY,LEFT,3,98,98,281,2,False,False,True
462.0919952392578,REPLAY,NEUTRAL,3,98,98,281,2,False,False,True
462.19232177734375,REPLAY,NEUTRAL,3,98,98,281,2,False,False,True
462.2926483154297,REPLAY,NEUTRAL,3,98,98,281,2,False,False,True
462.3929748535156,REPLAY,NEUTRAL,3,98,98,281,3,False,False,True
462.49330139160156,REPLAY,NEUTRAL,3,98,98,281,3,False,False,True
462.5936279296875,REPLAY,LEFT,3,98,98,281,3,False,False,True
462.69395446777344,REPLAY,LEFT,3,98,98,281,3,False,False,True
462.7942810058594,REPLAY,NEUTRAL,3,98,98,281,3,False,False,True
462.8946075439453,REPLAY,NEUTRAL,3,98,98,281,3,False,False,True
462.99493408203125,REPLAY,NEUTRAL,3,98,98,281,3,False,False,True
463.0952606201172,REPLAY,NEUTRAL,3,98,98,282,2,False,False,True
463.1955871582031,REPLAY,NEUTRAL,3,98,98,282,2,False,False,True
463.29591369628906,REPLAY,NEUTRAL,3,98,98,282,2,False,False,True
463.39222717285156,REPLAY,NEUTRAL,3,98,98,282,2,False,False,True
463.4925537109375,REPLAY,NEUTRAL,3,98,98,282,2,False,False,True
463.59288024902344,REPLAY,LEFT,3,98,98,282,2,False,False,True
463.6932067871094,REPLAY,LEFT,3,98,98,282,2,False,False,True
463.7935333251953,REPLAY,LEFT,3,98,98,282,2,False,False,True
463.89385986328125,REPLAY,NEUTRAL,3,98,98,282,2,False,False,True
463.9941864013672,REPLAY,NEUTRAL,3,98,98,282,3,False,False,True
464.0945129394531,REPLAY,NEUTRAL,3,98,98,282,3,False,False,True
464.19483947753906,REPLAY,NEUTRAL,3,98,98,282,3,False,False,True
464.295166015625,REPLAY,NEUTRAL,3,98,98,282,3,False,False,True
464.39549255371094,REPLAY,NEUTRAL,3,98,98,282,3,False,False,True
464.4958190917969,REPLAY,RIGHT,3,98,98,282,3,False,False,True
464.5921325683594,REPLAY,RIGHT,3,98,98,282,3,False,False,True
464.6924591064453,REPLAY,NEUTRAL,3,98,98,282,3,False,False,True
464.79278564453125,REPLAY,NEUTRAL,3,98,98,283,2,False,False,True
464.8931121826172,REPLAY,NEUTRAL,3,98,98,283,2,False,False,True
464.9934387207031,REPLAY,NEUTRAL,3,98,98,283,2,False,False,True
465.09376525878906,REPLAY,NEUTRAL,3,98,98,283,2,False,False,True
465.194091796875,REPLAY,NEUTRAL,3,98,98,283,2,False,False,True
465.29441833496094,REPLAY,NEUTRAL,3,98,98,283,3,False,False,True
465.3947448730469,REPLAY,LEFT,3,98,98,283,3,False,False,True
465.4950714111328,REPLAY,LEFT,3,98,98,283,3,False,False,True
465.59539794921875,REPLAY,NEUTRAL,3,98,98,284,2,False,False,True
465.6957244873047,REPLAY,NEUTRAL,3,98,98,284,2,False,False,True
465.7920379638672,REPLAY,NEUTRAL,3,98,98,284,2,False,False,True
465.8923645019531,REPLAY,NEUTRAL,3,98,98,284,2,False,False,True
465.99269104003906,REPLAY,NEUTRAL,3,98,98,284,2,False,False,True
466.093017578125,REPLAY,NEUTRAL,3,98,98,284,2,False,False,True
466.19334411621094,REPLAY,NEUTRAL,3,98,98,284,2,False,False,True
466.2936706542969,REPLAY,NEUTRAL,3,98,98,284,2,False,False,True
466.3939971923828,REPLAY,NEUTRAL,3,98,98,284,2,False,False,True
466.49432373046875,REPLAY,NEUTRAL,3,98,98,284,2,False,False,True
466.5946502685547,REPLAY,NEUTRAL,3,98,98,284,2,False,False,True
466.6949768066406,REPLAY,NEUTRAL,3,98,98,284,2,False,False,True
466.79530334472656,REPLAY,NEUTRAL,3,98,98,284,3,False,False,True
466.8956298828125,REPLAY,NEUTRAL,3,98,98,284,3,False,False,True
466.99595642089844,REPLAY,LEFT,3,98,98,284,3,False,False,True
467.09226989746094,REPLAY,LEFT,3,98,98,284,3,False,False,True
467.1925964355469,REPLAY,NEUTRAL,3,98,98,284,3,False,False,True
467.2929229736328,REPLAY,NEUTRAL,3,98,98,285,2,False,False,True
467.39324951171875,REPLAY,NEUTRAL,3,98,98,285,2,False,False,True
467.4935760498047,REPLAY,NEUTRAL,3,98,98,285,2,False,False,True
467.5939025878906,REPLAY,NEUTRAL,3,98,98,285,2,False,False,True
467.69422912597656,REPLAY,NEUTRAL,3,98,98,285,2,False,False,True
467.7945556640625,REPLAY,NEUTRAL,3,98,98,285,3,False,False,True
467.89488220214844,REPLAY,LEFT,3,98,98,285,3,False,False,True
467.9952087402344,REPLAY,NEUTRAL,3,98,98,285,3,False,False,True
468.0955352783203,REPLAY,NEUTRAL,3,99,99,285,2,False,False,True
468.19586181640625,REPLAY,NEUTRAL,3,99,99,285,2,False,False,True
468.29217529296875,REPLAY,NEUTRAL,3,99,99,285,2,False,False,True
468.3925018310547,REPLAY,NEUTRAL,3,99,99,285,2,False,False,True
468.4928283691406,REPLAY,NEUTRAL,3,99,99,285,2,False,False,True
468.59315490722656,REPLAY,NEUTRAL,3,99,99,285,2,False,False,True
468.6934814453125,REPLAY,NEUTRAL,3,99,99,285,3,False,False,True
468.79380798339844,REPLAY,NEUTRAL,3,99,99,285,3,False,False,True
468.8941345214844,REPLAY,NEUTRAL,3,99,99,285,3,False,False,True
468.9944610595703,REPLAY,NEUTRAL,3,99,99,285,3,False,False,True
469.09478759765625,REPLAY,NEUTRAL,3,99,99,285,3,False,False,True
469.1951141357422,REPLAY,NEUTRAL,3,99,99,285,3,False,False,True
469.2954406738281,REPLAY,NEUTRAL,3,99,99,285,3,False,False,True
469.39576721191406,REPLAY,NEUTRAL,3,99,99,285,3,False,False,True
469.49208068847656,REPLAY,LEFT,3,99,99,285,3,False,False,True
469.5924072265625,REPLAY,LEFT,3,99,99,285,3,False,False,True
469.69273376464844,REPLAY,NEUTRAL,3,99,99,285,3,False,False,True
469.7930603027344,REPLAY,NEUTRAL,3,99,99,285,3,False,False,True
469.8933868408203,REPLAY,NEUTRAL,3,99,99,285,4,False,False,True
469.99371337890625,REPLAY,NEUTRAL,3,99,99,286,3,False,False,True
470.0940399169922,REPLAY,NEUTRAL,3,99,99,286,3,False,False,True
470.1943664550781,REPLAY,NEUTRAL,3,99,99,286,3,False,False,True
470.29469299316406,REPLAY,NEUTRAL,3,99,99,286,3,False,False,True
470.39501953125,REPLAY,NEUTRAL,3,99,99,286,3,False,False,True
470.49534606933594,REPLAY,NEUTRAL,3,100,100,286,2,False,False,True
470.5956726074219,REPLAY,NEUTRAL,3,100,100,286,2,False,False,True
470.6919860839844,REPLAY,NEUTRAL,3,100,100,286,2,False,False,True
470.7923126220703,REPLAY,NEUTRAL,3,100,100,286,2,False,False,True
470.89263916015625,REPLAY,NEUTRAL,3,100,100,286,2,False,False,True
470.9929656982422,REPLAY,NEUTRAL,3,100,100,286,3,False,False,True
471.0932922363281,REPLAY,RIGHT,3,100,100,286,3,False,False,True
471.19361877441406,REPLAY,RIGHT,3,100,100,286,3,False,False,True
471.2939453125,REPLAY,NEUTRAL,3,100,100,286,3,False,False,True
471.39427185058594,REPLAY,NEUTRAL,3,100,100,286,3,False,False,True
471.4945983886719,REPLAY,NEUTRAL,3,100,100,286,3,False,False,True
471.5949249267578,REPLAY,NEUTRAL,3,100,100,287,2,False,False,True
471.69525146484375,REPLAY,NEUTRAL,3,100,100,287,2,False,False,True
471.7955780029297,REPLAY,NEUTRAL,3,100,100,287,2,False,False,True
471.8959045410156,REPLAY,NEUTRAL,3,100,100,287,3,False,False,True
471.9922180175781,REPLAY,NEUTRAL,3,100,100,287,3,False,False,True
472.09254455566406,REPLAY,NEUTRAL,3,100,100,287,3,False,False,True
472.19287109375,REPLAY,NEUTRAL,3,100,100,287,3,False,False,True
472.29319763183594,REPLAY,NEUTRAL,3,100,100,287,3,False,False,True
472.3935241699219,REPLAY,NEUTRAL,3,100,100,287,3,False,False,True
472.4938507080078,REPLAY,NEUTRAL,3,100,100,287,3,False,False,True
472.59417724609375,REPLAY,NEUTRAL,3,100,100,287,3,False,False,True
472.6945037841797,REPLAY,NEUTRAL,3,100,100,287,3,False,False,True
472.7948303222656,REPLAY,NEUTRAL,3,101,101,287,2,False,False,True
472.89515686035156,REPLAY,NEUTRAL,3,101,101,287,2,False,False,True
472.9954833984375,REPLAY,NEUTRAL,3,101,101,287,3,False,False,True
473.09580993652344,REPLAY,LEFT,3,101,101,287,3,False,False,True
473.19212341308594,REPLAY,LEFT,3,101,101,287,3,False,False,True
473.2924499511719,REPLAY,NEUTRAL,3,101,101,287,3,False,False,True
473.3927764892578,REPLAY,NEUTRAL,3,101,101,287,3,False,False,True
473.49310302734375,REPLAY,NEUTRAL,3,101,101,287,3,False,False,True
473.5934295654297,REPLAY,NEUTRAL,3,101,101,287,3,False,False,True
473.6937561035156,REPLAY,NEUTRAL,3,101,101,287,3,False,False,True
473.79408264160156,REPLAY,NEUTRAL,3,101,101,287,3,False,False,True
473.8944091796875,REPLAY,NEUTRAL,3,101,101,287,3,False,False,True
473.99473571777344,REPLAY,NEUTRAL,3,101,101,288,2,False,False,True
474.0950622558594,REPLAY,NEUTRAL,3,101,101,288,2,False,False,True
474.1953887939453,REPLAY,NEUTRAL,3,101,101,288,2,False,False,True
474.29571533203125,REPLAY,LEFT,3,101,101,288,2,False,False,True
474.39202880859375,REPLAY,NEUTRAL,3,101,101,288,2,False,False,True
474.4923553466797,REPLAY,NEUTRAL,3,101,101,288,3,False,False,True
474.5926818847656,REPLAY,NEUTRAL,3,101,101,288,3,False,False,True
474.69300842285156,REPLAY,NEUTRAL,3,101,101,288,3,False,False,True
474.7933349609375,REPLAY,NEUTRAL,3,101,101,288,3,False,False,True
474.89366149902344,REPLAY,NEUTRAL,3,101,101,288,3,False,False,True
474.9939880371094,REPLAY,RIGHT,3,101,101,288,3,False,False,True
475.0943145751953,REPLAY,RIGHT,3,101,101,288,3,False,False,True
475.19464111328125,REPLAY,RIGHT,3,101,101,289,2,False,False,True
475.2949676513672,REPLAY,NEUTRAL,3,101,101,289,2,False,False,True
475.3952941894531,REPLAY,NEUTRAL,3,101,101,289,2,False,False,True
475.49562072753906,REPLAY,NEUTRAL,3,101,101,289,2,False,False,True
475.595947265625,REPLAY,NEUTRAL,3,101,101,289,3,False,False,True
475.6922607421875,REPLAY,NEUTRAL,3,101,101,289,3,False,False,True
475.79258728027344,REPLAY,NEUTRAL,3,101,101,289,3,False,False,True
475.8929138183594,REPLAY,LEFT,3,101,101,289,3,False,False,True
475.9932403564453,REPLAY,NEUTRAL,3,101,101,290,2,False,False,True
476.09356689453125,REPLAY,LEFT,3,101,101,290,2,False,False,True
476.1938934326172,REPLAY,NEUTRAL,3,101,101,290,2,False,False,True
476.2942199707031,REPLAY,NEUTRAL,3,101,101,290,2,False,False,True
476.39454650878906,REPLAY,NEUTRAL,3,101,101,290,2,False,False,True
476.494873046875,REPLAY,NEUTRAL,3,101,101,290,2,False,False,True
476.59519958496094,REPLAY,NEUTRAL,3,101,101,290,2,False,False,True
476.6955261230469,REPLAY,NEUTRAL,3,101,101,290,2,False,False,True
476.7958526611328,REPLAY,LEFT,3,101,101,290,2,False,False,True
476.8921661376953,REPLAY,LEFT,3,101,101,290,2,False,False,True
476.99249267578125,REPLAY,NEUTRAL,3,101,101,290,2,False,False,True
477.0928192138672,REPLAY,NEUTRAL,3,101,101,290,2,False,False,True
477.1931457519531,REPLAY,LEFT,3,101,101,290,3,False,False,True
477.29347229003906,REPLAY,LEFT,3,101,101,290,3,False,False,True
477.393798828125,REPLAY,NEUTRAL,3,101,101,290,3,False,False,True
477.49412536621094,REPLAY,NEUTRAL,3,101,101,290,3,False,False,True
477.5944519042969,REPLAY,NEUTRAL,3,101,101,290,3,False,False,True
477.6947784423828,REPLAY,NEUTRAL,3,101,101,290,3,False,False,True
477.79510498046875,REPLAY,NEUTRAL,3,101,101,290,3,False,False,True
477.8954315185547,REPLAY,LEFT,3,101,101,290,3,False,False,True
477.9957580566406,REPLAY,NEUTRAL,3,101,101,291,2,False,False,True
478.0920715332031,REPLAY,NEUTRAL,3,101,101,291,2,False,False,True
478.19239807128906,REPLAY,NEUTRAL,3,101,101,291,2,False,False,True
478.292724609375,REPLAY,NEUTRAL,3,101,101,291,2,False,False,True
478.39305114746094,REPLAY,NEUTRAL,3,101,101,291,2,False,False,True
478.4933776855469,REPLAY,NEUTRAL,3,101,101,291,2,False,False,True
478.5937042236328,REPLAY,NEUTRAL,3,101,101,291,2,False,False,True
478.69403076171875,REPLAY,NEUTRAL,3,101,101,291,2,False,False,True
478.7943572998047,REPLAY,NEUTRAL,3,101,101,291,3,False,False,True
478.8946838378906,REPLAY,NEUTRAL,3,101,101,292,2,False,False,True
478.99501037597656,REPLAY,NEUTRAL,3,101,101,292,2,False,False,True
479.0953369140625,REPLAY,NEUTRAL,3,101,101,292,2,False,False,True
479.19566345214844,REPLAY,NEUTRAL,3,101,101,292,2,False,False,True
479.29197692871094,REPLAY,NEUTRAL,3,101,101,292,2,False,False,True
479.3923034667969,REPLAY,LEFT,3,101,101,292,2,False,False,True
479.4926300048828,REPLAY,LEFT,3,101,101,292,2,False,False,True
479.59295654296875,REPLAY,NEUTRAL,3,101,101,292,2,False,False,True
479.6932830810547,REPLAY,NEUTRAL,3,101,101,292,2,False,False,True
479.7936096191406,REPLAY,NEUTRAL,3,101,101,292,3,False,False,True
479.89393615722656,REPLAY,NEUTRAL,3,102,102,292,2,False,False,True
479.9942626953125,REPLAY,NEUTRAL,3,102,102,292,2,False,False,True
480.09458923339844,REPLAY,NEUTRAL,3,102,102,292,2,False,False,True
480.1949157714844,REPLAY,NEUTRAL,3,102,102,292,2,False,False,True
480.2952423095703,REPLAY,NEUTRAL,3,102,102,292,2,False,False,True
480.39556884765625,REPLAY,NEUTRAL,3,102,102,292,2,False,False,True
480.4958953857422,REPLAY,LEFT,3,102,102,292,2,False,False,True
480.5922088623047,REPLAY,LEFT,3,102,102,292,2,False,False,True
480.6925354003906,REPLAY,LEFT,3,102,102,292,2,False,False,True
480.79286193847656,REPLAY,NEUTRAL,3,102,102,292,3,False,False,True
480.8931884765625,REPLAY,NEUTRAL,3,102,102,292,3,False,False,True
480.99351501464844,REPLAY,NEUTRAL,3,102,102,292,3,False,False,True
481.0938415527344,REPLAY,NEUTRAL,3,102,102,292,3,False,False,True
481.1941680908203,REPLAY,NEUTRAL,3,102,102,292,3,False,False,True
481.29449462890625,REPLAY,NEUTRAL,3,102,102,292,3,False,False,True
481.3948211669922,REPLAY,NEUTRAL,3,102,102,292,3,False,False,True
481.4951477050781,REPLAY,NEUTRAL,3,102,102,292,3,False,False,True
481.59547424316406,REPLAY,NEUTRAL,3,102,102,292,3,False,False,True
481.69580078125,REPLAY,NEUTRAL,3,103,103,292,2,False,False,True
481.7921142578125,REPLAY,LEFT,3,103,103,292,2,False,False,True
481.89244079589844,REPLAY,LEFT,3,103,103,292,3,False,False,True
481.9927673339844,REPLAY,LEFT,3,103,103,292,3,False,False,True
482.0930938720703,REPLAY,NEUTRAL,3,103,103,292,3,False,False,True
482.19342041015625,REPLAY,NEUTRAL,3,103,103,292,3,False,False,True
482.2937469482422,REPLAY,NEUTRAL,3,103,103,292,3,False,False,True
482.3940734863281,REPLAY,NEUTRAL,3,103,103,292,3,False,False,True
482.49440002441406,REPLAY,NEUTRAL,3,103,103,292,3,False,False,True
482.5947265625,REPLAY,NEUTRAL,3,103,103,292,3,False,False,True
482.69505310058594,REPLAY,NEUTRAL,3,103,103,292,3,False,False,True
482.7953796386719,REPLAY,LEFT,3,103,103,292,3,False,False,True
482.8957061767578,REPLAY,LEFT,3,103,103,292,3,False,False,True
482.9920196533203,REPLAY,LEFT,3,103,103,292,3,False,False,True
483.09234619140625,REPLAY,LEFT,3,103,103,292,3,False,False,True
483.1926727294922,REPLAY,NEUTRAL,3,103,103,292,3,False,False,True
483.2929992675781,REPLAY,LEFT,3,103,103,293,2,False,False,True
483.39332580566406,REPLAY,NEUTRAL,3,103,103,293,2,False,False,True
483.49365234375,REPLAY,NEUTRAL,3,103,103,293,3,False,False,True
483.59397888183594,REPLAY,NEUTRAL,3,104,104,293,2,False,False,True
483.6943054199219,REPLAY,NEUTRAL,3,104,104,293,2,False,False,True
483.7946319580078,REPLAY,NEUTRAL,3,104,104,293,2,False,False,True
483.89495849609375,REPLAY,NEUTRAL,3,104,104,293,2,False,False,True
483.9952850341797,REPLAY,NEUTRAL,3,104,104,293,2,False,False,True
484.0956115722656,REPLAY,NEUTRAL,3,104,104,293,2,False,False,True
484.19593811035156,REPLAY,LEFT,3,104,104,293,2,False,False,True
484.29225158691406,REPLAY,LEFT,3,104,104,293,2,False,False,True
484.392578125,REPLAY,NEUTRAL,3,104,104,293,2,False,False,True
484.49290466308594,REPLAY,NEUTRAL,3,104,104,293,2,False,False,True
484.5932312011719,REPLAY,NEUTRAL,3,104,104,293,2,False,False,True
484.6935577392578,REPLAY,NEUTRAL,3,104,104,293,2,False,False,True
484.79388427734375,REPLAY,NEUTRAL,3,104,104,293,3,False,False,True
484.8942108154297,REPLAY,NEUTRAL,3,104,104,293,3,False,False,True
484.9945373535156,REPLAY,LEFT,3,104,104,293,3,False,False,True
485.09486389160156,REPLAY,LEFT,3,105,105,293,2,False,False,True
485.1951904296875,REPLAY,NEUTRAL,3,105,105,293,2,False,False,True
485.29551696777344,REPLAY,NEUTRAL,3,105,105,293,2,False,False,True
485.3958435058594,REPLAY,NEUTRAL,3,105,105,293,2,False,False,True
485.4921569824219,REPLAY,NEUTRAL,3,105,105,293,2,False,False,True
485.5924835205078,REPLAY,NEUTRAL,3,105,105,293,3,False,False,True
485.69281005859375,REPLAY,NEUTRAL,3,105,105,293,3,False,False,True
485.7931365966797,REPLAY,NEUTRAL,3,105,105,293,3,False,False,True
485.8934631347656,REPLAY,LEFT,3,105,105,293,3,False,False,True
485.99378967285156,REPLAY,LEFT,3,105,105,293,3,False,False,True
486.0941162109375,REPLAY,NEUTRAL,3,105,105,293,3,False,False,True
486.19444274902344,REPLAY,NEUTRAL,3,105,105,293,3,False,False,True
486.2947692871094,REPLAY,NEUTRAL,3,105,105,293,3,False,False,True
486.3950958251953,REPLAY,NEUTRAL,3,105,105,293,3,False,False,True
486.49542236328125,REPLAY,LEFT,3,105,105,293,3,False,False,True
486.5957489013672,REPLAY,LEFT,3,105,105,293,3,False,False,True
486.6920623779297,REPLAY,NEUTRAL,3,105,105,293,3,False,False,True
486.7923889160156,REPLAY,NEUTRAL,3,105,105,293,3,False,False,True
486.89271545410156,REPLAY,NEUTRAL,3,105,105,293,3,False,False,True
486.9930419921875,REPLAY,NEUTRAL,3,105,105,294,3,False,False,True
487.09336853027344,REPLAY,NEUTRAL,3,105,105,294,3,False,False,True
487.1936950683594,REPLAY,NEUTRAL,3,105,105,294,3,False,False,True
487.2940216064453,REPLAY,RIGHT,3,105,105,294,3,False,False,True
487.39434814453125,REPLAY,RIGHT,3,105,105,294,3,False,False,True
487.4946746826172,REPLAY,NEUTRAL,3,105,105,294,3,False,False,True
487.5950012207031,REPLAY,NEUTRAL,3,105,105,294,3,False,False,True
487.69532775878906,REPLAY,NEUTRAL,3,105,105,294,3,False,False,True
487.795654296875,REPLAY,NEUTRAL,3,105,105,295,2,False,False,True
487.89598083496094,REPLAY,NEUTRAL,3,105,105,295,2,False,False,True
487.99229431152344,REPLAY,NEUTRAL,3,105,105,295,3,False,False,True
488.0926208496094,REPLAY,NEUTRAL,3,105,105,295,3,False,False,True
488.1929473876953,REPLAY,NEUTRAL,3,105,105,295,3,False,False,True
488.29327392578125,REPLAY,LEFT,3,105,105,295,3,False,False,True
488.3936004638672,REPLAY,LEFT,3,105,105,295,3,False,False,True
488.4939270019531,REPLAY,LEFT,3,105,105,295,3,False,False,True
488.59425354003906,REPLAY,NEUTRAL,3,105,105,295,3,False,False,True
488.694580078125,REPLAY,NEUTRAL,3,105,105,295,3,False,False,True
488.79490661621094,REPLAY,NEUTRAL,3,105,105,296,2,False,False,True
488.8952331542969,REPLAY,LEFT,3,105,105,296,2,False,False,True
488.9955596923828,REPLAY,LEFT,3,105,105,296,2,False,False,True
489.09588623046875,REPLAY,NEUTRAL,3,105,105,296,2,False,False,True
489.19219970703125,REPLAY,NEUTRAL,3,105,105,296,2,False,False,True
489.2925262451172,REPLAY,NEUTRAL,3,105,105,296,3,False,False,True
489.3928527832031,REPLAY,NEUTRAL,3,105,105,296,3,False,False,True
489.49317932128906,REPLAY,NEUTRAL,3,105,105,296,3,False,False,True
489.593505859375,REPLAY,NEUTRAL,3,105,105,296,3,False,False,True
489.69383239746094,REPLAY,NEUTRAL,3,105,105,296,3,False,False,True
489.7941589355469,REPLAY,NEUTRAL,3,105,105,296,3,False,False,True
489.8944854736328,REPLAY,NEUTRAL,3,105,105,296,3,False,False,True
489.99481201171875,REPLAY,LEFT,3,105,105,296,3,False,False,True
490.0951385498047,REPLAY,LEFT,3,105,105,297,2,False,False,True
490.1954650878906,REPLAY,NEUTRAL,3,105,105,297,2,False,False,True
490.29579162597656,REPLAY,NEUTRAL,3,105,105,297,2,False,False,True
490.39210510253906,REPLAY,NEUTRAL,3,105,105,297,2,False,False,True
490.492431640625,REPLAY,NEUTRAL,3,105,105,297,2,False,False,True
490.59275817871094,REPLAY,NEUTRAL,3,105,105,297,2,False,False,True
490.6930847167969,REPLAY,NEUTRAL,3,105,105,297,2,False,False,True
490.7934112548828,REPLAY,NEUTRAL,3,105,105,297,2,False,False,True
490.89373779296875,REPLAY,LEFT,3,105,105,297,3,False,False,True
490.9940643310547,REPLAY,LEFT,3,105,105,297,3,False,False,True
491.0943908691406,REPLAY,NEUTRAL,3,106,106,297,2,False,False,True
491.19471740722656,REPLAY,NEUTRAL,3,106,106,297,2,False,False,True
491.2950439453125,REPLAY,NEUTRAL,3,106,106,297,2,False,False,True
491.39537048339844,REPLAY,NEUTRAL,3,106,106,297,2,False,False,True
491.4956970214844,REPLAY,NEUTRAL,3,106,106,297,2,False,False,True
491.5920104980469,REPLAY,LEFT,3,106,106,297,2,False,False,True
491.6923370361328,REPLAY,LEFT,3,106,106,297,2,False,False,True
491.79266357421875,REPLAY,NEUTRAL,3,106,106,297,2,False,False,True
491.8929901123047,REPLAY,NEUTRAL,3,106,106,297,2,False,False,True
491.9933166503906,REPLAY,NEUTRAL,3,106,106,297,2,False,False,True
492.09364318847656,REPLAY,NEUTRAL,3,106,106,297,3,False,False,True
492.1939697265625,REPLAY,NEUTRAL,3,106,106,297,3,False,False,True
492.29429626464844,REPLAY,NEUTRAL,3,106,106,297,3,False,False,True
492.3946228027344,REPLAY,NEUTRAL,3,106,106,297,3,False,False,True
492.4949493408203,REPLAY,NEUTRAL,3,106,106,297,3,False,False,True
492.59527587890625,REPLAY,NEUTRAL,3,106,106,297,3,False,False,True
492.6956024169922,REPLAY,NEUTRAL,3,106,106,297,3,False,False,True
492.7959289550781,REPLAY,NEUTRAL,3,106,106,297,3,False,False,True
492.8922424316406,REPLAY,NEUTRAL,3,106,106,298,2,False,False,True
492.99256896972656,REPLAY,NEUTRAL,3,106,106,298,2,False,False,True
493.0928955078125,REPLAY,NEUTRAL,3,106,106,298,2,False,False,True
493.19322204589844,REPLAY,NEUTRAL,3,106,106,298,2,False,False,True
493.2935485839844,REPLAY,NEUTRAL,3,106,106,298,2,False,False,True
493.3938751220703,REPLAY,NEUTRAL,3,106,106,298,3,False,False,True
493.49420166015625,REPLAY,NEUTRAL,3,106,106,298,3,False,False,True
493.5945281982422,REPLAY,NEUTRAL,3,106,106,298,3,False,False,True
493.6948547363281,REPLAY,NEUTRAL,3,106,106,298,3,False,False,True
493.79518127441406,REPLAY,LEFT,3,106,106,298,3,False,False,True
493.8955078125,REPLAY,NEUTRAL,3,106,106,298,3,False,False,True
493.99583435058594,REPLAY,NEUTRAL,3,106,106,299,2,False,False,True
494.09214782714844,REPLAY,LEFT,3,106,106,299,2,False,False,True
494.1924743652344,REPLAY,LEFT,3,106,106,299,2,False,False,True
494.2928009033203,REPLAY,NEUTRAL,3,106,106,299,2,False,False,True
494.39312744140625,REPLAY,NEUTRAL,3,106,106,299,2,False,False,True
494.4934539794922,REPLAY,NEUTRAL,3,106,106,299,2,False,False,True
494.5937805175781,REPLAY,NEUTRAL,3,106,106,299,2,False,False,True
494.69410705566406,REPLAY,NEUTRAL,3,106,106,299,2,False,False,True
494.79443359375,REPLAY,LEFT,3,106,106,299,3,False,False,True
494.89476013183594,REPLAY,LEFT,3,106,106,299,3,False,False,True
494.9950866699219,REPLAY,NEUTRAL,3,106,106,299,3,False,False,True
495.0954132080078,REPLAY,NEUTRAL,3,106,106,299,3,False,False,True
495.19573974609375,REPLAY,NEUTRAL,3,106,106,299,3,False,False,True
495.29205322265625,REPLAY,NEUTRAL,3,106,106,299,3,False,False,True
495.3923797607422,REPLAY,NEUTRAL,3,106,106,300,2,False,False,True
495.4927062988281,REPLAY,NEUTRAL,3,106,106,300,2,False,False,True
495.59303283691406,REPLAY,NEUTRAL,3,106,106,300,2,False,False,True
495.693359375,REPLAY,NEUTRAL,3,106,106,300,2,False,False,True
495.79368591308594,REPLAY,NEUTRAL,3,106,106,300,2,False,False,True
495.8940124511719,REPLAY,NEUTRAL,3,106,106,300,2,False,False,True
495.9943389892578,REPLAY,NEUTRAL,3,106,106,300,3,False,False,True
496.09466552734375,REPLAY,NEUTRAL,3,106,106,300,3,False,False,True
496.1949920654297,REPLAY,NEUTRAL,3,106,106,300,3,False,False,True
496.2953186035156,REPLAY,LEFT,3,106,106,300,3,False,False,True
496.39564514160156,REPLAY,LEFT,3,106,106,300,3,False,False,True
496.4959716796875,REPLAY,NEUTRAL,3,107,107,300,2,False,False,True
496.59228515625,REPLAY,NEUTRAL,3,107,107,300,2,False,False,True
496.69261169433594,REPLAY,RIGHT,3,107,107,300,2,False,False,True
496.7929382324219,REPLAY,NEUTRAL,3,107,107,300,2,False,False,True
496.8932647705078,REPLAY,NEUTRAL,3,107,107,300,2,False,False,True
496.99359130859375,REPLAY,NEUTRAL,3,107,107,300,2,False,False,True
497.0939178466797,REPLAY,NEUTRAL,3,107,107,300,3,False,False,True
497.1942443847656,REPLAY,NEUTRAL,3,107,107,300,3,False,False,True
497.29457092285156,REPLAY,NEUTRAL,3,107,107,300,3,False,False,True
497.3948974609375,REPLAY,NEUTRAL,3,107,107,300,3,False,False,True
497.49522399902344,REPLAY,NEUTRAL,3,107,107,300,3,False,False,True
497.5955505371094,REPLAY,NEUTRAL,3,107,107,300,3,False,False,True
497.6958770751953,REPLAY,NEUTRAL,3,107,107,300,3,False,False,True
497.7921905517578,REPLAY,NEUTRAL,3,107,107,300,3,False,False,True
497.89251708984375,REPLAY,LEFT,3,107,107,300,3,False,False,True
497.9928436279297,REPLAY,LEFT,3,107,107,300,3,False,False,True
498.0931701660156,REPLAY,LEFT,3,107,107,300,3,False,False,True
498.19349670410156,REPLAY,NEUTRAL,3,107,107,300,4,False,False,True
498.2938232421875,REPLAY,NEUTRAL,3,107,107,300,4,False,False,True
498.39414978027344,REPLAY,NEUTRAL,3,107,107,301,3,False,False,True
498.4944763183594,REPLAY,NEUTRAL,3,107,107,301,3,False,False,True
498.5948028564453,REPLAY,NEUTRAL,3,107,107,301,3,False,False,True
498.69512939453125,REPLAY,NEUTRAL,3,107,107,301,3,False,False,True
498.7954559326172,REPLAY,NEUTRAL,3,107,107,301,3,False,False,True
498.8957824707031,REPLAY,NEUTRAL,3,107,107,301,3,False,False,True
498.9920959472656,REPLAY,NEUTRAL,3,107,107,301,3,False,False,True
499.09242248535156,REPLAY,NEUTRAL,3,107,107,301,3,False,False,True
499.1927490234375,REPLAY,NEUTRAL,3,107,107,302,2,False,False,True
499.29307556152344,REPLAY,NEUTRAL,3,107,107,302,3,False,False,True
499.3934020996094,REPLAY,RIGHT,3,107,107,302,3,False,False,True
499.4937286376953,REPLAY,RIGHT,3,107,107,302,3,False,False,True
499.59405517578125,REPLAY,NEUTRAL,3,107,107,302,3,False,False,True
499.6943817138672,REPLAY,NEUTRAL,3,107,107,302,3,False,False,True
499.7947082519531,REPLAY,NEUTRAL,3,107,107,302,3,False,False,True
499.89503479003906,REPLAY,LEFT,3,107,107,302,3,False,False,True
499.995361328125,REPLAY,LEFT,3,107,107,302,3,False,False,True
500.09568786621094,REPLAY,LEFT,3,107,107,302,3,False,False,True
500.19200134277344,REPLAY,LEFT,3,107,107,302,3,False,False,True
500.2923278808594,REPLAY,NEUTRAL,3,107,107,302,3,False,False,True
500.3926544189453,REPLAY,NEUTRAL,3,107,107,303,2,False,False,True
500.49298095703125,REPLAY,NEUTRAL,3,107,107,303,3,False,False,True
500.5933074951172,REPLAY,NEUTRAL,3,107,107,303,3,False,False,True
500.6936340332031,REPLAY,NEUTRAL,3,107,107,303,3,False,False,True
500.79396057128906,REPLAY,NEUTRAL,3,107,107,303,3,False,False,True
500.894287109375,REPLAY,LEFT,3,107,107,303,3,False,False,True
500.99461364746094,REPLAY,LEFT,3,107,107,303,3,False,False,True
501.0949401855469,REPLAY,NEUTRAL,3,107,107,303,3,False,False,True
501.1952667236328,REPLAY,NEUTRAL,3,107,107,304,2,False,False,True
501.29559326171875,REPLAY,NEUTRAL,3,107,107,304,2,False,False,True
501.3959197998047,REPLAY,NEUTRAL,3,107,107,304,2,False,False,True
501.4922332763672,REPLAY,NEUTRAL,3,107,107,304,2,False,False,True
501.5925598144531,REPLAY,NEUTRAL,3,107,107,304,2,False,False,True
501.69288635253906,REPLAY,RIGHT,3,107,107,304,2,False,False,True
501.793212890625,REPLAY,RIGHT,3,107,107,304,3,False,False,True
501.89353942871094,REPLAY,RIGHT,3,107,107,304,3,False,False,True
501.9938659667969,REPLAY,NEUTRAL,3,107,107,304,3,False,False,True
502.0941925048828,REPLAY,NEUTRAL,3,107,107,304,3,False,False,True
502.19451904296875,REPLAY,NEUTRAL,3,107,107,304,3,False,False,True
502.2948455810547,REPLAY,NEUTRAL,3,107,107,304,3,False,False,True
502.3951721191406,REPLAY,NEUTRAL,3,107,107,304,3,False,False,True
502.49549865722656,REPLAY,NEUTRAL,3,107,107,304,3,False,False,True
502.5958251953125,REPLAY,NEUTRAL,3,107,107,304,3,False,False,True
502.692138671875,REPLAY,NEUTRAL,3,107,107,304,3,False,False,True
502.79246520996094,REPLAY,NEUTRAL,3,107,107,304,3,False,False,True
502.8927917480469,REPLAY,NEUTRAL,3,107,107,305,2,False,False,True
502.9931182861328,REPLAY,NEUTRAL,3,107,107,305,2,False,False,True
503.09344482421875,REPLAY,LEFT,3,107,107,305,3,False,False,True
503.1937713623047,REPLAY,LEFT,3,107,107,305,3,False,False,True
503.2940979003906,REPLAY,NEUTRAL,3,107,107,305,3,False,False,True
503.39442443847656,REPLAY,NEUTRAL,3,107,107,305,3,False,False,True
503.4947509765625,REPLAY,NEUTRAL,3,107,107,305,3,False,False,True
503.59507751464844,REPLAY,NEUTRAL,3,107,107,305,3,False,False,True
503.6954040527344,REPLAY,NEUTRAL,3,107,107,305,3,False,False,True
503.7957305908203,REPLAY,NEUTRAL,3,107,107,305,3,False,False,True
503.8920440673828,REPLAY,NEUTRAL,3,107,107,305,3,False,False,True
503.99237060546875,REPLAY,NEUTRAL,3,107,107,305,3,False,False,True
504.0926971435547,REPLAY,NEUTRAL,3,107,107,306,2,False,False,True
504.1930236816406,REPLAY,NEUTRAL,3,107,107,306,2,False,False,True
504.29335021972656,REPLAY,NEUTRAL,3,107,107,306,2,False,False,True
504.3936767578125,REPLAY,RIGHT,3,107,107,306,2,False,False,True
504.49400329589844,REPLAY,NEUTRAL,3,107,107,306,2,False,False,True
504.5943298339844,REPLAY,NEUTRAL,3,107,107,306,3,False,False,True
504.6946563720703,REPLAY,NEUTRAL,3,107,107,306,3,False,False,True
504.79498291015625,REPLAY,NEUTRAL,3,107,107,307,2,False,False,True
504.8953094482422,REPLAY,NEUTRAL,3,107,107,307,2,False,False,True
504.9956359863281,REPLAY,NEUTRAL,3,107,107,307,2,False,False,True
505.09596252441406,REPLAY,NEUTRAL,3,107,107,307,2,False,False,True
505.19227600097656,REPLAY,NEUTRAL,3,107,107,307,2,False,False,True
505.2926025390625,REPLAY,NEUTRAL,3,107,107,307,2,False,False,True
505.39292907714844,REPLAY,NEUTRAL,3,107,107,307,2,False,False,True
505.4932556152344,REPLAY,NEUTRAL,3,107,107,307,2,False,False,True
505.5935821533203,REPLAY,LEFT,3,107,107,307,2,False,False,True
505.69390869140625,REPLAY,NEUTRAL,3,107,107,307,2,False,False,True
505.7942352294922,REPLAY,NEUTRAL,3,107,107,307,3,False,False,True
505.8945617675781,REPLAY,NEUTRAL,3,108,108,307,2,False,False,True
505.99488830566406,REPLAY,LEFT,3,108,108,307,2,False,False,True
506.09521484375,REPLAY,LEFT,3,108,108,307,2,False,False,True
506.19554138183594,REPLAY,LEFT,3,108,108,307,2,False,False,True
506.2958679199219,REPLAY,LEFT,3,108,108,307,2,False,False,True
506.3921813964844,REPLAY,LEFT,3,108,108,307,2,False,False,True
506.4925079345703,REPLAY,NEUTRAL,3,108,108,307,2,False,False,True
506.59283447265625,REPLAY,NEUTRAL,3,108,108,307,2,False,False,True
506.6931610107422,REPLAY,NEUTRAL,3,108,108,307,2,False,False,True
506.7934875488281,REPLAY,NEUTRAL,3,108,108,307,2,False,False,True
506.89381408691406,REPLAY,NEUTRAL,3,108,108,307,2,False,False,True
506.994140625,REPLAY,NEUTRAL,3,108,108,307,2,False,False,True
507.09446716308594,REPLAY,LEFT,3,108,108,307,2,False,False,True
507.1947937011719,REPLAY,LEFT,3,108,108,307,2,False,False,True
507.2951202392578,REPLAY,NEUTRAL,3,109,109,307,2,False,False,True
507.39544677734375,REPLAY,NEUTRAL,3,109,109,307,2,False,False,True
507.4957733154297,REPLAY,NEUTRAL,3,109,109,307,2,False,False,True
507.5920867919922,REPLAY,NEUTRAL,3,109,109,307,2,False,False,True
507.6924133300781,REPLAY,NEUTRAL,3,109,109,307,2,False,False,True
507.79273986816406,REPLAY,NEUTRAL,3,109,109,307,2,False,False,True
507.89306640625,REPLAY,LEFT,3,109,109,307,2,False,False,True
507.99339294433594,REPLAY,LEFT,3,109,109,307,2,False,False,True
508.0937194824219,REPLAY,NEUTRAL,3,109,109,307,2,False,False,True
508.1940460205078,REPLAY,NEUTRAL,3,109,109,307,2,False,False,True
508.29437255859375,REPLAY,NEUTRAL,3,109,109,307,2,False,False,True
508.3946990966797,REPLAY,NEUTRAL,3,109,109,307,2,False,False,True
508.4950256347656,REPLAY,NEUTRAL,3,109,109,307,2,False,False,True
508.59535217285156,REPLAY,RIGHT,3,109,109,307,2,False,False,True
508.6956787109375,REPLAY,RIGHT,3,109,109,307,2,False,False,True
508.73179626464844,REPLAY,RIGHT,3,109,109,307,2,False,False,True
