mode,source_name,run_time_sec,wall_time_utc,sample_count,decoded_state,status_text,ground_truth_state,jaw_confidence,jaw_onset_confidence,jaw_active_confidence,jaw_event_label,jaw_hold_active,hand_left_confidence,hand_right_confidence,hand_prediction,hand_margin,hand_agreed,hand_notes,hand_state,hand_ready,hand_enabled,jaw_enabled,stale_stream
REPLAY,Yaniv-LRJ(6)-4:7.csv,0.09227299690246582,2026-04-24T17:34:59.786996+00:00,24,NEUTRAL,hand calibrating (1.9s),UNKNOWN,0.0,0.0,0.0,UNKNOWN,False,0.0,0.0,NEUTRAL,0.0,False,,NEUTRAL,False,True,True,False
REPLAY,Yaniv-LRJ(6)-4:7.csv,0.19256973266601562,2026-04-24T17:34:59.788000+00:00,49,NEUTRAL,hand calibrating (1.8s),UNKNOWN,0.0,0.0,0.0,UNKNOWN,False,0.0,0.0,NEUTRAL,0.0,False,,NEUTRAL,False,True,True,False
REPLAY,Yaniv-LRJ(6)-4:7.csv,0.29286646842956543,2026-04-24T17:34:59.788197+00:00,74,NEUTRAL,hand calibrating (1.7s),UNKNOWN,0.0,0.0,0.0,UNKNOWN,False,0.0,0.0,NEUTRAL,0.0,False,,NEUTRAL,False,True,True,False
REPLAY,Yaniv-LRJ(6)-4:7.csv,0.39316320419311523,2026-04-24T17:34:59.788351+00:00,99,NEUTRAL,hand calibrating (1.6s),UNKNOWN,0.0,0.0,0.0,UNKNOWN,False,0.0,0.0,NEUTRAL,0.0,False,,NEUTRAL,False,True,True,False
REPLAY,Yaniv-LRJ(6)-4:7.csv,0.4934599399566651,2026-04-24T17:34:59.792352+00:00,124,NEUTRAL,hand calibrating (1.5s),UNKNOWN,0.13146450728003567,5.1299303591699824e-08,0.016173540811134965,INACTIVE,False,0.0,0.0,NEUTRAL,0.0,False,,NEUTRAL,False,True,True,False
REPLAY,Yaniv-LRJ(6)-4:7.csv,0.5937566757202148,2026-04-24T17:34:59.794775+00:00,149,NEUTRAL,hand calibrating (1.4s),UNKNOWN,0.27858848439105566,0.058789824404261275,0.25176735589022425,INACTIVE,False,0.0,0.0,NEUTRAL,0.0,False,,NEUTRAL,False,True,True,False
REPLAY,Yaniv-LRJ(6)-4:7.csv,0.6940534114837646,2026-04-24T17:34:59.797048+00:00,174,NEUTRAL,hand calibrating (1.3s),UNKNOWN,0.31178895395532125,0.08093994718054114,0.29110864935466435,INACTIVE,False,0.0,0.0,NEUTRAL,0.0,False,,NEUTRAL,False,True,True,False
REPLAY,Yaniv-LRJ(6)-4:7.csv,0.7943501472473145,2026-04-24T17:34:59.799445+00:00,199,NEUTRAL,hand calibrating (1.2s),UNKNOWN,0.2101683458310828,0.04412900386987951,0.10910714421136718,INACTIVE,False,0.0,0.0,NEUTRAL,0.0,False,,NEUTRAL,False,True,True,False
REPLAY,Yaniv-LRJ(6)-4:7.csv,0.8946468830108643,2026-04-24T17:34:59.801762+00:00,224,NEUTRAL,hand calibrating (1.1s),UNKNOWN,0.24252638676286398,0.05090505919405995,0.16208219667884063,INACTIVE,False,0.0,0.0,NEUTRAL,0.0,False,,NEUTRAL,False,True,True,False
REPLAY,Yaniv-LRJ(6)-4:7.csv,0.9949436187744142,2026-04-24T17:34:59.807131+00:00,249,NEUTRAL,hand calibrating (1.0s),UNKNOWN,0.27523235326653805,0.06330603584772419,0.20759744455357604,INACTIVE,False,0.0,0.0,NEUTRAL,0.0,False,,NEUTRAL,False,True,True,False
REPLAY,Yaniv-LRJ(6)-4:7.csv,1.0952403545379639,2026-04-24T17:34:59.811619+00:00,274,NEUTRAL,hand calibrating (0.9s),UNKNOWN,0.2566598726609042,0.055860660123847924,0.21874619072163895,INACTIVE,False,0.0,0.0,NEUTRAL,0.0,False,,NEUTRAL,False,True,True,False
REPLAY,Yaniv-LRJ(6)-4:7.csv,1.1955370903015137,2026-04-24T17:34:59.816064+00:00,299,NEUTRAL,hand calibrating (0.8s),UNKNOWN,0.26637147910373205,0.06118396332724693,0.20386064977826285,INACTIVE,False,0.0,0.0,NEUTRAL,0.0,False,,NEUTRAL,False,True,True,False
REPLAY,Yaniv-LRJ(6)-4:7.csv,1.2958338260650635,2026-04-24T17:34:59.821074+00:00,324,NEUTRAL,hand calibrating (0.7s),UNKNOWN,0.2520029060260345,0.0581134536450234,0.1887942308935606,INACTIVE,False,0.0,0.0,NEUTRAL,0.0,False,,NEUTRAL,False,True,True,False
REPLAY,Yaniv-LRJ(6)-4:7.csv,1.3921186923980713,2026-04-24T17:34:59.825699+00:00,348,NEUTRAL,hand calibrating (0.6s),UNKNOWN,0.25617648940682625,0.060693658443780794,0.20965986682503973,INACTIVE,False,0.0,0.0,NEUTRAL,0.0,False,,NEUTRAL,False,True,True,False
REPLAY,Yaniv-LRJ(6)-4:7.csv,1.492415428161621,2026-04-24T17:34:59.829966+00:00,373,NEUTRAL,hand calibrating (0.5s),UNKNOWN,0.30582076966557237,0.07631658148953908,0.23494017742084883,INACTIVE,False,0.0,0.0,NEUTRAL,0.0,False,,NEUTRAL,False,True,True,False
REPLAY,Yaniv-LRJ(6)-4:7.csv,1.592712163925171,2026-04-24T17:34:59.834746+00:00,398,NEUTRAL,hand calibrating (0.4s),UNKNOWN,0.2757719142494969,0.052355893119682174,0.2530671880721225,INACTIVE,False,0.0,0.0,NEUTRAL,0.0,False,,NEUTRAL,False,True,True,False
REPLAY,Yaniv-LRJ(6)-4:7.csv,1.6930088996887207,2026-04-24T17:34:59.839669+00:00,423,NEUTRAL,hand calibrating (0.3s),UNKNOWN,0.2681380408939875,0.04842090654771601,0.1950564414759036,INACTIVE,False,0.0,0.0,NEUTRAL,0.0,False,,NEUTRAL,False,True,True,False
REPLAY,Yaniv-LRJ(6)-4:7.csv,1.7933056354522705,2026-04-24T17:34:59.844408+00:00,448,NEUTRAL,hand calibrating (0.2s),UNKNOWN,0.2798236090292828,0.08984298121578223,0.20026081521772124,INACTIVE,False,0.0,0.0,NEUTRAL,0.0,False,,NEUTRAL,False,True,True,False
REPLAY,Yaniv-LRJ(6)-4:7.csv,1.8936023712158203,2026-04-24T17:34:59.849112+00:00,473,NEUTRAL,hand calibrating (0.1s),UNKNOWN,0.2352708352810744,0.0778177752255407,0.16985662729755024,INACTIVE,False,0.0,0.0,NEUTRAL,0.0,False,,NEUTRAL,False,True,True,False
REPLAY,Yaniv-LRJ(6)-4:7.csv,1.9938991069793703,2026-04-24T17:34:59.854147+00:00,498,NEUTRAL,hand calibrating (0.0s),UNKNOWN,0.2520673023992108,0.04371263233137654,0.21580352372487133,INACTIVE,False,0.0,0.0,NEUTRAL,0.0,False,,NEUTRAL,False,True,True,False
REPLAY,Yaniv-LRJ(6)-4:7.csv,2.09419584274292,2026-04-24T17:34:59.861862+00:00,523,NEUTRAL,tracking,UNKNOWN,0.24300190031084523,0.05281823480054507,0.1886032563220872,INACTIVE,False,1.0655920590352252e-12,0.9999999999989344,RIGHT,0.9999999999978688,True,,NEUTRAL,True,True,True,False
REPLAY,Yaniv-LRJ(6)-4:7.csv,2.1944925785064697,2026-04-24T17:34:59.869233+00:00,548,NEUTRAL,tracking,UNKNOWN,0.25711425458758286,0.06321882372657932,0.20295053008640676,INACTIVE,False,1.0229701530306556e-09,0.9999999989770298,RIGHT,0.9999999979540597,True,,NEUTRAL,True,True,True,False
REPLAY,Yaniv-LRJ(6)-4:7.csv,2.2947893142700195,2026-04-24T17:34:59.875909+00:00,573,NEUTRAL,tracking,UNKNOWN,0.23763410740096724,0.08641793105341533,0.17506131776787456,INACTIVE,False,0.0008647621475905698,0.9991352378524094,RIGHT,0.9982704757048189,True,,NEUTRAL,True,True,True,False
REPLAY,Yaniv-LRJ(6)-4:7.csv,2.3950860500335693,2026-04-24T17:34:59.882612+00:00,598,NEUTRAL,tracking,UNKNOWN,0.23228935573770837,0.06804312269319723,0.1777079894688015,INACTIVE,False,0.8406464176912525,0.15935358230874755,LEFT,0.681292835382505,True,,NEUTRAL,True,True,True,False
REPLAY,Yaniv-LRJ(6)-4:7.csv,2.495382785797119,2026-04-24T17:34:59.889556+00:00,623,NEUTRAL,tracking,UNKNOWN,0.27767680396118133,0.08462285462256043,0.1905457536229565,INACTIVE,False,0.5267035253203549,0.4732964746796451,LEFT,0.05340705064070983,False,direction_confidence_low,NEUTRAL,True,True,True,False
REPLAY,Yaniv-LRJ(6)-4:7.csv,2.595679521560669,2026-04-24T17:34:59.896616+00:00,648,NEUTRAL,tracking,UNKNOWN,0.2465484963999226,0.09162700689290386,0.21765322138624424,INACTIVE,False,0.003951428991728845,0.9960485710082712,RIGHT,0.9920971420165423,True,,NEUTRAL,True,True,True,False
REPLAY,Yaniv-LRJ(6)-4:7.csv,2.6959762573242188,2026-04-24T17:34:59.903372+00:00,673,NEUTRAL,tracking,UNKNOWN,0.2719206594520478,0.07017547474515941,0.2298245908670246,INACTIVE,False,0.000472296962530816,0.9995277030374692,RIGHT,0.9990554060749384,True,,NEUTRAL,True,True,True,False
REPLAY,Yaniv-LRJ(6)-4:7.csv,2.7922611236572266,2026-04-24T17:34:59.909685+00:00,697,NEUTRAL,tracking,UNKNOWN,0.232015126690018,0.04221023633072946,0.1973129701236651,INACTIVE,False,0.0008989160052467193,0.9991010839947533,RIGHT,0.9982021679895066,True,,NEUTRAL,True,True,True,False
REPLAY,Yaniv-LRJ(6)-4:7.csv,2.8925578594207764,2026-04-24T17:34:59.916865+00:00,722,NEUTRAL,tracking,UNKNOWN,0.29246461296868564,0.0987830839987521,0.25290881085334943,INACTIVE,False,0.00048596442344484014,0.9995140355765552,RIGHT,0.9990280711531103,True,,NEUTRAL,True,True,True,False
REPLAY,Yaniv-LRJ(6)-4:7.csv,2.992854595184326,2026-04-24T17:34:59.924414+00:00,747,NEUTRAL,tracking,UNKNOWN,0.3139140056974269,0.12052172306592114,0.2811973924127894,INACTIVE,False,0.0002122618565790768,0.9997877381434209,RIGHT,0.9995754762868418,True,,NEUTRAL,True,True,True,False
REPLAY,Yaniv-LRJ(6)-4:7.csv,3.093151330947876,2026-04-24T17:34:59.931246+00:00,772,NEUTRAL,tracking,UNKNOWN,0.28056086786365275,0.0915489735121312,0.24364059353479137,INACTIVE,False,0.015475483489306496,0.9845245165106935,RIGHT,0.969049033021387,True,,NEUTRAL,True,True,True,False
REPLAY,Yaniv-LRJ(6)-4:7.csv,3.193448066711426,2026-04-24T17:34:59.937969+00:00,797,NEUTRAL,tracking,UNKNOWN,0.24534250455390838,0.048083292686744813,0.18644879763399771,INACTIVE,False,0.8771195410239615,0.12288045897603846,LEFT,0.754239082047923,True,,NEUTRAL,True,True,True,False
REPLAY,Yaniv-LRJ(6)-4:7.csv,3.2937448024749756,2026-04-24T17:34:59.944264+00:00,822,NEUTRAL,tracking,UNKNOWN,0.27504610808692165,0.048688159131582615,0.19573991440563313,INACTIVE,False,0.11614769627646393,0.8838523037235361,RIGHT,0.7677046074470721,True,,NEUTRAL,True,True,True,False
REPLAY,Yaniv-LRJ(6)-4:7.csv,3.3940415382385254,2026-04-24T17:34:59.950474+00:00,847,NEUTRAL,tracking,UNKNOWN,0.2410014845898868,0.07667622829687488,0.17376234364481147,INACTIVE,False,8.482638480522553e-09,0.9999999915173615,RIGHT,0.999999983034723,True,,NEUTRAL,True,True,True,False
REPLAY,Yaniv-LRJ(6)-4:7.csv,3.494338274002075,2026-04-24T17:34:59.956856+00:00,872,NEUTRAL,tracking,UNKNOWN,0.2353783979611076,0.05806100704977219,0.18096730349044882,INACTIVE,False,2.220446049250313e-16,0.9999999999999998,RIGHT,0.9999999999999996,True,,NEUTRAL,True,True,True,False
REPLAY,Yaniv-LRJ(6)-4:7.csv,3.594635009765625,2026-04-24T17:34:59.962895+00:00,897,NEUTRAL,tracking,UNKNOWN,0.2144443643172429,0.054483957142601194,0.1698376155081041,INACTIVE,False,0.0,1.0,RIGHT,1.0,True,,NEUTRAL,True,True,True,False
REPLAY,Yaniv-LRJ(6)-4:7.csv,3.694931745529175,2026-04-24T17:34:59.969173+00:00,922,NEUTRAL,tracking,UNKNOWN,0.24637424256053786,0.06028350995024117,0.20500298194019909,INACTIVE,False,9.381384558082573e-12,0.9999999999906186,RIGHT,0.9999999999812372,True,,NEUTRAL,True,True,True,False
REPLAY,Yaniv-LRJ(6)-4:7.csv,3.7952284812927246,2026-04-24T17:34:59.975335+00:00,947,NEUTRAL,tracking,UNKNOWN,0.2631054840036634,0.09462402799713648,0.23185923957467353,INACTIVE,False,0.0001094583235539126,0.9998905416764461,RIGHT,0.9997810833528922,True,,NEUTRAL,True,True,True,False
REPLAY,Yaniv-LRJ(6)-4:7.csv,3.8955252170562744,2026-04-24T17:34:59.981399+00:00,972,NEUTRAL,tracking,UNKNOWN,0.3046000115076617,0.12662048032640016,0.23577746883791517,INACTIVE,False,0.8508627838861774,0.1491372161138226,LEFT,0.7017255677723548,True,,NEUTRAL,True,True,True,False
REPLAY,Yaniv-LRJ(6)-4:7.csv,3.9958219528198247,2026-04-24T17:34:59.987753+00:00,997,NEUTRAL,tracking,UNKNOWN,0.2812318370840007,0.0948552380480891,0.23865041863208514,INACTIVE,False,0.999785716164259,0.00021428383574096177,LEFT,0.9995714323285181,True,,NEUTRAL,True,True,True,False
REPLAY,Yaniv-LRJ(6)-4:7.csv,4.092106819152832,2026-04-24T17:34:59.993958+00:00,1021,NEUTRAL,tracking,UNKNOWN,0.24599846082383958,0.05986663130433673,0.18485230875380196,INACTIVE,False,0.9999982565759465,1.743424053418864e-06,LEFT,0.9999965131518931,True,,NEUTRAL,True,True,True,False
REPLAY,Yaniv-LRJ(6)-4:7.csv,4.192403554916382,2026-04-24T17:35:00.000083+00:00,1046,NEUTRAL,tracking,UNKNOWN,0.25207881366458307,0.0717900275817015,0.22218696697460094,INACTIVE,False,0.9999998140530435,1.8594695647909352e-07,LEFT,0.999999628106087,True,,NEUTRAL,True,True,True,False
REPLAY,Yaniv-LRJ(6)-4:7.csv,4.292700290679932,2026-04-24T17:35:00.006592+00:00,1071,NEUTRAL,tracking,UNKNOWN,0.29525391618408703,0.11001344021389428,0.24377160524996677,INACTIVE,False,0.9999979758337371,2.024166262927901e-06,LEFT,0.9999959516674741,True,,NEUTRAL,True,True,True,False
REPLAY,Yaniv-LRJ(6)-4:7.csv,4.3929970264434814,2026-04-24T17:35:00.012762+00:00,1096,NEUTRAL,tracking,UNKNOWN,0.27827331921268905,0.08304212558717919,0.21893602043996643,INACTIVE,False,0.998903585016714,0.001096414983286022,LEFT,0.9978071700334279,True,,NEUTRAL,True,True,True,False
REPLAY,Yaniv-LRJ(6)-4:7.csv,4.493293762207031,2026-04-24T17:35:00.019462+00:00,1121,NEUTRAL,tracking,UNKNOWN,0.2711199555060336,0.09733154227004026,0.20212683101762202,INACTIVE,False,0.694716869590908,0.30528313040909205,LEFT,0.3894337391818159,True,,NEUTRAL,True,True,True,False
REPLAY,Yaniv-LRJ(6)-4:7.csv,4.593590497970581,2026-04-24T17:35:00.027096+00:00,1146,NEUTRAL,tracking,UNKNOWN,0.25247694489995776,0.10427203262106596,0.1727002328784135,INACTIVE,False,0.11741861753510885,0.8825813824648912,RIGHT,0.7651627649297823,True,,NEUTRAL,True,True,True,False
REPLAY,Yaniv-LRJ(6)-4:7.csv,4.693887233734131,2026-04-24T17:35:00.033806+00:00,1171,NEUTRAL,tracking,UNKNOWN,0.25622298163745183,0.06602232440871379,0.22106703414609347,INACTIVE,False,0.11208126139673191,0.8879187386032681,RIGHT,0.7758374772065362,True,,NEUTRAL,True,True,True,False
REPLAY,Yaniv-LRJ(6)-4:7.csv,4.794183969497681,2026-04-24T17:35:00.040530+00:00,1196,NEUTRAL,tracking,UNKNOWN,0.27333354103990526,0.07131004971398697,0.2582237856703267,INACTIVE,False,0.6458093025071555,0.3541906974928445,LEFT,0.291618605014311,True,,NEUTRAL,True,True,True,False
REPLAY,Yaniv-LRJ(6)-4:7.csv,4.8944807052612305,2026-04-24T17:35:00.047258+00:00,1221,NEUTRAL,tracking,UNKNOWN,0.264238074028762,0.06411781929892059,0.19517549446512872,INACTIVE,False,0.9905773796027206,0.00942262039727937,LEFT,0.9811547592054413,True,,NEUTRAL,True,True,True,False
REPLAY,Yaniv-LRJ(6)-4:7.csv,4.99477744102478,2026-04-24T17:35:00.054063+00:00,1246,NEUTRAL,tracking,UNKNOWN,0.2705741936888548,0.08580881295627692,0.19718733816286557,INACTIVE,False,0.9999614850577494,3.851494225058859e-05,LEFT,0.9999229701154988,True,,NEUTRAL,True,True,True,False
REPLAY,Yaniv-LRJ(6)-4:7.csv,5.09507417678833,2026-04-24T17:35:00.063061+00:00,1271,NEUTRAL,tracking,UNKNOWN,0.2538925256205482,0.09293520632258642,0.19017310426226244,INACTIVE,False,0.999999566997424,4.3300257601124383e-07,LEFT,0.999999133994848,True,,NEUTRAL,True,True,True,False
REPLAY,Yaniv-LRJ(6)-4:7.csv,5.19537091255188,2026-04-24T17:35:00.070033+00:00,1296,NEUTRAL,tracking,UNKNOWN,0.253224507785928,0.06932651484189953,0.18629015783377578,INACTIVE,False,0.9999999516600894,4.833991063115935e-08,LEFT,0.9999999033201787,True,,NEUTRAL,True,True,True,False
REPLAY,Yaniv-LRJ(6)-4:7.csv,5.29566764831543,2026-04-24T17:35:00.076326+00:00,1321,NEUTRAL,tracking,UNKNOWN,0.2503261865129889,0.05057412174719252,0.1980881841153392,INACTIVE,False,0.9999998611691732,1.388308268878761e-07,LEFT,0.9999997223383463,True,,NEUTRAL,True,True,True,False
REPLAY,Yaniv-LRJ(6)-4:7.csv,5.3959643840789795,2026-04-24T17:35:00.083566+00:00,1346,NEUTRAL,tracking,UNKNOWN,0.2785531481074286,0.07417178871682668,0.2550118757558619,INACTIVE,False,0.9999600690279601,3.9930972039889795e-05,LEFT,0.9999201380559202,True,,NEUTRAL,True,True,True,False
REPLAY,Yaniv-LRJ(6)-4:7.csv,5.492249250411987,2026-04-24T17:35:00.090820+00:00,1370,NEUTRAL,tracking,UNKNOWN,0.2872172106480403,0.08230169754870362,0.22267247804841742,INACTIVE,False,0.9651119555172732,0.03488804448272677,LEFT,0.9302239110345465,True,,NEUTRAL,True,True,True,False
REPLAY,Yaniv-LRJ(6)-4:7.csv,5.592545986175537,2026-04-24T17:35:00.097986+00:00,1395,NEUTRAL,tracking,UNKNOWN,0.30332559821737093,0.06047726586880021,0.2772435129435627,INACTIVE,False,0.5777680952501051,0.4222319047498949,LEFT,0.15553619050021017,False,direction_confidence_low,NEUTRAL,True,True,True,False
REPLAY,Yaniv-LRJ(6)-4:7.csv,5.692842721939087,2026-04-24T17:35:00.105306+00:00,1420,NEUTRAL,tracking,UNKNOWN,0.23737139932750306,0.06149517936351626,0.18324263165864513,INACTIVE,False,0.4600872891877783,0.5399127108122217,RIGHT,0.0798254216244434,False,direction_confidence_low,NEUTRAL,True,True,True,False
REPLAY,Yaniv-LRJ(6)-4:7.csv,5.793139457702637,2026-04-24T17:35:00.111821+00:00,1445,NEUTRAL,tracking,UNKNOWN,0.25428737055600525,0.05716300351416377,0.20084764490800253,INACTIVE,False,0.01714662881606166,0.9828533711839383,RIGHT,0.9657067423678767,True,,NEUTRAL,True,True,True,False
REPLAY,Yaniv-LRJ(6)-4:7.csv,5.8934361934661865,2026-04-24T17:35:00.118552+00:00,1470,NEUTRAL,tracking,UNKNOWN,0.25849452905496473,0.0655881622610768,0.2220140535968851,INACTIVE,False,1.1530028641071333e-05,0.9999884699713589,RIGHT,0.9999769399427179,True,,NEUTRAL,True,True,True,False
REPLAY,Yaniv-LRJ(6)-4:7.csv,5.993732929229736,2026-04-24T17:35:00.125115+00:00,1495,NEUTRAL,tracking,UNKNOWN,0.3057946356329607,0.08051484583368279,0.26769815223302085,INACTIVE,False,4.448274548707332e-06,0.9999955517254513,RIGHT,0.9999911034509026,True,,NEUTRAL,True,True,True,False
REPLAY,Yaniv-LRJ(6)-4:7.csv,6.094029664993286,2026-04-24T17:35:00.131568+00:00,1520,NEUTRAL,tracking,UNKNOWN,0.25382419950972546,0.05714922699898448,0.22781577149927532,INACTIVE,False,0.04629311958270388,0.9537068804172961,RIGHT,0.9074137608345922,True,,NEUTRAL,True,True,True,False
REPLAY,Yaniv-LRJ(6)-4:7.csv,6.194326400756836,2026-04-24T17:35:00.138529+00:00,1545,NEUTRAL,tracking,UNKNOWN,0.23970893174145402,0.04830969114131693,0.20368539852595247,INACTIVE,False,0.9993575026572231,0.0006424973427768493,LEFT,0.9987150053144462,True,,NEUTRAL,True,True,True,False
REPLAY,Yaniv-LRJ(6)-4:7.csv,6.294623136520386,2026-04-24T17:35:00.145172+00:00,1570,NEUTRAL,tracking,UNKNOWN,0.2513711322315981,0.047621247331346477,0.1758376080111152,INACTIVE,False,0.9979234408223064,0.0020765591776935816,LEFT,0.9958468816446129,True,,NEUTRAL,True,True,True,False
REPLAY,Yaniv-LRJ(6)-4:7.csv,6.3949198722839355,2026-04-24T17:35:00.152003+00:00,1595,NEUTRAL,tracking,UNKNOWN,0.2805649509875944,0.055266445359994795,0.26639920133121553,INACTIVE,False,0.017767837102574235,0.9822321628974258,RIGHT,0.9644643257948515,True,,NEUTRAL,True,True,True,False
REPLAY,Yaniv-LRJ(6)-4:7.csv,6.495216608047485,2026-04-24T17:35:00.158596+00:00,1620,NEUTRAL,tracking,UNKNOWN,0.2744974341796086,0.04701141716832396,0.2099169923614033,INACTIVE,False,0.00012597847295481301,0.9998740215270452,RIGHT,0.9997480430540904,True,,NEUTRAL,True,True,True,False
REPLAY,Yaniv-LRJ(6)-4:7.csv,6.595513343811035,2026-04-24T17:35:00.165033+00:00,1645,NEUTRAL,tracking,UNKNOWN,0.27200527949342734,0.05914394127806294,0.24805752778845722,INACTIVE,False,0.007673658114577764,0.9923263418854222,RIGHT,0.9846526837708445,True,,NEUTRAL,True,True,True,False
REPLAY,Yaniv-LRJ(6)-4:7.csv,6.695810079574585,2026-04-24T17:35:00.171671+00:00,1670,NEUTRAL,tracking,UNKNOWN,0.28738712923083476,0.09007892152074724,0.26853561928548036,INACTIVE,False,0.04564086195181449,0.9543591380481855,RIGHT,0.908718276096371,True,,NEUTRAL,True,True,True,False
REPLAY,Yaniv-LRJ(6)-4:7.csv,6.792094945907593,2026-04-24T17:35:00.179230+00:00,1694,NEUTRAL,tracking,UNKNOWN,0.29764901344193717,0.08822170903833235,0.29106083961187657,INACTIVE,False,0.0005781077364138687,0.9994218922635861,RIGHT,0.9988437845271723,True,,NEUTRAL,True,True,True,False
REPLAY,Yaniv-LRJ(6)-4:7.csv,6.892391681671143,2026-04-24T17:35:00.186390+00:00,1719,NEUTRAL,tracking,UNKNOWN,0.3747495021734558,0.08106247935621819,0.3721930773589579,INACTIVE,False,2.7719980659757226e-05,0.9999722800193402,RIGHT,0.9999445600386805,True,,NEUTRAL,True,True,True,False
REPLAY,Yaniv-LRJ(6)-4:7.csv,6.992688417434692,2026-04-24T17:35:00.193910+00:00,1744,NEUTRAL,tracking,UNKNOWN,0.29905510566825877,0.05505303824995749,0.25621228649980565,INACTIVE,False,0.017395153846159195,0.9826048461538408,RIGHT,0.9652096923076816,True,,NEUTRAL,True,True,True,False
REPLAY,Yaniv-LRJ(6)-4:7.csv,7.092985153198242,2026-04-24T17:35:00.201043+00:00,1769,NEUTRAL,tracking,UNKNOWN,0.24691099712137998,0.05416131853972354,0.20606005763151658,INACTIVE,False,0.999772556206457,0.00022744379354303144,LEFT,0.999545112412914,True,,NEUTRAL,True,True,True,False
REPLAY,Yaniv-LRJ(6)-4:7.csv,7.193281888961792,2026-04-24T17:35:00.208512+00:00,1794,NEUTRAL,tracking,UNKNOWN,0.25657441063950237,0.07655795876831759,0.22761179605915205,INACTIVE,False,0.9999999976782746,2.3217253377488515e-09,LEFT,0.9999999953565493,True,,NEUTRAL,True,True,True,False
REPLAY,Yaniv-LRJ(6)-4:7.csv,7.293578624725342,2026-04-24T17:35:00.215040+00:00,1819,NEUTRAL,tracking,UNKNOWN,0.2864099756033228,0.08722285671692849,0.24681047300821665,INACTIVE,False,0.9999999999977277,2.27227752635e-12,LEFT,0.9999999999954554,True,,NEUTRAL,True,True,True,False
REPLAY,Yaniv-LRJ(6)-4:7.csv,7.393875360488892,2026-04-24T17:35:00.222145+00:00,1844,NEUTRAL,tracking,UNKNOWN,0.3563167933952417,0.7103415973548038,0.04440118765651062,ONSET,False,0.9999999999833669,1.6633188199748667e-11,LEFT,0.9999999999667337,True,,NEUTRAL,True,True,True,False
REPLAY,Yaniv-LRJ(6)-4:7.csv,7.494172096252441,2026-04-24T17:35:00.228605+00:00,1869,NEUTRAL,tracking,UNKNOWN,0.3305004679812611,0.09293761890983067,0.25602826100193266,INACTIVE,False,0.9832333911895821,0.016766608810417957,LEFT,0.9664667823791642,True,,NEUTRAL,True,True,True,False
REPLAY,Yaniv-LRJ(6)-4:7.csv,7.594468832015991,2026-04-24T17:35:00.235297+00:00,1894,NEUTRAL,tracking,UNKNOWN,0.6147524091214887,0.9995784509472302,0.00022922534864907538,ONSET,False,0.0,1.0,RIGHT,1.0,True,,NEUTRAL,True,True,True,False
REPLAY,Yaniv-LRJ(6)-4:7.csv,7.694765567779541,2026-04-24T17:35:00.241912+00:00,1919,NEUTRAL,tracking,UNKNOWN,0.5310106524849999,0.32307614165719806,0.038949561111093434,OFFSET,False,0.0,1.0,RIGHT,1.0,True,,NEUTRAL,True,True,True,False
REPLAY,Yaniv-LRJ(6)-4:7.csv,7.795062303543091,2026-04-24T17:35:00.248338+00:00,1944,NEUTRAL,tracking,UNKNOWN,0.2492008436883626,5.311790822398408e-05,0.006115189485678112,INACTIVE,False,0.0,1.0,RIGHT,1.0,True,,NEUTRAL,True,True,True,False
REPLAY,Yaniv-LRJ(6)-4:7.csv,7.8953590393066415,2026-04-24T17:35:00.254985+00:00,1969,NEUTRAL,tracking,UNKNOWN,0.26351097920481614,0.009412179749322094,0.10627700260581828,INACTIVE,False,0.0,1.0,RIGHT,1.0,True,,NEUTRAL,True,True,True,False
REPLAY,Yaniv-LRJ(6)-4:7.csv,7.995655775070191,2026-04-24T17:35:00.261394+00:00,1994,NEUTRAL,tracking,UNKNOWN,0.25974505374740076,0.07239045148335087,0.2014784466524842,INACTIVE,False,0.0,1.0,RIGHT,1.0,True,,NEUTRAL,True,True,True,False
REPLAY,Yaniv-LRJ(6)-4:7.csv,8.09595251083374,2026-04-24T17:35:00.276234+00:00,2019,NEUTRAL,tracking,UNKNOWN,0.3012180621911832,0.08496590799992401,0.2420649819536221,INACTIVE,False,0.0,1.0,RIGHT,1.0,True,,NEUTRAL,True,True,True,False
REPLAY,Yaniv-LRJ(6)-4:7.csv,8.192237377166748,2026-04-24T17:35:00.284305+00:00,2043,NEUTRAL,tracking,UNKNOWN,0.34102118943255666,0.053275286405885455,0.3036398831650547,INACTIVE,False,0.0,1.0,RIGHT,1.0,True,,NEUTRAL,True,True,True,False
REPLAY,Yaniv-LRJ(6)-4:7.csv,8.292534112930298,2026-04-24T17:35:00.291418+00:00,2068,NEUTRAL,tracking,UNKNOWN,0.3064088966289178,0.12102932979809856,0.2192353889553864,INACTIVE,False,0.0,1.0,RIGHT,1.0,True,,NEUTRAL,True,True,True,False
REPLAY,Yaniv-LRJ(6)-4:7.csv,8.392830848693848,2026-04-24T17:35:00.298558+00:00,2093,NEUTRAL,tracking,UNKNOWN,0.38880660667575107,0.7681445781882376,0.08902561543356872,ONSET,False,0.0,1.0,RIGHT,1.0,True,,NEUTRAL,True,True,True,False
REPLAY,Yaniv-LRJ(6)-4:7.csv,8.493127584457397,2026-04-24T17:35:00.308649+00:00,2118,RIGHT,RIGHT,UNKNOWN,0.30560286051966934,0.1726041353730417,0.1865558997370804,INACTIVE,False,0.0,1.0,RIGHT,1.0,True,,RIGHT,True,True,True,False
REPLAY,Yaniv-LRJ(6)-4:7.csv,8.593424320220947,2026-04-24T17:35:00.316782+00:00,2143,RIGHT,RIGHT,UNKNOWN,0.253868602862811,0.011800645544723893,0.1484244838719205,INACTIVE,False,0.0,1.0,RIGHT,1.0,True,,RIGHT,True,True,True,False
REPLAY,Yaniv-LRJ(6)-4:7.csv,8.693721055984497,2026-04-24T17:35:00.327314+00:00,2168,RIGHT,RIGHT,UNKNOWN,0.29178458754833925,0.19847663438756122,0.25515246237650446,INACTIVE,False,0.0,1.0,RIGHT,1.0,True,,RIGHT,True,True,True,False
REPLAY,Yaniv-LRJ(6)-4:7.csv,8.794017791748047,2026-04-24T17:35:00.338250+00:00,2193,NEUTRAL,tracking,UNKNOWN,0.30373563404221104,0.009139532133023995,0.08854039712842973,OFFSET,False,0.0,1.0,RIGHT,1.0,True,,NEUTRAL,True,True,True,False
REPLAY,Yaniv-LRJ(6)-4:7.csv,8.894314527511597,2026-04-24T17:35:00.345696+00:00,2218,NEUTRAL,tracking,UNKNOWN,0.2481774869393074,0.00908167305669337,0.09453990130727223,INACTIVE,False,0.0,1.0,RIGHT,1.0,True,,NEUTRAL,True,True,True,False
REPLAY,Yaniv-LRJ(6)-4:7.csv,8.994611263275146,2026-04-24T17:35:00.353149+00:00,2243,NEUTRAL,tracking,UNKNOWN,0.2702711989793877,0.09359967378511815,0.30611796150625287,INACTIVE,False,0.0,1.0,RIGHT,1.0,True,,NEUTRAL,True,True,True,False
REPLAY,Yaniv-LRJ(6)-4:7.csv,9.094907999038696,2026-04-24T17:35:00.359787+00:00,2268,NEUTRAL,tracking,UNKNOWN,0.3411766420150246,0.059272914479728996,0.3351844660420393,INACTIVE,False,0.0,1.0,RIGHT,1.0,True,,NEUTRAL,True,True,True,False
REPLAY,Yaniv-LRJ(6)-4:7.csv,9.195204734802246,2026-04-24T17:35:00.366696+00:00,2293,NEUTRAL,tracking,UNKNOWN,0.28232893691125727,0.029817127722718505,0.26689010458033463,INACTIVE,False,0.0,1.0,RIGHT,1.0,True,,NEUTRAL,True,True,True,False
REPLAY,Yaniv-LRJ(6)-4:7.csv,9.295501470565796,2026-04-24T17:35:00.373767+00:00,2318,NEUTRAL,tracking,UNKNOWN,0.3441333718500167,0.06351521333076539,0.25106015450769376,INACTIVE,False,0.0,1.0,RIGHT,1.0,True,,NEUTRAL,True,True,True,False
REPLAY,Yaniv-LRJ(6)-4:7.csv,9.395798206329346,2026-04-24T17:35:00.380543+00:00,2343,NEUTRAL,tracking,UNKNOWN,0.30941697775951515,0.13359513067647458,0.22584555312630716,INACTIVE,False,0.0,1.0,RIGHT,1.0,True,,NEUTRAL,True,True,True,False
REPLAY,Yaniv-LRJ(6)-4:7.csv,9.492083072662354,2026-04-24T17:35:00.387443+00:00,2367,NEUTRAL,tracking,UNKNOWN,0.5427298510110091,0.9958977916871236,0.0009929308174073841,ONSET,False,0.0,1.0,RIGHT,1.0,True,,NEUTRAL,True,True,True,False
REPLAY,Yaniv-LRJ(6)-4:7.csv,9.592379808425903,2026-04-24T17:35:00.394635+00:00,2392,NEUTRAL,tracking,UNKNOWN,0.36180661399617886,0.8043735849059743,0.026148247856608586,ONSET,False,0.0,1.0,RIGHT,1.0,True,,NEUTRAL,True,True,True,False
REPLAY,Yaniv-LRJ(6)-4:7.csv,9.692676544189453,2026-04-24T17:35:00.404011+00:00,2417,RIGHT,RIGHT,UNKNOWN,0.4020865002143855,0.0004156297163566368,0.007793567235462874,OFFSET,False,0.0,1.0,RIGHT,1.0,True,,RIGHT,True,True,True,False
REPLAY,Yaniv-LRJ(6)-4:7.csv,9.792973279953003,2026-04-24T17:35:00.411443+00:00,2442,RIGHT,RIGHT,UNKNOWN,0.36371101919198223,0.015975545919037163,0.05664770861952885,INACTIVE,False,0.0,1.0,RIGHT,1.0,True,,RIGHT,True,True,True,False
REPLAY,Yaniv-LRJ(6)-4:7.csv,9.893270015716553,2026-04-24T17:35:00.418594+00:00,2467,RIGHT,RIGHT,UNKNOWN,0.3347468522084436,0.11492170078189179,0.23546763579781857,INACTIVE,False,0.0,1.0,RIGHT,1.0,True,,RIGHT,True,True,True,False
REPLAY,Yaniv-LRJ(6)-4:7.csv,9.993566751480103,2026-04-24T17:35:00.425795+00:00,2492,NEUTRAL,tracking,UNKNOWN,0.31407028838707984,0.41248247666674565,0.09699565869552523,ONSET,False,0.0,1.0,RIGHT,1.0,True,,NEUTRAL,True,True,True,False
REPLAY,Yaniv-LRJ(6)-4:7.csv,10.093863487243652,2026-04-24T17:35:00.434480+00:00,2517,NEUTRAL,tracking,UNKNOWN,0.32006892785416274,0.047157076283875624,0.30138790748590744,INACTIVE,False,0.0,1.0,RIGHT,1.0,True,,NEUTRAL,True,True,True,False
REPLAY,Yaniv-LRJ(6)-4:7.csv,10.194160223007202,2026-04-24T17:35:00.441424+00:00,2542,NEUTRAL,tracking,UNKNOWN,0.29435078456536934,0.02367356429356081,0.31198359551679056,INACTIVE,False,0.0,1.0,RIGHT,1.0,True,,NEUTRAL,True,True,True,False
REPLAY,Yaniv-LRJ(6)-4:7.csv,10.294456958770752,2026-04-24T17:35:00.448063+00:00,2567,NEUTRAL,tracking,UNKNOWN,0.46553358279708223,0.0544974528087045,0.3696691024082044,INACTIVE,False,0.0,1.0,RIGHT,1.0,True,,NEUTRAL,True,True,True,False
REPLAY,Yaniv-LRJ(6)-4:7.csv,10.394753694534302,2026-04-24T17:35:00.455451+00:00,2592,NEUTRAL,tracking,UNKNOWN,0.2366891533240313,0.021010266553942388,0.16786502828241223,INACTIVE,False,0.0,1.0,RIGHT,1.0,True,,NEUTRAL,True,True,True,False
REPLAY,Yaniv-LRJ(6)-4:7.csv,10.495050430297852,2026-04-24T17:35:00.462379+00:00,2617,NEUTRAL,tracking,UNKNOWN,0.25837711501190763,0.026524193883784717,0.24020840343791122,INACTIVE,False,0.0,1.0,RIGHT,1.0,True,,NEUTRAL,True,True,True,False
REPLAY,Yaniv-LRJ(6)-4:7.csv,10.595347166061401,2026-04-24T17:35:00.469496+00:00,2642,CLICK,CLICK,UNKNOWN,0.792454985198302,0.9999999750682833,3.863962019989657e-09,ONSET,False,0.0,1.0,RIGHT,1.0,True,,NEUTRAL,True,True,True,False
REPLAY,Yaniv-LRJ(6)-4:7.csv,10.695643901824951,2026-04-24T17:35:00.477302+00:00,2667,NEUTRAL,tracking,UNKNOWN,0.4155059278070219,0.9880649247525135,0.00017733246990332354,ONSET,False,0.0,1.0,RIGHT,1.0,True,,NEUTRAL,True,True,True,False
REPLAY,Yaniv-LRJ(6)-4:7.csv,10.795940637588501,2026-04-24T17:35:00.484283+00:00,2692,NEUTRAL,tracking,UNKNOWN,0.21666627224930957,5.840941008294314e-05,0.00040161197195935416,OFFSET,False,0.0,1.0,RIGHT,1.0,True,,NEUTRAL,True,True,True,False
REPLAY,Yaniv-LRJ(6)-4:7.csv,10.892225503921509,2026-04-24T17:35:00.493652+00:00,2716,RIGHT,RIGHT,UNKNOWN,0.1675889225411441,3.2986945751657777e-06,0.000842906999404593,OFFSET,False,0.0,1.0,RIGHT,1.0,True,,RIGHT,True,True,True,False
REPLAY,Yaniv-LRJ(6)-4:7.csv,10.992522239685059,2026-04-24T17:35:00.501395+00:00,2741,RIGHT,RIGHT,UNKNOWN,0.2598299582186977,0.0004144362898062616,0.009190803136667959,INACTIVE,False,0.0,1.0,RIGHT,1.0,True,,RIGHT,True,True,True,False
REPLAY,Yaniv-LRJ(6)-4:7.csv,11.092818975448608,2026-04-24T17:35:00.508591+00:00,2766,RIGHT,RIGHT,UNKNOWN,0.2926062492131898,0.04938429157874992,0.23156061408663514,INACTIVE,False,0.0,1.0,RIGHT,1.0,True,,RIGHT,True,True,True,False
REPLAY,Yaniv-LRJ(6)-4:7.csv,11.193115711212158,2026-04-24T17:35:00.515292+00:00,2791,NEUTRAL,tracking,UNKNOWN,0.3541332835480895,0.10176551745851638,0.33707983548521336,INACTIVE,False,0.0,1.0,RIGHT,1.0,True,,NEUTRAL,True,True,True,False
REPLAY,Yaniv-LRJ(6)-4:7.csv,11.293412446975708,2026-04-24T17:35:00.522143+00:00,2816,NEUTRAL,tracking,UNKNOWN,0.3557681239553322,0.2830775512356817,0.1970722424457932,INACTIVE,False,0.0,1.0,RIGHT,1.0,True,,NEUTRAL,True,True,True,False
REPLAY,Yaniv-LRJ(6)-4:7.csv,11.393709182739258,2026-04-24T17:35:00.528899+00:00,2841,NEUTRAL,tracking,UNKNOWN,0.39959372206781263,0.0902385377394324,0.24135623526467553,INACTIVE,False,0.0,1.0,RIGHT,1.0,True,,NEUTRAL,True,True,True,False
REPLAY,Yaniv-LRJ(6)-4:7.csv,11.494005918502808,2026-04-24T17:35:00.535920+00:00,2866,NEUTRAL,tracking,UNKNOWN,0.49834665070992146,0.2806376999054209,0.30369775806509713,ACTIVE,False,0.0,1.0,RIGHT,1.0,True,,NEUTRAL,True,True,True,False
REPLAY,Yaniv-LRJ(6)-4:7.csv,11.594302654266357,2026-04-24T17:35:00.542890+00:00,2891,NEUTRAL,tracking,UNKNOWN,0.456429637104268,0.22219918396715782,0.3349643355374845,ACTIVE,False,0.0,1.0,RIGHT,1.0,True,,NEUTRAL,True,True,True,False
REPLAY,Yaniv-LRJ(6)-4:7.csv,11.694599390029907,2026-04-24T17:35:00.549408+00:00,2916,NEUTRAL,tracking,UNKNOWN,0.45995756903495233,0.1517957024329533,0.34372341416806607,ACTIVE,False,0.0,1.0,RIGHT,1.0,True,,NEUTRAL,True,True,True,False
REPLAY,Yaniv-LRJ(6)-4:7.csv,11.794896125793457,2026-04-24T17:35:00.556330+00:00,2941,NEUTRAL,tracking,UNKNOWN,0.44642548195971266,0.18685928596576867,0.3504720607141029,ACTIVE,False,0.0,1.0,RIGHT,1.0,True,,NEUTRAL,True,True,True,False
REPLAY,Yaniv-LRJ(6)-4:7.csv,11.895192861557007,2026-04-24T17:35:00.563293+00:00,2966,NEUTRAL,tracking,UNKNOWN,0.45794298088122487,0.11995728303001124,0.3318447504688245,ACTIVE,False,0.0,1.0,RIGHT,1.0,True,,NEUTRAL,True,True,True,False
REPLAY,Yaniv-LRJ(6)-4:7.csv,11.995489597320557,2026-04-24T17:35:00.569869+00:00,2991,CLICK + HOLD,CLICK + HOLD,UNKNOWN,0.4734464787807845,0.2646910624597006,0.29311134776603126,ACTIVE,True,0.0,1.0,RIGHT,1.0,True,,NEUTRAL,True,True,True,False
REPLAY,Yaniv-LRJ(6)-4:7.csv,12.095786333084106,2026-04-24T17:35:00.578299+00:00,3016,CLICK + HOLD,CLICK + HOLD,UNKNOWN,0.5003905304206908,0.14603781700610252,0.39161322115751507,ACTIVE,True,0.0,1.0,RIGHT,1.0,True,,NEUTRAL,True,True,True,False
REPLAY,Yaniv-LRJ(6)-4:7.csv,12.192071199417114,2026-04-24T17:35:00.585381+00:00,3040,CLICK + HOLD,CLICK + HOLD,UNKNOWN,0.377761976347471,0.09691837321654447,0.34157764377726596,INACTIVE,True,0.0,1.0,RIGHT,1.0,True,,NEUTRAL,True,True,True,False
REPLAY,Yaniv-LRJ(6)-4:7.csv,12.292367935180664,2026-04-24T17:35:00.592142+00:00,3065,CLICK + HOLD,CLICK + HOLD,UNKNOWN,0.3359970152639432,0.06915595971572197,0.2751709499772517,INACTIVE,True,0.9975635364507998,0.002436463549200229,LEFT,0.9951270729015995,True,,NEUTRAL,True,True,True,False
REPLAY,Yaniv-LRJ(6)-4:7.csv,12.392664670944214,2026-04-24T17:35:00.599382+00:00,3090,NEUTRAL,tracking,UNKNOWN,0.2610020037647277,0.037856881307198186,0.24697749377747616,INACTIVE,False,0.9999999999999989,1.1200872931299073e-15,LEFT,0.9999999999999978,True,,NEUTRAL,True,True,True,False
REPLAY,Yaniv-LRJ(6)-4:7.csv,12.492961406707764,2026-04-24T17:35:00.607286+00:00,3115,NEUTRAL,tracking,UNKNOWN,0.27453491374456906,0.04582436757683831,0.2658385747448447,INACTIVE,False,0.9999999999964598,3.5401184700189453e-12,LEFT,0.9999999999929197,True,,NEUTRAL,True,True,True,False
REPLAY,Yaniv-LRJ(6)-4:7.csv,12.593258142471313,2026-04-24T17:35:00.615290+00:00,3140,NEUTRAL,tracking,UNKNOWN,0.27596056692971804,0.035319286225906146,0.28325009992520866,INACTIVE,False,0.9997931469407757,0.00020685305922424853,LEFT,0.9995862938815514,True,,NEUTRAL,True,True,True,False
REPLAY,Yaniv-LRJ(6)-4:7.csv,12.693554878234863,2026-04-24T17:35:00.622622+00:00,3165,NEUTRAL,tracking,UNKNOWN,0.3005312450985753,0.02555397361987092,0.32201544041030217,INACTIVE,False,0.28605024530491174,0.7139497546950883,RIGHT,0.4278995093901765,True,,NEUTRAL,True,True,True,False
REPLAY,Yaniv-LRJ(6)-4:7.csv,12.793851613998413,2026-04-24T17:35:00.629758+00:00,3190,NEUTRAL,tracking,UNKNOWN,0.27028661557066846,0.024625236852793088,0.23855423114767094,INACTIVE,False,0.9999081190313341,9.188096866582727e-05,LEFT,0.9998162380626683,True,,NEUTRAL,True,True,True,False
REPLAY,Yaniv-LRJ(6)-4:7.csv,12.894148349761963,2026-04-24T17:35:00.636945+00:00,3215,NEUTRAL,tracking,UNKNOWN,0.3047442684304422,0.06458951161856157,0.2672027934524734,INACTIVE,False,0.9999999999977796,2.2204798124954603e-12,LEFT,0.9999999999955591,True,,NEUTRAL,True,True,True,False
REPLAY,Yaniv-LRJ(6)-4:7.csv,12.994445085525513,2026-04-24T17:35:00.643504+00:00,3240,NEUTRAL,tracking,UNKNOWN,0.3212130149912378,0.09652895534270711,0.26939264627629783,INACTIVE,False,0.9999999999999998,2.365936170387731e-16,LEFT,0.9999999999999996,True,,NEUTRAL,True,True,True,False
REPLAY,Yaniv-LRJ(6)-4:7.csv,13.094741821289062,2026-04-24T17:35:00.651225+00:00,3265,NEUTRAL,tracking,UNKNOWN,0.3294972517605913,0.08610572178385327,0.26325443534596177,INACTIVE,False,1.0,6.590090055975497e-19,LEFT,1.0,True,,NEUTRAL,True,True,True,False
REPLAY,Yaniv-LRJ(6)-4:7.csv,13.195038557052612,2026-04-24T17:35:00.658220+00:00,3290,NEUTRAL,tracking,UNKNOWN,0.26768613537007324,0.0693683078626591,0.21931094674127152,INACTIVE,False,1.0,4.795015739601164e-24,LEFT,1.0,True,,NEUTRAL,True,True,True,False
REPLAY,Yaniv-LRJ(6)-4:7.csv,13.295335292816162,2026-04-24T17:35:00.664878+00:00,3315,NEUTRAL,tracking,UNKNOWN,0.2929461446234247,0.08175789650135465,0.2308879237077913,INACTIVE,False,1.0,1.114526458913199e-28,LEFT,1.0,True,,NEUTRAL,True,True,True,False
REPLAY,Yaniv-LRJ(6)-4:7.csv,13.395632028579712,2026-04-24T17:35:00.671655+00:00,3340,NEUTRAL,tracking,UNKNOWN,0.3007714335418218,0.07318114125543439,0.260612602786918,INACTIVE,False,1.0,1.5975463783183525e-26,LEFT,1.0,True,,NEUTRAL,True,True,True,False
REPLAY,Yaniv-LRJ(6)-4:7.csv,13.495928764343262,2026-04-24T17:35:00.678398+00:00,3365,NEUTRAL,tracking,UNKNOWN,0.2852044007768334,0.06917665527451378,0.26622448301337126,INACTIVE,False,1.0,4.0671317947021675e-18,LEFT,1.0,True,,NEUTRAL,True,True,True,False
REPLAY,Yaniv-LRJ(6)-4:7.csv,13.59221363067627,2026-04-24T17:35:00.685376+00:00,3389,NEUTRAL,tracking,UNKNOWN,0.3148712556388329,0.08095549915968427,0.27783273459555374,INACTIVE,False,0.9999999999238995,7.610045102169188e-11,LEFT,0.9999999998477991,True,,NEUTRAL,True,True,True,False
REPLAY,Yaniv-LRJ(6)-4:7.csv,13.69251036643982,2026-04-24T17:35:00.692469+00:00,3414,NEUTRAL,tracking,UNKNOWN,0.32823919203623286,0.07118472280013305,0.30067758552899737,INACTIVE,False,0.9999999113922994,8.860770060438178e-08,LEFT,0.9999998227845988,True,,NEUTRAL,True,True,True,False
REPLAY,Yaniv-LRJ(6)-4:7.csv,13.79280710220337,2026-04-24T17:35:00.699021+00:00,3439,NEUTRAL,tracking,UNKNOWN,0.2667521429105195,0.06213789947287517,0.24312293898688503,INACTIVE,False,0.9999987922898246,1.2077101753807035e-06,LEFT,0.9999975845796492,True,,NEUTRAL,True,True,True,False
REPLAY,Yaniv-LRJ(6)-4:7.csv,13.893103837966919,2026-04-24T17:35:00.705906+00:00,3464,NEUTRAL,tracking,UNKNOWN,0.29363263235219494,0.09803493016123313,0.237803076278868,INACTIVE,False,0.9999832649244604,1.6735075539587848e-05,LEFT,0.9999665298489209,True,,NEUTRAL,True,True,True,False
REPLAY,Yaniv-LRJ(6)-4:7.csv,13.993400573730469,2026-04-24T17:35:00.712656+00:00,3489,NEUTRAL,tracking,UNKNOWN,0.2736165763931223,0.10979618467197941,0.2170735456695063,INACTIVE,False,0.9999869944465938,1.3005553406228946e-05,LEFT,0.9999739888931876,True,,NEUTRAL,True,True,True,False
REPLAY,Yaniv-LRJ(6)-4:7.csv,14.093697309494019,2026-04-24T17:35:00.719625+00:00,3514,NEUTRAL,tracking,UNKNOWN,0.2759962464818927,0.08656290570323276,0.22182496450316586,INACTIVE,False,0.9999997940013363,2.0599866365143704e-07,LEFT,0.9999995880026726,True,,NEUTRAL,True,True,True,False
REPLAY,Yaniv-LRJ(6)-4:7.csv,14.193994045257568,2026-04-24T17:35:00.726243+00:00,3539,NEUTRAL,tracking,UNKNOWN,0.26883742240299346,0.09070917200640978,0.21338819116648616,INACTIVE,False,0.999999997347577,2.652422941488914e-09,LEFT,0.9999999946951541,True,,NEUTRAL,True,True,True,False
REPLAY,Yaniv-LRJ(6)-4:7.csv,14.294290781021118,2026-04-24T17:35:00.732925+00:00,3564,NEUTRAL,tracking,UNKNOWN,0.30517728856465176,0.10387312188816122,0.27511537314082757,INACTIVE,False,0.9999999982281547,1.7718453508016205e-09,LEFT,0.9999999964563093,True,,NEUTRAL,True,True,True,False
REPLAY,Yaniv-LRJ(6)-4:7.csv,14.394587516784668,2026-04-24T17:35:00.739740+00:00,3589,NEUTRAL,tracking,UNKNOWN,0.2725197085314671,0.1038583416925734,0.2446165715144856,INACTIVE,False,0.9999999693786918,3.062130811058897e-08,LEFT,0.9999999387573837,True,,NEUTRAL,True,True,True,False
REPLAY,Yaniv-LRJ(6)-4:7.csv,14.494884252548218,2026-04-24T17:35:00.747230+00:00,3614,NEUTRAL,tracking,UNKNOWN,0.28642048592537794,0.09288348769462013,0.24659148391473226,INACTIVE,False,0.9999994192604686,5.807395313842233e-07,LEFT,0.9999988385209373,True,,NEUTRAL,True,True,True,False
REPLAY,Yaniv-LRJ(6)-4:7.csv,14.595180988311768,2026-04-24T17:35:00.754226+00:00,3639,NEUTRAL,tracking,UNKNOWN,0.30088813574788487,0.07467917757249737,0.23662122781809897,INACTIVE,False,0.9999891957652547,1.0804234745263706e-05,LEFT,0.9999783915305094,True,,NEUTRAL,True,True,True,False
REPLAY,Yaniv-LRJ(6)-4:7.csv,14.695477724075317,2026-04-24T17:35:00.761999+00:00,3664,NEUTRAL,tracking,UNKNOWN,0.32689928085620745,0.09256380174790182,0.3242555774958794,INACTIVE,False,0.9992831108692304,0.0007168891307696077,LEFT,0.9985662217384608,True,,NEUTRAL,True,True,True,False
REPLAY,Yaniv-LRJ(6)-4:7.csv,14.795774459838867,2026-04-24T17:35:00.769936+00:00,3689,NEUTRAL,tracking,UNKNOWN,0.3375394810563903,0.07009766101282773,0.29475296533228534,INACTIVE,False,0.9615280255114452,0.03847197448855474,LEFT,0.9230560510228905,True,,NEUTRAL,True,True,True,False
REPLAY,Yaniv-LRJ(6)-4:7.csv,14.892059326171875,2026-04-24T17:35:00.777487+00:00,3713,NEUTRAL,tracking,UNKNOWN,0.28862126364210383,0.05360159821058979,0.22042934197793468,INACTIVE,False,0.841698444767027,0.15830155523297298,LEFT,0.6833968895340541,True,,NEUTRAL,True,True,True,False
REPLAY,Yaniv-LRJ(6)-4:7.csv,14.992356061935425,2026-04-24T17:35:00.785401+00:00,3738,NEUTRAL,tracking,UNKNOWN,0.4229942680404828,0.3050940946126238,0.2503639274655747,INACTIVE,False,0.9156004017102704,0.08439959828972965,LEFT,0.8312008034205407,True,,NEUTRAL,True,True,True,False
REPLAY,Yaniv-LRJ(6)-4:7.csv,15.092652797698975,2026-04-24T17:35:00.795999+00:00,3763,NEUTRAL,tracking,UNKNOWN,0.46385542468141827,0.21681138852457765,0.35023745909638354,ACTIVE,False,0.9714961161799722,0.028503883820027786,LEFT,0.9429922323599444,True,,NEUTRAL,True,True,True,False
REPLAY,Yaniv-LRJ(6)-4:7.csv,15.192949533462524,2026-04-24T17:35:00.803218+00:00,3788,NEUTRAL,tracking,UNKNOWN,0.29819348678327473,0.05814559854282318,0.24146336956929706,INACTIVE,False,0.9992587574813375,0.0007412425186624449,LEFT,0.998517514962675,True,,NEUTRAL,True,True,True,False
REPLAY,Yaniv-LRJ(6)-4:7.csv,15.293246269226074,2026-04-24T17:35:00.812739+00:00,3813,NEUTRAL,tracking,UNKNOWN,0.3470651288251779,0.061312055232719286,0.27259636997777964,INACTIVE,False,0.9999992992048126,7.007951873860278e-07,LEFT,0.9999985984096251,True,,NEUTRAL,True,True,True,False
REPLAY,Yaniv-LRJ(6)-4:7.csv,15.393543004989624,2026-04-24T17:35:00.819942+00:00,3838,NEUTRAL,tracking,UNKNOWN,0.29393229937843224,0.09302821469172723,0.22511133278538842,INACTIVE,False,0.9999999998688699,1.3113010565521829e-10,LEFT,0.9999999997377398,True,,NEUTRAL,True,True,True,False
REPLAY,Yaniv-LRJ(6)-4:7.csv,15.493839740753174,2026-04-24T17:35:00.827272+00:00,3863,NEUTRAL,tracking,UNKNOWN,0.3505362633073349,0.15144159213359218,0.29490658761211175,INACTIVE,False,0.9999999999970125,2.9874781606755423e-12,LEFT,0.999999999994025,True,,NEUTRAL,True,True,True,False
REPLAY,Yaniv-LRJ(6)-4:7.csv,15.594136476516724,2026-04-24T17:35:00.834256+00:00,3888,NEUTRAL,tracking,UNKNOWN,0.3378660564840452,0.13329931995687663,0.26179298118597005,INACTIVE,False,0.999999999930569,6.943097109672303e-11,LEFT,0.999999999861138,True,,NEUTRAL,True,True,True,False
REPLAY,Yaniv-LRJ(6)-4:7.csv,15.694433212280275,2026-04-24T17:35:00.840936+00:00,3913,NEUTRAL,tracking,UNKNOWN,0.3345024744452111,0.06523768939237169,0.3246403029866723,INACTIVE,False,0.9999999724079609,2.7592039074511155e-08,LEFT,0.9999999448159218,True,,NEUTRAL,True,True,True,False
REPLAY,Yaniv-LRJ(6)-4:7.csv,15.794729948043825,2026-04-24T17:35:00.848560+00:00,3938,NEUTRAL,tracking,UNKNOWN,0.32548247784164885,0.08959723482608928,0.26160897397103516,INACTIVE,False,0.9999934161900152,6.5838099847510186e-06,LEFT,0.9999868323800305,True,,NEUTRAL,True,True,True,False
REPLAY,Yaniv-LRJ(6)-4:7.csv,15.895026683807375,2026-04-24T17:35:00.855521+00:00,3963,NEUTRAL,tracking,UNKNOWN,0.5155704226231292,0.6210706955449502,0.18501925523465154,ONSET,False,0.9999755446902707,2.4455309729253965e-05,LEFT,0.9999510893805414,True,,NEUTRAL,True,True,True,False
REPLAY,Yaniv-LRJ(6)-4:7.csv,15.995323419570925,2026-04-24T17:35:00.862108+00:00,3988,NEUTRAL,tracking,UNKNOWN,0.4193499383802364,0.14501786924570575,0.34871350120593875,ACTIVE,False,0.9999982141034166,1.7858965834496071e-06,LEFT,0.9999964282068332,True,,NEUTRAL,True,True,True,False
REPLAY,Yaniv-LRJ(6)-4:7.csv,16.095620155334473,2026-04-24T17:35:00.869189+00:00,4013,NEUTRAL,tracking,UNKNOWN,0.32480115496325423,0.029907368735574313,0.2544784956526795,INACTIVE,False,0.999999851560769,1.4843923104402802e-07,LEFT,0.999999703121538,True,,NEUTRAL,True,True,True,False
REPLAY,Yaniv-LRJ(6)-4:7.csv,16.195916891098022,2026-04-24T17:35:00.876000+00:00,4038,NEUTRAL,tracking,UNKNOWN,0.40254760626975805,0.06239483670341287,0.4173730851416811,INACTIVE,False,0.9999992657758638,7.342241361791758e-07,LEFT,0.9999985315517277,True,,NEUTRAL,True,True,True,False
REPLAY,Yaniv-LRJ(6)-4:7.csv,16.29220175743103,2026-04-24T17:35:00.886325+00:00,4062,NEUTRAL,tracking,UNKNOWN,0.4511517183247976,0.09583717695899768,0.39480376995077704,ACTIVE,False,0.999477988632291,0.0005220113677089786,LEFT,0.998955977264582,True,,NEUTRAL,True,True,True,False
REPLAY,Yaniv-LRJ(6)-4:7.csv,16.39249849319458,2026-04-24T17:35:00.893829+00:00,4087,NEUTRAL,tracking,UNKNOWN,0.3910956792455078,0.054051973379569684,0.3324077679907771,INACTIVE,False,0.17078500644814543,0.8292149935518546,RIGHT,0.6584299871037091,True,,NEUTRAL,True,True,True,False
REPLAY,Yaniv-LRJ(6)-4:7.csv,16.49279522895813,2026-04-24T17:35:00.900372+00:00,4112,NEUTRAL,tracking,UNKNOWN,0.32322729351534474,0.056380038819809714,0.274538253257888,INACTIVE,False,0.9431605027185508,0.056839497281449165,LEFT,0.8863210054371016,True,,NEUTRAL,True,True,True,False
REPLAY,Yaniv-LRJ(6)-4:7.csv,16.59309196472168,2026-04-24T17:35:00.907297+00:00,4137,NEUTRAL,tracking,UNKNOWN,0.3732565486292607,0.10560697444487795,0.32804562049958325,INACTIVE,False,0.9999999999999998,2.3691299094304115e-16,LEFT,0.9999999999999996,True,,NEUTRAL,True,True,True,False
REPLAY,Yaniv-LRJ(6)-4:7.csv,16.69338870048523,2026-04-24T17:35:00.914328+00:00,4162,NEUTRAL,tracking,UNKNOWN,0.3571057229516664,0.08930308693297749,0.345694270407906,INACTIVE,False,1.0,4.644454809603934e-36,LEFT,1.0,True,,NEUTRAL,True,True,True,False
REPLAY,Yaniv-LRJ(6)-4:7.csv,16.79368543624878,2026-04-24T17:35:00.921982+00:00,4187,NEUTRAL,tracking,UNKNOWN,0.3137035263206468,0.041628281814713154,0.2300965907251648,INACTIVE,False,1.0,1.0579760086762594e-41,LEFT,1.0,True,,NEUTRAL,True,True,True,False
REPLAY,Yaniv-LRJ(6)-4:7.csv,16.89398217201233,2026-04-24T17:35:00.928837+00:00,4212,NEUTRAL,tracking,UNKNOWN,0.29431582234210385,0.06661256476438389,0.2532121637183194,INACTIVE,False,1.0,1.0215728319407428e-24,LEFT,1.0,True,,NEUTRAL,True,True,True,False
REPLAY,Yaniv-LRJ(6)-4:7.csv,16.99427890777588,2026-04-24T17:35:00.935578+00:00,4237,NEUTRAL,tracking,UNKNOWN,0.3349782535500677,0.1030861551113651,0.31700497186104587,INACTIVE,False,0.6556759647892831,0.34432403521071686,LEFT,0.3113519295785663,True,,NEUTRAL,True,True,True,False
REPLAY,Yaniv-LRJ(6)-4:7.csv,17.09457564353943,2026-04-24T17:35:00.963556+00:00,4262,NEUTRAL,tracking,UNKNOWN,0.32203424232281186,0.10579824282792995,0.28277437987678894,INACTIVE,False,4.403026165888946e-09,0.9999999955969738,RIGHT,0.9999999911939477,True,,NEUTRAL,True,True,True,False
REPLAY,Yaniv-LRJ(6)-4:7.csv,17.19487237930298,2026-04-24T17:35:00.972064+00:00,4287,NEUTRAL,tracking,UNKNOWN,0.331615193893111,0.09984784789845008,0.2936313463551679,INACTIVE,False,0.02666008447852808,0.9733399155214719,RIGHT,0.9466798310429438,True,,NEUTRAL,True,True,True,False
REPLAY,Yaniv-LRJ(6)-4:7.csv,17.29516911506653,2026-04-24T17:35:00.979220+00:00,4312,NEUTRAL,tracking,UNKNOWN,0.353230114747784,0.1248277698656273,0.3172621817663647,INACTIVE,False,0.9997809604795965,0.0002190395204034895,LEFT,0.999561920959193,True,,NEUTRAL,True,True,True,False
REPLAY,Yaniv-LRJ(6)-4:7.csv,17.395465850830078,2026-04-24T17:35:00.986058+00:00,4337,NEUTRAL,tracking,UNKNOWN,0.3282577806754856,0.0922585667872376,0.3091076429476641,INACTIVE,False,0.89908774656463,0.10091225343537004,LEFT,0.79817549312926,True,,NEUTRAL,True,True,True,False
REPLAY,Yaniv-LRJ(6)-4:7.csv,17.495762586593628,2026-04-24T17:35:00.993369+00:00,4362,NEUTRAL,tracking,UNKNOWN,0.2802288708512396,0.0593206586599614,0.2370665145233395,INACTIVE,False,0.9669319373243613,0.03306806267563862,LEFT,0.9338638746487227,True,,NEUTRAL,True,True,True,False
REPLAY,Yaniv-LRJ(6)-4:7.csv,17.592047452926636,2026-04-24T17:35:01.001584+00:00,4386,NEUTRAL,tracking,UNKNOWN,0.3006978550497884,0.08511543306569523,0.2235126983535098,INACTIVE,False,0.9999999999999986,1.4074412709650355e-15,LEFT,0.9999999999999971,True,,NEUTRAL,True,True,True,False
REPLAY,Yaniv-LRJ(6)-4:7.csv,17.692344188690186,2026-04-24T17:35:01.010110+00:00,4411,NEUTRAL,tracking,UNKNOWN,0.2747895875171915,0.09324567517096394,0.2031621115961825,INACTIVE,False,1.0,2.7267070668857203e-37,LEFT,1.0,True,,NEUTRAL,True,True,True,False
REPLAY,Yaniv-LRJ(6)-4:7.csv,17.792640924453735,2026-04-24T17:35:01.019399+00:00,4436,NEUTRAL,tracking,UNKNOWN,0.28786040828654313,0.09116892657732613,0.25583491867830993,INACTIVE,False,1.0,3.933379723121591e-52,LEFT,1.0,True,,NEUTRAL,True,True,True,False
REPLAY,Yaniv-LRJ(6)-4:7.csv,17.892937660217285,2026-04-24T17:35:01.026323+00:00,4461,NEUTRAL,tracking,UNKNOWN,0.260306782744155,0.08335747711855786,0.20304811610297568,INACTIVE,False,1.0,1.0605853413476602e-48,LEFT,1.0,True,,NEUTRAL,True,True,True,False
REPLAY,Yaniv-LRJ(6)-4:7.csv,17.993234395980835,2026-04-24T17:35:01.033715+00:00,4486,NEUTRAL,tracking,UNKNOWN,0.26997327605370336,0.07199357868022672,0.22184494786099912,INACTIVE,False,1.0,1.3877951378848754e-27,LEFT,1.0,True,,NEUTRAL,True,True,True,False
REPLAY,Yaniv-LRJ(6)-4:7.csv,18.093531131744385,2026-04-24T17:35:01.042886+00:00,4511,NEUTRAL,tracking,UNKNOWN,0.2840991844818569,0.04254705294204671,0.25189765860385205,INACTIVE,False,0.9956311676848585,0.004368832315141532,LEFT,0.991262335369717,True,,NEUTRAL,True,True,True,False
REPLAY,Yaniv-LRJ(6)-4:7.csv,18.193827867507935,2026-04-24T17:35:01.052604+00:00,4536,NEUTRAL,tracking,UNKNOWN,0.2794424781638958,0.045092792760647926,0.22282607163330223,INACTIVE,False,3.0651259308456247e-10,0.9999999996934874,RIGHT,0.9999999993869748,True,,NEUTRAL,True,True,True,False
REPLAY,Yaniv-LRJ(6)-4:7.csv,18.294124603271484,2026-04-24T17:35:01.062353+00:00,4561,NEUTRAL,tracking,UNKNOWN,0.34152187234266174,0.07723684233843445,0.30175049957132355,INACTIVE,False,1.4657868696588139e-08,0.9999999853421313,RIGHT,0.9999999706842626,True,,NEUTRAL,True,True,True,False
REPLAY,Yaniv-LRJ(6)-4:7.csv,18.394421339035034,2026-04-24T17:35:01.071864+00:00,4586,NEUTRAL,tracking,UNKNOWN,0.2804889084254769,0.054310749487829664,0.2835435800307232,INACTIVE,False,0.0007175516784760916,0.9992824483215239,RIGHT,0.9985648966430478,True,,NEUTRAL,True,True,True,False
REPLAY,Yaniv-LRJ(6)-4:7.csv,18.494718074798584,2026-04-24T17:35:01.082787+00:00,4611,NEUTRAL,tracking,UNKNOWN,0.2806264202912082,0.05119836140873385,0.2169395486801196,INACTIVE,False,0.03527139412589264,0.9647286058741074,RIGHT,0.9294572117482147,True,,NEUTRAL,True,True,True,False
REPLAY,Yaniv-LRJ(6)-4:7.csv,18.595014810562134,2026-04-24T17:35:01.094111+00:00,4636,NEUTRAL,tracking,UNKNOWN,0.2879875857881472,0.07235093928105052,0.25165742152989395,INACTIVE,False,0.29212798011674657,0.7078720198832534,RIGHT,0.41574403976650687,True,,NEUTRAL,True,True,True,False
REPLAY,Yaniv-LRJ(6)-4:7.csv,18.695311546325684,2026-04-24T17:35:01.105417+00:00,4661,NEUTRAL,tracking,UNKNOWN,0.28209469291992006,0.05466623283123818,0.2953921815113147,INACTIVE,False,0.9999995107117078,4.892882921776897e-07,LEFT,0.9999990214234156,True,,NEUTRAL,True,True,True,False
REPLAY,Yaniv-LRJ(6)-4:7.csv,18.795608282089233,2026-04-24T17:35:01.141196+00:00,4686,NEUTRAL,tracking,UNKNOWN,0.29556769103582425,0.0559952558651117,0.30636173532797456,INACTIVE,False,1.0,4.078850727761924e-18,LEFT,1.0,True,,NEUTRAL,True,True,True,False
REPLAY,Yaniv-LRJ(6)-4:7.csv,18.895905017852783,2026-04-24T17:35:01.157700+00:00,4711,NEUTRAL,tracking,UNKNOWN,0.290513506407439,0.056968931924276746,0.3104702998979733,INACTIVE,False,1.0,3.25332911419127e-27,LEFT,1.0,True,,NEUTRAL,True,True,True,False
REPLAY,Yaniv-LRJ(6)-4:7.csv,18.99218988418579,2026-04-24T17:35:01.166134+00:00,4735,NEUTRAL,tracking,UNKNOWN,0.30493884593231024,0.05773731833326081,0.2904110854985473,INACTIVE,False,1.0,1.4227541216539817e-31,LEFT,1.0,True,,NEUTRAL,True,True,True,False
REPLAY,Yaniv-LRJ(6)-4:7.csv,19.09248661994934,2026-04-24T17:35:01.175256+00:00,4760,NEUTRAL,tracking,UNKNOWN,0.28175599179889743,0.05776005444253247,0.26808473596311166,INACTIVE,False,1.0,3.182779147256787e-30,LEFT,1.0,True,,NEUTRAL,True,True,True,False
REPLAY,Yaniv-LRJ(6)-4:7.csv,19.19278335571289,2026-04-24T17:35:01.183916+00:00,4785,NEUTRAL,tracking,UNKNOWN,0.30881844130488767,0.06724365099596986,0.3206343880550433,INACTIVE,False,1.0,7.633246928229678e-25,LEFT,1.0,True,,NEUTRAL,True,True,True,False
REPLAY,Yaniv-LRJ(6)-4:7.csv,19.29308009147644,2026-04-24T17:35:01.192953+00:00,4810,NEUTRAL,tracking,UNKNOWN,0.31203166885345346,0.06896920565701213,0.29651441733662115,INACTIVE,False,1.0,2.3733895078982477e-18,LEFT,1.0,True,,NEUTRAL,True,True,True,False
REPLAY,Yaniv-LRJ(6)-4:7.csv,19.39337682723999,2026-04-24T17:35:01.204076+00:00,4835,NEUTRAL,tracking,UNKNOWN,0.3137117767687444,0.09662283134399496,0.2608562187374777,INACTIVE,False,0.9999998003218168,1.996781832637103e-07,LEFT,0.9999996006436336,True,,NEUTRAL,True,True,True,False
REPLAY,Yaniv-LRJ(6)-4:7.csv,19.49367356300354,2026-04-24T17:35:01.212879+00:00,4860,NEUTRAL,tracking,UNKNOWN,0.2832418903310876,0.08054913643759706,0.26833351438639247,INACTIVE,False,1.028066520802895e-13,0.9999999999998972,RIGHT,0.9999999999997944,True,,NEUTRAL,True,True,True,False
REPLAY,Yaniv-LRJ(6)-4:7.csv,19.59397029876709,2026-04-24T17:35:01.220613+00:00,4885,NEUTRAL,tracking,UNKNOWN,0.2913169177680326,0.07851893507427654,0.2523796178300496,INACTIVE,False,0.0,1.0,RIGHT,1.0,True,,NEUTRAL,True,True,True,False
REPLAY,Yaniv-LRJ(6)-4:7.csv,19.69426703453064,2026-04-24T17:35:01.231778+00:00,4910,NEUTRAL,tracking,UNKNOWN,0.28504466026309494,0.0938557858997444,0.2239734302383023,INACTIVE,False,0.0,1.0,RIGHT,1.0,True,,NEUTRAL,True,True,True,False
REPLAY,Yaniv-LRJ(6)-4:7.csv,19.79456377029419,2026-04-24T17:35:01.240756+00:00,4935,NEUTRAL,tracking,UNKNOWN,0.2870960723690008,0.09398051238916104,0.25530202631533844,INACTIVE,False,0.0,1.0,RIGHT,1.0,True,,NEUTRAL,True,True,True,False
REPLAY,Yaniv-LRJ(6)-4:7.csv,19.89486050605774,2026-04-24T17:35:01.249502+00:00,4960,NEUTRAL,tracking,UNKNOWN,0.31069954301693936,0.144921289768747,0.2829862957088962,INACTIVE,False,0.0,1.0,RIGHT,1.0,True,,NEUTRAL,True,True,True,False
REPLAY,Yaniv-LRJ(6)-4:7.csv,19.99515724182129,2026-04-24T17:35:01.257892+00:00,4985,NEUTRAL,tracking,UNKNOWN,0.3469035410294121,0.11381339075327492,0.289772913449536,INACTIVE,False,0.9999839384788941,1.6061521105875384e-05,LEFT,0.9999678769577882,True,,NEUTRAL,True,True,True,False
REPLAY,Yaniv-LRJ(6)-4:7.csv,20.09545397758484,2026-04-24T17:35:01.268766+00:00,5010,NEUTRAL,tracking,UNKNOWN,0.4009434458366472,0.1668981281496804,0.3144813881897979,INACTIVE,False,1.0,1.0529415733974057e-18,LEFT,1.0,True,,NEUTRAL,True,True,True,False
REPLAY,Yaniv-LRJ(6)-4:7.csv,20.19575071334839,2026-04-24T17:35:01.279389+00:00,5035,RIGHT,RIGHT,UNKNOWN,0.41959553913937897,0.3086933309366451,0.2974881609688326,ONSET,False,1.0,1.3463481647082544e-27,LEFT,1.0,True,,RIGHT,True,True,True,False
REPLAY,Yaniv-LRJ(6)-4:7.csv,20.292035579681396,2026-04-24T17:35:01.287448+00:00,5059,RIGHT,RIGHT,UNKNOWN,0.397657749971411,0.17543460229137062,0.2926299544807568,INACTIVE,False,1.0,2.130000231133831e-36,LEFT,1.0,True,,RIGHT,True,True,True,False
REPLAY,Yaniv-LRJ(6)-4:7.csv,20.392332315444946,2026-04-24T17:35:01.294560+00:00,5084,NEUTRAL,tracking,UNKNOWN,0.3258368857168178,0.10444506118408045,0.2535800193694903,INACTIVE,False,1.0,1.6633290160966718e-43,LEFT,1.0,True,,NEUTRAL,True,True,True,False
REPLAY,Yaniv-LRJ(6)-4:7.csv,20.492629051208496,2026-04-24T17:35:01.301981+00:00,5109,NEUTRAL,tracking,UNKNOWN,0.34911652152040507,0.16015489554315973,0.27965842629044824,INACTIVE,False,1.0,1.22308465545228e-43,LEFT,1.0,True,,NEUTRAL,True,True,True,False
REPLAY,Yaniv-LRJ(6)-4:7.csv,20.592925786972046,2026-04-24T17:35:01.309052+00:00,5134,NEUTRAL,tracking,UNKNOWN,0.3308277462340743,0.09751024346236242,0.2682250933811319,INACTIVE,False,1.0,3.814493319470363e-36,LEFT,1.0,True,,NEUTRAL,True,True,True,False
REPLAY,Yaniv-LRJ(6)-4:7.csv,20.693222522735596,2026-04-24T17:35:01.322478+00:00,5159,NEUTRAL,tracking,UNKNOWN,0.3131982318175892,0.09980012885874551,0.2334725095585734,INACTIVE,False,1.0,4.045031818401632e-26,LEFT,1.0,True,,NEUTRAL,True,True,True,False
REPLAY,Yaniv-LRJ(6)-4:7.csv,20.793519258499146,2026-04-24T17:35:01.355201+00:00,5184,NEUTRAL,tracking,UNKNOWN,0.3280080797700109,0.1234722249413273,0.2841424995611022,INACTIVE,False,1.0,1.62300010655133e-18,LEFT,1.0,True,,NEUTRAL,True,True,True,False
REPLAY,Yaniv-LRJ(6)-4:7.csv,20.893815994262695,2026-04-24T17:35:01.365035+00:00,5209,NEUTRAL,tracking,UNKNOWN,0.3617600342781123,0.16146783386513539,0.31691807921830994,INACTIVE,False,0.9999999999999732,2.6722886093327123e-14,LEFT,0.9999999999999465,True,,NEUTRAL,True,True,True,False
REPLAY,Yaniv-LRJ(6)-4:7.csv,20.994112730026245,2026-04-24T17:35:01.379382+00:00,5234,NEUTRAL,tracking,UNKNOWN,0.3544919172386517,0.1693671287336701,0.278279046889278,INACTIVE,False,0.9999999999977176,2.2823597269760988e-12,LEFT,0.9999999999954352,True,,NEUTRAL,True,True,True,False
REPLAY,Yaniv-LRJ(6)-4:7.csv,21.094409465789795,2026-04-24T17:35:01.391462+00:00,5259,NEUTRAL,tracking,UNKNOWN,0.37605475679189915,0.1745215401241535,0.3061402658272063,INACTIVE,False,0.9999999999840214,1.597859819108334e-11,LEFT,0.9999999999680429,True,,NEUTRAL,True,True,True,False
REPLAY,Yaniv-LRJ(6)-4:7.csv,21.194706201553345,2026-04-24T17:35:01.406932+00:00,5284,NEUTRAL,tracking,UNKNOWN,0.33393805110052155,0.139408054841692,0.24932054005211277,INACTIVE,False,0.999999999891432,1.0856807526377011e-10,LEFT,0.9999999997828639,True,,NEUTRAL,True,True,True,False
REPLAY,Yaniv-LRJ(6)-4:7.csv,21.295002937316895,2026-04-24T17:35:01.416885+00:00,5309,NEUTRAL,tracking,UNKNOWN,0.3369906237120769,0.1681287903176247,0.24212264392210034,INACTIVE,False,0.9999999990716092,9.283908156391204e-10,LEFT,0.9999999981432184,True,,NEUTRAL,True,True,True,False
REPLAY,Yaniv-LRJ(6)-4:7.csv,21.395299673080444,2026-04-24T17:35:01.426443+00:00,5334,NEUTRAL,tracking,UNKNOWN,0.3388279433535295,0.1546350672764626,0.26421760773630537,INACTIVE,False,0.9999999981139668,1.8860332005746892e-09,LEFT,0.9999999962279336,True,,NEUTRAL,True,True,True,False
REPLAY,Yaniv-LRJ(6)-4:7.csv,21.495596408843994,2026-04-24T17:35:01.437617+00:00,5359,LEFT,LEFT,UNKNOWN,0.3106562256467372,0.10906885563570919,0.22013176745454055,INACTIVE,False,0.9999999995429902,4.5700975035209566e-10,LEFT,0.9999999990859805,True,,LEFT,True,True,True,False
REPLAY,Yaniv-LRJ(6)-4:7.csv,21.595893144607544,2026-04-24T17:35:01.445383+00:00,5384,NEUTRAL,tracking,UNKNOWN,0.29905327886486543,0.13924922383829982,0.22897760639791595,INACTIVE,False,0.9999999997251474,2.748526284383865e-10,LEFT,0.9999999994502948,True,,NEUTRAL,True,True,True,False
REPLAY,Yaniv-LRJ(6)-4:7.csv,21.69217801094055,2026-04-24T17:35:01.454457+00:00,5408,NEUTRAL,tracking,UNKNOWN,0.2830188824268737,0.1346756778680268,0.22523561783501703,INACTIVE,False,0.9999999971916417,2.808358360747886e-09,LEFT,0.9999999943832834,True,,NEUTRAL,True,True,True,False
REPLAY,Yaniv-LRJ(6)-4:7.csv,21.7924747467041,2026-04-24T17:35:01.462168+00:00,5433,NEUTRAL,tracking,UNKNOWN,0.3253935377923328,0.1612980912744901,0.2678516342673524,INACTIVE,False,0.9999999366503006,6.334969937131079e-08,LEFT,0.9999998733006012,True,,NEUTRAL,True,True,True,False
REPLAY,Yaniv-LRJ(6)-4:7.csv,21.89277148246765,2026-04-24T17:35:01.472058+00:00,5458,NEUTRAL,tracking,UNKNOWN,0.29326496597596374,0.10245357701356833,0.2589973142922469,INACTIVE,False,0.999999893553727,1.0644627298233645e-07,LEFT,0.999999787107454,True,,NEUTRAL,True,True,True,False
REPLAY,Yaniv-LRJ(6)-4:7.csv,21.9930682182312,2026-04-24T17:35:01.480306+00:00,5483,NEUTRAL,tracking,UNKNOWN,0.2905322586953504,0.10178983743238694,0.23504648533551487,INACTIVE,False,0.9999999902325131,9.767486978351317e-09,LEFT,0.9999999804650261,True,,NEUTRAL,True,True,True,False
REPLAY,Yaniv-LRJ(6)-4:7.csv,22.09336495399475,2026-04-24T17:35:01.488834+00:00,5508,NEUTRAL,tracking,UNKNOWN,0.2806221076561247,0.11602689164036589,0.20188282206545832,INACTIVE,False,0.9999999992065279,7.934720856917999e-10,LEFT,0.9999999984130559,True,,NEUTRAL,True,True,True,False
REPLAY,Yaniv-LRJ(6)-4:7.csv,22.1936616897583,2026-04-24T17:35:01.496687+00:00,5533,NEUTRAL,tracking,UNKNOWN,0.2958085074295391,0.14546870485711186,0.231430708507264,INACTIVE,False,0.9999999998578054,1.4219457953194948e-10,LEFT,0.9999999997156108,True,,NEUTRAL,True,True,True,False
REPLAY,Yaniv-LRJ(6)-4:7.csv,22.29395842552185,2026-04-24T17:35:01.504547+00:00,5558,NEUTRAL,tracking,UNKNOWN,0.32571180530917954,0.17423278735800407,0.2595179028550737,INACTIVE,False,0.9999999999894396,1.0560477537369254e-11,LEFT,0.9999999999788791,True,,NEUTRAL,True,True,True,False
REPLAY,Yaniv-LRJ(6)-4:7.csv,22.3942551612854,2026-04-24T17:35:01.516890+00:00,5583,NEUTRAL,tracking,UNKNOWN,0.33268923129071093,0.12438270537542927,0.2585457403181256,INACTIVE,False,0.999999999999808,1.9196770297549188e-13,LEFT,0.9999999999996161,True,,NEUTRAL,True,True,True,False
REPLAY,Yaniv-LRJ(6)-4:7.csv,22.49455189704895,2026-04-24T17:35:01.524520+00:00,5608,NEUTRAL,tracking,UNKNOWN,0.3098196131901527,0.15188328722391947,0.25892653999425386,INACTIVE,False,0.9999999999999931,6.907991745585042e-15,LEFT,0.9999999999999862,True,,NEUTRAL,True,True,True,False
REPLAY,Yaniv-LRJ(6)-4:7.csv,22.5948486328125,2026-04-24T17:35:01.533305+00:00,5633,NEUTRAL,tracking,UNKNOWN,0.305819104551759,0.14691433226260642,0.24730631012413035,INACTIVE,False,0.9999999999999954,4.568637652791191e-15,LEFT,0.9999999999999909,True,,NEUTRAL,True,True,True,False
REPLAY,Yaniv-LRJ(6)-4:7.csv,22.69514536857605,2026-04-24T17:35:01.541976+00:00,5658,NEUTRAL,tracking,UNKNOWN,0.3010407930955247,0.10834712192754785,0.2432665412310912,INACTIVE,False,0.9999999999998226,1.7739965455591299e-13,LEFT,0.9999999999996452,True,,NEUTRAL,True,True,True,False
REPLAY,Yaniv-LRJ(6)-4:7.csv,22.7954421043396,2026-04-24T17:35:01.549466+00:00,5683,NEUTRAL,tracking,UNKNOWN,0.29066777122746645,0.11730158226392885,0.24192945688130976,INACTIVE,False,0.9999999999844326,1.5567465072446437e-11,LEFT,0.9999999999688651,True,,NEUTRAL,True,True,True,False
REPLAY,Yaniv-LRJ(6)-4:7.csv,22.89573884010315,2026-04-24T17:35:01.559541+00:00,5708,NEUTRAL,tracking,UNKNOWN,0.2836237999394525,0.12223905095144591,0.21944386539643262,INACTIVE,False,0.999999999941912,5.8087934891449495e-11,LEFT,0.999999999883824,True,,NEUTRAL,True,True,True,False
REPLAY,Yaniv-LRJ(6)-4:7.csv,22.992023706436157,2026-04-24T17:35:01.568149+00:00,5732,NEUTRAL,tracking,UNKNOWN,0.32157296602904695,0.1566177364025827,0.2323849621815618,INACTIVE,False,0.9999999999979579,2.0421431447233586e-12,LEFT,0.9999999999959157,True,,NEUTRAL,True,True,True,False
REPLAY,Yaniv-LRJ(6)-4:7.csv,23.092320442199707,2026-04-24T17:35:01.575939+00:00,5757,NEUTRAL,tracking,UNKNOWN,0.315042928296415,0.13677693662080953,0.26341517590943886,INACTIVE,False,0.9999999999999754,2.4667472983458055e-14,LEFT,0.9999999999999507,True,,NEUTRAL,True,True,True,False
REPLAY,Yaniv-LRJ(6)-4:7.csv,23.192617177963257,2026-04-24T17:35:01.587062+00:00,5782,LEFT,LEFT,UNKNOWN,0.28889550701801514,0.12498332073217432,0.23022159865991265,INACTIVE,False,0.9999999999999444,5.56334580507595e-14,LEFT,0.9999999999998888,True,,LEFT,True,True,True,False
REPLAY,Yaniv-LRJ(6)-4:7.csv,23.292913913726807,2026-04-24T17:35:01.597378+00:00,5807,NEUTRAL,tracking,UNKNOWN,0.30521509597131047,0.141379511167824,0.2651945995417146,INACTIVE,False,0.9999999999728217,2.7178294033738145e-11,LEFT,0.9999999999456435,True,,NEUTRAL,True,True,True,False
REPLAY,Yaniv-LRJ(6)-4:7.csv,23.393210649490356,2026-04-24T17:35:01.609185+00:00,5832,NEUTRAL,tracking,UNKNOWN,0.29558270333211845,0.13044013775677651,0.22144897706930977,INACTIVE,False,0.9999999787310893,2.1268910733015547e-08,LEFT,0.9999999574621785,True,,NEUTRAL,True,True,True,False
REPLAY,Yaniv-LRJ(6)-4:7.csv,23.493507385253906,2026-04-24T17:35:01.619577+00:00,5857,NEUTRAL,tracking,UNKNOWN,0.2957130313447367,0.13419614689669707,0.2214750584930554,INACTIVE,False,0.9999993542740743,6.457259257720052e-07,LEFT,0.9999987085481485,True,,NEUTRAL,True,True,True,False
REPLAY,Yaniv-LRJ(6)-4:7.csv,23.593804121017456,2026-04-24T17:35:01.631673+00:00,5882,NEUTRAL,tracking,UNKNOWN,0.30211324115174465,0.13171143799595272,0.2401455116232353,INACTIVE,False,0.999999592875706,4.0712429410882475e-07,LEFT,0.9999991857514119,True,,NEUTRAL,True,True,True,False
REPLAY,Yaniv-LRJ(6)-4:7.csv,23.694100856781006,2026-04-24T17:35:01.642060+00:00,5907,NEUTRAL,tracking,UNKNOWN,0.28964411442768356,0.11508155993535692,0.23960587329766558,INACTIVE,False,0.9999999694836628,3.051633729002862e-08,LEFT,0.9999999389673255,True,,NEUTRAL,True,True,True,False
REPLAY,Yaniv-LRJ(6)-4:7.csv,23.794397592544556,2026-04-24T17:35:01.650700+00:00,5932,NEUTRAL,tracking,UNKNOWN,0.3070969018552653,0.13244554934721978,0.25415123214329965,INACTIVE,False,0.9999999968060245,3.193975508164399e-09,LEFT,0.9999999936120489,True,,NEUTRAL,True,True,True,False
REPLAY,Yaniv-LRJ(6)-4:7.csv,23.894694328308105,2026-04-24T17:35:01.659916+00:00,5957,NEUTRAL,tracking,UNKNOWN,0.30992201732358515,0.14042223449239502,0.2494149630997353,INACTIVE,False,0.9999999973184728,2.681527215084927e-09,LEFT,0.9999999946369456,True,,NEUTRAL,True,True,True,False
REPLAY,Yaniv-LRJ(6)-4:7.csv,23.994991064071655,2026-04-24T17:35:01.667399+00:00,5982,NEUTRAL,tracking,UNKNOWN,0.2917796680797252,0.10194895207616758,0.25072018102603283,INACTIVE,False,0.9999999841497084,1.585029158105019e-08,LEFT,0.9999999682994167,True,,NEUTRAL,True,True,True,False
REPLAY,Yaniv-LRJ(6)-4:7.csv,24.095287799835205,2026-04-24T17:35:01.674933+00:00,6007,NEUTRAL,tracking,UNKNOWN,0.29423955346623687,0.11527943123120066,0.21300518365497917,INACTIVE,False,0.9999999897624623,1.023753771182233e-08,LEFT,0.9999999795249246,True,,NEUTRAL,True,True,True,False
REPLAY,Yaniv-LRJ(6)-4:7.csv,24.195584535598755,2026-04-24T17:35:01.681926+00:00,6032,NEUTRAL,tracking,UNKNOWN,0.2946251494631459,0.11881626585522394,0.2225295826966986,INACTIVE,False,0.9999999998584127,1.4158733677700894e-10,LEFT,0.9999999997168254,True,,NEUTRAL,True,True,True,False
REPLAY,Yaniv-LRJ(6)-4:7.csv,24.295881271362305,2026-04-24T17:35:01.690604+00:00,6057,NEUTRAL,tracking,UNKNOWN,0.3037337533974135,0.1195481534060107,0.2487778840235502,INACTIVE,False,0.9999999999979621,2.037923752024361e-12,LEFT,0.9999999999959241,True,,NEUTRAL,True,True,True,False
REPLAY,Yaniv-LRJ(6)-4:7.csv,24.392166137695312,2026-04-24T17:35:01.700931+00:00,6081,NEUTRAL,tracking,UNKNOWN,0.3000102621496967,0.10024116074188759,0.23552694422791257,INACTIVE,False,0.9999999999977845,2.2154666697558382e-12,LEFT,0.9999999999955691,True,,NEUTRAL,True,True,True,False
REPLAY,Yaniv-LRJ(6)-4:7.csv,24.492462873458862,2026-04-24T17:35:01.708272+00:00,6106,NEUTRAL,tracking,UNKNOWN,0.2912224654960438,0.0877224906148978,0.23245254577512678,INACTIVE,False,0.9999999999737937,2.620622272093232e-11,LEFT,0.9999999999475875,True,,NEUTRAL,True,True,True,False
REPLAY,Yaniv-LRJ(6)-4:7.csv,24.592759609222412,2026-04-24T17:35:01.716129+00:00,6131,NEUTRAL,tracking,UNKNOWN,0.28602618807060276,0.11994365685924013,0.20600697549182773,INACTIVE,False,0.9999999998271638,1.7283617577290652e-10,LEFT,0.9999999996543276,True,,NEUTRAL,True,True,True,False
REPLAY,Yaniv-LRJ(6)-4:7.csv,24.693056344985962,2026-04-24T17:35:01.730707+00:00,6156,NEUTRAL,tracking,UNKNOWN,0.263383401321323,0.09689270570334997,0.21778642036465176,INACTIVE,False,0.9999999997436474,2.5635264482662806e-10,LEFT,0.9999999994872948,True,,NEUTRAL,True,True,True,False
REPLAY,Yaniv-LRJ(6)-4:7.csv,24.79335308074951,2026-04-24T17:35:01.744931+00:00,6181,LEFT,LEFT,UNKNOWN,0.2740821311996443,0.09587868920266772,0.2186599121287475,INACTIVE,False,0.9999999990516409,9.483590534717756e-10,LEFT,0.9999999981032819,True,,LEFT,True,True,True,False
REPLAY,Yaniv-LRJ(6)-4:7.csv,24.89364981651306,2026-04-24T17:35:01.755606+00:00,6206,LEFT,LEFT,UNKNOWN,0.25972049134229236,0.08616362141156293,0.21443002524333687,INACTIVE,False,0.9999999555841338,4.44158662464904e-08,LEFT,0.9999999111682676,True,,LEFT,True,True,True,False
REPLAY,Yaniv-LRJ(6)-4:7.csv,24.99394655227661,2026-04-24T17:35:01.764791+00:00,6231,LEFT,LEFT,UNKNOWN,0.2721320340255573,0.09363046923569779,0.21197974950372694,INACTIVE,False,0.9999943050147482,5.694985251878657e-06,LEFT,0.9999886100294963,True,,LEFT,True,True,True,False
REPLAY,Yaniv-LRJ(6)-4:7.csv,25.09424328804016,2026-04-24T17:35:01.777687+00:00,6256,NEUTRAL,tracking,UNKNOWN,0.2904398641212911,0.1317670348925024,0.2416937595000383,INACTIVE,False,0.9992492227330672,0.0007507772669328711,LEFT,0.9984984454661343,True,,NEUTRAL,True,True,True,False
REPLAY,Yaniv-LRJ(6)-4:7.csv,25.19454002380371,2026-04-24T17:35:01.786271+00:00,6281,NEUTRAL,tracking,UNKNOWN,0.3015396049565414,0.10508345127606834,0.26259823435019036,INACTIVE,False,0.9666950060950448,0.03330499390495526,LEFT,0.9333900121900895,True,,NEUTRAL,True,True,True,False
REPLAY,Yaniv-LRJ(6)-4:7.csv,25.29483675956726,2026-04-24T17:35:01.794159+00:00,6306,NEUTRAL,tracking,UNKNOWN,0.2755662895062162,0.09507166269832368,0.2163348440751546,INACTIVE,False,0.9199238729573677,0.08007612704263233,LEFT,0.8398477459147353,True,,NEUTRAL,True,True,True,False
REPLAY,Yaniv-LRJ(6)-4:7.csv,25.39513349533081,2026-04-24T17:35:01.801774+00:00,6331,NEUTRAL,tracking,UNKNOWN,0.27820086771103036,0.09504732490555866,0.1994955387341333,INACTIVE,False,0.9969078598058425,0.0030921401941574624,LEFT,0.993815719611685,True,,NEUTRAL,True,True,True,False
REPLAY,Yaniv-LRJ(6)-4:7.csv,25.49543023109436,2026-04-24T17:35:01.809047+00:00,6356,NEUTRAL,tracking,UNKNOWN,0.2636879012868343,0.10208559119052671,0.21295673412048122,INACTIVE,False,0.9999900406966008,9.959303399171953e-06,LEFT,0.9999800813932016,True,,NEUTRAL,True,True,True,False
REPLAY,Yaniv-LRJ(6)-4:7.csv,25.59572696685791,2026-04-24T17:35:01.816155+00:00,6381,NEUTRAL,tracking,UNKNOWN,0.2826575728204479,0.1191718557755372,0.22938121759498747,INACTIVE,False,0.9999998657964663,1.342035336998291e-07,LEFT,0.9999997315929325,True,,NEUTRAL,True,True,True,False
REPLAY,Yaniv-LRJ(6)-4:7.csv,25.692011833190918,2026-04-24T17:35:01.822719+00:00,6405,NEUTRAL,tracking,UNKNOWN,0.2878642882773199,0.10390600749821444,0.23682659306415457,INACTIVE,False,0.9999999632988984,3.67011016181336e-08,LEFT,0.9999999265977968,True,,NEUTRAL,True,True,True,False
REPLAY,Yaniv-LRJ(6)-4:7.csv,25.792308568954468,2026-04-24T17:35:01.830545+00:00,6430,NEUTRAL,tracking,UNKNOWN,0.2759441183042065,0.08399293790888158,0.22507720666088296,INACTIVE,False,0.9999999528433633,4.715663675708373e-08,LEFT,0.9999999056867266,True,,NEUTRAL,True,True,True,False
REPLAY,Yaniv-LRJ(6)-4:7.csv,25.892605304718018,2026-04-24T17:35:01.840892+00:00,6455,NEUTRAL,tracking,UNKNOWN,0.28568470916498145,0.09509158987702568,0.2209811239240234,INACTIVE,False,0.9999993210008836,6.789991163333075e-07,LEFT,0.9999986420017672,True,,NEUTRAL,True,True,True,False
REPLAY,Yaniv-LRJ(6)-4:7.csv,25.992902040481567,2026-04-24T17:35:01.849700+00:00,6480,NEUTRAL,tracking,UNKNOWN,0.3176977777038499,0.13866998836873806,0.25450069145915816,INACTIVE,False,0.9994161947861566,0.0005838052138434067,LEFT,0.9988323895723132,True,,NEUTRAL,True,True,True,False
REPLAY,Yaniv-LRJ(6)-4:7.csv,26.093198776245117,2026-04-24T17:35:01.857489+00:00,6505,NEUTRAL,tracking,UNKNOWN,0.2921733391140958,0.11072841008656255,0.22675584819859132,INACTIVE,False,0.15179260230065528,0.8482073976993447,RIGHT,0.6964147953986894,True,,NEUTRAL,True,True,True,False
REPLAY,Yaniv-LRJ(6)-4:7.csv,26.193495512008667,2026-04-24T17:35:01.865311+00:00,6530,NEUTRAL,tracking,UNKNOWN,0.2817940314504854,0.12880436461390113,0.21494452176742815,INACTIVE,False,0.006380949834893124,0.9936190501651069,RIGHT,0.9872381003302138,True,,NEUTRAL,True,True,True,False
REPLAY,Yaniv-LRJ(6)-4:7.csv,26.293792247772217,2026-04-24T17:35:01.875235+00:00,6555,NEUTRAL,tracking,UNKNOWN,0.3137958372366757,0.13656990917865025,0.2573477290988909,INACTIVE,False,0.9732761789370384,0.02672382106296156,LEFT,0.9465523578740769,True,,NEUTRAL,True,True,True,False
REPLAY,Yaniv-LRJ(6)-4:7.csv,26.394088983535767,2026-04-24T17:35:01.885813+00:00,6580,RIGHT,RIGHT,UNKNOWN,0.27715653081993397,0.10607778248036472,0.2191131086876843,INACTIVE,False,0.9999999945443776,5.455622430729117e-09,LEFT,0.9999999890887552,True,,RIGHT,True,True,True,False
REPLAY,Yaniv-LRJ(6)-4:7.csv,26.494385719299316,2026-04-24T17:35:01.896895+00:00,6605,RIGHT,RIGHT,UNKNOWN,0.290761862293924,0.10855356995383263,0.23446734409865688,INACTIVE,False,0.9999999999979402,2.0598076284744224e-12,LEFT,0.9999999999958804,True,,RIGHT,True,True,True,False
REPLAY,Yaniv-LRJ(6)-4:7.csv,26.594682455062866,2026-04-24T17:35:01.905202+00:00,6630,NEUTRAL,tracking,UNKNOWN,0.28148947021838056,0.1088245818688296,0.24061940782598107,INACTIVE,False,0.9999999987701408,1.2298592254847292e-09,LEFT,0.9999999975402816,True,,NEUTRAL,True,True,True,False
REPLAY,Yaniv-LRJ(6)-4:7.csv,26.694979190826416,2026-04-24T17:35:01.913933+00:00,6655,NEUTRAL,tracking,UNKNOWN,0.298387434349783,0.13104604683895302,0.23819278125687274,INACTIVE,False,0.9987706807823715,0.001229319217628434,LEFT,0.997541361564743,True,,NEUTRAL,True,True,True,False
REPLAY,Yaniv-LRJ(6)-4:7.csv,26.795275926589966,2026-04-24T17:35:01.922486+00:00,6680,NEUTRAL,tracking,UNKNOWN,0.28376028800814235,0.12046493040489041,0.24073581423126886,INACTIVE,False,0.04163417469513786,0.9583658253048621,RIGHT,0.9167316506097243,True,,NEUTRAL,True,True,True,False
REPLAY,Yaniv-LRJ(6)-4:7.csv,26.895572662353516,2026-04-24T17:35:01.930705+00:00,6705,NEUTRAL,tracking,UNKNOWN,0.3001865589062759,0.11611628155216257,0.2436380120941644,INACTIVE,False,0.010447689785267222,0.9895523102147328,RIGHT,0.9791046204294656,True,,NEUTRAL,True,True,True,False
REPLAY,Yaniv-LRJ(6)-4:7.csv,26.995869398117065,2026-04-24T17:35:01.938416+00:00,6730,NEUTRAL,tracking,UNKNOWN,0.2771057288490054,0.1130841614954577,0.2052616800871938,INACTIVE,False,0.2738795381906346,0.7261204618093654,RIGHT,0.4522409236187308,True,,NEUTRAL,True,True,True,False
REPLAY,Yaniv-LRJ(6)-4:7.csv,27.092154264450073,2026-04-24T17:35:01.945915+00:00,6754,NEUTRAL,tracking,UNKNOWN,0.30610147341501415,0.1442437874997455,0.24481360077908568,INACTIVE,False,0.990439103115992,0.009560896884007944,LEFT,0.9808782062319841,True,,NEUTRAL,True,True,True,False
REPLAY,Yaniv-LRJ(6)-4:7.csv,27.192451000213623,2026-04-24T17:35:01.955544+00:00,6779,RIGHT,RIGHT,UNKNOWN,0.2884142230380159,0.12010429111530235,0.2588570975561679,INACTIVE,False,0.9999939285935798,6.071406420182919e-06,LEFT,0.9999878571871597,True,,RIGHT,True,True,True,False
REPLAY,Yaniv-LRJ(6)-4:7.csv,27.292747735977173,2026-04-24T17:35:01.963162+00:00,6804,RIGHT,RIGHT,UNKNOWN,0.27548563324711295,0.09505758344507227,0.26062834059826245,INACTIVE,False,0.9999999982982444,1.7017556204799294e-09,LEFT,0.9999999965964887,True,,RIGHT,True,True,True,False
REPLAY,Yaniv-LRJ(6)-4:7.csv,27.393044471740723,2026-04-24T17:35:01.972864+00:00,6829,RIGHT,RIGHT,UNKNOWN,0.26449018985033756,0.09290827844145054,0.22605348728221802,INACTIVE,False,0.9999999999970803,2.919670176747983e-12,LEFT,0.9999999999941607,True,,RIGHT,True,True,True,False
REPLAY,Yaniv-LRJ(6)-4:7.csv,27.493341207504272,2026-04-24T17:35:01.982168+00:00,6854,NEUTRAL,tracking,UNKNOWN,0.25741138940810293,0.11746269912748068,0.21965669370497784,INACTIVE,False,0.9999999999995179,4.820368072140337e-13,LEFT,0.9999999999990359,True,,NEUTRAL,True,True,True,False
REPLAY,Yaniv-LRJ(6)-4:7.csv,27.593637943267822,2026-04-24T17:35:01.991755+00:00,6879,NEUTRAL,tracking,UNKNOWN,0.289808326328178,0.13280140530187565,0.23446693529447102,INACTIVE,False,0.9999999999981839,1.8161142312280012e-12,LEFT,0.9999999999963678,True,,NEUTRAL,True,True,True,False
REPLAY,Yaniv-LRJ(6)-4:7.csv,27.693934679031372,2026-04-24T17:35:02.000667+00:00,6904,NEUTRAL,tracking,UNKNOWN,0.3132077188990662,0.12927286157808265,0.2758872510118553,INACTIVE,False,0.9999999999906694,9.330609449204491e-12,LEFT,0.9999999999813387,True,,NEUTRAL,True,True,True,False
REPLAY,Yaniv-LRJ(6)-4:7.csv,27.794231414794922,2026-04-24T17:35:02.008150+00:00,6929,NEUTRAL,tracking,UNKNOWN,0.28722799102855123,0.11167640071948264,0.2508433819255764,INACTIVE,False,0.9999999999848629,1.5137110422995997e-11,LEFT,0.9999999999697258,True,,NEUTRAL,True,True,True,False
REPLAY,Yaniv-LRJ(6)-4:7.csv,27.89452815055847,2026-04-24T17:35:02.018971+00:00,6954,NEUTRAL,tracking,UNKNOWN,0.2619774558000647,0.07742150480236602,0.21386883329522696,INACTIVE,False,0.999999999969334,3.0666046630213536e-11,LEFT,0.999999999938668,True,,NEUTRAL,True,True,True,False
REPLAY,Yaniv-LRJ(6)-4:7.csv,27.99482488632202,2026-04-24T17:35:02.030215+00:00,6979,NEUTRAL,tracking,UNKNOWN,0.2923036540957439,0.11155785547048236,0.246195579155159,INACTIVE,False,0.9999999996248206,3.7517948715781227e-10,LEFT,0.9999999992496411,True,,NEUTRAL,True,True,True,False
REPLAY,Yaniv-LRJ(6)-4:7.csv,28.09512162208557,2026-04-24T17:35:02.038406+00:00,7004,NEUTRAL,tracking,UNKNOWN,0.2740009517147306,0.09645075177888679,0.23389674989879752,INACTIVE,False,0.9999999870152064,1.2984793534189599e-08,LEFT,0.9999999740304129,True,,NEUTRAL,True,True,True,False
REPLAY,Yaniv-LRJ(6)-4:7.csv,28.19541835784912,2026-04-24T17:35:02.045658+00:00,7029,NEUTRAL,tracking,UNKNOWN,0.29420501559229506,0.0948511071272933,0.24184453098819286,INACTIVE,False,0.9999997119230701,2.880769298797818e-07,LEFT,0.9999994238461403,True,,NEUTRAL,True,True,True,False
REPLAY,Yaniv-LRJ(6)-4:7.csv,28.29571509361267,2026-04-24T17:35:02.053449+00:00,7054,NEUTRAL,tracking,UNKNOWN,0.28195019792665166,0.09727154554346787,0.23821505260770676,INACTIVE,False,0.9999985845325456,1.4154674543314371e-06,LEFT,0.9999971690650913,True,,NEUTRAL,True,True,True,False
REPLAY,Yaniv-LRJ(6)-4:7.csv,28.39199995994568,2026-04-24T17:35:02.064662+00:00,7078,LEFT,LEFT,UNKNOWN,0.2881008740029093,0.1186152927589536,0.22575871412693693,INACTIVE,False,0.9999993526258459,6.473741540146384e-07,LEFT,0.9999987052516919,True,,LEFT,True,True,True,False
REPLAY,Yaniv-LRJ(6)-4:7.csv,28.49229669570923,2026-04-24T17:35:02.073144+00:00,7103,LEFT,LEFT,UNKNOWN,0.31752768841190515,0.1577902702433745,0.22754188159065725,INACTIVE,False,0.999999967689758,3.231024198860811e-08,LEFT,0.9999999353795159,True,,LEFT,True,True,True,False
REPLAY,Yaniv-LRJ(6)-4:7.csv,28.59259343147278,2026-04-24T17:35:02.080704+00:00,7128,LEFT,LEFT,UNKNOWN,0.299304536508307,0.1436166814140411,0.2333077677083719,INACTIVE,False,0.9999999996332969,3.667031350847694e-10,LEFT,0.9999999992665938,True,,LEFT,True,True,True,False
REPLAY,Yaniv-LRJ(6)-4:7.csv,28.692890167236328,2026-04-24T17:35:02.088095+00:00,7153,NEUTRAL,tracking,UNKNOWN,0.29494168777632945,0.13551853767688216,0.23104068944465758,INACTIVE,False,0.9999999999855264,1.4473677126273802e-11,LEFT,0.9999999999710527,True,,NEUTRAL,True,True,True,False
REPLAY,Yaniv-LRJ(6)-4:7.csv,28.793186902999878,2026-04-24T17:35:02.094925+00:00,7178,NEUTRAL,tracking,UNKNOWN,0.2858351803589455,0.11680285909859814,0.23460989047252068,INACTIVE,False,0.9999999999778556,2.2144358510975646e-11,LEFT,0.9999999999557112,True,,NEUTRAL,True,True,True,False
REPLAY,Yaniv-LRJ(6)-4:7.csv,28.893483638763428,2026-04-24T17:35:02.102303+00:00,7203,NEUTRAL,tracking,UNKNOWN,0.28689650730203253,0.10915851461420739,0.24330242563215376,INACTIVE,False,0.9999999996911976,3.088023974874984e-10,LEFT,0.9999999993823951,True,,NEUTRAL,True,True,True,False
REPLAY,Yaniv-LRJ(6)-4:7.csv,28.993780374526978,2026-04-24T17:35:02.109248+00:00,7228,NEUTRAL,tracking,UNKNOWN,0.29014223310106346,0.10809020848525713,0.20886935635060302,INACTIVE,False,0.9999999981596154,1.8403846675519103e-09,LEFT,0.9999999963192308,True,,NEUTRAL,True,True,True,False
REPLAY,Yaniv-LRJ(6)-4:7.csv,29.094077110290527,2026-04-24T17:35:02.116182+00:00,7253,NEUTRAL,tracking,UNKNOWN,0.2817193007751049,0.09613642784157528,0.2282331778176035,INACTIVE,False,0.9999999995549819,4.45018185920264e-10,LEFT,0.9999999991099637,True,,NEUTRAL,True,True,True,False
REPLAY,Yaniv-LRJ(6)-4:7.csv,29.194373846054077,2026-04-24T17:35:02.126529+00:00,7278,NEUTRAL,tracking,UNKNOWN,0.28882260762221146,0.09350275507798089,0.23184358009748945,INACTIVE,False,0.9999999999869729,1.3027146646248442e-11,LEFT,0.9999999999739457,True,,NEUTRAL,True,True,True,False
REPLAY,Yaniv-LRJ(6)-4:7.csv,29.294670581817627,2026-04-24T17:35:02.135659+00:00,7303,NEUTRAL,tracking,UNKNOWN,0.28222846149821434,0.10711744090350618,0.22294576178576797,INACTIVE,False,0.9999999999981738,1.8262443264146224e-12,LEFT,0.9999999999963476,True,,NEUTRAL,True,True,True,False
REPLAY,Yaniv-LRJ(6)-4:7.csv,29.394967317581177,2026-04-24T17:35:02.145188+00:00,7328,LEFT,LEFT,UNKNOWN,0.26834223094739873,0.09989074842349216,0.20515032230001884,INACTIVE,False,0.9999999999833437,1.6656386157661363e-11,LEFT,0.9999999999666873,True,,LEFT,True,True,True,False
REPLAY,Yaniv-LRJ(6)-4:7.csv,29.495264053344727,2026-04-24T17:35:02.154556+00:00,7353,NEUTRAL,tracking,UNKNOWN,0.29121795843036224,0.11457590525456413,0.24556171454101375,INACTIVE,False,0.9999999953242563,4.675743697004039e-09,LEFT,0.9999999906485126,True,,NEUTRAL,True,True,True,False
REPLAY,Yaniv-LRJ(6)-4:7.csv,29.595560789108276,2026-04-24T17:35:02.161317+00:00,7378,NEUTRAL,tracking,UNKNOWN,0.29494174451724087,0.12154947964978521,0.2318432105057295,INACTIVE,False,0.9999990541187682,9.458812317530338e-07,LEFT,0.9999981082375364,True,,NEUTRAL,True,True,True,False
REPLAY,Yaniv-LRJ(6)-4:7.csv,29.695857524871826,2026-04-24T17:35:02.168725+00:00,7403,NEUTRAL,tracking,UNKNOWN,0.26217023703795317,0.09399250088943342,0.19364238121168073,INACTIVE,False,0.9999963341552984,3.66584470158872e-06,LEFT,0.9999926683105969,True,,NEUTRAL,True,True,True,False
REPLAY,Yaniv-LRJ(6)-4:7.csv,29.792142391204834,2026-04-24T17:35:02.175354+00:00,7427,NEUTRAL,tracking,UNKNOWN,0.26482925453655215,0.11218721365774585,0.19580932910918522,INACTIVE,False,0.9999995885895202,4.1141047977439907e-07,LEFT,0.9999991771790404,True,,NEUTRAL,True,True,True,False
REPLAY,Yaniv-LRJ(6)-4:7.csv,29.892439126968384,2026-04-24T17:35:02.182195+00:00,7452,NEUTRAL,tracking,UNKNOWN,0.2714047202529083,0.1254129859361581,0.20761501444293684,INACTIVE,False,0.9999999520107572,4.7989242796514895e-08,LEFT,0.9999999040215144,True,,NEUTRAL,True,True,True,False
REPLAY,Yaniv-LRJ(6)-4:7.csv,29.992735862731934,2026-04-24T17:35:02.189465+00:00,7477,NEUTRAL,tracking,UNKNOWN,0.28676739918099214,0.13521684537696407,0.21717063719693533,INACTIVE,False,0.9999998734946344,1.2650536561274047e-07,LEFT,0.9999997469892687,True,,NEUTRAL,True,True,True,False
REPLAY,Yaniv-LRJ(6)-4:7.csv,30.093032598495483,2026-04-24T17:35:02.201127+00:00,7502,NEUTRAL,tracking,UNKNOWN,0.3010285677037282,0.1321065988330076,0.24359400207935378,INACTIVE,False,0.999997249184273,2.750815727035139e-06,LEFT,0.999994498368546,True,,NEUTRAL,True,True,True,False
REPLAY,Yaniv-LRJ(6)-4:7.csv,30.193329334259033,2026-04-24T17:35:02.211372+00:00,7527,LEFT,LEFT,UNKNOWN,0.30838653251151893,0.13224820654212033,0.24856729423807156,INACTIVE,False,0.999988314220593,1.1685779407045105e-05,LEFT,0.999976628441186,True,,LEFT,True,True,True,False
REPLAY,Yaniv-LRJ(6)-4:7.csv,30.293626070022583,2026-04-24T17:35:02.221464+00:00,7552,LEFT,LEFT,UNKNOWN,0.2900842916119809,0.13117582056499213,0.22523845026981237,INACTIVE,False,0.9999981484538638,1.8515461362145181e-06,LEFT,0.9999962969077276,True,,LEFT,True,True,True,False
REPLAY,Yaniv-LRJ(6)-4:7.csv,30.393922805786133,2026-04-24T17:35:02.228854+00:00,7577,LEFT,LEFT,UNKNOWN,0.2953756537542883,0.12844408408664582,0.2124075742781477,INACTIVE,False,0.9999999094161048,9.058389515694524e-08,LEFT,0.9999998188322097,True,,LEFT,True,True,True,False
REPLAY,Yaniv-LRJ(6)-4:7.csv,30.494219541549683,2026-04-24T17:35:02.236302+00:00,7602,NEUTRAL,tracking,UNKNOWN,0.2831402739493446,0.114356317174174,0.2113481838017294,INACTIVE,False,0.9999999624661929,3.7533807042507665e-08,LEFT,0.9999999249323859,True,,NEUTRAL,True,True,True,False
REPLAY,Yaniv-LRJ(6)-4:7.csv,30.594516277313232,2026-04-24T17:35:02.244111+00:00,7627,NEUTRAL,tracking,UNKNOWN,0.2780843716232472,0.12958305000579642,0.21089654595660784,INACTIVE,False,0.9999998013408121,1.9865918788579635e-07,LEFT,0.9999996026816242,True,,NEUTRAL,True,True,True,False
REPLAY,Yaniv-LRJ(6)-4:7.csv,30.694813013076782,2026-04-24T17:35:02.252111+00:00,7652,NEUTRAL,tracking,UNKNOWN,0.29526840874368476,0.13573289470590935,0.2478489849392456,INACTIVE,False,0.9999994327943388,5.672056612415725e-07,LEFT,0.9999988655886776,True,,NEUTRAL,True,True,True,False
REPLAY,Yaniv-LRJ(6)-4:7.csv,30.795109748840332,2026-04-24T17:35:02.259299+00:00,7677,NEUTRAL,tracking,UNKNOWN,0.29208490960633904,0.10229881586207339,0.24776946016720197,INACTIVE,False,0.9999999208986949,7.910130501563505e-08,LEFT,0.9999998417973899,True,,NEUTRAL,True,True,True,False
REPLAY,Yaniv-LRJ(6)-4:7.csv,30.895406484603882,2026-04-24T17:35:02.266639+00:00,7702,NEUTRAL,tracking,UNKNOWN,0.2853354587491418,0.09731849688266538,0.21598196702102376,INACTIVE,False,0.9999999978906493,2.109350660157932e-09,LEFT,0.9999999957812986,True,,NEUTRAL,True,True,True,False
REPLAY,Yaniv-LRJ(6)-4:7.csv,30.99570322036743,2026-04-24T17:35:02.276779+00:00,7727,NEUTRAL,tracking,UNKNOWN,0.2771184902971572,0.11977877277355158,0.2117527653448239,INACTIVE,False,0.9999999994755925,5.244075074939928e-10,LEFT,0.999999998951185,True,,NEUTRAL,True,True,True,False
REPLAY,Yaniv-LRJ(6)-4:7.csv,31.09198808670044,2026-04-24T17:35:02.285508+00:00,7751,NEUTRAL,tracking,UNKNOWN,0.28038857589617394,0.12925435482759232,0.2118705252688867,INACTIVE,False,0.999999991391955,8.608045017561532e-09,LEFT,0.9999999827839099,True,,NEUTRAL,True,True,True,False
REPLAY,Yaniv-LRJ(6)-4:7.csv,31.19228482246399,2026-04-24T17:35:02.292384+00:00,7776,NEUTRAL,tracking,UNKNOWN,0.2856476440844916,0.13675258918488475,0.2179432556547522,INACTIVE,False,0.9999969676870688,3.032312931149347e-06,LEFT,0.9999939353741376,True,,NEUTRAL,True,True,True,False
REPLAY,Yaniv-LRJ(6)-4:7.csv,31.292581558227543,2026-04-24T17:35:02.303221+00:00,7801,LEFT,LEFT,UNKNOWN,0.29166692001148464,0.11650799462902732,0.24129537269737164,INACTIVE,False,0.9993212922681628,0.0006787077318371995,LEFT,0.9986425845363256,True,,LEFT,True,True,True,False
REPLAY,Yaniv-LRJ(6)-4:7.csv,31.392878293991092,2026-04-24T17:35:02.312009+00:00,7826,NEUTRAL,tracking,UNKNOWN,0.2953379140215251,0.12516898202558577,0.2542235683246636,INACTIVE,False,0.9835531809013206,0.016446819098679368,LEFT,0.9671063618026412,True,,NEUTRAL,True,True,True,False
REPLAY,Yaniv-LRJ(6)-4:7.csv,31.493175029754642,2026-04-24T17:35:02.319622+00:00,7851,NEUTRAL,tracking,UNKNOWN,0.3074578503848715,0.16790898140804705,0.25415126093727824,INACTIVE,False,0.8040745000873498,0.1959254999126502,LEFT,0.6081490001746996,True,,NEUTRAL,True,True,True,False
REPLAY,Yaniv-LRJ(6)-4:7.csv,31.593471765518192,2026-04-24T17:35:02.326891+00:00,7876,NEUTRAL,tracking,UNKNOWN,0.2920983822404405,0.1565754133732779,0.23672733310544955,INACTIVE,False,0.0973332236128186,0.9026667763871814,RIGHT,0.8053335527743628,True,,NEUTRAL,True,True,True,False
REPLAY,Yaniv-LRJ(6)-4:7.csv,31.693768501281742,2026-04-24T17:35:02.334300+00:00,7901,NEUTRAL,tracking,UNKNOWN,0.2867028130850645,0.1261764430219077,0.23258205851962901,INACTIVE,False,0.004539673493686336,0.9954603265063137,RIGHT,0.9909206530126273,True,,NEUTRAL,True,True,True,False
REPLAY,Yaniv-LRJ(6)-4:7.csv,31.79406523704529,2026-04-24T17:35:02.343863+00:00,7926,NEUTRAL,tracking,UNKNOWN,0.29526715854233887,0.10897128750999559,0.2624190532442051,INACTIVE,False,0.023372543386600886,0.9766274566133991,RIGHT,0.9532549132267982,True,,NEUTRAL,True,True,True,False
REPLAY,Yaniv-LRJ(6)-4:7.csv,31.89436197280884,2026-04-24T17:35:02.355426+00:00,7951,LEFT,LEFT,UNKNOWN,0.2840636817928929,0.11633545145253195,0.24057964371699408,INACTIVE,False,0.9858832137406812,0.014116786259318793,LEFT,0.9717664274813624,True,,LEFT,True,True,True,False
REPLAY,Yaniv-LRJ(6)-4:7.csv,31.99465870857239,2026-04-24T17:35:02.363458+00:00,7976,NEUTRAL,tracking,UNKNOWN,0.2845349698441937,0.1111957336911847,0.2211085575464769,INACTIVE,False,0.9999996054416244,3.9455837562272326e-07,LEFT,0.9999992108832487,True,,NEUTRAL,True,True,True,False
REPLAY,Yaniv-LRJ(6)-4:7.csv,32.09495544433594,2026-04-24T17:35:02.373176+00:00,8001,NEUTRAL,tracking,UNKNOWN,0.28844140713812627,0.10838288181058242,0.23510699918787878,INACTIVE,False,0.9999999995445802,4.5541980206317426e-10,LEFT,0.9999999990891604,True,,NEUTRAL,True,True,True,False
REPLAY,Yaniv-LRJ(6)-4:7.csv,32.19525218009949,2026-04-24T17:35:02.382877+00:00,8026,NEUTRAL,tracking,UNKNOWN,0.2817686350420675,0.1147635227752552,0.2318578989768803,INACTIVE,False,0.9999999958610583,4.1389417064362075e-09,LEFT,0.9999999917221165,True,,NEUTRAL,True,True,True,False
REPLAY,Yaniv-LRJ(6)-4:7.csv,32.29554891586304,2026-04-24T17:35:02.390994+00:00,8051,NEUTRAL,tracking,UNKNOWN,0.2757638794464453,0.12625975736363765,0.23435861145076342,INACTIVE,False,0.9999832033020765,1.6796697923568947e-05,LEFT,0.9999664066041529,True,,NEUTRAL,True,True,True,False
REPLAY,Yaniv-LRJ(6)-4:7.csv,32.39584565162659,2026-04-24T17:35:02.401190+00:00,8076,LEFT,LEFT,UNKNOWN,0.2906151389837941,0.11022578359243485,0.25579084852893513,INACTIVE,False,0.9678726993088722,0.03212730069112784,LEFT,0.9357453986177444,True,,LEFT,True,True,True,False
REPLAY,Yaniv-LRJ(6)-4:7.csv,32.492130517959595,2026-04-24T17:35:02.409037+00:00,8100,NEUTRAL,tracking,UNKNOWN,0.27927836004327034,0.09448527158556103,0.2509426839272445,INACTIVE,False,0.6183225415889803,0.38167745841101974,LEFT,0.2366450831779605,True,,NEUTRAL,True,True,True,False
REPLAY,Yaniv-LRJ(6)-4:7.csv,32.592427253723145,2026-04-24T17:35:02.419289+00:00,8125,NEUTRAL,tracking,UNKNOWN,0.2896551135411296,0.08908974930701063,0.2189913399591708,INACTIVE,False,0.801728334765891,0.19827166523410897,LEFT,0.603456669531782,True,,NEUTRAL,True,True,True,False
REPLAY,Yaniv-LRJ(6)-4:7.csv,32.692723989486694,2026-04-24T17:35:02.429552+00:00,8150,NEUTRAL,tracking,UNKNOWN,0.26827614708805725,0.0962363293018002,0.19749798612397523,INACTIVE,False,0.994600463721313,0.005399536278686931,LEFT,0.9892009274426261,True,,NEUTRAL,True,True,True,False
REPLAY,Yaniv-LRJ(6)-4:7.csv,32.793020725250244,2026-04-24T17:35:02.437450+00:00,8175,NEUTRAL,tracking,UNKNOWN,0.26973636133946466,0.11274069797172731,0.20358232065302517,INACTIVE,False,0.9999849857298236,1.5014270176396742e-05,LEFT,0.9999699714596473,True,,NEUTRAL,True,True,True,False
REPLAY,Yaniv-LRJ(6)-4:7.csv,32.893317461013794,2026-04-24T17:35:02.444022+00:00,8200,NEUTRAL,tracking,UNKNOWN,0.2610072826331731,0.10693074248884095,0.18166371698626027,INACTIVE,False,0.9999999688138163,3.118618373787252e-08,LEFT,0.9999999376276325,True,,NEUTRAL,True,True,True,False
REPLAY,Yaniv-LRJ(6)-4:7.csv,32.993614196777344,2026-04-24T17:35:02.451084+00:00,8225,NEUTRAL,tracking,UNKNOWN,0.27169817209782676,0.12116609078372281,0.20715825857509182,INACTIVE,False,0.9999999996645832,3.3541684951372135e-10,LEFT,0.9999999993291664,True,,NEUTRAL,True,True,True,False
REPLAY,Yaniv-LRJ(6)-4:7.csv,33.093910932540894,2026-04-24T17:35:02.458256+00:00,8250,NEUTRAL,tracking,UNKNOWN,0.28189608734779703,0.13652334029428073,0.21717049884616937,INACTIVE,False,0.9999999999328607,6.7139255626472e-11,LEFT,0.9999999998657214,True,,NEUTRAL,True,True,True,False
REPLAY,Yaniv-LRJ(6)-4:7.csv,33.19420766830444,2026-04-24T17:35:02.465583+00:00,8275,NEUTRAL,tracking,UNKNOWN,0.28816238764254865,0.12185675091957032,0.19820335378451706,INACTIVE,False,0.999999999941401,5.859905819750732e-11,LEFT,0.999999999882802,True,,NEUTRAL,True,True,True,False
REPLAY,Yaniv-LRJ(6)-4:7.csv,33.29450440406799,2026-04-24T17:35:02.472430+00:00,8300,NEUTRAL,tracking,UNKNOWN,0.29145190720130765,0.1290851089887862,0.22288862523040345,INACTIVE,False,0.9999999999404335,5.956641061491896e-11,LEFT,0.9999999998808671,True,,NEUTRAL,True,True,True,False
REPLAY,Yaniv-LRJ(6)-4:7.csv,33.39480113983154,2026-04-24T17:35:02.479825+00:00,8325,NEUTRAL,tracking,UNKNOWN,0.28568891970417953,0.11887379371976803,0.22638037064979058,INACTIVE,False,0.9999999998571464,1.4285363335482786e-10,LEFT,0.9999999997142928,True,,NEUTRAL,True,True,True,False
REPLAY,Yaniv-LRJ(6)-4:7.csv,33.49509787559509,2026-04-24T17:35:02.489861+00:00,8350,LEFT,LEFT,UNKNOWN,0.29379858681474114,0.11782924789460605,0.226226235001104,INACTIVE,False,0.9999999988501296,1.149870476133569e-09,LEFT,0.9999999977002592,True,,LEFT,True,True,True,False
REPLAY,Yaniv-LRJ(6)-4:7.csv,33.59539461135864,2026-04-24T17:35:02.498073+00:00,8375,NEUTRAL,tracking,UNKNOWN,0.30119501473781896,0.15181067814172683,0.2210141872563342,INACTIVE,False,0.9999999969361829,3.063817116598037e-09,LEFT,0.9999999938723658,True,,NEUTRAL,True,True,True,False
REPLAY,Yaniv-LRJ(6)-4:7.csv,33.69569134712219,2026-04-24T17:35:02.505963+00:00,8400,NEUTRAL,tracking,UNKNOWN,0.2769332634776853,0.11775843281507427,0.1956914338344989,INACTIVE,False,0.9999999986204584,1.3795416378307166e-09,LEFT,0.9999999972409168,True,,NEUTRAL,True,True,True,False
REPLAY,Yaniv-LRJ(6)-4:7.csv,33.79598808288574,2026-04-24T17:35:02.513179+00:00,8425,NEUTRAL,tracking,UNKNOWN,0.2918273303264618,0.09296744487943898,0.23920458768222938,INACTIVE,False,0.9999999996620244,3.3797566142188843e-10,LEFT,0.9999999993240487,True,,NEUTRAL,True,True,True,False
REPLAY,Yaniv-LRJ(6)-4:7.csv,33.89227294921875,2026-04-24T17:35:02.523023+00:00,8449,NEUTRAL,tracking,UNKNOWN,0.25594821254039113,0.08974569101899627,0.1897270177007823,INACTIVE,False,0.9999999994298758,5.701241997147445e-10,LEFT,0.9999999988597517,True,,NEUTRAL,True,True,True,False
REPLAY,Yaniv-LRJ(6)-4:7.csv,33.9925696849823,2026-04-24T17:35:02.533480+00:00,8474,LEFT,LEFT,UNKNOWN,0.2871251570795086,0.11109060748851353,0.22796454289886775,INACTIVE,False,0.9999999896437293,1.0356270693900862e-08,LEFT,0.9999999792874585,True,,LEFT,True,True,True,False
REPLAY,Yaniv-LRJ(6)-4:7.csv,34.09286642074585,2026-04-24T17:35:02.543461+00:00,8499,LEFT,LEFT,UNKNOWN,0.26052270240007525,0.10024050116925805,0.19764009081866046,INACTIVE,False,0.9999997196488163,2.803511837241027e-07,LEFT,0.9999994392976326,True,,LEFT,True,True,True,False
REPLAY,Yaniv-LRJ(6)-4:7.csv,34.1931631565094,2026-04-24T17:35:02.551478+00:00,8524,NEUTRAL,tracking,UNKNOWN,0.2893973029724364,0.10372418255709627,0.24330749803856283,INACTIVE,False,0.9999993913015162,6.086984838813029e-07,LEFT,0.9999987826030323,True,,NEUTRAL,True,True,True,False
REPLAY,Yaniv-LRJ(6)-4:7.csv,34.29345989227295,2026-04-24T17:35:02.558278+00:00,8549,NEUTRAL,tracking,UNKNOWN,0.27637846142857003,0.11041041651761532,0.21234252674001702,INACTIVE,False,0.9999998749210599,1.2507894014230307e-07,LEFT,0.9999997498421198,True,,NEUTRAL,True,True,True,False
REPLAY,Yaniv-LRJ(6)-4:7.csv,34.3937566280365,2026-04-24T17:35:02.565148+00:00,8574,NEUTRAL,tracking,UNKNOWN,0.27861511994143795,0.11350535438778117,0.21741090144943934,INACTIVE,False,0.9999999753572033,2.46427966741571e-08,LEFT,0.9999999507144066,True,,NEUTRAL,True,True,True,False
REPLAY,Yaniv-LRJ(6)-4:7.csv,34.49405336380005,2026-04-24T17:35:02.572816+00:00,8599,NEUTRAL,tracking,UNKNOWN,0.2722108747382159,0.1135167079860188,0.21514548591175797,INACTIVE,False,0.999999974630454,2.5369546009522926e-08,LEFT,0.999999949260908,True,,NEUTRAL,True,True,True,False
REPLAY,Yaniv-LRJ(6)-4:7.csv,34.5943500995636,2026-04-24T17:35:02.579912+00:00,8624,NEUTRAL,tracking,UNKNOWN,0.28073518644064754,0.1264826137409641,0.22175442088536518,INACTIVE,False,0.9999999401917111,5.980828883099415e-08,LEFT,0.9999998803834222,True,,NEUTRAL,True,True,True,False
REPLAY,Yaniv-LRJ(6)-4:7.csv,34.69464683532715,2026-04-24T17:35:02.586961+00:00,8649,NEUTRAL,tracking,UNKNOWN,0.26502329413135983,0.11180871483271691,0.22325408941386132,INACTIVE,False,0.9999999280733431,7.192665684128537e-08,LEFT,0.9999998561466863,True,,NEUTRAL,True,True,True,False
REPLAY,Yaniv-LRJ(6)-4:7.csv,34.7949435710907,2026-04-24T17:35:02.593545+00:00,8674,NEUTRAL,tracking,UNKNOWN,0.2488930989977024,0.08854110976824875,0.19694454244793871,INACTIVE,False,0.9999999711905089,2.880949109157081e-08,LEFT,0.9999999423810177,True,,NEUTRAL,True,True,True,False
REPLAY,Yaniv-LRJ(6)-4:7.csv,34.89524030685425,2026-04-24T17:35:02.600436+00:00,8699,NEUTRAL,tracking,UNKNOWN,0.28823149717461716,0.13593513130460488,0.23864987725118894,INACTIVE,False,0.9999999948287146,5.171285389779784e-09,LEFT,0.9999999896574292,True,,NEUTRAL,True,True,True,False
REPLAY,Yaniv-LRJ(6)-4:7.csv,34.9955370426178,2026-04-24T17:35:02.610179+00:00,8724,LEFT,LEFT,UNKNOWN,0.2783807633576567,0.09937987068439745,0.2237088308901409,INACTIVE,False,0.9999999989771409,1.0228591681431124e-09,LEFT,0.9999999979542817,True,,LEFT,True,True,True,False
REPLAY,Yaniv-LRJ(6)-4:7.csv,35.09583377838135,2026-04-24T17:35:02.622244+00:00,8749,LEFT,LEFT,UNKNOWN,0.29300119753133114,0.12143833557594852,0.24312850061349717,INACTIVE,False,0.9999999995576845,4.4231551087067365e-10,LEFT,0.999999999115369,True,,LEFT,True,True,True,False
REPLAY,Yaniv-LRJ(6)-4:7.csv,35.192118644714355,2026-04-24T17:35:02.628970+00:00,8773,NEUTRAL,tracking,UNKNOWN,0.27374571840944684,0.10762921266424005,0.22060622220486326,INACTIVE,False,0.9999999995500223,4.499776715094175e-10,LEFT,0.9999999991000446,True,,NEUTRAL,True,True,True,False
REPLAY,Yaniv-LRJ(6)-4:7.csv,35.292415380477905,2026-04-24T17:35:02.636182+00:00,8798,NEUTRAL,tracking,UNKNOWN,0.3035126189776701,0.12083846864404077,0.23075881993592462,INACTIVE,False,0.9999999990942815,9.057185098576505e-10,LEFT,0.999999998188563,True,,NEUTRAL,True,True,True,False
REPLAY,Yaniv-LRJ(6)-4:7.csv,35.392712116241455,2026-04-24T17:35:02.642990+00:00,8823,NEUTRAL,tracking,UNKNOWN,0.2803337464867084,0.11856648378733119,0.20979030251436756,INACTIVE,False,0.9999999983365297,1.6634702132060075e-09,LEFT,0.9999999966730595,True,,NEUTRAL,True,True,True,False
REPLAY,Yaniv-LRJ(6)-4:7.csv,35.493008852005005,2026-04-24T17:35:02.649810+00:00,8848,NEUTRAL,tracking,UNKNOWN,0.28634529633507255,0.10850736124265109,0.23414966220934016,INACTIVE,False,0.999999998671209,1.3287909874103636e-09,LEFT,0.9999999973424181,True,,NEUTRAL,True,True,True,False
REPLAY,Yaniv-LRJ(6)-4:7.csv,35.593305587768555,2026-04-24T17:35:02.656934+00:00,8873,NEUTRAL,tracking,UNKNOWN,0.2784044270531725,0.12107610916073859,0.2205795860147751,INACTIVE,False,0.9999999994660907,5.339092848018763e-10,LEFT,0.9999999989321815,True,,NEUTRAL,True,True,True,False
REPLAY,Yaniv-LRJ(6)-4:7.csv,35.693602323532104,2026-04-24T17:35:02.664183+00:00,8898,NEUTRAL,tracking,UNKNOWN,0.27650621194578173,0.10545160738271102,0.2367350048202319,INACTIVE,False,0.9999999996492978,3.5070223570814215e-10,LEFT,0.9999999992985955,True,,NEUTRAL,True,True,True,False
REPLAY,Yaniv-LRJ(6)-4:7.csv,35.793899059295654,2026-04-24T17:35:02.671195+00:00,8923,NEUTRAL,tracking,UNKNOWN,0.26902717760661243,0.107031430202372,0.22700104782912214,INACTIVE,False,0.9999999992151976,7.848024158038021e-10,LEFT,0.9999999984303951,True,,NEUTRAL,True,True,True,False
REPLAY,Yaniv-LRJ(6)-4:7.csv,35.894195795059204,2026-04-24T17:35:02.681206+00:00,8948,NEUTRAL,tracking,UNKNOWN,0.27014410866200034,0.10776052442525556,0.22389688748393585,INACTIVE,False,0.9999999964425563,3.557443663681279e-09,LEFT,0.9999999928851127,True,,NEUTRAL,True,True,True,False
REPLAY,Yaniv-LRJ(6)-4:7.csv,35.994492530822754,2026-04-24T17:35:02.689269+00:00,8973,NEUTRAL,tracking,UNKNOWN,0.29707569484435337,0.08714245596742409,0.2718228581924738,INACTIVE,False,0.999999995517936,4.4820640980629785e-09,LEFT,0.9999999910358719,True,,NEUTRAL,True,True,True,False
REPLAY,Yaniv-LRJ(6)-4:7.csv,36.094789266586304,2026-04-24T17:35:02.695980+00:00,8998,NEUTRAL,tracking,UNKNOWN,0.2636638896436232,0.07863314396912884,0.2075915434547067,INACTIVE,False,0.9999999950185284,4.98147161317632e-09,LEFT,0.9999999900370569,True,,NEUTRAL,True,True,True,False
REPLAY,Yaniv-LRJ(6)-4:7.csv,36.19508600234985,2026-04-24T17:35:02.705807+00:00,9023,LEFT,LEFT,UNKNOWN,0.28471205576763825,0.11599994469962967,0.215730403537715,INACTIVE,False,0.9999999800217388,1.9978261141923056e-08,LEFT,0.9999999600434777,True,,LEFT,True,True,True,False
REPLAY,Yaniv-LRJ(6)-4:7.csv,36.2953827381134,2026-04-24T17:35:02.716591+00:00,9048,LEFT,LEFT,UNKNOWN,0.2839788337980711,0.11742617580406604,0.22660007126276419,INACTIVE,False,0.9999998443955637,1.5560443633772987e-07,LEFT,0.9999996887911273,True,,LEFT,True,True,True,False
REPLAY,Yaniv-LRJ(6)-4:7.csv,36.39567947387695,2026-04-24T17:35:02.724194+00:00,9073,LEFT,LEFT,UNKNOWN,0.29489253264484405,0.09833455990832934,0.2496387563641914,INACTIVE,False,0.9999996622873139,3.3771268619576035e-07,LEFT,0.9999993245746277,True,,LEFT,True,True,True,False
REPLAY,Yaniv-LRJ(6)-4:7.csv,36.4959762096405,2026-04-24T17:35:02.734154+00:00,9098,NEUTRAL,tracking,UNKNOWN,0.30179302089317706,0.09537481268708257,0.2936084974401459,INACTIVE,False,0.9999998899985881,1.1000141181393076e-07,LEFT,0.9999997799971763,True,,NEUTRAL,True,True,True,False
REPLAY,Yaniv-LRJ(6)-4:7.csv,36.59226107597351,2026-04-24T17:35:02.747584+00:00,9122,NEUTRAL,tracking,UNKNOWN,0.2975316210454967,0.1027202143954089,0.23884915808009957,INACTIVE,False,0.9999999780390311,2.196096890166054e-08,LEFT,0.9999999560780621,True,,NEUTRAL,True,True,True,False
REPLAY,Yaniv-LRJ(6)-4:7.csv,36.69255781173706,2026-04-24T17:35:02.754525+00:00,9147,NEUTRAL,tracking,UNKNOWN,0.29679914236679095,0.10577503140713675,0.2162921964180685,INACTIVE,False,0.9999999935853804,6.4146195704103865e-09,LEFT,0.9999999871707608,True,,NEUTRAL,True,True,True,False
REPLAY,Yaniv-LRJ(6)-4:7.csv,36.79285454750061,2026-04-24T17:35:02.761191+00:00,9172,NEUTRAL,tracking,UNKNOWN,0.27441651867101235,0.12286169844080032,0.20933141031788477,INACTIVE,False,0.9999999995603662,4.396337263870664e-10,LEFT,0.9999999991207325,True,,NEUTRAL,True,True,True,False
REPLAY,Yaniv-LRJ(6)-4:7.csv,36.89315128326416,2026-04-24T17:35:02.769062+00:00,9197,NEUTRAL,tracking,UNKNOWN,0.2760893949373536,0.10011778541835022,0.2172965743834409,INACTIVE,False,0.9999999999984811,1.5189062415689304e-12,LEFT,0.9999999999969622,True,,NEUTRAL,True,True,True,False
REPLAY,Yaniv-LRJ(6)-4:7.csv,36.99344801902771,2026-04-24T17:35:02.776838+00:00,9222,NEUTRAL,tracking,UNKNOWN,0.28649393777960575,0.13205836162492426,0.23587803718552844,INACTIVE,False,0.9999999999999942,5.727063816500165e-15,LEFT,0.9999999999999885,True,,NEUTRAL,True,True,True,False
REPLAY,Yaniv-LRJ(6)-4:7.csv,37.09374475479126,2026-04-24T17:35:02.784173+00:00,9247,NEUTRAL,tracking,UNKNOWN,0.3248567380867552,0.1190258843359622,0.2870132263900245,INACTIVE,False,0.9999999999999979,2.14313540732626e-15,LEFT,0.9999999999999958,True,,NEUTRAL,True,True,True,False
REPLAY,Yaniv-LRJ(6)-4:7.csv,37.19404149055481,2026-04-24T17:35:02.791326+00:00,9272,NEUTRAL,tracking,UNKNOWN,0.2916209280127927,0.09931293235874213,0.20155045765624285,INACTIVE,False,0.9999999999999352,6.488510546875432e-14,LEFT,0.9999999999998703,True,,NEUTRAL,True,True,True,False
REPLAY,Yaniv-LRJ(6)-4:7.csv,37.29433822631836,2026-04-24T17:35:02.801582+00:00,9297,NEUTRAL,tracking,UNKNOWN,0.2794847583591311,0.12015694041119657,0.1918635441001539,INACTIVE,False,0.9999999999975014,2.498547359274427e-12,LEFT,0.9999999999950029,True,,NEUTRAL,True,True,True,False
REPLAY,Yaniv-LRJ(6)-4:7.csv,37.39463496208191,2026-04-24T17:35:02.809848+00:00,9322,NEUTRAL,tracking,UNKNOWN,0.27359875985609117,0.11968572380146647,0.2199534718464497,INACTIVE,False,0.9999999999936477,6.352237648026904e-12,LEFT,0.9999999999872955,True,,NEUTRAL,True,True,True,False
REPLAY,Yaniv-LRJ(6)-4:7.csv,37.49493169784546,2026-04-24T17:35:02.816814+00:00,9347,NEUTRAL,tracking,UNKNOWN,0.297710055567997,0.11681333549814132,0.24992976460584426,INACTIVE,False,0.9999999999945076,5.492412250577889e-12,LEFT,0.9999999999890152,True,,NEUTRAL,True,True,True,False
REPLAY,Yaniv-LRJ(6)-4:7.csv,37.59522843360901,2026-04-24T17:35:02.823456+00:00,9372,NEUTRAL,tracking,UNKNOWN,0.2917860909320973,0.09615521505064828,0.25121646381016965,INACTIVE,False,0.9999999999690592,3.094083768996867e-11,LEFT,0.9999999999381184,True,,NEUTRAL,True,True,True,False
REPLAY,Yaniv-LRJ(6)-4:7.csv,37.69552516937256,2026-04-24T17:35:02.830965+00:00,9397,NEUTRAL,tracking,UNKNOWN,0.28861297879047265,0.08831385222187868,0.2394235344887747,INACTIVE,False,0.9999999989819166,1.0180834401554807e-09,LEFT,0.9999999979638332,True,,NEUTRAL,True,True,True,False
REPLAY,Yaniv-LRJ(6)-4:7.csv,37.79582190513611,2026-04-24T17:35:02.841115+00:00,9422,LEFT,LEFT,UNKNOWN,0.2801573064381736,0.1205028235112493,0.2057305123440799,INACTIVE,False,0.9999999515633535,4.843664645586595e-08,LEFT,0.9999999031267071,True,,LEFT,True,True,True,False
REPLAY,Yaniv-LRJ(6)-4:7.csv,37.892106771469116,2026-04-24T17:35:02.852018+00:00,9446,LEFT,LEFT,UNKNOWN,0.2843434440703654,0.11320491828238824,0.22720228209910406,INACTIVE,False,0.9999983441280991,1.655871900903333e-06,LEFT,0.9999966882561981,True,,LEFT,True,True,True,False
REPLAY,Yaniv-LRJ(6)-4:7.csv,37.992403507232666,2026-04-24T17:35:02.859791+00:00,9471,LEFT,LEFT,UNKNOWN,0.2879165550817596,0.12910925152194633,0.2322995303063372,INACTIVE,False,0.9999847897893428,1.5210210657232001e-05,LEFT,0.9999695795786856,True,,LEFT,True,True,True,False
REPLAY,Yaniv-LRJ(6)-4:7.csv,38.092700242996216,2026-04-24T17:35:02.867391+00:00,9496,NEUTRAL,tracking,UNKNOWN,0.27578253934463093,0.11078937774874771,0.19355712128682948,INACTIVE,False,0.9999942026652194,5.797334780570804e-06,LEFT,0.9999884053304389,True,,NEUTRAL,True,True,True,False
REPLAY,Yaniv-LRJ(6)-4:7.csv,38.192996978759766,2026-04-24T17:35:02.874916+00:00,9521,NEUTRAL,tracking,UNKNOWN,0.275536745325315,0.11451671490014044,0.23232744673171282,INACTIVE,False,0.9999992445921217,7.554078782262582e-07,LEFT,0.9999984891842435,True,,NEUTRAL,True,True,True,False
REPLAY,Yaniv-LRJ(6)-4:7.csv,38.293293714523315,2026-04-24T17:35:02.882291+00:00,9546,NEUTRAL,tracking,UNKNOWN,0.28724950662029103,0.10602775527821101,0.22456380317669605,INACTIVE,False,0.9999992818770718,7.181229282611891e-07,LEFT,0.9999985637541435,True,,NEUTRAL,True,True,True,False
REPLAY,Yaniv-LRJ(6)-4:7.csv,38.393590450286865,2026-04-24T17:35:02.889434+00:00,9571,NEUTRAL,tracking,UNKNOWN,0.2812033420041332,0.11374935962987422,0.21067097340502175,INACTIVE,False,0.9999918491482579,8.150851742060076e-06,LEFT,0.9999836982965158,True,,NEUTRAL,True,True,True,False
REPLAY,Yaniv-LRJ(6)-4:7.csv,38.493887186050415,2026-04-24T17:35:02.896351+00:00,9596,NEUTRAL,tracking,UNKNOWN,0.28859299007001205,0.1365180035566257,0.20966247293854917,INACTIVE,False,0.9999387631447769,6.123685522308471e-05,LEFT,0.9998775262895538,True,,NEUTRAL,True,True,True,False
REPLAY,Yaniv-LRJ(6)-4:7.csv,38.594183921813965,2026-04-24T17:35:02.903647+00:00,9621,NEUTRAL,tracking,UNKNOWN,0.3122063558773296,0.14891406831520812,0.24844151220482844,INACTIVE,False,0.9999842763963546,1.57236036454235e-05,LEFT,0.9999685527927091,True,,NEUTRAL,True,True,True,False
REPLAY,Yaniv-LRJ(6)-4:7.csv,38.694480657577515,2026-04-24T17:35:02.914004+00:00,9646,LEFT,LEFT,UNKNOWN,0.28593959042720174,0.10797124992928968,0.23933681798410938,INACTIVE,False,0.9999996693406197,3.306593803030368e-07,LEFT,0.9999993386812394,True,,LEFT,True,True,True,False
REPLAY,Yaniv-LRJ(6)-4:7.csv,38.794777393341064,2026-04-24T17:35:02.922178+00:00,9671,NEUTRAL,tracking,UNKNOWN,0.27049669080705785,0.0947758445278216,0.2117566774906632,INACTIVE,False,0.9999999894254642,1.0574535763379314e-08,LEFT,0.9999999788509284,True,,NEUTRAL,True,True,True,False
REPLAY,Yaniv-LRJ(6)-4:7.csv,38.895074129104614,2026-04-24T17:35:02.931768+00:00,9696,NEUTRAL,tracking,UNKNOWN,0.27142586409586633,0.09738882117993924,0.22603563147251585,INACTIVE,False,0.9999999977924708,2.2075291897033044e-09,LEFT,0.9999999955849417,True,,NEUTRAL,True,True,True,False
REPLAY,Yaniv-LRJ(6)-4:7.csv,38.995370864868164,2026-04-24T17:35:02.940068+00:00,9721,NEUTRAL,tracking,UNKNOWN,0.2883820578485724,0.09657451790385954,0.23961881030632143,INACTIVE,False,0.999999996827099,3.172901047819968e-09,LEFT,0.9999999936541979,True,,NEUTRAL,True,True,True,False
REPLAY,Yaniv-LRJ(6)-4:7.csv,39.095667600631714,2026-04-24T17:35:02.947126+00:00,9746,NEUTRAL,tracking,UNKNOWN,0.276877137978387,0.10508575107929123,0.20769090446669472,INACTIVE,False,0.9999999884795101,1.1520489921882816e-08,LEFT,0.9999999769590202,True,,NEUTRAL,True,True,True,False
REPLAY,Yaniv-LRJ(6)-4:7.csv,39.195964336395264,2026-04-24T17:35:02.956881+00:00,9771,LEFT,LEFT,UNKNOWN,0.2746842810175353,0.11887912024682083,0.21145931107720178,INACTIVE,False,0.9999999074489031,9.255109693750349e-08,LEFT,0.9999998148978062,True,,LEFT,True,True,True,False
REPLAY,Yaniv-LRJ(6)-4:7.csv,39.29224920272827,2026-04-24T17:35:02.965099+00:00,9795,LEFT,LEFT,UNKNOWN,0.28718957948252344,0.13830637735348952,0.21637317979165072,INACTIVE,False,0.9999955965208172,4.403479182838803e-06,LEFT,0.9999911930416343,True,,LEFT,True,True,True,False
REPLAY,Yaniv-LRJ(6)-4:7.csv,39.39254593849182,2026-04-24T17:35:02.972027+00:00,9820,NEUTRAL,tracking,UNKNOWN,0.29063962316545666,0.1251071345716109,0.2402652755482508,INACTIVE,False,0.9992980164402673,0.0007019835597327382,LEFT,0.9985960328805346,True,,NEUTRAL,True,True,True,False
REPLAY,Yaniv-LRJ(6)-4:7.csv,39.49284267425537,2026-04-24T17:35:02.978772+00:00,9845,NEUTRAL,tracking,UNKNOWN,0.29243302312983765,0.12977635892151584,0.25126432593729836,INACTIVE,False,0.990870076277245,0.009129923722754953,LEFT,0.98174015255449,True,,NEUTRAL,True,True,True,False
REPLAY,Yaniv-LRJ(6)-4:7.csv,39.59313941001892,2026-04-24T17:35:02.985969+00:00,9870,NEUTRAL,tracking,UNKNOWN,0.2807231882169816,0.1046133468718027,0.23228987226460115,INACTIVE,False,0.9993940990505727,0.0006059009494272493,LEFT,0.9987881981011455,True,,NEUTRAL,True,True,True,False
REPLAY,Yaniv-LRJ(6)-4:7.csv,39.69343614578247,2026-04-24T17:35:02.993191+00:00,9895,NEUTRAL,tracking,UNKNOWN,0.28821272492819405,0.1281898210951155,0.22572711957014366,INACTIVE,False,0.9999994008160719,5.991839281803236e-07,LEFT,0.9999988016321437,True,,NEUTRAL,True,True,True,False
REPLAY,Yaniv-LRJ(6)-4:7.csv,39.79373288154602,2026-04-24T17:35:03.001217+00:00,9920,NEUTRAL,tracking,UNKNOWN,0.28737658800210575,0.13714886865431944,0.2221219115414543,INACTIVE,False,0.9999999992521378,7.478622655779465e-10,LEFT,0.9999999985042756,True,,NEUTRAL,True,True,True,False
REPLAY,Yaniv-LRJ(6)-4:7.csv,39.89402961730957,2026-04-24T17:35:03.007893+00:00,9945,NEUTRAL,tracking,UNKNOWN,0.278454204036124,0.12694944168664188,0.21050047278394438,INACTIVE,False,0.9999999999729952,2.7004797064179183e-11,LEFT,0.9999999999459903,True,,NEUTRAL,True,True,True,False
REPLAY,Yaniv-LRJ(6)-4:7.csv,39.99432635307312,2026-04-24T17:35:03.015449+00:00,9970,NEUTRAL,tracking,UNKNOWN,0.2888437413844468,0.1365373344393679,0.2338029530480662,INACTIVE,False,0.9999999999714826,2.8517428924416492e-11,LEFT,0.9999999999429652,True,,NEUTRAL,True,True,True,False
REPLAY,Yaniv-LRJ(6)-4:7.csv,40.09462308883667,2026-04-24T17:35:03.027637+00:00,9995,NEUTRAL,tracking,UNKNOWN,0.27041831454099574,0.12779736031941705,0.22338505436285727,INACTIVE,False,0.9999999998680331,1.3196686600345198e-10,LEFT,0.9999999997360662,True,,NEUTRAL,True,True,True,False
REPLAY,Yaniv-LRJ(6)-4:7.csv,40.19491982460022,2026-04-24T17:35:03.040764+00:00,10020,LEFT,LEFT,UNKNOWN,0.2845307893423953,0.11322075557384477,0.22737732926160723,INACTIVE,False,0.9999999982004958,1.7995041670349012e-09,LEFT,0.9999999964009916,True,,LEFT,True,True,True,False
REPLAY,Yaniv-LRJ(6)-4:7.csv,40.29521656036377,2026-04-24T17:35:03.053308+00:00,10045,LEFT,LEFT,UNKNOWN,0.27862289146547425,0.11350122414473691,0.24249358942402144,INACTIVE,False,0.9999999425759987,5.7424001314202315e-08,LEFT,0.9999998851519973,True,,LEFT,True,True,True,False
REPLAY,Yaniv-LRJ(6)-4:7.csv,40.39551329612732,2026-04-24T17:35:03.063096+00:00,10070,LEFT,LEFT,UNKNOWN,0.30223929878866995,0.10637642089016752,0.26636794282917764,INACTIVE,False,0.9999975874722774,2.412527722645901e-06,LEFT,0.9999951749445548,True,,LEFT,True,True,True,False
REPLAY,Yaniv-LRJ(6)-4:7.csv,40.49581003189087,2026-04-24T17:35:03.071138+00:00,10095,NEUTRAL,tracking,UNKNOWN,0.28662883535263484,0.11528534962125965,0.24546063204122354,INACTIVE,False,0.9999838550973253,1.6144902674707625e-05,LEFT,0.9999677101946507,True,,NEUTRAL,True,True,True,False
REPLAY,Yaniv-LRJ(6)-4:7.csv,40.59209489822388,2026-04-24T17:35:03.078388+00:00,10119,NEUTRAL,tracking,UNKNOWN,0.2820745518328789,0.10736941892565048,0.22588852600123152,INACTIVE,False,0.99999270778022,7.292219780011179e-06,LEFT,0.99998541556044,True,,NEUTRAL,True,True,True,False
REPLAY,Yaniv-LRJ(6)-4:7.csv,40.69239163398743,2026-04-24T17:35:03.085504+00:00,10144,NEUTRAL,tracking,UNKNOWN,0.28783625787725997,0.08339056219033021,0.24273903864623905,INACTIVE,False,0.9999996428404552,3.5715954481746106e-07,LEFT,0.9999992856809103,True,,NEUTRAL,True,True,True,False
REPLAY,Yaniv-LRJ(6)-4:7.csv,40.79268836975098,2026-04-24T17:35:03.095158+00:00,10169,LEFT,LEFT,UNKNOWN,0.282432074661903,0.08480103004169401,0.23027175651533244,INACTIVE,False,0.9999999916465823,8.35341777022037e-09,LEFT,0.9999999832931645,True,,LEFT,True,True,True,False
REPLAY,Yaniv-LRJ(6)-4:7.csv,40.892985105514526,2026-04-24T17:35:03.103314+00:00,10194,NEUTRAL,tracking,UNKNOWN,0.28356748798584364,0.11920821850314822,0.24314289436334252,INACTIVE,False,0.9999999995775507,4.2244925814066123e-10,LEFT,0.9999999991551014,True,,NEUTRAL,True,True,True,False
REPLAY,Yaniv-LRJ(6)-4:7.csv,40.993281841278076,2026-04-24T17:35:03.110170+00:00,10219,NEUTRAL,tracking,UNKNOWN,0.268118964210288,0.09550314472279373,0.21494567769307274,INACTIVE,False,0.9999999999490049,5.099515045341753e-11,LEFT,0.9999999998980098,True,,NEUTRAL,True,True,True,False
REPLAY,Yaniv-LRJ(6)-4:7.csv,41.093578577041626,2026-04-24T17:35:03.120112+00:00,10244,LEFT,LEFT,UNKNOWN,0.2686227783418911,0.10758483217573364,0.21566838981364406,INACTIVE,False,0.9999999999664828,3.351724051619748e-11,LEFT,0.9999999999329656,True,,LEFT,True,True,True,False
REPLAY,Yaniv-LRJ(6)-4:7.csv,41.193875312805176,2026-04-24T17:35:03.127910+00:00,10269,LEFT,LEFT,UNKNOWN,0.2984978258488681,0.12976474649530081,0.234892041849947,INACTIVE,False,0.9999999991941377,8.058622775912923e-10,LEFT,0.9999999983882755,True,,LEFT,True,True,True,False
REPLAY,Yaniv-LRJ(6)-4:7.csv,41.294172048568726,2026-04-24T17:35:03.135012+00:00,10294,NEUTRAL,tracking,UNKNOWN,0.2874298954126395,0.11216363821937125,0.2333775658694827,INACTIVE,False,0.9999995813853285,4.1861467148594843e-07,LEFT,0.999999162770657,True,,NEUTRAL,True,True,True,False
REPLAY,Yaniv-LRJ(6)-4:7.csv,41.394468784332275,2026-04-24T17:35:03.141681+00:00,10319,NEUTRAL,tracking,UNKNOWN,0.3034395996074677,0.10924176903624065,0.2608239618175209,INACTIVE,False,0.9998338691401276,0.00016613085987239847,LEFT,0.9996677382802552,True,,NEUTRAL,True,True,True,False
REPLAY,Yaniv-LRJ(6)-4:7.csv,41.494765520095825,2026-04-24T17:35:03.148983+00:00,10344,NEUTRAL,tracking,UNKNOWN,0.277433255346511,0.10396033667830147,0.21700406600531905,INACTIVE,False,0.9988895062002141,0.001110493799785847,LEFT,0.9977790124004282,True,,NEUTRAL,True,True,True,False
REPLAY,Yaniv-LRJ(6)-4:7.csv,41.595062255859375,2026-04-24T17:35:03.156356+00:00,10369,NEUTRAL,tracking,UNKNOWN,0.2819472895904288,0.11383597250395044,0.2027023617046844,INACTIVE,False,0.9999612543210705,3.874567892951506e-05,LEFT,0.999922508642141,True,,NEUTRAL,True,True,True,False
REPLAY,Yaniv-LRJ(6)-4:7.csv,41.695358991622925,2026-04-24T17:35:03.163393+00:00,10394,NEUTRAL,tracking,UNKNOWN,0.27513691859075484,0.1318125708120035,0.20448488710388096,INACTIVE,False,0.9999997586158638,2.413841362716705e-07,LEFT,0.9999995172317275,True,,NEUTRAL,True,True,True,False
REPLAY,Yaniv-LRJ(6)-4:7.csv,41.795655727386475,2026-04-24T17:35:03.170095+00:00,10419,NEUTRAL,tracking,UNKNOWN,0.28945271631271186,0.13380729213376039,0.22700683909346597,INACTIVE,False,0.9999999895961582,1.0403841741480534e-08,LEFT,0.9999999791923164,True,,NEUTRAL,True,True,True,False
REPLAY,Yaniv-LRJ(6)-4:7.csv,41.895952463150024,2026-04-24T17:35:03.176725+00:00,10444,NEUTRAL,tracking,UNKNOWN,0.2673596352232608,0.09879893244515559,0.20407255688224685,INACTIVE,False,0.9999999875071927,1.249280729038138e-08,LEFT,0.9999999750143853,True,,NEUTRAL,True,True,True,False
REPLAY,Yaniv-LRJ(6)-4:7.csv,41.99223732948303,2026-04-24T17:35:03.186036+00:00,10468,LEFT,LEFT,UNKNOWN,0.27885618925647204,0.10247546957042984,0.20128893404697557,INACTIVE,False,0.9999998018647089,1.9813529101684306e-07,LEFT,0.9999996037294179,True,,LEFT,True,True,True,False
REPLAY,Yaniv-LRJ(6)-4:7.csv,42.09253406524658,2026-04-24T17:35:03.196553+00:00,10493,LEFT,LEFT,UNKNOWN,0.28910148939346636,0.14418790169269707,0.22070274255171296,INACTIVE,False,0.9999962776603527,3.722339647335054e-06,LEFT,0.9999925553207054,True,,LEFT,True,True,True,False
REPLAY,Yaniv-LRJ(6)-4:7.csv,42.19283080101013,2026-04-24T17:35:03.207531+00:00,10518,NEUTRAL,tracking,UNKNOWN,0.27719763877284687,0.0905847243599207,0.23090033773067944,INACTIVE,False,0.9999916983682364,8.301631763560293e-06,LEFT,0.9999833967364729,True,,NEUTRAL,True,True,True,False
REPLAY,Yaniv-LRJ(6)-4:7.csv,42.29312753677368,2026-04-24T17:35:03.215404+00:00,10543,NEUTRAL,tracking,UNKNOWN,0.2749760166261247,0.09300369635163364,0.22896948471190812,INACTIVE,False,0.999998498812977,1.5011870230699827e-06,LEFT,0.999996997625954,True,,NEUTRAL,True,True,True,False
REPLAY,Yaniv-LRJ(6)-4:7.csv,42.39342427253723,2026-04-24T17:35:03.222841+00:00,10568,NEUTRAL,tracking,UNKNOWN,0.28450138677695114,0.08683438732634015,0.2500215569693995,INACTIVE,False,0.9999999064061427,9.359385729264538e-08,LEFT,0.9999998128122853,True,,NEUTRAL,True,True,True,False
REPLAY,Yaniv-LRJ(6)-4:7.csv,42.49372100830078,2026-04-24T17:35:03.230058+00:00,10593,NEUTRAL,tracking,UNKNOWN,0.2758853399115292,0.1121787038408684,0.21275602468045,INACTIVE,False,0.999999976674292,2.3325708001821895e-08,LEFT,0.9999999533485839,True,,NEUTRAL,True,True,True,False
REPLAY,Yaniv-LRJ(6)-4:7.csv,42.59401774406433,2026-04-24T17:35:03.237170+00:00,10618,NEUTRAL,tracking,UNKNOWN,0.2984796902416327,0.12976236996824078,0.26056985968499663,INACTIVE,False,0.999999956385091,4.3614909014483666e-08,LEFT,0.999999912770182,True,,NEUTRAL,True,True,True,False
REPLAY,Yaniv-LRJ(6)-4:7.csv,42.69431447982788,2026-04-24T17:35:03.243993+00:00,10643,NEUTRAL,tracking,UNKNOWN,0.29045661158402536,0.1282845750192595,0.22076975812384225,INACTIVE,False,0.9999999049612426,9.503875737829618e-08,LEFT,0.9999998099224852,True,,NEUTRAL,True,True,True,False
REPLAY,Yaniv-LRJ(6)-4:7.csv,42.79461121559143,2026-04-24T17:35:03.251110+00:00,10668,NEUTRAL,tracking,UNKNOWN,0.2503973851897201,0.09396076148849071,0.19333815718146338,INACTIVE,False,0.9999999567683125,4.3231687414710364e-08,LEFT,0.9999999135366251,True,,NEUTRAL,True,True,True,False
REPLAY,Yaniv-LRJ(6)-4:7.csv,42.89490795135498,2026-04-24T17:35:03.258543+00:00,10693,NEUTRAL,tracking,UNKNOWN,0.25995395097598784,0.09896949402154606,0.21206554693841997,INACTIVE,False,0.9999999936091049,6.390895134116305e-09,LEFT,0.9999999872182097,True,,NEUTRAL,True,True,True,False
REPLAY,Yaniv-LRJ(6)-4:7.csv,42.99520468711853,2026-04-24T17:35:03.265757+00:00,10718,NEUTRAL,tracking,UNKNOWN,0.2786617054550866,0.09813381395874574,0.22734882673102275,INACTIVE,False,0.999999998156115,1.8438850616910656e-09,LEFT,0.9999999963122299,True,,NEUTRAL,True,True,True,False
REPLAY,Yaniv-LRJ(6)-4:7.csv,43.09550142288208,2026-04-24T17:35:03.275374+00:00,10743,LEFT,LEFT,UNKNOWN,0.2759876920684351,0.10509442814357813,0.2257447820659058,INACTIVE,False,0.9999999977853322,2.2146677626083963e-09,LEFT,0.9999999955706644,True,,LEFT,True,True,True,False
REPLAY,Yaniv-LRJ(6)-4:7.csv,43.19579815864563,2026-04-24T17:35:03.286069+00:00,10768,NEUTRAL,tracking,UNKNOWN,0.28924392282742195,0.10573435123566985,0.22124876656533643,INACTIVE,False,0.9999999947497348,5.250265200563452e-09,LEFT,0.9999999894994696,True,,NEUTRAL,True,True,True,False
REPLAY,Yaniv-LRJ(6)-4:7.csv,43.29208302497864,2026-04-24T17:35:03.296717+00:00,10792,NEUTRAL,tracking,UNKNOWN,0.30124565945307014,0.14255021096889758,0.2631476866830849,INACTIVE,False,0.9999999924311163,7.568883717670367e-09,LEFT,0.9999999848622325,True,,NEUTRAL,True,True,True,False
REPLAY,Yaniv-LRJ(6)-4:7.csv,43.39237976074219,2026-04-24T17:35:03.304852+00:00,10817,NEUTRAL,tracking,UNKNOWN,0.2806929337866525,0.13296088854228466,0.24877820377266385,INACTIVE,False,0.9999999949342953,5.065704794452366e-09,LEFT,0.9999999898685905,True,,NEUTRAL,True,True,True,False
REPLAY,Yaniv-LRJ(6)-4:7.csv,43.49267649650574,2026-04-24T17:35:03.311694+00:00,10842,NEUTRAL,tracking,UNKNOWN,0.2784537367926917,0.1006684574106025,0.22611524580175393,INACTIVE,False,0.9999999974845051,2.5154949085893453e-09,LEFT,0.9999999949690102,True,,NEUTRAL,True,True,True,False
REPLAY,Yaniv-LRJ(6)-4:7.csv,43.59297323226929,2026-04-24T17:35:03.318734+00:00,10867,NEUTRAL,tracking,UNKNOWN,0.27924835009769544,0.13032805052507015,0.22609980397546905,INACTIVE,False,0.9999999983078571,1.6921428657790997e-09,LEFT,0.9999999966157143,True,,NEUTRAL,True,True,True,False
REPLAY,Yaniv-LRJ(6)-4:7.csv,43.69326996803284,2026-04-24T17:35:03.325444+00:00,10892,NEUTRAL,tracking,UNKNOWN,0.2790934147750298,0.12529252298991478,0.2254492586551148,INACTIVE,False,0.9999999970303255,2.96967452287069e-09,LEFT,0.999999994060651,True,,NEUTRAL,True,True,True,False
REPLAY,Yaniv-LRJ(6)-4:7.csv,43.79356670379639,2026-04-24T17:35:03.332888+00:00,10917,NEUTRAL,tracking,UNKNOWN,0.29390839207429875,0.12243237726672844,0.24576498302672936,INACTIVE,False,0.9999999905983222,9.40167775191122e-09,LEFT,0.9999999811966445,True,,NEUTRAL,True,True,True,False
REPLAY,Yaniv-LRJ(6)-4:7.csv,43.89386343955994,2026-04-24T17:35:03.340228+00:00,10942,NEUTRAL,tracking,UNKNOWN,0.2799122235410466,0.11295138628939791,0.24079807820461138,INACTIVE,False,0.9999999744201533,2.5579846660505974e-08,LEFT,0.9999999488403066,True,,NEUTRAL,True,True,True,False
REPLAY,Yaniv-LRJ(6)-4:7.csv,43.994160175323486,2026-04-24T17:35:03.347211+00:00,10967,NEUTRAL,tracking,UNKNOWN,0.29948142462087746,0.12091001813493264,0.24418037945885412,INACTIVE,False,0.9999998366257533,1.63374246688573e-07,LEFT,0.9999996732515066,True,,NEUTRAL,True,True,True,False
REPLAY,Yaniv-LRJ(6)-4:7.csv,44.094456911087036,2026-04-24T17:35:03.354159+00:00,10992,NEUTRAL,tracking,UNKNOWN,0.27871748794986795,0.12844423463986074,0.21533900406275452,INACTIVE,False,0.9999920319140541,7.96808594599588e-06,LEFT,0.9999840638281081,True,,NEUTRAL,True,True,True,False
REPLAY,Yaniv-LRJ(6)-4:7.csv,44.194753646850586,2026-04-24T17:35:03.363610+00:00,11017,NEUTRAL,tracking,UNKNOWN,0.2967292799288006,0.13536814202687367,0.2391726081251255,INACTIVE,False,0.9993081670674175,0.0006918329325824758,LEFT,0.9986163341348351,True,,NEUTRAL,True,True,True,False
REPLAY,Yaniv-LRJ(6)-4:7.csv,44.295050382614136,2026-04-24T17:35:03.371639+00:00,11042,NEUTRAL,tracking,UNKNOWN,0.25314434972118305,0.10750222281557421,0.2024999973211748,INACTIVE,False,0.9863488399314476,0.013651160068552342,LEFT,0.9726976798628952,True,,NEUTRAL,True,True,True,False
REPLAY,Yaniv-LRJ(6)-4:7.csv,44.395347118377686,2026-04-24T17:35:03.383620+00:00,11067,NEUTRAL,tracking,UNKNOWN,0.28301675680258176,0.11157656559508711,0.2293623032594991,INACTIVE,False,0.9763023886899891,0.0236976113100109,LEFT,0.9526047773799782,True,,NEUTRAL,True,True,True,False
REPLAY,Yaniv-LRJ(6)-4:7.csv,44.495643854141235,2026-04-24T17:35:03.392415+00:00,11092,NEUTRAL,tracking,UNKNOWN,0.2697687423285181,0.09996802513370548,0.20796453227129208,INACTIVE,False,0.9915362863271279,0.008463713672872082,LEFT,0.9830725726542557,True,,NEUTRAL,True,True,True,False
REPLAY,Yaniv-LRJ(6)-4:7.csv,44.595940589904785,2026-04-24T17:35:03.402335+00:00,11117,NEUTRAL,tracking,UNKNOWN,0.273066236818408,0.13164905255739864,0.20054989488213112,INACTIVE,False,0.9986262839138601,0.0013737160861399002,LEFT,0.9972525678277202,True,,NEUTRAL,True,True,True,False
REPLAY,Yaniv-LRJ(6)-4:7.csv,44.69222545623779,2026-04-24T17:35:03.410080+00:00,11141,NEUTRAL,tracking,UNKNOWN,0.288506106922495,0.12859504840756084,0.23531709018588515,INACTIVE,False,0.9998881793675345,0.00011182063246546807,LEFT,0.999776358735069,True,,NEUTRAL,True,True,True,False
REPLAY,Yaniv-LRJ(6)-4:7.csv,44.79252219200134,2026-04-24T17:35:03.417035+00:00,11166,NEUTRAL,tracking,UNKNOWN,0.2835828925374456,0.11682484345075324,0.22521596040661085,INACTIVE,False,0.9999965668118154,3.4331881845762873e-06,LEFT,0.9999931336236307,True,,NEUTRAL,True,True,True,False
REPLAY,Yaniv-LRJ(6)-4:7.csv,44.89281892776489,2026-04-24T17:35:03.424586+00:00,11191,NEUTRAL,tracking,UNKNOWN,0.30100601812969385,0.11820747159392118,0.23842340776710919,INACTIVE,False,0.9999998929307357,1.0706926431409759e-07,LEFT,0.9999997858614713,True,,NEUTRAL,True,True,True,False
REPLAY,Yaniv-LRJ(6)-4:7.csv,44.99311566352844,2026-04-24T17:35:03.431212+00:00,11216,NEUTRAL,tracking,UNKNOWN,0.2945301037223774,0.12066903226858909,0.2444855013575683,INACTIVE,False,0.9999999850981032,1.490189686158586e-08,LEFT,0.9999999701962063,True,,NEUTRAL,True,True,True,False
REPLAY,Yaniv-LRJ(6)-4:7.csv,45.09341239929199,2026-04-24T17:35:03.444398+00:00,11241,NEUTRAL,tracking,UNKNOWN,0.2841774005457872,0.09605254626068287,0.23050501537344317,INACTIVE,False,0.9999999927407923,7.259207656069888e-09,LEFT,0.9999999854815846,True,,NEUTRAL,True,True,True,False
REPLAY,Yaniv-LRJ(6)-4:7.csv,45.19370913505554,2026-04-24T17:35:03.451347+00:00,11266,NEUTRAL,tracking,UNKNOWN,0.27905972244109234,0.1043778695002135,0.21862881377510757,INACTIVE,False,0.99999999364379,6.356210057046897e-09,LEFT,0.99999998728758,True,,NEUTRAL,True,True,True,False
REPLAY,Yaniv-LRJ(6)-4:7.csv,45.29400587081909,2026-04-24T17:35:03.458658+00:00,11291,NEUTRAL,tracking,UNKNOWN,0.2796894468082878,0.1165843063917445,0.20998205223827704,INACTIVE,False,0.9999999967491102,3.2508897392339044e-09,LEFT,0.9999999934982204,True,,NEUTRAL,True,True,True,False
REPLAY,Yaniv-LRJ(6)-4:7.csv,45.39430260658264,2026-04-24T17:35:03.465718+00:00,11316,NEUTRAL,tracking,UNKNOWN,0.28762486006401367,0.12192360995709856,0.2297811011132153,INACTIVE,False,0.9999999990929394,9.070607020829048e-10,LEFT,0.9999999981858787,True,,NEUTRAL,True,True,True,False
REPLAY,Yaniv-LRJ(6)-4:7.csv,45.49459934234619,2026-04-24T17:35:03.473103+00:00,11341,NEUTRAL,tracking,UNKNOWN,0.28585013590860475,0.12553130847822164,0.23942806679171325,INACTIVE,False,0.9999999997109136,2.89086381827792e-10,LEFT,0.9999999994218272,True,,NEUTRAL,True,True,True,False
REPLAY,Yaniv-LRJ(6)-4:7.csv,45.59489607810974,2026-04-24T17:35:03.480201+00:00,11366,NEUTRAL,tracking,UNKNOWN,0.26774582583891104,0.11677950469903683,0.19660202051110187,INACTIVE,False,0.9999999998136765,1.8632355517269412e-10,LEFT,0.999999999627353,True,,NEUTRAL,True,True,True,False
REPLAY,Yaniv-LRJ(6)-4:7.csv,45.69519281387329,2026-04-24T17:35:03.487379+00:00,11391,NEUTRAL,tracking,UNKNOWN,0.28029233753938365,0.1251626005434289,0.2051878810636631,INACTIVE,False,0.9999999998015807,1.9841931207786325e-10,LEFT,0.9999999996031614,True,,NEUTRAL,True,True,True,False
REPLAY,Yaniv-LRJ(6)-4:7.csv,45.79548954963684,2026-04-24T17:35:03.495045+00:00,11416,NEUTRAL,tracking,UNKNOWN,0.28125450816541986,0.11704622329814403,0.22434283002240818,INACTIVE,False,0.9999999998353861,1.6461392355657572e-10,LEFT,0.9999999996707722,True,,NEUTRAL,True,True,True,False
REPLAY,Yaniv-LRJ(6)-4:7.csv,45.89578628540039,2026-04-24T17:35:03.502547+00:00,11441,NEUTRAL,tracking,UNKNOWN,0.2812833068051799,0.12462046968683152,0.2282655344900811,INACTIVE,False,0.9999999998023008,1.9769923040941184e-10,LEFT,0.9999999996046016,True,,NEUTRAL,True,True,True,False
REPLAY,Yaniv-LRJ(6)-4:7.csv,45.9920711517334,2026-04-24T17:35:03.509625+00:00,11465,NEUTRAL,tracking,UNKNOWN,0.28433445986075867,0.11559943710087588,0.2175356724182748,INACTIVE,False,0.9999999998335561,1.6644386213261366e-10,LEFT,0.9999999996671123,True,,NEUTRAL,True,True,True,False
REPLAY,Yaniv-LRJ(6)-4:7.csv,46.09236788749695,2026-04-24T17:35:03.519359+00:00,11490,LEFT,LEFT,UNKNOWN,0.28647718156468394,0.15174326663684673,0.21032049425301472,INACTIVE,False,0.9999999999812512,1.87488235623581e-11,LEFT,0.9999999999625024,True,,LEFT,True,True,True,False
REPLAY,Yaniv-LRJ(6)-4:7.csv,46.1926646232605,2026-04-24T17:35:03.527918+00:00,11515,NEUTRAL,tracking,UNKNOWN,0.28845667195250224,0.13362773991654994,0.203149773319228,INACTIVE,False,0.9999999999996066,3.9337817712503153e-13,LEFT,0.9999999999992133,True,,NEUTRAL,True,True,True,False
REPLAY,Yaniv-LRJ(6)-4:7.csv,46.29296135902405,2026-04-24T17:35:03.535605+00:00,11540,NEUTRAL,tracking,UNKNOWN,0.2770171956406807,0.11598547577933918,0.22377541650410848,INACTIVE,False,0.9999999999999682,3.1746879193728875e-14,LEFT,0.9999999999999365,True,,NEUTRAL,True,True,True,False
REPLAY,Yaniv-LRJ(6)-4:7.csv,46.3932580947876,2026-04-24T17:35:03.542708+00:00,11565,NEUTRAL,tracking,UNKNOWN,0.2821768196949218,0.10602288890519883,0.22992500238859243,INACTIVE,False,0.9999999999998853,1.1469524109526602e-13,LEFT,0.9999999999997706,True,,NEUTRAL,True,True,True,False
REPLAY,Yaniv-LRJ(6)-4:7.csv,46.49355483055115,2026-04-24T17:35:03.549680+00:00,11590,NEUTRAL,tracking,UNKNOWN,0.3026831758752587,0.12073176638479113,0.2477525711710993,INACTIVE,False,0.9999999999948925,5.107419975271727e-12,LEFT,0.9999999999897851,True,,NEUTRAL,True,True,True,False
REPLAY,Yaniv-LRJ(6)-4:7.csv,46.5938515663147,2026-04-24T17:35:03.557020+00:00,11615,NEUTRAL,tracking,UNKNOWN,0.2953455521277787,0.12876481216257332,0.22176832934816545,INACTIVE,False,0.9999999998758342,1.241658243648336e-10,LEFT,0.9999999997516684,True,,NEUTRAL,True,True,True,False
REPLAY,Yaniv-LRJ(6)-4:7.csv,46.69414830207825,2026-04-24T17:35:03.564337+00:00,11640,NEUTRAL,tracking,UNKNOWN,0.3075220881992311,0.1302111636541161,0.24062758521353225,INACTIVE,False,0.99999999950478,4.952200207167793e-10,LEFT,0.99999999900956,True,,NEUTRAL,True,True,True,False
REPLAY,Yaniv-LRJ(6)-4:7.csv,46.7944450378418,2026-04-24T17:35:03.571679+00:00,11665,NEUTRAL,tracking,UNKNOWN,0.30041589823295933,0.11968273441346323,0.2513744323638955,INACTIVE,False,0.9999999992712233,7.287766860262298e-10,LEFT,0.9999999985424466,True,,NEUTRAL,True,True,True,False
REPLAY,Yaniv-LRJ(6)-4:7.csv,46.89474177360535,2026-04-24T17:35:03.578597+00:00,11690,NEUTRAL,tracking,LEFT,0.27896749708819446,0.09609331222052914,0.18345382466775279,INACTIVE,False,0.9999999988312829,1.1687171542067043e-09,LEFT,0.9999999976625658,True,,NEUTRAL,True,True,True,False
REPLAY,Yaniv-LRJ(6)-4:7.csv,46.9950385093689,2026-04-24T17:35:03.585416+00:00,11715,NEUTRAL,tracking,LEFT,0.2879959170390167,0.11203104789211311,0.21236246871457012,INACTIVE,False,0.9999999979957088,2.00429117739479e-09,LEFT,0.9999999959914176,True,,NEUTRAL,True,True,True,False
REPLAY,Yaniv-LRJ(6)-4:7.csv,47.095335245132446,2026-04-24T17:35:03.594540+00:00,11740,LEFT,LEFT,LEFT,0.2881860535191916,0.13478352511323513,0.23889013695707262,INACTIVE,False,0.9999999960791977,3.920802344478655e-09,LEFT,0.9999999921583953,True,,LEFT,True,True,True,False
REPLAY,Yaniv-LRJ(6)-4:7.csv,47.195631980895996,2026-04-24T17:35:03.602765+00:00,11765,LEFT,LEFT,LEFT,0.3020182770499852,0.1273601013326015,0.20894505918958595,INACTIVE,False,0.9999999951340445,4.865955494098467e-09,LEFT,0.999999990268089,True,,LEFT,True,True,True,False
REPLAY,Yaniv-LRJ(6)-4:7.csv,47.295928716659546,2026-04-24T17:35:03.612191+00:00,11790,LEFT,LEFT,LEFT,0.28862711536881713,0.12794476947482888,0.22664725772972677,INACTIVE,False,0.9999999936758323,6.324167744436676e-09,LEFT,0.9999999873516645,True,,LEFT,True,True,True,False
REPLAY,Yaniv-LRJ(6)-4:7.csv,47.392213582992554,2026-04-24T17:35:03.620611+00:00,11814,NEUTRAL,tracking,LEFT,0.2879187492948231,0.1372694243392844,0.23480337465247444,INACTIVE,False,0.9999999706660812,2.933391885216786e-08,LEFT,0.9999999413321623,True,,NEUTRAL,True,True,True,False
REPLAY,Yaniv-LRJ(6)-4:7.csv,47.4925103187561,2026-04-24T17:35:03.630602+00:00,11839,LEFT,LEFT,LEFT,0.2932315362592396,0.13417925992739885,0.24526095685353297,INACTIVE,False,0.9999993883280499,6.1167195011183e-07,LEFT,0.9999987766560998,True,,LEFT,True,True,True,False
REPLAY,Yaniv-LRJ(6)-4:7.csv,47.59280705451965,2026-04-24T17:35:03.638874+00:00,11864,LEFT,LEFT,LEFT,0.3067311162011095,0.13238813879523256,0.25931923303001464,INACTIVE,False,0.9999948062948978,5.193705102226531e-06,LEFT,0.9999896125897956,True,,LEFT,True,True,True,False
REPLAY,Yaniv-LRJ(6)-4:7.csv,47.6931037902832,2026-04-24T17:35:03.648770+00:00,11889,NEUTRAL,tracking,LEFT,0.31715318165869866,0.1324906069642827,0.24089291082475275,INACTIVE,False,0.9999984958975988,1.5041024011909213e-06,LEFT,0.9999969917951976,True,,NEUTRAL,True,True,True,False
REPLAY,Yaniv-LRJ(6)-4:7.csv,47.79340052604675,2026-04-24T17:35:03.656946+00:00,11914,NEUTRAL,tracking,LEFT,0.3118660416424385,0.12182622334567159,0.2688756818796633,INACTIVE,False,0.9999999977181699,2.2818300776043358e-09,LEFT,0.9999999954363399,True,,NEUTRAL,True,True,True,False
REPLAY,Yaniv-LRJ(6)-4:7.csv,47.8936972618103,2026-04-24T17:35:03.663995+00:00,11939,NEUTRAL,tracking,LEFT,0.29390557519547267,0.09018790189750829,0.23375452105388944,INACTIVE,False,0.9999999999946716,5.3284013855382485e-12,LEFT,0.9999999999893432,True,,NEUTRAL,True,True,True,False
REPLAY,Yaniv-LRJ(6)-4:7.csv,47.99399399757385,2026-04-24T17:35:03.674135+00:00,11964,LEFT,LEFT,LEFT,0.26902747843084995,0.10029283260036657,0.21194906339360844,INACTIVE,False,0.9999999999903684,9.631629839580197e-12,LEFT,0.9999999999807367,True,,LEFT,True,True,True,False
REPLAY,Yaniv-LRJ(6)-4:7.csv,48.0942907333374,2026-04-24T17:35:03.686183+00:00,11989,NEUTRAL,tracking,LEFT,0.26828033912112104,0.10240817108508936,0.22036179482516055,INACTIVE,False,0.9999999927606031,7.23939682839973e-09,LEFT,0.9999999855212063,True,,NEUTRAL,True,True,True,False
REPLAY,Yaniv-LRJ(6)-4:7.csv,48.19458746910095,2026-04-24T17:35:03.695645+00:00,12014,NEUTRAL,tracking,LEFT,0.2760569809300487,0.12495881991526868,0.22130189160186275,INACTIVE,False,0.9999978501088692,2.1498911307921488e-06,LEFT,0.9999957002177384,True,,NEUTRAL,True,True,True,False
REPLAY,Yaniv-LRJ(6)-4:7.csv,48.2948842048645,2026-04-24T17:35:03.703945+00:00,12039,NEUTRAL,tracking,LEFT,0.2683053040857678,0.10697207569670811,0.22044210893106891,INACTIVE,False,0.9999932252602697,6.774739730301312e-06,LEFT,0.9999864505205394,True,,NEUTRAL,True,True,True,False
REPLAY,Yaniv-LRJ(6)-4:7.csv,48.39518094062805,2026-04-24T17:35:03.713945+00:00,12064,NEUTRAL,tracking,LEFT,0.2765319832045664,0.10792670855744296,0.23162618385191805,INACTIVE,False,0.9999993609194647,6.390805353042231e-07,LEFT,0.9999987218389295,True,,NEUTRAL,True,True,True,False
REPLAY,Yaniv-LRJ(6)-4:7.csv,48.4954776763916,2026-04-24T17:35:03.722099+00:00,12089,NEUTRAL,tracking,UNKNOWN,0.2844112857808029,0.11254324709361273,0.23770430690416514,INACTIVE,False,0.999999937519274,6.248072601910532e-08,LEFT,0.9999998750385479,True,,NEUTRAL,True,True,True,False
REPLAY,Yaniv-LRJ(6)-4:7.csv,48.59577441215515,2026-04-24T17:35:03.731743+00:00,12114,NEUTRAL,tracking,UNKNOWN,0.29436292931471253,0.12229506500402394,0.2589806082061627,INACTIVE,False,0.9999999871988975,1.2801102549196533e-08,LEFT,0.999999974397795,True,,NEUTRAL,True,True,True,False
REPLAY,Yaniv-LRJ(6)-4:7.csv,48.69205927848816,2026-04-24T17:35:03.740903+00:00,12138,NEUTRAL,tracking,UNKNOWN,0.301369948499158,0.11081637769439628,0.2568636396136746,INACTIVE,False,0.9999999992473145,7.526854245071028e-10,LEFT,0.9999999984946291,True,,NEUTRAL,True,True,True,False
REPLAY,Yaniv-LRJ(6)-4:7.csv,48.79235601425171,2026-04-24T17:35:03.748135+00:00,12163,NEUTRAL,tracking,UNKNOWN,0.291297448754417,0.11835053910177712,0.23472759134820453,INACTIVE,False,0.9999999999690878,3.091218775062086e-11,LEFT,0.9999999999381757,True,,NEUTRAL,True,True,True,False
REPLAY,Yaniv-LRJ(6)-4:7.csv,48.89265275001526,2026-04-24T17:35:03.757721+00:00,12188,LEFT,LEFT,UNKNOWN,0.2798069657411718,0.12174710202421517,0.22816017756307355,INACTIVE,False,0.9999999999963283,3.671720633727996e-12,LEFT,0.9999999999926565,True,,LEFT,True,True,True,False
REPLAY,Yaniv-LRJ(6)-4:7.csv,48.99294948577881,2026-04-24T17:35:03.766210+00:00,12213,LEFT,LEFT,UNKNOWN,0.2864982220008071,0.1320198266344593,0.21435557221120471,INACTIVE,False,0.9999999999962348,3.765204174172036e-12,LEFT,0.9999999999924696,True,,LEFT,True,True,True,False
REPLAY,Yaniv-LRJ(6)-4:7.csv,49.09324622154236,2026-04-24T17:35:03.773769+00:00,12238,NEUTRAL,tracking,UNKNOWN,0.2865139202480088,0.13419328874441575,0.22065867033478334,INACTIVE,False,0.9999999999575372,4.2462830364008415e-11,LEFT,0.9999999999150744,True,,NEUTRAL,True,True,True,False
REPLAY,Yaniv-LRJ(6)-4:7.csv,49.19354295730591,2026-04-24T17:35:03.781020+00:00,12263,NEUTRAL,tracking,UNKNOWN,0.29815888202513174,0.12191905394760551,0.2474573986391952,INACTIVE,False,0.9999999987175734,1.2824265705648787e-09,LEFT,0.9999999974351468,True,,NEUTRAL,True,True,True,False
REPLAY,Yaniv-LRJ(6)-4:7.csv,49.29383969306946,2026-04-24T17:35:03.790608+00:00,12288,NEUTRAL,tracking,UNKNOWN,0.2790980493214348,0.09311921232701549,0.24399953406998826,INACTIVE,False,0.9999999864751581,1.35248418761157e-08,LEFT,0.9999999729503162,True,,NEUTRAL,True,True,True,False
REPLAY,Yaniv-LRJ(6)-4:7.csv,49.39413642883301,2026-04-24T17:35:03.798747+00:00,12313,NEUTRAL,tracking,UNKNOWN,0.27987641090734827,0.10632263189925077,0.2152110120900255,INACTIVE,False,0.999999975761006,2.4238994029912953e-08,LEFT,0.9999999515220119,True,,NEUTRAL,True,True,True,False
REPLAY,Yaniv-LRJ(6)-4:7.csv,49.49443316459656,2026-04-24T17:35:03.806102+00:00,12338,NEUTRAL,tracking,UNKNOWN,0.2967356020861863,0.12992113632609095,0.21358976416862735,INACTIVE,False,0.9999999895304365,1.0469563584095704e-08,LEFT,0.9999999790608729,True,,NEUTRAL,True,True,True,False
REPLAY,Yaniv-LRJ(6)-4:7.csv,49.59472990036011,2026-04-24T17:35:03.813124+00:00,12363,NEUTRAL,tracking,UNKNOWN,0.2754772376580108,0.12391808402231173,0.20992971314552716,INACTIVE,False,0.9999999980518929,1.9481071097473947e-09,LEFT,0.9999999961037858,True,,NEUTRAL,True,True,True,False
REPLAY,Yaniv-LRJ(6)-4:7.csv,49.69502663612366,2026-04-24T17:35:03.822696+00:00,12388,NEUTRAL,tracking,UNKNOWN,0.30153698524203376,0.11995449237132874,0.2662533334810846,INACTIVE,False,0.9999999997521886,2.4781145973740044e-10,LEFT,0.9999999995043771,True,,NEUTRAL,True,True,True,False
REPLAY,Yaniv-LRJ(6)-4:7.csv,49.79532337188721,2026-04-24T17:35:03.830710+00:00,12413,NEUTRAL,tracking,UNKNOWN,0.29042873262212254,0.12880052216964907,0.21882562314619133,INACTIVE,False,0.9999999999755542,2.444573198242238e-11,LEFT,0.9999999999511084,True,,NEUTRAL,True,True,True,False
REPLAY,Yaniv-LRJ(6)-4:7.csv,49.89562010765076,2026-04-24T17:35:03.840657+00:00,12438,LEFT,LEFT,UNKNOWN,0.2945546624662815,0.1527928912458399,0.22525968037133767,INACTIVE,False,0.999999999987559,1.2441085663996776e-11,LEFT,0.9999999999751179,True,,LEFT,True,True,True,False
REPLAY,Yaniv-LRJ(6)-4:7.csv,49.99591684341431,2026-04-24T17:35:03.852100+00:00,12463,LEFT,LEFT,UNKNOWN,0.29842219801848524,0.15105888994312253,0.22737925052481497,INACTIVE,False,0.9999999997672224,2.3277761439577183e-10,LEFT,0.9999999995344449,True,,LEFT,True,True,True,False
REPLAY,Yaniv-LRJ(6)-4:7.csv,50.092201709747314,2026-04-24T17:35:03.867001+00:00,12487,NEUTRAL,tracking,UNKNOWN,0.28410061343982285,0.12351549193796765,0.23367770279629535,INACTIVE,False,0.9999999066644716,9.333552844455855e-08,LEFT,0.9999998133289432,True,,NEUTRAL,True,True,True,False
REPLAY,Yaniv-LRJ(6)-4:7.csv,50.192498445510864,2026-04-24T17:35:03.874219+00:00,12512,NEUTRAL,tracking,UNKNOWN,0.2991950149282553,0.11687196119307898,0.2435057937785493,INACTIVE,False,0.9999582298989981,4.177010100195291e-05,LEFT,0.9999164597979961,True,,NEUTRAL,True,True,True,False
REPLAY,Yaniv-LRJ(6)-4:7.csv,50.292795181274414,2026-04-24T17:35:03.881408+00:00,12537,NEUTRAL,tracking,UNKNOWN,0.28644170679429193,0.11086319130299353,0.2269126863109889,INACTIVE,False,0.9986194679396596,0.0013805320603403866,LEFT,0.9972389358793192,True,,NEUTRAL,True,True,True,False
REPLAY,Yaniv-LRJ(6)-4:7.csv,50.393091917037964,2026-04-24T17:35:03.888691+00:00,12562,NEUTRAL,tracking,UNKNOWN,0.2950772478647481,0.09391924875085136,0.2134194366015588,INACTIVE,False,0.993614135071165,0.006385864928834987,LEFT,0.98722827014233,True,,NEUTRAL,True,True,True,False
REPLAY,Yaniv-LRJ(6)-4:7.csv,50.493388652801514,2026-04-24T17:35:03.895376+00:00,12587,NEUTRAL,tracking,UNKNOWN,0.2815565292197023,0.10447388439995764,0.2088990868319518,INACTIVE,False,0.9899595744544434,0.0100404255455566,LEFT,0.9799191489088868,True,,NEUTRAL,True,True,True,False
REPLAY,Yaniv-LRJ(6)-4:7.csv,50.59368538856506,2026-04-24T17:35:03.902445+00:00,12612,NEUTRAL,tracking,UNKNOWN,0.29749834853959556,0.1318271208929053,0.22954612054614054,INACTIVE,False,0.9975784555300268,0.0024215444699732763,LEFT,0.9951569110600536,True,,NEUTRAL,True,True,True,False
REPLAY,Yaniv-LRJ(6)-4:7.csv,50.69398212432861,2026-04-24T17:35:03.909081+00:00,12637,NEUTRAL,tracking,UNKNOWN,0.2920434504007605,0.13867968220888396,0.23684733597705995,INACTIVE,False,0.9999410976450199,5.890235498005465e-05,LEFT,0.9998821952900399,True,,NEUTRAL,True,True,True,False
REPLAY,Yaniv-LRJ(6)-4:7.csv,50.79427886009216,2026-04-24T17:35:03.916106+00:00,12662,NEUTRAL,tracking,UNKNOWN,0.27746668370747296,0.11075579088771766,0.21816203287251298,INACTIVE,False,0.9999992843973509,7.156026491696523e-07,LEFT,0.9999985687947017,True,,NEUTRAL,True,True,True,False
REPLAY,Yaniv-LRJ(6)-4:7.csv,50.89457559585571,2026-04-24T17:35:03.923284+00:00,12687,NEUTRAL,tracking,UNKNOWN,0.2794986560185041,0.11817197375245557,0.21022924320292583,INACTIVE,False,0.9999999460153877,5.39846123493923e-08,LEFT,0.9999998920307753,True,,NEUTRAL,True,True,True,False
REPLAY,Yaniv-LRJ(6)-4:7.csv,50.99487233161926,2026-04-24T17:35:03.929970+00:00,12712,NEUTRAL,tracking,UNKNOWN,0.2792651951185726,0.14537299930989028,0.23779987835216712,INACTIVE,False,0.9999999240393981,7.596060192420633e-08,LEFT,0.9999998480787962,True,,NEUTRAL,True,True,True,False
REPLAY,Yaniv-LRJ(6)-4:7.csv,51.09516906738281,2026-04-24T17:35:03.936871+00:00,12737,NEUTRAL,tracking,UNKNOWN,0.28562401398142,0.1235458621414418,0.21772767849606933,INACTIVE,False,0.9999994500186313,5.499813687177407e-07,LEFT,0.9999989000372627,True,,NEUTRAL,True,True,True,False
REPLAY,Yaniv-LRJ(6)-4:7.csv,51.19546580314636,2026-04-24T17:35:03.946196+00:00,12762,NEUTRAL,tracking,UNKNOWN,0.29623915492548425,0.11561873459885263,0.24043168727139116,INACTIVE,False,0.9999974056207138,2.5943792861795394e-06,LEFT,0.9999948112414276,True,,NEUTRAL,True,True,True,False
REPLAY,Yaniv-LRJ(6)-4:7.csv,51.29576253890991,2026-04-24T17:35:03.954453+00:00,12787,NEUTRAL,tracking,UNKNOWN,0.28809805403210054,0.11360300839366244,0.22025032813687745,INACTIVE,False,0.9999993280653056,6.719346944808772e-07,LEFT,0.9999986561306111,True,,NEUTRAL,True,True,True,False
REPLAY,Yaniv-LRJ(6)-4:7.csv,51.39204740524292,2026-04-24T17:35:03.961610+00:00,12811,NEUTRAL,tracking,UNKNOWN,0.3114771653457251,0.13719991246417693,0.2461151299799051,INACTIVE,False,0.9999999942737106,5.726289399879551e-09,LEFT,0.9999999885474211,True,,NEUTRAL,True,True,True,False
REPLAY,Yaniv-LRJ(6)-4:7.csv,51.49234414100647,2026-04-24T17:35:03.971231+00:00,12836,NEUTRAL,tracking,UNKNOWN,0.318194581596417,0.14981221299102088,0.25194140106112217,INACTIVE,False,0.9999999999610402,3.895988000427787e-11,LEFT,0.9999999999220803,True,,NEUTRAL,True,True,True,False
REPLAY,Yaniv-LRJ(6)-4:7.csv,51.59264087677002,2026-04-24T17:35:03.982098+00:00,12861,LEFT,LEFT,UNKNOWN,0.3136723858382777,0.13043313130732234,0.26609306501799435,INACTIVE,False,0.9999999999918917,8.108302931710088e-12,LEFT,0.9999999999837834,True,,LEFT,True,True,True,False
REPLAY,Yaniv-LRJ(6)-4:7.csv,51.69293761253357,2026-04-24T17:35:03.990844+00:00,12886,LEFT,LEFT,UNKNOWN,0.28814444547080675,0.09245145239630179,0.22429217669516488,INACTIVE,False,0.9999999999523067,4.769332325322602e-11,LEFT,0.9999999999046134,True,,LEFT,True,True,True,False
REPLAY,Yaniv-LRJ(6)-4:7.csv,51.79323434829712,2026-04-24T17:35:04.000900+00:00,12911,NEUTRAL,tracking,UNKNOWN,0.28858161313853536,0.12227603531908901,0.22182737581910913,INACTIVE,False,0.9999999992262824,7.737176078126694e-10,LEFT,0.9999999984525647,True,,NEUTRAL,True,True,True,False
REPLAY,Yaniv-LRJ(6)-4:7.csv,51.89353108406067,2026-04-24T17:35:04.011313+00:00,12936,NEUTRAL,tracking,UNKNOWN,0.28810034235905035,0.14777782460008068,0.22421248459938944,INACTIVE,False,0.9999999935824577,6.417542305699188e-09,LEFT,0.9999999871649154,True,,NEUTRAL,True,True,True,False
REPLAY,Yaniv-LRJ(6)-4:7.csv,51.99382781982422,2026-04-24T17:35:04.019730+00:00,12961,NEUTRAL,tracking,UNKNOWN,0.30549126721487163,0.15163637305398533,0.23787903903778787,INACTIVE,False,0.9999999629555517,3.704444831620549e-08,LEFT,0.9999999259111034,True,,NEUTRAL,True,True,True,False
REPLAY,Yaniv-LRJ(6)-4:7.csv,52.09412455558777,2026-04-24T17:35:04.026829+00:00,12986,NEUTRAL,tracking,UNKNOWN,0.2897954221829627,0.11995826586938091,0.23028709165788697,INACTIVE,False,0.9999997361851732,2.6381482679563924e-07,LEFT,0.9999994723703465,True,,NEUTRAL,True,True,True,False
REPLAY,Yaniv-LRJ(6)-4:7.csv,52.19442129135132,2026-04-24T17:35:04.039619+00:00,13011,LEFT,LEFT,UNKNOWN,0.3002019412431475,0.13500326763201315,0.23911935112092444,INACTIVE,False,0.9999994817430448,5.182569552657447e-07,LEFT,0.9999989634860895,True,,LEFT,True,True,True,False
REPLAY,Yaniv-LRJ(6)-4:7.csv,52.29471802711487,2026-04-24T17:35:04.048635+00:00,13036,NEUTRAL,tracking,UNKNOWN,0.2889886038652095,0.1308037626883172,0.22707649541306532,INACTIVE,False,0.999999895575948,1.0442405197694806e-07,LEFT,0.9999997911518961,True,,NEUTRAL,True,True,True,False
REPLAY,Yaniv-LRJ(6)-4:7.csv,52.39501476287842,2026-04-24T17:35:04.055704+00:00,13061,NEUTRAL,tracking,LEFT,0.29122168506250223,0.15032682573386824,0.24296217162556308,INACTIVE,False,0.9999999935075267,6.492473325397673e-09,LEFT,0.9999999870150533,True,,NEUTRAL,True,True,True,False
REPLAY,Yaniv-LRJ(6)-4:7.csv,52.49531149864197,2026-04-24T17:35:04.065603+00:00,13086,NEUTRAL,tracking,LEFT,0.2890719930465614,0.1368902800357701,0.22911582834586927,INACTIVE,False,0.9999999991027256,8.972743557502623e-10,LEFT,0.9999999982054513,True,,NEUTRAL,True,True,True,False
REPLAY,Yaniv-LRJ(6)-4:7.csv,52.59560823440552,2026-04-24T17:35:04.076062+00:00,13111,NEUTRAL,tracking,LEFT,0.2733555157303206,0.12835155189887984,0.2215030977940283,INACTIVE,False,0.9999999990160414,9.839586036720414e-10,LEFT,0.9999999980320828,True,,NEUTRAL,True,True,True,False
REPLAY,Yaniv-LRJ(6)-4:7.csv,52.69590497016907,2026-04-24T17:35:04.083587+00:00,13136,NEUTRAL,tracking,LEFT,0.2764233679945919,0.1352062671952059,0.21905594686103816,INACTIVE,False,0.9999999955931199,4.406880128346546e-09,LEFT,0.9999999911862398,True,,NEUTRAL,True,True,True,False
REPLAY,Yaniv-LRJ(6)-4:7.csv,52.792189836502075,2026-04-24T17:35:04.090892+00:00,13160,NEUTRAL,tracking,LEFT,0.28019812948025713,0.10803653972664588,0.21557832602987545,INACTIVE,False,0.9999999887195979,1.1280402109879518e-08,LEFT,0.9999999774391959,True,,NEUTRAL,True,True,True,False
REPLAY,Yaniv-LRJ(6)-4:7.csv,52.892486572265625,2026-04-24T17:35:04.098108+00:00,13185,NEUTRAL,tracking,LEFT,0.2867016812702248,0.12575629450851045,0.23841297979936724,INACTIVE,False,0.9999999948136301,5.186369849976866e-09,LEFT,0.9999999896272602,True,,NEUTRAL,True,True,True,False
REPLAY,Yaniv-LRJ(6)-4:7.csv,52.992783308029175,2026-04-24T17:35:04.105626+00:00,13210,NEUTRAL,tracking,LEFT,0.30093238178612425,0.12214968867109692,0.23850732467708835,INACTIVE,False,0.9999999992057577,7.942423832727463e-10,LEFT,0.9999999984115153,True,,NEUTRAL,True,True,True,False
REPLAY,Yaniv-LRJ(6)-4:7.csv,53.093080043792725,2026-04-24T17:35:04.112997+00:00,13235,NEUTRAL,tracking,LEFT,0.2773393269100053,0.10998713308849864,0.22631282311142814,INACTIVE,False,0.9999999999155962,8.4403842103759e-11,LEFT,0.9999999998311924,True,,NEUTRAL,True,True,True,False
REPLAY,Yaniv-LRJ(6)-4:7.csv,53.193376779556274,2026-04-24T17:35:04.120185+00:00,13260,NEUTRAL,tracking,LEFT,0.29735296405250344,0.097606082885668,0.24222892554708453,INACTIVE,False,0.9999999999691882,3.081174227225826e-11,LEFT,0.9999999999383764,True,,NEUTRAL,True,True,True,False
REPLAY,Yaniv-LRJ(6)-4:7.csv,53.293673515319824,2026-04-24T17:35:04.126836+00:00,13285,NEUTRAL,tracking,LEFT,0.2996656501223607,0.10475609971238174,0.2582048197521405,INACTIVE,False,0.9999999994555313,5.444686512749728e-10,LEFT,0.9999999989110626,True,,NEUTRAL,True,True,True,False
REPLAY,Yaniv-LRJ(6)-4:7.csv,53.393970251083374,2026-04-24T17:35:04.136617+00:00,13310,LEFT,LEFT,LEFT,0.29727564790842287,0.08763105630847177,0.2502473238585708,INACTIVE,False,0.9999924489041111,7.551095888943584e-06,LEFT,0.9999848978082222,True,,LEFT,True,True,True,False
REPLAY,Yaniv-LRJ(6)-4:7.csv,53.494266986846924,2026-04-24T17:35:04.147585+00:00,13335,LEFT,LEFT,LEFT,0.2772665558078564,0.09112220092390258,0.18552967042458168,INACTIVE,False,0.3768445942716213,0.6231554057283787,RIGHT,0.24631081145675737,True,,LEFT,True,True,True,False
REPLAY,Yaniv-LRJ(6)-4:7.csv,53.594563722610474,2026-04-24T17:35:04.156128+00:00,13360,LEFT,LEFT,LEFT,0.2828016883116865,0.11341738350303272,0.2038722129501442,INACTIVE,False,0.0002654303318880835,0.9997345696681119,RIGHT,0.9994691393362238,True,,LEFT,True,True,True,False
REPLAY,Yaniv-LRJ(6)-4:7.csv,53.69486045837402,2026-04-24T17:35:04.163164+00:00,13385,NEUTRAL,tracking,LEFT,0.28501269517966776,0.14351761279020067,0.21938885974649244,INACTIVE,False,0.0008027157419974174,0.9991972842580026,RIGHT,0.9983945685160052,True,,NEUTRAL,True,True,True,False
REPLAY,Yaniv-LRJ(6)-4:7.csv,53.79515719413757,2026-04-24T17:35:04.170451+00:00,13410,NEUTRAL,tracking,LEFT,0.26630871096359476,0.1079047988050563,0.21851699818276846,INACTIVE,False,0.7387972169155552,0.2612027830844447,LEFT,0.4775944338311105,True,,NEUTRAL,True,True,True,False
REPLAY,Yaniv-LRJ(6)-4:7.csv,53.89545392990112,2026-04-24T17:35:04.177408+00:00,13435,NEUTRAL,tracking,LEFT,0.3155833491623756,0.1799287667335867,0.23466106656920985,INACTIVE,False,0.9999366017322778,6.339826772222367e-05,LEFT,0.9998732034645557,True,,NEUTRAL,True,True,True,False
REPLAY,Yaniv-LRJ(6)-4:7.csv,53.99575066566467,2026-04-24T17:35:04.185014+00:00,13460,NEUTRAL,tracking,LEFT,0.2876255202064718,0.10196094713743911,0.2587757950713963,INACTIVE,False,0.9999810875707864,1.89124292135827e-05,LEFT,0.9999621751415728,True,,NEUTRAL,True,True,True,False
REPLAY,Yaniv-LRJ(6)-4:7.csv,54.09203553199768,2026-04-24T17:35:04.192039+00:00,13484,NEUTRAL,tracking,LEFT,0.2878445682165277,0.09874175820539924,0.20464216037053,INACTIVE,False,0.28062994891473214,0.7193700510852679,RIGHT,0.4387401021705357,True,,NEUTRAL,True,True,True,False
REPLAY,Yaniv-LRJ(6)-4:7.csv,54.19233226776123,2026-04-24T17:35:04.198589+00:00,13509,NEUTRAL,tracking,LEFT,0.2819749337172309,0.12480404116272603,0.20426233901643345,INACTIVE,False,2.868438819803032e-11,0.9999999999713156,RIGHT,0.9999999999426312,True,,NEUTRAL,True,True,True,False
REPLAY,Yaniv-LRJ(6)-4:7.csv,54.29262900352478,2026-04-24T17:35:04.205911+00:00,13534,NEUTRAL,tracking,LEFT,0.2656887339809657,0.11794767682369058,0.18457604483290868,INACTIVE,False,0.0,1.0,RIGHT,1.0,True,,NEUTRAL,True,True,True,False
REPLAY,Yaniv-LRJ(6)-4:7.csv,54.39292573928833,2026-04-24T17:35:04.216027+00:00,13559,NEUTRAL,tracking,LEFT,0.2649406752796549,0.11941645678156948,0.19759490791282405,INACTIVE,False,0.0,1.0,RIGHT,1.0,True,,NEUTRAL,True,True,True,False
REPLAY,Yaniv-LRJ(6)-4:7.csv,54.49322247505188,2026-04-24T17:35:04.226807+00:00,13584,NEUTRAL,tracking,LEFT,0.2706834963732373,0.11008467274584331,0.223339490737874,INACTIVE,False,0.0,1.0,RIGHT,1.0,True,,NEUTRAL,True,True,True,False
REPLAY,Yaniv-LRJ(6)-4:7.csv,54.59351921081543,2026-04-24T17:35:04.235202+00:00,13609,NEUTRAL,tracking,UNKNOWN,0.2770523643433255,0.11388025565454224,0.21567284788114122,INACTIVE,False,9.126141773396768e-07,0.9999990873858227,RIGHT,0.9999981747716453,True,,NEUTRAL,True,True,True,False
REPLAY,Yaniv-LRJ(6)-4:7.csv,54.69381594657898,2026-04-24T17:35:04.242406+00:00,13634,NEUTRAL,tracking,UNKNOWN,0.2709135551400442,0.11685061210480009,0.18855145010571597,INACTIVE,False,0.9890941434498131,0.010905856550186964,LEFT,0.9781882868996261,True,,NEUTRAL,True,True,True,False
REPLAY,Yaniv-LRJ(6)-4:7.csv,54.79411268234253,2026-04-24T17:35:04.249519+00:00,13659,NEUTRAL,tracking,UNKNOWN,0.26482376065075575,0.1260804421514274,0.19487739306250765,INACTIVE,False,0.9999961733828912,3.826617108875173e-06,LEFT,0.9999923467657823,True,,NEUTRAL,True,True,True,False
REPLAY,Yaniv-LRJ(6)-4:7.csv,54.89440941810608,2026-04-24T17:35:04.257242+00:00,13684,NEUTRAL,tracking,UNKNOWN,0.27298449730688557,0.1154332791458189,0.20390599249150795,INACTIVE,False,0.9999999562810465,4.3718953489767424e-08,LEFT,0.9999999125620931,True,,NEUTRAL,True,True,True,False
REPLAY,Yaniv-LRJ(6)-4:7.csv,54.99470615386963,2026-04-24T17:35:04.264077+00:00,13709,NEUTRAL,tracking,UNKNOWN,0.29164448254485964,0.14365849471562053,0.2510485207368372,INACTIVE,False,0.9999999989323403,1.0676597778791764e-09,LEFT,0.9999999978646805,True,,NEUTRAL,True,True,True,False
REPLAY,Yaniv-LRJ(6)-4:7.csv,55.09500288963318,2026-04-24T17:35:04.283412+00:00,13734,LEFT,LEFT,UNKNOWN,0.28974338691039414,0.14626262435728443,0.2253826914350888,INACTIVE,False,0.9999999997521309,2.478690198730754e-10,LEFT,0.9999999995042619,True,,LEFT,True,True,True,False
REPLAY,Yaniv-LRJ(6)-4:7.csv,55.19529962539673,2026-04-24T17:35:04.295479+00:00,13759,LEFT,LEFT,UNKNOWN,0.27834128205707875,0.10755973917406109,0.2287169776088184,INACTIVE,False,0.9999999963365499,3.663450055523446e-09,LEFT,0.9999999926730998,True,,LEFT,True,True,True,False
REPLAY,Yaniv-LRJ(6)-4:7.csv,55.29559636116028,2026-04-24T17:35:04.313925+00:00,13784,NEUTRAL,tracking,UNKNOWN,0.27033486870369705,0.09001424384103265,0.21900861606456726,INACTIVE,False,0.9999983340742691,1.665925730878283e-06,LEFT,0.9999966681485382,True,,NEUTRAL,True,True,True,False
REPLAY,Yaniv-LRJ(6)-4:7.csv,55.39589309692383,2026-04-24T17:35:04.326646+00:00,13809,NEUTRAL,tracking,UNKNOWN,0.2750616037153847,0.101773060150621,0.22531546515949177,INACTIVE,False,0.9996488788626192,0.0003511211373807631,LEFT,0.9992977577252384,True,,NEUTRAL,True,True,True,False
REPLAY,Yaniv-LRJ(6)-4:7.csv,55.492177963256836,2026-04-24T17:35:04.335673+00:00,13833,NEUTRAL,tracking,UNKNOWN,0.28780390698678904,0.12437768313676598,0.23090810484171007,INACTIVE,False,0.9989834126134539,0.001016587386546128,LEFT,0.9979668252269078,True,,NEUTRAL,True,True,True,False
REPLAY,Yaniv-LRJ(6)-4:7.csv,55.592474699020386,2026-04-24T17:35:04.345897+00:00,13858,LEFT,LEFT,UNKNOWN,0.2752286756374147,0.12187277136040571,0.20285112035635763,INACTIVE,False,0.9999533771235555,4.662287644453003e-05,LEFT,0.999906754247111,True,,LEFT,True,True,True,False
REPLAY,Yaniv-LRJ(6)-4:7.csv,55.692771434783936,2026-04-24T17:35:04.354360+00:00,13883,NEUTRAL,tracking,UNKNOWN,0.2945267143607523,0.11441156857776491,0.23045332310844893,INACTIVE,False,0.9999993524307684,6.47569231518462e-07,LEFT,0.9999987048615369,True,,NEUTRAL,True,True,True,False
REPLAY,Yaniv-LRJ(6)-4:7.csv,55.793068170547485,2026-04-24T17:35:04.361910+00:00,13908,NEUTRAL,tracking,UNKNOWN,0.2767946395635137,0.10799628017601787,0.22569086689147086,INACTIVE,False,0.9999999836334209,1.6366579143577096e-08,LEFT,0.9999999672668418,True,,NEUTRAL,True,True,True,False
REPLAY,Yaniv-LRJ(6)-4:7.csv,55.893364906311035,2026-04-24T17:35:04.374576+00:00,13933,NEUTRAL,tracking,UNKNOWN,0.2850348018760597,0.11348161899896003,0.21082272628166251,INACTIVE,False,0.9999999978548624,2.145137622656019e-09,LEFT,0.9999999957097248,True,,NEUTRAL,True,True,True,False
REPLAY,Yaniv-LRJ(6)-4:7.csv,55.993661642074585,2026-04-24T17:35:04.384026+00:00,13958,NEUTRAL,tracking,UNKNOWN,0.2864895540715767,0.14629288098575796,0.226389887944358,INACTIVE,False,0.999999998011897,1.9881030635760488e-09,LEFT,0.999999996023794,True,,NEUTRAL,True,True,True,False
REPLAY,Yaniv-LRJ(6)-4:7.csv,56.093958377838135,2026-04-24T17:35:04.391611+00:00,13983,NEUTRAL,tracking,UNKNOWN,0.28455790928704505,0.11188062286906861,0.22749353336802805,INACTIVE,False,0.9999999917970875,8.202912447255137e-09,LEFT,0.9999999835941751,True,,NEUTRAL,True,True,True,False
REPLAY,Yaniv-LRJ(6)-4:7.csv,56.194255113601685,2026-04-24T17:35:04.398884+00:00,14008,NEUTRAL,tracking,UNKNOWN,0.2622015091457829,0.0767053891359737,0.21974494529001715,INACTIVE,False,0.9999999633098389,3.6690161158024883e-08,LEFT,0.9999999266196777,True,,NEUTRAL,True,True,True,False
REPLAY,Yaniv-LRJ(6)-4:7.csv,56.294551849365234,2026-04-24T17:35:04.405879+00:00,14033,NEUTRAL,tracking,UNKNOWN,0.2752044825232536,0.10887188293053528,0.2101975976758576,INACTIVE,False,0.9999999151374718,8.48625282436739e-08,LEFT,0.9999998302749435,True,,NEUTRAL,True,True,True,False
REPLAY,Yaniv-LRJ(6)-4:7.csv,56.394848585128784,2026-04-24T17:35:04.413150+00:00,14058,NEUTRAL,tracking,UNKNOWN,0.28589559988317115,0.11996290452093507,0.24040375768874706,INACTIVE,False,0.9999993441809725,6.558190275103229e-07,LEFT,0.9999986883619449,True,,NEUTRAL,True,True,True,False
REPLAY,Yaniv-LRJ(6)-4:7.csv,56.495145320892334,2026-04-24T17:35:04.421168+00:00,14083,NEUTRAL,tracking,UNKNOWN,0.2934245247256022,0.13616281964355434,0.23933132084401937,INACTIVE,False,0.999971465533257,2.85344667429759e-05,LEFT,0.999942931066514,True,,NEUTRAL,True,True,True,False
REPLAY,Yaniv-LRJ(6)-4:7.csv,56.595442056655884,2026-04-24T17:35:04.431172+00:00,14108,LEFT,LEFT,UNKNOWN,0.2931946269981264,0.13071954060573945,0.2519583625221273,INACTIVE,False,0.9986416687410389,0.0013583312589611188,LEFT,0.9972833374820778,True,,LEFT,True,True,True,False
REPLAY,Yaniv-LRJ(6)-4:7.csv,56.695738792419434,2026-04-24T17:35:04.439508+00:00,14133,LEFT,LEFT,UNKNOWN,0.31283597558221277,0.11950226119490705,0.25948659167463206,INACTIVE,False,0.9938683389723713,0.006131661027628762,LEFT,0.9877366779447425,True,,LEFT,True,True,True,False
REPLAY,Yaniv-LRJ(6)-4:7.csv,56.79202365875244,2026-04-24T17:35:04.446216+00:00,14157,NEUTRAL,tracking,UNKNOWN,0.2944168211168702,0.12015357213293289,0.23167548679979752,INACTIVE,False,0.9994206069377418,0.0005793930622581996,LEFT,0.9988412138754836,True,,NEUTRAL,True,True,True,False
REPLAY,Yaniv-LRJ(6)-4:7.csv,56.89232039451599,2026-04-24T17:35:04.452740+00:00,14182,NEUTRAL,tracking,UNKNOWN,0.2842742666756959,0.12724999605404194,0.2195591890231967,INACTIVE,False,0.9999986105139008,1.3894860991928688e-06,LEFT,0.9999972210278016,True,,NEUTRAL,True,True,True,False
REPLAY,Yaniv-LRJ(6)-4:7.csv,56.99261713027954,2026-04-24T17:35:04.460157+00:00,14207,NEUTRAL,tracking,UNKNOWN,0.28024994622238175,0.12297619533390937,0.21595867556101692,INACTIVE,False,0.999999997959127,2.0408730007109666e-09,LEFT,0.999999995918254,True,,NEUTRAL,True,True,True,False
REPLAY,Yaniv-LRJ(6)-4:7.csv,57.09291386604309,2026-04-24T17:35:04.467267+00:00,14232,NEUTRAL,tracking,UNKNOWN,0.2815353507294903,0.1309419664891038,0.22504376668687492,INACTIVE,False,0.9999999999409165,5.908353450896854e-11,LEFT,0.999999999881833,True,,NEUTRAL,True,True,True,False
REPLAY,Yaniv-LRJ(6)-4:7.csv,57.19321060180664,2026-04-24T17:35:04.475406+00:00,14257,NEUTRAL,tracking,UNKNOWN,0.29223878019413774,0.11189217434356664,0.24065675892609592,INACTIVE,False,0.999999999951323,4.8676958297111665e-11,LEFT,0.9999999999026461,True,,NEUTRAL,True,True,True,False
REPLAY,Yaniv-LRJ(6)-4:7.csv,57.29350733757019,2026-04-24T17:35:04.482692+00:00,14282,NEUTRAL,tracking,UNKNOWN,0.28106536604800003,0.11671640399729266,0.24066420581688994,INACTIVE,False,0.9999999996066249,3.933750622217749e-10,LEFT,0.9999999992132498,True,,NEUTRAL,True,True,True,False
REPLAY,Yaniv-LRJ(6)-4:7.csv,57.39380407333374,2026-04-24T17:35:04.492306+00:00,14307,NEUTRAL,tracking,UNKNOWN,0.29866017087491203,0.13212767668605008,0.24433273213856851,INACTIVE,False,0.999999985753251,1.424674897719479e-08,LEFT,0.999999971506502,True,,NEUTRAL,True,True,True,False
REPLAY,Yaniv-LRJ(6)-4:7.csv,57.49410080909729,2026-04-24T17:35:04.501930+00:00,14332,NEUTRAL,tracking,UNKNOWN,0.28489233856466767,0.11228702908253764,0.24194512443340033,INACTIVE,False,0.9999996555053421,3.444946579492109e-07,LEFT,0.9999993110106842,True,,NEUTRAL,True,True,True,False
REPLAY,Yaniv-LRJ(6)-4:7.csv,57.59439754486084,2026-04-24T17:35:04.508889+00:00,14357,NEUTRAL,tracking,UNKNOWN,0.29011906479357263,0.1219773059548039,0.24784706755267114,INACTIVE,False,0.9999996083097095,3.9169029059001226e-07,LEFT,0.9999992166194189,True,,NEUTRAL,True,True,True,False
REPLAY,Yaniv-LRJ(6)-4:7.csv,57.69469428062439,2026-04-24T17:35:04.522002+00:00,14382,LEFT,LEFT,UNKNOWN,0.28592982313490256,0.11211681526790927,0.24167237575131234,INACTIVE,False,0.9999999947036982,5.296301854690169e-09,LEFT,0.9999999894073963,True,,LEFT,True,True,True,False
REPLAY,Yaniv-LRJ(6)-4:7.csv,57.79499101638794,2026-04-24T17:35:04.531353+00:00,14407,NEUTRAL,tracking,UNKNOWN,0.30959888694886906,0.12827431882821053,0.24675469430154848,INACTIVE,False,0.999999999988378,1.1622052513880186e-11,LEFT,0.9999999999767559,True,,NEUTRAL,True,True,True,False
REPLAY,Yaniv-LRJ(6)-4:7.csv,57.89528775215149,2026-04-24T17:35:04.538613+00:00,14432,NEUTRAL,tracking,LEFT,0.2952772207055854,0.12094266008433138,0.25544865102958264,INACTIVE,False,0.9999999999997098,2.90218843994262e-13,LEFT,0.9999999999994196,True,,NEUTRAL,True,True,True,False
REPLAY,Yaniv-LRJ(6)-4:7.csv,57.99558448791504,2026-04-24T17:35:04.546181+00:00,14457,NEUTRAL,tracking,LEFT,0.29162024710832735,0.11305870188945595,0.24632727946979738,INACTIVE,False,0.999999999999527,4.729621412629333e-13,LEFT,0.9999999999990541,True,,NEUTRAL,True,True,True,False
REPLAY,Yaniv-LRJ(6)-4:7.csv,58.09588122367859,2026-04-24T17:35:04.553020+00:00,14482,NEUTRAL,tracking,LEFT,0.29003303454825446,0.11602469815908363,0.248132552948735,INACTIVE,False,0.9999999999860413,1.395870474541208e-11,LEFT,0.9999999999720826,True,,NEUTRAL,True,True,True,False
REPLAY,Yaniv-LRJ(6)-4:7.csv,58.1921660900116,2026-04-24T17:35:04.560073+00:00,14506,NEUTRAL,tracking,LEFT,0.287083099279391,0.10878740678812476,0.23131915311306378,INACTIVE,False,0.9999999995252623,4.747376682543151e-10,LEFT,0.9999999990505246,True,,NEUTRAL,True,True,True,False
REPLAY,Yaniv-LRJ(6)-4:7.csv,58.29246282577515,2026-04-24T17:35:04.567963+00:00,14531,NEUTRAL,tracking,LEFT,0.31750666640440883,0.1265005759696264,0.26526671645433014,INACTIVE,False,0.9999999875840023,1.2415997707804318e-08,LEFT,0.9999999751680047,True,,NEUTRAL,True,True,True,False
REPLAY,Yaniv-LRJ(6)-4:7.csv,58.392759561538696,2026-04-24T17:35:04.575404+00:00,14556,NEUTRAL,tracking,LEFT,0.29501672517825994,0.11609337976391049,0.24573903646610848,INACTIVE,False,0.9999997176075064,2.8239249356594794e-07,LEFT,0.9999994352150128,True,,NEUTRAL,True,True,True,False
REPLAY,Yaniv-LRJ(6)-4:7.csv,58.493056297302246,2026-04-24T17:35:04.585431+00:00,14581,LEFT,LEFT,LEFT,0.27851300679709834,0.09426998630428313,0.2124808127530939,INACTIVE,False,0.9999993118051688,6.881948311782017e-07,LEFT,0.9999986236103375,True,,LEFT,True,True,True,False
REPLAY,Yaniv-LRJ(6)-4:7.csv,58.593353033065796,2026-04-24T17:35:04.594587+00:00,14606,NEUTRAL,tracking,LEFT,0.27228999017604427,0.10155929863899615,0.23035480293451158,INACTIVE,False,0.9999999778945041,2.2105495828043508e-08,LEFT,0.9999999557890082,True,,NEUTRAL,True,True,True,False
REPLAY,Yaniv-LRJ(6)-4:7.csv,58.693649768829346,2026-04-24T17:35:04.601780+00:00,14631,NEUTRAL,tracking,LEFT,0.2712713339047673,0.09750800480250914,0.20930376215053026,INACTIVE,False,0.9999999999055731,9.442686752531447e-11,LEFT,0.9999999998111462,True,,NEUTRAL,True,True,True,False
REPLAY,Yaniv-LRJ(6)-4:7.csv,58.793946504592896,2026-04-24T17:35:04.611270+00:00,14656,LEFT,LEFT,LEFT,0.27515550440416414,0.10098994934011736,0.22248729451257984,INACTIVE,False,0.999999999996329,3.670918066938954e-12,LEFT,0.9999999999926581,True,,LEFT,True,True,True,False
REPLAY,Yaniv-LRJ(6)-4:7.csv,58.894243240356445,2026-04-24T17:35:04.618780+00:00,14681,LEFT,LEFT,LEFT,0.28119375805073743,0.11732897261710593,0.210311950528373,INACTIVE,False,0.9999999999890812,1.0918809597855221e-11,LEFT,0.9999999999781624,True,,LEFT,True,True,True,False
REPLAY,Yaniv-LRJ(6)-4:7.csv,58.994539976119995,2026-04-24T17:35:04.625468+00:00,14706,LEFT,LEFT,LEFT,0.2815794183698237,0.11435421816631874,0.20853444667851415,INACTIVE,False,0.9999999991676071,8.323929075654387e-10,LEFT,0.9999999983352141,True,,LEFT,True,True,True,False
REPLAY,Yaniv-LRJ(6)-4:7.csv,59.094836711883545,2026-04-24T17:35:04.633278+00:00,14731,NEUTRAL,tracking,LEFT,0.30255686462294173,0.129490110595954,0.2464899536784033,INACTIVE,False,0.99999993722716,6.277284004338912e-08,LEFT,0.9999998744543199,True,,NEUTRAL,True,True,True,False
REPLAY,Yaniv-LRJ(6)-4:7.csv,59.195133447647095,2026-04-24T17:35:04.640765+00:00,14756,NEUTRAL,tracking,LEFT,0.2877058181879746,0.10189704779036651,0.24137896686224433,INACTIVE,False,0.9999991506377247,8.493622752399315e-07,LEFT,0.9999983012754494,True,,NEUTRAL,True,True,True,False
REPLAY,Yaniv-LRJ(6)-4:7.csv,59.295430183410645,2026-04-24T17:35:04.648066+00:00,14781,NEUTRAL,tracking,LEFT,0.3096574164552123,0.12236063439160014,0.2528278901029313,INACTIVE,False,0.99999828625128,1.7137487200407782e-06,LEFT,0.9999965725025599,True,,NEUTRAL,True,True,True,False
REPLAY,Yaniv-LRJ(6)-4:7.csv,59.395726919174194,2026-04-24T17:35:04.655209+00:00,14806,NEUTRAL,tracking,LEFT,0.2957702302929678,0.12154350272629419,0.22396480430076274,INACTIVE,False,0.9999995202334757,4.79766524241708e-07,LEFT,0.9999990404669514,True,,NEUTRAL,True,True,True,False
REPLAY,Yaniv-LRJ(6)-4:7.csv,59.4920117855072,2026-04-24T17:35:04.662360+00:00,14830,NEUTRAL,tracking,LEFT,0.28926923461017107,0.11198497910837421,0.23830071938031275,INACTIVE,False,0.9999999799485404,2.0051459570723755e-08,LEFT,0.9999999598970808,True,,NEUTRAL,True,True,True,False
REPLAY,Yaniv-LRJ(6)-4:7.csv,59.59230852127075,2026-04-24T17:35:04.675274+00:00,14855,LEFT,LEFT,LEFT,0.3159851791813827,0.10583435005747448,0.27166502732382414,INACTIVE,False,0.9999999995203027,4.796972566721328e-10,LEFT,0.9999999990406054,True,,LEFT,True,True,True,False
REPLAY,Yaniv-LRJ(6)-4:7.csv,59.6926052570343,2026-04-24T17:35:04.684556+00:00,14880,LEFT,LEFT,LEFT,0.29046492967241355,0.10679831652523564,0.23529414090503917,INACTIVE,False,0.9999999999204426,7.955735268192615e-11,LEFT,0.9999999998408853,True,,LEFT,True,True,True,False
REPLAY,Yaniv-LRJ(6)-4:7.csv,59.79290199279785,2026-04-24T17:35:04.694635+00:00,14905,LEFT,LEFT,LEFT,0.28473675410493915,0.1214863451463385,0.22660754006303876,INACTIVE,False,0.9999999995934679,4.065321347902863e-10,LEFT,0.9999999991869357,True,,LEFT,True,True,True,False
REPLAY,Yaniv-LRJ(6)-4:7.csv,59.8931987285614,2026-04-24T17:35:04.703199+00:00,14930,NEUTRAL,tracking,LEFT,0.28662039517391014,0.10249564703806611,0.2302688475051507,INACTIVE,False,0.9999999879214148,1.2078585226159455e-08,LEFT,0.9999999758428295,True,,NEUTRAL,True,True,True,False
REPLAY,Yaniv-LRJ(6)-4:7.csv,59.99349546432495,2026-04-24T17:35:04.709725+00:00,14955,NEUTRAL,tracking,LEFT,0.27635658713581646,0.1038278193157051,0.23602077923547846,INACTIVE,False,0.9999996146902692,3.8530973077617385e-07,LEFT,0.9999992293805384,True,,NEUTRAL,True,True,True,False
REPLAY,Yaniv-LRJ(6)-4:7.csv,60.0937922000885,2026-04-24T17:35:04.730035+00:00,14980,NEUTRAL,tracking,LEFT,0.2737000012338324,0.11315662496861434,0.21199340737401787,INACTIVE,False,0.9999879121100917,1.208788990819788e-05,LEFT,0.9999758242201835,True,,NEUTRAL,True,True,True,False
REPLAY,Yaniv-LRJ(6)-4:7.csv,60.19408893585205,2026-04-24T17:35:04.736765+00:00,15005,NEUTRAL,tracking,LEFT,0.2853160639291359,0.12002693192714005,0.24289651849990382,INACTIVE,False,0.999774056523346,0.00022594347665390175,LEFT,0.9995481130466921,True,,NEUTRAL,True,True,True,False
REPLAY,Yaniv-LRJ(6)-4:7.csv,60.2943856716156,2026-04-24T17:35:04.743347+00:00,15030,NEUTRAL,tracking,LEFT,0.27073190083610976,0.1046372563660691,0.21468657533362528,INACTIVE,False,0.9997549326211959,0.00024506737880412356,LEFT,0.9995098652423917,True,,NEUTRAL,True,True,True,False
REPLAY,Yaniv-LRJ(6)-4:7.csv,60.39468240737915,2026-04-24T17:35:04.751481+00:00,15055,NEUTRAL,tracking,LEFT,0.27963043542189336,0.09792116069365114,0.26314775645418875,INACTIVE,False,0.929167725843308,0.07083227415669208,LEFT,0.858335451686616,True,,NEUTRAL,True,True,True,False
REPLAY,Yaniv-LRJ(6)-4:7.csv,60.4949791431427,2026-04-24T17:35:04.761646+00:00,15080,LEFT,LEFT,LEFT,0.2784584279898342,0.09319869546570649,0.23254140570632617,INACTIVE,False,1.3038361335038218e-07,0.9999998696163866,RIGHT,0.9999997392327733,True,,LEFT,True,True,True,False
REPLAY,Yaniv-LRJ(6)-4:7.csv,60.59527587890625,2026-04-24T17:35:04.772730+00:00,15105,LEFT,LEFT,LEFT,0.3031534893482526,0.09692518977366019,0.24935683079912435,INACTIVE,False,0.0,1.0,RIGHT,1.0,True,,LEFT,True,True,True,False
REPLAY,Yaniv-LRJ(6)-4:7.csv,60.6955726146698,2026-04-24T17:35:04.784323+00:00,15130,LEFT,LEFT,LEFT,0.28935373726798985,0.09352725106787363,0.23601633844229333,INACTIVE,False,0.0,1.0,RIGHT,1.0,True,,LEFT,True,True,True,False
REPLAY,Yaniv-LRJ(6)-4:7.csv,60.79586935043335,2026-04-24T17:35:04.792546+00:00,15155,NEUTRAL,tracking,LEFT,0.2850199105243757,0.10585503169136923,0.23681375584944048,INACTIVE,False,2.7533531010703882e-14,0.9999999999999725,RIGHT,0.9999999999999449,True,,NEUTRAL,True,True,True,False
REPLAY,Yaniv-LRJ(6)-4:7.csv,60.89215421676636,2026-04-24T17:35:04.800367+00:00,15179,NEUTRAL,tracking,UNKNOWN,0.27882046103018443,0.09651262044092307,0.22849998007217154,INACTIVE,False,0.0010636401109691551,0.9989363598890308,RIGHT,0.9978727197780617,True,,NEUTRAL,True,True,True,False
REPLAY,Yaniv-LRJ(6)-4:7.csv,60.99245095252991,2026-04-24T17:35:04.807855+00:00,15204,NEUTRAL,tracking,UNKNOWN,0.28188198136386433,0.10867258895946638,0.23003765125810327,INACTIVE,False,0.9999511059869073,4.889401309274715e-05,LEFT,0.9999022119738146,True,,NEUTRAL,True,True,True,False
REPLAY,Yaniv-LRJ(6)-4:7.csv,61.09274768829346,2026-04-24T17:35:04.815709+00:00,15229,NEUTRAL,tracking,UNKNOWN,0.28306202502367983,0.11446007518791215,0.23185073121592523,INACTIVE,False,0.9999996471418546,3.5285814541655857e-07,LEFT,0.9999992942837093,True,,NEUTRAL,True,True,True,False
REPLAY,Yaniv-LRJ(6)-4:7.csv,61.19304442405701,2026-04-24T17:35:04.822482+00:00,15254,NEUTRAL,tracking,UNKNOWN,0.26652538203441434,0.08826759351091006,0.23287604170477405,INACTIVE,False,0.9999999584209346,4.1579065436153407e-08,LEFT,0.9999999168418692,True,,NEUTRAL,True,True,True,False
REPLAY,Yaniv-LRJ(6)-4:7.csv,61.29334115982056,2026-04-24T17:35:04.829938+00:00,15279,NEUTRAL,tracking,UNKNOWN,0.274412806371817,0.11154672884939174,0.22314424676820802,INACTIVE,False,0.9999999992945997,7.054003046132885e-10,LEFT,0.9999999985891994,True,,NEUTRAL,True,True,True,False
REPLAY,Yaniv-LRJ(6)-4:7.csv,61.393637895584106,2026-04-24T17:35:04.836662+00:00,15304,NEUTRAL,tracking,UNKNOWN,0.2878158948477031,0.11572091681891868,0.2530409307669524,INACTIVE,False,0.9999999999895647,1.043528638621824e-11,LEFT,0.9999999999791294,True,,NEUTRAL,True,True,True,False
REPLAY,Yaniv-LRJ(6)-4:7.csv,61.493934631347656,2026-04-24T17:35:04.846526+00:00,15329,LEFT,LEFT,UNKNOWN,0.2660092352441278,0.12157952089512761,0.22187220343037706,INACTIVE,False,0.999999999996925,3.074974623007045e-12,LEFT,0.99999999999385,True,,LEFT,True,True,True,False
REPLAY,Yaniv-LRJ(6)-4:7.csv,61.594231367111206,2026-04-24T17:35:04.855135+00:00,15354,NEUTRAL,tracking,UNKNOWN,0.27765659031150014,0.11795808967448214,0.21788115337169692,INACTIVE,False,0.9999999999644018,3.55981608355954e-11,LEFT,0.9999999999288036,True,,NEUTRAL,True,True,True,False
REPLAY,Yaniv-LRJ(6)-4:7.csv,61.694528102874756,2026-04-24T17:35:04.861696+00:00,15379,NEUTRAL,tracking,UNKNOWN,0.2579135708008081,0.1177254475896512,0.18880405972646386,INACTIVE,False,0.9999999951220047,4.877995355972445e-09,LEFT,0.9999999902440093,True,,NEUTRAL,True,True,True,False
REPLAY,Yaniv-LRJ(6)-4:7.csv,61.794824838638306,2026-04-24T17:35:04.872030+00:00,15404,NEUTRAL,tracking,UNKNOWN,0.27366101906518403,0.11725765445482289,0.22215313120131652,INACTIVE,False,0.9999991152082935,8.847917064420979e-07,LEFT,0.9999982304165871,True,,NEUTRAL,True,True,True,False
REPLAY,Yaniv-LRJ(6)-4:7.csv,61.895121574401855,2026-04-24T17:35:04.880943+00:00,15429,NEUTRAL,tracking,UNKNOWN,0.2919181052560845,0.1317035131792266,0.22119113705466711,INACTIVE,False,0.9999876905315014,1.23094684986551e-05,LEFT,0.9999753810630028,True,,NEUTRAL,True,True,True,False
REPLAY,Yaniv-LRJ(6)-4:7.csv,61.995418310165405,2026-04-24T17:35:04.888103+00:00,15454,NEUTRAL,tracking,UNKNOWN,0.26458274033569185,0.13208712445279747,0.2061511281155137,INACTIVE,False,0.9999965736780297,3.4263219702851744e-06,LEFT,0.9999931473560595,True,,NEUTRAL,True,True,True,False
REPLAY,Yaniv-LRJ(6)-4:7.csv,62.095715045928955,2026-04-24T17:35:04.897196+00:00,15479,LEFT,LEFT,UNKNOWN,0.28424562922312224,0.14192658266186642,0.22275814984657455,INACTIVE,False,0.9999999545958673,4.540413265704587e-08,LEFT,0.9999999091917346,True,,LEFT,True,True,True,False
REPLAY,Yaniv-LRJ(6)-4:7.csv,62.19199991226196,2026-04-24T17:35:04.905252+00:00,15503,NEUTRAL,tracking,UNKNOWN,0.26885489171283883,0.11219511913200547,0.20491218644770948,INACTIVE,False,0.9999999993578141,6.421858816462907e-10,LEFT,0.9999999987156283,True,,NEUTRAL,True,True,True,False
REPLAY,Yaniv-LRJ(6)-4:7.csv,62.29229664802551,2026-04-24T17:35:04.913092+00:00,15528,NEUTRAL,tracking,UNKNOWN,0.2810028816697968,0.1278814751573383,0.23634095398258398,INACTIVE,False,0.9999999999323301,6.766982064724656e-11,LEFT,0.9999999998646603,True,,NEUTRAL,True,True,True,False
REPLAY,Yaniv-LRJ(6)-4:7.csv,62.39259338378906,2026-04-24T17:35:04.920456+00:00,15553,NEUTRAL,tracking,UNKNOWN,0.27372852046766694,0.1010744409965399,0.21076064210156012,INACTIVE,False,0.9999999999341574,6.58425327126888e-11,LEFT,0.9999999998683149,True,,NEUTRAL,True,True,True,False
REPLAY,Yaniv-LRJ(6)-4:7.csv,62.49289011955261,2026-04-24T17:35:04.927646+00:00,15578,NEUTRAL,tracking,UNKNOWN,0.2804887289900305,0.12010829205640093,0.21557392853426033,INACTIVE,False,0.9999999997861837,2.1381630251640406e-10,LEFT,0.9999999995723674,True,,NEUTRAL,True,True,True,False
REPLAY,Yaniv-LRJ(6)-4:7.csv,62.59318685531617,2026-04-24T17:35:04.935217+00:00,15603,NEUTRAL,tracking,UNKNOWN,0.279194912648957,0.12861978073923194,0.2146633934270737,INACTIVE,False,0.999999999016634,9.833660265266442e-10,LEFT,0.9999999980332679,True,,NEUTRAL,True,True,True,False
REPLAY,Yaniv-LRJ(6)-4:7.csv,62.69348359107972,2026-04-24T17:35:04.941911+00:00,15628,NEUTRAL,tracking,UNKNOWN,0.2621928235690678,0.08942630229086883,0.19863278382547606,INACTIVE,False,0.9999999983954452,1.6045548629684602e-09,LEFT,0.9999999967908904,True,,NEUTRAL,True,True,True,False
REPLAY,Yaniv-LRJ(6)-4:7.csv,62.79378032684327,2026-04-24T17:35:04.949825+00:00,15653,NEUTRAL,tracking,UNKNOWN,0.2841296557813292,0.12155749142649536,0.211398663859759,INACTIVE,False,0.9999999994188445,5.811554844194026e-10,LEFT,0.9999999988376891,True,,NEUTRAL,True,True,True,False
REPLAY,Yaniv-LRJ(6)-4:7.csv,62.89407706260682,2026-04-24T17:35:04.959665+00:00,15678,LEFT,LEFT,UNKNOWN,0.2825198905887688,0.11191179282139956,0.22317348750642282,INACTIVE,False,0.9999999999209256,7.907443692885264e-11,LEFT,0.9999999998418512,True,,LEFT,True,True,True,False
REPLAY,Yaniv-LRJ(6)-4:7.csv,62.99437379837037,2026-04-24T17:35:04.973672+00:00,15703,LEFT,LEFT,UNKNOWN,0.28056456139062835,0.12041547227926756,0.21899726128342478,INACTIVE,False,0.9999999999710469,2.8953047754430296e-11,LEFT,0.9999999999420939,True,,LEFT,True,True,True,False
REPLAY,Yaniv-LRJ(6)-4:7.csv,63.09467053413392,2026-04-24T17:35:04.982920+00:00,15728,NEUTRAL,tracking,UNKNOWN,0.30051477424772577,0.14810165946127177,0.21165800555493738,INACTIVE,False,0.9999999999796334,2.036657884175456e-11,LEFT,0.9999999999592668,True,,NEUTRAL,True,True,True,False
REPLAY,Yaniv-LRJ(6)-4:7.csv,63.19496726989747,2026-04-24T17:35:04.992918+00:00,15753,NEUTRAL,tracking,UNKNOWN,0.2900060309560818,0.1377611714234017,0.21763061114716437,INACTIVE,False,0.9999999999856741,1.4325924899577053e-11,LEFT,0.9999999999713483,True,,NEUTRAL,True,True,True,False
REPLAY,Yaniv-LRJ(6)-4:7.csv,63.29526400566102,2026-04-24T17:35:05.001228+00:00,15778,NEUTRAL,tracking,UNKNOWN,0.31027025498059324,0.14611204473138978,0.2506378802618469,INACTIVE,False,0.9999999999889843,1.1015760573207394e-11,LEFT,0.9999999999779685,True,,NEUTRAL,True,True,True,False
REPLAY,Yaniv-LRJ(6)-4:7.csv,63.39556074142457,2026-04-24T17:35:05.008570+00:00,15803,NEUTRAL,tracking,UNKNOWN,0.27846056206756753,0.11110429499476644,0.23195572293655328,INACTIVE,False,0.9999999999744712,2.5528761142464267e-11,LEFT,0.9999999999489424,True,,NEUTRAL,True,True,True,False
REPLAY,Yaniv-LRJ(6)-4:7.csv,63.49585747718812,2026-04-24T17:35:05.018050+00:00,15828,LEFT,LEFT,UNKNOWN,0.2895372029196793,0.08282054421237706,0.2592040501175827,INACTIVE,False,0.9999999998460277,1.5397226044856497e-10,LEFT,0.9999999996920554,True,,LEFT,True,True,True,False
REPLAY,Yaniv-LRJ(6)-4:7.csv,63.592142343521125,2026-04-24T17:35:05.029471+00:00,15852,LEFT,LEFT,UNKNOWN,0.272164492062517,0.09288298884988865,0.22876572669928813,INACTIVE,False,0.9999999989850613,1.0149386834501492e-09,LEFT,0.9999999979701226,True,,LEFT,True,True,True,False
REPLAY,Yaniv-LRJ(6)-4:7.csv,63.692439079284675,2026-04-24T17:35:05.038062+00:00,15877,NEUTRAL,tracking,UNKNOWN,0.2980687453835319,0.10624462166660002,0.24285875359344333,INACTIVE,False,0.9999999897885149,1.0211485125502003e-08,LEFT,0.9999999795770298,True,,NEUTRAL,True,True,True,False
REPLAY,Yaniv-LRJ(6)-4:7.csv,63.792735815048225,2026-04-24T17:35:05.047755+00:00,15902,NEUTRAL,tracking,UNKNOWN,0.2872134898268198,0.10560035863643107,0.21262649211166385,INACTIVE,False,0.9999997985853522,2.0141464781297253e-07,LEFT,0.9999995971707043,True,,NEUTRAL,True,True,True,False
REPLAY,Yaniv-LRJ(6)-4:7.csv,63.893032550811775,2026-04-24T17:35:05.055805+00:00,15927,NEUTRAL,tracking,UNKNOWN,0.26708453902958507,0.10291466034985501,0.2116997691959369,INACTIVE,False,0.9999989490146733,1.050985326656071e-06,LEFT,0.9999978980293467,True,,NEUTRAL,True,True,True,False
REPLAY,Yaniv-LRJ(6)-4:7.csv,63.993329286575324,2026-04-24T17:35:05.062852+00:00,15952,NEUTRAL,tracking,UNKNOWN,0.3012087409840295,0.12522346177534083,0.23647143348800198,INACTIVE,False,0.9999997571873372,2.428126627075236e-07,LEFT,0.9999995143746745,True,,NEUTRAL,True,True,True,False
REPLAY,Yaniv-LRJ(6)-4:7.csv,64.09362602233887,2026-04-24T17:35:05.073283+00:00,15977,NEUTRAL,tracking,UNKNOWN,0.28480280304210015,0.12938131347427473,0.22358865685727874,INACTIVE,False,0.9999999922085162,7.79148381271938e-09,LEFT,0.9999999844170324,True,,NEUTRAL,True,True,True,False
REPLAY,Yaniv-LRJ(6)-4:7.csv,64.19392275810242,2026-04-24T17:35:05.081626+00:00,16002,NEUTRAL,tracking,UNKNOWN,0.27735565330080003,0.07844768043705214,0.23603014737783187,INACTIVE,False,0.9999999973496639,2.6503360428369837e-09,LEFT,0.9999999946993279,True,,NEUTRAL,True,True,True,False
REPLAY,Yaniv-LRJ(6)-4:7.csv,64.29421949386597,2026-04-24T17:35:05.088738+00:00,16027,NEUTRAL,tracking,UNKNOWN,0.2513588312385906,0.07495102795951425,0.23139688587585713,INACTIVE,False,0.9999997834862848,2.16513715181232e-07,LEFT,0.9999995669725696,True,,NEUTRAL,True,True,True,False
REPLAY,Yaniv-LRJ(6)-4:7.csv,64.39451622962952,2026-04-24T17:35:05.095648+00:00,16052,NEUTRAL,tracking,UNKNOWN,0.2944035549481794,0.11061615518893494,0.22381486576882695,INACTIVE,False,0.999746404798015,0.00025359520198493785,LEFT,0.99949280959603,True,,NEUTRAL,True,True,True,False
REPLAY,Yaniv-LRJ(6)-4:7.csv,64.49481296539307,2026-04-24T17:35:05.103018+00:00,16077,NEUTRAL,tracking,LEFT,0.28968450026487047,0.12436028064497891,0.23194378635807592,INACTIVE,False,0.9720416909481928,0.027958309051807226,LEFT,0.9440833818963856,True,,NEUTRAL,True,True,True,False
REPLAY,Yaniv-LRJ(6)-4:7.csv,64.59510970115662,2026-04-24T17:35:05.110717+00:00,16102,NEUTRAL,tracking,LEFT,0.2809222110404298,0.08726745931437296,0.24300528023968687,INACTIVE,False,0.9841105447534352,0.01588945524656481,LEFT,0.9682210895068704,True,,NEUTRAL,True,True,True,False
REPLAY,Yaniv-LRJ(6)-4:7.csv,64.69540643692017,2026-04-24T17:35:05.118012+00:00,16127,NEUTRAL,tracking,LEFT,0.2921981180496932,0.08864878517055944,0.24272554295233684,INACTIVE,False,0.9998684533726371,0.00013154662736287277,LEFT,0.9997369067452742,True,,NEUTRAL,True,True,True,False
REPLAY,Yaniv-LRJ(6)-4:7.csv,64.79570317268372,2026-04-24T17:35:05.125723+00:00,16152,NEUTRAL,tracking,LEFT,0.2743063021330784,0.0990693194365978,0.1964389352553478,INACTIVE,False,0.9999991928010412,8.071989587434669e-07,LEFT,0.9999983856020824,True,,NEUTRAL,True,True,True,False
REPLAY,Yaniv-LRJ(6)-4:7.csv,64.89198803901672,2026-04-24T17:35:05.135491+00:00,16176,NEUTRAL,tracking,LEFT,0.2902563052537942,0.12520334911124797,0.23964912524600707,INACTIVE,False,0.9999999742361959,2.576380404682415e-08,LEFT,0.9999999484723918,True,,NEUTRAL,True,True,True,False
REPLAY,Yaniv-LRJ(6)-4:7.csv,64.99228477478027,2026-04-24T17:35:05.143535+00:00,16201,NEUTRAL,tracking,LEFT,0.2871453982495834,0.12103316424115289,0.24984217661754332,INACTIVE,False,0.999999997834217,2.165783051070892e-09,LEFT,0.999999995668434,True,,NEUTRAL,True,True,True,False
REPLAY,Yaniv-LRJ(6)-4:7.csv,65.09258151054382,2026-04-24T17:35:05.157519+00:00,16226,NEUTRAL,tracking,LEFT,0.30059392955013786,0.12224533446220935,0.24539779145512478,INACTIVE,False,0.9999999997997657,2.0023425885821817e-10,LEFT,0.9999999995995315,True,,NEUTRAL,True,True,True,False
REPLAY,Yaniv-LRJ(6)-4:7.csv,65.19287824630737,2026-04-24T17:35:05.164933+00:00,16251,NEUTRAL,tracking,LEFT,0.30793263632508117,0.13992189313921682,0.2526403022343056,INACTIVE,False,0.9999999999733146,2.66854502563021e-11,LEFT,0.9999999999466291,True,,NEUTRAL,True,True,True,False
REPLAY,Yaniv-LRJ(6)-4:7.csv,65.29317498207092,2026-04-24T17:35:05.172127+00:00,16276,NEUTRAL,tracking,LEFT,0.2760869845226478,0.09091680022253126,0.21864427269106118,INACTIVE,False,0.9999999999686313,3.136873597813995e-11,LEFT,0.9999999999372626,True,,NEUTRAL,True,True,True,False
REPLAY,Yaniv-LRJ(6)-4:7.csv,65.39347171783447,2026-04-24T17:35:05.178818+00:00,16301,NEUTRAL,tracking,LEFT,0.26465703753176273,0.08833008537522896,0.22320990203479937,INACTIVE,False,0.9999999997011482,2.988518568698063e-10,LEFT,0.9999999994022963,True,,NEUTRAL,True,True,True,False
REPLAY,Yaniv-LRJ(6)-4:7.csv,65.49376845359802,2026-04-24T17:35:05.186403+00:00,16326,NEUTRAL,tracking,LEFT,0.2609158564656251,0.086863353246834,0.24061481336129342,INACTIVE,False,0.9999999946710635,5.32893652995599e-09,LEFT,0.999999989342127,True,,NEUTRAL,True,True,True,False
REPLAY,Yaniv-LRJ(6)-4:7.csv,65.59406518936157,2026-04-24T17:35:05.193552+00:00,16351,NEUTRAL,tracking,LEFT,0.2769914290260005,0.1033415474857272,0.22817266835054842,INACTIVE,False,0.9999999539044572,4.60955428247315e-08,LEFT,0.9999999078089143,True,,NEUTRAL,True,True,True,False
REPLAY,Yaniv-LRJ(6)-4:7.csv,65.69436192512512,2026-04-24T17:35:05.200638+00:00,16376,NEUTRAL,tracking,LEFT,0.2964370297538389,0.11656421441444585,0.2555057738272612,INACTIVE,False,0.9999999529013163,4.709868376451767e-08,LEFT,0.9999999058026325,True,,NEUTRAL,True,True,True,False
REPLAY,Yaniv-LRJ(6)-4:7.csv,65.79465866088867,2026-04-24T17:35:05.207299+00:00,16401,NEUTRAL,tracking,LEFT,0.2881598623725873,0.10485364511355852,0.2539817252441729,INACTIVE,False,0.9999999942378615,5.762138598358535e-09,LEFT,0.9999999884757229,True,,NEUTRAL,True,True,True,False
REPLAY,Yaniv-LRJ(6)-4:7.csv,65.89495539665222,2026-04-24T17:35:05.214287+00:00,16426,NEUTRAL,tracking,LEFT,0.25814881771687503,0.09994316818723725,0.21679021538576543,INACTIVE,False,0.9999999999722865,2.7713493702261645e-11,LEFT,0.999999999944573,True,,NEUTRAL,True,True,True,False
REPLAY,Yaniv-LRJ(6)-4:7.csv,65.99525213241577,2026-04-24T17:35:05.221296+00:00,16451,NEUTRAL,tracking,LEFT,0.28828209284343154,0.09944035836463136,0.2680189351575585,INACTIVE,False,0.999999999999997,2.983832567502521e-15,LEFT,0.999999999999994,True,,NEUTRAL,True,True,True,False
REPLAY,Yaniv-LRJ(6)-4:7.csv,66.09554886817932,2026-04-24T17:35:05.227885+00:00,16476,NEUTRAL,tracking,LEFT,0.25698871833508186,0.08443524014955575,0.22408085018511775,INACTIVE,False,1.0,3.7992682822653245e-19,LEFT,1.0,True,,NEUTRAL,True,True,True,False
REPLAY,Yaniv-LRJ(6)-4:7.csv,66.19584560394287,2026-04-24T17:35:05.234502+00:00,16501,NEUTRAL,tracking,LEFT,0.30045405612705756,0.10619346741610765,0.2638697224693802,INACTIVE,False,1.0,2.6657533625673148e-20,LEFT,1.0,True,,NEUTRAL,True,True,True,False
REPLAY,Yaniv-LRJ(6)-4:7.csv,66.29213047027588,2026-04-24T17:35:05.241377+00:00,16525,NEUTRAL,tracking,LEFT,0.25754357874845213,0.0776608380038676,0.21250598769381646,INACTIVE,False,1.0,1.7489076842788417e-18,LEFT,1.0,True,,NEUTRAL,True,True,True,False
REPLAY,Yaniv-LRJ(6)-4:7.csv,66.39242720603943,2026-04-24T17:35:05.247913+00:00,16550,NEUTRAL,tracking,LEFT,0.26418681055413096,0.07039977770451458,0.24412587979458597,INACTIVE,False,0.9999999999999957,4.318759757517519e-15,LEFT,0.9999999999999913,True,,NEUTRAL,True,True,True,False
REPLAY,Yaniv-LRJ(6)-4:7.csv,66.49272394180298,2026-04-24T17:35:05.257272+00:00,16575,LEFT,LEFT,LEFT,0.27674664906162905,0.08371584588103673,0.2342084018622976,INACTIVE,False,0.999999999524385,4.756150383561592e-10,LEFT,0.99999999904877,True,,LEFT,True,True,True,False
REPLAY,Yaniv-LRJ(6)-4:7.csv,66.59302067756653,2026-04-24T17:35:05.265659+00:00,16600,LEFT,LEFT,LEFT,0.2628296488759524,0.09316044082024079,0.21931712943138015,INACTIVE,False,0.9968597088094885,0.0031402911905115496,LEFT,0.993719417618977,True,,LEFT,True,True,True,False
REPLAY,Yaniv-LRJ(6)-4:7.csv,66.69331741333008,2026-04-24T17:35:05.273193+00:00,16625,LEFT,LEFT,LEFT,0.2694697132212899,0.08907640561916508,0.2413804112311577,INACTIVE,False,0.00017272245227784033,0.9998272775477222,RIGHT,0.9996545550954443,True,,LEFT,True,True,True,False
REPLAY,Yaniv-LRJ(6)-4:7.csv,66.79361414909363,2026-04-24T17:35:05.280393+00:00,16650,NEUTRAL,tracking,LEFT,0.28015657020174634,0.09708195803298164,0.21329095243591106,INACTIVE,False,1.471582570022889e-06,0.99999852841743,RIGHT,0.99999705683486,True,,NEUTRAL,True,True,True,False
REPLAY,Yaniv-LRJ(6)-4:7.csv,66.89391088485718,2026-04-24T17:35:05.287878+00:00,16675,NEUTRAL,tracking,LEFT,0.27159306329582,0.10066011086263779,0.19462581577878693,INACTIVE,False,0.0013197527910727702,0.9986802472089272,RIGHT,0.9973604944178545,True,,NEUTRAL,True,True,True,False
REPLAY,Yaniv-LRJ(6)-4:7.csv,66.99420762062073,2026-04-24T17:35:05.294845+00:00,16700,NEUTRAL,tracking,LEFT,0.2483381788963408,0.05401680895876784,0.22097711796347935,INACTIVE,False,0.999396052057807,0.0006039479421929993,LEFT,0.998792104115614,True,,NEUTRAL,True,True,True,False
REPLAY,Yaniv-LRJ(6)-4:7.csv,67.09450435638428,2026-04-24T17:35:05.301757+00:00,16725,NEUTRAL,tracking,LEFT,0.25640866892150393,0.047818008270372234,0.24144109899269678,INACTIVE,False,0.9999999999461922,5.380780022822389e-11,LEFT,0.9999999998923843,True,,NEUTRAL,True,True,True,False
REPLAY,Yaniv-LRJ(6)-4:7.csv,67.19480109214783,2026-04-24T17:35:05.310762+00:00,16750,NEUTRAL,tracking,LEFT,0.28926913873256865,0.07056461616961376,0.2452305192303282,INACTIVE,False,1.0,2.2005138091025387e-17,LEFT,1.0,True,,NEUTRAL,True,True,True,False
REPLAY,Yaniv-LRJ(6)-4:7.csv,67.29509782791138,2026-04-24T17:35:05.321803+00:00,16775,LEFT,LEFT,LEFT,0.2830015943964118,0.08190569138710832,0.22693908636175375,INACTIVE,False,1.0,2.1789810787119557e-22,LEFT,1.0,True,,LEFT,True,True,True,False
REPLAY,Yaniv-LRJ(6)-4:7.csv,67.39539456367493,2026-04-24T17:35:05.329779+00:00,16800,LEFT,LEFT,LEFT,0.2704672512911632,0.07666749575711682,0.25276926695537216,INACTIVE,False,1.0,6.00256307766754e-26,LEFT,1.0,True,,LEFT,True,True,True,False
REPLAY,Yaniv-LRJ(6)-4:7.csv,67.49569129943848,2026-04-24T17:35:05.339948+00:00,16825,NEUTRAL,tracking,LEFT,0.269094077006349,0.07081233520503957,0.21584721416779065,INACTIVE,False,1.0,2.3792736434601732e-28,LEFT,1.0,True,,NEUTRAL,True,True,True,False
REPLAY,Yaniv-LRJ(6)-4:7.csv,67.59598803520203,2026-04-24T17:35:05.351069+00:00,16850,NEUTRAL,tracking,LEFT,0.2787895789222362,0.0889508071441703,0.21496057195918641,INACTIVE,False,1.0,5.080085617617631e-29,LEFT,1.0,True,,NEUTRAL,True,True,True,False
REPLAY,Yaniv-LRJ(6)-4:7.csv,67.69227290153503,2026-04-24T17:35:05.359391+00:00,16874,NEUTRAL,tracking,LEFT,0.2882416041660434,0.09759965653693146,0.2198633848261787,INACTIVE,False,1.0,1.996494780893127e-27,LEFT,1.0,True,,NEUTRAL,True,True,True,False
REPLAY,Yaniv-LRJ(6)-4:7.csv,67.79256963729858,2026-04-24T17:35:05.366596+00:00,16899,NEUTRAL,tracking,LEFT,0.2952822654567697,0.1299429831743823,0.25382092269075807,INACTIVE,False,1.0,4.9717377384379095e-24,LEFT,1.0,True,,NEUTRAL,True,True,True,False
REPLAY,Yaniv-LRJ(6)-4:7.csv,67.89286637306213,2026-04-24T17:35:05.373569+00:00,16924,NEUTRAL,tracking,LEFT,0.2962035883384425,0.09850370955689289,0.2588868463048743,INACTIVE,False,1.0,5.354647956014399e-20,LEFT,1.0,True,,NEUTRAL,True,True,True,False
REPLAY,Yaniv-LRJ(6)-4:7.csv,67.99316310882568,2026-04-24T17:35:05.380692+00:00,16949,NEUTRAL,tracking,LEFT,0.2966077083447167,0.09194536702183928,0.2535045492157026,INACTIVE,False,0.9999999999999951,4.837088387980555e-15,LEFT,0.9999999999999902,True,,NEUTRAL,True,True,True,False
REPLAY,Yaniv-LRJ(6)-4:7.csv,68.09345984458923,2026-04-24T17:35:05.388082+00:00,16974,NEUTRAL,tracking,LEFT,0.28446598980208004,0.10632109762337245,0.2309734572888166,INACTIVE,False,0.9999999628569072,3.7143092817149704e-08,LEFT,0.9999999257138144,True,,NEUTRAL,True,True,True,False
REPLAY,Yaniv-LRJ(6)-4:7.csv,68.19375658035278,2026-04-24T17:35:05.397957+00:00,16999,LEFT,LEFT,LEFT,0.290025049553687,0.10993980027557264,0.24333587227363823,INACTIVE,False,0.9951574505820747,0.00484254941792531,LEFT,0.9903149011641494,True,,LEFT,True,True,True,False
REPLAY,Yaniv-LRJ(6)-4:7.csv,68.29405331611633,2026-04-24T17:35:05.405917+00:00,17024,LEFT,LEFT,LEFT,0.2845518205606702,0.08331885949141239,0.26446967359211526,INACTIVE,False,0.9993865603053634,0.0006134396946365272,LEFT,0.9987731206107269,True,,LEFT,True,True,True,False
REPLAY,Yaniv-LRJ(6)-4:7.csv,68.39435005187988,2026-04-24T17:35:05.412886+00:00,17049,LEFT,LEFT,LEFT,0.26136421238053975,0.07576975770232283,0.23556981265675894,INACTIVE,False,0.9999999675620258,3.2437974183114025e-08,LEFT,0.9999999351240516,True,,LEFT,True,True,True,False
REPLAY,Yaniv-LRJ(6)-4:7.csv,68.49464678764343,2026-04-24T17:35:05.423179+00:00,17074,NEUTRAL,tracking,LEFT,0.29114250170978473,0.09918369373774144,0.230194274495845,INACTIVE,False,0.9999999990598941,9.401058570301482e-10,LEFT,0.9999999981197882,True,,NEUTRAL,True,True,True,False
REPLAY,Yaniv-LRJ(6)-4:7.csv,68.59494352340698,2026-04-24T17:35:05.431792+00:00,17099,NEUTRAL,tracking,UNKNOWN,0.26786589328590327,0.08657719086737312,0.2338673772102289,INACTIVE,False,0.999999691486401,3.085135989759347e-07,LEFT,0.999999382972802,True,,NEUTRAL,True,True,True,False
REPLAY,Yaniv-LRJ(6)-4:7.csv,68.69524025917053,2026-04-24T17:35:05.438857+00:00,17124,NEUTRAL,tracking,UNKNOWN,0.2807293246524293,0.06930617976701911,0.23377593259653937,INACTIVE,False,0.9999170596872815,8.294031271852377e-05,LEFT,0.999834119374563,True,,NEUTRAL,True,True,True,False
REPLAY,Yaniv-LRJ(6)-4:7.csv,68.79553699493408,2026-04-24T17:35:05.445703+00:00,17149,NEUTRAL,tracking,UNKNOWN,0.26392047664035767,0.07592076371425772,0.1994599698220642,INACTIVE,False,0.9999971947379032,2.805262096790296e-06,LEFT,0.9999943894758063,True,,NEUTRAL,True,True,True,False
REPLAY,Yaniv-LRJ(6)-4:7.csv,68.89583373069763,2026-04-24T17:35:05.452889+00:00,17174,NEUTRAL,tracking,UNKNOWN,0.27810132724076886,0.08553125686016981,0.22082895740155162,INACTIVE,False,0.999999998803017,1.1969829895163998e-09,LEFT,0.9999999976060341,True,,NEUTRAL,True,True,True,False
REPLAY,Yaniv-LRJ(6)-4:7.csv,68.99211859703064,2026-04-24T17:35:05.459835+00:00,17198,NEUTRAL,tracking,UNKNOWN,0.2695010097858861,0.08911420221212235,0.24678077875868826,INACTIVE,False,0.9999999999992848,7.152599872229717e-13,LEFT,0.9999999999985696,True,,NEUTRAL,True,True,True,False
REPLAY,Yaniv-LRJ(6)-4:7.csv,69.09241533279419,2026-04-24T17:35:05.466928+00:00,17223,NEUTRAL,tracking,UNKNOWN,0.2572185403011704,0.08367022149078776,0.2258202622859359,INACTIVE,False,0.9999999999999992,8.224362117195059e-16,LEFT,0.9999999999999984,True,,NEUTRAL,True,True,True,False
REPLAY,Yaniv-LRJ(6)-4:7.csv,69.19271206855774,2026-04-24T17:35:05.474405+00:00,17248,NEUTRAL,tracking,UNKNOWN,0.25950352193361625,0.08658486947379893,0.23890635665872387,INACTIVE,False,1.0,9.84242877899581e-18,LEFT,1.0,True,,NEUTRAL,True,True,True,False
REPLAY,Yaniv-LRJ(6)-4:7.csv,69.29300880432129,2026-04-24T17:35:05.483960+00:00,17273,NEUTRAL,tracking,UNKNOWN,0.2919182751020877,0.09270880230267904,0.25381602739641246,INACTIVE,False,1.0,3.2267744616255336e-18,LEFT,1.0,True,,NEUTRAL,True,True,True,False
REPLAY,Yaniv-LRJ(6)-4:7.csv,69.39330554008484,2026-04-24T17:35:05.496443+00:00,17298,NEUTRAL,tracking,UNKNOWN,0.28253895369783577,0.09136691089669118,0.25182849776580274,INACTIVE,False,1.0,5.5782513472814996e-18,LEFT,1.0,True,,NEUTRAL,True,True,True,False
REPLAY,Yaniv-LRJ(6)-4:7.csv,69.49360227584839,2026-04-24T17:35:05.505147+00:00,17323,NEUTRAL,tracking,UNKNOWN,0.28885514113550925,0.1071654271277607,0.2539522011989816,INACTIVE,False,1.0,2.295298684387975e-17,LEFT,1.0,True,,NEUTRAL,True,True,True,False
REPLAY,Yaniv-LRJ(6)-4:7.csv,69.59389901161194,2026-04-24T17:35:05.512597+00:00,17348,NEUTRAL,tracking,UNKNOWN,0.32522374965700673,0.11161279231054538,0.29341518392537275,INACTIVE,False,0.9999999999999986,1.4743789010440488e-15,LEFT,0.9999999999999971,True,,NEUTRAL,True,True,True,False
REPLAY,Yaniv-LRJ(6)-4:7.csv,69.69419574737549,2026-04-24T17:35:05.519789+00:00,17373,NEUTRAL,tracking,UNKNOWN,0.2885391374120555,0.0953593365008814,0.24524513193476336,INACTIVE,False,0.9999999999993908,6.092277814942822e-13,LEFT,0.9999999999987816,True,,NEUTRAL,True,True,True,False
REPLAY,Yaniv-LRJ(6)-4:7.csv,69.79449248313904,2026-04-24T17:35:05.526401+00:00,17398,NEUTRAL,tracking,UNKNOWN,0.29236176746266496,0.1089308503347719,0.23511966860053624,INACTIVE,False,0.9999999999927311,7.268875492084991e-12,LEFT,0.9999999999854623,True,,NEUTRAL,True,True,True,False
REPLAY,Yaniv-LRJ(6)-4:7.csv,69.89478921890259,2026-04-24T17:35:05.533952+00:00,17423,NEUTRAL,tracking,UNKNOWN,0.28022041175663126,0.10699740244353129,0.2312733277230217,INACTIVE,False,0.9999999999999901,9.840587857742407e-15,LEFT,0.9999999999999802,True,,NEUTRAL,True,True,True,False
REPLAY,Yaniv-LRJ(6)-4:7.csv,69.99508595466614,2026-04-24T17:35:05.541436+00:00,17448,NEUTRAL,tracking,UNKNOWN,0.26270805999918945,0.11404436228357578,0.20385023022476276,INACTIVE,False,1.0,1.0111528959610674e-19,LEFT,1.0,True,,NEUTRAL,True,True,True,False
REPLAY,Yaniv-LRJ(6)-4:7.csv,70.09538269042969,2026-04-24T17:35:05.556416+00:00,17473,NEUTRAL,tracking,UNKNOWN,0.2803526954702339,0.1299604525527052,0.2274492424906807,INACTIVE,False,1.0,2.686337318215637e-22,LEFT,1.0,True,,NEUTRAL,True,True,True,False
REPLAY,Yaniv-LRJ(6)-4:7.csv,70.19567942619324,2026-04-24T17:35:05.563347+00:00,17498,NEUTRAL,tracking,UNKNOWN,0.2669428812673065,0.11021463813606845,0.21050233805884805,INACTIVE,False,1.0,1.913161328340164e-20,LEFT,1.0,True,,NEUTRAL,True,True,True,False
REPLAY,Yaniv-LRJ(6)-4:7.csv,70.29597616195679,2026-04-24T17:35:05.570653+00:00,17523,NEUTRAL,tracking,UNKNOWN,0.2949748688327324,0.14452210204277421,0.21725732698180256,INACTIVE,False,0.9999999999999997,3.4608130919584033e-16,LEFT,0.9999999999999993,True,,NEUTRAL,True,True,True,False
REPLAY,Yaniv-LRJ(6)-4:7.csv,70.3922610282898,2026-04-24T17:35:05.578543+00:00,17547,NEUTRAL,tracking,UNKNOWN,0.2936213071637187,0.13443172043720145,0.2257586154453289,INACTIVE,False,0.9999999999992999,7.001434495384338e-13,LEFT,0.9999999999985998,True,,NEUTRAL,True,True,True,False
REPLAY,Yaniv-LRJ(6)-4:7.csv,70.49255776405334,2026-04-24T17:35:05.585917+00:00,17572,NEUTRAL,tracking,UNKNOWN,0.28305856549407327,0.10742029859578439,0.2181902794985695,INACTIVE,False,0.9999999999772151,2.2784832595528057e-11,LEFT,0.9999999999544302,True,,NEUTRAL,True,True,True,False
REPLAY,Yaniv-LRJ(6)-4:7.csv,70.5928544998169,2026-04-24T17:35:05.593217+00:00,17597,NEUTRAL,tracking,UNKNOWN,0.2915062902556774,0.12155722218694301,0.24380732687539342,INACTIVE,False,0.9999999999372066,6.279348043664524e-11,LEFT,0.9999999998744131,True,,NEUTRAL,True,True,True,False
REPLAY,Yaniv-LRJ(6)-4:7.csv,70.69315123558044,2026-04-24T17:35:05.600554+00:00,17622,NEUTRAL,tracking,UNKNOWN,0.29256624777953466,0.13134136675926747,0.23874025990766373,INACTIVE,False,0.9999999998768099,1.2319017182550892e-10,LEFT,0.9999999997536198,True,,NEUTRAL,True,True,True,False
REPLAY,Yaniv-LRJ(6)-4:7.csv,70.793447971344,2026-04-24T17:35:05.607852+00:00,17647,NEUTRAL,tracking,UNKNOWN,0.2862343589107337,0.10614525888925466,0.25121797950877967,INACTIVE,False,0.9999999992144681,7.855318858713079e-10,LEFT,0.9999999984289363,True,,NEUTRAL,True,True,True,False
REPLAY,Yaniv-LRJ(6)-4:7.csv,70.89374470710754,2026-04-24T17:35:05.614595+00:00,17672,NEUTRAL,tracking,UNKNOWN,0.2674822821585301,0.09805310962227518,0.22225053818769655,INACTIVE,False,0.9999999867745171,1.322548294182683e-08,LEFT,0.9999999735490341,True,,NEUTRAL,True,True,True,False
REPLAY,Yaniv-LRJ(6)-4:7.csv,70.9940414428711,2026-04-24T17:35:05.624369+00:00,17697,LEFT,LEFT,UNKNOWN,0.2869099503627619,0.11355860277170458,0.2278306029562171,INACTIVE,False,0.9999995282475365,4.7175246349377427e-07,LEFT,0.9999990564950729,True,,LEFT,True,True,True,False
REPLAY,Yaniv-LRJ(6)-4:7.csv,71.09433817863464,2026-04-24T17:35:05.632744+00:00,17722,LEFT,LEFT,UNKNOWN,0.2578483828604169,0.08490650855248683,0.2220866596533592,INACTIVE,False,0.9999958597899099,4.14021009005438e-06,LEFT,0.9999917195798198,True,,LEFT,True,True,True,False
REPLAY,Yaniv-LRJ(6)-4:7.csv,71.1946349143982,2026-04-24T17:35:05.639920+00:00,17747,NEUTRAL,tracking,UNKNOWN,0.27457639315311944,0.09601668390119557,0.23796613764997032,INACTIVE,False,0.9999981790096525,1.8209903474967641e-06,LEFT,0.999996358019305,True,,NEUTRAL,True,True,True,False
REPLAY,Yaniv-LRJ(6)-4:7.csv,71.29493165016174,2026-04-24T17:35:05.647180+00:00,17772,NEUTRAL,tracking,UNKNOWN,0.276946619020787,0.11253908228073424,0.23240604591142563,INACTIVE,False,0.9999998983414491,1.0165855086985334e-07,LEFT,0.9999997966828982,True,,NEUTRAL,True,True,True,False
REPLAY,Yaniv-LRJ(6)-4:7.csv,71.3952283859253,2026-04-24T17:35:05.654280+00:00,17797,NEUTRAL,tracking,UNKNOWN,0.286101341885172,0.10071475500872516,0.23816006057984343,INACTIVE,False,0.9999999874257596,1.2574240411453864e-08,LEFT,0.9999999748515191,True,,NEUTRAL,True,True,True,False
REPLAY,Yaniv-LRJ(6)-4:7.csv,71.49552512168884,2026-04-24T17:35:05.661536+00:00,17822,NEUTRAL,tracking,UNKNOWN,0.2832290703271033,0.12457122232471388,0.21882580248557335,INACTIVE,False,0.9999999880728554,1.1927144596316224e-08,LEFT,0.9999999761457108,True,,NEUTRAL,True,True,True,False
REPLAY,Yaniv-LRJ(6)-4:7.csv,71.59582185745239,2026-04-24T17:35:05.668597+00:00,17847,NEUTRAL,tracking,UNKNOWN,0.29191271619616865,0.12367966468535639,0.25092427967421627,INACTIVE,False,0.9999999605166059,3.948339408537577e-08,LEFT,0.9999999210332118,True,,NEUTRAL,True,True,True,False
REPLAY,Yaniv-LRJ(6)-4:7.csv,71.6921067237854,2026-04-24T17:35:05.675358+00:00,17871,NEUTRAL,tracking,UNKNOWN,0.293889811785331,0.1109673057489942,0.24562201326501748,INACTIVE,False,0.9999998371770276,1.628229724182664e-07,LEFT,0.9999996743540551,True,,NEUTRAL,True,True,True,False
REPLAY,Yaniv-LRJ(6)-4:7.csv,71.79240345954895,2026-04-24T17:35:05.682302+00:00,17896,NEUTRAL,tracking,UNKNOWN,0.2913661301674044,0.12789533045961007,0.24795361407745814,INACTIVE,False,0.9999994589312274,5.410687726034892e-07,LEFT,0.9999989178624549,True,,NEUTRAL,True,True,True,False
REPLAY,Yaniv-LRJ(6)-4:7.csv,71.8927001953125,2026-04-24T17:35:05.691792+00:00,17921,NEUTRAL,tracking,UNKNOWN,0.271250156300463,0.09910631622009815,0.2220021631995859,INACTIVE,False,0.9999983316523586,1.6683476413474316e-06,LEFT,0.9999966633047173,True,,NEUTRAL,True,True,True,False
REPLAY,Yaniv-LRJ(6)-4:7.csv,71.99299693107605,2026-04-24T17:35:05.700147+00:00,17946,NEUTRAL,tracking,UNKNOWN,0.272409891508688,0.11371031852280669,0.21002534464716469,INACTIVE,False,0.9999963912608127,3.6087391872869805e-06,LEFT,0.9999927825216255,True,,NEUTRAL,True,True,True,False
REPLAY,Yaniv-LRJ(6)-4:7.csv,72.0932936668396,2026-04-24T17:35:05.707354+00:00,17971,NEUTRAL,tracking,UNKNOWN,0.27874628026090076,0.1276614099429653,0.21297768678824794,INACTIVE,False,0.9999979166050633,2.0833949366449966e-06,LEFT,0.9999958332101266,True,,NEUTRAL,True,True,True,False
REPLAY,Yaniv-LRJ(6)-4:7.csv,72.19359040260315,2026-04-24T17:35:05.714731+00:00,17996,NEUTRAL,tracking,UNKNOWN,0.27741449051673794,0.13461372777529268,0.2118662077567136,INACTIVE,False,0.9999996351329038,3.648670962075281e-07,LEFT,0.9999992702658076,True,,NEUTRAL,True,True,True,False
REPLAY,Yaniv-LRJ(6)-4:7.csv,72.2938871383667,2026-04-24T17:35:05.721966+00:00,18021,NEUTRAL,tracking,UNKNOWN,0.3094362250995777,0.11907253719237233,0.25607655562243375,INACTIVE,False,0.9999999517112229,4.828877711650524e-08,LEFT,0.9999999034224458,True,,NEUTRAL,True,True,True,False
REPLAY,Yaniv-LRJ(6)-4:7.csv,72.39418387413025,2026-04-24T17:35:05.728881+00:00,18046,NEUTRAL,tracking,UNKNOWN,0.30021088706248855,0.11728886786101406,0.23166463970051046,INACTIVE,False,0.9999999892789359,1.0721064152347815e-08,LEFT,0.9999999785578717,True,,NEUTRAL,True,True,True,False
REPLAY,Yaniv-LRJ(6)-4:7.csv,72.4944806098938,2026-04-24T17:35:05.736306+00:00,18071,NEUTRAL,tracking,UNKNOWN,0.2967067067125688,0.13290379890599202,0.23860237387595462,INACTIVE,False,0.999999992898227,7.101772908130253e-09,LEFT,0.9999999857964541,True,,NEUTRAL,True,True,True,False
REPLAY,Yaniv-LRJ(6)-4:7.csv,72.59477734565735,2026-04-24T17:35:05.743912+00:00,18096,NEUTRAL,tracking,UNKNOWN,0.2926578478972276,0.12206013539713041,0.2260878776771589,INACTIVE,False,0.999999993523041,6.476959019459939e-09,LEFT,0.9999999870460821,True,,NEUTRAL,True,True,True,False
REPLAY,Yaniv-LRJ(6)-4:7.csv,72.6950740814209,2026-04-24T17:35:05.751599+00:00,18121,NEUTRAL,tracking,UNKNOWN,0.302541468131749,0.12762264142865556,0.25672780943439427,INACTIVE,False,0.9999999987170667,1.2829332957864353e-09,LEFT,0.9999999974341334,True,,NEUTRAL,True,True,True,False
REPLAY,Yaniv-LRJ(6)-4:7.csv,72.79537081718445,2026-04-24T17:35:05.758403+00:00,18146,NEUTRAL,tracking,UNKNOWN,0.27774699307334694,0.11116842508423791,0.22942314235709185,INACTIVE,False,0.9999999999767542,2.324589960813729e-11,LEFT,0.9999999999535083,True,,NEUTRAL,True,True,True,False
REPLAY,Yaniv-LRJ(6)-4:7.csv,72.895667552948,2026-04-24T17:35:05.765857+00:00,18171,NEUTRAL,tracking,UNKNOWN,0.2946626675749505,0.1144208603069746,0.23756103701639472,INACTIVE,False,0.9999999999998562,1.4374121894665565e-13,LEFT,0.9999999999997125,True,,NEUTRAL,True,True,True,False
REPLAY,Yaniv-LRJ(6)-4:7.csv,72.99596428871155,2026-04-24T17:35:05.772999+00:00,18196,NEUTRAL,tracking,UNKNOWN,0.2925767840903607,0.13461833022637376,0.23674934472737633,INACTIVE,False,0.9999999999999946,5.401794874119403e-15,LEFT,0.9999999999999891,True,,NEUTRAL,True,True,True,False
REPLAY,Yaniv-LRJ(6)-4:7.csv,73.09224915504456,2026-04-24T17:35:05.799961+00:00,18220,NEUTRAL,tracking,UNKNOWN,0.2863170812313436,0.11888088914041652,0.23120781780683367,INACTIVE,False,0.9999999999999956,4.398420460255138e-15,LEFT,0.9999999999999911,True,,NEUTRAL,True,True,True,False
REPLAY,Yaniv-LRJ(6)-4:7.csv,73.1925458908081,2026-04-24T17:35:05.807202+00:00,18245,NEUTRAL,tracking,UNKNOWN,0.30377282162747,0.12104244346410868,0.24443284144684818,INACTIVE,False,0.999999999999914,8.60713075061823e-14,LEFT,0.9999999999998279,True,,NEUTRAL,True,True,True,False
REPLAY,Yaniv-LRJ(6)-4:7.csv,73.29284262657166,2026-04-24T17:35:05.816791+00:00,18270,LEFT,LEFT,UNKNOWN,0.29611542858925977,0.1429198040151382,0.23916528425605507,INACTIVE,False,0.9999999999540383,4.596162612714695e-11,LEFT,0.9999999999080766,True,,LEFT,True,True,True,False
REPLAY,Yaniv-LRJ(6)-4:7.csv,73.3931393623352,2026-04-24T17:35:05.825489+00:00,18295,NEUTRAL,tracking,UNKNOWN,0.2931045388920833,0.1163795023100968,0.2383416761026415,INACTIVE,False,0.9999998862266176,1.1377338236559965e-07,LEFT,0.9999997724532352,True,,NEUTRAL,True,True,True,False
REPLAY,Yaniv-LRJ(6)-4:7.csv,73.49343609809875,2026-04-24T17:35:05.832211+00:00,18320,NEUTRAL,tracking,UNKNOWN,0.29171077399668977,0.12342720795979595,0.22859676713183402,INACTIVE,False,0.9999579114640362,4.2088535963799466e-05,LEFT,0.9999158229280725,True,,NEUTRAL,True,True,True,False
REPLAY,Yaniv-LRJ(6)-4:7.csv,73.5937328338623,2026-04-24T17:35:05.839356+00:00,18345,NEUTRAL,tracking,LEFT,0.28146689742745146,0.142294009513624,0.2258860440334878,INACTIVE,False,0.99992028222212,7.971777787997179e-05,LEFT,0.9998405644442401,True,,NEUTRAL,True,True,True,False
REPLAY,Yaniv-LRJ(6)-4:7.csv,73.69402956962585,2026-04-24T17:35:05.846346+00:00,18370,NEUTRAL,tracking,LEFT,0.27808254364541185,0.12030534787350716,0.2344981413231504,INACTIVE,False,0.9999985701363321,1.429863667925951e-06,LEFT,0.9999971402726642,True,,NEUTRAL,True,True,True,False
REPLAY,Yaniv-LRJ(6)-4:7.csv,73.7943263053894,2026-04-24T17:35:05.853831+00:00,18395,NEUTRAL,tracking,LEFT,0.2873957795011365,0.1356725003867734,0.20467446816627763,INACTIVE,False,0.9999999904785484,9.521451572540922e-09,LEFT,0.9999999809570967,True,,NEUTRAL,True,True,True,False
REPLAY,Yaniv-LRJ(6)-4:7.csv,73.89462304115295,2026-04-24T17:35:05.861211+00:00,18420,NEUTRAL,tracking,LEFT,0.2882780709151809,0.13101064567125045,0.23089159315639973,INACTIVE,False,0.9999999995907639,4.092361236456367e-10,LEFT,0.9999999991815278,True,,NEUTRAL,True,True,True,False
REPLAY,Yaniv-LRJ(6)-4:7.csv,73.9949197769165,2026-04-24T17:35:05.867884+00:00,18445,NEUTRAL,tracking,LEFT,0.29547801603749213,0.13345569360626888,0.23769191599094996,INACTIVE,False,0.9999999997957864,2.0421367328570072e-10,LEFT,0.9999999995915727,True,,NEUTRAL,True,True,True,False
REPLAY,Yaniv-LRJ(6)-4:7.csv,74.09521651268005,2026-04-24T17:35:05.874466+00:00,18470,NEUTRAL,tracking,LEFT,0.27564689732331293,0.12628681856301732,0.21301346579533242,INACTIVE,False,0.9999999987549515,1.2450485194298724e-09,LEFT,0.999999997509903,True,,NEUTRAL,True,True,True,False
REPLAY,Yaniv-LRJ(6)-4:7.csv,74.1955132484436,2026-04-24T17:35:05.881036+00:00,18495,NEUTRAL,tracking,LEFT,0.28895154089651887,0.1434283014580942,0.2176273005150251,INACTIVE,False,0.9999999694954185,3.05045815487502e-08,LEFT,0.999999938990837,True,,NEUTRAL,True,True,True,False
REPLAY,Yaniv-LRJ(6)-4:7.csv,74.29580998420715,2026-04-24T17:35:05.887884+00:00,18520,NEUTRAL,tracking,LEFT,0.2986197983766251,0.12414985306885024,0.24346393155314608,INACTIVE,False,0.9999989365234497,1.0634765502827143e-06,LEFT,0.9999978730468995,True,,NEUTRAL,True,True,True,False
REPLAY,Yaniv-LRJ(6)-4:7.csv,74.39209485054016,2026-04-24T17:35:05.894484+00:00,18544,NEUTRAL,tracking,LEFT,0.2677408946876535,0.08044623681212516,0.23560899748818318,INACTIVE,False,0.9999928754308414,7.124569158626448e-06,LEFT,0.9999857508616827,True,,NEUTRAL,True,True,True,False
REPLAY,Yaniv-LRJ(6)-4:7.csv,74.49239158630371,2026-04-24T17:35:05.901155+00:00,18569,NEUTRAL,tracking,LEFT,0.2784221494347523,0.08949000947680417,0.23868862644612449,INACTIVE,False,0.9999980042544538,1.995745546127735e-06,LEFT,0.9999960085089077,True,,NEUTRAL,True,True,True,False
REPLAY,Yaniv-LRJ(6)-4:7.csv,74.59268832206726,2026-04-24T17:35:05.909103+00:00,18594,NEUTRAL,tracking,LEFT,0.26494374506004104,0.09389003592688587,0.2146785430252852,INACTIVE,False,0.9999999868453339,1.3154666158079663e-08,LEFT,0.9999999736906677,True,,NEUTRAL,True,True,True,False
REPLAY,Yaniv-LRJ(6)-4:7.csv,74.69298505783081,2026-04-24T17:35:05.916030+00:00,18619,NEUTRAL,tracking,LEFT,0.2633714569017783,0.09434603702875673,0.2332846986348465,INACTIVE,False,0.9999999999439388,5.6061189938867896e-11,LEFT,0.9999999998878777,True,,NEUTRAL,True,True,True,False
REPLAY,Yaniv-LRJ(6)-4:7.csv,74.79328179359436,2026-04-24T17:35:05.923076+00:00,18644,NEUTRAL,tracking,LEFT,0.296688564020513,0.11147076693977273,0.258046285405906,INACTIVE,False,0.999999999998287,1.7129716133875735e-12,LEFT,0.9999999999965741,True,,NEUTRAL,True,True,True,False
REPLAY,Yaniv-LRJ(6)-4:7.csv,74.89357852935791,2026-04-24T17:35:05.930177+00:00,18669,NEUTRAL,tracking,LEFT,0.2862236839844453,0.08153842088070674,0.2506700459849083,INACTIVE,False,0.9999999999999221,7.798589491707579e-14,LEFT,0.9999999999998441,True,,NEUTRAL,True,True,True,False
REPLAY,Yaniv-LRJ(6)-4:7.csv,74.99387526512146,2026-04-24T17:35:05.937507+00:00,18694,NEUTRAL,tracking,LEFT,0.28343965139771243,0.09367439736433655,0.23748954901813288,INACTIVE,False,0.9999999999999999,1.2053729834897292e-16,LEFT,0.9999999999999998,True,,NEUTRAL,True,True,True,False
REPLAY,Yaniv-LRJ(6)-4:7.csv,75.09417200088501,2026-04-24T17:35:05.953756+00:00,18719,NEUTRAL,tracking,LEFT,0.2923465818546701,0.11678426119309133,0.22931441593592697,INACTIVE,False,1.0,8.046189026600112e-20,LEFT,1.0,True,,NEUTRAL,True,True,True,False
REPLAY,Yaniv-LRJ(6)-4:7.csv,75.19446873664856,2026-04-24T17:35:05.960656+00:00,18744,NEUTRAL,tracking,LEFT,0.29447777557433297,0.10955168335068997,0.24847141851022755,INACTIVE,False,1.0,1.1636021201469274e-20,LEFT,1.0,True,,NEUTRAL,True,True,True,False
REPLAY,Yaniv-LRJ(6)-4:7.csv,75.29476547241211,2026-04-24T17:35:05.967356+00:00,18769,NEUTRAL,tracking,LEFT,0.2934687197026916,0.09501068261049157,0.2389442244176126,INACTIVE,False,1.0,9.108331531247616e-18,LEFT,1.0,True,,NEUTRAL,True,True,True,False
REPLAY,Yaniv-LRJ(6)-4:7.csv,75.39506220817566,2026-04-24T17:35:05.974354+00:00,18794,NEUTRAL,tracking,LEFT,0.31450398721906125,0.11906840890190847,0.261404598534797,INACTIVE,False,0.9999999999981846,1.8153912293701179e-12,LEFT,0.9999999999963691,True,,NEUTRAL,True,True,True,False
REPLAY,Yaniv-LRJ(6)-4:7.csv,75.49535894393921,2026-04-24T17:35:05.984244+00:00,18819,LEFT,LEFT,LEFT,0.28292974516424485,0.10714360158669198,0.2388478368830328,INACTIVE,False,0.9999978743235505,2.1256764495510346e-06,LEFT,0.999995748647101,True,,LEFT,True,True,True,False
REPLAY,Yaniv-LRJ(6)-4:7.csv,75.59565567970276,2026-04-24T17:35:05.992609+00:00,18844,LEFT,LEFT,LEFT,0.2743488931264091,0.09165632742605796,0.22872659510514975,INACTIVE,False,0.02934785947294083,0.9706521405270592,RIGHT,0.9413042810541183,True,,LEFT,True,True,True,False
REPLAY,Yaniv-LRJ(6)-4:7.csv,75.69595241546631,2026-04-24T17:35:06.002225+00:00,18869,NEUTRAL,tracking,LEFT,0.2635516448619437,0.09157589070362969,0.20557450067003502,INACTIVE,False,8.585165911512149e-10,0.9999999991414834,RIGHT,0.9999999982829668,True,,NEUTRAL,True,True,True,False
REPLAY,Yaniv-LRJ(6)-4:7.csv,75.79223728179932,2026-04-24T17:35:06.010564+00:00,18893,NEUTRAL,tracking,LEFT,0.27343257349017003,0.1048458927769994,0.20480596554737615,INACTIVE,False,5.395683899678261e-14,0.999999999999946,RIGHT,0.9999999999998921,True,,NEUTRAL,True,True,True,False
REPLAY,Yaniv-LRJ(6)-4:7.csv,75.89253401756287,2026-04-24T17:35:06.017597+00:00,18918,NEUTRAL,tracking,LEFT,0.26961373304529035,0.11366549640284945,0.20506445187031724,INACTIVE,False,2.3010482408380994e-12,0.999999999997699,RIGHT,0.9999999999953979,True,,NEUTRAL,True,True,True,False
REPLAY,Yaniv-LRJ(6)-4:7.csv,75.99283075332642,2026-04-24T17:35:06.027353+00:00,18943,NEUTRAL,tracking,LEFT,0.30194930805643716,0.15892724193501112,0.2194594918711866,INACTIVE,False,2.544403369442172e-06,0.9999974555966306,RIGHT,0.9999949111932611,True,,NEUTRAL,True,True,True,False
REPLAY,Yaniv-LRJ(6)-4:7.csv,76.09312748908997,2026-04-24T17:35:06.036681+00:00,18968,NEUTRAL,tracking,LEFT,0.29611063155839423,0.16062605748434164,0.21586211311513898,INACTIVE,False,0.9333805876034941,0.06661941239650589,LEFT,0.8667611752069881,True,,NEUTRAL,True,True,True,False
REPLAY,Yaniv-LRJ(6)-4:7.csv,76.19342422485352,2026-04-24T17:35:06.043753+00:00,18993,NEUTRAL,tracking,LEFT,0.2687126872743516,0.0788506232233101,0.2223058649591123,INACTIVE,False,0.9845635205708454,0.015436479429154595,LEFT,0.9691270411416908,True,,NEUTRAL,True,True,True,False
REPLAY,Yaniv-LRJ(6)-4:7.csv,76.29372096061707,2026-04-24T17:35:06.050710+00:00,19018,NEUTRAL,tracking,LEFT,0.25238289006723247,0.0820860252160964,0.20044814851098308,INACTIVE,False,1.9904477253085417e-06,0.9999980095522747,RIGHT,0.9999960191045494,True,,NEUTRAL,True,True,True,False
REPLAY,Yaniv-LRJ(6)-4:7.csv,76.39401769638062,2026-04-24T17:35:06.060367+00:00,19043,RIGHT,RIGHT,LEFT,0.28439784106971944,0.10232021734741219,0.21400674468636788,INACTIVE,False,6.217248937900877e-15,0.9999999999999938,RIGHT,0.9999999999999876,True,,RIGHT,True,True,True,False
REPLAY,Yaniv-LRJ(6)-4:7.csv,76.49431443214417,2026-04-24T17:35:06.069418+00:00,19068,RIGHT,RIGHT,LEFT,0.27946837065986674,0.11445034874590977,0.23455536004971805,INACTIVE,False,1.0702549957386509e-13,0.999999999999893,RIGHT,0.999999999999786,True,,RIGHT,True,True,True,False
REPLAY,Yaniv-LRJ(6)-4:7.csv,76.59461116790771,2026-04-24T17:35:06.076084+00:00,19093,NEUTRAL,tracking,LEFT,0.3057801929988251,0.12866740512428151,0.2409842214161658,INACTIVE,False,0.1563647231880846,0.8436352768119154,RIGHT,0.6872705536238308,True,,NEUTRAL,True,True,True,False
REPLAY,Yaniv-LRJ(6)-4:7.csv,76.69490790367126,2026-04-24T17:35:06.088088+00:00,19118,NEUTRAL,tracking,LEFT,0.2893541279738797,0.11154300448969523,0.2413036471993157,INACTIVE,False,0.9999999999999967,3.3012181094854848e-15,LEFT,0.9999999999999933,True,,NEUTRAL,True,True,True,False
REPLAY,Yaniv-LRJ(6)-4:7.csv,76.79520463943481,2026-04-24T17:35:06.100247+00:00,19143,NEUTRAL,tracking,LEFT,0.2746980648788552,0.09850358743796875,0.21992161247401318,INACTIVE,False,1.0,1.1268437791883428e-24,LEFT,1.0,True,,NEUTRAL,True,True,True,False
REPLAY,Yaniv-LRJ(6)-4:7.csv,76.89550137519836,2026-04-24T17:35:06.109122+00:00,19168,NEUTRAL,tracking,LEFT,0.3206110375688278,0.1423429102640309,0.24803687055019116,INACTIVE,False,1.0,3.4216410808887957e-25,LEFT,1.0,True,,NEUTRAL,True,True,True,False
REPLAY,Yaniv-LRJ(6)-4:7.csv,76.99579811096191,2026-04-24T17:35:06.116047+00:00,19193,NEUTRAL,tracking,LEFT,0.2994969301044127,0.12459629613791551,0.23467087176168996,INACTIVE,False,1.0,1.3697731564279984e-19,LEFT,1.0,True,,NEUTRAL,True,True,True,False
REPLAY,Yaniv-LRJ(6)-4:7.csv,77.09208297729492,2026-04-24T17:35:06.126115+00:00,19217,LEFT,LEFT,LEFT,0.29399658915673443,0.12747727510177448,0.22045268808792898,INACTIVE,False,0.9999999987575823,1.2424177199311076e-09,LEFT,0.9999999975151646,True,,LEFT,True,True,True,False
REPLAY,Yaniv-LRJ(6)-4:7.csv,77.19237971305847,2026-04-24T17:35:06.133890+00:00,19242,LEFT,LEFT,LEFT,0.2755786950427428,0.11101314631716012,0.2180691129604271,INACTIVE,False,0.00017226937785208563,0.9998277306221479,RIGHT,0.9996554612442958,True,,LEFT,True,True,True,False
REPLAY,Yaniv-LRJ(6)-4:7.csv,77.29267644882202,2026-04-24T17:35:06.147415+00:00,19267,LEFT,LEFT,LEFT,0.2686052591602408,0.11163489128356559,0.21256220274257764,INACTIVE,False,4.884981308350689e-15,0.9999999999999951,RIGHT,0.9999999999999902,True,,LEFT,True,True,True,False
REPLAY,Yaniv-LRJ(6)-4:7.csv,77.39297318458557,2026-04-24T17:35:06.156871+00:00,19292,NEUTRAL,tracking,LEFT,0.2623845957074413,0.11397229748135809,0.21334777414718895,INACTIVE,False,0.0,1.0,RIGHT,1.0,True,,NEUTRAL,True,True,True,False
REPLAY,Yaniv-LRJ(6)-4:7.csv,77.49326992034912,2026-04-24T17:35:06.163975+00:00,19317,NEUTRAL,tracking,LEFT,0.25564364789152716,0.10798622216143501,0.21288558024409582,INACTIVE,False,9.126033262418787e-14,0.9999999999999087,RIGHT,0.9999999999998175,True,,NEUTRAL,True,True,True,False
REPLAY,Yaniv-LRJ(6)-4:7.csv,77.59356665611267,2026-04-24T17:35:06.171233+00:00,19342,NEUTRAL,tracking,LEFT,0.27724657961196053,0.10527908257344168,0.24368564506063745,INACTIVE,False,5.309607448156228e-07,0.9999994690392552,RIGHT,0.9999989380785104,True,,NEUTRAL,True,True,True,False
REPLAY,Yaniv-LRJ(6)-4:7.csv,77.69386339187622,2026-04-24T17:35:06.178589+00:00,19367,NEUTRAL,tracking,LEFT,0.2933700194437857,0.11721283622013783,0.26767817583176795,INACTIVE,False,0.003503435167448221,0.9964965648325518,RIGHT,0.9929931296651036,True,,NEUTRAL,True,True,True,False
REPLAY,Yaniv-LRJ(6)-4:7.csv,77.79416012763977,2026-04-24T17:35:06.186067+00:00,19392,NEUTRAL,tracking,LEFT,0.31900113031473765,0.1230153740155072,0.2833431308611864,INACTIVE,False,0.011566896715838881,0.9884331032841611,RIGHT,0.9768662065683222,True,,NEUTRAL,True,True,True,False
REPLAY,Yaniv-LRJ(6)-4:7.csv,77.89445686340332,2026-04-24T17:35:06.195981+00:00,19417,RIGHT,RIGHT,LEFT,0.29222521842571125,0.08726487305848125,0.2493934320822341,INACTIVE,False,0.023795631148879726,0.9762043688511203,RIGHT,0.9524087377022405,True,,RIGHT,True,True,True,False
REPLAY,Yaniv-LRJ(6)-4:7.csv,77.99475359916687,2026-04-24T17:35:06.204457+00:00,19442,RIGHT,RIGHT,LEFT,0.3025428019353309,0.10972046871311533,0.2376603283558442,INACTIVE,False,0.999701596331483,0.00029840366851694626,LEFT,0.9994031926629661,True,,RIGHT,True,True,True,False
REPLAY,Yaniv-LRJ(6)-4:7.csv,78.09505033493042,2026-04-24T17:35:06.211046+00:00,19467,RIGHT,RIGHT,LEFT,0.29077707912553985,0.11508972583991915,0.20317405528950247,INACTIVE,False,0.9999999999999581,4.186908238142067e-14,LEFT,0.9999999999999163,True,,RIGHT,True,True,True,False
REPLAY,Yaniv-LRJ(6)-4:7.csv,78.19534707069397,2026-04-24T17:35:06.218563+00:00,19492,NEUTRAL,tracking,LEFT,0.29741235689261314,0.141804479899397,0.2450724816659461,INACTIVE,False,1.0,1.9729480913691201e-22,LEFT,1.0,True,,NEUTRAL,True,True,True,False
REPLAY,Yaniv-LRJ(6)-4:7.csv,78.29564380645752,2026-04-24T17:35:06.225860+00:00,19517,NEUTRAL,tracking,UNKNOWN,0.2960703957007099,0.14718673913256225,0.23907996313290705,INACTIVE,False,1.0,1.734209486873201e-24,LEFT,1.0,True,,NEUTRAL,True,True,True,False
REPLAY,Yaniv-LRJ(6)-4:7.csv,78.39594054222107,2026-04-24T17:35:06.232683+00:00,19542,NEUTRAL,tracking,UNKNOWN,0.28398160941687167,0.14582307146104828,0.21634031542540408,INACTIVE,False,1.0,3.5263389668064015e-21,LEFT,1.0,True,,NEUTRAL,True,True,True,False
REPLAY,Yaniv-LRJ(6)-4:7.csv,78.49222540855408,2026-04-24T17:35:06.239795+00:00,19566,NEUTRAL,tracking,UNKNOWN,0.28421458652468645,0.13028001830709932,0.22331945701999714,INACTIVE,False,0.9999999999999999,9.410196600229449e-17,LEFT,0.9999999999999998,True,,NEUTRAL,True,True,True,False
REPLAY,Yaniv-LRJ(6)-4:7.csv,78.59252214431763,2026-04-24T17:35:06.246494+00:00,19591,NEUTRAL,tracking,UNKNOWN,0.28590552600743735,0.1071671851369877,0.23707317356118252,INACTIVE,False,0.9999999999998019,1.9810580774171063e-13,LEFT,0.9999999999996039,True,,NEUTRAL,True,True,True,False
REPLAY,Yaniv-LRJ(6)-4:7.csv,78.69281888008118,2026-04-24T17:35:06.253344+00:00,19616,NEUTRAL,tracking,UNKNOWN,0.2663774681981942,0.10357527487732786,0.22252745705122146,INACTIVE,False,0.9999999999961291,3.870928902307232e-12,LEFT,0.9999999999922582,True,,NEUTRAL,True,True,True,False
REPLAY,Yaniv-LRJ(6)-4:7.csv,78.79311561584473,2026-04-24T17:35:06.262516+00:00,19641,LEFT,LEFT,UNKNOWN,0.23203789839329858,0.06745647309098982,0.18388832013943737,INACTIVE,False,0.9999999999999387,6.13239054665644e-14,LEFT,0.9999999999998774,True,,LEFT,True,True,True,False
REPLAY,Yaniv-LRJ(6)-4:7.csv,78.89341235160828,2026-04-24T17:35:06.270713+00:00,19666,NEUTRAL,tracking,UNKNOWN,0.2773514812584872,0.1267982455297774,0.21114924953952183,INACTIVE,False,0.9999999999999996,4.738746118553847e-16,LEFT,0.9999999999999991,True,,NEUTRAL,True,True,True,False
REPLAY,Yaniv-LRJ(6)-4:7.csv,78.99370908737183,2026-04-24T17:35:06.277387+00:00,19691,NEUTRAL,tracking,UNKNOWN,0.2840669941709917,0.1331798075046883,0.22246308420670555,INACTIVE,False,0.9999999999999979,2.1268848001102834e-15,LEFT,0.9999999999999958,True,,NEUTRAL,True,True,True,False
REPLAY,Yaniv-LRJ(6)-4:7.csv,79.09400582313538,2026-04-24T17:35:06.283948+00:00,19716,NEUTRAL,tracking,UNKNOWN,0.2851094614569898,0.10942686139073868,0.2311474685221061,INACTIVE,False,0.9999999999967604,3.2395798201407522e-12,LEFT,0.9999999999935207,True,,NEUTRAL,True,True,True,False
REPLAY,Yaniv-LRJ(6)-4:7.csv,79.19430255889893,2026-04-24T17:35:06.291315+00:00,19741,NEUTRAL,tracking,UNKNOWN,0.26502938306720425,0.09232981344400631,0.21463456551498725,INACTIVE,False,0.999999997310631,2.689368996304562e-09,LEFT,0.9999999946212621,True,,NEUTRAL,True,True,True,False
REPLAY,Yaniv-LRJ(6)-4:7.csv,79.29459929466248,2026-04-24T17:35:06.298561+00:00,19766,NEUTRAL,tracking,UNKNOWN,0.26245426703375074,0.10998278314432215,0.21088229253715757,INACTIVE,False,0.9999999821822395,1.7817760451579582e-08,LEFT,0.999999964364479,True,,NEUTRAL,True,True,True,False
REPLAY,Yaniv-LRJ(6)-4:7.csv,79.39489603042603,2026-04-24T17:35:06.306061+00:00,19791,NEUTRAL,tracking,UNKNOWN,0.2910230133310936,0.10944471970624367,0.2428026666840428,INACTIVE,False,0.9999999968342754,3.165724519135362e-09,LEFT,0.9999999936685509,True,,NEUTRAL,True,True,True,False
REPLAY,Yaniv-LRJ(6)-4:7.csv,79.49519276618958,2026-04-24T17:35:06.312842+00:00,19816,NEUTRAL,tracking,UNKNOWN,0.2701092376837193,0.1109840507927801,0.22988864235381246,INACTIVE,False,0.9999999994117256,5.882743910846289e-10,LEFT,0.9999999988234511,True,,NEUTRAL,True,True,True,False
REPLAY,Yaniv-LRJ(6)-4:7.csv,79.59548950195312,2026-04-24T17:35:06.319826+00:00,19841,NEUTRAL,tracking,UNKNOWN,0.26530903583220056,0.09973685027083484,0.19800004381023567,INACTIVE,False,0.999999999709111,2.9088893330187764e-10,LEFT,0.999999999418222,True,,NEUTRAL,True,True,True,False
REPLAY,Yaniv-LRJ(6)-4:7.csv,79.69578623771667,2026-04-24T17:35:06.326622+00:00,19866,NEUTRAL,tracking,UNKNOWN,0.2796549496554199,0.11086197796235023,0.239014513049544,INACTIVE,False,0.9999999998649789,1.3502114822782987e-10,LEFT,0.9999999997299578,True,,NEUTRAL,True,True,True,False
REPLAY,Yaniv-LRJ(6)-4:7.csv,79.79207110404968,2026-04-24T17:35:06.333754+00:00,19890,NEUTRAL,tracking,UNKNOWN,0.2625311600173601,0.1215834749258402,0.20644010211336183,INACTIVE,False,0.9999999999233665,7.663349027901413e-11,LEFT,0.999999999846733,True,,NEUTRAL,True,True,True,False
REPLAY,Yaniv-LRJ(6)-4:7.csv,79.89236783981323,2026-04-24T17:35:06.340937+00:00,19915,NEUTRAL,tracking,UNKNOWN,0.2795983531435654,0.10561890602243239,0.2502715269282793,INACTIVE,False,0.9999999997706782,2.2932178830917516e-10,LEFT,0.9999999995413564,True,,NEUTRAL,True,True,True,False
REPLAY,Yaniv-LRJ(6)-4:7.csv,79.99266457557678,2026-04-24T17:35:06.350162+00:00,19940,LEFT,LEFT,UNKNOWN,0.2653474678834904,0.0909819481662369,0.2224089461295907,INACTIVE,False,0.9999999948260303,5.1739696704546446e-09,LEFT,0.9999999896520606,True,,LEFT,True,True,True,False
REPLAY,Yaniv-LRJ(6)-4:7.csv,80.09296131134033,2026-04-24T17:35:06.371258+00:00,19965,LEFT,LEFT,UNKNOWN,0.27023476752570574,0.10442434953521391,0.2018364196266857,INACTIVE,False,0.9999998264868769,1.7351312310194076e-07,LEFT,0.9999996529737538,True,,LEFT,True,True,True,False
REPLAY,Yaniv-LRJ(6)-4:7.csv,80.19325804710388,2026-04-24T17:35:06.382141+00:00,19990,NEUTRAL,tracking,UNKNOWN,0.29438958588271136,0.13468818633866447,0.23400770143934893,INACTIVE,False,0.9999994294287289,5.705712711370637e-07,LEFT,0.9999988588574578,True,,NEUTRAL,True,True,True,False
REPLAY,Yaniv-LRJ(6)-4:7.csv,80.29355478286743,2026-04-24T17:35:06.392724+00:00,20015,NEUTRAL,tracking,UNKNOWN,0.2926935137023191,0.10188345541724142,0.2427606864200424,INACTIVE,False,0.9999998720130613,1.2798693873983808e-07,LEFT,0.9999997440261226,True,,NEUTRAL,True,True,True,False
REPLAY,Yaniv-LRJ(6)-4:7.csv,80.39385151863098,2026-04-24T17:35:06.402019+00:00,20040,NEUTRAL,tracking,UNKNOWN,0.27693885051591083,0.0941463160087895,0.23994421104382715,INACTIVE,False,0.9999999788182521,2.1181747901366904e-08,LEFT,0.9999999576365042,True,,NEUTRAL,True,True,True,False
REPLAY,Yaniv-LRJ(6)-4:7.csv,80.49414825439453,2026-04-24T17:35:06.409342+00:00,20065,NEUTRAL,tracking,UNKNOWN,0.2634961004529256,0.09453489430550788,0.20981529485812578,INACTIVE,False,0.9999999595118544,4.048814556914829e-08,LEFT,0.9999999190237088,True,,NEUTRAL,True,True,True,False
REPLAY,Yaniv-LRJ(6)-4:7.csv,80.59444499015808,2026-04-24T17:35:06.416458+00:00,20090,NEUTRAL,tracking,UNKNOWN,0.31915013757181065,0.12975067950630953,0.2705061105054153,INACTIVE,False,0.9999991807350337,8.19264966334038e-07,LEFT,0.9999983614700674,True,,NEUTRAL,True,True,True,False
REPLAY,Yaniv-LRJ(6)-4:7.csv,80.69474172592163,2026-04-24T17:35:06.423552+00:00,20115,NEUTRAL,tracking,UNKNOWN,0.28765580103478117,0.1198464957596154,0.2171722780550831,INACTIVE,False,0.9999811203659704,1.887963402961393e-05,LEFT,0.9999622407319408,True,,NEUTRAL,True,True,True,False
REPLAY,Yaniv-LRJ(6)-4:7.csv,80.79503846168518,2026-04-24T17:35:06.430642+00:00,20140,NEUTRAL,tracking,UNKNOWN,0.28790652228265157,0.14004007447801273,0.23134486925391962,INACTIVE,False,0.999979909187475,2.0090812525009497e-05,LEFT,0.9999598183749501,True,,NEUTRAL,True,True,True,False
REPLAY,Yaniv-LRJ(6)-4:7.csv,80.89533519744873,2026-04-24T17:35:06.437872+00:00,20165,NEUTRAL,tracking,UNKNOWN,0.2874098108131833,0.14310623424887361,0.2309802723979582,INACTIVE,False,0.9999974321334206,2.567866579340285e-06,LEFT,0.9999948642668413,True,,NEUTRAL,True,True,True,False
REPLAY,Yaniv-LRJ(6)-4:7.csv,80.99563193321228,2026-04-24T17:35:06.448222+00:00,20190,LEFT,LEFT,UNKNOWN,0.27990983257299484,0.09980206130594323,0.24991417024585405,INACTIVE,False,0.9999997494028353,2.5059716471782275e-07,LEFT,0.9999994988056706,True,,LEFT,True,True,True,False
REPLAY,Yaniv-LRJ(6)-4:7.csv,81.09592866897583,2026-04-24T17:35:06.456502+00:00,20215,LEFT,LEFT,UNKNOWN,0.26777679921957487,0.07232098363060735,0.24439473585789576,INACTIVE,False,0.9999999161758583,8.382414168377099e-08,LEFT,0.9999998323517165,True,,LEFT,True,True,True,False
REPLAY,Yaniv-LRJ(6)-4:7.csv,81.19221353530884,2026-04-24T17:35:06.466651+00:00,20239,LEFT,LEFT,UNKNOWN,0.2900693363850798,0.09422344857728339,0.22404818848456995,INACTIVE,False,0.9999999231505866,7.684941341535845e-08,LEFT,0.9999998463011732,True,,LEFT,True,True,True,False
REPLAY,Yaniv-LRJ(6)-4:7.csv,81.29251027107239,2026-04-24T17:35:06.474820+00:00,20264,NEUTRAL,tracking,UNKNOWN,0.267388251178321,0.09896733441581876,0.22057786787895747,INACTIVE,False,0.9999997764657391,2.2353426084334715e-07,LEFT,0.9999995529314782,True,,NEUTRAL,True,True,True,False
REPLAY,Yaniv-LRJ(6)-4:7.csv,81.39280700683594,2026-04-24T17:35:06.481727+00:00,20289,NEUTRAL,tracking,UNKNOWN,0.2779675715678668,0.11450815605965528,0.22494734624067278,INACTIVE,False,0.9999977488704904,2.2511295095796362e-06,LEFT,0.9999954977409808,True,,NEUTRAL,True,True,True,False
REPLAY,Yaniv-LRJ(6)-4:7.csv,81.49310374259949,2026-04-24T17:35:06.488476+00:00,20314,NEUTRAL,tracking,UNKNOWN,0.2663804871265273,0.10644400078070176,0.2139428068011809,INACTIVE,False,0.9999782853827438,2.171461725616969e-05,LEFT,0.9999565707654876,True,,NEUTRAL,True,True,True,False
REPLAY,Yaniv-LRJ(6)-4:7.csv,81.59340047836304,2026-04-24T17:35:06.496082+00:00,20339,NEUTRAL,tracking,UNKNOWN,0.28755915943073307,0.12478652634788356,0.235311019110888,INACTIVE,False,0.9999756589644614,2.4341035538640562e-05,LEFT,0.9999513179289228,True,,NEUTRAL,True,True,True,False
REPLAY,Yaniv-LRJ(6)-4:7.csv,81.69369721412659,2026-04-24T17:35:06.504235+00:00,20364,NEUTRAL,tracking,UNKNOWN,0.27857788421818974,0.13593869324984426,0.2299955407883676,INACTIVE,False,0.9999959257670259,4.07423297408017e-06,LEFT,0.9999918515340518,True,,NEUTRAL,True,True,True,False
REPLAY,Yaniv-LRJ(6)-4:7.csv,81.79399394989014,2026-04-24T17:35:06.510856+00:00,20389,NEUTRAL,tracking,UNKNOWN,0.2898978456858604,0.09967520690272344,0.26728891845003294,INACTIVE,False,0.9999993495729604,6.50427039558871e-07,LEFT,0.9999986991459209,True,,NEUTRAL,True,True,True,False
REPLAY,Yaniv-LRJ(6)-4:7.csv,81.89429068565369,2026-04-24T17:35:06.518903+00:00,20414,NEUTRAL,tracking,UNKNOWN,0.2897496698960259,0.10487306001228751,0.24958559421533513,INACTIVE,False,0.999999631350882,3.686491180089606e-07,LEFT,0.999999262701764,True,,NEUTRAL,True,True,True,False
REPLAY,Yaniv-LRJ(6)-4:7.csv,81.99458742141724,2026-04-24T17:35:06.526350+00:00,20439,NEUTRAL,tracking,UNKNOWN,0.2862189227824522,0.11456338857085405,0.22305012707999308,INACTIVE,False,0.99999963571805,3.6428195008208057e-07,LEFT,0.9999992714360999,True,,NEUTRAL,True,True,True,False
REPLAY,Yaniv-LRJ(6)-4:7.csv,82.09488415718079,2026-04-24T17:35:06.533363+00:00,20464,NEUTRAL,tracking,UNKNOWN,0.2828077135342304,0.10421432176986309,0.2449407827065936,INACTIVE,False,0.9999997890560602,2.1094393978880833e-07,LEFT,0.9999995781121205,True,,NEUTRAL,True,True,True,False
REPLAY,Yaniv-LRJ(6)-4:7.csv,82.19518089294434,2026-04-24T17:35:06.543440+00:00,20489,LEFT,LEFT,UNKNOWN,0.24824354667360438,0.08424500635412559,0.21585180865981668,INACTIVE,False,0.9999997472956559,2.527043440971384e-07,LEFT,0.9999994945913118,True,,LEFT,True,True,True,False
REPLAY,Yaniv-LRJ(6)-4:7.csv,82.29547762870789,2026-04-24T17:35:06.554449+00:00,20514,LEFT,LEFT,UNKNOWN,0.2776055215618233,0.10110920232507911,0.22525247591586564,INACTIVE,False,0.9999988349280365,1.165071963478078e-06,LEFT,0.9999976698560731,True,,LEFT,True,True,True,False
REPLAY,Yaniv-LRJ(6)-4:7.csv,82.39577436447144,2026-04-24T17:35:06.562747+00:00,20539,LEFT,LEFT,UNKNOWN,0.2974258361712915,0.13993117568511518,0.23287958399992523,INACTIVE,False,0.9999974042070472,2.5957929527990354e-06,LEFT,0.9999948084140944,True,,LEFT,True,True,True,False
REPLAY,Yaniv-LRJ(6)-4:7.csv,82.49205923080444,2026-04-24T17:35:06.569747+00:00,20563,NEUTRAL,tracking,UNKNOWN,0.2727910789617728,0.12276738064864885,0.21472741961405525,INACTIVE,False,0.9999996195141435,3.8048585648657854e-07,LEFT,0.999999239028287,True,,NEUTRAL,True,True,True,False
REPLAY,Yaniv-LRJ(6)-4:7.csv,82.592355966568,2026-04-24T17:35:06.577141+00:00,20588,NEUTRAL,tracking,UNKNOWN,0.2813446852007744,0.11467164777133755,0.24006559290280985,INACTIVE,False,0.9999999872621672,1.2737832758438397e-08,LEFT,0.9999999745243344,True,,NEUTRAL,True,True,True,False
REPLAY,Yaniv-LRJ(6)-4:7.csv,82.69265270233154,2026-04-24T17:35:06.584463+00:00,20613,NEUTRAL,tracking,UNKNOWN,0.28448376239567175,0.1096022174371129,0.2304887014376694,INACTIVE,False,0.9999999979580644,2.041935647439222e-09,LEFT,0.9999999959161288,True,,NEUTRAL,True,True,True,False
REPLAY,Yaniv-LRJ(6)-4:7.csv,82.79294943809509,2026-04-24T17:35:06.594317+00:00,20638,NEUTRAL,tracking,UNKNOWN,0.28710230887006893,0.10648334327027441,0.22846012535108895,INACTIVE,False,0.9999999978148095,2.185190423136305e-09,LEFT,0.999999995629619,True,,NEUTRAL,True,True,True,False
REPLAY,Yaniv-LRJ(6)-4:7.csv,82.89324617385864,2026-04-24T17:35:06.603444+00:00,20663,NEUTRAL,tracking,LEFT,0.29884770135742433,0.12274297961114689,0.2304244250321985,INACTIVE,False,0.9999999990740845,9.259155007231939e-10,LEFT,0.9999999981481691,True,,NEUTRAL,True,True,True,False
REPLAY,Yaniv-LRJ(6)-4:7.csv,82.99354290962219,2026-04-24T17:35:06.610642+00:00,20688,NEUTRAL,tracking,LEFT,0.2894692827777122,0.13959209000079953,0.22483053862398875,INACTIVE,False,0.999999999948486,5.151407039259078e-11,LEFT,0.999999999896972,True,,NEUTRAL,True,True,True,False
REPLAY,Yaniv-LRJ(6)-4:7.csv,83.09383964538574,2026-04-24T17:35:06.617521+00:00,20713,NEUTRAL,tracking,LEFT,0.29344755068002315,0.12890247956278664,0.23240657139706986,INACTIVE,False,0.9999999999979624,2.0376112656330614e-12,LEFT,0.9999999999959248,True,,NEUTRAL,True,True,True,False
REPLAY,Yaniv-LRJ(6)-4:7.csv,83.19413638114929,2026-04-24T17:35:06.624604+00:00,20738,NEUTRAL,tracking,LEFT,0.279860441598467,0.10470618187054594,0.23252450946282585,INACTIVE,False,0.9999999999973724,2.6275843856607515e-12,LEFT,0.9999999999947449,True,,NEUTRAL,True,True,True,False
REPLAY,Yaniv-LRJ(6)-4:7.csv,83.29443311691284,2026-04-24T17:35:06.631612+00:00,20763,NEUTRAL,tracking,LEFT,0.27580583887184473,0.103085180998185,0.2338563399710569,INACTIVE,False,0.9999999996954074,3.04592591706876e-10,LEFT,0.9999999993908149,True,,NEUTRAL,True,True,True,False
REPLAY,Yaniv-LRJ(6)-4:7.csv,83.39472985267639,2026-04-24T17:35:06.638913+00:00,20788,NEUTRAL,tracking,LEFT,0.28861245792247425,0.10804901808900268,0.22907978859120748,INACTIVE,False,0.9999998492547951,1.5074520492958072e-07,LEFT,0.9999996985095903,True,,NEUTRAL,True,True,True,False
REPLAY,Yaniv-LRJ(6)-4:7.csv,83.49502658843994,2026-04-24T17:35:06.645689+00:00,20813,NEUTRAL,tracking,LEFT,0.27482617432705314,0.10823053842536613,0.21508206549131578,INACTIVE,False,0.9999958500465636,4.149953436451638e-06,LEFT,0.9999917000931271,True,,NEUTRAL,True,True,True,False
REPLAY,Yaniv-LRJ(6)-4:7.csv,83.59532332420349,2026-04-24T17:35:06.652497+00:00,20838,NEUTRAL,tracking,LEFT,0.2905466566662066,0.11974058594231962,0.2406912939748021,INACTIVE,False,0.9999986791662656,1.3208337344353056e-06,LEFT,0.9999973583325312,True,,NEUTRAL,True,True,True,False
REPLAY,Yaniv-LRJ(6)-4:7.csv,83.69562005996704,2026-04-24T17:35:06.659252+00:00,20863,NEUTRAL,tracking,LEFT,0.28925177288828685,0.11305613233828052,0.2280729456638272,INACTIVE,False,0.9999999281497278,7.185027215843332e-08,LEFT,0.9999998562994556,True,,NEUTRAL,True,True,True,False
REPLAY,Yaniv-LRJ(6)-4:7.csv,83.79591679573059,2026-04-24T17:35:06.666267+00:00,20888,NEUTRAL,tracking,LEFT,0.287600492539413,0.08888894537712688,0.24009251888302632,INACTIVE,False,0.9999999810537145,1.8946285541277245e-08,LEFT,0.9999999621074289,True,,NEUTRAL,True,True,True,False
REPLAY,Yaniv-LRJ(6)-4:7.csv,83.8922016620636,2026-04-24T17:35:06.674042+00:00,20912,NEUTRAL,tracking,LEFT,0.2783212044911445,0.10412919129357688,0.2283818629117274,INACTIVE,False,0.9999999492054473,5.0794552664140186e-08,LEFT,0.9999998984108946,True,,NEUTRAL,True,True,True,False
REPLAY,Yaniv-LRJ(6)-4:7.csv,83.99249839782715,2026-04-24T17:35:06.681106+00:00,20937,NEUTRAL,tracking,LEFT,0.27228927470681286,0.09224446490220194,0.2113626816679261,INACTIVE,False,0.9999995428602183,4.5713978172281724e-07,LEFT,0.9999990857204366,True,,NEUTRAL,True,True,True,False
REPLAY,Yaniv-LRJ(6)-4:7.csv,84.0927951335907,2026-04-24T17:35:06.688360+00:00,20962,NEUTRAL,tracking,LEFT,0.27795465178341205,0.08417574605752959,0.23617866270338017,INACTIVE,False,0.9999975631441113,2.436855888777708e-06,LEFT,0.9999951262882225,True,,NEUTRAL,True,True,True,False
REPLAY,Yaniv-LRJ(6)-4:7.csv,84.19309186935425,2026-04-24T17:35:06.695478+00:00,20987,NEUTRAL,tracking,LEFT,0.2657628816869948,0.09484355936068571,0.21620503121192233,INACTIVE,False,0.9999571830447473,4.281695525268406e-05,LEFT,0.9999143660894947,True,,NEUTRAL,True,True,True,False
REPLAY,Yaniv-LRJ(6)-4:7.csv,84.2933886051178,2026-04-24T17:35:06.702640+00:00,21012,NEUTRAL,tracking,LEFT,0.26992283155194285,0.0842176736886677,0.20973978867542004,INACTIVE,False,0.95595879601053,0.04404120398946997,LEFT,0.91191759202106,True,,NEUTRAL,True,True,True,False
REPLAY,Yaniv-LRJ(6)-4:7.csv,84.39368534088135,2026-04-24T17:35:06.713407+00:00,21037,LEFT,LEFT,LEFT,0.2972048883276134,0.1232127211943549,0.2416838081397856,INACTIVE,False,0.005801042872712658,0.9941989571272873,RIGHT,0.9883979142545747,True,,LEFT,True,True,True,False
REPLAY,Yaniv-LRJ(6)-4:7.csv,84.4939820766449,2026-04-24T17:35:06.725634+00:00,21062,LEFT,LEFT,LEFT,0.29776645040479277,0.1329753007773264,0.24393584732818432,INACTIVE,False,0.004717070742998097,0.9952829292570019,RIGHT,0.9905658585140038,True,,LEFT,True,True,True,False
REPLAY,Yaniv-LRJ(6)-4:7.csv,84.59427881240845,2026-04-24T17:35:06.736437+00:00,21087,NEUTRAL,tracking,LEFT,0.26558864746568267,0.09973363769741052,0.21047008060945227,INACTIVE,False,0.9993451290054935,0.0006548709945064325,LEFT,0.9986902580109871,True,,NEUTRAL,True,True,True,False
REPLAY,Yaniv-LRJ(6)-4:7.csv,84.694575548172,2026-04-24T17:35:06.744600+00:00,21112,NEUTRAL,tracking,LEFT,0.28352846575361645,0.10195920826890736,0.22794042519554075,INACTIVE,False,0.9999999999932169,6.783142261400862e-12,LEFT,0.9999999999864337,True,,NEUTRAL,True,True,True,False
REPLAY,Yaniv-LRJ(6)-4:7.csv,84.79487228393555,2026-04-24T17:35:06.751875+00:00,21137,NEUTRAL,tracking,LEFT,0.2626967910116996,0.10016801733002605,0.22807149236990407,INACTIVE,False,0.9999999999999994,6.066005324432538e-16,LEFT,0.9999999999999989,True,,NEUTRAL,True,True,True,False
REPLAY,Yaniv-LRJ(6)-4:7.csv,84.8951690196991,2026-04-24T17:35:06.759194+00:00,21162,NEUTRAL,tracking,LEFT,0.28605609194965953,0.1057282612516804,0.24020573571257495,INACTIVE,False,0.9999999999999345,6.551941941523825e-14,LEFT,0.999999999999869,True,,NEUTRAL,True,True,True,False
REPLAY,Yaniv-LRJ(6)-4:7.csv,84.99546575546265,2026-04-24T17:35:06.766132+00:00,21187,NEUTRAL,tracking,LEFT,0.2687094225336807,0.10405051894288951,0.2396211998991991,INACTIVE,False,0.9999999997310387,2.689612443200351e-10,LEFT,0.9999999994620774,True,,NEUTRAL,True,True,True,False
REPLAY,Yaniv-LRJ(6)-4:7.csv,85.0957624912262,2026-04-24T17:35:06.783065+00:00,21212,NEUTRAL,tracking,LEFT,0.2679650892279076,0.0990925455028197,0.2213457487867058,INACTIVE,False,0.9999999963578345,3.6421654238279325e-09,LEFT,0.9999999927156691,True,,NEUTRAL,True,True,True,False
REPLAY,Yaniv-LRJ(6)-4:7.csv,85.1920473575592,2026-04-24T17:35:06.789891+00:00,21236,NEUTRAL,tracking,LEFT,0.2785004715596485,0.09724089347980377,0.23991343990087108,INACTIVE,False,0.9999999999110977,8.890228893967384e-11,LEFT,0.9999999998221953,True,,NEUTRAL,True,True,True,False
REPLAY,Yaniv-LRJ(6)-4:7.csv,85.29234409332275,2026-04-24T17:35:06.796883+00:00,21261,NEUTRAL,tracking,LEFT,0.2537017393629134,0.07500534351252705,0.21920989875367014,INACTIVE,False,0.9999999999996415,3.584957291166252e-13,LEFT,0.999999999999283,True,,NEUTRAL,True,True,True,False
REPLAY,Yaniv-LRJ(6)-4:7.csv,85.3926408290863,2026-04-24T17:35:06.804265+00:00,21286,NEUTRAL,tracking,LEFT,0.2739317587455765,0.09480126077237722,0.22506741260215524,INACTIVE,False,0.9999999999999931,6.925610486996878e-15,LEFT,0.9999999999999862,True,,NEUTRAL,True,True,True,False
REPLAY,Yaniv-LRJ(6)-4:7.csv,85.49293756484985,2026-04-24T17:35:06.811507+00:00,21311,NEUTRAL,tracking,LEFT,0.2766552981125078,0.09890268872582132,0.23381859024903437,INACTIVE,False,1.0,4.5501653656207937e-17,LEFT,1.0,True,,NEUTRAL,True,True,True,False
REPLAY,Yaniv-LRJ(6)-4:7.csv,85.5932343006134,2026-04-24T17:35:06.818348+00:00,21336,NEUTRAL,tracking,LEFT,0.25493001013570193,0.08527442704352695,0.21673780015246538,INACTIVE,False,1.0,1.0316079270453432e-21,LEFT,1.0,True,,NEUTRAL,True,True,True,False
REPLAY,Yaniv-LRJ(6)-4:7.csv,85.69353103637695,2026-04-24T17:35:06.825086+00:00,21361,NEUTRAL,tracking,LEFT,0.2909711334440679,0.10106364635402122,0.24980959109046555,INACTIVE,False,1.0,1.6510398434090914e-27,LEFT,1.0,True,,NEUTRAL,True,True,True,False
REPLAY,Yaniv-LRJ(6)-4:7.csv,85.7938277721405,2026-04-24T17:35:06.834353+00:00,21386,NEUTRAL,tracking,LEFT,0.2717868599490111,0.11138895352538962,0.24071346161820084,INACTIVE,False,1.0,5.1650458286481215e-30,LEFT,1.0,True,,NEUTRAL,True,True,True,False
REPLAY,Yaniv-LRJ(6)-4:7.csv,85.89412450790405,2026-04-24T17:35:06.845977+00:00,21411,NEUTRAL,tracking,LEFT,0.29940673668418727,0.13809592259196476,0.24496117523740582,INACTIVE,False,1.0,5.0585666056018394e-26,LEFT,1.0,True,,NEUTRAL,True,True,True,False
REPLAY,Yaniv-LRJ(6)-4:7.csv,85.9944212436676,2026-04-24T17:35:06.854289+00:00,21436,NEUTRAL,tracking,LEFT,0.29137139824555236,0.12374844708456777,0.23218414327891468,INACTIVE,False,0.9999999999999999,1.0913092566822532e-16,LEFT,0.9999999999999998,True,,NEUTRAL,True,True,True,False
REPLAY,Yaniv-LRJ(6)-4:7.csv,86.09471797943115,2026-04-24T17:35:06.864057+00:00,21461,NEUTRAL,tracking,LEFT,0.2977362757207008,0.12489119328201156,0.23795570529988339,INACTIVE,False,0.9999999527690604,4.7230939553283925e-08,LEFT,0.9999999055381208,True,,NEUTRAL,True,True,True,False
REPLAY,Yaniv-LRJ(6)-4:7.csv,86.1950147151947,2026-04-24T17:35:06.875318+00:00,21486,NEUTRAL,tracking,LEFT,0.3037032396465289,0.15151306051500718,0.2599816533935772,INACTIVE,False,0.9998502751216118,0.0001497248783881195,LEFT,0.9997005502432237,True,,NEUTRAL,True,True,True,False
REPLAY,Yaniv-LRJ(6)-4:7.csv,86.29531145095825,2026-04-24T17:35:06.883536+00:00,21511,NEUTRAL,tracking,LEFT,0.286387804269405,0.1267693388870257,0.24786097134824328,INACTIVE,False,0.9999805548807986,1.9445119201350844e-05,LEFT,0.9999611097615972,True,,NEUTRAL,True,True,True,False
REPLAY,Yaniv-LRJ(6)-4:7.csv,86.3956081867218,2026-04-24T17:35:06.890444+00:00,21536,NEUTRAL,tracking,LEFT,0.26179621998927605,0.09757566343050526,0.19365559853443456,INACTIVE,False,0.9999997419214108,2.580785891201013e-07,LEFT,0.9999994838428217,True,,NEUTRAL,True,True,True,False
REPLAY,Yaniv-LRJ(6)-4:7.csv,86.49590492248535,2026-04-24T17:35:06.897446+00:00,21561,NEUTRAL,tracking,LEFT,0.2763960239637526,0.13562060632222794,0.21076342824857658,INACTIVE,False,0.9999994255488451,5.744511549091431e-07,LEFT,0.9999988510976903,True,,NEUTRAL,True,True,True,False
REPLAY,Yaniv-LRJ(6)-4:7.csv,86.59218978881836,2026-04-24T17:35:06.904664+00:00,21585,NEUTRAL,tracking,LEFT,0.28210751266655965,0.10745143733948019,0.2088577011511378,INACTIVE,False,0.9996466408262029,0.00035335917379709177,LEFT,0.9992932816524058,True,,NEUTRAL,True,True,True,False
REPLAY,Yaniv-LRJ(6)-4:7.csv,86.69248652458191,2026-04-24T17:35:06.911509+00:00,21610,NEUTRAL,tracking,LEFT,0.29613206012005566,0.12827329184352296,0.24541640503515127,INACTIVE,False,0.7853881072204403,0.21461189277955975,LEFT,0.5707762144408806,True,,NEUTRAL,True,True,True,False
REPLAY,Yaniv-LRJ(6)-4:7.csv,86.79278326034546,2026-04-24T17:35:06.918414+00:00,21635,NEUTRAL,tracking,LEFT,0.2613173863156535,0.12122088483633067,0.21836301367877362,INACTIVE,False,0.008016305880183316,0.9919836941198167,RIGHT,0.9839673882396334,True,,NEUTRAL,True,True,True,False
REPLAY,Yaniv-LRJ(6)-4:7.csv,86.89307999610901,2026-04-24T17:35:06.927615+00:00,21660,LEFT,LEFT,LEFT,0.24156356240373777,0.07646375508104734,0.17941798272757264,INACTIVE,False,9.876536125497104e-06,0.9999901234638745,RIGHT,0.999980246927749,True,,LEFT,True,True,True,False
REPLAY,Yaniv-LRJ(6)-4:7.csv,86.99337673187256,2026-04-24T17:35:06.936053+00:00,21685,LEFT,LEFT,LEFT,0.258598785792193,0.08594489188272576,0.2210552578567697,INACTIVE,False,8.152728048216318e-08,0.9999999184727195,RIGHT,0.999999836945439,True,,LEFT,True,True,True,False
REPLAY,Yaniv-LRJ(6)-4:7.csv,87.09367346763611,2026-04-24T17:35:06.942693+00:00,21710,NEUTRAL,tracking,LEFT,0.26525718758347994,0.10678672958191777,0.22319906069317538,INACTIVE,False,3.1905327074754908e-06,0.9999968094672925,RIGHT,0.999993618934585,True,,NEUTRAL,True,True,True,False
REPLAY,Yaniv-LRJ(6)-4:7.csv,87.19397020339966,2026-04-24T17:35:06.950010+00:00,21735,NEUTRAL,tracking,LEFT,0.26586300579853495,0.11247737990122968,0.20424889035646576,INACTIVE,False,0.7764908855087685,0.22350911449123145,LEFT,0.5529817710175371,True,,NEUTRAL,True,True,True,False
REPLAY,Yaniv-LRJ(6)-4:7.csv,87.29426693916321,2026-04-24T17:35:06.957788+00:00,21760,NEUTRAL,tracking,LEFT,0.2656787927570303,0.11088953119092894,0.20134364676364663,INACTIVE,False,0.9999999247868386,7.521316134468397e-08,LEFT,0.9999998495736773,True,,NEUTRAL,True,True,True,False
REPLAY,Yaniv-LRJ(6)-4:7.csv,87.39456367492676,2026-04-24T17:35:06.964674+00:00,21785,NEUTRAL,tracking,LEFT,0.25880336881066723,0.10219835410566762,0.20589760297272416,INACTIVE,False,0.9999999999504012,4.959879977332544e-11,LEFT,0.9999999999008025,True,,NEUTRAL,True,True,True,False
REPLAY,Yaniv-LRJ(6)-4:7.csv,87.49486041069031,2026-04-24T17:35:06.971663+00:00,21810,NEUTRAL,tracking,LEFT,0.27559718720667126,0.10337236020751187,0.23172853056375672,INACTIVE,False,0.9999999998629514,1.370486202660273e-10,LEFT,0.9999999997259028,True,,NEUTRAL,True,True,True,False
REPLAY,Yaniv-LRJ(6)-4:7.csv,87.59515714645386,2026-04-24T17:35:06.978467+00:00,21835,NEUTRAL,tracking,LEFT,0.26929800129045767,0.08096715886910706,0.20661302557648664,INACTIVE,False,0.9999999913657214,8.634278597704772e-09,LEFT,0.9999999827314427,True,,NEUTRAL,True,True,True,False
REPLAY,Yaniv-LRJ(6)-4:7.csv,87.69545388221741,2026-04-24T17:35:06.985540+00:00,21860,NEUTRAL,tracking,LEFT,0.2560175969242201,0.08897524663708477,0.20245741012701482,INACTIVE,False,0.9999997726407944,2.2735920560272124e-07,LEFT,0.9999995452815889,True,,NEUTRAL,True,True,True,False
REPLAY,Yaniv-LRJ(6)-4:7.csv,87.79575061798096,2026-04-24T17:35:06.992694+00:00,21885,NEUTRAL,tracking,LEFT,0.2839257335669195,0.11212774335204259,0.23364951164651632,INACTIVE,False,0.9999996872724443,3.127275557451046e-07,LEFT,0.9999993745448885,True,,NEUTRAL,True,True,True,False
REPLAY,Yaniv-LRJ(6)-4:7.csv,87.89203548431396,2026-04-24T17:35:06.999370+00:00,21909,NEUTRAL,tracking,UNKNOWN,0.28632952055059735,0.12078451937889768,0.2168596599686985,INACTIVE,False,0.9999999793252425,2.067475741981831e-08,LEFT,0.9999999586504851,True,,NEUTRAL,True,True,True,False
REPLAY,Yaniv-LRJ(6)-4:7.csv,87.99233222007751,2026-04-24T17:35:07.006247+00:00,21934,NEUTRAL,tracking,UNKNOWN,0.31369914208626315,0.16171073225264357,0.23281012094726344,INACTIVE,False,0.9999999991756778,8.243221338201829e-10,LEFT,0.9999999983513557,True,,NEUTRAL,True,True,True,False
REPLAY,Yaniv-LRJ(6)-4:7.csv,88.09262895584106,2026-04-24T17:35:07.015207+00:00,21959,LEFT,LEFT,UNKNOWN,0.2839588939604393,0.12602721266890232,0.2366846808830914,INACTIVE,False,0.9999999999075742,9.242582173210523e-11,LEFT,0.9999999998151483,True,,LEFT,True,True,True,False
REPLAY,Yaniv-LRJ(6)-4:7.csv,88.19292569160461,2026-04-24T17:35:07.023545+00:00,21984,LEFT,LEFT,UNKNOWN,0.2838652677759812,0.11414040495131349,0.24154594683484523,INACTIVE,False,0.9999999999128886,8.71114514044341e-11,LEFT,0.9999999998257771,True,,LEFT,True,True,True,False
REPLAY,Yaniv-LRJ(6)-4:7.csv,88.29322242736816,2026-04-24T17:35:07.033211+00:00,22009,LEFT,LEFT,UNKNOWN,0.2907011283191415,0.1199011792017389,0.2369322709602738,INACTIVE,False,0.9999999991896648,8.103352581768548e-10,LEFT,0.9999999983793295,True,,LEFT,True,True,True,False
REPLAY,Yaniv-LRJ(6)-4:7.csv,88.39351916313171,2026-04-24T17:35:07.042047+00:00,22034,NEUTRAL,tracking,UNKNOWN,0.29147472583193934,0.10373816607457866,0.2528545805865348,INACTIVE,False,0.9999999755215694,2.447843063283081e-08,LEFT,0.9999999510431388,True,,NEUTRAL,True,True,True,False
REPLAY,Yaniv-LRJ(6)-4:7.csv,88.49381589889526,2026-04-24T17:35:07.049065+00:00,22059,NEUTRAL,tracking,UNKNOWN,0.2841852622888793,0.10367187921801907,0.24208528063993437,INACTIVE,False,0.999996509710372,3.490289627995964e-06,LEFT,0.999993019420744,True,,NEUTRAL,True,True,True,False
REPLAY,Yaniv-LRJ(6)-4:7.csv,88.59411263465881,2026-04-24T17:35:07.059121+00:00,22084,NEUTRAL,tracking,UNKNOWN,0.2872599069322268,0.10462968120731395,0.22689978840260328,INACTIVE,False,0.9981407610201832,0.001859238979816818,LEFT,0.9962815220403665,True,,NEUTRAL,True,True,True,False
REPLAY,Yaniv-LRJ(6)-4:7.csv,88.69440937042236,2026-04-24T17:35:07.067355+00:00,22109,NEUTRAL,tracking,UNKNOWN,0.2902196767098999,0.12958177322875997,0.23928516163492988,INACTIVE,False,0.7987627152079624,0.20123728479203767,LEFT,0.5975254304159248,True,,NEUTRAL,True,True,True,False
REPLAY,Yaniv-LRJ(6)-4:7.csv,88.79470610618591,2026-04-24T17:35:07.074655+00:00,22134,NEUTRAL,tracking,UNKNOWN,0.2919467439738491,0.13870337672194044,0.23778221127820515,INACTIVE,False,0.7679902157315679,0.23200978426843205,LEFT,0.5359804314631358,True,,NEUTRAL,True,True,True,False
REPLAY,Yaniv-LRJ(6)-4:7.csv,88.89500284194946,2026-04-24T17:35:07.081655+00:00,22159,NEUTRAL,tracking,UNKNOWN,0.29858833443972677,0.10836201008524411,0.24396970839294974,INACTIVE,False,0.9991561293669647,0.0008438706330352478,LEFT,0.9983122587339295,True,,NEUTRAL,True,True,True,False
REPLAY,Yaniv-LRJ(6)-4:7.csv,88.99529957771301,2026-04-24T17:35:07.088948+00:00,22184,NEUTRAL,tracking,UNKNOWN,0.2746828315749529,0.09941543655454724,0.22320566517395823,INACTIVE,False,0.9999998033383056,1.9666169438491265e-07,LEFT,0.9999996066766113,True,,NEUTRAL,True,True,True,False
REPLAY,Yaniv-LRJ(6)-4:7.csv,89.09559631347656,2026-04-24T17:35:07.095801+00:00,22209,NEUTRAL,tracking,UNKNOWN,0.2852169706753841,0.10497679392578103,0.21075899642101684,INACTIVE,False,0.9999999989874016,1.0125984006831448e-09,LEFT,0.9999999979748031,True,,NEUTRAL,True,True,True,False
REPLAY,Yaniv-LRJ(6)-4:7.csv,89.19589304924011,2026-04-24T17:35:07.102887+00:00,22234,NEUTRAL,tracking,UNKNOWN,0.27778742432693093,0.13433057072649315,0.2200396754987988,INACTIVE,False,0.9999999993889169,6.110830473014497e-10,LEFT,0.9999999987778339,True,,NEUTRAL,True,True,True,False
REPLAY,Yaniv-LRJ(6)-4:7.csv,89.29217791557312,2026-04-24T17:35:07.109444+00:00,22258,NEUTRAL,tracking,UNKNOWN,0.275566801575026,0.11773135960308,0.22019891348888476,INACTIVE,False,0.99999999674279,3.257209919648339e-09,LEFT,0.9999999934855801,True,,NEUTRAL,True,True,True,False
REPLAY,Yaniv-LRJ(6)-4:7.csv,89.39247465133667,2026-04-24T17:35:07.115889+00:00,22283,NEUTRAL,tracking,UNKNOWN,0.283118933611334,0.12625729142848593,0.24183917120711831,INACTIVE,False,0.9999999780149267,2.1985073295364112e-08,LEFT,0.9999999560298534,True,,NEUTRAL,True,True,True,False
REPLAY,Yaniv-LRJ(6)-4:7.csv,89.49277138710022,2026-04-24T17:35:07.122626+00:00,22308,NEUTRAL,tracking,UNKNOWN,0.28611357577723684,0.12854511699525867,0.23758976742017704,INACTIVE,False,0.9999999320572515,6.794274851733934e-08,LEFT,0.9999998641145029,True,,NEUTRAL,True,True,True,False
REPLAY,Yaniv-LRJ(6)-4:7.csv,89.59306812286377,2026-04-24T17:35:07.131540+00:00,22333,NEUTRAL,tracking,UNKNOWN,0.26904739359334107,0.10978708299542207,0.22197884036809898,INACTIVE,False,0.9999999371395775,6.286042252649093e-08,LEFT,0.9999998742791549,True,,NEUTRAL,True,True,True,False
REPLAY,Yaniv-LRJ(6)-4:7.csv,89.69336485862732,2026-04-24T17:35:07.143027+00:00,22358,NEUTRAL,tracking,UNKNOWN,0.3060370439414023,0.15099080429782377,0.24190646927184623,INACTIVE,False,0.9999999714894409,2.8510559175517497e-08,LEFT,0.9999999429788817,True,,NEUTRAL,True,True,True,False
REPLAY,Yaniv-LRJ(6)-4:7.csv,89.79366159439087,2026-04-24T17:35:07.151159+00:00,22383,NEUTRAL,tracking,UNKNOWN,0.2904162513400742,0.13965019963783679,0.22753386959554106,INACTIVE,False,0.99999998921423,1.0785770086149269e-08,LEFT,0.9999999784284599,True,,NEUTRAL,True,True,True,False
REPLAY,Yaniv-LRJ(6)-4:7.csv,89.89395833015442,2026-04-24T17:35:07.158596+00:00,22408,NEUTRAL,tracking,UNKNOWN,0.2998102972850738,0.12398211541764773,0.23136058752847316,INACTIVE,False,0.9999999928717299,7.128270108259139e-09,LEFT,0.9999999857434598,True,,NEUTRAL,True,True,True,False
REPLAY,Yaniv-LRJ(6)-4:7.csv,89.99425506591797,2026-04-24T17:35:07.171268+00:00,22433,LEFT,LEFT,UNKNOWN,0.2818861135296794,0.1260568612812414,0.20833531402268524,INACTIVE,False,0.9999999919285605,8.071439539453386e-09,LEFT,0.999999983857121,True,,LEFT,True,True,True,False
REPLAY,Yaniv-LRJ(6)-4:7.csv,90.09455180168152,2026-04-24T17:35:07.190899+00:00,22458,LEFT,LEFT,UNKNOWN,0.28073673898563367,0.1460416329818332,0.21590763675210342,INACTIVE,False,0.9999999937376101,6.262389906821251e-09,LEFT,0.9999999874752201,True,,LEFT,True,True,True,False
REPLAY,Yaniv-LRJ(6)-4:7.csv,90.19484853744507,2026-04-24T17:35:07.200807+00:00,22483,NEUTRAL,tracking,UNKNOWN,0.2869267922420391,0.1344549136177245,0.23017830828179098,INACTIVE,False,0.9999999975699019,2.4300980782715654e-09,LEFT,0.9999999951398038,True,,NEUTRAL,True,True,True,False
REPLAY,Yaniv-LRJ(6)-4:7.csv,90.29514527320862,2026-04-24T17:35:07.209607+00:00,22508,NEUTRAL,tracking,UNKNOWN,0.26896485195243847,0.11501286830179597,0.19854690293711233,INACTIVE,False,0.9999999991102407,8.897592365868514e-10,LEFT,0.9999999982204815,True,,NEUTRAL,True,True,True,False
REPLAY,Yaniv-LRJ(6)-4:7.csv,90.39544200897217,2026-04-24T17:35:07.219222+00:00,22533,NEUTRAL,tracking,UNKNOWN,0.2712117964378815,0.1165619573481996,0.2141408102737687,INACTIVE,False,0.9999999995759887,4.2401121532143484e-10,LEFT,0.9999999991519775,True,,NEUTRAL,True,True,True,False
REPLAY,Yaniv-LRJ(6)-4:7.csv,90.49573874473572,2026-04-24T17:35:07.227200+00:00,22558,NEUTRAL,tracking,UNKNOWN,0.2729016582089092,0.10502693730593231,0.2287997209900407,INACTIVE,False,0.9999999996757761,3.242238723041807e-10,LEFT,0.9999999993515523,True,,NEUTRAL,True,True,True,False
REPLAY,Yaniv-LRJ(6)-4:7.csv,90.59202361106873,2026-04-24T17:35:07.234586+00:00,22582,NEUTRAL,tracking,UNKNOWN,0.281569271641267,0.10427203831974094,0.21191817904750157,INACTIVE,False,0.9999999995666402,4.3335980657139067e-10,LEFT,0.9999999991332804,True,,NEUTRAL,True,True,True,False
REPLAY,Yaniv-LRJ(6)-4:7.csv,90.69232034683228,2026-04-24T17:35:07.241833+00:00,22607,NEUTRAL,tracking,UNKNOWN,0.26604825966965917,0.10075369180371209,0.2114409653183378,INACTIVE,False,0.9999999993316576,6.683424350933193e-10,LEFT,0.9999999986633152,True,,NEUTRAL,True,True,True,False
REPLAY,Yaniv-LRJ(6)-4:7.csv,90.79261708259583,2026-04-24T17:35:07.248763+00:00,22632,NEUTRAL,tracking,UNKNOWN,0.2813531326637918,0.09457738959533886,0.24183877033605966,INACTIVE,False,0.9999999989371191,1.0628808667340226e-09,LEFT,0.9999999978742382,True,,NEUTRAL,True,True,True,False
REPLAY,Yaniv-LRJ(6)-4:7.csv,90.89291381835938,2026-04-24T17:35:07.255928+00:00,22657,NEUTRAL,tracking,UNKNOWN,0.266870919496366,0.0636150291696526,0.24148123674798022,INACTIVE,False,0.9999999988274523,1.172547717179892e-09,LEFT,0.9999999976549045,True,,NEUTRAL,True,True,True,False
REPLAY,Yaniv-LRJ(6)-4:7.csv,90.99321055412292,2026-04-24T17:35:07.262838+00:00,22682,NEUTRAL,tracking,UNKNOWN,0.26658938907295415,0.05650755817889907,0.23906806009980983,INACTIVE,False,0.999999996067745,3.932254956563222e-09,LEFT,0.9999999921354901,True,,NEUTRAL,True,True,True,False
REPLAY,Yaniv-LRJ(6)-4:7.csv,91.09350728988647,2026-04-24T17:35:07.272681+00:00,22707,LEFT,LEFT,UNKNOWN,0.27692725900977266,0.08082855377070915,0.21561926521762514,INACTIVE,False,0.999998306262607,1.6937373929595713e-06,LEFT,0.999996612525214,True,,LEFT,True,True,True,False
REPLAY,Yaniv-LRJ(6)-4:7.csv,91.19380402565002,2026-04-24T17:35:07.280848+00:00,22732,LEFT,LEFT,UNKNOWN,0.2750162511656583,0.09915903409927888,0.22512964219542744,INACTIVE,False,0.8944328286197086,0.10556717138029134,LEFT,0.7888656572394173,True,,LEFT,True,True,True,False
REPLAY,Yaniv-LRJ(6)-4:7.csv,91.29410076141357,2026-04-24T17:35:07.287786+00:00,22757,NEUTRAL,tracking,UNKNOWN,0.2798657556785905,0.10771578104254621,0.23291538467447337,INACTIVE,False,0.00015838354127339915,0.9998416164587266,RIGHT,0.9996832329174532,True,,NEUTRAL,True,True,True,False
REPLAY,Yaniv-LRJ(6)-4:7.csv,91.39439749717712,2026-04-24T17:35:07.294670+00:00,22782,NEUTRAL,tracking,UNKNOWN,0.27610653963776066,0.09857098222390048,0.2233377179662256,INACTIVE,False,4.50301058629865e-06,0.9999954969894137,RIGHT,0.9999909939788274,True,,NEUTRAL,True,True,True,False
REPLAY,Yaniv-LRJ(6)-4:7.csv,91.49469423294067,2026-04-24T17:35:07.301340+00:00,22807,NEUTRAL,tracking,UNKNOWN,0.2588848393700124,0.09064038505874292,0.19642075586019503,INACTIVE,False,0.0012998635046375107,0.9987001364953625,RIGHT,0.997400272990725,True,,NEUTRAL,True,True,True,False
REPLAY,Yaniv-LRJ(6)-4:7.csv,91.59499096870422,2026-04-24T17:35:07.307956+00:00,22832,NEUTRAL,tracking,UNKNOWN,0.28365047226859363,0.10575769883271585,0.2180699892433646,INACTIVE,False,0.962815888360723,0.037184111639277075,LEFT,0.9256317767214459,True,,NEUTRAL,True,True,True,False
REPLAY,Yaniv-LRJ(6)-4:7.csv,91.69528770446777,2026-04-24T17:35:07.314551+00:00,22857,NEUTRAL,tracking,UNKNOWN,0.28440297144904425,0.11720941503284164,0.20242890176616932,INACTIVE,False,0.9999907649110137,9.235088986317659e-06,LEFT,0.9999815298220274,True,,NEUTRAL,True,True,True,False
REPLAY,Yaniv-LRJ(6)-4:7.csv,91.79558444023132,2026-04-24T17:35:07.321842+00:00,22882,NEUTRAL,tracking,UNKNOWN,0.28130537607813233,0.131874582072725,0.2391240643170976,INACTIVE,False,0.999999892371023,1.0762897697059218e-07,LEFT,0.9999997847420461,True,,NEUTRAL,True,True,True,False
REPLAY,Yaniv-LRJ(6)-4:7.csv,91.89588117599487,2026-04-24T17:35:07.328806+00:00,22907,NEUTRAL,tracking,UNKNOWN,0.29931895061597213,0.11679966151330769,0.24961058105547151,INACTIVE,False,0.9999999940792518,5.920748237345232e-09,LEFT,0.9999999881585035,True,,NEUTRAL,True,True,True,False
REPLAY,Yaniv-LRJ(6)-4:7.csv,91.99216604232788,2026-04-24T17:35:07.336029+00:00,22931,NEUTRAL,tracking,UNKNOWN,0.2626636440327562,0.09363812850061219,0.21697565232552568,INACTIVE,False,0.9999999996504677,3.495322560572199e-10,LEFT,0.9999999993009354,True,,NEUTRAL,True,True,True,False
REPLAY,Yaniv-LRJ(6)-4:7.csv,92.09246277809143,2026-04-24T17:35:07.346016+00:00,22956,NEUTRAL,tracking,RIGHT,0.2835418408691873,0.10146126186606125,0.23789296827115713,INACTIVE,False,0.9999999999699244,3.007559997052154e-11,LEFT,0.9999999999398488,True,,NEUTRAL,True,True,True,False
REPLAY,Yaniv-LRJ(6)-4:7.csv,92.19275951385498,2026-04-24T17:35:07.354496+00:00,22981,NEUTRAL,tracking,RIGHT,0.2897691750063959,0.10015587053009593,0.24770777649929132,INACTIVE,False,0.9999999999818747,1.8125277884837428e-11,LEFT,0.9999999999637494,True,,NEUTRAL,True,True,True,False
REPLAY,Yaniv-LRJ(6)-4:7.csv,92.29305624961853,2026-04-24T17:35:07.367781+00:00,23006,NEUTRAL,tracking,RIGHT,0.2883246504682877,0.11891274796672587,0.22985495933393674,INACTIVE,False,0.9999999998531888,1.4681126867045598e-10,LEFT,0.9999999997063775,True,,NEUTRAL,True,True,True,False
REPLAY,Yaniv-LRJ(6)-4:7.csv,92.39335298538208,2026-04-24T17:35:07.378049+00:00,23031,NEUTRAL,tracking,RIGHT,0.2904772132418957,0.12754821528842206,0.23605408567221575,INACTIVE,False,0.9999999968983806,3.1016193887455982e-09,LEFT,0.9999999937967612,True,,NEUTRAL,True,True,True,False
REPLAY,Yaniv-LRJ(6)-4:7.csv,92.49364972114563,2026-04-24T17:35:07.385823+00:00,23056,NEUTRAL,tracking,RIGHT,0.3142277555536258,0.1570279274744536,0.263916152494752,INACTIVE,False,0.9999999830810906,1.6918909358726866e-08,LEFT,0.9999999661621812,True,,NEUTRAL,True,True,True,False
REPLAY,Yaniv-LRJ(6)-4:7.csv,92.59394645690918,2026-04-24T17:35:07.393076+00:00,23081,NEUTRAL,tracking,RIGHT,0.30367737852008203,0.12855591695461174,0.24478232886418277,INACTIVE,False,0.9999999791360524,2.08639475305389e-08,LEFT,0.9999999582721049,True,,NEUTRAL,True,True,True,False
REPLAY,Yaniv-LRJ(6)-4:7.csv,92.69424319267273,2026-04-24T17:35:07.399874+00:00,23106,NEUTRAL,tracking,RIGHT,0.30668523495420075,0.15058411555347873,0.23563557398575938,INACTIVE,False,0.9999999722479646,2.775203541835067e-08,LEFT,0.9999999444959291,True,,NEUTRAL,True,True,True,False
REPLAY,Yaniv-LRJ(6)-4:7.csv,92.79453992843628,2026-04-24T17:35:07.406931+00:00,23131,NEUTRAL,tracking,RIGHT,0.3004546672300522,0.15470881540028414,0.2387646377048613,INACTIVE,False,0.9999999638675013,3.6132498644727746e-08,LEFT,0.9999999277350027,True,,NEUTRAL,True,True,True,False
REPLAY,Yaniv-LRJ(6)-4:7.csv,92.89483666419983,2026-04-24T17:35:07.413969+00:00,23156,NEUTRAL,tracking,RIGHT,0.2957793450734999,0.14444985694186396,0.23352041207810267,INACTIVE,False,0.999999987679525,1.2320474944783991e-08,LEFT,0.99999997535905,True,,NEUTRAL,True,True,True,False
REPLAY,Yaniv-LRJ(6)-4:7.csv,92.99513339996338,2026-04-24T17:35:07.421044+00:00,23181,NEUTRAL,tracking,RIGHT,0.2906266707771983,0.14109221343530273,0.24310656675941253,INACTIVE,False,0.9999999988690228,1.1309772210669554e-09,LEFT,0.9999999977380456,True,,NEUTRAL,True,True,True,False
REPLAY,Yaniv-LRJ(6)-4:7.csv,93.09543013572693,2026-04-24T17:35:07.428099+00:00,23206,NEUTRAL,tracking,RIGHT,0.27179709009343334,0.11405155394484413,0.2223259994657257,INACTIVE,False,0.9999999997711644,2.2883566733946205e-10,LEFT,0.9999999995423288,True,,NEUTRAL,True,True,True,False
REPLAY,Yaniv-LRJ(6)-4:7.csv,93.19572687149048,2026-04-24T17:35:07.435851+00:00,23231,NEUTRAL,tracking,RIGHT,0.26439583062159056,0.0870159529309175,0.2214354701480989,INACTIVE,False,0.999999999624103,3.758969726169901e-10,LEFT,0.999999999248206,True,,NEUTRAL,True,True,True,False
REPLAY,Yaniv-LRJ(6)-4:7.csv,93.29201173782349,2026-04-24T17:35:07.445728+00:00,23255,LEFT,LEFT,RIGHT,0.24938037119370882,0.07226312430732974,0.21253366167213392,INACTIVE,False,0.9999999965657004,3.4342996332390265e-09,LEFT,0.9999999931314008,True,,LEFT,True,True,True,False
REPLAY,Yaniv-LRJ(6)-4:7.csv,93.39230847358704,2026-04-24T17:35:07.454500+00:00,23280,LEFT,LEFT,RIGHT,0.2698622222393975,0.09822958105348494,0.24024346926331,INACTIVE,False,0.9999999639215965,3.607840350007551e-08,LEFT,0.999999927843193,True,,LEFT,True,True,True,False
REPLAY,Yaniv-LRJ(6)-4:7.csv,93.49260520935059,2026-04-24T17:35:07.463896+00:00,23305,NEUTRAL,tracking,RIGHT,0.2829813279869723,0.09402301224327121,0.24924064874855714,INACTIVE,False,0.9999999517684465,4.8231553547829164e-08,LEFT,0.9999999035368929,True,,NEUTRAL,True,True,True,False
REPLAY,Yaniv-LRJ(6)-4:7.csv,93.59290194511414,2026-04-24T17:35:07.472730+00:00,23330,NEUTRAL,tracking,RIGHT,0.2994376116855153,0.11218953165849647,0.2400763394180734,INACTIVE,False,0.9999999948678173,5.132182641017823e-09,LEFT,0.9999999897356346,True,,NEUTRAL,True,True,True,False
REPLAY,Yaniv-LRJ(6)-4:7.csv,93.69319868087769,2026-04-24T17:35:07.482515+00:00,23355,NEUTRAL,tracking,UNKNOWN,0.28265499289521956,0.11417702852711722,0.23114001207965662,INACTIVE,False,0.9999999996749254,3.250746835481737e-10,LEFT,0.9999999993498507,True,,NEUTRAL,True,True,True,False
REPLAY,Yaniv-LRJ(6)-4:7.csv,93.79349541664124,2026-04-24T17:35:07.490709+00:00,23380,NEUTRAL,tracking,UNKNOWN,0.2852521520741351,0.1335879346101183,0.22035570701538376,INACTIVE,False,0.999999999934487,6.551298887744999e-11,LEFT,0.9999999998689739,True,,NEUTRAL,True,True,True,False
REPLAY,Yaniv-LRJ(6)-4:7.csv,93.89379215240479,2026-04-24T17:35:07.497701+00:00,23405,NEUTRAL,tracking,UNKNOWN,0.29408874938739205,0.15623846682624312,0.21646879349840153,INACTIVE,False,0.9999999999826941,1.7305931840387662e-11,LEFT,0.9999999999653881,True,,NEUTRAL,True,True,True,False
REPLAY,Yaniv-LRJ(6)-4:7.csv,93.99408888816833,2026-04-24T17:35:07.504779+00:00,23430,NEUTRAL,tracking,UNKNOWN,0.2894734326389703,0.13195900500553628,0.21666103217481697,INACTIVE,False,0.9999999999982493,1.7506959546732272e-12,LEFT,0.9999999999964986,True,,NEUTRAL,True,True,True,False
REPLAY,Yaniv-LRJ(6)-4:7.csv,94.09438562393188,2026-04-24T17:35:07.511702+00:00,23455,NEUTRAL,tracking,UNKNOWN,0.3081900336412726,0.13469199488831285,0.24830545509002447,INACTIVE,False,0.9999999999998529,1.4708004919013956e-13,LEFT,0.9999999999997058,True,,NEUTRAL,True,True,True,False
REPLAY,Yaniv-LRJ(6)-4:7.csv,94.19468235969543,2026-04-24T17:35:07.518523+00:00,23480,NEUTRAL,tracking,UNKNOWN,0.30655844360962914,0.13578603492200053,0.2311643823193336,INACTIVE,False,0.999999999999946,5.39095149205367e-14,LEFT,0.9999999999998921,True,,NEUTRAL,True,True,True,False
REPLAY,Yaniv-LRJ(6)-4:7.csv,94.29497909545898,2026-04-24T17:35:07.525218+00:00,23505,NEUTRAL,tracking,UNKNOWN,0.30387639935168775,0.1403189635276941,0.2262886511351334,INACTIVE,False,0.9999999999999549,4.509647546818293e-14,LEFT,0.9999999999999098,True,,NEUTRAL,True,True,True,False
REPLAY,Yaniv-LRJ(6)-4:7.csv,94.39527583122253,2026-04-24T17:35:07.532243+00:00,23530,NEUTRAL,tracking,UNKNOWN,0.2798058326298186,0.12342138378121432,0.24861978354296138,INACTIVE,False,0.9999999999999805,1.951909544734513e-14,LEFT,0.9999999999999609,True,,NEUTRAL,True,True,True,False
REPLAY,Yaniv-LRJ(6)-4:7.csv,94.49557256698608,2026-04-24T17:35:07.539582+00:00,23555,NEUTRAL,tracking,UNKNOWN,0.27835502695634895,0.08297973766036208,0.24200096255832979,INACTIVE,False,0.9999999999999987,1.2958045227053845e-15,LEFT,0.9999999999999973,True,,NEUTRAL,True,True,True,False
REPLAY,Yaniv-LRJ(6)-4:7.csv,94.59586930274963,2026-04-24T17:35:07.548736+00:00,23580,LEFT,LEFT,UNKNOWN,0.2691689021209709,0.07836323930054556,0.21412510962192727,INACTIVE,False,0.9999999999999999,7.340238151104297e-17,LEFT,0.9999999999999998,True,,LEFT,True,True,True,False
REPLAY,Yaniv-LRJ(6)-4:7.csv,94.69215416908264,2026-04-24T17:35:07.560032+00:00,23604,LEFT,LEFT,UNKNOWN,0.29598491586672293,0.09292091194117753,0.22713518731772828,INACTIVE,False,0.9999999999999999,9.341087949392889e-17,LEFT,0.9999999999999998,True,,LEFT,True,True,True,False
REPLAY,Yaniv-LRJ(6)-4:7.csv,94.79245090484619,2026-04-24T17:35:07.569019+00:00,23629,NEUTRAL,tracking,UNKNOWN,0.280785775361186,0.12528634090646307,0.22161831369753365,INACTIVE,False,0.9999999999999871,1.290182682663239e-14,LEFT,0.9999999999999742,True,,NEUTRAL,True,True,True,False
REPLAY,Yaniv-LRJ(6)-4:7.csv,94.89274764060974,2026-04-24T17:35:07.576479+00:00,23654,NEUTRAL,tracking,UNKNOWN,0.2955590541473222,0.1250735904771378,0.2440305287622293,INACTIVE,False,0.99999999998951,1.0490086338865193e-11,LEFT,0.9999999999790199,True,,NEUTRAL,True,True,True,False
REPLAY,Yaniv-LRJ(6)-4:7.csv,94.99304437637329,2026-04-24T17:35:07.583793+00:00,23679,NEUTRAL,tracking,UNKNOWN,0.2835106339331298,0.12222856639865198,0.22589078335701146,INACTIVE,False,0.9999999993564148,6.435852136732745e-10,LEFT,0.9999999987128296,True,,NEUTRAL,True,True,True,False
REPLAY,Yaniv-LRJ(6)-4:7.csv,95.09334111213684,2026-04-24T17:35:07.602197+00:00,23704,NEUTRAL,tracking,UNKNOWN,0.29601023646222635,0.11927791072964192,0.23601452700406317,INACTIVE,False,0.9999999984649716,1.5350284922114265e-09,LEFT,0.9999999969299431,True,,NEUTRAL,True,True,True,False
REPLAY,Yaniv-LRJ(6)-4:7.csv,95.19363784790039,2026-04-24T17:35:07.609084+00:00,23729,NEUTRAL,tracking,UNKNOWN,0.27459578914878735,0.11271095518775587,0.206558209038099,INACTIVE,False,0.9999999954707387,4.5292612901330134e-09,LEFT,0.9999999909414774,True,,NEUTRAL,True,True,True,False
REPLAY,Yaniv-LRJ(6)-4:7.csv,95.29393458366394,2026-04-24T17:35:07.616123+00:00,23754,NEUTRAL,tracking,UNKNOWN,0.2654204586921378,0.12094331394670937,0.18964035644389454,INACTIVE,False,0.999999704578494,2.9542150604747285e-07,LEFT,0.9999994091569879,True,,NEUTRAL,True,True,True,False
REPLAY,Yaniv-LRJ(6)-4:7.csv,95.39423131942749,2026-04-24T17:35:07.623370+00:00,23779,NEUTRAL,tracking,UNKNOWN,0.28374805288980665,0.13585456702841014,0.22879297489565123,INACTIVE,False,0.9998282458330299,0.00017175416697015093,LEFT,0.9996564916660597,True,,NEUTRAL,True,True,True,False
REPLAY,Yaniv-LRJ(6)-4:7.csv,95.49452805519104,2026-04-24T17:35:07.630588+00:00,23804,NEUTRAL,tracking,UNKNOWN,0.27236353988214024,0.10667635909749872,0.23458854396389217,INACTIVE,False,0.9026593598698701,0.09734064013012987,LEFT,0.8053187197397402,True,,NEUTRAL,True,True,True,False
REPLAY,Yaniv-LRJ(6)-4:7.csv,95.59482479095459,2026-04-24T17:35:07.640940+00:00,23829,LEFT,LEFT,UNKNOWN,0.27325753827880217,0.10648500895466112,0.2158032347555328,INACTIVE,False,0.06885094251003832,0.9311490574899617,RIGHT,0.8622981149799234,True,,LEFT,True,True,True,False
REPLAY,Yaniv-LRJ(6)-4:7.csv,95.69512152671814,2026-04-24T17:35:07.649604+00:00,23854,LEFT,LEFT,UNKNOWN,0.29087837658943405,0.12028320832428667,0.2358743124535779,INACTIVE,False,0.00497830952595768,0.9950216904740423,RIGHT,0.9900433809480846,True,,LEFT,True,True,True,False
REPLAY,Yaniv-LRJ(6)-4:7.csv,95.79541826248169,2026-04-24T17:35:07.659072+00:00,23879,LEFT,LEFT,UNKNOWN,0.28284244032343286,0.12839689655022365,0.2232646230045716,INACTIVE,False,0.003762670134033752,0.9962373298659662,RIGHT,0.9924746597319325,True,,LEFT,True,True,True,False
REPLAY,Yaniv-LRJ(6)-4:7.csv,95.89571499824524,2026-04-24T17:35:07.673430+00:00,23904,NEUTRAL,tracking,UNKNOWN,0.2898765660408432,0.1394238484539653,0.22931284066240004,INACTIVE,False,0.0400028230437417,0.9599971769562583,RIGHT,0.9199943539125166,True,,NEUTRAL,True,True,True,False
REPLAY,Yaniv-LRJ(6)-4:7.csv,95.99199986457825,2026-04-24T17:35:07.683152+00:00,23928,NEUTRAL,tracking,UNKNOWN,0.2805352819926815,0.11312151391975118,0.22700225138354857,INACTIVE,False,0.8071695652020555,0.1928304347979445,LEFT,0.614339130404111,True,,NEUTRAL,True,True,True,False
REPLAY,Yaniv-LRJ(6)-4:7.csv,96.0922966003418,2026-04-24T17:35:07.690009+00:00,23953,NEUTRAL,tracking,UNKNOWN,0.2880580639165651,0.10783669426808783,0.21581393066167126,INACTIVE,False,0.9932408638794531,0.00675913612054692,LEFT,0.9864817277589062,True,,NEUTRAL,True,True,True,False
REPLAY,Yaniv-LRJ(6)-4:7.csv,96.19259333610535,2026-04-24T17:35:07.699907+00:00,23978,NEUTRAL,tracking,UNKNOWN,0.27261153512108593,0.12236935600689487,0.2119934151547582,INACTIVE,False,0.7905605189731153,0.20943948102688467,LEFT,0.5811210379462306,True,,NEUTRAL,True,True,True,False
REPLAY,Yaniv-LRJ(6)-4:7.csv,96.2928900718689,2026-04-24T17:35:07.708376+00:00,24003,NEUTRAL,tracking,UNKNOWN,0.28240400941608423,0.1306925438059401,0.2213631703533016,INACTIVE,False,2.7563269621166953e-06,0.9999972436730379,RIGHT,0.9999944873460758,True,,NEUTRAL,True,True,True,False
REPLAY,Yaniv-LRJ(6)-4:7.csv,96.39318680763245,2026-04-24T17:35:07.715592+00:00,24028,NEUTRAL,tracking,UNKNOWN,0.28917734974704834,0.12722077252012687,0.23620991012944217,INACTIVE,False,6.661338147750939e-16,0.9999999999999993,RIGHT,0.9999999999999987,True,,NEUTRAL,True,True,True,False
REPLAY,Yaniv-LRJ(6)-4:7.csv,96.493483543396,2026-04-24T17:35:07.725847+00:00,24053,NEUTRAL,tracking,UNKNOWN,0.2809633982915206,0.1285797135777381,0.23672153880097693,INACTIVE,False,0.0,1.0,RIGHT,1.0,True,,NEUTRAL,True,True,True,False
REPLAY,Yaniv-LRJ(6)-4:7.csv,96.59378027915955,2026-04-24T17:35:07.734492+00:00,24078,NEUTRAL,tracking,UNKNOWN,0.2864252363034929,0.13252288791614236,0.2295221157668728,INACTIVE,False,0.0,1.0,RIGHT,1.0,True,,NEUTRAL,True,True,True,False
REPLAY,Yaniv-LRJ(6)-4:7.csv,96.6940770149231,2026-04-24T17:35:07.741574+00:00,24103,NEUTRAL,tracking,UNKNOWN,0.29279684889760405,0.11141766071032812,0.2229237631231926,INACTIVE,False,0.0,1.0,RIGHT,1.0,True,,NEUTRAL,True,True,True,False
REPLAY,Yaniv-LRJ(6)-4:7.csv,96.79437375068665,2026-04-24T17:35:07.751522+00:00,24128,RIGHT,RIGHT,UNKNOWN,0.2892560503943137,0.0883028083533262,0.24628527483554474,INACTIVE,False,2.1727735155518957e-07,0.9999997827226484,RIGHT,0.9999995654452969,True,,RIGHT,True,True,True,False
REPLAY,Yaniv-LRJ(6)-4:7.csv,96.8946704864502,2026-04-24T17:35:07.762531+00:00,24153,RIGHT,RIGHT,UNKNOWN,0.2716851428229866,0.07953841568089971,0.2162110378533294,INACTIVE,False,0.9948942534614738,0.005105746538526251,LEFT,0.9897885069229475,True,,RIGHT,True,True,True,False
REPLAY,Yaniv-LRJ(6)-4:7.csv,96.99496722221375,2026-04-24T17:35:07.773722+00:00,24178,RIGHT,RIGHT,UNKNOWN,0.3029984398518768,0.1254674456585166,0.24234221463802774,INACTIVE,False,0.999998940226626,1.0597733739278794e-06,LEFT,0.9999978804532521,True,,RIGHT,True,True,True,False
REPLAY,Yaniv-LRJ(6)-4:7.csv,97.0952639579773,2026-04-24T17:35:07.782253+00:00,24203,NEUTRAL,tracking,UNKNOWN,0.3053797172538103,0.14583890965840546,0.2556972903264645,INACTIVE,False,0.9999998429089952,1.570910047392497e-07,LEFT,0.9999996858179905,True,,NEUTRAL,True,True,True,False
REPLAY,Yaniv-LRJ(6)-4:7.csv,97.19556069374084,2026-04-24T17:35:07.789750+00:00,24228,NEUTRAL,tracking,UNKNOWN,0.29355966312868464,0.12313879136294568,0.25221998182852234,INACTIVE,False,0.999999993450843,6.549156995467275e-09,LEFT,0.999999986901686,True,,NEUTRAL,True,True,True,False
REPLAY,Yaniv-LRJ(6)-4:7.csv,97.2958574295044,2026-04-24T17:35:07.797248+00:00,24253,NEUTRAL,tracking,RIGHT,0.28739132201994755,0.10988095705402613,0.23110589513392227,INACTIVE,False,0.999999999918913,8.10870709759704e-11,LEFT,0.999999999837826,True,,NEUTRAL,True,True,True,False
REPLAY,Yaniv-LRJ(6)-4:7.csv,97.3921422958374,2026-04-24T17:35:07.804516+00:00,24277,NEUTRAL,tracking,RIGHT,0.2893194533269492,0.10924460277642992,0.24662598220036486,INACTIVE,False,0.9999999999857115,1.4288450495904112e-11,LEFT,0.9999999999714231,True,,NEUTRAL,True,True,True,False
REPLAY,Yaniv-LRJ(6)-4:7.csv,97.49243903160095,2026-04-24T17:35:07.814379+00:00,24302,NEUTRAL,tracking,RIGHT,0.2755211274290431,0.11872149182689795,0.22017090602699382,INACTIVE,False,0.9999999998707091,1.2929087984714616e-10,LEFT,0.9999999997414182,True,,NEUTRAL,True,True,True,False
REPLAY,Yaniv-LRJ(6)-4:7.csv,97.5927357673645,2026-04-24T17:35:07.822771+00:00,24327,NEUTRAL,tracking,RIGHT,0.28113960537855043,0.1369472207143048,0.20299996492584152,INACTIVE,False,0.99999999357943,6.420569927999832e-09,LEFT,0.9999999871588601,True,,NEUTRAL,True,True,True,False
REPLAY,Yaniv-LRJ(6)-4:7.csv,97.69303250312805,2026-04-24T17:35:07.830343+00:00,24352,NEUTRAL,tracking,RIGHT,0.2650831169924498,0.11557684429838765,0.20369609714068695,INACTIVE,False,0.9999999443153524,5.568464757839726e-08,LEFT,0.9999998886307049,True,,NEUTRAL,True,True,True,False
REPLAY,Yaniv-LRJ(6)-4:7.csv,97.7933292388916,2026-04-24T17:35:07.840571+00:00,24377,LEFT,LEFT,RIGHT,0.283610266945728,0.1409201891253843,0.2001730391727537,INACTIVE,False,0.9999999417297909,5.827020913393113e-08,LEFT,0.9999998834595818,True,,LEFT,True,True,True,False
REPLAY,Yaniv-LRJ(6)-4:7.csv,97.89362597465515,2026-04-24T17:35:07.849693+00:00,24402,LEFT,LEFT,RIGHT,0.2864040006946331,0.14604160600647553,0.19626398139634155,INACTIVE,False,0.99999996769318,3.2306820010488784e-08,LEFT,0.99999993538636,True,,LEFT,True,True,True,False
REPLAY,Yaniv-LRJ(6)-4:7.csv,97.9939227104187,2026-04-24T17:35:07.856602+00:00,24427,NEUTRAL,tracking,RIGHT,0.2914986254570878,0.14344280776017318,0.23301469954105805,INACTIVE,False,0.9999999271478006,7.285219941731552e-08,LEFT,0.9999998542956012,True,,NEUTRAL,True,True,True,False
REPLAY,Yaniv-LRJ(6)-4:7.csv,98.09421944618225,2026-04-24T17:35:07.863678+00:00,24452,NEUTRAL,tracking,RIGHT,0.2684704001227811,0.10512730532986796,0.21012263864647798,INACTIVE,False,0.9999993674264334,6.325735666608522e-07,LEFT,0.9999987348528667,True,,NEUTRAL,True,True,True,False
REPLAY,Yaniv-LRJ(6)-4:7.csv,98.1945161819458,2026-04-24T17:35:07.870696+00:00,24477,NEUTRAL,tracking,RIGHT,0.28210033586968397,0.11205159634114438,0.22496222414062614,INACTIVE,False,0.9999972779293748,2.7220706252769554e-06,LEFT,0.9999945558587495,True,,NEUTRAL,True,True,True,False
REPLAY,Yaniv-LRJ(6)-4:7.csv,98.29481291770935,2026-04-24T17:35:07.877842+00:00,24502,NEUTRAL,tracking,RIGHT,0.2959569531834554,0.10993788032109757,0.2535159748425102,INACTIVE,False,0.9999986586103701,1.3413896299279997e-06,LEFT,0.9999973172207401,True,,NEUTRAL,True,True,True,False
REPLAY,Yaniv-LRJ(6)-4:7.csv,98.3951096534729,2026-04-24T17:35:07.887630+00:00,24527,LEFT,LEFT,RIGHT,0.29803202163675235,0.1193421882162166,0.2291957624028178,INACTIVE,False,0.9999997891252153,2.1087478476697253e-07,LEFT,0.9999995782504305,True,,LEFT,True,True,True,False
REPLAY,Yaniv-LRJ(6)-4:7.csv,98.49540638923645,2026-04-24T17:35:07.895873+00:00,24552,LEFT,LEFT,RIGHT,0.2927419517655987,0.12219148656295889,0.25108029644035973,INACTIVE,False,0.9999998461366075,1.5386339251187236e-07,LEFT,0.9999996922732151,True,,LEFT,True,True,True,False
REPLAY,Yaniv-LRJ(6)-4:7.csv,98.595703125,2026-04-24T17:35:07.902930+00:00,24577,NEUTRAL,tracking,RIGHT,0.2690492239337412,0.11430718567337529,0.21172193456862626,INACTIVE,False,0.999998723701294,1.2762987060241963e-06,LEFT,0.9999974474025879,True,,NEUTRAL,True,True,True,False
REPLAY,Yaniv-LRJ(6)-4:7.csv,98.69198799133301,2026-04-24T17:35:07.910088+00:00,24601,NEUTRAL,tracking,RIGHT,0.3044072077704999,0.1163340647230079,0.22718575410744,INACTIVE,False,0.9999874266829649,1.2573317035081693e-05,LEFT,0.9999748533659298,True,,NEUTRAL,True,True,True,False
REPLAY,Yaniv-LRJ(6)-4:7.csv,98.79228472709656,2026-04-24T17:35:07.916660+00:00,24626,NEUTRAL,tracking,RIGHT,0.25704759404306143,0.10329633852978681,0.20260949109803136,INACTIVE,False,0.9999882168833327,1.178311666727794e-05,LEFT,0.9999764337666655,True,,NEUTRAL,True,True,True,False
REPLAY,Yaniv-LRJ(6)-4:7.csv,98.89258146286011,2026-04-24T17:35:07.926300+00:00,24651,NEUTRAL,tracking,RIGHT,0.27927480976279795,0.10572545860372684,0.22771520755641478,INACTIVE,False,0.9999989769682119,1.0230317880154716e-06,LEFT,0.9999979539364239,True,,NEUTRAL,True,True,True,False
REPLAY,Yaniv-LRJ(6)-4:7.csv,98.99287819862366,2026-04-24T17:35:07.937674+00:00,24676,NEUTRAL,tracking,RIGHT,0.2752786140794531,0.10577992675097957,0.22436990967207013,INACTIVE,False,0.9999936091790772,6.390820922789112e-06,LEFT,0.9999872183581544,True,,NEUTRAL,True,True,True,False
REPLAY,Yaniv-LRJ(6)-4:7.csv,99.0931749343872,2026-04-24T17:35:07.949634+00:00,24701,LEFT,LEFT,RIGHT,0.2923515007760813,0.12411098429401764,0.23347196060882106,INACTIVE,False,0.002419816651879625,0.9975801833481204,RIGHT,0.9951603666962408,True,,LEFT,True,True,True,False
REPLAY,Yaniv-LRJ(6)-4:7.csv,99.19347167015076,2026-04-24T17:35:07.958389+00:00,24726,LEFT,LEFT,RIGHT,0.2741128262916612,0.11941618990751615,0.20195175283044287,INACTIVE,False,0.0,1.0,RIGHT,1.0,True,,LEFT,True,True,True,False
REPLAY,Yaniv-LRJ(6)-4:7.csv,99.2937684059143,2026-04-24T17:35:07.965106+00:00,24751,LEFT,LEFT,RIGHT,0.26911318652545213,0.12905036909087667,0.19505147913897844,INACTIVE,False,0.0,1.0,RIGHT,1.0,True,,LEFT,True,True,True,False
REPLAY,Yaniv-LRJ(6)-4:7.csv,99.39406514167786,2026-04-24T17:35:07.972005+00:00,24776,NEUTRAL,tracking,RIGHT,0.2847783660500036,0.13871837276029841,0.21718285996731318,INACTIVE,False,0.0,1.0,RIGHT,1.0,True,,NEUTRAL,True,True,True,False
REPLAY,Yaniv-LRJ(6)-4:7.csv,99.4943618774414,2026-04-24T17:35:07.978822+00:00,24801,NEUTRAL,tracking,RIGHT,0.29141278779725055,0.13780794260477403,0.24007584076290378,INACTIVE,False,0.0,1.0,RIGHT,1.0,True,,NEUTRAL,True,True,True,False
REPLAY,Yaniv-LRJ(6)-4:7.csv,99.59465861320496,2026-04-24T17:35:07.986339+00:00,24826,NEUTRAL,tracking,UNKNOWN,0.2921309221596784,0.13180321880262733,0.21336586752195014,INACTIVE,False,4.654440173834651e-06,0.9999953455598262,RIGHT,0.9999906911196523,True,,NEUTRAL,True,True,True,False
REPLAY,Yaniv-LRJ(6)-4:7.csv,99.6949553489685,2026-04-24T17:35:07.993911+00:00,24851,NEUTRAL,tracking,UNKNOWN,0.2873430086354679,0.1449237758374411,0.22347107528219304,INACTIVE,False,0.9999997581910725,2.4180892749950125e-07,LEFT,0.9999995163821449,True,,NEUTRAL,True,True,True,False
REPLAY,Yaniv-LRJ(6)-4:7.csv,99.79525208473206,2026-04-24T17:35:08.001095+00:00,24876,NEUTRAL,tracking,UNKNOWN,0.29088825947784724,0.11777137368545076,0.2250433354191696,INACTIVE,False,0.9999999999999784,2.165487816463327e-14,LEFT,0.9999999999999567,True,,NEUTRAL,True,True,True,False
REPLAY,Yaniv-LRJ(6)-4:7.csv,99.8955488204956,2026-04-24T17:35:08.008205+00:00,24901,NEUTRAL,tracking,UNKNOWN,0.2825986973413228,0.09988363840238193,0.23866508558519778,INACTIVE,False,1.0,1.8457410398700414e-18,LEFT,1.0,True,,NEUTRAL,True,True,True,False
REPLAY,Yaniv-LRJ(6)-4:7.csv,99.99584555625916,2026-04-24T17:35:08.015658+00:00,24926,NEUTRAL,tracking,UNKNOWN,0.28157250271226797,0.11346904534240938,0.22118868955898108,INACTIVE,False,1.0,1.6068600082362694e-19,LEFT,1.0,True,,NEUTRAL,True,True,True,False
REPLAY,Yaniv-LRJ(6)-4:7.csv,100.09213042259216,2026-04-24T17:35:08.034034+00:00,24950,NEUTRAL,tracking,UNKNOWN,0.29589567540729966,0.14200915569607914,0.23367458038539884,INACTIVE,False,1.0,1.6547677674499078e-17,LEFT,1.0,True,,NEUTRAL,True,True,True,False
REPLAY,Yaniv-LRJ(6)-4:7.csv,100.19242715835571,2026-04-24T17:35:08.041255+00:00,24975,NEUTRAL,tracking,UNKNOWN,0.29016626679495416,0.12798445090078284,0.23013614372560634,INACTIVE,False,0.9999999999999595,4.054870009389453e-14,LEFT,0.999999999999919,True,,NEUTRAL,True,True,True,False
REPLAY,Yaniv-LRJ(6)-4:7.csv,100.29272389411926,2026-04-24T17:35:08.048220+00:00,25000,NEUTRAL,tracking,UNKNOWN,0.295864037595562,0.10683323361558836,0.2629680609228463,INACTIVE,False,0.9999999999777734,2.22265151299281e-11,LEFT,0.9999999999555469,True,,NEUTRAL,True,True,True,False
REPLAY,Yaniv-LRJ(6)-4:7.csv,100.39302062988281,2026-04-24T17:35:08.057887+00:00,25025,NEUTRAL,tracking,UNKNOWN,0.2869764970452279,0.09088488938708014,0.22214055316684067,INACTIVE,False,0.9999999990280044,9.71995597212465e-10,LEFT,0.9999999980560088,True,,NEUTRAL,True,True,True,False
REPLAY,Yaniv-LRJ(6)-4:7.csv,100.49331736564636,2026-04-24T17:35:08.066593+00:00,25050,NEUTRAL,tracking,UNKNOWN,0.2834379487316534,0.09604547408417931,0.21227437208300662,INACTIVE,False,0.9999999934886589,6.511341172058743e-09,LEFT,0.9999999869773177,True,,NEUTRAL,True,True,True,False
REPLAY,Yaniv-LRJ(6)-4:7.csv,100.59361410140991,2026-04-24T17:35:08.074387+00:00,25075,NEUTRAL,tracking,UNKNOWN,0.2765274556467425,0.12834408012843554,0.22438284416901547,INACTIVE,False,0.9999999937782642,6.221735818188208e-09,LEFT,0.9999999875565284,True,,NEUTRAL,True,True,True,False
REPLAY,Yaniv-LRJ(6)-4:7.csv,100.69391083717346,2026-04-24T17:35:08.081463+00:00,25100,NEUTRAL,tracking,UNKNOWN,0.3156665149167135,0.15885516666791322,0.24082077511754246,INACTIVE,False,0.9999999993359466,6.640533792973995e-10,LEFT,0.9999999986718933,True,,NEUTRAL,True,True,True,False
REPLAY,Yaniv-LRJ(6)-4:7.csv,100.79420757293701,2026-04-24T17:35:08.088400+00:00,25125,NEUTRAL,tracking,UNKNOWN,0.26424204596583833,0.11929501305994115,0.21393050421347018,INACTIVE,False,0.9999999999642665,3.573351556432624e-11,LEFT,0.999999999928533,True,,NEUTRAL,True,True,True,False
REPLAY,Yaniv-LRJ(6)-4:7.csv,100.89450430870056,2026-04-24T17:35:08.097893+00:00,25150,LEFT,LEFT,UNKNOWN,0.2875469242792211,0.12747646990398118,0.23472501345102406,INACTIVE,False,0.9999999999958985,4.101448989756787e-12,LEFT,0.999999999991797,True,,LEFT,True,True,True,False
REPLAY,Yaniv-LRJ(6)-4:7.csv,100.99480104446411,2026-04-24T17:35:08.106471+00:00,25175,NEUTRAL,tracking,UNKNOWN,0.27377540503876974,0.10564326704816195,0.2537413130597519,INACTIVE,False,0.9999999999979936,2.006350401981915e-12,LEFT,0.9999999999959872,True,,NEUTRAL,True,True,True,False
REPLAY,Yaniv-LRJ(6)-4:7.csv,101.09509778022766,2026-04-24T17:35:08.113368+00:00,25200,NEUTRAL,tracking,UNKNOWN,0.2704811474706802,0.09801923942268817,0.22937446494282868,INACTIVE,False,0.999999999995655,4.3450167846863445e-12,LEFT,0.9999999999913101,True,,NEUTRAL,True,True,True,False
REPLAY,Yaniv-LRJ(6)-4:7.csv,101.19539451599121,2026-04-24T17:35:08.123237+00:00,25225,NEUTRAL,tracking,UNKNOWN,0.26324512367838315,0.11538477898671573,0.2129856528013797,INACTIVE,False,0.9999999999395925,6.04074771739273e-11,LEFT,0.9999999998791851,True,,NEUTRAL,True,True,True,False
REPLAY,Yaniv-LRJ(6)-4:7.csv,101.29569125175476,2026-04-24T17:35:08.131617+00:00,25250,NEUTRAL,tracking,UNKNOWN,0.27530711210330017,0.11872457993891371,0.23991821530885746,INACTIVE,False,0.9999999982267239,1.7732761142894792e-09,LEFT,0.9999999964534478,True,,NEUTRAL,True,True,True,False
REPLAY,Yaniv-LRJ(6)-4:7.csv,101.39598798751831,2026-04-24T17:35:08.138406+00:00,25275,NEUTRAL,tracking,UNKNOWN,0.27465229839381666,0.1144964337143098,0.21308412294031123,INACTIVE,False,0.9999999766240757,2.3375924340691593e-08,LEFT,0.9999999532481514,True,,NEUTRAL,True,True,True,False
REPLAY,Yaniv-LRJ(6)-4:7.csv,101.49227285385132,2026-04-24T17:35:08.145192+00:00,25299,NEUTRAL,tracking,UNKNOWN,0.2807912307571645,0.08975666771595374,0.2189613746381736,INACTIVE,False,0.9999999130125321,8.698746787225477e-08,LEFT,0.9999998260250642,True,,NEUTRAL,True,True,True,False
REPLAY,Yaniv-LRJ(6)-4:7.csv,101.59256958961487,2026-04-24T17:35:08.152535+00:00,25324,NEUTRAL,tracking,UNKNOWN,0.27932312720456554,0.09894624650868404,0.22193636857546387,INACTIVE,False,0.9999995791308603,4.2086913966737195e-07,LEFT,0.9999991582617207,True,,NEUTRAL,True,True,True,False
REPLAY,Yaniv-LRJ(6)-4:7.csv,101.69286632537842,2026-04-24T17:35:08.163037+00:00,25349,LEFT,LEFT,UNKNOWN,0.2876164859828687,0.10983903232745909,0.23396036059186873,INACTIVE,False,0.9999628945797002,3.71054202998031e-05,LEFT,0.9999257891594004,True,,LEFT,True,True,True,False
REPLAY,Yaniv-LRJ(6)-4:7.csv,101.79316306114197,2026-04-24T17:35:08.172607+00:00,25374,LEFT,LEFT,UNKNOWN,0.26299907122155286,0.09398952113745611,0.21602441240347905,INACTIVE,False,0.9911541737508884,0.008845826249111597,LEFT,0.9823083475017769,True,,LEFT,True,True,True,False
REPLAY,Yaniv-LRJ(6)-4:7.csv,101.89345979690552,2026-04-24T17:35:08.179915+00:00,25399,LEFT,LEFT,UNKNOWN,0.29735789088929754,0.12694633716987722,0.24049566356831456,INACTIVE,False,0.9625070554282037,0.03749294457179627,LEFT,0.9250141108564074,True,,LEFT,True,True,True,False
REPLAY,Yaniv-LRJ(6)-4:7.csv,101.99375653266907,2026-04-24T17:35:08.190237+00:00,25424,NEUTRAL,tracking,UNKNOWN,0.2830904454451486,0.14116313917389525,0.21597832464550773,INACTIVE,False,0.9996548579838245,0.00034514201617547334,LEFT,0.999309715967649,True,,NEUTRAL,True,True,True,False
REPLAY,Yaniv-LRJ(6)-4:7.csv,102.09405326843262,2026-04-24T17:35:08.198853+00:00,25449,NEUTRAL,tracking,UNKNOWN,0.28455727526754515,0.12936106464876931,0.21739168334662134,INACTIVE,False,0.9999998017175625,1.9828243742397511e-07,LEFT,0.9999996034351251,True,,NEUTRAL,True,True,True,False
REPLAY,Yaniv-LRJ(6)-4:7.csv,102.19435000419617,2026-04-24T17:35:08.205805+00:00,25474,NEUTRAL,tracking,UNKNOWN,0.2668811780564412,0.1308698046536986,0.1927715036845074,INACTIVE,False,0.9999999977470615,2.2529385153525373e-09,LEFT,0.999999995494123,True,,NEUTRAL,True,True,True,False
REPLAY,Yaniv-LRJ(6)-4:7.csv,102.29464673995972,2026-04-24T17:35:08.213343+00:00,25499,NEUTRAL,tracking,UNKNOWN,0.27487346479344643,0.11373939385426705,0.21041425773936528,INACTIVE,False,0.9999999976895784,2.3104216863637288e-09,LEFT,0.9999999953791567,True,,NEUTRAL,True,True,True,False
REPLAY,Yaniv-LRJ(6)-4:7.csv,102.39494347572327,2026-04-24T17:35:08.220700+00:00,25524,NEUTRAL,tracking,UNKNOWN,0.28702399927282274,0.116199819330998,0.2182067113542247,INACTIVE,False,0.9999999932964507,6.703549285207895e-09,LEFT,0.9999999865929015,True,,NEUTRAL,True,True,True,False
REPLAY,Yaniv-LRJ(6)-4:7.csv,102.49524021148682,2026-04-24T17:35:08.227292+00:00,25549,NEUTRAL,tracking,UNKNOWN,0.2837978536194915,0.12330819114459543,0.2017864950139013,INACTIVE,False,0.9999999727303069,2.7269693078293793e-08,LEFT,0.9999999454606139,True,,NEUTRAL,True,True,True,False
REPLAY,Yaniv-LRJ(6)-4:7.csv,102.59553694725037,2026-04-24T17:35:08.237403+00:00,25574,LEFT,LEFT,UNKNOWN,0.2806325318929005,0.14846606842071805,0.18891577057637224,INACTIVE,False,0.9999994858961306,5.14103869403676e-07,LEFT,0.9999989717922613,True,,LEFT,True,True,True,False
REPLAY,Yaniv-LRJ(6)-4:7.csv,102.69583368301392,2026-04-24T17:35:08.246113+00:00,25599,LEFT,LEFT,UNKNOWN,0.28318638313253286,0.11933967543228592,0.22084745713843068,INACTIVE,False,0.9999845046046042,1.549539539576114e-05,LEFT,0.9999690092092084,True,,LEFT,True,True,True,False
REPLAY,Yaniv-LRJ(6)-4:7.csv,102.79211854934692,2026-04-24T17:35:08.255818+00:00,25623,NEUTRAL,tracking,UNKNOWN,0.29240606927888935,0.12458747941569782,0.23808973134463268,INACTIVE,False,0.9999023407613066,9.765923869340004e-05,LEFT,0.9998046815226131,True,,NEUTRAL,True,True,True,False
REPLAY,Yaniv-LRJ(6)-4:7.csv,102.89241528511047,2026-04-24T17:35:08.267326+00:00,25648,NEUTRAL,tracking,UNKNOWN,0.26645775491364354,0.090105271659619,0.2099065763761925,INACTIVE,False,0.9999715030715061,2.849692849388525e-05,LEFT,0.9999430061430121,True,,NEUTRAL,True,True,True,False
REPLAY,Yaniv-LRJ(6)-4:7.csv,102.99271202087402,2026-04-24T17:35:08.276158+00:00,25673,NEUTRAL,tracking,RIGHT,0.2693127618835195,0.09328663342366293,0.20465275923551982,INACTIVE,False,0.9999993229031497,6.770968502345735e-07,LEFT,0.9999986458062995,True,,NEUTRAL,True,True,True,False
REPLAY,Yaniv-LRJ(6)-4:7.csv,103.09300875663757,2026-04-24T17:35:08.283216+00:00,25698,NEUTRAL,tracking,RIGHT,0.28301530804381847,0.1374738640507908,0.20526862871482793,INACTIVE,False,0.9999999799295536,2.0070446384562815e-08,LEFT,0.9999999598591072,True,,NEUTRAL,True,True,True,False
REPLAY,Yaniv-LRJ(6)-4:7.csv,103.19330549240112,2026-04-24T17:35:08.290403+00:00,25723,NEUTRAL,tracking,RIGHT,0.2886179198037564,0.1394203229537697,0.2132394410640351,INACTIVE,False,0.999999991442869,8.557130996210903e-09,LEFT,0.999999982885738,True,,NEUTRAL,True,True,True,False
REPLAY,Yaniv-LRJ(6)-4:7.csv,103.29360222816467,2026-04-24T17:35:08.297528+00:00,25748,NEUTRAL,tracking,RIGHT,0.27858119593614006,0.12029334671136914,0.21323160548536177,INACTIVE,False,0.9999999746330709,2.5366929100229202e-08,LEFT,0.9999999492661418,True,,NEUTRAL,True,True,True,False
REPLAY,Yaniv-LRJ(6)-4:7.csv,103.39389896392822,2026-04-24T17:35:08.305214+00:00,25773,NEUTRAL,tracking,RIGHT,0.2952251644937699,0.13330572039021077,0.2592308717559675,INACTIVE,False,0.9999999474806535,5.251934650505546e-08,LEFT,0.9999998949613069,True,,NEUTRAL,True,True,True,False
REPLAY,Yaniv-LRJ(6)-4:7.csv,103.49419569969177,2026-04-24T17:35:08.314944+00:00,25798,NEUTRAL,tracking,RIGHT,0.2744235405431261,0.09330370796644122,0.22713428679269204,INACTIVE,False,0.9999999844693267,1.5530673274162082e-08,LEFT,0.9999999689386534,True,,NEUTRAL,True,True,True,False
REPLAY,Yaniv-LRJ(6)-4:7.csv,103.59449243545532,2026-04-24T17:35:08.323494+00:00,25823,NEUTRAL,tracking,RIGHT,0.2639863312629378,0.10011750925403329,0.22638813191471255,INACTIVE,False,0.9999999984688265,1.5311735666430845e-09,LEFT,0.999999996937653,True,,NEUTRAL,True,True,True,False
REPLAY,Yaniv-LRJ(6)-4:7.csv,103.69478917121887,2026-04-24T17:35:08.330681+00:00,25848,NEUTRAL,tracking,RIGHT,0.2762105328346228,0.10742104732019392,0.21238963948589737,INACTIVE,False,0.9999999997038259,2.961740844799692e-10,LEFT,0.9999999994076518,True,,NEUTRAL,True,True,True,False
REPLAY,Yaniv-LRJ(6)-4:7.csv,103.79508590698242,2026-04-24T17:35:08.338270+00:00,25873,NEUTRAL,tracking,RIGHT,0.27021469237737705,0.10428380793664231,0.20711537758557724,INACTIVE,False,0.9999999976200128,2.379987261731485e-09,LEFT,0.9999999952400256,True,,NEUTRAL,True,True,True,False
REPLAY,Yaniv-LRJ(6)-4:7.csv,103.89538264274597,2026-04-24T17:35:08.348301+00:00,25898,LEFT,LEFT,RIGHT,0.2827456997117388,0.12912767291368846,0.2106916989620435,INACTIVE,False,0.9999989955174374,1.0044825625207986e-06,LEFT,0.9999979910348749,True,,LEFT,True,True,True,False
REPLAY,Yaniv-LRJ(6)-4:7.csv,103.99567937850952,2026-04-24T17:35:08.356886+00:00,25923,LEFT,LEFT,RIGHT,0.2838963759353059,0.10267562862697649,0.2164027276533931,INACTIVE,False,0.9990094564365839,0.0009905435634160829,LEFT,0.9980189128731678,True,,LEFT,True,True,True,False
REPLAY,Yaniv-LRJ(6)-4:7.csv,104.09597611427307,2026-04-24T17:35:08.364094+00:00,25948,LEFT,LEFT,RIGHT,0.29177349035979416,0.1358197223399151,0.2303643952449025,INACTIVE,False,0.9828345830031716,0.017165416996828366,LEFT,0.9656691660063432,True,,LEFT,True,True,True,False
REPLAY,Yaniv-LRJ(6)-4:7.csv,104.19226098060608,2026-04-24T17:35:08.371217+00:00,25972,NEUTRAL,tracking,RIGHT,0.2676959615069091,0.12426445338294935,0.20848624996444762,INACTIVE,False,0.9992134189366534,0.0007865810633466226,LEFT,0.9984268378733068,True,,NEUTRAL,True,True,True,False
REPLAY,Yaniv-LRJ(6)-4:7.csv,104.29255771636963,2026-04-24T17:35:08.378719+00:00,25997,NEUTRAL,tracking,RIGHT,0.2711632906860021,0.10890183013873779,0.21983558494706804,INACTIVE,False,0.9999987970023518,1.2029976481676773e-06,LEFT,0.9999975940047037,True,,NEUTRAL,True,True,True,False
REPLAY,Yaniv-LRJ(6)-4:7.csv,104.39285445213318,2026-04-24T17:35:08.385804+00:00,26022,NEUTRAL,tracking,RIGHT,0.2982628257550365,0.14624807473493087,0.2403511039489215,INACTIVE,False,0.9999999947432777,5.256722319502616e-09,LEFT,0.9999999894865554,True,,NEUTRAL,True,True,True,False
REPLAY,Yaniv-LRJ(6)-4:7.csv,104.49315118789673,2026-04-24T17:35:08.392408+00:00,26047,NEUTRAL,tracking,RIGHT,0.2800538460857148,0.10366256830890813,0.21821320505156694,INACTIVE,False,0.9999999995995472,4.0045275928770835e-10,LEFT,0.9999999991990944,True,,NEUTRAL,True,True,True,False
REPLAY,Yaniv-LRJ(6)-4:7.csv,104.59344792366028,2026-04-24T17:35:08.399329+00:00,26072,NEUTRAL,tracking,RIGHT,0.3059606585733319,0.12709673158787793,0.26257364946335016,INACTIVE,False,0.9999999998632542,1.3674578388284175e-10,LEFT,0.9999999997265083,True,,NEUTRAL,True,True,True,False
REPLAY,Yaniv-LRJ(6)-4:7.csv,104.69374465942383,2026-04-24T17:35:08.409173+00:00,26097,LEFT,LEFT,RIGHT,0.2919243344725172,0.10907461502332337,0.2681161048893644,INACTIVE,False,0.9999999993615991,6.384008920855239e-10,LEFT,0.9999999987231982,True,,LEFT,True,True,True,False
REPLAY,Yaniv-LRJ(6)-4:7.csv,104.79404139518738,2026-04-24T17:35:08.417613+00:00,26122,LEFT,LEFT,RIGHT,0.27657569125800185,0.10295712516158902,0.19028521106450152,INACTIVE,False,0.9999999241000321,7.589996787813324e-08,LEFT,0.9999998482000643,True,,LEFT,True,True,True,False
REPLAY,Yaniv-LRJ(6)-4:7.csv,104.89433813095093,2026-04-24T17:35:08.424948+00:00,26147,NEUTRAL,tracking,RIGHT,0.2716204807118374,0.10237313596346104,0.22791157312661825,INACTIVE,False,0.9999883371476308,1.1662852369216287e-05,LEFT,0.9999766742952616,True,,NEUTRAL,True,True,True,False
REPLAY,Yaniv-LRJ(6)-4:7.csv,104.99463486671448,2026-04-24T17:35:08.431999+00:00,26172,NEUTRAL,tracking,RIGHT,0.27645326811656135,0.1244568065406724,0.2270496091981755,INACTIVE,False,0.9998965738869762,0.00010342611302382983,LEFT,0.9997931477739523,True,,NEUTRAL,True,True,True,False
REPLAY,Yaniv-LRJ(6)-4:7.csv,105.09493160247803,2026-04-24T17:35:08.450685+00:00,26197,NEUTRAL,tracking,RIGHT,0.27539141840037296,0.1405892855015979,0.2275616281996926,INACTIVE,False,0.9999510876512153,4.891234878467905e-05,LEFT,0.9999021753024306,True,,NEUTRAL,True,True,True,False
REPLAY,Yaniv-LRJ(6)-4:7.csv,105.19522833824158,2026-04-24T17:35:08.457601+00:00,26222,NEUTRAL,tracking,RIGHT,0.2668687242608899,0.10786914697473983,0.2078103662675679,INACTIVE,False,0.9999913022367124,8.697763287557454e-06,LEFT,0.9999826044734248,True,,NEUTRAL,True,True,True,False
REPLAY,Yaniv-LRJ(6)-4:7.csv,105.29552507400513,2026-04-24T17:35:08.464749+00:00,26247,NEUTRAL,tracking,RIGHT,0.2795106442256967,0.12381997488686362,0.22059072844290228,INACTIVE,False,0.9999956609431468,4.339056853116158e-06,LEFT,0.9999913218862937,True,,NEUTRAL,True,True,True,False
REPLAY,Yaniv-LRJ(6)-4:7.csv,105.39582180976868,2026-04-24T17:35:08.471960+00:00,26272,NEUTRAL,tracking,RIGHT,0.28868320490749644,0.13759917778107614,0.23456440365111944,INACTIVE,False,0.999998795032783,1.2049672170182268e-06,LEFT,0.999997590065566,True,,NEUTRAL,True,True,True,False
REPLAY,Yaniv-LRJ(6)-4:7.csv,105.49210667610168,2026-04-24T17:35:08.479264+00:00,26296,NEUTRAL,tracking,RIGHT,0.2699163409087728,0.11345596269686314,0.20218538205232836,INACTIVE,False,0.9999963098398454,3.6901601545945573e-06,LEFT,0.9999926196796909,True,,NEUTRAL,True,True,True,False
REPLAY,Yaniv-LRJ(6)-4:7.csv,105.59240341186523,2026-04-24T17:35:08.489030+00:00,26321,LEFT,LEFT,RIGHT,0.28501332570883353,0.12287129939986818,0.21515607891883887,INACTIVE,False,0.999857319402246,0.00014268059775403018,LEFT,0.999714638804492,True,,LEFT,True,True,True,False
REPLAY,Yaniv-LRJ(6)-4:7.csv,105.69270014762878,2026-04-24T17:35:08.500395+00:00,26346,LEFT,LEFT,RIGHT,0.28789016888107066,0.11552337056668414,0.22112877100448486,INACTIVE,False,0.9981911873119257,0.0018088126880742897,LEFT,0.9963823746238514,True,,LEFT,True,True,True,False
REPLAY,Yaniv-LRJ(6)-4:7.csv,105.79299688339233,2026-04-24T17:35:08.508809+00:00,26371,NEUTRAL,tracking,UNKNOWN,0.28417686635515105,0.10907496951964778,0.22257659631742963,INACTIVE,False,0.999869128933886,0.00013087106611394173,LEFT,0.999738257867772,True,,NEUTRAL,True,True,True,False
REPLAY,Yaniv-LRJ(6)-4:7.csv,105.89329361915588,2026-04-24T17:35:08.515954+00:00,26396,NEUTRAL,tracking,UNKNOWN,0.3083572325719487,0.1303905488354164,0.2375816532593204,INACTIVE,False,0.9999994925361037,5.074638963763099e-07,LEFT,0.9999989850722073,True,,NEUTRAL,True,True,True,False
REPLAY,Yaniv-LRJ(6)-4:7.csv,105.99359035491943,2026-04-24T17:35:08.523254+00:00,26421,NEUTRAL,tracking,UNKNOWN,0.2928492068292572,0.11159176093522989,0.2573209253922188,INACTIVE,False,0.9999999891973406,1.0802659455341182e-08,LEFT,0.9999999783946811,True,,NEUTRAL,True,True,True,False
REPLAY,Yaniv-LRJ(6)-4:7.csv,106.09388709068298,2026-04-24T17:35:08.530802+00:00,26446,NEUTRAL,tracking,UNKNOWN,0.29375988309919543,0.0981872205708708,0.23773528312024783,INACTIVE,False,0.9999999903208301,9.679169872620894e-09,LEFT,0.9999999806416602,True,,NEUTRAL,True,True,True,False
REPLAY,Yaniv-LRJ(6)-4:7.csv,106.19418382644653,2026-04-24T17:35:08.538121+00:00,26471,NEUTRAL,tracking,UNKNOWN,0.2550274801722743,0.09944432895736234,0.19003727984136745,INACTIVE,False,0.9999999399027413,6.009725873400424e-08,LEFT,0.9999998798054825,True,,NEUTRAL,True,True,True,False
REPLAY,Yaniv-LRJ(6)-4:7.csv,106.29448056221008,2026-04-24T17:35:08.545713+00:00,26496,NEUTRAL,tracking,UNKNOWN,0.2838661855641793,0.12944924249218692,0.22538033136181657,INACTIVE,False,0.9999997257134314,2.742865685797562e-07,LEFT,0.9999994514268629,True,,NEUTRAL,True,True,True,False
REPLAY,Yaniv-LRJ(6)-4:7.csv,106.39477729797363,2026-04-24T17:35:08.552918+00:00,26521,NEUTRAL,tracking,UNKNOWN,0.26508773790319606,0.0911846311349509,0.21423658477987245,INACTIVE,False,0.999999490450971,5.095490289394036e-07,LEFT,0.9999989809019421,True,,NEUTRAL,True,True,True,False
REPLAY,Yaniv-LRJ(6)-4:7.csv,106.49507403373718,2026-04-24T17:35:08.559975+00:00,26546,NEUTRAL,tracking,UNKNOWN,0.283242623516501,0.08760849882092668,0.21267301713499753,INACTIVE,False,0.9999999153118245,8.468817544561907e-08,LEFT,0.999999830623649,True,,NEUTRAL,True,True,True,False
REPLAY,Yaniv-LRJ(6)-4:7.csv,106.59537076950073,2026-04-24T17:35:08.571023+00:00,26571,LEFT,LEFT,UNKNOWN,0.285385406737769,0.13436012476134962,0.22074060089125017,INACTIVE,False,0.9999999988888156,1.111184355051877e-09,LEFT,0.9999999977776313,True,,LEFT,True,True,True,False
REPLAY,Yaniv-LRJ(6)-4:7.csv,106.69566750526428,2026-04-24T17:35:08.584799+00:00,26596,LEFT,LEFT,UNKNOWN,0.26493421571193465,0.09711524475097347,0.21248991904677103,INACTIVE,False,0.9999999999806679,1.9332124476806296e-11,LEFT,0.9999999999613358,True,,LEFT,True,True,True,False
REPLAY,Yaniv-LRJ(6)-4:7.csv,106.79596424102783,2026-04-24T17:35:08.594228+00:00,26621,LEFT,LEFT,UNKNOWN,0.30345419331293566,0.11877534295636014,0.2343648827792397,INACTIVE,False,0.9999999999838249,1.6175089845285035e-11,LEFT,0.9999999999676499,True,,LEFT,True,True,True,False
REPLAY,Yaniv-LRJ(6)-4:7.csv,106.89224910736084,2026-04-24T17:35:08.605125+00:00,26645,NEUTRAL,tracking,UNKNOWN,0.2861629358403033,0.12657373006409303,0.2243177274709679,INACTIVE,False,0.9999999994356835,5.643164682611707e-10,LEFT,0.999999998871367,True,,NEUTRAL,True,True,True,False
REPLAY,Yaniv-LRJ(6)-4:7.csv,106.99254584312439,2026-04-24T17:35:08.613984+00:00,26670,NEUTRAL,tracking,UNKNOWN,0.2795252703456601,0.1117675663969975,0.21820491560401362,INACTIVE,False,0.9999999734812597,2.6518740293243998e-08,LEFT,0.9999999469625194,True,,NEUTRAL,True,True,True,False
REPLAY,Yaniv-LRJ(6)-4:7.csv,107.09284257888794,2026-04-24T17:35:08.624126+00:00,26695,NEUTRAL,tracking,UNKNOWN,0.3021904535113432,0.09655546316781095,0.23818943200601297,INACTIVE,False,0.9999999395800485,6.041995149560546e-08,LEFT,0.999999879160097,True,,NEUTRAL,True,True,True,False
REPLAY,Yaniv-LRJ(6)-4:7.csv,107.19313931465149,2026-04-24T17:35:08.633666+00:00,26720,NEUTRAL,tracking,UNKNOWN,0.2872684596864974,0.1253678074707677,0.2175227345325975,INACTIVE,False,0.9999999777910462,2.2208953770577066e-08,LEFT,0.9999999555820924,True,,NEUTRAL,True,True,True,False
REPLAY,Yaniv-LRJ(6)-4:7.csv,107.29343605041504,2026-04-24T17:35:08.640882+00:00,26745,NEUTRAL,tracking,UNKNOWN,0.3175750138207615,0.17087688047747202,0.24515803747255424,INACTIVE,False,0.9999999884968649,1.1503135063861017e-08,LEFT,0.9999999769937298,True,,NEUTRAL,True,True,True,False
REPLAY,Yaniv-LRJ(6)-4:7.csv,107.39373278617859,2026-04-24T17:35:08.648696+00:00,26770,NEUTRAL,tracking,UNKNOWN,0.3027185006756993,0.1579084888746932,0.23988725179393947,INACTIVE,False,0.9999999730906795,2.6909320527251668e-08,LEFT,0.9999999461813589,True,,NEUTRAL,True,True,True,False
REPLAY,Yaniv-LRJ(6)-4:7.csv,107.49402952194214,2026-04-24T17:35:08.656505+00:00,26795,NEUTRAL,tracking,UNKNOWN,0.28309357798838874,0.11414778889192072,0.22962787160432468,INACTIVE,False,0.9999997844474703,2.1555252970539025e-07,LEFT,0.9999995688949406,True,,NEUTRAL,True,True,True,False
REPLAY,Yaniv-LRJ(6)-4:7.csv,107.59432625770569,2026-04-24T17:35:08.663937+00:00,26820,NEUTRAL,tracking,UNKNOWN,0.2937192614870848,0.10436774652000855,0.23372607957537417,INACTIVE,False,0.9999990058175768,9.941824231253588e-07,LEFT,0.9999980116351537,True,,NEUTRAL,True,True,True,False
REPLAY,Yaniv-LRJ(6)-4:7.csv,107.69462299346924,2026-04-24T17:35:08.671106+00:00,26845,NEUTRAL,tracking,UNKNOWN,0.3035302536364006,0.14094063171081941,0.2323405327350834,INACTIVE,False,0.9999993734527056,6.26547294325559e-07,LEFT,0.9999987469054112,True,,NEUTRAL,True,True,True,False
REPLAY,Yaniv-LRJ(6)-4:7.csv,107.79491972923279,2026-04-24T17:35:08.678247+00:00,26870,NEUTRAL,tracking,UNKNOWN,0.2976832277539899,0.1432178106295434,0.21717679977835797,INACTIVE,False,0.9999999248529794,7.514702057791194e-08,LEFT,0.9999998497059588,True,,NEUTRAL,True,True,True,False
REPLAY,Yaniv-LRJ(6)-4:7.csv,107.89521646499634,2026-04-24T17:35:08.689197+00:00,26895,LEFT,LEFT,UNKNOWN,0.29054962775996596,0.11186637988742554,0.23069847576823813,INACTIVE,False,0.9999999948865468,5.1134532426407045e-09,LEFT,0.9999999897730936,True,,LEFT,True,True,True,False
REPLAY,Yaniv-LRJ(6)-4:7.csv,107.99551320075989,2026-04-24T17:35:08.698850+00:00,26920,NEUTRAL,tracking,UNKNOWN,0.282906386288579,0.1186194648111495,0.24361540607986717,INACTIVE,False,0.9999999992958531,7.041468091598883e-10,LEFT,0.9999999985917063,True,,NEUTRAL,True,True,True,False
REPLAY,Yaniv-LRJ(6)-4:7.csv,108.09580993652344,2026-04-24T17:35:08.705982+00:00,26945,NEUTRAL,tracking,UNKNOWN,0.29606933583674777,0.13150023553214268,0.2397348351692824,INACTIVE,False,0.9999999995198812,4.801187904287157e-10,LEFT,0.9999999990397623,True,,NEUTRAL,True,True,True,False
REPLAY,Yaniv-LRJ(6)-4:7.csv,108.19209480285645,2026-04-24T17:35:08.713573+00:00,26969,NEUTRAL,tracking,UNKNOWN,0.2834782942809394,0.1003566906701572,0.2356657438580764,INACTIVE,False,0.9999999988569094,1.1430906691493778e-09,LEFT,0.9999999977138188,True,,NEUTRAL,True,True,True,False
REPLAY,Yaniv-LRJ(6)-4:7.csv,108.29239153862,2026-04-24T17:35:08.721237+00:00,26994,NEUTRAL,tracking,UNKNOWN,0.2893480699950819,0.10174197469835762,0.23374018071943364,INACTIVE,False,0.9999999928656315,7.134368565085828e-09,LEFT,0.9999999857312629,True,,NEUTRAL,True,True,True,False
REPLAY,Yaniv-LRJ(6)-4:7.csv,108.39268827438354,2026-04-24T17:35:08.731233+00:00,27019,LEFT,LEFT,UNKNOWN,0.2956140585967,0.10028725045217224,0.26333197002127495,INACTIVE,False,0.9999999121770718,8.782292819935419e-08,LEFT,0.9999998243541437,True,,LEFT,True,True,True,False
REPLAY,Yaniv-LRJ(6)-4:7.csv,108.4929850101471,2026-04-24T17:35:08.739963+00:00,27044,LEFT,LEFT,UNKNOWN,0.28338179365636884,0.1094568703411629,0.24702687595302347,INACTIVE,False,0.9999976818846638,2.318115336281502e-06,LEFT,0.9999953637693275,True,,LEFT,True,True,True,False
REPLAY,Yaniv-LRJ(6)-4:7.csv,108.59328174591064,2026-04-24T17:35:08.747364+00:00,27069,NEUTRAL,tracking,UNKNOWN,0.28170965491016176,0.09719599607194034,0.22490159795498968,INACTIVE,False,0.9998257114943668,0.00017428850563320675,LEFT,0.9996514229887337,True,,NEUTRAL,True,True,True,False
REPLAY,Yaniv-LRJ(6)-4:7.csv,108.6935784816742,2026-04-24T17:35:08.755693+00:00,27094,NEUTRAL,tracking,UNKNOWN,0.27005778314594453,0.11158618410055159,0.21831610959709305,INACTIVE,False,0.9938354488488741,0.006164551151125941,LEFT,0.9876708976977482,True,,NEUTRAL,True,True,True,False
REPLAY,Yaniv-LRJ(6)-4:7.csv,108.79387521743774,2026-04-24T17:35:08.763145+00:00,27119,NEUTRAL,tracking,UNKNOWN,0.28312121122999634,0.12580555334553573,0.22013869960164306,INACTIVE,False,0.9948811596361594,0.0051188403638406325,LEFT,0.9897623192723188,True,,NEUTRAL,True,True,True,False
REPLAY,Yaniv-LRJ(6)-4:7.csv,108.8941719532013,2026-04-24T17:35:08.770578+00:00,27144,NEUTRAL,tracking,UNKNOWN,0.292237597415011,0.1366455050455023,0.23611202332572678,INACTIVE,False,0.999955112081459,4.488791854097378e-05,LEFT,0.9999102241629181,True,,NEUTRAL,True,True,True,False
REPLAY,Yaniv-LRJ(6)-4:7.csv,108.99446868896484,2026-04-24T17:35:08.777885+00:00,27169,NEUTRAL,tracking,UNKNOWN,0.29534620685108015,0.12718911631700552,0.23769412314022573,INACTIVE,False,0.9999998903991679,1.096008320823428e-07,LEFT,0.9999997807983358,True,,NEUTRAL,True,True,True,False
REPLAY,Yaniv-LRJ(6)-4:7.csv,109.0947654247284,2026-04-24T17:35:08.785176+00:00,27194,NEUTRAL,tracking,RIGHT,0.2833612057660281,0.12390294848698312,0.23772131953287423,INACTIVE,False,0.9999999962765197,3.72348031862988e-09,LEFT,0.9999999925530394,True,,NEUTRAL,True,True,True,False
REPLAY,Yaniv-LRJ(6)-4:7.csv,109.19506216049194,2026-04-24T17:35:08.794570+00:00,27219,NEUTRAL,tracking,RIGHT,0.2940386521531261,0.1388178207777711,0.24355809749886675,INACTIVE,False,0.999999997762961,2.237039008322685e-09,LEFT,0.999999995525922,True,,NEUTRAL,True,True,True,False
REPLAY,Yaniv-LRJ(6)-4:7.csv,109.2953588962555,2026-04-24T17:35:08.803629+00:00,27244,NEUTRAL,tracking,RIGHT,0.29867286632173484,0.12703723236056358,0.24315980914345847,INACTIVE,False,0.9999999990683668,9.31633250221354e-10,LEFT,0.9999999981367336,True,,NEUTRAL,True,True,True,False
REPLAY,Yaniv-LRJ(6)-4:7.csv,109.39565563201904,2026-04-24T17:35:08.810214+00:00,27269,NEUTRAL,tracking,RIGHT,0.2865075868441187,0.13172022367018477,0.22244986815051548,INACTIVE,False,0.9999999999357052,6.429476210748506e-11,LEFT,0.9999999998714104,True,,NEUTRAL,True,True,True,False
REPLAY,Yaniv-LRJ(6)-4:7.csv,109.49595236778259,2026-04-24T17:35:08.817340+00:00,27294,NEUTRAL,tracking,RIGHT,0.2900089538392878,0.12934970381128508,0.24689875975333717,INACTIVE,False,0.9999999999951636,4.8363024136358204e-12,LEFT,0.9999999999903273,True,,NEUTRAL,True,True,True,False
REPLAY,Yaniv-LRJ(6)-4:7.csv,109.5922372341156,2026-04-24T17:35:08.824771+00:00,27318,NEUTRAL,tracking,RIGHT,0.3295924708402651,0.13345405691462742,0.2645417712734395,INACTIVE,False,0.999999999994398,5.601993448465848e-12,LEFT,0.9999999999887961,True,,NEUTRAL,True,True,True,False
REPLAY,Yaniv-LRJ(6)-4:7.csv,109.69253396987915,2026-04-24T17:35:08.831755+00:00,27343,NEUTRAL,tracking,RIGHT,0.2843127635238061,0.11479908070397458,0.21482803798693398,INACTIVE,False,0.9999999999137709,8.622911761813812e-11,LEFT,0.9999999998275417,True,,NEUTRAL,True,True,True,False
REPLAY,Yaniv-LRJ(6)-4:7.csv,109.7928307056427,2026-04-24T17:35:08.838842+00:00,27368,NEUTRAL,tracking,RIGHT,0.28362635579649664,0.132648160148682,0.20002196497675265,INACTIVE,False,0.9999999985867116,1.4132884270465138e-09,LEFT,0.9999999971734232,True,,NEUTRAL,True,True,True,False
REPLAY,Yaniv-LRJ(6)-4:7.csv,109.89312744140625,2026-04-24T17:35:08.845663+00:00,27393,NEUTRAL,tracking,RIGHT,0.27901263744004856,0.13132009388617397,0.20444510837651464,INACTIVE,False,0.9999999953133513,4.686648736911432e-09,LEFT,0.9999999906267025,True,,NEUTRAL,True,True,True,False
REPLAY,Yaniv-LRJ(6)-4:7.csv,109.9934241771698,2026-04-24T17:35:08.852742+00:00,27418,NEUTRAL,tracking,RIGHT,0.2835923703905848,0.12172641522717596,0.21538457790246554,INACTIVE,False,0.9999999920086439,7.991356126406346e-09,LEFT,0.9999999840172877,True,,NEUTRAL,True,True,True,False
REPLAY,Yaniv-LRJ(6)-4:7.csv,110.09372091293335,2026-04-24T17:35:08.871675+00:00,27443,NEUTRAL,tracking,RIGHT,0.28143126779526695,0.13261135806926955,0.22681494899682086,INACTIVE,False,0.9999999608011318,3.919886813545142e-08,LEFT,0.9999999216022637,True,,NEUTRAL,True,True,True,False
REPLAY,Yaniv-LRJ(6)-4:7.csv,110.1940176486969,2026-04-24T17:35:08.881298+00:00,27468,LEFT,LEFT,RIGHT,0.2714638796475751,0.12206278327575067,0.2186350610045031,INACTIVE,False,0.9999953065569407,4.693443059352589e-06,LEFT,0.9999906131138814,True,,LEFT,True,True,True,False
REPLAY,Yaniv-LRJ(6)-4:7.csv,110.29431438446045,2026-04-24T17:35:08.890304+00:00,27493,LEFT,LEFT,RIGHT,0.2801345607158071,0.11693726005647337,0.22423134582830617,INACTIVE,False,0.9988412192920508,0.0011587807079491692,LEFT,0.9976824385841017,True,,LEFT,True,True,True,False
REPLAY,Yaniv-LRJ(6)-4:7.csv,110.394611120224,2026-04-24T17:35:08.897210+00:00,27518,NEUTRAL,tracking,RIGHT,0.280601356494771,0.11729177746939601,0.20004012993829193,INACTIVE,False,0.9985055270235866,0.0014944729764133282,LEFT,0.9970110540471733,True,,NEUTRAL,True,True,True,False
REPLAY,Yaniv-LRJ(6)-4:7.csv,110.49490785598755,2026-04-24T17:35:08.907038+00:00,27543,NEUTRAL,tracking,RIGHT,0.28371167077783155,0.11112363799304315,0.22863169618779178,INACTIVE,False,0.9999964784881634,3.5215118365293607e-06,LEFT,0.9999929569763268,True,,NEUTRAL,True,True,True,False
REPLAY,Yaniv-LRJ(6)-4:7.csv,110.5952045917511,2026-04-24T17:35:08.915922+00:00,27568,NEUTRAL,tracking,RIGHT,0.2703589043190845,0.1010662013880739,0.20331399180035978,INACTIVE,False,0.9999999982156885,1.7843114289665493e-09,LEFT,0.999999996431377,True,,NEUTRAL,True,True,True,False
REPLAY,Yaniv-LRJ(6)-4:7.csv,110.69550132751465,2026-04-24T17:35:08.922853+00:00,27593,NEUTRAL,tracking,RIGHT,0.27539904002324567,0.09128945201004873,0.2051966498481492,INACTIVE,False,0.9999999957330519,4.2669481598983545e-09,LEFT,0.9999999914661037,True,,NEUTRAL,True,True,True,False
REPLAY,Yaniv-LRJ(6)-4:7.csv,110.7957980632782,2026-04-24T17:35:08.932998+00:00,27618,LEFT,LEFT,RIGHT,0.25960715244744126,0.09251800758784995,0.2148689942026467,INACTIVE,False,0.9932283758974132,0.00677162410258681,LEFT,0.9864567517948264,True,,LEFT,True,True,True,False
REPLAY,Yaniv-LRJ(6)-4:7.csv,110.8920829296112,2026-04-24T17:35:08.942071+00:00,27642,LEFT,LEFT,RIGHT,0.28494488789558425,0.1197469510530892,0.2258755012206586,INACTIVE,False,2.7418169159521e-06,0.999997258183084,RIGHT,0.9999945163661681,True,,LEFT,True,True,True,False
REPLAY,Yaniv-LRJ(6)-4:7.csv,110.99237966537476,2026-04-24T17:35:08.949032+00:00,27667,NEUTRAL,tracking,RIGHT,0.302004904743876,0.14763924533090636,0.2394398067989101,INACTIVE,False,9.563183578364942e-10,0.9999999990436816,RIGHT,0.9999999980873633,True,,NEUTRAL,True,True,True,False
REPLAY,Yaniv-LRJ(6)-4:7.csv,111.0926764011383,2026-04-24T17:35:08.958949+00:00,27692,NEUTRAL,tracking,RIGHT,0.307224615938379,0.1263535919681677,0.2586884619226751,INACTIVE,False,5.091871668527759e-06,0.9999949081283315,RIGHT,0.9999898162566629,True,,NEUTRAL,True,True,True,False
REPLAY,Yaniv-LRJ(6)-4:7.csv,111.19297313690186,2026-04-24T17:35:08.967834+00:00,27717,NEUTRAL,tracking,RIGHT,0.3015060437599386,0.11558621643525131,0.22200951572646857,INACTIVE,False,0.990518760411462,0.009481239588538026,LEFT,0.9810375208229241,True,,NEUTRAL,True,True,True,False
REPLAY,Yaniv-LRJ(6)-4:7.csv,111.2932698726654,2026-04-24T17:35:08.974561+00:00,27742,NEUTRAL,tracking,RIGHT,0.2933540647138262,0.13555422961389665,0.23123531488994864,INACTIVE,False,0.9999999587479642,4.1252035743029304e-08,LEFT,0.9999999174959284,True,,NEUTRAL,True,True,True,False
REPLAY,Yaniv-LRJ(6)-4:7.csv,111.39356660842896,2026-04-24T17:35:08.981963+00:00,27767,NEUTRAL,tracking,RIGHT,0.2954368483864208,0.1246364008036406,0.257421311250841,INACTIVE,False,0.9999999993935628,6.064372251704999e-10,LEFT,0.9999999987871255,True,,NEUTRAL,True,True,True,False
REPLAY,Yaniv-LRJ(6)-4:7.csv,111.4938633441925,2026-04-24T17:35:08.989750+00:00,27792,NEUTRAL,tracking,RIGHT,0.2901905460430254,0.10881215811831138,0.23551884620056548,INACTIVE,False,0.999999999824832,1.7516799081351708e-10,LEFT,0.999999999649664,True,,NEUTRAL,True,True,True,False
REPLAY,Yaniv-LRJ(6)-4:7.csv,111.59416007995605,2026-04-24T17:35:08.997291+00:00,27817,NEUTRAL,tracking,RIGHT,0.2865244641870349,0.12244844103687115,0.23242428404575477,INACTIVE,False,0.999999999874234,1.2576593595630106e-10,LEFT,0.9999999997484681,True,,NEUTRAL,True,True,True,False
REPLAY,Yaniv-LRJ(6)-4:7.csv,111.6944568157196,2026-04-24T17:35:09.007255+00:00,27842,LEFT,LEFT,RIGHT,0.2693368228206272,0.09297187935118582,0.23386947388475418,INACTIVE,False,0.9999999650612006,3.493879938814578e-08,LEFT,0.9999999301224012,True,,LEFT,True,True,True,False
REPLAY,Yaniv-LRJ(6)-4:7.csv,111.79475355148315,2026-04-24T17:35:09.016140+00:00,27867,LEFT,LEFT,RIGHT,0.25874133843064895,0.09031752070399109,0.19889297161248343,INACTIVE,False,0.9996408583939501,0.00035914160604992514,LEFT,0.9992817167879002,True,,LEFT,True,True,True,False
REPLAY,Yaniv-LRJ(6)-4:7.csv,111.8950502872467,2026-04-24T17:35:09.022744+00:00,27892,LEFT,LEFT,RIGHT,0.2585344700836699,0.09503611749641348,0.20312322259430557,INACTIVE,False,0.999855196169008,0.00014480383099206521,LEFT,0.999710392338016,True,,LEFT,True,True,True,False
REPLAY,Yaniv-LRJ(6)-4:7.csv,111.99534702301025,2026-04-24T17:35:09.029859+00:00,27917,NEUTRAL,tracking,RIGHT,0.28364950366140695,0.12043209686013741,0.21040841803985655,INACTIVE,False,0.9999999999977442,2.255791337001068e-12,LEFT,0.9999999999954885,True,,NEUTRAL,True,True,True,False
REPLAY,Yaniv-LRJ(6)-4:7.csv,112.0956437587738,2026-04-24T17:35:09.037621+00:00,27942,NEUTRAL,tracking,RIGHT,0.2921730943562503,0.13045808525559757,0.24157073698305162,INACTIVE,False,1.0,8.235871988282184e-23,LEFT,1.0,True,,NEUTRAL,True,True,True,False
REPLAY,Yaniv-LRJ(6)-4:7.csv,112.19594049453735,2026-04-24T17:35:09.045862+00:00,27967,NEUTRAL,tracking,RIGHT,0.26072303819547726,0.10069634241201683,0.20467235797976716,INACTIVE,False,1.0,1.6366155236851208e-28,LEFT,1.0,True,,NEUTRAL,True,True,True,False
REPLAY,Yaniv-LRJ(6)-4:7.csv,112.29222536087036,2026-04-24T17:35:09.053192+00:00,27991,NEUTRAL,tracking,RIGHT,0.2989162600271328,0.12150413838132679,0.2437682668000174,INACTIVE,False,1.0,2.8390960307487726e-28,LEFT,1.0,True,,NEUTRAL,True,True,True,False
REPLAY,Yaniv-LRJ(6)-4:7.csv,112.39252209663391,2026-04-24T17:35:09.060394+00:00,28016,NEUTRAL,tracking,RIGHT,0.2809548752197186,0.14930704743589066,0.22966710716212022,INACTIVE,False,1.0,8.555455280014412e-27,LEFT,1.0,True,,NEUTRAL,True,True,True,False
REPLAY,Yaniv-LRJ(6)-4:7.csv,112.49281883239746,2026-04-24T17:35:09.068020+00:00,28041,NEUTRAL,tracking,RIGHT,0.2808368672244924,0.12869581684278417,0.228236451759841,INACTIVE,False,1.0,2.7081047580386285e-27,LEFT,1.0,True,,NEUTRAL,True,True,True,False
REPLAY,Yaniv-LRJ(6)-4:7.csv,112.59311556816101,2026-04-24T17:35:09.075195+00:00,28066,NEUTRAL,tracking,RIGHT,0.29023790635267466,0.10952255782293578,0.24512584029753084,INACTIVE,False,1.0,2.9450582805647513e-28,LEFT,1.0,True,,NEUTRAL,True,True,True,False
REPLAY,Yaniv-LRJ(6)-4:7.csv,112.69341230392456,2026-04-24T17:35:09.084503+00:00,28091,LEFT,LEFT,RIGHT,0.25793221166883873,0.08430011394617347,0.209482199599454,INACTIVE,False,1.0,5.099915860046586e-28,LEFT,1.0,True,,LEFT,True,True,True,False
REPLAY,Yaniv-LRJ(6)-4:7.csv,112.79370903968811,2026-04-24T17:35:09.093659+00:00,28116,LEFT,LEFT,RIGHT,0.28494754000593125,0.11576358644262136,0.23815521342674564,INACTIVE,False,1.0,3.3960642508572925e-27,LEFT,1.0,True,,LEFT,True,True,True,False
REPLAY,Yaniv-LRJ(6)-4:7.csv,112.89400577545166,2026-04-24T17:35:09.101073+00:00,28141,NEUTRAL,tracking,UNKNOWN,0.27004113343094394,0.13494587613691186,0.20502150220704246,INACTIVE,False,1.0,3.8341854228853334e-25,LEFT,1.0,True,,NEUTRAL,True,True,True,False
REPLAY,Yaniv-LRJ(6)-4:7.csv,112.99430251121521,2026-04-24T17:35:09.110329+00:00,28166,NEUTRAL,tracking,UNKNOWN,0.27526222124622146,0.11678210202131674,0.2208339234052446,INACTIVE,False,1.0,1.0855961212426235e-20,LEFT,1.0,True,,NEUTRAL,True,True,True,False
REPLAY,Yaniv-LRJ(6)-4:7.csv,113.09459924697876,2026-04-24T17:35:09.119356+00:00,28191,NEUTRAL,tracking,UNKNOWN,0.25981553778871913,0.11323753797956486,0.21747033280006547,INACTIVE,False,0.9999999999999963,3.6668315925581065e-15,LEFT,0.9999999999999927,True,,NEUTRAL,True,True,True,False
REPLAY,Yaniv-LRJ(6)-4:7.csv,113.19489598274231,2026-04-24T17:35:09.127050+00:00,28216,NEUTRAL,tracking,UNKNOWN,0.25488217605842434,0.10459522174135609,0.21926803610546242,INACTIVE,False,0.9999999999984208,1.5791619959511303e-12,LEFT,0.9999999999968416,True,,NEUTRAL,True,True,True,False
REPLAY,Yaniv-LRJ(6)-4:7.csv,113.29519271850586,2026-04-24T17:35:09.134114+00:00,28241,NEUTRAL,tracking,UNKNOWN,0.27113003369852395,0.10722704998040664,0.23134233935428086,INACTIVE,False,0.9999999999999437,5.62492024486123e-14,LEFT,0.9999999999998874,True,,NEUTRAL,True,True,True,False
REPLAY,Yaniv-LRJ(6)-4:7.csv,113.39548945426941,2026-04-24T17:35:09.141107+00:00,28266,NEUTRAL,tracking,UNKNOWN,0.2750208055128518,0.10792367683789324,0.21269839030688548,INACTIVE,False,1.0,3.959557974819593e-17,LEFT,1.0,True,,NEUTRAL,True,True,True,False
REPLAY,Yaniv-LRJ(6)-4:7.csv,113.49578619003296,2026-04-24T17:35:09.148253+00:00,28291,NEUTRAL,tracking,UNKNOWN,0.29815674623901,0.14565087060967294,0.23911484031935268,INACTIVE,False,1.0,9.191498118149731e-19,LEFT,1.0,True,,NEUTRAL,True,True,True,False
REPLAY,Yaniv-LRJ(6)-4:7.csv,113.59207105636597,2026-04-24T17:35:09.156086+00:00,28315,NEUTRAL,tracking,UNKNOWN,0.2884721465500387,0.12005401457709604,0.22928427785831704,INACTIVE,False,1.0,4.327730190574698e-19,LEFT,1.0,True,,NEUTRAL,True,True,True,False
REPLAY,Yaniv-LRJ(6)-4:7.csv,113.69236779212952,2026-04-24T17:35:09.162730+00:00,28340,NEUTRAL,tracking,UNKNOWN,0.2868158750746419,0.11561383903548439,0.21073494121909242,INACTIVE,False,1.0,5.643365909655142e-19,LEFT,1.0,True,,NEUTRAL,True,True,True,False
REPLAY,Yaniv-LRJ(6)-4:7.csv,113.79266452789307,2026-04-24T17:35:09.170368+00:00,28365,NEUTRAL,tracking,UNKNOWN,0.287286580850623,0.13117273181593553,0.2200232081105164,INACTIVE,False,1.0,2.2640064813570863e-18,LEFT,1.0,True,,NEUTRAL,True,True,True,False
REPLAY,Yaniv-LRJ(6)-4:7.csv,113.89296126365662,2026-04-24T17:35:09.177481+00:00,28390,NEUTRAL,tracking,UNKNOWN,0.2994861817454637,0.14243334106320948,0.22705299500010837,INACTIVE,False,1.0,8.863456392094334e-18,LEFT,1.0,True,,NEUTRAL,True,True,True,False
REPLAY,Yaniv-LRJ(6)-4:7.csv,113.99325799942017,2026-04-24T17:35:09.184756+00:00,28415,NEUTRAL,tracking,UNKNOWN,0.30329997015746546,0.1367512442513566,0.2224318243281498,INACTIVE,False,1.0,1.9629013213603313e-17,LEFT,1.0,True,,NEUTRAL,True,True,True,False
REPLAY,Yaniv-LRJ(6)-4:7.csv,114.09355473518372,2026-04-24T17:35:09.194391+00:00,28440,LEFT,LEFT,UNKNOWN,0.30177443176811747,0.14708835605830772,0.22733245449732675,INACTIVE,False,0.9999999999999999,9.680325856919357e-17,LEFT,0.9999999999999998,True,,LEFT,True,True,True,False
REPLAY,Yaniv-LRJ(6)-4:7.csv,114.19385147094727,2026-04-24T17:35:09.208077+00:00,28465,NEUTRAL,tracking,UNKNOWN,0.2957173597231101,0.13495073043566158,0.22977573590986777,INACTIVE,False,0.999999999999999,1.0361445562686846e-15,LEFT,0.999999999999998,True,,NEUTRAL,True,True,True,False
REPLAY,Yaniv-LRJ(6)-4:7.csv,114.29414820671082,2026-04-24T17:35:09.218152+00:00,28490,NEUTRAL,tracking,UNKNOWN,0.30298465867331725,0.12517580449202081,0.26139378593055157,INACTIVE,False,0.9999999999999853,1.470090977959224e-14,LEFT,0.9999999999999707,True,,NEUTRAL,True,True,True,False
REPLAY,Yaniv-LRJ(6)-4:7.csv,114.39444494247437,2026-04-24T17:35:09.225219+00:00,28515,NEUTRAL,tracking,UNKNOWN,0.29265363034949887,0.14578039217344355,0.20113833082525226,INACTIVE,False,0.9999999999996887,3.1127336755070855e-13,LEFT,0.9999999999993774,True,,NEUTRAL,True,True,True,False
REPLAY,Yaniv-LRJ(6)-4:7.csv,114.49474167823792,2026-04-24T17:35:09.232114+00:00,28540,NEUTRAL,tracking,UNKNOWN,0.2951771012711121,0.14614094964050697,0.23001517587667253,INACTIVE,False,0.9999999999875436,1.2456346883152998e-11,LEFT,0.9999999999750873,True,,NEUTRAL,True,True,True,False
REPLAY,Yaniv-LRJ(6)-4:7.csv,114.59503841400146,2026-04-24T17:35:09.239578+00:00,28565,NEUTRAL,tracking,UNKNOWN,0.2944999464067395,0.1334241021549681,0.2310809651832092,INACTIVE,False,0.9999999992811169,7.188830781035934e-10,LEFT,0.9999999985622339,True,,NEUTRAL,True,True,True,False
REPLAY,Yaniv-LRJ(6)-4:7.csv,114.69533514976501,2026-04-24T17:35:09.246515+00:00,28590,NEUTRAL,tracking,UNKNOWN,0.2893575533535281,0.12614082345587505,0.22095412375660275,INACTIVE,False,0.9999999835213856,1.6478614371243907e-08,LEFT,0.9999999670427713,True,,NEUTRAL,True,True,True,False
REPLAY,Yaniv-LRJ(6)-4:7.csv,114.79563188552856,2026-04-24T17:35:09.253531+00:00,28615,NEUTRAL,tracking,UNKNOWN,0.2854461625357476,0.12298911139565455,0.2461252194922558,INACTIVE,False,0.9999999730559401,2.694405987439134e-08,LEFT,0.9999999461118803,True,,NEUTRAL,True,True,True,False
REPLAY,Yaniv-LRJ(6)-4:7.csv,114.89592862129211,2026-04-24T17:35:09.260108+00:00,28640,NEUTRAL,tracking,UNKNOWN,0.2914890932608314,0.10585196386647287,0.24243571770471783,INACTIVE,False,0.9999999959430261,4.05697385247328e-09,LEFT,0.9999999918860523,True,,NEUTRAL,True,True,True,False
REPLAY,Yaniv-LRJ(6)-4:7.csv,114.99221348762512,2026-04-24T17:35:09.267216+00:00,28664,NEUTRAL,tracking,UNKNOWN,0.27523295348906507,0.10312113858963959,0.22672717653710256,INACTIVE,False,0.9999999995278718,4.721281809731756e-10,LEFT,0.9999999990557435,True,,NEUTRAL,True,True,True,False
REPLAY,Yaniv-LRJ(6)-4:7.csv,115.09251022338867,2026-04-24T17:35:09.286965+00:00,28689,NEUTRAL,tracking,UNKNOWN,0.2922334826229638,0.1298596777863851,0.2247089680296108,INACTIVE,False,0.9999999998987473,1.01252725251459e-10,LEFT,0.9999999997974947,True,,NEUTRAL,True,True,True,False
REPLAY,Yaniv-LRJ(6)-4:7.csv,115.19280695915222,2026-04-24T17:35:09.293564+00:00,28714,NEUTRAL,tracking,UNKNOWN,0.27231760240083636,0.12197103948243294,0.21382942365146917,INACTIVE,False,0.9999999999443021,5.569787208184542e-11,LEFT,0.9999999998886042,True,,NEUTRAL,True,True,True,False
REPLAY,Yaniv-LRJ(6)-4:7.csv,115.29310369491577,2026-04-24T17:35:09.300074+00:00,28739,NEUTRAL,tracking,UNKNOWN,0.2931743113043661,0.12860416052518778,0.2541089837684029,INACTIVE,False,0.9999999999230088,7.699113905755113e-11,LEFT,0.9999999998460176,True,,NEUTRAL,True,True,True,False
REPLAY,Yaniv-LRJ(6)-4:7.csv,115.39340043067932,2026-04-24T17:35:09.306881+00:00,28764,NEUTRAL,tracking,UNKNOWN,0.28665363608834094,0.10936822272996839,0.21937577986084264,INACTIVE,False,0.9999999997185561,2.8144386730883703e-10,LEFT,0.9999999994371123,True,,NEUTRAL,True,True,True,False
REPLAY,Yaniv-LRJ(6)-4:7.csv,115.49369716644287,2026-04-24T17:35:09.313609+00:00,28789,NEUTRAL,tracking,UNKNOWN,0.2768180898438233,0.10172453061127168,0.22408417885447818,INACTIVE,False,0.9999999924275184,7.572481687514441e-09,LEFT,0.9999999848550367,True,,NEUTRAL,True,True,True,False
REPLAY,Yaniv-LRJ(6)-4:7.csv,115.59399390220642,2026-04-24T17:35:09.320843+00:00,28814,NEUTRAL,tracking,UNKNOWN,0.2840474641836027,0.1169814978650624,0.22830903406888167,INACTIVE,False,0.9999984633141497,1.5366858503578178e-06,LEFT,0.9999969266282993,True,,NEUTRAL,True,True,True,False
REPLAY,Yaniv-LRJ(6)-4:7.csv,115.69429063796997,2026-04-24T17:35:09.330459+00:00,28839,LEFT,LEFT,UNKNOWN,0.2973900011649775,0.12810807253759376,0.2524517500297124,INACTIVE,False,0.9953949677124801,0.004605032287519877,LEFT,0.9907899354249603,True,,LEFT,True,True,True,False
REPLAY,Yaniv-LRJ(6)-4:7.csv,115.79458737373352,2026-04-24T17:35:09.339222+00:00,28864,NEUTRAL,tracking,UNKNOWN,0.3054406846277301,0.15587706881941574,0.2506516502791189,INACTIVE,False,0.00998261750524354,0.9900173824947565,RIGHT,0.9800347649895129,True,,NEUTRAL,True,True,True,False
REPLAY,Yaniv-LRJ(6)-4:7.csv,115.89488410949707,2026-04-24T17:35:09.348539+00:00,28889,NEUTRAL,tracking,UNKNOWN,0.2942023309992563,0.11530985262686978,0.2379388494883921,INACTIVE,False,4.421898163631255e-06,0.9999955781018364,RIGHT,0.9999911562036727,True,,NEUTRAL,True,True,True,False
REPLAY,Yaniv-LRJ(6)-4:7.csv,115.99518084526062,2026-04-24T17:35:09.356949+00:00,28914,NEUTRAL,tracking,UNKNOWN,0.2814107793906713,0.1306282746722471,0.21194175952738067,INACTIVE,False,4.744415199153806e-06,0.9999952555848008,RIGHT,0.9999905111696017,True,,NEUTRAL,True,True,True,False
REPLAY,Yaniv-LRJ(6)-4:7.csv,116.09547758102417,2026-04-24T17:35:09.363884+00:00,28939,NEUTRAL,tracking,UNKNOWN,0.2828283995467257,0.13059480057596132,0.2217649070107804,INACTIVE,False,0.017023984074089338,0.9829760159259107,RIGHT,0.9659520318518213,True,,NEUTRAL,True,True,True,False
REPLAY,Yaniv-LRJ(6)-4:7.csv,116.19577431678772,2026-04-24T17:35:09.370941+00:00,28964,NEUTRAL,tracking,UNKNOWN,0.2907768621315078,0.12982370291565926,0.23866780056438225,INACTIVE,False,0.9996125776256014,0.00038742237439863943,LEFT,0.9992251552512028,True,,NEUTRAL,True,True,True,False
REPLAY,Yaniv-LRJ(6)-4:7.csv,116.29205918312073,2026-04-24T17:35:09.377955+00:00,28988,NEUTRAL,tracking,UNKNOWN,0.28950366294829943,0.11899074061245478,0.2277358374154152,INACTIVE,False,0.9999999613657187,3.863428136851423e-08,LEFT,0.9999999227314373,True,,NEUTRAL,True,True,True,False
REPLAY,Yaniv-LRJ(6)-4:7.csv,116.39235591888428,2026-04-24T17:35:09.384926+00:00,29013,NEUTRAL,tracking,UNKNOWN,0.2744209300748095,0.1271964630077518,0.22331947924690337,INACTIVE,False,0.999999999580524,4.194760256470331e-10,LEFT,0.999999999161048,True,,NEUTRAL,True,True,True,False
REPLAY,Yaniv-LRJ(6)-4:7.csv,116.49265265464783,2026-04-24T17:35:09.391723+00:00,29038,NEUTRAL,tracking,UNKNOWN,0.26853798500586534,0.10785871387402539,0.23336423212450752,INACTIVE,False,0.999999999875442,1.245580184507229e-10,LEFT,0.9999999997508839,True,,NEUTRAL,True,True,True,False
REPLAY,Yaniv-LRJ(6)-4:7.csv,116.59294939041138,2026-04-24T17:35:09.398597+00:00,29063,NEUTRAL,tracking,UNKNOWN,0.2743724393752175,0.10914726882088373,0.2155822594759109,INACTIVE,False,0.9999999998790434,1.2095661870522554e-10,LEFT,0.9999999997580868,True,,NEUTRAL,True,True,True,False
REPLAY,Yaniv-LRJ(6)-4:7.csv,116.69324612617493,2026-04-24T17:35:09.405766+00:00,29088,NEUTRAL,tracking,UNKNOWN,0.2813096332393349,0.11771221373982296,0.22014178466670414,INACTIVE,False,0.999999999768375,2.3162509239233349e-10,LEFT,0.9999999995367499,True,,NEUTRAL,True,True,True,False
REPLAY,Yaniv-LRJ(6)-4:7.csv,116.79354286193848,2026-04-24T17:35:09.412375+00:00,29113,NEUTRAL,tracking,UNKNOWN,0.2737761039390829,0.10505552433506146,0.20308727977832913,INACTIVE,False,0.9999999985385819,1.461418119171511e-09,LEFT,0.9999999970771638,True,,NEUTRAL,True,True,True,False
REPLAY,Yaniv-LRJ(6)-4:7.csv,116.89383959770203,2026-04-24T17:35:09.419939+00:00,29138,NEUTRAL,tracking,UNKNOWN,0.2823703815015227,0.12672366817224134,0.20630020336501229,INACTIVE,False,0.9999999087602479,9.123975204885805e-08,LEFT,0.9999998175204958,True,,NEUTRAL,True,True,True,False
REPLAY,Yaniv-LRJ(6)-4:7.csv,116.99413633346558,2026-04-24T17:35:09.427411+00:00,29163,NEUTRAL,tracking,UNKNOWN,0.2979312803022943,0.1347058236362346,0.24475954591767,INACTIVE,False,0.9999654091538595,3.459084614050293e-05,LEFT,0.9999308183077189,True,,NEUTRAL,True,True,True,False
REPLAY,Yaniv-LRJ(6)-4:7.csv,117.09443306922913,2026-04-24T17:35:09.434684+00:00,29188,NEUTRAL,tracking,UNKNOWN,0.2886970456589487,0.11963879924846904,0.23237566250293837,INACTIVE,False,0.9935252860530963,0.006474713946903637,LEFT,0.9870505721061926,True,,NEUTRAL,True,True,True,False
REPLAY,Yaniv-LRJ(6)-4:7.csv,117.19472980499268,2026-04-24T17:35:09.441709+00:00,29213,NEUTRAL,tracking,UNKNOWN,0.2801443485967071,0.12122076218920019,0.2040727045131659,INACTIVE,False,0.8617498505166722,0.1382501494833278,LEFT,0.7234997010333444,True,,NEUTRAL,True,True,True,False
REPLAY,Yaniv-LRJ(6)-4:7.csv,117.29502654075623,2026-04-24T17:35:09.448615+00:00,29238,NEUTRAL,tracking,RIGHT,0.28141360757698475,0.14097207184724,0.21404404386803694,INACTIVE,False,0.7901088627339831,0.20989113726601694,LEFT,0.5802177254679661,True,,NEUTRAL,True,True,True,False
REPLAY,Yaniv-LRJ(6)-4:7.csv,117.39532327651978,2026-04-24T17:35:09.458925+00:00,29263,LEFT,LEFT,RIGHT,0.279642376475259,0.13957269940899486,0.2132605438252947,INACTIVE,False,0.9061632480883698,0.09383675191163025,LEFT,0.8123264961767396,True,,LEFT,True,True,True,False
REPLAY,Yaniv-LRJ(6)-4:7.csv,117.49562001228333,2026-04-24T17:35:09.468072+00:00,29288,NEUTRAL,tracking,RIGHT,0.2813035936471231,0.107637461110773,0.21294925403657708,INACTIVE,False,0.96849435489808,0.03150564510192004,LEFT,0.93698870979616,True,,NEUTRAL,True,True,True,False
REPLAY,Yaniv-LRJ(6)-4:7.csv,117.59591674804688,2026-04-24T17:35:09.475399+00:00,29313,NEUTRAL,tracking,RIGHT,0.26917349903362,0.11255225216417725,0.21890366544194562,INACTIVE,False,0.9922735225931661,0.007726477406833884,LEFT,0.9845470451863323,True,,NEUTRAL,True,True,True,False
REPLAY,Yaniv-LRJ(6)-4:7.csv,117.69220161437988,2026-04-24T17:35:09.482668+00:00,29337,NEUTRAL,tracking,RIGHT,0.2706875668809138,0.08887079725776421,0.22305091332277283,INACTIVE,False,0.9995815984181142,0.0004184015818857442,LEFT,0.9991631968362285,True,,NEUTRAL,True,True,True,False
REPLAY,Yaniv-LRJ(6)-4:7.csv,117.79249835014343,2026-04-24T17:35:09.489939+00:00,29362,NEUTRAL,tracking,RIGHT,0.2683644540837933,0.10444952453536284,0.20463882692364221,INACTIVE,False,0.9999939984066575,6.001593342523469e-06,LEFT,0.999987996813315,True,,NEUTRAL,True,True,True,False
REPLAY,Yaniv-LRJ(6)-4:7.csv,117.89279508590698,2026-04-24T17:35:09.497627+00:00,29387,NEUTRAL,tracking,RIGHT,0.28124846043692475,0.10771424092940178,0.21843879250611037,INACTIVE,False,0.9999993918649581,6.081350419143136e-07,LEFT,0.9999987837299162,True,,NEUTRAL,True,True,True,False
REPLAY,Yaniv-LRJ(6)-4:7.csv,117.99309182167053,2026-04-24T17:35:09.504934+00:00,29412,NEUTRAL,tracking,RIGHT,0.27026684401319745,0.10841226736098859,0.22489293860248583,INACTIVE,False,0.9999991210731887,8.789268113111071e-07,LEFT,0.9999982421463773,True,,NEUTRAL,True,True,True,False
REPLAY,Yaniv-LRJ(6)-4:7.csv,118.09338855743408,2026-04-24T17:35:09.511801+00:00,29437,NEUTRAL,tracking,RIGHT,0.2810604619834005,0.11638459702150723,0.2116261624424282,INACTIVE,False,0.9999946381308317,5.361869168378012e-06,LEFT,0.9999892762616633,True,,NEUTRAL,True,True,True,False
REPLAY,Yaniv-LRJ(6)-4:7.csv,118.19368529319763,2026-04-24T17:35:09.521306+00:00,29462,LEFT,LEFT,RIGHT,0.2837697443912237,0.12481104928148648,0.21827233117074143,INACTIVE,False,0.9999855698379113,1.4430162088695412e-05,LEFT,0.9999711396758226,True,,LEFT,True,True,True,False
REPLAY,Yaniv-LRJ(6)-4:7.csv,118.29398202896118,2026-04-24T17:35:09.532481+00:00,29487,NEUTRAL,tracking,RIGHT,0.2884533821304437,0.11978287714948652,0.22914050745907577,INACTIVE,False,0.9999551278256442,4.487217435580755e-05,LEFT,0.9999102556512884,True,,NEUTRAL,True,True,True,False
REPLAY,Yaniv-LRJ(6)-4:7.csv,118.39427876472473,2026-04-24T17:35:09.540938+00:00,29512,NEUTRAL,tracking,RIGHT,0.28601967993600674,0.12329371821874807,0.23889928821123277,INACTIVE,False,0.9992351612275745,0.0007648387724254743,LEFT,0.998470322455149,True,,NEUTRAL,True,True,True,False
REPLAY,Yaniv-LRJ(6)-4:7.csv,118.49457550048828,2026-04-24T17:35:09.550719+00:00,29537,LEFT,LEFT,RIGHT,0.28063091995811706,0.12540405853607745,0.2124594736795099,INACTIVE,False,0.9776005155019695,0.022399484498030493,LEFT,0.9552010310039389,True,,LEFT,True,True,True,False
REPLAY,Yaniv-LRJ(6)-4:7.csv,118.59487223625183,2026-04-24T17:35:09.560066+00:00,29562,NEUTRAL,tracking,RIGHT,0.2907809908726229,0.11903197411290424,0.23209030437359654,INACTIVE,False,0.9670490597595855,0.0329509402404145,LEFT,0.9340981195191711,True,,NEUTRAL,True,True,True,False
REPLAY,Yaniv-LRJ(6)-4:7.csv,118.69516897201538,2026-04-24T17:35:09.567369+00:00,29587,NEUTRAL,tracking,RIGHT,0.2822785781681526,0.12418968629998392,0.23120115821433457,INACTIVE,False,0.9997173957133445,0.00028260428665547203,LEFT,0.999434791426689,True,,NEUTRAL,True,True,True,False
REPLAY,Yaniv-LRJ(6)-4:7.csv,118.79546570777893,2026-04-24T17:35:09.575038+00:00,29612,NEUTRAL,tracking,RIGHT,0.29195844215768385,0.1265301442379366,0.2231772321811022,INACTIVE,False,0.9999998313606039,1.686393960805904e-07,LEFT,0.9999996627212078,True,,NEUTRAL,True,True,True,False
REPLAY,Yaniv-LRJ(6)-4:7.csv,118.89576244354248,2026-04-24T17:35:09.582306+00:00,29637,NEUTRAL,tracking,RIGHT,0.3044141658486904,0.1546416906580238,0.24123223786784556,INACTIVE,False,0.9999999994477248,5.522752239221102e-10,LEFT,0.9999999988954495,True,,NEUTRAL,True,True,True,False
REPLAY,Yaniv-LRJ(6)-4:7.csv,118.99204730987549,2026-04-24T17:35:09.589367+00:00,29661,NEUTRAL,tracking,RIGHT,0.29874858158886597,0.14376189448425075,0.24326917641655774,INACTIVE,False,0.9999999998484286,1.5157136800796044e-10,LEFT,0.9999999996968572,True,,NEUTRAL,True,True,True,False
REPLAY,Yaniv-LRJ(6)-4:7.csv,119.09234404563904,2026-04-24T17:35:09.596036+00:00,29686,NEUTRAL,tracking,RIGHT,0.30405184456361956,0.12693622417469955,0.23613027873208348,INACTIVE,False,0.9999999983204245,1.6795754862689577e-09,LEFT,0.999999996640849,True,,NEUTRAL,True,True,True,False
REPLAY,Yaniv-LRJ(6)-4:7.csv,119.19264078140259,2026-04-24T17:35:09.606044+00:00,29711,LEFT,LEFT,RIGHT,0.280409808559541,0.13734837489072352,0.19677293262470844,INACTIVE,False,0.9999999500938241,4.990617589399658e-08,LEFT,0.9999999001876483,True,,LEFT,True,True,True,False
REPLAY,Yaniv-LRJ(6)-4:7.csv,119.29293751716614,2026-04-24T17:35:09.614976+00:00,29736,LEFT,LEFT,RIGHT,0.2705558823467781,0.12526494099284882,0.21339959256088856,INACTIVE,False,0.9999996165117608,3.834882391118172e-07,LEFT,0.9999992330235217,True,,LEFT,True,True,True,False
REPLAY,Yaniv-LRJ(6)-4:7.csv,119.39323425292969,2026-04-24T17:35:09.622523+00:00,29761,NEUTRAL,tracking,RIGHT,0.27336707997791465,0.12681064796893265,0.2126405872416045,INACTIVE,False,0.9999995243039179,4.7569608212775357e-07,LEFT,0.9999990486078358,True,,NEUTRAL,True,True,True,False
REPLAY,Yaniv-LRJ(6)-4:7.csv,119.49353098869324,2026-04-24T17:35:09.629781+00:00,29786,NEUTRAL,tracking,RIGHT,0.29576315986498125,0.1631450791233478,0.22844211773167594,INACTIVE,False,0.9999997673155632,2.3268443678865513e-07,LEFT,0.9999995346311263,True,,NEUTRAL,True,True,True,False
REPLAY,Yaniv-LRJ(6)-4:7.csv,119.59382772445679,2026-04-24T17:35:09.637259+00:00,29811,NEUTRAL,tracking,RIGHT,0.29753110112357195,0.12741092844356,0.24270048672366945,INACTIVE,False,0.9999998390689095,1.6093109041091054e-07,LEFT,0.9999996781378191,True,,NEUTRAL,True,True,True,False
REPLAY,Yaniv-LRJ(6)-4:7.csv,119.69412446022034,2026-04-24T17:35:09.643872+00:00,29836,NEUTRAL,tracking,RIGHT,0.27045310169624315,0.10191467267134305,0.1960183382049893,INACTIVE,False,0.9999998618507907,1.381492092960047e-07,LEFT,0.9999997237015814,True,,NEUTRAL,True,True,True,False
REPLAY,Yaniv-LRJ(6)-4:7.csv,119.79442119598389,2026-04-24T17:35:09.651279+00:00,29861,NEUTRAL,tracking,RIGHT,0.2835491756479507,0.13700478483381712,0.22983323530193212,INACTIVE,False,0.9999999478310948,5.21689052352566e-08,LEFT,0.9999998956621896,True,,NEUTRAL,True,True,True,False
REPLAY,Yaniv-LRJ(6)-4:7.csv,119.89471793174744,2026-04-24T17:35:09.658379+00:00,29886,NEUTRAL,tracking,RIGHT,0.277170730997399,0.11682230064338994,0.2202908158945162,INACTIVE,False,0.9999999919290772,8.070922853987548e-09,LEFT,0.9999999838581544,True,,NEUTRAL,True,True,True,False
REPLAY,Yaniv-LRJ(6)-4:7.csv,119.99501466751099,2026-04-24T17:35:09.665086+00:00,29911,NEUTRAL,tracking,RIGHT,0.2919623163786912,0.1310699503316042,0.23619448245822036,INACTIVE,False,0.9999999985723265,1.4276735452710062e-09,LEFT,0.9999999971446529,True,,NEUTRAL,True,True,True,False
REPLAY,Yaniv-LRJ(6)-4:7.csv,120.09531140327454,2026-04-24T17:35:09.685535+00:00,29936,NEUTRAL,tracking,RIGHT,0.2773135340545039,0.1188542933011066,0.2319198229024635,INACTIVE,False,0.9999999989924175,1.0075825115731395e-09,LEFT,0.9999999979848351,True,,NEUTRAL,True,True,True,False
REPLAY,Yaniv-LRJ(6)-4:7.csv,120.19560813903809,2026-04-24T17:35:09.692260+00:00,29961,NEUTRAL,tracking,RIGHT,0.2774536841085127,0.12447967804358767,0.21423757150451886,INACTIVE,False,0.9999999876445979,1.2355402182633434e-08,LEFT,0.9999999752891957,True,,NEUTRAL,True,True,True,False
REPLAY,Yaniv-LRJ(6)-4:7.csv,120.29590487480164,2026-04-24T17:35:09.699612+00:00,29986,NEUTRAL,tracking,RIGHT,0.2720763674051784,0.1383113055593689,0.21400151670061884,INACTIVE,False,0.9999983170762793,1.6829237207464009e-06,LEFT,0.9999966341525586,True,,NEUTRAL,True,True,True,False
REPLAY,Yaniv-LRJ(6)-4:7.csv,120.39218974113464,2026-04-24T17:35:09.706508+00:00,30010,NEUTRAL,tracking,RIGHT,0.30091847241684544,0.12614972668675287,0.23761636465319397,INACTIVE,False,0.9999102660436472,8.973395635285809e-05,LEFT,0.9998205320872944,True,,NEUTRAL,True,True,True,False
REPLAY,Yaniv-LRJ(6)-4:7.csv,120.4924864768982,2026-04-24T17:35:09.713363+00:00,30035,NEUTRAL,tracking,RIGHT,0.27462513254746734,0.10755501647628368,0.19733384738393756,INACTIVE,False,0.9998571545208309,0.00014284547916910547,LEFT,0.9997143090416618,True,,NEUTRAL,True,True,True,False
REPLAY,Yaniv-LRJ(6)-4:7.csv,120.59278321266174,2026-04-24T17:35:09.722866+00:00,30060,NEUTRAL,tracking,RIGHT,0.295487754259641,0.13236692782295215,0.22104820537746564,INACTIVE,False,0.9999956032492872,4.396750712876778e-06,LEFT,0.9999912064985743,True,,NEUTRAL,True,True,True,False
REPLAY,Yaniv-LRJ(6)-4:7.csv,120.6930799484253,2026-04-24T17:35:09.734655+00:00,30085,NEUTRAL,tracking,RIGHT,0.27973575428157715,0.12099727991316293,0.21059764141352977,INACTIVE,False,0.9999999899389275,1.0061072477598122e-08,LEFT,0.9999999798778549,True,,NEUTRAL,True,True,True,False
REPLAY,Yaniv-LRJ(6)-4:7.csv,120.79337668418884,2026-04-24T17:35:09.743595+00:00,30110,NEUTRAL,tracking,RIGHT,0.29986777891462424,0.09808002212427581,0.24276410355537636,INACTIVE,False,0.9999999999876793,1.232073566149827e-11,LEFT,0.9999999999753586,True,,NEUTRAL,True,True,True,False
REPLAY,Yaniv-LRJ(6)-4:7.csv,120.89367341995239,2026-04-24T17:35:09.750286+00:00,30135,NEUTRAL,tracking,RIGHT,0.26824336512326763,0.10768867717178612,0.19336179276377402,INACTIVE,False,0.9999999999999152,8.478201244816514e-14,LEFT,0.9999999999998304,True,,NEUTRAL,True,True,True,False
REPLAY,Yaniv-LRJ(6)-4:7.csv,120.99397015571594,2026-04-24T17:35:09.757319+00:00,30160,NEUTRAL,tracking,RIGHT,0.27557818547440016,0.12065741573940279,0.21612789922662148,INACTIVE,False,0.9999999999999638,3.6149579173858534e-14,LEFT,0.9999999999999276,True,,NEUTRAL,True,True,True,False
REPLAY,Yaniv-LRJ(6)-4:7.csv,121.09426689147949,2026-04-24T17:35:09.764244+00:00,30185,NEUTRAL,tracking,RIGHT,0.2806065808585241,0.11859534930515044,0.2471104531326396,INACTIVE,False,0.9999999999979102,2.0897696028902067e-12,LEFT,0.9999999999958205,True,,NEUTRAL,True,True,True,False
REPLAY,Yaniv-LRJ(6)-4:7.csv,121.19456362724304,2026-04-24T17:35:09.771324+00:00,30210,NEUTRAL,tracking,RIGHT,0.2884861118697698,0.09079330724202692,0.24456884359437953,INACTIVE,False,0.9999999988973075,1.1026925132421262e-09,LEFT,0.999999997794615,True,,NEUTRAL,True,True,True,False
REPLAY,Yaniv-LRJ(6)-4:7.csv,121.29486036300659,2026-04-24T17:35:09.778139+00:00,30235,NEUTRAL,tracking,RIGHT,0.2735429086251213,0.07724958145966239,0.2166779613083868,INACTIVE,False,0.9999999282519925,7.174800750346472e-08,LEFT,0.9999998565039849,True,,NEUTRAL,True,True,True,False
REPLAY,Yaniv-LRJ(6)-4:7.csv,121.39515709877014,2026-04-24T17:35:09.784875+00:00,30260,NEUTRAL,tracking,RIGHT,0.2963477147742136,0.10571451314156871,0.2355428119193472,INACTIVE,False,0.9999999261562443,7.384375568214853e-08,LEFT,0.9999998523124887,True,,NEUTRAL,True,True,True,False
REPLAY,Yaniv-LRJ(6)-4:7.csv,121.49545383453369,2026-04-24T17:35:09.791640+00:00,30285,NEUTRAL,tracking,RIGHT,0.30846562257451904,0.135733366400873,0.2331781667163902,INACTIVE,False,0.9999999977410583,2.2589416472995702e-09,LEFT,0.9999999954821166,True,,NEUTRAL,True,True,True,False
REPLAY,Yaniv-LRJ(6)-4:7.csv,121.59575057029724,2026-04-24T17:35:09.799301+00:00,30310,NEUTRAL,tracking,RIGHT,0.2973496527625531,0.14846126062609,0.24608489633031813,INACTIVE,False,0.9999999999733553,2.6644672336439358e-11,LEFT,0.9999999999467106,True,,NEUTRAL,True,True,True,False
REPLAY,Yaniv-LRJ(6)-4:7.csv,121.69203543663025,2026-04-24T17:35:09.806780+00:00,30334,NEUTRAL,tracking,RIGHT,0.2960838118839486,0.12551599430087407,0.23170617156916518,INACTIVE,False,0.9999999999995648,4.352482206863025e-13,LEFT,0.9999999999991296,True,,NEUTRAL,True,True,True,False
REPLAY,Yaniv-LRJ(6)-4:7.csv,121.7923321723938,2026-04-24T17:35:09.814123+00:00,30359,NEUTRAL,tracking,RIGHT,0.2829421665478027,0.09982142045667103,0.22680686117697194,INACTIVE,False,0.9999999999999956,4.4672707983871474e-15,LEFT,0.9999999999999911,True,,NEUTRAL,True,True,True,False
REPLAY,Yaniv-LRJ(6)-4:7.csv,121.89262890815735,2026-04-24T17:35:09.821229+00:00,30384,NEUTRAL,tracking,RIGHT,0.2808526815311063,0.11572196130469274,0.22590081785862498,INACTIVE,False,1.0,3.6700668036733e-17,LEFT,1.0,True,,NEUTRAL,True,True,True,False
REPLAY,Yaniv-LRJ(6)-4:7.csv,121.9929256439209,2026-04-24T17:35:09.830437+00:00,30409,NEUTRAL,tracking,RIGHT,0.28644718143588577,0.1090486754663326,0.23196733946571704,INACTIVE,False,1.0,1.1236745149923587e-18,LEFT,1.0,True,,NEUTRAL,True,True,True,False
REPLAY,Yaniv-LRJ(6)-4:7.csv,122.09322237968445,2026-04-24T17:35:09.841733+00:00,30434,LEFT,LEFT,RIGHT,0.27779335699138685,0.0943125958171692,0.21581754016267432,INACTIVE,False,1.0,7.655535419428312e-19,LEFT,1.0,True,,LEFT,True,True,True,False
REPLAY,Yaniv-LRJ(6)-4:7.csv,122.193519115448,2026-04-24T17:35:09.850482+00:00,30459,NEUTRAL,tracking,RIGHT,0.273572397348516,0.10620201158404832,0.21830353334191852,INACTIVE,False,1.0,8.446002440233438e-18,LEFT,1.0,True,,NEUTRAL,True,True,True,False
REPLAY,Yaniv-LRJ(6)-4:7.csv,122.29381585121155,2026-04-24T17:35:09.860566+00:00,30484,NEUTRAL,tracking,RIGHT,0.27010014834810325,0.10180267092268001,0.21615479171006635,INACTIVE,False,0.9999999999999998,2.272857365649885e-16,LEFT,0.9999999999999996,True,,NEUTRAL,True,True,True,False
REPLAY,Yaniv-LRJ(6)-4:7.csv,122.3941125869751,2026-04-24T17:35:09.869880+00:00,30509,NEUTRAL,tracking,RIGHT,0.28019664740691475,0.1039009969578031,0.23028919856456836,INACTIVE,False,0.9999999999999907,9.330485190313816e-15,LEFT,0.9999999999999813,True,,NEUTRAL,True,True,True,False
REPLAY,Yaniv-LRJ(6)-4:7.csv,122.49440932273865,2026-04-24T17:35:09.876510+00:00,30534,NEUTRAL,tracking,UNKNOWN,0.28970154339049226,0.13434853130376623,0.21922641520373037,INACTIVE,False,0.9999999999995582,4.417311050756298e-13,LEFT,0.9999999999991165,True,,NEUTRAL,True,True,True,False
REPLAY,Yaniv-LRJ(6)-4:7.csv,122.5947060585022,2026-04-24T17:35:09.883619+00:00,30559,NEUTRAL,tracking,UNKNOWN,0.293119598775911,0.12664744425281263,0.24203209771613476,INACTIVE,False,0.9999999999979148,2.0852264277390555e-12,LEFT,0.9999999999958296,True,,NEUTRAL,True,True,True,False
REPLAY,Yaniv-LRJ(6)-4:7.csv,122.69500279426575,2026-04-24T17:35:09.890889+00:00,30584,NEUTRAL,tracking,UNKNOWN,0.27734336176054997,0.1298549162300272,0.21348206435675243,INACTIVE,False,0.999999999999858,1.4199861794037843e-13,LEFT,0.999999999999716,True,,NEUTRAL,True,True,True,False
REPLAY,Yaniv-LRJ(6)-4:7.csv,122.7952995300293,2026-04-24T17:35:09.897613+00:00,30609,NEUTRAL,tracking,UNKNOWN,0.28697132072605025,0.11744749873907336,0.2480034935635777,INACTIVE,False,0.9999999999999987,1.3648187215153046e-15,LEFT,0.9999999999999973,True,,NEUTRAL,True,True,True,False
REPLAY,Yaniv-LRJ(6)-4:7.csv,122.89559626579285,2026-04-24T17:35:09.907082+00:00,30634,NEUTRAL,tracking,UNKNOWN,0.2784430257934686,0.11065540259742758,0.2040226042862116,INACTIVE,False,0.9999999999999993,7.054760567154979e-16,LEFT,0.9999999999999987,True,,NEUTRAL,True,True,True,False
REPLAY,Yaniv-LRJ(6)-4:7.csv,122.9958930015564,2026-04-24T17:35:09.916726+00:00,30659,NEUTRAL,tracking,UNKNOWN,0.2756438583067965,0.11098473711227087,0.22597565247706994,INACTIVE,False,0.9999999999998462,1.5378219926270024e-13,LEFT,0.9999999999996925,True,,NEUTRAL,True,True,True,False
REPLAY,Yaniv-LRJ(6)-4:7.csv,123.0921778678894,2026-04-24T17:35:09.923622+00:00,30683,NEUTRAL,tracking,UNKNOWN,0.3037054173746927,0.13303060820164997,0.2345103519435305,INACTIVE,False,0.9999999998100773,1.899227393195059e-10,LEFT,0.9999999996201545,True,,NEUTRAL,True,True,True,False
REPLAY,Yaniv-LRJ(6)-4:7.csv,123.19247460365295,2026-04-24T17:35:09.933327+00:00,30708,LEFT,LEFT,UNKNOWN,0.27955688078195307,0.09919346355216728,0.22928528880642216,INACTIVE,False,0.9999999894973505,1.0502649550339926e-08,LEFT,0.9999999789947009,True,,LEFT,True,True,True,False
REPLAY,Yaniv-LRJ(6)-4:7.csv,123.2927713394165,2026-04-24T17:35:09.945148+00:00,30733,LEFT,LEFT,UNKNOWN,0.29651171781327357,0.11152202811258603,0.23077872125237267,INACTIVE,False,0.9999999908836575,9.116342500743297e-09,LEFT,0.9999999817673151,True,,LEFT,True,True,True,False
REPLAY,Yaniv-LRJ(6)-4:7.csv,123.39306807518005,2026-04-24T17:35:09.954060+00:00,30758,LEFT,LEFT,UNKNOWN,0.3045052356060939,0.13937721650934348,0.23208601896575642,INACTIVE,False,0.9999999953399201,4.6600798497919325e-09,LEFT,0.9999999906798402,True,,LEFT,True,True,True,False
REPLAY,Yaniv-LRJ(6)-4:7.csv,123.4933648109436,2026-04-24T17:35:09.960557+00:00,30783,NEUTRAL,tracking,UNKNOWN,0.2714968006826862,0.12181917029573824,0.2193226012959493,INACTIVE,False,0.9999999915725981,8.42740190038238e-09,LEFT,0.9999999831451962,True,,NEUTRAL,True,True,True,False
REPLAY,Yaniv-LRJ(6)-4:7.csv,123.59366154670715,2026-04-24T17:35:09.968818+00:00,30808,NEUTRAL,tracking,UNKNOWN,0.27193626208574573,0.1121375794994298,0.2284284224698157,INACTIVE,False,0.999999991773616,8.22638398972311e-09,LEFT,0.999999983547232,True,,NEUTRAL,True,True,True,False
REPLAY,Yaniv-LRJ(6)-4:7.csv,123.6939582824707,2026-04-24T17:35:09.976162+00:00,30833,NEUTRAL,tracking,UNKNOWN,0.2899317474633898,0.12189807340087104,0.22053142529417702,INACTIVE,False,0.9999999985237582,1.4762417646425725e-09,LEFT,0.9999999970475164,True,,NEUTRAL,True,True,True,False
REPLAY,Yaniv-LRJ(6)-4:7.csv,123.79425501823425,2026-04-24T17:35:09.983638+00:00,30858,NEUTRAL,tracking,UNKNOWN,0.2846031508869882,0.12930659786142612,0.22982618366120625,INACTIVE,False,0.9999999997371128,2.6288710236262146e-10,LEFT,0.9999999994742257,True,,NEUTRAL,True,True,True,False
REPLAY,Yaniv-LRJ(6)-4:7.csv,123.8945517539978,2026-04-24T17:35:09.990459+00:00,30883,NEUTRAL,tracking,UNKNOWN,0.2825203286527217,0.13181599154402665,0.22961747689408205,INACTIVE,False,0.9999999996837134,3.1628656863417387e-10,LEFT,0.9999999993674269,True,,NEUTRAL,True,True,True,False
REPLAY,Yaniv-LRJ(6)-4:7.csv,123.99484848976135,2026-04-24T17:35:09.997448+00:00,30908,NEUTRAL,tracking,UNKNOWN,0.27480493276706264,0.12830616222291763,0.2213035914118692,INACTIVE,False,0.9999999970035321,2.9964678173889038e-09,LEFT,0.9999999940070643,True,,NEUTRAL,True,True,True,False
REPLAY,Yaniv-LRJ(6)-4:7.csv,124.0951452255249,2026-04-24T17:35:10.004456+00:00,30933,NEUTRAL,tracking,UNKNOWN,0.2875524610457041,0.12523496178077775,0.23296174047997023,INACTIVE,False,0.9999999194272999,8.057270011909173e-08,LEFT,0.9999998388545999,True,,NEUTRAL,True,True,True,False
REPLAY,Yaniv-LRJ(6)-4:7.csv,124.19544196128845,2026-04-24T17:35:10.011361+00:00,30958,NEUTRAL,tracking,UNKNOWN,0.28176725109468004,0.11669657200298532,0.25248403493927535,INACTIVE,False,0.9999977424574329,2.2575425670545145e-06,LEFT,0.9999954849148658,True,,NEUTRAL,True,True,True,False
REPLAY,Yaniv-LRJ(6)-4:7.csv,124.295738697052,2026-04-24T17:35:10.018058+00:00,30983,NEUTRAL,tracking,UNKNOWN,0.28761667065104857,0.11239873579550826,0.21086775595923374,INACTIVE,False,0.9999741086471892,2.5891352810808485e-05,LEFT,0.9999482172943783,True,,NEUTRAL,True,True,True,False
REPLAY,Yaniv-LRJ(6)-4:7.csv,124.39202356338501,2026-04-24T17:35:10.024822+00:00,31007,NEUTRAL,tracking,UNKNOWN,0.3022314892266058,0.11493824293175253,0.2400064754829738,INACTIVE,False,0.9999508990995989,4.9100900401076466e-05,LEFT,0.9999017981991978,True,,NEUTRAL,True,True,True,False
REPLAY,Yaniv-LRJ(6)-4:7.csv,124.49232029914856,2026-04-24T17:35:10.031617+00:00,31032,NEUTRAL,tracking,UNKNOWN,0.28417745918295956,0.11763838143483946,0.23403498435792985,INACTIVE,False,0.9999894755293884,1.0524470611522965e-05,LEFT,0.9999789510587769,True,,NEUTRAL,True,True,True,False
REPLAY,Yaniv-LRJ(6)-4:7.csv,124.59261703491211,2026-04-24T17:35:10.041342+00:00,31057,NEUTRAL,tracking,UNKNOWN,0.2908648532516259,0.13504784824481658,0.23085426278735136,INACTIVE,False,0.9999996016823379,3.9831766212844966e-07,LEFT,0.9999992033646758,True,,NEUTRAL,True,True,True,False
REPLAY,Yaniv-LRJ(6)-4:7.csv,124.69291377067566,2026-04-24T17:35:10.049962+00:00,31082,NEUTRAL,tracking,UNKNOWN,0.281361835838178,0.11731657646989008,0.2247284020610953,INACTIVE,False,0.9999999903362875,9.663712443698033e-09,LEFT,0.999999980672575,True,,NEUTRAL,True,True,True,False
REPLAY,Yaniv-LRJ(6)-4:7.csv,124.79321050643921,2026-04-24T17:35:10.059448+00:00,31107,NEUTRAL,tracking,UNKNOWN,0.29732935468499366,0.12549885429417124,0.22683351069040444,INACTIVE,False,0.9999999996494019,3.5059808035767325e-10,LEFT,0.9999999992988038,True,,NEUTRAL,True,True,True,False
REPLAY,Yaniv-LRJ(6)-4:7.csv,124.89350724220276,2026-04-24T17:35:10.071351+00:00,31132,NEUTRAL,tracking,UNKNOWN,0.2766135402892589,0.10773145853306697,0.21428829984655523,INACTIVE,False,0.9999999998648913,1.3510869323139186e-10,LEFT,0.9999999997297826,True,,NEUTRAL,True,True,True,False
REPLAY,Yaniv-LRJ(6)-4:7.csv,124.99380397796631,2026-04-24T17:35:10.081015+00:00,31157,NEUTRAL,tracking,UNKNOWN,0.28673269097571874,0.12074429609865941,0.21811538883171963,INACTIVE,False,0.9999999990820821,9.179178606157793e-10,LEFT,0.9999999981641643,True,,NEUTRAL,True,True,True,False
REPLAY,Yaniv-LRJ(6)-4:7.csv,125.09410071372987,2026-04-24T17:35:10.102730+00:00,31182,NEUTRAL,tracking,UNKNOWN,0.27906674891314254,0.12043176405548278,0.22120864638963683,INACTIVE,False,0.9999999896519317,1.0348068286470554e-08,LEFT,0.9999999793038634,True,,NEUTRAL,True,True,True,False
REPLAY,Yaniv-LRJ(6)-4:7.csv,125.19439744949342,2026-04-24T17:35:10.110052+00:00,31207,NEUTRAL,tracking,UNKNOWN,0.27922155464766185,0.10625249536503899,0.23841817295613676,INACTIVE,False,0.9999999436699715,5.6330028477082637e-08,LEFT,0.9999998873399429,True,,NEUTRAL,True,True,True,False
REPLAY,Yaniv-LRJ(6)-4:7.csv,125.29469418525697,2026-04-24T17:35:10.117248+00:00,31232,NEUTRAL,tracking,UNKNOWN,0.2978877175549006,0.11316998644446076,0.24093899349889017,INACTIVE,False,0.9999995866357654,4.1336423457444165e-07,LEFT,0.9999991732715308,True,,NEUTRAL,True,True,True,False
REPLAY,Yaniv-LRJ(6)-4:7.csv,125.39499092102052,2026-04-24T17:35:10.124063+00:00,31257,NEUTRAL,tracking,UNKNOWN,0.30934374364206196,0.1085873424924504,0.2489453363026887,INACTIVE,False,0.9999905198088984,9.480191101611566e-06,LEFT,0.9999810396177968,True,,NEUTRAL,True,True,True,False
REPLAY,Yaniv-LRJ(6)-4:7.csv,125.49528765678407,2026-04-24T17:35:10.134806+00:00,31282,LEFT,LEFT,UNKNOWN,0.3132664460127067,0.13295811924014128,0.23826923170299655,INACTIVE,False,0.9998292764434983,0.00017072355650167722,LEFT,0.9996585528869966,True,,LEFT,True,True,True,False
REPLAY,Yaniv-LRJ(6)-4:7.csv,125.59558439254762,2026-04-24T17:35:10.143168+00:00,31307,NEUTRAL,tracking,UNKNOWN,0.27785057539382263,0.11261847782920473,0.21313097347404805,INACTIVE,False,0.9998891047068907,0.00011089529310930624,LEFT,0.9997782094137815,True,,NEUTRAL,True,True,True,False
REPLAY,Yaniv-LRJ(6)-4:7.csv,125.69588112831117,2026-04-24T17:35:10.150707+00:00,31332,NEUTRAL,tracking,UNKNOWN,0.28000113631293333,0.11653261484345008,0.22762562945491793,INACTIVE,False,0.9999950971536758,4.902846324196942e-06,LEFT,0.9999901943073517,True,,NEUTRAL,True,True,True,False
REPLAY,Yaniv-LRJ(6)-4:7.csv,125.79216599464418,2026-04-24T17:35:10.158692+00:00,31356,NEUTRAL,tracking,UNKNOWN,0.2861304667834135,0.12798175277313997,0.237261113585765,INACTIVE,False,0.9999998279922782,1.7200772184706848e-07,LEFT,0.9999996559845563,True,,NEUTRAL,True,True,True,False
REPLAY,Yaniv-LRJ(6)-4:7.csv,125.89246273040773,2026-04-24T17:35:10.168152+00:00,31381,LEFT,LEFT,UNKNOWN,0.2851843822112903,0.1329288314206278,0.22794320990853792,INACTIVE,False,0.9999999905567163,9.443283742641245e-09,LEFT,0.9999999811134326,True,,LEFT,True,True,True,False
REPLAY,Yaniv-LRJ(6)-4:7.csv,125.99275946617128,2026-04-24T17:35:10.182099+00:00,31406,LEFT,LEFT,UNKNOWN,0.290647869578628,0.12145386384622964,0.23715484918735186,INACTIVE,False,0.9999999987988485,1.2011514720083408e-09,LEFT,0.999999997597697,True,,LEFT,True,True,True,False
REPLAY,Yaniv-LRJ(6)-4:7.csv,126.09305620193483,2026-04-24T17:35:10.195005+00:00,31431,NEUTRAL,tracking,UNKNOWN,0.28049027746564303,0.12850885947734916,0.20065981206317673,INACTIVE,False,0.9999999991747466,8.252534581559681e-10,LEFT,0.9999999983494932,True,,NEUTRAL,True,True,True,False
REPLAY,Yaniv-LRJ(6)-4:7.csv,126.19335293769838,2026-04-24T17:35:10.203969+00:00,31456,NEUTRAL,tracking,UNKNOWN,0.2747691647225492,0.14254102527652912,0.21200386442375754,INACTIVE,False,0.9999999972857248,2.714275286055645e-09,LEFT,0.9999999945714495,True,,NEUTRAL,True,True,True,False
REPLAY,Yaniv-LRJ(6)-4:7.csv,126.29364967346193,2026-04-24T17:35:10.211398+00:00,31481,NEUTRAL,tracking,UNKNOWN,0.2849025969489515,0.13673585110318276,0.2147733602919647,INACTIVE,False,0.9999999907670509,9.232949090123754e-09,LEFT,0.9999999815341019,True,,NEUTRAL,True,True,True,False
REPLAY,Yaniv-LRJ(6)-4:7.csv,126.39394640922548,2026-04-24T17:35:10.218141+00:00,31506,NEUTRAL,tracking,UNKNOWN,0.29000683849529574,0.13761227519016864,0.2431673922100512,INACTIVE,False,0.99999998229643,1.770357008402242e-08,LEFT,0.9999999645928599,True,,NEUTRAL,True,True,True,False
REPLAY,Yaniv-LRJ(6)-4:7.csv,126.49424314498903,2026-04-24T17:35:10.225369+00:00,31531,NEUTRAL,tracking,UNKNOWN,0.2707978332692398,0.10201650229544289,0.20579651040362043,INACTIVE,False,0.9999998915655478,1.084344522443764e-07,LEFT,0.9999997831310956,True,,NEUTRAL,True,True,True,False
REPLAY,Yaniv-LRJ(6)-4:7.csv,126.59453988075258,2026-04-24T17:35:10.232732+00:00,31556,NEUTRAL,tracking,RIGHT,0.2820600094592237,0.12778224808218422,0.2040340746479471,INACTIVE,False,0.9999961421866135,3.857813386486143e-06,LEFT,0.999992284373227,True,,NEUTRAL,True,True,True,False
REPLAY,Yaniv-LRJ(6)-4:7.csv,126.69483661651613,2026-04-24T17:35:10.245094+00:00,31581,LEFT,LEFT,RIGHT,0.30050587228145476,0.1416246460812067,0.23079812067995795,INACTIVE,False,0.9999346391631084,6.5360836891532e-05,LEFT,0.9998692783262169,True,,LEFT,True,True,True,False
REPLAY,Yaniv-LRJ(6)-4:7.csv,126.79513335227968,2026-04-24T17:35:10.259077+00:00,31606,LEFT,LEFT,RIGHT,0.29121347550577037,0.13347598337564448,0.22630681551280915,INACTIVE,False,0.999705546133389,0.00029445386661096584,LEFT,0.999411092266778,True,,LEFT,True,True,True,False
REPLAY,Yaniv-LRJ(6)-4:7.csv,126.89543008804323,2026-04-24T17:35:10.267673+00:00,31631,LEFT,LEFT,RIGHT,0.28726385452127323,0.11956215091988,0.21820935289905607,INACTIVE,False,0.9986113769039031,0.001388623096096918,LEFT,0.9972227538078062,True,,LEFT,True,True,True,False
REPLAY,Yaniv-LRJ(6)-4:7.csv,126.99572682380678,2026-04-24T17:35:10.274590+00:00,31656,NEUTRAL,tracking,RIGHT,0.2812072134176561,0.11841985967729159,0.24280968041446163,INACTIVE,False,0.9960298972415014,0.003970102758498616,LEFT,0.9920597944830027,True,,NEUTRAL,True,True,True,False
REPLAY,Yaniv-LRJ(6)-4:7.csv,127.09201169013978,2026-04-24T17:35:10.282507+00:00,31680,NEUTRAL,tracking,RIGHT,0.29752203271653277,0.11779663459055077,0.2589569913173223,INACTIVE,False,0.9994383129142622,0.000561687085737794,LEFT,0.9988766258285244,True,,NEUTRAL,True,True,True,False
REPLAY,Yaniv-LRJ(6)-4:7.csv,127.19230842590333,2026-04-24T17:35:10.289760+00:00,31705,NEUTRAL,tracking,RIGHT,0.2924564763071724,0.13644162597214227,0.22686655088479427,INACTIVE,False,0.9999987461811042,1.25381889580527e-06,LEFT,0.9999974923622084,True,,NEUTRAL,True,True,True,False
REPLAY,Yaniv-LRJ(6)-4:7.csv,127.29260516166688,2026-04-24T17:35:10.296760+00:00,31730,NEUTRAL,tracking,RIGHT,0.2752685255550975,0.12787957085741825,0.2063191848583866,INACTIVE,False,0.9999999984819946,1.5180054026817237e-09,LEFT,0.9999999969639892,True,,NEUTRAL,True,True,True,False
REPLAY,Yaniv-LRJ(6)-4:7.csv,127.39290189743043,2026-04-24T17:35:10.303650+00:00,31755,NEUTRAL,tracking,RIGHT,0.29731707665415963,0.13119019409385468,0.24086552581174606,INACTIVE,False,0.9999999999591432,4.085676705134532e-11,LEFT,0.9999999999182865,True,,NEUTRAL,True,True,True,False
REPLAY,Yaniv-LRJ(6)-4:7.csv,127.49319863319398,2026-04-24T17:35:10.311154+00:00,31780,NEUTRAL,tracking,RIGHT,0.269520139839722,0.09970151175639454,0.21958367472322388,INACTIVE,False,0.999999999955822,4.417801687689226e-11,LEFT,0.999999999911644,True,,NEUTRAL,True,True,True,False
REPLAY,Yaniv-LRJ(6)-4:7.csv,127.59349536895753,2026-04-24T17:35:10.318806+00:00,31805,NEUTRAL,tracking,RIGHT,0.29568936858456596,0.11936209468388952,0.23035377566076232,INACTIVE,False,0.9999999984306712,1.5693287400042866e-09,LEFT,0.9999999968613424,True,,NEUTRAL,True,True,True,False
REPLAY,Yaniv-LRJ(6)-4:7.csv,127.69379210472108,2026-04-24T17:35:10.326260+00:00,31830,NEUTRAL,tracking,RIGHT,0.29637492774683616,0.13935416519073132,0.2205125208158209,INACTIVE,False,0.9999985637842033,1.4362157967787962e-06,LEFT,0.9999971275684065,True,,NEUTRAL,True,True,True,False
REPLAY,Yaniv-LRJ(6)-4:7.csv,127.79408884048463,2026-04-24T17:35:10.335423+00:00,31855,NEUTRAL,tracking,RIGHT,0.2948744439248814,0.12926997210479677,0.2316227389709343,INACTIVE,False,0.9978303148343691,0.0021696851656308773,LEFT,0.9956606296687383,True,,NEUTRAL,True,True,True,False
REPLAY,Yaniv-LRJ(6)-4:7.csv,127.89438557624818,2026-04-24T17:35:10.343881+00:00,31880,NEUTRAL,tracking,RIGHT,0.2736949028813733,0.12391519677422308,0.23169726820203126,INACTIVE,False,0.948427617267032,0.05157238273296802,LEFT,0.8968552345340639,True,,NEUTRAL,True,True,True,False
REPLAY,Yaniv-LRJ(6)-4:7.csv,127.99468231201173,2026-04-24T17:35:10.351763+00:00,31905,NEUTRAL,tracking,RIGHT,0.28361987602522865,0.0933752509303299,0.2609634135284053,INACTIVE,False,0.9971988080183765,0.0028011919816234906,LEFT,0.9943976160367529,True,,NEUTRAL,True,True,True,False
REPLAY,Yaniv-LRJ(6)-4:7.csv,128.09497904777527,2026-04-24T17:35:10.362076+00:00,31930,NEUTRAL,tracking,RIGHT,0.2510897176456932,0.10611250991616099,0.19740741003164083,INACTIVE,False,0.9999959712627529,4.02873724713878e-06,LEFT,0.9999919425255057,True,,NEUTRAL,True,True,True,False
REPLAY,Yaniv-LRJ(6)-4:7.csv,128.19527578353882,2026-04-24T17:35:10.374033+00:00,31955,NEUTRAL,tracking,RIGHT,0.2962049741485483,0.13975575483911584,0.2396547946707156,INACTIVE,False,0.9999999823073745,1.7692625458867994e-08,LEFT,0.999999964614749,True,,NEUTRAL,True,True,True,False
REPLAY,Yaniv-LRJ(6)-4:7.csv,128.29557251930237,2026-04-24T17:35:10.386004+00:00,31980,NEUTRAL,tracking,RIGHT,0.2857380977793682,0.12030036387336401,0.2407886541421143,INACTIVE,False,0.9999999979198418,2.080158212066701e-09,LEFT,0.9999999958396837,True,,NEUTRAL,True,True,True,False
REPLAY,Yaniv-LRJ(6)-4:7.csv,128.39586925506592,2026-04-24T17:35:10.394277+00:00,32005,NEUTRAL,tracking,RIGHT,0.29077203097814275,0.12591782092616394,0.2393110634380866,INACTIVE,False,0.999999998366337,1.6336630316353334e-09,LEFT,0.999999996732674,True,,NEUTRAL,True,True,True,False
REPLAY,Yaniv-LRJ(6)-4:7.csv,128.49215412139893,2026-04-24T17:35:10.401845+00:00,32029,NEUTRAL,tracking,RIGHT,0.27488373897472396,0.10234168140557723,0.21440394362354795,INACTIVE,False,0.9999999986191327,1.380867307692544e-09,LEFT,0.9999999972382654,True,,NEUTRAL,True,True,True,False
REPLAY,Yaniv-LRJ(6)-4:7.csv,128.59245085716248,2026-04-24T17:35:10.409254+00:00,32054,NEUTRAL,tracking,RIGHT,0.2985991981526993,0.1276215653969862,0.22510088550923993,INACTIVE,False,0.9999999988532378,1.1467622283784831e-09,LEFT,0.9999999977064755,True,,NEUTRAL,True,True,True,False
REPLAY,Yaniv-LRJ(6)-4:7.csv,128.69274759292603,2026-04-24T17:35:10.416722+00:00,32079,NEUTRAL,tracking,RIGHT,0.30125450214124083,0.12789623310560982,0.23074608149129114,INACTIVE,False,0.9999999967361133,3.263886696720576e-09,LEFT,0.9999999934722266,True,,NEUTRAL,True,True,True,False
REPLAY,Yaniv-LRJ(6)-4:7.csv,128.79304432868958,2026-04-24T17:35:10.423622+00:00,32104,NEUTRAL,tracking,RIGHT,0.2827379168456825,0.12623036076149163,0.20845168733632743,INACTIVE,False,0.9999999639231127,3.6076887264600744e-08,LEFT,0.9999999278462255,True,,NEUTRAL,True,True,True,False
REPLAY,Yaniv-LRJ(6)-4:7.csv,128.89334106445312,2026-04-24T17:35:10.433957+00:00,32129,LEFT,LEFT,RIGHT,0.29509718201354707,0.148525731177769,0.21794187584074182,INACTIVE,False,0.9999997285332637,2.7146673633663117e-07,LEFT,0.9999994570665274,True,,LEFT,True,True,True,False
REPLAY,Yaniv-LRJ(6)-4:7.csv,128.99363780021667,2026-04-24T17:35:10.442689+00:00,32154,LEFT,LEFT,RIGHT,0.3000239679398339,0.15314602069077118,0.23878975907985622,INACTIVE,False,0.9999998518508336,1.4814916636468528e-07,LEFT,0.9999997037016672,True,,LEFT,True,True,True,False
REPLAY,Yaniv-LRJ(6)-4:7.csv,129.09393453598022,2026-04-24T17:35:10.450088+00:00,32179,NEUTRAL,tracking,RIGHT,0.28798956885704163,0.12364600189425176,0.21842268464630618,INACTIVE,False,0.9999999899534803,1.004651972095638e-08,LEFT,0.9999999799069605,True,,NEUTRAL,True,True,True,False
REPLAY,Yaniv-LRJ(6)-4:7.csv,129.19423127174377,2026-04-24T17:35:10.457736+00:00,32204,NEUTRAL,tracking,RIGHT,0.2780899438267064,0.11433039027206654,0.21181006445629197,INACTIVE,False,0.9999999991581189,8.418811542048735e-10,LEFT,0.9999999983162378,True,,NEUTRAL,True,True,True,False
REPLAY,Yaniv-LRJ(6)-4:7.csv,129.29452800750732,2026-04-24T17:35:10.465009+00:00,32229,NEUTRAL,tracking,RIGHT,0.2819608661153372,0.15152893234361628,0.20405922792785725,INACTIVE,False,0.9999999995124863,4.875136413226892e-10,LEFT,0.9999999990249726,True,,NEUTRAL,True,True,True,False
REPLAY,Yaniv-LRJ(6)-4:7.csv,129.39482474327087,2026-04-24T17:35:10.472611+00:00,32254,NEUTRAL,tracking,RIGHT,0.28710889052390265,0.12100610094741655,0.23791010347099764,INACTIVE,False,0.9999999989076481,1.0923518296874452e-09,LEFT,0.9999999978152962,True,,NEUTRAL,True,True,True,False
REPLAY,Yaniv-LRJ(6)-4:7.csv,129.49512147903442,2026-04-24T17:35:10.480114+00:00,32279,NEUTRAL,tracking,RIGHT,0.2873084972229376,0.11285646805035333,0.21682378398244187,INACTIVE,False,0.9999999981208315,1.8791685411437326e-09,LEFT,0.999999996241663,True,,NEUTRAL,True,True,True,False
REPLAY,Yaniv-LRJ(6)-4:7.csv,129.59541821479797,2026-04-24T17:35:10.490850+00:00,32304,LEFT,LEFT,RIGHT,0.2844419748558925,0.11467206479080325,0.22514560304359862,INACTIVE,False,0.9999999977118116,2.2881884689533197e-09,LEFT,0.9999999954236232,True,,LEFT,True,True,True,False
REPLAY,Yaniv-LRJ(6)-4:7.csv,129.69571495056152,2026-04-24T17:35:10.499920+00:00,32329,LEFT,LEFT,RIGHT,0.28501234490049054,0.12347206681334927,0.19855912925702054,INACTIVE,False,0.9999999984298397,1.5701603427741524e-09,LEFT,0.9999999968596793,True,,LEFT,True,True,True,False
REPLAY,Yaniv-LRJ(6)-4:7.csv,129.79199981689453,2026-04-24T17:35:10.533277+00:00,32353,NEUTRAL,tracking,RIGHT,0.2934759700290328,0.11591163911419237,0.2181751212915106,INACTIVE,False,0.9999999995045381,4.954619331368566e-10,LEFT,0.9999999990090762,True,,NEUTRAL,True,True,True,False
REPLAY,Yaniv-LRJ(6)-4:7.csv,129.89229655265808,2026-04-24T17:35:10.542411+00:00,32378,NEUTRAL,tracking,RIGHT,0.27994331627904734,0.1425545890630104,0.20647970216614275,INACTIVE,False,0.9999999999137286,8.6271464859956e-11,LEFT,0.9999999998274571,True,,NEUTRAL,True,True,True,False
REPLAY,Yaniv-LRJ(6)-4:7.csv,129.99259328842163,2026-04-24T17:35:10.550090+00:00,32403,NEUTRAL,tracking,RIGHT,0.3152505500951873,0.15375124119947925,0.2523564445384745,INACTIVE,False,0.9999999999830752,1.6924786577451902e-11,LEFT,0.9999999999661504,True,,NEUTRAL,True,True,True,False
REPLAY,Yaniv-LRJ(6)-4:7.csv,130.09289002418518,2026-04-24T17:35:10.572670+00:00,32428,NEUTRAL,tracking,RIGHT,0.27609124900543824,0.12167870220034642,0.22101696094427795,INACTIVE,False,0.9999999999877042,1.2295852552147295e-11,LEFT,0.9999999999754083,True,,NEUTRAL,True,True,True,False
REPLAY,Yaniv-LRJ(6)-4:7.csv,130.19318675994873,2026-04-24T17:35:10.579703+00:00,32453,NEUTRAL,tracking,RIGHT,0.27955001332483864,0.11329377053723064,0.216140117426221,INACTIVE,False,0.9999999999253381,7.466197890366401e-11,LEFT,0.9999999998506761,True,,NEUTRAL,True,True,True,False
REPLAY,Yaniv-LRJ(6)-4:7.csv,130.29348349571228,2026-04-24T17:35:10.587096+00:00,32478,NEUTRAL,tracking,RIGHT,0.30096268454735287,0.15096965768730417,0.22951080967792492,INACTIVE,False,0.9999999988266265,1.1733734566148274e-09,LEFT,0.999999997653253,True,,NEUTRAL,True,True,True,False
REPLAY,Yaniv-LRJ(6)-4:7.csv,130.39378023147583,2026-04-24T17:35:10.594664+00:00,32503,NEUTRAL,tracking,RIGHT,0.30016296524436914,0.15236024159283215,0.24992983373601027,INACTIVE,False,0.9999999912229115,8.777088526938673e-09,LEFT,0.999999982445823,True,,NEUTRAL,True,True,True,False
REPLAY,Yaniv-LRJ(6)-4:7.csv,130.49407696723938,2026-04-24T17:35:10.602101+00:00,32528,NEUTRAL,tracking,RIGHT,0.30900923500592525,0.13256623298136114,0.24999710657516566,INACTIVE,False,0.9999999841842971,1.5815702858563142e-08,LEFT,0.9999999683685943,True,,NEUTRAL,True,True,True,False
REPLAY,Yaniv-LRJ(6)-4:7.csv,130.59437370300293,2026-04-24T17:35:10.609096+00:00,32553,NEUTRAL,tracking,RIGHT,0.29528775243532346,0.14064179425311013,0.2307116423429347,INACTIVE,False,0.9999999871306441,1.2869355954500919e-08,LEFT,0.9999999742612882,True,,NEUTRAL,True,True,True,False
REPLAY,Yaniv-LRJ(6)-4:7.csv,130.69467043876648,2026-04-24T17:35:10.616238+00:00,32578,NEUTRAL,tracking,RIGHT,0.2637284347140364,0.11385784058145153,0.23412628687502085,INACTIVE,False,0.999999990951031,9.0489689807816e-09,LEFT,0.999999981902062,True,,NEUTRAL,True,True,True,False
REPLAY,Yaniv-LRJ(6)-4:7.csv,130.79496717453003,2026-04-24T17:35:10.628240+00:00,32603,LEFT,LEFT,RIGHT,0.2852634760943853,0.10880819265397781,0.2206473105450283,INACTIVE,False,0.9999999961219239,3.878076050034594e-09,LEFT,0.9999999922438478,True,,LEFT,True,True,True,False
REPLAY,Yaniv-LRJ(6)-4:7.csv,130.89526391029358,2026-04-24T17:35:10.641310+00:00,32628,LEFT,LEFT,RIGHT,0.27968840127154126,0.11541213233907537,0.20431254861219741,INACTIVE,False,0.9999999990082314,9.917685464420813e-10,LEFT,0.9999999980164629,True,,LEFT,True,True,True,False
REPLAY,Yaniv-LRJ(6)-4:7.csv,130.99556064605713,2026-04-24T17:35:10.653295+00:00,32653,NEUTRAL,tracking,RIGHT,0.28574792361282164,0.14241663186702944,0.2242780563666946,INACTIVE,False,0.9999999994557514,5.442485908723995e-10,LEFT,0.9999999989115027,True,,NEUTRAL,True,True,True,False
REPLAY,Yaniv-LRJ(6)-4:7.csv,131.09585738182068,2026-04-24T17:35:10.667406+00:00,32678,NEUTRAL,tracking,RIGHT,0.3080357516530796,0.16474755454712306,0.22744007585115858,INACTIVE,False,0.9999999991871342,8.128657591740387e-10,LEFT,0.9999999983742685,True,,NEUTRAL,True,True,True,False
REPLAY,Yaniv-LRJ(6)-4:7.csv,131.1921422481537,2026-04-24T17:35:10.678316+00:00,32702,NEUTRAL,tracking,RIGHT,0.295402707616207,0.17059196696474874,0.2286286341344308,INACTIVE,False,0.9999999985334991,1.4665009607466968e-09,LEFT,0.9999999970669982,True,,NEUTRAL,True,True,True,False
REPLAY,Yaniv-LRJ(6)-4:7.csv,131.29243898391724,2026-04-24T17:35:10.685643+00:00,32727,NEUTRAL,tracking,RIGHT,0.2706391123906725,0.13771351985111183,0.20278998224210018,INACTIVE,False,0.9999999981069138,1.8930862472781744e-09,LEFT,0.9999999962138275,True,,NEUTRAL,True,True,True,False
REPLAY,Yaniv-LRJ(6)-4:7.csv,131.3927357196808,2026-04-24T17:35:10.692609+00:00,32752,NEUTRAL,tracking,RIGHT,0.281540939245023,0.14238013887783027,0.20487766215434616,INACTIVE,False,0.9999999978318599,2.168140153811847e-09,LEFT,0.9999999956637198,True,,NEUTRAL,True,True,True,False
REPLAY,Yaniv-LRJ(6)-4:7.csv,131.49303245544434,2026-04-24T17:35:10.699899+00:00,32777,NEUTRAL,tracking,RIGHT,0.28781472497218785,0.11985049655787738,0.25612422490340675,INACTIVE,False,0.9999999963955417,3.6044582440963905e-09,LEFT,0.9999999927910834,True,,NEUTRAL,True,True,True,False
REPLAY,Yaniv-LRJ(6)-4:7.csv,131.59332919120789,2026-04-24T17:35:10.707324+00:00,32802,NEUTRAL,tracking,RIGHT,0.27906529292762905,0.11671514120879976,0.22678931633896626,INACTIVE,False,0.9999999935999901,6.400009875918511e-09,LEFT,0.9999999871999803,True,,NEUTRAL,True,True,True,False
REPLAY,Yaniv-LRJ(6)-4:7.csv,131.69362592697144,2026-04-24T17:35:10.716571+00:00,32827,LEFT,LEFT,RIGHT,0.2763541534604226,0.12589750365331395,0.20327435638221028,INACTIVE,False,0.999999982848601,1.7151398991720717e-08,LEFT,0.9999999656972021,True,,LEFT,True,True,True,False
REPLAY,Yaniv-LRJ(6)-4:7.csv,131.79392266273499,2026-04-24T17:35:10.725418+00:00,32852,LEFT,LEFT,RIGHT,0.2779575533706167,0.11234760059210662,0.20016041319794142,INACTIVE,False,0.9999999098452015,9.015479847031848e-08,LEFT,0.999999819690403,True,,LEFT,True,True,True,False
REPLAY,Yaniv-LRJ(6)-4:7.csv,131.89421939849854,2026-04-24T17:35:10.735198+00:00,32877,LEFT,LEFT,RIGHT,0.2806198926117145,0.10241502587527296,0.20968955594362765,INACTIVE,False,0.9999995361576968,4.6384230325391104e-07,LEFT,0.9999990723153935,True,,LEFT,True,True,True,False
REPLAY,Yaniv-LRJ(6)-4:7.csv,131.99451613426208,2026-04-24T17:35:10.746355+00:00,32902,NEUTRAL,tracking,RIGHT,0.2678445507959657,0.12864647107724325,0.19196588661724936,INACTIVE,False,0.9999989732076269,1.026792373178912e-06,LEFT,0.9999979464152537,True,,NEUTRAL,True,True,True,False
REPLAY,Yaniv-LRJ(6)-4:7.csv,132.09481287002563,2026-04-24T17:35:10.757972+00:00,32927,NEUTRAL,tracking,RIGHT,0.2800933462719112,0.14861397087905398,0.2161156023442268,INACTIVE,False,0.999999502594295,4.974057049150602e-07,LEFT,0.9999990051885901,True,,NEUTRAL,True,True,True,False
REPLAY,Yaniv-LRJ(6)-4:7.csv,132.19510960578918,2026-04-24T17:35:10.767194+00:00,32952,NEUTRAL,tracking,RIGHT,0.29584072583619947,0.16598620673395142,0.22383134200947252,INACTIVE,False,0.9999999192315269,8.076847308649924e-08,LEFT,0.9999998384630537,True,,NEUTRAL,True,True,True,False
REPLAY,Yaniv-LRJ(6)-4:7.csv,132.29540634155273,2026-04-24T17:35:10.774322+00:00,32977,NEUTRAL,tracking,RIGHT,0.30793217510771775,0.16686991112626517,0.23014281271352974,INACTIVE,False,0.9999999929589235,7.041076452654869e-09,LEFT,0.999999985917847,True,,NEUTRAL,True,True,True,False
REPLAY,Yaniv-LRJ(6)-4:7.csv,132.39570307731628,2026-04-24T17:35:10.781429+00:00,33002,NEUTRAL,tracking,RIGHT,0.2845727608532366,0.12115961405877858,0.2269137023879896,INACTIVE,False,0.9999999996561068,3.438932517371909e-10,LEFT,0.9999999993122135,True,,NEUTRAL,True,True,True,False
REPLAY,Yaniv-LRJ(6)-4:7.csv,132.4919879436493,2026-04-24T17:35:10.788668+00:00,33026,NEUTRAL,tracking,RIGHT,0.24012702308089184,0.07792196751156955,0.195273404908565,INACTIVE,False,0.9999999999918326,8.16737341014344e-12,LEFT,0.9999999999836653,True,,NEUTRAL,True,True,True,False
REPLAY,Yaniv-LRJ(6)-4:7.csv,132.59228467941284,2026-04-24T17:35:10.795626+00:00,33051,NEUTRAL,tracking,RIGHT,0.2452721282382685,0.07366290363182036,0.1789852011551928,INACTIVE,False,0.9999999999993482,6.51826942131862e-13,LEFT,0.9999999999986964,True,,NEUTRAL,True,True,True,False
REPLAY,Yaniv-LRJ(6)-4:7.csv,132.6925814151764,2026-04-24T17:35:10.802944+00:00,33076,NEUTRAL,tracking,RIGHT,0.26826178714079885,0.11380852856494726,0.2087934699654782,INACTIVE,False,0.9999999999983412,1.6587717192779801e-12,LEFT,0.9999999999966824,True,,NEUTRAL,True,True,True,False
REPLAY,Yaniv-LRJ(6)-4:7.csv,132.79287815093994,2026-04-24T17:35:10.809957+00:00,33101,NEUTRAL,tracking,RIGHT,0.314963484900755,0.1522745982660755,0.23783265792788852,INACTIVE,False,0.9999999999207899,7.921006955229041e-11,LEFT,0.9999999998415798,True,,NEUTRAL,True,True,True,False
REPLAY,Yaniv-LRJ(6)-4:7.csv,132.8931748867035,2026-04-24T17:35:10.819260+00:00,33126,LEFT,LEFT,RIGHT,0.28369444585871495,0.12570469556074518,0.20819800997794052,INACTIVE,False,0.9999999934996365,6.500363450801685e-09,LEFT,0.9999999869992731,True,,LEFT,True,True,True,False
REPLAY,Yaniv-LRJ(6)-4:7.csv,132.99347162246704,2026-04-24T17:35:10.828386+00:00,33151,LEFT,LEFT,RIGHT,0.28899276862998324,0.14652893942993503,0.2039952513186963,INACTIVE,False,0.9999998902537628,1.0974623716132975e-07,LEFT,0.9999997805075256,True,,LEFT,True,True,True,False
REPLAY,Yaniv-LRJ(6)-4:7.csv,133.0937683582306,2026-04-24T17:35:10.835486+00:00,33176,LEFT,LEFT,RIGHT,0.27435416528661905,0.1094970750803707,0.20791163383670386,INACTIVE,False,0.9999997503255206,2.496744794000951e-07,LEFT,0.9999995006510412,True,,LEFT,True,True,True,False
REPLAY,Yaniv-LRJ(6)-4:7.csv,133.19406509399414,2026-04-24T17:35:10.845092+00:00,33201,NEUTRAL,tracking,RIGHT,0.2803152383385704,0.12590873612294598,0.21727734110148805,INACTIVE,False,0.9999996260178023,3.7398219764054563e-07,LEFT,0.9999992520356047,True,,NEUTRAL,True,True,True,False
REPLAY,Yaniv-LRJ(6)-4:7.csv,133.2943618297577,2026-04-24T17:35:10.856935+00:00,33226,NEUTRAL,tracking,RIGHT,0.2682950662890643,0.10365207491213733,0.2220163696481614,INACTIVE,False,0.9999992498079718,7.501920281456725e-07,LEFT,0.9999984996159437,True,,NEUTRAL,True,True,True,False
REPLAY,Yaniv-LRJ(6)-4:7.csv,133.39465856552124,2026-04-24T17:35:10.866178+00:00,33251,NEUTRAL,tracking,RIGHT,0.27816419385809554,0.08967794174094902,0.2417364661076583,INACTIVE,False,0.9999986512816545,1.3487183454482702e-06,LEFT,0.9999973025633091,True,,NEUTRAL,True,True,True,False
REPLAY,Yaniv-LRJ(6)-4:7.csv,133.4949553012848,2026-04-24T17:35:10.873128+00:00,33276,NEUTRAL,tracking,RIGHT,0.2830990912526573,0.11124339157672168,0.2458186121497839,INACTIVE,False,0.9999982610627872,1.7389372128271275e-06,LEFT,0.9999965221255744,True,,NEUTRAL,True,True,True,False
REPLAY,Yaniv-LRJ(6)-4:7.csv,133.59525203704834,2026-04-24T17:35:10.880126+00:00,33301,NEUTRAL,tracking,UNKNOWN,0.29356175675667406,0.1032958118722951,0.22698255993687078,INACTIVE,False,0.9999986691706596,1.3308293403948137e-06,LEFT,0.9999973383413192,True,,NEUTRAL,True,True,True,False
REPLAY,Yaniv-LRJ(6)-4:7.csv,133.6955487728119,2026-04-24T17:35:10.887656+00:00,33326,NEUTRAL,tracking,UNKNOWN,0.28842132940797904,0.1098402486584773,0.22348063311622124,INACTIVE,False,0.9999996307608694,3.692391306596505e-07,LEFT,0.9999992615217388,True,,NEUTRAL,True,True,True,False
REPLAY,Yaniv-LRJ(6)-4:7.csv,133.79584550857544,2026-04-24T17:35:10.898615+00:00,33351,LEFT,LEFT,UNKNOWN,0.2938620568705491,0.12829876767984733,0.20837824083224285,INACTIVE,False,0.9999999468242738,5.31757261619465e-08,LEFT,0.9999998936485477,True,,LEFT,True,True,True,False
REPLAY,Yaniv-LRJ(6)-4:7.csv,133.89213037490845,2026-04-24T17:35:10.907833+00:00,33375,LEFT,LEFT,UNKNOWN,0.28463500920222207,0.15270287269408683,0.21757399984677264,INACTIVE,False,0.999999976037031,2.396296900318537e-08,LEFT,0.9999999520740619,True,,LEFT,True,True,True,False
REPLAY,Yaniv-LRJ(6)-4:7.csv,133.992427110672,2026-04-24T17:35:10.915194+00:00,33400,LEFT,LEFT,UNKNOWN,0.2877167008146737,0.17140826032043144,0.2279069641646314,INACTIVE,False,0.9999999233880557,7.661194435273225e-08,LEFT,0.9999998467761113,True,,LEFT,True,True,True,False
REPLAY,Yaniv-LRJ(6)-4:7.csv,134.09272384643555,2026-04-24T17:35:10.922524+00:00,33425,NEUTRAL,tracking,UNKNOWN,0.28399819886747935,0.1337825725340391,0.2385907308082525,INACTIVE,False,0.9999996506217083,3.4937829179164844e-07,LEFT,0.9999993012434165,True,,NEUTRAL,True,True,True,False
REPLAY,Yaniv-LRJ(6)-4:7.csv,134.1930205821991,2026-04-24T17:35:10.929639+00:00,33450,NEUTRAL,tracking,UNKNOWN,0.2730975991435821,0.13381215466507643,0.2237629844996663,INACTIVE,False,0.9999998094922853,1.9050771476338717e-07,LEFT,0.9999996189845706,True,,NEUTRAL,True,True,True,False
REPLAY,Yaniv-LRJ(6)-4:7.csv,134.29331731796265,2026-04-24T17:35:10.936621+00:00,33475,NEUTRAL,tracking,UNKNOWN,0.2872621437833396,0.1196223789163178,0.21722732998381403,INACTIVE,False,0.9999999895314121,1.0468587875055203e-08,LEFT,0.9999999790628242,True,,NEUTRAL,True,True,True,False
REPLAY,Yaniv-LRJ(6)-4:7.csv,134.3936140537262,2026-04-24T17:35:10.946106+00:00,33500,NEUTRAL,tracking,UNKNOWN,0.2691270815186586,0.11862950313535527,0.21699359153121894,INACTIVE,False,0.9999999996563307,3.43669283357078e-10,LEFT,0.9999999993126614,True,,NEUTRAL,True,True,True,False
REPLAY,Yaniv-LRJ(6)-4:7.csv,134.49391078948975,2026-04-24T17:35:10.958171+00:00,33525,LEFT,LEFT,UNKNOWN,0.29606845396072956,0.13759101510938737,0.2307109791618968,INACTIVE,False,0.9999999999552763,4.472371307781089e-11,LEFT,0.9999999999105527,True,,LEFT,True,True,True,False
REPLAY,Yaniv-LRJ(6)-4:7.csv,134.5942075252533,2026-04-24T17:35:10.966915+00:00,33550,NEUTRAL,tracking,UNKNOWN,0.28412429868929423,0.1385563978766385,0.22314431751055724,INACTIVE,False,0.9999999999756521,2.4347843472080154e-11,LEFT,0.9999999999513043,True,,NEUTRAL,True,True,True,False
REPLAY,Yaniv-LRJ(6)-4:7.csv,134.69450426101685,2026-04-24T17:35:10.974321+00:00,33575,NEUTRAL,tracking,UNKNOWN,0.2956699692667504,0.13526195399888818,0.24985460173242593,INACTIVE,False,0.9999999999211744,7.882559605658729e-11,LEFT,0.9999999998423488,True,,NEUTRAL,True,True,True,False
REPLAY,Yaniv-LRJ(6)-4:7.csv,134.7948009967804,2026-04-24T17:35:10.981029+00:00,33600,NEUTRAL,tracking,UNKNOWN,0.2838878961581973,0.1151215566203875,0.22102850607306962,INACTIVE,False,0.999999998385949,1.6140509862013673e-09,LEFT,0.999999996771898,True,,NEUTRAL,True,True,True,False
REPLAY,Yaniv-LRJ(6)-4:7.csv,134.89509773254395,2026-04-24T17:35:10.987940+00:00,33625,NEUTRAL,tracking,UNKNOWN,0.2685082530706966,0.12359158935302628,0.2122632274611864,INACTIVE,False,0.9999999573313241,4.2668675907571744e-08,LEFT,0.9999999146626481,True,,NEUTRAL,True,True,True,False
REPLAY,Yaniv-LRJ(6)-4:7.csv,134.9953944683075,2026-04-24T17:35:10.994482+00:00,33650,NEUTRAL,tracking,UNKNOWN,0.27988135952411053,0.1463839091591035,0.2151276519270025,INACTIVE,False,0.9999996904743059,3.095256940768186e-07,LEFT,0.9999993809486118,True,,NEUTRAL,True,True,True,False
REPLAY,Yaniv-LRJ(6)-4:7.csv,135.09569120407104,2026-04-24T17:35:11.016820+00:00,33675,NEUTRAL,tracking,UNKNOWN,0.30195135055121225,0.1347741814974235,0.24420374731275335,INACTIVE,False,0.9999997043862289,2.956137711580058e-07,LEFT,0.9999994087724577,True,,NEUTRAL,True,True,True,False
REPLAY,Yaniv-LRJ(6)-4:7.csv,135.1959879398346,2026-04-24T17:35:11.024271+00:00,33700,NEUTRAL,tracking,UNKNOWN,0.28548960007572577,0.13091416533801023,0.22794620681918715,INACTIVE,False,0.9999999275099891,7.249001084380373e-08,LEFT,0.9999998550199782,True,,NEUTRAL,True,True,True,False
REPLAY,Yaniv-LRJ(6)-4:7.csv,135.2922728061676,2026-04-24T17:35:11.033562+00:00,33724,LEFT,LEFT,UNKNOWN,0.2741299721869098,0.1043227128824343,0.23179698883190553,INACTIVE,False,0.9999999850954066,1.4904593433971262e-08,LEFT,0.9999999701908131,True,,LEFT,True,True,True,False
REPLAY,Yaniv-LRJ(6)-4:7.csv,135.39256954193115,2026-04-24T17:35:11.042616+00:00,33749,LEFT,LEFT,UNKNOWN,0.27059940797725635,0.09451500380347189,0.20801143103586853,INACTIVE,False,0.9999999951705334,4.829466615030734e-09,LEFT,0.9999999903410668,True,,LEFT,True,True,True,False
REPLAY,Yaniv-LRJ(6)-4:7.csv,135.4928662776947,2026-04-24T17:35:11.049608+00:00,33774,NEUTRAL,tracking,UNKNOWN,0.28637210798501644,0.11232049895921424,0.235192789052592,INACTIVE,False,0.9999999950809805,4.919019538745673e-09,LEFT,0.999999990161961,True,,NEUTRAL,True,True,True,False
REPLAY,Yaniv-LRJ(6)-4:7.csv,135.59316301345825,2026-04-24T17:35:11.056607+00:00,33799,NEUTRAL,tracking,UNKNOWN,0.2851816520341738,0.12703107442154696,0.21295685598394531,INACTIVE,False,0.9999999737415588,2.6258441164882948e-08,LEFT,0.9999999474831176,True,,NEUTRAL,True,True,True,False
REPLAY,Yaniv-LRJ(6)-4:7.csv,135.6934597492218,2026-04-24T17:35:11.063384+00:00,33824,NEUTRAL,tracking,UNKNOWN,0.30810971211804283,0.13693579006187584,0.24708064822983933,INACTIVE,False,0.9999995025695011,4.974304988595297e-07,LEFT,0.9999990051390022,True,,NEUTRAL,True,True,True,False
REPLAY,Yaniv-LRJ(6)-4:7.csv,135.79375648498535,2026-04-24T17:35:11.070432+00:00,33849,NEUTRAL,tracking,UNKNOWN,0.30089320956646604,0.11969723501131051,0.2345914308221147,INACTIVE,False,0.9999921014226801,7.898577319812065e-06,LEFT,0.9999842028453603,True,,NEUTRAL,True,True,True,False
REPLAY,Yaniv-LRJ(6)-4:7.csv,135.8940532207489,2026-04-24T17:35:11.078065+00:00,33874,NEUTRAL,tracking,UNKNOWN,0.3083459323190525,0.13514394713688935,0.2530914011971328,INACTIVE,False,0.9999823926436701,1.760735632992691e-05,LEFT,0.9999647852873401,True,,NEUTRAL,True,True,True,False
REPLAY,Yaniv-LRJ(6)-4:7.csv,135.99434995651245,2026-04-24T17:35:11.085013+00:00,33899,NEUTRAL,tracking,UNKNOWN,0.3477427138029001,0.17605887443253954,0.26744147782512906,INACTIVE,False,0.9999984553927942,1.5446072058541093e-06,LEFT,0.9999969107855884,True,,NEUTRAL,True,True,True,False
REPLAY,Yaniv-LRJ(6)-4:7.csv,136.094646692276,2026-04-24T17:35:11.091960+00:00,33924,NEUTRAL,tracking,UNKNOWN,0.31746815913061144,0.11356859447428666,0.2781823631487704,INACTIVE,False,0.9999999912940226,8.705977332483923e-09,LEFT,0.9999999825880452,True,,NEUTRAL,True,True,True,False
REPLAY,Yaniv-LRJ(6)-4:7.csv,136.19494342803955,2026-04-24T17:35:11.099073+00:00,33949,NEUTRAL,tracking,UNKNOWN,0.28586735976161715,0.08702379736394757,0.2504260685303207,INACTIVE,False,0.9999999999924759,7.524093853045878e-12,LEFT,0.9999999999849518,True,,NEUTRAL,True,True,True,False
REPLAY,Yaniv-LRJ(6)-4:7.csv,136.2952401638031,2026-04-24T17:35:11.106370+00:00,33974,NEUTRAL,tracking,UNKNOWN,0.28826862412268983,0.09536669853938903,0.24792810247070074,INACTIVE,False,0.9999999999999686,3.13677110955063e-14,LEFT,0.9999999999999372,True,,NEUTRAL,True,True,True,False
REPLAY,Yaniv-LRJ(6)-4:7.csv,136.39553689956665,2026-04-24T17:35:11.115701+00:00,33999,LEFT,LEFT,UNKNOWN,0.28498985700498747,0.1128923183437855,0.22153496907844616,INACTIVE,False,0.9999999999999377,6.225619132677877e-14,LEFT,0.9999999999998754,True,,LEFT,True,True,True,False
REPLAY,Yaniv-LRJ(6)-4:7.csv,136.4958336353302,2026-04-24T17:35:11.124813+00:00,34024,NEUTRAL,tracking,UNKNOWN,0.30141504860226886,0.12029773830551785,0.22958320446936026,INACTIVE,False,0.9999999998481139,1.5188606407603117e-10,LEFT,0.9999999996962279,True,,NEUTRAL,True,True,True,False
REPLAY,Yaniv-LRJ(6)-4:7.csv,136.5921185016632,2026-04-24T17:35:11.134719+00:00,34048,NEUTRAL,tracking,UNKNOWN,0.30889712496316335,0.14596215984069724,0.24114147183816964,INACTIVE,False,0.9999978870593837,2.112940616269925e-06,LEFT,0.9999957741187675,True,,NEUTRAL,True,True,True,False
REPLAY,Yaniv-LRJ(6)-4:7.csv,136.69241523742676,2026-04-24T17:35:11.143890+00:00,34073,NEUTRAL,tracking,UNKNOWN,0.29394456292772375,0.15589397811731384,0.23281551873796907,INACTIVE,False,0.9994677517504057,0.0005322482495942498,LEFT,0.9989355035008114,True,,NEUTRAL,True,True,True,False
REPLAY,Yaniv-LRJ(6)-4:7.csv,136.7927119731903,2026-04-24T17:35:11.153594+00:00,34098,NEUTRAL,tracking,UNKNOWN,0.2784071639537974,0.1446777376514556,0.20586187908858522,INACTIVE,False,0.9998531385976575,0.00014686140234256438,LEFT,0.9997062771953149,True,,NEUTRAL,True,True,True,False
REPLAY,Yaniv-LRJ(6)-4:7.csv,136.89300870895386,2026-04-24T17:35:11.162324+00:00,34123,NEUTRAL,tracking,UNKNOWN,0.2881194201249685,0.13081336602724783,0.21687598606509897,INACTIVE,False,0.9999981761251502,1.8238748498660107e-06,LEFT,0.9999963522503004,True,,NEUTRAL,True,True,True,False
REPLAY,Yaniv-LRJ(6)-4:7.csv,136.9933054447174,2026-04-24T17:35:11.169678+00:00,34148,NEUTRAL,tracking,UNKNOWN,0.27627305835191174,0.11900888749973587,0.23105453387134586,INACTIVE,False,0.999999927380451,7.261954908930164e-08,LEFT,0.9999998547609019,True,,NEUTRAL,True,True,True,False
REPLAY,Yaniv-LRJ(6)-4:7.csv,137.09360218048096,2026-04-24T17:35:11.177064+00:00,34173,NEUTRAL,tracking,UNKNOWN,0.27782567621749943,0.11299077852350074,0.2255582640816288,INACTIVE,False,0.9999999903597367,9.640263296411663e-09,LEFT,0.9999999807194735,True,,NEUTRAL,True,True,True,False
REPLAY,Yaniv-LRJ(6)-4:7.csv,137.1938989162445,2026-04-24T17:35:11.184238+00:00,34198,NEUTRAL,tracking,UNKNOWN,0.29105315192890613,0.13372847935582102,0.23052132436647427,INACTIVE,False,0.9999999993890639,6.109361152399411e-10,LEFT,0.9999999987781278,True,,NEUTRAL,True,True,True,False
REPLAY,Yaniv-LRJ(6)-4:7.csv,137.29419565200806,2026-04-24T17:35:11.191024+00:00,34223,NEUTRAL,tracking,UNKNOWN,0.2657136708521112,0.13104982954679145,0.21428087654926214,INACTIVE,False,0.9999999999789424,2.1057630582744875e-11,LEFT,0.9999999999578848,True,,NEUTRAL,True,True,True,False
REPLAY,Yaniv-LRJ(6)-4:7.csv,137.3944923877716,2026-04-24T17:35:11.198037+00:00,34248,NEUTRAL,tracking,UNKNOWN,0.27735128478341753,0.10764855387750437,0.2396562667113571,INACTIVE,False,0.9999999999968701,3.129964284845268e-12,LEFT,0.9999999999937401,True,,NEUTRAL,True,True,True,False
REPLAY,Yaniv-LRJ(6)-4:7.csv,137.49478912353516,2026-04-24T17:35:11.205129+00:00,34273,NEUTRAL,tracking,UNKNOWN,0.2935901965512723,0.12621636307913225,0.2154791542717616,INACTIVE,False,0.9999999999894346,1.0565433165031249e-11,LEFT,0.9999999999788691,True,,NEUTRAL,True,True,True,False
REPLAY,Yaniv-LRJ(6)-4:7.csv,137.5950858592987,2026-04-24T17:35:11.211838+00:00,34298,NEUTRAL,tracking,UNKNOWN,0.29520925433650047,0.18459502875922904,0.20215653722065674,INACTIVE,False,0.9999999996998288,3.001712001374306e-10,LEFT,0.9999999993996576,True,,NEUTRAL,True,True,True,False
REPLAY,Yaniv-LRJ(6)-4:7.csv,137.69538259506226,2026-04-24T17:35:11.218554+00:00,34323,NEUTRAL,tracking,UNKNOWN,0.314368067388643,0.14850952193525543,0.23891397729284627,INACTIVE,False,0.9999999883534282,1.1646571861710381e-08,LEFT,0.9999999767068564,True,,NEUTRAL,True,True,True,False
REPLAY,Yaniv-LRJ(6)-4:7.csv,137.7956793308258,2026-04-24T17:35:11.225701+00:00,34348,NEUTRAL,tracking,UNKNOWN,0.2765461374674818,0.09329762495743509,0.21839382987433292,INACTIVE,False,0.9999998706672217,1.293327782392665e-07,LEFT,0.9999997413344435,True,,NEUTRAL,True,True,True,False
REPLAY,Yaniv-LRJ(6)-4:7.csv,137.89597606658936,2026-04-24T17:35:11.232465+00:00,34373,NEUTRAL,tracking,UNKNOWN,0.30656738711834297,0.1286176124303533,0.2539977280385914,INACTIVE,False,0.9999997134189005,2.865810995529916e-07,LEFT,0.999999426837801,True,,NEUTRAL,True,True,True,False
REPLAY,Yaniv-LRJ(6)-4:7.csv,137.99226093292236,2026-04-24T17:35:11.239477+00:00,34397,NEUTRAL,tracking,UNKNOWN,0.29699243795408403,0.10927480902159105,0.2644016928852085,INACTIVE,False,0.9999998401747308,1.598252692243098e-07,LEFT,0.9999996803494615,True,,NEUTRAL,True,True,True,False
REPLAY,Yaniv-LRJ(6)-4:7.csv,138.0925576686859,2026-04-24T17:35:11.246071+00:00,34422,NEUTRAL,tracking,UNKNOWN,0.2909370335141259,0.12607424846248197,0.2298375311030056,INACTIVE,False,0.9999999705387963,2.946120367694814e-08,LEFT,0.9999999410775926,True,,NEUTRAL,True,True,True,False
REPLAY,Yaniv-LRJ(6)-4:7.csv,138.19285440444946,2026-04-24T17:35:11.256021+00:00,34447,LEFT,LEFT,UNKNOWN,0.2776205085002367,0.09408693265445904,0.21461569763470817,INACTIVE,False,0.9999999929821487,7.017851265864058e-09,LEFT,0.9999999859642974,True,,LEFT,True,True,True,False
REPLAY,Yaniv-LRJ(6)-4:7.csv,138.293151140213,2026-04-24T17:35:11.264883+00:00,34472,NEUTRAL,tracking,JAW,0.2892637835169326,0.09498789312541422,0.23336619390880758,INACTIVE,False,0.9999999958262095,4.1737905009826145e-09,LEFT,0.9999999916524189,True,,NEUTRAL,True,True,True,False
REPLAY,Yaniv-LRJ(6)-4:7.csv,138.39344787597656,2026-04-24T17:35:11.274927+00:00,34497,NEUTRAL,tracking,JAW,0.2613574593351543,0.10976390695603086,0.17579619266044147,INACTIVE,False,0.9999999967639204,3.236079574684869e-09,LEFT,0.9999999935278407,True,,NEUTRAL,True,True,True,False
REPLAY,Yaniv-LRJ(6)-4:7.csv,138.4937446117401,2026-04-24T17:35:11.283408+00:00,34522,NEUTRAL,tracking,JAW,0.2691888132919844,0.12668707663522805,0.20834250967494078,INACTIVE,False,0.9999999967472425,3.2527574715615784e-09,LEFT,0.999999993494485,True,,NEUTRAL,True,True,True,False
REPLAY,Yaniv-LRJ(6)-4:7.csv,138.59404134750366,2026-04-24T17:35:11.292784+00:00,34547,NEUTRAL,tracking,JAW,0.2766835813663747,0.11297627343151134,0.20503067802154545,INACTIVE,False,0.9999999939466466,6.05335334404493e-09,LEFT,0.9999999878932933,True,,NEUTRAL,True,True,True,False
REPLAY,Yaniv-LRJ(6)-4:7.csv,138.6943380832672,2026-04-24T17:35:11.304816+00:00,34572,NEUTRAL,tracking,JAW,0.5746341424924775,0.711767912234758,0.10636195610336634,ONSET,False,0.9999999801624284,1.983757155445265e-08,LEFT,0.9999999603248568,True,,NEUTRAL,True,True,True,False
REPLAY,Yaniv-LRJ(6)-4:7.csv,138.79463481903076,2026-04-24T17:35:11.313591+00:00,34597,CLICK,CLICK,JAW,0.9528424923624835,0.9873099218012615,0.009747257059180845,ONSET,False,0.9999999986558781,1.3441219761264022e-09,LEFT,0.9999999973117562,True,,NEUTRAL,True,True,True,False
REPLAY,Yaniv-LRJ(6)-4:7.csv,138.8949315547943,2026-04-24T17:35:11.322877+00:00,34622,NEUTRAL,tracking,JAW,0.9914666931307854,0.5564448068537083,0.4364831321488396,ONSET,False,1.0,9.969586403155057e-31,LEFT,1.0,True,,NEUTRAL,True,True,True,False
REPLAY,Yaniv-LRJ(6)-4:7.csv,138.99522829055786,2026-04-24T17:35:11.329768+00:00,34647,NEUTRAL,tracking,JAW,0.9756756467995854,9.600738237082477e-05,0.9839575803044213,ACTIVE,False,1.0,2.609281938812768e-122,LEFT,1.0,True,,NEUTRAL,True,True,True,False
REPLAY,Yaniv-LRJ(6)-4:7.csv,139.0955250263214,2026-04-24T17:35:11.339186+00:00,34672,LEFT,LEFT,JAW,0.9695978521889941,3.4548723473108e-05,0.9889260451173586,ACTIVE,False,1.0,0.0,LEFT,1.0,True,,LEFT,True,True,True,False
REPLAY,Yaniv-LRJ(6)-4:7.csv,139.19582176208496,2026-04-24T17:35:11.351101+00:00,34697,CLICK + HOLD | LEFT,CLICK + HOLD,JAW,0.9551821299775286,0.0003298419538287872,0.6305363082796132,ACTIVE,True,1.0,0.0,LEFT,1.0,True,,LEFT,True,True,True,False
REPLAY,Yaniv-LRJ(6)-4:7.csv,139.29210662841797,2026-04-24T17:35:11.362183+00:00,34721,CLICK + HOLD | LEFT,CLICK + HOLD,JAW,0.8872750821255768,6.388044345242157e-06,0.015742280164115857,OFFSET,True,1.0,0.0,LEFT,1.0,True,,LEFT,True,True,True,False
REPLAY,Yaniv-LRJ(6)-4:7.csv,139.39240336418152,2026-04-24T17:35:11.372525+00:00,34746,CLICK + HOLD,CLICK + HOLD,JAW,0.549317697904286,0.0019400439712746588,0.0211023883136965,OFFSET,True,1.0,0.0,LEFT,1.0,True,,NEUTRAL,True,True,True,False
REPLAY,Yaniv-LRJ(6)-4:7.csv,139.49270009994507,2026-04-24T17:35:11.381444+00:00,34771,CLICK + HOLD,CLICK + HOLD,JAW,0.38811642335677365,0.07196642792602045,0.18216087177577048,INACTIVE,True,1.0,0.0,LEFT,1.0,True,,NEUTRAL,True,True,True,False
REPLAY,Yaniv-LRJ(6)-4:7.csv,139.59299683570862,2026-04-24T17:35:11.388618+00:00,34796,NEUTRAL,tracking,JAW,0.3731812552210447,0.13320638541533872,0.2545390522419125,INACTIVE,False,1.0,1.5466641477590416e-224,LEFT,1.0,True,,NEUTRAL,True,True,True,False
REPLAY,Yaniv-LRJ(6)-4:7.csv,139.69329357147217,2026-04-24T17:35:11.397112+00:00,34821,NEUTRAL,tracking,JAW,0.33478330099689513,0.13816756381555598,0.2071039635444382,INACTIVE,False,1.0,8.194347059929713e-118,LEFT,1.0,True,,NEUTRAL,True,True,True,False
REPLAY,Yaniv-LRJ(6)-4:7.csv,139.79359030723572,2026-04-24T17:35:11.404098+00:00,34846,NEUTRAL,tracking,JAW,0.3159241167240372,0.1492930719780053,0.22331688444679154,INACTIVE,False,1.0,6.644402977813916e-60,LEFT,1.0,True,,NEUTRAL,True,True,True,False
REPLAY,Yaniv-LRJ(6)-4:7.csv,139.89388704299927,2026-04-24T17:35:11.410702+00:00,34871,NEUTRAL,tracking,UNKNOWN,0.3293388251931241,0.17579366930287083,0.24739507731037583,INACTIVE,False,1.0,5.9012121142453496e-27,LEFT,1.0,True,,NEUTRAL,True,True,True,False
REPLAY,Yaniv-LRJ(6)-4:7.csv,139.99418377876282,2026-04-24T17:35:11.418954+00:00,34896,NEUTRAL,tracking,UNKNOWN,0.2981141350233155,0.11987760547588355,0.2186436881359563,INACTIVE,False,0.9999999999990569,9.430842213074309e-13,LEFT,0.9999999999981137,True,,NEUTRAL,True,True,True,False
REPLAY,Yaniv-LRJ(6)-4:7.csv,140.09448051452637,2026-04-24T17:35:11.441095+00:00,34921,NEUTRAL,tracking,UNKNOWN,0.28865829263192155,0.09225737549968949,0.23186566261025626,INACTIVE,False,0.9999999986652619,1.33473808181212e-09,LEFT,0.9999999973305238,True,,NEUTRAL,True,True,True,False
REPLAY,Yaniv-LRJ(6)-4:7.csv,140.19477725028992,2026-04-24T17:35:11.448521+00:00,34946,NEUTRAL,tracking,UNKNOWN,0.28500737290960076,0.12147053344032573,0.21892554775733541,INACTIVE,False,0.9999999965042685,3.495731516692229e-09,LEFT,0.999999993008537,True,,NEUTRAL,True,True,True,False
REPLAY,Yaniv-LRJ(6)-4:7.csv,140.29507398605347,2026-04-24T17:35:11.456501+00:00,34971,NEUTRAL,tracking,UNKNOWN,0.2769623993181701,0.12276540600356135,0.21792146599257967,INACTIVE,False,0.9999999911051787,8.894821313301543e-09,LEFT,0.9999999822103574,True,,NEUTRAL,True,True,True,False
REPLAY,Yaniv-LRJ(6)-4:7.csv,140.39537072181702,2026-04-24T17:35:11.463864+00:00,34996,NEUTRAL,tracking,UNKNOWN,0.28294735143135563,0.1374488662761711,0.20367395982322056,INACTIVE,False,0.9999999574869012,4.2513098764944e-08,LEFT,0.9999999149738024,True,,NEUTRAL,True,True,True,False
REPLAY,Yaniv-LRJ(6)-4:7.csv,140.49566745758057,2026-04-24T17:35:11.471112+00:00,35021,NEUTRAL,tracking,UNKNOWN,0.3098160241961174,0.13298692512342455,0.2471819274686536,INACTIVE,False,0.9999997871685886,2.1283141133051124e-07,LEFT,0.9999995743371772,True,,NEUTRAL,True,True,True,False
REPLAY,Yaniv-LRJ(6)-4:7.csv,140.59596419334412,2026-04-24T17:35:11.478164+00:00,35046,NEUTRAL,tracking,UNKNOWN,0.3172129091861916,0.1535561760490021,0.23396425623639577,INACTIVE,False,0.9999987377233572,1.2622766427718655e-06,LEFT,0.9999974754467145,True,,NEUTRAL,True,True,True,False
REPLAY,Yaniv-LRJ(6)-4:7.csv,140.69224905967712,2026-04-24T17:35:11.485310+00:00,35070,NEUTRAL,tracking,UNKNOWN,0.29546906011961827,0.14265129864818865,0.23030194608866286,INACTIVE,False,0.9999927380688982,7.261931101822076e-06,LEFT,0.9999854761377964,True,,NEUTRAL,True,True,True,False
REPLAY,Yaniv-LRJ(6)-4:7.csv,140.79254579544067,2026-04-24T17:35:11.492284+00:00,35095,NEUTRAL,tracking,UNKNOWN,0.2925487568751457,0.15613208000556456,0.21536539506093538,INACTIVE,False,0.9999875296597732,1.2470340226731405e-05,LEFT,0.9999750593195464,True,,NEUTRAL,True,True,True,False
REPLAY,Yaniv-LRJ(6)-4:7.csv,140.89284253120422,2026-04-24T17:35:11.499247+00:00,35120,NEUTRAL,tracking,UNKNOWN,0.2955793953046202,0.13003901677313284,0.23963452399771737,INACTIVE,False,0.9999965955722763,3.4044277237071068e-06,LEFT,0.9999931911445525,True,,NEUTRAL,True,True,True,False
REPLAY,Yaniv-LRJ(6)-4:7.csv,140.99313926696777,2026-04-24T17:35:11.506236+00:00,35145,NEUTRAL,tracking,UNKNOWN,0.28704924446764957,0.10052238456906072,0.2638404230360929,INACTIVE,False,0.9999999110416047,8.895839536155896e-08,LEFT,0.9999998220832094,True,,NEUTRAL,True,True,True,False
REPLAY,Yaniv-LRJ(6)-4:7.csv,141.09343600273132,2026-04-24T17:35:11.512781+00:00,35170,NEUTRAL,tracking,UNKNOWN,0.3002648942460182,0.12450068243114909,0.24518687750171747,INACTIVE,False,0.999999999515388,4.846119876734829e-10,LEFT,0.999999999030776,True,,NEUTRAL,True,True,True,False
REPLAY,Yaniv-LRJ(6)-4:7.csv,141.19373273849487,2026-04-24T17:35:11.519601+00:00,35195,NEUTRAL,tracking,UNKNOWN,0.2759704157378805,0.13047322949722476,0.19627235801655674,INACTIVE,False,0.9999999999947159,5.284108968343772e-12,LEFT,0.9999999999894318,True,,NEUTRAL,True,True,True,False
REPLAY,Yaniv-LRJ(6)-4:7.csv,141.29402947425842,2026-04-24T17:35:11.526256+00:00,35220,NEUTRAL,tracking,UNKNOWN,0.28679895147748036,0.15547340652457298,0.22994248281061663,INACTIVE,False,0.9999999999991432,8.56813187094601e-13,LEFT,0.9999999999982865,True,,NEUTRAL,True,True,True,False
REPLAY,Yaniv-LRJ(6)-4:7.csv,141.39432621002197,2026-04-24T17:35:11.533374+00:00,35245,NEUTRAL,tracking,UNKNOWN,0.28406415017241016,0.15469874241524348,0.22691415583910796,INACTIVE,False,0.9999999999943847,5.615257386067308e-12,LEFT,0.9999999999887694,True,,NEUTRAL,True,True,True,False
REPLAY,Yaniv-LRJ(6)-4:7.csv,141.49462294578552,2026-04-24T17:35:11.540219+00:00,35270,NEUTRAL,tracking,UNKNOWN,0.30378639567345767,0.1304002346244631,0.24402673346969464,INACTIVE,False,0.9999999996820411,3.1795891720668583e-10,LEFT,0.9999999993640822,True,,NEUTRAL,True,True,True,False
REPLAY,Yaniv-LRJ(6)-4:7.csv,141.59491968154907,2026-04-24T17:35:11.546784+00:00,35295,NEUTRAL,tracking,UNKNOWN,0.3205002791955476,0.1533821682735689,0.26629201863268404,INACTIVE,False,0.9999999938299293,6.170070715296035e-09,LEFT,0.9999999876598586,True,,NEUTRAL,True,True,True,False
REPLAY,Yaniv-LRJ(6)-4:7.csv,141.69521641731262,2026-04-24T17:35:11.553741+00:00,35320,NEUTRAL,tracking,UNKNOWN,0.3052715841619502,0.13131796381999808,0.26453927107319386,INACTIVE,False,0.9999999961200775,3.879922446208105e-09,LEFT,0.999999992240155,True,,NEUTRAL,True,True,True,False
REPLAY,Yaniv-LRJ(6)-4:7.csv,141.79551315307617,2026-04-24T17:35:11.560695+00:00,35345,NEUTRAL,tracking,UNKNOWN,0.3030875502821613,0.1380358021169594,0.22620248507692464,INACTIVE,False,0.9999999997822137,2.177863893635622e-10,LEFT,0.9999999995644273,True,,NEUTRAL,True,True,True,False
REPLAY,Yaniv-LRJ(6)-4:7.csv,141.89580988883972,2026-04-24T17:35:11.567223+00:00,35370,NEUTRAL,tracking,UNKNOWN,0.28692073232541626,0.12775358722640753,0.22744893106304528,INACTIVE,False,0.9999999999725582,2.7441800378466243e-11,LEFT,0.9999999999451163,True,,NEUTRAL,True,True,True,False
REPLAY,Yaniv-LRJ(6)-4:7.csv,141.99209475517273,2026-04-24T17:35:11.574170+00:00,35394,NEUTRAL,tracking,UNKNOWN,0.2986350569561437,0.1417683330697003,0.22384864932091517,INACTIVE,False,0.9999999999265208,7.347920362479456e-11,LEFT,0.9999999998530416,True,,NEUTRAL,True,True,True,False
REPLAY,Yaniv-LRJ(6)-4:7.csv,142.09239149093628,2026-04-24T17:35:11.581222+00:00,35419,NEUTRAL,tracking,UNKNOWN,0.29734305689970864,0.15703182808614286,0.23652068657039815,INACTIVE,False,0.9999999963931476,3.606852365535125e-09,LEFT,0.9999999927862953,True,,NEUTRAL,True,True,True,False
REPLAY,Yaniv-LRJ(6)-4:7.csv,142.19268822669983,2026-04-24T17:35:11.588683+00:00,35444,NEUTRAL,tracking,UNKNOWN,0.3043798955897149,0.140681374901547,0.24509438617314944,INACTIVE,False,0.9999997360750055,2.639249945103644e-07,LEFT,0.999999472150011,True,,NEUTRAL,True,True,True,False
REPLAY,Yaniv-LRJ(6)-4:7.csv,142.29298496246338,2026-04-24T17:35:11.595394+00:00,35469,NEUTRAL,tracking,UNKNOWN,0.29318042658878285,0.12454674970865877,0.22241726108476834,INACTIVE,False,0.999997314680131,2.6853198690623407e-06,LEFT,0.999994629360262,True,,NEUTRAL,True,True,True,False
REPLAY,Yaniv-LRJ(6)-4:7.csv,142.39328169822693,2026-04-24T17:35:11.602178+00:00,35494,NEUTRAL,tracking,UNKNOWN,0.27490445868017355,0.12938936737608958,0.20283643745520996,INACTIVE,False,0.9999982960794911,1.70392050885762e-06,LEFT,0.9999965921589822,True,,NEUTRAL,True,True,True,False
REPLAY,Yaniv-LRJ(6)-4:7.csv,142.49357843399048,2026-04-24T17:35:11.608981+00:00,35519,NEUTRAL,tracking,UNKNOWN,0.291937260348445,0.12616332779450828,0.21426405461952702,INACTIVE,False,0.9999996882735976,3.117264023932617e-07,LEFT,0.9999993765471953,True,,NEUTRAL,True,True,True,False
REPLAY,Yaniv-LRJ(6)-4:7.csv,142.59387516975403,2026-04-24T17:35:11.615921+00:00,35544,NEUTRAL,tracking,UNKNOWN,0.281160459931578,0.13471250282005445,0.221869307542528,INACTIVE,False,0.9999999076868666,9.231313334002234e-08,LEFT,0.9999998153737333,True,,NEUTRAL,True,True,True,False
REPLAY,Yaniv-LRJ(6)-4:7.csv,142.69417190551758,2026-04-24T17:35:11.622677+00:00,35569,NEUTRAL,tracking,UNKNOWN,0.27232130877727845,0.09603041121644287,0.21989771261632204,INACTIVE,False,0.999999866852905,1.3314709500622696e-07,LEFT,0.99999973370581,True,,NEUTRAL,True,True,True,False
REPLAY,Yaniv-LRJ(6)-4:7.csv,142.79446864128113,2026-04-24T17:35:11.629391+00:00,35594,NEUTRAL,tracking,UNKNOWN,0.292293091450219,0.12249507861527974,0.2320631048108846,INACTIVE,False,0.9999997485808196,2.514191803798473e-07,LEFT,0.9999994971616393,True,,NEUTRAL,True,True,True,False
REPLAY,Yaniv-LRJ(6)-4:7.csv,142.89476537704468,2026-04-24T17:35:11.636413+00:00,35619,NEUTRAL,tracking,UNKNOWN,0.2914024389867961,0.0974331356373557,0.23315034970849793,INACTIVE,False,0.9999998870387178,1.1296128219431713e-07,LEFT,0.9999997740774356,True,,NEUTRAL,True,True,True,False
REPLAY,Yaniv-LRJ(6)-4:7.csv,142.99506211280823,2026-04-24T17:35:11.643233+00:00,35644,NEUTRAL,tracking,UNKNOWN,0.2930705854212129,0.0985390364926493,0.26747022059712056,INACTIVE,False,0.9999999994944234,5.055765735012497e-10,LEFT,0.9999999989888468,True,,NEUTRAL,True,True,True,False
REPLAY,Yaniv-LRJ(6)-4:7.csv,143.09535884857178,2026-04-24T17:35:11.652928+00:00,35669,NEUTRAL,tracking,UNKNOWN,0.2674702845131498,0.07372637575324423,0.22371529805294899,INACTIVE,False,0.9999999999987027,1.297286618893214e-12,LEFT,0.9999999999974054,True,,NEUTRAL,True,True,True,False
REPLAY,Yaniv-LRJ(6)-4:7.csv,143.19565558433533,2026-04-24T17:35:11.661833+00:00,35694,NEUTRAL,tracking,UNKNOWN,0.2915327941616759,0.10250165003385431,0.2040055601240357,INACTIVE,False,0.9999999999884684,1.1531514963893742e-11,LEFT,0.9999999999769369,True,,NEUTRAL,True,True,True,False
REPLAY,Yaniv-LRJ(6)-4:7.csv,143.29595232009888,2026-04-24T17:35:11.669117+00:00,35719,NEUTRAL,tracking,UNKNOWN,0.29418860795017787,0.1319615270509086,0.23330849396202097,INACTIVE,False,0.9999992107201807,7.892798193232534e-07,LEFT,0.9999984214403614,True,,NEUTRAL,True,True,True,False
REPLAY,Yaniv-LRJ(6)-4:7.csv,143.39223718643188,2026-04-24T17:35:11.675865+00:00,35743,NEUTRAL,tracking,UNKNOWN,0.2986879738112691,0.15613638947759412,0.23830994462520627,INACTIVE,False,0.9779125977912858,0.02208740220871417,LEFT,0.9558251955825716,True,,NEUTRAL,True,True,True,False
REPLAY,Yaniv-LRJ(6)-4:7.csv,143.49253392219543,2026-04-24T17:35:11.683017+00:00,35768,NEUTRAL,tracking,UNKNOWN,0.2884313423349715,0.11035781779074509,0.23600769401945612,INACTIVE,False,0.90726704825199,0.09273295174801002,LEFT,0.81453409650398,True,,NEUTRAL,True,True,True,False
REPLAY,Yaniv-LRJ(6)-4:7.csv,143.59283065795898,2026-04-24T17:35:11.690270+00:00,35793,NEUTRAL,tracking,UNKNOWN,0.2823963268214513,0.10335936244373838,0.23662063930950367,INACTIVE,False,0.9999151328912206,8.486710877937068e-05,LEFT,0.9998302657824412,True,,NEUTRAL,True,True,True,False
REPLAY,Yaniv-LRJ(6)-4:7.csv,143.69312739372253,2026-04-24T17:35:11.697133+00:00,35818,NEUTRAL,tracking,UNKNOWN,0.2915315663776147,0.14347384029784596,0.22874587540020908,INACTIVE,False,0.9999999234231355,7.657686453845296e-08,LEFT,0.999999846846271,True,,NEUTRAL,True,True,True,False
REPLAY,Yaniv-LRJ(6)-4:7.csv,143.79342412948608,2026-04-24T17:35:11.704002+00:00,35843,NEUTRAL,tracking,UNKNOWN,0.33585063175808794,0.1829059167999581,0.24132230237209265,INACTIVE,False,0.9999999789652915,2.1034708572067354e-08,LEFT,0.9999999579305829,True,,NEUTRAL,True,True,True,False
REPLAY,Yaniv-LRJ(6)-4:7.csv,143.89372086524963,2026-04-24T17:35:11.710500+00:00,35868,NEUTRAL,tracking,JAW,0.3920149368483393,0.2577429629199637,0.2652186054308275,INACTIVE,False,0.9999999250945095,7.490549044715441e-08,LEFT,0.999999850189019,True,,NEUTRAL,True,True,True,False
REPLAY,Yaniv-LRJ(6)-4:7.csv,143.99401760101318,2026-04-24T17:35:11.717000+00:00,35893,NEUTRAL,tracking,JAW,0.47784331649025436,0.32819051535069216,0.29429358678846773,ONSET,False,0.9999999860634577,1.3936542220228517e-08,LEFT,0.9999999721269155,True,,NEUTRAL,True,True,True,False
REPLAY,Yaniv-LRJ(6)-4:7.csv,144.09431433677673,2026-04-24T17:35:11.724103+00:00,35918,CLICK,CLICK,JAW,0.9513901001597235,0.977317641257713,0.018808979928253613,ONSET,False,0.9999999999979329,2.067078456646258e-12,LEFT,0.9999999999958658,True,,NEUTRAL,True,True,True,False
REPLAY,Yaniv-LRJ(6)-4:7.csv,144.19461107254028,2026-04-24T17:35:11.733562+00:00,35943,NEUTRAL,tracking,JAW,0.9857959565528917,0.5579537095052014,0.4351235754561016,ONSET,False,1.0,6.917222493758572e-36,LEFT,1.0,True,,NEUTRAL,True,True,True,False
REPLAY,Yaniv-LRJ(6)-4:7.csv,144.29490780830383,2026-04-24T17:35:11.740873+00:00,35968,NEUTRAL,tracking,JAW,0.9834431165435604,0.0005654271782139783,0.9814060982291343,ACTIVE,False,1.0,2.7914499348030594e-147,LEFT,1.0,True,,NEUTRAL,True,True,True,False
REPLAY,Yaniv-LRJ(6)-4:7.csv,144.39520454406738,2026-04-24T17:35:11.747973+00:00,35993,NEUTRAL,tracking,JAW,0.9790316449905672,6.729847855808284e-05,0.9603956132039418,ACTIVE,False,1.0,0.0,LEFT,1.0,True,,NEUTRAL,True,True,True,False
REPLAY,Yaniv-LRJ(6)-4:7.csv,144.49550127983093,2026-04-24T17:35:11.755114+00:00,36018,CLICK + HOLD,CLICK + HOLD,JAW,0.9655355617816479,1.5930510908133942e-06,0.08177607582845635,OFFSET,True,1.0,0.0,LEFT,1.0,True,,NEUTRAL,True,True,True,False
REPLAY,Yaniv-LRJ(6)-4:7.csv,144.59579801559448,2026-04-24T17:35:11.766743+00:00,36043,CLICK + HOLD | LEFT,CLICK + HOLD,JAW,0.850679557762105,0.0001861224998940769,0.014121095754939535,OFFSET,True,1.0,0.0,LEFT,1.0,True,,LEFT,True,True,True,False
REPLAY,Yaniv-LRJ(6)-4:7.csv,144.6920828819275,2026-04-24T17:35:11.776469+00:00,36067,CLICK + HOLD,CLICK + HOLD,JAW,0.5250595369141692,0.00957956711809964,0.07268597808211483,OFFSET,True,1.0,0.0,LEFT,1.0,True,,NEUTRAL,True,True,True,False
REPLAY,Yaniv-LRJ(6)-4:7.csv,144.79237961769104,2026-04-24T17:35:11.783568+00:00,36092,CLICK + HOLD,CLICK + HOLD,JAW,0.5233641582525171,0.11879787528024109,0.27857088671467906,OFFSET,True,1.0,0.0,LEFT,1.0,True,,NEUTRAL,True,True,True,False
REPLAY,Yaniv-LRJ(6)-4:7.csv,144.8926763534546,2026-04-24T17:35:11.790677+00:00,36117,CLICK + HOLD,CLICK + HOLD,JAW,0.5463472846337916,0.26480337431096795,0.34246303932225736,ACTIVE,True,1.0,1.7399048224734502e-129,LEFT,1.0,True,,NEUTRAL,True,True,True,False
REPLAY,Yaniv-LRJ(6)-4:7.csv,144.99297308921814,2026-04-24T17:35:11.797739+00:00,36142,CLICK + HOLD,CLICK + HOLD,JAW,0.6589961734046473,0.4512976545568663,0.34262599850841957,ONSET,True,1.0,6.23416077688952e-59,LEFT,1.0,True,,NEUTRAL,True,True,True,False
REPLAY,Yaniv-LRJ(6)-4:7.csv,145.0932698249817,2026-04-24T17:35:11.825172+00:00,36167,CLICK + HOLD,CLICK + HOLD,JAW,0.9707684009201546,0.9357049790919422,0.06168216613091011,ONSET,True,1.0,4.848387091755111e-41,LEFT,1.0,True,,NEUTRAL,True,True,True,False
REPLAY,Yaniv-LRJ(6)-4:7.csv,145.19356656074524,2026-04-24T17:35:11.834253+00:00,36192,CLICK + HOLD,CLICK + HOLD,JAW,0.9971278380300813,0.001932555110561252,0.9975633521692272,ACTIVE,True,1.0,7.579792904218213e-63,LEFT,1.0,True,,NEUTRAL,True,True,True,False
REPLAY,Yaniv-LRJ(6)-4:7.csv,145.2938632965088,2026-04-24T17:35:11.841148+00:00,36217,CLICK + HOLD,CLICK + HOLD,JAW,0.9897258198036252,5.107333139166671e-07,0.9624320361979569,ACTIVE,True,1.0,1.4358433448507447e-169,LEFT,1.0,True,,NEUTRAL,True,True,True,False
REPLAY,Yaniv-LRJ(6)-4:7.csv,145.39416003227234,2026-04-24T17:35:11.851171+00:00,36242,CLICK + HOLD | LEFT,CLICK + HOLD,JAW,0.9305203772682793,1.1744557603137704e-06,0.028840973621459775,OFFSET,True,1.0,0.0,LEFT,1.0,True,,LEFT,True,True,True,False
REPLAY,Yaniv-LRJ(6)-4:7.csv,145.4944567680359,2026-04-24T17:35:11.862714+00:00,36267,CLICK + HOLD | LEFT,CLICK + HOLD,JAW,0.6383783665528274,0.00020674260837069675,0.0188967023956135,OFFSET,True,1.0,0.0,LEFT,1.0,True,,LEFT,True,True,True,False
REPLAY,Yaniv-LRJ(6)-4:7.csv,145.59475350379944,2026-04-24T17:35:11.871912+00:00,36292,CLICK + HOLD,CLICK + HOLD,JAW,0.47989306334942927,0.020612500217116633,0.10244435869263438,OFFSET,True,1.0,0.0,LEFT,1.0,True,,NEUTRAL,True,True,True,False
REPLAY,Yaniv-LRJ(6)-4:7.csv,145.695050239563,2026-04-24T17:35:11.878798+00:00,36317,NEUTRAL,tracking,JAW,0.4873830313168577,0.1685148182206254,0.2750761780551161,OFFSET,False,1.0,3.5485354313016683e-296,LEFT,1.0,True,,NEUTRAL,True,True,True,False
REPLAY,Yaniv-LRJ(6)-4:7.csv,145.79534697532654,2026-04-24T17:35:11.887868+00:00,36342,NEUTRAL,tracking,JAW,0.5011702973884247,0.19543592427842496,0.2986159005899019,OFFSET,False,1.0,5.401561075767588e-151,LEFT,1.0,True,,NEUTRAL,True,True,True,False
REPLAY,Yaniv-LRJ(6)-4:7.csv,145.8956437110901,2026-04-24T17:35:11.894879+00:00,36367,NEUTRAL,tracking,JAW,0.5424076508191178,0.2706681098353901,0.344823895833441,ACTIVE,False,1.0,4.232996253371301e-69,LEFT,1.0,True,,NEUTRAL,True,True,True,False
REPLAY,Yaniv-LRJ(6)-4:7.csv,145.99594044685364,2026-04-24T17:35:11.902044+00:00,36392,NEUTRAL,tracking,UNKNOWN,0.44857687262666346,0.2042783063753128,0.32362559773783833,ACTIVE,False,1.0,9.748689503249582e-39,LEFT,1.0,True,,NEUTRAL,True,True,True,False
REPLAY,Yaniv-LRJ(6)-4:7.csv,146.09222531318665,2026-04-24T17:35:11.908768+00:00,36416,NEUTRAL,tracking,UNKNOWN,0.3934952968498914,0.1381573248528911,0.2921270572703747,INACTIVE,False,1.0,5.907217861203988e-27,LEFT,1.0,True,,NEUTRAL,True,True,True,False
REPLAY,Yaniv-LRJ(6)-4:7.csv,146.1925220489502,2026-04-24T17:35:11.916175+00:00,36441,NEUTRAL,tracking,UNKNOWN,0.40735259739256346,0.1889285120969562,0.3039037340609559,INACTIVE,False,1.0,8.482114818891596e-23,LEFT,1.0,True,,NEUTRAL,True,True,True,False
REPLAY,Yaniv-LRJ(6)-4:7.csv,146.29281878471375,2026-04-24T17:35:11.923644+00:00,36466,NEUTRAL,tracking,UNKNOWN,0.4000030887123819,0.22815957301979295,0.27264409194456973,INACTIVE,False,1.0,1.1800978364308501e-20,LEFT,1.0,True,,NEUTRAL,True,True,True,False
REPLAY,Yaniv-LRJ(6)-4:7.csv,146.3931155204773,2026-04-24T17:35:11.930395+00:00,36491,NEUTRAL,tracking,UNKNOWN,0.35498440641868567,0.1611303704587033,0.23826137731238275,INACTIVE,False,1.0,1.6300573426935842e-18,LEFT,1.0,True,,NEUTRAL,True,True,True,False
REPLAY,Yaniv-LRJ(6)-4:7.csv,146.49341225624084,2026-04-24T17:35:11.937323+00:00,36516,NEUTRAL,tracking,UNKNOWN,0.4075955593225221,0.20831478886666388,0.30945688365767204,INACTIVE,False,0.9999999999999996,3.9838982224499823e-16,LEFT,0.9999999999999991,True,,NEUTRAL,True,True,True,False
REPLAY,Yaniv-LRJ(6)-4:7.csv,146.5937089920044,2026-04-24T17:35:11.944044+00:00,36541,NEUTRAL,tracking,UNKNOWN,0.4005079574469528,0.16755987457485708,0.3230554492162763,INACTIVE,False,0.9999999999999026,9.735387665249853e-14,LEFT,0.9999999999998053,True,,NEUTRAL,True,True,True,False
REPLAY,Yaniv-LRJ(6)-4:7.csv,146.69400572776794,2026-04-24T17:35:11.950624+00:00,36566,NEUTRAL,tracking,UNKNOWN,0.3766873216324167,0.10635008618483947,0.24353748904950762,INACTIVE,False,0.9999999999983222,1.6777565467600666e-12,LEFT,0.9999999999966445,True,,NEUTRAL,True,True,True,False
REPLAY,Yaniv-LRJ(6)-4:7.csv,146.7943024635315,2026-04-24T17:35:11.957527+00:00,36591,NEUTRAL,tracking,UNKNOWN,0.3990136459256928,0.23153782223212416,0.2589902490511975,INACTIVE,False,0.99999999999986,1.3999379488317889e-13,LEFT,0.99999999999972,True,,NEUTRAL,True,True,True,False
REPLAY,Yaniv-LRJ(6)-4:7.csv,146.89459919929504,2026-04-24T17:35:11.964240+00:00,36616,NEUTRAL,tracking,UNKNOWN,0.41652022858954496,0.2503645908179328,0.27578430824825406,ACTIVE,False,0.9999999999999997,3.3746117883215824e-16,LEFT,0.9999999999999993,True,,NEUTRAL,True,True,True,False
REPLAY,Yaniv-LRJ(6)-4:7.csv,146.9948959350586,2026-04-24T17:35:11.970810+00:00,36641,NEUTRAL,tracking,UNKNOWN,0.3990688816673069,0.15400292469901217,0.29826051457535985,INACTIVE,False,1.0,9.808737937729593e-19,LEFT,1.0,True,,NEUTRAL,True,True,True,False
REPLAY,Yaniv-LRJ(6)-4:7.csv,147.09519267082214,2026-04-24T17:35:11.978170+00:00,36666,NEUTRAL,tracking,UNKNOWN,0.36964460725748227,0.14182758039090743,0.24860241180692363,INACTIVE,False,1.0,6.690310541204128e-20,LEFT,1.0,True,,NEUTRAL,True,True,True,False
REPLAY,Yaniv-LRJ(6)-4:7.csv,147.1954894065857,2026-04-24T17:35:11.984939+00:00,36691,NEUTRAL,tracking,UNKNOWN,0.3360940330603568,0.16518105111907583,0.23811094993534968,INACTIVE,False,1.0,1.3670123298606823e-19,LEFT,1.0,True,,NEUTRAL,True,True,True,False
REPLAY,Yaniv-LRJ(6)-4:7.csv,147.29578614234924,2026-04-24T17:35:11.991802+00:00,36716,NEUTRAL,tracking,UNKNOWN,0.3996496576636931,0.22101499068472005,0.3056876469885619,INACTIVE,False,1.0,2.096692692362529e-18,LEFT,1.0,True,,NEUTRAL,True,True,True,False
REPLAY,Yaniv-LRJ(6)-4:7.csv,147.39207100868225,2026-04-24T17:35:11.998369+00:00,36740,NEUTRAL,tracking,UNKNOWN,0.38109559897862555,0.16940241639136217,0.3007522534240067,INACTIVE,False,1.0,2.9894034094835555e-17,LEFT,1.0,True,,NEUTRAL,True,True,True,False
REPLAY,Yaniv-LRJ(6)-4:7.csv,147.4923677444458,2026-04-24T17:35:12.005437+00:00,36765,NEUTRAL,tracking,UNKNOWN,0.37869199806645126,0.1371085640505984,0.30324683683042786,INACTIVE,False,0.9999999999999998,2.382581796988988e-16,LEFT,0.9999999999999996,True,,NEUTRAL,True,True,True,False
REPLAY,Yaniv-LRJ(6)-4:7.csv,147.59266448020935,2026-04-24T17:35:12.012977+00:00,36790,NEUTRAL,tracking,UNKNOWN,0.33265442919805643,0.10576034756002942,0.2962145888192223,INACTIVE,False,0.9999999999999979,2.141251803089024e-15,LEFT,0.9999999999999958,True,,NEUTRAL,True,True,True,False
REPLAY,Yaniv-LRJ(6)-4:7.csv,147.6929612159729,2026-04-24T17:35:12.019741+00:00,36815,NEUTRAL,tracking,UNKNOWN,0.34525887462229,0.13706625498690053,0.28633433466738717,INACTIVE,False,0.9999999999999551,4.489164001252595e-14,LEFT,0.9999999999999103,True,,NEUTRAL,True,True,True,False
REPLAY,Yaniv-LRJ(6)-4:7.csv,147.79325795173645,2026-04-24T17:35:12.027358+00:00,36840,NEUTRAL,tracking,UNKNOWN,0.4030240084981108,0.18676435961847396,0.3311305084365287,INACTIVE,False,0.9999999999981477,1.8522834984643544e-12,LEFT,0.9999999999962954,True,,NEUTRAL,True,True,True,False
REPLAY,Yaniv-LRJ(6)-4:7.csv,147.8935546875,2026-04-24T17:35:12.034264+00:00,36865,NEUTRAL,tracking,UNKNOWN,0.36512706227353997,0.1846941462824699,0.2915022223707854,INACTIVE,False,0.9999999999795255,2.047454315890778e-11,LEFT,0.999999999959051,True,,NEUTRAL,True,True,True,False
REPLAY,Yaniv-LRJ(6)-4:7.csv,147.99385142326355,2026-04-24T17:35:12.041219+00:00,36890,NEUTRAL,tracking,UNKNOWN,0.33423358966585803,0.15054090093199915,0.2624821455441919,INACTIVE,False,0.999999999993171,6.829019075767657e-12,LEFT,0.999999999986342,True,,NEUTRAL,True,True,True,False
REPLAY,Yaniv-LRJ(6)-4:7.csv,148.0941481590271,2026-04-24T17:35:12.047914+00:00,36915,NEUTRAL,tracking,UNKNOWN,0.31106617452564367,0.1264558320106522,0.2590723100087379,INACTIVE,False,0.9999999999998471,1.528707880992403e-13,LEFT,0.9999999999996942,True,,NEUTRAL,True,True,True,False
REPLAY,Yaniv-LRJ(6)-4:7.csv,148.19444489479065,2026-04-24T17:35:12.054889+00:00,36940,NEUTRAL,tracking,UNKNOWN,0.30916777411804175,0.14212689153083513,0.23739160387312225,INACTIVE,False,0.9999999999999946,5.420879641123424e-15,LEFT,0.9999999999999891,True,,NEUTRAL,True,True,True,False
REPLAY,Yaniv-LRJ(6)-4:7.csv,148.2947416305542,2026-04-24T17:35:12.061620+00:00,36965,NEUTRAL,tracking,UNKNOWN,0.2954215349665724,0.15185246371911287,0.24149065622933985,INACTIVE,False,0.9999999999999929,7.110410060210914e-15,LEFT,0.9999999999999858,True,,NEUTRAL,True,True,True,False
REPLAY,Yaniv-LRJ(6)-4:7.csv,148.39503836631775,2026-04-24T17:35:12.068773+00:00,36990,NEUTRAL,tracking,UNKNOWN,0.33404831285342873,0.15444883968187725,0.2791777421658264,INACTIVE,False,0.9999999999997646,2.3539684758743933e-13,LEFT,0.9999999999995293,True,,NEUTRAL,True,True,True,False
REPLAY,Yaniv-LRJ(6)-4:7.csv,148.4953351020813,2026-04-24T17:35:12.076020+00:00,37015,NEUTRAL,tracking,UNKNOWN,0.32494986201533416,0.13424283104824863,0.2876035171920486,INACTIVE,False,0.9999999999913373,8.66271997886566e-12,LEFT,0.9999999999826745,True,,NEUTRAL,True,True,True,False
REPLAY,Yaniv-LRJ(6)-4:7.csv,148.59563183784485,2026-04-24T17:35:12.082646+00:00,37040,NEUTRAL,tracking,UNKNOWN,0.35093741038735016,0.1534693070860098,0.2842886203928018,INACTIVE,False,0.9999999999568722,4.312783155677884e-11,LEFT,0.9999999999137443,True,,NEUTRAL,True,True,True,False
REPLAY,Yaniv-LRJ(6)-4:7.csv,148.6959285736084,2026-04-24T17:35:12.089711+00:00,37065,NEUTRAL,tracking,UNKNOWN,0.3670286767933134,0.1831780825471312,0.3064281917800712,INACTIVE,False,0.9999999999458968,5.410313197778694e-11,LEFT,0.9999999998917937,True,,NEUTRAL,True,True,True,False
REPLAY,Yaniv-LRJ(6)-4:7.csv,148.7922134399414,2026-04-24T17:35:12.096237+00:00,37089,NEUTRAL,tracking,UNKNOWN,0.34461273282461957,0.14031424440638762,0.2942238087410774,INACTIVE,False,0.9999999999355724,6.442759539248398e-11,LEFT,0.9999999998711449,True,,NEUTRAL,True,True,True,False
REPLAY,Yaniv-LRJ(6)-4:7.csv,148.89251017570496,2026-04-24T17:35:12.103350+00:00,37114,NEUTRAL,tracking,UNKNOWN,0.36199078250105376,0.16012952204374895,0.2787282724916328,INACTIVE,False,0.9999999999854251,1.4574924815910542e-11,LEFT,0.9999999999708502,True,,NEUTRAL,True,True,True,False
REPLAY,Yaniv-LRJ(6)-4:7.csv,148.9928069114685,2026-04-24T17:35:12.109989+00:00,37139,NEUTRAL,tracking,UNKNOWN,0.35282652597772524,0.19740040832099934,0.27306352417848007,INACTIVE,False,0.9999999999996207,3.7929648675501774e-13,LEFT,0.9999999999992415,True,,NEUTRAL,True,True,True,False
REPLAY,Yaniv-LRJ(6)-4:7.csv,149.09310364723206,2026-04-24T17:35:12.117278+00:00,37164,NEUTRAL,tracking,UNKNOWN,0.3320519655876478,0.13944285232672277,0.27343814781329073,INACTIVE,False,0.9999999999999822,1.773158222985345e-14,LEFT,0.9999999999999645,True,,NEUTRAL,True,True,True,False
REPLAY,Yaniv-LRJ(6)-4:7.csv,149.1934003829956,2026-04-24T17:35:12.124259+00:00,37189,NEUTRAL,tracking,UNKNOWN,0.3131393758909434,0.13595830150483623,0.23235879026135098,INACTIVE,False,0.9999999999999848,1.5208328717631603e-14,LEFT,0.9999999999999696,True,,NEUTRAL,True,True,True,False
REPLAY,Yaniv-LRJ(6)-4:7.csv,149.29369711875916,2026-04-24T17:35:12.130912+00:00,37214,NEUTRAL,tracking,UNKNOWN,0.34141523001552443,0.17311315155788423,0.2504772898943179,INACTIVE,False,0.9999999999998257,1.7430769206660642e-13,LEFT,0.9999999999996514,True,,NEUTRAL,True,True,True,False
REPLAY,Yaniv-LRJ(6)-4:7.csv,149.3939938545227,2026-04-24T17:35:12.137866+00:00,37239,NEUTRAL,tracking,UNKNOWN,0.365599688552104,0.17252831355414233,0.3046596542809651,INACTIVE,False,0.9999999999974035,2.596532584541734e-12,LEFT,0.999999999994807,True,,NEUTRAL,True,True,True,False
REPLAY,Yaniv-LRJ(6)-4:7.csv,149.49429059028625,2026-04-24T17:35:12.144516+00:00,37264,NEUTRAL,tracking,JAW,0.3543775514522044,0.14508744892829034,0.24884920746729833,INACTIVE,False,0.9999999999787046,2.129541316518606e-11,LEFT,0.9999999999574092,True,,NEUTRAL,True,True,True,False
REPLAY,Yaniv-LRJ(6)-4:7.csv,149.5945873260498,2026-04-24T17:35:12.151664+00:00,37289,NEUTRAL,tracking,JAW,0.33738144544282245,0.12458902959431241,0.2435076103063623,INACTIVE,False,0.9999999992715028,7.284972017605043e-10,LEFT,0.9999999985430057,True,,NEUTRAL,True,True,True,False
REPLAY,Yaniv-LRJ(6)-4:7.csv,149.69488406181335,2026-04-24T17:35:12.158714+00:00,37314,NEUTRAL,tracking,JAW,0.2970596846310043,0.13848663381681736,0.21754277824727133,INACTIVE,False,0.9999981131287662,1.886871233864351e-06,LEFT,0.9999962262575324,True,,NEUTRAL,True,True,True,False
REPLAY,Yaniv-LRJ(6)-4:7.csv,149.7951807975769,2026-04-24T17:35:12.165406+00:00,37339,NEUTRAL,tracking,JAW,0.33469364779190725,0.15557833932284532,0.25385504155586475,INACTIVE,False,0.943554930912879,0.05644506908712097,LEFT,0.887109861825758,True,,NEUTRAL,True,True,True,False
REPLAY,Yaniv-LRJ(6)-4:7.csv,149.89547753334045,2026-04-24T17:35:12.172356+00:00,37364,NEUTRAL,tracking,JAW,0.30471144974587416,0.13163067444802862,0.23165607559270013,INACTIVE,False,0.061840347559377395,0.9381596524406226,RIGHT,0.8763193048812452,True,,NEUTRAL,True,True,True,False
REPLAY,Yaniv-LRJ(6)-4:7.csv,149.995774269104,2026-04-24T17:35:12.179014+00:00,37389,NEUTRAL,tracking,JAW,0.37046526558099646,0.18621661304715645,0.2825497461107979,INACTIVE,False,0.9369638948065115,0.06303610519348843,LEFT,0.8739277896130231,True,,NEUTRAL,True,True,True,False
REPLAY,Yaniv-LRJ(6)-4:7.csv,150.092059135437,2026-04-24T17:35:12.204008+00:00,37413,NEUTRAL,tracking,JAW,0.5432973648341237,0.474247067913558,0.23048508776994647,ONSET,False,0.9999997511321064,2.4886789361562594e-07,LEFT,0.9999995022642127,True,,NEUTRAL,True,True,True,False
REPLAY,Yaniv-LRJ(6)-4:7.csv,150.19235587120056,2026-04-24T17:35:12.213637+00:00,37438,CLICK,CLICK,JAW,0.963056325475666,0.8772505415780996,0.11801193407658428,ONSET,False,0.999999999999679,3.2094127253879706e-13,LEFT,0.9999999999993581,True,,NEUTRAL,True,True,True,False
REPLAY,Yaniv-LRJ(6)-4:7.csv,150.2926526069641,2026-04-24T17:35:12.224802+00:00,37463,NEUTRAL,tracking,JAW,0.9836784414762142,0.0015567524114374228,0.994715600246803,ACTIVE,False,1.0,4.96729240363324e-19,LEFT,1.0,True,,NEUTRAL,True,True,True,False
REPLAY,Yaniv-LRJ(6)-4:7.csv,150.39294934272766,2026-04-24T17:35:12.231861+00:00,37488,NEUTRAL,tracking,JAW,0.9673515174497992,4.1392437766076664e-05,0.36490798680563996,OFFSET,False,1.0,5.452587426709237e-34,LEFT,1.0,True,,NEUTRAL,True,True,True,False
REPLAY,Yaniv-LRJ(6)-4:7.csv,150.4932460784912,2026-04-24T17:35:12.241508+00:00,37513,LEFT,LEFT,JAW,0.8435042955843598,0.00019289801926699617,0.026214361496155712,OFFSET,False,1.0,4.804673253434061e-63,LEFT,1.0,True,,LEFT,True,True,True,False
REPLAY,Yaniv-LRJ(6)-4:7.csv,150.59354281425476,2026-04-24T17:35:12.250767+00:00,37538,LEFT,LEFT,JAW,0.46738680604971783,0.003162514365789766,0.03089294387109311,OFFSET,False,1.0,3.947953235330764e-96,LEFT,1.0,True,,LEFT,True,True,True,False
REPLAY,Yaniv-LRJ(6)-4:7.csv,150.6938395500183,2026-04-24T17:35:12.257890+00:00,37563,LEFT,LEFT,JAW,0.4473394419885274,0.15788183386041021,0.2660759468365187,INACTIVE,False,1.0,9.374905856417718e-113,LEFT,1.0,True,,LEFT,True,True,True,False
REPLAY,Yaniv-LRJ(6)-4:7.csv,150.79413628578186,2026-04-24T17:35:12.264857+00:00,37588,NEUTRAL,tracking,JAW,0.5964018119684755,0.4097793659462154,0.3190405709770787,ONSET,False,1.0,8.176325399394999e-101,LEFT,1.0,True,,NEUTRAL,True,True,True,False
REPLAY,Yaniv-LRJ(6)-4:7.csv,150.8944330215454,2026-04-24T17:35:12.271884+00:00,37613,CLICK,CLICK,JAW,0.8595193606793399,0.9044999848036375,0.07666020285156921,ONSET,False,1.0,9.750408973832662e-70,LEFT,1.0,True,,NEUTRAL,True,True,True,False
REPLAY,Yaniv-LRJ(6)-4:7.csv,150.99472975730896,2026-04-24T17:35:12.280669+00:00,37638,NEUTRAL,tracking,JAW,0.9247275254659479,0.2974313674912791,0.6085535043950878,ACTIVE,False,1.0,1.0432528823288764e-41,LEFT,1.0,True,,NEUTRAL,True,True,True,False
REPLAY,Yaniv-LRJ(6)-4:7.csv,151.0950264930725,2026-04-24T17:35:12.287915+00:00,37663,NEUTRAL,tracking,JAW,0.9763103323210166,0.004273326272163734,0.9888003383938452,ACTIVE,False,1.0,1.6524793533826743e-49,LEFT,1.0,True,,NEUTRAL,True,True,True,False
REPLAY,Yaniv-LRJ(6)-4:7.csv,151.19532322883606,2026-04-24T17:35:12.295140+00:00,37688,NEUTRAL,tracking,JAW,0.9429147099324842,5.851746953693604e-05,0.37822575349132886,OFFSET,False,1.0,6.414929468818717e-126,LEFT,1.0,True,,NEUTRAL,True,True,True,False
REPLAY,Yaniv-LRJ(6)-4:7.csv,151.2956199645996,2026-04-24T17:35:12.305221+00:00,37713,LEFT,LEFT,JAW,0.6809770314826735,5.396621666412895e-05,0.006625035646090852,OFFSET,False,1.0,8.573808308604885e-252,LEFT,1.0,True,,LEFT,True,True,True,False
REPLAY,Yaniv-LRJ(6)-4:7.csv,151.39591670036316,2026-04-24T17:35:12.314099+00:00,37738,LEFT,LEFT,JAW,0.47690183310512313,0.023534475463828013,0.100667416205961,OFFSET,False,1.0,0.0,LEFT,1.0,True,,LEFT,True,True,True,False
REPLAY,Yaniv-LRJ(6)-4:7.csv,151.49220156669617,2026-04-24T17:35:12.321577+00:00,37762,NEUTRAL,tracking,JAW,0.5466990669727471,0.32839804887687574,0.3410118171972313,ACTIVE,False,1.0,0.0,LEFT,1.0,True,,NEUTRAL,True,True,True,False
REPLAY,Yaniv-LRJ(6)-4:7.csv,151.59249830245972,2026-04-24T17:35:12.329111+00:00,37787,CLICK,CLICK,JAW,0.9555034152009226,0.9233389979939989,0.05432510539120071,ONSET,False,1.0,2.531032082065227e-253,LEFT,1.0,True,,NEUTRAL,True,True,True,False
REPLAY,Yaniv-LRJ(6)-4:7.csv,151.69279503822327,2026-04-24T17:35:12.338708+00:00,37812,NEUTRAL,tracking,JAW,0.9930231855300775,0.9863066672134033,0.013152653168276372,ONSET,False,1.0,1.073102884717541e-140,LEFT,1.0,True,,NEUTRAL,True,True,True,False
REPLAY,Yaniv-LRJ(6)-4:7.csv,151.79309177398682,2026-04-24T17:35:12.345957+00:00,37837,NEUTRAL,tracking,JAW,0.9901815398210598,0.00026684780033401,0.9439956295317242,ACTIVE,False,1.0,2.888248296569839e-86,LEFT,1.0,True,,NEUTRAL,True,True,True,False
REPLAY,Yaniv-LRJ(6)-4:7.csv,151.89338850975037,2026-04-24T17:35:12.353441+00:00,37862,NEUTRAL,tracking,JAW,0.8860908423823934,3.026433378399297e-06,0.04231887042737159,OFFSET,False,1.0,8.001691723858556e-123,LEFT,1.0,True,,NEUTRAL,True,True,True,False
REPLAY,Yaniv-LRJ(6)-4:7.csv,151.99368524551392,2026-04-24T17:35:12.360429+00:00,37887,NEUTRAL,tracking,JAW,0.5310999039446742,0.00014301251137217302,0.009885388036401255,OFFSET,False,1.0,3.555241921691003e-219,LEFT,1.0,True,,NEUTRAL,True,True,True,False
REPLAY,Yaniv-LRJ(6)-4:7.csv,152.09398198127747,2026-04-24T17:35:12.367532+00:00,37912,NEUTRAL,tracking,JAW,0.4131493625933479,0.028725450517818357,0.1220862016374245,INACTIVE,False,1.0,3.974545189920584e-297,LEFT,1.0,True,,NEUTRAL,True,True,True,False
REPLAY,Yaniv-LRJ(6)-4:7.csv,152.19427871704102,2026-04-24T17:35:12.374768+00:00,37937,NEUTRAL,tracking,JAW,0.4723092120263862,0.1856115167822084,0.35830415449793007,ACTIVE,False,1.0,2.1786710473138562e-285,LEFT,1.0,True,,NEUTRAL,True,True,True,False
REPLAY,Yaniv-LRJ(6)-4:7.csv,152.29457545280457,2026-04-24T17:35:12.381541+00:00,37962,NEUTRAL,tracking,JAW,0.4386513556561559,0.18166264066177365,0.3296240080960196,ACTIVE,False,1.0,2.7704826972081957e-193,LEFT,1.0,True,,NEUTRAL,True,True,True,False
REPLAY,Yaniv-LRJ(6)-4:7.csv,152.39487218856812,2026-04-24T17:35:12.388281+00:00,37987,NEUTRAL,tracking,UNKNOWN,0.4370242652249612,0.16674060534680046,0.31409365698600966,ACTIVE,False,1.0,4.583605194966077e-93,LEFT,1.0,True,,NEUTRAL,True,True,True,False
REPLAY,Yaniv-LRJ(6)-4:7.csv,152.49516892433167,2026-04-24T17:35:12.394795+00:00,38012,NEUTRAL,tracking,UNKNOWN,0.42205502584467847,0.1470675867086819,0.3056562569641021,ACTIVE,False,1.0,1.1186491133941986e-37,LEFT,1.0,True,,NEUTRAL,True,True,True,False
REPLAY,Yaniv-LRJ(6)-4:7.csv,152.59546566009521,2026-04-24T17:35:12.401443+00:00,38037,NEUTRAL,tracking,UNKNOWN,0.3866325246638428,0.16979848226556743,0.2595328318146924,INACTIVE,False,1.0,1.3168719252504097e-19,LEFT,1.0,True,,NEUTRAL,True,True,True,False
REPLAY,Yaniv-LRJ(6)-4:7.csv,152.69576239585876,2026-04-24T17:35:12.407945+00:00,38062,NEUTRAL,tracking,UNKNOWN,0.3938595473757809,0.20542444808628876,0.29183029217665624,INACTIVE,False,0.9999999999996294,3.7061395042790707e-13,LEFT,0.9999999999992588,True,,NEUTRAL,True,True,True,False
REPLAY,Yaniv-LRJ(6)-4:7.csv,152.79204726219177,2026-04-24T17:35:12.414423+00:00,38086,NEUTRAL,tracking,UNKNOWN,0.3824623505854703,0.18688062744809064,0.30148501923055054,INACTIVE,False,0.9999999999331146,6.688537297455811e-11,LEFT,0.9999999998662292,True,,NEUTRAL,True,True,True,False
REPLAY,Yaniv-LRJ(6)-4:7.csv,152.89234399795532,2026-04-24T17:35:12.421136+00:00,38111,NEUTRAL,tracking,UNKNOWN,0.36919792938375917,0.12032473522940311,0.26659233262164617,INACTIVE,False,0.9999999999406355,5.936454265377607e-11,LEFT,0.999999999881271,True,,NEUTRAL,True,True,True,False
REPLAY,Yaniv-LRJ(6)-4:7.csv,152.99264073371887,2026-04-24T17:35:12.427599+00:00,38136,NEUTRAL,tracking,UNKNOWN,0.3489110958738876,0.14590274147422722,0.23568488438729668,INACTIVE,False,0.9999999999976596,2.340380954609358e-12,LEFT,0.9999999999953193,True,,NEUTRAL,True,True,True,False
REPLAY,Yaniv-LRJ(6)-4:7.csv,153.09293746948242,2026-04-24T17:35:12.434014+00:00,38161,NEUTRAL,tracking,UNKNOWN,0.4051543737911806,0.21886563334744452,0.28831969390670464,INACTIVE,False,0.9999999999997969,2.0300622356954227e-13,LEFT,0.9999999999995939,True,,NEUTRAL,True,True,True,False
REPLAY,Yaniv-LRJ(6)-4:7.csv,153.19323420524597,2026-04-24T17:35:12.440749+00:00,38186,NEUTRAL,tracking,UNKNOWN,0.3658681335008943,0.18494393342895998,0.27818105487156286,INACTIVE,False,0.9999999999992427,7.573068582089184e-13,LEFT,0.9999999999984854,True,,NEUTRAL,True,True,True,False
REPLAY,Yaniv-LRJ(6)-4:7.csv,153.29353094100952,2026-04-24T17:35:12.447326+00:00,38211,NEUTRAL,tracking,UNKNOWN,0.36977956057827643,0.1899745027949567,0.25787913084663466,INACTIVE,False,0.9999999999164682,8.353185510541665e-11,LEFT,0.9999999998329363,True,,NEUTRAL,True,True,True,False
REPLAY,Yaniv-LRJ(6)-4:7.csv,153.39382767677307,2026-04-24T17:35:12.454604+00:00,38236,NEUTRAL,tracking,UNKNOWN,0.3499910025824323,0.1931257355959469,0.22502694229253345,INACTIVE,False,0.9999999877972274,1.2202772534714243e-08,LEFT,0.9999999755944549,True,,NEUTRAL,True,True,True,False
REPLAY,Yaniv-LRJ(6)-4:7.csv,153.49412441253662,2026-04-24T17:35:12.461594+00:00,38261,NEUTRAL,tracking,UNKNOWN,0.322688245893185,0.1368204721799365,0.2268328475822124,INACTIVE,False,0.9999999525606063,4.743939371975645e-08,LEFT,0.9999999051212125,True,,NEUTRAL,True,True,True,False
REPLAY,Yaniv-LRJ(6)-4:7.csv,153.59442114830017,2026-04-24T17:35:12.468893+00:00,38286,NEUTRAL,tracking,UNKNOWN,0.3544782518226536,0.19901354244205893,0.26230498007334563,INACTIVE,False,0.9999999964418396,3.5581603835645922e-09,LEFT,0.9999999928836791,True,,NEUTRAL,True,True,True,False
REPLAY,Yaniv-LRJ(6)-4:7.csv,153.69471788406372,2026-04-24T17:35:12.476107+00:00,38311,NEUTRAL,tracking,UNKNOWN,0.34685274031897306,0.1823269974450312,0.2570380295738954,INACTIVE,False,0.9999999999516586,4.8341448281278477e-11,LEFT,0.9999999999033171,True,,NEUTRAL,True,True,True,False
REPLAY,Yaniv-LRJ(6)-4:7.csv,153.79501461982727,2026-04-24T17:35:12.482784+00:00,38336,NEUTRAL,tracking,UNKNOWN,0.36697105129407936,0.16891632279416796,0.27047659075562863,INACTIVE,False,0.9999999999963894,3.6106041394427782e-12,LEFT,0.9999999999927789,True,,NEUTRAL,True,True,True,False
REPLAY,Yaniv-LRJ(6)-4:7.csv,153.89531135559082,2026-04-24T17:35:12.489772+00:00,38361,NEUTRAL,tracking,UNKNOWN,0.3289889377255947,0.12401735944215667,0.23748083205532292,INACTIVE,False,0.9999999999980026,1.9974321926283707e-12,LEFT,0.9999999999960052,True,,NEUTRAL,True,True,True,False
REPLAY,Yaniv-LRJ(6)-4:7.csv,153.99560809135437,2026-04-24T17:35:12.496650+00:00,38386,NEUTRAL,tracking,UNKNOWN,0.30711774897263744,0.12465771408336147,0.22671996399202257,INACTIVE,False,0.9999999999994504,5.495972318603021e-13,LEFT,0.9999999999989009,True,,NEUTRAL,True,True,True,False
REPLAY,Yaniv-LRJ(6)-4:7.csv,154.09590482711792,2026-04-24T17:35:12.504101+00:00,38411,NEUTRAL,tracking,UNKNOWN,0.3177467628172387,0.11962482983046288,0.25910166231007803,INACTIVE,False,0.9999999999999575,4.250074111721869e-14,LEFT,0.999999999999915,True,,NEUTRAL,True,True,True,False
REPLAY,Yaniv-LRJ(6)-4:7.csv,154.19218969345093,2026-04-24T17:35:12.511089+00:00,38435,NEUTRAL,tracking,UNKNOWN,0.3309004969923153,0.14546801741151905,0.27010148114664995,INACTIVE,False,0.9999999999999741,2.5831448927024317e-14,LEFT,0.9999999999999483,True,,NEUTRAL,True,True,True,False
REPLAY,Yaniv-LRJ(6)-4:7.csv,154.29248642921448,2026-04-24T17:35:12.517785+00:00,38460,NEUTRAL,tracking,UNKNOWN,0.31431832950147043,0.14498037122138,0.24539237421210763,INACTIVE,False,0.9999999999992691,7.309123737403777e-13,LEFT,0.9999999999985383,True,,NEUTRAL,True,True,True,False
REPLAY,Yaniv-LRJ(6)-4:7.csv,154.39278316497803,2026-04-24T17:35:12.524616+00:00,38485,NEUTRAL,tracking,UNKNOWN,0.32055436266821513,0.14781702164617094,0.24936011987478984,INACTIVE,False,0.9999999992544807,7.455192716474568e-10,LEFT,0.9999999985089614,True,,NEUTRAL,True,True,True,False
REPLAY,Yaniv-LRJ(6)-4:7.csv,154.49307990074158,2026-04-24T17:35:12.531731+00:00,38510,NEUTRAL,tracking,UNKNOWN,0.2993416609110241,0.12342125340620173,0.22179638918591496,INACTIVE,False,0.999996157822536,3.842177463953143e-06,LEFT,0.9999923156450721,True,,NEUTRAL,True,True,True,False
REPLAY,Yaniv-LRJ(6)-4:7.csv,154.59337663650513,2026-04-24T17:35:12.538877+00:00,38535,NEUTRAL,tracking,UNKNOWN,0.28699461468626575,0.15353329629848045,0.2140263093388079,INACTIVE,False,0.9974921153977863,0.0025078846022137252,LEFT,0.9949842307955725,True,,NEUTRAL,True,True,True,False
REPLAY,Yaniv-LRJ(6)-4:7.csv,154.69367337226868,2026-04-24T17:35:12.546288+00:00,38560,NEUTRAL,tracking,UNKNOWN,0.34857273831200786,0.1729749633230422,0.26442831476016365,INACTIVE,False,0.9822439508824312,0.017756049117568815,LEFT,0.9644879017648624,True,,NEUTRAL,True,True,True,False
REPLAY,Yaniv-LRJ(6)-4:7.csv,154.79397010803223,2026-04-24T17:35:12.553393+00:00,38585,NEUTRAL,tracking,UNKNOWN,0.3495691112069207,0.18942959742154272,0.24360655198400147,INACTIVE,False,0.9990525474235593,0.000947452576440738,LEFT,0.9981050948471186,True,,NEUTRAL,True,True,True,False
REPLAY,Yaniv-LRJ(6)-4:7.csv,154.89426684379578,2026-04-24T17:35:12.560437+00:00,38610,NEUTRAL,tracking,UNKNOWN,0.330908738972193,0.12117372328237479,0.23999338034572223,INACTIVE,False,0.9999948699038753,5.1300961247294505e-06,LEFT,0.9999897398077506,True,,NEUTRAL,True,True,True,False
REPLAY,Yaniv-LRJ(6)-4:7.csv,154.99456357955933,2026-04-24T17:35:12.567505+00:00,38635,NEUTRAL,tracking,UNKNOWN,0.32116489692944883,0.12819909373223795,0.2190002972704384,INACTIVE,False,0.9999999620173391,3.798266085148245e-08,LEFT,0.9999999240346782,True,,NEUTRAL,True,True,True,False
REPLAY,Yaniv-LRJ(6)-4:7.csv,155.09486031532288,2026-04-24T17:35:12.594100+00:00,38660,NEUTRAL,tracking,UNKNOWN,0.3375619185388635,0.16590205815915643,0.2664907972770978,INACTIVE,False,0.9999999979505659,2.04943402028698e-09,LEFT,0.9999999959011319,True,,NEUTRAL,True,True,True,False
REPLAY,Yaniv-LRJ(6)-4:7.csv,155.19515705108643,2026-04-24T17:35:12.602160+00:00,38685,NEUTRAL,tracking,UNKNOWN,0.358981103498375,0.17901631266184415,0.28590785349202474,INACTIVE,False,0.9999999994577952,5.422048108750429e-10,LEFT,0.9999999989155903,True,,NEUTRAL,True,True,True,False
REPLAY,Yaniv-LRJ(6)-4:7.csv,155.29545378684998,2026-04-24T17:35:12.609978+00:00,38710,NEUTRAL,tracking,UNKNOWN,0.43568707471781587,0.3133926516875137,0.2822764950436368,ONSET,False,0.9999999990737296,9.262704102358646e-10,LEFT,0.9999999981474592,True,,NEUTRAL,True,True,True,False
REPLAY,Yaniv-LRJ(6)-4:7.csv,155.39575052261353,2026-04-24T17:35:12.617344+00:00,38735,NEUTRAL,tracking,UNKNOWN,0.44591418971314745,0.1983160898149705,0.3250395001685477,ACTIVE,False,0.9999999990213533,9.786466969069356e-10,LEFT,0.9999999980427066,True,,NEUTRAL,True,True,True,False
REPLAY,Yaniv-LRJ(6)-4:7.csv,155.49203538894653,2026-04-24T17:35:12.624458+00:00,38759,NEUTRAL,tracking,UNKNOWN,0.4263649232513248,0.180542780867128,0.36230693841920947,ACTIVE,False,0.9999999999413045,5.869551866599024e-11,LEFT,0.999999999882609,True,,NEUTRAL,True,True,True,False
REPLAY,Yaniv-LRJ(6)-4:7.csv,155.59233212471008,2026-04-24T17:35:12.631621+00:00,38784,NEUTRAL,tracking,UNKNOWN,0.4520033845725788,0.16304453493398208,0.41904842559747985,ACTIVE,False,0.9999999999999141,8.593216577126243e-14,LEFT,0.9999999999998281,True,,NEUTRAL,True,True,True,False
REPLAY,Yaniv-LRJ(6)-4:7.csv,155.69262886047363,2026-04-24T17:35:12.638702+00:00,38809,NEUTRAL,tracking,UNKNOWN,0.4436981474127001,0.11238593861530702,0.36397074003873836,ACTIVE,False,0.9999999999999999,8.886597507021217e-17,LEFT,0.9999999999999998,True,,NEUTRAL,True,True,True,False
REPLAY,Yaniv-LRJ(6)-4:7.csv,155.79292559623718,2026-04-24T17:35:12.645469+00:00,38834,CLICK + HOLD,CLICK + HOLD,UNKNOWN,0.4507776269154379,0.15883961314805886,0.41430819961609316,ACTIVE,True,1.0,5.716925052226305e-18,LEFT,1.0,True,,NEUTRAL,True,True,True,False
REPLAY,Yaniv-LRJ(6)-4:7.csv,155.89322233200073,2026-04-24T17:35:12.654738+00:00,38859,CLICK + HOLD,CLICK + HOLD,UNKNOWN,0.4234081145600038,0.14725059640338142,0.3173980609955939,ACTIVE,True,1.0,5.359920763150785e-17,LEFT,1.0,True,,NEUTRAL,True,True,True,False
REPLAY,Yaniv-LRJ(6)-4:7.csv,155.99351906776428,2026-04-24T17:35:12.661832+00:00,38884,CLICK + HOLD,CLICK + HOLD,UNKNOWN,0.40909330635208296,0.17224115038246973,0.2938997650450789,INACTIVE,True,0.9999999999999982,1.7422848591877802e-15,LEFT,0.9999999999999964,True,,NEUTRAL,True,True,True,False
REPLAY,Yaniv-LRJ(6)-4:7.csv,156.09381580352783,2026-04-24T17:35:12.668814+00:00,38909,CLICK + HOLD,CLICK + HOLD,UNKNOWN,0.3740168547807752,0.14394156353835294,0.27048811830806113,INACTIVE,True,0.9999999999999823,1.76863142569569e-14,LEFT,0.9999999999999647,True,,NEUTRAL,True,True,True,False
REPLAY,Yaniv-LRJ(6)-4:7.csv,156.19411253929138,2026-04-24T17:35:12.675631+00:00,38934,NEUTRAL,tracking,UNKNOWN,0.3680721157535788,0.20111531701459812,0.2647402115172561,INACTIVE,False,0.9999999999998419,1.581503943475978e-13,LEFT,0.9999999999996838,True,,NEUTRAL,True,True,True,False
REPLAY,Yaniv-LRJ(6)-4:7.csv,156.29440927505493,2026-04-24T17:35:12.685086+00:00,38959,NEUTRAL,tracking,UNKNOWN,0.4351623518503738,0.28372469999299743,0.3001337058443288,ACTIVE,False,0.9999999999989623,1.0376758697059551e-12,LEFT,0.9999999999979245,True,,NEUTRAL,True,True,True,False
REPLAY,Yaniv-LRJ(6)-4:7.csv,156.39470601081848,2026-04-24T17:35:12.692204+00:00,38984,NEUTRAL,tracking,UNKNOWN,0.4250808237917435,0.2352421107813426,0.3365606940806182,ACTIVE,False,0.9999999999996249,3.751397244619491e-13,LEFT,0.9999999999992497,True,,NEUTRAL,True,True,True,False
REPLAY,Yaniv-LRJ(6)-4:7.csv,156.49500274658203,2026-04-24T17:35:12.699085+00:00,39009,NEUTRAL,tracking,JAW,0.4301402221501167,0.16951450603800014,0.34296949257128884,ACTIVE,False,0.9999999999999942,5.821549573267005e-15,LEFT,0.9999999999999885,True,,NEUTRAL,True,True,True,False
REPLAY,Yaniv-LRJ(6)-4:7.csv,156.59529948234558,2026-04-24T17:35:12.706248+00:00,39034,NEUTRAL,tracking,JAW,0.40989813293817756,0.1648611476054351,0.320683654116081,INACTIVE,False,0.9999999999999998,2.530995109471424e-16,LEFT,0.9999999999999996,True,,NEUTRAL,True,True,True,False
REPLAY,Yaniv-LRJ(6)-4:7.csv,156.69559621810913,2026-04-24T17:35:12.713141+00:00,39059,NEUTRAL,tracking,JAW,0.41791978534821606,0.20740334928383206,0.3143121651872113,ACTIVE,False,0.9999999999999944,5.519036032926945e-15,LEFT,0.9999999999999889,True,,NEUTRAL,True,True,True,False
REPLAY,Yaniv-LRJ(6)-4:7.csv,156.79589295387268,2026-04-24T17:35:12.720117+00:00,39084,NEUTRAL,tracking,JAW,0.4911089152654774,0.20274372806528007,0.41822667733417,ACTIVE,False,0.9999999999423512,5.764880010345161e-11,LEFT,0.9999999998847025,True,,NEUTRAL,True,True,True,False
REPLAY,Yaniv-LRJ(6)-4:7.csv,156.8921778202057,2026-04-24T17:35:12.727142+00:00,39108,NEUTRAL,tracking,JAW,0.4644667233045201,0.1593577425595162,0.40083623277927005,ACTIVE,False,0.9999987021695962,1.2978304038073433e-06,LEFT,0.9999974043391924,True,,NEUTRAL,True,True,True,False
REPLAY,Yaniv-LRJ(6)-4:7.csv,156.99247455596924,2026-04-24T17:35:12.734475+00:00,39133,NEUTRAL,tracking,JAW,0.47838040634808443,0.11748993085113281,0.38131563698040716,ACTIVE,False,0.9997958543411558,0.00020414565884420687,LEFT,0.9995917086823116,True,,NEUTRAL,True,True,True,False
REPLAY,Yaniv-LRJ(6)-4:7.csv,157.0927712917328,2026-04-24T17:35:12.741451+00:00,39158,NEUTRAL,tracking,JAW,0.40117693341465566,0.10972835401459571,0.34038570167670057,INACTIVE,False,0.9999725859068992,2.7414093100778628e-05,LEFT,0.9999451718137984,True,,NEUTRAL,True,True,True,False
REPLAY,Yaniv-LRJ(6)-4:7.csv,157.19306802749634,2026-04-24T17:35:12.748298+00:00,39183,NEUTRAL,tracking,JAW,0.45428783649979476,0.1686850122781187,0.3575825257711817,ACTIVE,False,0.999999960192491,3.9807508915183375e-08,LEFT,0.9999999203849821,True,,NEUTRAL,True,True,True,False
REPLAY,Yaniv-LRJ(6)-4:7.csv,157.2933647632599,2026-04-24T17:35:12.755079+00:00,39208,CLICK,CLICK,JAW,0.6564247374003065,0.5732604205852293,0.18693608816262763,ONSET,False,0.9999999998970217,1.0297831650145206e-10,LEFT,0.9999999997940434,True,,NEUTRAL,True,True,True,False
REPLAY,Yaniv-LRJ(6)-4:7.csv,157.39366149902344,2026-04-24T17:35:12.763989+00:00,39233,NEUTRAL,tracking,JAW,0.9795381291475739,0.8193024857528887,0.17302969695987205,ONSET,False,1.0,4.0110610286128054e-17,LEFT,1.0,True,,NEUTRAL,True,True,True,False
REPLAY,Yaniv-LRJ(6)-4:7.csv,157.493958234787,2026-04-24T17:35:12.771026+00:00,39258,NEUTRAL,tracking,JAW,0.9893328375324506,0.00028667913860582064,0.9991289395551944,ACTIVE,False,1.0,1.1943975195270508e-83,LEFT,1.0,True,,NEUTRAL,True,True,True,False
REPLAY,Yaniv-LRJ(6)-4:7.csv,157.59425497055054,2026-04-24T17:35:12.778631+00:00,39283,NEUTRAL,tracking,JAW,0.9902867802335901,4.585673678181973e-06,0.991767482701271,ACTIVE,False,1.0,0.0,LEFT,1.0,True,,NEUTRAL,True,True,True,False
REPLAY,Yaniv-LRJ(6)-4:7.csv,157.6945517063141,2026-04-24T17:35:12.788731+00:00,39308,CLICK + HOLD | LEFT,CLICK + HOLD,JAW,0.9161991528817905,8.545219991618435e-07,0.008181455175323094,OFFSET,True,1.0,0.0,LEFT,1.0,True,,LEFT,True,True,True,False
REPLAY,Yaniv-LRJ(6)-4:7.csv,157.79484844207764,2026-04-24T17:35:12.799604+00:00,39333,CLICK + HOLD | LEFT,CLICK + HOLD,JAW,0.5542446771480952,4.0040526714787945e-05,0.002594284466450209,OFFSET,True,1.0,0.0,LEFT,1.0,True,,LEFT,True,True,True,False
REPLAY,Yaniv-LRJ(6)-4:7.csv,157.8951451778412,2026-04-24T17:35:12.806639+00:00,39358,CLICK + HOLD,CLICK + HOLD,JAW,0.44361073299412535,0.04753669845126509,0.1881628092366573,INACTIVE,True,1.0,0.0,LEFT,1.0,True,,NEUTRAL,True,True,True,False
REPLAY,Yaniv-LRJ(6)-4:7.csv,157.99544191360474,2026-04-24T17:35:12.813626+00:00,39383,CLICK + HOLD,CLICK + HOLD,JAW,0.43852679994809707,0.10584884811670917,0.3358121235061314,ACTIVE,True,1.0,0.0,LEFT,1.0,True,,NEUTRAL,True,True,True,False
REPLAY,Yaniv-LRJ(6)-4:7.csv,158.0957386493683,2026-04-24T17:35:12.820423+00:00,39408,CLICK + HOLD,CLICK + HOLD,JAW,0.5993409133934575,0.33879324933317545,0.35207206500717103,ACTIVE,True,1.0,0.0,LEFT,1.0,True,,NEUTRAL,True,True,True,False
REPLAY,Yaniv-LRJ(6)-4:7.csv,158.1920235157013,2026-04-24T17:35:12.827452+00:00,39432,CLICK + HOLD,CLICK + HOLD,JAW,0.9802491699671949,0.941143021957276,0.0567434421986009,ONSET,True,1.0,1.1374606944774772e-154,LEFT,1.0,True,,NEUTRAL,True,True,True,False
REPLAY,Yaniv-LRJ(6)-4:7.csv,158.29232025146484,2026-04-24T17:35:12.834297+00:00,39457,CLICK + HOLD,CLICK + HOLD,JAW,0.9868939242904367,0.025357608869601894,0.9652568974683547,ACTIVE,True,1.0,3.2276835646726734e-79,LEFT,1.0,True,,NEUTRAL,True,True,True,False
REPLAY,Yaniv-LRJ(6)-4:7.csv,158.3926169872284,2026-04-24T17:35:12.841781+00:00,39482,CLICK + HOLD,CLICK + HOLD,JAW,0.9560544265306535,3.507280841961867e-05,0.9486148463655495,ACTIVE,True,1.0,4.882126839258099e-106,LEFT,1.0,True,,NEUTRAL,True,True,True,False
REPLAY,Yaniv-LRJ(6)-4:7.csv,158.49291372299194,2026-04-24T17:35:12.851125+00:00,39507,CLICK + HOLD | LEFT,CLICK + HOLD,JAW,0.8730911573159046,6.694418445260368e-05,0.07548638677181528,OFFSET,True,1.0,1.6243152835436184e-235,LEFT,1.0,True,,LEFT,True,True,True,False
REPLAY,Yaniv-LRJ(6)-4:7.csv,158.5932104587555,2026-04-24T17:35:12.859737+00:00,39532,CLICK + HOLD | LEFT,CLICK + HOLD,JAW,0.6889506407335764,0.0035829260028513066,0.04297634769984779,OFFSET,True,1.0,0.0,LEFT,1.0,True,,LEFT,True,True,True,False
REPLAY,Yaniv-LRJ(6)-4:7.csv,158.69350719451904,2026-04-24T17:35:12.866940+00:00,39557,CLICK + HOLD | LEFT,CLICK + HOLD,JAW,0.50757119432989,0.038877706961522825,0.1867348991906192,OFFSET,True,1.0,0.0,LEFT,1.0,True,,LEFT,True,True,True,False
REPLAY,Yaniv-LRJ(6)-4:7.csv,158.7938039302826,2026-04-24T17:35:12.874143+00:00,39582,CLICK + HOLD,CLICK + HOLD,JAW,0.480834847190145,0.0991442394549323,0.30435433147686364,ACTIVE,True,1.0,0.0,LEFT,1.0,True,,NEUTRAL,True,True,True,False
REPLAY,Yaniv-LRJ(6)-4:7.csv,158.89410066604614,2026-04-24T17:35:12.881075+00:00,39607,CLICK + HOLD,CLICK + HOLD,JAW,0.4956829251412246,0.17534251182867436,0.389780631473866,ACTIVE,True,1.0,1.7271432397190193e-198,LEFT,1.0,True,,NEUTRAL,True,True,True,False
REPLAY,Yaniv-LRJ(6)-4:7.csv,158.9943974018097,2026-04-24T17:35:12.891126+00:00,39632,CLICK + HOLD,CLICK + HOLD,JAW,0.5619950092233243,0.3270756003286576,0.3453066248150286,ACTIVE,True,1.0,1.959777318029306e-93,LEFT,1.0,True,,NEUTRAL,True,True,True,False
REPLAY,Yaniv-LRJ(6)-4:7.csv,159.09469413757324,2026-04-24T17:35:12.900420+00:00,39657,CLICK + HOLD,CLICK + HOLD,JAW,0.9480775400206182,0.9092956136775497,0.08563963572876952,ONSET,True,1.0,5.352107983692761e-47,LEFT,1.0,True,,NEUTRAL,True,True,True,False
REPLAY,Yaniv-LRJ(6)-4:7.csv,159.1949908733368,2026-04-24T17:35:12.907422+00:00,39682,CLICK + HOLD,CLICK + HOLD,JAW,0.9829374816584564,0.0210543362000287,0.9721681058481152,ACTIVE,True,1.0,8.038261695592504e-31,LEFT,1.0,True,,NEUTRAL,True,True,True,False
REPLAY,Yaniv-LRJ(6)-4:7.csv,159.29528760910034,2026-04-24T17:35:12.914634+00:00,39707,CLICK + HOLD,CLICK + HOLD,JAW,0.9589468080521975,1.3795874966148284e-05,0.43843866732749476,OFFSET,True,1.0,7.980373626946216e-30,LEFT,1.0,True,,NEUTRAL,True,True,True,False
REPLAY,Yaniv-LRJ(6)-4:7.csv,159.3955843448639,2026-04-24T17:35:12.925070+00:00,39732,CLICK + HOLD | LEFT,CLICK + HOLD,JAW,0.7615905551115452,0.00010191605596654901,0.01793500716782644,OFFSET,True,1.0,3.7571132835626076e-33,LEFT,1.0,True,,LEFT,True,True,True,False
REPLAY,Yaniv-LRJ(6)-4:7.csv,159.49588108062744,2026-04-24T17:35:12.934741+00:00,39757,CLICK + HOLD | LEFT,CLICK + HOLD,JAW,0.5888357382855156,0.0043611517035605655,0.06813574231893656,OFFSET,True,1.0,1.2000150995431224e-30,LEFT,1.0,True,,LEFT,True,True,True,False
REPLAY,Yaniv-LRJ(6)-4:7.csv,159.59216594696045,2026-04-24T17:35:12.941701+00:00,39781,CLICK + HOLD,CLICK + HOLD,JAW,0.4794519033302955,0.14958618351193256,0.2220050300377788,OFFSET,True,1.0,4.0714790025609247e-22,LEFT,1.0,True,,NEUTRAL,True,True,True,False
REPLAY,Yaniv-LRJ(6)-4:7.csv,159.692462682724,2026-04-24T17:35:12.949211+00:00,39806,CLICK + HOLD,CLICK + HOLD,JAW,0.5449629641432183,0.22299676786054298,0.4043053710031986,ACTIVE,True,0.9999999999124096,8.75903830468657e-11,LEFT,0.9999999998248192,True,,NEUTRAL,True,True,True,False
REPLAY,Yaniv-LRJ(6)-4:7.csv,159.79275941848755,2026-04-24T17:35:12.956976+00:00,39831,CLICK + HOLD,CLICK + HOLD,JAW,0.5386357720179258,0.23191894059678694,0.4056889152979688,ACTIVE,True,0.9937984673320184,0.006201532667981619,LEFT,0.9875969346640368,True,,NEUTRAL,True,True,True,False
REPLAY,Yaniv-LRJ(6)-4:7.csv,159.8930561542511,2026-04-24T17:35:12.964542+00:00,39856,CLICK + HOLD,CLICK + HOLD,JAW,0.7111544237306439,0.3529987502491185,0.4575181392780418,ACTIVE,True,0.9513621037726994,0.04863789622730061,LEFT,0.9027242075453987,True,,NEUTRAL,True,True,True,False
REPLAY,Yaniv-LRJ(6)-4:7.csv,159.99335289001465,2026-04-24T17:35:12.971718+00:00,39881,CLICK + HOLD,CLICK + HOLD,JAW,0.9419136308320981,0.7678049128120322,0.2021566271576105,ONSET,True,0.9999983851828897,1.6148171102323708e-06,LEFT,0.9999967703657795,True,,NEUTRAL,True,True,True,False
REPLAY,Yaniv-LRJ(6)-4:7.csv,160.0936496257782,2026-04-24T17:35:12.997372+00:00,39906,CLICK + HOLD,CLICK + HOLD,JAW,0.974259372427357,0.0017849021715450083,0.9935223868372314,ACTIVE,True,0.9999999999963166,3.683388035034762e-12,LEFT,0.9999999999926332,True,,NEUTRAL,True,True,True,False
REPLAY,Yaniv-LRJ(6)-4:7.csv,160.19394636154175,2026-04-24T17:35:13.004629+00:00,39931,CLICK + HOLD,CLICK + HOLD,JAW,0.9150254781152372,7.094544362737582e-05,0.7809372778763627,ACTIVE,True,1.0,7.882247734353141e-21,LEFT,1.0,True,,NEUTRAL,True,True,True,False
REPLAY,Yaniv-LRJ(6)-4:7.csv,160.2942430973053,2026-04-24T17:35:13.014559+00:00,39956,CLICK + HOLD | LEFT,CLICK + HOLD,JAW,0.7838218710740509,2.1649279964067404e-05,0.030526094734438937,OFFSET,True,1.0,1.0523312958233881e-35,LEFT,1.0,True,,LEFT,True,True,True,False
REPLAY,Yaniv-LRJ(6)-4:7.csv,160.39453983306885,2026-04-24T17:35:13.024370+00:00,39981,CLICK + HOLD | LEFT,CLICK + HOLD,JAW,0.510502042963223,0.0038743189567554794,0.059589447037398824,OFFSET,True,1.0,8.208690679567774e-58,LEFT,1.0,True,,LEFT,True,True,True,False
REPLAY,Yaniv-LRJ(6)-4:7.csv,160.4948365688324,2026-04-24T17:35:13.032001+00:00,40006,CLICK + HOLD,CLICK + HOLD,JAW,0.5017326683631658,0.1443393383350328,0.2764160383322075,OFFSET,True,1.0,1.3023723210348637e-79,LEFT,1.0,True,,NEUTRAL,True,True,True,False
REPLAY,Yaniv-LRJ(6)-4:7.csv,160.59513330459595,2026-04-24T17:35:13.039188+00:00,40031,NEUTRAL,tracking,JAW,0.46495917005250254,0.16803677755735838,0.2778200608266579,OFFSET,False,1.0,4.3159420652307847e-88,LEFT,1.0,True,,NEUTRAL,True,True,True,False
REPLAY,Yaniv-LRJ(6)-4:7.csv,160.6954300403595,2026-04-24T17:35:13.048087+00:00,40056,NEUTRAL,tracking,UNKNOWN,0.4570719479405284,0.14798894689896835,0.3536761981624486,ACTIVE,False,1.0,9.687269629601815e-78,LEFT,1.0,True,,NEUTRAL,True,True,True,False
REPLAY,Yaniv-LRJ(6)-4:7.csv,160.79572677612305,2026-04-24T17:35:13.055282+00:00,40081,NEUTRAL,tracking,UNKNOWN,0.39040602376839484,0.09925210603476836,0.3036132874988867,INACTIVE,False,1.0,2.314031693318475e-56,LEFT,1.0,True,,NEUTRAL,True,True,True,False
REPLAY,Yaniv-LRJ(6)-4:7.csv,160.89201164245605,2026-04-24T17:35:13.062573+00:00,40105,NEUTRAL,tracking,UNKNOWN,0.42491152132652377,0.19019414913940494,0.2729613756542772,INACTIVE,False,1.0,2.746098574710092e-36,LEFT,1.0,True,,NEUTRAL,True,True,True,False
REPLAY,Yaniv-LRJ(6)-4:7.csv,160.9923083782196,2026-04-24T17:35:13.070257+00:00,40130,NEUTRAL,tracking,UNKNOWN,0.43147862621415634,0.19317352059110116,0.2978941714356881,ACTIVE,False,1.0,2.581599547996528e-22,LEFT,1.0,True,,NEUTRAL,True,True,True,False
REPLAY,Yaniv-LRJ(6)-4:7.csv,161.09260511398315,2026-04-24T17:35:13.077368+00:00,40155,NEUTRAL,tracking,UNKNOWN,0.3733220532582071,0.1606401284188271,0.26857548654858576,INACTIVE,False,0.9999999999999979,2.0782500278618657e-15,LEFT,0.9999999999999958,True,,NEUTRAL,True,True,True,False
REPLAY,Yaniv-LRJ(6)-4:7.csv,161.1929018497467,2026-04-24T17:35:13.084642+00:00,40180,NEUTRAL,tracking,UNKNOWN,0.3916698380871454,0.1738770368319497,0.28561704594818044,INACTIVE,False,0.9999999999998713,1.2870593826546366e-13,LEFT,0.9999999999997427,True,,NEUTRAL,True,True,True,False
REPLAY,Yaniv-LRJ(6)-4:7.csv,161.29319858551025,2026-04-24T17:35:13.091545+00:00,40205,NEUTRAL,tracking,UNKNOWN,0.3704618835503506,0.1562262791052976,0.3222142586182878,INACTIVE,False,0.9999999999999954,4.5337782398319785e-15,LEFT,0.9999999999999909,True,,NEUTRAL,True,True,True,False
REPLAY,Yaniv-LRJ(6)-4:7.csv,161.3934953212738,2026-04-24T17:35:13.099535+00:00,40230,NEUTRAL,tracking,UNKNOWN,0.42897208996041525,0.24662891357195743,0.25520936392023275,INACTIVE,False,0.9999999999999999,1.4400442743984646e-16,LEFT,0.9999999999999998,True,,NEUTRAL,True,True,True,False
REPLAY,Yaniv-LRJ(6)-4:7.csv,161.49379205703735,2026-04-24T17:35:13.106580+00:00,40255,NEUTRAL,tracking,UNKNOWN,0.4300451399067502,0.16046023793153008,0.32362828032006663,ACTIVE,False,0.9999999999999999,1.5424875053355152e-16,LEFT,0.9999999999999998,True,,NEUTRAL,True,True,True,False
REPLAY,Yaniv-LRJ(6)-4:7.csv,161.5940887928009,2026-04-24T17:35:13.113793+00:00,40280,NEUTRAL,tracking,UNKNOWN,0.41722401684870547,0.15278875613519363,0.30507478987888875,INACTIVE,False,1.0,4.0741998008980447e-17,LEFT,1.0,True,,NEUTRAL,True,True,True,False
REPLAY,Yaniv-LRJ(6)-4:7.csv,161.69438552856445,2026-04-24T17:35:13.121001+00:00,40305,NEUTRAL,tracking,UNKNOWN,0.4075817498625979,0.19122037244038081,0.3118177967137604,INACTIVE,False,1.0,3.6716594626065024e-20,LEFT,1.0,True,,NEUTRAL,True,True,True,False
REPLAY,Yaniv-LRJ(6)-4:7.csv,161.794682264328,2026-04-24T17:35:13.128131+00:00,40330,NEUTRAL,tracking,UNKNOWN,0.42565266279469993,0.18001190544282206,0.30894847499294953,ACTIVE,False,1.0,2.6784786290464726e-23,LEFT,1.0,True,,NEUTRAL,True,True,True,False
REPLAY,Yaniv-LRJ(6)-4:7.csv,161.89497900009155,2026-04-24T17:35:13.135869+00:00,40355,NEUTRAL,tracking,UNKNOWN,0.38579612833119836,0.11085833141743132,0.3154119453012335,INACTIVE,False,1.0,8.253120361604236e-24,LEFT,1.0,True,,NEUTRAL,True,True,True,False
REPLAY,Yaniv-LRJ(6)-4:7.csv,161.9952757358551,2026-04-24T17:35:13.143041+00:00,40380,NEUTRAL,tracking,UNKNOWN,0.360996742114022,0.10634455489247105,0.28802887042333575,INACTIVE,False,1.0,1.6148580479785526e-21,LEFT,1.0,True,,NEUTRAL,True,True,True,False
REPLAY,Yaniv-LRJ(6)-4:7.csv,162.09557247161865,2026-04-24T17:35:13.150250+00:00,40405,NEUTRAL,tracking,UNKNOWN,0.34848551512818327,0.14545949669970876,0.2583323543374381,INACTIVE,False,1.0,4.2681219546102436e-18,LEFT,1.0,True,,NEUTRAL,True,True,True,False
REPLAY,Yaniv-LRJ(6)-4:7.csv,162.1958692073822,2026-04-24T17:35:13.157469+00:00,40430,NEUTRAL,tracking,UNKNOWN,0.3774292865094211,0.16536209906919616,0.2806933446428934,INACTIVE,False,0.9999999999999952,4.785474875686103e-15,LEFT,0.9999999999999905,True,,NEUTRAL,True,True,True,False
REPLAY,Yaniv-LRJ(6)-4:7.csv,162.2921540737152,2026-04-24T17:35:13.165003+00:00,40454,NEUTRAL,tracking,UNKNOWN,0.41741452181175676,0.24775520465841816,0.3026611700469342,ACTIVE,False,0.9999999999994823,5.176799106590711e-13,LEFT,0.9999999999989646,True,,NEUTRAL,True,True,True,False
REPLAY,Yaniv-LRJ(6)-4:7.csv,162.39245080947876,2026-04-24T17:35:13.172151+00:00,40479,NEUTRAL,tracking,UNKNOWN,0.4066401792844856,0.24524841841932515,0.27687973131979005,INACTIVE,False,0.9999999999960323,3.967717205391322e-12,LEFT,0.9999999999920646,True,,NEUTRAL,True,True,True,False
REPLAY,Yaniv-LRJ(6)-4:7.csv,162.4927475452423,2026-04-24T17:35:13.179060+00:00,40504,NEUTRAL,tracking,UNKNOWN,0.3869932648453519,0.16223336455422369,0.3009153876251616,INACTIVE,False,0.9999999999990253,9.746476929485007e-13,LEFT,0.9999999999980507,True,,NEUTRAL,True,True,True,False
REPLAY,Yaniv-LRJ(6)-4:7.csv,162.59304428100586,2026-04-24T17:35:13.185817+00:00,40529,NEUTRAL,tracking,UNKNOWN,0.37084665071984535,0.16736371341618375,0.2650246533607137,INACTIVE,False,0.9999999999999852,1.4762964837717678e-14,LEFT,0.9999999999999705,True,,NEUTRAL,True,True,True,False
REPLAY,Yaniv-LRJ(6)-4:7.csv,162.6933410167694,2026-04-24T17:35:13.192655+00:00,40554,NEUTRAL,tracking,UNKNOWN,0.3479531052859527,0.1636635266775744,0.26130886547661014,INACTIVE,False,0.9999999999999997,3.174314880516701e-16,LEFT,0.9999999999999993,True,,NEUTRAL,True,True,True,False
REPLAY,Yaniv-LRJ(6)-4:7.csv,162.79363775253296,2026-04-24T17:35:13.199861+00:00,40579,NEUTRAL,tracking,UNKNOWN,0.3431454266948806,0.16103841320888143,0.2669066804435128,INACTIVE,False,0.9999999999999999,1.1899093351701416e-16,LEFT,0.9999999999999998,True,,NEUTRAL,True,True,True,False
REPLAY,Yaniv-LRJ(6)-4:7.csv,162.8939344882965,2026-04-24T17:35:13.207177+00:00,40604,NEUTRAL,tracking,UNKNOWN,0.3610513671726452,0.21767172508938526,0.30078967349960006,INACTIVE,False,0.9999999999999998,1.6771016956140582e-16,LEFT,0.9999999999999996,True,,NEUTRAL,True,True,True,False
REPLAY,Yaniv-LRJ(6)-4:7.csv,162.99423122406006,2026-04-24T17:35:13.213891+00:00,40629,NEUTRAL,tracking,UNKNOWN,0.384375254583996,0.22466777713254996,0.3101531111187094,INACTIVE,False,0.9999999999999998,2.4651103786607026e-16,LEFT,0.9999999999999996,True,,NEUTRAL,True,True,True,False
REPLAY,Yaniv-LRJ(6)-4:7.csv,163.0945279598236,2026-04-24T17:35:13.220894+00:00,40654,NEUTRAL,tracking,UNKNOWN,0.36197169805710216,0.174697164226225,0.2608546877283503,INACTIVE,False,0.9999999999999997,3.279266466711193e-16,LEFT,0.9999999999999993,True,,NEUTRAL,True,True,True,False
REPLAY,Yaniv-LRJ(6)-4:7.csv,163.19482469558716,2026-04-24T17:35:13.228028+00:00,40679,NEUTRAL,tracking,UNKNOWN,0.3541910253159156,0.18882805805773573,0.2669490210383447,INACTIVE,False,0.9999999999999999,8.019578512163964e-17,LEFT,0.9999999999999998,True,,NEUTRAL,True,True,True,False
REPLAY,Yaniv-LRJ(6)-4:7.csv,163.2951214313507,2026-04-24T17:35:13.234822+00:00,40704,NEUTRAL,tracking,UNKNOWN,0.36476402994091306,0.2440450235814674,0.294166413965435,INACTIVE,False,1.0,1.008150044341182e-18,LEFT,1.0,True,,NEUTRAL,True,True,True,False
REPLAY,Yaniv-LRJ(6)-4:7.csv,163.39541816711426,2026-04-24T17:35:13.241862+00:00,40729,NEUTRAL,tracking,UNKNOWN,0.3907920066728773,0.2684320889927987,0.26940946753821143,INACTIVE,False,1.0,6.5330980940209114e-21,LEFT,1.0,True,,NEUTRAL,True,True,True,False
REPLAY,Yaniv-LRJ(6)-4:7.csv,163.4957149028778,2026-04-24T17:35:13.248607+00:00,40754,NEUTRAL,tracking,UNKNOWN,0.442258209964456,0.22505654155163168,0.31430225933181954,ACTIVE,False,1.0,5.766442796126095e-22,LEFT,1.0,True,,NEUTRAL,True,True,True,False
REPLAY,Yaniv-LRJ(6)-4:7.csv,163.59199976921082,2026-04-24T17:35:13.255657+00:00,40778,NEUTRAL,tracking,UNKNOWN,0.39791604434619543,0.21151607184988536,0.2639961678823406,INACTIVE,False,1.0,1.7187895206022044e-21,LEFT,1.0,True,,NEUTRAL,True,True,True,False
REPLAY,Yaniv-LRJ(6)-4:7.csv,163.69229650497437,2026-04-24T17:35:13.262591+00:00,40803,NEUTRAL,tracking,UNKNOWN,0.41860044227656645,0.1674478014277385,0.3046161945659584,INACTIVE,False,1.0,4.2363391496581784e-20,LEFT,1.0,True,,NEUTRAL,True,True,True,False
REPLAY,Yaniv-LRJ(6)-4:7.csv,163.79259324073792,2026-04-24T17:35:13.269703+00:00,40828,NEUTRAL,tracking,UNKNOWN,0.3721483912485559,0.14011745448200527,0.2530593604495992,INACTIVE,False,1.0,6.689284560344219e-19,LEFT,1.0,True,,NEUTRAL,True,True,True,False
REPLAY,Yaniv-LRJ(6)-4:7.csv,163.89288997650146,2026-04-24T17:35:13.276791+00:00,40853,NEUTRAL,tracking,UNKNOWN,0.35897033859297856,0.21223508235863026,0.25081102778608794,INACTIVE,False,1.0,1.8572910341552295e-17,LEFT,1.0,True,,NEUTRAL,True,True,True,False
REPLAY,Yaniv-LRJ(6)-4:7.csv,163.99318671226501,2026-04-24T17:35:13.283485+00:00,40878,NEUTRAL,tracking,UNKNOWN,0.3764981036141859,0.20737487834933765,0.28170317042707826,INACTIVE,False,0.999999999999964,3.592990273458972e-14,LEFT,0.9999999999999281,True,,NEUTRAL,True,True,True,False
REPLAY,Yaniv-LRJ(6)-4:7.csv,164.09348344802856,2026-04-24T17:35:13.290378+00:00,40903,NEUTRAL,tracking,UNKNOWN,0.3536122464898118,0.15492472531445514,0.2283272338749146,INACTIVE,False,0.9999999913066037,8.693396332879486e-09,LEFT,0.9999999826132073,True,,NEUTRAL,True,True,True,False
REPLAY,Yaniv-LRJ(6)-4:7.csv,164.19378018379211,2026-04-24T17:35:13.297269+00:00,40928,NEUTRAL,tracking,UNKNOWN,0.3611124455858318,0.2054634722450001,0.2545974752393584,INACTIVE,False,0.9886615508563474,0.011338449143652554,LEFT,0.9773231017126949,True,,NEUTRAL,True,True,True,False
REPLAY,Yaniv-LRJ(6)-4:7.csv,164.29407691955566,2026-04-24T17:35:13.303861+00:00,40953,NEUTRAL,tracking,JAW,0.3620072289520826,0.16454783251014962,0.25008504984014895,INACTIVE,False,0.003196223716802171,0.9968037762831978,RIGHT,0.9936075525663957,True,,NEUTRAL,True,True,True,False
REPLAY,Yaniv-LRJ(6)-4:7.csv,164.3943736553192,2026-04-24T17:35:13.311515+00:00,40978,NEUTRAL,tracking,JAW,0.3285193013127772,0.14652802968074446,0.26734808661755977,INACTIVE,False,0.00028960491885154926,0.9997103950811485,RIGHT,0.9994207901622969,True,,NEUTRAL,True,True,True,False
REPLAY,Yaniv-LRJ(6)-4:7.csv,164.49467039108276,2026-04-24T17:35:13.318630+00:00,41003,NEUTRAL,tracking,JAW,0.38386283897103934,0.1796753134181305,0.3016108936867323,INACTIVE,False,0.22954553698564784,0.7704544630143522,RIGHT,0.5409089260287043,True,,NEUTRAL,True,True,True,False
REPLAY,Yaniv-LRJ(6)-4:7.csv,164.5949671268463,2026-04-24T17:35:13.325434+00:00,41028,NEUTRAL,tracking,JAW,0.3624168209917963,0.13203243849754798,0.26732718545251,INACTIVE,False,0.9999964733005495,3.526699450477718e-06,LEFT,0.999992946601099,True,,NEUTRAL,True,True,True,False
REPLAY,Yaniv-LRJ(6)-4:7.csv,164.69526386260986,2026-04-24T17:35:13.332715+00:00,41053,NEUTRAL,tracking,JAW,0.43943334148728674,0.19234061986036197,0.34317127029343064,ACTIVE,False,0.9999999999962776,3.722362316172985e-12,LEFT,0.9999999999925553,True,,NEUTRAL,True,True,True,False
REPLAY,Yaniv-LRJ(6)-4:7.csv,164.7955605983734,2026-04-24T17:35:13.340023+00:00,41078,NEUTRAL,tracking,JAW,0.4737360864364195,0.24216549362456485,0.3265272506564265,ACTIVE,False,0.9999999999999986,1.4682479895897017e-15,LEFT,0.9999999999999971,True,,NEUTRAL,True,True,True,False
REPLAY,Yaniv-LRJ(6)-4:7.csv,164.89585733413696,2026-04-24T17:35:13.346914+00:00,41103,CLICK,CLICK,JAW,0.9441766310664943,0.9572371728370747,0.03955740982931403,ONSET,False,0.9999999999999993,6.301331178283419e-16,LEFT,0.9999999999999987,True,,NEUTRAL,True,True,True,False
REPLAY,Yaniv-LRJ(6)-4:7.csv,164.99214220046997,2026-04-24T17:35:13.356224+00:00,41127,NEUTRAL,tracking,JAW,0.9639577949335383,0.0033881455591273273,0.990536538238468,ACTIVE,False,1.0,1.126323925315697e-22,LEFT,1.0,True,,NEUTRAL,True,True,True,False
REPLAY,Yaniv-LRJ(6)-4:7.csv,165.09243893623352,2026-04-24T17:35:13.381602+00:00,41152,NEUTRAL,tracking,JAW,0.8772939260010131,6.168562480422858e-05,0.9542631563684894,ACTIVE,False,1.0,3.20708721350838e-59,LEFT,1.0,True,,NEUTRAL,True,True,True,False
REPLAY,Yaniv-LRJ(6)-4:7.csv,165.19273567199707,2026-04-24T17:35:13.391111+00:00,41177,CLICK + HOLD | LEFT,CLICK + HOLD,JAW,0.9362446847798075,0.00034781765238489366,0.7886149363558744,ACTIVE,True,1.0,3.999782954489052e-128,LEFT,1.0,True,,LEFT,True,True,True,False
REPLAY,Yaniv-LRJ(6)-4:7.csv,165.29303240776062,2026-04-24T17:35:13.402397+00:00,41202,CLICK + HOLD | LEFT,CLICK + HOLD,JAW,0.8369157686758925,8.664990251337816e-05,0.038651760801653556,OFFSET,True,1.0,8.22313019045111e-197,LEFT,1.0,True,,LEFT,True,True,True,False
REPLAY,Yaniv-LRJ(6)-4:7.csv,165.39332914352417,2026-04-24T17:35:13.409758+00:00,41227,CLICK + HOLD,CLICK + HOLD,JAW,0.45190032918374734,0.004018038003195656,0.030205895920060667,OFFSET,True,1.0,6.893831569330332e-224,LEFT,1.0,True,,NEUTRAL,True,True,True,False
REPLAY,Yaniv-LRJ(6)-4:7.csv,165.49362587928772,2026-04-24T17:35:13.416973+00:00,41252,CLICK + HOLD,CLICK + HOLD,JAW,0.45717682298330353,0.10235884430178155,0.3191098717837049,INACTIVE,True,1.0,1.8350178622093335e-196,LEFT,1.0,True,,NEUTRAL,True,True,True,False
REPLAY,Yaniv-LRJ(6)-4:7.csv,165.59392261505127,2026-04-24T17:35:13.426810+00:00,41277,CLICK + HOLD,CLICK + HOLD,JAW,0.43393565626887964,0.2245074182193344,0.34221637047803233,ACTIVE,True,1.0,1.8056329756249203e-139,LEFT,1.0,True,,NEUTRAL,True,True,True,False
REPLAY,Yaniv-LRJ(6)-4:7.csv,165.69421935081482,2026-04-24T17:35:13.435984+00:00,41302,CLICK + HOLD,CLICK + HOLD,JAW,0.8927778366657801,0.922261005824416,0.06419196800671928,ONSET,True,1.0,4.1538487994078115e-86,LEFT,1.0,True,,NEUTRAL,True,True,True,False
REPLAY,Yaniv-LRJ(6)-4:7.csv,165.79451608657837,2026-04-24T17:35:13.443504+00:00,41327,CLICK + HOLD,CLICK + HOLD,JAW,0.9625743176168895,0.07223032702612064,0.904882331965472,ACTIVE,True,1.0,2.5508610068326744e-50,LEFT,1.0,True,,NEUTRAL,True,True,True,False
REPLAY,Yaniv-LRJ(6)-4:7.csv,165.89481282234192,2026-04-24T17:35:13.450702+00:00,41352,CLICK + HOLD,CLICK + HOLD,JAW,0.9227848336289189,6.278071445886035e-05,0.9800988281630773,ACTIVE,True,1.0,5.6295705593534886e-39,LEFT,1.0,True,,NEUTRAL,True,True,True,False
REPLAY,Yaniv-LRJ(6)-4:7.csv,165.99510955810547,2026-04-24T17:35:13.458782+00:00,41377,CLICK + HOLD,CLICK + HOLD,JAW,0.9220142013810401,0.00046369156532897397,0.18815225573723435,OFFSET,True,1.0,1.4233827218207956e-60,LEFT,1.0,True,,NEUTRAL,True,True,True,False
REPLAY,Yaniv-LRJ(6)-4:7.csv,166.09540629386902,2026-04-24T17:35:13.468917+00:00,41402,CLICK + HOLD | LEFT,CLICK + HOLD,JAW,0.725063916146813,9.474666709912849e-05,0.0065027584413609625,OFFSET,True,1.0,2.2727531656632557e-100,LEFT,1.0,True,,LEFT,True,True,True,False
REPLAY,Yaniv-LRJ(6)-4:7.csv,166.19570302963257,2026-04-24T17:35:13.477853+00:00,41427,CLICK + HOLD | LEFT,CLICK + HOLD,JAW,0.4536085119992236,0.017269248663759867,0.06698050633675183,OFFSET,True,1.0,4.842194380788203e-125,LEFT,1.0,True,,LEFT,True,True,True,False
REPLAY,Yaniv-LRJ(6)-4:7.csv,166.29198789596558,2026-04-24T17:35:13.484940+00:00,41451,CLICK + HOLD,CLICK + HOLD,JAW,0.443810331165694,0.16378381548676468,0.3043580880834287,ACTIVE,True,1.0,1.0962344414348145e-114,LEFT,1.0,True,,NEUTRAL,True,True,True,False
REPLAY,Yaniv-LRJ(6)-4:7.csv,166.39228463172913,2026-04-24T17:35:13.494778+00:00,41476,CLICK + HOLD,CLICK + HOLD,JAW,0.4190695861089577,0.2380579550301966,0.3414310279188,ACTIVE,True,1.0,3.5047517163511353e-78,LEFT,1.0,True,,NEUTRAL,True,True,True,False
REPLAY,Yaniv-LRJ(6)-4:7.csv,166.49258136749268,2026-04-24T17:35:13.506946+00:00,41501,CLICK + HOLD,CLICK + HOLD,JAW,0.7766444609495577,0.742724979445094,0.15619430831449277,ONSET,True,1.0,8.720299841758697e-42,LEFT,1.0,True,,NEUTRAL,True,True,True,False
REPLAY,Yaniv-LRJ(6)-4:7.csv,166.59287810325623,2026-04-24T17:35:13.518555+00:00,41526,CLICK + HOLD,CLICK + HOLD,JAW,0.9373789240126813,0.5815310391871762,0.3893800499429665,ONSET,True,1.0,1.9946352607196227e-22,LEFT,1.0,True,,NEUTRAL,True,True,True,False
REPLAY,Yaniv-LRJ(6)-4:7.csv,166.69317483901978,2026-04-24T17:35:13.527658+00:00,41551,CLICK + HOLD,CLICK + HOLD,JAW,0.9861262023671947,0.019071340477933026,0.972735538851054,ACTIVE,True,1.0,2.9621759700332115e-20,LEFT,1.0,True,,NEUTRAL,True,True,True,False
REPLAY,Yaniv-LRJ(6)-4:7.csv,166.79347157478333,2026-04-24T17:35:13.534601+00:00,41576,CLICK + HOLD,CLICK + HOLD,JAW,0.9718239501553652,0.0002373372675782849,0.8179317607845865,ACTIVE,True,1.0,1.4767975781937547e-49,LEFT,1.0,True,,NEUTRAL,True,True,True,False
REPLAY,Yaniv-LRJ(6)-4:7.csv,166.89376831054688,2026-04-24T17:35:13.544802+00:00,41601,CLICK + HOLD | LEFT,CLICK + HOLD,JAW,0.8151752639969452,2.3707342165004228e-05,0.009133252547886397,OFFSET,True,1.0,8.952484680305978e-127,LEFT,1.0,True,,LEFT,True,True,True,False
REPLAY,Yaniv-LRJ(6)-4:7.csv,166.99406504631042,2026-04-24T17:35:13.554162+00:00,41626,CLICK + HOLD | LEFT,CLICK + HOLD,JAW,0.5041848326234266,0.0055310854370985265,0.04735257354092091,OFFSET,True,1.0,1.6849556088862215e-227,LEFT,1.0,True,,LEFT,True,True,True,False
REPLAY,Yaniv-LRJ(6)-4:7.csv,167.09436178207397,2026-04-24T17:35:13.561039+00:00,41651,CLICK + HOLD,CLICK + HOLD,JAW,0.4466954333320101,0.1756742285504554,0.3074771720928119,INACTIVE,True,1.0,1.2751855335660209e-287,LEFT,1.0,True,,NEUTRAL,True,True,True,False
REPLAY,Yaniv-LRJ(6)-4:7.csv,167.19465851783752,2026-04-24T17:35:13.567880+00:00,41676,CLICK + HOLD,CLICK + HOLD,JAW,0.4573098224160711,0.2407944782190173,0.3706205305034652,ACTIVE,True,1.0,3.1678758537096564e-261,LEFT,1.0,True,,NEUTRAL,True,True,True,False
REPLAY,Yaniv-LRJ(6)-4:7.csv,167.29495525360107,2026-04-24T17:35:13.575000+00:00,41701,CLICK + HOLD,CLICK + HOLD,JAW,0.6241585891334138,0.3097859429565187,0.386541375310639,ACTIVE,True,1.0,1.4540526564272632e-169,LEFT,1.0,True,,NEUTRAL,True,True,True,False
REPLAY,Yaniv-LRJ(6)-4:7.csv,167.39525198936462,2026-04-24T17:35:13.581961+00:00,41726,CLICK + HOLD,CLICK + HOLD,JAW,0.9926106679516566,0.9738049558767494,0.025740131643341504,ONSET,True,1.0,9.844274441669122e-79,LEFT,1.0,True,,NEUTRAL,True,True,True,False
REPLAY,Yaniv-LRJ(6)-4:7.csv,167.49554872512817,2026-04-24T17:35:13.589650+00:00,41751,CLICK + HOLD,CLICK + HOLD,JAW,0.9943445940059631,0.0013959997860730467,0.9941000477499241,ACTIVE,True,1.0,7.402786516946765e-37,LEFT,1.0,True,,NEUTRAL,True,True,True,False
REPLAY,Yaniv-LRJ(6)-4:7.csv,167.59584546089172,2026-04-24T17:35:13.596680+00:00,41776,CLICK + HOLD,CLICK + HOLD,JAW,0.9709989172866661,4.9331777570239797e-05,0.42125811322267315,OFFSET,True,1.0,3.049764386670135e-40,LEFT,1.0,True,,NEUTRAL,True,True,True,False
REPLAY,Yaniv-LRJ(6)-4:7.csv,167.69213032722473,2026-04-24T17:35:13.606450+00:00,41800,CLICK + HOLD | LEFT,CLICK + HOLD,JAW,0.9364854876215325,0.00011729752775556428,0.3336553763073384,OFFSET,True,1.0,2.49608210580825e-65,LEFT,1.0,True,,LEFT,True,True,True,False
REPLAY,Yaniv-LRJ(6)-4:7.csv,167.79242706298828,2026-04-24T17:35:13.615687+00:00,41825,CLICK + HOLD | LEFT,CLICK + HOLD,JAW,0.6842712628734545,0.00034719088282860914,0.03182577366125223,OFFSET,True,1.0,3.3404173867321126e-107,LEFT,1.0,True,,LEFT,True,True,True,False
REPLAY,Yaniv-LRJ(6)-4:7.csv,167.89272379875183,2026-04-24T17:35:13.622904+00:00,41850,CLICK + HOLD,CLICK + HOLD,JAW,0.42374821081617664,0.010658323529119449,0.058633893791008015,OFFSET,True,1.0,1.515073746959521e-159,LEFT,1.0,True,,NEUTRAL,True,True,True,False
REPLAY,Yaniv-LRJ(6)-4:7.csv,167.99302053451538,2026-04-24T17:35:13.629598+00:00,41875,NEUTRAL,tracking,JAW,0.42213276199351235,0.17731396004359284,0.24908764239098186,INACTIVE,False,1.0,3.043450355381853e-196,LEFT,1.0,True,,NEUTRAL,True,True,True,False
REPLAY,Yaniv-LRJ(6)-4:7.csv,168.09331727027893,2026-04-24T17:35:13.638582+00:00,41900,NEUTRAL,tracking,JAW,0.4424582150481897,0.19328326633964948,0.3249460263724237,ACTIVE,False,1.0,9.770013905731013e-188,LEFT,1.0,True,,NEUTRAL,True,True,True,False
REPLAY,Yaniv-LRJ(6)-4:7.csv,168.19361400604248,2026-04-24T17:35:13.645386+00:00,41925,NEUTRAL,tracking,JAW,0.5503373109657594,0.2734707965273395,0.37265752437631033,ACTIVE,False,1.0,5.42235540466433e-133,LEFT,1.0,True,,NEUTRAL,True,True,True,False
REPLAY,Yaniv-LRJ(6)-4:7.csv,168.29391074180603,2026-04-24T17:35:13.652525+00:00,41950,NEUTRAL,tracking,JAW,0.5750367141832333,0.29580348773307447,0.3301356258807425,ACTIVE,False,1.0,4.6154150785811166e-66,LEFT,1.0,True,,NEUTRAL,True,True,True,False
REPLAY,Yaniv-LRJ(6)-4:7.csv,168.39420747756958,2026-04-24T17:35:13.660146+00:00,41975,CLICK,CLICK,JAW,0.9792825937472606,0.9903058789873341,0.008827678830056257,ONSET,False,1.0,2.217213181247685e-24,LEFT,1.0,True,,NEUTRAL,True,True,True,False
REPLAY,Yaniv-LRJ(6)-4:7.csv,168.49450421333313,2026-04-24T17:35:13.669643+00:00,42000,NEUTRAL,tracking,JAW,0.9955419953435871,0.009653205755450115,0.9883131508009545,ACTIVE,False,0.9999999999999997,3.022651180396061e-16,LEFT,0.9999999999999993,True,,NEUTRAL,True,True,True,False
REPLAY,Yaniv-LRJ(6)-4:7.csv,168.59480094909668,2026-04-24T17:35:13.676934+00:00,42025,CLICK + HOLD,CLICK + HOLD,JAW,0.9702402215483981,6.24838961107924e-05,0.6614930554860379,ACTIVE,True,1.0,1.0123014609059427e-23,LEFT,1.0,True,,NEUTRAL,True,True,True,False
REPLAY,Yaniv-LRJ(6)-4:7.csv,168.69509768486023,2026-04-24T17:35:13.688756+00:00,42050,CLICK + HOLD | LEFT,CLICK + HOLD,JAW,0.8983781232053042,4.660450779098478e-05,0.11455334473042596,OFFSET,True,1.0,1.317159064388646e-28,LEFT,1.0,True,,LEFT,True,True,True,False
REPLAY,Yaniv-LRJ(6)-4:7.csv,168.79539442062378,2026-04-24T17:35:13.699323+00:00,42075,CLICK + HOLD | LEFT,CLICK + HOLD,JAW,0.7576992183028072,0.00035607123618716793,0.1587260619343138,OFFSET,True,1.0,1.3189042118989749e-23,LEFT,1.0,True,,LEFT,True,True,True,False
REPLAY,Yaniv-LRJ(6)-4:7.csv,168.89569115638733,2026-04-24T17:35:13.706602+00:00,42100,CLICK + HOLD,CLICK + HOLD,JAW,0.5135455211268842,0.002374374336773317,0.04857189442479354,OFFSET,True,0.999999999880533,1.194669714596173e-10,LEFT,0.999999999761066,True,,NEUTRAL,True,True,True,False
REPLAY,Yaniv-LRJ(6)-4:7.csv,168.99598789215088,2026-04-24T17:35:13.713420+00:00,42125,CLICK + HOLD,CLICK + HOLD,JAW,0.45378193553413537,0.07354964345152674,0.2812372798840239,INACTIVE,True,0.00018864997611200973,0.999811350023888,RIGHT,0.999622700047776,True,,NEUTRAL,True,True,True,False
REPLAY,Yaniv-LRJ(6)-4:7.csv,169.0922727584839,2026-04-24T17:35:13.720866+00:00,42149,CLICK + HOLD,CLICK + HOLD,JAW,0.4731908491741156,0.1982648941185868,0.3406073280593245,ACTIVE,True,1.9602985901201464e-11,0.999999999980397,RIGHT,0.999999999960794,True,,NEUTRAL,True,True,True,False
REPLAY,Yaniv-LRJ(6)-4:7.csv,169.19256949424744,2026-04-24T17:35:13.728044+00:00,42174,CLICK + HOLD,CLICK + HOLD,UNKNOWN,0.44822352428749435,0.19079409086377394,0.3436609472869339,ACTIVE,True,6.087861326165012e-10,0.9999999993912139,RIGHT,0.9999999987824277,True,,NEUTRAL,True,True,True,False
REPLAY,Yaniv-LRJ(6)-4:7.csv,169.292866230011,2026-04-24T17:35:13.735761+00:00,42199,CLICK + HOLD,CLICK + HOLD,UNKNOWN,0.4032013081313306,0.1089591523634426,0.312530307475822,INACTIVE,True,0.0048516902235804515,0.9951483097764195,RIGHT,0.9902966195528391,True,,NEUTRAL,True,True,True,False
REPLAY,Yaniv-LRJ(6)-4:7.csv,169.39316296577454,2026-04-24T17:35:13.743150+00:00,42224,CLICK + HOLD,CLICK + HOLD,UNKNOWN,0.37160577398235106,0.11249988196853539,0.25782909595398545,INACTIVE,True,0.9999998149055405,1.85094459516452e-07,LEFT,0.9999996298110809,True,,NEUTRAL,True,True,True,False
REPLAY,Yaniv-LRJ(6)-4:7.csv,169.4934597015381,2026-04-24T17:35:13.749911+00:00,42249,NEUTRAL,tracking,UNKNOWN,0.3563022792877353,0.1783774797257416,0.2888548759782478,INACTIVE,False,0.9999999999999241,7.59248931899163e-14,LEFT,0.9999999999998481,True,,NEUTRAL,True,True,True,False
REPLAY,Yaniv-LRJ(6)-4:7.csv,169.59375643730164,2026-04-24T17:35:13.759051+00:00,42274,NEUTRAL,tracking,UNKNOWN,0.38482382867199705,0.25658882636537705,0.2687504649060839,INACTIVE,False,0.9999999999999991,9.382530763726064e-16,LEFT,0.9999999999999982,True,,NEUTRAL,True,True,True,False
REPLAY,Yaniv-LRJ(6)-4:7.csv,169.69405317306519,2026-04-24T17:35:13.766636+00:00,42299,NEUTRAL,tracking,UNKNOWN,0.36383921012252884,0.1462676920412239,0.26511420015454396,INACTIVE,False,0.9999999999999999,1.3261739313841985e-16,LEFT,0.9999999999999998,True,,NEUTRAL,True,True,True,False
REPLAY,Yaniv-LRJ(6)-4:7.csv,169.79434990882874,2026-04-24T17:35:13.774199+00:00,42324,NEUTRAL,tracking,UNKNOWN,0.3613102490041423,0.1490160784669653,0.2776870069503991,INACTIVE,False,1.0,1.6341206389032715e-18,LEFT,1.0,True,,NEUTRAL,True,True,True,False
REPLAY,Yaniv-LRJ(6)-4:7.csv,169.89464664459229,2026-04-24T17:35:13.781467+00:00,42349,NEUTRAL,tracking,UNKNOWN,0.3613484923453629,0.16430188413362978,0.2807990639375096,INACTIVE,False,1.0,1.4049767159474142e-22,LEFT,1.0,True,,NEUTRAL,True,True,True,False
REPLAY,Yaniv-LRJ(6)-4:7.csv,169.99494338035583,2026-04-24T17:35:13.788361+00:00,42374,NEUTRAL,tracking,UNKNOWN,0.37025099526325234,0.1542692377510374,0.31963384656032223,INACTIVE,False,1.0,1.8588319322124031e-28,LEFT,1.0,True,,NEUTRAL,True,True,True,False
REPLAY,Yaniv-LRJ(6)-4:7.csv,170.09524011611938,2026-04-24T17:35:13.813094+00:00,42399,NEUTRAL,tracking,UNKNOWN,0.3343954063939486,0.1598578447916294,0.2938722899120507,INACTIVE,False,1.0,1.8852416270471856e-32,LEFT,1.0,True,,NEUTRAL,True,True,True,False
REPLAY,Yaniv-LRJ(6)-4:7.csv,170.19553685188293,2026-04-24T17:35:13.820230+00:00,42424,NEUTRAL,tracking,UNKNOWN,0.36976415035770993,0.16676568782209786,0.30266057652024575,INACTIVE,False,1.0,8.548764106682874e-31,LEFT,1.0,True,,NEUTRAL,True,True,True,False
REPLAY,Yaniv-LRJ(6)-4:7.csv,170.29583358764648,2026-04-24T17:35:13.826920+00:00,42449,NEUTRAL,tracking,UNKNOWN,0.3544371537270917,0.17170004707913272,0.2797779822696935,INACTIVE,False,1.0,1.3019970254971276e-23,LEFT,1.0,True,,NEUTRAL,True,True,True,False
REPLAY,Yaniv-LRJ(6)-4:7.csv,170.3921184539795,2026-04-24T17:35:13.833983+00:00,42473,NEUTRAL,tracking,UNKNOWN,0.3808022484099619,0.20973586802923264,0.29736177115613355,INACTIVE,False,0.9999999999999964,3.5068132185866532e-15,LEFT,0.9999999999999929,True,,NEUTRAL,True,True,True,False
REPLAY,Yaniv-LRJ(6)-4:7.csv,170.49241518974304,2026-04-24T17:35:13.841162+00:00,42498,NEUTRAL,tracking,UNKNOWN,0.372094600144498,0.15091180971836948,0.311890157332968,INACTIVE,False,0.9999999984951656,1.5048343434853129e-09,LEFT,0.9999999969903313,True,,NEUTRAL,True,True,True,False
REPLAY,Yaniv-LRJ(6)-4:7.csv,170.5927119255066,2026-04-24T17:35:13.847898+00:00,42523,NEUTRAL,tracking,UNKNOWN,0.3680930800384017,0.1602109669914176,0.3319659515668139,INACTIVE,False,0.9999999644851711,3.551482890155718e-08,LEFT,0.9999999289703423,True,,NEUTRAL,True,True,True,False
REPLAY,Yaniv-LRJ(6)-4:7.csv,170.69300866127014,2026-04-24T17:35:13.854811+00:00,42548,NEUTRAL,tracking,UNKNOWN,0.32053551066026476,0.12317669642777401,0.26855698830130936,INACTIVE,False,0.9999999904987548,9.501245212877654e-09,LEFT,0.9999999809975095,True,,NEUTRAL,True,True,True,False
REPLAY,Yaniv-LRJ(6)-4:7.csv,170.7933053970337,2026-04-24T17:35:13.864309+00:00,42573,LEFT,LEFT,UNKNOWN,0.3498024024416946,0.14704698000339608,0.27050037882540706,INACTIVE,False,0.999999995785095,4.2149049933101085e-09,LEFT,0.99999999157019,True,,LEFT,True,True,True,False
REPLAY,Yaniv-LRJ(6)-4:7.csv,170.89360213279724,2026-04-24T17:35:13.873271+00:00,42598,NEUTRAL,tracking,UNKNOWN,0.3819756090270514,0.1622286896658367,0.31217494983923827,INACTIVE,False,0.999999995291047,4.708952982794469e-09,LEFT,0.999999990582094,True,,NEUTRAL,True,True,True,False
REPLAY,Yaniv-LRJ(6)-4:7.csv,170.9938988685608,2026-04-24T17:35:13.880300+00:00,42623,NEUTRAL,tracking,UNKNOWN,0.3454283173431355,0.16294956003398675,0.2732375099649235,INACTIVE,False,0.9999999972120148,2.7879851630739797e-09,LEFT,0.9999999944240296,True,,NEUTRAL,True,True,True,False
REPLAY,Yaniv-LRJ(6)-4:7.csv,171.09419560432434,2026-04-24T17:35:13.887534+00:00,42648,NEUTRAL,tracking,UNKNOWN,0.354118131304366,0.18116033146329985,0.26865874543334695,INACTIVE,False,0.9999999997315593,2.6844072479011065e-10,LEFT,0.9999999994631186,True,,NEUTRAL,True,True,True,False
REPLAY,Yaniv-LRJ(6)-4:7.csv,171.1944923400879,2026-04-24T17:35:13.894142+00:00,42673,NEUTRAL,tracking,UNKNOWN,0.3595827876639833,0.13496326512362913,0.29969820722819224,INACTIVE,False,0.9999999999978972,2.1027829134541267e-12,LEFT,0.9999999999957945,True,,NEUTRAL,True,True,True,False
REPLAY,Yaniv-LRJ(6)-4:7.csv,171.29478907585144,2026-04-24T17:35:13.901916+00:00,42698,NEUTRAL,tracking,UNKNOWN,0.35194668497924053,0.1743969854465355,0.2834201789672201,INACTIVE,False,0.9999999999999954,4.529924166982612e-15,LEFT,0.9999999999999909,True,,NEUTRAL,True,True,True,False
REPLAY,Yaniv-LRJ(6)-4:7.csv,171.395085811615,2026-04-24T17:35:13.909248+00:00,42723,NEUTRAL,tracking,UNKNOWN,0.36705678591445545,0.1948566909511543,0.30212500252469465,INACTIVE,False,1.0,3.077143260672868e-17,LEFT,1.0,True,,NEUTRAL,True,True,True,False
REPLAY,Yaniv-LRJ(6)-4:7.csv,171.49538254737854,2026-04-24T17:35:13.915942+00:00,42748,NEUTRAL,tracking,UNKNOWN,0.4153272199335062,0.2651495284087343,0.28072615816474095,INACTIVE,False,1.0,1.3830477741523323e-18,LEFT,1.0,True,,NEUTRAL,True,True,True,False
REPLAY,Yaniv-LRJ(6)-4:7.csv,171.5956792831421,2026-04-24T17:35:13.922850+00:00,42773,NEUTRAL,tracking,UNKNOWN,0.42171589476789895,0.16025538749219762,0.36841274400213403,ACTIVE,False,1.0,2.7256210994030255e-19,LEFT,1.0,True,,NEUTRAL,True,True,True,False
REPLAY,Yaniv-LRJ(6)-4:7.csv,171.69597601890564,2026-04-24T17:35:13.929390+00:00,42798,NEUTRAL,tracking,UNKNOWN,0.31242653513637864,0.07709125096869529,0.23234725159238764,INACTIVE,False,1.0,3.110934419362688e-19,LEFT,1.0,True,,NEUTRAL,True,True,True,False
REPLAY,Yaniv-LRJ(6)-4:7.csv,171.79226088523865,2026-04-24T17:35:13.936325+00:00,42822,NEUTRAL,tracking,UNKNOWN,0.32374694935203185,0.1093803839524694,0.24454163639117113,INACTIVE,False,1.0,5.075127200425817e-18,LEFT,1.0,True,,NEUTRAL,True,True,True,False
REPLAY,Yaniv-LRJ(6)-4:7.csv,171.8925576210022,2026-04-24T17:35:13.943033+00:00,42847,NEUTRAL,tracking,UNKNOWN,0.32228352156335704,0.14505783444267417,0.2620150659721701,INACTIVE,False,0.9999999999999972,2.8143825275851005e-15,LEFT,0.9999999999999944,True,,NEUTRAL,True,True,True,False
REPLAY,Yaniv-LRJ(6)-4:7.csv,171.99285435676575,2026-04-24T17:35:13.950035+00:00,42872,NEUTRAL,tracking,UNKNOWN,0.31688551516058405,0.18480605510819503,0.24447030189920296,INACTIVE,False,0.9999999999662691,3.373091060660836e-11,LEFT,0.9999999999325382,True,,NEUTRAL,True,True,True,False
REPLAY,Yaniv-LRJ(6)-4:7.csv,172.0931510925293,2026-04-24T17:35:13.957383+00:00,42897,NEUTRAL,tracking,UNKNOWN,0.32188794777277296,0.14192789918278723,0.23454832550853796,INACTIVE,False,0.999999635012148,3.6498785203317847e-07,LEFT,0.9999992700242959,True,,NEUTRAL,True,True,True,False
REPLAY,Yaniv-LRJ(6)-4:7.csv,172.19344782829285,2026-04-24T17:35:13.964548+00:00,42922,NEUTRAL,tracking,UNKNOWN,0.3223567149599733,0.1390400607489616,0.23622705453951065,INACTIVE,False,0.999972056467068,2.794353293199263e-05,LEFT,0.999944112934136,True,,NEUTRAL,True,True,True,False
REPLAY,Yaniv-LRJ(6)-4:7.csv,172.2937445640564,2026-04-24T17:35:13.971692+00:00,42947,NEUTRAL,tracking,UNKNOWN,0.34738021022078036,0.181277808266692,0.25169849307114905,INACTIVE,False,0.9999883327254693,1.166727453071187e-05,LEFT,0.9999766654509386,True,,NEUTRAL,True,True,True,False
REPLAY,Yaniv-LRJ(6)-4:7.csv,172.39404129981995,2026-04-24T17:35:13.978523+00:00,42972,NEUTRAL,tracking,UNKNOWN,0.3712951104610386,0.20090542045858759,0.2542278613710563,INACTIVE,False,0.9999997682991363,2.317008637510207e-07,LEFT,0.9999995365982726,True,,NEUTRAL,True,True,True,False
REPLAY,Yaniv-LRJ(6)-4:7.csv,172.4943380355835,2026-04-24T17:35:13.986033+00:00,42997,NEUTRAL,tracking,JAW,0.4115780910261593,0.21332568047600264,0.311397569378262,ACTIVE,False,0.9999999965029024,3.4970976081968924e-09,LEFT,0.9999999930058048,True,,NEUTRAL,True,True,True,False
REPLAY,Yaniv-LRJ(6)-4:7.csv,172.59463477134705,2026-04-24T17:35:13.993491+00:00,43022,NEUTRAL,tracking,JAW,0.40405478468181266,0.18104184171340207,0.32899810197755447,INACTIVE,False,0.9999999999380891,6.191090098217138e-11,LEFT,0.9999999998761782,True,,NEUTRAL,True,True,True,False
REPLAY,Yaniv-LRJ(6)-4:7.csv,172.6949315071106,2026-04-24T17:35:14.000620+00:00,43047,NEUTRAL,tracking,JAW,0.3999281878646348,0.15649700694475058,0.311367829714554,INACTIVE,False,0.99999999999988,1.2003251832662588e-13,LEFT,0.99999999999976,True,,NEUTRAL,True,True,True,False
REPLAY,Yaniv-LRJ(6)-4:7.csv,172.79522824287415,2026-04-24T17:35:14.007644+00:00,43072,NEUTRAL,tracking,JAW,0.36213441229210874,0.15316269837774,0.2524034736768179,INACTIVE,False,1.0,4.8902855387908564e-17,LEFT,1.0,True,,NEUTRAL,True,True,True,False
REPLAY,Yaniv-LRJ(6)-4:7.csv,172.8955249786377,2026-04-24T17:35:14.014913+00:00,43097,NEUTRAL,tracking,JAW,0.3596585201517494,0.16564318672905903,0.2758995097365634,INACTIVE,False,1.0,8.057646601169996e-20,LEFT,1.0,True,,NEUTRAL,True,True,True,False
REPLAY,Yaniv-LRJ(6)-4:7.csv,172.99582171440125,2026-04-24T17:35:14.022672+00:00,43122,NEUTRAL,tracking,JAW,0.38654694936183276,0.2491658992915409,0.27843937213202286,INACTIVE,False,1.0,4.639100725318888e-21,LEFT,1.0,True,,NEUTRAL,True,True,True,False
REPLAY,Yaniv-LRJ(6)-4:7.csv,173.09210658073425,2026-04-24T17:35:14.029379+00:00,43146,NEUTRAL,tracking,JAW,0.44899158607792145,0.1912445869560131,0.35462533041864214,ACTIVE,False,1.0,4.728381318345244e-21,LEFT,1.0,True,,NEUTRAL,True,True,True,False
REPLAY,Yaniv-LRJ(6)-4:7.csv,173.1924033164978,2026-04-24T17:35:14.036420+00:00,43171,NEUTRAL,tracking,JAW,0.501224039670157,0.24124188696455645,0.3783584698980292,ACTIVE,False,1.0,1.177042832733847e-20,LEFT,1.0,True,,NEUTRAL,True,True,True,False
REPLAY,Yaniv-LRJ(6)-4:7.csv,173.29270005226135,2026-04-24T17:35:14.043142+00:00,43196,CLICK,CLICK,JAW,0.9855301957399686,0.9608539541031927,0.038467692809277615,ONSET,False,1.0,8.379730030195728e-21,LEFT,1.0,True,,NEUTRAL,True,True,True,False
REPLAY,Yaniv-LRJ(6)-4:7.csv,173.3929967880249,2026-04-24T17:35:14.052732+00:00,43221,NEUTRAL,tracking,JAW,0.9878191518676323,0.009610012779774047,0.9873710902671126,ACTIVE,False,1.0,2.2497525834542106e-42,LEFT,1.0,True,,NEUTRAL,True,True,True,False
REPLAY,Yaniv-LRJ(6)-4:7.csv,173.49329352378845,2026-04-24T17:35:14.060201+00:00,43246,NEUTRAL,tracking,JAW,0.9331329662608856,1.878437001398859e-05,0.5260962101428357,ACTIVE,False,1.0,1.8992781472104852e-180,LEFT,1.0,True,,NEUTRAL,True,True,True,False
REPLAY,Yaniv-LRJ(6)-4:7.csv,173.593590259552,2026-04-24T17:35:14.070230+00:00,43271,LEFT,LEFT,JAW,0.6341774112978644,2.9195809135305972e-05,0.00734658459833016,OFFSET,False,1.0,0.0,LEFT,1.0,True,,LEFT,True,True,True,False
REPLAY,Yaniv-LRJ(6)-4:7.csv,173.69388699531555,2026-04-24T17:35:14.081752+00:00,43296,NEUTRAL,tracking,JAW,0.5588243000381679,0.024483886486999413,0.14451386699136376,OFFSET,False,1.0,0.0,LEFT,1.0,True,,NEUTRAL,True,True,True,False
REPLAY,Yaniv-LRJ(6)-4:7.csv,173.7941837310791,2026-04-24T17:35:14.091299+00:00,43321,NEUTRAL,tracking,JAW,0.5272977048194832,0.13061602798127217,0.3809712393339144,ACTIVE,False,1.0,0.0,LEFT,1.0,True,,NEUTRAL,True,True,True,False
REPLAY,Yaniv-LRJ(6)-4:7.csv,173.89448046684265,2026-04-24T17:35:14.098385+00:00,43346,NEUTRAL,tracking,JAW,0.40034845906307925,0.10432975157844294,0.2882395444245323,INACTIVE,False,1.0,0.0,LEFT,1.0,True,,NEUTRAL,True,True,True,False
REPLAY,Yaniv-LRJ(6)-4:7.csv,173.9947772026062,2026-04-24T17:35:14.105434+00:00,43371,NEUTRAL,tracking,JAW,0.462049063530773,0.2035348931696575,0.31766755431073884,ACTIVE,False,1.0,0.0,LEFT,1.0,True,,NEUTRAL,True,True,True,False
REPLAY,Yaniv-LRJ(6)-4:7.csv,174.09507393836975,2026-04-24T17:35:14.112285+00:00,43396,NEUTRAL,tracking,JAW,0.596007605247072,0.3461546981213606,0.31832753963040933,ONSET,False,1.0,6.4969987749615516e-114,LEFT,1.0,True,,NEUTRAL,True,True,True,False
REPLAY,Yaniv-LRJ(6)-4:7.csv,174.1953706741333,2026-04-24T17:35:14.119744+00:00,43421,CLICK,CLICK,JAW,0.9672390653535481,0.9703496284933887,0.02782551549687896,ONSET,False,1.0,4.344130357253371e-30,LEFT,1.0,True,,NEUTRAL,True,True,True,False
REPLAY,Yaniv-LRJ(6)-4:7.csv,174.29566740989685,2026-04-24T17:35:14.129182+00:00,43446,NEUTRAL,tracking,JAW,0.9790364476017885,0.6264858015069721,0.3639322855297933,ONSET,False,1.0,6.1998417604302916e-21,LEFT,1.0,True,,NEUTRAL,True,True,True,False
REPLAY,Yaniv-LRJ(6)-4:7.csv,174.3959641456604,2026-04-24T17:35:14.136292+00:00,43471,NEUTRAL,tracking,JAW,0.9520866857083772,0.0008094309979205113,0.5443734964364869,ACTIVE,False,1.0,1.5638239298143517e-47,LEFT,1.0,True,,NEUTRAL,True,True,True,False
REPLAY,Yaniv-LRJ(6)-4:7.csv,174.4922490119934,2026-04-24T17:35:14.145631+00:00,43495,CLICK + HOLD | LEFT,CLICK + HOLD,JAW,0.8048172118973775,5.514836538055916e-05,0.060209558905431365,OFFSET,True,1.0,5.0853479677421805e-120,LEFT,1.0,True,,LEFT,True,True,True,False
REPLAY,Yaniv-LRJ(6)-4:7.csv,174.59254574775696,2026-04-24T17:35:14.157371+00:00,43520,CLICK + HOLD | LEFT,CLICK + HOLD,JAW,0.7299198169442458,0.001224686587907792,0.04780288947869973,OFFSET,True,1.0,2.2741183483093568e-224,LEFT,1.0,True,,LEFT,True,True,True,False
REPLAY,Yaniv-LRJ(6)-4:7.csv,174.6928424835205,2026-04-24T17:35:14.167430+00:00,43545,CLICK + HOLD,CLICK + HOLD,JAW,0.47740261362249814,0.034199991614529114,0.11648880245289651,OFFSET,True,1.0,9.864545515847159e-289,LEFT,1.0,True,,NEUTRAL,True,True,True,False
REPLAY,Yaniv-LRJ(6)-4:7.csv,174.79313921928406,2026-04-24T17:35:14.176279+00:00,43570,CLICK + HOLD,CLICK + HOLD,JAW,0.4523459814233447,0.1594368873958134,0.26815628131662295,OFFSET,True,1.0,1.4888027854410341e-261,LEFT,1.0,True,,NEUTRAL,True,True,True,False
REPLAY,Yaniv-LRJ(6)-4:7.csv,174.8934359550476,2026-04-24T17:35:14.186363+00:00,43595,NEUTRAL,tracking,JAW,0.3943242513554458,0.13860048207722972,0.24400091597995935,INACTIVE,False,1.0,3.9256703130312113e-166,LEFT,1.0,True,,NEUTRAL,True,True,True,False
REPLAY,Yaniv-LRJ(6)-4:7.csv,174.99373269081116,2026-04-24T17:35:14.197887+00:00,43620,NEUTRAL,tracking,JAW,0.4675783408842126,0.2461359350094597,0.3137534883012968,ACTIVE,False,1.0,8.28899477502159e-74,LEFT,1.0,True,,NEUTRAL,True,True,True,False
REPLAY,Yaniv-LRJ(6)-4:7.csv,175.0940294265747,2026-04-24T17:35:14.224714+00:00,43645,CLICK,CLICK,JAW,0.7411765181820418,0.6102619640135041,0.2798415823285082,ONSET,False,1.0,6.142511202718e-29,LEFT,1.0,True,,NEUTRAL,True,True,True,False
REPLAY,Yaniv-LRJ(6)-4:7.csv,175.19432616233826,2026-04-24T17:35:14.234167+00:00,43670,NEUTRAL,tracking,JAW,0.9785109842846567,0.3479006402256716,0.6340064911308341,ACTIVE,False,1.0,2.3992984198684288e-20,LEFT,1.0,True,,NEUTRAL,True,True,True,False
REPLAY,Yaniv-LRJ(6)-4:7.csv,175.2946228981018,2026-04-24T17:35:14.241604+00:00,43695,NEUTRAL,tracking,JAW,0.9757769817853152,0.000891847166176548,0.8603655961004211,ACTIVE,False,1.0,9.411730133337823e-38,LEFT,1.0,True,,NEUTRAL,True,True,True,False
REPLAY,Yaniv-LRJ(6)-4:7.csv,175.39491963386536,2026-04-24T17:35:14.251794+00:00,43720,LEFT,LEFT,JAW,0.8469360429791304,5.139105378388231e-05,0.05493553286931094,OFFSET,False,1.0,9.70855844944796e-88,LEFT,1.0,True,,LEFT,True,True,True,False
REPLAY,Yaniv-LRJ(6)-4:7.csv,175.4952163696289,2026-04-24T17:35:14.262891+00:00,43745,LEFT,LEFT,JAW,0.5305026707732231,0.001833561268274554,0.03364813606373179,OFFSET,False,1.0,4.4310454698239975e-157,LEFT,1.0,True,,LEFT,True,True,True,False
REPLAY,Yaniv-LRJ(6)-4:7.csv,175.59551310539246,2026-04-24T17:35:14.270710+00:00,43770,LEFT,LEFT,JAW,0.42306187059991074,0.07403237965353585,0.2119297376015303,INACTIVE,False,1.0,6.658842102310274e-207,LEFT,1.0,True,,LEFT,True,True,True,False
REPLAY,Yaniv-LRJ(6)-4:7.csv,175.695809841156,2026-04-24T17:35:14.278148+00:00,43795,NEUTRAL,tracking,JAW,0.46681128869050226,0.17380377794185045,0.3920824653050951,ACTIVE,False,1.0,2.092588737952164e-204,LEFT,1.0,True,,NEUTRAL,True,True,True,False
REPLAY,Yaniv-LRJ(6)-4:7.csv,175.792094707489,2026-04-24T17:35:14.285684+00:00,43819,NEUTRAL,tracking,JAW,0.3954017911365013,0.1304071373051916,0.27639420354657956,INACTIVE,False,1.0,5.267782341125426e-156,LEFT,1.0,True,,NEUTRAL,True,True,True,False
REPLAY,Yaniv-LRJ(6)-4:7.csv,175.89239144325256,2026-04-24T17:35:14.292803+00:00,43844,CLICK,CLICK,JAW,0.7853381137850939,0.8140974181321927,0.09465392524551594,ONSET,False,1.0,5.799060342114357e-91,LEFT,1.0,True,,NEUTRAL,True,True,True,False
REPLAY,Yaniv-LRJ(6)-4:7.csv,175.9926881790161,2026-04-24T17:35:14.302554+00:00,43869,NEUTRAL,tracking,JAW,0.9927884238294054,0.9054916463929724,0.09321268208817934,ONSET,False,1.0,1.3077119806238614e-43,LEFT,1.0,True,,NEUTRAL,True,True,True,False
REPLAY,Yaniv-LRJ(6)-4:7.csv,176.09298491477966,2026-04-24T17:35:14.309245+00:00,43894,NEUTRAL,tracking,JAW,0.996629555185553,3.660004876340674e-05,0.9997746424320505,ACTIVE,False,1.0,1.9215524807967793e-30,LEFT,1.0,True,,NEUTRAL,True,True,True,False
REPLAY,Yaniv-LRJ(6)-4:7.csv,176.1932816505432,2026-04-24T17:35:14.316433+00:00,43919,NEUTRAL,tracking,JAW,0.9440472032631645,2.9600276380513904e-07,0.04559292040136121,OFFSET,False,1.0,1.3465282258910203e-60,LEFT,1.0,True,,NEUTRAL,True,True,True,False
REPLAY,Yaniv-LRJ(6)-4:7.csv,176.29357838630676,2026-04-24T17:35:14.326688+00:00,43944,LEFT,LEFT,JAW,0.7768790596513279,1.9851560706179485e-05,0.0039622296795013045,OFFSET,False,1.0,9.365382051903952e-129,LEFT,1.0,True,,LEFT,True,True,True,False
REPLAY,Yaniv-LRJ(6)-4:7.csv,176.3938751220703,2026-04-24T17:35:14.335921+00:00,43969,LEFT,LEFT,JAW,0.4740002627380614,0.010655585258433749,0.0627352315413955,OFFSET,False,1.0,3.933025913754818e-203,LEFT,1.0,True,,LEFT,True,True,True,False
REPLAY,Yaniv-LRJ(6)-4:7.csv,176.49417185783386,2026-04-24T17:35:14.342574+00:00,43994,NEUTRAL,tracking,JAW,0.4891010372425688,0.1521408748565097,0.3504042977849537,ACTIVE,False,1.0,6.382315698817035e-238,LEFT,1.0,True,,NEUTRAL,True,True,True,False
REPLAY,Yaniv-LRJ(6)-4:7.csv,176.5944685935974,2026-04-24T17:35:14.349832+00:00,44019,NEUTRAL,tracking,JAW,0.40696024405277886,0.13733289000667234,0.24460556850526702,INACTIVE,False,1.0,5.940482721654843e-208,LEFT,1.0,True,,NEUTRAL,True,True,True,False
REPLAY,Yaniv-LRJ(6)-4:7.csv,176.69476532936096,2026-04-24T17:35:14.357161+00:00,44044,NEUTRAL,tracking,JAW,0.38179583619999813,0.13990852952216748,0.2357421032097927,INACTIVE,False,1.0,1.2284691289031499e-134,LEFT,1.0,True,,NEUTRAL,True,True,True,False
REPLAY,Yaniv-LRJ(6)-4:7.csv,176.7950620651245,2026-04-24T17:35:14.364051+00:00,44069,CLICK,CLICK,JAW,0.6776828597470801,0.7034618184382239,0.16274796265473757,ONSET,False,1.0,5.559788717634546e-63,LEFT,1.0,True,,NEUTRAL,True,True,True,False
REPLAY,Yaniv-LRJ(6)-4:7.csv,176.89535880088806,2026-04-24T17:35:14.373085+00:00,44094,NEUTRAL,tracking,JAW,0.984636394069637,0.9602273779606343,0.03846277055411403,ONSET,False,1.0,2.252102345211974e-19,LEFT,1.0,True,,NEUTRAL,True,True,True,False
REPLAY,Yaniv-LRJ(6)-4:7.csv,176.9956555366516,2026-04-24T17:35:14.380179+00:00,44119,NEUTRAL,tracking,JAW,0.9903884461777497,0.00040112111396498664,0.9975649509159618,ACTIVE,False,0.9999949459326333,5.054067366737985e-06,LEFT,0.9999898918652665,True,,NEUTRAL,True,True,True,False
REPLAY,Yaniv-LRJ(6)-4:7.csv,177.09595227241516,2026-04-24T17:35:14.387501+00:00,44144,NEUTRAL,tracking,JAW,0.9447992621257246,1.9270602681440598e-05,0.21530083828622734,OFFSET,False,1.0,4.661890782851732e-20,LEFT,1.0,True,,NEUTRAL,True,True,True,False
REPLAY,Yaniv-LRJ(6)-4:7.csv,177.19223713874817,2026-04-24T17:35:14.397306+00:00,44168,LEFT,LEFT,JAW,0.7998569715090718,3.929987309471674e-05,0.009661382857405528,OFFSET,False,1.0,2.804642606937414e-56,LEFT,1.0,True,,LEFT,True,True,True,False
REPLAY,Yaniv-LRJ(6)-4:7.csv,177.29253387451172,2026-04-24T17:35:14.406487+00:00,44193,LEFT,LEFT,JAW,0.4331766331380219,0.006101798265068364,0.05257886424148465,INACTIVE,False,1.0,1.4823698067647017e-101,LEFT,1.0,True,,LEFT,True,True,True,False
REPLAY,Yaniv-LRJ(6)-4:7.csv,177.39283061027527,2026-04-24T17:35:14.413408+00:00,44218,NEUTRAL,tracking,JAW,0.41360916620058386,0.1329617944425175,0.30156398867447254,INACTIVE,False,1.0,2.5643519113357783e-123,LEFT,1.0,True,,NEUTRAL,True,True,True,False
REPLAY,Yaniv-LRJ(6)-4:7.csv,177.49312734603882,2026-04-24T17:35:14.420642+00:00,44243,NEUTRAL,tracking,JAW,0.36710942753892817,0.14474406990242117,0.2642454382807745,INACTIVE,False,1.0,1.9380627401211427e-107,LEFT,1.0,True,,NEUTRAL,True,True,True,False
REPLAY,Yaniv-LRJ(6)-4:7.csv,177.59342408180237,2026-04-24T17:35:14.427774+00:00,44268,NEUTRAL,tracking,JAW,0.4284240119856737,0.23146717880544912,0.2994946433348897,INACTIVE,False,1.0,1.5276213613403217e-69,LEFT,1.0,True,,NEUTRAL,True,True,True,False
REPLAY,Yaniv-LRJ(6)-4:7.csv,177.69372081756592,2026-04-24T17:35:14.434490+00:00,44293,CLICK,CLICK,JAW,0.751844195234519,0.6574113546256338,0.21350196882957898,ONSET,False,1.0,1.2017170188091766e-35,LEFT,1.0,True,,NEUTRAL,True,True,True,False
REPLAY,Yaniv-LRJ(6)-4:7.csv,177.79401755332947,2026-04-24T17:35:14.444529+00:00,44318,NEUTRAL,tracking,JAW,0.9338201085320696,0.6191532479911506,0.3494066578535404,ONSET,False,1.0,1.012590511996114e-18,LEFT,1.0,True,,NEUTRAL,True,True,True,False
REPLAY,Yaniv-LRJ(6)-4:7.csv,177.89431428909302,2026-04-24T17:35:14.451324+00:00,44343,NEUTRAL,tracking,UNKNOWN,0.9465670675190033,0.00023620007160851073,0.9736655662731719,ACTIVE,False,0.9999999999999967,3.320793230879412e-15,LEFT,0.9999999999999933,True,,NEUTRAL,True,True,True,False
REPLAY,Yaniv-LRJ(6)-4:7.csv,177.99461102485657,2026-04-24T17:35:14.458551+00:00,44368,NEUTRAL,tracking,UNKNOWN,0.8701420740618349,7.628099783074804e-05,0.025462677276442015,OFFSET,False,1.0,1.3532068103747178e-27,LEFT,1.0,True,,NEUTRAL,True,True,True,False
REPLAY,Yaniv-LRJ(6)-4:7.csv,178.09490776062012,2026-04-24T17:35:14.468128+00:00,44393,LEFT,LEFT,UNKNOWN,0.6314788156364382,0.005610807168516719,0.05935684936479178,OFFSET,False,1.0,2.0347648602018867e-58,LEFT,1.0,True,,LEFT,True,True,True,False
REPLAY,Yaniv-LRJ(6)-4:7.csv,178.19520449638367,2026-04-24T17:35:14.477078+00:00,44418,LEFT,LEFT,UNKNOWN,0.450124357962547,0.08342609878702095,0.18981437007483687,OFFSET,False,1.0,3.070878600718757e-93,LEFT,1.0,True,,LEFT,True,True,True,False
REPLAY,Yaniv-LRJ(6)-4:7.csv,178.29550123214722,2026-04-24T17:35:14.484106+00:00,44443,NEUTRAL,tracking,UNKNOWN,0.39648104528523154,0.11706415934838776,0.25858930905513916,INACTIVE,False,1.0,8.052855850708571e-107,LEFT,1.0,True,,NEUTRAL,True,True,True,False
REPLAY,Yaniv-LRJ(6)-4:7.csv,178.39579796791077,2026-04-24T17:35:14.491589+00:00,44468,NEUTRAL,tracking,UNKNOWN,0.36932954180943245,0.14496330990296927,0.2523697656478216,INACTIVE,False,1.0,8.871933854213028e-89,LEFT,1.0,True,,NEUTRAL,True,True,True,False
REPLAY,Yaniv-LRJ(6)-4:7.csv,178.49208283424377,2026-04-24T17:35:14.498459+00:00,44492,NEUTRAL,tracking,UNKNOWN,0.3830261055790054,0.23107457484776303,0.2538738363219843,INACTIVE,False,1.0,2.24737473777673e-56,LEFT,1.0,True,,NEUTRAL,True,True,True,False
REPLAY,Yaniv-LRJ(6)-4:7.csv,178.59237957000732,2026-04-24T17:35:14.505695+00:00,44517,NEUTRAL,tracking,UNKNOWN,0.37971522124943113,0.22773898110020757,0.2975489055165587,INACTIVE,False,1.0,6.531161644161859e-30,LEFT,1.0,True,,NEUTRAL,True,True,True,False
REPLAY,Yaniv-LRJ(6)-4:7.csv,178.69267630577087,2026-04-24T17:35:14.512714+00:00,44542,NEUTRAL,tracking,UNKNOWN,0.3685372794241173,0.15991441777187698,0.2892937346006713,INACTIVE,False,1.0,4.2097570720176e-19,LEFT,1.0,True,,NEUTRAL,True,True,True,False
REPLAY,Yaniv-LRJ(6)-4:7.csv,178.79297304153442,2026-04-24T17:35:14.520516+00:00,44567,NEUTRAL,tracking,UNKNOWN,0.33800826067968714,0.13421634392471612,0.23039674613534739,INACTIVE,False,0.9999999999999958,4.203005473214383e-15,LEFT,0.9999999999999916,True,,NEUTRAL,True,True,True,False
REPLAY,Yaniv-LRJ(6)-4:7.csv,178.89326977729797,2026-04-24T17:35:14.527671+00:00,44592,NEUTRAL,tracking,UNKNOWN,0.3283332080102448,0.16076494359187263,0.2344825386366692,INACTIVE,False,0.9999999999513555,4.864448349439156e-11,LEFT,0.9999999999027109,True,,NEUTRAL,True,True,True,False
REPLAY,Yaniv-LRJ(6)-4:7.csv,178.99356651306152,2026-04-24T17:35:14.534517+00:00,44617,NEUTRAL,tracking,UNKNOWN,0.35051290332076557,0.16838557174441945,0.29104320670780065,INACTIVE,False,0.9999995191191408,4.80880859277205e-07,LEFT,0.9999990382382815,True,,NEUTRAL,True,True,True,False
REPLAY,Yaniv-LRJ(6)-4:7.csv,179.09386324882507,2026-04-24T17:35:14.541396+00:00,44642,NEUTRAL,tracking,UNKNOWN,0.3403305222956561,0.13127900469824996,0.2899782399272274,INACTIVE,False,0.9999155651141036,8.44348858964162e-05,LEFT,0.9998311302282072,True,,NEUTRAL,True,True,True,False
REPLAY,Yaniv-LRJ(6)-4:7.csv,179.19415998458862,2026-04-24T17:35:14.548428+00:00,44667,NEUTRAL,tracking,UNKNOWN,0.31873193966809055,0.1379664641761367,0.21501634922436094,INACTIVE,False,0.999812197673781,0.0001878023262189856,LEFT,0.9996243953475621,True,,NEUTRAL,True,True,True,False
REPLAY,Yaniv-LRJ(6)-4:7.csv,179.29445672035217,2026-04-24T17:35:14.555750+00:00,44692,NEUTRAL,tracking,UNKNOWN,0.3240754901711853,0.12680727945314585,0.24679582258235994,INACTIVE,False,0.9999114245322909,8.857546770907381e-05,LEFT,0.9998228490645817,True,,NEUTRAL,True,True,True,False
REPLAY,Yaniv-LRJ(6)-4:7.csv,179.39475345611572,2026-04-24T17:35:14.562660+00:00,44717,NEUTRAL,tracking,UNKNOWN,0.3169291871798895,0.13731017770573967,0.2675141478171283,INACTIVE,False,0.9999540411338983,4.5958866101707005e-05,LEFT,0.9999080822677966,True,,NEUTRAL,True,True,True,False
REPLAY,Yaniv-LRJ(6)-4:7.csv,179.49505019187927,2026-04-24T17:35:14.569550+00:00,44742,NEUTRAL,tracking,UNKNOWN,0.3148029840091342,0.13827263505116494,0.24659172707241997,INACTIVE,False,0.9999772504337419,2.2749566258100118e-05,LEFT,0.9999545008674837,True,,NEUTRAL,True,True,True,False
REPLAY,Yaniv-LRJ(6)-4:7.csv,179.59534692764282,2026-04-24T17:35:14.576285+00:00,44767,NEUTRAL,tracking,UNKNOWN,0.3273397351664026,0.15092877542277525,0.23531850010056218,INACTIVE,False,0.9999933497354518,6.650264548104214e-06,LEFT,0.9999866994709037,True,,NEUTRAL,True,True,True,False
REPLAY,Yaniv-LRJ(6)-4:7.csv,179.69564366340637,2026-04-24T17:35:14.583185+00:00,44792,NEUTRAL,tracking,UNKNOWN,0.3121816013321014,0.1522152668496458,0.24418264409034215,INACTIVE,False,0.9999981978912242,1.8021087758030262e-06,LEFT,0.9999963957824485,True,,NEUTRAL,True,True,True,False
REPLAY,Yaniv-LRJ(6)-4:7.csv,179.79594039916992,2026-04-24T17:35:14.590569+00:00,44817,NEUTRAL,tracking,UNKNOWN,0.31897248930259325,0.13536668438078436,0.2596790440136983,INACTIVE,False,0.9999995123392552,4.876607447391708e-07,LEFT,0.9999990246785104,True,,NEUTRAL,True,True,True,False
REPLAY,Yaniv-LRJ(6)-4:7.csv,179.89222526550293,2026-04-24T17:35:14.597696+00:00,44841,NEUTRAL,tracking,UNKNOWN,0.2915379936251793,0.1328830987915972,0.2328100791375586,INACTIVE,False,0.9999999389410316,6.105896839346594e-08,LEFT,0.9999998778820631,True,,NEUTRAL,True,True,True,False
REPLAY,Yaniv-LRJ(6)-4:7.csv,179.99252200126648,2026-04-24T17:35:14.604706+00:00,44866,NEUTRAL,tracking,UNKNOWN,0.3309334557004132,0.14693323946357983,0.23263225417008837,INACTIVE,False,0.9999999961717431,3.828256952648861e-09,LEFT,0.9999999923434861,True,,NEUTRAL,True,True,True,False
REPLAY,Yaniv-LRJ(6)-4:7.csv,180.09281873703003,2026-04-24T17:35:14.631540+00:00,44891,NEUTRAL,tracking,UNKNOWN,0.32257574740479455,0.15189156192501793,0.26097978082970674,INACTIVE,False,0.9999999995746893,4.2531066347178575e-10,LEFT,0.9999999991493786,True,,NEUTRAL,True,True,True,False
REPLAY,Yaniv-LRJ(6)-4:7.csv,180.19311547279358,2026-04-24T17:35:14.638706+00:00,44916,NEUTRAL,tracking,UNKNOWN,0.3012192266724738,0.13502797367458322,0.2513901039494904,INACTIVE,False,0.9999999998606103,1.3938971438252101e-10,LEFT,0.9999999997212206,True,,NEUTRAL,True,True,True,False
REPLAY,Yaniv-LRJ(6)-4:7.csv,180.29341220855713,2026-04-24T17:35:14.645693+00:00,44941,NEUTRAL,tracking,UNKNOWN,0.32990177082851446,0.14087440233283188,0.2511273622379146,INACTIVE,False,0.9999999998528812,1.4711881400189714e-10,LEFT,0.9999999997057625,True,,NEUTRAL,True,True,True,False
REPLAY,Yaniv-LRJ(6)-4:7.csv,180.39370894432068,2026-04-24T17:35:14.652936+00:00,44966,NEUTRAL,tracking,UNKNOWN,0.3137203716543816,0.1477988163638563,0.2578610271554469,INACTIVE,False,0.9999999997911818,2.0881815874369495e-10,LEFT,0.9999999995823636,True,,NEUTRAL,True,True,True,False
REPLAY,Yaniv-LRJ(6)-4:7.csv,180.49400568008423,2026-04-24T17:35:14.659972+00:00,44991,NEUTRAL,tracking,UNKNOWN,0.32050701529258785,0.1654673107657563,0.24190491473579034,INACTIVE,False,0.9999999997814877,2.1851231448211807e-10,LEFT,0.9999999995629754,True,,NEUTRAL,True,True,True,False
REPLAY,Yaniv-LRJ(6)-4:7.csv,180.59430241584778,2026-04-24T17:35:14.667901+00:00,45016,NEUTRAL,tracking,UNKNOWN,0.3311412328067608,0.16398907773300475,0.27009703465541135,INACTIVE,False,0.9999999998353526,1.646474422545337e-10,LEFT,0.9999999996707052,True,,NEUTRAL,True,True,True,False
REPLAY,Yaniv-LRJ(6)-4:7.csv,180.69459915161133,2026-04-24T17:35:14.675022+00:00,45041,NEUTRAL,tracking,UNKNOWN,0.3130681538934764,0.13694757532028695,0.23729703213556919,INACTIVE,False,0.9999999998415515,1.5844847042115926e-10,LEFT,0.999999999683103,True,,NEUTRAL,True,True,True,False
REPLAY,Yaniv-LRJ(6)-4:7.csv,180.79489588737488,2026-04-24T17:35:14.681762+00:00,45066,NEUTRAL,tracking,UNKNOWN,0.28768886392496007,0.11451952723024533,0.22046803882324384,INACTIVE,False,0.9999999998687022,1.3129774871955694e-10,LEFT,0.9999999997374045,True,,NEUTRAL,True,True,True,False
REPLAY,Yaniv-LRJ(6)-4:7.csv,180.89519262313843,2026-04-24T17:35:14.688602+00:00,45091,NEUTRAL,tracking,UNKNOWN,0.2929353793323295,0.1154778431938464,0.22414531567433554,INACTIVE,False,0.9999999998997331,1.002669162134515e-10,LEFT,0.9999999997994662,True,,NEUTRAL,True,True,True,False
REPLAY,Yaniv-LRJ(6)-4:7.csv,180.99548935890198,2026-04-24T17:35:14.695194+00:00,45116,NEUTRAL,tracking,UNKNOWN,0.28022524668472026,0.11617544015570111,0.21902057089307447,INACTIVE,False,0.9999999998990405,1.0095944154364926e-10,LEFT,0.9999999997980811,True,,NEUTRAL,True,True,True,False
REPLAY,Yaniv-LRJ(6)-4:7.csv,181.09578609466553,2026-04-24T17:35:14.702068+00:00,45141,NEUTRAL,tracking,UNKNOWN,0.2890628920406817,0.11331694464578543,0.2589582486594249,INACTIVE,False,0.9999999997161303,2.8386973013001047e-10,LEFT,0.9999999994322606,True,,NEUTRAL,True,True,True,False
REPLAY,Yaniv-LRJ(6)-4:7.csv,181.19207096099854,2026-04-24T17:35:14.708941+00:00,45165,NEUTRAL,tracking,UNKNOWN,0.2888734623635064,0.1219648347091457,0.2549416072892833,INACTIVE,False,0.9999999991538528,8.461471368048369e-10,LEFT,0.9999999983077057,True,,NEUTRAL,True,True,True,False
REPLAY,Yaniv-LRJ(6)-4:7.csv,181.29236769676208,2026-04-24T17:35:14.715976+00:00,45190,NEUTRAL,tracking,UNKNOWN,0.2785498809997624,0.09226894443052527,0.22444860867658753,INACTIVE,False,0.9999999980827157,1.9172843153710498e-09,LEFT,0.9999999961654313,True,,NEUTRAL,True,True,True,False
REPLAY,Yaniv-LRJ(6)-4:7.csv,181.39266443252563,2026-04-24T17:35:14.725661+00:00,45215,LEFT,LEFT,UNKNOWN,0.3163619809845454,0.10166592279774568,0.29696232321063165,INACTIVE,False,0.9999999668530507,3.314694927458878e-08,LEFT,0.9999999337061014,True,,LEFT,True,True,True,False
REPLAY,Yaniv-LRJ(6)-4:7.csv,181.49296116828918,2026-04-24T17:35:14.734930+00:00,45240,NEUTRAL,tracking,UNKNOWN,0.3284410701675726,0.07663675142169667,0.2832910151142057,INACTIVE,False,0.9999912109150271,8.78908497289674e-06,LEFT,0.9999824218300541,True,,NEUTRAL,True,True,True,False
REPLAY,Yaniv-LRJ(6)-4:7.csv,181.59325790405273,2026-04-24T17:35:14.744860+00:00,45265,NEUTRAL,tracking,UNKNOWN,0.2954225448568708,0.09366432792833436,0.21478834208997294,INACTIVE,False,0.9987861405971481,0.0012138594028519279,LEFT,0.9975722811942962,True,,NEUTRAL,True,True,True,False
REPLAY,Yaniv-LRJ(6)-4:7.csv,181.69355463981628,2026-04-24T17:35:14.754071+00:00,45290,NEUTRAL,tracking,UNKNOWN,0.29718345158188775,0.12114947190887276,0.2130670130711119,INACTIVE,False,0.9993601975419202,0.0006398024580798338,LEFT,0.9987203950838404,True,,NEUTRAL,True,True,True,False
REPLAY,Yaniv-LRJ(6)-4:7.csv,181.79385137557983,2026-04-24T17:35:14.760707+00:00,45315,NEUTRAL,tracking,UNKNOWN,0.3040362043197906,0.13073519112216012,0.24583347343636558,INACTIVE,False,0.9999981907581842,1.809241815764832e-06,LEFT,0.9999963815163684,True,,NEUTRAL,True,True,True,False
REPLAY,Yaniv-LRJ(6)-4:7.csv,181.89414811134338,2026-04-24T17:35:14.767798+00:00,45340,NEUTRAL,tracking,UNKNOWN,0.3013575920173839,0.12636622042276757,0.24713210467177937,INACTIVE,False,0.9999999946450977,5.3549022872780665e-09,LEFT,0.9999999892901954,True,,NEUTRAL,True,True,True,False
REPLAY,Yaniv-LRJ(6)-4:7.csv,181.99444484710693,2026-04-24T17:35:14.775392+00:00,45365,NEUTRAL,tracking,UNKNOWN,0.3070592558890498,0.11343461996679809,0.22970043388349098,INACTIVE,False,0.9999999996552783,3.4472166018928087e-10,LEFT,0.9999999993105566,True,,NEUTRAL,True,True,True,False
REPLAY,Yaniv-LRJ(6)-4:7.csv,182.09474158287048,2026-04-24T17:35:14.782210+00:00,45390,NEUTRAL,tracking,UNKNOWN,0.3068928778363377,0.11705319849839628,0.24971449254048092,INACTIVE,False,0.9999999998056294,1.943706175579173e-10,LEFT,0.9999999996112587,True,,NEUTRAL,True,True,True,False
REPLAY,Yaniv-LRJ(6)-4:7.csv,182.19503831863403,2026-04-24T17:35:14.789759+00:00,45415,NEUTRAL,tracking,UNKNOWN,0.3037153861394013,0.12332246529678191,0.24081485096162758,INACTIVE,False,0.9999999992996942,7.003057871537141e-10,LEFT,0.9999999985993884,True,,NEUTRAL,True,True,True,False
REPLAY,Yaniv-LRJ(6)-4:7.csv,182.29533505439758,2026-04-24T17:35:14.796824+00:00,45440,NEUTRAL,tracking,UNKNOWN,0.3031284991531531,0.15406666483523082,0.24319525181482107,INACTIVE,False,0.9999999859760726,1.4023927385947588e-08,LEFT,0.9999999719521453,True,,NEUTRAL,True,True,True,False
REPLAY,Yaniv-LRJ(6)-4:7.csv,182.39563179016113,2026-04-24T17:35:14.803876+00:00,45465,NEUTRAL,tracking,UNKNOWN,0.29815704536229826,0.17532541980120464,0.23048864591496263,INACTIVE,False,0.9999996941356607,3.0586433927717166e-07,LEFT,0.9999993882713214,True,,NEUTRAL,True,True,True,False
REPLAY,Yaniv-LRJ(6)-4:7.csv,182.49592852592468,2026-04-24T17:35:14.810802+00:00,45490,NEUTRAL,tracking,UNKNOWN,0.3115119977084029,0.14989213238127638,0.2378882753135212,INACTIVE,False,0.9999987167810577,1.2832189423628727e-06,LEFT,0.9999974335621153,True,,NEUTRAL,True,True,True,False
REPLAY,Yaniv-LRJ(6)-4:7.csv,182.5922133922577,2026-04-24T17:35:14.817949+00:00,45514,NEUTRAL,tracking,UNKNOWN,0.30355986409641256,0.12345568449741255,0.26116911360907885,INACTIVE,False,0.9999989352281473,1.0647718527368063e-06,LEFT,0.9999978704562946,True,,NEUTRAL,True,True,True,False
REPLAY,Yaniv-LRJ(6)-4:7.csv,182.69251012802124,2026-04-24T17:35:14.826019+00:00,45539,NEUTRAL,tracking,UNKNOWN,0.3182686095381796,0.15715105833815063,0.2515975820411106,INACTIVE,False,0.9999995430453371,4.569546628345496e-07,LEFT,0.9999990860906742,True,,NEUTRAL,True,True,True,False
REPLAY,Yaniv-LRJ(6)-4:7.csv,182.7928068637848,2026-04-24T17:35:14.832836+00:00,45564,NEUTRAL,tracking,UNKNOWN,0.3037545803107774,0.1517733757600869,0.2287348396887736,INACTIVE,False,0.9999997019243382,2.9807566183931914e-07,LEFT,0.9999994038486764,True,,NEUTRAL,True,True,True,False
REPLAY,Yaniv-LRJ(6)-4:7.csv,182.89310359954834,2026-04-24T17:35:14.840167+00:00,45589,NEUTRAL,tracking,UNKNOWN,0.31933517378880194,0.13765426122323607,0.23408440586343837,INACTIVE,False,0.9999995955919597,4.044080402562043e-07,LEFT,0.9999991911839194,True,,NEUTRAL,True,True,True,False
REPLAY,Yaniv-LRJ(6)-4:7.csv,182.9934003353119,2026-04-24T17:35:14.847551+00:00,45614,NEUTRAL,tracking,UNKNOWN,0.31693811935468263,0.15927029184564115,0.2468825343777086,INACTIVE,False,0.9999989175331909,1.0824668090569996e-06,LEFT,0.9999978350663818,True,,NEUTRAL,True,True,True,False
REPLAY,Yaniv-LRJ(6)-4:7.csv,183.09369707107544,2026-04-24T17:35:14.854410+00:00,45639,NEUTRAL,tracking,UNKNOWN,0.31372588192738105,0.15414189248409582,0.22977152506442708,INACTIVE,False,0.9999959101549639,4.0898450360900435e-06,LEFT,0.9999918203099278,True,,NEUTRAL,True,True,True,False
REPLAY,Yaniv-LRJ(6)-4:7.csv,183.193993806839,2026-04-24T17:35:14.861030+00:00,45664,NEUTRAL,tracking,UNKNOWN,0.32039977439493694,0.16248207145004406,0.25530703981774044,INACTIVE,False,0.9999895586376641,1.0441362335851361e-05,LEFT,0.9999791172753283,True,,NEUTRAL,True,True,True,False
REPLAY,Yaniv-LRJ(6)-4:7.csv,183.25417184829712,2026-04-24T17:35:14.867554+00:00,45679,NEUTRAL,tracking,UNKNOWN,0.3341378418018617,0.16892464712754066,0.2679403356095659,INACTIVE,False,0.9999820685378644,1.79314621356194e-05,LEFT,0.9999641370757288,True,,NEUTRAL,True,True,True,False
